###################################################################################################
### CosmicWatch: The Desktop Muon Detector
### Device ID: Tsung-DaoLee
### Launch time: 0:00:06 1/1/2019
### Questions? Email Spencer N. Axani (saxani@mit.edu)
### Event Time Date TimeStamp[ms] ADC1 ADC2 SiPM[mV] Temp[C] Pressure[Pa] DeadTime[us] Coincident ID
###################################################################################################
1	0:00:08	1/1/2019 	1021	163.00	9.00	8.38	10.96	101832.05	95956	0	Tsung-DaoLee	
2	0:00:08	1/1/2019 	1187	116.00	9.00	7.04	10.95	101831.84	4206	0	Tsung-DaoLee	
3	0:00:08	1/1/2019 	1618	679.00	13.00	15.88	10.94	101832.25	49796	0	Tsung-DaoLee	
4	0:00:08	1/1/2019 	1708	128.00	9.00	7.39	10.94	101832.25	1820	0	Tsung-DaoLee	
5	0:00:08	1/1/2019 	1727	146.00	9.00	7.91	10.94	101832.25	1820	0	Tsung-DaoLee	
6	0:00:09	1/1/2019 	2365	67.00	9.00	5.94	10.94	101832.20	1819	0	Tsung-DaoLee	
7	0:00:09	1/1/2019 	2405	81.00	9.00	6.16	10.94	101832.20	1820	0	Tsung-DaoLee	
8	0:00:09	1/1/2019 	2870	928.00	182.00	43.57	10.93	101832.48	50782	1	Tsung-DaoLee	
9	0:00:09	1/1/2019 	2964	297.00	9.00	11.05	10.93	101832.48	1820	0	Tsung-DaoLee	
10	0:00:10	1/1/2019 	3232	923.00	255.00	50.79	10.93	101832.88	1823	1	Tsung-DaoLee	
11	0:00:10	1/1/2019 	3322	112.00	9.00	6.92	10.93	101832.88	1828	1	Tsung-DaoLee	
12	0:00:10	1/1/2019 	3732	923.00	168.00	41.87	10.92	101832.83	49799	1	Tsung-DaoLee	
13	0:00:11	1/1/2019 	4946	847.00	41.00	21.67	10.91	101833.01	49797	0	Tsung-DaoLee	
14	0:00:13	1/1/2019 	6411	178.00	9.00	8.78	10.89	101834.02	49797	0	Tsung-DaoLee	
15	0:00:14	1/1/2019 	7430	130.00	9.00	7.44	10.88	101834.21	50787	0	Tsung-DaoLee	
16	0:00:14	1/1/2019 	7496	537.00	11.00	13.48	10.88	101834.21	1820	0	Tsung-DaoLee	
17	0:00:14	1/1/2019 	7580	78.00	12.00	6.10	10.88	101834.21	49798	0	Tsung-DaoLee	
18	0:00:16	1/1/2019 	9078	497.00	10.00	12.99	10.86	101834.70	49796	0	Tsung-DaoLee	
19	0:00:16	1/1/2019 	9780	104.00	9.00	6.70	10.85	101835.83	49798	0	Tsung-DaoLee	
20	0:00:16	1/1/2019 	9824	422.00	9.00	12.36	10.84	101836.12	2726	0	Tsung-DaoLee	
21	0:00:16	1/1/2019 	9846	90.00	8.00	6.35	10.84	101836.12	3365	0	Tsung-DaoLee	
22	0:00:17	1/1/2019 	10472	63.00	9.00	5.91	10.83	101836.86	1819	0	Tsung-DaoLee	
23	0:00:18	1/1/2019 	11607	545.00	9.00	13.35	10.81	101839.66	97770	0	Tsung-DaoLee	
24	0:00:19	1/1/2019 	12006	84.00	9.00	6.22	10.81	101841.83	1821	0	Tsung-DaoLee	
25	0:00:19	1/1/2019 	12483	898.00	68.00	24.70	10.80	101842.09	1821	0	Tsung-DaoLee	
26	0:00:19	1/1/2019 	12895	843.00	43.00	21.87	10.79	101841.32	49794	0	Tsung-DaoLee	
27	0:00:20	1/1/2019 	13240	598.00	10.00	14.18	10.79	101841.32	2834	0	Tsung-DaoLee	
28	0:00:20	1/1/2019 	13551	937.00	201.00	45.52	10.78	101840.80	49794	0	Tsung-DaoLee	
29	0:00:20	1/1/2019 	13648	155.00	9.00	8.16	10.78	101840.80	1820	0	Tsung-DaoLee	
30	0:00:20	1/1/2019 	13717	878.00	57.00	23.35	10.78	101840.80	1820	0	Tsung-DaoLee	
31	0:00:20	1/1/2019 	13884	550.00	10.00	13.52	10.78	101840.80	1820	0	Tsung-DaoLee	
32	0:00:20	1/1/2019 	13891	884.00	67.00	24.55	10.78	101840.80	1820	0	Tsung-DaoLee	
33	0:00:21	1/1/2019 	14425	71.00	9.00	5.99	10.77	101840.05	2838	0	Tsung-DaoLee	
34	0:00:21	1/1/2019 	14569	920.00	92.00	28.53	10.77	101840.05	49796	0	Tsung-DaoLee	
35	0:00:23	1/1/2019 	16179	434.00	9.00	12.45	10.75	101839.28	49795	0	Tsung-DaoLee	
36	0:00:24	1/1/2019 	17730	99.00	9.00	6.57	10.72	101838.80	97770	0	Tsung-DaoLee	
37	0:00:25	1/1/2019 	18339	601.00	10.00	14.22	10.71	101838.61	1821	0	Tsung-DaoLee	
38	0:00:26	1/1/2019 	19104	940.00	198.00	45.23	10.69	101837.84	49794	0	Tsung-DaoLee	
39	0:00:26	1/1/2019 	19425	72.00	9.00	6.01	10.69	101837.84	2845	0	Tsung-DaoLee	
40	0:00:26	1/1/2019 	19460	575.00	9.00	13.70	10.69	101837.84	1819	0	Tsung-DaoLee	
41	0:00:26	1/1/2019 	19601	944.00	145.00	38.48	10.68	101837.83	49794	0	Tsung-DaoLee	
42	0:00:28	1/1/2019 	21760	73.00	9.00	6.02	10.64	101837.12	98736	0	Tsung-DaoLee	
43	0:00:29	1/1/2019 	22161	941.00	452.00	81.19	10.64	101836.92	1826	1	Tsung-DaoLee	
44	0:00:29	1/1/2019 	22363	318.00	9.00	11.33	10.64	101836.92	1821	0	Tsung-DaoLee	
45	0:00:29	1/1/2019 	22742	941.00	193.00	44.74	10.63	101836.62	51374	1	Tsung-DaoLee	
46	0:00:31	1/1/2019 	24442	191.00	9.00	9.10	10.60	101836.23	49802	0	Tsung-DaoLee	
47	0:00:31	1/1/2019 	24554	885.00	63.00	24.05	10.60	101836.23	49798	0	Tsung-DaoLee	
48	0:00:32	1/1/2019 	25270	917.00	94.00	28.89	10.58	101835.75	1820	1	Tsung-DaoLee	
49	0:00:32	1/1/2019 	25387	64.00	9.00	5.92	10.58	101835.75	1821	0	Tsung-DaoLee	
50	0:00:33	1/1/2019 	26193	938.00	249.00	50.14	10.58	101835.86	49796	1	Tsung-DaoLee	
51	0:00:33	1/1/2019 	26729	372.00	9.00	11.93	10.57	101835.52	53077	0	Tsung-DaoLee	
52	0:00:34	1/1/2019 	27723	127.00	9.00	7.36	10.55	101835.78	49795	0	Tsung-DaoLee	
53	0:00:34	1/1/2019 	27749	759.00	21.00	18.42	10.55	101835.78	1820	0	Tsung-DaoLee	
54	0:00:34	1/1/2019 	27946	727.00	15.00	16.69	10.54	101835.45	1820	0	Tsung-DaoLee	
55	0:00:35	1/1/2019 	28023	944.00	414.00	76.37	10.54	101835.45	1821	0	Tsung-DaoLee	
56	0:00:35	1/1/2019 	28265	687.00	12.00	15.62	10.54	101835.45	1821	0	Tsung-DaoLee	
57	0:00:35	1/1/2019 	28268	190.00	9.00	9.08	10.54	101835.45	1820	0	Tsung-DaoLee	
58	0:00:35	1/1/2019 	28377	330.00	9.00	11.48	10.53	101835.55	2771	0	Tsung-DaoLee	
59	0:00:35	1/1/2019 	28554	550.00	9.00	13.40	10.53	101835.55	49796	0	Tsung-DaoLee	
60	0:00:35	1/1/2019 	28902	136.00	9.00	7.62	10.53	101835.51	1820	0	Tsung-DaoLee	
61	0:00:36	1/1/2019 	29335	409.00	9.00	12.26	10.52	101835.49	1819	0	Tsung-DaoLee	
62	0:00:36	1/1/2019 	29473	114.00	9.00	6.98	10.52	101835.49	1821	0	Tsung-DaoLee	
63	0:00:36	1/1/2019 	29747	943.00	261.00	51.52	10.52	101835.49	49797	1	Tsung-DaoLee	
64	0:00:36	1/1/2019 	29802	942.00	128.00	35.46	10.52	101835.49	4041	0	Tsung-DaoLee	
65	0:00:36	1/1/2019 	29974	943.00	242.00	49.40	10.51	101835.45	1820	1	Tsung-DaoLee	
66	0:00:37	1/1/2019 	30030	761.00	24.00	19.09	10.51	101835.45	1821	0	Tsung-DaoLee	
67	0:00:37	1/1/2019 	30326	792.00	30.00	20.21	10.51	101835.45	1821	0	Tsung-DaoLee	
68	0:00:37	1/1/2019 	30995	98.00	9.00	6.54	10.50	101835.33	49799	0	Tsung-DaoLee	
69	0:00:38	1/1/2019 	31210	109.00	9.00	6.84	10.50	101835.33	1820	0	Tsung-DaoLee	
70	0:00:38	1/1/2019 	31417	927.00	99.00	29.84	10.49	101835.12	2794	0	Tsung-DaoLee	
71	0:00:39	1/1/2019 	32818	742.00	18.00	17.61	10.48	101835.16	97779	0	Tsung-DaoLee	
72	0:00:40	1/1/2019 	33143	164.00	9.00	8.41	10.47	101835.38	1823	0	Tsung-DaoLee	
73	0:00:40	1/1/2019 	33636	280.00	9.00	10.80	10.47	101835.45	49803	0	Tsung-DaoLee	
74	0:00:40	1/1/2019 	33874	920.00	92.00	28.53	10.47	101835.45	1820	1	Tsung-DaoLee	
75	0:00:41	1/1/2019 	34572	196.00	9.00	9.22	10.46	101835.34	49798	0	Tsung-DaoLee	
76	0:00:42	1/1/2019 	35576	824.00	37.00	21.19	10.45	101835.66	50878	0	Tsung-DaoLee	
77	0:00:42	1/1/2019 	35956	85.00	9.00	6.24	10.45	101835.66	1821	0	Tsung-DaoLee	
78	0:00:42	1/1/2019 	35971	176.00	9.00	8.73	10.45	101835.66	1819	0	Tsung-DaoLee	
79	0:00:43	1/1/2019 	36929	155.00	9.00	8.16	10.44	101835.64	49797	0	Tsung-DaoLee	
80	0:00:43	1/1/2019 	36962	888.00	61.00	23.82	10.44	101835.64	1820	0	Tsung-DaoLee	
81	0:00:43	1/1/2019 	36980	946.00	429.00	78.38	10.44	101835.64	1821	0	Tsung-DaoLee	
82	0:00:44	1/1/2019 	37401	858.00	50.00	22.60	10.43	101835.73	2803	0	Tsung-DaoLee	
83	0:00:44	1/1/2019 	37701	944.00	356.00	66.96	10.43	101835.81	49800	0	Tsung-DaoLee	
84	0:00:44	1/1/2019 	37845	133.00	9.00	7.53	10.43	101835.81	1820	0	Tsung-DaoLee	
85	0:00:47	1/1/2019 	40721	66.00	9.00	5.93	10.40	101836.23	145756	0	Tsung-DaoLee	
86	0:00:48	1/1/2019 	41921	942.00	253.00	50.58	10.39	101836.36	50699	0	Tsung-DaoLee	
87	0:00:49	1/1/2019 	42041	756.00	22.00	18.64	10.39	101836.36	1822	0	Tsung-DaoLee	
88	0:00:49	1/1/2019 	42680	526.00	9.00	13.15	10.38	101837.10	51333	0	Tsung-DaoLee	
89	0:00:49	1/1/2019 	42723	909.00	84.00	27.12	10.38	101837.10	1820	0	Tsung-DaoLee	
90	0:00:49	1/1/2019 	42788	145.00	9.00	7.88	10.38	101837.10	1820	0	Tsung-DaoLee	
91	0:00:49	1/1/2019 	42852	141.00	9.00	7.76	10.38	101837.10	1820	0	Tsung-DaoLee	
92	0:00:50	1/1/2019 	43211	796.00	31.00	20.37	10.38	101836.88	1823	0	Tsung-DaoLee	
93	0:00:50	1/1/2019 	43781	918.00	96.00	29.27	10.37	101836.80	49805	0	Tsung-DaoLee	
94	0:00:51	1/1/2019 	44341	939.00	201.00	45.52	10.37	101837.30	2824	1	Tsung-DaoLee	
95	0:00:51	1/1/2019 	44748	120.00	9.00	7.15	10.37	101837.07	49801	0	Tsung-DaoLee	
96	0:00:51	1/1/2019 	44852	441.00	9.00	12.50	10.37	101837.07	1820	0	Tsung-DaoLee	
97	0:00:51	1/1/2019 	44991	147.00	9.00	7.94	10.37	101837.07	1819	0	Tsung-DaoLee	
98	0:00:52	1/1/2019 	45452	439.00	9.00	12.48	10.36	101837.16	1819	0	Tsung-DaoLee	
99	0:00:52	1/1/2019 	45491	944.00	185.00	43.90	10.36	101837.16	1821	1	Tsung-DaoLee	
100	0:00:52	1/1/2019 	45991	941.00	121.00	34.12	10.36	101837.49	50807	1	Tsung-DaoLee	
101	0:00:53	1/1/2019 	46909	93.00	9.00	6.42	10.35	101837.76	49797	0	Tsung-DaoLee	
102	0:00:53	1/1/2019 	46936	597.00	9.00	13.99	10.35	101837.76	1821	0	Tsung-DaoLee	
103	0:00:54	1/1/2019 	47698	940.00	266.00	52.13	10.35	101837.69	49797	1	Tsung-DaoLee	
104	0:00:55	1/1/2019 	48606	125.00	9.00	7.30	10.34	101838.25	49799	0	Tsung-DaoLee	
105	0:00:56	1/1/2019 	49120	110.00	9.00	6.87	10.34	101837.86	1820	0	Tsung-DaoLee	
106	0:00:56	1/1/2019 	49292	718.00	14.00	16.35	10.34	101837.86	2837	0	Tsung-DaoLee	
107	0:00:56	1/1/2019 	49405	948.00	576.00	99.58	10.33	101837.88	1820	1	Tsung-DaoLee	
108	0:00:56	1/1/2019 	49563	943.00	227.00	47.93	10.33	101837.88	49799	0	Tsung-DaoLee	
109	0:00:56	1/1/2019 	49639	809.00	41.00	21.61	10.33	101837.88	2773	0	Tsung-DaoLee	
110	0:00:57	1/1/2019 	50049	186.00	9.00	8.98	10.33	101838.22	1819	0	Tsung-DaoLee	
111	0:00:57	1/1/2019 	50404	908.00	83.00	26.95	10.33	101837.84	1820	1	Tsung-DaoLee	
112	0:00:57	1/1/2019 	50759	162.00	9.00	8.36	10.33	101837.84	51363	0	Tsung-DaoLee	
113	0:00:58	1/1/2019 	51729	428.00	9.00	12.40	10.32	101837.79	49798	0	Tsung-DaoLee	
114	0:00:58	1/1/2019 	51908	349.00	9.00	11.70	10.32	101837.79	1821	0	Tsung-DaoLee	
115	0:00:59	1/1/2019 	52635	910.00	88.00	27.81	10.31	101837.88	49802	0	Tsung-DaoLee	
116	0:00:59	1/1/2019 	52770	432.00	9.00	12.43	10.31	101837.88	1828	0	Tsung-DaoLee	
117	0:01:00	1/1/2019 	53741	650.00	10.00	14.80	10.31	101837.51	49803	0	Tsung-DaoLee	
118	0:01:00	1/1/2019 	53981	956.00	904.00	175.08	10.30	101837.57	1821	1	Tsung-DaoLee	
119	0:01:01	1/1/2019 	54877	103.00	9.00	6.67	10.30	101837.16	50836	0	Tsung-DaoLee	
120	0:01:02	1/1/2019 	55193	942.00	259.00	51.28	10.30	101837.20	1822	1	Tsung-DaoLee	
121	0:01:03	1/1/2019 	56421	556.00	10.00	13.60	10.29	101836.72	49802	0	Tsung-DaoLee	
122	0:01:03	1/1/2019 	56721	501.00	9.00	12.93	10.28	101836.78	49800	0	Tsung-DaoLee	
123	0:01:04	1/1/2019 	57786	878.00	58.00	23.46	10.27	101835.97	49802	0	Tsung-DaoLee	
124	0:01:04	1/1/2019 	57901	636.00	10.00	14.67	10.27	101835.97	1821	0	Tsung-DaoLee	
125	0:01:05	1/1/2019 	58262	941.00	332.00	62.61	10.27	101836.50	2863	1	Tsung-DaoLee	
126	0:01:05	1/1/2019 	58582	467.00	9.00	12.68	10.27	101836.50	49802	0	Tsung-DaoLee	
127	0:01:05	1/1/2019 	58676	946.00	541.00	92.84	10.27	101836.23	1821	0	Tsung-DaoLee	
128	0:01:06	1/1/2019 	59124	81.00	9.00	6.16	10.26	101836.13	1820	0	Tsung-DaoLee	
129	0:01:06	1/1/2019 	59189	944.00	170.00	42.14	10.26	101836.13	1821	1	Tsung-DaoLee	
130	0:01:06	1/1/2019 	59740	463.00	9.00	12.65	10.26	101835.87	49801	0	Tsung-DaoLee	
131	0:01:07	1/1/2019 	60417	118.00	9.00	7.09	10.25	101835.48	4012	0	Tsung-DaoLee	
132	0:01:07	1/1/2019 	60903	947.00	572.00	98.69	10.25	101835.09	49801	0	Tsung-DaoLee	
133	0:01:08	1/1/2019 	61303	861.00	53.00	22.90	10.24	101835.02	1821	0	Tsung-DaoLee	
134	0:01:08	1/1/2019 	61382	949.00	741.00	132.93	10.24	101835.02	1821	1	Tsung-DaoLee	
135	0:01:09	1/1/2019 	62854	517.00	9.00	13.07	10.23	101834.43	97777	0	Tsung-DaoLee	
136	0:01:09	1/1/2019 	62877	863.00	54.00	23.01	10.23	101834.43	1821	1	Tsung-DaoLee	
137	0:01:10	1/1/2019 	63043	604.00	8.00	13.88	10.23	101834.43	2778	0	Tsung-DaoLee	
138	0:01:11	1/1/2019 	64153	889.00	67.00	24.55	10.23	101834.80	49801	0	Tsung-DaoLee	
139	0:01:11	1/1/2019 	64419	90.00	9.00	6.35	10.23	101834.70	1821	0	Tsung-DaoLee	
140	0:01:11	1/1/2019 	64498	567.00	10.00	13.74	10.23	101834.70	1819	0	Tsung-DaoLee	
141	0:01:11	1/1/2019 	64705	75.00	9.00	6.05	10.23	101834.70	49798	0	Tsung-DaoLee	
142	0:01:11	1/1/2019 	64832	942.00	125.00	34.89	10.22	101834.72	1821	0	Tsung-DaoLee	
143	0:01:11	1/1/2019 	64930	324.00	9.00	11.41	10.22	101834.72	2781	0	Tsung-DaoLee	
144	0:01:12	1/1/2019 	65241	122.00	9.00	7.21	10.22	101834.72	1819	0	Tsung-DaoLee	
145	0:01:12	1/1/2019 	65487	549.00	9.00	13.39	10.22	101834.78	1820	0	Tsung-DaoLee	
146	0:01:12	1/1/2019 	65908	928.00	104.00	30.80	10.22	101834.80	49797	1	Tsung-DaoLee	
147	0:01:12	1/1/2019 	65953	135.00	9.00	7.59	10.22	101834.80	1820	0	Tsung-DaoLee	
148	0:01:13	1/1/2019 	66455	404.00	10.00	12.28	10.22	101834.67	1820	1	Tsung-DaoLee	
149	0:01:13	1/1/2019 	66575	892.00	65.00	24.30	10.22	101834.67	50870	0	Tsung-DaoLee	
150	0:01:13	1/1/2019 	66704	81.00	9.00	6.16	10.22	101834.67	1821	0	Tsung-DaoLee	
151	0:01:14	1/1/2019 	67176	561.00	10.00	13.66	10.21	101834.58	1821	0	Tsung-DaoLee	
152	0:01:14	1/1/2019 	67231	187.00	9.00	9.00	10.21	101834.58	1821	0	Tsung-DaoLee	
153	0:01:14	1/1/2019 	67468	745.00	18.00	17.61	10.21	101834.89	1820	0	Tsung-DaoLee	
154	0:01:14	1/1/2019 	67679	365.00	9.00	11.86	10.21	101834.89	49797	0	Tsung-DaoLee	
155	0:01:15	1/1/2019 	68043	205.00	9.00	9.42	10.21	101835.08	2792	0	Tsung-DaoLee	
156	0:01:15	1/1/2019 	68429	909.00	82.00	26.79	10.21	101834.94	1821	0	Tsung-DaoLee	
157	0:01:15	1/1/2019 	68582	606.00	10.00	14.29	10.21	101834.94	49798	0	Tsung-DaoLee	
158	0:01:15	1/1/2019 	68948	916.00	85.00	27.29	10.21	101835.57	1821	0	Tsung-DaoLee	
159	0:01:16	1/1/2019 	69018	942.00	346.00	65.15	10.21	101835.57	1821	1	Tsung-DaoLee	
160	0:01:16	1/1/2019 	69717	725.00	15.00	16.68	10.21	101835.31	49800	0	Tsung-DaoLee	
161	0:01:17	1/1/2019 	70000	830.00	40.00	21.54	10.20	101835.03	4102	0	Tsung-DaoLee	
162	0:01:18	1/1/2019 	71336	208.00	9.00	9.49	10.20	101835.24	49798	0	Tsung-DaoLee	
163	0:01:18	1/1/2019 	71663	74.00	9.00	6.03	10.20	101835.72	49797	0	Tsung-DaoLee	
164	0:01:18	1/1/2019 	71687	147.00	9.00	7.94	10.20	101835.72	1820	0	Tsung-DaoLee	
165	0:01:19	1/1/2019 	72916	924.00	105.00	30.99	10.20	101835.73	49798	1	Tsung-DaoLee	
166	0:01:20	1/1/2019 	73402	65.00	9.00	5.92	10.20	101835.61	1821	0	Tsung-DaoLee	
167	0:01:20	1/1/2019 	73576	542.00	9.00	13.32	10.20	101835.77	50792	0	Tsung-DaoLee	
168	0:01:20	1/1/2019 	73979	175.00	9.00	8.70	10.20	101835.77	1820	0	Tsung-DaoLee	
169	0:01:21	1/1/2019 	74721	192.00	9.00	9.12	10.19	101835.35	49795	0	Tsung-DaoLee	
170	0:01:22	1/1/2019 	75125	82.00	7.00	6.17	10.19	101835.52	1820	0	Tsung-DaoLee	
171	0:01:23	1/1/2019 	76050	803.00	33.00	20.66	10.19	101835.67	49796	0	Tsung-DaoLee	
172	0:01:23	1/1/2019 	76279	929.00	101.00	30.22	10.19	101835.83	1821	1	Tsung-DaoLee	
173	0:01:24	1/1/2019 	77073	263.00	9.00	10.53	10.19	101835.67	50795	0	Tsung-DaoLee	
174	0:01:24	1/1/2019 	77678	634.00	9.00	14.40	10.19	101835.38	49799	0	Tsung-DaoLee	
175	0:01:24	1/1/2019 	77989	186.00	9.00	8.98	10.19	101835.38	1827	0	Tsung-DaoLee	
176	0:01:25	1/1/2019 	78275	916.00	88.00	27.81	10.19	101835.67	1825	1	Tsung-DaoLee	
177	0:01:25	1/1/2019 	78665	942.00	133.00	36.38	10.19	101835.67	49798	0	Tsung-DaoLee	
178	0:01:25	1/1/2019 	78731	765.00	25.00	19.29	10.19	101835.67	1822	0	Tsung-DaoLee	
179	0:01:25	1/1/2019 	78864	140.00	9.00	7.74	10.19	101835.67	2824	0	Tsung-DaoLee	
180	0:01:25	1/1/2019 	78934	666.00	11.00	15.21	10.19	101835.67	1821	0	Tsung-DaoLee	
181	0:01:26	1/1/2019 	79320	944.00	250.00	50.25	10.19	101835.83	1821	1	Tsung-DaoLee	
182	0:01:27	1/1/2019 	80122	942.00	267.00	52.26	10.19	101835.83	49801	1	Tsung-DaoLee	
183	0:01:27	1/1/2019 	80296	148.00	9.00	7.97	10.20	101836.08	2758	0	Tsung-DaoLee	
184	0:01:27	1/1/2019 	80443	117.00	9.00	7.07	10.20	101836.08	1819	0	Tsung-DaoLee	
185	0:01:29	1/1/2019 	82192	940.00	137.00	37.10	10.20	101835.61	99331	1	Tsung-DaoLee	
186	0:01:29	1/1/2019 	82975	241.00	9.00	10.15	10.20	101835.61	49799	0	Tsung-DaoLee	
187	0:01:30	1/1/2019 	83071	190.00	9.00	9.08	10.20	101835.61	1820	0	Tsung-DaoLee	
188	0:01:30	1/1/2019 	83571	77.00	9.00	6.08	10.20	101835.30	49798	0	Tsung-DaoLee	
189	0:01:33	1/1/2019 	86933	916.00	95.00	29.08	10.20	101835.27	145755	0	Tsung-DaoLee	
190	0:01:34	1/1/2019 	87250	176.00	9.00	8.73	10.20	101835.27	1821	0	Tsung-DaoLee	
191	0:01:34	1/1/2019 	87289	158.00	9.00	8.25	10.20	101835.27	2808	0	Tsung-DaoLee	
192	0:01:34	1/1/2019 	87315	467.00	9.00	12.68	10.20	101835.27	1820	0	Tsung-DaoLee	
193	0:01:35	1/1/2019 	88074	681.00	12.00	15.60	10.20	101835.11	49798	0	Tsung-DaoLee	
194	0:01:35	1/1/2019 	88755	84.00	9.00	6.22	10.20	101835.27	49800	0	Tsung-DaoLee	
195	0:01:36	1/1/2019 	89302	88.00	10.00	6.30	10.20	101835.58	1820	0	Tsung-DaoLee	
196	0:01:37	1/1/2019 	90638	693.00	12.00	15.64	10.19	101836.14	97778	0	Tsung-DaoLee	
197	0:01:38	1/1/2019 	91371	888.00	68.00	24.68	10.19	101836.16	4268	1	Tsung-DaoLee	
198	0:01:39	1/1/2019 	92241	144.00	9.00	7.85	10.19	101836.41	49798	0	Tsung-DaoLee	
199	0:01:39	1/1/2019 	92498	185.00	9.00	8.95	10.19	101836.41	1821	0	Tsung-DaoLee	
200	0:01:39	1/1/2019 	92657	572.00	9.00	13.67	10.18	101836.59	49795	0	Tsung-DaoLee	
201	0:01:39	1/1/2019 	92862	841.00	45.00	22.07	10.18	101836.59	1820	0	Tsung-DaoLee	
202	0:01:39	1/1/2019 	92942	140.00	9.00	7.74	10.18	101836.59	1820	0	Tsung-DaoLee	
203	0:01:40	1/1/2019 	93838	940.00	180.00	43.35	10.18	101836.55	50846	1	Tsung-DaoLee	
204	0:01:43	1/1/2019 	96340	941.00	122.00	34.32	10.16	101836.53	97777	1	Tsung-DaoLee	
205	0:01:44	1/1/2019 	97059	341.00	9.00	11.61	10.15	101836.77	49800	0	Tsung-DaoLee	
206	0:01:44	1/1/2019 	97673	551.00	9.00	13.41	10.14	101836.94	49798	0	Tsung-DaoLee	
207	0:01:45	1/1/2019 	98574	83.00	9.00	6.20	10.14	101836.98	49799	0	Tsung-DaoLee	
208	0:01:45	1/1/2019 	98851	265.00	9.00	10.57	10.13	101837.08	1821	0	Tsung-DaoLee	
209	0:01:46	1/1/2019 	99141	907.00	81.00	26.62	10.13	101837.08	5107	0	Tsung-DaoLee	
210	0:01:46	1/1/2019 	99620	85.00	9.00	6.24	10.13	101837.16	49798	0	Tsung-DaoLee	
211	0:01:47	1/1/2019 	100845	942.00	244.00	49.61	10.11	101837.12	50635	1	Tsung-DaoLee	
212	0:01:48	1/1/2019 	101728	673.00	11.00	15.25	10.10	101837.33	49802	0	Tsung-DaoLee	
213	0:01:49	1/1/2019 	102095	359.00	9.00	11.80	10.10	101837.73	1823	0	Tsung-DaoLee	
214	0:01:50	1/1/2019 	103165	167.00	9.00	8.49	10.09	101837.45	49798	0	Tsung-DaoLee	
215	0:01:50	1/1/2019 	103192	717.00	15.00	16.67	10.09	101837.45	3318	1	Tsung-DaoLee	
216	0:01:50	1/1/2019 	103825	738.00	17.00	17.31	10.08	101837.78	49797	0	Tsung-DaoLee	
217	0:01:51	1/1/2019 	104287	165.00	9.00	8.44	10.08	101837.78	1820	0	Tsung-DaoLee	
218	0:01:52	1/1/2019 	105704	898.00	76.00	25.83	10.06	101838.15	97771	0	Tsung-DaoLee	
219	0:01:53	1/1/2019 	106201	139.00	8.00	7.70	10.06	101838.08	1821	0	Tsung-DaoLee	
220	0:01:54	1/1/2019 	107483	562.00	9.00	13.54	10.04	101837.67	49796	0	Tsung-DaoLee	
221	0:01:54	1/1/2019 	107987	912.00	82.00	26.79	10.04	101837.59	50765	0	Tsung-DaoLee	
222	0:01:55	1/1/2019 	108411	866.00	53.00	22.91	10.04	101837.59	1822	0	Tsung-DaoLee	
223	0:01:55	1/1/2019 	108443	61.00	9.00	5.90	10.03	101837.64	1822	0	Tsung-DaoLee	
224	0:01:56	1/1/2019 	109632	913.00	87.00	27.64	10.02	101837.66	97777	0	Tsung-DaoLee	
225	0:01:57	1/1/2019 	110365	306.00	9.00	11.17	10.02	101837.42	2692	0	Tsung-DaoLee	
226	0:01:57	1/1/2019 	110876	626.00	9.00	14.33	10.01	101837.31	49799	1	Tsung-DaoLee	
227	0:01:58	1/1/2019 	111005	612.00	9.00	14.17	10.01	101837.24	3338	0	Tsung-DaoLee	
228	0:01:59	1/1/2019 	112016	941.00	267.00	52.26	10.00	101837.33	49800	0	Tsung-DaoLee	
229	0:01:59	1/1/2019 	112385	541.00	9.00	13.31	10.00	101837.41	1822	0	Tsung-DaoLee	
230	0:01:59	1/1/2019 	112854	944.00	117.00	33.35	9.99	101836.89	49800	1	Tsung-DaoLee	
231	0:02:00	1/1/2019 	113154	531.00	9.00	13.20	9.99	101837.29	1821	0	Tsung-DaoLee	
232	0:02:00	1/1/2019 	113343	67.00	9.00	5.94	9.99	101837.29	1821	0	Tsung-DaoLee	
233	0:02:00	1/1/2019 	113668	328.00	9.00	11.45	9.98	101837.19	50785	0	Tsung-DaoLee	
234	0:02:00	1/1/2019 	113780	946.00	452.00	81.20	9.98	101837.19	1820	1	Tsung-DaoLee	
235	0:02:03	1/1/2019 	116028	942.00	161.00	40.94	9.96	101836.75	97776	1	Tsung-DaoLee	
236	0:02:03	1/1/2019 	116173	185.00	9.00	8.95	9.95	101836.84	1821	0	Tsung-DaoLee	
237	0:02:03	1/1/2019 	116650	918.00	93.00	28.71	9.95	101836.84	49796	0	Tsung-DaoLee	
238	0:02:04	1/1/2019 	117173	137.00	9.00	7.65	9.94	101836.66	1820	0	Tsung-DaoLee	
239	0:02:04	1/1/2019 	117350	870.00	57.00	23.34	9.94	101836.66	2814	0	Tsung-DaoLee	
240	0:02:04	1/1/2019 	117975	574.00	9.00	13.69	9.94	101836.59	49798	0	Tsung-DaoLee	
241	0:02:05	1/1/2019 	118401	725.00	15.00	16.68	9.93	101836.67	1819	1	Tsung-DaoLee	
242	0:02:06	1/1/2019 	119281	630.00	10.00	14.61	9.92	101836.96	49799	0	Tsung-DaoLee	
243	0:02:06	1/1/2019 	119558	943.00	115.00	32.96	9.92	101836.96	49798	0	Tsung-DaoLee	
244	0:02:07	1/1/2019 	120016	387.00	9.00	12.07	9.92	101837.05	2737	0	Tsung-DaoLee	
245	0:02:07	1/1/2019 	120559	367.00	9.00	11.88	9.91	101836.97	51343	0	Tsung-DaoLee	
246	0:02:09	1/1/2019 	122918	540.00	9.00	13.29	9.89	101836.95	97777	0	Tsung-DaoLee	
247	0:02:09	1/1/2019 	122993	104.00	9.00	6.70	9.89	101836.95	1821	0	Tsung-DaoLee	
248	0:02:10	1/1/2019 	123049	136.00	9.00	7.62	9.89	101836.95	1820	0	Tsung-DaoLee	
249	0:02:10	1/1/2019 	123075	388.00	9.00	12.08	9.89	101836.95	1820	0	Tsung-DaoLee	
250	0:02:10	1/1/2019 	123342	390.00	9.00	12.10	9.89	101836.88	1822	0	Tsung-DaoLee	
251	0:02:10	1/1/2019 	123574	837.00	41.00	21.65	9.89	101836.88	50820	1	Tsung-DaoLee	
252	0:02:11	1/1/2019 	124157	64.00	9.00	5.92	9.88	101837.21	1825	0	Tsung-DaoLee	
253	0:02:12	1/1/2019 	125013	667.00	11.00	15.21	9.88	101836.75	49799	0	Tsung-DaoLee	
254	0:02:12	1/1/2019 	125022	873.00	62.00	23.91	9.88	101836.75	1821	0	Tsung-DaoLee	
255	0:02:12	1/1/2019 	125341	876.00	61.00	23.80	9.88	101836.75	1821	0	Tsung-DaoLee	
256	0:02:12	1/1/2019 	125674	880.00	58.00	23.47	9.87	101836.62	49798	0	Tsung-DaoLee	
257	0:02:13	1/1/2019 	126688	614.00	10.00	14.40	9.87	101836.25	50819	0	Tsung-DaoLee	
258	0:02:14	1/1/2019 	127784	602.00	9.00	14.05	9.86	101836.34	49798	0	Tsung-DaoLee	
259	0:02:15	1/1/2019 	128071	940.00	170.00	42.14	9.86	101836.05	1821	1	Tsung-DaoLee	
260	0:02:15	1/1/2019 	128708	125.00	9.00	7.30	9.86	101836.36	49799	0	Tsung-DaoLee	
261	0:02:16	1/1/2019 	129144	938.00	150.00	39.29	9.86	101836.11	1820	1	Tsung-DaoLee	
262	0:02:16	1/1/2019 	129357	745.00	19.00	17.88	9.86	101836.11	1820	0	Tsung-DaoLee	
263	0:02:16	1/1/2019 	129805	914.00	88.00	27.81	9.85	101836.13	50825	1	Tsung-DaoLee	
264	0:02:17	1/1/2019 	130228	564.00	9.00	13.57	9.85	101836.30	2790	0	Tsung-DaoLee	
265	0:02:17	1/1/2019 	130281	797.00	33.00	20.65	9.85	101836.30	1820	0	Tsung-DaoLee	
266	0:02:17	1/1/2019 	130979	810.00	35.00	20.93	9.85	101836.45	49797	0	Tsung-DaoLee	
267	0:02:18	1/1/2019 	131324	943.00	193.00	44.74	9.85	101836.30	1820	1	Tsung-DaoLee	
268	0:02:19	1/1/2019 	132193	422.00	9.00	12.36	9.85	101835.82	49796	0	Tsung-DaoLee	
269	0:02:19	1/1/2019 	132469	915.00	88.00	27.81	9.85	101835.82	3398	0	Tsung-DaoLee	
270	0:02:19	1/1/2019 	132472	59.00	9.00	5.89	9.85	101835.82	1820	0	Tsung-DaoLee	
271	0:02:20	1/1/2019 	133006	941.00	165.00	41.49	9.85	101835.82	49797	0	Tsung-DaoLee	
272	0:02:21	1/1/2019 	134102	395.00	9.00	12.14	9.86	101835.80	49799	0	Tsung-DaoLee	
273	0:02:21	1/1/2019 	134251	468.00	9.00	12.69	9.86	101835.73	1821	0	Tsung-DaoLee	
274	0:02:22	1/1/2019 	135012	565.00	9.00	13.58	9.86	101835.11	49797	0	Tsung-DaoLee	
275	0:02:22	1/1/2019 	135341	156.00	9.00	8.19	9.86	101835.08	2869	0	Tsung-DaoLee	
276	0:02:23	1/1/2019 	136086	233.00	9.00	10.00	9.86	101835.06	49798	0	Tsung-DaoLee	
277	0:02:23	1/1/2019 	136115	113.00	9.00	6.95	9.86	101835.06	1820	0	Tsung-DaoLee	
278	0:02:23	1/1/2019 	136183	520.00	9.00	13.10	9.86	101834.84	1819	0	Tsung-DaoLee	
279	0:02:23	1/1/2019 	136392	136.00	9.00	7.62	9.87	101834.84	1821	0	Tsung-DaoLee	
280	0:02:24	1/1/2019 	137357	92.00	9.00	6.39	9.87	101834.59	49797	0	Tsung-DaoLee	
281	0:02:24	1/1/2019 	137470	925.00	101.00	30.22	9.87	101834.59	5210	0	Tsung-DaoLee	
282	0:02:25	1/1/2019 	138296	498.00	9.00	12.91	9.88	101834.08	49795	0	Tsung-DaoLee	
283	0:02:25	1/1/2019 	138431	677.00	11.00	15.26	9.88	101834.08	1822	0	Tsung-DaoLee	
284	0:02:26	1/1/2019 	139552	197.00	8.00	9.23	9.88	101834.28	97776	0	Tsung-DaoLee	
285	0:02:28	1/1/2019 	141552	98.00	9.00	6.54	9.89	101833.33	98486	0	Tsung-DaoLee	
286	0:02:29	1/1/2019 	142602	941.00	230.00	48.22	9.90	101833.25	49797	0	Tsung-DaoLee	
287	0:02:29	1/1/2019 	142953	724.00	15.00	16.68	9.90	101833.09	1821	0	Tsung-DaoLee	
288	0:02:30	1/1/2019 	143297	114.00	9.00	6.98	9.90	101833.09	3316	0	Tsung-DaoLee	
289	0:02:30	1/1/2019 	143384	740.00	17.00	17.32	9.90	101833.04	1820	0	Tsung-DaoLee	
290	0:02:30	1/1/2019 	143913	65.00	9.00	5.92	9.90	101833.02	49798	1	Tsung-DaoLee	
291	0:02:31	1/1/2019 	144014	65.00	9.00	5.92	9.90	101833.02	1819	0	Tsung-DaoLee	
292	0:02:31	1/1/2019 	144241	942.00	237.00	48.90	9.90	101833.02	1820	1	Tsung-DaoLee	
293	0:02:32	1/1/2019 	145247	189.00	9.00	9.05	9.91	101833.06	49798	0	Tsung-DaoLee	
294	0:02:33	1/1/2019 	146127	91.00	9.00	6.37	9.92	101832.98	50764	0	Tsung-DaoLee	
295	0:02:33	1/1/2019 	146273	211.00	9.00	9.55	9.92	101832.98	1821	0	Tsung-DaoLee	
296	0:02:33	1/1/2019 	146374	886.00	61.00	23.81	9.92	101832.98	1820	0	Tsung-DaoLee	
297	0:02:35	1/1/2019 	148094	852.00	50.00	22.59	9.93	101832.95	97776	1	Tsung-DaoLee	
298	0:02:35	1/1/2019 	148116	104.00	9.00	6.70	9.93	101832.95	1821	0	Tsung-DaoLee	
299	0:02:35	1/1/2019 	148258	753.00	21.00	18.40	9.93	101832.95	1820	0	Tsung-DaoLee	
300	0:02:36	1/1/2019 	149469	84.00	9.00	6.22	9.94	101833.16	50772	0	Tsung-DaoLee	
301	0:02:36	1/1/2019 	149570	911.00	82.00	26.79	9.94	101832.97	49799	0	Tsung-DaoLee	
302	0:02:36	1/1/2019 	149900	401.00	9.00	12.19	9.94	101832.97	2702	0	Tsung-DaoLee	
303	0:02:37	1/1/2019 	150793	96.00	9.00	6.49	9.94	101832.73	49799	0	Tsung-DaoLee	
304	0:02:37	1/1/2019 	150914	354.00	9.00	11.75	9.94	101832.73	1821	0	Tsung-DaoLee	
305	0:02:38	1/1/2019 	151816	733.00	16.00	17.01	9.95	101832.64	49796	0	Tsung-DaoLee	
306	0:02:39	1/1/2019 	152109	65.00	9.00	5.92	9.95	101832.30	3346	0	Tsung-DaoLee	
307	0:02:39	1/1/2019 	152749	441.00	9.00	12.50	9.95	101831.96	49797	0	Tsung-DaoLee	
308	0:02:39	1/1/2019 	152960	873.00	57.00	23.35	9.95	101831.96	1819	0	Tsung-DaoLee	
309	0:02:40	1/1/2019 	153168	339.00	9.00	11.58	9.96	101832.20	1820	0	Tsung-DaoLee	
310	0:02:40	1/1/2019 	153610	948.00	209.00	46.27	9.96	101832.20	49798	1	Tsung-DaoLee	
311	0:02:40	1/1/2019 	153968	948.00	419.00	77.06	9.96	101831.98	1820	0	Tsung-DaoLee	
312	0:02:41	1/1/2019 	154484	526.00	9.00	13.15	9.96	101831.64	2916	0	Tsung-DaoLee	
313	0:02:41	1/1/2019 	154870	90.00	9.00	6.35	9.97	101831.62	49796	0	Tsung-DaoLee	
314	0:02:41	1/1/2019 	154897	897.00	74.00	25.53	9.97	101831.62	1820	0	Tsung-DaoLee	
315	0:02:43	1/1/2019 	156476	845.00	46.00	22.18	9.97	101830.84	49798	1	Tsung-DaoLee	
316	0:02:45	1/1/2019 	158151	161.00	12.00	8.34	9.98	101830.80	97777	0	Tsung-DaoLee	
317	0:02:47	1/1/2019 	159998	942.00	127.00	35.27	9.99	101830.78	97778	0	Tsung-DaoLee	
318	0:02:48	1/1/2019 	161469	871.00	61.00	23.79	9.99	101830.23	52134	0	Tsung-DaoLee	
319	0:02:49	1/1/2019 	162008	153.00	9.00	8.11	10.00	101830.20	49797	0	Tsung-DaoLee	
320	0:02:49	1/1/2019 	162753	773.00	26.00	19.50	10.00	101830.02	49798	0	Tsung-DaoLee	
321	0:02:50	1/1/2019 	163372	115.00	9.00	7.01	10.00	101829.95	1821	0	Tsung-DaoLee	
322	0:02:50	1/1/2019 	163618	171.00	9.00	8.60	10.00	101829.94	49798	0	Tsung-DaoLee	
323	0:02:51	1/1/2019 	164427	136.00	9.00	7.62	10.00	101829.62	1822	0	Tsung-DaoLee	
324	0:02:51	1/1/2019 	164436	96.00	9.00	6.49	10.00	101829.15	2840	0	Tsung-DaoLee	
325	0:02:52	1/1/2019 	165326	309.00	9.00	11.21	10.01	101829.44	49798	0	Tsung-DaoLee	
326	0:02:52	1/1/2019 	165346	163.00	9.00	8.38	10.01	101829.44	1820	0	Tsung-DaoLee	
327	0:02:53	1/1/2019 	166314	583.00	9.00	13.81	10.01	101829.06	49797	0	Tsung-DaoLee	
328	0:02:53	1/1/2019 	166970	793.00	31.00	20.37	10.01	101828.75	49799	1	Tsung-DaoLee	
329	0:02:54	1/1/2019 	167434	605.00	10.00	14.28	10.01	101828.59	1820	0	Tsung-DaoLee	
330	0:02:55	1/1/2019 	168334	83.00	9.00	6.20	10.01	101828.66	50818	0	Tsung-DaoLee	
331	0:02:55	1/1/2019 	168559	81.00	8.00	6.15	10.02	101828.93	49799	0	Tsung-DaoLee	
332	0:02:56	1/1/2019 	169138	377.00	9.00	11.98	10.02	101829.16	1819	1	Tsung-DaoLee	
333	0:02:56	1/1/2019 	169284	939.00	351.00	66.06	10.02	101829.16	1822	0	Tsung-DaoLee	
334	0:02:56	1/1/2019 	169707	940.00	126.00	35.08	10.03	101828.82	49799	0	Tsung-DaoLee	
335	0:02:57	1/1/2019 	170412	127.00	9.00	7.36	10.03	101829.52	2784	0	Tsung-DaoLee	
336	0:02:57	1/1/2019 	170625	944.00	252.00	50.47	10.03	101829.78	51373	0	Tsung-DaoLee	
337	0:02:57	1/1/2019 	170996	290.00	9.00	10.95	10.03	101829.78	1821	0	Tsung-DaoLee	
338	0:02:58	1/1/2019 	171054	710.00	13.00	16.01	10.03	101829.78	1821	0	Tsung-DaoLee	
339	0:02:58	1/1/2019 	171126	639.00	9.00	14.45	10.04	101829.75	1821	0	Tsung-DaoLee	
340	0:02:58	1/1/2019 	171609	943.00	184.00	43.80	10.04	101829.75	49798	0	Tsung-DaoLee	
341	0:02:58	1/1/2019 	171715	272.00	9.00	10.68	10.04	101829.57	1822	0	Tsung-DaoLee	
342	0:02:58	1/1/2019 	171747	934.00	109.00	31.78	10.04	101829.57	2964	0	Tsung-DaoLee	
343	0:02:59	1/1/2019 	172105	132.00	9.00	7.50	10.04	101829.57	1820	0	Tsung-DaoLee	
344	0:02:59	1/1/2019 	172158	597.00	10.00	14.16	10.04	101829.36	1822	0	Tsung-DaoLee	
345	0:03:00	1/1/2019 	173661	939.00	618.00	109.02	10.05	101829.53	97777	0	Tsung-DaoLee	
346	0:03:00	1/1/2019 	173986	82.00	9.00	6.18	10.05	101829.16	1823	0	Tsung-DaoLee	
347	0:03:01	1/1/2019 	174893	140.00	9.00	7.74	10.06	101829.21	49799	0	Tsung-DaoLee	
348	0:03:02	1/1/2019 	175741	188.00	9.00	9.03	10.07	101829.57	50847	0	Tsung-DaoLee	
349	0:03:02	1/1/2019 	175975	708.00	13.00	16.01	10.07	101829.57	1821	0	Tsung-DaoLee	
350	0:03:03	1/1/2019 	176033	923.00	102.00	30.41	10.07	101829.57	1821	0	Tsung-DaoLee	
351	0:03:03	1/1/2019 	176875	158.00	9.00	8.25	10.07	101829.17	49800	0	Tsung-DaoLee	
352	0:03:03	1/1/2019 	176994	607.00	9.00	14.11	10.07	101829.17	1819	0	Tsung-DaoLee	
353	0:03:05	1/1/2019 	178312	113.00	9.00	6.95	10.08	101828.66	49799	0	Tsung-DaoLee	
354	0:03:07	1/1/2019 	180043	937.00	113.00	32.56	10.10	101828.45	101062	0	Tsung-DaoLee	
355	0:03:07	1/1/2019 	180561	151.00	8.00	8.05	10.10	101828.36	50645	0	Tsung-DaoLee	
356	0:03:08	1/1/2019 	181177	906.00	84.00	27.11	10.11	101828.88	1821	0	Tsung-DaoLee	
357	0:03:08	1/1/2019 	181594	943.00	129.00	35.65	10.11	101828.55	49799	0	Tsung-DaoLee	
358	0:03:08	1/1/2019 	181652	291.00	9.00	10.97	10.11	101828.55	1821	0	Tsung-DaoLee	
359	0:03:08	1/1/2019 	181659	238.00	9.00	10.10	10.11	101828.55	1820	0	Tsung-DaoLee	
360	0:03:08	1/1/2019 	181854	707.00	13.00	16.00	10.11	101828.55	3319	0	Tsung-DaoLee	
361	0:03:09	1/1/2019 	182411	654.00	11.00	15.11	10.13	101828.51	1820	0	Tsung-DaoLee	
362	0:03:09	1/1/2019 	182566	726.00	15.00	16.69	10.13	101828.51	49800	0	Tsung-DaoLee	
363	0:03:09	1/1/2019 	182958	64.00	9.00	5.92	10.13	101828.42	1821	0	Tsung-DaoLee	
364	0:03:10	1/1/2019 	183128	261.00	9.00	10.50	10.13	101828.42	1820	0	Tsung-DaoLee	
365	0:03:10	1/1/2019 	183403	249.00	9.00	10.30	10.13	101828.42	1821	0	Tsung-DaoLee	
366	0:03:10	1/1/2019 	183638	743.00	17.00	17.32	10.14	101828.34	50764	0	Tsung-DaoLee	
367	0:03:11	1/1/2019 	184144	388.00	9.00	12.08	10.14	101828.76	1821	0	Tsung-DaoLee	
368	0:03:11	1/1/2019 	184202	290.00	9.00	10.95	10.14	101828.76	1820	0	Tsung-DaoLee	
369	0:03:11	1/1/2019 	184452	74.00	9.00	6.03	10.14	101828.76	1821	0	Tsung-DaoLee	
370	0:03:11	1/1/2019 	184491	127.00	9.00	7.36	10.14	101829.48	1821	0	Tsung-DaoLee	
371	0:03:11	1/1/2019 	184627	71.00	9.00	5.99	10.14	101829.48	49796	0	Tsung-DaoLee	
372	0:03:11	1/1/2019 	184876	115.00	9.00	7.01	10.14	101829.48	2791	0	Tsung-DaoLee	
373	0:03:11	1/1/2019 	184950	191.00	10.00	9.11	10.14	101829.48	1819	0	Tsung-DaoLee	
374	0:03:12	1/1/2019 	185076	660.00	10.00	14.87	10.14	101829.80	1821	0	Tsung-DaoLee	
375	0:03:12	1/1/2019 	185312	944.00	139.00	37.46	10.14	101829.80	1823	0	Tsung-DaoLee	
376	0:03:12	1/1/2019 	185573	705.00	13.00	16.00	10.15	101830.09	49800	0	Tsung-DaoLee	
377	0:03:12	1/1/2019 	185902	147.00	9.00	7.94	10.15	101830.09	1821	0	Tsung-DaoLee	
378	0:03:13	1/1/2019 	186218	324.00	9.00	11.41	10.15	101829.77	2796	0	Tsung-DaoLee	
379	0:03:13	1/1/2019 	186260	949.00	901.00	172.65	10.15	101829.77	1822	0	Tsung-DaoLee	
380	0:03:13	1/1/2019 	186610	69.00	9.00	5.97	10.15	101829.47	49798	0	Tsung-DaoLee	
381	0:03:13	1/1/2019 	186652	570.00	9.00	13.64	10.15	101829.47	1819	0	Tsung-DaoLee	
382	0:03:13	1/1/2019 	186840	779.00	26.00	19.51	10.15	101829.47	1821	0	Tsung-DaoLee	
383	0:03:14	1/1/2019 	187072	349.00	9.00	11.70	10.15	101830.06	1820	0	Tsung-DaoLee	
384	0:03:14	1/1/2019 	187581	896.00	72.00	25.24	10.15	101829.91	50797	0	Tsung-DaoLee	
385	0:03:14	1/1/2019 	187820	65.00	9.00	5.92	10.15	101829.91	1821	0	Tsung-DaoLee	
386	0:03:15	1/1/2019 	188207	944.00	532.00	91.41	10.15	101830.16	1819	1	Tsung-DaoLee	
387	0:03:15	1/1/2019 	188401	689.00	11.00	15.30	10.15	101830.16	1822	0	Tsung-DaoLee	
388	0:03:15	1/1/2019 	188757	133.00	9.00	7.53	10.15	101829.69	49799	0	Tsung-DaoLee	
389	0:03:16	1/1/2019 	189559	928.00	107.00	31.39	10.15	101829.53	49800	0	Tsung-DaoLee	
390	0:03:16	1/1/2019 	189805	690.00	12.00	15.63	10.15	101829.66	4171	0	Tsung-DaoLee	
391	0:03:17	1/1/2019 	190977	449.00	9.00	12.55	10.16	101829.73	49800	0	Tsung-DaoLee	
392	0:03:18	1/1/2019 	191103	937.00	111.00	32.17	10.16	101829.73	1821	1	Tsung-DaoLee	
393	0:03:18	1/1/2019 	191422	528.00	9.00	13.17	10.16	101829.88	1824	0	Tsung-DaoLee	
394	0:03:18	1/1/2019 	191723	585.00	10.00	13.99	10.16	101829.50	49803	0	Tsung-DaoLee	
395	0:03:18	1/1/2019 	191871	111.00	9.00	6.89	10.16	101829.50	1821	0	Tsung-DaoLee	
396	0:03:19	1/1/2019 	192965	66.00	9.00	5.93	10.17	101829.41	50803	0	Tsung-DaoLee	
397	0:03:20	1/1/2019 	193072	912.00	85.00	27.29	10.17	101829.41	1821	0	Tsung-DaoLee	
398	0:03:20	1/1/2019 	193737	720.00	13.00	16.01	10.17	101828.60	49800	0	Tsung-DaoLee	
399	0:03:20	1/1/2019 	193783	945.00	253.00	50.58	10.17	101828.60	1820	0	Tsung-DaoLee	
400	0:03:21	1/1/2019 	194816	102.00	9.00	6.65	10.17	101827.95	49798	0	Tsung-DaoLee	
401	0:03:21	1/1/2019 	194823	324.00	9.00	11.41	10.17	101827.95	1822	0	Tsung-DaoLee	
402	0:03:22	1/1/2019 	195014	684.00	12.00	15.61	10.17	101827.95	2834	0	Tsung-DaoLee	
403	0:03:22	1/1/2019 	195593	165.00	9.00	8.44	10.18	101828.05	49798	0	Tsung-DaoLee	
404	0:03:22	1/1/2019 	195632	85.00	9.00	6.24	10.18	101828.05	1820	0	Tsung-DaoLee	
405	0:03:23	1/1/2019 	196020	372.00	9.00	11.93	10.18	101827.73	1821	0	Tsung-DaoLee	
406	0:03:23	1/1/2019 	196113	635.00	10.00	14.66	10.18	101827.73	1820	1	Tsung-DaoLee	
407	0:03:23	1/1/2019 	196177	944.00	434.00	79.02	10.18	101827.73	1821	1	Tsung-DaoLee	
408	0:03:23	1/1/2019 	196752	128.00	9.00	7.39	10.18	101827.86	50816	0	Tsung-DaoLee	
409	0:03:24	1/1/2019 	197147	944.00	170.00	42.14	10.18	101827.39	1821	0	Tsung-DaoLee	
410	0:03:24	1/1/2019 	197651	138.00	9.00	7.68	10.18	101827.21	49798	0	Tsung-DaoLee	
411	0:03:24	1/1/2019 	197813	934.00	105.00	31.00	10.18	101827.21	1819	0	Tsung-DaoLee	
412	0:03:24	1/1/2019 	197818	690.00	12.00	15.63	10.18	101827.21	1821	0	Tsung-DaoLee	
413	0:03:25	1/1/2019 	198120	658.00	10.00	14.86	10.18	101827.15	1820	0	Tsung-DaoLee	
414	0:03:25	1/1/2019 	198161	655.00	10.00	14.84	10.18	101827.15	2947	0	Tsung-DaoLee	
415	0:03:26	1/1/2019 	199851	926.00	106.00	31.19	10.19	101826.49	97779	1	Tsung-DaoLee	
416	0:03:26	1/1/2019 	199959	652.00	10.00	14.82	10.19	101826.44	2784	0	Tsung-DaoLee	
417	0:03:27	1/1/2019 	200778	104.00	9.00	6.70	10.19	101825.97	49796	0	Tsung-DaoLee	
418	0:03:27	1/1/2019 	200948	306.00	9.00	11.17	10.19	101825.94	1820	0	Tsung-DaoLee	
419	0:03:29	1/1/2019 	202072	151.00	9.00	8.05	10.19	101826.07	49799	0	Tsung-DaoLee	
420	0:03:29	1/1/2019 	202443	525.00	14.00	13.61	10.19	101826.07	3398	0	Tsung-DaoLee	
421	0:03:29	1/1/2019 	202445	329.00	9.00	11.47	10.19	101826.07	1820	0	Tsung-DaoLee	
422	0:03:29	1/1/2019 	202828	85.00	9.00	6.24	10.19	101825.91	49798	0	Tsung-DaoLee	
423	0:03:29	1/1/2019 	202929	246.00	9.00	10.24	10.19	101825.91	1821	0	Tsung-DaoLee	
424	0:03:30	1/1/2019 	203058	404.00	9.00	12.22	10.20	101826.33	1820	0	Tsung-DaoLee	
425	0:03:31	1/1/2019 	204006	132.00	9.00	7.50	10.20	101825.85	49799	0	Tsung-DaoLee	
426	0:03:31	1/1/2019 	204496	828.00	40.00	21.54	10.20	101825.85	5102	1	Tsung-DaoLee	
427	0:03:32	1/1/2019 	205875	310.00	9.00	11.23	10.20	101825.80	97779	0	Tsung-DaoLee	
428	0:03:34	1/1/2019 	207472	435.00	9.00	12.45	10.20	101824.95	49799	0	Tsung-DaoLee	
429	0:03:34	1/1/2019 	207651	86.00	9.00	6.26	10.20	101824.64	49799	0	Tsung-DaoLee	
430	0:03:34	1/1/2019 	207666	202.00	9.00	9.36	10.20	101824.64	1819	0	Tsung-DaoLee	
431	0:03:34	1/1/2019 	207749	80.00	8.00	6.14	10.20	101824.64	1820	0	Tsung-DaoLee	
432	0:03:35	1/1/2019 	208383	725.00	14.00	16.36	10.21	101824.62	2769	0	Tsung-DaoLee	
433	0:03:35	1/1/2019 	208494	944.00	208.00	46.18	10.21	101824.62	1821	1	Tsung-DaoLee	
434	0:03:36	1/1/2019 	209824	388.00	9.00	12.08	10.21	101823.52	97778	0	Tsung-DaoLee	
435	0:03:37	1/1/2019 	210178	917.00	86.00	27.47	10.21	101823.36	2667	0	Tsung-DaoLee	
436	0:03:37	1/1/2019 	210760	608.00	10.00	14.32	10.21	101823.61	49800	0	Tsung-DaoLee	
437	0:03:37	1/1/2019 	210818	879.00	65.00	24.28	10.21	101823.61	1821	0	Tsung-DaoLee	
438	0:03:37	1/1/2019 	210988	134.00	9.00	7.56	10.21	101823.61	3321	0	Tsung-DaoLee	
439	0:03:38	1/1/2019 	211707	529.00	9.00	13.18	10.21	101822.98	49797	0	Tsung-DaoLee	
440	0:03:39	1/1/2019 	212284	122.00	9.00	7.21	10.21	101822.67	1822	0	Tsung-DaoLee	
441	0:03:39	1/1/2019 	212437	771.00	26.00	19.50	10.21	101822.67	1822	0	Tsung-DaoLee	
442	0:03:40	1/1/2019 	213089	767.00	25.00	19.30	10.21	101822.96	49800	0	Tsung-DaoLee	
443	0:03:40	1/1/2019 	213641	950.00	608.00	106.76	10.21	101822.64	49800	1	Tsung-DaoLee	
444	0:03:40	1/1/2019 	213665	943.00	143.00	38.14	10.21	101822.64	2897	1	Tsung-DaoLee	
445	0:03:40	1/1/2019 	213717	749.00	19.00	17.89	10.21	101822.64	1822	0	Tsung-DaoLee	
446	0:03:41	1/1/2019 	214349	111.00	8.00	6.89	10.21	101822.46	1821	0	Tsung-DaoLee	
447	0:03:41	1/1/2019 	214388	349.00	9.00	11.70	10.21	101822.46	1820	0	Tsung-DaoLee	
448	0:03:41	1/1/2019 	214675	150.00	9.00	8.02	10.21	101822.46	49798	0	Tsung-DaoLee	
449	0:03:41	1/1/2019 	214975	76.00	9.00	6.07	10.21	101822.30	2798	0	Tsung-DaoLee	
450	0:03:42	1/1/2019 	215061	74.00	9.00	6.03	10.21	101822.30	1819	0	Tsung-DaoLee	
451	0:03:42	1/1/2019 	215377	606.00	9.00	14.10	10.22	101822.24	1820	0	Tsung-DaoLee	
452	0:03:43	1/1/2019 	216485	941.00	180.00	43.35	10.22	101821.75	49800	0	Tsung-DaoLee	
453	0:03:43	1/1/2019 	216962	942.00	143.00	38.14	10.22	101821.88	49804	1	Tsung-DaoLee	
454	0:03:43	1/1/2019 	216973	475.00	10.00	12.82	10.22	101821.88	1829	0	Tsung-DaoLee	
455	0:03:43	1/1/2019 	216977	71.00	9.00	5.99	10.22	101821.88	2810	0	Tsung-DaoLee	
456	0:03:44	1/1/2019 	217050	941.00	133.00	36.38	10.22	101821.88	1827	0	Tsung-DaoLee	
457	0:03:44	1/1/2019 	217576	704.00	13.00	16.00	10.22	101821.82	49804	0	Tsung-DaoLee	
458	0:03:44	1/1/2019 	217791	358.00	9.00	11.79	10.22	101821.82	1821	0	Tsung-DaoLee	
459	0:03:44	1/1/2019 	217849	727.00	16.00	17.00	10.22	101821.82	1820	0	Tsung-DaoLee	
460	0:03:45	1/1/2019 	218281	136.00	9.00	7.62	10.23	101821.80	1821	0	Tsung-DaoLee	
461	0:03:45	1/1/2019 	218316	652.00	10.00	14.82	10.23	101821.80	2807	0	Tsung-DaoLee	
462	0:03:46	1/1/2019 	219030	901.00	79.00	26.29	10.23	101821.11	49800	1	Tsung-DaoLee	
463	0:03:46	1/1/2019 	219414	71.00	9.00	5.99	10.23	101820.77	1822	0	Tsung-DaoLee	
464	0:03:46	1/1/2019 	219701	939.00	112.00	32.37	10.23	101820.77	49800	0	Tsung-DaoLee	
465	0:03:47	1/1/2019 	220494	115.00	9.00	7.01	10.23	101820.69	2728	0	Tsung-DaoLee	
466	0:03:47	1/1/2019 	220589	99.00	9.00	6.57	10.23	101820.69	49798	0	Tsung-DaoLee	
467	0:03:47	1/1/2019 	220623	946.00	477.00	84.08	10.23	101820.69	3361	1	Tsung-DaoLee	
468	0:03:48	1/1/2019 	221170	939.00	129.00	35.65	10.23	101820.21	1820	0	Tsung-DaoLee	
469	0:03:48	1/1/2019 	221222	911.00	85.00	27.29	10.23	101820.21	1822	0	Tsung-DaoLee	
470	0:03:48	1/1/2019 	221264	130.00	9.00	7.44	10.23	101820.21	1820	0	Tsung-DaoLee	
471	0:03:48	1/1/2019 	221441	78.00	9.00	6.10	10.23	101820.21	1821	0	Tsung-DaoLee	
472	0:03:48	1/1/2019 	221715	103.00	9.00	6.67	10.24	101820.03	49797	0	Tsung-DaoLee	
473	0:03:49	1/1/2019 	222834	944.00	122.00	34.32	10.24	101819.18	50811	0	Tsung-DaoLee	
474	0:03:49	1/1/2019 	222890	931.00	106.00	31.19	10.24	101819.18	1822	1	Tsung-DaoLee	
475	0:03:50	1/1/2019 	223592	389.00	9.00	12.09	10.24	101818.97	49800	0	Tsung-DaoLee	
476	0:03:51	1/1/2019 	224140	943.00	345.00	64.97	10.25	101818.91	1820	1	Tsung-DaoLee	
477	0:03:51	1/1/2019 	224928	413.00	9.00	12.29	10.25	101818.89	49800	0	Tsung-DaoLee	
478	0:03:52	1/1/2019 	225473	219.00	9.00	9.72	10.25	101818.70	1820	0	Tsung-DaoLee	
479	0:03:53	1/1/2019 	226642	151.00	9.00	8.05	10.25	101817.86	98790	0	Tsung-DaoLee	
480	0:03:56	1/1/2019 	229747	62.00	9.00	5.90	10.26	101818.06	145756	0	Tsung-DaoLee	
481	0:03:57	1/1/2019 	230101	677.00	11.00	15.26	10.26	101818.06	2773	0	Tsung-DaoLee	
482	0:03:57	1/1/2019 	230572	882.00	63.00	24.04	10.26	101818.52	49801	1	Tsung-DaoLee	
483	0:03:57	1/1/2019 	230802	946.00	178.00	43.12	10.27	101818.45	1822	1	Tsung-DaoLee	
484	0:03:57	1/1/2019 	230970	583.00	9.00	13.81	10.27	101818.45	1820	0	Tsung-DaoLee	
485	0:03:58	1/1/2019 	231267	944.00	211.00	46.46	10.27	101818.42	3387	0	Tsung-DaoLee	
486	0:03:58	1/1/2019 	231774	666.00	11.00	15.21	10.27	101818.41	49799	0	Tsung-DaoLee	
487	0:03:58	1/1/2019 	231862	644.00	9.00	14.48	10.27	101818.41	1821	0	Tsung-DaoLee	
488	0:03:59	1/1/2019 	232241	940.00	162.00	41.08	10.27	101818.50	1821	1	Tsung-DaoLee	
489	0:03:59	1/1/2019 	232904	69.00	9.00	5.97	10.28	101818.47	49801	0	Tsung-DaoLee	
490	0:03:59	1/1/2019 	232998	170.00	9.00	8.57	10.28	101818.47	1820	0	Tsung-DaoLee	
491	0:04:01	1/1/2019 	234879	914.00	89.00	27.99	10.29	101818.44	98811	0	Tsung-DaoLee	
492	0:04:02	1/1/2019 	235456	456.00	9.00	12.60	10.29	101818.67	1822	0	Tsung-DaoLee	
493	0:04:04	1/1/2019 	237093	160.00	8.00	8.30	10.30	101818.08	97778	0	Tsung-DaoLee	
494	0:04:04	1/1/2019 	237241	945.00	282.00	54.30	10.30	101818.08	1821	1	Tsung-DaoLee	
495	0:04:04	1/1/2019 	237628	932.00	108.00	31.58	10.31	101818.31	49800	0	Tsung-DaoLee	
496	0:04:04	1/1/2019 	237681	746.00	20.00	18.14	10.31	101818.31	1822	0	Tsung-DaoLee	
497	0:04:05	1/1/2019 	238030	121.00	9.00	7.18	10.31	101818.45	2862	0	Tsung-DaoLee	
498	0:04:05	1/1/2019 	238289	84.00	9.00	6.22	10.31	101818.45	1820	0	Tsung-DaoLee	
499	0:04:05	1/1/2019 	238853	796.00	33.00	20.65	10.31	101818.39	49799	0	Tsung-DaoLee	
500	0:04:07	1/1/2019 	240279	586.00	9.00	13.84	10.32	101818.41	49798	0	Tsung-DaoLee	
501	0:04:07	1/1/2019 	240644	932.00	108.00	31.58	10.32	101818.39	50622	0	Tsung-DaoLee	
502	0:04:08	1/1/2019 	241209	692.00	12.00	15.64	10.33	101818.02	1822	0	Tsung-DaoLee	
503	0:04:09	1/1/2019 	242033	182.00	9.00	8.88	10.33	101818.05	51285	0	Tsung-DaoLee	
504	0:04:09	1/1/2019 	242311	677.00	11.00	15.26	10.33	101818.05	1822	0	Tsung-DaoLee	
505	0:04:09	1/1/2019 	242384	452.00	9.00	12.57	10.33	101818.05	1820	0	Tsung-DaoLee	
506	0:04:12	1/1/2019 	245208	160.00	9.00	8.30	10.35	101818.22	145752	0	Tsung-DaoLee	
507	0:04:12	1/1/2019 	245302	925.00	98.00	29.65	10.35	101818.22	1822	0	Tsung-DaoLee	
508	0:04:12	1/1/2019 	245767	935.00	106.00	31.19	10.36	101818.04	49798	1	Tsung-DaoLee	
509	0:04:13	1/1/2019 	246847	385.00	9.00	12.05	10.36	101817.80	50755	0	Tsung-DaoLee	
510	0:04:14	1/1/2019 	247140	943.00	594.00	103.52	10.37	101818.19	1822	1	Tsung-DaoLee	
511	0:04:16	1/1/2019 	249318	712.00	13.00	16.01	10.38	101817.73	97778	0	Tsung-DaoLee	
512	0:04:16	1/1/2019 	249705	212.00	9.00	9.58	10.38	101817.96	49801	0	Tsung-DaoLee	
513	0:04:18	1/1/2019 	251831	282.00	9.00	10.83	10.39	101817.30	98636	0	Tsung-DaoLee	
514	0:04:19	1/1/2019 	252460	131.00	9.00	7.47	10.40	101817.11	1822	0	Tsung-DaoLee	
515	0:04:19	1/1/2019 	252800	99.00	9.00	6.57	10.40	101816.90	51310	0	Tsung-DaoLee	
516	0:04:20	1/1/2019 	253387	95.00	9.00	6.47	10.40	101816.88	1822	0	Tsung-DaoLee	
517	0:04:20	1/1/2019 	253689	138.00	9.00	7.68	10.40	101816.88	49806	0	Tsung-DaoLee	
518	0:04:21	1/1/2019 	254133	711.00	13.00	16.01	10.41	101816.94	1824	0	Tsung-DaoLee	
519	0:04:21	1/1/2019 	254171	111.00	9.00	6.89	10.41	101816.94	1821	0	Tsung-DaoLee	
520	0:04:21	1/1/2019 	254716	240.00	9.00	10.13	10.41	101816.77	49797	0	Tsung-DaoLee	
521	0:04:21	1/1/2019 	254843	412.00	9.00	12.28	10.41	101816.39	2798	0	Tsung-DaoLee	
522	0:04:23	1/1/2019 	256240	513.00	10.00	13.13	10.42	101816.28	49799	0	Tsung-DaoLee	
523	0:04:24	1/1/2019 	257169	125.00	9.00	7.30	10.42	101816.16	49798	0	Tsung-DaoLee	
524	0:04:26	1/1/2019 	259415	73.00	9.00	6.02	10.44	101815.62	97778	0	Tsung-DaoLee	
525	0:04:26	1/1/2019 	259615	670.00	11.00	15.23	10.44	101815.41	49803	0	Tsung-DaoLee	
526	0:04:27	1/1/2019 	260269	314.00	9.00	11.28	10.45	101815.36	2713	0	Tsung-DaoLee	
527	0:04:28	1/1/2019 	261070	954.00	917.00	187.77	10.45	101815.22	51328	0	Tsung-DaoLee	
528	0:04:28	1/1/2019 	261224	952.00	740.00	132.48	10.45	101815.22	1822	1	Tsung-DaoLee	
529	0:04:28	1/1/2019 	261954	193.00	9.00	9.15	10.46	101815.16	49801	0	Tsung-DaoLee	
530	0:04:29	1/1/2019 	262347	280.00	9.00	10.80	10.46	101815.23	1821	0	Tsung-DaoLee	
531	0:04:29	1/1/2019 	262378	386.00	9.00	12.06	10.46	101815.23	1822	0	Tsung-DaoLee	
532	0:04:29	1/1/2019 	262393	228.00	9.00	9.90	10.46	101815.23	1819	0	Tsung-DaoLee	
533	0:04:29	1/1/2019 	262607	106.00	9.00	6.76	10.47	101815.47	50797	0	Tsung-DaoLee	
534	0:04:29	1/1/2019 	262988	182.00	5.00	8.84	10.47	101815.47	1820	0	Tsung-DaoLee	
535	0:04:31	1/1/2019 	264788	686.00	12.00	15.62	10.49	101815.38	97782	0	Tsung-DaoLee	
536	0:04:33	1/1/2019 	266034	295.00	9.00	11.02	10.50	101815.52	49805	0	Tsung-DaoLee	
537	0:04:33	1/1/2019 	266219	73.00	8.00	6.02	10.50	101815.75	1821	0	Tsung-DaoLee	
538	0:04:33	1/1/2019 	266278	947.00	253.00	50.58	10.50	101815.75	1819	1	Tsung-DaoLee	
539	0:04:33	1/1/2019 	266638	768.00	25.00	19.30	10.50	101815.75	50802	0	Tsung-DaoLee	
540	0:04:34	1/1/2019 	267808	692.00	12.00	15.64	10.51	101815.40	49800	0	Tsung-DaoLee	
541	0:04:34	1/1/2019 	267952	954.00	921.00	190.82	10.51	101815.40	1821	1	Tsung-DaoLee	
542	0:04:35	1/1/2019 	268076	206.00	9.00	9.44	10.51	101815.40	1822	0	Tsung-DaoLee	
543	0:04:35	1/1/2019 	268903	676.00	12.00	15.57	10.52	101815.42	49799	0	Tsung-DaoLee	
544	0:04:36	1/1/2019 	269143	922.00	103.00	30.60	10.52	101815.42	1821	0	Tsung-DaoLee	
545	0:04:37	1/1/2019 	270173	123.00	9.00	7.24	10.53	101815.88	50914	0	Tsung-DaoLee	
546	0:04:37	1/1/2019 	270582	948.00	223.00	47.56	10.54	101815.98	50752	0	Tsung-DaoLee	
547	0:04:37	1/1/2019 	270943	414.00	9.00	12.30	10.54	101815.90	1822	0	Tsung-DaoLee	
548	0:04:38	1/1/2019 	271148	942.00	270.00	52.65	10.54	101815.90	1820	1	Tsung-DaoLee	
549	0:04:38	1/1/2019 	271265	923.00	98.00	29.65	10.54	101815.90	1822	0	Tsung-DaoLee	
550	0:04:38	1/1/2019 	271758	79.00	9.00	6.12	10.55	101815.81	49798	0	Tsung-DaoLee	
551	0:04:39	1/1/2019 	272138	669.00	11.00	15.22	10.55	101815.73	3383	0	Tsung-DaoLee	
552	0:04:40	1/1/2019 	273005	537.00	9.00	13.26	10.56	101815.75	49800	0	Tsung-DaoLee	
553	0:04:40	1/1/2019 	273848	153.00	9.00	8.11	10.57	101815.48	49799	0	Tsung-DaoLee	
554	0:04:41	1/1/2019 	274007	946.00	601.00	105.12	10.57	101815.48	1820	1	Tsung-DaoLee	
555	0:04:41	1/1/2019 	274147	87.00	9.00	6.28	10.57	101815.48	1822	0	Tsung-DaoLee	
556	0:04:41	1/1/2019 	274269	850.00	45.00	22.08	10.57	101815.48	1820	0	Tsung-DaoLee	
557	0:04:42	1/1/2019 	275010	391.00	9.00	12.11	10.58	101815.62	50830	0	Tsung-DaoLee	
558	0:04:42	1/1/2019 	275273	948.00	577.00	99.81	10.58	101815.62	1828	0	Tsung-DaoLee	
559	0:04:42	1/1/2019 	275279	82.00	8.00	6.17	10.58	101815.62	1828	0	Tsung-DaoLee	
560	0:04:45	1/1/2019 	278649	401.00	9.00	12.19	10.61	101815.91	193736	0	Tsung-DaoLee	
561	0:04:46	1/1/2019 	279096	101.00	9.00	6.62	10.62	101815.98	1821	0	Tsung-DaoLee	
562	0:04:46	1/1/2019 	279834	366.00	9.00	11.87	10.62	101815.64	49799	0	Tsung-DaoLee	
563	0:04:47	1/1/2019 	280393	632.00	10.00	14.63	10.62	101815.70	4259	0	Tsung-DaoLee	
564	0:04:47	1/1/2019 	280480	943.00	150.00	39.29	10.62	101815.70	1822	0	Tsung-DaoLee	
565	0:04:48	1/1/2019 	281122	307.00	9.00	11.19	10.63	101815.28	49800	0	Tsung-DaoLee	
566	0:04:48	1/1/2019 	281304	200.00	8.00	9.30	10.63	101815.28	1822	0	Tsung-DaoLee	
567	0:04:48	1/1/2019 	281408	727.00	16.00	17.00	10.63	101815.28	1821	0	Tsung-DaoLee	
568	0:04:48	1/1/2019 	281557	66.00	9.00	5.93	10.64	101815.52	49800	0	Tsung-DaoLee	
569	0:04:48	1/1/2019 	281676	664.00	10.00	14.89	10.64	101815.52	5105	0	Tsung-DaoLee	
570	0:04:48	1/1/2019 	281766	185.00	9.00	8.95	10.64	101815.52	1821	0	Tsung-DaoLee	
571	0:04:48	1/1/2019 	281909	126.00	9.00	7.33	10.64	101815.52	1820	0	Tsung-DaoLee	
572	0:04:50	1/1/2019 	283117	151.00	9.00	8.05	10.65	101814.75	49798	0	Tsung-DaoLee	
573	0:04:50	1/1/2019 	283322	727.00	15.00	16.69	10.65	101814.75	1820	0	Tsung-DaoLee	
574	0:04:51	1/1/2019 	284336	942.00	140.00	37.63	10.66	101814.89	49799	0	Tsung-DaoLee	
575	0:04:51	1/1/2019 	284433	949.00	311.00	58.90	10.66	101814.89	2787	0	Tsung-DaoLee	
576	0:04:51	1/1/2019 	284440	124.00	9.00	7.27	10.66	101814.89	1820	0	Tsung-DaoLee	
577	0:04:51	1/1/2019 	284846	83.00	8.00	6.19	10.66	101815.00	49799	0	Tsung-DaoLee	
578	0:04:52	1/1/2019 	285646	558.00	9.00	13.50	10.66	101814.62	49800	0	Tsung-DaoLee	
579	0:04:52	1/1/2019 	285945	392.00	9.00	12.12	10.67	101814.53	1826	0	Tsung-DaoLee	
580	0:04:55	1/1/2019 	288360	541.00	9.00	13.31	10.69	101814.52	97776	0	Tsung-DaoLee	
581	0:04:56	1/1/2019 	289186	396.00	9.00	12.15	10.69	101814.17	50725	0	Tsung-DaoLee	
582	0:04:56	1/1/2019 	289239	834.00	41.00	21.65	10.69	101814.17	1822	0	Tsung-DaoLee	
583	0:04:56	1/1/2019 	289562	150.00	9.00	8.02	10.70	101814.09	49799	0	Tsung-DaoLee	
584	0:04:57	1/1/2019 	290109	945.00	260.00	51.40	10.70	101814.31	2668	1	Tsung-DaoLee	
585	0:04:57	1/1/2019 	290350	460.00	9.00	12.63	10.71	101814.14	1821	0	Tsung-DaoLee	
586	0:04:57	1/1/2019 	290707	419.00	9.00	12.33	10.71	101814.14	49801	0	Tsung-DaoLee	
587	0:04:59	1/1/2019 	292673	146.00	9.00	7.91	10.72	101813.44	99284	0	Tsung-DaoLee	
588	0:04:59	1/1/2019 	292788	67.00	8.00	5.94	10.72	101813.44	1821	0	Tsung-DaoLee	
589	0:04:59	1/1/2019 	292849	550.00	9.00	13.40	10.73	101813.52	1819	0	Tsung-DaoLee	
590	0:05:00	1/1/2019 	293090	231.00	9.00	9.96	10.73	101813.52	1820	0	Tsung-DaoLee	
591	0:05:00	1/1/2019 	293095	614.00	9.00	14.20	10.73	101813.52	1820	0	Tsung-DaoLee	
592	0:05:00	1/1/2019 	293345	946.00	168.00	41.89	10.73	101813.52	1820	0	Tsung-DaoLee	
593	0:05:00	1/1/2019 	293888	704.00	12.00	15.66	10.73	101813.11	50778	0	Tsung-DaoLee	
594	0:05:01	1/1/2019 	294001	696.00	12.00	15.65	10.73	101813.11	1822	0	Tsung-DaoLee	
595	0:05:01	1/1/2019 	294236	147.00	8.00	7.93	10.73	101813.11	1822	0	Tsung-DaoLee	
596	0:05:01	1/1/2019 	294924	136.00	9.00	7.62	10.74	101813.41	49799	0	Tsung-DaoLee	
597	0:05:02	1/1/2019 	295433	206.00	9.00	9.44	10.74	101813.07	1819	0	Tsung-DaoLee	
598	0:05:02	1/1/2019 	295860	137.00	8.00	7.64	10.74	101813.07	49801	0	Tsung-DaoLee	
599	0:05:02	1/1/2019 	295993	647.00	10.00	14.78	10.75	101813.14	2803	0	Tsung-DaoLee	
600	0:05:03	1/1/2019 	296188	681.00	12.00	15.60	10.75	101813.14	1820	0	Tsung-DaoLee	
601	0:05:03	1/1/2019 	296787	945.00	144.00	38.31	10.75	101812.80	49801	0	Tsung-DaoLee	
602	0:05:04	1/1/2019 	297048	387.00	9.00	12.07	10.76	101812.72	1821	0	Tsung-DaoLee	
603	0:05:04	1/1/2019 	297463	415.00	9.00	12.30	10.76	101812.95	1821	0	Tsung-DaoLee	
604	0:05:04	1/1/2019 	297478	201.00	9.00	9.33	10.76	101812.95	1821	0	Tsung-DaoLee	
605	0:05:04	1/1/2019 	297917	943.00	181.00	43.46	10.76	101812.95	50785	0	Tsung-DaoLee	
606	0:05:08	1/1/2019 	301142	652.00	10.00	14.82	10.79	101812.63	145761	0	Tsung-DaoLee	
607	0:05:08	1/1/2019 	301201	266.00	9.00	10.58	10.79	101812.63	2728	0	Tsung-DaoLee	
608	0:05:08	1/1/2019 	301570	518.00	9.00	13.08	10.79	101812.41	49799	0	Tsung-DaoLee	
609	0:05:09	1/1/2019 	302487	686.00	12.00	15.62	10.80	101812.48	1821	0	Tsung-DaoLee	
610	0:05:11	1/1/2019 	304965	86.00	8.00	6.26	10.82	101812.30	145757	0	Tsung-DaoLee	
611	0:05:11	1/1/2019 	305048	125.00	9.00	7.30	10.82	101812.30	3360	0	Tsung-DaoLee	
612	0:05:12	1/1/2019 	305780	517.00	9.00	13.07	10.83	101812.36	49799	0	Tsung-DaoLee	
613	0:05:13	1/1/2019 	306480	265.00	9.00	10.57	10.83	101812.58	1822	0	Tsung-DaoLee	
614	0:05:13	1/1/2019 	306640	630.00	10.00	14.61	10.83	101812.58	49799	0	Tsung-DaoLee	
615	0:05:14	1/1/2019 	307972	171.00	9.00	8.60	10.85	101812.54	49801	0	Tsung-DaoLee	
616	0:05:15	1/1/2019 	308449	813.00	37.00	21.18	10.85	101812.77	1821	0	Tsung-DaoLee	
617	0:05:17	1/1/2019 	310330	939.00	124.00	34.70	10.87	101813.30	98792	0	Tsung-DaoLee	
618	0:05:17	1/1/2019 	310360	480.00	9.00	12.77	10.87	101813.30	2763	0	Tsung-DaoLee	
619	0:05:17	1/1/2019 	310384	901.00	78.00	26.14	10.87	101813.30	1821	1	Tsung-DaoLee	
620	0:05:17	1/1/2019 	311075	604.00	9.00	14.07	10.87	101813.38	49801	0	Tsung-DaoLee	
621	0:05:19	1/1/2019 	312559	776.00	28.00	19.86	10.89	101813.66	97782	0	Tsung-DaoLee	
622	0:05:20	1/1/2019 	313183	180.00	9.00	8.83	10.89	101813.47	1821	0	Tsung-DaoLee	
623	0:05:20	1/1/2019 	313704	944.00	131.00	36.02	10.89	101813.86	51359	1	Tsung-DaoLee	
624	0:05:20	1/1/2019 	314056	914.00	89.00	27.99	10.90	101813.83	1821	1	Tsung-DaoLee	
625	0:05:22	1/1/2019 	315226	77.00	9.00	6.08	10.90	101814.00	49799	0	Tsung-DaoLee	
626	0:05:22	1/1/2019 	315657	864.00	52.00	22.81	10.91	101814.13	49802	0	Tsung-DaoLee	
627	0:05:22	1/1/2019 	315973	793.00	31.00	20.37	10.91	101814.27	1821	0	Tsung-DaoLee	
628	0:05:23	1/1/2019 	316428	177.00	12.00	8.77	10.91	101814.27	1821	0	Tsung-DaoLee	
629	0:05:23	1/1/2019 	316777	949.00	717.00	129.25	10.91	101814.20	50832	1	Tsung-DaoLee	
630	0:05:23	1/1/2019 	316835	68.00	9.00	5.95	10.91	101814.20	1821	0	Tsung-DaoLee	
631	0:05:25	1/1/2019 	318154	942.00	253.00	50.58	10.92	101814.72	49799	0	Tsung-DaoLee	
632	0:05:26	1/1/2019 	319287	167.00	9.00	8.49	10.92	101815.11	49802	0	Tsung-DaoLee	
633	0:05:27	1/1/2019 	320217	889.00	67.00	24.55	10.93	101815.05	49801	0	Tsung-DaoLee	
634	0:05:27	1/1/2019 	320779	138.00	9.00	7.68	10.93	101815.00	50780	0	Tsung-DaoLee	
635	0:05:28	1/1/2019 	321311	578.00	9.00	13.74	10.93	101814.81	3508	0	Tsung-DaoLee	
636	0:05:29	1/1/2019 	322440	939.00	218.00	47.10	10.94	101814.56	49801	1	Tsung-DaoLee	
637	0:05:29	1/1/2019 	322977	104.00	9.00	6.70	10.94	101814.54	49803	0	Tsung-DaoLee	
638	0:05:30	1/1/2019 	323285	387.00	9.00	12.07	10.94	101814.64	1819	0	Tsung-DaoLee	
639	0:05:30	1/1/2019 	323901	676.00	11.00	15.26	10.95	101814.91	49801	0	Tsung-DaoLee	
640	0:05:31	1/1/2019 	324172	810.00	43.00	21.82	10.95	101814.69	1821	0	Tsung-DaoLee	
641	0:05:31	1/1/2019 	325101	890.00	70.00	24.95	10.95	101814.50	53086	0	Tsung-DaoLee	
642	0:05:32	1/1/2019 	325605	938.00	115.00	32.96	10.95	101814.44	49801	0	Tsung-DaoLee	
643	0:05:32	1/1/2019 	325961	907.00	80.00	26.46	10.96	101814.41	1821	0	Tsung-DaoLee	
644	0:05:32	1/1/2019 	326045	586.00	9.00	13.84	10.96	101814.41	1821	0	Tsung-DaoLee	
645	0:05:32	1/1/2019 	326089	867.00	56.00	23.23	10.96	101814.41	1820	0	Tsung-DaoLee	
646	0:05:33	1/1/2019 	326482	448.00	9.00	12.55	10.96	101814.64	1821	0	Tsung-DaoLee	
647	0:05:34	1/1/2019 	327982	882.00	67.00	24.54	10.97	101814.53	98729	0	Tsung-DaoLee	
648	0:05:35	1/1/2019 	328594	92.00	9.00	6.39	10.97	101814.91	49802	0	Tsung-DaoLee	
649	0:05:35	1/1/2019 	328684	536.00	9.00	13.25	10.97	101814.91	1820	0	Tsung-DaoLee	
650	0:05:36	1/1/2019 	329365	189.00	9.00	9.05	10.98	101814.86	1821	0	Tsung-DaoLee	
651	0:05:36	1/1/2019 	330105	833.00	43.00	21.86	10.98	101814.70	49803	0	Tsung-DaoLee	
652	0:05:36	1/1/2019 	330113	945.00	329.00	62.06	10.98	101814.70	2667	0	Tsung-DaoLee	
653	0:05:37	1/1/2019 	330644	201.00	9.00	9.33	10.98	101814.80	51300	0	Tsung-DaoLee	
654	0:05:37	1/1/2019 	330723	63.00	9.00	5.91	10.98	101814.80	1820	0	Tsung-DaoLee	
655	0:05:37	1/1/2019 	330782	863.00	55.00	23.12	10.98	101814.80	1820	0	Tsung-DaoLee	
656	0:05:37	1/1/2019 	331029	182.00	9.00	8.88	10.98	101814.94	1821	0	Tsung-DaoLee	
657	0:05:38	1/1/2019 	331589	248.00	9.00	10.28	10.98	101814.46	49800	0	Tsung-DaoLee	
658	0:05:39	1/1/2019 	332939	146.00	9.00	7.91	10.99	101814.38	49802	0	Tsung-DaoLee	
659	0:05:40	1/1/2019 	333276	944.00	127.00	35.27	10.99	101814.38	2799	1	Tsung-DaoLee	
660	0:05:40	1/1/2019 	333668	917.00	94.00	28.89	10.99	101814.35	49807	0	Tsung-DaoLee	
661	0:05:41	1/1/2019 	334896	942.00	161.00	40.94	10.99	101814.29	49801	0	Tsung-DaoLee	
662	0:05:42	1/1/2019 	335463	658.00	10.00	14.86	11.00	101814.42	1822	0	Tsung-DaoLee	
663	0:05:42	1/1/2019 	335683	852.00	49.00	22.49	11.00	101814.42	49801	0	Tsung-DaoLee	
664	0:05:42	1/1/2019 	335844	125.00	9.00	7.30	11.00	101814.42	2797	0	Tsung-DaoLee	
665	0:05:42	1/1/2019 	336022	248.00	9.00	10.28	11.00	101814.39	1819	0	Tsung-DaoLee	
666	0:05:43	1/1/2019 	336659	434.00	9.00	12.45	11.00	101814.23	49800	0	Tsung-DaoLee	
667	0:05:43	1/1/2019 	336774	367.00	9.00	11.88	11.00	101814.23	1821	0	Tsung-DaoLee	
668	0:05:43	1/1/2019 	337048	942.00	177.00	43.00	11.00	101814.49	1821	1	Tsung-DaoLee	
669	0:05:44	1/1/2019 	337382	657.00	10.00	14.85	11.00	101814.49	1822	0	Tsung-DaoLee	
670	0:05:44	1/1/2019 	337892	85.00	9.00	6.24	11.00	101814.47	50781	0	Tsung-DaoLee	
671	0:05:45	1/1/2019 	338355	942.00	190.00	44.43	11.01	101814.44	1819	0	Tsung-DaoLee	
672	0:05:46	1/1/2019 	339204	123.00	9.00	7.24	11.01	101814.83	49799	0	Tsung-DaoLee	
673	0:05:46	1/1/2019 	339982	129.00	9.00	7.41	11.01	101814.92	49802	0	Tsung-DaoLee	
674	0:05:47	1/1/2019 	340348	945.00	127.00	35.27	11.02	101815.21	2720	1	Tsung-DaoLee	
675	0:05:47	1/1/2019 	340969	87.00	8.00	6.28	11.02	101815.34	49803	0	Tsung-DaoLee	
676	0:05:48	1/1/2019 	341808	668.00	11.00	15.22	11.02	101815.73	51332	0	Tsung-DaoLee	
677	0:05:48	1/1/2019 	342034	945.00	130.00	35.83	11.02	101815.73	1822	1	Tsung-DaoLee	
678	0:05:49	1/1/2019 	342423	77.00	9.00	6.08	11.03	101815.83	1821	0	Tsung-DaoLee	
679	0:05:49	1/1/2019 	342872	943.00	126.00	35.08	11.03	101815.95	49801	1	Tsung-DaoLee	
680	0:05:49	1/1/2019 	342877	163.00	8.00	8.38	11.03	101815.95	1821	0	Tsung-DaoLee	
681	0:05:49	1/1/2019 	342949	931.00	103.00	30.61	11.03	101815.95	1820	1	Tsung-DaoLee	
682	0:05:50	1/1/2019 	343340	597.00	9.00	13.99	11.03	101816.09	2825	0	Tsung-DaoLee	
683	0:05:53	1/1/2019 	346735	881.00	65.00	24.29	11.05	101817.35	193739	0	Tsung-DaoLee	
684	0:05:53	1/1/2019 	346847	588.00	9.00	13.87	11.06	101817.90	1822	0	Tsung-DaoLee	
685	0:05:53	1/1/2019 	346939	341.00	9.00	11.61	11.06	101817.90	1821	0	Tsung-DaoLee	
686	0:05:54	1/1/2019 	347237	743.00	18.00	17.61	11.06	101817.90	1821	0	Tsung-DaoLee	
687	0:05:54	1/1/2019 	347833	97.00	9.00	6.52	11.06	101817.66	49799	0	Tsung-DaoLee	
688	0:05:55	1/1/2019 	348418	129.00	9.00	7.41	11.07	101817.88	2829	0	Tsung-DaoLee	
689	0:05:55	1/1/2019 	348548	631.00	10.00	14.62	11.07	101817.88	49800	0	Tsung-DaoLee	
690	0:05:55	1/1/2019 	348726	949.00	330.00	62.25	11.07	101817.88	2002	1	Tsung-DaoLee	
691	0:05:56	1/1/2019 	349988	868.00	57.00	23.34	11.08	101817.59	49802	0	Tsung-DaoLee	
692	0:05:58	1/1/2019 	351762	941.00	231.00	48.31	11.09	101817.57	98725	1	Tsung-DaoLee	
693	0:05:58	1/1/2019 	351914	639.00	10.00	14.70	11.09	101817.23	1821	0	Tsung-DaoLee	
694	0:05:59	1/1/2019 	352428	160.00	8.00	8.30	11.09	101817.61	3384	0	Tsung-DaoLee	
695	0:06:00	1/1/2019 	353746	680.00	11.00	15.27	11.10	101817.97	97778	0	Tsung-DaoLee	
696	0:06:01	1/1/2019 	354185	942.00	120.00	33.93	11.11	101818.05	1822	1	Tsung-DaoLee	
697	0:06:01	1/1/2019 	354310	236.00	9.00	10.06	11.11	101818.05	1821	0	Tsung-DaoLee	
698	0:06:01	1/1/2019 	355084	629.00	9.00	14.36	11.11	101818.25	49801	0	Tsung-DaoLee	
699	0:06:02	1/1/2019 	355442	941.00	124.00	34.70	11.11	101818.25	1819	0	Tsung-DaoLee	
700	0:06:02	1/1/2019 	356094	96.00	8.00	6.49	11.12	101818.45	50830	0	Tsung-DaoLee	
701	0:06:02	1/1/2019 	356112	944.00	172.00	42.40	11.12	101818.45	1820	1	Tsung-DaoLee	
702	0:06:03	1/1/2019 	356276	334.00	9.00	11.53	11.12	101818.45	1820	0	Tsung-DaoLee	
703	0:06:03	1/1/2019 	356306	639.00	10.00	14.70	11.12	101818.45	1820	0	Tsung-DaoLee	
704	0:06:03	1/1/2019 	356752	851.00	53.00	22.89	11.12	101818.52	49801	0	Tsung-DaoLee	
705	0:06:03	1/1/2019 	356829	880.00	62.00	23.92	11.12	101818.52	1821	0	Tsung-DaoLee	
706	0:06:04	1/1/2019 	357401	522.00	9.00	13.12	11.13	101818.49	2960	0	Tsung-DaoLee	
707	0:06:04	1/1/2019 	357693	252.00	8.00	10.33	11.13	101818.56	49802	0	Tsung-DaoLee	
708	0:06:04	1/1/2019 	357800	575.00	9.00	13.70	11.13	101818.56	1820	0	Tsung-DaoLee	
709	0:06:04	1/1/2019 	357906	948.00	225.00	47.75	11.13	101818.56	1821	1	Tsung-DaoLee	
710	0:06:05	1/1/2019 	358722	101.00	9.00	6.62	11.14	101818.45	49801	0	Tsung-DaoLee	
711	0:06:06	1/1/2019 	359945	93.00	9.00	6.42	11.15	101818.59	49803	0	Tsung-DaoLee	
712	0:06:07	1/1/2019 	360898	174.00	9.00	8.68	11.16	101818.02	54482	0	Tsung-DaoLee	
713	0:06:08	1/1/2019 	362034	912.00	92.00	28.52	11.17	101818.34	49801	0	Tsung-DaoLee	
714	0:06:08	1/1/2019 	362042	919.00	91.00	28.35	11.17	101818.34	1823	0	Tsung-DaoLee	
715	0:06:08	1/1/2019 	362105	942.00	187.00	44.12	11.17	101818.34	1821	1	Tsung-DaoLee	
716	0:06:09	1/1/2019 	362149	887.00	68.00	24.68	11.17	101818.34	1820	0	Tsung-DaoLee	
717	0:06:09	1/1/2019 	362231	944.00	349.00	65.70	11.17	101817.81	1822	1	Tsung-DaoLee	
718	0:06:09	1/1/2019 	362404	475.00	9.00	12.74	11.17	101817.81	2772	0	Tsung-DaoLee	
719	0:06:09	1/1/2019 	362477	943.00	141.00	37.80	11.17	101817.81	1820	1	Tsung-DaoLee	
720	0:06:09	1/1/2019 	363048	948.00	330.00	62.25	11.17	101817.76	49801	0	Tsung-DaoLee	
721	0:06:10	1/1/2019 	363240	609.00	9.00	14.14	11.18	101817.83	1821	0	Tsung-DaoLee	
722	0:06:11	1/1/2019 	364402	149.00	8.00	7.99	11.19	101817.56	49802	0	Tsung-DaoLee	
723	0:06:12	1/1/2019 	365261	772.00	27.00	19.68	11.19	101817.45	49801	0	Tsung-DaoLee	
724	0:06:12	1/1/2019 	365592	653.00	10.00	14.83	11.19	101817.45	50758	0	Tsung-DaoLee	
725	0:06:12	1/1/2019 	365620	946.00	412.00	76.09	11.19	101817.45	1821	1	Tsung-DaoLee	
726	0:06:13	1/1/2019 	366266	451.00	9.00	12.57	11.20	101817.52	1822	0	Tsung-DaoLee	
727	0:06:13	1/1/2019 	366401	94.00	9.00	6.44	11.20	101817.17	1821	0	Tsung-DaoLee	
728	0:06:13	1/1/2019 	366418	946.00	127.00	35.27	11.20	101817.17	1820	0	Tsung-DaoLee	
729	0:06:13	1/1/2019 	366630	765.00	24.00	19.10	11.20	101817.17	49805	0	Tsung-DaoLee	
730	0:06:13	1/1/2019 	366697	500.00	9.00	12.93	11.20	101817.17	2783	0	Tsung-DaoLee	
731	0:06:14	1/1/2019 	367715	66.00	8.00	5.93	11.21	101817.47	49802	0	Tsung-DaoLee	
732	0:06:14	1/1/2019 	368040	375.00	9.00	11.96	11.21	101817.13	1820	0	Tsung-DaoLee	
733	0:06:15	1/1/2019 	368640	944.00	274.00	53.18	11.22	101817.20	49803	1	Tsung-DaoLee	
734	0:06:16	1/1/2019 	369639	941.00	126.00	35.08	11.23	101817.41	49804	0	Tsung-DaoLee	
735	0:06:17	1/1/2019 	370244	61.00	8.00	5.90	11.23	101817.03	2691	0	Tsung-DaoLee	
736	0:06:17	1/1/2019 	371010	948.00	275.00	53.32	11.24	101817.23	51416	0	Tsung-DaoLee	
737	0:06:18	1/1/2019 	371841	96.00	9.00	6.49	11.24	101817.05	49801	0	Tsung-DaoLee	
738	0:06:18	1/1/2019 	372071	85.00	8.00	6.24	11.24	101816.83	1821	0	Tsung-DaoLee	
739	0:06:19	1/1/2019 	372277	109.00	9.00	6.84	11.24	101816.83	1820	0	Tsung-DaoLee	
740	0:06:19	1/1/2019 	372385	567.00	9.00	13.60	11.24	101816.83	1820	0	Tsung-DaoLee	
741	0:06:20	1/1/2019 	374122	339.00	9.00	11.58	11.25	101816.19	97782	0	Tsung-DaoLee	
742	0:06:21	1/1/2019 	374185	942.00	181.00	43.46	11.25	101816.19	2802	1	Tsung-DaoLee	
743	0:06:21	1/1/2019 	374943	160.00	9.00	8.30	11.26	101816.27	49802	0	Tsung-DaoLee	
744	0:06:22	1/1/2019 	375153	182.00	9.00	8.88	11.26	101815.89	1820	0	Tsung-DaoLee	
745	0:06:22	1/1/2019 	375309	460.00	9.00	12.63	11.26	101815.89	1821	0	Tsung-DaoLee	
746	0:06:23	1/1/2019 	377054	942.00	272.00	52.91	11.27	101815.25	97783	1	Tsung-DaoLee	
747	0:06:24	1/1/2019 	377241	390.00	9.00	12.10	11.27	101815.25	1823	0	Tsung-DaoLee	
748	0:06:24	1/1/2019 	377279	945.00	130.00	35.83	11.27	101815.25	2810	1	Tsung-DaoLee	
749	0:06:24	1/1/2019 	377497	273.00	9.00	10.69	11.27	101815.25	1822	0	Tsung-DaoLee	
750	0:06:24	1/1/2019 	377595	769.00	25.00	19.30	11.28	101815.31	49799	0	Tsung-DaoLee	
751	0:06:24	1/1/2019 	377749	954.00	896.00	169.48	11.28	101815.31	1821	1	Tsung-DaoLee	
752	0:06:25	1/1/2019 	378375	287.00	9.00	10.91	11.28	101814.94	1821	0	Tsung-DaoLee	
753	0:06:25	1/1/2019 	378414	110.00	9.00	6.87	11.28	101814.94	1821	0	Tsung-DaoLee	
754	0:06:25	1/1/2019 	378616	88.00	9.00	6.30	11.28	101814.76	50793	0	Tsung-DaoLee	
755	0:06:26	1/1/2019 	379567	160.00	8.00	8.30	11.29	101814.83	49801	0	Tsung-DaoLee	
756	0:06:26	1/1/2019 	379574	948.00	618.00	109.03	11.29	101814.83	2740	1	Tsung-DaoLee	
757	0:06:26	1/1/2019 	379742	137.00	8.00	7.64	11.29	101814.48	1821	0	Tsung-DaoLee	
758	0:06:27	1/1/2019 	380791	644.00	10.00	14.75	11.29	101813.92	49802	0	Tsung-DaoLee	
759	0:06:28	1/1/2019 	381222	178.00	8.00	8.77	11.30	101814.00	1822	0	Tsung-DaoLee	
760	0:06:28	1/1/2019 	381803	864.00	47.00	22.30	11.30	101813.66	51349	0	Tsung-DaoLee	
761	0:06:29	1/1/2019 	382550	89.00	9.00	6.32	11.31	101813.88	49803	0	Tsung-DaoLee	
762	0:06:30	1/1/2019 	383938	888.00	68.00	24.68	11.32	101813.42	49804	0	Tsung-DaoLee	
763	0:06:31	1/1/2019 	384875	597.00	10.00	14.16	11.32	101813.31	49803	0	Tsung-DaoLee	
764	0:06:31	1/1/2019 	384909	947.00	143.00	38.14	11.32	101813.31	1821	0	Tsung-DaoLee	
765	0:06:31	1/1/2019 	385049	946.00	394.00	73.41	11.32	101813.31	1820	0	Tsung-DaoLee	
766	0:06:32	1/1/2019 	385219	245.00	9.00	10.22	11.32	101813.31	2799	0	Tsung-DaoLee	
767	0:06:32	1/1/2019 	385757	455.00	9.00	12.59	11.33	101813.09	49803	0	Tsung-DaoLee	
768	0:06:33	1/1/2019 	386470	941.00	232.00	48.41	11.33	101813.30	1820	1	Tsung-DaoLee	
769	0:06:34	1/1/2019 	387298	113.00	9.00	6.95	11.34	101813.53	49804	0	Tsung-DaoLee	
770	0:06:35	1/1/2019 	388348	354.00	9.00	11.75	11.34	101813.48	49802	0	Tsung-DaoLee	
771	0:06:35	1/1/2019 	388742	949.00	292.00	55.79	11.35	101813.86	49803	1	Tsung-DaoLee	
772	0:06:37	1/1/2019 	390186	871.00	65.00	24.27	11.36	101814.16	50796	0	Tsung-DaoLee	
773	0:06:37	1/1/2019 	390659	960.00	928.00	197.79	11.36	101813.81	50761	0	Tsung-DaoLee	
774	0:06:37	1/1/2019 	390688	910.00	85.00	27.29	11.36	101813.81	1821	0	Tsung-DaoLee	
775	0:06:37	1/1/2019 	390933	104.00	8.00	6.70	11.36	101813.60	1820	0	Tsung-DaoLee	
776	0:06:37	1/1/2019 	390991	646.00	10.00	14.77	11.36	101813.60	1819	0	Tsung-DaoLee	
777	0:06:38	1/1/2019 	391148	940.00	119.00	33.74	11.36	101813.60	1821	0	Tsung-DaoLee	
778	0:06:38	1/1/2019 	391275	143.00	9.00	7.82	11.36	101813.60	3398	0	Tsung-DaoLee	
779	0:06:38	1/1/2019 	391455	398.00	9.00	12.17	11.37	101813.86	1820	0	Tsung-DaoLee	
780	0:06:38	1/1/2019 	391867	866.00	53.00	22.91	11.37	101813.86	49801	0	Tsung-DaoLee	
781	0:06:39	1/1/2019 	392321	63.00	8.00	5.91	11.37	101813.80	1820	0	Tsung-DaoLee	
782	0:06:39	1/1/2019 	392401	91.00	9.00	6.37	11.37	101813.80	1820	0	Tsung-DaoLee	
783	0:06:39	1/1/2019 	392615	647.00	10.00	14.78	11.38	101814.06	49801	0	Tsung-DaoLee	
784	0:06:39	1/1/2019 	392967	69.00	8.00	5.97	11.38	101814.06	5099	0	Tsung-DaoLee	
785	0:06:40	1/1/2019 	393996	140.00	9.00	7.74	11.39	101814.83	49801	0	Tsung-DaoLee	
786	0:06:41	1/1/2019 	395131	939.00	149.00	39.13	11.39	101819.95	49805	1	Tsung-DaoLee	
787	0:06:42	1/1/2019 	395181	939.00	117.00	33.35	11.39	101819.95	1823	1	Tsung-DaoLee	
788	0:06:42	1/1/2019 	395871	947.00	147.00	38.81	11.40	101833.14	49804	0	Tsung-DaoLee	
789	0:06:42	1/1/2019 	395913	780.00	29.00	20.03	11.40	101833.14	1822	0	Tsung-DaoLee	
790	0:06:42	1/1/2019 	395939	148.00	9.00	7.97	11.40	101833.14	2770	0	Tsung-DaoLee	
791	0:06:43	1/1/2019 	396305	87.00	9.00	6.28	11.40	101849.00	1820	0	Tsung-DaoLee	
792	0:06:43	1/1/2019 	397101	382.00	9.00	12.03	11.41	101877.73	49802	0	Tsung-DaoLee	
793	0:06:44	1/1/2019 	397357	704.00	13.00	16.00	11.41	101877.73	1821	0	Tsung-DaoLee	
794	0:06:44	1/1/2019 	397709	125.00	8.00	7.29	11.41	101890.95	49802	0	Tsung-DaoLee	
795	0:06:44	1/1/2019 	397856	576.00	9.00	13.72	11.41	101890.95	1820	0	Tsung-DaoLee	
796	0:06:46	1/1/2019 	400075	103.00	9.00	6.67	11.42	101936.88	98740	0	Tsung-DaoLee	
797	0:06:46	1/1/2019 	400124	719.00	15.00	16.67	11.42	101936.88	2681	1	Tsung-DaoLee	
798	0:06:47	1/1/2019 	400445	384.00	9.00	12.04	11.43	101947.09	1826	0	Tsung-DaoLee	
799	0:06:47	1/1/2019 	400554	645.00	10.00	14.76	11.43	101947.09	49800	0	Tsung-DaoLee	
800	0:06:47	1/1/2019 	400659	872.00	62.00	23.91	11.43	101947.09	1822	0	Tsung-DaoLee	
801	0:06:47	1/1/2019 	400893	948.00	126.00	35.08	11.43	101956.50	1819	0	Tsung-DaoLee	
802	0:06:48	1/1/2019 	401239	624.00	9.00	14.31	11.44	101965.88	3327	0	Tsung-DaoLee	
803	0:06:49	1/1/2019 	402292	101.00	8.00	6.62	11.44	101982.22	49804	0	Tsung-DaoLee	
804	0:06:49	1/1/2019 	402743	946.00	134.00	36.57	11.45	101989.86	49800	1	Tsung-DaoLee	
805	0:06:49	1/1/2019 	403118	755.00	22.00	18.64	11.45	101989.86	1822	0	Tsung-DaoLee	
806	0:06:50	1/1/2019 	403764	685.00	12.00	15.61	11.45	102004.25	49801	0	Tsung-DaoLee	
807	0:06:50	1/1/2019 	403908	129.00	9.00	7.41	11.45	102004.25	1822	0	Tsung-DaoLee	
808	0:06:52	1/1/2019 	405203	943.00	160.00	40.80	11.46	102017.53	50777	1	Tsung-DaoLee	
809	0:06:54	1/1/2019 	407157	188.00	9.00	9.03	11.48	102083.02	97782	0	Tsung-DaoLee	
810	0:06:55	1/1/2019 	408338	195.00	7.00	9.17	11.48	102122.17	49802	0	Tsung-DaoLee	
811	0:06:55	1/1/2019 	408883	738.00	17.00	17.31	11.49	102169.36	49801	0	Tsung-DaoLee	
812	0:06:56	1/1/2019 	409432	373.00	9.00	11.94	11.49	102190.88	1823	0	Tsung-DaoLee	
813	0:06:56	1/1/2019 	410005	944.00	124.00	34.70	11.50	102210.56	49806	1	Tsung-DaoLee	
814	0:06:57	1/1/2019 	410896	834.00	45.00	22.06	11.50	102229.23	52097	0	Tsung-DaoLee	
815	0:06:57	1/1/2019 	410995	683.00	11.00	15.28	11.51	102246.66	1822	0	Tsung-DaoLee	
816	0:06:57	1/1/2019 	411099	950.00	466.00	82.81	11.51	102246.66	1821	0	Tsung-DaoLee	
817	0:06:58	1/1/2019 	411258	459.00	9.00	12.62	11.51	102246.66	1821	0	Tsung-DaoLee	
818	0:06:58	1/1/2019 	411260	311.00	9.00	11.24	11.51	102246.66	1820	0	Tsung-DaoLee	
819	0:06:58	1/1/2019 	411318	912.00	86.00	27.46	11.51	102246.66	1820	1	Tsung-DaoLee	
820	0:06:58	1/1/2019 	411990	948.00	272.00	52.91	11.51	102278.23	50799	1	Tsung-DaoLee	
821	0:06:59	1/1/2019 	412569	751.00	20.00	18.15	11.52	102292.41	49801	0	Tsung-DaoLee	
822	0:07:00	1/1/2019 	413183	74.00	9.00	6.03	11.52	102305.78	1822	0	Tsung-DaoLee	
823	0:07:01	1/1/2019 	414392	63.00	8.00	5.91	11.53	102332.14	49801	0	Tsung-DaoLee	
824	0:07:02	1/1/2019 	415303	458.00	9.00	12.62	11.53	102362.78	49800	0	Tsung-DaoLee	
825	0:07:02	1/1/2019 	415832	457.00	9.00	12.61	11.54	102376.61	49803	0	Tsung-DaoLee	
826	0:07:03	1/1/2019 	416478	392.00	9.00	12.12	11.54	102389.63	2824	0	Tsung-DaoLee	
827	0:07:04	1/1/2019 	417235	905.00	78.00	26.14	11.55	102422.96	49802	0	Tsung-DaoLee	
828	0:07:04	1/1/2019 	417698	120.00	9.00	7.15	11.55	102439.91	49801	0	Tsung-DaoLee	
829	0:07:04	1/1/2019 	417883	872.00	61.00	23.79	11.55	102439.91	1820	0	Tsung-DaoLee	
830	0:07:05	1/1/2019 	418820	255.00	9.00	10.40	11.56	102469.13	49801	1	Tsung-DaoLee	
831	0:07:05	1/1/2019 	419109	942.00	130.00	35.83	11.56	102469.13	1822	1	Tsung-DaoLee	
832	0:07:06	1/1/2019 	419189	381.00	9.00	12.02	11.56	102482.04	2830	0	Tsung-DaoLee	
833	0:07:06	1/1/2019 	419202	726.00	16.00	16.99	11.56	102482.04	1822	0	Tsung-DaoLee	
834	0:07:06	1/1/2019 	419460	948.00	388.00	72.46	11.56	102482.04	1820	1	Tsung-DaoLee	
835	0:07:06	1/1/2019 	419568	466.00	9.00	12.67	11.56	102482.04	49802	0	Tsung-DaoLee	
836	0:07:06	1/1/2019 	419739	949.00	660.00	118.53	11.57	102494.89	2762	0	Tsung-DaoLee	
837	0:07:06	1/1/2019 	420010	945.00	116.00	33.15	11.57	102494.89	3384	1	Tsung-DaoLee	
838	0:07:07	1/1/2019 	420314	940.00	227.00	47.93	11.57	102506.38	1823	1	Tsung-DaoLee	
839	0:07:07	1/1/2019 	420401	946.00	136.00	36.93	11.57	102506.38	1829	1	Tsung-DaoLee	
840	0:07:07	1/1/2019 	421054	944.00	171.00	42.27	11.57	102517.36	49807	1	Tsung-DaoLee	
841	0:07:08	1/1/2019 	421307	942.00	193.00	44.74	11.58	102528.00	1821	1	Tsung-DaoLee	
842	0:07:08	1/1/2019 	421617	430.00	9.00	12.42	11.58	102528.00	49801	0	Tsung-DaoLee	
843	0:07:08	1/1/2019 	421687	346.00	9.00	11.66	11.58	102528.00	2850	0	Tsung-DaoLee	
844	0:07:09	1/1/2019 	422239	752.00	21.00	18.40	11.58	102547.20	1820	0	Tsung-DaoLee	
845	0:07:09	1/1/2019 	422822	180.00	9.00	8.83	11.59	102556.42	49801	0	Tsung-DaoLee	
846	0:07:10	1/1/2019 	423273	944.00	341.00	64.24	11.59	102564.59	1821	1	Tsung-DaoLee	
847	0:07:10	1/1/2019 	423554	666.00	10.00	14.90	11.59	102564.59	49803	0	Tsung-DaoLee	
848	0:07:10	1/1/2019 	423604	614.00	9.00	14.20	11.59	102564.59	1822	0	Tsung-DaoLee	
849	0:07:10	1/1/2019 	423943	570.00	10.00	13.78	11.60	102572.72	2855	1	Tsung-DaoLee	
850	0:07:10	1/1/2019 	424057	104.00	9.00	6.70	11.60	102572.72	1820	0	Tsung-DaoLee	
851	0:07:11	1/1/2019 	424320	457.00	10.00	12.68	11.60	102579.91	1821	0	Tsung-DaoLee	
852	0:07:11	1/1/2019 	424888	852.00	51.00	22.69	11.60	102586.83	49801	0	Tsung-DaoLee	
853	0:07:13	1/1/2019 	426485	89.00	8.00	6.32	11.61	102605.94	49800	0	Tsung-DaoLee	
854	0:07:13	1/1/2019 	427079	226.00	9.00	9.86	11.61	102611.56	49800	0	Tsung-DaoLee	
855	0:07:14	1/1/2019 	427446	968.00	949.00	249.82	11.62	102616.74	2862	0	Tsung-DaoLee	
856	0:07:14	1/1/2019 	428060	946.00	140.00	37.63	11.62	102622.02	49802	1	Tsung-DaoLee	
857	0:07:15	1/1/2019 	428556	909.00	85.00	27.29	11.62	102626.89	49802	0	Tsung-DaoLee	
858	0:07:15	1/1/2019 	428722	76.00	8.00	6.07	11.62	102626.89	1821	0	Tsung-DaoLee	
859	0:07:15	1/1/2019 	428847	946.00	144.00	38.31	11.62	102626.89	1819	1	Tsung-DaoLee	
860	0:07:17	1/1/2019 	430339	71.00	8.00	5.99	11.63	102640.45	49802	0	Tsung-DaoLee	
861	0:07:18	1/1/2019 	431295	122.00	8.00	7.21	11.64	102648.86	51978	0	Tsung-DaoLee	
862	0:07:19	1/1/2019 	432884	943.00	279.00	53.87	11.65	102659.42	97780	1	Tsung-DaoLee	
863	0:07:19	1/1/2019 	433002	709.00	13.00	16.01	11.65	102662.24	1822	0	Tsung-DaoLee	
864	0:07:22	1/1/2019 	435400	864.00	57.00	23.33	11.66	102660.95	97779	0	Tsung-DaoLee	
865	0:07:23	1/1/2019 	436247	940.00	128.00	35.46	11.67	102637.34	49802	1	Tsung-DaoLee	
866	0:07:23	1/1/2019 	436332	469.00	9.00	12.69	11.67	102637.34	1822	0	Tsung-DaoLee	
867	0:07:23	1/1/2019 	436437	325.00	9.00	11.42	11.67	102637.34	2877	0	Tsung-DaoLee	
868	0:07:23	1/1/2019 	436800	687.00	6.00	13.34	11.67	102626.59	49800	0	Tsung-DaoLee	
869	0:07:24	1/1/2019 	437809	229.00	9.00	9.92	11.68	102563.39	49799	0	Tsung-DaoLee	
870	0:07:25	1/1/2019 	438490	311.00	9.00	11.24	11.69	102517.25	1821	1	Tsung-DaoLee	
871	0:07:25	1/1/2019 	438652	946.00	261.00	51.52	11.69	102473.81	49800	1	Tsung-DaoLee	
872	0:07:26	1/1/2019 	439679	628.00	10.00	14.58	11.69	102394.74	49801	0	Tsung-DaoLee	
873	0:07:26	1/1/2019 	439894	888.00	69.00	24.82	11.69	102394.74	4059	0	Tsung-DaoLee	
874	0:07:26	1/1/2019 	439954	947.00	132.00	36.20	11.69	102394.74	1822	0	Tsung-DaoLee	
875	0:07:28	1/1/2019 	442034	941.00	236.00	48.80	11.71	102264.11	97780	0	Tsung-DaoLee	
876	0:07:28	1/1/2019 	442110	91.00	9.00	6.37	11.71	102264.11	1822	0	Tsung-DaoLee	
877	0:07:29	1/1/2019 	443002	946.00	167.00	41.76	11.71	102210.84	49800	0	Tsung-DaoLee	
878	0:07:30	1/1/2019 	443978	941.00	162.00	41.08	11.72	102164.23	49802	0	Tsung-DaoLee	
879	0:07:30	1/1/2019 	443993	889.00	68.00	24.68	11.72	102164.23	2799	0	Tsung-DaoLee	
880	0:07:30	1/1/2019 	444095	948.00	130.00	35.83	11.72	102164.23	1820	0	Tsung-DaoLee	
881	0:07:31	1/1/2019 	444352	464.00	9.00	12.66	11.72	102142.88	1823	0	Tsung-DaoLee	
882	0:07:31	1/1/2019 	444815	74.00	8.00	6.03	11.72	102122.81	49805	0	Tsung-DaoLee	
883	0:07:32	1/1/2019 	445703	847.00	45.00	22.08	11.73	102104.59	49800	0	Tsung-DaoLee	
884	0:07:32	1/1/2019 	445956	736.00	17.00	17.31	11.73	102087.22	1822	0	Tsung-DaoLee	
885	0:07:33	1/1/2019 	446816	668.00	10.00	14.91	11.73	102070.78	50783	0	Tsung-DaoLee	
886	0:07:34	1/1/2019 	447483	718.00	14.00	16.35	11.74	102041.14	1822	0	Tsung-DaoLee	
887	0:07:35	1/1/2019 	448362	943.00	137.00	37.10	11.74	102027.55	49800	1	Tsung-DaoLee	
888	0:07:35	1/1/2019 	448557	137.00	9.00	7.65	11.75	102014.91	49803	0	Tsung-DaoLee	
889	0:07:35	1/1/2019 	449014	870.00	53.00	22.92	11.75	102003.47	1820	0	Tsung-DaoLee	
890	0:07:36	1/1/2019 	449603	932.00	109.00	31.78	11.75	101992.09	49801	1	Tsung-DaoLee	
891	0:07:37	1/1/2019 	450417	943.00	165.00	41.49	11.76	101981.45	4129	0	Tsung-DaoLee	
892	0:07:38	1/1/2019 	451228	942.00	211.00	46.46	11.76	101962.89	49802	0	Tsung-DaoLee	
893	0:07:38	1/1/2019 	451994	696.00	12.00	15.65	11.77	101945.75	49802	1	Tsung-DaoLee	
894	0:07:39	1/1/2019 	452209	86.00	9.00	6.26	11.77	101945.75	1820	0	Tsung-DaoLee	
895	0:07:40	1/1/2019 	453365	94.00	8.00	6.44	11.78	101930.05	49800	0	Tsung-DaoLee	
896	0:07:40	1/1/2019 	453993	731.00	16.00	17.00	11.78	101923.08	49801	1	Tsung-DaoLee	
897	0:07:40	1/1/2019 	454090	946.00	144.00	38.31	11.78	101916.23	2928	1	Tsung-DaoLee	
898	0:07:41	1/1/2019 	454318	944.00	216.00	46.92	11.78	101916.23	1821	0	Tsung-DaoLee	
899	0:07:41	1/1/2019 	454407	402.00	9.00	12.20	11.78	101916.23	1821	0	Tsung-DaoLee	
900	0:07:42	1/1/2019 	456023	939.00	214.00	46.73	11.79	101899.62	97782	1	Tsung-DaoLee	
901	0:07:43	1/1/2019 	456470	100.00	8.00	6.59	11.80	101894.55	1827	0	Tsung-DaoLee	
902	0:07:43	1/1/2019 	456554	769.00	25.00	19.30	11.80	101894.55	49801	0	Tsung-DaoLee	
903	0:07:43	1/1/2019 	456669	89.00	9.00	6.32	11.80	101890.05	2830	0	Tsung-DaoLee	
904	0:07:44	1/1/2019 	457335	943.00	270.00	52.65	11.80	101885.45	1820	1	Tsung-DaoLee	
905	0:07:44	1/1/2019 	457354	74.00	8.00	6.03	11.80	101885.45	1821	0	Tsung-DaoLee	
906	0:07:44	1/1/2019 	457614	68.00	9.00	5.95	11.80	101885.45	49800	0	Tsung-DaoLee	
907	0:07:44	1/1/2019 	457659	950.00	288.00	55.18	11.81	101881.42	1821	0	Tsung-DaoLee	
908	0:07:44	1/1/2019 	457916	123.00	9.00	7.24	11.81	101881.42	1821	0	Tsung-DaoLee	
909	0:07:44	1/1/2019 	458136	946.00	158.00	40.51	11.81	101877.61	2834	0	Tsung-DaoLee	
910	0:07:45	1/1/2019 	458590	152.00	9.00	8.08	11.81	101877.61	49803	0	Tsung-DaoLee	
911	0:07:46	1/1/2019 	459617	945.00	590.00	102.53	11.82	101870.70	49802	1	Tsung-DaoLee	
912	0:07:46	1/1/2019 	459680	357.00	9.00	11.78	11.82	101867.17	2779	0	Tsung-DaoLee	
913	0:07:47	1/1/2019 	460243	942.00	312.00	59.07	11.83	101864.59	1820	1	Tsung-DaoLee	
914	0:07:47	1/1/2019 	460570	947.00	224.00	47.65	11.83	101864.59	49802	0	Tsung-DaoLee	
915	0:07:47	1/1/2019 	460619	420.00	9.00	12.34	11.83	101864.59	3389	0	Tsung-DaoLee	
916	0:07:48	1/1/2019 	462033	173.00	6.00	8.63	11.83	101856.38	49803	0	Tsung-DaoLee	
917	0:07:48	1/1/2019 	462105	126.00	9.00	7.33	11.83	101856.38	1828	0	Tsung-DaoLee	
918	0:07:49	1/1/2019 	462196	123.00	9.00	7.24	11.83	101856.38	1826	0	Tsung-DaoLee	
919	0:07:50	1/1/2019 	463934	152.00	9.00	8.08	11.85	101847.95	97785	0	Tsung-DaoLee	
920	0:07:50	1/1/2019 	463948	774.00	28.00	19.86	11.85	101847.95	1821	0	Tsung-DaoLee	
921	0:07:51	1/1/2019 	464989	197.00	9.00	9.24	11.85	101844.39	50836	1	Tsung-DaoLee	
922	0:07:51	1/1/2019 	465019	299.00	9.00	11.08	11.85	101844.39	1821	0	Tsung-DaoLee	
923	0:07:52	1/1/2019 	465140	944.00	204.00	45.81	11.85	101844.39	1820	1	Tsung-DaoLee	
924	0:07:52	1/1/2019 	465705	377.00	9.00	11.98	11.86	101843.10	49802	0	Tsung-DaoLee	
925	0:07:52	1/1/2019 	465962	106.00	9.00	6.76	11.86	101841.36	1821	0	Tsung-DaoLee	
926	0:07:53	1/1/2019 	466356	203.00	9.00	9.38	11.86	101840.05	1820	0	Tsung-DaoLee	
927	0:07:53	1/1/2019 	466437	943.00	120.00	33.93	11.86	101840.05	2862	0	Tsung-DaoLee	
928	0:07:54	1/1/2019 	467235	943.00	314.00	59.41	11.86	101838.47	49802	1	Tsung-DaoLee	
929	0:07:55	1/1/2019 	468721	824.00	40.00	21.53	11.86	101835.06	97783	1	Tsung-DaoLee	
930	0:07:55	1/1/2019 	468815	162.00	9.00	8.36	11.86	101835.06	1822	0	Tsung-DaoLee	
931	0:07:56	1/1/2019 	469370	510.00	9.00	13.01	11.86	101833.80	1819	0	Tsung-DaoLee	
932	0:07:56	1/1/2019 	469556	731.00	16.00	17.00	11.87	101833.30	49804	0	Tsung-DaoLee	
933	0:07:56	1/1/2019 	469587	332.00	9.00	11.50	11.87	101833.30	3874	0	Tsung-DaoLee	
934	0:07:56	1/1/2019 	469961	137.00	8.00	7.64	11.87	101832.80	1820	0	Tsung-DaoLee	
935	0:07:57	1/1/2019 	470374	684.00	11.00	15.29	11.87	101832.80	1820	0	Tsung-DaoLee	
936	0:07:58	1/1/2019 	471222	75.00	8.00	6.05	11.87	101831.16	49802	0	Tsung-DaoLee	
937	0:07:58	1/1/2019 	471266	897.00	73.00	25.38	11.87	101831.16	1821	0	Tsung-DaoLee	
938	0:07:59	1/1/2019 	472241	943.00	277.00	53.59	11.87	101829.72	49801	1	Tsung-DaoLee	
939	0:07:59	1/1/2019 	472247	525.00	9.00	13.14	11.87	101829.72	2778	0	Tsung-DaoLee	
940	0:08:00	1/1/2019 	473145	128.00	9.00	7.39	11.88	101828.42	49801	0	Tsung-DaoLee	
941	0:08:00	1/1/2019 	473922	268.00	9.00	10.62	11.88	101827.73	49801	0	Tsung-DaoLee	
942	0:08:01	1/1/2019 	474160	939.00	143.00	38.14	11.88	101826.95	1820	1	Tsung-DaoLee	
943	0:08:01	1/1/2019 	474758	326.00	9.00	11.43	11.88	101826.61	49803	0	Tsung-DaoLee	
944	0:08:01	1/1/2019 	475095	751.00	21.00	18.40	11.88	101826.12	1823	0	Tsung-DaoLee	
945	0:08:02	1/1/2019 	475211	686.00	13.00	15.93	11.88	101826.12	2789	0	Tsung-DaoLee	
946	0:08:02	1/1/2019 	475597	911.00	83.00	26.95	11.88	101825.66	49806	0	Tsung-DaoLee	
947	0:08:02	1/1/2019 	475643	690.00	12.00	15.63	11.88	101825.66	1822	0	Tsung-DaoLee	
948	0:08:03	1/1/2019 	476430	744.00	19.00	17.88	11.88	101825.19	1822	1	Tsung-DaoLee	
949	0:08:03	1/1/2019 	476586	942.00	117.00	33.35	11.88	101825.19	49803	0	Tsung-DaoLee	
950	0:08:03	1/1/2019 	476613	94.00	8.00	6.44	11.88	101824.55	1821	0	Tsung-DaoLee	
951	0:08:04	1/1/2019 	477216	951.00	808.00	143.48	11.88	101824.49	2786	1	Tsung-DaoLee	
952	0:08:04	1/1/2019 	477471	200.00	9.00	9.31	11.88	101824.49	1822	0	Tsung-DaoLee	
953	0:08:04	1/1/2019 	477781	932.00	111.00	32.17	11.88	101823.70	49800	1	Tsung-DaoLee	
954	0:08:05	1/1/2019 	478478	63.00	9.00	5.91	11.89	101823.52	1821	0	Tsung-DaoLee	
955	0:08:06	1/1/2019 	479641	370.00	9.00	11.91	11.89	101822.70	97786	0	Tsung-DaoLee	
956	0:08:06	1/1/2019 	479902	453.00	9.00	12.58	11.89	101822.07	2695	0	Tsung-DaoLee	
957	0:08:07	1/1/2019 	480330	532.00	9.00	13.21	11.89	101821.54	3302	0	Tsung-DaoLee	
958	0:08:07	1/1/2019 	480377	95.00	9.00	6.47	11.89	101821.54	1821	0	Tsung-DaoLee	
959	0:08:07	1/1/2019 	480599	111.00	9.00	6.89	11.89	101821.54	49801	0	Tsung-DaoLee	
960	0:08:07	1/1/2019 	480650	648.00	10.00	14.79	11.89	101821.54	1820	0	Tsung-DaoLee	
961	0:08:08	1/1/2019 	481187	940.00	158.00	40.51	11.89	101820.88	1824	1	Tsung-DaoLee	
962	0:08:08	1/1/2019 	481603	332.00	9.00	11.50	11.90	101820.70	49808	0	Tsung-DaoLee	
963	0:08:09	1/1/2019 	482169	943.00	416.00	76.66	11.90	101820.31	2775	0	Tsung-DaoLee	
964	0:08:09	1/1/2019 	482685	427.00	9.00	12.39	11.90	101819.53	49803	0	Tsung-DaoLee	
965	0:08:09	1/1/2019 	483003	690.00	12.00	15.63	11.90	101819.34	1820	0	Tsung-DaoLee	
966	0:08:10	1/1/2019 	483188	208.00	9.00	9.49	11.90	101819.34	1820	0	Tsung-DaoLee	
967	0:08:10	1/1/2019 	483414	122.00	9.00	7.21	11.90	101819.12	1823	0	Tsung-DaoLee	
968	0:08:10	1/1/2019 	483988	881.00	61.00	23.81	11.91	101818.94	49805	0	Tsung-DaoLee	
969	0:08:11	1/1/2019 	484954	939.00	134.00	36.57	11.91	101818.69	50894	1	Tsung-DaoLee	
970	0:08:11	1/1/2019 	485132	947.00	131.00	36.02	11.91	101818.69	1821	0	Tsung-DaoLee	
971	0:08:12	1/1/2019 	486040	897.00	77.00	25.98	11.92	101818.42	49803	0	Tsung-DaoLee	
972	0:08:13	1/1/2019 	486386	604.00	10.00	14.26	11.92	101818.39	1822	0	Tsung-DaoLee	
973	0:08:14	1/1/2019 	487467	65.00	8.00	5.92	11.93	101817.67	49803	0	Tsung-DaoLee	
974	0:08:15	1/1/2019 	488366	380.00	9.00	12.01	11.93	101817.48	49802	0	Tsung-DaoLee	
975	0:08:15	1/1/2019 	488757	948.00	565.00	97.33	11.93	101817.42	50799	1	Tsung-DaoLee	
976	0:08:16	1/1/2019 	489614	158.00	9.00	8.25	11.94	101817.62	49804	0	Tsung-DaoLee	
977	0:08:16	1/1/2019 	490046	875.00	59.00	23.57	11.94	101817.59	2746	0	Tsung-DaoLee	
978	0:08:17	1/1/2019 	490229	325.00	9.00	11.42	11.94	101817.59	1820	1	Tsung-DaoLee	
979	0:08:17	1/1/2019 	490479	596.00	9.00	13.97	11.94	101817.54	1821	0	Tsung-DaoLee	
980	0:08:17	1/1/2019 	490551	950.00	616.00	108.61	11.94	101817.54	51352	0	Tsung-DaoLee	
981	0:08:17	1/1/2019 	490944	749.00	20.00	18.15	11.94	101817.54	1822	0	Tsung-DaoLee	
982	0:08:18	1/1/2019 	491279	132.00	9.00	7.50	11.95	101817.80	1820	0	Tsung-DaoLee	
983	0:08:18	1/1/2019 	491350	686.00	12.00	15.62	11.95	101817.80	1821	0	Tsung-DaoLee	
984	0:08:18	1/1/2019 	491548	519.00	17.00	13.75	11.95	101817.73	49799	0	Tsung-DaoLee	
985	0:08:18	1/1/2019 	491856	949.00	700.00	126.66	11.95	101817.73	2058	1	Tsung-DaoLee	
986	0:08:19	1/1/2019 	492216	227.00	8.00	9.87	11.95	101817.71	2841	0	Tsung-DaoLee	
987	0:08:20	1/1/2019 	494059	606.00	10.00	14.29	11.97	101817.98	97778	0	Tsung-DaoLee	
988	0:08:21	1/1/2019 	494282	112.00	9.00	6.92	11.97	101817.98	1822	0	Tsung-DaoLee	
989	0:08:21	1/1/2019 	494362	162.00	12.00	8.37	11.97	101817.98	1822	0	Tsung-DaoLee	
990	0:08:21	1/1/2019 	494408	945.00	326.00	61.53	11.97	101817.98	1820	1	Tsung-DaoLee	
991	0:08:21	1/1/2019 	494438	222.00	9.00	9.78	11.97	101817.98	1821	0	Tsung-DaoLee	
992	0:08:21	1/1/2019 	494578	92.00	9.00	6.39	11.97	101817.95	50823	0	Tsung-DaoLee	
993	0:08:21	1/1/2019 	495072	949.00	271.00	52.78	11.97	101817.89	1819	1	Tsung-DaoLee	
994	0:08:22	1/1/2019 	495369	942.00	308.00	58.38	11.97	101817.89	1822	1	Tsung-DaoLee	
995	0:08:23	1/1/2019 	496585	940.00	191.00	44.54	11.97	101817.70	97780	1	Tsung-DaoLee	
996	0:08:24	1/1/2019 	497143	458.00	9.00	12.62	11.98	101817.78	1821	0	Tsung-DaoLee	
997	0:08:24	1/1/2019 	497396	946.00	202.00	45.62	11.98	101817.78	1822	1	Tsung-DaoLee	
998	0:08:24	1/1/2019 	497643	945.00	252.00	50.47	11.98	101817.75	50830	0	Tsung-DaoLee	
999	0:08:24	1/1/2019 	497840	945.00	133.00	36.38	11.98	101817.75	1821	0	Tsung-DaoLee	
1000	0:08:25	1/1/2019 	498599	114.00	9.00	6.98	11.98	101817.69	49799	0	Tsung-DaoLee	
1001	0:08:26	1/1/2019 	499828	946.00	414.00	76.37	11.99	101817.58	49801	1	Tsung-DaoLee	
1002	0:08:27	1/1/2019 	500263	841.00	45.00	22.07	11.99	101818.18	2797	0	Tsung-DaoLee	
1003	0:08:27	1/1/2019 	500414	949.00	244.00	49.61	11.99	101818.18	1822	0	Tsung-DaoLee	
1004	0:08:27	1/1/2019 	500988	102.00	8.00	6.65	12.00	101829.00	51382	0	Tsung-DaoLee	
1005	0:08:28	1/1/2019 	501412	336.00	9.00	11.55	12.00	101847.12	1822	0	Tsung-DaoLee	
1006	0:08:28	1/1/2019 	501476	950.00	377.00	70.63	12.00	101847.12	1828	1	Tsung-DaoLee	
1007	0:08:28	1/1/2019 	501596	949.00	209.00	46.27	12.00	101847.12	49807	0	Tsung-DaoLee	
1008	0:08:29	1/1/2019 	502381	69.00	9.00	5.97	12.01	101894.34	1826	0	Tsung-DaoLee	
1009	0:08:30	1/1/2019 	503354	334.00	9.00	11.53	12.01	101948.53	49800	0	Tsung-DaoLee	
1010	0:08:30	1/1/2019 	503452	448.00	9.00	12.55	12.01	101948.53	5103	0	Tsung-DaoLee	
1011	0:08:30	1/1/2019 	503737	946.00	257.00	51.04	12.01	101948.53	49801	0	Tsung-DaoLee	
1012	0:08:31	1/1/2019 	504584	943.00	293.00	55.95	12.02	102017.84	49800	1	Tsung-DaoLee	
1013	0:08:31	1/1/2019 	504912	357.00	9.00	11.78	12.02	102048.59	1823	0	Tsung-DaoLee	
1014	0:08:31	1/1/2019 	505029	947.00	121.00	34.12	12.02	102048.59	1819	0	Tsung-DaoLee	
1015	0:08:32	1/1/2019 	505178	363.00	9.00	11.84	12.02	102048.59	1821	1	Tsung-DaoLee	
1016	0:08:32	1/1/2019 	505836	766.00	25.00	19.30	12.02	102077.41	50750	0	Tsung-DaoLee	
1017	0:08:32	1/1/2019 	505927	110.00	10.00	6.87	12.03	102104.77	1821	1	Tsung-DaoLee	
1018	0:08:33	1/1/2019 	506423	130.00	9.00	7.44	12.03	102129.69	1821	0	Tsung-DaoLee	
1019	0:08:33	1/1/2019 	506663	724.00	15.00	16.68	12.03	102129.69	49802	0	Tsung-DaoLee	
1020	0:08:33	1/1/2019 	507121	923.00	100.00	30.03	12.03	102154.21	1821	0	Tsung-DaoLee	
1021	0:08:35	1/1/2019 	508274	946.00	180.00	43.35	12.04	102204.66	49801	0	Tsung-DaoLee	
1022	0:08:35	1/1/2019 	508821	74.00	9.00	6.03	12.04	102230.61	50756	0	Tsung-DaoLee	
1023	0:08:35	1/1/2019 	509000	130.00	8.00	7.44	12.05	102254.70	1819	0	Tsung-DaoLee	
1024	0:08:36	1/1/2019 	509864	98.00	8.00	6.54	12.05	102277.53	49801	0	Tsung-DaoLee	
1025	0:08:36	1/1/2019 	510077	944.00	234.00	48.60	12.05	102298.46	2677	1	Tsung-DaoLee	
1026	0:08:37	1/1/2019 	510595	150.00	8.00	8.02	12.06	102318.32	49801	0	Tsung-DaoLee	
1027	0:08:37	1/1/2019 	510645	392.00	9.00	12.12	12.06	102318.32	1820	0	Tsung-DaoLee	
1028	0:08:38	1/1/2019 	511707	624.00	9.00	14.31	12.06	102354.35	51305	0	Tsung-DaoLee	
1029	0:08:38	1/1/2019 	511838	74.00	8.00	6.03	12.06	102354.35	1821	0	Tsung-DaoLee	
1030	0:08:38	1/1/2019 	511964	386.00	9.00	12.06	12.06	102354.35	1820	0	Tsung-DaoLee	
1031	0:08:38	1/1/2019 	512105	613.00	9.00	14.18	12.07	102370.70	1820	0	Tsung-DaoLee	
1032	0:08:39	1/1/2019 	512728	943.00	312.00	59.07	12.07	102386.44	49802	0	Tsung-DaoLee	
1033	0:08:40	1/1/2019 	513769	942.00	257.00	51.04	12.08	102414.45	49804	0	Tsung-DaoLee	
1034	0:08:40	1/1/2019 	513773	470.00	9.00	12.70	12.08	102414.45	2799	0	Tsung-DaoLee	
1035	0:08:42	1/1/2019 	515265	942.00	377.00	70.63	12.09	102451.22	49801	1	Tsung-DaoLee	
1036	0:08:43	1/1/2019 	516397	211.00	9.00	9.55	12.09	102472.89	49802	0	Tsung-DaoLee	
1037	0:08:43	1/1/2019 	516663	123.00	8.00	7.24	12.10	102482.48	49799	0	Tsung-DaoLee	
1038	0:08:44	1/1/2019 	517221	143.00	9.00	7.82	12.10	102491.75	1820	0	Tsung-DaoLee	
1039	0:08:44	1/1/2019 	517278	607.00	9.00	14.11	12.10	102491.75	1820	0	Tsung-DaoLee	
1040	0:08:44	1/1/2019 	517971	930.00	109.00	31.78	12.10	102500.40	50886	0	Tsung-DaoLee	
1041	0:08:45	1/1/2019 	518228	522.00	9.00	13.12	12.10	102508.58	1821	0	Tsung-DaoLee	
1042	0:08:45	1/1/2019 	518775	950.00	649.00	116.25	12.11	102517.97	49802	1	Tsung-DaoLee	
1043	0:08:45	1/1/2019 	518892	813.00	37.00	21.18	12.11	102517.97	1822	1	Tsung-DaoLee	
1044	0:08:45	1/1/2019 	519138	946.00	135.00	36.75	12.11	102517.97	1822	0	Tsung-DaoLee	
1045	0:08:46	1/1/2019 	519236	462.00	9.00	12.64	12.11	102526.47	2808	0	Tsung-DaoLee	
1046	0:08:46	1/1/2019 	520057	947.00	275.00	53.32	12.11	102534.78	49804	0	Tsung-DaoLee	
1047	0:08:48	1/1/2019 	521178	774.00	27.00	19.69	12.12	102551.41	50711	0	Tsung-DaoLee	
1048	0:08:48	1/1/2019 	521194	624.00	10.00	14.53	12.12	102551.41	1822	0	Tsung-DaoLee	
1049	0:08:48	1/1/2019 	521376	944.00	149.00	39.13	12.12	102561.80	1821	1	Tsung-DaoLee	
1050	0:08:48	1/1/2019 	521687	946.00	149.00	39.13	12.12	102561.80	49801	1	Tsung-DaoLee	
1051	0:08:49	1/1/2019 	522787	706.00	13.00	16.00	12.13	102584.83	51341	0	Tsung-DaoLee	
1052	0:08:49	1/1/2019 	523061	152.00	9.00	8.08	12.13	102584.83	1823	0	Tsung-DaoLee	
1053	0:08:51	1/1/2019 	524741	724.00	15.00	16.68	12.14	102604.59	97779	0	Tsung-DaoLee	
1054	0:08:51	1/1/2019 	524774	878.00	65.00	24.28	12.14	102604.59	1823	0	Tsung-DaoLee	
1055	0:08:51	1/1/2019 	524856	651.00	10.00	14.81	12.15	102610.22	1821	0	Tsung-DaoLee	
1056	0:08:52	1/1/2019 	525451	78.00	8.00	6.10	12.15	102615.41	1821	0	Tsung-DaoLee	
1057	0:08:52	1/1/2019 	525702	950.00	399.00	74.18	12.15	102615.41	50808	1	Tsung-DaoLee	
1058	0:08:53	1/1/2019 	526270	346.00	9.00	11.66	12.15	102620.55	1821	0	Tsung-DaoLee	
1059	0:08:53	1/1/2019 	526562	582.00	10.00	13.95	12.16	102625.72	49803	1	Tsung-DaoLee	
1060	0:08:53	1/1/2019 	526574	73.00	9.00	6.02	12.16	102625.72	1821	0	Tsung-DaoLee	
1061	0:08:53	1/1/2019 	526996	553.00	9.00	13.44	12.16	102630.23	1820	0	Tsung-DaoLee	
1062	0:08:54	1/1/2019 	527560	135.00	9.00	7.59	12.16	102634.47	49800	0	Tsung-DaoLee	
1063	0:08:56	1/1/2019 	529917	710.00	14.00	16.34	12.18	102652.25	98798	0	Tsung-DaoLee	
1064	0:08:56	1/1/2019 	530056	864.00	49.00	22.50	12.18	102655.52	2774	0	Tsung-DaoLee	
1065	0:08:57	1/1/2019 	530273	616.00	10.00	14.43	12.18	102655.52	1821	0	Tsung-DaoLee	
1066	0:08:57	1/1/2019 	530285	945.00	265.00	52.01	12.18	102655.52	1821	0	Tsung-DaoLee	
1067	0:08:57	1/1/2019 	530304	69.00	9.00	5.97	12.18	102655.52	1820	0	Tsung-DaoLee	
1068	0:08:57	1/1/2019 	530735	954.00	795.00	141.01	12.18	102658.80	49802	1	Tsung-DaoLee	
1069	0:08:57	1/1/2019 	530756	227.00	9.00	9.88	12.18	102658.80	3491	0	Tsung-DaoLee	
1070	0:08:57	1/1/2019 	530963	169.00	9.00	8.54	12.18	102658.80	1820	0	Tsung-DaoLee	
1071	0:08:58	1/1/2019 	531746	477.00	9.00	12.75	12.18	102664.88	49802	0	Tsung-DaoLee	
1072	0:08:58	1/1/2019 	531806	946.00	234.00	48.60	12.18	102664.88	1829	1	Tsung-DaoLee	
1073	0:08:58	1/1/2019 	531935	945.00	122.00	34.32	12.18	102664.88	1827	0	Tsung-DaoLee	
1074	0:08:58	1/1/2019 	532074	382.00	9.00	12.03	12.19	102667.80	1826	0	Tsung-DaoLee	
1075	0:08:59	1/1/2019 	532844	165.00	9.00	8.44	12.19	102670.45	50837	0	Tsung-DaoLee	
1076	0:08:59	1/1/2019 	533075	416.00	8.00	12.24	12.19	102672.80	1822	0	Tsung-DaoLee	
1077	0:09:00	1/1/2019 	533346	104.00	9.00	6.70	12.19	102672.80	1820	0	Tsung-DaoLee	
1078	0:09:00	1/1/2019 	533616	181.00	8.00	8.85	12.20	102675.11	49802	0	Tsung-DaoLee	
1079	0:09:01	1/1/2019 	534327	263.00	9.00	10.53	12.20	102677.45	1820	0	Tsung-DaoLee	
1080	0:09:02	1/1/2019 	535460	121.00	9.00	7.18	12.21	102682.41	49802	0	Tsung-DaoLee	
1081	0:09:03	1/1/2019 	536258	347.00	9.00	11.67	12.21	102686.58	50845	0	Tsung-DaoLee	
1082	0:09:04	1/1/2019 	537875	946.00	344.00	64.79	12.22	102692.89	97783	1	Tsung-DaoLee	
1083	0:09:05	1/1/2019 	538181	194.00	8.00	9.16	12.22	102694.76	1822	0	Tsung-DaoLee	
1084	0:09:05	1/1/2019 	538297	111.00	9.00	6.89	12.22	102694.76	1821	0	Tsung-DaoLee	
1085	0:09:05	1/1/2019 	538389	751.00	21.00	18.40	12.22	102694.76	1820	1	Tsung-DaoLee	
1086	0:09:05	1/1/2019 	538747	714.00	14.00	16.34	12.23	102696.63	49801	0	Tsung-DaoLee	
1087	0:09:05	1/1/2019 	538791	917.00	88.00	27.81	12.23	102696.63	2868	0	Tsung-DaoLee	
1088	0:09:05	1/1/2019 	538920	933.00	109.00	31.78	12.23	102696.63	1821	1	Tsung-DaoLee	
1089	0:09:05	1/1/2019 	539048	867.00	49.00	22.51	12.23	102696.63	1822	0	Tsung-DaoLee	
1090	0:09:06	1/1/2019 	539302	682.00	10.00	14.94	12.23	102698.16	1822	0	Tsung-DaoLee	
1091	0:09:06	1/1/2019 	540129	950.00	391.00	72.94	12.23	102699.86	49804	0	Tsung-DaoLee	
1092	0:09:07	1/1/2019 	540275	87.00	8.00	6.28	12.24	102702.94	2655	0	Tsung-DaoLee	
1093	0:09:07	1/1/2019 	540304	117.00	9.00	7.07	12.24	102702.94	3308	0	Tsung-DaoLee	
1094	0:09:07	1/1/2019 	541031	951.00	420.00	77.19	12.24	102709.55	49801	1	Tsung-DaoLee	
1095	0:09:10	1/1/2019 	543196	618.00	10.00	14.46	12.25	102734.48	97782	0	Tsung-DaoLee	
1096	0:09:10	1/1/2019 	543759	946.00	433.00	78.89	12.25	102742.33	49803	1	Tsung-DaoLee	
1097	0:09:10	1/1/2019 	543779	553.00	9.00	13.44	12.25	102742.33	1821	0	Tsung-DaoLee	
1098	0:09:12	1/1/2019 	545180	104.00	9.00	6.70	12.26	102762.88	50762	0	Tsung-DaoLee	
1099	0:09:12	1/1/2019 	545940	478.00	9.00	12.76	12.27	102774.83	49807	0	Tsung-DaoLee	
1100	0:09:12	1/1/2019 	545965	94.00	9.00	6.44	12.27	102774.83	1820	0	Tsung-DaoLee	
1101	0:09:13	1/1/2019 	546302	132.00	8.00	7.50	12.27	102774.83	1819	0	Tsung-DaoLee	
1102	0:09:13	1/1/2019 	546384	652.00	10.00	14.82	12.27	102782.64	1822	0	Tsung-DaoLee	
1103	0:09:14	1/1/2019 	547820	944.00	120.00	33.93	12.27	102806.43	97782	1	Tsung-DaoLee	
1104	0:09:15	1/1/2019 	548165	915.00	93.00	28.71	12.28	102821.56	2787	0	Tsung-DaoLee	
1105	0:09:15	1/1/2019 	548612	108.00	9.00	6.81	12.28	102836.70	49802	0	Tsung-DaoLee	
1106	0:09:15	1/1/2019 	549003	949.00	565.00	97.33	12.28	102850.53	1820	1	Tsung-DaoLee	
1107	0:09:16	1/1/2019 	549725	433.00	9.00	12.44	12.28	102863.94	49803	0	Tsung-DaoLee	
1108	0:09:16	1/1/2019 	549971	451.00	9.00	12.57	12.29	102876.39	2697	0	Tsung-DaoLee	
1109	0:09:16	1/1/2019 	549988	164.00	9.00	8.41	12.29	102876.39	1821	0	Tsung-DaoLee	
1110	0:09:17	1/1/2019 	550171	404.00	9.00	12.22	12.29	102876.39	3337	0	Tsung-DaoLee	
1111	0:09:17	1/1/2019 	550425	384.00	9.00	12.04	12.29	102876.39	1822	0	Tsung-DaoLee	
1112	0:09:17	1/1/2019 	550626	389.00	9.00	12.09	12.29	102887.55	49802	0	Tsung-DaoLee	
1113	0:09:17	1/1/2019 	550739	967.00	952.00	261.71	12.29	102887.55	1821	1	Tsung-DaoLee	
1114	0:09:17	1/1/2019 	550846	88.00	8.00	6.30	12.29	102887.55	1821	0	Tsung-DaoLee	
1115	0:09:17	1/1/2019 	551109	183.00	8.00	8.90	12.29	102898.09	1820	0	Tsung-DaoLee	
1116	0:09:18	1/1/2019 	552128	937.00	115.00	32.95	12.30	102918.07	50786	1	Tsung-DaoLee	
1117	0:09:19	1/1/2019 	552210	738.00	19.00	17.86	12.30	102918.07	1822	0	Tsung-DaoLee	
1118	0:09:19	1/1/2019 	552582	609.00	9.00	14.14	12.30	102930.31	49802	0	Tsung-DaoLee	
1119	0:09:20	1/1/2019 	553744	818.00	39.00	21.41	12.31	102957.11	49800	0	Tsung-DaoLee	
1120	0:09:20	1/1/2019 	553816	520.00	9.00	13.10	12.31	102957.11	1822	0	Tsung-DaoLee	
1121	0:09:21	1/1/2019 	554354	945.00	244.00	49.61	12.31	102969.21	1820	1	Tsung-DaoLee	
1122	0:09:21	1/1/2019 	554559	285.00	9.00	10.88	12.31	102969.21	50794	0	Tsung-DaoLee	
1123	0:09:21	1/1/2019 	554707	122.00	8.00	7.21	12.31	102980.72	1821	0	Tsung-DaoLee	
1124	0:09:21	1/1/2019 	554713	147.00	8.00	7.93	12.31	102980.72	1821	0	Tsung-DaoLee	
1125	0:09:21	1/1/2019 	554831	155.00	9.00	8.16	12.31	102980.72	1820	0	Tsung-DaoLee	
1126	0:09:22	1/1/2019 	555142	942.00	125.00	34.89	12.31	102991.40	1819	0	Tsung-DaoLee	
1127	0:09:22	1/1/2019 	555613	945.00	327.00	61.71	12.32	103001.64	49803	0	Tsung-DaoLee	
1128	0:09:22	1/1/2019 	555946	915.00	87.00	27.64	12.32	103001.64	2819	1	Tsung-DaoLee	
1129	0:09:24	1/1/2019 	558094	602.00	9.00	14.05	12.33	103037.52	97780	0	Tsung-DaoLee	
1130	0:09:25	1/1/2019 	558627	943.00	248.00	50.03	12.33	103045.99	49802	1	Tsung-DaoLee	
1131	0:09:25	1/1/2019 	559032	227.00	9.00	9.88	12.33	103054.28	1823	0	Tsung-DaoLee	
1132	0:09:26	1/1/2019 	559318	726.00	16.00	16.99	12.33	103061.23	1821	0	Tsung-DaoLee	
1133	0:09:26	1/1/2019 	559336	947.00	338.00	63.70	12.33	103061.23	1822	1	Tsung-DaoLee	
1134	0:09:26	1/1/2019 	559383	950.00	548.00	94.14	12.33	103061.23	2824	1	Tsung-DaoLee	
1135	0:09:26	1/1/2019 	559773	132.00	9.00	7.50	12.34	103068.47	49803	0	Tsung-DaoLee	
1136	0:09:27	1/1/2019 	560489	845.00	50.00	22.58	12.34	103075.56	2756	0	Tsung-DaoLee	
1137	0:09:27	1/1/2019 	560616	753.00	22.00	18.63	12.34	103075.56	49803	0	Tsung-DaoLee	
1138	0:09:27	1/1/2019 	560845	945.00	120.00	33.93	12.34	103082.74	1821	0	Tsung-DaoLee	
1139	0:09:27	1/1/2019 	560920	951.00	636.00	113.35	12.34	103082.74	1822	1	Tsung-DaoLee	
1140	0:09:27	1/1/2019 	561028	421.00	9.00	12.35	12.34	103082.74	3480	0	Tsung-DaoLee	
1141	0:09:28	1/1/2019 	561860	174.00	9.00	8.68	12.35	103093.74	49800	0	Tsung-DaoLee	
1142	0:09:28	1/1/2019 	561873	112.00	9.00	6.92	12.35	103093.74	1821	0	Tsung-DaoLee	
1143	0:09:28	1/1/2019 	561998	950.00	424.00	77.73	12.35	103093.74	1820	1	Tsung-DaoLee	
1144	0:09:28	1/1/2019 	562009	950.00	410.00	75.81	12.35	103093.74	1822	1	Tsung-DaoLee	
1145	0:09:28	1/1/2019 	562082	472.00	9.00	12.71	12.35	103093.74	1822	0	Tsung-DaoLee	
1146	0:09:30	1/1/2019 	563605	617.00	9.00	14.23	12.35	103108.33	98772	0	Tsung-DaoLee	
1147	0:09:33	1/1/2019 	566735	562.00	11.00	13.80	12.37	103139.38	145767	0	Tsung-DaoLee	
1148	0:09:33	1/1/2019 	567137	767.00	25.00	19.30	12.37	103143.74	1828	0	Tsung-DaoLee	
1149	0:09:35	1/1/2019 	568411	563.00	9.00	13.56	12.38	103151.27	49801	0	Tsung-DaoLee	
1150	0:09:36	1/1/2019 	569379	75.00	9.00	6.05	12.38	103157.83	49803	0	Tsung-DaoLee	
1151	0:09:36	1/1/2019 	569451	83.00	9.00	6.20	12.38	103161.09	1821	0	Tsung-DaoLee	
1152	0:09:36	1/1/2019 	569710	431.00	9.00	12.42	12.38	103161.09	50803	0	Tsung-DaoLee	
1153	0:09:37	1/1/2019 	571093	566.00	9.00	13.59	12.39	103169.36	50608	0	Tsung-DaoLee	
1154	0:09:38	1/1/2019 	571412	333.00	9.00	11.51	12.39	103169.36	1822	0	Tsung-DaoLee	
1155	0:09:38	1/1/2019 	571697	141.00	9.00	7.76	12.39	103171.87	49802	0	Tsung-DaoLee	
1156	0:09:39	1/1/2019 	572710	72.00	7.00	6.00	12.40	103176.38	49802	0	Tsung-DaoLee	
1157	0:09:39	1/1/2019 	572936	944.00	165.00	41.49	12.40	103176.38	1828	0	Tsung-DaoLee	
1158	0:09:40	1/1/2019 	573144	690.00	12.00	15.63	12.40	103178.23	3308	0	Tsung-DaoLee	
1159	0:09:40	1/1/2019 	574077	943.00	143.00	38.14	12.41	103181.64	49804	1	Tsung-DaoLee	
1160	0:09:41	1/1/2019 	574294	392.00	8.00	12.06	12.41	103181.64	1822	0	Tsung-DaoLee	
1161	0:09:42	1/1/2019 	575330	950.00	596.00	103.94	12.41	103183.45	49803	1	Tsung-DaoLee	
1162	0:09:42	1/1/2019 	575645	946.00	237.00	48.90	12.41	103185.64	49804	0	Tsung-DaoLee	
1163	0:09:42	1/1/2019 	575663	149.00	9.00	7.99	12.41	103185.64	2772	0	Tsung-DaoLee	
1164	0:09:43	1/1/2019 	576331	944.00	449.00	80.83	12.42	103188.11	1820	1	Tsung-DaoLee	
1165	0:09:44	1/1/2019 	577142	654.00	10.00	14.83	12.42	103193.44	49804	0	Tsung-DaoLee	
1166	0:09:45	1/1/2019 	578265	711.00	14.00	16.34	12.43	103197.78	49804	0	Tsung-DaoLee	
1167	0:09:45	1/1/2019 	578291	361.00	9.00	11.82	12.43	103197.78	1821	0	Tsung-DaoLee	
1168	0:09:45	1/1/2019 	578458	84.00	8.00	6.21	12.43	103197.78	1820	0	Tsung-DaoLee	
1169	0:09:45	1/1/2019 	578619	825.00	40.00	21.53	12.43	103197.78	50860	0	Tsung-DaoLee	
1170	0:09:47	1/1/2019 	580924	940.00	124.00	34.70	12.44	103207.06	97786	1	Tsung-DaoLee	
1171	0:09:48	1/1/2019 	581368	944.00	151.00	39.45	12.44	103208.58	2678	0	Tsung-DaoLee	
1172	0:09:49	1/1/2019 	582427	837.00	43.00	21.86	12.45	103210.91	49802	1	Tsung-DaoLee	
1173	0:09:49	1/1/2019 	583036	949.00	265.00	52.01	12.45	103211.80	49801	1	Tsung-DaoLee	
1174	0:09:50	1/1/2019 	583317	549.00	9.00	13.39	12.45	103213.20	1821	1	Tsung-DaoLee	
1175	0:09:50	1/1/2019 	583577	681.00	11.00	15.28	12.45	103213.20	51313	0	Tsung-DaoLee	
1176	0:09:50	1/1/2019 	583936	197.00	8.00	9.23	12.46	103215.20	1821	0	Tsung-DaoLee	
1177	0:09:50	1/1/2019 	583989	275.00	8.00	10.70	12.46	103215.20	1819	0	Tsung-DaoLee	
1178	0:09:51	1/1/2019 	584747	248.00	8.00	10.26	12.46	103217.39	49802	1	Tsung-DaoLee	
1179	0:09:51	1/1/2019 	584926	123.00	9.00	7.24	12.46	103219.27	1822	0	Tsung-DaoLee	
1180	0:09:52	1/1/2019 	585494	160.00	9.00	8.30	12.46	103220.78	1820	0	Tsung-DaoLee	
1181	0:09:53	1/1/2019 	587038	942.00	138.00	37.28	12.47	103224.92	98764	1	Tsung-DaoLee	
1182	0:09:54	1/1/2019 	587145	743.00	20.00	18.13	12.47	103224.92	1823	0	Tsung-DaoLee	
1183	0:09:55	1/1/2019 	588847	327.00	9.00	11.44	12.48	103228.00	97783	0	Tsung-DaoLee	
1184	0:09:55	1/1/2019 	589104	723.00	15.00	16.68	12.48	103229.19	1821	0	Tsung-DaoLee	
1185	0:09:57	1/1/2019 	590329	945.00	443.00	80.13	12.49	103230.12	49803	0	Tsung-DaoLee	
1186	0:09:57	1/1/2019 	590845	248.00	9.00	10.28	12.49	103231.01	50693	0	Tsung-DaoLee	
1187	0:09:58	1/1/2019 	591761	596.00	9.00	13.97	12.49	103232.55	51329	0	Tsung-DaoLee	
1188	0:09:58	1/1/2019 	591900	945.00	136.00	36.93	12.49	103232.55	1821	0	Tsung-DaoLee	
1189	0:09:58	1/1/2019 	592090	948.00	121.00	34.12	12.50	103233.44	1821	0	Tsung-DaoLee	
1190	0:09:59	1/1/2019 	592672	124.00	9.00	7.27	12.50	103233.73	49800	0	Tsung-DaoLee	
1191	0:09:59	1/1/2019 	593108	946.00	122.00	34.32	12.50	103234.50	1821	0	Tsung-DaoLee	
1192	0:10:00	1/1/2019 	593245	529.00	9.00	13.18	12.50	103234.50	1820	0	Tsung-DaoLee	
1193	0:10:00	1/1/2019 	593328	169.00	9.00	8.54	12.50	103234.50	2820	1	Tsung-DaoLee	
1194	0:10:00	1/1/2019 	593360	93.00	9.00	6.42	12.50	103234.50	1821	0	Tsung-DaoLee	
1195	0:10:00	1/1/2019 	593368	200.00	9.00	9.31	12.50	103234.50	1820	0	Tsung-DaoLee	
1196	0:10:00	1/1/2019 	594050	681.00	11.00	15.28	12.50	103235.23	49802	0	Tsung-DaoLee	
1197	0:10:01	1/1/2019 	594197	168.00	9.00	8.52	12.51	103236.00	1820	0	Tsung-DaoLee	
1198	0:10:01	1/1/2019 	594387	946.00	176.00	42.88	12.51	103236.00	1821	1	Tsung-DaoLee	
1199	0:10:01	1/1/2019 	594798	442.00	9.00	12.50	12.51	103236.58	50910	0	Tsung-DaoLee	
1200	0:10:01	1/1/2019 	595067	94.00	9.00	6.44	12.51	103236.58	1821	0	Tsung-DaoLee	
1201	0:10:02	1/1/2019 	595717	905.00	81.00	26.62	12.51	103238.27	49802	0	Tsung-DaoLee	
1202	0:10:02	1/1/2019 	595809	234.00	8.00	10.00	12.51	103238.27	1823	0	Tsung-DaoLee	
1203	0:10:03	1/1/2019 	596172	949.00	792.00	141.01	12.52	103238.84	1820	1	Tsung-DaoLee	
1204	0:10:03	1/1/2019 	596638	545.00	9.00	13.35	12.52	103239.61	49803	0	Tsung-DaoLee	
1205	0:10:04	1/1/2019 	597297	164.00	9.00	8.41	12.52	103240.38	2832	0	Tsung-DaoLee	
1206	0:10:04	1/1/2019 	597755	951.00	678.00	122.24	12.52	103241.11	49807	0	Tsung-DaoLee	
1207	0:10:05	1/1/2019 	598176	609.00	9.00	14.14	12.53	103242.36	1822	0	Tsung-DaoLee	
1208	0:10:05	1/1/2019 	598332	911.00	85.00	27.29	12.53	103242.36	1821	0	Tsung-DaoLee	
1209	0:10:05	1/1/2019 	598597	78.00	8.00	6.10	12.53	103242.36	49802	0	Tsung-DaoLee	
1210	0:10:06	1/1/2019 	599236	811.00	39.00	21.40	12.53	103244.48	1821	0	Tsung-DaoLee	
1211	0:10:06	1/1/2019 	599239	947.00	254.00	50.70	12.53	103244.48	2837	1	Tsung-DaoLee	
1212	0:10:06	1/1/2019 	599305	74.00	8.00	6.03	12.53	103244.48	1821	0	Tsung-DaoLee	
1213	0:10:06	1/1/2019 	599691	240.00	9.00	10.13	12.53	103244.48	49802	0	Tsung-DaoLee	
1214	0:10:07	1/1/2019 	600209	561.00	9.00	13.53	12.53	103244.80	2774	0	Tsung-DaoLee	
1215	0:10:07	1/1/2019 	600316	130.00	9.00	7.44	12.53	103245.73	1822	0	Tsung-DaoLee	
1216	0:10:08	1/1/2019 	601235	366.00	9.00	11.87	12.53	103246.78	51367	0	Tsung-DaoLee	
1217	0:10:08	1/1/2019 	601621	89.00	8.00	6.32	12.54	103247.39	49803	1	Tsung-DaoLee	
1218	0:10:08	1/1/2019 	601861	248.00	8.00	10.26	12.54	103248.16	1820	0	Tsung-DaoLee	
1219	0:10:09	1/1/2019 	602688	937.00	114.00	32.76	12.54	103249.36	49801	1	Tsung-DaoLee	
1220	0:10:09	1/1/2019 	603226	549.00	9.00	13.39	12.54	103250.77	1822	0	Tsung-DaoLee	
1221	0:10:10	1/1/2019 	603321	941.00	140.00	37.63	12.55	103251.81	1821	0	Tsung-DaoLee	
1222	0:10:10	1/1/2019 	603904	521.00	9.00	13.11	12.55	103252.90	50839	0	Tsung-DaoLee	
1223	0:10:10	1/1/2019 	604121	178.00	8.00	8.77	12.55	103252.90	1821	0	Tsung-DaoLee	
1224	0:10:12	1/1/2019 	605402	141.00	8.00	7.76	12.55	103255.34	49800	0	Tsung-DaoLee	
1225	0:10:12	1/1/2019 	605454	183.00	9.00	8.90	12.55	103255.34	1820	0	Tsung-DaoLee	
1226	0:10:12	1/1/2019 	605653	64.00	9.00	5.92	12.55	103255.34	49801	1	Tsung-DaoLee	
1227	0:10:13	1/1/2019 	606706	948.00	725.00	130.53	12.56	103256.84	49802	1	Tsung-DaoLee	
1228	0:10:13	1/1/2019 	606870	226.00	9.00	9.86	12.56	103256.84	2865	0	Tsung-DaoLee	
1229	0:10:14	1/1/2019 	607297	761.00	24.00	19.09	12.56	103257.61	1821	0	Tsung-DaoLee	
1230	0:10:14	1/1/2019 	607444	84.00	9.00	6.22	12.56	103258.38	1821	0	Tsung-DaoLee	
1231	0:10:14	1/1/2019 	607947	857.00	53.00	22.90	12.57	103259.27	49802	0	Tsung-DaoLee	
1232	0:10:15	1/1/2019 	609059	459.00	9.00	12.62	12.57	103260.97	49802	0	Tsung-DaoLee	
1233	0:10:16	1/1/2019 	609567	581.00	9.00	13.78	12.58	103262.31	49802	0	Tsung-DaoLee	
1234	0:10:18	1/1/2019 	611264	571.00	8.00	13.50	12.58	103264.74	51988	0	Tsung-DaoLee	
1235	0:10:18	1/1/2019 	611411	945.00	213.00	46.64	12.58	103264.74	1822	1	Tsung-DaoLee	
1236	0:10:19	1/1/2019 	612619	941.00	246.00	49.82	12.59	103266.56	97779	1	Tsung-DaoLee	
1237	0:10:19	1/1/2019 	613078	647.00	10.00	14.78	12.59	103267.17	1822	0	Tsung-DaoLee	
1238	0:10:20	1/1/2019 	613410	337.00	9.00	11.56	12.59	103267.17	1822	0	Tsung-DaoLee	
1239	0:10:20	1/1/2019 	613490	945.00	186.00	44.01	12.59	103267.17	1821	1	Tsung-DaoLee	
1240	0:10:20	1/1/2019 	613948	579.00	8.00	13.59	12.59	103267.75	50761	0	Tsung-DaoLee	
1241	0:10:21	1/1/2019 	614564	944.00	147.00	38.81	12.60	103268.35	49800	0	Tsung-DaoLee	
1242	0:10:22	1/1/2019 	615396	79.00	8.00	6.12	12.60	103269.70	1822	0	Tsung-DaoLee	
1243	0:10:22	1/1/2019 	616062	950.00	365.00	68.56	12.60	103270.31	49800	1	Tsung-DaoLee	
1244	0:10:24	1/1/2019 	618022	943.00	414.00	76.37	12.61	103272.84	97780	1	Tsung-DaoLee	
1245	0:10:24	1/1/2019 	618161	904.00	79.00	26.30	12.61	103272.84	1821	0	Tsung-DaoLee	
1246	0:10:25	1/1/2019 	618586	121.00	8.00	7.18	12.62	103273.61	50766	0	Tsung-DaoLee	
1247	0:10:26	1/1/2019 	619882	152.00	9.00	8.08	12.62	103274.95	49802	0	Tsung-DaoLee	
1248	0:10:26	1/1/2019 	620170	68.00	8.00	5.95	12.62	103274.95	2693	0	Tsung-DaoLee	
1249	0:10:28	1/1/2019 	621490	160.00	9.00	8.30	12.63	103276.90	50498	0	Tsung-DaoLee	
1250	0:10:28	1/1/2019 	621676	372.00	9.00	11.93	12.63	103276.90	49801	0	Tsung-DaoLee	
1251	0:10:29	1/1/2019 	622440	946.00	183.00	43.69	12.63	103278.41	1820	0	Tsung-DaoLee	
1252	0:10:29	1/1/2019 	622600	127.00	9.00	7.36	12.63	103278.41	51318	0	Tsung-DaoLee	
1253	0:10:29	1/1/2019 	622916	161.00	9.00	8.33	12.64	103279.17	1819	0	Tsung-DaoLee	
1254	0:10:29	1/1/2019 	623003	139.00	9.00	7.71	12.64	103279.17	1820	0	Tsung-DaoLee	
1255	0:10:30	1/1/2019 	623608	698.00	13.00	15.98	12.64	103279.75	49801	0	Tsung-DaoLee	
1256	0:10:30	1/1/2019 	623839	214.00	9.00	9.62	12.64	103280.52	1821	0	Tsung-DaoLee	
1257	0:10:30	1/1/2019 	624124	682.00	11.00	15.28	12.64	103280.52	1820	0	Tsung-DaoLee	
1258	0:10:32	1/1/2019 	625811	84.00	8.00	6.21	12.65	103282.62	98770	0	Tsung-DaoLee	
1259	0:10:32	1/1/2019 	625878	899.00	77.00	25.98	12.65	103283.36	1825	0	Tsung-DaoLee	
1260	0:10:32	1/1/2019 	626188	95.00	8.00	6.47	12.65	103283.36	1820	0	Tsung-DaoLee	
1261	0:10:33	1/1/2019 	626589	942.00	204.00	45.81	12.65	103283.52	49801	1	Tsung-DaoLee	
1262	0:10:34	1/1/2019 	627605	73.00	8.00	6.02	12.66	103284.73	49803	0	Tsung-DaoLee	
1263	0:10:34	1/1/2019 	627616	849.00	48.00	22.38	12.66	103284.73	1820	0	Tsung-DaoLee	
1264	0:10:34	1/1/2019 	627898	63.00	8.00	5.91	12.66	103284.73	2811	0	Tsung-DaoLee	
1265	0:10:35	1/1/2019 	628571	401.00	8.00	12.13	12.66	103285.92	49799	0	Tsung-DaoLee	
1266	0:10:36	1/1/2019 	629407	846.00	50.00	22.58	12.66	103286.53	1822	0	Tsung-DaoLee	
1267	0:10:36	1/1/2019 	629477	118.00	9.00	7.09	12.67	103287.11	1822	0	Tsung-DaoLee	
1268	0:10:36	1/1/2019 	629482	948.00	625.00	110.76	12.67	103287.11	1821	1	Tsung-DaoLee	
1269	0:10:36	1/1/2019 	630021	779.00	28.00	19.87	12.67	103287.72	49804	0	Tsung-DaoLee	
1270	0:10:37	1/1/2019 	630318	590.00	9.00	13.90	12.67	103287.72	4163	0	Tsung-DaoLee	
1271	0:10:37	1/1/2019 	630658	266.00	9.00	10.58	12.67	103288.30	49802	0	Tsung-DaoLee	
1272	0:10:37	1/1/2019 	630722	940.00	114.00	32.76	12.67	103288.30	1820	0	Tsung-DaoLee	
1273	0:10:38	1/1/2019 	631499	945.00	573.00	98.92	12.67	103289.06	1822	1	Tsung-DaoLee	
1274	0:10:39	1/1/2019 	632441	120.00	8.00	7.15	12.68	103290.56	49830	0	Tsung-DaoLee	
1275	0:10:39	1/1/2019 	632487	456.00	9.00	12.60	12.68	103290.56	1820	0	Tsung-DaoLee	
1276	0:10:39	1/1/2019 	633101	928.00	105.00	31.00	12.68	103291.49	50814	0	Tsung-DaoLee	
1277	0:10:40	1/1/2019 	633471	191.00	8.00	9.09	12.68	103291.49	1820	0	Tsung-DaoLee	
1278	0:10:41	1/1/2019 	634286	138.00	9.00	7.68	12.69	103292.67	49798	0	Tsung-DaoLee	
1279	0:10:41	1/1/2019 	634362	948.00	250.00	50.25	12.69	103292.67	1821	1	Tsung-DaoLee	
1280	0:10:42	1/1/2019 	635820	943.00	336.00	63.33	12.69	103295.11	97783	1	Tsung-DaoLee	
1281	0:10:42	1/1/2019 	635917	722.00	15.00	16.68	12.69	103295.11	2840	0	Tsung-DaoLee	
1282	0:10:44	1/1/2019 	637381	112.00	9.00	6.92	12.70	103296.58	49802	0	Tsung-DaoLee	
1283	0:10:44	1/1/2019 	637635	888.00	73.00	25.37	12.70	103296.58	49802	0	Tsung-DaoLee	
1284	0:10:45	1/1/2019 	638413	773.00	27.00	19.68	12.71	103298.25	1821	0	Tsung-DaoLee	
1285	0:10:45	1/1/2019 	638815	337.00	9.00	11.56	12.71	103299.02	49802	1	Tsung-DaoLee	
1286	0:10:45	1/1/2019 	638893	274.00	9.00	10.71	12.71	103299.02	1821	0	Tsung-DaoLee	
1287	0:10:45	1/1/2019 	639144	641.00	10.00	14.72	12.71	103299.02	2844	0	Tsung-DaoLee	
1288	0:10:48	1/1/2019 	641461	941.00	143.00	38.14	12.72	103302.47	97784	1	Tsung-DaoLee	
1289	0:10:48	1/1/2019 	641625	222.00	8.00	9.77	12.72	103302.47	50775	0	Tsung-DaoLee	
1290	0:10:48	1/1/2019 	642000	728.00	16.00	17.00	12.72	103303.36	1820	0	Tsung-DaoLee	
1291	0:10:49	1/1/2019 	642645	699.00	13.00	15.98	12.72	103304.29	49801	0	Tsung-DaoLee	
1292	0:10:49	1/1/2019 	643143	114.00	9.00	6.98	12.72	103304.60	1822	0	Tsung-DaoLee	
1293	0:10:50	1/1/2019 	643652	163.00	8.00	8.38	12.73	103305.53	51377	0	Tsung-DaoLee	
1294	0:10:50	1/1/2019 	644118	947.00	411.00	75.95	12.73	103306.11	1822	0	Tsung-DaoLee	
1295	0:10:50	1/1/2019 	644196	401.00	9.00	12.19	12.73	103306.11	1820	0	Tsung-DaoLee	
1296	0:10:51	1/1/2019 	644256	349.00	9.00	11.70	12.73	103306.11	1820	0	Tsung-DaoLee	
1297	0:10:51	1/1/2019 	644429	174.00	9.00	8.68	12.73	103306.88	1824	0	Tsung-DaoLee	
1298	0:10:51	1/1/2019 	645038	580.00	9.00	13.77	12.73	103307.80	49805	0	Tsung-DaoLee	
1299	0:10:52	1/1/2019 	645952	751.00	21.00	18.40	12.74	103309.14	50949	0	Tsung-DaoLee	
1300	0:10:52	1/1/2019 	645955	600.00	9.00	14.02	12.74	103309.14	1822	0	Tsung-DaoLee	
1301	0:10:52	1/1/2019 	646075	615.00	9.00	14.21	12.74	103309.14	1819	0	Tsung-DaoLee	
1302	0:10:53	1/1/2019 	646686	68.00	9.00	5.95	12.74	103309.88	49802	0	Tsung-DaoLee	
1303	0:10:54	1/1/2019 	647399	374.00	9.00	11.95	12.74	103310.80	1826	0	Tsung-DaoLee	
1304	0:10:54	1/1/2019 	647904	646.00	10.00	14.77	12.75	103311.25	49800	0	Tsung-DaoLee	
1305	0:10:55	1/1/2019 	648298	940.00	120.00	33.93	12.75	103311.83	5103	0	Tsung-DaoLee	
1306	0:10:55	1/1/2019 	648471	646.00	10.00	14.77	12.75	103312.60	1823	0	Tsung-DaoLee	
1307	0:10:55	1/1/2019 	649232	175.00	8.00	8.69	12.75	103313.20	49801	0	Tsung-DaoLee	
1308	0:10:56	1/1/2019 	649739	619.00	9.00	14.25	12.76	103313.78	49800	0	Tsung-DaoLee	
1309	0:10:57	1/1/2019 	650755	912.00	88.00	27.81	12.76	103315.12	50646	1	Tsung-DaoLee	
1310	0:10:57	1/1/2019 	651079	943.00	117.00	33.35	12.76	103315.77	1827	1	Tsung-DaoLee	
1311	0:10:58	1/1/2019 	651892	569.00	9.00	13.63	12.77	103316.98	51296	0	Tsung-DaoLee	
1312	0:10:58	1/1/2019 	652079	149.00	9.00	7.99	12.77	103317.56	1821	0	Tsung-DaoLee	
1313	0:10:58	1/1/2019 	652121	156.00	9.00	8.19	12.77	103317.56	1820	0	Tsung-DaoLee	
1314	0:10:59	1/1/2019 	652379	938.00	113.00	32.56	12.77	103317.56	1819	0	Tsung-DaoLee	
1315	0:10:59	1/1/2019 	652411	948.00	276.00	53.45	12.77	103317.56	1821	0	Tsung-DaoLee	
1316	0:10:59	1/1/2019 	652891	916.00	94.00	28.89	12.77	103318.33	49801	0	Tsung-DaoLee	
1317	0:11:00	1/1/2019 	653438	624.00	10.00	14.53	12.77	103319.06	2784	0	Tsung-DaoLee	
1318	0:11:00	1/1/2019 	654228	211.00	8.00	9.54	12.78	103320.62	49806	0	Tsung-DaoLee	
1319	0:11:01	1/1/2019 	654915	662.00	10.00	14.88	12.78	103321.36	49806	0	Tsung-DaoLee	
1320	0:11:02	1/1/2019 	655463	949.00	584.00	101.23	12.78	103322.45	1822	1	Tsung-DaoLee	
1321	0:11:02	1/1/2019 	655598	949.00	451.00	81.08	12.78	103322.45	49804	1	Tsung-DaoLee	
1322	0:11:02	1/1/2019 	655694	312.00	8.00	11.22	12.79	103323.22	1821	0	Tsung-DaoLee	
1323	0:11:03	1/1/2019 	656486	686.00	12.00	15.62	12.79	103324.11	2790	0	Tsung-DaoLee	
1324	0:11:04	1/1/2019 	658012	693.00	13.00	15.96	12.80	103325.91	97782	0	Tsung-DaoLee	
1325	0:11:05	1/1/2019 	658952	941.00	125.00	34.89	12.80	103327.72	49804	1	Tsung-DaoLee	
1326	0:11:05	1/1/2019 	659032	354.00	9.00	11.75	12.80	103327.72	1823	0	Tsung-DaoLee	
1327	0:11:05	1/1/2019 	659231	708.00	14.00	16.33	12.81	103328.94	1821	0	Tsung-DaoLee	
1328	0:11:07	1/1/2019 	660407	75.00	9.00	6.05	12.81	103330.00	49802	0	Tsung-DaoLee	
1329	0:11:07	1/1/2019 	660630	142.00	9.00	7.79	12.81	103330.00	52199	0	Tsung-DaoLee	
1330	0:11:07	1/1/2019 	660861	140.00	8.00	7.73	12.81	103331.18	1820	0	Tsung-DaoLee	
1331	0:11:07	1/1/2019 	660924	469.00	9.00	12.69	12.81	103331.18	1820	0	Tsung-DaoLee	
1332	0:11:08	1/1/2019 	661366	62.00	9.00	5.90	12.81	103331.49	1820	0	Tsung-DaoLee	
1333	0:11:08	1/1/2019 	661617	320.00	9.00	11.36	12.81	103331.49	49800	0	Tsung-DaoLee	
1334	0:11:08	1/1/2019 	661656	947.00	258.00	51.16	12.81	103331.49	1821	1	Tsung-DaoLee	
1335	0:11:09	1/1/2019 	663185	416.00	9.00	12.31	12.82	103333.77	50756	0	Tsung-DaoLee	
1336	0:11:10	1/1/2019 	663315	944.00	233.00	48.50	12.82	103334.53	1821	0	Tsung-DaoLee	
1337	0:11:10	1/1/2019 	664030	946.00	364.00	68.39	12.83	103335.30	49803	1	Tsung-DaoLee	
1338	0:11:10	1/1/2019 	664091	948.00	251.00	50.36	12.83	103335.30	1822	0	Tsung-DaoLee	
1339	0:11:10	1/1/2019 	664128	948.00	375.00	70.30	12.83	103335.30	1822	1	Tsung-DaoLee	
1340	0:11:11	1/1/2019 	665228	770.00	27.00	19.68	12.83	103336.80	50769	0	Tsung-DaoLee	
1341	0:11:12	1/1/2019 	665302	80.00	8.00	6.14	12.83	103336.80	1821	0	Tsung-DaoLee	
1342	0:11:12	1/1/2019 	665808	72.00	9.00	6.01	12.83	103337.38	49805	0	Tsung-DaoLee	
1343	0:11:12	1/1/2019 	665842	760.00	24.00	19.08	12.83	103337.38	1827	0	Tsung-DaoLee	
1344	0:11:14	1/1/2019 	667597	120.00	9.00	7.15	12.84	103339.80	97786	0	Tsung-DaoLee	
1345	0:11:14	1/1/2019 	667903	71.00	8.00	5.99	12.84	103339.80	1820	0	Tsung-DaoLee	
1346	0:11:14	1/1/2019 	667946	563.00	9.00	13.56	12.84	103340.42	2822	0	Tsung-DaoLee	
1347	0:11:15	1/1/2019 	668265	197.00	9.00	9.24	12.84	103340.42	1821	0	Tsung-DaoLee	
1348	0:11:15	1/1/2019 	668663	674.00	11.00	15.25	12.85	103341.00	49802	0	Tsung-DaoLee	
1349	0:11:15	1/1/2019 	668872	404.00	6.00	12.01	12.85	103341.00	1822	0	Tsung-DaoLee	
1350	0:11:15	1/1/2019 	669020	750.00	20.00	18.15	12.85	103341.77	1819	0	Tsung-DaoLee	
1351	0:11:16	1/1/2019 	669242	945.00	148.00	38.97	12.85	103341.77	1821	0	Tsung-DaoLee	
1352	0:11:16	1/1/2019 	669574	947.00	312.00	59.07	12.85	103342.53	50812	1	Tsung-DaoLee	
1353	0:11:16	1/1/2019 	669692	580.00	9.00	13.77	12.85	103342.53	2758	0	Tsung-DaoLee	
1354	0:11:16	1/1/2019 	669977	610.00	10.00	14.35	12.85	103342.84	1820	0	Tsung-DaoLee	
1355	0:11:17	1/1/2019 	670403	127.00	9.00	7.36	12.85	103342.84	1820	0	Tsung-DaoLee	
1356	0:11:17	1/1/2019 	670615	654.00	11.00	15.11	12.85	103343.58	49801	0	Tsung-DaoLee	
1357	0:11:19	1/1/2019 	672756	222.00	9.00	9.78	12.86	103345.98	97778	0	Tsung-DaoLee	
1358	0:11:19	1/1/2019 	672776	924.00	100.00	30.03	12.86	103345.98	3381	0	Tsung-DaoLee	
1359	0:11:19	1/1/2019 	672825	918.00	98.00	29.64	12.86	103345.98	1821	1	Tsung-DaoLee	
1360	0:11:19	1/1/2019 	673110	636.00	9.00	14.42	12.87	103346.56	1820	0	Tsung-DaoLee	
1361	0:11:20	1/1/2019 	673348	573.00	9.00	13.68	12.87	103346.56	1821	0	Tsung-DaoLee	
1362	0:11:20	1/1/2019 	674100	699.00	13.00	15.98	12.87	103347.48	49799	0	Tsung-DaoLee	
1363	0:11:21	1/1/2019 	674302	838.00	45.00	22.07	12.87	103347.48	1821	0	Tsung-DaoLee	
1364	0:11:22	1/1/2019 	675330	863.00	56.00	23.22	12.87	103348.52	50828	0	Tsung-DaoLee	
1365	0:11:22	1/1/2019 	675427	947.00	485.00	85.03	12.87	103348.52	1821	1	Tsung-DaoLee	
1366	0:11:22	1/1/2019 	675449	117.00	9.00	7.07	12.87	103348.52	1820	0	Tsung-DaoLee	
1367	0:11:22	1/1/2019 	675584	131.00	8.00	7.47	12.87	103348.52	49799	0	Tsung-DaoLee	
1368	0:11:23	1/1/2019 	676408	414.00	8.00	12.23	12.88	103349.73	1821	0	Tsung-DaoLee	
1369	0:11:23	1/1/2019 	677032	793.00	31.00	20.37	12.88	103350.31	49802	0	Tsung-DaoLee	
1370	0:11:24	1/1/2019 	677257	322.00	9.00	11.38	12.88	103350.92	2959	0	Tsung-DaoLee	
1371	0:11:25	1/1/2019 	678315	148.00	9.00	7.97	12.89	103351.81	49800	0	Tsung-DaoLee	
1372	0:11:25	1/1/2019 	678564	653.00	10.00	14.83	12.89	103351.81	49801	0	Tsung-DaoLee	
1373	0:11:25	1/1/2019 	678680	751.00	17.00	17.33	12.89	103351.81	1822	0	Tsung-DaoLee	
1374	0:11:25	1/1/2019 	679087	115.00	9.00	7.01	12.89	103352.43	1819	0	Tsung-DaoLee	
1375	0:11:25	1/1/2019 	679091	714.00	13.00	16.01	12.89	103352.43	1820	0	Tsung-DaoLee	
1376	0:11:26	1/1/2019 	679431	70.00	8.00	5.98	12.89	103353.03	2859	0	Tsung-DaoLee	
1377	0:11:26	1/1/2019 	679740	96.00	8.00	6.49	12.89	103353.77	49801	0	Tsung-DaoLee	
1378	0:11:26	1/1/2019 	680028	781.00	30.00	20.19	12.89	103353.77	2638	0	Tsung-DaoLee	
1379	0:11:26	1/1/2019 	680232	741.00	19.00	17.87	12.89	103353.92	1820	0	Tsung-DaoLee	
1380	0:11:27	1/1/2019 	680313	311.00	8.00	11.20	12.89	103353.92	1820	0	Tsung-DaoLee	
1381	0:11:27	1/1/2019 	680784	783.00	32.00	20.49	12.90	103354.54	49802	0	Tsung-DaoLee	
1382	0:11:27	1/1/2019 	680956	943.00	118.00	33.54	12.90	103354.54	3306	1	Tsung-DaoLee	
1383	0:11:27	1/1/2019 	681016	190.00	9.00	9.08	12.90	103354.54	1821	0	Tsung-DaoLee	
1384	0:11:27	1/1/2019 	681226	938.00	113.00	32.56	12.90	103354.54	1819	1	Tsung-DaoLee	
1385	0:11:28	1/1/2019 	681279	921.00	99.00	29.84	12.90	103355.15	1820	1	Tsung-DaoLee	
1386	0:11:28	1/1/2019 	681437	157.00	8.00	8.21	12.90	103355.15	1821	0	Tsung-DaoLee	
1387	0:11:28	1/1/2019 	681884	162.00	8.00	8.35	12.90	103356.05	49798	0	Tsung-DaoLee	
1388	0:11:29	1/1/2019 	682284	196.00	8.00	9.21	12.90	103356.66	2774	0	Tsung-DaoLee	
1389	0:11:29	1/1/2019 	682967	947.00	513.00	88.56	12.90	103357.23	49802	1	Tsung-DaoLee	
1390	0:11:30	1/1/2019 	683450	956.00	918.00	187.54	12.91	103357.84	1822	1	Tsung-DaoLee	
1391	0:11:30	1/1/2019 	683773	169.00	8.00	8.54	12.91	103357.84	49802	0	Tsung-DaoLee	
1392	0:11:30	1/1/2019 	683854	120.00	8.00	7.15	12.91	103358.45	1820	0	Tsung-DaoLee	
1393	0:11:30	1/1/2019 	684011	559.00	9.00	13.51	12.91	103358.45	1819	0	Tsung-DaoLee	
1394	0:11:31	1/1/2019 	684462	893.00	75.00	25.67	12.91	103359.19	2780	0	Tsung-DaoLee	
1395	0:11:31	1/1/2019 	685075	944.00	118.00	33.54	12.91	103359.95	49800	1	Tsung-DaoLee	
1396	0:11:32	1/1/2019 	685928	613.00	9.00	14.18	12.92	103360.98	49801	0	Tsung-DaoLee	
1397	0:11:33	1/1/2019 	686777	125.00	8.00	7.29	12.92	103361.45	49801	0	Tsung-DaoLee	
1398	0:11:33	1/1/2019 	686868	897.00	73.00	25.38	12.92	103361.45	1821	0	Tsung-DaoLee	
1399	0:11:34	1/1/2019 	687485	531.00	9.00	13.20	12.92	103362.80	2784	0	Tsung-DaoLee	
1400	0:11:35	1/1/2019 	688924	688.00	12.00	15.63	12.93	103364.49	97779	0	Tsung-DaoLee	
1401	0:11:36	1/1/2019 	689956	641.00	10.00	14.72	12.93	103365.68	49803	0	Tsung-DaoLee	
1402	0:11:36	1/1/2019 	689972	752.00	22.00	18.63	12.94	103366.41	2693	0	Tsung-DaoLee	
1403	0:11:36	1/1/2019 	689986	801.00	37.00	21.16	12.94	103366.41	1820	0	Tsung-DaoLee	
1404	0:11:36	1/1/2019 	690059	425.00	9.00	12.38	12.94	103366.41	1820	0	Tsung-DaoLee	
1405	0:11:37	1/1/2019 	690247	95.00	8.00	6.47	12.94	103366.41	3337	0	Tsung-DaoLee	
1406	0:11:37	1/1/2019 	690302	944.00	197.00	45.14	12.94	103366.41	1821	1	Tsung-DaoLee	
1407	0:11:38	1/1/2019 	691308	941.00	152.00	39.60	12.94	103367.19	49801	1	Tsung-DaoLee	
1408	0:11:38	1/1/2019 	692020	440.00	9.00	12.49	12.94	103368.52	49801	0	Tsung-DaoLee	
1409	0:11:40	1/1/2019 	694038	900.00	81.00	26.61	12.95	103370.16	97781	0	Tsung-DaoLee	
1410	0:11:41	1/1/2019 	694397	445.00	8.00	12.45	12.95	103370.77	1823	0	Tsung-DaoLee	
1411	0:11:41	1/1/2019 	694590	98.00	9.00	6.54	12.95	103370.77	50786	0	Tsung-DaoLee	
1412	0:11:41	1/1/2019 	694605	196.00	9.00	9.22	12.95	103370.77	1820	0	Tsung-DaoLee	
1413	0:11:41	1/1/2019 	695217	469.00	9.00	12.69	12.96	103371.35	1820	0	Tsung-DaoLee	
1414	0:11:42	1/1/2019 	695331	97.00	9.00	6.52	12.96	103371.35	1819	0	Tsung-DaoLee	
1415	0:11:42	1/1/2019 	695407	784.00	31.00	20.35	12.96	103371.35	1821	0	Tsung-DaoLee	
1416	0:11:43	1/1/2019 	696392	83.00	8.00	6.19	12.96	103372.41	49799	0	Tsung-DaoLee	
1417	0:11:43	1/1/2019 	696942	427.00	9.00	12.39	12.96	103373.15	50791	0	Tsung-DaoLee	
1418	0:11:44	1/1/2019 	697392	911.00	93.00	28.70	12.96	103373.30	1820	0	Tsung-DaoLee	
1419	0:11:44	1/1/2019 	697459	239.00	9.00	10.11	12.96	103373.30	1822	0	Tsung-DaoLee	
1420	0:11:44	1/1/2019 	697486	945.00	212.00	46.55	12.96	103373.30	1821	0	Tsung-DaoLee	
1421	0:11:44	1/1/2019 	697727	436.00	9.00	12.46	12.97	103373.92	49801	0	Tsung-DaoLee	
1422	0:11:45	1/1/2019 	698307	940.00	136.00	36.93	12.97	103374.53	1819	1	Tsung-DaoLee	
1423	0:11:45	1/1/2019 	698432	424.00	9.00	12.37	12.97	103374.53	2819	0	Tsung-DaoLee	
1424	0:11:45	1/1/2019 	698617	169.00	8.00	8.54	12.97	103374.53	49799	0	Tsung-DaoLee	
1425	0:11:46	1/1/2019 	699356	944.00	289.00	55.33	12.97	103375.71	1820	1	Tsung-DaoLee	
1426	0:11:46	1/1/2019 	699835	365.00	9.00	11.86	12.98	103376.45	49802	0	Tsung-DaoLee	
1427	0:11:47	1/1/2019 	700403	701.00	13.00	15.99	12.98	103377.06	2745	0	Tsung-DaoLee	
1428	0:11:47	1/1/2019 	700814	68.00	8.00	5.95	12.98	103377.83	49801	0	Tsung-DaoLee	
1429	0:11:47	1/1/2019 	701088	775.00	26.00	19.51	12.98	103377.83	3371	0	Tsung-DaoLee	
1430	0:11:47	1/1/2019 	701185	949.00	252.00	50.47	12.98	103377.83	1820	1	Tsung-DaoLee	
1431	0:11:49	1/1/2019 	702856	80.00	9.00	6.14	12.99	103380.06	97779	0	Tsung-DaoLee	
1432	0:11:50	1/1/2019 	703257	138.00	9.00	7.68	12.99	103380.06	1820	0	Tsung-DaoLee	
1433	0:11:50	1/1/2019 	703478	83.00	9.00	6.20	12.99	103380.83	1820	0	Tsung-DaoLee	
1434	0:11:50	1/1/2019 	703677	949.00	538.00	92.40	12.99	103380.83	49799	1	Tsung-DaoLee	
1435	0:11:51	1/1/2019 	704305	329.00	9.00	11.47	12.99	103381.60	2839	0	Tsung-DaoLee	
1436	0:11:51	1/1/2019 	704673	134.00	8.00	7.56	13.00	103382.34	49801	0	Tsung-DaoLee	
1437	0:11:51	1/1/2019 	704774	946.00	134.00	36.57	13.00	103382.34	1821	0	Tsung-DaoLee	
1438	0:11:52	1/1/2019 	705334	718.00	15.00	16.67	13.00	103383.27	1820	0	Tsung-DaoLee	
1439	0:11:52	1/1/2019 	705354	400.00	9.00	12.18	13.00	103383.88	1824	0	Tsung-DaoLee	
1440	0:11:52	1/1/2019 	705479	141.00	8.00	7.76	13.00	103383.88	1826	0	Tsung-DaoLee	
1441	0:11:52	1/1/2019 	705615	949.00	365.00	68.56	13.00	103383.88	50933	1	Tsung-DaoLee	
1442	0:11:52	1/1/2019 	706163	65.00	8.00	5.92	13.00	103383.72	1827	0	Tsung-DaoLee	
1443	0:11:54	1/1/2019 	707747	945.00	185.00	43.90	13.01	103385.79	97780	1	Tsung-DaoLee	
1444	0:11:54	1/1/2019 	707944	274.00	9.00	10.71	13.01	103386.41	1823	0	Tsung-DaoLee	
1445	0:11:54	1/1/2019 	708063	356.00	9.00	11.77	13.01	103386.41	1819	0	Tsung-DaoLee	
1446	0:11:55	1/1/2019 	708345	74.00	8.00	6.03	13.01	103386.41	1820	0	Tsung-DaoLee	
1447	0:11:55	1/1/2019 	708480	160.00	9.00	8.30	13.01	103386.86	2850	0	Tsung-DaoLee	
1448	0:11:55	1/1/2019 	708706	955.00	810.00	144.84	13.01	103386.86	49800	1	Tsung-DaoLee	
1449	0:11:56	1/1/2019 	709299	927.00	111.00	32.17	13.01	103387.02	1822	1	Tsung-DaoLee	
1450	0:11:56	1/1/2019 	709465	113.00	8.00	6.95	13.02	103387.59	1822	0	Tsung-DaoLee	
1451	0:11:56	1/1/2019 	709688	83.00	9.00	6.20	13.02	103387.59	49800	0	Tsung-DaoLee	
1452	0:11:57	1/1/2019 	710980	684.00	12.00	15.61	13.02	103388.81	50779	0	Tsung-DaoLee	
1453	0:11:57	1/1/2019 	711025	948.00	468.00	83.05	13.02	103389.39	3402	1	Tsung-DaoLee	
1454	0:11:58	1/1/2019 	712015	121.00	9.00	7.18	13.03	103390.31	49800	0	Tsung-DaoLee	
1455	0:11:59	1/1/2019 	712601	756.00	24.00	19.07	13.03	103390.89	49801	0	Tsung-DaoLee	
1456	0:11:59	1/1/2019 	712607	414.00	9.00	12.30	13.03	103390.89	1822	0	Tsung-DaoLee	
1457	0:11:59	1/1/2019 	712793	63.00	9.00	5.91	13.03	103390.89	1820	0	Tsung-DaoLee	
1458	0:11:59	1/1/2019 	712849	702.00	13.00	15.99	13.03	103390.89	1821	0	Tsung-DaoLee	
1459	0:12:00	1/1/2019 	713836	586.00	9.00	13.84	13.03	103392.11	53082	0	Tsung-DaoLee	
1460	0:12:01	1/1/2019 	714295	944.00	255.00	50.81	13.04	103392.53	1821	1	Tsung-DaoLee	
1461	0:12:01	1/1/2019 	714560	107.00	9.00	6.78	13.04	103392.53	49804	0	Tsung-DaoLee	
1462	0:12:01	1/1/2019 	714743	110.00	9.00	6.87	13.04	103393.14	1821	0	Tsung-DaoLee	
1463	0:12:03	1/1/2019 	716435	944.00	219.00	47.19	13.04	103394.64	49801	0	Tsung-DaoLee	
1464	0:12:03	1/1/2019 	716728	593.00	9.00	13.93	13.05	103395.25	49802	0	Tsung-DaoLee	
1465	0:12:03	1/1/2019 	717205	360.00	9.00	11.81	13.05	103395.83	2768	0	Tsung-DaoLee	
1466	0:12:04	1/1/2019 	717275	270.00	9.00	10.65	13.05	103395.83	1821	0	Tsung-DaoLee	
1467	0:12:05	1/1/2019 	718302	949.00	461.00	82.24	13.05	103396.75	49803	0	Tsung-DaoLee	
1468	0:12:05	1/1/2019 	718406	910.00	89.00	27.98	13.05	103396.75	1823	0	Tsung-DaoLee	
1469	0:12:06	1/1/2019 	719582	368.00	9.00	11.89	13.06	103398.09	97782	0	Tsung-DaoLee	
1470	0:12:06	1/1/2019 	719632	105.00	9.00	6.73	13.06	103398.09	4145	0	Tsung-DaoLee	
1471	0:12:06	1/1/2019 	719797	671.00	11.00	15.24	13.06	103398.71	1820	0	Tsung-DaoLee	
1472	0:12:06	1/1/2019 	719991	889.00	71.00	25.09	13.06	103398.71	1821	0	Tsung-DaoLee	
1473	0:12:06	1/1/2019 	720112	325.00	8.00	11.38	13.06	103398.71	1821	0	Tsung-DaoLee	
1474	0:12:07	1/1/2019 	720295	641.00	10.00	14.72	13.06	103399.02	1821	0	Tsung-DaoLee	
1475	0:12:07	1/1/2019 	721162	949.00	126.00	35.08	13.06	103399.60	49805	1	Tsung-DaoLee	
1476	0:12:08	1/1/2019 	721237	943.00	181.00	43.46	13.06	103400.21	2791	0	Tsung-DaoLee	
1477	0:12:08	1/1/2019 	721942	446.00	9.00	12.53	13.07	103400.83	49801	0	Tsung-DaoLee	
1478	0:12:09	1/1/2019 	722439	906.00	82.00	26.78	13.07	103401.40	1820	0	Tsung-DaoLee	
1479	0:12:09	1/1/2019 	722715	841.00	44.00	21.97	13.07	103401.40	49802	0	Tsung-DaoLee	
1480	0:12:09	1/1/2019 	723022	149.00	9.00	7.99	13.07	103401.85	1821	0	Tsung-DaoLee	
1481	0:12:10	1/1/2019 	723565	174.00	8.00	8.67	13.07	103402.30	49800	0	Tsung-DaoLee	
1482	0:12:10	1/1/2019 	723698	71.00	8.00	5.99	13.07	103402.30	2796	0	Tsung-DaoLee	
1483	0:12:10	1/1/2019 	723792	64.00	9.00	5.92	13.07	103402.30	1819	0	Tsung-DaoLee	
1484	0:12:10	1/1/2019 	724106	68.00	8.00	5.95	13.08	103402.88	1822	0	Tsung-DaoLee	
1485	0:12:11	1/1/2019 	724432	123.00	8.00	7.24	13.08	103403.49	1824	0	Tsung-DaoLee	
1486	0:12:11	1/1/2019 	724649	945.00	132.00	36.20	13.08	103403.49	49801	0	Tsung-DaoLee	
1487	0:12:11	1/1/2019 	725038	628.00	10.00	14.58	13.08	103404.06	1821	0	Tsung-DaoLee	
1488	0:12:13	1/1/2019 	726629	887.00	71.00	25.09	13.09	103405.55	98763	0	Tsung-DaoLee	
1489	0:12:13	1/1/2019 	726968	952.00	385.00	71.97	13.09	103406.31	1821	0	Tsung-DaoLee	
1490	0:12:13	1/1/2019 	727231	946.00	125.00	34.89	13.09	103406.31	1820	1	Tsung-DaoLee	
1491	0:12:14	1/1/2019 	727596	940.00	326.00	61.52	13.09	103406.61	49800	1	Tsung-DaoLee	
1492	0:12:14	1/1/2019 	727608	744.00	21.00	18.38	13.09	103406.61	1822	0	Tsung-DaoLee	
1493	0:12:14	1/1/2019 	727920	949.00	143.00	38.14	13.09	103407.19	1819	0	Tsung-DaoLee	
1494	0:12:15	1/1/2019 	728952	69.00	8.00	5.97	13.10	103408.38	50789	0	Tsung-DaoLee	
1495	0:12:16	1/1/2019 	729240	825.00	42.00	21.74	13.10	103408.38	1828	0	Tsung-DaoLee	
1496	0:12:16	1/1/2019 	729397	617.00	10.00	14.44	13.10	103408.38	1829	0	Tsung-DaoLee	
1497	0:12:16	1/1/2019 	729588	129.00	8.00	7.41	13.10	103408.98	49806	0	Tsung-DaoLee	
1498	0:12:16	1/1/2019 	729662	422.00	9.00	12.36	13.10	103408.98	2732	0	Tsung-DaoLee	
1499	0:12:16	1/1/2019 	729671	73.00	8.00	6.02	13.10	103408.98	1820	0	Tsung-DaoLee	
1500	0:12:18	1/1/2019 	731548	188.00	13.00	9.06	13.11	103410.62	99322	0	Tsung-DaoLee	
1501	0:12:18	1/1/2019 	731764	659.00	10.00	14.87	13.11	103410.62	2064	0	Tsung-DaoLee	
1502	0:12:18	1/1/2019 	731837	389.00	9.00	12.09	13.11	103410.62	1826	0	Tsung-DaoLee	
1503	0:12:18	1/1/2019 	731968	800.00	34.00	20.79	13.11	103410.62	1827	0	Tsung-DaoLee	
1504	0:12:19	1/1/2019 	732355	88.00	8.00	6.30	13.11	103411.23	1826	0	Tsung-DaoLee	
1505	0:12:19	1/1/2019 	733159	107.00	8.00	6.78	13.11	103411.97	49800	0	Tsung-DaoLee	
1506	0:12:19	1/1/2019 	733189	653.00	9.00	14.54	13.11	103411.97	2828	0	Tsung-DaoLee	
1507	0:12:21	1/1/2019 	734556	755.00	23.00	18.86	13.12	103413.47	97781	0	Tsung-DaoLee	
1508	0:12:22	1/1/2019 	735345	361.00	9.00	11.82	13.12	103414.84	1821	0	Tsung-DaoLee	
1509	0:12:22	1/1/2019 	735462	938.00	114.00	32.76	13.12	103414.84	1822	1	Tsung-DaoLee	
1510	0:12:22	1/1/2019 	735679	186.00	9.00	8.98	13.13	103415.58	49801	0	Tsung-DaoLee	
1511	0:12:23	1/1/2019 	736274	916.00	93.00	28.71	13.13	103416.19	1820	1	Tsung-DaoLee	
1512	0:12:23	1/1/2019 	736426	711.00	13.00	16.01	13.13	103416.19	2937	0	Tsung-DaoLee	
1513	0:12:23	1/1/2019 	736920	944.00	161.00	40.94	13.13	103416.77	49802	0	Tsung-DaoLee	
1514	0:12:23	1/1/2019 	737124	434.00	9.00	12.45	13.13	103416.77	1821	0	Tsung-DaoLee	
1515	0:12:24	1/1/2019 	737751	205.00	9.00	9.42	13.13	103417.70	49800	0	Tsung-DaoLee	
1516	0:12:25	1/1/2019 	738694	943.00	136.00	36.93	13.14	103418.88	49802	0	Tsung-DaoLee	
1517	0:12:25	1/1/2019 	738700	606.00	9.00	14.10	13.14	103418.88	1823	0	Tsung-DaoLee	
1518	0:12:25	1/1/2019 	738741	515.00	9.00	13.05	13.14	103418.88	2837	0	Tsung-DaoLee	
1519	0:12:26	1/1/2019 	739592	686.00	12.00	15.62	13.14	103419.50	49802	0	Tsung-DaoLee	
1520	0:12:27	1/1/2019 	740566	125.00	8.00	7.29	13.14	103420.11	50765	0	Tsung-DaoLee	
1521	0:12:27	1/1/2019 	740596	330.00	9.00	11.48	13.14	103420.11	1821	0	Tsung-DaoLee	
1522	0:12:27	1/1/2019 	740824	261.00	9.00	10.50	13.15	103420.68	1821	0	Tsung-DaoLee	
1523	0:12:27	1/1/2019 	741056	407.00	9.00	12.24	13.15	103420.68	1820	0	Tsung-DaoLee	
1524	0:12:28	1/1/2019 	741657	697.00	13.00	15.98	13.15	103421.29	51334	0	Tsung-DaoLee	
1525	0:12:28	1/1/2019 	742181	774.00	29.00	20.02	13.15	103421.86	1822	0	Tsung-DaoLee	
1526	0:12:30	1/1/2019 	743332	569.00	9.00	13.63	13.16	103423.82	49801	0	Tsung-DaoLee	
1527	0:12:30	1/1/2019 	743944	900.00	78.00	26.14	13.16	103424.28	49803	0	Tsung-DaoLee	
1528	0:12:31	1/1/2019 	744479	108.00	8.00	6.81	13.16	103424.44	1821	0	Tsung-DaoLee	
1529	0:12:31	1/1/2019 	744841	948.00	145.00	38.48	13.16	103425.05	50812	1	Tsung-DaoLee	
1530	0:12:31	1/1/2019 	745192	950.00	321.00	60.64	13.16	103425.05	1822	1	Tsung-DaoLee	
1531	0:12:32	1/1/2019 	745607	365.00	9.00	11.86	13.17	103425.30	49803	0	Tsung-DaoLee	
1532	0:12:32	1/1/2019 	745765	109.00	9.00	6.84	13.17	103425.30	1821	0	Tsung-DaoLee	
1533	0:12:33	1/1/2019 	746625	268.00	8.00	10.59	13.17	103426.64	49801	0	Tsung-DaoLee	
1534	0:12:33	1/1/2019 	746743	788.00	32.00	20.50	13.17	103426.64	1822	0	Tsung-DaoLee	
1535	0:12:34	1/1/2019 	747673	916.00	96.00	29.27	13.17	103427.10	50845	0	Tsung-DaoLee	
1536	0:12:34	1/1/2019 	748042	717.00	15.00	16.67	13.18	103427.87	1822	0	Tsung-DaoLee	
1537	0:12:34	1/1/2019 	748162	429.00	9.00	12.41	13.18	103427.87	1821	0	Tsung-DaoLee	
1538	0:12:35	1/1/2019 	748245	147.00	9.00	7.94	13.18	103427.87	1819	0	Tsung-DaoLee	
1539	0:12:35	1/1/2019 	748267	97.00	8.00	6.52	13.18	103427.87	1820	0	Tsung-DaoLee	
1540	0:12:35	1/1/2019 	748373	216.00	7.00	9.63	13.18	103427.87	1819	0	Tsung-DaoLee	
1541	0:12:35	1/1/2019 	748451	102.00	8.00	6.65	13.18	103428.28	5101	0	Tsung-DaoLee	
1542	0:12:35	1/1/2019 	749201	90.00	8.00	6.35	13.18	103428.89	49802	0	Tsung-DaoLee	
1543	0:12:36	1/1/2019 	750172	361.00	8.00	11.77	13.18	103429.79	49800	0	Tsung-DaoLee	
1544	0:12:37	1/1/2019 	751006	130.00	9.00	7.44	13.19	103431.02	50636	0	Tsung-DaoLee	
1545	0:12:38	1/1/2019 	751419	280.00	9.00	10.80	13.19	103431.02	1820	0	Tsung-DaoLee	
1546	0:12:39	1/1/2019 	753013	79.00	8.00	6.12	13.19	103432.52	97783	0	Tsung-DaoLee	
1547	0:12:40	1/1/2019 	753470	224.00	9.00	9.82	13.20	103433.12	3318	0	Tsung-DaoLee	
1548	0:12:40	1/1/2019 	753617	949.00	238.00	49.00	13.20	103433.55	49808	1	Tsung-DaoLee	
1549	0:12:40	1/1/2019 	754101	537.00	9.00	13.26	13.20	103434.31	1822	0	Tsung-DaoLee	
1550	0:12:42	1/1/2019 	755587	179.00	8.00	8.80	13.20	103435.05	97782	0	Tsung-DaoLee	
1551	0:12:42	1/1/2019 	755616	712.00	13.00	16.01	13.21	103435.50	1821	0	Tsung-DaoLee	
1552	0:12:43	1/1/2019 	756350	192.00	9.00	9.12	13.21	103436.11	1821	0	Tsung-DaoLee	
1553	0:12:44	1/1/2019 	757738	557.00	9.00	13.48	13.22	103438.70	98750	0	Tsung-DaoLee	
1554	0:12:44	1/1/2019 	758170	786.00	32.00	20.49	13.22	103439.44	1822	0	Tsung-DaoLee	
1555	0:12:45	1/1/2019 	758343	946.00	451.00	81.08	13.22	103439.44	1821	0	Tsung-DaoLee	
1556	0:12:45	1/1/2019 	758390	430.00	13.00	12.67	13.22	103439.44	1823	0	Tsung-DaoLee	
1557	0:12:45	1/1/2019 	759079	462.00	9.00	12.64	13.22	103440.05	49801	0	Tsung-DaoLee	
1558	0:12:46	1/1/2019 	759734	946.00	344.00	64.79	13.22	103440.67	49802	1	Tsung-DaoLee	
1559	0:12:47	1/1/2019 	760843	938.00	113.00	32.56	13.23	103443.76	52067	0	Tsung-DaoLee	
1560	0:12:47	1/1/2019 	760924	949.00	123.00	34.51	13.23	103443.76	1821	1	Tsung-DaoLee	
1561	0:12:48	1/1/2019 	761273	940.00	132.00	36.20	13.23	103445.32	1821	0	Tsung-DaoLee	
1562	0:12:48	1/1/2019 	761584	947.00	131.00	36.02	13.23	103445.32	49803	1	Tsung-DaoLee	
1563	0:12:48	1/1/2019 	761881	945.00	141.00	37.80	13.23	103446.11	1821	0	Tsung-DaoLee	
1564	0:12:48	1/1/2019 	761920	336.00	8.00	11.51	13.23	103446.11	1821	0	Tsung-DaoLee	
1565	0:12:48	1/1/2019 	762058	948.00	229.00	48.12	13.23	103446.11	2810	1	Tsung-DaoLee	
1566	0:12:48	1/1/2019 	762114	951.00	575.00	99.36	13.23	103446.11	1820	0	Tsung-DaoLee	
1567	0:12:50	1/1/2019 	763472	585.00	9.00	13.83	13.24	103447.44	49801	0	Tsung-DaoLee	
1568	0:12:50	1/1/2019 	763550	102.00	9.00	6.65	13.24	103447.44	49801	0	Tsung-DaoLee	
1569	0:12:50	1/1/2019 	763672	750.00	21.00	18.40	13.24	103447.44	1820	0	Tsung-DaoLee	
1570	0:12:50	1/1/2019 	763844	117.00	8.00	7.06	13.24	103447.53	1819	0	Tsung-DaoLee	
1571	0:12:52	1/1/2019 	766015	127.00	8.00	7.35	13.25	103447.28	98878	0	Tsung-DaoLee	
1572	0:12:52	1/1/2019 	766055	290.00	8.00	10.92	13.25	103447.28	1822	0	Tsung-DaoLee	
1573	0:12:53	1/1/2019 	766596	269.00	9.00	10.63	13.25	103448.05	49799	0	Tsung-DaoLee	
1574	0:12:53	1/1/2019 	766875	921.00	101.00	30.22	13.25	103449.16	1821	1	Tsung-DaoLee	
1575	0:12:53	1/1/2019 	767088	199.00	8.00	9.28	13.25	103449.16	1821	0	Tsung-DaoLee	
1576	0:12:54	1/1/2019 	767423	941.00	197.00	45.14	13.25	103450.27	1819	0	Tsung-DaoLee	
1577	0:12:54	1/1/2019 	767705	732.00	17.00	17.30	13.25	103450.27	50803	0	Tsung-DaoLee	
1578	0:12:55	1/1/2019 	768667	196.00	8.00	9.21	13.25	103452.27	49803	0	Tsung-DaoLee	
1579	0:12:55	1/1/2019 	769094	785.00	29.00	20.04	13.25	103453.34	1820	0	Tsung-DaoLee	
1580	0:12:56	1/1/2019 	769265	789.00	35.00	20.89	13.25	103453.34	1821	0	Tsung-DaoLee	
1581	0:12:57	1/1/2019 	770994	945.00	447.00	80.61	13.25	103458.03	97785	1	Tsung-DaoLee	
1582	0:12:57	1/1/2019 	771049	157.00	8.00	8.21	13.25	103458.03	2749	0	Tsung-DaoLee	
1583	0:12:58	1/1/2019 	771979	569.00	9.00	13.63	13.26	103459.75	51350	0	Tsung-DaoLee	
1584	0:12:59	1/1/2019 	772380	221.00	9.00	9.76	13.26	103460.86	1820	0	Tsung-DaoLee	
1585	0:12:59	1/1/2019 	772728	784.00	31.00	20.35	13.26	103462.42	49801	1	Tsung-DaoLee	
1586	0:12:59	1/1/2019 	773120	744.00	19.00	17.88	13.26	103463.21	1822	0	Tsung-DaoLee	
1587	0:13:00	1/1/2019 	773321	398.00	9.00	12.17	13.26	103463.21	1820	0	Tsung-DaoLee	
1588	0:13:00	1/1/2019 	773398	155.00	8.00	8.16	13.26	103463.21	1821	0	Tsung-DaoLee	
1589	0:13:00	1/1/2019 	773592	949.00	635.00	112.96	13.26	103464.11	50822	1	Tsung-DaoLee	
1590	0:13:00	1/1/2019 	773603	161.00	8.00	8.32	13.26	103464.11	1821	0	Tsung-DaoLee	
1591	0:13:00	1/1/2019 	774204	170.00	9.00	8.57	13.26	103464.58	1820	0	Tsung-DaoLee	
1592	0:13:01	1/1/2019 	774681	69.00	8.00	5.97	13.26	103465.50	49802	0	Tsung-DaoLee	
1593	0:13:01	1/1/2019 	774717	944.00	140.00	37.63	13.26	103465.50	1820	0	Tsung-DaoLee	
1594	0:13:01	1/1/2019 	774878	920.00	95.00	29.08	13.26	103465.50	2849	0	Tsung-DaoLee	
1595	0:13:01	1/1/2019 	775163	886.00	68.00	24.68	13.26	103465.66	1822	0	Tsung-DaoLee	
1596	0:13:02	1/1/2019 	775401	123.00	8.00	7.24	13.26	103465.66	1820	0	Tsung-DaoLee	
1597	0:13:02	1/1/2019 	775628	424.00	9.00	12.37	13.27	103466.27	49801	0	Tsung-DaoLee	
1598	0:13:02	1/1/2019 	775883	100.00	8.00	6.59	13.27	103466.27	1821	0	Tsung-DaoLee	
1599	0:13:03	1/1/2019 	776250	546.00	9.00	13.36	13.27	103466.69	1819	0	Tsung-DaoLee	
1600	0:13:03	1/1/2019 	776458	520.00	9.00	13.10	13.27	103466.69	2855	0	Tsung-DaoLee	
1601	0:13:03	1/1/2019 	777002	170.00	9.00	8.57	13.27	103466.84	49800	0	Tsung-DaoLee	
1602	0:13:03	1/1/2019 	777027	724.00	15.00	16.68	13.27	103466.84	1821	0	Tsung-DaoLee	
1603	0:13:03	1/1/2019 	777124	516.00	9.00	13.06	13.27	103467.45	1822	0	Tsung-DaoLee	
1604	0:13:03	1/1/2019 	777132	235.00	9.00	10.04	13.27	103467.45	1821	0	Tsung-DaoLee	
1605	0:13:04	1/1/2019 	777699	506.00	9.00	12.98	13.27	103467.45	49799	1	Tsung-DaoLee	
1606	0:13:05	1/1/2019 	778260	58.00	8.00	5.88	13.27	103467.88	2861	0	Tsung-DaoLee	
1607	0:13:05	1/1/2019 	778333	578.00	9.00	13.74	13.27	103467.88	1828	0	Tsung-DaoLee	
1608	0:13:05	1/1/2019 	778402	611.00	9.00	14.16	13.27	103467.88	1827	0	Tsung-DaoLee	
1609	0:13:05	1/1/2019 	778426	712.00	14.00	16.34	13.27	103467.88	1828	0	Tsung-DaoLee	
1610	0:13:05	1/1/2019 	778666	237.00	9.00	10.08	13.28	103468.17	49805	0	Tsung-DaoLee	
1611	0:13:05	1/1/2019 	779123	71.00	8.00	5.99	13.28	103468.17	1820	0	Tsung-DaoLee	
1612	0:13:06	1/1/2019 	779433	611.00	9.00	14.16	13.28	103468.02	5193	0	Tsung-DaoLee	
1613	0:13:06	1/1/2019 	779622	947.00	156.00	40.21	13.28	103468.02	49803	1	Tsung-DaoLee	
1614	0:13:06	1/1/2019 	780116	888.00	69.00	24.82	13.28	103468.16	2660	0	Tsung-DaoLee	
1615	0:13:07	1/1/2019 	780370	872.00	60.00	23.68	13.28	103468.56	1821	0	Tsung-DaoLee	
1616	0:13:07	1/1/2019 	780454	73.00	8.00	6.02	13.28	103468.56	1821	0	Tsung-DaoLee	
1617	0:13:07	1/1/2019 	780470	437.00	8.00	12.39	13.28	103468.56	1819	0	Tsung-DaoLee	
1618	0:13:08	1/1/2019 	781313	145.00	8.00	7.87	13.28	103468.55	51296	0	Tsung-DaoLee	
1619	0:13:08	1/1/2019 	781549	250.00	9.00	10.31	13.28	103468.55	49802	0	Tsung-DaoLee	
1620	0:13:08	1/1/2019 	781570	440.00	9.00	12.49	13.28	103468.55	1820	0	Tsung-DaoLee	
1621	0:13:08	1/1/2019 	781593	763.00	25.00	19.29	13.28	103468.55	1821	0	Tsung-DaoLee	
1622	0:13:08	1/1/2019 	781794	413.00	9.00	12.29	13.29	103468.69	1820	0	Tsung-DaoLee	
1623	0:13:08	1/1/2019 	782046	946.00	372.00	69.78	13.29	103468.69	1820	1	Tsung-DaoLee	
1624	0:13:08	1/1/2019 	782188	567.00	9.00	13.60	13.29	103468.69	2785	0	Tsung-DaoLee	
1625	0:13:09	1/1/2019 	782556	84.00	8.00	6.21	13.29	103468.78	49801	0	Tsung-DaoLee	
1626	0:13:09	1/1/2019 	782645	929.00	110.00	31.97	13.29	103468.78	1821	0	Tsung-DaoLee	
1627	0:13:09	1/1/2019 	782648	355.00	9.00	11.76	13.29	103468.78	1820	0	Tsung-DaoLee	
1628	0:13:10	1/1/2019 	783283	338.00	8.00	11.53	13.29	103468.77	1820	0	Tsung-DaoLee	
1629	0:13:10	1/1/2019 	783384	935.00	111.00	32.17	13.29	103468.77	1821	0	Tsung-DaoLee	
1630	0:13:10	1/1/2019 	783588	946.00	286.00	54.88	13.29	103468.77	50772	0	Tsung-DaoLee	
1631	0:13:10	1/1/2019 	783621	426.00	9.00	12.39	13.29	103468.77	1821	0	Tsung-DaoLee	
1632	0:13:10	1/1/2019 	783722	157.00	9.00	8.22	13.29	103468.77	1820	0	Tsung-DaoLee	
1633	0:13:10	1/1/2019 	783866	948.00	419.00	77.06	13.29	103468.86	1821	1	Tsung-DaoLee	
1634	0:13:11	1/1/2019 	784495	111.00	8.00	6.89	13.30	103469.31	1822	0	Tsung-DaoLee	
1635	0:13:11	1/1/2019 	784705	910.00	88.00	27.81	13.30	103469.31	49802	0	Tsung-DaoLee	
1636	0:13:12	1/1/2019 	785308	388.00	9.00	12.08	13.30	103469.61	2797	0	Tsung-DaoLee	
1637	0:13:12	1/1/2019 	785551	63.00	9.00	5.91	13.30	103469.45	49803	0	Tsung-DaoLee	
1638	0:13:12	1/1/2019 	785736	583.00	9.00	13.81	13.30	103469.45	1820	0	Tsung-DaoLee	
1639	0:13:12	1/1/2019 	785816	422.00	9.00	12.36	13.30	103469.45	1821	0	Tsung-DaoLee	
1640	0:13:12	1/1/2019 	786163	581.00	9.00	13.78	13.30	103469.71	1820	0	Tsung-DaoLee	
1641	0:13:12	1/1/2019 	786188	947.00	413.00	76.23	13.30	103469.71	1821	0	Tsung-DaoLee	
1642	0:13:13	1/1/2019 	786358	162.00	8.00	8.35	13.30	103470.00	2802	0	Tsung-DaoLee	
1643	0:13:13	1/1/2019 	786408	884.00	63.00	24.05	13.30	103470.00	1821	0	Tsung-DaoLee	
1644	0:13:14	1/1/2019 	787653	452.00	9.00	12.57	13.31	103470.46	97782	0	Tsung-DaoLee	
1645	0:13:14	1/1/2019 	787753	696.00	13.00	15.97	13.31	103470.46	1821	0	Tsung-DaoLee	
1646	0:13:14	1/1/2019 	787828	908.00	84.00	27.12	13.31	103470.46	1820	0	Tsung-DaoLee	
1647	0:13:14	1/1/2019 	787967	693.00	13.00	15.96	13.31	103471.04	1820	0	Tsung-DaoLee	
1648	0:13:14	1/1/2019 	788161	667.00	10.00	14.91	13.31	103471.04	2807	0	Tsung-DaoLee	
1649	0:13:14	1/1/2019 	788205	879.00	64.00	24.16	13.31	103471.04	1821	0	Tsung-DaoLee	
1650	0:13:15	1/1/2019 	788680	606.00	9.00	14.10	13.31	103471.64	49801	0	Tsung-DaoLee	
1651	0:13:16	1/1/2019 	789357	941.00	132.00	36.20	13.31	103472.38	1823	0	Tsung-DaoLee	
1652	0:13:16	1/1/2019 	789727	111.00	9.00	6.89	13.32	103472.84	49807	0	Tsung-DaoLee	
1653	0:13:16	1/1/2019 	790000	950.00	269.00	52.52	13.32	103473.12	2732	1	Tsung-DaoLee	
1654	0:13:17	1/1/2019 	790266	173.00	8.00	8.64	13.32	103473.12	3367	0	Tsung-DaoLee	
1655	0:13:17	1/1/2019 	790655	762.00	24.00	19.09	13.32	103473.55	49807	0	Tsung-DaoLee	
1656	0:13:17	1/1/2019 	790719	552.00	9.00	13.43	13.32	103473.55	1822	0	Tsung-DaoLee	
1657	0:13:17	1/1/2019 	790825	727.00	16.00	17.00	13.32	103473.55	1820	0	Tsung-DaoLee	
1658	0:13:17	1/1/2019 	791174	749.00	21.00	18.39	13.32	103473.84	1821	0	Tsung-DaoLee	
1659	0:13:18	1/1/2019 	791579	678.00	11.00	15.27	13.33	103474.10	49799	0	Tsung-DaoLee	
1660	0:13:19	1/1/2019 	792301	177.00	8.00	8.75	13.33	103474.10	2831	0	Tsung-DaoLee	
1661	0:13:19	1/1/2019 	792492	133.00	9.00	7.53	13.33	103474.55	1820	0	Tsung-DaoLee	
1662	0:13:19	1/1/2019 	792810	164.00	8.00	8.40	13.33	103474.55	49798	0	Tsung-DaoLee	
1663	0:13:19	1/1/2019 	792980	947.00	123.00	34.51	13.33	103474.55	1820	0	Tsung-DaoLee	
1664	0:13:19	1/1/2019 	793150	745.00	20.00	18.14	13.33	103475.00	1820	0	Tsung-DaoLee	
1665	0:13:20	1/1/2019 	793911	942.00	269.00	52.52	13.33	103475.58	50815	1	Tsung-DaoLee	
1666	0:13:21	1/1/2019 	794841	75.00	8.00	6.05	13.34	103476.17	49801	0	Tsung-DaoLee	
1667	0:13:21	1/1/2019 	795091	97.00	8.00	6.52	13.34	103476.59	1821	0	Tsung-DaoLee	
1668	0:13:22	1/1/2019 	795773	658.00	11.00	15.15	13.34	103477.04	49799	0	Tsung-DaoLee	
1669	0:13:22	1/1/2019 	795911	63.00	8.00	5.91	13.34	103477.04	1821	0	Tsung-DaoLee	
1670	0:13:22	1/1/2019 	795983	417.00	9.00	12.32	13.34	103477.04	1820	0	Tsung-DaoLee	
1671	0:13:23	1/1/2019 	796494	94.00	8.00	6.44	13.35	103477.46	2839	0	Tsung-DaoLee	
1672	0:13:23	1/1/2019 	796689	426.00	8.00	12.32	13.35	103477.62	49802	0	Tsung-DaoLee	
1673	0:13:23	1/1/2019 	797138	908.00	86.00	27.46	13.35	103478.06	1821	1	Tsung-DaoLee	
1674	0:13:24	1/1/2019 	797975	943.00	124.00	34.70	13.35	103478.68	49800	1	Tsung-DaoLee	
1675	0:13:24	1/1/2019 	798099	133.00	9.00	7.53	13.35	103478.68	1822	0	Tsung-DaoLee	
1676	0:13:25	1/1/2019 	798444	514.00	9.00	13.04	13.35	103479.26	1820	0	Tsung-DaoLee	
1677	0:13:25	1/1/2019 	798933	285.00	9.00	10.88	13.36	103479.88	50829	0	Tsung-DaoLee	
1678	0:13:25	1/1/2019 	799080	317.00	8.00	11.28	13.36	103479.88	1828	0	Tsung-DaoLee	
1679	0:13:25	1/1/2019 	799136	89.00	9.00	6.32	13.36	103479.88	1827	0	Tsung-DaoLee	
1680	0:13:26	1/1/2019 	799444	90.00	8.00	6.35	13.36	103480.32	1824	0	Tsung-DaoLee	
1681	0:13:26	1/1/2019 	799670	421.00	9.00	12.35	13.36	103480.74	49800	0	Tsung-DaoLee	
1682	0:13:26	1/1/2019 	799818	288.00	4.00	10.75	13.36	103480.74	2791	0	Tsung-DaoLee	
1683	0:13:26	1/1/2019 	799906	946.00	207.00	46.09	13.36	103480.74	3499	1	Tsung-DaoLee	
1684	0:13:26	1/1/2019 	799933	924.00	104.00	30.80	13.36	103480.74	1821	0	Tsung-DaoLee	
1685	0:13:28	1/1/2019 	801273	357.00	8.00	11.73	13.37	103482.06	49802	0	Tsung-DaoLee	
1686	0:13:28	1/1/2019 	801596	217.00	8.00	9.67	13.37	103482.06	49801	0	Tsung-DaoLee	
1687	0:13:28	1/1/2019 	801765	325.00	9.00	11.42	13.37	103482.22	1820	0	Tsung-DaoLee	
1688	0:13:28	1/1/2019 	801990	330.00	9.00	11.48	13.37	103482.22	1821	0	Tsung-DaoLee	
1689	0:13:29	1/1/2019 	802462	253.00	9.00	10.37	13.37	103482.52	2866	0	Tsung-DaoLee	
1690	0:13:29	1/1/2019 	802840	65.00	8.00	5.92	13.37	103482.94	49802	0	Tsung-DaoLee	
1691	0:13:29	1/1/2019 	802846	121.00	8.00	7.18	13.37	103482.94	1820	0	Tsung-DaoLee	
1692	0:13:29	1/1/2019 	803147	946.00	303.00	57.55	13.37	103482.94	1820	1	Tsung-DaoLee	
1693	0:13:30	1/1/2019 	803860	171.00	8.00	8.59	13.38	103484.00	49803	0	Tsung-DaoLee	
1694	0:13:31	1/1/2019 	804609	941.00	176.00	42.88	13.38	103484.58	49800	1	Tsung-DaoLee	
1695	0:13:31	1/1/2019 	805132	142.00	9.00	7.79	13.38	103485.03	5103	0	Tsung-DaoLee	
1696	0:13:32	1/1/2019 	805234	761.00	24.00	19.09	13.38	103485.03	1821	0	Tsung-DaoLee	
1697	0:13:32	1/1/2019 	805558	65.00	8.00	5.92	13.39	103485.12	49803	0	Tsung-DaoLee	
1698	0:13:32	1/1/2019 	805649	125.00	9.00	7.30	13.39	103485.12	1827	0	Tsung-DaoLee	
1699	0:13:32	1/1/2019 	805732	911.00	89.00	27.98	13.39	103485.12	1827	0	Tsung-DaoLee	
1700	0:13:32	1/1/2019 	805774	685.00	12.00	15.61	13.39	103485.12	1828	0	Tsung-DaoLee	
1701	0:13:33	1/1/2019 	807111	947.00	332.00	62.61	13.39	103485.88	50757	0	Tsung-DaoLee	
1702	0:13:34	1/1/2019 	807745	692.00	13.00	15.96	13.39	103486.13	49807	0	Tsung-DaoLee	
1703	0:13:34	1/1/2019 	807833	908.00	88.00	27.80	13.39	103486.13	1823	0	Tsung-DaoLee	
1704	0:13:34	1/1/2019 	808173	69.00	8.00	5.97	13.40	103486.74	1820	0	Tsung-DaoLee	
1705	0:13:35	1/1/2019 	808291	246.00	9.00	10.24	13.40	103486.74	1820	0	Tsung-DaoLee	
1706	0:13:35	1/1/2019 	808300	841.00	45.00	22.07	13.40	103486.74	1822	0	Tsung-DaoLee	
1707	0:13:35	1/1/2019 	808601	112.00	9.00	6.92	13.40	103487.00	50755	0	Tsung-DaoLee	
1708	0:13:35	1/1/2019 	808663	155.00	9.00	8.16	13.40	103487.00	1821	0	Tsung-DaoLee	
1709	0:13:35	1/1/2019 	808879	944.00	131.00	36.02	13.40	103487.00	1819	1	Tsung-DaoLee	
1710	0:13:35	1/1/2019 	808974	714.00	13.00	16.01	13.40	103487.61	2441	1	Tsung-DaoLee	
1711	0:13:35	1/1/2019 	809009	160.00	8.00	8.30	13.40	103487.61	1820	0	Tsung-DaoLee	
1712	0:13:35	1/1/2019 	809188	911.00	87.00	27.63	13.40	103487.61	1820	0	Tsung-DaoLee	
1713	0:13:36	1/1/2019 	809255	85.00	8.00	6.24	13.40	103487.61	2744	0	Tsung-DaoLee	
1714	0:13:36	1/1/2019 	809551	370.00	46.00	12.75	13.40	103488.23	49803	0	Tsung-DaoLee	
1715	0:13:36	1/1/2019 	809621	741.00	19.00	17.87	13.40	103488.23	2552	0	Tsung-DaoLee	
1716	0:13:36	1/1/2019 	809692	171.00	8.00	8.59	13.40	103488.23	1820	0	Tsung-DaoLee	
1717	0:13:36	1/1/2019 	809745	377.00	9.00	11.98	13.40	103488.23	1820	0	Tsung-DaoLee	
1718	0:13:36	1/1/2019 	809834	246.00	8.00	10.22	13.40	103488.23	1820	0	Tsung-DaoLee	
1719	0:13:36	1/1/2019 	810085	142.00	9.00	7.79	13.41	103488.80	3370	0	Tsung-DaoLee	
1720	0:13:36	1/1/2019 	810143	549.00	9.00	13.39	13.41	103488.80	1820	0	Tsung-DaoLee	
1721	0:13:36	1/1/2019 	810188	100.00	8.00	6.59	13.41	103488.80	1821	0	Tsung-DaoLee	
1722	0:13:37	1/1/2019 	810257	76.00	8.00	6.07	13.41	103488.80	1819	0	Tsung-DaoLee	
1723	0:13:37	1/1/2019 	810608	216.00	8.00	9.65	13.41	103489.25	49801	0	Tsung-DaoLee	
1724	0:13:37	1/1/2019 	811218	844.00	45.00	22.08	13.41	103489.87	1821	0	Tsung-DaoLee	
1725	0:13:38	1/1/2019 	811621	321.00	9.00	11.37	13.41	103490.45	50885	0	Tsung-DaoLee	
1726	0:13:38	1/1/2019 	811637	940.00	117.00	33.35	13.41	103490.45	1821	0	Tsung-DaoLee	
1727	0:13:39	1/1/2019 	812311	144.00	8.00	7.85	13.42	103490.89	1820	0	Tsung-DaoLee	
1728	0:13:39	1/1/2019 	812455	401.00	9.00	12.19	13.42	103490.89	1821	0	Tsung-DaoLee	
1729	0:13:39	1/1/2019 	812679	525.00	9.00	13.14	13.42	103491.31	49801	0	Tsung-DaoLee	
1730	0:13:39	1/1/2019 	812820	335.00	9.00	11.54	13.42	103491.31	1821	0	Tsung-DaoLee	
1731	0:13:39	1/1/2019 	812965	166.00	9.00	8.46	13.42	103491.31	2808	0	Tsung-DaoLee	
1732	0:13:40	1/1/2019 	813388	675.00	11.00	15.26	13.42	103491.61	1821	0	Tsung-DaoLee	
1733	0:13:40	1/1/2019 	813424	894.00	75.00	25.67	13.42	103491.61	1821	0	Tsung-DaoLee	
1734	0:13:40	1/1/2019 	813900	766.00	24.00	19.10	13.42	103491.91	49802	0	Tsung-DaoLee	
1735	0:13:41	1/1/2019 	815153	639.00	10.00	14.70	13.43	103492.62	49801	0	Tsung-DaoLee	
1736	0:13:41	1/1/2019 	815195	585.00	9.00	13.83	13.43	103492.62	1822	0	Tsung-DaoLee	
1737	0:13:42	1/1/2019 	815240	121.00	8.00	7.18	13.43	103492.62	2813	0	Tsung-DaoLee	
1738	0:13:42	1/1/2019 	815844	176.00	9.00	8.73	13.43	103493.06	49801	0	Tsung-DaoLee	
1739	0:13:43	1/1/2019 	816324	435.00	9.00	12.45	13.43	103493.48	1820	0	Tsung-DaoLee	
1740	0:13:43	1/1/2019 	816371	711.00	15.00	16.65	13.43	103493.48	1820	0	Tsung-DaoLee	
1741	0:13:43	1/1/2019 	816696	660.00	10.00	14.87	13.43	103494.09	49801	0	Tsung-DaoLee	
1742	0:13:43	1/1/2019 	817070	62.00	8.00	5.90	13.43	103494.09	1820	0	Tsung-DaoLee	
1743	0:13:44	1/1/2019 	818092	145.00	8.00	7.87	13.44	103494.97	50799	0	Tsung-DaoLee	
1744	0:13:45	1/1/2019 	818642	426.00	9.00	12.39	13.44	103496.00	49802	0	Tsung-DaoLee	
1745	0:13:45	1/1/2019 	818752	715.00	14.00	16.35	13.44	103496.00	1822	0	Tsung-DaoLee	
1746	0:13:45	1/1/2019 	818822	433.00	9.00	12.44	13.44	103496.00	1820	0	Tsung-DaoLee	
1747	0:13:46	1/1/2019 	819366	171.00	9.00	8.60	13.45	103496.77	1820	0	Tsung-DaoLee	
1748	0:13:46	1/1/2019 	819891	77.00	9.00	6.08	13.45	103497.06	49802	0	Tsung-DaoLee	
1749	0:13:46	1/1/2019 	819906	853.00	48.00	22.39	13.45	103497.06	4171	0	Tsung-DaoLee	
1750	0:13:47	1/1/2019 	820345	670.00	11.00	15.23	13.45	103497.06	1821	0	Tsung-DaoLee	
1751	0:13:47	1/1/2019 	821199	68.00	8.00	5.95	13.45	103497.93	49800	0	Tsung-DaoLee	
1752	0:13:48	1/1/2019 	821550	947.00	276.00	53.45	13.45	103497.93	49799	0	Tsung-DaoLee	
1753	0:13:48	1/1/2019 	821751	57.00	8.00	5.88	13.46	103498.51	1822	0	Tsung-DaoLee	
1754	0:13:48	1/1/2019 	821817	919.00	91.00	28.35	13.46	103498.51	1821	0	Tsung-DaoLee	
1755	0:13:48	1/1/2019 	821869	359.00	9.00	11.80	13.46	103498.51	2841	0	Tsung-DaoLee	
1756	0:13:48	1/1/2019 	822170	427.00	9.00	12.39	13.46	103498.51	1821	0	Tsung-DaoLee	
1757	0:13:49	1/1/2019 	822478	719.00	16.00	16.97	13.46	103498.95	1821	0	Tsung-DaoLee	
1758	0:13:49	1/1/2019 	822582	941.00	146.00	38.64	13.46	103498.95	49803	0	Tsung-DaoLee	
1759	0:13:49	1/1/2019 	822867	317.00	9.00	11.32	13.46	103499.26	1821	0	Tsung-DaoLee	
1760	0:13:50	1/1/2019 	823241	66.00	8.00	5.93	13.46	103499.67	2845	0	Tsung-DaoLee	
1761	0:13:50	1/1/2019 	823273	753.00	21.00	18.40	13.46	103499.67	1821	0	Tsung-DaoLee	
1762	0:13:51	1/1/2019 	824574	896.00	75.00	25.67	13.47	103500.44	97781	0	Tsung-DaoLee	
1763	0:13:51	1/1/2019 	825015	711.00	14.00	16.34	13.47	103500.86	1821	0	Tsung-DaoLee	
1764	0:13:51	1/1/2019 	825030	941.00	113.00	32.56	13.47	103500.86	1820	0	Tsung-DaoLee	
1765	0:13:52	1/1/2019 	825380	703.00	13.00	16.00	13.47	103501.47	1821	0	Tsung-DaoLee	
1766	0:13:52	1/1/2019 	825715	789.00	33.00	20.64	13.47	103501.47	50934	0	Tsung-DaoLee	
1767	0:13:52	1/1/2019 	826164	576.00	9.00	13.72	13.47	103501.92	1820	0	Tsung-DaoLee	
1768	0:13:52	1/1/2019 	826213	598.00	9.00	14.00	13.47	103501.92	1821	0	Tsung-DaoLee	
1769	0:13:53	1/1/2019 	826238	169.00	8.00	8.54	13.47	103501.92	1821	0	Tsung-DaoLee	
1770	0:13:53	1/1/2019 	826411	109.00	9.00	6.84	13.48	103502.50	1820	0	Tsung-DaoLee	
1771	0:13:53	1/1/2019 	826629	113.00	8.00	6.95	13.48	103502.50	49802	0	Tsung-DaoLee	
1772	0:13:54	1/1/2019 	828213	944.00	277.00	53.59	13.48	103503.09	50838	0	Tsung-DaoLee	
1773	0:13:55	1/1/2019 	828472	180.00	9.00	8.83	13.48	103503.66	1823	0	Tsung-DaoLee	
1774	0:13:55	1/1/2019 	828704	98.00	8.00	6.54	13.48	103503.66	49802	0	Tsung-DaoLee	
1775	0:13:55	1/1/2019 	828813	373.00	9.00	11.94	13.48	103503.66	1820	0	Tsung-DaoLee	
1776	0:13:55	1/1/2019 	828892	946.00	124.00	34.70	13.49	103503.96	1820	0	Tsung-DaoLee	
1777	0:13:55	1/1/2019 	829156	660.00	10.00	14.87	13.49	103503.96	1822	0	Tsung-DaoLee	
1778	0:13:56	1/1/2019 	829405	312.00	8.00	11.22	13.49	103504.53	2862	0	Tsung-DaoLee	
1779	0:13:56	1/1/2019 	829703	307.00	8.00	11.15	13.49	103504.53	49802	0	Tsung-DaoLee	
1780	0:13:56	1/1/2019 	829847	267.00	9.00	10.60	13.49	103504.53	2640	0	Tsung-DaoLee	
1781	0:13:56	1/1/2019 	829982	147.00	8.00	7.93	13.49	103505.14	1821	0	Tsung-DaoLee	
1782	0:13:57	1/1/2019 	830563	328.00	9.00	11.45	13.49	103505.91	49801	0	Tsung-DaoLee	
1783	0:13:57	1/1/2019 	830797	121.00	8.00	7.18	13.49	103505.91	1822	0	Tsung-DaoLee	
1784	0:13:57	1/1/2019 	831139	91.00	8.00	6.37	13.49	103505.91	3303	0	Tsung-DaoLee	
1785	0:13:58	1/1/2019 	831446	137.00	9.00	7.65	13.50	103506.34	1820	0	Tsung-DaoLee	
1786	0:13:58	1/1/2019 	831634	469.00	9.00	12.69	13.50	103506.34	49801	0	Tsung-DaoLee	
1787	0:13:58	1/1/2019 	831851	94.00	8.00	6.44	13.50	103506.34	1821	0	Tsung-DaoLee	
1788	0:13:59	1/1/2019 	832356	84.00	8.00	6.21	13.50	103506.78	1819	0	Tsung-DaoLee	
1789	0:14:00	1/1/2019 	834056	688.00	12.00	15.63	13.51	103508.69	97782	0	Tsung-DaoLee	
1790	0:14:01	1/1/2019 	834460	347.00	9.00	11.67	13.51	103508.69	2777	0	Tsung-DaoLee	
1791	0:14:01	1/1/2019 	835219	122.00	8.00	7.21	13.51	103509.30	49802	0	Tsung-DaoLee	
1792	0:14:02	1/1/2019 	835479	944.00	299.00	56.90	13.51	103509.30	1820	1	Tsung-DaoLee	
1793	0:14:02	1/1/2019 	835675	816.00	39.00	21.41	13.51	103509.75	49804	0	Tsung-DaoLee	
1794	0:14:02	1/1/2019 	835963	946.00	272.00	52.91	13.51	103509.75	1821	0	Tsung-DaoLee	
1795	0:14:03	1/1/2019 	836334	515.00	9.00	13.05	13.52	103510.33	1820	0	Tsung-DaoLee	
1796	0:14:03	1/1/2019 	836667	947.00	164.00	41.35	13.52	103510.33	50764	1	Tsung-DaoLee	
1797	0:14:03	1/1/2019 	836799	531.00	9.00	13.20	13.52	103510.33	1821	0	Tsung-DaoLee	
1798	0:14:03	1/1/2019 	837201	528.00	9.00	13.17	13.52	103510.78	1820	0	Tsung-DaoLee	
1799	0:14:05	1/1/2019 	838424	221.00	5.00	9.70	13.52	103511.97	49800	0	Tsung-DaoLee	
1800	0:14:05	1/1/2019 	839018	943.00	117.00	33.35	13.53	103512.42	49802	0	Tsung-DaoLee	
1801	0:14:06	1/1/2019 	840089	599.00	9.00	14.01	13.53	103512.84	49803	0	Tsung-DaoLee	
1802	0:14:06	1/1/2019 	840162	448.00	9.00	12.55	13.53	103513.29	4067	0	Tsung-DaoLee	
1803	0:14:07	1/1/2019 	840498	800.00	36.00	21.04	13.53	103513.29	1821	0	Tsung-DaoLee	
1804	0:14:07	1/1/2019 	840673	845.00	48.00	22.38	13.53	103513.91	49804	0	Tsung-DaoLee	
1805	0:14:07	1/1/2019 	840859	460.00	9.00	12.63	13.53	103513.91	1821	0	Tsung-DaoLee	
1806	0:14:09	1/1/2019 	842258	114.00	8.00	6.98	13.54	103514.93	49800	0	Tsung-DaoLee	
1807	0:14:09	1/1/2019 	842316	93.00	8.00	6.42	13.54	103514.93	1821	0	Tsung-DaoLee	
1808	0:14:09	1/1/2019 	843022	723.00	16.00	16.99	13.54	103515.50	50783	0	Tsung-DaoLee	
1809	0:14:09	1/1/2019 	843177	784.00	32.00	20.49	13.54	103515.50	1821	0	Tsung-DaoLee	
1810	0:14:10	1/1/2019 	843877	156.00	9.00	8.19	13.55	103516.57	49801	0	Tsung-DaoLee	
1811	0:14:11	1/1/2019 	844377	324.00	8.00	11.37	13.55	103516.88	1821	0	Tsung-DaoLee	
1812	0:14:11	1/1/2019 	844913	808.00	37.00	21.17	13.55	103517.30	49801	0	Tsung-DaoLee	
1813	0:14:11	1/1/2019 	845015	874.00	57.00	23.35	13.55	103517.30	1820	0	Tsung-DaoLee	
1814	0:14:11	1/1/2019 	845035	334.00	9.00	11.53	13.55	103517.30	2809	0	Tsung-DaoLee	
1815	0:14:12	1/1/2019 	845311	406.00	9.00	12.23	13.55	103517.92	1821	0	Tsung-DaoLee	
1816	0:14:12	1/1/2019 	845321	933.00	111.00	32.17	13.55	103517.92	1821	1	Tsung-DaoLee	
1817	0:14:12	1/1/2019 	845439	648.00	10.00	14.79	13.55	103517.92	1822	1	Tsung-DaoLee	
1818	0:14:12	1/1/2019 	846030	689.00	12.00	15.63	13.55	103518.69	49803	0	Tsung-DaoLee	
1819	0:14:13	1/1/2019 	846431	76.00	8.00	6.07	13.55	103518.69	1821	0	Tsung-DaoLee	
1820	0:14:13	1/1/2019 	846877	945.00	177.00	43.00	13.56	103519.10	50795	0	Tsung-DaoLee	
1821	0:14:13	1/1/2019 	846930	150.00	8.00	8.02	13.56	103519.10	1821	0	Tsung-DaoLee	
1822	0:14:14	1/1/2019 	847255	853.00	50.00	22.59	13.56	103519.10	1820	0	Tsung-DaoLee	
1823	0:14:14	1/1/2019 	847835	947.00	523.00	90.01	13.56	103520.12	49806	1	Tsung-DaoLee	
1824	0:14:14	1/1/2019 	848048	98.00	9.00	6.54	13.56	103520.12	1828	0	Tsung-DaoLee	
1825	0:14:14	1/1/2019 	848063	115.00	8.00	7.01	13.56	103520.12	1827	0	Tsung-DaoLee	
1826	0:14:15	1/1/2019 	848933	945.00	150.00	39.29	13.56	103520.59	50804	1	Tsung-DaoLee	
1827	0:14:15	1/1/2019 	848945	665.00	11.00	15.20	13.56	103520.59	1821	0	Tsung-DaoLee	
1828	0:14:15	1/1/2019 	848950	217.00	13.00	9.73	13.56	103520.59	1821	0	Tsung-DaoLee	
1829	0:14:15	1/1/2019 	849138	641.00	9.00	14.46	13.56	103520.59	1820	0	Tsung-DaoLee	
1830	0:14:16	1/1/2019 	849879	917.00	94.00	28.89	13.57	103521.77	49802	1	Tsung-DaoLee	
1831	0:14:16	1/1/2019 	849989	60.00	9.00	5.89	13.57	103521.77	4166	0	Tsung-DaoLee	
1832	0:14:16	1/1/2019 	850134	944.00	126.00	35.08	13.57	103521.77	1819	1	Tsung-DaoLee	
1833	0:14:17	1/1/2019 	850247	112.00	8.00	6.92	13.57	103521.77	1821	0	Tsung-DaoLee	
1834	0:14:17	1/1/2019 	850284	693.00	12.00	15.64	13.57	103521.77	1821	0	Tsung-DaoLee	
1835	0:14:18	1/1/2019 	851332	950.00	626.00	110.84	13.57	103522.06	49799	1	Tsung-DaoLee	
1836	0:14:18	1/1/2019 	851786	88.00	8.00	6.30	13.57	103522.36	49800	0	Tsung-DaoLee	
1837	0:14:18	1/1/2019 	851938	189.00	8.00	9.04	13.58	103522.94	2942	0	Tsung-DaoLee	
1838	0:14:18	1/1/2019 	851981	950.00	294.00	56.10	13.58	103522.94	1821	1	Tsung-DaoLee	
1839	0:14:18	1/1/2019 	852045	169.00	9.00	8.54	13.58	103522.94	1821	0	Tsung-DaoLee	
1840	0:14:18	1/1/2019 	852060	244.00	9.00	10.21	13.58	103522.94	1819	0	Tsung-DaoLee	
1841	0:14:18	1/1/2019 	852084	114.00	8.00	6.98	13.58	103522.94	1820	0	Tsung-DaoLee	
1842	0:14:19	1/1/2019 	852578	890.00	65.00	24.30	13.58	103523.39	49801	0	Tsung-DaoLee	
1843	0:14:19	1/1/2019 	852903	603.00	9.00	14.06	13.58	103523.39	2848	0	Tsung-DaoLee	
1844	0:14:19	1/1/2019 	852912	673.00	10.00	14.93	13.58	103523.39	1821	0	Tsung-DaoLee	
1845	0:14:19	1/1/2019 	853180	696.00	12.00	15.65	13.58	103523.39	1820	0	Tsung-DaoLee	
1846	0:14:20	1/1/2019 	853636	941.00	157.00	40.36	13.58	103523.97	49801	0	Tsung-DaoLee	
1847	0:14:20	1/1/2019 	853840	947.00	192.00	44.64	13.58	103523.97	1823	1	Tsung-DaoLee	
1848	0:14:21	1/1/2019 	854438	943.00	464.00	82.58	13.58	103524.58	1821	1	Tsung-DaoLee	
1849	0:14:21	1/1/2019 	854481	470.00	9.00	12.70	13.58	103524.58	2852	0	Tsung-DaoLee	
1850	0:14:21	1/1/2019 	854675	686.00	11.00	15.29	13.58	103524.42	49800	0	Tsung-DaoLee	
1851	0:14:21	1/1/2019 	854760	329.00	8.00	11.43	13.58	103524.42	1820	0	Tsung-DaoLee	
1852	0:14:21	1/1/2019 	854984	104.00	8.00	6.70	13.58	103524.42	1821	0	Tsung-DaoLee	
1853	0:14:22	1/1/2019 	855432	67.00	8.00	5.94	13.59	103525.03	1820	0	Tsung-DaoLee	
1854	0:14:23	1/1/2019 	856564	280.00	8.00	10.78	13.59	103526.06	97781	0	Tsung-DaoLee	
1855	0:14:24	1/1/2019 	857793	285.00	9.00	10.88	13.60	103526.61	50838	0	Tsung-DaoLee	
1856	0:14:25	1/1/2019 	859095	736.00	17.00	17.31	13.60	103527.80	49800	0	Tsung-DaoLee	
1857	0:14:26	1/1/2019 	859314	541.00	7.00	13.06	13.60	103527.80	1822	0	Tsung-DaoLee	
1858	0:14:27	1/1/2019 	860403	187.00	9.00	9.00	13.61	103528.86	49802	0	Tsung-DaoLee	
1859	0:14:27	1/1/2019 	860585	253.00	9.00	10.37	13.61	103528.86	50789	0	Tsung-DaoLee	
1860	0:14:27	1/1/2019 	860779	65.00	8.00	5.92	13.61	103528.86	1820	0	Tsung-DaoLee	
1861	0:14:27	1/1/2019 	860877	78.00	8.00	6.10	13.61	103528.86	5637	0	Tsung-DaoLee	
1862	0:14:27	1/1/2019 	861182	653.00	10.00	14.83	13.61	103529.28	1819	0	Tsung-DaoLee	
1863	0:14:28	1/1/2019 	861350	173.00	8.00	8.64	13.61	103529.28	1821	0	Tsung-DaoLee	
1864	0:14:28	1/1/2019 	861726	946.00	155.00	40.06	13.61	103529.73	49801	0	Tsung-DaoLee	
1865	0:14:28	1/1/2019 	861925	149.00	8.00	7.99	13.61	103529.73	1821	0	Tsung-DaoLee	
1866	0:14:29	1/1/2019 	862772	77.00	8.00	6.08	13.61	103530.16	49800	0	Tsung-DaoLee	
1867	0:14:29	1/1/2019 	862896	893.00	77.00	25.97	13.61	103530.16	2769	0	Tsung-DaoLee	
1868	0:14:29	1/1/2019 	863154	581.00	9.00	13.78	13.61	103530.16	1820	0	Tsung-DaoLee	
1869	0:14:30	1/1/2019 	863426	176.00	8.00	8.72	13.61	103530.77	1820	0	Tsung-DaoLee	
1870	0:14:30	1/1/2019 	863588	171.00	9.00	8.60	13.61	103530.77	49801	0	Tsung-DaoLee	
1871	0:14:30	1/1/2019 	863661	360.00	9.00	11.81	13.61	103530.77	1819	0	Tsung-DaoLee	
1872	0:14:30	1/1/2019 	863804	322.00	9.00	11.38	13.62	103531.22	1819	0	Tsung-DaoLee	
1873	0:14:31	1/1/2019 	864577	394.00	9.00	12.13	13.62	103531.80	50756	0	Tsung-DaoLee	
1874	0:14:31	1/1/2019 	864720	236.00	8.00	10.04	13.62	103531.80	1820	0	Tsung-DaoLee	
1875	0:14:31	1/1/2019 	864868	72.00	8.00	6.00	13.62	103532.25	1820	0	Tsung-DaoLee	
1876	0:14:31	1/1/2019 	865219	951.00	282.00	54.30	13.62	103532.25	1821	0	Tsung-DaoLee	
1877	0:14:32	1/1/2019 	865265	945.00	316.00	59.76	13.62	103532.56	1821	0	Tsung-DaoLee	
1878	0:14:32	1/1/2019 	865919	938.00	115.00	32.96	13.62	103533.02	49802	0	Tsung-DaoLee	
1879	0:14:32	1/1/2019 	866015	920.00	95.00	29.08	13.62	103533.02	2884	0	Tsung-DaoLee	
1880	0:14:33	1/1/2019 	866321	945.00	344.00	64.78	13.63	103533.44	1821	1	Tsung-DaoLee	
1881	0:14:34	1/1/2019 	867433	905.00	82.00	26.78	13.63	103533.89	49804	0	Tsung-DaoLee	
1882	0:14:34	1/1/2019 	867612	562.00	9.00	13.54	13.63	103533.89	49803	0	Tsung-DaoLee	
1883	0:14:34	1/1/2019 	867800	948.00	455.00	81.54	13.63	103533.89	1820	1	Tsung-DaoLee	
1884	0:14:35	1/1/2019 	868756	942.00	123.00	34.51	13.63	103534.47	49802	0	Tsung-DaoLee	
1885	0:14:35	1/1/2019 	869147	76.00	8.00	6.07	13.63	103535.08	2787	0	Tsung-DaoLee	
1886	0:14:36	1/1/2019 	869726	109.00	8.00	6.84	13.64	103535.21	49802	0	Tsung-DaoLee	
1887	0:14:36	1/1/2019 	869755	565.00	8.00	13.44	13.64	103535.21	2697	0	Tsung-DaoLee	
1888	0:14:36	1/1/2019 	869988	151.00	8.00	8.05	13.64	103535.62	1823	0	Tsung-DaoLee	
1889	0:14:37	1/1/2019 	870784	941.00	276.00	53.45	13.64	103535.62	49809	1	Tsung-DaoLee	
1890	0:14:37	1/1/2019 	870904	265.00	9.00	10.57	13.64	103536.08	1827	0	Tsung-DaoLee	
1891	0:14:37	1/1/2019 	870922	368.00	9.00	11.89	13.64	103536.08	3340	0	Tsung-DaoLee	
1892	0:14:37	1/1/2019 	870991	167.00	8.00	8.48	13.64	103536.08	1820	0	Tsung-DaoLee	
1893	0:14:37	1/1/2019 	871046	860.00	53.00	22.90	13.64	103536.08	1819	0	Tsung-DaoLee	
1894	0:14:38	1/1/2019 	871807	77.00	8.00	6.08	13.64	103536.53	49800	0	Tsung-DaoLee	
1895	0:14:38	1/1/2019 	872146	428.00	9.00	12.40	13.65	103536.95	1822	0	Tsung-DaoLee	
1896	0:14:39	1/1/2019 	872486	793.00	33.00	20.65	13.65	103537.11	1819	1	Tsung-DaoLee	
1897	0:14:39	1/1/2019 	872864	64.00	8.00	5.92	13.65	103537.11	50789	0	Tsung-DaoLee	
1898	0:14:39	1/1/2019 	872887	697.00	13.00	15.98	13.65	103537.11	1820	0	Tsung-DaoLee	
1899	0:14:39	1/1/2019 	872977	122.00	8.00	7.21	13.65	103537.72	1821	0	Tsung-DaoLee	
1900	0:14:39	1/1/2019 	873104	65.00	8.00	5.92	13.65	103537.72	1820	0	Tsung-DaoLee	
1901	0:14:40	1/1/2019 	873868	124.00	8.00	7.27	13.65	103537.72	49800	0	Tsung-DaoLee	
1902	0:14:40	1/1/2019 	873998	104.00	9.00	6.70	13.65	103538.14	1821	0	Tsung-DaoLee	
1903	0:14:40	1/1/2019 	874072	683.00	12.00	15.61	13.65	103538.14	2776	0	Tsung-DaoLee	
1904	0:14:41	1/1/2019 	875040	104.00	8.00	6.70	13.66	103539.05	49800	0	Tsung-DaoLee	
1905	0:14:41	1/1/2019 	875171	886.00	67.00	24.55	13.66	103539.05	1821	0	Tsung-DaoLee	
1906	0:14:42	1/1/2019 	875425	613.00	9.00	14.18	13.66	103539.05	1820	0	Tsung-DaoLee	
1907	0:14:42	1/1/2019 	875575	72.00	8.00	6.00	13.66	103539.20	49802	0	Tsung-DaoLee	
1908	0:14:42	1/1/2019 	875601	126.00	8.00	7.32	13.66	103539.20	1819	0	Tsung-DaoLee	
1909	0:14:43	1/1/2019 	876386	387.00	9.00	12.07	13.66	103539.62	2790	0	Tsung-DaoLee	
1910	0:14:43	1/1/2019 	876487	951.00	519.00	89.43	13.66	103539.62	1828	1	Tsung-DaoLee	
1911	0:14:43	1/1/2019 	877085	942.00	120.00	33.93	13.66	103540.08	49808	1	Tsung-DaoLee	
1912	0:14:44	1/1/2019 	877629	545.00	9.00	13.35	13.66	103540.53	49802	0	Tsung-DaoLee	
1913	0:14:45	1/1/2019 	878832	264.00	9.00	10.55	13.67	103541.55	49802	0	Tsung-DaoLee	
1914	0:14:45	1/1/2019 	878939	893.00	74.00	25.52	13.67	103541.55	2824	0	Tsung-DaoLee	
1915	0:14:45	1/1/2019 	878946	659.00	10.00	14.87	13.67	103541.55	1820	0	Tsung-DaoLee	
1916	0:14:45	1/1/2019 	879006	461.00	9.00	12.64	13.67	103541.55	1821	0	Tsung-DaoLee	
1917	0:14:46	1/1/2019 	879575	633.00	9.00	14.40	13.67	103541.40	49801	0	Tsung-DaoLee	
1918	0:14:46	1/1/2019 	879648	907.00	82.00	26.78	13.67	103541.81	2754	0	Tsung-DaoLee	
1919	0:14:46	1/1/2019 	879834	215.00	8.00	9.63	13.67	103541.81	1819	0	Tsung-DaoLee	
1920	0:14:46	1/1/2019 	879979	213.00	9.00	9.60	13.67	103541.81	3380	0	Tsung-DaoLee	
1921	0:14:46	1/1/2019 	880111	609.00	10.00	14.33	13.67	103542.27	1820	0	Tsung-DaoLee	
1922	0:14:47	1/1/2019 	880777	608.00	9.00	14.12	13.67	103542.11	49802	0	Tsung-DaoLee	
1923	0:14:48	1/1/2019 	881356	637.00	9.00	14.43	13.68	103542.72	1822	0	Tsung-DaoLee	
1924	0:14:48	1/1/2019 	882231	69.00	8.00	5.97	13.68	103543.59	49802	0	Tsung-DaoLee	
1925	0:14:49	1/1/2019 	882295	588.00	9.00	13.87	13.68	103543.59	1821	0	Tsung-DaoLee	
1926	0:14:49	1/1/2019 	882575	616.00	9.00	14.22	13.68	103543.59	50830	0	Tsung-DaoLee	
1927	0:14:49	1/1/2019 	882599	117.00	8.00	7.06	13.68	103543.59	1821	0	Tsung-DaoLee	
1928	0:14:49	1/1/2019 	882671	147.00	8.00	7.93	13.68	103544.02	1819	0	Tsung-DaoLee	
1929	0:14:49	1/1/2019 	882715	927.00	104.00	30.80	13.68	103544.02	1820	0	Tsung-DaoLee	
1930	0:14:49	1/1/2019 	883066	535.00	9.00	13.24	13.68	103544.02	1821	0	Tsung-DaoLee	
1931	0:14:50	1/1/2019 	883342	537.00	9.00	13.26	13.68	103544.17	1821	0	Tsung-DaoLee	
1932	0:14:50	1/1/2019 	883398	949.00	403.00	74.78	13.68	103544.17	2854	0	Tsung-DaoLee	
1933	0:14:50	1/1/2019 	883437	124.00	8.00	7.27	13.68	103544.17	1820	0	Tsung-DaoLee	
1934	0:14:50	1/1/2019 	883479	946.00	121.00	34.12	13.68	103544.17	1821	0	Tsung-DaoLee	
1935	0:14:50	1/1/2019 	883666	946.00	260.00	51.40	13.68	103544.17	49801	0	Tsung-DaoLee	
1936	0:14:50	1/1/2019 	883987	704.00	13.00	16.00	13.69	103544.62	1824	0	Tsung-DaoLee	
1937	0:14:50	1/1/2019 	884031	518.00	9.00	13.08	13.69	103544.62	1827	0	Tsung-DaoLee	
1938	0:14:50	1/1/2019 	884037	540.00	9.00	13.29	13.69	103544.62	2868	0	Tsung-DaoLee	
1939	0:14:50	1/1/2019 	884188	661.00	15.00	16.19	13.69	103544.62	1828	1	Tsung-DaoLee	
1940	0:14:51	1/1/2019 	884394	79.00	9.00	6.12	13.69	103545.08	1826	0	Tsung-DaoLee	
1941	0:14:51	1/1/2019 	884597	105.00	8.00	6.73	13.69	103545.08	49801	0	Tsung-DaoLee	
1942	0:14:51	1/1/2019 	885139	770.00	28.00	19.85	13.69	103545.23	1820	0	Tsung-DaoLee	
1943	0:14:52	1/1/2019 	885828	86.00	8.00	6.26	13.69	103545.81	49801	0	Tsung-DaoLee	
1944	0:14:52	1/1/2019 	885851	116.00	9.00	7.04	13.69	103545.81	5094	0	Tsung-DaoLee	
1945	0:14:52	1/1/2019 	885904	949.00	227.00	47.93	13.69	103545.81	1819	1	Tsung-DaoLee	
1946	0:14:53	1/1/2019 	886293	144.00	8.00	7.85	13.69	103546.10	1821	0	Tsung-DaoLee	
1947	0:14:53	1/1/2019 	886331	333.00	9.00	11.51	13.69	103546.10	1821	0	Tsung-DaoLee	
1948	0:14:53	1/1/2019 	886416	948.00	191.00	44.54	13.69	103546.10	1820	0	Tsung-DaoLee	
1949	0:14:53	1/1/2019 	886825	128.00	8.00	7.38	13.70	103546.72	49800	0	Tsung-DaoLee	
1950	0:14:54	1/1/2019 	887606	651.00	10.00	14.81	13.70	103547.30	50853	0	Tsung-DaoLee	
1951	0:14:54	1/1/2019 	887669	826.00	46.00	22.15	13.70	103547.30	1822	0	Tsung-DaoLee	
1952	0:14:54	1/1/2019 	888012	744.00	20.00	18.14	13.70	103547.74	1821	0	Tsung-DaoLee	
1953	0:14:55	1/1/2019 	888934	950.00	822.00	147.60	13.70	103548.16	49802	1	Tsung-DaoLee	
1954	0:14:55	1/1/2019 	888968	694.00	13.00	15.97	13.70	103548.16	1823	0	Tsung-DaoLee	
1955	0:14:55	1/1/2019 	889079	374.00	8.00	11.90	13.70	103548.16	1822	0	Tsung-DaoLee	
1956	0:14:56	1/1/2019 	889618	119.00	9.00	7.12	13.71	103548.61	50758	0	Tsung-DaoLee	
1957	0:14:57	1/1/2019 	890433	90.00	9.00	6.35	13.71	103549.80	2673	0	Tsung-DaoLee	
1958	0:14:57	1/1/2019 	890730	437.00	9.00	12.47	13.71	103549.80	49801	0	Tsung-DaoLee	
1959	0:14:57	1/1/2019 	890784	599.00	9.00	14.01	13.71	103549.80	1820	0	Tsung-DaoLee	
1960	0:14:57	1/1/2019 	890888	945.00	146.00	38.64	13.71	103550.41	1820	0	Tsung-DaoLee	
1961	0:14:57	1/1/2019 	891132	685.00	11.00	15.29	13.71	103550.41	1822	0	Tsung-DaoLee	
1962	0:14:58	1/1/2019 	892044	764.00	25.00	19.29	13.72	103551.02	51309	0	Tsung-DaoLee	
1963	0:14:58	1/1/2019 	892084	315.00	9.00	11.29	13.72	103551.02	1822	0	Tsung-DaoLee	
1964	0:14:59	1/1/2019 	892743	94.00	8.00	6.44	13.72	103551.28	49802	0	Tsung-DaoLee	
1965	0:14:59	1/1/2019 	893052	195.00	9.00	9.19	13.72	103551.73	1820	0	Tsung-DaoLee	
1966	0:15:00	1/1/2019 	893619	95.00	8.00	6.47	13.72	103552.31	49801	0	Tsung-DaoLee	
1967	0:15:00	1/1/2019 	893692	952.00	653.00	117.06	13.72	103552.31	1821	0	Tsung-DaoLee	
1968	0:15:00	1/1/2019 	893715	376.00	8.00	11.92	13.72	103552.31	2798	0	Tsung-DaoLee	
1969	0:15:00	1/1/2019 	893924	437.00	9.00	12.47	13.72	103552.31	1819	0	Tsung-DaoLee	
1970	0:15:00	1/1/2019 	894200	638.00	10.00	14.69	13.73	103552.77	1821	0	Tsung-DaoLee	
1971	0:15:01	1/1/2019 	894456	323.00	8.00	11.35	13.73	103553.22	1820	0	Tsung-DaoLee	
1972	0:15:01	1/1/2019 	894760	116.00	9.00	7.04	13.73	103553.22	49804	0	Tsung-DaoLee	
1973	0:15:01	1/1/2019 	894874	947.00	458.00	81.91	13.73	103553.22	1820	0	Tsung-DaoLee	
1974	0:15:03	1/1/2019 	896436	396.00	9.00	12.15	13.73	103554.25	50784	0	Tsung-DaoLee	
1975	0:15:03	1/1/2019 	896938	169.00	8.00	8.54	13.74	103554.86	49803	0	Tsung-DaoLee	
1976	0:15:03	1/1/2019 	896946	63.00	8.00	5.91	13.74	103554.86	1821	0	Tsung-DaoLee	
1977	0:15:04	1/1/2019 	897395	72.00	8.00	6.00	13.74	103554.70	1819	0	Tsung-DaoLee	
1978	0:15:04	1/1/2019 	897575	80.00	8.00	6.14	13.74	103555.44	49802	0	Tsung-DaoLee	
1979	0:15:04	1/1/2019 	897979	754.00	22.00	18.64	13.74	103555.44	1821	0	Tsung-DaoLee	
1980	0:15:05	1/1/2019 	898715	427.00	9.00	12.39	13.74	103556.47	50790	0	Tsung-DaoLee	
1981	0:15:06	1/1/2019 	899395	93.00	8.00	6.42	13.74	103556.78	1821	0	Tsung-DaoLee	
1982	0:15:06	1/1/2019 	899423	92.00	8.00	6.39	13.74	103556.78	1821	0	Tsung-DaoLee	
1983	0:15:06	1/1/2019 	899558	945.00	121.00	34.12	13.74	103556.78	49803	0	Tsung-DaoLee	
1984	0:15:06	1/1/2019 	899585	91.00	8.00	6.37	13.75	103557.39	2727	0	Tsung-DaoLee	
1985	0:15:07	1/1/2019 	900970	945.00	137.00	37.10	13.75	103558.16	49803	1	Tsung-DaoLee	
1986	0:15:08	1/1/2019 	901270	100.00	8.00	6.59	13.75	103558.58	3362	1	Tsung-DaoLee	
1987	0:15:08	1/1/2019 	901431	61.00	9.00	5.90	13.75	103558.58	1820	0	Tsung-DaoLee	
1988	0:15:08	1/1/2019 	901577	949.00	356.00	66.96	13.75	103558.58	49803	1	Tsung-DaoLee	
1989	0:15:08	1/1/2019 	901971	77.00	8.00	6.08	13.75	103559.19	1821	0	Tsung-DaoLee	
1990	0:15:08	1/1/2019 	902189	914.00	91.00	28.34	13.75	103559.35	1820	1	Tsung-DaoLee	
1991	0:15:09	1/1/2019 	902312	82.00	8.00	6.17	13.75	103559.35	2829	0	Tsung-DaoLee	
1992	0:15:09	1/1/2019 	902712	946.00	124.00	34.70	13.76	103559.61	49804	1	Tsung-DaoLee	
1993	0:15:09	1/1/2019 	902835	437.00	9.00	12.47	13.76	103559.61	1822	0	Tsung-DaoLee	
1994	0:15:10	1/1/2019 	903728	108.00	8.00	6.81	13.76	103560.22	49802	0	Tsung-DaoLee	
1995	0:15:10	1/1/2019 	903915	901.00	77.00	25.98	13.76	103560.22	1821	0	Tsung-DaoLee	
1996	0:15:11	1/1/2019 	904414	639.00	9.00	14.45	13.76	103560.67	1819	0	Tsung-DaoLee	
1997	0:15:11	1/1/2019 	904737	576.00	8.00	13.56	13.76	103560.94	50818	0	Tsung-DaoLee	
1998	0:15:11	1/1/2019 	905211	416.00	9.00	12.31	13.77	103561.70	1820	0	Tsung-DaoLee	
1999	0:15:12	1/1/2019 	905300	462.00	8.00	12.56	13.77	103561.70	1821	0	Tsung-DaoLee	
2000	0:15:12	1/1/2019 	905863	949.00	128.00	35.46	13.77	103561.70	49804	0	Tsung-DaoLee	
2001	0:15:12	1/1/2019 	905922	608.00	9.00	14.12	13.77	103561.70	1821	0	Tsung-DaoLee	
2002	0:15:12	1/1/2019 	906062	906.00	84.00	27.11	13.77	103561.70	1822	0	Tsung-DaoLee	
2003	0:15:13	1/1/2019 	906385	848.00	41.00	21.67	13.77	103562.00	2841	0	Tsung-DaoLee	
2004	0:15:13	1/1/2019 	906456	200.00	8.00	9.30	13.77	103562.00	1821	0	Tsung-DaoLee	
2005	0:15:13	1/1/2019 	906646	369.00	9.00	11.90	13.77	103562.00	49804	0	Tsung-DaoLee	
2006	0:15:13	1/1/2019 	907114	291.00	9.00	10.97	13.77	103562.58	1819	0	Tsung-DaoLee	
2007	0:15:13	1/1/2019 	907161	676.00	10.00	14.93	13.77	103562.58	1821	0	Tsung-DaoLee	
2008	0:15:14	1/1/2019 	907480	943.00	313.00	59.24	13.77	103562.58	1822	1	Tsung-DaoLee	
2009	0:15:14	1/1/2019 	907933	131.00	8.00	7.47	13.77	103563.03	50830	0	Tsung-DaoLee	
2010	0:15:14	1/1/2019 	908225	457.00	9.00	12.61	13.77	103563.03	1821	0	Tsung-DaoLee	
2011	0:15:15	1/1/2019 	908275	943.00	242.00	49.40	13.77	103563.03	1820	1	Tsung-DaoLee	
2012	0:15:15	1/1/2019 	908423	88.00	8.00	6.30	13.78	103563.45	1821	0	Tsung-DaoLee	
2013	0:15:16	1/1/2019 	909428	813.00	38.00	21.29	13.78	103563.90	49802	0	Tsung-DaoLee	
2014	0:15:16	1/1/2019 	909573	619.00	9.00	14.25	13.78	103563.90	49805	0	Tsung-DaoLee	
2015	0:15:16	1/1/2019 	909630	459.00	9.00	12.62	13.78	103563.90	4235	0	Tsung-DaoLee	
2016	0:15:16	1/1/2019 	910227	672.00	11.00	15.24	13.78	103564.35	1821	0	Tsung-DaoLee	
2017	0:15:17	1/1/2019 	910324	944.00	203.00	45.71	13.78	103564.35	1820	1	Tsung-DaoLee	
2018	0:15:17	1/1/2019 	910581	949.00	559.00	96.14	13.78	103564.93	49804	1	Tsung-DaoLee	
2019	0:15:17	1/1/2019 	910598	949.00	608.00	106.76	13.78	103564.93	1821	1	Tsung-DaoLee	
2020	0:15:17	1/1/2019 	910607	747.00	21.00	18.39	13.78	103564.93	1821	0	Tsung-DaoLee	
2021	0:15:17	1/1/2019 	910680	196.00	8.00	9.21	13.78	103564.93	2971	0	Tsung-DaoLee	
2022	0:15:17	1/1/2019 	910858	135.00	5.00	7.57	13.78	103564.93	1819	0	Tsung-DaoLee	
2023	0:15:17	1/1/2019 	911067	133.00	8.00	7.53	13.78	103564.93	1820	0	Tsung-DaoLee	
2024	0:15:17	1/1/2019 	911179	625.00	9.00	14.32	13.78	103564.93	1820	0	Tsung-DaoLee	
2025	0:15:18	1/1/2019 	911645	942.00	157.00	40.36	13.78	103565.38	49799	1	Tsung-DaoLee	
2026	0:15:18	1/1/2019 	912175	671.00	9.00	14.59	13.79	103566.15	1821	0	Tsung-DaoLee	
2027	0:15:19	1/1/2019 	913193	856.00	49.00	22.49	13.79	103566.57	53079	0	Tsung-DaoLee	
2028	0:15:20	1/1/2019 	913645	760.00	24.00	19.08	13.79	103567.02	49803	0	Tsung-DaoLee	
2029	0:15:20	1/1/2019 	913888	110.00	9.00	6.87	13.79	103567.02	1821	1	Tsung-DaoLee	
2030	0:15:20	1/1/2019 	913985	148.00	8.00	7.96	13.79	103567.44	1819	0	Tsung-DaoLee	
2031	0:15:21	1/1/2019 	914560	367.00	9.00	11.88	13.79	103567.28	49800	0	Tsung-DaoLee	
2032	0:15:21	1/1/2019 	915135	949.00	475.00	83.85	13.80	103568.05	1821	1	Tsung-DaoLee	
2033	0:15:22	1/1/2019 	915490	618.00	9.00	14.24	13.80	103568.66	2771	0	Tsung-DaoLee	
2034	0:15:22	1/1/2019 	915606	611.00	9.00	14.16	13.80	103568.66	49801	0	Tsung-DaoLee	
2035	0:15:22	1/1/2019 	915796	946.00	217.00	47.01	13.80	103568.66	1821	0	Tsung-DaoLee	
2036	0:15:23	1/1/2019 	917197	117.00	9.00	7.07	13.80	103569.53	49802	0	Tsung-DaoLee	
2037	0:15:24	1/1/2019 	917849	121.00	8.00	7.18	13.81	103569.98	49801	0	Tsung-DaoLee	
2038	0:15:25	1/1/2019 	918400	944.00	172.00	42.40	13.81	103570.14	1820	0	Tsung-DaoLee	
2039	0:15:25	1/1/2019 	918678	93.00	8.00	6.42	13.81	103570.72	50757	0	Tsung-DaoLee	
2040	0:15:25	1/1/2019 	918768	928.00	113.00	32.56	13.81	103570.72	1820	0	Tsung-DaoLee	
2041	0:15:26	1/1/2019 	919368	947.00	313.00	59.24	13.81	103570.88	1821	1	Tsung-DaoLee	
2042	0:15:26	1/1/2019 	919377	674.00	11.00	15.25	13.81	103570.88	1823	0	Tsung-DaoLee	
2043	0:15:26	1/1/2019 	919575	948.00	272.00	52.91	13.81	103571.49	49802	1	Tsung-DaoLee	
2044	0:15:26	1/1/2019 	919675	895.00	75.00	25.67	13.81	103571.49	2678	0	Tsung-DaoLee	
2045	0:15:26	1/1/2019 	919703	947.00	160.00	40.80	13.81	103571.49	3327	1	Tsung-DaoLee	
2046	0:15:26	1/1/2019 	920228	898.00	77.00	25.98	13.81	103572.06	1821	0	Tsung-DaoLee	
2047	0:15:27	1/1/2019 	920893	84.00	8.00	6.21	13.81	103572.22	49802	0	Tsung-DaoLee	
2048	0:15:27	1/1/2019 	921143	947.00	141.00	37.80	13.82	103572.52	1820	1	Tsung-DaoLee	
2049	0:15:27	1/1/2019 	921259	410.00	9.00	12.26	13.82	103572.52	1820	0	Tsung-DaoLee	
2050	0:15:28	1/1/2019 	921293	114.00	8.00	6.98	13.82	103572.52	2797	0	Tsung-DaoLee	
2051	0:15:28	1/1/2019 	921431	93.00	8.00	6.42	13.82	103572.52	1820	0	Tsung-DaoLee	
2052	0:15:28	1/1/2019 	921932	577.00	9.00	13.73	13.82	103572.97	49800	0	Tsung-DaoLee	
2053	0:15:29	1/1/2019 	922916	782.00	30.00	20.19	13.82	103573.39	49802	0	Tsung-DaoLee	
2054	0:15:29	1/1/2019 	923218	555.00	9.00	13.46	13.82	103574.16	1823	1	Tsung-DaoLee	
2055	0:15:29	1/1/2019 	923263	184.00	8.00	8.92	13.82	103574.16	1821	0	Tsung-DaoLee	
2056	0:15:30	1/1/2019 	923743	141.00	8.00	7.76	13.83	103574.90	50783	0	Tsung-DaoLee	
2057	0:15:30	1/1/2019 	924241	148.00	9.00	7.97	13.83	103574.58	1820	0	Tsung-DaoLee	
2058	0:15:31	1/1/2019 	924348	225.00	8.00	9.83	13.83	103574.58	1819	0	Tsung-DaoLee	
2059	0:15:31	1/1/2019 	924898	595.00	9.00	13.96	13.83	103574.56	49804	0	Tsung-DaoLee	
2060	0:15:32	1/1/2019 	925929	185.00	8.00	8.95	13.83	103575.17	49801	0	Tsung-DaoLee	
2061	0:15:32	1/1/2019 	926074	407.00	9.00	12.24	13.83	103575.17	1820	0	Tsung-DaoLee	
2062	0:15:33	1/1/2019 	926303	68.00	9.00	5.95	13.83	103576.54	2912	0	Tsung-DaoLee	
2063	0:15:33	1/1/2019 	926374	843.00	51.00	22.67	13.83	103576.54	1822	0	Tsung-DaoLee	
2064	0:15:33	1/1/2019 	926936	142.00	9.00	7.79	13.83	103577.02	49803	0	Tsung-DaoLee	
2065	0:15:34	1/1/2019 	927274	948.00	424.00	77.73	13.84	103577.78	1819	1	Tsung-DaoLee	
2066	0:15:34	1/1/2019 	927471	171.00	8.00	8.59	13.84	103577.78	1821	0	Tsung-DaoLee	
2067	0:15:34	1/1/2019 	928070	582.00	9.00	13.79	13.84	103578.39	49800	0	Tsung-DaoLee	
2068	0:15:35	1/1/2019 	929182	170.00	9.00	8.57	13.84	103578.66	50795	0	Tsung-DaoLee	
2069	0:15:35	1/1/2019 	929215	109.00	8.00	6.84	13.84	103578.66	1820	0	Tsung-DaoLee	
2070	0:15:36	1/1/2019 	929296	152.00	8.00	8.07	13.84	103579.11	1820	0	Tsung-DaoLee	
2071	0:15:36	1/1/2019 	929968	117.00	8.00	7.06	13.85	103579.69	49804	0	Tsung-DaoLee	
2072	0:15:37	1/1/2019 	930367	618.00	10.00	14.46	13.85	103580.13	2740	0	Tsung-DaoLee	
2073	0:15:38	1/1/2019 	931996	242.00	8.00	10.15	13.85	103580.22	97784	0	Tsung-DaoLee	
2074	0:15:39	1/1/2019 	932580	942.00	238.00	49.00	13.85	103579.27	51345	1	Tsung-DaoLee	
2075	0:15:39	1/1/2019 	932984	541.00	9.00	13.31	13.86	103579.88	1825	0	Tsung-DaoLee	
2076	0:15:39	1/1/2019 	933098	785.00	27.00	19.71	13.86	103579.88	1828	0	Tsung-DaoLee	
2077	0:15:40	1/1/2019 	933992	293.00	8.00	10.96	13.86	103582.02	49806	1	Tsung-DaoLee	
2078	0:15:41	1/1/2019 	934352	948.00	368.00	69.09	13.86	103582.02	1822	0	Tsung-DaoLee	
2079	0:15:41	1/1/2019 	934806	954.00	717.00	129.25	13.86	103583.89	49803	1	Tsung-DaoLee	
2080	0:15:42	1/1/2019 	936121	678.00	11.00	15.27	13.87	103589.52	50818	0	Tsung-DaoLee	
2081	0:15:42	1/1/2019 	936155	944.00	152.00	39.60	13.87	103589.52	1822	0	Tsung-DaoLee	
2082	0:15:43	1/1/2019 	936564	392.00	8.00	12.06	13.87	103589.52	49802	0	Tsung-DaoLee	
2083	0:15:43	1/1/2019 	936872	883.00	61.00	23.81	13.87	103589.52	1820	0	Tsung-DaoLee	
2084	0:15:44	1/1/2019 	937423	941.00	121.00	34.12	13.87	103589.33	1821	0	Tsung-DaoLee	
2085	0:15:44	1/1/2019 	937669	810.00	37.00	21.17	13.87	103589.59	49803	0	Tsung-DaoLee	
2086	0:15:44	1/1/2019 	937854	149.00	8.00	7.99	13.87	103589.59	2842	0	Tsung-DaoLee	
2087	0:15:45	1/1/2019 	938319	70.00	8.00	5.98	13.87	103590.55	1819	0	Tsung-DaoLee	
2088	0:15:45	1/1/2019 	938331	951.00	664.00	119.39	13.87	103590.55	1820	0	Tsung-DaoLee	
2089	0:15:46	1/1/2019 	940117	946.00	454.00	81.43	13.88	103597.07	97785	0	Tsung-DaoLee	
2090	0:15:47	1/1/2019 	940998	943.00	236.00	48.80	13.88	103597.07	50764	1	Tsung-DaoLee	
2091	0:15:47	1/1/2019 	941019	974.00	719.00	129.94	13.88	103597.07	1822	0	Tsung-DaoLee	
2092	0:15:47	1/1/2019 	941070	410.00	9.00	12.26	13.89	103597.33	3409	0	Tsung-DaoLee	
2093	0:15:50	1/1/2019 	943699	302.00	9.00	11.12	13.90	103596.26	145762	0	Tsung-DaoLee	
2094	0:15:51	1/1/2019 	944579	161.00	8.00	8.32	13.90	103595.88	49803	0	Tsung-DaoLee	
2095	0:15:51	1/1/2019 	944781	856.00	49.00	22.49	13.90	103595.86	1821	1	Tsung-DaoLee	
2096	0:15:52	1/1/2019 	945329	463.00	9.00	12.65	13.90	103595.69	1821	0	Tsung-DaoLee	
2097	0:15:52	1/1/2019 	945691	338.00	9.00	11.57	13.91	103594.99	49802	0	Tsung-DaoLee	
2098	0:15:52	1/1/2019 	945821	511.00	9.00	13.02	13.91	103594.99	2831	0	Tsung-DaoLee	
2099	0:15:53	1/1/2019 	947187	941.00	165.00	41.49	13.91	103595.11	49802	1	Tsung-DaoLee	
2100	0:15:53	1/1/2019 	947231	944.00	142.00	37.97	13.91	103595.05	1822	1	Tsung-DaoLee	
2101	0:15:54	1/1/2019 	947625	103.00	8.00	6.67	13.91	103595.05	49802	0	Tsung-DaoLee	
2102	0:15:54	1/1/2019 	947844	521.00	9.00	13.11	13.92	103594.71	1820	0	Tsung-DaoLee	
2103	0:15:55	1/1/2019 	948620	129.00	8.00	7.41	13.92	103594.49	49802	1	Tsung-DaoLee	
2104	0:15:56	1/1/2019 	949367	943.00	137.00	37.10	13.92	103594.13	2869	0	Tsung-DaoLee	
2105	0:15:56	1/1/2019 	949389	656.00	10.00	14.85	13.92	103594.13	1822	0	Tsung-DaoLee	
2106	0:15:56	1/1/2019 	950143	409.00	9.00	12.26	13.93	103594.23	49802	0	Tsung-DaoLee	
2107	0:15:57	1/1/2019 	950631	578.00	9.00	13.74	13.93	103594.21	50625	0	Tsung-DaoLee	
2108	0:15:58	1/1/2019 	952027	118.00	8.00	7.09	13.94	103594.27	49800	0	Tsung-DaoLee	
2109	0:15:59	1/1/2019 	952424	879.00	66.00	24.41	13.94	103593.89	1821	0	Tsung-DaoLee	
2110	0:15:59	1/1/2019 	952859	112.00	8.00	6.92	13.94	103593.72	51291	0	Tsung-DaoLee	
2111	0:15:59	1/1/2019 	953158	598.00	9.00	14.00	13.94	103593.72	1819	0	Tsung-DaoLee	
2112	0:16:01	1/1/2019 	955097	908.00	88.00	27.80	13.95	103593.12	97783	0	Tsung-DaoLee	
2113	0:16:01	1/1/2019 	955133	75.00	8.00	6.05	13.95	103593.12	1821	0	Tsung-DaoLee	
2114	0:16:01	1/1/2019 	955164	673.00	11.00	15.25	13.95	103593.12	1819	0	Tsung-DaoLee	
2115	0:16:03	1/1/2019 	956312	143.00	8.00	7.82	13.96	103592.88	50763	0	Tsung-DaoLee	
2116	0:16:03	1/1/2019 	956945	688.00	12.00	15.63	13.96	103592.98	49806	1	Tsung-DaoLee	
2117	0:16:05	1/1/2019 	958425	673.00	11.00	15.25	13.96	103592.88	49804	0	Tsung-DaoLee	
2118	0:16:05	1/1/2019 	958739	234.00	9.00	10.02	13.97	103593.02	49807	0	Tsung-DaoLee	
2119	0:16:05	1/1/2019 	959065	755.00	22.00	18.64	13.97	103593.44	1821	0	Tsung-DaoLee	
2120	0:16:06	1/1/2019 	959580	946.00	160.00	40.80	13.97	103593.89	49802	1	Tsung-DaoLee	
2121	0:16:07	1/1/2019 	960676	817.00	40.00	21.52	13.98	103595.39	52151	0	Tsung-DaoLee	
2122	0:16:09	1/1/2019 	962678	575.00	9.00	13.70	13.99	103599.55	97785	0	Tsung-DaoLee	
2123	0:16:09	1/1/2019 	962888	121.00	9.00	7.18	13.99	103599.55	1822	0	Tsung-DaoLee	
2124	0:16:09	1/1/2019 	962982	884.00	65.00	24.29	13.99	103599.55	1820	0	Tsung-DaoLee	
2125	0:16:09	1/1/2019 	963236	445.00	9.00	12.52	13.99	103600.28	1820	0	Tsung-DaoLee	
2126	0:16:09	1/1/2019 	963268	885.00	69.00	24.81	13.99	103600.28	1821	0	Tsung-DaoLee	
2127	0:16:10	1/1/2019 	963789	355.00	9.00	11.76	13.99	103600.75	50784	0	Tsung-DaoLee	
2128	0:16:10	1/1/2019 	964109	948.00	135.00	36.75	13.99	103600.75	1821	0	Tsung-DaoLee	
2129	0:16:11	1/1/2019 	964361	594.00	9.00	13.95	13.99	103601.69	1820	0	Tsung-DaoLee	
2130	0:16:12	1/1/2019 	965352	703.00	13.00	16.00	13.99	103602.77	49805	0	Tsung-DaoLee	
2131	0:16:13	1/1/2019 	966827	446.00	9.00	12.53	14.00	103604.92	97789	0	Tsung-DaoLee	
2132	0:16:13	1/1/2019 	966995	752.00	21.00	18.40	14.00	103604.92	1821	0	Tsung-DaoLee	
2133	0:16:13	1/1/2019 	967033	298.00	9.00	11.06	14.00	103604.92	2808	0	Tsung-DaoLee	
2134	0:16:13	1/1/2019 	967168	137.00	8.00	7.64	14.00	103604.92	1820	0	Tsung-DaoLee	
2135	0:16:14	1/1/2019 	967886	945.00	468.00	83.05	14.00	103605.18	49802	1	Tsung-DaoLee	
2136	0:16:14	1/1/2019 	967948	891.00	69.00	24.82	14.00	103605.18	1823	0	Tsung-DaoLee	
2137	0:16:14	1/1/2019 	968067	99.00	8.00	6.57	14.00	103605.18	1820	0	Tsung-DaoLee	
2138	0:16:15	1/1/2019 	968741	397.00	9.00	12.16	14.01	103605.47	49802	0	Tsung-DaoLee	
2139	0:16:15	1/1/2019 	968755	863.00	56.00	23.22	14.01	103605.47	2815	0	Tsung-DaoLee	
2140	0:16:15	1/1/2019 	969008	680.00	11.00	15.27	14.01	103605.47	1820	0	Tsung-DaoLee	
2141	0:16:16	1/1/2019 	970111	942.00	229.00	48.12	14.01	103606.05	49805	1	Tsung-DaoLee	
2142	0:16:17	1/1/2019 	970791	376.00	9.00	11.97	14.01	103606.82	50716	0	Tsung-DaoLee	
2143	0:16:17	1/1/2019 	970833	212.00	9.00	9.58	14.01	103606.82	1822	0	Tsung-DaoLee	
2144	0:16:18	1/1/2019 	971355	785.00	30.00	20.20	14.01	103607.14	1820	0	Tsung-DaoLee	
2145	0:16:18	1/1/2019 	972139	103.00	8.00	6.67	14.01	103607.59	51345	0	Tsung-DaoLee	
2146	0:16:18	1/1/2019 	972156	418.00	9.00	12.33	14.01	103607.59	1820	0	Tsung-DaoLee	
2147	0:16:20	1/1/2019 	973645	934.00	114.00	32.76	14.02	103608.64	97782	0	Tsung-DaoLee	
2148	0:16:20	1/1/2019 	973705	904.00	81.00	26.62	14.02	103608.64	1823	0	Tsung-DaoLee	
2149	0:16:20	1/1/2019 	973965	208.00	8.00	9.48	14.02	103609.25	1820	0	Tsung-DaoLee	
2150	0:16:20	1/1/2019 	974191	963.00	930.00	203.26	14.02	103609.25	1820	0	Tsung-DaoLee	
2151	0:16:21	1/1/2019 	974873	68.00	8.00	5.95	14.02	103609.41	50815	0	Tsung-DaoLee	
2152	0:16:21	1/1/2019 	974929	64.00	8.00	5.92	14.02	103609.41	1820	0	Tsung-DaoLee	
2153	0:16:21	1/1/2019 	975149	131.00	8.00	7.47	14.02	103609.41	1819	0	Tsung-DaoLee	
2154	0:16:22	1/1/2019 	975358	301.00	9.00	11.11	14.02	103609.41	1819	0	Tsung-DaoLee	
2155	0:16:22	1/1/2019 	975429	931.00	108.00	31.58	14.02	103610.19	1821	0	Tsung-DaoLee	
2156	0:16:22	1/1/2019 	975483	945.00	144.00	38.31	14.02	103610.19	1821	1	Tsung-DaoLee	
2157	0:16:22	1/1/2019 	975630	465.00	3.00	12.09	14.02	103610.19	50823	0	Tsung-DaoLee	
2158	0:16:23	1/1/2019 	976444	697.00	13.00	15.98	14.02	103611.08	1820	0	Tsung-DaoLee	
2159	0:16:23	1/1/2019 	977234	575.00	9.00	13.70	14.02	103611.23	49804	0	Tsung-DaoLee	
2160	0:16:24	1/1/2019 	978215	941.00	200.00	45.43	14.03	103611.84	49800	1	Tsung-DaoLee	
2161	0:16:25	1/1/2019 	978274	897.00	76.00	25.83	14.03	103611.84	1823	0	Tsung-DaoLee	
2162	0:16:26	1/1/2019 	980177	152.00	8.00	8.07	14.03	103613.05	97785	0	Tsung-DaoLee	
2163	0:16:27	1/1/2019 	980327	950.00	624.00	110.37	14.03	103613.05	4231	0	Tsung-DaoLee	
2164	0:16:27	1/1/2019 	980383	873.00	57.00	23.35	14.03	103613.05	1822	0	Tsung-DaoLee	
2165	0:16:27	1/1/2019 	980672	590.00	9.00	13.90	14.03	103613.51	49803	0	Tsung-DaoLee	
2166	0:16:27	1/1/2019 	981014	648.00	11.00	15.05	14.03	103613.51	1821	0	Tsung-DaoLee	
2167	0:16:28	1/1/2019 	981283	911.00	92.00	28.52	14.03	103613.83	1821	0	Tsung-DaoLee	
2168	0:16:29	1/1/2019 	982294	75.00	9.00	6.05	14.03	103614.59	50844	0	Tsung-DaoLee	
2169	0:16:29	1/1/2019 	982400	590.00	8.00	13.72	14.03	103614.59	1822	0	Tsung-DaoLee	
2170	0:16:29	1/1/2019 	982573	154.00	8.00	8.13	14.03	103614.75	49802	0	Tsung-DaoLee	
2171	0:16:29	1/1/2019 	982781	159.00	8.00	8.27	14.03	103614.75	1819	0	Tsung-DaoLee	
2172	0:16:29	1/1/2019 	982886	888.00	65.00	24.30	14.03	103614.75	1819	0	Tsung-DaoLee	
2173	0:16:31	1/1/2019 	984390	105.00	8.00	6.73	14.04	103615.65	49801	0	Tsung-DaoLee	
2174	0:16:31	1/1/2019 	984837	950.00	266.00	52.14	14.04	103615.65	50850	1	Tsung-DaoLee	
2175	0:16:31	1/1/2019 	985072	141.00	9.00	7.76	14.04	103615.65	1821	0	Tsung-DaoLee	
2176	0:16:31	1/1/2019 	985078	389.00	9.00	12.09	14.04	103615.65	1819	0	Tsung-DaoLee	
2177	0:16:33	1/1/2019 	986373	942.00	231.00	48.31	14.04	103616.73	49804	0	Tsung-DaoLee	
2178	0:16:33	1/1/2019 	986757	256.00	8.00	10.39	14.04	103617.16	49804	0	Tsung-DaoLee	
2179	0:16:34	1/1/2019 	987832	402.00	9.00	12.20	14.04	103617.77	49800	0	Tsung-DaoLee	
2180	0:16:34	1/1/2019 	987971	160.00	8.00	8.30	14.04	103617.77	5100	0	Tsung-DaoLee	
2181	0:16:34	1/1/2019 	988078	803.00	34.00	20.80	14.04	103617.77	1820	0	Tsung-DaoLee	
2182	0:16:35	1/1/2019 	988378	942.00	175.00	42.76	14.04	103617.77	1820	0	Tsung-DaoLee	
2183	0:16:35	1/1/2019 	988674	859.00	44.00	21.99	14.04	103617.77	49804	0	Tsung-DaoLee	
2184	0:16:35	1/1/2019 	988727	882.00	67.00	24.54	14.04	103617.92	1821	0	Tsung-DaoLee	
2185	0:16:36	1/1/2019 	989342	244.00	8.00	10.19	14.05	103618.53	1821	0	Tsung-DaoLee	
2186	0:16:36	1/1/2019 	990092	798.00	34.00	20.79	14.05	103618.69	50752	0	Tsung-DaoLee	
2187	0:16:38	1/1/2019 	991443	923.00	107.00	31.38	14.05	103620.06	50647	0	Tsung-DaoLee	
2188	0:16:39	1/1/2019 	992399	950.00	647.00	115.65	14.05	103621.15	49803	0	Tsung-DaoLee	
2189	0:16:39	1/1/2019 	992678	62.00	8.00	5.90	14.05	103621.15	49802	0	Tsung-DaoLee	
2190	0:16:39	1/1/2019 	992821	103.00	8.00	6.67	14.05	103621.46	1819	0	Tsung-DaoLee	
2191	0:16:39	1/1/2019 	993225	475.00	8.00	12.65	14.05	103621.46	1820	0	Tsung-DaoLee	
2192	0:16:40	1/1/2019 	994171	685.00	12.00	15.61	14.05	103622.39	51405	0	Tsung-DaoLee	
2193	0:16:41	1/1/2019 	994558	945.00	171.00	42.27	14.05	103622.55	49803	0	Tsung-DaoLee	
2194	0:16:42	1/1/2019 	995485	151.00	9.00	8.05	14.06	103623.45	1822	1	Tsung-DaoLee	
2195	0:16:43	1/1/2019 	996735	375.00	9.00	11.96	14.06	103624.62	97786	0	Tsung-DaoLee	
2196	0:16:43	1/1/2019 	997031	765.00	26.00	19.48	14.06	103624.47	1825	0	Tsung-DaoLee	
2197	0:16:44	1/1/2019 	997383	821.00	37.00	21.19	14.06	103624.47	1821	0	Tsung-DaoLee	
2198	0:16:44	1/1/2019 	997693	240.00	9.00	10.13	14.06	103624.79	50774	0	Tsung-DaoLee	
2199	0:16:44	1/1/2019 	998032	218.00	9.00	9.70	14.06	103625.40	1820	0	Tsung-DaoLee	
2200	0:16:44	1/1/2019 	998099	106.00	8.00	6.75	14.06	103625.40	1821	0	Tsung-DaoLee	
2201	0:16:45	1/1/2019 	998450	470.00	9.00	12.70	14.07	103626.02	1819	0	Tsung-DaoLee	
2202	0:16:45	1/1/2019 	998774	859.00	56.00	23.21	14.07	103626.02	49802	1	Tsung-DaoLee	
2203	0:16:45	1/1/2019 	998863	611.00	9.00	14.16	14.07	103626.02	1821	0	Tsung-DaoLee	
2204	0:16:46	1/1/2019 	999348	323.00	9.00	11.39	14.07	103626.02	2795	0	Tsung-DaoLee	
2205	0:16:46	1/1/2019 	999384	177.00	9.00	8.75	14.07	103626.02	1821	0	Tsung-DaoLee	
2206	0:16:47	1/1/2019 	1000412	715.00	14.00	16.35	14.07	103626.91	49802	1	Tsung-DaoLee	
2207	0:16:47	1/1/2019 	1000555	526.00	9.00	13.15	14.07	103627.06	50691	0	Tsung-DaoLee	
2208	0:16:47	1/1/2019 	1000742	946.00	138.00	37.28	14.07	103627.06	1821	0	Tsung-DaoLee	
2209	0:16:49	1/1/2019 	1002583	864.00	50.00	22.60	14.07	103628.45	97782	0	Tsung-DaoLee	
2210	0:16:50	1/1/2019 	1004157	942.00	308.00	58.38	14.08	103629.34	51331	1	Tsung-DaoLee	
2211	0:16:51	1/1/2019 	1004329	876.00	62.00	23.91	14.08	103629.34	1823	1	Tsung-DaoLee	
2212	0:16:51	1/1/2019 	1004460	667.00	11.00	15.21	14.08	103629.34	1823	0	Tsung-DaoLee	
2213	0:16:51	1/1/2019 	1004592	180.00	9.00	8.83	14.08	103629.50	49802	0	Tsung-DaoLee	
2214	0:16:51	1/1/2019 	1005035	582.00	9.00	13.79	14.08	103629.95	1821	0	Tsung-DaoLee	
2215	0:16:51	1/1/2019 	1005061	724.00	17.00	17.28	14.08	103629.95	1820	0	Tsung-DaoLee	
2216	0:16:52	1/1/2019 	1005343	128.00	8.00	7.38	14.08	103629.95	2818	0	Tsung-DaoLee	
2217	0:16:52	1/1/2019 	1005682	67.00	8.00	5.94	14.08	103630.38	49804	0	Tsung-DaoLee	
2218	0:16:53	1/1/2019 	1006387	941.00	578.00	100.00	14.08	103630.53	1825	1	Tsung-DaoLee	
2219	0:16:54	1/1/2019 	1007737	948.00	579.00	100.18	14.08	103631.62	97783	0	Tsung-DaoLee	
2220	0:16:55	1/1/2019 	1008291	845.00	49.00	22.48	14.09	103632.06	1823	0	Tsung-DaoLee	
2221	0:16:56	1/1/2019 	1009308	893.00	76.00	25.82	14.09	103632.55	50806	0	Tsung-DaoLee	
2222	0:16:58	1/1/2019 	1011783	131.00	8.00	7.47	14.09	103634.36	145764	0	Tsung-DaoLee	
2223	0:16:59	1/1/2019 	1012395	133.00	8.00	7.53	14.09	103634.81	2756	0	Tsung-DaoLee	
2224	0:16:59	1/1/2019 	1012554	123.00	8.00	7.24	14.09	103634.81	49800	0	Tsung-DaoLee	
2225	0:17:00	1/1/2019 	1013640	831.00	45.00	22.06	14.10	103635.39	49801	0	Tsung-DaoLee	
2226	0:17:01	1/1/2019 	1014488	382.00	9.00	12.03	14.10	103636.00	1823	0	Tsung-DaoLee	
2227	0:17:01	1/1/2019 	1014933	948.00	257.00	51.04	14.10	103636.32	51356	0	Tsung-DaoLee	
2228	0:17:01	1/1/2019 	1015266	469.00	12.00	12.92	14.10	103636.32	1821	0	Tsung-DaoLee	
2229	0:17:02	1/1/2019 	1015860	642.00	9.00	14.47	14.10	103636.48	49802	0	Tsung-DaoLee	
2230	0:17:02	1/1/2019 	1016104	944.00	121.00	34.12	14.10	103636.91	1822	0	Tsung-DaoLee	
2231	0:17:03	1/1/2019 	1016686	824.00	43.00	21.85	14.10	103636.73	49802	0	Tsung-DaoLee	
2232	0:17:03	1/1/2019 	1016716	801.00	35.00	20.92	14.10	103636.73	1822	0	Tsung-DaoLee	
2233	0:17:04	1/1/2019 	1017623	126.00	8.00	7.32	14.10	103637.20	50827	0	Tsung-DaoLee	
2234	0:17:04	1/1/2019 	1017992	140.00	8.00	7.73	14.11	103637.97	1821	0	Tsung-DaoLee	
2235	0:17:05	1/1/2019 	1018689	668.00	11.00	15.22	14.11	103637.97	49801	0	Tsung-DaoLee	
2236	0:17:05	1/1/2019 	1018799	85.00	8.00	6.24	14.11	103637.97	1822	0	Tsung-DaoLee	
2237	0:17:05	1/1/2019 	1019214	116.00	8.00	7.03	14.11	103638.38	1822	1	Tsung-DaoLee	
2238	0:17:06	1/1/2019 	1019437	869.00	60.00	23.67	14.11	103638.38	1827	0	Tsung-DaoLee	
2239	0:17:06	1/1/2019 	1020149	717.00	15.00	16.67	14.11	103638.22	50837	0	Tsung-DaoLee	
2240	0:17:07	1/1/2019 	1020444	468.00	8.00	12.60	14.11	103638.22	2802	0	Tsung-DaoLee	
2241	0:17:07	1/1/2019 	1020735	592.00	9.00	13.92	14.11	103638.84	49799	0	Tsung-DaoLee	
2242	0:17:07	1/1/2019 	1021118	953.00	642.00	114.56	14.11	103638.84	1821	1	Tsung-DaoLee	
2243	0:17:08	1/1/2019 	1021333	250.00	8.00	10.29	14.11	103638.84	1821	0	Tsung-DaoLee	
2244	0:17:08	1/1/2019 	1021451	690.00	13.00	15.95	14.11	103638.84	1822	0	Tsung-DaoLee	
2245	0:17:08	1/1/2019 	1021727	646.00	8.00	14.21	14.11	103639.41	51384	0	Tsung-DaoLee	
2246	0:17:08	1/1/2019 	1021999	454.00	9.00	12.59	14.11	103639.41	1822	0	Tsung-DaoLee	
2247	0:17:09	1/1/2019 	1022724	948.00	550.00	94.45	14.12	103640.19	49801	0	Tsung-DaoLee	
2248	0:17:09	1/1/2019 	1022737	876.00	61.00	23.80	14.12	103640.19	1822	0	Tsung-DaoLee	
2249	0:17:09	1/1/2019 	1023209	68.00	8.00	5.95	14.12	103640.34	1820	0	Tsung-DaoLee	
2250	0:17:10	1/1/2019 	1023342	657.00	10.00	14.85	14.12	103640.34	1820	0	Tsung-DaoLee	
2251	0:17:10	1/1/2019 	1023793	207.00	4.00	9.40	14.12	103640.66	53084	0	Tsung-DaoLee	
2252	0:17:10	1/1/2019 	1023896	97.00	8.00	6.52	14.12	103640.66	1819	0	Tsung-DaoLee	
2253	0:17:10	1/1/2019 	1024150	947.00	133.00	36.38	14.12	103641.27	1820	1	Tsung-DaoLee	
2254	0:17:11	1/1/2019 	1024653	99.00	8.00	6.57	14.12	103641.11	49801	0	Tsung-DaoLee	
2255	0:17:11	1/1/2019 	1025021	950.00	144.00	38.31	14.12	103641.11	1821	0	Tsung-DaoLee	
2256	0:17:12	1/1/2019 	1025342	945.00	160.00	40.80	14.12	103641.69	2770	0	Tsung-DaoLee	
2257	0:17:12	1/1/2019 	1025891	524.00	9.00	13.13	14.12	103641.84	49804	0	Tsung-DaoLee	
2258	0:17:13	1/1/2019 	1026687	197.00	8.00	9.23	14.12	103642.62	49801	0	Tsung-DaoLee	
2259	0:17:13	1/1/2019 	1026843	945.00	138.00	37.28	14.12	103642.62	1821	1	Tsung-DaoLee	
2260	0:17:13	1/1/2019 	1027117	724.00	16.00	16.99	14.12	103642.62	1821	0	Tsung-DaoLee	
2261	0:17:15	1/1/2019 	1028418	161.00	8.00	8.32	14.13	103643.70	49799	0	Tsung-DaoLee	
2262	0:17:15	1/1/2019 	1029003	570.00	8.00	13.49	14.13	103643.86	50860	0	Tsung-DaoLee	
2263	0:17:16	1/1/2019 	1029339	943.00	144.00	38.31	14.13	103644.59	1821	1	Tsung-DaoLee	
2264	0:17:16	1/1/2019 	1029695	166.00	8.00	8.46	14.13	103644.59	49804	0	Tsung-DaoLee	
2265	0:17:17	1/1/2019 	1030445	944.00	247.00	49.92	14.13	103645.05	2680	0	Tsung-DaoLee	
2266	0:17:17	1/1/2019 	1030954	94.00	8.00	6.44	14.13	103645.20	49802	0	Tsung-DaoLee	
2267	0:17:17	1/1/2019 	1031231	320.00	8.00	11.32	14.13	103645.78	1820	0	Tsung-DaoLee	
2268	0:17:18	1/1/2019 	1032150	793.00	34.00	20.78	14.13	103645.94	51302	0	Tsung-DaoLee	
2269	0:17:19	1/1/2019 	1033162	242.00	9.00	10.17	14.14	103646.88	49803	0	Tsung-DaoLee	
2270	0:17:20	1/1/2019 	1033959	729.00	16.00	17.00	14.14	103647.80	49805	0	Tsung-DaoLee	
2271	0:17:21	1/1/2019 	1034962	684.00	12.00	15.61	14.14	103648.53	49801	0	Tsung-DaoLee	
2272	0:17:22	1/1/2019 	1035295	888.00	70.00	24.95	14.14	103648.53	1821	0	Tsung-DaoLee	
2273	0:17:23	1/1/2019 	1036461	942.00	201.00	45.52	14.14	103649.46	49802	0	Tsung-DaoLee	
2274	0:17:23	1/1/2019 	1036611	946.00	290.00	55.48	14.14	103649.46	50778	0	Tsung-DaoLee	
2275	0:17:23	1/1/2019 	1036965	818.00	38.00	21.30	14.15	103650.23	1822	0	Tsung-DaoLee	
2276	0:17:23	1/1/2019 	1037267	583.00	9.00	13.81	14.15	103650.23	1821	0	Tsung-DaoLee	
2277	0:17:24	1/1/2019 	1037733	91.00	8.00	6.37	14.15	103650.23	49799	0	Tsung-DaoLee	
2278	0:17:25	1/1/2019 	1038340	138.00	8.00	7.67	14.15	103650.81	1820	0	Tsung-DaoLee	
2279	0:17:25	1/1/2019 	1038993	612.00	9.00	14.17	14.15	103651.12	49803	0	Tsung-DaoLee	
2280	0:17:26	1/1/2019 	1039381	945.00	260.00	51.40	14.15	103651.12	2774	0	Tsung-DaoLee	
2281	0:17:26	1/1/2019 	1039961	936.00	114.00	32.76	14.15	103651.58	49807	0	Tsung-DaoLee	
2282	0:17:27	1/1/2019 	1040392	909.00	85.00	27.29	14.15	103651.58	2714	0	Tsung-DaoLee	
2283	0:17:27	1/1/2019 	1040477	758.00	25.00	19.27	14.15	103652.00	1821	0	Tsung-DaoLee	
2284	0:17:28	1/1/2019 	1042257	137.00	8.00	7.64	14.16	103653.38	97782	0	Tsung-DaoLee	
2285	0:17:29	1/1/2019 	1042403	549.00	9.00	13.39	14.16	103653.38	3397	0	Tsung-DaoLee	
2286	0:17:29	1/1/2019 	1042956	88.00	8.00	6.30	14.16	103653.70	49805	0	Tsung-DaoLee	
2287	0:17:29	1/1/2019 	1043025	723.00	15.00	16.68	14.16	103653.86	1820	0	Tsung-DaoLee	
2288	0:17:29	1/1/2019 	1043233	206.00	8.00	9.43	14.16	103653.86	1821	0	Tsung-DaoLee	
2289	0:17:30	1/1/2019 	1043360	553.00	8.00	13.31	14.16	103653.86	1820	0	Tsung-DaoLee	
2290	0:17:30	1/1/2019 	1044236	865.00	48.00	22.40	14.16	103654.44	49802	0	Tsung-DaoLee	
2291	0:17:31	1/1/2019 	1044454	945.00	554.00	95.21	14.16	103654.44	2829	1	Tsung-DaoLee	
2292	0:17:32	1/1/2019 	1045409	334.00	9.00	11.53	14.16	103654.88	49801	0	Tsung-DaoLee	
2293	0:17:32	1/1/2019 	1045465	955.00	693.00	125.24	14.16	103654.88	1821	1	Tsung-DaoLee	
2294	0:17:34	1/1/2019 	1047293	944.00	184.00	43.80	14.17	103656.08	97782	0	Tsung-DaoLee	
2295	0:17:34	1/1/2019 	1047310	949.00	257.00	51.04	14.17	103656.08	1822	0	Tsung-DaoLee	
2296	0:17:34	1/1/2019 	1048184	595.00	9.00	13.96	14.17	103656.69	49801	0	Tsung-DaoLee	
2297	0:17:34	1/1/2019 	1048204	587.00	9.00	13.86	14.17	103656.69	2833	0	Tsung-DaoLee	
2298	0:17:35	1/1/2019 	1049173	275.00	9.00	10.73	14.17	103657.27	49799	0	Tsung-DaoLee	
2299	0:17:36	1/1/2019 	1049594	613.00	9.00	14.18	14.17	103657.27	49801	0	Tsung-DaoLee	
2300	0:17:36	1/1/2019 	1049763	515.00	9.00	13.05	14.17	103657.27	2762	0	Tsung-DaoLee	
2301	0:17:36	1/1/2019 	1049904	92.00	8.00	6.39	14.17	103657.27	1820	0	Tsung-DaoLee	
2302	0:17:36	1/1/2019 	1049932	459.00	9.00	12.62	14.17	103657.27	1819	0	Tsung-DaoLee	
2303	0:17:36	1/1/2019 	1050153	955.00	808.00	143.48	14.17	103657.27	3385	1	Tsung-DaoLee	
2304	0:17:38	1/1/2019 	1051866	73.00	9.00	6.02	14.18	103658.64	97779	0	Tsung-DaoLee	
2305	0:17:38	1/1/2019 	1052205	899.00	73.00	25.39	14.18	103658.64	1820	0	Tsung-DaoLee	
2306	0:17:38	1/1/2019 	1052260	136.00	9.00	7.62	14.18	103658.64	1820	0	Tsung-DaoLee	
2307	0:17:39	1/1/2019 	1052645	373.00	8.00	11.89	14.18	103658.64	49799	0	Tsung-DaoLee	
2308	0:17:39	1/1/2019 	1052679	80.00	8.00	6.14	14.18	103658.64	1821	0	Tsung-DaoLee	
2309	0:17:39	1/1/2019 	1052935	600.00	9.00	14.02	14.18	103659.06	2853	0	Tsung-DaoLee	
2310	0:17:39	1/1/2019 	1053255	376.00	8.00	11.92	14.18	103659.06	1821	0	Tsung-DaoLee	
2311	0:17:41	1/1/2019 	1054318	311.00	8.00	11.20	14.18	103659.52	49798	0	Tsung-DaoLee	
2312	0:17:41	1/1/2019 	1055055	250.00	8.00	10.29	14.18	103660.09	49802	0	Tsung-DaoLee	
2313	0:17:41	1/1/2019 	1055120	602.00	9.00	14.05	14.18	103660.09	1820	0	Tsung-DaoLee	
2314	0:17:42	1/1/2019 	1055314	101.00	8.00	6.62	14.18	103660.09	1820	0	Tsung-DaoLee	
2315	0:17:42	1/1/2019 	1055995	371.00	9.00	11.92	14.19	103660.70	50839	0	Tsung-DaoLee	
2316	0:17:43	1/1/2019 	1056436	111.00	9.00	6.89	14.19	103660.86	1820	0	Tsung-DaoLee	
2317	0:17:43	1/1/2019 	1056917	134.00	8.00	7.56	14.19	103661.47	49801	0	Tsung-DaoLee	
2318	0:17:44	1/1/2019 	1057388	83.00	8.00	6.19	14.19	103661.63	1821	0	Tsung-DaoLee	
2319	0:17:44	1/1/2019 	1057733	343.00	8.00	11.58	14.19	103661.63	49799	0	Tsung-DaoLee	
2320	0:17:44	1/1/2019 	1058022	63.00	8.00	5.91	14.19	103662.20	1822	0	Tsung-DaoLee	
2321	0:17:44	1/1/2019 	1058211	879.00	64.00	24.16	14.19	103662.20	5194	0	Tsung-DaoLee	
2322	0:17:45	1/1/2019 	1058473	652.00	9.00	14.53	14.19	103662.37	1821	0	Tsung-DaoLee	
2323	0:17:45	1/1/2019 	1058984	780.00	28.00	19.87	14.19	103662.81	49800	0	Tsung-DaoLee	
2324	0:17:46	1/1/2019 	1059398	928.00	111.00	32.17	14.19	103662.81	1821	1	Tsung-DaoLee	
2325	0:17:46	1/1/2019 	1059855	142.00	8.00	7.79	14.19	103662.81	49802	0	Tsung-DaoLee	
2326	0:17:46	1/1/2019 	1059866	750.00	22.00	18.63	14.19	103662.81	4019	0	Tsung-DaoLee	
2327	0:17:46	1/1/2019 	1060075	80.00	8.00	6.14	14.19	103662.98	1820	0	Tsung-DaoLee	
2328	0:17:48	1/1/2019 	1062263	842.00	50.00	22.57	14.20	103664.48	97777	0	Tsung-DaoLee	
2329	0:17:49	1/1/2019 	1062814	947.00	308.00	58.39	14.20	103665.25	49802	0	Tsung-DaoLee	
2330	0:17:49	1/1/2019 	1063017	728.00	17.00	17.29	14.20	103665.41	1822	0	Tsung-DaoLee	
2331	0:17:49	1/1/2019 	1063020	600.00	9.00	14.02	14.20	103665.41	1821	0	Tsung-DaoLee	
2332	0:17:53	1/1/2019 	1066637	627.00	9.00	14.34	14.21	103667.31	194704	0	Tsung-DaoLee	
2333	0:17:53	1/1/2019 	1066793	72.00	8.00	6.00	14.21	103667.31	1821	0	Tsung-DaoLee	
2334	0:17:53	1/1/2019 	1067086	185.00	8.00	8.95	14.21	103667.47	1820	0	Tsung-DaoLee	
2335	0:17:53	1/1/2019 	1067205	67.00	9.00	5.94	14.21	103667.47	1819	0	Tsung-DaoLee	
2336	0:17:54	1/1/2019 	1067482	896.00	77.00	25.98	14.21	103667.47	1819	1	Tsung-DaoLee	
2337	0:17:55	1/1/2019 	1068348	93.00	8.00	6.42	14.21	103668.23	49800	0	Tsung-DaoLee	
2338	0:17:55	1/1/2019 	1068722	594.00	9.00	13.95	14.21	103668.23	50773	0	Tsung-DaoLee	
2339	0:17:55	1/1/2019 	1069099	944.00	161.00	40.94	14.21	103668.23	1821	0	Tsung-DaoLee	
2340	0:17:56	1/1/2019 	1069309	943.00	141.00	37.80	14.22	103668.85	1822	1	Tsung-DaoLee	
2341	0:17:56	1/1/2019 	1069406	946.00	133.00	36.38	14.22	103668.85	1822	1	Tsung-DaoLee	
2342	0:17:56	1/1/2019 	1069574	951.00	751.00	134.46	14.22	103668.85	49802	1	Tsung-DaoLee	
2343	0:17:57	1/1/2019 	1070776	118.00	8.00	7.09	14.22	103669.11	50683	0	Tsung-DaoLee	
2344	0:17:58	1/1/2019 	1071652	62.00	8.00	5.90	14.22	103669.11	51324	0	Tsung-DaoLee	
2345	0:17:59	1/1/2019 	1072465	631.00	11.00	14.84	14.22	103669.72	1820	0	Tsung-DaoLee	
2346	0:18:00	1/1/2019 	1073554	942.00	190.00	44.43	14.22	103670.14	97782	0	Tsung-DaoLee	
2347	0:18:00	1/1/2019 	1073628	69.00	8.00	5.97	14.22	103670.14	1822	0	Tsung-DaoLee	
2348	0:18:00	1/1/2019 	1073740	76.00	8.00	6.07	14.23	103670.59	1819	0	Tsung-DaoLee	
2349	0:18:00	1/1/2019 	1074001	850.00	48.00	22.38	14.23	103670.59	1819	0	Tsung-DaoLee	
2350	0:18:02	1/1/2019 	1075630	217.00	8.00	9.67	14.23	103671.52	98877	0	Tsung-DaoLee	
2351	0:18:02	1/1/2019 	1076251	704.00	13.00	16.00	14.23	103672.10	1821	0	Tsung-DaoLee	
2352	0:18:03	1/1/2019 	1076293	180.00	9.00	8.83	14.23	103672.10	1820	0	Tsung-DaoLee	
2353	0:18:03	1/1/2019 	1076616	65.00	9.00	5.92	14.23	103672.26	49802	0	Tsung-DaoLee	
2354	0:18:03	1/1/2019 	1076837	440.00	9.00	12.49	14.23	103673.03	1821	0	Tsung-DaoLee	
2355	0:18:04	1/1/2019 	1077748	940.00	120.00	33.93	14.23	103673.34	49801	0	Tsung-DaoLee	
2356	0:18:04	1/1/2019 	1077935	753.00	22.00	18.63	14.23	103673.50	2820	0	Tsung-DaoLee	
2357	0:18:05	1/1/2019 	1079193	913.00	92.00	28.52	14.24	103674.69	49801	0	Tsung-DaoLee	
2358	0:18:06	1/1/2019 	1079867	76.00	8.00	6.07	14.24	103674.69	49804	0	Tsung-DaoLee	
2359	0:18:08	1/1/2019 	1081940	945.00	220.00	47.28	14.25	103676.33	98706	0	Tsung-DaoLee	
2360	0:18:09	1/1/2019 	1082466	662.00	10.00	14.88	14.25	103676.33	1824	0	Tsung-DaoLee	
2361	0:18:09	1/1/2019 	1082495	666.00	10.00	14.90	14.25	103676.33	1822	0	Tsung-DaoLee	
2362	0:18:10	1/1/2019 	1083756	898.00	79.00	26.29	14.25	103676.95	99327	0	Tsung-DaoLee	
2363	0:18:10	1/1/2019 	1084030	920.00	101.00	30.22	14.25	103677.11	1823	1	Tsung-DaoLee	
2364	0:18:10	1/1/2019 	1084259	944.00	168.00	41.89	14.25	103677.11	1821	1	Tsung-DaoLee	
2365	0:18:11	1/1/2019 	1084289	944.00	252.00	50.47	14.25	103677.11	1821	0	Tsung-DaoLee	
2366	0:18:11	1/1/2019 	1084829	852.00	54.00	22.99	14.25	103677.52	49803	0	Tsung-DaoLee	
2367	0:18:13	1/1/2019 	1086985	940.00	121.00	34.12	14.26	103678.88	98804	1	Tsung-DaoLee	
2368	0:18:15	1/1/2019 	1088338	848.00	49.00	22.48	14.26	103679.80	49808	1	Tsung-DaoLee	
2369	0:18:16	1/1/2019 	1089786	739.00	18.00	17.60	14.26	103681.15	97782	0	Tsung-DaoLee	
2370	0:18:17	1/1/2019 	1090401	197.00	8.00	9.23	14.26	103681.15	2779	0	Tsung-DaoLee	
2371	0:18:18	1/1/2019 	1091495	903.00	81.00	26.62	14.27	103681.92	49801	0	Tsung-DaoLee	
2372	0:18:18	1/1/2019 	1091905	790.00	33.00	20.64	14.27	103682.08	49801	0	Tsung-DaoLee	
2373	0:18:18	1/1/2019 	1092010	276.00	9.00	10.74	14.27	103682.08	3394	0	Tsung-DaoLee	
2374	0:18:18	1/1/2019 	1092254	929.00	102.00	30.41	14.27	103682.69	1821	0	Tsung-DaoLee	
2375	0:18:20	1/1/2019 	1094252	135.00	9.00	7.59	14.27	103683.88	97781	0	Tsung-DaoLee	
2376	0:18:22	1/1/2019 	1095424	116.00	8.00	7.03	14.28	103684.45	49805	0	Tsung-DaoLee	
2377	0:18:23	1/1/2019 	1096404	219.00	8.00	9.71	14.28	103685.22	49801	0	Tsung-DaoLee	
2378	0:18:23	1/1/2019 	1096436	937.00	113.00	32.56	14.28	103685.22	1820	0	Tsung-DaoLee	
2379	0:18:23	1/1/2019 	1096461	948.00	429.00	78.38	14.28	103685.22	2964	1	Tsung-DaoLee	
2380	0:18:24	1/1/2019 	1097739	156.00	9.00	8.19	14.28	103685.99	97782	0	Tsung-DaoLee	
2381	0:18:25	1/1/2019 	1098372	148.00	8.00	7.96	14.28	103686.41	1821	0	Tsung-DaoLee	
2382	0:18:25	1/1/2019 	1098571	370.00	9.00	11.91	14.28	103686.41	49800	0	Tsung-DaoLee	
2383	0:18:26	1/1/2019 	1100025	881.00	63.00	24.04	14.29	103687.18	49802	1	Tsung-DaoLee	
2384	0:18:27	1/1/2019 	1100610	946.00	277.00	53.59	14.29	103687.34	50623	1	Tsung-DaoLee	
2385	0:18:27	1/1/2019 	1101212	161.00	9.00	8.33	14.29	103687.95	3308	0	Tsung-DaoLee	
2386	0:18:29	1/1/2019 	1102792	912.00	94.00	28.89	14.29	103688.69	97782	1	Tsung-DaoLee	
2387	0:18:30	1/1/2019 	1103364	531.00	9.00	13.20	14.29	103689.14	1821	0	Tsung-DaoLee	
2388	0:18:30	1/1/2019 	1103699	930.00	110.00	31.97	14.29	103689.14	49802	0	Tsung-DaoLee	
2389	0:18:31	1/1/2019 	1104791	585.00	9.00	13.83	14.30	103689.55	49802	0	Tsung-DaoLee	
2390	0:18:31	1/1/2019 	1105157	952.00	405.00	75.08	14.30	103689.72	1821	1	Tsung-DaoLee	
2391	0:18:31	1/1/2019 	1105175	704.00	13.00	16.00	14.30	103689.72	2776	0	Tsung-DaoLee	
2392	0:18:32	1/1/2019 	1105619	924.00	102.00	30.41	14.30	103690.02	49802	0	Tsung-DaoLee	
2393	0:18:32	1/1/2019 	1105754	946.00	194.00	44.84	14.30	103690.02	1822	0	Tsung-DaoLee	
2394	0:18:33	1/1/2019 	1106692	797.00	37.00	21.15	14.30	103690.17	49803	0	Tsung-DaoLee	
2395	0:18:36	1/1/2019 	1109605	141.00	8.00	7.76	14.31	103691.97	145761	0	Tsung-DaoLee	
2396	0:18:37	1/1/2019 	1110272	945.00	316.00	59.76	14.31	103692.39	4056	1	Tsung-DaoLee	
2397	0:18:37	1/1/2019 	1110404	928.00	105.00	31.00	14.31	103692.39	1822	0	Tsung-DaoLee	
2398	0:18:37	1/1/2019 	1110863	155.00	9.00	8.16	14.31	103692.55	49802	0	Tsung-DaoLee	
2399	0:18:37	1/1/2019 	1111133	783.00	30.00	20.20	14.31	103692.84	1820	0	Tsung-DaoLee	
2400	0:18:37	1/1/2019 	1111222	910.00	84.00	27.12	14.31	103692.84	1821	0	Tsung-DaoLee	
2401	0:18:38	1/1/2019 	1111565	177.00	8.00	8.75	14.31	103692.84	49800	0	Tsung-DaoLee	
2402	0:18:38	1/1/2019 	1112072	919.00	98.00	29.64	14.31	103693.00	2797	1	Tsung-DaoLee	
2403	0:18:38	1/1/2019 	1112137	400.00	9.00	12.18	14.31	103693.00	1822	0	Tsung-DaoLee	
2404	0:18:40	1/1/2019 	1113715	609.00	10.00	14.33	14.32	103694.66	97781	0	Tsung-DaoLee	
2405	0:18:40	1/1/2019 	1113820	127.00	9.00	7.36	14.32	103694.66	1822	0	Tsung-DaoLee	
2406	0:18:40	1/1/2019 	1113868	527.00	9.00	13.16	14.32	103694.66	1820	0	Tsung-DaoLee	
2407	0:18:41	1/1/2019 	1114595	134.00	8.00	7.56	14.32	103694.66	49799	0	Tsung-DaoLee	
2408	0:18:41	1/1/2019 	1114917	912.00	89.00	27.98	14.32	103695.44	2904	0	Tsung-DaoLee	
2409	0:18:42	1/1/2019 	1115296	825.00	42.00	21.74	14.32	103695.59	1821	0	Tsung-DaoLee	
2410	0:18:45	1/1/2019 	1118499	948.00	389.00	72.61	14.33	103697.87	145762	0	Tsung-DaoLee	
2411	0:18:46	1/1/2019 	1119567	377.00	9.00	11.98	14.33	103698.29	97811	0	Tsung-DaoLee	
2412	0:18:46	1/1/2019 	1119587	275.00	9.00	10.73	14.33	103698.29	2722	0	Tsung-DaoLee	
2413	0:18:46	1/1/2019 	1120046	946.00	253.00	50.58	14.33	103698.29	1821	1	Tsung-DaoLee	
2414	0:18:47	1/1/2019 	1120762	180.00	8.00	8.82	14.33	103698.45	51335	0	Tsung-DaoLee	
2415	0:18:47	1/1/2019 	1120926	127.00	8.00	7.35	14.33	103698.90	1822	0	Tsung-DaoLee	
2416	0:18:48	1/1/2019 	1122058	777.00	31.00	20.33	14.33	103699.67	49800	0	Tsung-DaoLee	
2417	0:18:49	1/1/2019 	1122961	709.00	14.00	16.33	14.33	103700.25	49803	0	Tsung-DaoLee	
2418	0:18:49	1/1/2019 	1122997	339.00	9.00	11.58	14.33	103700.25	1823	0	Tsung-DaoLee	
2419	0:18:49	1/1/2019 	1123156	377.00	9.00	11.98	14.33	103700.25	1821	0	Tsung-DaoLee	
2420	0:18:50	1/1/2019 	1123451	665.00	11.00	15.20	14.33	103700.25	2824	0	Tsung-DaoLee	
2421	0:18:50	1/1/2019 	1123492	929.00	106.00	31.19	14.33	103700.25	1822	1	Tsung-DaoLee	
2422	0:18:51	1/1/2019 	1124617	949.00	560.00	96.35	14.34	103701.02	97781	0	Tsung-DaoLee	
2423	0:18:51	1/1/2019 	1125055	850.00	49.00	22.48	14.34	103701.62	1825	0	Tsung-DaoLee	
2424	0:18:52	1/1/2019 	1126008	823.00	39.00	21.42	14.34	103702.36	49805	0	Tsung-DaoLee	
2425	0:18:52	1/1/2019 	1126244	179.00	8.00	8.80	14.34	103702.36	2831	0	Tsung-DaoLee	
2426	0:18:53	1/1/2019 	1126946	637.00	9.00	14.43	14.34	103702.52	49799	0	Tsung-DaoLee	
2427	0:18:54	1/1/2019 	1127430	201.00	8.00	9.32	14.34	103703.29	1821	0	Tsung-DaoLee	
2428	0:18:54	1/1/2019 	1127926	870.00	60.00	23.67	14.34	103703.45	49801	0	Tsung-DaoLee	
2429	0:18:54	1/1/2019 	1128039	699.00	13.00	15.98	14.35	103704.03	1822	1	Tsung-DaoLee	
2430	0:18:54	1/1/2019 	1128193	886.00	72.00	25.22	14.35	103704.03	1821	0	Tsung-DaoLee	
2431	0:18:55	1/1/2019 	1128294	940.00	167.00	41.75	14.35	103704.03	2836	1	Tsung-DaoLee	
2432	0:18:55	1/1/2019 	1128598	287.00	9.00	10.91	14.35	103704.19	49802	0	Tsung-DaoLee	
2433	0:18:56	1/1/2019 	1129802	497.00	9.00	12.90	14.35	103705.41	49801	1	Tsung-DaoLee	
2434	0:18:56	1/1/2019 	1130055	176.00	8.00	8.72	14.35	103705.41	2777	0	Tsung-DaoLee	
2435	0:18:57	1/1/2019 	1131207	82.00	9.00	6.18	14.35	103706.30	49801	0	Tsung-DaoLee	
2436	0:18:58	1/1/2019 	1131306	341.00	8.00	11.56	14.35	103706.30	1821	0	Tsung-DaoLee	
2437	0:18:58	1/1/2019 	1131773	607.00	9.00	14.11	14.36	103706.76	51471	0	Tsung-DaoLee	
2438	0:18:58	1/1/2019 	1132173	106.00	8.00	6.75	14.36	103706.76	1820	0	Tsung-DaoLee	
2439	0:18:59	1/1/2019 	1132819	338.00	9.00	11.57	14.36	103707.38	49802	0	Tsung-DaoLee	
2440	0:18:59	1/1/2019 	1133155	99.00	9.00	6.57	14.36	103707.78	1826	0	Tsung-DaoLee	
2441	0:19:01	1/1/2019 	1134411	155.00	8.00	8.16	14.36	103708.24	49800	0	Tsung-DaoLee	
2442	0:19:01	1/1/2019 	1135045	946.00	143.00	38.14	14.36	103708.40	49800	0	Tsung-DaoLee	
2443	0:19:01	1/1/2019 	1135135	73.00	8.00	6.02	14.36	103708.40	2857	0	Tsung-DaoLee	
2444	0:19:01	1/1/2019 	1135169	867.00	52.00	22.81	14.36	103708.40	1821	0	Tsung-DaoLee	
2445	0:19:02	1/1/2019 	1135452	797.00	33.00	20.65	14.37	103708.81	1821	0	Tsung-DaoLee	
2446	0:19:02	1/1/2019 	1135709	202.00	8.00	9.34	14.37	103708.81	49802	0	Tsung-DaoLee	
2447	0:19:03	1/1/2019 	1136879	511.00	8.00	12.92	14.37	103709.43	49800	0	Tsung-DaoLee	
2448	0:19:04	1/1/2019 	1138242	941.00	128.00	35.46	14.37	103710.05	49802	1	Tsung-DaoLee	
2449	0:19:05	1/1/2019 	1138336	584.00	9.00	13.82	14.37	103710.62	2864	0	Tsung-DaoLee	
2450	0:19:05	1/1/2019 	1138461	684.00	11.00	15.29	14.37	103710.62	1821	0	Tsung-DaoLee	
2451	0:19:05	1/1/2019 	1139138	562.00	9.00	13.54	14.38	103711.07	49802	0	Tsung-DaoLee	
2452	0:19:06	1/1/2019 	1139634	651.00	9.00	14.53	14.38	103711.23	49802	0	Tsung-DaoLee	
2453	0:19:06	1/1/2019 	1139789	157.00	9.00	8.22	14.38	103711.23	2645	0	Tsung-DaoLee	
2454	0:19:06	1/1/2019 	1140181	765.00	25.00	19.29	14.38	103711.39	1821	0	Tsung-DaoLee	
2455	0:19:06	1/1/2019 	1140261	953.00	483.00	84.79	14.38	103711.39	3306	1	Tsung-DaoLee	
2456	0:19:07	1/1/2019 	1140450	309.00	9.00	11.21	14.38	103711.81	1820	0	Tsung-DaoLee	
2457	0:19:07	1/1/2019 	1140500	743.00	21.00	18.37	14.38	103711.81	1822	0	Tsung-DaoLee	
2458	0:19:07	1/1/2019 	1140947	164.00	6.00	8.39	14.38	103712.12	49831	0	Tsung-DaoLee	
2459	0:19:08	1/1/2019 	1141784	75.00	9.00	6.05	14.38	103712.73	49803	0	Tsung-DaoLee	
2460	0:19:11	1/1/2019 	1144463	551.00	9.00	13.41	14.39	103714.56	97780	0	Tsung-DaoLee	
2461	0:19:11	1/1/2019 	1144968	949.00	154.00	39.91	14.39	103715.17	50755	0	Tsung-DaoLee	
2462	0:19:11	1/1/2019 	1145205	262.00	8.00	10.49	14.39	103715.17	1822	0	Tsung-DaoLee	
2463	0:19:12	1/1/2019 	1145973	926.00	106.00	31.19	14.39	103715.94	49800	0	Tsung-DaoLee	
2464	0:19:13	1/1/2019 	1146989	263.00	8.00	10.51	14.39	103716.67	49800	0	Tsung-DaoLee	
2465	0:19:13	1/1/2019 	1147245	945.00	144.00	38.31	14.39	103716.67	1822	0	Tsung-DaoLee	
2466	0:19:14	1/1/2019 	1147967	169.00	9.00	8.54	14.39	103716.84	50723	0	Tsung-DaoLee	
2467	0:19:14	1/1/2019 	1148017	591.00	9.00	13.91	14.40	103717.61	1821	0	Tsung-DaoLee	
2468	0:19:15	1/1/2019 	1148658	667.00	11.00	15.21	14.40	103717.77	49800	0	Tsung-DaoLee	
2469	0:19:15	1/1/2019 	1148901	945.00	145.00	38.48	14.40	103717.77	1823	1	Tsung-DaoLee	
2470	0:19:15	1/1/2019 	1148978	70.00	9.00	5.98	14.40	103717.77	1821	0	Tsung-DaoLee	
2471	0:19:16	1/1/2019 	1149282	156.00	8.00	8.19	14.40	103718.34	1819	0	Tsung-DaoLee	
2472	0:19:18	1/1/2019 	1151408	83.00	8.00	6.19	14.40	103719.72	98717	0	Tsung-DaoLee	
2473	0:19:20	1/1/2019 	1153323	79.00	9.00	6.12	14.41	103720.75	98641	0	Tsung-DaoLee	
2474	0:19:20	1/1/2019 	1153624	554.00	9.00	13.45	14.41	103720.75	49801	0	Tsung-DaoLee	
2475	0:19:20	1/1/2019 	1154003	921.00	100.00	30.03	14.41	103721.52	1821	1	Tsung-DaoLee	
2476	0:19:21	1/1/2019 	1154862	127.00	8.00	7.35	14.41	103722.09	49801	0	Tsung-DaoLee	
2477	0:19:21	1/1/2019 	1155085	949.00	165.00	41.49	14.41	103722.09	1821	0	Tsung-DaoLee	
2478	0:19:22	1/1/2019 	1155880	145.00	8.00	7.87	14.41	103722.41	51316	0	Tsung-DaoLee	
2479	0:19:22	1/1/2019 	1155922	711.00	14.00	16.34	14.41	103722.41	1821	0	Tsung-DaoLee	
2480	0:19:23	1/1/2019 	1156385	918.00	101.00	30.22	14.42	103723.03	1822	0	Tsung-DaoLee	
2481	0:19:23	1/1/2019 	1156771	946.00	181.00	43.46	14.42	103723.34	49801	0	Tsung-DaoLee	
2482	0:19:24	1/1/2019 	1157273	944.00	200.00	45.43	14.42	103723.77	1822	0	Tsung-DaoLee	
2483	0:19:24	1/1/2019 	1158180	945.00	329.00	62.06	14.42	103723.92	49801	1	Tsung-DaoLee	
2484	0:19:24	1/1/2019 	1158188	296.00	8.00	11.00	14.42	103723.92	2809	0	Tsung-DaoLee	
2485	0:19:25	1/1/2019 	1158406	381.00	9.00	12.02	14.42	103724.53	1820	0	Tsung-DaoLee	
2486	0:19:26	1/1/2019 	1160071	596.00	9.00	13.97	14.42	103724.98	97781	0	Tsung-DaoLee	
2487	0:19:27	1/1/2019 	1160757	945.00	331.00	62.43	14.42	103725.30	50703	0	Tsung-DaoLee	
2488	0:19:27	1/1/2019 	1160985	909.00	84.00	27.12	14.43	103725.72	1822	0	Tsung-DaoLee	
2489	0:19:27	1/1/2019 	1161029	948.00	256.00	50.93	14.43	103725.72	1821	0	Tsung-DaoLee	
2490	0:19:28	1/1/2019 	1161355	628.00	10.00	14.58	14.43	103726.04	3362	0	Tsung-DaoLee	
2491	0:19:28	1/1/2019 	1162159	429.00	8.00	12.34	14.43	103726.33	49801	0	Tsung-DaoLee	
2492	0:19:29	1/1/2019 	1162614	644.00	10.00	14.75	14.43	103726.33	49801	0	Tsung-DaoLee	
2493	0:19:30	1/1/2019 	1163886	97.00	8.00	6.52	14.43	103727.11	49802	0	Tsung-DaoLee	
2494	0:19:30	1/1/2019 	1164057	108.00	8.00	6.81	14.43	103727.11	1821	0	Tsung-DaoLee	
2495	0:19:31	1/1/2019 	1164284	728.00	15.00	16.69	14.43	103727.11	2829	0	Tsung-DaoLee	
2496	0:19:31	1/1/2019 	1164772	242.00	8.00	10.15	14.43	103727.52	49801	0	Tsung-DaoLee	
2497	0:19:32	1/1/2019 	1165397	73.00	8.00	6.02	14.43	103727.36	1820	0	Tsung-DaoLee	
2498	0:19:32	1/1/2019 	1165472	739.00	18.00	17.60	14.43	103727.52	1819	0	Tsung-DaoLee	
2499	0:19:33	1/1/2019 	1167093	72.00	8.00	6.00	14.44	103728.23	97780	0	Tsung-DaoLee	
2500	0:19:33	1/1/2019 	1167110	158.00	9.00	8.25	14.44	103728.23	1820	0	Tsung-DaoLee	
2501	0:19:33	1/1/2019 	1167205	621.00	9.00	14.28	14.44	103728.23	2834	0	Tsung-DaoLee	
2502	0:19:34	1/1/2019 	1167398	63.00	8.00	5.91	14.44	103728.23	1819	0	Tsung-DaoLee	
2503	0:19:35	1/1/2019 	1168410	476.00	9.00	12.74	14.44	103728.84	49799	0	Tsung-DaoLee	
2504	0:19:35	1/1/2019 	1168452	946.00	441.00	79.90	14.44	103728.84	1822	1	Tsung-DaoLee	
2505	0:19:35	1/1/2019 	1168795	179.00	9.00	8.80	14.44	103728.84	49801	0	Tsung-DaoLee	
2506	0:19:36	1/1/2019 	1169455	928.00	110.00	31.97	14.44	103729.46	1821	0	Tsung-DaoLee	
2507	0:19:36	1/1/2019 	1169786	390.00	9.00	12.10	14.44	103729.46	50926	0	Tsung-DaoLee	
2508	0:19:37	1/1/2019 	1170492	950.00	552.00	94.78	14.45	103730.03	2777	0	Tsung-DaoLee	
2509	0:19:37	1/1/2019 	1170650	443.00	9.00	12.51	14.45	103730.20	49802	0	Tsung-DaoLee	
2510	0:19:38	1/1/2019 	1172126	870.00	61.00	23.79	14.45	103730.97	49801	0	Tsung-DaoLee	
2511	0:19:38	1/1/2019 	1172193	752.00	22.00	18.63	14.45	103730.97	1822	0	Tsung-DaoLee	
2512	0:19:40	1/1/2019 	1174043	744.00	21.00	18.38	14.45	103732.31	97782	0	Tsung-DaoLee	
2513	0:19:41	1/1/2019 	1175175	940.00	126.00	35.08	14.46	103732.77	51372	1	Tsung-DaoLee	
2514	0:19:43	1/1/2019 	1176699	808.00	39.00	21.40	14.46	103733.50	97782	0	Tsung-DaoLee	
2515	0:19:43	1/1/2019 	1177171	946.00	299.00	56.90	14.46	103733.50	1823	1	Tsung-DaoLee	
2516	0:19:44	1/1/2019 	1177749	633.00	9.00	14.40	14.46	103734.12	49800	0	Tsung-DaoLee	
2517	0:19:44	1/1/2019 	1178100	566.00	9.00	13.59	14.46	103734.12	1821	0	Tsung-DaoLee	
2518	0:19:45	1/1/2019 	1179264	422.00	9.00	12.36	14.46	103734.73	49800	0	Tsung-DaoLee	
2519	0:19:46	1/1/2019 	1179460	725.00	17.00	17.28	14.46	103734.73	2862	0	Tsung-DaoLee	
2520	0:19:46	1/1/2019 	1179692	948.00	237.00	48.90	14.46	103734.73	49801	1	Tsung-DaoLee	
2521	0:19:47	1/1/2019 	1180568	667.00	11.00	15.21	14.47	103735.30	50620	0	Tsung-DaoLee	
2522	0:19:47	1/1/2019 	1180633	106.00	8.00	6.75	14.47	103735.30	1822	0	Tsung-DaoLee	
2523	0:19:47	1/1/2019 	1180865	947.00	135.00	36.75	14.47	103735.47	1821	0	Tsung-DaoLee	
2524	0:19:47	1/1/2019 	1180976	345.00	9.00	11.65	14.47	103735.47	1821	0	Tsung-DaoLee	
2525	0:19:48	1/1/2019 	1181310	784.00	32.00	20.49	14.47	103735.91	3302	0	Tsung-DaoLee	
2526	0:19:48	1/1/2019 	1181321	945.00	149.00	39.13	14.47	103735.91	1823	1	Tsung-DaoLee	
2527	0:19:48	1/1/2019 	1181791	945.00	120.00	33.93	14.47	103735.91	49801	0	Tsung-DaoLee	
2528	0:19:48	1/1/2019 	1181797	67.00	8.00	5.94	14.47	103735.91	1822	0	Tsung-DaoLee	
2529	0:19:48	1/1/2019 	1181930	719.00	14.00	16.35	14.47	103736.07	1821	0	Tsung-DaoLee	
2530	0:19:48	1/1/2019 	1182093	722.00	16.00	16.98	14.47	103736.07	2777	0	Tsung-DaoLee	
2531	0:19:48	1/1/2019 	1182231	866.00	54.00	23.02	14.47	103736.07	1821	0	Tsung-DaoLee	
2532	0:19:49	1/1/2019 	1183097	751.00	21.00	18.40	14.47	103736.81	49802	1	Tsung-DaoLee	
2533	0:19:49	1/1/2019 	1183231	943.00	121.00	34.12	14.47	103736.81	1822	1	Tsung-DaoLee	
2534	0:19:51	1/1/2019 	1184316	909.00	86.00	27.46	14.47	103737.58	49800	0	Tsung-DaoLee	
2535	0:19:52	1/1/2019 	1185795	185.00	8.00	8.95	14.48	103738.19	97782	0	Tsung-DaoLee	
2536	0:19:53	1/1/2019 	1186656	267.00	8.00	10.57	14.48	103738.92	50862	0	Tsung-DaoLee	
2537	0:19:53	1/1/2019 	1186841	218.00	8.00	9.69	14.48	103738.92	1821	0	Tsung-DaoLee	
2538	0:19:54	1/1/2019 	1187375	945.00	214.00	46.73	14.48	103739.38	1821	1	Tsung-DaoLee	
2539	0:19:54	1/1/2019 	1187395	250.00	8.00	10.29	14.48	103739.38	1822	0	Tsung-DaoLee	
2540	0:19:55	1/1/2019 	1188415	945.00	576.00	99.57	14.48	103739.83	49801	1	Tsung-DaoLee	
2541	0:19:55	1/1/2019 	1188919	776.00	29.00	20.03	14.48	103739.99	49804	1	Tsung-DaoLee	
2542	0:19:55	1/1/2019 	1188948	583.00	9.00	13.81	14.48	103739.99	2788	0	Tsung-DaoLee	
2543	0:19:55	1/1/2019 	1189042	62.00	8.00	5.90	14.48	103739.83	1819	0	Tsung-DaoLee	
2544	0:19:56	1/1/2019 	1190048	618.00	9.00	14.24	14.49	103740.57	49800	0	Tsung-DaoLee	
2545	0:19:56	1/1/2019 	1190240	456.00	9.00	12.60	14.49	103740.57	2694	0	Tsung-DaoLee	
2546	0:19:57	1/1/2019 	1190327	903.00	80.00	26.46	14.49	103740.57	1819	0	Tsung-DaoLee	
2547	0:19:57	1/1/2019 	1190437	622.00	9.00	14.29	14.49	103740.57	1822	0	Tsung-DaoLee	
2548	0:19:57	1/1/2019 	1190737	227.00	8.00	9.87	14.49	103740.86	51320	0	Tsung-DaoLee	
2549	0:19:57	1/1/2019 	1190782	411.00	9.00	12.27	14.49	103740.86	1821	0	Tsung-DaoLee	
2550	0:19:57	1/1/2019 	1190944	67.00	8.00	5.94	14.49	103740.86	1821	0	Tsung-DaoLee	
2551	0:19:58	1/1/2019 	1191413	946.00	276.00	53.45	14.49	103740.86	1820	0	Tsung-DaoLee	
2552	0:19:58	1/1/2019 	1191903	378.00	8.00	11.93	14.49	103741.28	49802	0	Tsung-DaoLee	
2553	0:19:59	1/1/2019 	1192350	614.00	10.00	14.40	14.49	103741.28	1821	0	Tsung-DaoLee	
2554	0:19:59	1/1/2019 	1192553	939.00	115.00	32.96	14.49	103741.28	50790	0	Tsung-DaoLee	
2555	0:19:59	1/1/2019 	1192897	944.00	120.00	33.93	14.49	103741.90	1822	0	Tsung-DaoLee	
2556	0:19:59	1/1/2019 	1193107	864.00	53.00	22.91	14.49	103742.05	1822	0	Tsung-DaoLee	
2557	0:20:01	1/1/2019 	1194620	601.00	9.00	14.04	14.50	103743.08	97783	0	Tsung-DaoLee	
2558	0:20:01	1/1/2019 	1195004	946.00	313.00	59.24	14.50	103743.08	1823	1	Tsung-DaoLee	
2559	0:20:02	1/1/2019 	1195398	59.00	8.00	5.89	14.50	103743.24	1820	0	Tsung-DaoLee	
2560	0:20:04	1/1/2019 	1198015	597.00	9.00	13.99	14.50	103744.78	146754	0	Tsung-DaoLee	
2561	0:20:04	1/1/2019 	1198191	263.00	9.00	10.53	14.50	103744.78	1823	0	Tsung-DaoLee	
2562	0:20:06	1/1/2019 	1200005	905.00	78.00	26.14	14.51	103745.66	97784	0	Tsung-DaoLee	
2563	0:20:06	1/1/2019 	1200110	72.00	8.00	6.00	14.51	103745.66	2737	0	Tsung-DaoLee	
2564	0:20:06	1/1/2019 	1200208	952.00	521.00	89.72	14.51	103745.66	1820	1	Tsung-DaoLee	
2565	0:20:06	1/1/2019 	1200241	417.00	9.00	12.32	14.51	103745.66	3466	0	Tsung-DaoLee	
2566	0:20:07	1/1/2019 	1200919	573.00	9.00	13.68	14.51	103746.39	49802	0	Tsung-DaoLee	
2567	0:20:08	1/1/2019 	1201338	65.00	8.00	5.92	14.51	103746.39	1822	0	Tsung-DaoLee	
2568	0:20:08	1/1/2019 	1201595	686.00	11.00	15.29	14.51	103746.39	49803	0	Tsung-DaoLee	
2569	0:20:10	1/1/2019 	1203571	84.00	8.00	6.21	14.51	103747.30	97784	0	Tsung-DaoLee	
2570	0:20:10	1/1/2019 	1203971	723.00	16.00	16.99	14.52	103747.55	1821	0	Tsung-DaoLee	
2571	0:20:11	1/1/2019 	1204941	945.00	372.00	69.78	14.52	103747.55	50817	1	Tsung-DaoLee	
2572	0:20:11	1/1/2019 	1204976	905.00	81.00	26.62	14.52	103747.55	1823	1	Tsung-DaoLee	
2573	0:20:11	1/1/2019 	1205003	701.00	13.00	15.99	14.52	103747.55	1820	0	Tsung-DaoLee	
2574	0:20:11	1/1/2019 	1205103	617.00	9.00	14.23	14.52	103747.55	1820	0	Tsung-DaoLee	
2575	0:20:11	1/1/2019 	1205239	105.00	8.00	6.73	14.52	103747.55	1820	0	Tsung-DaoLee	
2576	0:20:11	1/1/2019 	1205260	64.00	8.00	5.92	14.52	103747.55	1820	0	Tsung-DaoLee	
2577	0:20:12	1/1/2019 	1206232	112.00	8.00	6.92	14.52	103748.17	50823	0	Tsung-DaoLee	
2578	0:20:12	1/1/2019 	1206273	438.00	9.00	12.47	14.52	103748.17	1822	0	Tsung-DaoLee	
2579	0:20:12	1/1/2019 	1206306	947.00	409.00	75.66	14.52	103748.17	1819	0	Tsung-DaoLee	
2580	0:20:13	1/1/2019 	1206350	136.00	8.00	7.62	14.52	103748.17	1822	0	Tsung-DaoLee	
2581	0:20:14	1/1/2019 	1207771	597.00	9.00	13.99	14.52	103749.20	97782	0	Tsung-DaoLee	
2582	0:20:15	1/1/2019 	1208848	405.00	8.00	12.16	14.53	103749.81	49802	0	Tsung-DaoLee	
2583	0:20:15	1/1/2019 	1209303	399.00	9.00	12.18	14.53	103749.81	2846	0	Tsung-DaoLee	
2584	0:20:17	1/1/2019 	1211133	945.00	370.00	69.43	14.53	103750.69	97784	0	Tsung-DaoLee	
2585	0:20:17	1/1/2019 	1211287	210.00	8.00	9.52	14.53	103750.69	2791	0	Tsung-DaoLee	
2586	0:20:18	1/1/2019 	1211390	941.00	125.00	34.89	14.53	103750.69	1821	1	Tsung-DaoLee	
2587	0:20:18	1/1/2019 	1211579	671.00	11.00	15.24	14.53	103750.84	49803	0	Tsung-DaoLee	
2588	0:20:18	1/1/2019 	1211869	950.00	324.00	61.17	14.53	103750.84	1822	0	Tsung-DaoLee	
2589	0:20:18	1/1/2019 	1211959	102.00	8.00	6.65	14.53	103750.84	3398	0	Tsung-DaoLee	
2590	0:20:20	1/1/2019 	1214147	173.00	9.00	8.65	14.54	103752.80	97780	0	Tsung-DaoLee	
2591	0:20:20	1/1/2019 	1214279	550.00	8.00	13.28	14.54	103752.80	1820	1	Tsung-DaoLee	
2592	0:20:21	1/1/2019 	1214435	197.00	8.00	9.23	14.54	103752.80	1820	0	Tsung-DaoLee	
2593	0:20:22	1/1/2019 	1215728	715.00	15.00	16.66	14.54	103753.54	97781	0	Tsung-DaoLee	
2594	0:20:23	1/1/2019 	1216765	634.00	10.00	14.65	14.54	103754.31	49802	0	Tsung-DaoLee	
2595	0:20:23	1/1/2019 	1216912	752.00	21.00	18.40	14.54	103754.31	2868	0	Tsung-DaoLee	
2596	0:20:24	1/1/2019 	1217882	916.00	98.00	29.64	14.55	103755.08	49801	1	Tsung-DaoLee	
2597	0:20:24	1/1/2019 	1218310	84.00	8.00	6.21	14.55	103755.23	1823	0	Tsung-DaoLee	
2598	0:20:26	1/1/2019 	1219930	946.00	203.00	45.71	14.55	103755.81	97780	1	Tsung-DaoLee	
2599	0:20:27	1/1/2019 	1220722	936.00	112.00	32.37	14.55	103756.27	50636	0	Tsung-DaoLee	
2600	0:20:27	1/1/2019 	1220813	951.00	470.00	83.26	14.55	103756.27	3312	0	Tsung-DaoLee	
2601	0:20:27	1/1/2019 	1220899	780.00	30.00	20.19	14.55	103756.27	1821	0	Tsung-DaoLee	
2602	0:20:27	1/1/2019 	1221090	755.00	23.00	18.86	14.55	103756.27	1821	0	Tsung-DaoLee	
2603	0:20:28	1/1/2019 	1221856	897.00	81.00	26.61	14.55	103756.72	49802	0	Tsung-DaoLee	
2604	0:20:28	1/1/2019 	1222319	105.00	8.00	6.73	14.56	103757.14	1822	0	Tsung-DaoLee	
2605	0:20:29	1/1/2019 	1222825	562.00	9.00	13.54	14.56	103757.30	49801	0	Tsung-DaoLee	
2606	0:20:29	1/1/2019 	1223092	203.00	8.00	9.37	14.56	103757.30	2782	0	Tsung-DaoLee	
2607	0:20:31	1/1/2019 	1224898	945.00	126.00	35.08	14.56	103758.48	97783	1	Tsung-DaoLee	
2608	0:20:33	1/1/2019 	1226597	369.00	9.00	11.90	14.56	103759.09	97785	0	Tsung-DaoLee	
2609	0:20:33	1/1/2019 	1226700	772.00	29.00	20.01	14.56	103759.09	1821	0	Tsung-DaoLee	
2610	0:20:33	1/1/2019 	1227009	365.00	9.00	11.86	14.56	103759.09	1821	0	Tsung-DaoLee	
2611	0:20:33	1/1/2019 	1227270	946.00	241.00	49.30	14.56	103759.09	1820	1	Tsung-DaoLee	
2612	0:20:34	1/1/2019 	1227378	382.00	9.00	12.03	14.56	103759.09	2787	0	Tsung-DaoLee	
2613	0:20:34	1/1/2019 	1228010	130.00	9.00	7.44	14.57	103759.71	49800	0	Tsung-DaoLee	
2614	0:20:36	1/1/2019 	1229487	181.00	9.00	8.85	14.57	103760.12	49804	0	Tsung-DaoLee	
2615	0:20:36	1/1/2019 	1230064	287.00	8.00	10.88	14.57	103760.12	49809	0	Tsung-DaoLee	
2616	0:20:36	1/1/2019 	1230113	622.00	10.00	14.51	14.57	103760.12	2704	0	Tsung-DaoLee	
2617	0:20:37	1/1/2019 	1230787	83.00	9.00	6.20	14.57	103760.59	49806	0	Tsung-DaoLee	
2618	0:20:38	1/1/2019 	1231799	125.00	8.00	7.29	14.57	103760.74	51319	0	Tsung-DaoLee	
2619	0:20:38	1/1/2019 	1231877	766.00	26.00	19.49	14.57	103760.74	1821	0	Tsung-DaoLee	
2620	0:20:38	1/1/2019 	1232174	946.00	255.00	50.81	14.57	103760.74	1821	0	Tsung-DaoLee	
2621	0:20:39	1/1/2019 	1232752	547.00	9.00	13.37	14.57	103761.36	49802	0	Tsung-DaoLee	
2622	0:20:40	1/1/2019 	1234197	540.00	9.00	13.29	14.58	103762.70	49802	0	Tsung-DaoLee	
2623	0:20:42	1/1/2019 	1235380	920.00	104.00	30.80	14.58	103763.28	49801	1	Tsung-DaoLee	
2624	0:20:42	1/1/2019 	1236256	384.00	9.00	12.04	14.58	103763.89	50792	0	Tsung-DaoLee	
2625	0:20:43	1/1/2019 	1237060	96.00	8.00	6.49	14.58	103763.73	49803	0	Tsung-DaoLee	
2626	0:20:43	1/1/2019 	1237184	958.00	908.00	177.95	14.59	103764.19	1821	1	Tsung-DaoLee	
2627	0:20:44	1/1/2019 	1237629	861.00	54.00	23.01	14.59	103764.19	49803	0	Tsung-DaoLee	
2628	0:20:44	1/1/2019 	1238057	931.00	111.00	32.17	14.59	103764.19	1822	1	Tsung-DaoLee	
2629	0:20:46	1/1/2019 	1239819	556.00	9.00	13.47	14.59	103764.90	97784	0	Tsung-DaoLee	
2630	0:20:47	1/1/2019 	1240818	273.00	8.00	10.67	14.60	103766.09	52138	0	Tsung-DaoLee	
2631	0:20:49	1/1/2019 	1242394	377.00	8.00	11.92	14.60	103766.38	49801	0	Tsung-DaoLee	
2632	0:20:49	1/1/2019 	1242965	744.00	13.00	16.00	14.60	103766.95	49801	0	Tsung-DaoLee	
2633	0:20:49	1/1/2019 	1243295	903.00	81.00	26.62	14.60	103767.12	1823	1	Tsung-DaoLee	
2634	0:20:50	1/1/2019 	1243696	133.00	8.00	7.53	14.60	103767.12	49808	0	Tsung-DaoLee	
2635	0:20:50	1/1/2019 	1243821	645.00	9.00	14.49	14.60	103767.57	2834	0	Tsung-DaoLee	
2636	0:20:51	1/1/2019 	1245247	946.00	155.00	40.06	14.61	103767.70	49801	0	Tsung-DaoLee	
2637	0:20:52	1/1/2019 	1245416	243.00	8.00	10.17	14.61	103767.55	1823	0	Tsung-DaoLee	
2638	0:20:52	1/1/2019 	1245468	950.00	295.00	56.26	14.61	103767.55	1821	1	Tsung-DaoLee	
2639	0:20:52	1/1/2019 	1245698	955.00	628.00	111.23	14.61	103767.55	49802	0	Tsung-DaoLee	
2640	0:20:52	1/1/2019 	1245995	856.00	50.00	22.59	14.61	103767.81	1822	0	Tsung-DaoLee	
2641	0:20:52	1/1/2019 	1246036	798.00	38.00	21.27	14.61	103767.81	2836	0	Tsung-DaoLee	
2642	0:20:53	1/1/2019 	1246917	181.00	9.00	8.85	14.61	103767.63	49802	0	Tsung-DaoLee	
2643	0:20:54	1/1/2019 	1247910	436.00	9.00	12.46	14.61	103767.41	49802	0	Tsung-DaoLee	
2644	0:20:54	1/1/2019 	1248319	948.00	288.00	55.18	14.61	103767.41	1821	1	Tsung-DaoLee	
2645	0:20:55	1/1/2019 	1248963	886.00	73.00	25.36	14.62	103768.00	49804	0	Tsung-DaoLee	
2646	0:20:56	1/1/2019 	1250291	729.00	17.00	17.29	14.62	103767.79	49804	0	Tsung-DaoLee	
2647	0:20:57	1/1/2019 	1250786	67.00	8.00	5.94	14.62	103767.63	52194	0	Tsung-DaoLee	
2648	0:20:57	1/1/2019 	1251071	944.00	120.00	33.93	14.62	103767.92	1821	1	Tsung-DaoLee	
2649	0:20:58	1/1/2019 	1251849	128.00	9.00	7.39	14.63	103768.53	49801	0	Tsung-DaoLee	
2650	0:20:59	1/1/2019 	1253151	625.00	9.00	14.32	14.63	103769.11	49801	0	Tsung-DaoLee	
2651	0:21:01	1/1/2019 	1254647	740.00	18.00	17.60	14.63	103769.98	97782	0	Tsung-DaoLee	
2652	0:21:01	1/1/2019 	1255010	181.00	9.00	8.85	14.63	103769.98	1822	0	Tsung-DaoLee	
2653	0:21:01	1/1/2019 	1255042	944.00	200.00	45.43	14.63	103769.98	2821	1	Tsung-DaoLee	
2654	0:21:02	1/1/2019 	1255390	136.00	8.00	7.62	14.63	103769.98	1822	0	Tsung-DaoLee	
2655	0:21:02	1/1/2019 	1255739	539.00	9.00	13.28	14.64	103770.44	49801	0	Tsung-DaoLee	
2656	0:21:02	1/1/2019 	1255873	357.00	9.00	11.78	14.64	103770.44	1821	0	Tsung-DaoLee	
2657	0:21:02	1/1/2019 	1256209	133.00	8.00	7.53	14.64	103771.05	1820	0	Tsung-DaoLee	
2658	0:21:02	1/1/2019 	1256262	709.00	15.00	16.64	14.64	103771.05	1820	1	Tsung-DaoLee	
2659	0:21:03	1/1/2019 	1257048	968.00	952.00	261.71	14.64	103771.21	50814	0	Tsung-DaoLee	
2660	0:21:05	1/1/2019 	1258573	885.00	65.00	24.29	14.64	103771.92	97785	0	Tsung-DaoLee	
2661	0:21:05	1/1/2019 	1259307	90.00	8.00	6.35	14.65	103772.70	1822	0	Tsung-DaoLee	
2662	0:21:06	1/1/2019 	1259952	132.00	8.00	7.50	14.65	103772.70	49802	0	Tsung-DaoLee	
2663	0:21:06	1/1/2019 	1260094	115.00	8.00	7.01	14.65	103772.70	2637	0	Tsung-DaoLee	
2664	0:21:08	1/1/2019 	1261396	120.00	8.00	7.15	14.65	103774.52	51288	0	Tsung-DaoLee	
2665	0:21:08	1/1/2019 	1262008	419.00	8.00	12.27	14.65	103774.67	49802	0	Tsung-DaoLee	
2666	0:21:10	1/1/2019 	1264180	467.00	9.00	12.68	14.66	103777.77	97781	0	Tsung-DaoLee	
2667	0:21:11	1/1/2019 	1264484	75.00	8.00	6.05	14.66	103778.70	1821	0	Tsung-DaoLee	
2668	0:21:11	1/1/2019 	1264828	365.00	8.00	11.81	14.66	103779.02	49801	0	Tsung-DaoLee	
2669	0:21:11	1/1/2019 	1264849	83.00	8.00	6.19	14.66	103779.02	1820	0	Tsung-DaoLee	
2670	0:21:11	1/1/2019 	1265051	950.00	276.00	53.45	14.66	103779.02	2777	0	Tsung-DaoLee	
2671	0:21:11	1/1/2019 	1265263	949.00	361.00	67.85	14.66	103779.02	1822	1	Tsung-DaoLee	
2672	0:21:12	1/1/2019 	1266255	946.00	198.00	45.23	14.66	103779.75	49802	0	Tsung-DaoLee	
2673	0:21:13	1/1/2019 	1266560	813.00	40.00	21.51	14.66	103780.36	49803	0	Tsung-DaoLee	
2674	0:21:13	1/1/2019 	1266578	82.00	8.00	6.17	14.66	103780.36	1823	0	Tsung-DaoLee	
2675	0:21:13	1/1/2019 	1266798	643.00	10.00	14.74	14.66	103780.36	1820	0	Tsung-DaoLee	
2676	0:21:14	1/1/2019 	1267860	373.00	9.00	11.94	14.67	103780.78	50763	0	Tsung-DaoLee	
2677	0:21:14	1/1/2019 	1268030	379.00	8.00	11.94	14.67	103780.78	1821	0	Tsung-DaoLee	
2678	0:21:15	1/1/2019 	1268434	102.00	8.00	6.65	14.67	103781.08	1821	0	Tsung-DaoLee	
2679	0:21:16	1/1/2019 	1269813	158.00	9.00	8.25	14.67	103781.05	97782	0	Tsung-DaoLee	
2680	0:21:17	1/1/2019 	1271078	912.00	95.00	29.07	14.68	103781.13	50665	1	Tsung-DaoLee	
2681	0:21:18	1/1/2019 	1272270	150.00	9.00	8.02	14.68	103780.80	49801	0	Tsung-DaoLee	
2682	0:21:19	1/1/2019 	1272625	469.00	9.00	12.69	14.68	103781.05	51416	0	Tsung-DaoLee	
2683	0:21:19	1/1/2019 	1272628	947.00	152.00	39.60	14.68	103781.05	1821	0	Tsung-DaoLee	
2684	0:21:19	1/1/2019 	1272695	312.00	9.00	11.25	14.68	103781.05	1820	0	Tsung-DaoLee	
2685	0:21:19	1/1/2019 	1272835	82.00	8.00	6.17	14.68	103781.05	1820	0	Tsung-DaoLee	
2686	0:21:19	1/1/2019 	1272971	939.00	115.00	32.96	14.68	103780.73	1820	1	Tsung-DaoLee	
2687	0:21:20	1/1/2019 	1273478	92.00	8.00	6.39	14.68	103780.73	1821	0	Tsung-DaoLee	
2688	0:21:21	1/1/2019 	1274926	962.00	932.00	208.59	14.68	103781.61	98767	0	Tsung-DaoLee	
2689	0:21:21	1/1/2019 	1275059	946.00	164.00	41.35	14.69	103781.91	1823	1	Tsung-DaoLee	
2690	0:21:22	1/1/2019 	1275964	101.00	8.00	6.62	14.69	103781.91	49801	0	Tsung-DaoLee	
2691	0:21:22	1/1/2019 	1275968	450.00	8.00	12.48	14.69	103781.91	1821	0	Tsung-DaoLee	
2692	0:21:22	1/1/2019 	1275986	949.00	138.00	37.28	14.69	103781.91	1821	0	Tsung-DaoLee	
2693	0:21:22	1/1/2019 	1275999	928.00	109.00	31.78	14.69	103781.91	1822	0	Tsung-DaoLee	
2694	0:21:22	1/1/2019 	1276253	950.00	131.00	36.02	14.69	103782.36	2812	0	Tsung-DaoLee	
2695	0:21:23	1/1/2019 	1276606	697.00	13.00	15.98	14.69	103782.52	49801	0	Tsung-DaoLee	
2696	0:21:23	1/1/2019 	1276777	946.00	141.00	37.80	14.69	103782.52	1823	1	Tsung-DaoLee	
2697	0:21:23	1/1/2019 	1277297	950.00	712.00	128.33	14.69	103783.09	1821	0	Tsung-DaoLee	
2698	0:21:24	1/1/2019 	1278314	165.00	8.00	8.43	14.69	103784.18	49802	0	Tsung-DaoLee	
2699	0:21:25	1/1/2019 	1278464	225.00	8.00	9.83	14.69	103784.18	2817	0	Tsung-DaoLee	
2700	0:21:25	1/1/2019 	1279294	63.00	8.00	5.91	14.70	103785.11	49800	0	Tsung-DaoLee	
2701	0:21:26	1/1/2019 	1279401	942.00	247.00	49.92	14.70	103785.11	1820	1	Tsung-DaoLee	
2702	0:21:26	1/1/2019 	1280200	949.00	314.00	59.41	14.70	103786.00	49802	0	Tsung-DaoLee	
2703	0:21:28	1/1/2019 	1282094	116.00	8.00	7.03	14.70	103786.61	98698	0	Tsung-DaoLee	
2704	0:21:29	1/1/2019 	1282409	180.00	9.00	8.83	14.70	103786.78	1821	0	Tsung-DaoLee	
2705	0:21:29	1/1/2019 	1282963	155.00	8.00	8.16	14.70	103787.35	51347	0	Tsung-DaoLee	
2706	0:21:29	1/1/2019 	1283084	949.00	167.00	41.76	14.70	103787.35	1821	0	Tsung-DaoLee	
2707	0:21:29	1/1/2019 	1283240	949.00	406.00	75.23	14.70	103787.51	1822	1	Tsung-DaoLee	
2708	0:21:29	1/1/2019 	1283317	371.00	9.00	11.92	14.70	103787.51	1821	0	Tsung-DaoLee	
2709	0:21:30	1/1/2019 	1283775	122.00	8.00	7.21	14.71	103788.12	49801	0	Tsung-DaoLee	
2710	0:21:30	1/1/2019 	1284136	944.00	141.00	37.80	14.71	103788.12	1828	0	Tsung-DaoLee	
2711	0:21:32	1/1/2019 	1285388	846.00	48.00	22.38	14.71	103789.05	50822	1	Tsung-DaoLee	
2712	0:21:32	1/1/2019 	1286070	945.00	125.00	34.89	14.71	103789.62	49803	0	Tsung-DaoLee	
2713	0:21:32	1/1/2019 	1286161	144.00	9.00	7.85	14.71	103789.62	1829	0	Tsung-DaoLee	
2714	0:21:33	1/1/2019 	1286492	79.00	8.00	6.12	14.71	103789.78	1824	0	Tsung-DaoLee	
2715	0:21:33	1/1/2019 	1286566	950.00	376.00	70.47	14.71	103789.78	49800	0	Tsung-DaoLee	
2716	0:21:33	1/1/2019 	1286764	188.00	9.00	9.03	14.71	103789.78	1822	0	Tsung-DaoLee	
2717	0:21:33	1/1/2019 	1286855	950.00	308.00	58.39	14.71	103790.40	2844	0	Tsung-DaoLee	
2718	0:21:34	1/1/2019 	1287554	74.00	8.00	6.03	14.71	103790.40	49798	0	Tsung-DaoLee	
2719	0:21:36	1/1/2019 	1289947	540.00	9.00	13.29	14.72	103792.86	97779	0	Tsung-DaoLee	
2720	0:21:36	1/1/2019 	1290157	332.00	3.00	11.21	14.72	103792.86	2785	0	Tsung-DaoLee	
2721	0:21:37	1/1/2019 	1290492	944.00	178.00	43.12	14.72	103793.17	1821	1	Tsung-DaoLee	
2722	0:21:37	1/1/2019 	1291179	865.00	56.00	23.22	14.72	103793.62	49804	0	Tsung-DaoLee	
2723	0:21:38	1/1/2019 	1292217	853.00	51.00	22.69	14.72	103794.36	51380	0	Tsung-DaoLee	
2724	0:21:40	1/1/2019 	1294076	75.00	8.00	6.05	14.73	103795.59	97780	0	Tsung-DaoLee	
2725	0:21:40	1/1/2019 	1294222	577.00	9.00	13.73	14.73	103795.59	1821	0	Tsung-DaoLee	
2726	0:21:42	1/1/2019 	1295605	873.00	58.00	23.45	14.73	103795.85	97779	0	Tsung-DaoLee	
2727	0:21:42	1/1/2019 	1295824	71.00	8.00	5.99	14.73	103795.85	1822	0	Tsung-DaoLee	
2728	0:21:42	1/1/2019 	1296075	640.00	10.00	14.71	14.73	103795.85	1820	0	Tsung-DaoLee	
2729	0:21:43	1/1/2019 	1296605	106.00	8.00	6.75	14.73	103796.45	53073	0	Tsung-DaoLee	
2730	0:21:44	1/1/2019 	1298035	945.00	305.00	57.88	14.74	103796.88	49803	1	Tsung-DaoLee	
2731	0:21:45	1/1/2019 	1299266	943.00	222.00	47.47	14.74	103797.65	49807	1	Tsung-DaoLee	
2732	0:21:46	1/1/2019 	1299718	945.00	256.00	50.93	14.74	103797.81	49803	0	Tsung-DaoLee	
2733	0:21:49	1/1/2019 	1302410	941.00	136.00	36.93	14.74	103799.16	98615	0	Tsung-DaoLee	
2734	0:21:50	1/1/2019 	1303473	941.00	163.00	41.22	14.74	103799.47	51296	0	Tsung-DaoLee	
2735	0:21:50	1/1/2019 	1303776	806.00	37.00	21.17	14.75	103800.09	49801	0	Tsung-DaoLee	
2736	0:21:51	1/1/2019 	1304568	761.00	23.00	18.88	14.75	103800.24	49801	0	Tsung-DaoLee	
2737	0:21:51	1/1/2019 	1304613	950.00	180.00	43.35	14.75	103800.24	1821	0	Tsung-DaoLee	
2738	0:21:54	1/1/2019 	1308189	942.00	161.00	40.94	14.75	103802.20	145758	1	Tsung-DaoLee	
2739	0:21:54	1/1/2019 	1308307	613.00	9.00	14.18	14.75	103802.20	1822	0	Tsung-DaoLee	
2740	0:21:55	1/1/2019 	1308581	224.00	9.00	9.82	14.75	103802.20	50766	0	Tsung-DaoLee	
2741	0:21:55	1/1/2019 	1308587	949.00	467.00	82.93	14.75	103802.20	1822	1	Tsung-DaoLee	
2742	0:21:56	1/1/2019 	1309966	870.00	61.00	23.79	14.76	103802.76	49803	0	Tsung-DaoLee	
2743	0:21:57	1/1/2019 	1310934	942.00	266.00	52.13	14.76	103803.22	50674	1	Tsung-DaoLee	
2744	0:21:59	1/1/2019 	1312349	526.00	8.00	13.04	14.76	103803.95	49802	0	Tsung-DaoLee	
2745	0:21:59	1/1/2019 	1312358	944.00	178.00	43.12	14.76	103803.95	1821	1	Tsung-DaoLee	
2746	0:21:59	1/1/2019 	1312971	927.00	104.00	30.80	14.77	103804.56	51317	0	Tsung-DaoLee	
2747	0:21:59	1/1/2019 	1313141	945.00	153.00	39.76	14.77	103804.56	1821	1	Tsung-DaoLee	
2748	0:22:01	1/1/2019 	1314871	941.00	123.00	34.51	14.77	103805.33	97781	0	Tsung-DaoLee	
2749	0:22:01	1/1/2019 	1314974	140.00	8.00	7.73	14.77	103805.48	1822	0	Tsung-DaoLee	
2750	0:22:01	1/1/2019 	1315254	945.00	147.00	38.81	14.77	103805.48	1821	0	Tsung-DaoLee	
2751	0:22:02	1/1/2019 	1315422	172.00	8.00	8.62	14.77	103805.48	1821	0	Tsung-DaoLee	
2752	0:22:04	1/1/2019 	1317373	167.00	8.00	8.48	14.77	103806.52	98768	0	Tsung-DaoLee	
2753	0:22:04	1/1/2019 	1318280	951.00	467.00	82.93	14.78	103807.26	49802	1	Tsung-DaoLee	
2754	0:22:04	1/1/2019 	1318294	599.00	9.00	14.01	14.78	103807.26	1821	0	Tsung-DaoLee	
2755	0:22:04	1/1/2019 	1318314	945.00	315.00	59.58	14.78	103807.26	1822	1	Tsung-DaoLee	
2756	0:22:05	1/1/2019 	1318778	943.00	340.00	64.06	14.78	103807.41	49802	1	Tsung-DaoLee	
2757	0:22:05	1/1/2019 	1319023	701.00	13.00	15.99	14.78	103807.41	2813	0	Tsung-DaoLee	
2758	0:22:05	1/1/2019 	1319043	531.00	9.00	13.20	14.78	103807.41	1820	0	Tsung-DaoLee	
2759	0:22:06	1/1/2019 	1319884	942.00	168.00	41.89	14.78	103808.03	49803	0	Tsung-DaoLee	
2760	0:22:08	1/1/2019 	1321988	924.00	108.00	31.58	14.78	103809.53	98702	1	Tsung-DaoLee	
2761	0:22:08	1/1/2019 	1322100	185.00	9.00	8.95	14.78	103809.53	1822	0	Tsung-DaoLee	
2762	0:22:08	1/1/2019 	1322109	947.00	326.00	61.53	14.78	103809.53	1821	0	Tsung-DaoLee	
2763	0:22:09	1/1/2019 	1323190	70.00	8.00	5.98	14.79	103810.30	51343	0	Tsung-DaoLee	
2764	0:22:10	1/1/2019 	1323472	112.00	8.00	6.92	14.79	103810.30	1821	0	Tsung-DaoLee	
2765	0:22:10	1/1/2019 	1323918	908.00	86.00	27.46	14.79	103810.62	49805	1	Tsung-DaoLee	
2766	0:22:10	1/1/2019 	1324237	789.00	32.00	20.50	14.79	103811.39	1826	0	Tsung-DaoLee	
2767	0:22:11	1/1/2019 	1324459	817.00	35.00	20.94	14.79	103811.39	1822	0	Tsung-DaoLee	
2768	0:22:12	1/1/2019 	1326233	144.00	8.00	7.85	14.79	103811.95	97785	0	Tsung-DaoLee	
2769	0:22:13	1/1/2019 	1326679	916.00	100.00	30.02	14.79	103811.95	50816	0	Tsung-DaoLee	
2770	0:22:14	1/1/2019 	1328157	629.00	9.00	14.36	14.80	103812.37	49801	0	Tsung-DaoLee	
2771	0:22:16	1/1/2019 	1329882	298.00	9.00	11.06	14.80	103812.64	97784	0	Tsung-DaoLee	
2772	0:22:17	1/1/2019 	1330411	643.00	9.00	14.48	14.80	103812.32	2774	0	Tsung-DaoLee	
2773	0:22:17	1/1/2019 	1330458	557.00	9.00	13.48	14.80	103812.32	1821	0	Tsung-DaoLee	
2774	0:22:17	1/1/2019 	1330853	849.00	49.00	22.48	14.80	103812.74	49800	0	Tsung-DaoLee	
2775	0:22:18	1/1/2019 	1332104	89.00	8.00	6.32	14.81	103813.20	51366	0	Tsung-DaoLee	
2776	0:22:19	1/1/2019 	1332490	638.00	10.00	14.69	14.81	103813.20	1821	0	Tsung-DaoLee	
2777	0:22:19	1/1/2019 	1333183	709.00	14.00	16.33	14.81	103813.62	49802	0	Tsung-DaoLee	
2778	0:22:20	1/1/2019 	1333360	750.00	23.00	18.84	14.81	103813.62	1822	0	Tsung-DaoLee	
2779	0:22:20	1/1/2019 	1333888	946.00	237.00	48.90	14.81	103813.62	49802	0	Tsung-DaoLee	
2780	0:22:21	1/1/2019 	1335311	945.00	236.00	48.80	14.81	103814.20	49803	1	Tsung-DaoLee	
2781	0:22:23	1/1/2019 	1336636	78.00	8.00	6.10	14.82	103814.46	98818	0	Tsung-DaoLee	
2782	0:22:24	1/1/2019 	1337750	943.00	321.00	60.63	14.82	103815.39	49802	1	Tsung-DaoLee	
2783	0:22:24	1/1/2019 	1338295	948.00	149.00	39.13	14.82	103815.84	1823	0	Tsung-DaoLee	
2784	0:22:27	1/1/2019 	1340706	763.00	24.00	19.09	14.83	103817.52	145763	0	Tsung-DaoLee	
2785	0:22:27	1/1/2019 	1340712	955.00	677.00	122.38	14.83	103817.52	2810	1	Tsung-DaoLee	
2786	0:22:28	1/1/2019 	1341616	944.00	229.00	48.12	14.83	103818.25	53614	1	Tsung-DaoLee	
2787	0:22:29	1/1/2019 	1343126	946.00	222.00	47.47	14.83	103819.02	49803	1	Tsung-DaoLee	
2788	0:22:30	1/1/2019 	1343431	952.00	724.00	130.52	14.83	103819.02	1823	1	Tsung-DaoLee	
2789	0:22:30	1/1/2019 	1344043	921.00	101.00	30.22	14.83	103819.62	49806	1	Tsung-DaoLee	
2790	0:22:30	1/1/2019 	1344261	946.00	137.00	37.10	14.83	103819.80	1827	1	Tsung-DaoLee	
2791	0:22:32	1/1/2019 	1345932	941.00	164.00	41.35	14.84	103821.14	97782	0	Tsung-DaoLee	
2792	0:22:33	1/1/2019 	1347218	940.00	119.00	33.74	14.84	103821.45	50753	1	Tsung-DaoLee	
2793	0:22:33	1/1/2019 	1347326	539.00	9.00	13.28	14.84	103821.91	1822	0	Tsung-DaoLee	
2794	0:22:34	1/1/2019 	1347714	942.00	312.00	59.07	14.84	103821.91	49800	1	Tsung-DaoLee	
2795	0:22:34	1/1/2019 	1347807	949.00	132.00	36.20	14.84	103821.91	1823	0	Tsung-DaoLee	
2796	0:22:35	1/1/2019 	1348763	944.00	512.00	88.44	14.84	103822.48	49801	1	Tsung-DaoLee	
2797	0:22:35	1/1/2019 	1348884	628.00	9.00	14.35	14.84	103822.48	1822	0	Tsung-DaoLee	
2798	0:22:36	1/1/2019 	1349603	947.00	639.00	113.91	14.85	103822.94	50757	1	Tsung-DaoLee	
2799	0:22:37	1/1/2019 	1350607	944.00	284.00	54.59	14.85	103823.52	50661	1	Tsung-DaoLee	
2800	0:22:38	1/1/2019 	1351827	952.00	667.00	119.99	14.85	103823.97	49802	1	Tsung-DaoLee	
2801	0:22:43	1/1/2019 	1356450	942.00	269.00	52.52	14.86	103825.61	193738	1	Tsung-DaoLee	
2802	0:22:43	1/1/2019 	1356906	132.00	8.00	7.50	14.86	103825.61	49802	0	Tsung-DaoLee	
2803	0:22:44	1/1/2019 	1358199	941.00	121.00	34.12	14.86	103826.23	49800	1	Tsung-DaoLee	
2804	0:22:46	1/1/2019 	1360074	944.00	362.00	68.03	14.86	103827.73	99286	0	Tsung-DaoLee	
2805	0:22:46	1/1/2019 	1360184	943.00	118.00	33.54	14.86	103827.73	2707	0	Tsung-DaoLee	
2806	0:22:47	1/1/2019 	1361185	945.00	290.00	55.48	14.87	103828.31	49801	1	Tsung-DaoLee	
2807	0:22:48	1/1/2019 	1361803	117.00	9.00	7.07	14.87	103828.31	49800	0	Tsung-DaoLee	
2808	0:22:48	1/1/2019 	1362332	911.00	90.00	28.16	14.87	103828.16	1820	0	Tsung-DaoLee	
2809	0:22:49	1/1/2019 	1362833	947.00	124.00	34.70	14.87	103828.77	51322	0	Tsung-DaoLee	
2810	0:22:52	1/1/2019 	1365453	943.00	350.00	65.87	14.87	103829.48	97778	1	Tsung-DaoLee	
2811	0:22:52	1/1/2019 	1365988	356.00	9.00	11.77	14.87	103829.48	49800	0	Tsung-DaoLee	
2812	0:22:56	1/1/2019 	1369962	945.00	322.00	60.81	14.88	103831.42	193739	0	Tsung-DaoLee	
2813	0:23:00	1/1/2019 	1373778	934.00	114.00	32.76	14.89	103832.91	194654	1	Tsung-DaoLee	
2814	0:23:04	1/1/2019 	1377347	913.00	94.00	28.89	14.90	103834.41	145763	1	Tsung-DaoLee	
2815	0:23:05	1/1/2019 	1378378	782.00	30.00	20.19	14.90	103835.14	51342	0	Tsung-DaoLee	
2816	0:23:05	1/1/2019 	1378713	91.00	8.00	6.37	14.90	103835.75	49804	0	Tsung-DaoLee	
2817	0:23:08	1/1/2019 	1381386	943.00	255.00	50.81	14.91	103837.11	97780	1	Tsung-DaoLee	
2818	0:23:08	1/1/2019 	1382198	952.00	454.00	81.43	14.91	103838.19	50739	1	Tsung-DaoLee	
2819	0:23:09	1/1/2019 	1382401	401.00	9.00	12.19	14.91	103838.19	1822	0	Tsung-DaoLee	
2820	0:23:11	1/1/2019 	1384919	885.00	71.00	25.08	14.91	103839.54	145763	0	Tsung-DaoLee	
2821	0:23:12	1/1/2019 	1386101	945.00	140.00	37.63	14.91	103839.70	51357	1	Tsung-DaoLee	
2822	0:23:12	1/1/2019 	1386185	948.00	290.00	55.48	14.92	103840.47	1822	1	Tsung-DaoLee	
2823	0:23:13	1/1/2019 	1386639	118.00	8.00	7.09	14.92	103840.47	49802	0	Tsung-DaoLee	
2824	0:23:16	1/1/2019 	1389472	166.00	8.00	8.46	14.92	103842.14	97780	0	Tsung-DaoLee	
2825	0:23:16	1/1/2019 	1390175	949.00	129.00	35.65	14.92	103842.14	49803	1	Tsung-DaoLee	
2826	0:23:17	1/1/2019 	1390691	84.00	8.00	6.21	14.92	103842.30	50762	0	Tsung-DaoLee	
2827	0:23:17	1/1/2019 	1390731	126.00	8.00	7.32	14.92	103842.30	3391	0	Tsung-DaoLee	
2828	0:23:17	1/1/2019 	1390756	832.00	43.00	21.86	14.92	103842.91	1821	0	Tsung-DaoLee	
2829	0:23:17	1/1/2019 	1390890	948.00	138.00	37.28	14.92	103842.91	1820	0	Tsung-DaoLee	
2830	0:23:17	1/1/2019 	1391084	946.00	282.00	54.30	14.92	103842.91	1822	0	Tsung-DaoLee	
2831	0:23:21	1/1/2019 	1395109	767.00	26.00	19.49	14.93	103844.57	193739	0	Tsung-DaoLee	
2832	0:23:22	1/1/2019 	1395882	700.00	14.00	16.30	14.93	103844.86	50843	1	Tsung-DaoLee	
2833	0:23:26	1/1/2019 	1399469	942.00	138.00	37.28	14.94	103846.95	145765	1	Tsung-DaoLee	
2834	0:23:26	1/1/2019 	1400029	418.00	9.00	12.33	14.94	103847.11	49803	0	Tsung-DaoLee	
2835	0:23:26	1/1/2019 	1400174	948.00	306.00	58.05	14.94	103847.11	2642	1	Tsung-DaoLee	
2836	0:23:32	1/1/2019 	1405391	916.00	92.00	28.53	14.95	103850.48	241724	0	Tsung-DaoLee	
2837	0:23:32	1/1/2019 	1405802	413.00	9.00	12.29	14.95	103850.89	49804	0	Tsung-DaoLee	
2838	0:23:34	1/1/2019 	1407981	99.00	8.00	6.57	14.95	103851.83	99229	0	Tsung-DaoLee	
2839	0:23:37	1/1/2019 	1410753	69.00	8.00	5.97	14.96	103853.02	145765	0	Tsung-DaoLee	
2840	0:23:37	1/1/2019 	1410930	940.00	116.00	33.15	14.96	103853.02	2660	1	Tsung-DaoLee	
2841	0:23:38	1/1/2019 	1411844	64.00	8.00	5.92	14.96	103853.33	49802	0	Tsung-DaoLee	
2842	0:23:38	1/1/2019 	1411853	922.00	101.00	30.22	14.96	103853.33	1821	0	Tsung-DaoLee	
2843	0:23:44	1/1/2019 	1418094	942.00	173.00	42.52	14.97	103855.38	289705	1	Tsung-DaoLee	
2844	0:23:45	1/1/2019 	1418486	872.00	60.00	23.68	14.97	103855.22	3363	0	Tsung-DaoLee	
2845	0:23:45	1/1/2019 	1419168	922.00	103.00	30.60	14.97	103855.67	49803	1	Tsung-DaoLee	
2846	0:23:47	1/1/2019 	1420691	120.00	8.00	7.15	14.98	103856.12	97785	0	Tsung-DaoLee	
2847	0:23:48	1/1/2019 	1422018	943.00	319.00	60.28	14.98	103856.38	50669	1	Tsung-DaoLee	
2848	0:23:48	1/1/2019 	1422206	918.00	91.00	28.35	14.98	103856.38	1822	0	Tsung-DaoLee	
2849	0:23:50	1/1/2019 	1423660	949.00	346.00	65.15	14.98	103857.16	97780	0	Tsung-DaoLee	
2850	0:23:51	1/1/2019 	1424789	943.00	145.00	38.48	14.98	103857.77	51320	1	Tsung-DaoLee	
2851	0:23:51	1/1/2019 	1425162	126.00	8.00	7.32	14.99	103858.19	1823	0	Tsung-DaoLee	
2852	0:23:51	1/1/2019 	1425177	953.00	566.00	97.49	14.99	103858.19	1820	1	Tsung-DaoLee	
2853	0:23:52	1/1/2019 	1426045	948.00	354.00	66.60	14.99	103858.34	49802	1	Tsung-DaoLee	
2854	0:23:52	1/1/2019 	1426250	948.00	141.00	37.80	14.99	103858.80	1823	1	Tsung-DaoLee	
2855	0:23:54	1/1/2019 	1427830	943.00	275.00	53.31	14.99	103859.21	97782	1	Tsung-DaoLee	
2856	0:23:56	1/1/2019 	1429368	944.00	124.00	34.70	15.00	103860.28	50790	0	Tsung-DaoLee	
2857	0:23:56	1/1/2019 	1429647	950.00	526.00	90.49	15.00	103860.28	49804	1	Tsung-DaoLee	
2858	0:23:58	1/1/2019 	1431785	818.00	41.00	21.63	15.00	103861.17	98684	0	Tsung-DaoLee	
2859	0:24:02	1/1/2019 	1435500	946.00	232.00	48.41	15.01	103863.45	145767	1	Tsung-DaoLee	
2860	0:24:02	1/1/2019 	1435894	947.00	132.00	36.20	15.01	103863.45	49829	1	Tsung-DaoLee	
2861	0:24:02	1/1/2019 	1436188	953.00	538.00	92.40	15.01	103863.45	3463	0	Tsung-DaoLee	
2862	0:24:03	1/1/2019 	1436732	565.00	9.00	13.58	15.01	103864.06	49801	0	Tsung-DaoLee	
2863	0:24:03	1/1/2019 	1437173	632.00	9.00	14.39	15.01	103864.22	1821	0	Tsung-DaoLee	
2864	0:24:07	1/1/2019 	1440388	945.00	127.00	35.27	15.01	103866.20	145764	1	Tsung-DaoLee	
2865	0:24:07	1/1/2019 	1441295	839.00	45.00	22.07	15.02	103866.82	50734	0	Tsung-DaoLee	
2866	0:24:09	1/1/2019 	1442356	139.00	8.00	7.70	15.02	103867.23	49803	0	Tsung-DaoLee	
2867	0:24:09	1/1/2019 	1443052	945.00	123.00	34.51	15.02	103867.39	51357	1	Tsung-DaoLee	
2868	0:24:10	1/1/2019 	1443673	945.00	341.00	64.24	15.02	103868.01	49803	1	Tsung-DaoLee	
2869	0:24:13	1/1/2019 	1446422	338.00	9.00	11.57	15.02	103868.91	97783	0	Tsung-DaoLee	
2870	0:24:14	1/1/2019 	1447548	940.00	122.00	34.32	15.03	103869.67	97782	0	Tsung-DaoLee	
2871	0:24:16	1/1/2019 	1450139	915.00	96.00	29.26	15.03	103871.34	98009	1	Tsung-DaoLee	
2872	0:24:17	1/1/2019 	1450762	945.00	262.00	51.64	15.03	103871.80	50759	1	Tsung-DaoLee	
2873	0:24:20	1/1/2019 	1454082	942.00	305.00	57.88	15.04	103874.09	147333	1	Tsung-DaoLee	
2874	0:24:23	1/1/2019 	1457320	426.00	9.00	12.39	15.04	103876.08	145763	0	Tsung-DaoLee	
2875	0:24:27	1/1/2019 	1460749	394.00	8.00	12.07	15.05	103878.09	193745	0	Tsung-DaoLee	
2876	0:24:27	1/1/2019 	1460759	152.00	8.00	8.07	15.05	103878.09	2803	0	Tsung-DaoLee	
2877	0:24:31	1/1/2019 	1465032	943.00	172.00	42.40	15.05	103879.27	193741	1	Tsung-DaoLee	
2878	0:24:38	1/1/2019 	1471634	945.00	326.00	61.53	15.06	103880.70	341603	1	Tsung-DaoLee	
2879	0:24:39	1/1/2019 	1473058	120.00	8.00	7.15	15.07	103881.62	50639	0	Tsung-DaoLee	
2880	0:24:39	1/1/2019 	1473133	948.00	373.00	69.95	15.07	103881.62	1828	1	Tsung-DaoLee	
2881	0:24:40	1/1/2019 	1473456	953.00	756.00	134.78	15.07	103881.78	1827	1	Tsung-DaoLee	
2882	0:24:41	1/1/2019 	1475242	326.00	9.00	11.43	15.07	103883.45	97783	0	Tsung-DaoLee	
2883	0:24:44	1/1/2019 	1478066	944.00	152.00	39.60	15.08	103884.48	145764	1	Tsung-DaoLee	
2884	0:24:46	1/1/2019 	1479817	945.00	456.00	81.66	15.08	103884.77	99281	1	Tsung-DaoLee	
2885	0:24:47	1/1/2019 	1481286	943.00	193.00	44.74	15.08	103885.19	50665	1	Tsung-DaoLee	
2886	0:24:48	1/1/2019 	1481934	946.00	134.00	36.57	15.08	103885.80	49803	0	Tsung-DaoLee	
2887	0:24:48	1/1/2019 	1482054	926.00	108.00	31.58	15.08	103885.80	1823	1	Tsung-DaoLee	
2888	0:24:49	1/1/2019 	1482866	944.00	169.00	42.02	15.08	103885.80	49802	1	Tsung-DaoLee	
2889	0:24:52	1/1/2019 	1485749	918.00	103.00	30.60	15.09	103887.29	145765	1	Tsung-DaoLee	
2890	0:24:53	1/1/2019 	1486906	786.00	34.00	20.76	15.09	103887.45	51315	0	Tsung-DaoLee	
2891	0:24:55	1/1/2019 	1488364	595.00	9.00	13.96	15.10	103887.84	49804	0	Tsung-DaoLee	
2892	0:24:56	1/1/2019 	1489692	319.00	8.00	11.31	15.10	103887.69	97785	0	Tsung-DaoLee	
2893	0:24:56	1/1/2019 	1489730	692.00	12.00	15.64	15.10	103887.69	2708	0	Tsung-DaoLee	
2894	0:24:57	1/1/2019 	1490454	942.00	221.00	47.37	15.10	103888.30	1821	0	Tsung-DaoLee	
2895	0:24:57	1/1/2019 	1491286	946.00	168.00	41.89	15.10	103888.45	49804	1	Tsung-DaoLee	
2896	0:24:59	1/1/2019 	1492416	86.00	8.00	6.26	15.10	103889.35	51431	0	Tsung-DaoLee	
2897	0:24:59	1/1/2019 	1492959	868.00	57.00	23.34	15.10	103889.81	49803	0	Tsung-DaoLee	
2898	0:25:01	1/1/2019 	1495025	728.00	17.00	17.29	15.11	103890.90	97784	0	Tsung-DaoLee	
2899	0:25:02	1/1/2019 	1495989	941.00	129.00	35.65	15.11	103890.90	49804	1	Tsung-DaoLee	
2900	0:25:03	1/1/2019 	1496555	193.00	9.00	9.15	15.11	103891.47	49805	0	Tsung-DaoLee	
2901	0:25:03	1/1/2019 	1496843	938.00	116.00	33.15	15.11	103891.80	2819	1	Tsung-DaoLee	
2902	0:25:05	1/1/2019 	1498763	663.00	10.00	14.89	15.11	103892.72	97784	0	Tsung-DaoLee	
2903	0:25:05	1/1/2019 	1498882	651.00	10.00	14.81	15.11	103892.88	1824	0	Tsung-DaoLee	
2904	0:25:05	1/1/2019 	1499248	665.00	10.00	14.90	15.11	103892.88	1829	0	Tsung-DaoLee	
2905	0:25:07	1/1/2019 	1501060	122.00	8.00	7.21	15.12	103893.62	97791	0	Tsung-DaoLee	
2906	0:25:07	1/1/2019 	1501087	195.00	8.00	9.18	15.12	103893.62	2752	0	Tsung-DaoLee	
2907	0:25:08	1/1/2019 	1501370	553.00	3.00	12.53	15.12	103893.62	3377	0	Tsung-DaoLee	
2908	0:25:08	1/1/2019 	1501666	948.00	136.00	36.93	15.12	103893.62	49810	1	Tsung-DaoLee	
2909	0:25:08	1/1/2019 	1501899	187.00	8.00	8.99	15.12	103894.08	1826	0	Tsung-DaoLee	
2910	0:25:18	1/1/2019 	1512046	613.00	9.00	14.18	15.14	103898.56	481639	0	Tsung-DaoLee	
2911	0:25:19	1/1/2019 	1513102	939.00	117.00	33.35	15.14	103898.72	50753	1	Tsung-DaoLee	
2912	0:25:21	1/1/2019 	1514975	944.00	338.00	63.69	15.14	103899.91	97786	1	Tsung-DaoLee	
2913	0:25:23	1/1/2019 	1516990	185.00	9.00	8.95	15.15	103901.00	99352	0	Tsung-DaoLee	
2914	0:25:24	1/1/2019 	1518223	946.00	555.00	95.42	15.15	103901.73	49802	1	Tsung-DaoLee	
2915	0:25:25	1/1/2019 	1519127	946.00	467.00	82.93	15.15	103902.19	49804	1	Tsung-DaoLee	
2916	0:25:25	1/1/2019 	1519249	747.00	21.00	18.39	15.15	103902.19	1823	1	Tsung-DaoLee	
2917	0:25:26	1/1/2019 	1519572	453.00	9.00	12.58	15.15	103902.50	49804	0	Tsung-DaoLee	
2918	0:25:29	1/1/2019 	1522408	632.00	10.00	14.63	15.16	103903.38	98765	1	Tsung-DaoLee	
2919	0:25:30	1/1/2019 	1523684	111.00	8.00	6.89	15.16	103903.52	99372	0	Tsung-DaoLee	
2920	0:25:32	1/1/2019 	1525777	949.00	455.00	81.54	15.16	103903.77	97784	1	Tsung-DaoLee	
2921	0:25:33	1/1/2019 	1526912	913.00	95.00	29.08	15.16	103904.39	49803	1	Tsung-DaoLee	
2922	0:25:34	1/1/2019 	1527779	553.00	9.00	13.44	15.17	103904.97	49803	0	Tsung-DaoLee	
2923	0:25:37	1/1/2019 	1530553	921.00	101.00	30.22	15.17	103905.88	145768	0	Tsung-DaoLee	
2924	0:25:37	1/1/2019 	1530561	931.00	111.00	32.17	15.17	103905.88	2657	0	Tsung-DaoLee	
2925	0:25:38	1/1/2019 	1531896	945.00	398.00	74.03	15.17	103906.19	51296	0	Tsung-DaoLee	
2926	0:25:39	1/1/2019 	1533366	946.00	223.00	47.56	15.18	103907.38	49805	1	Tsung-DaoLee	
2927	0:25:40	1/1/2019 	1533978	944.00	163.00	41.22	15.18	103907.54	49808	1	Tsung-DaoLee	
2928	0:25:42	1/1/2019 	1535559	151.00	8.00	8.05	15.18	103908.31	97782	0	Tsung-DaoLee	
2929	0:25:43	1/1/2019 	1536806	584.00	9.00	13.82	15.18	103909.20	49803	0	Tsung-DaoLee	
2930	0:25:45	1/1/2019 	1538982	752.00	24.00	19.06	15.18	103910.61	98745	0	Tsung-DaoLee	
2931	0:25:45	1/1/2019 	1539118	953.00	419.00	77.06	15.18	103910.61	1823	0	Tsung-DaoLee	
2932	0:25:47	1/1/2019 	1540468	943.00	381.00	71.31	15.19	103911.19	49804	1	Tsung-DaoLee	
2933	0:25:47	1/1/2019 	1540858	931.00	112.00	32.37	15.19	103911.48	50667	0	Tsung-DaoLee	
2934	0:25:48	1/1/2019 	1542244	134.00	8.00	7.56	15.19	103911.64	49801	0	Tsung-DaoLee	
2935	0:25:49	1/1/2019 	1542612	945.00	187.00	44.12	15.19	103911.94	49803	1	Tsung-DaoLee	
2936	0:25:49	1/1/2019 	1543063	951.00	474.00	83.74	15.19	103911.94	3334	1	Tsung-DaoLee	
2937	0:25:50	1/1/2019 	1543759	944.00	209.00	46.27	15.19	103911.78	49803	1	Tsung-DaoLee	
2938	0:25:52	1/1/2019 	1546364	944.00	352.00	66.24	15.20	103912.97	97788	1	Tsung-DaoLee	
2939	0:25:54	1/1/2019 	1547944	943.00	133.00	36.38	15.20	103913.90	97786	0	Tsung-DaoLee	
2940	0:25:55	1/1/2019 	1549327	248.00	8.00	10.26	15.20	103914.64	49804	0	Tsung-DaoLee	
2941	0:25:56	1/1/2019 	1550313	929.00	113.00	32.56	15.20	103914.80	49803	0	Tsung-DaoLee	
2942	0:25:58	1/1/2019 	1551687	76.00	8.00	6.07	15.20	103915.73	100071	0	Tsung-DaoLee	
2943	0:26:01	1/1/2019 	1555337	948.00	645.00	115.28	15.21	103918.48	145761	0	Tsung-DaoLee	
2944	0:26:07	1/1/2019 	1560561	580.00	9.00	13.77	15.22	103920.88	289708	0	Tsung-DaoLee	
2945	0:26:07	1/1/2019 	1560830	944.00	197.00	45.14	15.22	103920.88	2746	1	Tsung-DaoLee	
2946	0:26:09	1/1/2019 	1563315	633.00	9.00	14.40	15.22	103922.11	97788	0	Tsung-DaoLee	
2947	0:26:12	1/1/2019 	1565963	945.00	570.00	98.29	15.22	103922.37	145765	1	Tsung-DaoLee	
2948	0:26:13	1/1/2019 	1566705	67.00	8.00	5.94	15.22	103922.37	51345	0	Tsung-DaoLee	
2949	0:26:14	1/1/2019 	1567458	461.00	8.00	12.56	15.23	103922.98	1820	0	Tsung-DaoLee	
2950	0:26:15	1/1/2019 	1568394	911.00	93.00	28.70	15.23	103923.14	49801	0	Tsung-DaoLee	
2951	0:26:15	1/1/2019 	1569207	948.00	209.00	46.27	15.23	103923.59	49803	0	Tsung-DaoLee	
2952	0:26:17	1/1/2019 	1570456	324.00	9.00	11.41	15.23	103924.01	49801	0	Tsung-DaoLee	
2953	0:26:25	1/1/2019 	1578392	945.00	353.00	66.42	15.24	103926.21	388035	1	Tsung-DaoLee	
2954	0:26:25	1/1/2019 	1578806	953.00	756.00	134.78	15.25	103926.83	49803	1	Tsung-DaoLee	
2955	0:26:26	1/1/2019 	1579470	937.00	116.00	33.15	15.25	103926.98	1822	1	Tsung-DaoLee	
2956	0:26:26	1/1/2019 	1579560	168.00	8.00	8.51	15.25	103926.98	49802	0	Tsung-DaoLee	
2957	0:26:27	1/1/2019 	1580759	342.00	8.00	11.57	15.25	103927.75	50772	0	Tsung-DaoLee	
2958	0:26:28	1/1/2019 	1582214	781.00	32.00	20.48	15.25	103928.33	49803	0	Tsung-DaoLee	
2959	0:26:29	1/1/2019 	1582944	943.00	230.00	48.22	15.25	103928.94	51378	1	Tsung-DaoLee	
2960	0:26:29	1/1/2019 	1583055	945.00	141.00	37.80	15.25	103928.94	1822	1	Tsung-DaoLee	
2961	0:26:30	1/1/2019 	1583969	70.00	8.00	5.98	15.25	103928.94	49801	0	Tsung-DaoLee	
2962	0:26:30	1/1/2019 	1584187	469.00	9.00	12.69	15.25	103928.94	1820	0	Tsung-DaoLee	
2963	0:26:31	1/1/2019 	1584427	218.00	8.00	9.69	15.26	103929.52	1820	0	Tsung-DaoLee	
2964	0:26:31	1/1/2019 	1584608	945.00	312.00	59.07	15.26	103929.52	49802	1	Tsung-DaoLee	
2965	0:26:32	1/1/2019 	1585563	942.00	126.00	35.08	15.26	103929.52	50848	0	Tsung-DaoLee	
2966	0:26:35	1/1/2019 	1588805	942.00	133.00	36.38	15.26	103930.59	145764	1	Tsung-DaoLee	
2967	0:26:36	1/1/2019 	1590113	947.00	689.00	124.36	15.27	103931.45	49805	1	Tsung-DaoLee	
2968	0:26:37	1/1/2019 	1591280	944.00	219.00	47.19	15.27	103932.07	50633	1	Tsung-DaoLee	
2969	0:26:39	1/1/2019 	1593104	871.00	63.00	24.02	15.27	103932.66	97784	0	Tsung-DaoLee	
2970	0:26:40	1/1/2019 	1593686	67.00	8.00	5.94	15.27	103932.66	49804	0	Tsung-DaoLee	
2971	0:26:41	1/1/2019 	1595084	608.00	9.00	14.12	15.27	103933.58	51291	0	Tsung-DaoLee	
2972	0:26:42	1/1/2019 	1596271	942.00	136.00	36.93	15.28	103934.16	49803	1	Tsung-DaoLee	
2973	0:26:47	1/1/2019 	1601003	944.00	165.00	41.49	15.28	103936.44	241721	0	Tsung-DaoLee	
2974	0:26:48	1/1/2019 	1601435	944.00	276.00	53.45	15.29	103937.05	2679	1	Tsung-DaoLee	
2975	0:26:48	1/1/2019 	1601561	951.00	330.00	62.25	15.29	103937.05	49802	0	Tsung-DaoLee	
2976	0:26:48	1/1/2019 	1602122	924.00	105.00	30.99	15.29	103937.05	3430	1	Tsung-DaoLee	
2977	0:26:48	1/1/2019 	1602231	98.00	8.00	6.54	15.29	103937.05	1821	0	Tsung-DaoLee	
2978	0:26:56	1/1/2019 	1609474	944.00	276.00	53.45	15.30	103939.88	337682	1	Tsung-DaoLee	
2979	0:26:56	1/1/2019 	1609997	645.00	9.00	14.49	15.30	103940.34	49802	1	Tsung-DaoLee	
2980	0:26:58	1/1/2019 	1611468	950.00	675.00	121.59	15.30	103941.23	50686	1	Tsung-DaoLee	
2981	0:26:59	1/1/2019 	1612844	945.00	330.00	62.24	15.30	103941.71	97783	1	Tsung-DaoLee	
2982	0:27:04	1/1/2019 	1618254	946.00	145.00	38.48	15.32	103944.70	243242	1	Tsung-DaoLee	
2983	0:27:06	1/1/2019 	1619576	946.00	326.00	61.53	15.32	103945.02	97784	1	Tsung-DaoLee	
2984	0:27:07	1/1/2019 	1620476	905.00	88.00	27.80	15.32	103945.95	2733	1	Tsung-DaoLee	
2985	0:27:08	1/1/2019 	1621921	836.00	45.00	22.06	15.32	103946.72	97783	0	Tsung-DaoLee	
2986	0:27:08	1/1/2019 	1622044	101.00	8.00	6.62	15.32	103946.72	1822	0	Tsung-DaoLee	
2987	0:27:11	1/1/2019 	1624888	937.00	115.00	32.95	15.33	103947.76	145763	1	Tsung-DaoLee	
2988	0:27:12	1/1/2019 	1626147	109.00	8.00	6.84	15.33	103948.33	51338	0	Tsung-DaoLee	
2989	0:27:14	1/1/2019 	1627460	945.00	128.00	35.46	15.33	103949.27	49802	1	Tsung-DaoLee	
2990	0:27:15	1/1/2019 	1628436	98.00	8.00	6.54	15.33	103949.56	49803	0	Tsung-DaoLee	
2991	0:27:15	1/1/2019 	1628792	948.00	215.00	46.82	15.33	103949.56	49802	1	Tsung-DaoLee	
2992	0:27:17	1/1/2019 	1630875	944.00	261.00	51.52	15.34	103950.59	97783	1	Tsung-DaoLee	
2993	0:27:20	1/1/2019 	1634233	867.00	57.00	23.34	15.34	103951.78	146698	1	Tsung-DaoLee	
2994	0:27:21	1/1/2019 	1634788	945.00	520.00	89.58	15.34	103951.78	51457	1	Tsung-DaoLee	
2995	0:27:22	1/1/2019 	1635423	944.00	266.00	52.13	15.35	103952.39	1823	1	Tsung-DaoLee	
2996	0:27:23	1/1/2019 	1636582	131.00	8.00	7.47	15.35	103953.29	97781	0	Tsung-DaoLee	
2997	0:27:23	1/1/2019 	1636973	762.00	24.00	19.09	15.35	103953.29	1822	0	Tsung-DaoLee	
2998	0:27:27	1/1/2019 	1640945	942.00	185.00	43.90	15.35	103955.47	193741	1	Tsung-DaoLee	
2999	0:27:28	1/1/2019 	1641850	945.00	377.00	70.63	15.36	103956.05	52208	0	Tsung-DaoLee	
3000	0:27:29	1/1/2019 	1642893	944.00	238.00	49.00	15.36	103956.66	49803	1	Tsung-DaoLee	
3001	0:27:33	1/1/2019 	1646611	942.00	200.00	45.43	15.36	103958.16	193744	1	Tsung-DaoLee	
3002	0:27:34	1/1/2019 	1647477	880.00	65.00	24.28	15.37	103958.94	1822	1	Tsung-DaoLee	
3003	0:27:34	1/1/2019 	1648069	950.00	335.00	63.15	15.37	103959.09	49802	1	Tsung-DaoLee	
3004	0:27:34	1/1/2019 	1648271	155.00	8.00	8.16	15.37	103959.09	1823	1	Tsung-DaoLee	
3005	0:27:35	1/1/2019 	1648746	945.00	368.00	69.09	15.37	103959.09	50840	1	Tsung-DaoLee	
3006	0:27:35	1/1/2019 	1649225	753.00	22.00	18.63	15.37	103959.83	1822	0	Tsung-DaoLee	
3007	0:27:36	1/1/2019 	1649373	65.00	8.00	5.92	15.37	103960.15	1821	1	Tsung-DaoLee	
3008	0:27:37	1/1/2019 	1651054	942.00	220.00	47.28	15.37	103960.77	97782	1	Tsung-DaoLee	
3009	0:27:38	1/1/2019 	1651980	130.00	8.00	7.44	15.37	103960.92	50624	0	Tsung-DaoLee	
3010	0:27:42	1/1/2019 	1655826	941.00	129.00	35.65	15.38	103961.95	193741	1	Tsung-DaoLee	
3011	0:27:43	1/1/2019 	1656612	944.00	271.00	52.78	15.38	103962.72	51284	1	Tsung-DaoLee	
3012	0:27:44	1/1/2019 	1657584	330.00	9.00	11.48	15.38	103963.46	49802	0	Tsung-DaoLee	
3013	0:27:44	1/1/2019 	1658211	943.00	121.00	34.12	15.38	103963.46	1821	1	Tsung-DaoLee	
3014	0:27:46	1/1/2019 	1659999	945.00	265.00	52.01	15.38	103963.91	97782	1	Tsung-DaoLee	
3015	0:27:47	1/1/2019 	1661008	948.00	433.00	78.89	15.39	103964.53	50649	1	Tsung-DaoLee	
3016	0:27:52	1/1/2019 	1665782	944.00	203.00	45.71	15.39	103966.33	241717	1	Tsung-DaoLee	
3017	0:27:54	1/1/2019 	1668205	689.00	12.00	15.63	15.39	103967.23	99280	0	Tsung-DaoLee	
3018	0:27:55	1/1/2019 	1669012	953.00	740.00	132.48	15.40	103967.84	49803	1	Tsung-DaoLee	
3019	0:27:56	1/1/2019 	1669876	97.00	8.00	6.52	15.40	103968.26	49803	0	Tsung-DaoLee	
3020	0:27:58	1/1/2019 	1671557	944.00	130.00	35.83	15.40	103968.58	98656	0	Tsung-DaoLee	
3021	0:27:59	1/1/2019 	1672856	314.00	8.00	11.24	15.40	103969.66	49803	0	Tsung-DaoLee	
3022	0:28:00	1/1/2019 	1674311	947.00	473.00	83.61	15.40	103970.28	51285	1	Tsung-DaoLee	
3023	0:28:01	1/1/2019 	1674646	945.00	335.00	63.15	15.41	103970.86	49803	1	Tsung-DaoLee	
3024	0:28:03	1/1/2019 	1677169	949.00	616.00	108.61	15.41	103971.47	97784	1	Tsung-DaoLee	
3025	0:28:04	1/1/2019 	1677690	742.00	21.00	18.37	15.41	103971.47	49803	0	Tsung-DaoLee	
3026	0:28:04	1/1/2019 	1678278	934.00	110.00	31.97	15.41	103971.78	1822	0	Tsung-DaoLee	
3027	0:28:05	1/1/2019 	1678932	945.00	156.00	40.21	15.41	103972.08	49802	1	Tsung-DaoLee	
3028	0:28:07	1/1/2019 	1680772	944.00	235.00	48.70	15.41	103972.34	98738	1	Tsung-DaoLee	
3029	0:28:09	1/1/2019 	1682703	372.00	8.00	11.88	15.42	103972.64	98687	0	Tsung-DaoLee	
3030	0:28:09	1/1/2019 	1682858	950.00	229.00	48.12	15.42	103972.64	1822	1	Tsung-DaoLee	
3031	0:28:11	1/1/2019 	1684971	810.00	37.00	21.17	15.42	103973.05	97783	0	Tsung-DaoLee	
3032	0:28:13	1/1/2019 	1687158	925.00	109.00	31.77	15.42	103973.97	97785	1	Tsung-DaoLee	
3033	0:28:13	1/1/2019 	1687200	944.00	169.00	42.02	15.42	103973.97	1822	1	Tsung-DaoLee	
3034	0:28:14	1/1/2019 	1687591	693.00	12.00	15.64	15.42	103973.97	51340	1	Tsung-DaoLee	
3035	0:28:15	1/1/2019 	1689326	942.00	177.00	43.00	15.43	103974.86	49804	1	Tsung-DaoLee	
3036	0:28:19	1/1/2019 	1692570	353.00	9.00	11.74	15.43	103976.05	193743	0	Tsung-DaoLee	
3037	0:28:21	1/1/2019 	1694998	922.00	103.00	30.60	15.44	103976.95	98714	0	Tsung-DaoLee	
3038	0:28:25	1/1/2019 	1698901	113.00	8.00	6.95	15.44	103978.92	193744	0	Tsung-DaoLee	
3039	0:28:26	1/1/2019 	1699553	946.00	302.00	57.39	15.44	103979.08	49803	0	Tsung-DaoLee	
3040	0:28:28	1/1/2019 	1702098	698.00	13.00	15.98	15.45	103980.75	100059	0	Tsung-DaoLee	
3041	0:28:28	1/1/2019 	1702228	125.00	8.00	7.29	15.45	103980.75	1823	0	Tsung-DaoLee	
3042	0:28:31	1/1/2019 	1705109	349.00	8.00	11.65	15.45	103982.25	145762	0	Tsung-DaoLee	
3043	0:28:35	1/1/2019 	1708408	924.00	107.00	31.38	15.46	103983.45	145763	0	Tsung-DaoLee	
3044	0:28:36	1/1/2019 	1710339	199.00	8.00	9.28	15.46	103984.06	97782	0	Tsung-DaoLee	
3045	0:28:40	1/1/2019 	1714330	637.00	9.00	14.43	15.47	103984.94	196013	1	Tsung-DaoLee	
3046	0:28:40	1/1/2019 	1714337	609.00	9.00	14.14	15.47	103984.94	1821	0	Tsung-DaoLee	
3047	0:28:41	1/1/2019 	1714677	657.00	10.00	14.85	15.47	103984.94	49799	0	Tsung-DaoLee	
3048	0:28:47	1/1/2019 	1720446	550.00	9.00	13.40	15.48	103987.66	241722	1	Tsung-DaoLee	
3049	0:28:47	1/1/2019 	1720592	949.00	553.00	95.03	15.48	103987.66	50646	1	Tsung-DaoLee	
3050	0:28:51	1/1/2019 	1725037	957.00	925.00	195.72	15.49	103989.25	193743	0	Tsung-DaoLee	
3051	0:28:52	1/1/2019 	1725833	945.00	263.00	51.76	15.49	103989.25	51302	0	Tsung-DaoLee	
3052	0:28:58	1/1/2019 	1731606	943.00	304.00	57.72	15.50	103992.25	289706	1	Tsung-DaoLee	
3053	0:28:58	1/1/2019 	1732072	951.00	316.00	59.76	15.50	103992.25	2691	1	Tsung-DaoLee	
3054	0:28:59	1/1/2019 	1732589	939.00	117.00	33.35	15.50	103992.41	49803	1	Tsung-DaoLee	
3055	0:29:00	1/1/2019 	1734260	941.00	164.00	41.35	15.50	103993.91	49803	1	Tsung-DaoLee	
3056	0:29:02	1/1/2019 	1735588	944.00	279.00	53.87	15.51	103994.69	97785	0	Tsung-DaoLee	
3057	0:29:03	1/1/2019 	1737158	184.00	8.00	8.92	15.51	103994.84	51318	0	Tsung-DaoLee	
3058	0:29:07	1/1/2019 	1740611	944.00	158.00	40.51	15.51	103997.12	193751	1	Tsung-DaoLee	
3059	0:29:07	1/1/2019 	1740927	948.00	153.00	39.76	15.51	103997.28	2723	1	Tsung-DaoLee	
3060	0:29:09	1/1/2019 	1742736	945.00	248.00	50.03	15.52	103997.89	97784	0	Tsung-DaoLee	
3061	0:29:10	1/1/2019 	1743642	946.00	149.00	39.13	15.52	103998.06	49804	1	Tsung-DaoLee	
3062	0:29:11	1/1/2019 	1745244	65.00	8.00	5.92	15.52	103998.63	51438	0	Tsung-DaoLee	
3063	0:29:12	1/1/2019 	1745776	99.00	8.00	6.57	15.52	103998.63	49802	0	Tsung-DaoLee	
3064	0:29:13	1/1/2019 	1747033	946.00	151.00	39.45	15.52	103999.25	49803	0	Tsung-DaoLee	
3065	0:29:16	1/1/2019 	1749477	74.00	8.00	6.03	15.52	103999.83	97783	0	Tsung-DaoLee	
3066	0:29:16	1/1/2019 	1750144	950.00	597.00	104.14	15.53	104000.44	49802	0	Tsung-DaoLee	
3067	0:29:18	1/1/2019 	1751814	888.00	70.00	24.95	15.53	104001.21	98704	0	Tsung-DaoLee	
3068	0:29:18	1/1/2019 	1751834	920.00	101.00	30.22	15.53	104001.21	3372	0	Tsung-DaoLee	
3069	0:29:20	1/1/2019 	1753500	945.00	435.00	79.14	15.53	104001.37	49802	1	Tsung-DaoLee	
3070	0:29:20	1/1/2019 	1753626	948.00	468.00	83.05	15.53	104001.37	49829	1	Tsung-DaoLee	
3071	0:29:20	1/1/2019 	1753753	948.00	227.00	47.93	15.53	104001.69	1821	1	Tsung-DaoLee	
3072	0:29:22	1/1/2019 	1756157	943.00	332.00	62.61	15.53	104002.90	97781	0	Tsung-DaoLee	
3073	0:29:24	1/1/2019 	1757717	952.00	818.00	146.20	15.53	104003.36	97782	0	Tsung-DaoLee	
3074	0:29:25	1/1/2019 	1758553	620.00	9.00	14.26	15.54	104003.97	50822	0	Tsung-DaoLee	
3075	0:29:25	1/1/2019 	1758833	942.00	119.00	33.74	15.54	104004.39	1822	1	Tsung-DaoLee	
3076	0:29:25	1/1/2019 	1759004	907.00	82.00	26.78	15.54	104004.39	1823	1	Tsung-DaoLee	
3077	0:29:26	1/1/2019 	1759791	790.00	33.00	20.64	15.54	104004.55	49802	0	Tsung-DaoLee	
3078	0:29:28	1/1/2019 	1762059	918.00	101.00	30.22	15.54	104006.20	98740	1	Tsung-DaoLee	
3079	0:29:31	1/1/2019 	1765303	941.00	149.00	39.13	15.55	104007.14	145765	1	Tsung-DaoLee	
3080	0:29:32	1/1/2019 	1765381	77.00	8.00	6.08	15.55	104007.14	3393	0	Tsung-DaoLee	
3081	0:29:33	1/1/2019 	1766411	944.00	145.00	38.48	15.55	104007.75	49802	1	Tsung-DaoLee	
3082	0:29:33	1/1/2019 	1766632	914.00	91.00	28.34	15.55	104007.75	49801	0	Tsung-DaoLee	
3083	0:29:34	1/1/2019 	1768362	870.00	56.00	23.23	15.55	104008.66	49801	0	Tsung-DaoLee	
3084	0:29:36	1/1/2019 	1769739	946.00	337.00	63.51	15.55	104009.10	97783	1	Tsung-DaoLee	
3085	0:29:39	1/1/2019 	1772401	944.00	277.00	53.59	15.56	104010.14	102452	0	Tsung-DaoLee	
3086	0:29:39	1/1/2019 	1772738	949.00	185.00	43.90	15.56	104009.98	49803	0	Tsung-DaoLee	
3087	0:29:40	1/1/2019 	1773467	611.00	9.00	14.16	15.56	104009.98	1820	0	Tsung-DaoLee	
3088	0:29:40	1/1/2019 	1774029	226.00	8.00	9.85	15.56	104010.59	49802	0	Tsung-DaoLee	
3089	0:29:40	1/1/2019 	1774097	955.00	670.00	120.65	15.56	104010.59	1821	1	Tsung-DaoLee	
3090	0:29:40	1/1/2019 	1774303	949.00	143.00	38.14	15.56	104010.59	1823	1	Tsung-DaoLee	
3091	0:29:42	1/1/2019 	1775639	532.00	8.00	13.10	15.56	104011.33	98728	1	Tsung-DaoLee	
3092	0:29:42	1/1/2019 	1776156	951.00	542.00	93.04	15.56	104011.33	1822	1	Tsung-DaoLee	
3093	0:29:44	1/1/2019 	1778333	947.00	332.00	62.61	15.57	104012.71	97782	0	Tsung-DaoLee	
3094	0:29:45	1/1/2019 	1778654	790.00	35.00	20.90	15.57	104012.71	49802	1	Tsung-DaoLee	
3095	0:29:47	1/1/2019 	1781108	71.00	8.00	5.99	15.57	104013.77	97782	0	Tsung-DaoLee	
3096	0:29:48	1/1/2019 	1781834	729.00	16.00	17.00	15.57	104014.38	50647	0	Tsung-DaoLee	
3097	0:29:48	1/1/2019 	1781957	546.00	9.00	13.36	15.57	104014.38	3330	0	Tsung-DaoLee	
3098	0:29:49	1/1/2019 	1782759	941.00	148.00	38.97	15.57	104014.70	49804	1	Tsung-DaoLee	
3099	0:29:50	1/1/2019 	1784035	935.00	114.00	32.76	15.57	104015.27	49802	0	Tsung-DaoLee	
3100	0:29:56	1/1/2019 	1790286	514.00	9.00	13.04	15.58	104016.50	289699	0	Tsung-DaoLee	
3101	0:29:59	1/1/2019 	1792793	402.00	9.00	12.20	15.58	104017.69	146635	0	Tsung-DaoLee	
3102	0:30:07	1/1/2019 	1801285	942.00	331.00	62.42	15.60	104021.48	385665	1	Tsung-DaoLee	
3103	0:30:09	1/1/2019 	1801794	173.00	9.00	8.65	15.60	104021.64	52092	0	Tsung-DaoLee	
3104	0:30:09	1/1/2019 	1802345	923.00	101.00	30.22	15.60	104022.25	1822	1	Tsung-DaoLee	
3105	0:30:11	1/1/2019 	1804207	84.00	8.00	6.21	15.60	104022.83	97783	0	Tsung-DaoLee	
3106	0:30:12	1/1/2019 	1805293	883.00	63.00	24.05	15.60	104022.98	49802	1	Tsung-DaoLee	
3107	0:30:15	1/1/2019 	1807820	943.00	344.00	64.78	15.60	104024.40	145764	1	Tsung-DaoLee	
3108	0:30:15	1/1/2019 	1807866	674.00	11.00	15.25	15.60	104024.40	1822	0	Tsung-DaoLee	
3109	0:30:18	1/1/2019 	1811340	943.00	209.00	46.27	15.61	104026.06	146760	0	Tsung-DaoLee	
3110	0:30:20	1/1/2019 	1813563	801.00	37.00	21.16	15.61	104026.94	146687	0	Tsung-DaoLee	
3111	0:30:22	1/1/2019 	1815296	946.00	341.00	64.24	15.62	104027.39	49803	1	Tsung-DaoLee	
3112	0:30:25	1/1/2019 	1818301	922.00	110.00	31.97	15.62	104028.40	145766	1	Tsung-DaoLee	
3113	0:30:27	1/1/2019 	1820001	910.00	88.00	27.81	15.63	104029.02	97784	0	Tsung-DaoLee	
3114	0:30:28	1/1/2019 	1821290	750.00	22.00	18.63	15.63	104029.59	52178	0	Tsung-DaoLee	
3115	0:30:28	1/1/2019 	1821407	153.00	8.00	8.10	15.63	104029.59	1821	0	Tsung-DaoLee	
3116	0:30:28	1/1/2019 	1821602	584.00	9.00	13.82	15.63	104029.59	49800	0	Tsung-DaoLee	
3117	0:30:32	1/1/2019 	1824934	941.00	122.00	34.32	15.64	104031.08	145763	1	Tsung-DaoLee	
3118	0:30:32	1/1/2019 	1825137	324.00	8.00	11.37	15.64	104031.08	1823	0	Tsung-DaoLee	
3119	0:30:35	1/1/2019 	1828253	943.00	249.00	50.14	15.64	104032.91	145764	1	Tsung-DaoLee	
3120	0:30:36	1/1/2019 	1828803	942.00	140.00	37.63	15.64	104032.75	50834	1	Tsung-DaoLee	
3121	0:30:36	1/1/2019 	1829655	948.00	235.00	48.70	15.64	104033.36	49803	1	Tsung-DaoLee	
3122	0:30:40	1/1/2019 	1832838	691.00	13.00	15.95	15.65	104033.94	146739	1	Tsung-DaoLee	
3123	0:30:40	1/1/2019 	1833777	358.00	8.00	11.74	15.65	104034.39	49802	0	Tsung-DaoLee	
3124	0:30:41	1/1/2019 	1834590	127.00	8.00	7.35	15.65	104035.00	49801	0	Tsung-DaoLee	
3125	0:30:43	1/1/2019 	1836318	944.00	289.00	55.33	15.65	104035.16	49802	1	Tsung-DaoLee	
3126	0:30:43	1/1/2019 	1836769	953.00	543.00	93.22	15.65	104035.58	51385	1	Tsung-DaoLee	
3127	0:30:44	1/1/2019 	1837580	864.00	56.00	23.22	15.65	104035.74	49800	1	Tsung-DaoLee	
3128	0:30:44	1/1/2019 	1837697	752.00	22.00	18.63	15.65	104035.91	1823	0	Tsung-DaoLee	
3129	0:30:45	1/1/2019 	1838296	917.00	100.00	30.02	15.66	104036.52	1821	0	Tsung-DaoLee	
3130	0:30:46	1/1/2019 	1838913	125.00	8.00	7.29	15.66	104036.52	49802	1	Tsung-DaoLee	
3131	0:30:46	1/1/2019 	1838954	829.00	40.00	21.54	15.66	104036.52	1822	1	Tsung-DaoLee	
3132	0:30:46	1/1/2019 	1839196	570.00	9.00	13.64	15.66	104036.67	5097	1	Tsung-DaoLee	
3133	0:30:46	1/1/2019 	1839293	922.00	98.00	29.65	15.66	104036.67	1821	1	Tsung-DaoLee	
3134	0:30:46	1/1/2019 	1839632	64.00	9.00	5.92	15.66	104036.67	49800	0	Tsung-DaoLee	
3135	0:30:46	1/1/2019 	1839780	923.00	101.00	30.22	15.66	104036.83	2657	0	Tsung-DaoLee	
3136	0:30:48	1/1/2019 	1841032	950.00	774.00	138.04	15.66	104037.77	49802	1	Tsung-DaoLee	
3137	0:30:50	1/1/2019 	1843783	945.00	180.00	43.35	15.66	104038.95	147255	1	Tsung-DaoLee	
3138	0:30:52	1/1/2019 	1844866	543.00	9.00	13.33	15.66	104038.95	49802	0	Tsung-DaoLee	
3139	0:30:52	1/1/2019 	1845129	145.00	7.00	7.87	15.66	104038.95	1822	0	Tsung-DaoLee	
3140	0:30:56	1/1/2019 	1849593	951.00	694.00	125.54	15.67	104041.71	241720	1	Tsung-DaoLee	
3141	0:30:59	1/1/2019 	1852602	946.00	166.00	41.62	15.67	104042.61	146628	0	Tsung-DaoLee	
3142	0:31:00	1/1/2019 	1853604	943.00	156.00	40.21	15.68	104043.53	49802	1	Tsung-DaoLee	
3143	0:31:05	1/1/2019 	1858741	947.00	596.00	103.94	15.68	104045.20	243335	1	Tsung-DaoLee	
3144	0:31:06	1/1/2019 	1859620	945.00	126.00	35.08	15.68	104045.20	49803	1	Tsung-DaoLee	
3145	0:31:08	1/1/2019 	1861385	938.00	120.00	33.93	15.68	104045.98	50694	1	Tsung-DaoLee	
3146	0:31:10	1/1/2019 	1863212	954.00	781.00	138.99	15.69	104046.39	97781	0	Tsung-DaoLee	
3147	0:31:10	1/1/2019 	1863683	948.00	268.00	52.39	15.69	104046.39	49802	1	Tsung-DaoLee	
3148	0:31:11	1/1/2019 	1864098	934.00	115.00	32.95	15.69	104046.55	1822	1	Tsung-DaoLee	
3149	0:31:13	1/1/2019 	1866141	944.00	125.00	34.89	15.69	104047.48	99308	1	Tsung-DaoLee	
3150	0:31:15	1/1/2019 	1867844	96.00	8.00	6.49	15.69	104048.26	97781	0	Tsung-DaoLee	
3151	0:31:16	1/1/2019 	1869192	176.00	9.00	8.73	15.69	104048.83	49799	0	Tsung-DaoLee	
3152	0:31:17	1/1/2019 	1869858	900.00	78.00	26.14	15.69	104049.00	49801	0	Tsung-DaoLee	
3153	0:31:18	1/1/2019 	1870904	156.00	8.00	8.19	15.70	104049.45	50718	0	Tsung-DaoLee	
3154	0:31:18	1/1/2019 	1871059	160.00	8.00	8.30	15.70	104049.45	1821	0	Tsung-DaoLee	
3155	0:31:19	1/1/2019 	1872104	306.00	8.00	11.14	15.70	104049.77	51339	0	Tsung-DaoLee	
3156	0:31:22	1/1/2019 	1875615	943.00	373.00	69.95	15.70	104051.28	193734	1	Tsung-DaoLee	
3157	0:31:23	1/1/2019 	1876552	941.00	136.00	36.93	15.70	104052.05	49800	0	Tsung-DaoLee	
3158	0:31:28	1/1/2019 	1881717	479.00	8.00	12.68	15.71	104053.88	241715	0	Tsung-DaoLee	
3159	0:31:29	1/1/2019 	1882083	576.00	9.00	13.72	15.71	104053.88	2773	0	Tsung-DaoLee	
3160	0:31:31	1/1/2019 	1884244	316.00	8.00	11.27	15.71	104054.75	99446	0	Tsung-DaoLee	
3161	0:31:32	1/1/2019 	1885384	944.00	278.00	53.73	15.71	104054.59	49800	1	Tsung-DaoLee	
3162	0:31:32	1/1/2019 	1885488	944.00	121.00	34.12	15.71	104054.59	1822	1	Tsung-DaoLee	
3163	0:31:33	1/1/2019 	1886155	659.00	11.00	15.15	15.71	104054.59	49801	1	Tsung-DaoLee	
3164	0:31:33	1/1/2019 	1886720	949.00	152.00	39.60	15.72	104054.88	49800	1	Tsung-DaoLee	
3165	0:31:34	1/1/2019 	1887653	883.00	69.00	24.81	15.72	104054.72	49798	0	Tsung-DaoLee	
3166	0:31:35	1/1/2019 	1887905	950.00	469.00	83.15	15.72	104054.98	2852	0	Tsung-DaoLee	
3167	0:31:35	1/1/2019 	1888550	945.00	148.00	38.97	15.72	104055.14	49800	0	Tsung-DaoLee	
3168	0:31:35	1/1/2019 	1888589	733.00	18.00	17.58	15.72	104055.14	1821	0	Tsung-DaoLee	
3169	0:31:36	1/1/2019 	1889114	943.00	233.00	48.50	15.72	104054.98	1822	1	Tsung-DaoLee	
3170	0:31:38	1/1/2019 	1890857	525.00	8.00	13.03	15.72	104055.73	97778	1	Tsung-DaoLee	
3171	0:31:38	1/1/2019 	1891345	955.00	839.00	150.37	15.72	104055.73	2803	1	Tsung-DaoLee	
3172	0:31:41	1/1/2019 	1894251	399.00	8.00	12.11	15.73	104056.16	147332	0	Tsung-DaoLee	
3173	0:31:42	1/1/2019 	1894811	940.00	141.00	37.80	15.73	104056.61	49801	1	Tsung-DaoLee	
3174	0:31:43	1/1/2019 	1896061	948.00	317.00	59.93	15.73	104056.45	49802	1	Tsung-DaoLee	
3175	0:31:44	1/1/2019 	1897081	115.00	8.00	7.01	15.73	104056.91	49800	0	Tsung-DaoLee	
3176	0:31:46	1/1/2019 	1899256	942.00	272.00	52.91	15.73	104057.17	97776	0	Tsung-DaoLee	
3177	0:31:47	1/1/2019 	1900030	945.00	395.00	73.57	15.73	104057.17	49801	1	Tsung-DaoLee	
3178	0:31:47	1/1/2019 	1900160	948.00	171.00	42.27	15.74	104057.78	4028	0	Tsung-DaoLee	
3179	0:31:47	1/1/2019 	1900489	664.00	10.00	14.89	15.74	104057.78	1821	0	Tsung-DaoLee	
3180	0:31:52	1/1/2019 	1905782	87.00	8.00	6.28	15.74	104059.12	289688	0	Tsung-DaoLee	
3181	0:31:55	1/1/2019 	1908140	957.00	898.00	171.87	15.74	104059.84	97780	0	Tsung-DaoLee	
3182	0:31:58	1/1/2019 	1911689	945.00	570.00	98.29	15.75	104061.07	193731	1	Tsung-DaoLee	
3183	0:32:01	1/1/2019 	1914376	941.00	132.00	36.20	15.75	104061.94	100015	1	Tsung-DaoLee	
3184	0:32:03	1/1/2019 	1916312	88.00	8.00	6.30	15.76	104062.84	97779	0	Tsung-DaoLee	
3185	0:32:05	1/1/2019 	1918062	945.00	242.00	49.40	15.76	104064.06	97779	0	Tsung-DaoLee	
3186	0:32:06	1/1/2019 	1918892	947.00	238.00	49.00	15.76	104064.23	49802	1	Tsung-DaoLee	
3187	0:32:06	1/1/2019 	1919573	947.00	384.00	71.80	15.76	104064.80	49802	1	Tsung-DaoLee	
3188	0:32:06	1/1/2019 	1919651	77.00	8.00	6.08	15.76	104064.80	2705	0	Tsung-DaoLee	
3189	0:32:07	1/1/2019 	1919826	941.00	145.00	38.48	15.76	104064.80	3340	0	Tsung-DaoLee	
3190	0:32:07	1/1/2019 	1920189	444.00	8.00	12.44	15.76	104064.95	1821	0	Tsung-DaoLee	
3191	0:32:07	1/1/2019 	1920777	949.00	259.00	51.28	15.76	104065.12	49801	1	Tsung-DaoLee	
3192	0:32:10	1/1/2019 	1923780	129.00	7.00	7.41	15.77	104066.66	145760	0	Tsung-DaoLee	
3193	0:32:11	1/1/2019 	1924110	942.00	162.00	41.08	15.77	104066.66	1822	0	Tsung-DaoLee	
3194	0:32:11	1/1/2019 	1924201	145.00	8.00	7.87	15.77	104066.66	1822	1	Tsung-DaoLee	
3195	0:32:11	1/1/2019 	1924401	947.00	232.00	48.41	15.77	104066.66	2812	1	Tsung-DaoLee	
3196	0:32:12	1/1/2019 	1925168	913.00	98.00	29.64	15.77	104066.92	49802	1	Tsung-DaoLee	
3197	0:32:13	1/1/2019 	1926382	942.00	145.00	38.48	15.77	104066.92	49802	0	Tsung-DaoLee	
3198	0:32:14	1/1/2019 	1926957	443.00	9.00	12.51	15.77	104066.92	49802	0	Tsung-DaoLee	
3199	0:32:16	1/1/2019 	1929582	944.00	127.00	35.27	15.78	104067.48	145759	1	Tsung-DaoLee	
3200	0:32:17	1/1/2019 	1930334	947.00	573.00	98.92	15.78	104067.78	2739	1	Tsung-DaoLee	
3201	0:32:19	1/1/2019 	1932314	891.00	68.00	24.69	15.78	104068.23	99319	0	Tsung-DaoLee	
3202	0:32:20	1/1/2019 	1933274	104.00	8.00	6.70	15.78	104068.39	49800	0	Tsung-DaoLee	
3203	0:32:20	1/1/2019 	1933286	115.00	8.00	7.01	15.78	104068.39	1820	0	Tsung-DaoLee	
3204	0:32:21	1/1/2019 	1933950	861.00	55.00	23.11	15.78	104068.97	49798	0	Tsung-DaoLee	
3205	0:32:24	1/1/2019 	1937277	949.00	359.00	67.50	15.79	104070.16	145757	0	Tsung-DaoLee	
3206	0:32:24	1/1/2019 	1937420	946.00	214.00	46.73	15.79	104070.16	2853	0	Tsung-DaoLee	
3207	0:32:27	1/1/2019 	1940071	946.00	128.00	35.46	15.79	104070.75	145754	0	Tsung-DaoLee	
3208	0:32:28	1/1/2019 	1941296	145.00	8.00	7.87	15.79	104071.06	50742	0	Tsung-DaoLee	
3209	0:32:29	1/1/2019 	1942559	449.00	8.00	12.48	15.80	104071.48	97779	0	Tsung-DaoLee	
3210	0:32:30	1/1/2019 	1943358	199.00	7.00	9.26	15.80	104071.48	1822	0	Tsung-DaoLee	
3211	0:32:32	1/1/2019 	1945447	946.00	376.00	70.47	15.80	104072.23	97778	0	Tsung-DaoLee	
3212	0:32:40	1/1/2019 	1953626	145.00	8.00	7.87	15.81	104074.46	435231	0	Tsung-DaoLee	
3213	0:32:42	1/1/2019 	1954802	942.00	126.00	35.08	15.81	104074.91	50768	1	Tsung-DaoLee	
3214	0:32:42	1/1/2019 	1954996	919.00	97.00	29.46	15.81	104074.91	1822	0	Tsung-DaoLee	
3215	0:32:42	1/1/2019 	1955700	947.00	215.00	46.82	15.82	104075.34	49801	0	Tsung-DaoLee	
3216	0:32:45	1/1/2019 	1958208	944.00	431.00	78.65	15.82	104076.58	97781	1	Tsung-DaoLee	
3217	0:32:47	1/1/2019 	1960576	950.00	805.00	143.59	15.82	104077.45	145763	1	Tsung-DaoLee	
3218	0:32:50	1/1/2019 	1962821	944.00	317.00	59.93	15.83	104077.91	99951	1	Tsung-DaoLee	
3219	0:32:50	1/1/2019 	1963329	950.00	617.00	108.76	15.83	104078.33	1823	1	Tsung-DaoLee	
3220	0:32:55	1/1/2019 	1968241	945.00	276.00	53.45	15.84	104080.45	241724	1	Tsung-DaoLee	
3221	0:32:55	1/1/2019 	1968641	928.00	108.00	31.58	15.84	104080.61	49803	1	Tsung-DaoLee	
3222	0:32:56	1/1/2019 	1969079	944.00	148.00	38.97	15.84	104080.61	1822	1	Tsung-DaoLee	
3223	0:32:56	1/1/2019 	1969714	950.00	331.00	62.43	15.84	104081.06	49804	0	Tsung-DaoLee	
3224	0:32:57	1/1/2019 	1969936	812.00	37.00	21.18	15.84	104081.06	4044	0	Tsung-DaoLee	
3225	0:32:58	1/1/2019 	1970931	870.00	60.00	23.67	15.84	104081.06	49803	0	Tsung-DaoLee	
3226	0:32:59	1/1/2019 	1972119	941.00	193.00	44.74	15.84	104082.00	49802	1	Tsung-DaoLee	
3227	0:32:59	1/1/2019 	1972627	947.00	124.00	34.70	15.84	104082.00	49804	1	Tsung-DaoLee	
3228	0:33:00	1/1/2019 	1973362	900.00	84.00	27.10	15.84	104082.00	1823	1	Tsung-DaoLee	
3229	0:33:03	1/1/2019 	1976018	942.00	188.00	44.22	15.85	104083.34	146734	0	Tsung-DaoLee	
3230	0:33:03	1/1/2019 	1976054	205.00	8.00	9.41	15.85	104083.34	1822	0	Tsung-DaoLee	
3231	0:33:09	1/1/2019 	1982078	582.00	9.00	13.79	15.85	104086.73	289705	0	Tsung-DaoLee	
3232	0:33:10	1/1/2019 	1982866	928.00	111.00	32.17	15.85	104087.06	50679	1	Tsung-DaoLee	
3233	0:33:10	1/1/2019 	1983326	724.00	15.00	16.68	15.86	104087.63	1822	0	Tsung-DaoLee	
3234	0:33:11	1/1/2019 	1983808	720.00	15.00	16.67	15.86	104087.95	49801	0	Tsung-DaoLee	
3235	0:33:13	1/1/2019 	1986423	113.00	8.00	6.95	15.86	104090.26	99301	0	Tsung-DaoLee	
3236	0:33:15	1/1/2019 	1988000	311.00	8.00	11.20	15.86	104090.89	97779	0	Tsung-DaoLee	
3237	0:33:15	1/1/2019 	1988062	797.00	36.00	21.03	15.86	104091.21	1821	0	Tsung-DaoLee	
3238	0:33:15	1/1/2019 	1988401	148.00	8.00	7.96	15.86	104091.21	1821	0	Tsung-DaoLee	
3239	0:33:15	1/1/2019 	1988753	949.00	536.00	92.06	15.86	104091.38	49802	1	Tsung-DaoLee	
3240	0:33:16	1/1/2019 	1989229	945.00	128.00	35.46	15.86	104091.98	1826	1	Tsung-DaoLee	
3241	0:33:21	1/1/2019 	1994211	946.00	373.00	69.95	15.87	104094.66	242707	1	Tsung-DaoLee	
3242	0:33:21	1/1/2019 	1994392	113.00	8.00	6.95	15.87	104094.66	2733	0	Tsung-DaoLee	
3243	0:33:21	1/1/2019 	1994436	822.00	42.00	21.74	15.87	104094.66	1820	1	Tsung-DaoLee	
3244	0:33:24	1/1/2019 	1997067	949.00	565.00	97.33	15.87	104096.65	145760	1	Tsung-DaoLee	
3245	0:33:24	1/1/2019 	1997384	368.00	8.00	11.84	15.87	104096.80	1823	1	Tsung-DaoLee	
3246	0:33:25	1/1/2019 	1998635	944.00	367.00	68.92	15.87	104096.97	97780	1	Tsung-DaoLee	
3247	0:33:30	1/1/2019 	2003418	467.00	8.00	12.60	15.88	104098.93	195283	0	Tsung-DaoLee	
3248	0:33:31	1/1/2019 	2003898	947.00	702.00	127.07	15.88	104098.93	50742	1	Tsung-DaoLee	
3249	0:33:31	1/1/2019 	2004464	136.00	8.00	7.62	15.88	104098.93	1822	0	Tsung-DaoLee	
3250	0:33:32	1/1/2019 	2005304	773.00	29.00	20.02	15.88	104099.34	49801	1	Tsung-DaoLee	
3251	0:33:33	1/1/2019 	2006165	929.00	114.00	32.76	15.88	104099.34	49803	1	Tsung-DaoLee	
3252	0:33:33	1/1/2019 	2006312	950.00	387.00	72.30	15.88	104099.34	3382	1	Tsung-DaoLee	
3253	0:33:34	1/1/2019 	2006801	942.00	225.00	47.75	15.88	104099.34	49802	1	Tsung-DaoLee	
3254	0:33:34	1/1/2019 	2006958	130.00	8.00	7.44	15.88	104099.34	1822	0	Tsung-DaoLee	
3255	0:33:34	1/1/2019 	2007461	946.00	122.00	34.32	15.88	104099.64	1821	0	Tsung-DaoLee	
3256	0:33:36	1/1/2019 	2008907	941.00	175.00	42.76	15.88	104099.48	97782	0	Tsung-DaoLee	
3257	0:33:37	1/1/2019 	2009883	172.00	8.00	8.62	15.89	104099.94	49801	0	Tsung-DaoLee	
3258	0:33:38	1/1/2019 	2010844	946.00	196.00	45.04	15.89	104099.94	52214	1	Tsung-DaoLee	
3259	0:33:38	1/1/2019 	2011120	915.00	97.00	29.45	15.89	104099.94	1821	1	Tsung-DaoLee	
3260	0:33:38	1/1/2019 	2011203	985.00	957.00	279.54	15.89	104099.94	1821	1	Tsung-DaoLee	
3261	0:33:40	1/1/2019 	2012910	384.00	8.00	11.99	15.89	104100.84	97782	1	Tsung-DaoLee	
3262	0:33:41	1/1/2019 	2014349	947.00	556.00	95.58	15.89	104100.99	49803	1	Tsung-DaoLee	
3263	0:33:42	1/1/2019 	2015255	679.00	12.00	15.58	15.89	104101.61	49802	0	Tsung-DaoLee	
3264	0:33:50	1/1/2019 	2023752	682.00	11.00	15.28	15.90	104104.52	434694	1	Tsung-DaoLee	
3265	0:33:51	1/1/2019 	2023982	650.00	10.00	14.80	15.90	104104.69	2651	0	Tsung-DaoLee	
3266	0:33:51	1/1/2019 	2024707	950.00	285.00	54.73	15.90	104105.00	49803	1	Tsung-DaoLee	
3267	0:33:52	1/1/2019 	2025475	944.00	306.00	58.05	15.90	104106.05	1821	0	Tsung-DaoLee	
3268	0:33:53	1/1/2019 	2026694	651.00	10.00	14.81	15.90	104106.53	97785	0	Tsung-DaoLee	
3269	0:33:54	1/1/2019 	2027198	946.00	302.00	57.39	15.90	104106.69	1822	1	Tsung-DaoLee	
3270	0:33:54	1/1/2019 	2027318	791.00	33.00	20.64	15.90	104106.69	3310	1	Tsung-DaoLee	
3271	0:33:58	1/1/2019 	2031326	529.00	9.00	13.18	15.91	104108.08	193745	0	Tsung-DaoLee	
3272	0:33:58	1/1/2019 	2031484	601.00	9.00	14.04	15.91	104108.08	2676	0	Tsung-DaoLee	
3273	0:34:00	1/1/2019 	2032938	573.00	9.00	13.68	15.91	104108.66	97783	0	Tsung-DaoLee	
3274	0:34:00	1/1/2019 	2033180	959.00	882.00	162.58	15.91	104108.81	1822	1	Tsung-DaoLee	
3275	0:34:00	1/1/2019 	2033405	78.00	8.00	6.10	15.91	104108.81	3324	0	Tsung-DaoLee	
3276	0:34:01	1/1/2019 	2034224	835.00	45.00	22.06	15.91	104108.98	49801	0	Tsung-DaoLee	
3277	0:34:02	1/1/2019 	2035071	942.00	141.00	37.80	15.91	104109.13	49803	0	Tsung-DaoLee	
3278	0:34:02	1/1/2019 	2035208	74.00	8.00	6.03	15.91	104109.75	1822	0	Tsung-DaoLee	
3279	0:34:03	1/1/2019 	2035878	919.00	100.00	30.02	15.91	104109.91	49800	1	Tsung-DaoLee	
3280	0:34:03	1/1/2019 	2036417	947.00	133.00	36.38	15.91	104110.06	1823	1	Tsung-DaoLee	
3281	0:34:05	1/1/2019 	2037994	945.00	264.00	51.88	15.91	104110.70	98758	1	Tsung-DaoLee	
3282	0:34:06	1/1/2019 	2038886	68.00	8.00	5.95	15.91	104111.16	49802	0	Tsung-DaoLee	
3283	0:34:06	1/1/2019 	2038914	947.00	535.00	91.91	15.91	104111.16	1822	1	Tsung-DaoLee	
3284	0:34:09	1/1/2019 	2042055	924.00	106.00	31.19	15.92	104110.94	145764	0	Tsung-DaoLee	
3285	0:34:10	1/1/2019 	2043763	915.00	93.00	28.71	15.92	104111.08	98672	1	Tsung-DaoLee	
3286	0:34:11	1/1/2019 	2044709	946.00	355.00	66.78	15.92	104111.97	49801	1	Tsung-DaoLee	
3287	0:34:17	1/1/2019 	2050215	944.00	295.00	56.26	15.92	104113.70	243352	0	Tsung-DaoLee	
3288	0:34:17	1/1/2019 	2050730	528.00	9.00	13.17	15.92	104113.70	50715	0	Tsung-DaoLee	
3289	0:34:20	1/1/2019 	2052848	874.00	65.00	24.27	15.93	104113.67	97779	1	Tsung-DaoLee	
3290	0:34:20	1/1/2019 	2052850	945.00	262.00	51.64	15.93	104113.67	1822	1	Tsung-DaoLee	
3291	0:34:21	1/1/2019 	2054331	942.00	180.00	43.35	15.93	104113.78	49801	1	Tsung-DaoLee	
3292	0:34:22	1/1/2019 	2055048	946.00	196.00	45.04	15.93	104113.61	49803	1	Tsung-DaoLee	
3293	0:34:24	1/1/2019 	2057219	554.00	9.00	13.45	15.93	104114.02	99321	0	Tsung-DaoLee	
3294	0:34:24	1/1/2019 	2057648	948.00	428.00	78.25	15.93	104114.02	49800	1	Tsung-DaoLee	
3295	0:34:28	1/1/2019 	2060827	951.00	850.00	153.91	15.93	104114.31	145759	0	Tsung-DaoLee	
3296	0:34:29	1/1/2019 	2062676	611.00	9.00	14.16	15.94	104114.45	98721	0	Tsung-DaoLee	
3297	0:34:34	1/1/2019 	2067246	677.00	11.00	15.26	15.94	104115.77	193742	0	Tsung-DaoLee	
3298	0:34:35	1/1/2019 	2068235	955.00	917.00	187.77	15.94	104116.09	51360	0	Tsung-DaoLee	
3299	0:34:35	1/1/2019 	2068432	862.00	49.00	22.50	15.95	104116.52	1822	0	Tsung-DaoLee	
3300	0:34:37	1/1/2019 	2069916	943.00	227.00	47.93	15.95	104116.83	97781	1	Tsung-DaoLee	
3301	0:34:40	1/1/2019 	2073699	944.00	452.00	81.20	15.95	104117.36	194706	1	Tsung-DaoLee	
3302	0:34:41	1/1/2019 	2074082	944.00	286.00	54.88	15.95	104117.20	1823	1	Tsung-DaoLee	
3303	0:34:41	1/1/2019 	2074224	948.00	223.00	47.56	15.95	104117.20	1822	1	Tsung-DaoLee	
3304	0:34:42	1/1/2019 	2075330	168.00	8.00	8.51	15.95	104117.36	51478	0	Tsung-DaoLee	
3305	0:34:42	1/1/2019 	2075336	950.00	316.00	59.76	15.95	104117.36	1821	0	Tsung-DaoLee	
3306	0:34:44	1/1/2019 	2077335	923.00	109.00	31.77	15.96	104118.23	97780	1	Tsung-DaoLee	
3307	0:34:45	1/1/2019 	2077935	873.00	63.00	24.03	15.96	104118.56	49800	0	Tsung-DaoLee	
3308	0:34:45	1/1/2019 	2078780	152.00	8.00	8.07	15.96	104119.33	49801	0	Tsung-DaoLee	
3309	0:34:46	1/1/2019 	2078857	947.00	178.00	43.12	15.96	104119.33	1821	1	Tsung-DaoLee	
3310	0:34:46	1/1/2019 	2079597	881.00	64.00	24.16	15.96	104119.17	50848	0	Tsung-DaoLee	
3311	0:34:48	1/1/2019 	2081697	775.00	29.00	20.02	15.97	104119.88	98608	1	Tsung-DaoLee	
3312	0:34:52	1/1/2019 	2084842	256.00	8.00	10.39	15.97	104124.57	145759	0	Tsung-DaoLee	
3313	0:34:56	1/1/2019 	2089480	951.00	660.00	118.53	15.98	104133.42	193739	1	Tsung-DaoLee	
3314	0:34:58	1/1/2019 	2091675	945.00	173.00	42.52	15.98	104128.73	145763	0	Tsung-DaoLee	
3315	0:34:59	1/1/2019 	2092592	162.00	8.00	8.35	15.98	104124.77	50650	0	Tsung-DaoLee	
3316	0:35:00	1/1/2019 	2093124	946.00	272.00	52.91	15.98	104123.16	3320	1	Tsung-DaoLee	
3317	0:35:02	1/1/2019 	2095426	881.00	69.00	24.80	15.99	104114.20	97783	1	Tsung-DaoLee	
3318	0:35:03	1/1/2019 	2096121	784.00	33.00	20.63	15.99	104109.73	49803	1	Tsung-DaoLee	
3319	0:35:06	1/1/2019 	2099429	65.00	8.00	5.92	15.99	104097.73	145763	0	Tsung-DaoLee	
3320	0:35:06	1/1/2019 	2099495	371.00	9.00	11.92	15.99	104097.73	1820	0	Tsung-DaoLee	
3321	0:35:06	1/1/2019 	2099782	946.00	172.00	42.40	16.00	104096.12	50771	0	Tsung-DaoLee	
3322	0:35:08	1/1/2019 	2101105	952.00	780.00	139.04	16.00	104092.25	50684	1	Tsung-DaoLee	
3323	0:35:14	1/1/2019 	2107293	942.00	321.00	60.63	16.01	104070.34	289708	1	Tsung-DaoLee	
3324	0:35:18	1/1/2019 	2112092	176.00	8.00	8.72	16.01	104058.53	241727	0	Tsung-DaoLee	
3325	0:35:20	1/1/2019 	2113325	931.00	113.00	32.56	16.01	104055.20	50702	1	Tsung-DaoLee	
3326	0:35:20	1/1/2019 	2113759	896.00	77.00	25.98	16.01	104053.45	49804	0	Tsung-DaoLee	
3327	0:35:21	1/1/2019 	2114466	519.00	9.00	13.09	16.01	104050.72	3352	0	Tsung-DaoLee	
3328	0:35:31	1/1/2019 	2125195	852.00	52.00	22.79	16.03	104025.59	529606	1	Tsung-DaoLee	
3329	0:35:31	1/1/2019 	2125231	121.00	8.00	7.18	16.03	104025.59	2746	0	Tsung-DaoLee	
3330	0:35:32	1/1/2019 	2125654	905.00	86.00	27.45	16.03	104025.59	49800	1	Tsung-DaoLee	
3331	0:35:36	1/1/2019 	2129886	143.00	8.00	7.82	16.04	104020.06	193742	0	Tsung-DaoLee	
3332	0:35:37	1/1/2019 	2130926	945.00	180.00	43.35	16.04	104018.73	50746	1	Tsung-DaoLee	
3333	0:35:38	1/1/2019 	2132101	881.00	66.00	24.41	16.04	104017.28	51362	0	Tsung-DaoLee	
3334	0:35:43	1/1/2019 	2136596	947.00	368.00	69.09	16.05	104012.25	241726	1	Tsung-DaoLee	
3335	0:35:48	1/1/2019 	2142218	951.00	742.00	132.94	16.06	104005.88	241729	1	Tsung-DaoLee	
3336	0:35:54	1/1/2019 	2147825	111.00	8.00	6.89	16.07	103999.52	290677	0	Tsung-DaoLee	
3337	0:35:57	1/1/2019 	2150972	904.00	85.00	27.28	16.08	103996.39	145763	0	Tsung-DaoLee	
3338	0:36:02	1/1/2019 	2155572	368.00	8.00	11.84	16.09	103992.63	242712	0	Tsung-DaoLee	
3339	0:36:06	1/1/2019 	2160013	743.00	20.00	18.13	16.09	103990.30	197552	0	Tsung-DaoLee	
3340	0:36:11	1/1/2019 	2164738	831.00	44.00	21.96	16.10	103988.23	242562	0	Tsung-DaoLee	
3341	0:36:12	1/1/2019 	2165435	454.00	9.00	12.59	16.10	103987.91	1823	0	Tsung-DaoLee	
3342	0:36:12	1/1/2019 	2165557	946.00	235.00	48.70	16.10	103987.91	49802	0	Tsung-DaoLee	
3343	0:36:15	1/1/2019 	2168959	952.00	859.00	156.49	16.11	103987.02	145762	0	Tsung-DaoLee	
3344	0:36:19	1/1/2019 	2173027	947.00	534.00	91.73	16.11	103984.45	195236	0	Tsung-DaoLee	
3345	0:36:19	1/1/2019 	2173185	119.00	8.00	7.12	16.11	103984.45	2688	0	Tsung-DaoLee	
3346	0:36:20	1/1/2019 	2173887	945.00	129.00	35.65	16.11	103984.39	49801	1	Tsung-DaoLee	
3347	0:36:26	1/1/2019 	2179903	951.00	793.00	141.57	16.12	103982.55	289703	1	Tsung-DaoLee	
3348	0:36:27	1/1/2019 	2181120	941.00	138.00	37.28	16.12	103981.72	50688	0	Tsung-DaoLee	
3349	0:36:30	1/1/2019 	2183992	952.00	762.00	135.99	16.13	103981.22	145762	0	Tsung-DaoLee	
3350	0:36:38	1/1/2019 	2191695	84.00	8.00	6.21	16.13	103979.34	387181	0	Tsung-DaoLee	
3351	0:36:39	1/1/2019 	2193085	944.00	153.00	39.76	16.13	103978.86	50713	0	Tsung-DaoLee	
3352	0:36:41	1/1/2019 	2194623	941.00	228.00	48.03	16.13	103978.55	97783	1	Tsung-DaoLee	
3353	0:36:43	1/1/2019 	2196481	885.00	70.00	24.94	16.13	103979.02	49803	0	Tsung-DaoLee	
3354	0:36:44	1/1/2019 	2197911	200.00	9.00	9.31	16.13	103979.02	97784	0	Tsung-DaoLee	
3355	0:36:44	1/1/2019 	2198061	548.00	9.00	13.38	16.13	103979.02	1821	0	Tsung-DaoLee	
3356	0:36:45	1/1/2019 	2198693	944.00	133.00	36.38	16.13	103978.86	51340	1	Tsung-DaoLee	
3357	0:36:48	1/1/2019 	2202236	454.00	9.00	12.59	16.14	103976.14	145765	0	Tsung-DaoLee	
3358	0:36:54	1/1/2019 	2208226	454.00	9.00	12.59	16.14	103972.93	290644	0	Tsung-DaoLee	
3359	0:36:57	1/1/2019 	2210810	946.00	245.00	49.71	16.14	103973.67	145765	1	Tsung-DaoLee	
3360	0:36:57	1/1/2019 	2210870	948.00	272.00	52.91	16.14	103973.67	2776	1	Tsung-DaoLee	
3361	0:37:00	1/1/2019 	2214188	906.00	88.00	27.80	16.14	103974.28	145764	0	Tsung-DaoLee	
3362	0:37:00	1/1/2019 	2214208	947.00	286.00	54.88	16.15	103974.55	3386	1	Tsung-DaoLee	
3363	0:37:02	1/1/2019 	2215327	561.00	9.00	13.53	16.15	103974.55	49804	0	Tsung-DaoLee	
3364	0:37:02	1/1/2019 	2215355	916.00	96.00	29.27	16.15	103974.55	1821	0	Tsung-DaoLee	
3365	0:37:02	1/1/2019 	2215374	954.00	753.00	134.74	16.15	103974.55	1821	1	Tsung-DaoLee	
3366	0:37:02	1/1/2019 	2215472	816.00	37.00	21.18	16.15	103974.55	1822	0	Tsung-DaoLee	
3367	0:37:05	1/1/2019 	2219143	945.00	369.00	69.26	16.15	103975.07	194782	1	Tsung-DaoLee	
3368	0:37:06	1/1/2019 	2219616	942.00	141.00	37.80	16.15	103974.76	49805	1	Tsung-DaoLee	
3369	0:37:07	1/1/2019 	2221147	945.00	190.00	44.43	16.16	103974.89	50792	1	Tsung-DaoLee	
3370	0:37:08	1/1/2019 	2222065	945.00	374.00	70.13	16.16	103975.03	49803	0	Tsung-DaoLee	
3371	0:37:11	1/1/2019 	2224301	942.00	137.00	37.10	16.16	103974.84	97783	1	Tsung-DaoLee	
3372	0:37:13	1/1/2019 	2226348	946.00	135.00	36.75	16.16	103974.19	97783	1	Tsung-DaoLee	
3373	0:37:14	1/1/2019 	2228184	945.00	148.00	38.97	16.17	103973.97	101591	0	Tsung-DaoLee	
3374	0:37:18	1/1/2019 	2232168	721.00	15.00	16.68	16.17	103973.28	193740	0	Tsung-DaoLee	
3375	0:37:23	1/1/2019 	2236381	942.00	139.00	37.46	16.18	103972.09	194579	1	Tsung-DaoLee	
3376	0:37:23	1/1/2019 	2237285	950.00	411.00	75.95	16.18	103971.75	49803	1	Tsung-DaoLee	
3377	0:37:25	1/1/2019 	2238352	884.00	71.00	25.08	16.18	103971.12	49800	0	Tsung-DaoLee	
3378	0:37:25	1/1/2019 	2238459	947.00	141.00	37.80	16.18	103971.12	1823	1	Tsung-DaoLee	
3379	0:37:28	1/1/2019 	2241685	945.00	299.00	56.90	16.18	103970.90	195334	0	Tsung-DaoLee	
3380	0:37:28	1/1/2019 	2241711	914.00	90.00	28.16	16.18	103970.90	2687	0	Tsung-DaoLee	
3381	0:37:29	1/1/2019 	2242803	944.00	396.00	73.72	16.18	103970.42	49802	1	Tsung-DaoLee	
3382	0:37:32	1/1/2019 	2245877	147.00	8.00	7.93	16.18	103968.99	145761	0	Tsung-DaoLee	
3383	0:37:36	1/1/2019 	2249315	918.00	96.00	29.27	16.18	103968.34	145761	1	Tsung-DaoLee	
3384	0:37:38	1/1/2019 	2251920	188.00	8.00	9.02	16.19	103968.59	147271	0	Tsung-DaoLee	
3385	0:37:38	1/1/2019 	2251931	472.00	9.00	12.71	16.19	103968.59	2712	0	Tsung-DaoLee	
3386	0:37:42	1/1/2019 	2255913	941.00	136.00	36.93	16.19	103969.50	193739	1	Tsung-DaoLee	
3387	0:37:43	1/1/2019 	2256659	945.00	345.00	64.97	16.19	103969.50	49802	0	Tsung-DaoLee	
3388	0:37:45	1/1/2019 	2258373	904.00	83.00	26.94	16.19	103969.92	49801	1	Tsung-DaoLee	
3389	0:37:45	1/1/2019 	2258670	927.00	109.00	31.78	16.19	103969.92	49801	0	Tsung-DaoLee	
3390	0:37:45	1/1/2019 	2259154	947.00	383.00	71.63	16.19	103969.92	3313	1	Tsung-DaoLee	
3391	0:37:45	1/1/2019 	2259261	923.00	103.00	30.60	16.20	103970.53	1822	1	Tsung-DaoLee	
3392	0:37:48	1/1/2019 	2261399	950.00	595.00	103.67	16.20	103971.42	97780	1	Tsung-DaoLee	
3393	0:37:49	1/1/2019 	2262992	363.00	8.00	11.79	16.20	103971.73	98690	0	Tsung-DaoLee	
3394	0:37:55	1/1/2019 	2268347	943.00	379.00	70.97	16.21	103970.53	241713	1	Tsung-DaoLee	
3395	0:37:55	1/1/2019 	2269231	948.00	140.00	37.63	16.21	103970.05	49801	0	Tsung-DaoLee	
3396	0:37:57	1/1/2019 	2270369	583.00	9.00	13.81	16.21	103969.73	51382	0	Tsung-DaoLee	
3397	0:38:02	1/1/2019 	2276031	792.00	34.00	20.78	16.21	103968.59	290629	0	Tsung-DaoLee	
3398	0:38:09	1/1/2019 	2282811	100.00	8.00	6.59	16.22	103968.50	337674	0	Tsung-DaoLee	
3399	0:38:13	1/1/2019 	2286588	946.00	134.00	36.57	16.22	103969.23	194695	0	Tsung-DaoLee	
3400	0:38:24	1/1/2019 	2297713	896.00	80.00	26.44	16.23	103972.42	529594	0	Tsung-DaoLee	
3401	0:38:29	1/1/2019 	2302986	923.00	106.00	31.19	16.23	103972.89	242532	1	Tsung-DaoLee	
3402	0:38:30	1/1/2019 	2303629	941.00	143.00	38.14	16.23	103972.58	52007	1	Tsung-DaoLee	
3403	0:38:30	1/1/2019 	2304045	627.00	9.00	14.34	16.23	103972.27	1821	0	Tsung-DaoLee	
3404	0:38:31	1/1/2019 	2304722	391.00	8.00	12.05	16.23	103971.95	49800	0	Tsung-DaoLee	
3405	0:38:33	1/1/2019 	2307256	941.00	204.00	45.81	16.23	103970.67	97779	1	Tsung-DaoLee	
3406	0:38:34	1/1/2019 	2307800	944.00	260.00	51.40	16.23	103970.52	49803	0	Tsung-DaoLee	
3407	0:38:37	1/1/2019 	2311144	943.00	281.00	54.15	16.23	103969.98	146727	1	Tsung-DaoLee	
3408	0:38:46	1/1/2019 	2320032	942.00	162.00	41.08	16.24	103971.94	434501	1	Tsung-DaoLee	
3409	0:38:48	1/1/2019 	2321499	942.00	203.00	45.71	16.24	103972.39	50686	0	Tsung-DaoLee	
3410	0:38:53	1/1/2019 	2326485	936.00	118.00	33.54	16.25	103973.41	241751	1	Tsung-DaoLee	
3411	0:38:53	1/1/2019 	2327100	951.00	570.00	98.29	16.25	103973.41	49802	1	Tsung-DaoLee	
3412	0:38:54	1/1/2019 	2327783	303.00	8.00	11.10	16.25	103973.56	49801	0	Tsung-DaoLee	
3413	0:38:55	1/1/2019 	2328554	340.00	8.00	11.55	16.25	103973.98	51326	0	Tsung-DaoLee	
3414	0:38:55	1/1/2019 	2329225	891.00	71.00	25.09	16.26	103974.75	1822	0	Tsung-DaoLee	
3415	0:38:58	1/1/2019 	2331637	943.00	137.00	37.10	16.26	103975.78	145761	1	Tsung-DaoLee	
3416	0:38:59	1/1/2019 	2332566	948.00	595.00	103.67	16.26	103975.78	50714	0	Tsung-DaoLee	
3417	0:39:03	1/1/2019 	2336933	603.00	12.00	14.59	16.27	103976.95	193745	0	Tsung-DaoLee	
3418	0:39:09	1/1/2019 	2342344	956.00	899.00	170.89	16.28	103977.32	241728	1	Tsung-DaoLee	
3419	0:39:10	1/1/2019 	2343793	942.00	161.00	40.94	16.28	103977.16	100146	1	Tsung-DaoLee	
3420	0:39:10	1/1/2019 	2344085	950.00	274.00	53.18	16.28	103977.16	1823	0	Tsung-DaoLee	
3421	0:39:15	1/1/2019 	2348711	944.00	360.00	67.67	16.28	103976.61	241726	0	Tsung-DaoLee	
3422	0:39:17	1/1/2019 	2351186	745.00	20.00	18.14	16.28	103975.81	97783	1	Tsung-DaoLee	
3423	0:39:20	1/1/2019 	2353476	946.00	390.00	72.78	16.28	103975.62	98740	1	Tsung-DaoLee	
3424	0:39:20	1/1/2019 	2353649	959.00	871.00	160.50	16.28	103975.62	51378	1	Tsung-DaoLee	
3425	0:39:24	1/1/2019 	2357387	167.00	8.00	8.48	16.28	103976.05	145767	0	Tsung-DaoLee	
3426	0:39:24	1/1/2019 	2357733	366.00	9.00	11.87	16.28	103976.05	49799	1	Tsung-DaoLee	
3427	0:39:24	1/1/2019 	2358286	880.00	65.00	24.28	16.28	103976.05	1822	0	Tsung-DaoLee	
3428	0:39:27	1/1/2019 	2361192	930.00	111.00	32.17	16.29	103977.55	145761	0	Tsung-DaoLee	
3429	0:39:28	1/1/2019 	2361907	556.00	9.00	13.47	16.29	103977.71	50785	0	Tsung-DaoLee	
3430	0:39:28	1/1/2019 	2362007	140.00	12.00	7.75	16.29	103977.71	5632	0	Tsung-DaoLee	
3431	0:39:31	1/1/2019 	2365193	944.00	284.00	54.59	16.29	103978.62	145766	1	Tsung-DaoLee	
3432	0:39:39	1/1/2019 	2372778	942.00	169.00	42.02	16.30	103979.57	385674	1	Tsung-DaoLee	
3433	0:39:45	1/1/2019 	2378481	83.00	8.00	6.19	16.31	103978.35	242555	0	Tsung-DaoLee	
3434	0:39:46	1/1/2019 	2380248	938.00	118.00	33.54	16.31	103977.72	97780	1	Tsung-DaoLee	
3435	0:39:49	1/1/2019 	2383231	924.00	106.00	31.19	16.31	103977.53	146613	1	Tsung-DaoLee	
3436	0:39:50	1/1/2019 	2383765	644.00	9.00	14.48	16.31	103977.53	51305	0	Tsung-DaoLee	
3437	0:39:50	1/1/2019 	2384030	943.00	120.00	33.93	16.31	103977.53	1823	0	Tsung-DaoLee	
3438	0:39:52	1/1/2019 	2385663	942.00	266.00	52.13	16.31	103977.38	97783	0	Tsung-DaoLee	
3439	0:39:53	1/1/2019 	2386825	582.00	9.00	13.79	16.32	103977.64	49807	0	Tsung-DaoLee	
3440	0:39:54	1/1/2019 	2387662	942.00	162.00	41.08	16.32	103977.64	49801	1	Tsung-DaoLee	
3441	0:39:57	1/1/2019 	2390455	403.00	9.00	12.21	16.32	103978.41	97781	0	Tsung-DaoLee	
3442	0:40:00	1/1/2019 	2393326	129.00	8.00	7.41	16.32	103979.34	148147	0	Tsung-DaoLee	
3443	0:40:02	1/1/2019 	2396198	942.00	260.00	51.40	16.32	103980.23	145762	0	Tsung-DaoLee	
3444	0:40:04	1/1/2019 	2398282	76.00	8.00	6.07	16.32	103980.40	97781	0	Tsung-DaoLee	
3445	0:40:06	1/1/2019 	2399735	72.00	8.00	6.00	16.33	103981.00	97781	0	Tsung-DaoLee	
3446	0:40:07	1/1/2019 	2400812	939.00	118.00	33.54	16.33	103981.91	50706	1	Tsung-DaoLee	
3447	0:40:07	1/1/2019 	2401260	862.00	57.00	23.33	16.33	103982.22	3360	0	Tsung-DaoLee	
3448	0:40:08	1/1/2019 	2401746	923.00	106.00	31.19	16.33	103982.22	49801	1	Tsung-DaoLee	
3449	0:40:10	1/1/2019 	2403706	944.00	146.00	38.64	16.33	103982.99	97784	0	Tsung-DaoLee	
3450	0:40:16	1/1/2019 	2409225	923.00	111.00	32.16	16.34	103983.69	241724	1	Tsung-DaoLee	
3451	0:40:18	1/1/2019 	2411275	738.00	19.00	17.86	16.34	103983.95	97784	1	Tsung-DaoLee	
3452	0:40:23	1/1/2019 	2416467	945.00	426.00	78.00	16.35	103983.58	242654	1	Tsung-DaoLee	
3453	0:40:23	1/1/2019 	2416890	73.00	8.00	6.02	16.35	103983.42	51353	0	Tsung-DaoLee	
3454	0:40:27	1/1/2019 	2420871	608.00	9.00	14.12	16.35	103984.00	193742	0	Tsung-DaoLee	
3455	0:40:31	1/1/2019 	2424402	292.00	8.00	10.95	16.35	103985.48	146720	0	Tsung-DaoLee	
3456	0:40:38	1/1/2019 	2431781	951.00	645.00	115.28	16.35	103983.10	385666	1	Tsung-DaoLee	
3457	0:40:39	1/1/2019 	2432669	964.00	950.00	250.15	16.35	103983.36	50778	0	Tsung-DaoLee	
3458	0:40:39	1/1/2019 	2432969	767.00	27.00	19.67	16.35	103983.36	1823	0	Tsung-DaoLee	
3459	0:40:45	1/1/2019 	2439197	65.00	8.00	5.92	16.36	103985.48	291284	0	Tsung-DaoLee	
3460	0:40:47	1/1/2019 	2440810	944.00	124.00	34.70	16.36	103985.94	97782	0	Tsung-DaoLee	
3461	0:40:52	1/1/2019 	2445471	947.00	607.00	106.47	16.36	103986.84	194565	1	Tsung-DaoLee	
3462	0:40:53	1/1/2019 	2446228	752.00	21.00	18.40	16.36	103986.84	49802	0	Tsung-DaoLee	
3463	0:40:56	1/1/2019 	2449623	948.00	436.00	79.27	16.36	103985.40	193738	0	Tsung-DaoLee	
3464	0:40:56	1/1/2019 	2450196	886.00	73.00	25.36	16.36	103985.09	2667	1	Tsung-DaoLee	
3465	0:40:58	1/1/2019 	2451475	67.00	8.00	5.94	16.36	103984.90	51299	0	Tsung-DaoLee	
3466	0:40:58	1/1/2019 	2451889	872.00	66.00	24.39	16.36	103984.90	49800	1	Tsung-DaoLee	
3467	0:41:02	1/1/2019 	2455876	676.00	11.00	15.26	16.36	103984.59	193741	0	Tsung-DaoLee	
3468	0:41:04	1/1/2019 	2457647	873.00	64.00	24.15	16.37	103985.20	97781	0	Tsung-DaoLee	
3469	0:41:08	1/1/2019 	2461814	654.00	10.00	14.83	16.37	103987.31	193740	0	Tsung-DaoLee	
3470	0:41:08	1/1/2019 	2462218	947.00	362.00	68.03	16.37	103987.31	4081	0	Tsung-DaoLee	
3471	0:41:09	1/1/2019 	2462410	819.00	40.00	21.52	16.37	103987.48	1822	0	Tsung-DaoLee	
3472	0:41:15	1/1/2019 	2468714	848.00	51.00	22.68	16.38	103987.88	337675	0	Tsung-DaoLee	
3473	0:41:16	1/1/2019 	2469585	953.00	866.00	157.67	16.38	103988.03	49806	0	Tsung-DaoLee	
3474	0:41:29	1/1/2019 	2482571	947.00	555.00	95.42	16.39	103989.91	626425	1	Tsung-DaoLee	
3475	0:41:30	1/1/2019 	2483689	946.00	538.00	92.40	16.39	103990.07	50715	1	Tsung-DaoLee	
3476	0:41:33	1/1/2019 	2486782	913.00	93.00	28.71	16.39	103989.57	147299	0	Tsung-DaoLee	
3477	0:41:33	1/1/2019 	2487033	928.00	106.00	31.19	16.39	103989.57	1823	1	Tsung-DaoLee	
3478	0:41:36	1/1/2019 	2490198	941.00	137.00	37.10	16.40	103990.12	145758	1	Tsung-DaoLee	
3479	0:41:40	1/1/2019 	2494113	947.00	420.00	77.19	16.40	103990.86	194677	0	Tsung-DaoLee	
3480	0:41:40	1/1/2019 	2494172	946.00	262.00	51.64	16.40	103990.86	1823	1	Tsung-DaoLee	
3481	0:41:42	1/1/2019 	2495582	853.00	51.00	22.69	16.40	103991.00	97778	0	Tsung-DaoLee	
3482	0:41:44	1/1/2019 	2497401	886.00	67.00	24.55	16.41	103990.98	51462	0	Tsung-DaoLee	
3483	0:41:49	1/1/2019 	2502449	943.00	148.00	38.97	16.41	103990.41	241715	1	Tsung-DaoLee	
3484	0:41:50	1/1/2019 	2503686	172.00	8.00	8.62	16.41	103990.10	98745	0	Tsung-DaoLee	
3485	0:42:05	1/1/2019 	2518757	959.00	916.00	185.82	16.42	103990.70	721492	1	Tsung-DaoLee	
3486	0:42:06	1/1/2019 	2520096	944.00	249.00	50.14	16.42	103990.55	50785	1	Tsung-DaoLee	
3487	0:42:17	1/1/2019 	2530697	600.00	9.00	14.02	16.43	103995.31	531774	0	Tsung-DaoLee	
3488	0:42:17	1/1/2019 	2530809	946.00	137.00	37.10	16.43	103995.31	2675	1	Tsung-DaoLee	
3489	0:42:17	1/1/2019 	2530914	947.00	321.00	60.64	16.43	103995.31	1822	0	Tsung-DaoLee	
3490	0:42:19	1/1/2019 	2532651	944.00	371.00	69.61	16.43	103995.31	97778	1	Tsung-DaoLee	
3491	0:42:23	1/1/2019 	2536250	942.00	312.00	59.07	16.44	103994.97	145758	1	Tsung-DaoLee	
3492	0:42:24	1/1/2019 	2537265	944.00	171.00	42.27	16.44	103994.66	49802	0	Tsung-DaoLee	
3493	0:42:25	1/1/2019 	2539117	726.00	16.00	16.99	16.44	103994.63	99281	0	Tsung-DaoLee	
3494	0:42:33	1/1/2019 	2546683	944.00	225.00	47.75	16.44	103995.66	385648	1	Tsung-DaoLee	
3495	0:42:37	1/1/2019 	2550425	940.00	131.00	36.02	16.45	103996.59	146639	0	Tsung-DaoLee	
3496	0:42:42	1/1/2019 	2555872	947.00	389.00	72.61	16.45	103997.78	290589	1	Tsung-DaoLee	
3497	0:42:57	1/1/2019 	2570410	744.00	19.00	17.88	16.46	103998.58	673517	0	Tsung-DaoLee	
3498	0:43:02	1/1/2019 	2575436	62.00	8.00	5.90	16.47	104000.53	242634	0	Tsung-DaoLee	
3499	0:43:06	1/1/2019 	2579458	944.00	132.00	36.20	16.47	104000.52	195284	1	Tsung-DaoLee	
3500	0:43:07	1/1/2019 	2580249	928.00	111.00	32.17	16.47	104000.36	49803	1	Tsung-DaoLee	
3501	0:43:08	1/1/2019 	2581450	923.00	108.00	31.58	16.47	104000.77	50744	1	Tsung-DaoLee	
3502	0:43:12	1/1/2019 	2585990	946.00	150.00	39.29	16.48	104001.05	241719	1	Tsung-DaoLee	
3503	0:43:14	1/1/2019 	2588071	947.00	291.00	55.64	16.48	104000.83	97782	1	Tsung-DaoLee	
3504	0:43:19	1/1/2019 	2592374	944.00	332.00	62.61	16.48	103999.95	193735	1	Tsung-DaoLee	
3505	0:43:25	1/1/2019 	2599063	79.00	6.00	6.11	16.49	103998.81	340084	0	Tsung-DaoLee	
3506	0:43:26	1/1/2019 	2600034	946.00	472.00	83.51	16.49	103998.66	49800	1	Tsung-DaoLee	
3507	0:43:29	1/1/2019 	2603184	382.00	9.00	12.03	16.49	103998.80	146746	0	Tsung-DaoLee	
3508	0:43:33	1/1/2019 	2606850	914.00	94.00	28.89	16.49	103999.53	193737	1	Tsung-DaoLee	
3509	0:43:35	1/1/2019 	2608386	909.00	93.00	28.70	16.49	103999.38	49803	1	Tsung-DaoLee	
3510	0:43:37	1/1/2019 	2611026	748.00	20.00	18.15	16.49	103999.83	149571	0	Tsung-DaoLee	
3511	0:43:38	1/1/2019 	2611808	100.00	8.00	6.59	16.49	103999.98	50639	0	Tsung-DaoLee	
3512	0:43:42	1/1/2019 	2615620	945.00	371.00	69.61	16.50	104000.59	193736	1	Tsung-DaoLee	
3513	0:43:42	1/1/2019 	2615929	945.00	137.00	37.10	16.50	104000.75	1823	1	Tsung-DaoLee	
3514	0:43:42	1/1/2019 	2615993	950.00	552.00	94.78	16.50	104000.75	1821	1	Tsung-DaoLee	
3515	0:43:45	1/1/2019 	2618555	850.00	45.00	22.08	16.50	104001.34	145758	0	Tsung-DaoLee	
3516	0:43:45	1/1/2019 	2618636	948.00	245.00	49.71	16.50	104001.34	3315	0	Tsung-DaoLee	
3517	0:43:47	1/1/2019 	2621110	75.00	13.00	6.05	16.50	104001.31	97778	0	Tsung-DaoLee	
3518	0:43:50	1/1/2019 	2623321	336.00	8.00	11.51	16.50	104001.57	98643	0	Tsung-DaoLee	
3519	0:43:50	1/1/2019 	2624072	73.00	8.00	6.02	16.50	104001.41	49800	0	Tsung-DaoLee	
3520	0:43:51	1/1/2019 	2625001	946.00	138.00	37.28	16.50	104001.41	49799	1	Tsung-DaoLee	
3521	0:43:53	1/1/2019 	2626324	69.00	8.00	5.97	16.50	104001.41	49801	0	Tsung-DaoLee	
3522	0:43:55	1/1/2019 	2628611	762.00	25.00	19.29	16.51	104001.39	147265	1	Tsung-DaoLee	
3523	0:44:04	1/1/2019 	2637990	941.00	152.00	39.60	16.51	104002.39	433635	1	Tsung-DaoLee	
3524	0:44:06	1/1/2019 	2639456	942.00	130.00	35.83	16.51	104002.55	50692	1	Tsung-DaoLee	
3525	0:44:07	1/1/2019 	2640406	942.00	188.00	44.22	16.52	104003.01	49802	1	Tsung-DaoLee	
3526	0:44:13	1/1/2019 	2646984	239.00	9.00	10.11	16.52	104004.38	338587	0	Tsung-DaoLee	
3527	0:44:14	1/1/2019 	2648057	810.00	39.00	21.40	16.52	104005.00	49802	1	Tsung-DaoLee	
3528	0:44:16	1/1/2019 	2649802	945.00	337.00	63.51	16.52	104005.63	99419	1	Tsung-DaoLee	
3529	0:44:18	1/1/2019 	2651709	920.00	103.00	30.60	16.52	104007.16	98716	1	Tsung-DaoLee	
3530	0:44:19	1/1/2019 	2652468	942.00	279.00	53.87	16.52	104007.48	1823	1	Tsung-DaoLee	
3531	0:44:23	1/1/2019 	2656834	944.00	391.00	72.94	16.53	104008.70	241712	1	Tsung-DaoLee	
3532	0:44:23	1/1/2019 	2656964	954.00	619.00	109.20	16.53	104008.70	1822	1	Tsung-DaoLee	
3533	0:44:26	1/1/2019 	2659398	938.00	118.00	33.54	16.53	104009.44	99333	1	Tsung-DaoLee	
3534	0:44:30	1/1/2019 	2663695	732.00	17.00	17.30	16.53	104009.42	241721	0	Tsung-DaoLee	
3535	0:44:30	1/1/2019 	2663824	614.00	9.00	14.20	16.53	104009.42	2785	1	Tsung-DaoLee	
3536	0:44:33	1/1/2019 	2666708	128.00	8.00	7.38	16.53	104008.94	145756	0	Tsung-DaoLee	
3537	0:44:37	1/1/2019 	2670222	906.00	88.00	27.80	16.54	104008.60	145760	1	Tsung-DaoLee	
3538	0:44:41	1/1/2019 	2675056	941.00	122.00	34.32	16.54	104009.66	242702	1	Tsung-DaoLee	
3539	0:44:42	1/1/2019 	2676212	944.00	186.00	44.01	16.54	104010.43	51383	0	Tsung-DaoLee	
3540	0:44:43	1/1/2019 	2676237	913.00	92.00	28.52	16.54	104010.43	1823	1	Tsung-DaoLee	
3541	0:44:47	1/1/2019 	2681025	76.00	8.00	6.07	16.55	104011.62	241719	0	Tsung-DaoLee	
3542	0:44:51	1/1/2019 	2684268	243.00	8.00	10.17	16.55	104011.28	146592	0	Tsung-DaoLee	
3543	0:44:56	1/1/2019 	2689995	254.00	8.00	10.36	16.55	104010.91	289698	0	Tsung-DaoLee	
3544	0:44:59	1/1/2019 	2692797	953.00	885.00	165.24	16.55	104011.22	146609	0	Tsung-DaoLee	
3545	0:45:01	1/1/2019 	2694653	942.00	129.00	35.65	16.55	104012.47	99280	1	Tsung-DaoLee	
3546	0:45:03	1/1/2019 	2696466	947.00	467.00	82.93	16.56	104012.89	49803	1	Tsung-DaoLee	
3547	0:45:04	1/1/2019 	2698009	941.00	144.00	38.31	16.56	104012.57	97783	1	Tsung-DaoLee	
3548	0:45:06	1/1/2019 	2699397	947.00	313.00	59.24	16.56	104013.02	49802	1	Tsung-DaoLee	
3549	0:45:09	1/1/2019 	2702402	945.00	143.00	38.14	16.56	104012.07	145762	0	Tsung-DaoLee	
3550	0:45:10	1/1/2019 	2703445	196.00	8.00	9.21	16.56	104012.20	52066	0	Tsung-DaoLee	
3551	0:45:10	1/1/2019 	2703890	948.00	157.00	40.36	16.56	104012.20	49801	1	Tsung-DaoLee	
3552	0:45:11	1/1/2019 	2704826	934.00	116.00	33.15	16.56	104011.88	49802	1	Tsung-DaoLee	
3553	0:45:17	1/1/2019 	2710468	954.00	887.00	164.80	16.57	104012.60	241723	0	Tsung-DaoLee	
3554	0:45:20	1/1/2019 	2713594	927.00	112.00	32.36	16.57	104013.22	194641	1	Tsung-DaoLee	
3555	0:45:25	1/1/2019 	2718996	943.00	168.00	41.89	16.57	104012.52	241711	1	Tsung-DaoLee	
3556	0:45:31	1/1/2019 	2724732	918.00	99.00	29.83	16.57	104012.02	291229	0	Tsung-DaoLee	
3557	0:45:31	1/1/2019 	2724749	222.00	8.00	9.77	16.58	104012.59	2751	0	Tsung-DaoLee	
3558	0:45:36	1/1/2019 	2729806	948.00	374.00	70.13	16.58	104012.44	241717	1	Tsung-DaoLee	
3559	0:45:37	1/1/2019 	2731037	126.00	8.00	7.32	16.58	104013.21	50749	0	Tsung-DaoLee	
3560	0:45:42	1/1/2019 	2736363	946.00	450.00	80.96	16.58	104014.40	241718	0	Tsung-DaoLee	
3561	0:45:47	1/1/2019 	2741002	777.00	30.00	20.18	16.59	104014.86	241722	0	Tsung-DaoLee	
3562	0:45:48	1/1/2019 	2741727	904.00	85.00	27.28	16.59	104014.53	52204	0	Tsung-DaoLee	
3563	0:45:49	1/1/2019 	2742700	944.00	351.00	66.06	16.59	104014.98	49803	0	Tsung-DaoLee	
3564	0:45:56	1/1/2019 	2750127	109.00	8.00	6.84	16.60	104017.23	337678	1	Tsung-DaoLee	
3565	0:45:57	1/1/2019 	2751014	161.00	8.00	8.32	16.60	104017.55	50788	0	Tsung-DaoLee	
3566	0:45:58	1/1/2019 	2752332	927.00	113.00	32.56	16.60	104018.16	49800	1	Tsung-DaoLee	
3567	0:45:59	1/1/2019 	2752632	826.00	40.00	21.53	16.60	104018.16	49803	0	Tsung-DaoLee	
3568	0:46:00	1/1/2019 	2753596	943.00	126.00	35.08	16.60	104017.53	53613	1	Tsung-DaoLee	
3569	0:46:04	1/1/2019 	2758250	945.00	143.00	38.14	16.60	104017.77	193742	0	Tsung-DaoLee	
3570	0:46:05	1/1/2019 	2759088	956.00	738.00	132.67	16.60	104017.61	49803	1	Tsung-DaoLee	
3571	0:46:08	1/1/2019 	2761945	913.00	93.00	28.71	16.61	104017.59	145762	0	Tsung-DaoLee	
3572	0:46:19	1/1/2019 	2773090	830.00	42.00	21.75	16.61	104018.75	530433	0	Tsung-DaoLee	
3573	0:46:23	1/1/2019 	2776640	230.00	8.00	9.93	16.62	104019.17	195935	0	Tsung-DaoLee	
3574	0:46:23	1/1/2019 	2777047	234.00	8.00	10.00	16.62	104019.62	1823	0	Tsung-DaoLee	
3575	0:46:25	1/1/2019 	2779310	635.00	9.00	14.41	16.62	104019.78	97782	1	Tsung-DaoLee	
3576	0:46:26	1/1/2019 	2779732	946.00	413.00	76.23	16.62	104019.78	49802	1	Tsung-DaoLee	
3577	0:46:26	1/1/2019 	2779868	926.00	105.00	30.99	16.62	104019.78	2694	0	Tsung-DaoLee	
3578	0:46:27	1/1/2019 	2781193	942.00	135.00	36.75	16.62	104019.94	49801	1	Tsung-DaoLee	
3579	0:46:29	1/1/2019 	2782851	830.00	43.00	21.85	16.62	104019.94	99341	0	Tsung-DaoLee	
3580	0:46:29	1/1/2019 	2782877	947.00	146.00	38.64	16.62	104019.94	1821	1	Tsung-DaoLee	
3581	0:46:30	1/1/2019 	2784279	947.00	291.00	55.64	16.62	104020.23	49801	1	Tsung-DaoLee	
3582	0:46:31	1/1/2019 	2784809	948.00	371.00	69.61	16.62	104020.39	49804	1	Tsung-DaoLee	
3583	0:46:32	1/1/2019 	2785844	529.00	9.00	13.18	16.62	104020.81	49804	1	Tsung-DaoLee	
3584	0:46:33	1/1/2019 	2787313	946.00	259.00	51.28	16.62	104020.81	49802	1	Tsung-DaoLee	
3585	0:46:34	1/1/2019 	2787792	452.00	8.00	12.50	16.62	104020.81	50791	0	Tsung-DaoLee	
3586	0:46:34	1/1/2019 	2788290	948.00	305.00	57.88	16.62	104020.66	1822	1	Tsung-DaoLee	
3587	0:46:37	1/1/2019 	2790974	943.00	238.00	49.00	16.63	104021.75	145763	1	Tsung-DaoLee	
3588	0:46:45	1/1/2019 	2798816	946.00	509.00	88.03	16.63	104021.95	386571	0	Tsung-DaoLee	
3589	0:46:48	1/1/2019 	2802005	943.00	131.00	36.02	16.63	104022.53	145762	1	Tsung-DaoLee	
3590	0:46:49	1/1/2019 	2802860	920.00	109.00	31.77	16.64	104023.16	52153	1	Tsung-DaoLee	
3591	0:46:55	1/1/2019 	2808489	644.00	9.00	14.48	16.64	104022.97	241721	0	Tsung-DaoLee	
3592	0:46:59	1/1/2019 	2813389	942.00	239.00	49.10	16.64	104022.43	241724	1	Tsung-DaoLee	
3593	0:47:01	1/1/2019 	2814906	943.00	268.00	52.39	16.64	104022.43	98736	0	Tsung-DaoLee	
3594	0:47:04	1/1/2019 	2818184	885.00	69.00	24.81	16.64	104023.36	145761	0	Tsung-DaoLee	
3595	0:47:04	1/1/2019 	2818422	948.00	424.00	77.73	16.64	104023.52	1823	1	Tsung-DaoLee	
3596	0:47:10	1/1/2019 	2823890	283.00	8.00	10.82	16.65	104024.71	291261	0	Tsung-DaoLee	
3597	0:47:20	1/1/2019 	2834098	942.00	231.00	48.31	16.66	104028.27	482586	1	Tsung-DaoLee	
3598	0:47:21	1/1/2019 	2834616	109.00	8.00	6.84	16.66	104028.59	50624	0	Tsung-DaoLee	
3599	0:47:22	1/1/2019 	2836011	942.00	196.00	45.04	16.66	104028.90	49800	1	Tsung-DaoLee	
3600	0:47:26	1/1/2019 	2839781	952.00	666.00	119.96	16.66	104029.36	193737	1	Tsung-DaoLee	
3601	0:47:30	1/1/2019 	2843787	940.00	253.00	50.58	16.66	104029.52	194580	1	Tsung-DaoLee	
3602	0:47:34	1/1/2019 	2847593	941.00	199.00	45.33	16.66	104029.14	195236	1	Tsung-DaoLee	
3603	0:47:40	1/1/2019 	2853724	955.00	855.00	155.28	16.66	104029.91	289696	1	Tsung-DaoLee	
3604	0:47:41	1/1/2019 	2854625	126.00	8.00	7.32	16.66	104029.91	50668	0	Tsung-DaoLee	
3605	0:47:42	1/1/2019 	2856366	927.00	113.00	32.56	16.67	104030.17	49800	1	Tsung-DaoLee	
3606	0:47:46	1/1/2019 	2860211	948.00	462.00	82.34	16.67	104030.62	193742	1	Tsung-DaoLee	
3607	0:47:49	1/1/2019 	2862832	945.00	220.00	47.28	16.67	104030.45	146648	0	Tsung-DaoLee	
3608	0:47:55	1/1/2019 	2868623	540.00	9.00	13.29	16.67	104030.54	291217	0	Tsung-DaoLee	
3609	0:47:56	1/1/2019 	2869981	944.00	141.00	37.80	16.67	104030.38	49801	1	Tsung-DaoLee	
3610	0:47:57	1/1/2019 	2871450	942.00	223.00	47.56	16.68	104030.52	50714	1	Tsung-DaoLee	
3611	0:48:00	1/1/2019 	2874072	942.00	296.00	56.42	16.68	104030.52	145759	1	Tsung-DaoLee	
3612	0:48:00	1/1/2019 	2874272	106.00	8.00	6.75	16.68	104030.52	1823	0	Tsung-DaoLee	
3613	0:48:05	1/1/2019 	2879009	950.00	734.00	131.79	16.68	104031.77	243261	0	Tsung-DaoLee	
3614	0:48:07	1/1/2019 	2881154	934.00	116.00	33.15	16.68	104033.14	97784	1	Tsung-DaoLee	
3615	0:48:12	1/1/2019 	2885626	943.00	172.00	42.40	16.68	104034.23	242664	0	Tsung-DaoLee	
3616	0:48:12	1/1/2019 	2885679	948.00	362.00	68.03	16.68	104034.23	1824	1	Tsung-DaoLee	
3617	0:48:18	1/1/2019 	2891745	943.00	160.00	40.80	16.69	104037.31	289705	1	Tsung-DaoLee	
3618	0:48:18	1/1/2019 	2892049	342.00	9.00	11.62	16.69	104037.15	2776	0	Tsung-DaoLee	
3619	0:48:21	1/1/2019 	2895456	696.00	13.00	15.97	16.69	104037.09	147327	0	Tsung-DaoLee	
3620	0:48:25	1/1/2019 	2898802	831.00	45.00	22.06	16.70	104036.43	193746	1	Tsung-DaoLee	
3621	0:48:27	1/1/2019 	2900481	174.00	9.00	8.68	16.70	104036.27	49802	0	Tsung-DaoLee	
3622	0:48:28	1/1/2019 	2902128	692.00	13.00	15.96	16.70	104036.69	98766	0	Tsung-DaoLee	
3623	0:48:29	1/1/2019 	2903229	945.00	123.00	34.51	16.70	104036.69	49803	0	Tsung-DaoLee	
3624	0:48:31	1/1/2019 	2904865	94.00	8.00	6.44	16.70	104036.98	97784	0	Tsung-DaoLee	
3625	0:48:31	1/1/2019 	2905372	946.00	251.00	50.36	16.70	104036.98	5629	1	Tsung-DaoLee	
3626	0:48:34	1/1/2019 	2908053	654.00	10.00	14.83	16.70	104037.76	145763	0	Tsung-DaoLee	
3627	0:48:45	1/1/2019 	2919324	945.00	323.00	60.99	16.71	104037.67	529607	1	Tsung-DaoLee	
3628	0:48:48	1/1/2019 	2922430	946.00	360.00	67.67	16.71	104037.97	146603	1	Tsung-DaoLee	
3629	0:48:49	1/1/2019 	2922685	946.00	400.00	74.33	16.71	104037.97	50656	1	Tsung-DaoLee	
3630	0:48:54	1/1/2019 	2928428	843.00	52.00	22.77	16.71	104038.07	243231	0	Tsung-DaoLee	
3631	0:48:58	1/1/2019 	2931787	342.00	8.00	11.57	16.71	104037.59	193749	0	Tsung-DaoLee	
3632	0:49:00	1/1/2019 	2933479	945.00	235.00	48.70	16.72	104037.73	50684	1	Tsung-DaoLee	
3633	0:49:00	1/1/2019 	2934202	949.00	199.00	45.33	16.72	104037.73	49803	1	Tsung-DaoLee	
3634	0:49:00	1/1/2019 	2934455	955.00	808.00	143.48	16.72	104037.73	1823	1	Tsung-DaoLee	
3635	0:49:01	1/1/2019 	2934905	919.00	104.00	30.79	16.72	104037.73	49804	0	Tsung-DaoLee	
3636	0:49:04	1/1/2019 	2937710	943.00	245.00	49.71	16.72	104038.31	147285	1	Tsung-DaoLee	
3637	0:49:05	1/1/2019 	2939019	943.00	160.00	40.80	16.72	104038.15	49804	1	Tsung-DaoLee	
3638	0:49:05	1/1/2019 	2939339	93.00	7.00	6.42	16.72	104037.98	1823	0	Tsung-DaoLee	
3639	0:49:07	1/1/2019 	2940823	330.00	9.00	11.48	16.72	104037.67	97783	0	Tsung-DaoLee	
3640	0:49:07	1/1/2019 	2941334	946.00	228.00	48.03	16.72	104037.83	2728	1	Tsung-DaoLee	
3641	0:49:10	1/1/2019 	2944404	759.00	24.00	19.08	16.72	104038.12	145768	0	Tsung-DaoLee	
3642	0:49:13	1/1/2019 	2946593	927.00	113.00	32.56	16.72	104038.12	147310	1	Tsung-DaoLee	
3643	0:49:17	1/1/2019 	2950668	557.00	9.00	13.48	16.72	104038.58	193750	0	Tsung-DaoLee	
3644	0:49:18	1/1/2019 	2952265	402.00	7.00	12.07	16.72	104038.42	50734	0	Tsung-DaoLee	
3645	0:49:18	1/1/2019 	2952383	893.00	78.00	26.12	16.73	104038.68	1822	1	Tsung-DaoLee	
3646	0:49:21	1/1/2019 	2955409	942.00	237.00	48.90	16.73	104038.20	145764	0	Tsung-DaoLee	
3647	0:49:24	1/1/2019 	2957599	558.00	9.00	13.50	16.73	104038.97	145765	1	Tsung-DaoLee	
3648	0:49:33	1/1/2019 	2966563	646.00	10.00	14.77	16.73	104039.84	435198	0	Tsung-DaoLee	
3649	0:49:35	1/1/2019 	2968585	924.00	105.00	30.99	16.74	104040.30	98741	0	Tsung-DaoLee	
3650	0:49:42	1/1/2019 	2975781	889.00	74.00	25.51	16.74	104040.41	337683	0	Tsung-DaoLee	
3651	0:49:42	1/1/2019 	2976073	950.00	416.00	76.66	16.74	104040.56	2798	1	Tsung-DaoLee	
3652	0:49:45	1/1/2019 	2978943	249.00	8.00	10.28	16.74	104041.66	145762	0	Tsung-DaoLee	
3653	0:49:47	1/1/2019 	2980876	943.00	300.00	57.06	16.74	104041.66	99361	0	Tsung-DaoLee	
3654	0:49:47	1/1/2019 	2980963	922.00	104.00	30.80	16.74	104041.66	2649	1	Tsung-DaoLee	
3655	0:49:49	1/1/2019 	2982572	93.00	8.00	6.42	16.74	104042.42	97778	0	Tsung-DaoLee	
3656	0:49:50	1/1/2019 	2984029	943.00	214.00	46.73	16.74	104042.74	49801	1	Tsung-DaoLee	
3657	0:49:51	1/1/2019 	2985108	941.00	123.00	34.51	16.74	104042.74	49804	1	Tsung-DaoLee	
3658	0:49:58	1/1/2019 	2992306	940.00	120.00	33.93	16.75	104044.09	337680	0	Tsung-DaoLee	
3659	0:50:00	1/1/2019 	2993857	885.00	70.00	24.94	16.75	104044.09	99997	0	Tsung-DaoLee	
3660	0:50:00	1/1/2019 	2994080	601.00	9.00	14.04	16.75	104044.09	1822	0	Tsung-DaoLee	
3661	0:50:00	1/1/2019 	2994455	424.00	8.00	12.30	16.75	104044.41	1821	0	Tsung-DaoLee	
3662	0:50:07	1/1/2019 	3000482	946.00	282.00	54.30	16.75	104045.66	289702	0	Tsung-DaoLee	
3663	0:50:07	1/1/2019 	3001346	949.00	225.00	47.75	16.75	104045.98	50675	1	Tsung-DaoLee	
3664	0:50:11	1/1/2019 	3005048	942.00	137.00	37.10	16.75	104047.73	193747	1	Tsung-DaoLee	
3665	0:50:15	1/1/2019 	3008572	942.00	247.00	49.92	16.75	104048.52	195261	0	Tsung-DaoLee	
3666	0:50:15	1/1/2019 	3008971	948.00	223.00	47.56	16.75	104049.27	1822	1	Tsung-DaoLee	
3667	0:50:15	1/1/2019 	3009371	99.00	8.00	6.57	16.75	104049.00	1821	0	Tsung-DaoLee	
3668	0:50:18	1/1/2019 	3011553	152.00	8.00	8.07	16.75	104048.94	145762	0	Tsung-DaoLee	
3669	0:50:18	1/1/2019 	3011566	898.00	77.00	25.98	16.75	104048.94	2719	0	Tsung-DaoLee	
3670	0:50:18	1/1/2019 	3012009	950.00	434.00	79.02	16.75	104049.10	1822	1	Tsung-DaoLee	
3671	0:50:19	1/1/2019 	3012716	949.00	633.00	112.50	16.75	104049.27	51436	0	Tsung-DaoLee	
3672	0:50:22	1/1/2019 	3015689	760.00	28.00	19.81	16.75	104050.21	145763	0	Tsung-DaoLee	
3673	0:50:22	1/1/2019 	3016060	570.00	9.00	13.64	16.75	104050.21	1823	0	Tsung-DaoLee	
3674	0:50:22	1/1/2019 	3016499	269.00	8.00	10.61	16.75	104050.05	1820	0	Tsung-DaoLee	
3675	0:50:25	1/1/2019 	3018759	841.00	47.00	22.27	16.75	104049.10	145788	0	Tsung-DaoLee	
3676	0:50:25	1/1/2019 	3019020	944.00	145.00	38.48	16.75	104049.42	2826	1	Tsung-DaoLee	
3677	0:50:25	1/1/2019 	3019042	944.00	123.00	34.51	16.75	104049.42	1822	1	Tsung-DaoLee	
3678	0:50:25	1/1/2019 	3019400	918.00	93.00	28.71	16.75	104049.58	1821	1	Tsung-DaoLee	
3679	0:50:27	1/1/2019 	3021013	948.00	408.00	75.52	16.76	104051.15	97784	1	Tsung-DaoLee	
3680	0:50:28	1/1/2019 	3021578	446.00	8.00	12.46	16.76	104051.46	50734	0	Tsung-DaoLee	
3681	0:50:29	1/1/2019 	3022902	821.00	42.00	21.74	16.76	104051.78	49802	0	Tsung-DaoLee	
3682	0:50:31	1/1/2019 	3025425	171.00	8.00	8.59	16.76	104050.83	99334	0	Tsung-DaoLee	
3683	0:50:37	1/1/2019 	3031171	110.00	8.00	6.86	16.76	104050.42	289704	0	Tsung-DaoLee	
3684	0:50:39	1/1/2019 	3032948	942.00	148.00	38.97	16.76	104050.11	98742	1	Tsung-DaoLee	
3685	0:50:41	1/1/2019 	3034566	920.00	104.00	30.80	16.76	104049.63	97785	0	Tsung-DaoLee	
3686	0:50:42	1/1/2019 	3036117	944.00	149.00	39.13	16.76	104048.97	49804	0	Tsung-DaoLee	
3687	0:50:52	1/1/2019 	3045757	916.00	105.00	30.99	16.77	104050.48	481629	1	Tsung-DaoLee	
3688	0:50:53	1/1/2019 	3047161	928.00	113.00	32.56	16.77	104050.32	52333	1	Tsung-DaoLee	
3689	0:50:54	1/1/2019 	3047724	944.00	194.00	44.84	16.77	104050.16	49804	0	Tsung-DaoLee	
3690	0:50:57	1/1/2019 	3050919	595.00	9.00	13.96	16.77	104049.31	145763	0	Tsung-DaoLee	
3691	0:50:58	1/1/2019 	3051643	72.00	8.00	6.00	16.77	104048.83	50631	0	Tsung-DaoLee	
3692	0:51:04	1/1/2019 	3057584	945.00	346.00	65.15	16.77	104047.06	289704	1	Tsung-DaoLee	
3693	0:51:11	1/1/2019 	3065002	945.00	125.00	34.89	16.78	104049.02	337684	0	Tsung-DaoLee	
3694	0:51:14	1/1/2019 	3068426	948.00	544.00	93.40	16.78	104049.80	147997	1	Tsung-DaoLee	
3695	0:51:23	1/1/2019 	3076560	944.00	152.00	39.60	16.79	104051.14	433639	0	Tsung-DaoLee	
3696	0:51:23	1/1/2019 	3076914	480.00	8.00	12.68	16.79	104051.56	2695	0	Tsung-DaoLee	
3697	0:51:26	1/1/2019 	3080148	937.00	119.00	33.74	16.79	104052.17	145759	1	Tsung-DaoLee	
3698	0:51:28	1/1/2019 	3081853	872.00	61.00	23.79	16.80	104052.47	98673	1	Tsung-DaoLee	
3699	0:51:30	1/1/2019 	3084380	946.00	337.00	63.51	16.80	104051.83	99306	1	Tsung-DaoLee	
3700	0:51:31	1/1/2019 	3084865	884.00	69.00	24.81	16.80	104052.00	49803	1	Tsung-DaoLee	
3701	0:51:32	1/1/2019 	3086299	947.00	454.00	81.43	16.80	104052.09	49803	0	Tsung-DaoLee	
3702	0:51:34	1/1/2019 	3088280	127.00	8.00	7.35	16.80	104051.91	97784	0	Tsung-DaoLee	
3703	0:51:41	1/1/2019 	3094871	944.00	472.00	83.51	16.80	104051.25	337685	1	Tsung-DaoLee	
3704	0:51:41	1/1/2019 	3094992	946.00	146.00	38.64	16.80	104051.25	2740	1	Tsung-DaoLee	
3705	0:51:42	1/1/2019 	3096340	112.00	8.00	6.92	16.81	104051.99	51345	0	Tsung-DaoLee	
3706	0:51:47	1/1/2019 	3101305	945.00	208.00	46.18	16.81	104052.44	241723	1	Tsung-DaoLee	
3707	0:51:48	1/1/2019 	3101855	596.00	9.00	13.97	16.81	104052.86	50746	0	Tsung-DaoLee	
3708	0:51:54	1/1/2019 	3108294	107.00	8.00	6.78	16.81	104052.84	289702	0	Tsung-DaoLee	
3709	0:51:56	1/1/2019 	3110497	64.00	8.00	5.92	16.82	104053.30	97781	0	Tsung-DaoLee	
3710	0:52:01	1/1/2019 	3114841	942.00	155.00	40.06	16.82	104053.87	242684	1	Tsung-DaoLee	
3711	0:52:03	1/1/2019 	3116667	944.00	345.00	64.97	16.82	104054.64	99454	1	Tsung-DaoLee	
3712	0:52:03	1/1/2019 	3116820	945.00	265.00	52.01	16.82	104054.64	1822	1	Tsung-DaoLee	
3713	0:52:03	1/1/2019 	3116910	949.00	375.00	70.30	16.82	104054.64	1821	1	Tsung-DaoLee	
3714	0:52:04	1/1/2019 	3118100	946.00	472.00	83.51	16.82	104054.48	49802	1	Tsung-DaoLee	
3715	0:52:10	1/1/2019 	3123561	946.00	280.00	54.01	16.82	104053.98	289707	0	Tsung-DaoLee	
3716	0:52:10	1/1/2019 	3124176	949.00	135.00	36.75	16.82	104054.14	6488	1	Tsung-DaoLee	
3717	0:52:16	1/1/2019 	3129613	945.00	274.00	53.18	16.82	104053.66	289708	0	Tsung-DaoLee	
3718	0:52:16	1/1/2019 	3130293	660.00	11.00	15.16	16.82	104053.83	2662	0	Tsung-DaoLee	
3719	0:52:19	1/1/2019 	3133447	945.00	187.00	44.12	16.82	104054.56	145763	0	Tsung-DaoLee	
3720	0:52:23	1/1/2019 	3136653	439.00	9.00	12.48	16.83	104055.48	193748	0	Tsung-DaoLee	
3721	0:52:24	1/1/2019 	3138494	947.00	415.00	76.51	16.83	104055.28	49804	1	Tsung-DaoLee	
3722	0:52:25	1/1/2019 	3139064	920.00	104.00	30.80	16.83	104055.11	51298	0	Tsung-DaoLee	
3723	0:52:35	1/1/2019 	3148589	942.00	142.00	37.97	16.83	104053.00	481632	1	Tsung-DaoLee	
3724	0:52:35	1/1/2019 	3149282	949.00	135.00	36.75	16.83	104053.16	2690	1	Tsung-DaoLee	
3725	0:52:38	1/1/2019 	3152415	545.00	9.00	13.35	16.84	104053.90	145764	0	Tsung-DaoLee	
3726	0:52:39	1/1/2019 	3152956	926.00	111.00	32.17	16.84	104054.05	50687	1	Tsung-DaoLee	
3727	0:52:39	1/1/2019 	3153489	941.00	120.00	33.93	16.84	104054.22	1822	0	Tsung-DaoLee	
3728	0:52:42	1/1/2019 	3155667	944.00	181.00	43.46	16.84	104054.05	147282	1	Tsung-DaoLee	
3729	0:52:42	1/1/2019 	3155805	73.00	5.00	6.01	16.84	104054.05	1822	0	Tsung-DaoLee	
3730	0:52:44	1/1/2019 	3157982	883.00	65.00	24.29	16.84	104054.03	97782	1	Tsung-DaoLee	
3731	0:52:54	1/1/2019 	3168403	949.00	742.00	132.94	16.85	104054.72	481626	0	Tsung-DaoLee	
3732	0:52:57	1/1/2019 	3170889	925.00	111.00	32.17	16.85	104054.41	146677	1	Tsung-DaoLee	
3733	0:52:57	1/1/2019 	3171305	950.00	426.00	78.00	16.85	104054.41	2750	1	Tsung-DaoLee	
3734	0:53:00	1/1/2019 	3173911	184.00	8.00	8.92	16.85	104055.14	147307	1	Tsung-DaoLee	
3735	0:53:02	1/1/2019 	3175889	957.00	930.00	203.26	16.85	104055.44	97785	1	Tsung-DaoLee	
3736	0:53:06	1/1/2019 	3179656	160.00	8.00	8.30	16.85	104055.25	193744	0	Tsung-DaoLee	
3737	0:53:12	1/1/2019 	3186082	116.00	8.00	7.03	16.86	104056.95	290659	1	Tsung-DaoLee	
3738	0:53:16	1/1/2019 	3189619	943.00	158.00	40.51	16.86	104056.77	193748	1	Tsung-DaoLee	
3739	0:53:16	1/1/2019 	3190223	947.00	125.00	34.89	16.86	104056.60	4237	1	Tsung-DaoLee	
3740	0:53:20	1/1/2019 	3193845	286.00	8.00	10.86	16.86	104055.48	193741	0	Tsung-DaoLee	
3741	0:53:20	1/1/2019 	3194331	717.00	16.00	16.97	16.86	104055.17	1821	0	Tsung-DaoLee	
3742	0:53:21	1/1/2019 	3194965	753.00	24.00	19.06	16.86	104054.85	49801	0	Tsung-DaoLee	
3743	0:53:23	1/1/2019 	3197407	246.00	8.00	10.22	16.86	104054.53	97783	0	Tsung-DaoLee	
3744	0:53:33	1/1/2019 	3206989	436.00	8.00	12.39	16.86	104055.65	481640	0	Tsung-DaoLee	
3745	0:53:35	1/1/2019 	3209409	946.00	175.00	42.76	16.86	104057.19	99965	1	Tsung-DaoLee	
3746	0:53:36	1/1/2019 	3210250	941.00	131.00	36.02	16.86	104057.34	49805	1	Tsung-DaoLee	
3747	0:53:37	1/1/2019 	3211220	944.00	299.00	56.90	16.86	104057.34	50651	0	Tsung-DaoLee	
3748	0:53:39	1/1/2019 	3212669	948.00	333.00	62.79	16.86	104057.34	97785	1	Tsung-DaoLee	
3749	0:53:41	1/1/2019 	3214730	202.00	8.00	9.34	16.86	104057.50	97786	0	Tsung-DaoLee	
3750	0:53:42	1/1/2019 	3215589	942.00	233.00	48.50	16.86	104057.66	49804	1	Tsung-DaoLee	
3751	0:53:42	1/1/2019 	3216260	718.00	15.00	16.67	16.86	104058.27	3423	0	Tsung-DaoLee	
3752	0:53:44	1/1/2019 	3218022	945.00	128.00	35.46	16.86	104058.11	97785	0	Tsung-DaoLee	
3753	0:53:44	1/1/2019 	3218029	946.00	148.00	38.97	16.86	104058.11	1823	1	Tsung-DaoLee	
3754	0:53:48	1/1/2019 	3221712	943.00	293.00	55.95	16.86	104059.07	193746	1	Tsung-DaoLee	
3755	0:53:49	1/1/2019 	3223073	937.00	116.00	33.15	16.87	104059.52	50676	1	Tsung-DaoLee	
3756	0:53:50	1/1/2019 	3224490	664.00	11.00	15.19	16.87	104059.36	49803	0	Tsung-DaoLee	
3757	0:53:54	1/1/2019 	3228152	945.00	425.00	77.87	16.87	104059.36	195227	1	Tsung-DaoLee	
3758	0:54:03	1/1/2019 	3237193	941.00	468.00	83.05	16.87	104060.23	433664	1	Tsung-DaoLee	
3759	0:54:06	1/1/2019 	3240273	957.00	914.00	184.37	16.87	104060.72	146661	1	Tsung-DaoLee	
3760	0:54:10	1/1/2019 	3244325	943.00	125.00	34.89	16.87	104062.44	194659	1	Tsung-DaoLee	
3761	0:54:13	1/1/2019 	3247485	941.00	177.00	43.00	16.88	104064.13	145768	1	Tsung-DaoLee	
3762	0:54:16	1/1/2019 	3249655	631.00	10.00	14.62	16.88	104063.81	147348	0	Tsung-DaoLee	
3763	0:54:17	1/1/2019 	3251113	852.00	54.00	22.99	16.88	104063.95	50740	1	Tsung-DaoLee	
3764	0:54:18	1/1/2019 	3251623	944.00	214.00	46.73	16.88	104063.34	49802	1	Tsung-DaoLee	
3765	0:54:22	1/1/2019 	3256464	892.00	75.00	25.67	16.88	104064.27	193745	0	Tsung-DaoLee	
3766	0:54:24	1/1/2019 	3257694	697.00	13.00	15.98	16.88	104065.48	97782	0	Tsung-DaoLee	
3767	0:54:24	1/1/2019 	3258440	815.00	41.00	21.62	16.88	104066.09	1823	0	Tsung-DaoLee	
3768	0:54:26	1/1/2019 	3259640	926.00	113.00	32.56	16.88	104066.73	99341	1	Tsung-DaoLee	
3769	0:54:27	1/1/2019 	3260595	942.00	153.00	39.76	16.89	104067.66	50769	1	Tsung-DaoLee	
3770	0:54:28	1/1/2019 	3262195	941.00	159.00	40.65	16.89	104067.77	49803	1	Tsung-DaoLee	
3771	0:54:39	1/1/2019 	3272946	944.00	136.00	36.93	16.90	104068.30	529614	1	Tsung-DaoLee	
3772	0:54:43	1/1/2019 	3276977	785.00	31.00	20.35	16.90	104068.75	194572	1	Tsung-DaoLee	
3773	0:54:51	1/1/2019 	3284777	911.00	88.00	27.81	16.90	104070.89	385667	0	Tsung-DaoLee	
3774	0:54:51	1/1/2019 	3285309	946.00	249.00	50.14	16.90	104070.89	4043	0	Tsung-DaoLee	
3775	0:54:51	1/1/2019 	3285448	955.00	685.00	123.60	16.90	104070.89	1822	1	Tsung-DaoLee	
3776	0:54:52	1/1/2019 	3285873	947.00	283.00	54.44	16.90	104070.89	49803	1	Tsung-DaoLee	
3777	0:54:53	1/1/2019 	3286916	909.00	89.00	27.98	16.90	104071.05	49803	1	Tsung-DaoLee	
3778	0:54:53	1/1/2019 	3287427	946.00	224.00	47.65	16.90	104071.05	1822	1	Tsung-DaoLee	
3779	0:54:55	1/1/2019 	3288635	911.00	88.00	27.81	16.90	104070.89	98752	1	Tsung-DaoLee	
3780	0:54:57	1/1/2019 	3290791	945.00	237.00	48.90	16.91	104070.55	97785	1	Tsung-DaoLee	
3781	0:54:58	1/1/2019 	3291944	945.00	302.00	57.39	16.91	104070.39	50679	0	Tsung-DaoLee	
3782	0:54:59	1/1/2019 	3293138	947.00	139.00	37.46	16.91	104070.39	49805	0	Tsung-DaoLee	
3783	0:55:00	1/1/2019 	3294255	944.00	142.00	37.97	16.91	104070.71	49805	1	Tsung-DaoLee	
3784	0:55:01	1/1/2019 	3295454	929.00	114.00	32.76	16.91	104071.29	49805	0	Tsung-DaoLee	
3785	0:55:03	1/1/2019 	3296891	946.00	359.00	67.50	16.91	104071.29	99309	1	Tsung-DaoLee	
3786	0:55:03	1/1/2019 	3296989	945.00	224.00	47.65	16.91	104071.29	1823	1	Tsung-DaoLee	
3787	0:55:06	1/1/2019 	3300003	445.00	8.00	12.45	16.91	104072.06	145764	0	Tsung-DaoLee	
3788	0:55:19	1/1/2019 	3312313	941.00	266.00	52.13	16.91	104077.79	578509	1	Tsung-DaoLee	
3789	0:55:19	1/1/2019 	3312642	423.00	8.00	12.30	16.91	104077.95	50723	0	Tsung-DaoLee	
3790	0:55:19	1/1/2019 	3313247	89.00	8.00	6.32	16.91	104078.69	1820	0	Tsung-DaoLee	
3791	0:55:24	1/1/2019 	3317658	171.00	8.00	8.59	16.91	104080.12	243266	0	Tsung-DaoLee	
3792	0:55:25	1/1/2019 	3318556	585.00	9.00	13.83	16.91	104080.02	49805	0	Tsung-DaoLee	
3793	0:55:34	1/1/2019 	3328131	938.00	117.00	33.35	16.91	104079.32	433644	1	Tsung-DaoLee	
3794	0:55:34	1/1/2019 	3328285	945.00	133.00	36.38	16.91	104079.16	2769	0	Tsung-DaoLee	
3795	0:55:35	1/1/2019 	3329221	944.00	127.00	35.27	16.91	104079.00	49802	1	Tsung-DaoLee	
3796	0:55:41	1/1/2019 	3334987	949.00	763.00	136.00	16.92	104081.50	289705	1	Tsung-DaoLee	
3797	0:55:52	1/1/2019 	3345434	914.00	93.00	28.71	16.92	104080.23	484038	0	Tsung-DaoLee	
3798	0:55:52	1/1/2019 	3346273	946.00	261.00	51.52	16.92	104079.44	50619	1	Tsung-DaoLee	
3799	0:55:53	1/1/2019 	3347030	803.00	38.00	21.28	16.92	104079.28	49802	0	Tsung-DaoLee	
3800	0:55:53	1/1/2019 	3347110	744.00	21.00	18.38	16.92	104079.12	1823	0	Tsung-DaoLee	
3801	0:55:54	1/1/2019 	3347838	912.00	94.00	28.89	16.92	104079.12	49801	0	Tsung-DaoLee	
3802	0:55:55	1/1/2019 	3349152	950.00	782.00	139.25	16.92	104079.38	51286	1	Tsung-DaoLee	
3803	0:55:56	1/1/2019 	3349904	944.00	244.00	49.61	16.92	104079.38	49810	1	Tsung-DaoLee	
3804	0:55:57	1/1/2019 	3350748	911.00	89.00	27.98	16.92	104079.22	50651	1	Tsung-DaoLee	
3805	0:55:58	1/1/2019 	3351687	661.00	10.00	14.88	16.92	104079.22	49802	0	Tsung-DaoLee	
3806	0:56:02	1/1/2019 	3356077	145.00	8.00	7.87	16.93	104078.86	193741	0	Tsung-DaoLee	
3807	0:56:04	1/1/2019 	3357789	120.00	8.00	7.15	16.93	104078.05	97781	0	Tsung-DaoLee	
3808	0:56:05	1/1/2019 	3358729	912.00	91.00	28.34	16.93	104077.73	51301	1	Tsung-DaoLee	
3809	0:56:10	1/1/2019 	3364180	718.00	15.00	16.67	16.93	104079.41	241727	0	Tsung-DaoLee	
3810	0:56:11	1/1/2019 	3364999	826.00	42.00	21.75	16.93	104079.41	50672	0	Tsung-DaoLee	
3811	0:56:13	1/1/2019 	3366374	943.00	244.00	49.61	16.93	104079.83	49804	1	Tsung-DaoLee	
3812	0:56:20	1/1/2019 	3373910	943.00	128.00	35.46	16.93	104079.19	385669	1	Tsung-DaoLee	
3813	0:56:31	1/1/2019 	3384421	902.00	82.00	26.78	16.94	104079.16	482503	0	Tsung-DaoLee	
3814	0:56:33	1/1/2019 	3386733	139.00	8.00	7.70	16.94	104079.01	148085	0	Tsung-DaoLee	
3815	0:56:34	1/1/2019 	3387643	946.00	304.00	57.72	16.94	104079.14	49801	1	Tsung-DaoLee	
3816	0:56:46	1/1/2019 	3399863	967.00	951.00	255.15	16.94	104080.97	577594	0	Tsung-DaoLee	
3817	0:56:52	1/1/2019 	3405968	933.00	116.00	33.15	16.95	104080.95	290637	1	Tsung-DaoLee	
3818	0:56:56	1/1/2019 	3409342	740.00	20.00	18.12	16.95	104081.02	145765	0	Tsung-DaoLee	
3819	0:56:56	1/1/2019 	3410130	425.00	9.00	12.38	16.95	104081.19	51353	0	Tsung-DaoLee	
3820	0:56:58	1/1/2019 	3411824	948.00	634.00	112.65	16.95	104081.50	98739	1	Tsung-DaoLee	
3821	0:56:59	1/1/2019 	3413135	944.00	153.00	39.76	16.95	104081.77	49804	1	Tsung-DaoLee	
3822	0:57:01	1/1/2019 	3415016	902.00	82.00	26.78	16.95	104081.60	97785	0	Tsung-DaoLee	
3823	0:57:04	1/1/2019 	3417788	777.00	31.00	20.33	16.96	104082.05	145765	1	Tsung-DaoLee	
3824	0:57:08	1/1/2019 	3421918	778.00	31.00	20.33	16.96	104082.52	193743	0	Tsung-DaoLee	
3825	0:57:14	1/1/2019 	3427554	946.00	304.00	57.72	16.97	104084.47	292130	0	Tsung-DaoLee	
3826	0:57:18	1/1/2019 	3431382	565.00	9.00	13.58	16.97	104085.50	145763	0	Tsung-DaoLee	
3827	0:57:18	1/1/2019 	3431663	437.00	2.00	11.85	16.97	104085.67	50628	0	Tsung-DaoLee	
3828	0:57:19	1/1/2019 	3432819	949.00	670.00	120.65	16.97	104086.56	49801	1	Tsung-DaoLee	
3829	0:57:20	1/1/2019 	3434263	952.00	704.00	127.21	16.98	104087.49	49801	1	Tsung-DaoLee	
3830	0:57:21	1/1/2019 	3434655	691.00	13.00	15.95	16.98	104087.65	49802	0	Tsung-DaoLee	
3831	0:57:28	1/1/2019 	3442200	945.00	221.00	47.38	16.98	104088.92	339164	1	Tsung-DaoLee	
3832	0:57:29	1/1/2019 	3443290	874.00	64.00	24.15	16.99	104089.06	50657	1	Tsung-DaoLee	
3833	0:57:33	1/1/2019 	3446481	612.00	9.00	14.17	16.99	104089.19	145761	0	Tsung-DaoLee	
3834	0:57:35	1/1/2019 	3448330	940.00	134.00	36.57	16.99	104089.13	97781	1	Tsung-DaoLee	
3835	0:57:38	1/1/2019 	3451679	191.00	8.00	9.09	17.00	104089.19	193738	0	Tsung-DaoLee	
3836	0:57:40	1/1/2019 	3453409	947.00	179.00	43.23	17.00	104088.55	52163	1	Tsung-DaoLee	
3837	0:57:41	1/1/2019 	3455114	99.00	8.00	6.57	17.00	104088.52	97782	0	Tsung-DaoLee	
3838	0:57:42	1/1/2019 	3455904	844.00	47.00	22.28	17.00	104088.78	49803	0	Tsung-DaoLee	
3839	0:57:45	1/1/2019 	3458582	580.00	9.00	13.77	17.00	104087.67	145764	0	Tsung-DaoLee	
3840	0:57:47	1/1/2019 	3460782	945.00	388.00	72.46	17.00	104087.99	97783	0	Tsung-DaoLee	
3841	0:57:47	1/1/2019 	3460994	925.00	103.00	30.61	17.00	104087.99	2720	0	Tsung-DaoLee	
3842	0:57:52	1/1/2019 	3465569	944.00	158.00	40.51	17.00	104086.40	243250	0	Tsung-DaoLee	
3843	0:58:00	1/1/2019 	3473632	944.00	337.00	63.51	17.00	104085.92	385663	1	Tsung-DaoLee	
3844	0:58:12	1/1/2019 	3485377	915.00	94.00	28.89	17.00	104087.25	530529	0	Tsung-DaoLee	
3845	0:58:13	1/1/2019 	3486929	945.00	393.00	73.25	17.00	104087.58	98723	1	Tsung-DaoLee	
3846	0:58:16	1/1/2019 	3489755	93.00	8.00	6.42	17.00	104089.11	145764	0	Tsung-DaoLee	
3847	0:58:16	1/1/2019 	3490165	884.00	60.00	23.70	17.00	104089.11	2779	0	Tsung-DaoLee	
3848	0:58:19	1/1/2019 	3492874	943.00	256.00	50.93	17.01	104090.03	147330	1	Tsung-DaoLee	
3849	0:58:19	1/1/2019 	3493072	949.00	362.00	68.03	17.01	104090.03	1823	1	Tsung-DaoLee	
3850	0:58:23	1/1/2019 	3497017	944.00	133.00	36.38	17.01	104090.49	193745	1	Tsung-DaoLee	
3851	0:58:24	1/1/2019 	3497733	943.00	230.00	48.22	17.01	104090.33	49804	0	Tsung-DaoLee	
3852	0:58:24	1/1/2019 	3498147	84.00	8.00	6.21	17.01	104089.56	1823	0	Tsung-DaoLee	
3853	0:58:26	1/1/2019 	3499985	924.00	111.00	32.17	17.01	104089.38	97782	0	Tsung-DaoLee	
3854	0:58:26	1/1/2019 	3500110	100.00	8.00	6.59	17.01	104089.38	6500	0	Tsung-DaoLee	
3855	0:58:30	1/1/2019 	3503366	886.00	66.00	24.42	17.01	104088.58	145767	1	Tsung-DaoLee	
3856	0:58:31	1/1/2019 	3504717	873.00	65.00	24.27	17.01	104088.10	97785	0	Tsung-DaoLee	
3857	0:58:39	1/1/2019 	3512575	948.00	484.00	84.90	17.01	104086.67	385665	0	Tsung-DaoLee	
3858	0:58:39	1/1/2019 	3513118	917.00	95.00	29.08	17.01	104086.51	2659	1	Tsung-DaoLee	
3859	0:58:44	1/1/2019 	3517988	908.00	89.00	27.98	17.01	104086.98	243216	1	Tsung-DaoLee	
3860	0:58:45	1/1/2019 	3519082	940.00	120.00	33.93	17.01	104087.31	49804	1	Tsung-DaoLee	
3861	0:58:46	1/1/2019 	3519647	943.00	146.00	38.64	17.01	104087.31	49803	1	Tsung-DaoLee	
3862	0:58:49	1/1/2019 	3523202	862.00	56.00	23.22	17.01	104088.52	146628	1	Tsung-DaoLee	
3863	0:58:52	1/1/2019 	3526155	918.00	105.00	30.99	17.01	104088.98	145765	0	Tsung-DaoLee	
3864	0:58:53	1/1/2019 	3526409	574.00	9.00	13.69	17.01	104088.98	1823	0	Tsung-DaoLee	
3865	0:58:56	1/1/2019 	3529691	615.00	9.00	14.21	17.01	104088.34	195250	0	Tsung-DaoLee	
3866	0:59:10	1/1/2019 	3543981	943.00	274.00	53.18	17.01	104086.11	674438	1	Tsung-DaoLee	
3867	0:59:10	1/1/2019 	3544028	951.00	268.00	52.39	17.01	104086.11	2730	1	Tsung-DaoLee	
3868	0:59:17	1/1/2019 	3551001	171.00	8.00	8.59	17.02	104090.64	337685	0	Tsung-DaoLee	
3869	0:59:25	1/1/2019 	3558395	113.00	8.00	6.95	17.02	104094.70	338606	0	Tsung-DaoLee	
3870	0:59:27	1/1/2019 	3561031	942.00	125.00	34.89	17.02	104094.23	145761	1	Tsung-DaoLee	
3871	0:59:27	1/1/2019 	3561137	326.00	8.00	11.39	17.02	104094.23	4193	0	Tsung-DaoLee	
3872	0:59:29	1/1/2019 	3562722	886.00	74.00	25.51	17.02	104093.91	97782	1	Tsung-DaoLee	
3873	0:59:30	1/1/2019 	3563459	946.00	316.00	59.76	17.02	104093.91	1822	1	Tsung-DaoLee	
3874	0:59:32	1/1/2019 	3565980	335.00	9.00	11.54	17.03	104095.47	145764	0	Tsung-DaoLee	
3875	1:00:00	1/1/2019 	3593949	945.00	122.00	34.32	17.04	104097.48	1345263	0	Tsung-DaoLee	
3876	1:00:17	1/1/2019 	3611089	941.00	121.00	34.12	17.05	104097.64	818447	0	Tsung-DaoLee	
3877	1:00:26	1/1/2019 	3619050	714.00	15.00	16.66	17.06	104099.62	390334	0	Tsung-DaoLee	
3878	1:00:28	1/1/2019 	3621378	139.00	8.00	7.70	17.06	104099.31	97786	0	Tsung-DaoLee	
3879	1:00:28	1/1/2019 	3621653	947.00	425.00	77.87	17.06	104098.99	50639	1	Tsung-DaoLee	
3880	1:00:33	1/1/2019 	3626643	98.00	8.00	6.54	17.06	104098.02	241718	0	Tsung-DaoLee	
3881	1:00:34	1/1/2019 	3627718	942.00	232.00	48.41	17.06	104097.70	49802	1	Tsung-DaoLee	
3882	1:00:37	1/1/2019 	3630601	959.00	932.00	208.59	17.06	104097.22	147358	0	Tsung-DaoLee	
3883	1:00:38	1/1/2019 	3631588	904.00	87.00	27.62	17.06	104097.06	50667	0	Tsung-DaoLee	
3884	1:00:57	1/1/2019 	3650239	694.00	13.00	15.97	17.07	104099.03	865460	0	Tsung-DaoLee	
3885	1:00:58	1/1/2019 	3651368	542.00	9.00	13.32	17.07	104098.70	50685	0	Tsung-DaoLee	
3886	1:00:58	1/1/2019 	3651553	949.00	333.00	62.79	17.07	104098.70	49803	0	Tsung-DaoLee	
3887	1:00:59	1/1/2019 	3653025	842.00	45.00	22.07	17.07	104098.55	49802	0	Tsung-DaoLee	
3888	1:01:03	1/1/2019 	3657034	136.00	8.00	7.62	17.07	104099.64	195260	0	Tsung-DaoLee	
3889	1:01:04	1/1/2019 	3657326	943.00	176.00	42.88	17.07	104099.64	1822	1	Tsung-DaoLee	
3890	1:01:07	1/1/2019 	3660151	919.00	101.00	30.22	17.07	104100.11	145759	0	Tsung-DaoLee	
3891	1:01:07	1/1/2019 	3660299	948.00	290.00	55.48	17.07	104100.11	2732	1	Tsung-DaoLee	
3892	1:01:07	1/1/2019 	3660610	118.00	8.00	7.09	17.07	104100.44	49800	0	Tsung-DaoLee	
3893	1:01:10	1/1/2019 	3663146	651.00	10.00	14.81	17.07	104101.17	97778	0	Tsung-DaoLee	
3894	1:01:11	1/1/2019 	3664676	946.00	148.00	38.97	17.07	104101.17	99316	1	Tsung-DaoLee	
3895	1:01:12	1/1/2019 	3665813	948.00	260.00	51.40	17.07	104101.02	49801	1	Tsung-DaoLee	
3896	1:01:15	1/1/2019 	3668265	941.00	138.00	37.28	17.07	104100.85	97780	1	Tsung-DaoLee	
3897	1:01:16	1/1/2019 	3669082	941.00	175.00	42.76	17.07	104100.85	49802	1	Tsung-DaoLee	
3898	1:01:17	1/1/2019 	3670804	947.00	469.00	83.15	17.07	104101.14	97779	1	Tsung-DaoLee	
3899	1:01:25	1/1/2019 	3678296	944.00	286.00	54.88	17.08	104100.77	338598	1	Tsung-DaoLee	
3900	1:01:25	1/1/2019 	3678713	944.00	160.00	40.80	17.08	104100.77	51351	1	Tsung-DaoLee	
3901	1:01:30	1/1/2019 	3683324	408.00	9.00	12.25	17.08	104100.45	193734	0	Tsung-DaoLee	
3902	1:01:31	1/1/2019 	3684058	705.00	15.00	16.62	17.08	104100.61	50762	0	Tsung-DaoLee	
3903	1:01:33	1/1/2019 	3686640	946.00	141.00	37.80	17.08	104102.02	145759	1	Tsung-DaoLee	
3904	1:01:34	1/1/2019 	3687109	949.00	666.00	119.96	17.08	104102.34	1823	0	Tsung-DaoLee	
3905	1:01:43	1/1/2019 	3696135	948.00	373.00	69.95	17.08	104103.94	435194	1	Tsung-DaoLee	
3906	1:01:43	1/1/2019 	3696883	564.00	9.00	13.57	17.08	104103.94	50789	0	Tsung-DaoLee	
3907	1:01:43	1/1/2019 	3696976	454.00	8.00	12.51	17.08	104103.94	1821	0	Tsung-DaoLee	
3908	1:01:56	1/1/2019 	3709888	895.00	79.00	26.28	17.08	104105.50	625529	0	Tsung-DaoLee	
3909	1:02:04	1/1/2019 	3718007	949.00	463.00	82.48	17.09	104108.10	386482	1	Tsung-DaoLee	
3910	1:02:10	1/1/2019 	3723120	944.00	212.00	46.55	17.09	104107.41	241721	0	Tsung-DaoLee	
3911	1:02:19	1/1/2019 	3732429	936.00	118.00	33.54	17.10	104108.76	435860	1	Tsung-DaoLee	
3912	1:02:21	1/1/2019 	3734912	943.00	129.00	35.65	17.10	104108.73	146634	1	Tsung-DaoLee	
3913	1:02:25	1/1/2019 	3738476	942.00	134.00	36.57	17.10	104107.75	145759	1	Tsung-DaoLee	
3914	1:02:29	1/1/2019 	3742128	109.00	8.00	6.84	17.10	104106.96	193740	0	Tsung-DaoLee	
3915	1:02:30	1/1/2019 	3743231	949.00	576.00	99.58	17.10	104106.80	50692	1	Tsung-DaoLee	
3916	1:02:31	1/1/2019 	3744483	762.00	26.00	19.47	17.10	104106.31	49802	0	Tsung-DaoLee	
3917	1:02:36	1/1/2019 	3749322	944.00	242.00	49.40	17.10	104106.31	243243	1	Tsung-DaoLee	
3918	1:02:36	1/1/2019 	3749709	668.00	11.00	15.22	17.10	104106.31	49803	0	Tsung-DaoLee	
3919	1:02:37	1/1/2019 	3750822	945.00	337.00	63.51	17.10	104106.48	50720	1	Tsung-DaoLee	
3920	1:02:37	1/1/2019 	3751040	949.00	161.00	40.94	17.10	104106.80	1822	1	Tsung-DaoLee	
3921	1:02:49	1/1/2019 	3762292	145.00	12.00	7.89	17.10	104107.38	529604	0	Tsung-DaoLee	
3922	1:02:50	1/1/2019 	3763727	605.00	9.00	14.09	17.11	104107.99	100146	0	Tsung-DaoLee	
3923	1:02:50	1/1/2019 	3763980	949.00	443.00	80.13	17.11	104107.99	1821	1	Tsung-DaoLee	
3924	1:02:53	1/1/2019 	3766279	928.00	109.00	31.78	17.11	104107.83	97780	0	Tsung-DaoLee	
3925	1:02:55	1/1/2019 	3768385	942.00	127.00	35.27	17.11	104108.78	97780	1	Tsung-DaoLee	
3926	1:02:57	1/1/2019 	3770883	948.00	352.00	66.24	17.11	104110.20	145759	1	Tsung-DaoLee	
3927	1:02:58	1/1/2019 	3771293	946.00	146.00	38.64	17.11	104110.20	2786	1	Tsung-DaoLee	
3928	1:03:02	1/1/2019 	3775679	913.00	97.00	29.45	17.11	104110.30	243285	1	Tsung-DaoLee	
3929	1:03:03	1/1/2019 	3776342	948.00	317.00	59.93	17.11	104110.14	1823	1	Tsung-DaoLee	
3930	1:03:11	1/1/2019 	3784667	181.00	8.00	8.85	17.11	104110.77	433635	0	Tsung-DaoLee	
3931	1:03:17	1/1/2019 	3790217	334.00	7.00	11.44	17.11	104112.52	242702	0	Tsung-DaoLee	
3932	1:03:19	1/1/2019 	3792327	118.00	8.00	7.09	17.11	104113.61	98608	0	Tsung-DaoLee	
3933	1:03:28	1/1/2019 	3801730	944.00	192.00	44.64	17.12	104114.15	481611	1	Tsung-DaoLee	
3934	1:03:30	1/1/2019 	3803478	945.00	149.00	39.13	17.12	104113.52	52123	0	Tsung-DaoLee	
3935	1:03:32	1/1/2019 	3805858	797.00	35.00	20.91	17.12	104112.66	145762	0	Tsung-DaoLee	
3936	1:03:48	1/1/2019 	3821430	944.00	158.00	40.51	17.12	104112.17	721519	0	Tsung-DaoLee	
3937	1:03:51	1/1/2019 	3824355	871.00	56.00	23.23	17.12	104111.86	146636	0	Tsung-DaoLee	
3938	1:03:52	1/1/2019 	3825143	942.00	180.00	43.35	17.12	104111.86	49802	1	Tsung-DaoLee	
3939	1:03:53	1/1/2019 	3826448	943.00	135.00	36.75	17.13	104112.47	49802	0	Tsung-DaoLee	
3940	1:03:56	1/1/2019 	3829567	946.00	520.00	89.58	17.13	104114.00	195218	0	Tsung-DaoLee	
3941	1:04:00	1/1/2019 	3833331	957.00	886.00	164.43	17.13	104115.58	146653	1	Tsung-DaoLee	
3942	1:04:03	1/1/2019 	3836434	945.00	384.00	71.80	17.14	104116.45	145764	1	Tsung-DaoLee	
3943	1:04:03	1/1/2019 	3836470	946.00	136.00	36.93	17.14	104116.45	1823	1	Tsung-DaoLee	
3944	1:04:04	1/1/2019 	3837358	945.00	351.00	66.06	17.14	104116.29	49802	0	Tsung-DaoLee	
3945	1:04:07	1/1/2019 	3840695	944.00	209.00	46.27	17.14	104116.74	195312	1	Tsung-DaoLee	
3946	1:04:08	1/1/2019 	3841944	945.00	253.00	50.58	17.14	104117.03	50719	1	Tsung-DaoLee	
3947	1:04:09	1/1/2019 	3842182	920.00	105.00	30.99	17.14	104117.03	1823	0	Tsung-DaoLee	
3948	1:04:09	1/1/2019 	3842671	722.00	16.00	16.98	17.14	104116.72	49803	0	Tsung-DaoLee	
3949	1:04:10	1/1/2019 	3843117	534.00	9.00	13.23	17.14	104116.56	1820	0	Tsung-DaoLee	
3950	1:04:17	1/1/2019 	3850151	949.00	451.00	81.08	17.14	104115.26	337682	1	Tsung-DaoLee	
3951	1:04:18	1/1/2019 	3851559	340.00	8.00	11.55	17.14	104115.10	100148	0	Tsung-DaoLee	
3952	1:04:20	1/1/2019 	3853561	949.00	630.00	111.89	17.14	104114.62	97783	0	Tsung-DaoLee	
3953	1:04:22	1/1/2019 	3855130	945.00	460.00	82.12	17.14	104114.15	49807	0	Tsung-DaoLee	
3954	1:04:24	1/1/2019 	3857239	239.00	8.00	10.10	17.14	104114.31	97780	0	Tsung-DaoLee	
3955	1:04:33	1/1/2019 	3866166	942.00	177.00	43.00	17.14	104114.78	433636	0	Tsung-DaoLee	
3956	1:04:33	1/1/2019 	3866298	951.00	285.00	54.73	17.14	104114.78	2785	0	Tsung-DaoLee	
3957	1:04:34	1/1/2019 	3867953	947.00	266.00	52.14	17.14	104115.58	99356	0	Tsung-DaoLee	
3958	1:04:35	1/1/2019 	3868333	246.00	8.00	10.22	17.14	104115.73	1822	0	Tsung-DaoLee	
3959	1:04:36	1/1/2019 	3869847	280.00	8.00	10.78	17.15	104116.52	97780	0	Tsung-DaoLee	
3960	1:04:38	1/1/2019 	3871337	158.00	8.00	8.24	17.15	104116.67	50614	0	Tsung-DaoLee	
3961	1:04:42	1/1/2019 	3875329	945.00	297.00	56.58	17.15	104116.35	193736	0	Tsung-DaoLee	
3962	1:04:42	1/1/2019 	3876026	702.00	13.00	15.99	17.15	104116.35	51286	0	Tsung-DaoLee	
3963	1:04:52	1/1/2019 	3885479	941.00	149.00	39.13	17.15	104117.73	433633	1	Tsung-DaoLee	
3964	1:05:05	1/1/2019 	3898412	893.00	75.00	25.67	17.15	104118.19	626395	0	Tsung-DaoLee	
3965	1:05:07	1/1/2019 	3900325	852.00	53.00	22.89	17.15	104117.38	98641	0	Tsung-DaoLee	
3966	1:05:13	1/1/2019 	3906342	744.00	21.00	18.38	17.15	104115.95	290585	0	Tsung-DaoLee	
3967	1:05:18	1/1/2019 	3911430	143.00	8.00	7.82	17.15	104115.31	241727	0	Tsung-DaoLee	
3968	1:05:18	1/1/2019 	3912005	944.00	128.00	35.46	17.15	104115.16	52100	1	Tsung-DaoLee	
3969	1:05:19	1/1/2019 	3912938	125.00	7.00	7.29	17.15	104115.16	49801	0	Tsung-DaoLee	
3970	1:05:21	1/1/2019 	3914971	949.00	749.00	134.03	17.15	104115.16	97781	1	Tsung-DaoLee	
3971	1:05:23	1/1/2019 	3916079	946.00	216.00	46.92	17.15	104115.45	49803	1	Tsung-DaoLee	
3972	1:05:33	1/1/2019 	3925912	941.00	261.00	51.52	17.16	104115.71	481622	0	Tsung-DaoLee	
3973	1:05:37	1/1/2019 	3930446	857.00	53.00	22.90	17.16	104116.33	194663	0	Tsung-DaoLee	
3974	1:05:43	1/1/2019 	3936809	944.00	133.00	36.38	17.16	104118.21	340050	1	Tsung-DaoLee	
3975	1:05:51	1/1/2019 	3944776	944.00	258.00	51.16	17.17	104119.09	385665	1	Tsung-DaoLee	
3976	1:05:54	1/1/2019 	3947481	947.00	586.00	101.68	17.17	104118.61	98750	1	Tsung-DaoLee	
3977	1:05:55	1/1/2019 	3948161	235.00	8.00	10.02	17.17	104118.12	49806	0	Tsung-DaoLee	
3978	1:06:03	1/1/2019 	3956172	944.00	129.00	35.65	17.17	104118.23	385674	1	Tsung-DaoLee	
3979	1:06:04	1/1/2019 	3957452	134.00	6.00	7.55	17.17	104117.49	54571	0	Tsung-DaoLee	
3980	1:06:09	1/1/2019 	3962007	70.00	8.00	5.98	17.17	104119.02	241721	0	Tsung-DaoLee	
3981	1:06:12	1/1/2019 	3965040	548.00	9.00	13.38	17.17	104119.98	146596	0	Tsung-DaoLee	
3982	1:06:28	1/1/2019 	3981626	84.00	8.00	6.21	17.17	104120.78	817476	0	Tsung-DaoLee	
3983	1:06:31	1/1/2019 	3983929	123.00	8.00	7.24	17.17	104119.83	98634	0	Tsung-DaoLee	
3984	1:06:44	1/1/2019 	3997205	947.00	240.00	49.20	17.17	104122.00	625555	1	Tsung-DaoLee	
3985	1:06:44	1/1/2019 	3997623	92.00	8.00	6.39	17.17	104122.00	52062	0	Tsung-DaoLee	
3986	1:06:45	1/1/2019 	3998040	947.00	183.00	43.69	17.18	104122.42	1821	0	Tsung-DaoLee	
3987	1:06:45	1/1/2019 	3998178	178.00	8.00	8.77	17.18	104122.42	1824	0	Tsung-DaoLee	
3988	1:06:47	1/1/2019 	4000657	881.00	68.00	24.67	17.18	104121.30	145760	0	Tsung-DaoLee	
3989	1:06:47	1/1/2019 	4000799	558.00	8.00	13.36	17.18	104121.30	2719	0	Tsung-DaoLee	
3990	1:06:54	1/1/2019 	4007059	945.00	544.00	93.40	17.18	104118.76	289697	1	Tsung-DaoLee	
3991	1:06:57	1/1/2019 	4009915	949.00	529.00	90.94	17.18	104119.06	147294	1	Tsung-DaoLee	
3992	1:07:01	1/1/2019 	4014163	946.00	625.00	110.76	17.18	104118.73	194663	1	Tsung-DaoLee	
3993	1:07:02	1/1/2019 	4015722	947.00	603.00	105.50	17.18	104119.06	97781	0	Tsung-DaoLee	
3994	1:07:05	1/1/2019 	4018470	943.00	344.00	64.78	17.18	104120.27	97783	1	Tsung-DaoLee	
3995	1:07:14	1/1/2019 	4027710	654.00	10.00	14.83	17.18	104124.52	481620	0	Tsung-DaoLee	
3996	1:07:17	1/1/2019 	4029982	943.00	214.00	46.73	17.18	104124.52	98723	1	Tsung-DaoLee	
3997	1:07:18	1/1/2019 	4031419	614.00	9.00	14.20	17.18	104124.05	52210	0	Tsung-DaoLee	
3998	1:07:18	1/1/2019 	4031850	305.00	8.00	11.13	17.18	104123.56	49800	0	Tsung-DaoLee	
3999	1:07:19	1/1/2019 	4032063	782.00	32.00	20.49	17.18	104123.56	1820	0	Tsung-DaoLee	
4000	1:07:21	1/1/2019 	4034250	295.00	7.00	10.96	17.18	104122.93	97780	0	Tsung-DaoLee	
4001	1:07:23	1/1/2019 	4036027	897.00	75.00	25.68	17.18	104122.77	97780	1	Tsung-DaoLee	
4002	1:07:27	1/1/2019 	4040123	946.00	129.00	35.65	17.18	104122.93	193742	0	Tsung-DaoLee	
4003	1:07:28	1/1/2019 	4041015	763.00	28.00	19.82	17.18	104123.25	54484	0	Tsung-DaoLee	
4004	1:07:32	1/1/2019 	4045616	141.00	8.00	7.76	17.18	104121.98	241724	0	Tsung-DaoLee	
4005	1:07:33	1/1/2019 	4046113	69.00	8.00	5.97	17.18	104121.98	1822	0	Tsung-DaoLee	
4006	1:07:40	1/1/2019 	4053766	201.00	8.00	9.32	17.19	104126.53	385661	0	Tsung-DaoLee	
4007	1:07:41	1/1/2019 	4054005	160.00	8.00	8.30	17.19	104126.53	2656	0	Tsung-DaoLee	
4008	1:07:49	1/1/2019 	4062437	781.00	33.00	20.62	17.18	104124.84	387161	0	Tsung-DaoLee	
4009	1:07:49	1/1/2019 	4062498	947.00	204.00	45.81	17.18	104124.84	2685	1	Tsung-DaoLee	
4010	1:07:55	1/1/2019 	4068256	907.00	91.00	28.34	17.18	104122.16	289703	1	Tsung-DaoLee	
4011	1:07:56	1/1/2019 	4069709	942.00	146.00	38.64	17.18	104122.16	97790	0	Tsung-DaoLee	
4012	1:08:02	1/1/2019 	4075238	582.00	9.00	13.79	17.18	104121.36	242616	0	Tsung-DaoLee	
4013	1:08:11	1/1/2019 	4083932	99.00	8.00	6.57	17.18	104123.89	433674	0	Tsung-DaoLee	
4014	1:08:11	1/1/2019 	4083945	448.00	8.00	12.47	17.18	104123.89	4122	1	Tsung-DaoLee	
4015	1:08:11	1/1/2019 	4084417	137.00	8.00	7.64	17.18	104123.89	1821	0	Tsung-DaoLee	
4016	1:08:15	1/1/2019 	4088890	887.00	75.00	25.66	17.18	104123.56	241734	1	Tsung-DaoLee	
4017	1:08:18	1/1/2019 	4090958	946.00	221.00	47.38	17.18	104122.61	97789	1	Tsung-DaoLee	
4018	1:08:21	1/1/2019 	4094255	141.00	8.00	7.76	17.19	104122.08	146693	0	Tsung-DaoLee	
4019	1:08:22	1/1/2019 	4095834	908.00	86.00	27.46	17.19	104122.39	97788	0	Tsung-DaoLee	
4020	1:08:23	1/1/2019 	4096202	404.00	8.00	12.15	17.19	104122.55	3370	0	Tsung-DaoLee	
4021	1:08:24	1/1/2019 	4096970	943.00	130.00	35.83	17.19	104122.55	49804	0	Tsung-DaoLee	
4022	1:08:24	1/1/2019 	4097153	950.00	197.00	45.14	17.19	104122.72	1823	1	Tsung-DaoLee	
4023	1:08:27	1/1/2019 	4100737	235.00	8.00	10.02	17.19	104123.80	193753	0	Tsung-DaoLee	
4024	1:08:35	1/1/2019 	4108715	944.00	345.00	64.97	17.19	104124.89	386633	0	Tsung-DaoLee	
4025	1:08:37	1/1/2019 	4110896	925.00	108.00	31.58	17.19	104125.21	97788	1	Tsung-DaoLee	
4026	1:08:39	1/1/2019 	4112875	945.00	399.00	74.18	17.19	104125.21	100213	1	Tsung-DaoLee	
4027	1:08:42	1/1/2019 	4115353	140.00	8.00	7.73	17.19	104125.38	97790	0	Tsung-DaoLee	
4028	1:08:43	1/1/2019 	4116575	962.00	950.00	250.15	17.19	104125.21	97792	0	Tsung-DaoLee	
4029	1:08:45	1/1/2019 	4118887	946.00	542.00	93.04	17.19	104126.11	97788	1	Tsung-DaoLee	
4030	1:08:48	1/1/2019 	4121000	133.00	7.00	7.52	17.20	104126.72	97788	0	Tsung-DaoLee	
4031	1:09:11	1/1/2019 	4144710	73.00	8.00	6.02	17.20	104124.66	1155576	0	Tsung-DaoLee	
4032	1:09:11	1/1/2019 	4144781	228.00	8.00	9.89	17.20	104124.66	2667	0	Tsung-DaoLee	
4033	1:09:17	1/1/2019 	4149930	649.00	10.00	14.80	17.20	104125.29	241735	0	Tsung-DaoLee	
4034	1:09:17	1/1/2019 	4150191	735.00	17.00	17.31	17.20	104125.13	2685	0	Tsung-DaoLee	
4035	1:09:19	1/1/2019 	4152899	786.00	33.00	20.63	17.19	104125.47	145768	0	Tsung-DaoLee	
4036	1:09:21	1/1/2019 	4154770	162.00	8.00	8.35	17.19	104129.13	97786	0	Tsung-DaoLee	
4037	1:09:24	1/1/2019 	4157270	409.00	9.00	12.26	17.20	104134.68	99295	0	Tsung-DaoLee	
4038	1:09:24	1/1/2019 	4157627	843.00	46.00	22.17	17.20	104136.59	49804	0	Tsung-DaoLee	
4039	1:09:24	1/1/2019 	4157781	107.00	8.00	6.78	17.20	104136.59	1820	0	Tsung-DaoLee	
4040	1:09:24	1/1/2019 	4157902	754.00	24.00	19.06	17.20	104138.50	1821	0	Tsung-DaoLee	
4041	1:09:26	1/1/2019 	4159346	427.00	8.00	12.32	17.20	104143.59	49804	0	Tsung-DaoLee	
4042	1:09:26	1/1/2019 	4159371	946.00	153.00	39.76	17.20	104146.78	1822	1	Tsung-DaoLee	
4043	1:09:26	1/1/2019 	4159669	951.00	406.00	75.23	17.20	104146.78	50788	1	Tsung-DaoLee	
4044	1:09:27	1/1/2019 	4160379	917.00	95.00	29.08	17.20	104149.97	2721	0	Tsung-DaoLee	
4045	1:09:29	1/1/2019 	4162281	310.00	8.00	11.19	17.20	104152.67	97789	0	Tsung-DaoLee	
4046	1:09:29	1/1/2019 	4162831	155.00	8.00	8.16	17.20	104151.72	49805	0	Tsung-DaoLee	
4047	1:09:30	1/1/2019 	4162914	855.00	53.00	22.89	17.20	104151.72	1820	0	Tsung-DaoLee	
4048	1:09:30	1/1/2019 	4163420	643.00	9.00	14.48	17.20	104150.44	1823	0	Tsung-DaoLee	
4049	1:09:30	1/1/2019 	4163826	923.00	97.00	29.46	17.20	104149.48	51336	0	Tsung-DaoLee	
4050	1:09:33	1/1/2019 	4166712	955.00	763.00	136.01	17.20	104143.70	145771	0	Tsung-DaoLee	
4051	1:09:34	1/1/2019 	4167072	942.00	154.00	39.91	17.20	104142.27	1824	1	Tsung-DaoLee	
4052	1:09:35	1/1/2019 	4168773	924.00	109.00	31.77	17.20	104139.22	97788	0	Tsung-DaoLee	
4053	1:09:36	1/1/2019 	4169333	430.00	8.00	12.35	17.20	104138.40	1823	0	Tsung-DaoLee	
4054	1:09:51	1/1/2019 	4184557	950.00	639.00	113.91	17.22	104123.77	769540	0	Tsung-DaoLee	
4055	1:09:51	1/1/2019 	4184784	567.00	9.00	13.60	17.22	104123.77	4178	0	Tsung-DaoLee	
4056	1:09:52	1/1/2019 	4185180	63.00	8.00	5.91	17.22	104123.77	1820	0	Tsung-DaoLee	
4057	1:09:52	1/1/2019 	4185276	597.00	9.00	13.99	17.22	104123.77	1820	0	Tsung-DaoLee	
4058	1:09:52	1/1/2019 	4185830	954.00	665.00	119.69	17.22	104123.45	49804	1	Tsung-DaoLee	
4059	1:09:54	1/1/2019 	4187612	918.00	99.00	29.83	17.23	104122.60	97785	1	Tsung-DaoLee	
4060	1:09:57	1/1/2019 	4190681	943.00	125.00	34.89	17.23	104122.73	146890	1	Tsung-DaoLee	
4061	1:09:58	1/1/2019 	4191334	947.00	308.00	58.39	17.23	104123.03	2784	1	Tsung-DaoLee	
4062	1:10:00	1/1/2019 	4193338	696.00	13.00	15.97	17.23	104122.88	97790	0	Tsung-DaoLee	
4063	1:10:01	1/1/2019 	4194633	84.00	8.00	6.21	17.23	104122.98	97791	0	Tsung-DaoLee	
4064	1:10:06	1/1/2019 	4199174	946.00	413.00	76.23	17.24	104122.31	193747	1	Tsung-DaoLee	
4065	1:10:11	1/1/2019 	4204634	941.00	140.00	37.63	17.24	104121.59	289711	1	Tsung-DaoLee	
4066	1:10:12	1/1/2019 	4205058	945.00	214.00	46.73	17.24	104121.75	4254	1	Tsung-DaoLee	
4067	1:10:26	1/1/2019 	4219573	942.00	117.00	33.35	17.25	104121.25	721524	0	Tsung-DaoLee	
4068	1:10:31	1/1/2019 	4224073	947.00	264.00	51.88	17.26	104120.84	194577	1	Tsung-DaoLee	
4069	1:10:31	1/1/2019 	4224379	947.00	126.00	35.08	17.26	104120.69	1822	1	Tsung-DaoLee	
4070	1:10:32	1/1/2019 	4225769	65.00	8.00	5.92	17.26	104119.89	97783	0	Tsung-DaoLee	
4071	1:10:33	1/1/2019 	4226032	917.00	95.00	29.08	17.26	104119.58	1820	1	Tsung-DaoLee	
4072	1:10:44	1/1/2019 	4238007	357.00	8.00	11.73	17.27	104113.39	579091	0	Tsung-DaoLee	
4073	1:10:45	1/1/2019 	4238042	950.00	788.00	140.69	17.27	104113.39	2681	1	Tsung-DaoLee	
4074	1:10:46	1/1/2019 	4239327	89.00	8.00	6.32	17.27	104113.97	49804	0	Tsung-DaoLee	
4075	1:10:47	1/1/2019 	4240352	80.00	8.00	6.14	17.27	104114.77	49801	0	Tsung-DaoLee	
4076	1:10:51	1/1/2019 	4244152	96.00	8.00	6.49	17.27	104118.72	194618	0	Tsung-DaoLee	
4077	1:10:54	1/1/2019 	4247253	301.00	9.00	11.11	17.28	104120.29	145762	0	Tsung-DaoLee	
4078	1:10:56	1/1/2019 	4249855	943.00	171.00	42.27	17.28	104119.97	147281	1	Tsung-DaoLee	
4079	1:10:59	1/1/2019 	4252272	944.00	244.00	49.61	17.28	104119.02	98687	1	Tsung-DaoLee	
4080	1:11:01	1/1/2019 	4254185	945.00	273.00	53.04	17.28	104118.70	97787	1	Tsung-DaoLee	
4081	1:11:02	1/1/2019 	4255185	178.00	8.00	8.77	17.28	104118.86	49805	0	Tsung-DaoLee	
4082	1:11:04	1/1/2019 	4257836	944.00	131.00	36.02	17.28	104120.23	145769	1	Tsung-DaoLee	
4083	1:11:06	1/1/2019 	4259100	925.00	109.00	31.77	17.28	104121.51	51336	1	Tsung-DaoLee	
4084	1:11:08	1/1/2019 	4261204	947.00	386.00	72.13	17.28	104123.88	97791	0	Tsung-DaoLee	
4085	1:11:09	1/1/2019 	4262466	392.00	8.00	12.06	17.28	104124.67	50735	0	Tsung-DaoLee	
4086	1:11:11	1/1/2019 	4264795	944.00	301.00	57.22	17.28	104126.42	145769	1	Tsung-DaoLee	
4087	1:11:12	1/1/2019 	4265935	942.00	161.00	40.94	17.28	104126.73	49805	0	Tsung-DaoLee	
4088	1:11:13	1/1/2019 	4266148	928.00	113.00	32.56	17.28	104126.73	1822	0	Tsung-DaoLee	
4089	1:11:17	1/1/2019 	4270587	924.00	103.00	30.61	17.28	104127.23	243277	1	Tsung-DaoLee	
4090	1:11:19	1/1/2019 	4272892	922.00	108.00	31.58	17.28	104127.56	98740	0	Tsung-DaoLee	
4091	1:11:21	1/1/2019 	4274394	944.00	400.00	74.33	17.28	104127.40	49803	1	Tsung-DaoLee	
4092	1:11:24	1/1/2019 	4277329	947.00	231.00	48.31	17.28	104128.03	145766	0	Tsung-DaoLee	
4093	1:11:27	1/1/2019 	4280765	919.00	100.00	30.02	17.28	104130.11	193747	0	Tsung-DaoLee	
4094	1:11:27	1/1/2019 	4280982	949.00	297.00	56.58	17.28	104130.11	2795	1	Tsung-DaoLee	
4095	1:11:30	1/1/2019 	4283549	948.00	585.00	101.51	17.28	104131.67	147342	0	Tsung-DaoLee	
4096	1:11:31	1/1/2019 	4284458	942.00	129.00	35.65	17.28	104131.99	1822	1	Tsung-DaoLee	
4097	1:11:31	1/1/2019 	4284463	657.00	10.00	14.85	17.28	104131.99	1824	0	Tsung-DaoLee	
4098	1:11:32	1/1/2019 	4285091	942.00	211.00	46.46	17.28	104132.15	49802	1	Tsung-DaoLee	
4099	1:11:33	1/1/2019 	4286750	945.00	398.00	74.03	17.28	104132.15	97786	0	Tsung-DaoLee	
4100	1:11:33	1/1/2019 	4286931	525.00	8.00	13.03	17.28	104132.15	2870	0	Tsung-DaoLee	
4101	1:11:35	1/1/2019 	4288428	699.00	13.00	15.98	17.28	104131.36	49801	0	Tsung-DaoLee	
4102	1:11:40	1/1/2019 	4293452	308.00	8.00	11.17	17.28	104129.95	241730	0	Tsung-DaoLee	
4103	1:11:41	1/1/2019 	4294325	924.00	109.00	31.77	17.28	104129.95	50637	1	Tsung-DaoLee	
4104	1:11:42	1/1/2019 	4295885	884.00	66.00	24.42	17.28	104130.40	97786	0	Tsung-DaoLee	
4105	1:11:43	1/1/2019 	4296699	920.00	105.00	30.99	17.28	104130.11	49805	1	Tsung-DaoLee	
4106	1:11:44	1/1/2019 	4297792	923.00	104.00	30.80	17.28	104130.42	51292	0	Tsung-DaoLee	
4107	1:11:45	1/1/2019 	4298094	806.00	38.00	21.28	17.28	104131.04	1822	0	Tsung-DaoLee	
4108	1:11:56	1/1/2019 	4309421	775.00	29.00	20.02	17.28	104132.47	529617	0	Tsung-DaoLee	
4109	1:11:56	1/1/2019 	4309591	823.00	42.00	21.74	17.28	104132.47	50664	1	Tsung-DaoLee	
4110	1:12:00	1/1/2019 	4313317	954.00	885.00	165.24	17.28	104132.61	146643	1	Tsung-DaoLee	
4111	1:12:12	1/1/2019 	4325691	944.00	170.00	42.14	17.29	104135.55	625589	0	Tsung-DaoLee	
4112	1:12:12	1/1/2019 	4325904	949.00	546.00	93.73	17.29	104135.55	4116	1	Tsung-DaoLee	
4113	1:12:14	1/1/2019 	4327899	97.00	8.00	6.52	17.29	104136.61	97785	0	Tsung-DaoLee	
4114	1:12:15	1/1/2019 	4328489	79.00	8.00	6.12	17.29	104136.92	1821	0	Tsung-DaoLee	
4115	1:12:19	1/1/2019 	4332796	268.00	8.00	10.59	17.29	104138.49	241731	0	Tsung-DaoLee	
4116	1:12:19	1/1/2019 	4333019	945.00	138.00	37.28	17.29	104138.49	2740	1	Tsung-DaoLee	
4117	1:12:20	1/1/2019 	4334027	161.00	8.00	8.32	17.29	104138.33	49805	0	Tsung-DaoLee	
4118	1:12:22	1/1/2019 	4335713	932.00	113.00	32.56	17.30	104138.95	99329	1	Tsung-DaoLee	
4119	1:12:23	1/1/2019 	4336429	903.00	86.00	27.45	17.30	104138.62	1825	1	Tsung-DaoLee	
4120	1:12:27	1/1/2019 	4340219	946.00	225.00	47.75	17.30	104137.99	193756	1	Tsung-DaoLee	
4121	1:12:30	1/1/2019 	4343165	946.00	280.00	54.01	17.30	104137.03	146711	1	Tsung-DaoLee	
4122	1:12:31	1/1/2019 	4344187	942.00	142.00	37.97	17.30	104136.40	49806	0	Tsung-DaoLee	
4123	1:12:32	1/1/2019 	4345767	946.00	358.00	67.32	17.30	104136.23	99310	1	Tsung-DaoLee	
4124	1:12:33	1/1/2019 	4346981	943.00	122.00	34.32	17.30	104135.77	49805	1	Tsung-DaoLee	
4125	1:12:38	1/1/2019 	4351399	952.00	939.00	221.17	17.29	104133.72	193752	1	Tsung-DaoLee	
4126	1:12:45	1/1/2019 	4358677	650.00	13.00	15.56	17.30	104136.02	386647	0	Tsung-DaoLee	
4127	1:12:50	1/1/2019 	4363263	944.00	137.00	37.10	17.30	104136.16	193753	0	Tsung-DaoLee	
4128	1:12:50	1/1/2019 	4363825	317.00	8.00	11.28	17.30	104136.16	50627	0	Tsung-DaoLee	
4129	1:12:59	1/1/2019 	4372067	943.00	183.00	43.69	17.30	104134.86	387207	1	Tsung-DaoLee	
4130	1:12:59	1/1/2019 	4372187	191.00	8.00	9.09	17.30	104134.86	2669	0	Tsung-DaoLee	
4131	1:13:02	1/1/2019 	4375682	899.00	85.00	27.27	17.31	104135.28	193752	0	Tsung-DaoLee	
4132	1:13:02	1/1/2019 	4375738	945.00	201.00	45.52	17.31	104135.28	1823	1	Tsung-DaoLee	
4133	1:13:03	1/1/2019 	4376384	942.00	260.00	51.40	17.31	104135.44	1822	1	Tsung-DaoLee	
4134	1:13:05	1/1/2019 	4378271	116.00	8.00	7.03	17.31	104134.64	97787	0	Tsung-DaoLee	
4135	1:13:22	1/1/2019 	4395193	114.00	8.00	6.98	17.31	104136.31	819022	0	Tsung-DaoLee	
4136	1:13:24	1/1/2019 	4397578	917.00	102.00	30.41	17.31	104135.84	146641	0	Tsung-DaoLee	
4137	1:13:27	1/1/2019 	4400554	953.00	864.00	157.27	17.31	104135.84	145770	0	Tsung-DaoLee	
4138	1:13:33	1/1/2019 	4406780	176.00	8.00	8.72	17.31	104136.45	290607	0	Tsung-DaoLee	
4139	1:13:39	1/1/2019 	4412483	945.00	288.00	55.18	17.32	104137.80	241736	1	Tsung-DaoLee	
4140	1:13:43	1/1/2019 	4417018	947.00	379.00	70.97	17.32	104136.36	242644	1	Tsung-DaoLee	
4141	1:13:44	1/1/2019 	4417164	366.00	8.00	11.82	17.32	104136.36	3365	1	Tsung-DaoLee	
4142	1:13:50	1/1/2019 	4423594	93.00	8.00	6.42	17.32	104136.20	337699	0	Tsung-DaoLee	
4143	1:13:51	1/1/2019 	4424407	717.00	16.00	16.97	17.32	104136.20	2756	0	Tsung-DaoLee	
4144	1:13:53	1/1/2019 	4426183	942.00	162.00	41.08	17.32	104136.52	97787	0	Tsung-DaoLee	
4145	1:13:53	1/1/2019 	4426340	950.00	597.00	104.14	17.32	104136.52	1823	1	Tsung-DaoLee	
4146	1:14:01	1/1/2019 	4434714	928.00	112.00	32.36	17.32	104138.67	435229	1	Tsung-DaoLee	
4147	1:14:05	1/1/2019 	4438652	946.00	335.00	63.15	17.32	104137.88	194723	1	Tsung-DaoLee	
4148	1:14:07	1/1/2019 	4440095	580.00	9.00	13.77	17.32	104137.23	49811	0	Tsung-DaoLee	
4149	1:14:07	1/1/2019 	4440715	947.00	294.00	56.10	17.32	104137.08	50785	1	Tsung-DaoLee	
4150	1:14:17	1/1/2019 	4450132	927.00	111.00	32.17	17.32	104137.55	433670	1	Tsung-DaoLee	
4151	1:14:23	1/1/2019 	4456613	911.00	91.00	28.34	17.33	104139.59	338522	0	Tsung-DaoLee	
4152	1:14:28	1/1/2019 	4461090	943.00	156.00	40.21	17.33	104141.17	195242	0	Tsung-DaoLee	
4153	1:14:30	1/1/2019 	4463254	886.00	72.00	25.22	17.33	104141.27	98638	1	Tsung-DaoLee	
4154	1:14:30	1/1/2019 	4463647	232.00	8.00	9.97	17.33	104140.80	49805	0	Tsung-DaoLee	
4155	1:14:35	1/1/2019 	4468561	933.00	113.00	32.56	17.33	104139.10	241727	0	Tsung-DaoLee	
4156	1:14:36	1/1/2019 	4469591	698.00	13.00	15.98	17.33	104138.94	49804	0	Tsung-DaoLee	
4157	1:14:37	1/1/2019 	4470901	161.00	8.00	8.32	17.33	104139.10	50671	0	Tsung-DaoLee	
4158	1:14:40	1/1/2019 	4473397	945.00	344.00	64.78	17.33	104139.10	99299	1	Tsung-DaoLee	
4159	1:14:40	1/1/2019 	4474026	351.00	9.00	11.72	17.33	104138.94	49805	0	Tsung-DaoLee	
4160	1:14:43	1/1/2019 	4477007	946.00	412.00	76.09	17.33	104138.94	145768	0	Tsung-DaoLee	
4161	1:14:48	1/1/2019 	4481151	884.00	72.00	25.22	17.33	104138.73	193750	0	Tsung-DaoLee	
4162	1:14:50	1/1/2019 	4483983	942.00	127.00	35.27	17.33	104139.20	146662	1	Tsung-DaoLee	
4163	1:14:56	1/1/2019 	4489368	175.00	8.00	8.69	17.33	104141.09	243261	1	Tsung-DaoLee	
4164	1:14:56	1/1/2019 	4489420	70.00	8.00	5.98	17.33	104141.09	1821	0	Tsung-DaoLee	
4165	1:15:02	1/1/2019 	4495333	944.00	292.00	55.79	17.34	104140.27	289715	1	Tsung-DaoLee	
4166	1:15:18	1/1/2019 	4511994	940.00	123.00	34.51	17.34	104143.84	818431	1	Tsung-DaoLee	
4167	1:15:19	1/1/2019 	4512168	942.00	271.00	52.78	17.34	104144.00	2762	1	Tsung-DaoLee	
4168	1:15:19	1/1/2019 	4512918	946.00	227.00	47.93	17.34	104144.48	49804	1	Tsung-DaoLee	
4169	1:15:20	1/1/2019 	4513349	946.00	328.00	61.88	17.34	104144.80	3483	1	Tsung-DaoLee	
4170	1:15:24	1/1/2019 	4517293	947.00	246.00	49.82	17.34	104146.81	193751	0	Tsung-DaoLee	
4171	1:15:25	1/1/2019 	4518056	668.00	10.00	14.91	17.34	104146.98	49803	0	Tsung-DaoLee	
4172	1:15:25	1/1/2019 	4518274	873.00	65.00	24.27	17.34	104146.98	1821	0	Tsung-DaoLee	
4173	1:15:40	1/1/2019 	4533472	102.00	7.00	6.64	17.35	104149.18	721553	0	Tsung-DaoLee	
4174	1:15:41	1/1/2019 	4535103	67.00	8.00	5.94	17.35	104148.70	98750	0	Tsung-DaoLee	
4175	1:15:43	1/1/2019 	4536930	944.00	390.00	72.78	17.35	104148.55	99360	1	Tsung-DaoLee	
4176	1:16:00	1/1/2019 	4554197	879.00	68.00	24.67	17.35	104147.19	817517	0	Tsung-DaoLee	
4177	1:16:03	1/1/2019 	4556788	739.00	20.00	18.12	17.35	104147.66	146590	1	Tsung-DaoLee	
4178	1:16:09	1/1/2019 	4563223	123.00	8.00	7.24	17.35	104149.39	289714	0	Tsung-DaoLee	
4179	1:16:12	1/1/2019 	4566036	918.00	102.00	30.41	17.35	104149.88	146605	1	Tsung-DaoLee	
4180	1:16:18	1/1/2019 	4571951	819.00	40.00	21.52	17.35	104150.51	289723	0	Tsung-DaoLee	
4181	1:16:19	1/1/2019 	4573000	941.00	124.00	34.70	17.35	104150.66	52041	0	Tsung-DaoLee	
4182	1:16:28	1/1/2019 	4582297	347.00	8.00	11.63	17.35	104151.78	433660	0	Tsung-DaoLee	
4183	1:16:33	1/1/2019 	4587371	654.00	10.00	14.83	17.36	104152.71	242613	0	Tsung-DaoLee	
4184	1:16:38	1/1/2019 	4591859	945.00	395.00	73.57	17.36	104153.45	241734	1	Tsung-DaoLee	
4185	1:16:38	1/1/2019 	4592286	929.00	113.00	32.56	17.36	104153.45	2718	1	Tsung-DaoLee	
4186	1:16:43	1/1/2019 	4596908	447.00	8.00	12.46	17.36	104153.13	243262	0	Tsung-DaoLee	
4187	1:16:50	1/1/2019 	4603887	944.00	141.00	37.80	17.36	104152.81	337695	0	Tsung-DaoLee	
4188	1:16:56	1/1/2019 	4610147	945.00	552.00	94.78	17.36	104153.42	290632	1	Tsung-DaoLee	
4189	1:16:57	1/1/2019 	4610710	403.00	8.00	12.14	17.36	104153.11	50743	0	Tsung-DaoLee	
4190	1:17:02	1/1/2019 	4615560	568.00	9.00	13.62	17.36	104152.95	241724	0	Tsung-DaoLee	
4191	1:17:06	1/1/2019 	4620191	534.00	9.00	13.23	17.36	104152.79	193745	0	Tsung-DaoLee	
4192	1:17:06	1/1/2019 	4620261	673.00	11.00	15.25	17.36	104152.79	4222	0	Tsung-DaoLee	
4193	1:17:08	1/1/2019 	4621924	753.00	24.00	19.06	17.36	104152.63	97782	0	Tsung-DaoLee	
4194	1:17:12	1/1/2019 	4626134	175.00	8.00	8.69	17.36	104152.95	193743	0	Tsung-DaoLee	
4195	1:17:14	1/1/2019 	4628467	110.00	8.00	6.86	17.36	104153.11	97780	0	Tsung-DaoLee	
4196	1:17:16	1/1/2019 	4630033	72.00	8.00	6.00	17.36	104153.11	97782	0	Tsung-DaoLee	
4197	1:17:18	1/1/2019 	4631855	949.00	629.00	111.60	17.36	104153.59	98764	0	Tsung-DaoLee	
4198	1:17:24	1/1/2019 	4637956	941.00	160.00	40.79	17.36	104153.45	293512	1	Tsung-DaoLee	
4199	1:17:29	1/1/2019 	4642651	946.00	251.00	50.36	17.36	104152.81	241729	0	Tsung-DaoLee	
4200	1:17:32	1/1/2019 	4646268	948.00	318.00	60.11	17.36	104152.50	146601	0	Tsung-DaoLee	
4201	1:17:45	1/1/2019 	4659244	944.00	133.00	36.38	17.36	104154.70	625574	1	Tsung-DaoLee	
4202	1:17:54	1/1/2019 	4667960	943.00	168.00	41.89	17.37	104158.26	434501	1	Tsung-DaoLee	
4203	1:18:00	1/1/2019 	4674052	732.00	18.00	17.58	17.36	104157.33	290575	0	Tsung-DaoLee	
4204	1:18:04	1/1/2019 	4678026	943.00	135.00	36.75	17.36	104155.58	196046	1	Tsung-DaoLee	
4205	1:18:23	1/1/2019 	4697427	941.00	126.00	35.08	17.37	104153.64	913460	1	Tsung-DaoLee	
4206	1:18:31	1/1/2019 	4704676	941.00	258.00	51.16	17.37	104153.48	386579	1	Tsung-DaoLee	
4207	1:18:33	1/1/2019 	4707214	943.00	350.00	65.87	17.37	104153.16	98716	1	Tsung-DaoLee	
4208	1:18:35	1/1/2019 	4708608	826.00	41.00	21.64	17.37	104153.00	97784	0	Tsung-DaoLee	
4209	1:18:39	1/1/2019 	4713322	645.00	10.00	14.76	17.37	104153.80	195298	0	Tsung-DaoLee	
4210	1:18:40	1/1/2019 	4714445	945.00	125.00	34.89	17.37	104154.22	50763	1	Tsung-DaoLee	
4211	1:18:52	1/1/2019 	4726059	767.00	25.00	19.30	17.37	104153.91	577594	0	Tsung-DaoLee	
4212	1:18:52	1/1/2019 	4726387	945.00	178.00	43.12	17.37	104154.22	2799	1	Tsung-DaoLee	
4213	1:18:56	1/1/2019 	4730266	947.00	350.00	65.88	17.37	104155.02	193751	1	Tsung-DaoLee	
4214	1:19:01	1/1/2019 	4735429	910.00	94.00	28.89	17.37	104155.62	242548	0	Tsung-DaoLee	
4215	1:19:02	1/1/2019 	4736127	919.00	100.00	30.02	17.37	104155.79	51290	1	Tsung-DaoLee	
4216	1:19:02	1/1/2019 	4736186	949.00	236.00	48.80	17.37	104155.79	1822	1	Tsung-DaoLee	
4217	1:19:03	1/1/2019 	4736851	873.00	63.00	24.03	17.37	104155.95	49802	0	Tsung-DaoLee	
4218	1:19:13	1/1/2019 	4746975	945.00	138.00	37.28	17.37	104156.56	481641	0	Tsung-DaoLee	
4219	1:19:16	1/1/2019 	4749559	874.00	64.00	24.15	17.37	104156.72	146614	0	Tsung-DaoLee	
4220	1:19:16	1/1/2019 	4750184	292.00	8.00	10.95	17.37	104156.88	2688	0	Tsung-DaoLee	
4221	1:19:19	1/1/2019 	4753158	947.00	164.00	41.35	17.38	104156.82	147278	0	Tsung-DaoLee	
4222	1:19:25	1/1/2019 	4758938	149.00	8.00	7.99	17.38	104155.55	289708	0	Tsung-DaoLee	
4223	1:19:34	1/1/2019 	4767786	946.00	134.00	36.57	17.38	104157.38	433659	0	Tsung-DaoLee	
4224	1:19:34	1/1/2019 	4767977	946.00	320.00	60.46	17.38	104157.38	2718	1	Tsung-DaoLee	
4225	1:19:40	1/1/2019 	4773626	98.00	8.00	6.54	17.38	104157.38	289718	0	Tsung-DaoLee	
4226	1:19:43	1/1/2019 	4777253	956.00	861.00	155.09	17.38	104157.22	148086	1	Tsung-DaoLee	
4227	1:19:49	1/1/2019 	4783268	880.00	71.00	25.07	17.38	104158.78	289714	1	Tsung-DaoLee	
4228	1:19:53	1/1/2019 	4786710	853.00	48.00	22.39	17.39	104160.61	194685	1	Tsung-DaoLee	
4229	1:19:54	1/1/2019 	4788025	860.00	54.00	23.01	17.39	104160.61	49804	1	Tsung-DaoLee	
4230	1:19:57	1/1/2019 	4791020	946.00	248.00	50.03	17.39	104161.23	145768	1	Tsung-DaoLee	
4231	1:19:59	1/1/2019 	4793139	920.00	103.00	30.60	17.39	104161.07	98736	1	Tsung-DaoLee	
4232	1:20:00	1/1/2019 	4794404	732.00	17.00	17.30	17.39	104160.30	51366	0	Tsung-DaoLee	
4233	1:20:16	1/1/2019 	4809628	433.00	9.00	12.44	17.39	104159.25	769545	0	Tsung-DaoLee	
4234	1:20:17	1/1/2019 	4811454	625.00	9.00	14.32	17.39	104159.09	50781	0	Tsung-DaoLee	
4235	1:20:18	1/1/2019 	4812344	684.00	11.00	15.29	17.39	104159.09	49804	0	Tsung-DaoLee	
4236	1:20:21	1/1/2019 	4815149	943.00	138.00	37.28	17.39	104158.94	145771	1	Tsung-DaoLee	
4237	1:20:33	1/1/2019 	4826757	944.00	203.00	45.71	17.40	104159.71	577606	1	Tsung-DaoLee	
4238	1:20:41	1/1/2019 	4833831	66.00	8.00	5.93	17.40	104159.39	339877	0	Tsung-DaoLee	
4239	1:20:43	1/1/2019 	4836313	925.00	110.00	31.97	17.40	104159.23	98634	1	Tsung-DaoLee	
4240	1:20:45	1/1/2019 	4837889	945.00	135.00	36.75	17.40	104159.23	97789	1	Tsung-DaoLee	
4241	1:20:45	1/1/2019 	4837932	949.00	341.00	64.24	17.40	104159.23	1823	1	Tsung-DaoLee	
4242	1:20:47	1/1/2019 	4840657	357.00	8.00	11.73	17.40	104160.33	145771	0	Tsung-DaoLee	
4243	1:20:52	1/1/2019 	4845491	224.00	8.00	9.81	17.40	104161.06	194617	0	Tsung-DaoLee	
4244	1:20:54	1/1/2019 	4847055	84.00	8.00	6.21	17.40	104160.64	99296	0	Tsung-DaoLee	
4245	1:20:54	1/1/2019 	4847715	80.00	9.00	6.14	17.40	104160.64	49803	0	Tsung-DaoLee	
4246	1:20:59	1/1/2019 	4852169	454.00	8.00	12.51	17.40	104161.38	193752	0	Tsung-DaoLee	
4247	1:21:03	1/1/2019 	4856342	946.00	516.00	89.02	17.40	104161.67	194647	1	Tsung-DaoLee	
4248	1:21:11	1/1/2019 	4864130	951.00	669.00	120.31	17.41	104161.97	385678	1	Tsung-DaoLee	
4249	1:21:11	1/1/2019 	4864614	948.00	281.00	54.15	17.41	104161.97	52121	0	Tsung-DaoLee	
4250	1:21:15	1/1/2019 	4868745	907.00	84.00	27.12	17.41	104162.12	193745	0	Tsung-DaoLee	
4251	1:21:24	1/1/2019 	4877250	942.00	210.00	46.36	17.41	104161.44	385666	1	Tsung-DaoLee	
4252	1:21:25	1/1/2019 	4878363	925.00	112.00	32.36	17.41	104161.73	50739	1	Tsung-DaoLee	
4253	1:21:27	1/1/2019 	4880128	922.00	101.00	30.22	17.41	104161.41	97783	1	Tsung-DaoLee	
4254	1:21:28	1/1/2019 	4880980	942.00	162.00	41.08	17.41	104161.41	50757	1	Tsung-DaoLee	
4255	1:21:30	1/1/2019 	4883198	462.00	8.00	12.56	17.41	104160.77	99448	0	Tsung-DaoLee	
4256	1:21:30	1/1/2019 	4883337	949.00	276.00	53.45	17.41	104160.77	1821	1	Tsung-DaoLee	
4257	1:21:31	1/1/2019 	4884182	927.00	112.00	32.36	17.41	104160.94	49802	0	Tsung-DaoLee	
4258	1:21:35	1/1/2019 	4887901	581.00	9.00	13.78	17.41	104160.61	193742	0	Tsung-DaoLee	
4259	1:21:35	1/1/2019 	4888572	953.00	558.00	95.93	17.41	104160.77	49803	0	Tsung-DaoLee	
4260	1:21:48	1/1/2019 	4901587	914.00	93.00	28.71	17.41	104160.39	625562	1	Tsung-DaoLee	
4261	1:21:49	1/1/2019 	4902480	945.00	198.00	45.23	17.41	104160.39	4265	0	Tsung-DaoLee	
4262	1:21:51	1/1/2019 	4903939	94.00	8.00	6.44	17.41	104160.23	97781	0	Tsung-DaoLee	
4263	1:21:55	1/1/2019 	4908289	804.00	37.00	21.16	17.41	104159.81	193739	0	Tsung-DaoLee	
4264	1:21:57	1/1/2019 	4910298	957.00	892.00	167.87	17.41	104160.45	97782	1	Tsung-DaoLee	
4265	1:22:01	1/1/2019 	4913886	949.00	646.00	115.53	17.41	104161.25	194573	1	Tsung-DaoLee	
4266	1:22:01	1/1/2019 	4914642	949.00	441.00	79.90	17.41	104161.83	51290	1	Tsung-DaoLee	
4267	1:22:05	1/1/2019 	4917938	689.00	12.00	15.63	17.41	104162.14	145762	0	Tsung-DaoLee	
4268	1:22:11	1/1/2019 	4924482	655.00	10.00	14.84	17.41	104161.35	289707	0	Tsung-DaoLee	
4269	1:22:12	1/1/2019 	4925306	953.00	795.00	141.01	17.41	104161.19	50662	0	Tsung-DaoLee	
4270	1:22:13	1/1/2019 	4925838	919.00	102.00	30.41	17.42	104161.81	49805	0	Tsung-DaoLee	
4271	1:22:15	1/1/2019 	4927953	566.00	8.00	13.45	17.42	104161.81	97785	0	Tsung-DaoLee	
4272	1:22:18	1/1/2019 	4931108	280.00	8.00	10.78	17.42	104161.48	147371	0	Tsung-DaoLee	
4273	1:22:18	1/1/2019 	4931669	900.00	82.00	26.77	17.42	104161.48	50688	1	Tsung-DaoLee	
4274	1:22:20	1/1/2019 	4933599	944.00	338.00	63.69	17.42	104161.81	97783	1	Tsung-DaoLee	
4275	1:22:26	1/1/2019 	4939722	947.00	264.00	51.88	17.42	104163.08	289704	1	Tsung-DaoLee	
4276	1:22:32	1/1/2019 	4945371	943.00	268.00	52.39	17.42	104163.85	242632	1	Tsung-DaoLee	
4277	1:22:41	1/1/2019 	4953878	804.00	39.00	21.39	17.42	104163.92	433653	0	Tsung-DaoLee	
4278	1:23:00	1/1/2019 	4973416	943.00	305.00	57.88	17.43	104161.30	915805	1	Tsung-DaoLee	
4279	1:23:00	1/1/2019 	4973719	100.00	9.00	6.60	17.43	104161.30	50750	0	Tsung-DaoLee	
4280	1:23:03	1/1/2019 	4976240	941.00	140.00	37.63	17.43	104160.82	97783	1	Tsung-DaoLee	
4281	1:23:05	1/1/2019 	4978177	941.00	141.00	37.80	17.43	104161.27	97785	0	Tsung-DaoLee	
4282	1:23:08	1/1/2019 	4981690	189.00	8.00	9.04	17.43	104161.11	193750	0	Tsung-DaoLee	
4283	1:23:13	1/1/2019 	4986464	78.00	8.00	6.10	17.43	104162.48	194709	0	Tsung-DaoLee	
4284	1:23:14	1/1/2019 	4987782	927.00	112.00	32.36	17.43	104161.91	99350	0	Tsung-DaoLee	
4285	1:23:17	1/1/2019 	4990165	69.00	8.00	5.97	17.43	104161.91	97783	0	Tsung-DaoLee	
4286	1:23:19	1/1/2019 	4992555	943.00	128.00	35.46	17.43	104161.75	146754	0	Tsung-DaoLee	
4287	1:23:20	1/1/2019 	4993200	946.00	203.00	45.71	17.43	104161.75	1823	1	Tsung-DaoLee	
4288	1:23:24	1/1/2019 	4997451	946.00	148.00	38.97	17.43	104163.12	193747	1	Tsung-DaoLee	
4289	1:23:31	1/1/2019 	5004294	79.00	8.00	6.12	17.43	104163.12	341508	0	Tsung-DaoLee	
4290	1:23:32	1/1/2019 	5005355	946.00	311.00	58.89	17.43	104163.12	50651	0	Tsung-DaoLee	
4291	1:23:36	1/1/2019 	5009775	119.00	8.00	7.12	17.43	104163.12	241732	1	Tsung-DaoLee	
4292	1:23:42	1/1/2019 	5015463	945.00	269.00	52.52	17.43	104164.24	242586	1	Tsung-DaoLee	
4293	1:23:48	1/1/2019 	5021497	759.00	25.00	19.28	17.44	104163.40	289709	0	Tsung-DaoLee	
4294	1:23:49	1/1/2019 	5022156	536.00	9.00	13.25	17.44	104162.77	50679	0	Tsung-DaoLee	
4295	1:24:06	1/1/2019 	5039160	945.00	147.00	38.81	17.43	104182.08	819007	1	Tsung-DaoLee	
4296	1:24:12	1/1/2019 	5045274	852.00	46.00	22.19	17.41	104177.68	290605	0	Tsung-DaoLee	
4297	1:24:17	1/1/2019 	5050575	324.00	8.00	11.37	17.39	104182.98	290623	0	Tsung-DaoLee	
4298	1:24:21	1/1/2019 	5054296	954.00	741.00	132.93	17.39	104182.89	146697	0	Tsung-DaoLee	
4299	1:24:22	1/1/2019 	5055018	696.00	13.00	15.97	17.39	104183.69	49803	0	Tsung-DaoLee	
4300	1:24:24	1/1/2019 	5057266	628.00	10.00	14.58	17.39	104184.82	97781	0	Tsung-DaoLee	
4301	1:24:25	1/1/2019 	5058123	185.00	8.00	8.95	17.39	104185.45	51354	0	Tsung-DaoLee	
4302	1:24:25	1/1/2019 	5058230	732.00	17.00	17.30	17.39	104185.45	1820	0	Tsung-DaoLee	
4303	1:24:25	1/1/2019 	5058642	910.00	89.00	27.98	17.39	104186.07	49802	1	Tsung-DaoLee	
4304	1:24:28	1/1/2019 	5060940	197.00	8.00	9.23	17.39	104186.23	97783	0	Tsung-DaoLee	
4305	1:24:33	1/1/2019 	5066827	737.00	19.00	17.86	17.39	104186.33	290667	0	Tsung-DaoLee	
4306	1:24:35	1/1/2019 	5068102	749.00	22.00	18.62	17.39	104186.02	49803	0	Tsung-DaoLee	
4307	1:24:35	1/1/2019 	5068227	945.00	121.00	34.12	17.39	104185.85	3354	0	Tsung-DaoLee	
4308	1:24:37	1/1/2019 	5070375	579.00	9.00	13.75	17.40	104185.98	97782	0	Tsung-DaoLee	
4309	1:24:38	1/1/2019 	5070962	938.00	118.00	33.54	17.40	104185.98	50782	0	Tsung-DaoLee	
4310	1:24:39	1/1/2019 	5072759	684.00	12.00	15.61	17.40	104185.35	97784	0	Tsung-DaoLee	
4311	1:24:40	1/1/2019 	5073374	947.00	595.00	103.67	17.40	104185.35	1823	0	Tsung-DaoLee	
4312	1:24:46	1/1/2019 	5079120	924.00	110.00	31.97	17.40	104182.48	293557	1	Tsung-DaoLee	
4313	1:24:48	1/1/2019 	5081614	515.00	8.00	12.95	17.40	104181.85	145766	0	Tsung-DaoLee	
4314	1:24:49	1/1/2019 	5082345	323.00	8.00	11.35	17.40	104182.01	2651	0	Tsung-DaoLee	
4315	1:24:51	1/1/2019 	5084464	121.00	8.00	7.18	17.40	104182.80	97783	0	Tsung-DaoLee	
4316	1:24:54	1/1/2019 	5086842	943.00	328.00	61.88	17.40	104183.77	145762	1	Tsung-DaoLee	
4317	1:24:54	1/1/2019 	5087394	167.00	8.00	8.48	17.39	104183.47	1822	0	Tsung-DaoLee	
4318	1:24:57	1/1/2019 	5090591	942.00	152.00	39.60	17.39	104185.06	195240	0	Tsung-DaoLee	
4319	1:25:03	1/1/2019 	5096159	248.00	8.00	10.26	17.39	104185.67	242584	0	Tsung-DaoLee	
4320	1:25:03	1/1/2019 	5096237	620.00	9.00	14.26	17.39	104185.84	1823	0	Tsung-DaoLee	
4321	1:25:09	1/1/2019 	5102210	57.00	8.00	5.88	17.38	104185.56	289704	0	Tsung-DaoLee	
4322	1:25:15	1/1/2019 	5108305	67.00	10.00	5.95	17.37	104183.34	290584	0	Tsung-DaoLee	
4323	1:25:18	1/1/2019 	5111287	947.00	261.00	51.52	17.37	104182.25	145767	1	Tsung-DaoLee	
4324	1:25:18	1/1/2019 	5111734	649.00	9.00	14.52	17.37	104181.93	52201	0	Tsung-DaoLee	
4325	1:25:22	1/1/2019 	5114933	62.00	8.00	5.90	17.36	104178.51	145761	0	Tsung-DaoLee	
4326	1:25:24	1/1/2019 	5117553	975.00	951.00	255.15	17.36	104175.67	145761	0	Tsung-DaoLee	
4327	1:25:25	1/1/2019 	5118374	945.00	205.00	45.90	17.36	104174.30	1823	0	Tsung-DaoLee	
4328	1:25:27	1/1/2019 	5120214	174.00	8.00	8.67	17.36	104172.56	97784	0	Tsung-DaoLee	
4329	1:25:30	1/1/2019 	5123173	942.00	151.00	39.45	17.36	104169.28	146684	0	Tsung-DaoLee	
4330	1:25:30	1/1/2019 	5123446	56.00	8.00	5.88	17.35	104168.50	3368	0	Tsung-DaoLee	
4331	1:25:31	1/1/2019 	5124461	942.00	190.00	44.43	17.35	104166.77	49802	1	Tsung-DaoLee	
4332	1:25:32	1/1/2019 	5125347	944.00	204.00	45.81	17.35	104166.46	49805	1	Tsung-DaoLee	
4333	1:25:32	1/1/2019 	5125394	734.00	18.00	17.59	17.35	104165.81	1823	0	Tsung-DaoLee	
4334	1:25:34	1/1/2019 	5126928	946.00	192.00	44.64	17.35	104163.81	97784	1	Tsung-DaoLee	
4335	1:25:34	1/1/2019 	5127110	583.00	9.00	13.81	17.35	104163.81	2843	0	Tsung-DaoLee	
4336	1:25:35	1/1/2019 	5127884	450.00	8.00	12.48	17.35	104162.72	49801	0	Tsung-DaoLee	
4337	1:25:35	1/1/2019 	5128082	617.00	9.00	14.23	17.35	104162.23	1822	0	Tsung-DaoLee	
4338	1:25:35	1/1/2019 	5128327	943.00	120.00	33.93	17.35	104162.23	1819	0	Tsung-DaoLee	
4339	1:25:38	1/1/2019 	5131411	129.00	8.00	7.41	17.34	104158.66	145765	0	Tsung-DaoLee	
4340	1:25:39	1/1/2019 	5132323	856.00	55.00	23.10	17.34	104157.41	50757	0	Tsung-DaoLee	
4341	1:25:40	1/1/2019 	5133065	80.00	8.00	6.14	17.34	104156.35	51373	0	Tsung-DaoLee	
4342	1:25:44	1/1/2019 	5136622	697.00	13.00	15.98	17.33	104152.64	193750	0	Tsung-DaoLee	
4343	1:25:44	1/1/2019 	5137111	948.00	190.00	44.43	17.33	104151.70	1823	1	Tsung-DaoLee	
4344	1:25:52	1/1/2019 	5144750	654.00	10.00	14.83	17.32	104158.81	385680	1	Tsung-DaoLee	
4345	1:26:12	1/1/2019 	5164790	946.00	240.00	49.20	17.36	104167.92	962447	1	Tsung-DaoLee	
4346	1:26:15	1/1/2019 	5167800	343.00	9.00	11.63	17.36	104167.67	146594	0	Tsung-DaoLee	
4347	1:26:18	1/1/2019 	5171144	926.00	113.00	32.56	17.37	104167.12	147260	1	Tsung-DaoLee	
4348	1:26:21	1/1/2019 	5173870	946.00	170.00	42.14	17.37	104165.95	146624	1	Tsung-DaoLee	
4349	1:26:22	1/1/2019 	5175065	918.00	101.00	30.22	17.37	104165.00	49804	1	Tsung-DaoLee	
4350	1:26:26	1/1/2019 	5178822	941.00	151.00	39.45	17.38	104163.16	193748	1	Tsung-DaoLee	
4351	1:26:26	1/1/2019 	5179327	949.00	392.00	73.09	17.38	104162.84	1823	0	Tsung-DaoLee	
4352	1:26:32	1/1/2019 	5184687	948.00	377.00	70.63	17.39	104162.74	289708	1	Tsung-DaoLee	
4353	1:26:33	1/1/2019 	5186256	771.00	28.00	19.85	17.39	104162.42	52075	0	Tsung-DaoLee	
4354	1:26:36	1/1/2019 	5188806	834.00	44.00	21.96	17.39	104162.05	145769	0	Tsung-DaoLee	
4355	1:26:37	1/1/2019 	5190602	128.00	8.00	7.38	17.39	104162.02	97787	0	Tsung-DaoLee	
4356	1:26:40	1/1/2019 	5193242	515.00	8.00	12.95	17.39	104161.07	98683	0	Tsung-DaoLee	
4357	1:26:40	1/1/2019 	5193453	161.00	8.00	8.32	17.39	104161.33	1821	0	Tsung-DaoLee	
4358	1:26:42	1/1/2019 	5194869	136.00	8.00	7.62	17.39	104161.01	99317	0	Tsung-DaoLee	
4359	1:26:42	1/1/2019 	5195273	160.00	8.00	8.30	17.39	104161.01	1821	0	Tsung-DaoLee	
4360	1:26:44	1/1/2019 	5197379	946.00	429.00	78.38	17.40	104160.34	97784	1	Tsung-DaoLee	
4361	1:26:48	1/1/2019 	5201411	941.00	133.00	36.38	17.40	104158.73	193750	1	Tsung-DaoLee	
4362	1:26:51	1/1/2019 	5204281	946.00	374.00	70.13	17.40	104158.04	146689	1	Tsung-DaoLee	
4363	1:26:59	1/1/2019 	5212209	741.00	21.00	18.37	17.41	104158.15	385675	1	Tsung-DaoLee	
4364	1:27:00	1/1/2019 	5213293	113.00	8.00	6.95	17.41	104158.47	52175	0	Tsung-DaoLee	
4365	1:27:01	1/1/2019 	5213669	913.00	90.00	28.16	17.41	104158.47	49803	0	Tsung-DaoLee	
4366	1:27:05	1/1/2019 	5217664	590.00	9.00	13.90	17.41	104158.88	193750	0	Tsung-DaoLee	
4367	1:27:06	1/1/2019 	5218754	800.00	38.00	21.27	17.41	104159.02	49804	0	Tsung-DaoLee	
4368	1:27:10	1/1/2019 	5222998	928.00	110.00	31.97	17.41	104157.53	193751	0	Tsung-DaoLee	
4369	1:27:16	1/1/2019 	5228730	947.00	142.00	37.97	17.42	104157.48	290678	0	Tsung-DaoLee	
4370	1:27:18	1/1/2019 	5230831	404.00	8.00	12.15	17.42	104157.16	99358	0	Tsung-DaoLee	
4371	1:27:20	1/1/2019 	5232887	948.00	290.00	55.48	17.42	104157.10	98601	0	Tsung-DaoLee	
4372	1:27:20	1/1/2019 	5233156	115.00	8.00	7.01	17.42	104157.10	1822	0	Tsung-DaoLee	
4373	1:27:25	1/1/2019 	5238138	81.00	8.00	6.15	17.43	104157.22	241723	0	Tsung-DaoLee	
4374	1:27:25	1/1/2019 	5238398	404.00	8.00	12.15	17.43	104157.22	1820	0	Tsung-DaoLee	
4375	1:27:33	1/1/2019 	5245926	945.00	369.00	69.26	17.43	104156.68	385667	1	Tsung-DaoLee	
4376	1:27:35	1/1/2019 	5247758	820.00	39.00	21.42	17.43	104157.30	99996	0	Tsung-DaoLee	
4377	1:27:41	1/1/2019 	5254580	946.00	357.00	67.14	17.43	104157.71	337682	0	Tsung-DaoLee	
4378	1:27:53	1/1/2019 	5266299	922.00	105.00	30.99	17.44	104159.44	530466	0	Tsung-DaoLee	
4379	1:28:03	1/1/2019 	5275863	944.00	419.00	77.06	17.44	104159.36	482500	1	Tsung-DaoLee	
4380	1:28:12	1/1/2019 	5285281	944.00	156.00	40.21	17.44	104159.36	434545	1	Tsung-DaoLee	
4381	1:28:12	1/1/2019 	5285382	952.00	422.00	77.47	17.44	104159.97	4153	1	Tsung-DaoLee	
4382	1:28:20	1/1/2019 	5292899	943.00	138.00	37.28	17.44	104160.93	385667	1	Tsung-DaoLee	
4383	1:28:21	1/1/2019 	5293651	942.00	275.00	53.31	17.44	104161.09	50742	1	Tsung-DaoLee	
4384	1:28:22	1/1/2019 	5295258	352.00	8.00	11.68	17.44	104160.45	49802	0	Tsung-DaoLee	
4385	1:28:22	1/1/2019 	5295467	144.00	8.00	7.85	17.44	104160.45	1821	0	Tsung-DaoLee	
4386	1:28:25	1/1/2019 	5298469	920.00	105.00	30.99	17.44	104159.04	145760	0	Tsung-DaoLee	
4387	1:28:27	1/1/2019 	5299731	944.00	128.00	35.46	17.44	104158.54	99443	0	Tsung-DaoLee	
4388	1:28:28	1/1/2019 	5301111	841.00	47.00	22.27	17.44	104157.92	50771	1	Tsung-DaoLee	
4389	1:28:32	1/1/2019 	5304814	887.00	74.00	25.51	17.44	104157.58	193743	1	Tsung-DaoLee	
4390	1:28:37	1/1/2019 	5309654	913.00	95.00	29.08	17.44	104159.34	241727	1	Tsung-DaoLee	
4391	1:28:57	1/1/2019 	5329906	944.00	280.00	54.01	17.45	104162.41	962435	1	Tsung-DaoLee	
4392	1:28:58	1/1/2019 	5331283	369.00	8.00	11.85	17.45	104162.83	50633	0	Tsung-DaoLee	
4393	1:29:02	1/1/2019 	5335335	335.00	8.00	11.50	17.45	104163.15	195237	0	Tsung-DaoLee	
4394	1:29:03	1/1/2019 	5336259	82.00	8.00	6.17	17.46	104163.45	49804	0	Tsung-DaoLee	
4395	1:29:04	1/1/2019 	5336816	949.00	400.00	74.33	17.46	104163.45	49804	1	Tsung-DaoLee	
4396	1:29:04	1/1/2019 	5337152	949.00	459.00	82.00	17.45	104162.83	1822	1	Tsung-DaoLee	
4397	1:29:05	1/1/2019 	5337825	945.00	280.00	54.01	17.45	104163.15	49804	1	Tsung-DaoLee	
4398	1:29:06	1/1/2019 	5338734	888.00	71.00	25.09	17.45	104163.15	49806	1	Tsung-DaoLee	
4399	1:29:14	1/1/2019 	5346704	947.00	258.00	51.16	17.46	104168.06	386639	1	Tsung-DaoLee	
4400	1:29:17	1/1/2019 	5350425	946.00	608.00	106.76	17.45	104168.89	146630	1	Tsung-DaoLee	
4401	1:29:20	1/1/2019 	5352760	302.00	8.00	11.09	17.45	104168.73	146646	0	Tsung-DaoLee	
4402	1:29:25	1/1/2019 	5358400	113.00	8.00	6.95	17.46	104168.70	241728	0	Tsung-DaoLee	
4403	1:29:35	1/1/2019 	5368484	118.00	8.00	7.09	17.46	104167.59	481637	0	Tsung-DaoLee	
4404	1:29:39	1/1/2019 	5372465	714.00	15.00	16.66	17.45	104165.38	196050	0	Tsung-DaoLee	
4405	1:29:40	1/1/2019 	5373285	912.00	95.00	29.07	17.45	104165.22	50728	1	Tsung-DaoLee	
4406	1:29:41	1/1/2019 	5373704	948.00	316.00	59.76	17.45	104165.22	49805	0	Tsung-DaoLee	
4407	1:29:45	1/1/2019 	5377997	945.00	340.00	64.06	17.46	104165.36	193751	1	Tsung-DaoLee	
4408	1:29:47	1/1/2019 	5380334	925.00	109.00	31.77	17.46	104165.04	97787	1	Tsung-DaoLee	
4409	1:29:48	1/1/2019 	5380721	359.00	8.00	11.75	17.46	104165.04	50745	0	Tsung-DaoLee	
4410	1:29:50	1/1/2019 	5383319	510.00	9.00	13.01	17.45	104163.78	99343	0	Tsung-DaoLee	
4411	1:29:52	1/1/2019 	5385342	849.00	51.00	22.68	17.45	104164.27	97786	0	Tsung-DaoLee	
4412	1:29:53	1/1/2019 	5386089	229.00	8.00	9.91	17.45	104164.42	49803	0	Tsung-DaoLee	
4413	1:29:54	1/1/2019 	5387389	943.00	372.00	69.78	17.45	104164.42	49804	1	Tsung-DaoLee	
4414	1:29:56	1/1/2019 	5388992	946.00	562.00	96.70	17.45	104164.16	97787	1	Tsung-DaoLee	
4415	1:30:05	1/1/2019 	5397888	466.00	8.00	12.59	17.45	104166.98	433654	0	Tsung-DaoLee	
4416	1:30:07	1/1/2019 	5400430	693.00	13.00	15.96	17.45	104166.50	100210	0	Tsung-DaoLee	
4417	1:30:11	1/1/2019 	5404604	913.00	97.00	29.45	17.45	104165.86	242555	1	Tsung-DaoLee	
4418	1:30:17	1/1/2019 	5410179	926.00	109.00	31.78	17.46	104166.16	241737	1	Tsung-DaoLee	
4419	1:30:23	1/1/2019 	5415788	945.00	343.00	64.60	17.46	104167.59	290552	1	Tsung-DaoLee	
4420	1:30:24	1/1/2019 	5416820	943.00	162.00	41.08	17.46	104168.06	49805	1	Tsung-DaoLee	
4421	1:30:32	1/1/2019 	5425449	136.00	8.00	7.62	17.46	104165.84	387168	0	Tsung-DaoLee	
4422	1:30:34	1/1/2019 	5427420	536.00	8.00	13.14	17.46	104165.52	98648	0	Tsung-DaoLee	
4423	1:30:39	1/1/2019 	5432439	578.00	9.00	13.74	17.46	104165.52	241728	0	Tsung-DaoLee	
4424	1:30:45	1/1/2019 	5438034	819.00	41.00	21.63	17.45	104166.02	290594	0	Tsung-DaoLee	
4425	1:30:45	1/1/2019 	5438717	950.00	200.00	45.43	17.45	104166.17	49804	0	Tsung-DaoLee	
4426	1:30:45	1/1/2019 	5438994	951.00	687.00	124.14	17.45	104166.17	1822	1	Tsung-DaoLee	
4427	1:30:45	1/1/2019 	5439022	950.00	349.00	65.70	17.45	104166.17	3341	0	Tsung-DaoLee	
4428	1:30:48	1/1/2019 	5441076	949.00	569.00	98.10	17.45	104166.66	97786	0	Tsung-DaoLee	
4429	1:30:50	1/1/2019 	5443994	944.00	376.00	70.46	17.45	104167.45	146676	1	Tsung-DaoLee	
4430	1:30:55	1/1/2019 	5448214	697.00	13.00	15.98	17.46	104168.23	193751	1	Tsung-DaoLee	
4431	1:31:03	1/1/2019 	5456281	941.00	207.00	46.09	17.46	104169.02	385680	1	Tsung-DaoLee	
4432	1:31:05	1/1/2019 	5458230	72.00	8.00	6.00	17.46	104169.18	98714	0	Tsung-DaoLee	
4433	1:31:16	1/1/2019 	5469114	840.00	46.00	22.17	17.46	104170.30	531166	0	Tsung-DaoLee	
4434	1:31:17	1/1/2019 	5470305	944.00	179.00	43.23	17.46	104170.43	50759	0	Tsung-DaoLee	
4435	1:31:18	1/1/2019 	5471351	443.00	8.00	12.43	17.46	104170.59	50774	0	Tsung-DaoLee	
4436	1:31:27	1/1/2019 	5480620	946.00	859.00	156.49	17.46	104169.18	481628	1	Tsung-DaoLee	
4437	1:31:28	1/1/2019 	5481629	715.00	15.00	16.66	17.46	104169.02	50792	0	Tsung-DaoLee	
4438	1:31:29	1/1/2019 	5482456	346.00	8.00	11.62	17.46	104169.02	1821	0	Tsung-DaoLee	
4439	1:31:31	1/1/2019 	5484713	753.00	23.00	18.85	17.46	104169.18	149677	0	Tsung-DaoLee	
4440	1:31:32	1/1/2019 	5485052	944.00	128.00	35.46	17.46	104169.18	1823	1	Tsung-DaoLee	
4441	1:31:34	1/1/2019 	5487860	946.00	189.00	44.33	17.46	104169.34	145763	1	Tsung-DaoLee	
4442	1:31:38	1/1/2019 	5491556	948.00	364.00	68.39	17.46	104170.27	193746	0	Tsung-DaoLee	
4443	1:31:39	1/1/2019 	5492471	946.00	473.00	83.61	17.46	104170.43	2664	1	Tsung-DaoLee	
4444	1:31:42	1/1/2019 	5495898	578.00	9.00	13.74	17.46	104170.91	195238	0	Tsung-DaoLee	
4445	1:31:44	1/1/2019 	5497399	375.00	9.00	11.96	17.46	104170.91	49803	0	Tsung-DaoLee	
4446	1:31:46	1/1/2019 	5499292	464.00	9.00	12.66	17.46	104171.39	97781	0	Tsung-DaoLee	
4447	1:31:51	1/1/2019 	5504103	946.00	222.00	47.47	17.46	104172.02	241726	0	Tsung-DaoLee	
4448	1:31:52	1/1/2019 	5505234	922.00	106.00	31.19	17.46	104172.02	50671	1	Tsung-DaoLee	
4449	1:31:52	1/1/2019 	5505248	951.00	280.00	54.01	17.46	104172.02	1822	1	Tsung-DaoLee	
4450	1:31:52	1/1/2019 	5505819	945.00	128.00	35.46	17.46	104172.02	51311	1	Tsung-DaoLee	
4451	1:32:00	1/1/2019 	5513679	366.00	8.00	11.82	17.46	104171.33	385667	0	Tsung-DaoLee	
4452	1:32:00	1/1/2019 	5513828	948.00	277.00	53.59	17.46	104171.48	2716	0	Tsung-DaoLee	
4453	1:32:02	1/1/2019 	5515084	945.00	181.00	43.46	17.46	104171.48	49803	1	Tsung-DaoLee	
4454	1:32:02	1/1/2019 	5515757	948.00	343.00	64.60	17.46	104171.48	49803	1	Tsung-DaoLee	
4455	1:32:03	1/1/2019 	5516320	549.00	9.00	13.39	17.46	104171.48	1822	0	Tsung-DaoLee	
4456	1:32:07	1/1/2019 	5520205	949.00	413.00	76.23	17.46	104171.94	195372	0	Tsung-DaoLee	
4457	1:32:09	1/1/2019 	5522999	945.00	140.00	37.63	17.46	104172.42	146685	0	Tsung-DaoLee	
4458	1:32:13	1/1/2019 	5526756	951.00	420.00	77.19	17.47	104172.52	193746	1	Tsung-DaoLee	
4459	1:32:15	1/1/2019 	5528209	946.00	218.00	47.10	17.47	104172.36	49805	1	Tsung-DaoLee	
4460	1:32:15	1/1/2019 	5528325	670.00	10.00	14.92	17.47	104172.36	1822	0	Tsung-DaoLee	
4461	1:32:17	1/1/2019 	5530142	569.00	8.00	13.48	17.47	104172.52	99326	0	Tsung-DaoLee	
4462	1:32:21	1/1/2019 	5534615	569.00	9.00	13.63	17.47	104172.84	242671	0	Tsung-DaoLee	
4463	1:32:24	1/1/2019 	5537801	853.00	51.00	22.69	17.47	104173.30	145765	0	Tsung-DaoLee	
4464	1:32:32	1/1/2019 	5545226	944.00	153.00	39.76	17.47	104173.16	337687	1	Tsung-DaoLee	
4465	1:32:42	1/1/2019 	5555123	946.00	383.00	71.63	17.47	104173.30	482588	1	Tsung-DaoLee	
4466	1:32:45	1/1/2019 	5558196	944.00	441.00	79.90	17.47	104173.30	146748	1	Tsung-DaoLee	
4467	1:32:53	1/1/2019 	5566931	435.00	9.00	12.45	17.47	104173.12	435239	1	Tsung-DaoLee	
4468	1:32:55	1/1/2019 	5568800	946.00	234.00	48.60	17.47	104173.30	98625	1	Tsung-DaoLee	
4469	1:33:18	1/1/2019 	5591654	367.00	9.00	11.88	17.48	104176.85	1105393	0	Tsung-DaoLee	
4470	1:33:24	1/1/2019 	5597345	828.00	42.00	21.75	17.48	104176.83	242578	0	Tsung-DaoLee	
4471	1:33:24	1/1/2019 	5597374	579.00	9.00	13.75	17.48	104176.83	1822	0	Tsung-DaoLee	
4472	1:33:33	1/1/2019 	5606478	333.00	8.00	11.47	17.48	104175.62	433656	0	Tsung-DaoLee	
4473	1:33:35	1/1/2019 	5608036	944.00	222.00	47.47	17.48	104175.79	100040	0	Tsung-DaoLee	
4474	1:33:35	1/1/2019 	5608302	945.00	270.00	52.65	17.48	104175.62	1825	1	Tsung-DaoLee	
4475	1:33:36	1/1/2019 	5609906	781.00	31.00	20.34	17.48	104175.79	97792	0	Tsung-DaoLee	
4476	1:33:36	1/1/2019 	5609975	282.00	8.00	10.80	17.48	104175.79	2716	0	Tsung-DaoLee	
4477	1:33:40	1/1/2019 	5613622	146.00	8.00	7.90	17.49	104176.52	193749	0	Tsung-DaoLee	
4478	1:33:42	1/1/2019 	5615650	935.00	117.00	33.35	17.49	104176.69	97786	1	Tsung-DaoLee	
4479	1:33:42	1/1/2019 	5615678	956.00	678.00	122.24	17.49	104176.69	3348	0	Tsung-DaoLee	
4480	1:33:46	1/1/2019 	5619288	154.00	8.00	8.13	17.49	104176.20	145768	0	Tsung-DaoLee	
4481	1:33:51	1/1/2019 	5624806	297.00	8.00	11.02	17.49	104176.34	289712	0	Tsung-DaoLee	
4482	1:33:55	1/1/2019 	5628650	947.00	668.00	120.35	17.49	104176.66	194668	1	Tsung-DaoLee	
4483	1:33:59	1/1/2019 	5632499	884.00	71.00	25.08	17.49	104176.80	145767	0	Tsung-DaoLee	
4484	1:34:05	1/1/2019 	5638376	938.00	118.00	33.54	17.49	104176.19	292073	1	Tsung-DaoLee	
4485	1:34:05	1/1/2019 	5638796	954.00	644.00	115.02	17.49	104176.64	49805	1	Tsung-DaoLee	
4486	1:34:12	1/1/2019 	5645166	919.00	102.00	30.41	17.49	104175.55	289713	1	Tsung-DaoLee	
4487	1:34:18	1/1/2019 	5651836	947.00	268.00	52.39	17.49	104175.55	338651	1	Tsung-DaoLee	
4488	1:34:19	1/1/2019 	5652764	549.00	9.00	13.39	17.49	104175.86	50782	0	Tsung-DaoLee	
4489	1:34:20	1/1/2019 	5653227	944.00	195.00	44.94	17.49	104176.02	1822	0	Tsung-DaoLee	
4490	1:34:20	1/1/2019 	5653862	67.00	7.00	5.94	17.49	104176.02	52907	0	Tsung-DaoLee	
4491	1:34:22	1/1/2019 	5655464	944.00	423.00	77.59	17.49	104176.64	49802	1	Tsung-DaoLee	
4492	1:34:33	1/1/2019 	5666115	941.00	150.00	39.29	17.49	104176.73	529617	1	Tsung-DaoLee	
4493	1:34:40	1/1/2019 	5673605	785.00	32.00	20.49	17.49	104176.10	386502	0	Tsung-DaoLee	
4494	1:34:44	1/1/2019 	5677664	709.00	14.00	16.33	17.49	104175.14	194593	0	Tsung-DaoLee	
4495	1:34:50	1/1/2019 	5683834	556.00	8.00	13.34	17.49	104175.14	289716	0	Tsung-DaoLee	
4496	1:34:51	1/1/2019 	5684217	869.00	63.00	24.02	17.49	104175.14	4116	1	Tsung-DaoLee	
4497	1:34:56	1/1/2019 	5689637	949.00	544.00	93.40	17.49	104176.10	289712	1	Tsung-DaoLee	
4498	1:35:03	1/1/2019 	5696699	357.00	8.00	11.73	17.49	104176.10	338582	0	Tsung-DaoLee	
4499	1:35:03	1/1/2019 	5696851	235.00	8.00	10.02	17.49	104176.10	1823	0	Tsung-DaoLee	
4500	1:35:04	1/1/2019 	5697889	945.00	174.00	42.64	17.49	104176.42	49803	0	Tsung-DaoLee	
4501	1:35:11	1/1/2019 	5704594	187.00	8.00	8.99	17.50	104178.31	339230	0	Tsung-DaoLee	
4502	1:35:14	1/1/2019 	5707666	944.00	195.00	44.94	17.50	104179.88	146687	0	Tsung-DaoLee	
4503	1:35:14	1/1/2019 	5707868	947.00	148.00	38.97	17.50	104179.88	1830	1	Tsung-DaoLee	
4504	1:35:16	1/1/2019 	5709372	385.00	9.00	12.05	17.50	104180.19	49809	0	Tsung-DaoLee	
4505	1:35:23	1/1/2019 	5716249	945.00	140.00	37.63	17.50	104179.98	337698	0	Tsung-DaoLee	
4506	1:35:24	1/1/2019 	5717070	926.00	112.00	32.36	17.50	104179.81	50735	1	Tsung-DaoLee	
4507	1:35:25	1/1/2019 	5718773	941.00	162.00	41.08	17.50	104179.50	99342	1	Tsung-DaoLee	
4508	1:35:27	1/1/2019 	5720727	663.00	10.00	14.89	17.50	104179.02	97788	1	Tsung-DaoLee	
4509	1:35:38	1/1/2019 	5731309	317.00	8.00	11.28	17.50	104178.36	482607	0	Tsung-DaoLee	
4510	1:35:43	1/1/2019 	5737018	219.00	8.00	9.71	17.50	104179.02	290527	0	Tsung-DaoLee	
4511	1:35:44	1/1/2019 	5737464	632.00	9.00	14.39	17.50	104179.18	1821	0	Tsung-DaoLee	
4512	1:35:55	1/1/2019 	5748039	942.00	376.00	70.46	17.50	104178.20	529618	1	Tsung-DaoLee	
4513	1:35:56	1/1/2019 	5749937	946.00	181.00	43.46	17.50	104177.88	100087	1	Tsung-DaoLee	
4514	1:35:57	1/1/2019 	5750729	87.00	8.00	6.28	17.50	104178.04	50664	0	Tsung-DaoLee	
4515	1:36:08	1/1/2019 	5761682	113.00	8.00	6.95	17.50	104176.45	529620	0	Tsung-DaoLee	
4516	1:36:15	1/1/2019 	5768487	392.00	9.00	12.12	17.50	104174.22	290589	0	Tsung-DaoLee	
4517	1:36:20	1/1/2019 	5773089	948.00	402.00	74.63	17.50	104173.34	241730	1	Tsung-DaoLee	
4518	1:36:20	1/1/2019 	5773816	528.00	9.00	13.17	17.50	104173.34	50697	0	Tsung-DaoLee	
4519	1:36:23	1/1/2019 	5777025	910.00	85.00	27.29	17.50	104173.66	147296	0	Tsung-DaoLee	
4520	1:36:24	1/1/2019 	5777154	943.00	314.00	59.41	17.50	104173.66	1823	1	Tsung-DaoLee	
4521	1:36:25	1/1/2019 	5778723	150.00	8.00	8.02	17.50	104173.21	97788	0	Tsung-DaoLee	
4522	1:36:28	1/1/2019 	5781381	113.00	7.00	6.95	17.50	104173.69	97785	0	Tsung-DaoLee	
4523	1:36:37	1/1/2019 	5790496	858.00	56.00	23.21	17.50	104176.08	434587	1	Tsung-DaoLee	
4524	1:36:48	1/1/2019 	5801465	153.00	8.00	8.10	17.50	104175.28	531990	0	Tsung-DaoLee	
4525	1:36:53	1/1/2019 	5807019	884.00	64.00	24.17	17.50	104175.89	289712	1	Tsung-DaoLee	
4526	1:36:55	1/1/2019 	5808137	667.00	11.00	15.21	17.50	104176.38	49807	0	Tsung-DaoLee	
4527	1:36:57	1/1/2019 	5811012	946.00	428.00	78.25	17.50	104177.11	145777	1	Tsung-DaoLee	
4528	1:36:59	1/1/2019 	5812106	421.00	8.00	12.28	17.50	104177.27	50780	0	Tsung-DaoLee	
4529	1:37:03	1/1/2019 	5816411	802.00	36.00	21.04	17.50	104175.84	193752	0	Tsung-DaoLee	
4530	1:37:04	1/1/2019 	5817629	938.00	120.00	33.93	17.50	104176.30	99367	1	Tsung-DaoLee	
4531	1:37:10	1/1/2019 	5823412	943.00	262.00	51.64	17.50	104176.31	241732	1	Tsung-DaoLee	
4532	1:37:16	1/1/2019 	5829721	135.00	8.00	7.59	17.50	104177.41	338522	0	Tsung-DaoLee	
4533	1:37:18	1/1/2019 	5831910	947.00	565.00	97.33	17.50	104177.72	98626	1	Tsung-DaoLee	
4534	1:37:20	1/1/2019 	5833137	948.00	295.00	56.26	17.51	104178.46	49804	1	Tsung-DaoLee	
4535	1:37:20	1/1/2019 	5833250	830.00	44.00	21.96	17.51	104178.46	1823	0	Tsung-DaoLee	
4536	1:37:26	1/1/2019 	5839292	945.00	278.00	53.73	17.51	104175.91	291203	1	Tsung-DaoLee	
4537	1:37:26	1/1/2019 	5839566	952.00	337.00	63.51	17.51	104175.91	49803	0	Tsung-DaoLee	
4538	1:37:29	1/1/2019 	5842405	200.00	8.00	9.30	17.50	104174.70	98655	0	Tsung-DaoLee	
4539	1:37:31	1/1/2019 	5844720	946.00	256.00	50.93	17.51	104175.11	145765	0	Tsung-DaoLee	
4540	1:37:32	1/1/2019 	5845554	923.00	108.00	31.58	17.50	104174.86	49803	0	Tsung-DaoLee	
4541	1:37:34	1/1/2019 	5847707	453.00	8.00	12.50	17.51	104176.23	97783	0	Tsung-DaoLee	
4542	1:37:35	1/1/2019 	5848075	700.00	13.00	15.99	17.51	104176.39	3340	1	Tsung-DaoLee	
4543	1:37:44	1/1/2019 	5857280	99.00	8.00	6.57	17.51	104174.95	433650	0	Tsung-DaoLee	
4544	1:37:49	1/1/2019 	5862422	944.00	224.00	47.65	17.51	104175.91	242622	0	Tsung-DaoLee	
4545	1:37:52	1/1/2019 	5865306	741.00	19.00	17.87	17.51	104176.52	146680	0	Tsung-DaoLee	
4546	1:38:02	1/1/2019 	5875261	568.00	9.00	13.62	17.51	104174.91	481630	0	Tsung-DaoLee	
4547	1:38:12	1/1/2019 	5885958	940.00	124.00	34.70	17.51	104177.40	531980	1	Tsung-DaoLee	
4548	1:38:25	1/1/2019 	5898377	908.00	90.00	28.16	17.51	104175.55	578553	0	Tsung-DaoLee	
4549	1:38:34	1/1/2019 	5907279	947.00	264.00	51.88	17.51	104176.45	434628	0	Tsung-DaoLee	
4550	1:38:40	1/1/2019 	5913314	942.00	121.00	34.12	17.51	104176.28	290530	1	Tsung-DaoLee	
4551	1:38:41	1/1/2019 	5914360	68.00	8.00	5.95	17.51	104175.97	50638	0	Tsung-DaoLee	
4552	1:38:44	1/1/2019 	5917173	146.00	8.00	7.90	17.51	104176.28	145766	0	Tsung-DaoLee	
4553	1:38:47	1/1/2019 	5920375	944.00	240.00	49.20	17.51	104176.60	147259	1	Tsung-DaoLee	
4554	1:38:54	1/1/2019 	5927628	941.00	138.00	37.28	17.51	104175.55	386541	1	Tsung-DaoLee	
4555	1:38:56	1/1/2019 	5929300	942.00	127.00	35.27	17.51	104175.07	49805	1	Tsung-DaoLee	
4556	1:38:58	1/1/2019 	5931053	893.00	77.00	25.97	17.51	104174.44	97788	0	Tsung-DaoLee	
4557	1:39:02	1/1/2019 	5935275	367.00	9.00	11.88	17.51	104174.27	194628	0	Tsung-DaoLee	
4558	1:39:07	1/1/2019 	5940242	944.00	143.00	38.14	17.51	104175.55	241733	1	Tsung-DaoLee	
4559	1:39:10	1/1/2019 	5943984	954.00	782.00	139.25	17.51	104177.08	196050	1	Tsung-DaoLee	
4560	1:39:13	1/1/2019 	5947002	421.00	9.00	12.35	17.51	104176.60	145770	0	Tsung-DaoLee	
4561	1:39:14	1/1/2019 	5947900	913.00	94.00	28.89	17.51	104176.60	49803	1	Tsung-DaoLee	
4562	1:39:15	1/1/2019 	5948825	829.00	40.00	21.54	17.51	104176.12	49806	0	Tsung-DaoLee	
4563	1:39:16	1/1/2019 	5949606	456.00	9.00	12.60	17.51	104176.12	49811	0	Tsung-DaoLee	
4564	1:39:17	1/1/2019 	5950872	952.00	785.00	139.74	17.51	104175.97	50731	1	Tsung-DaoLee	
4565	1:39:26	1/1/2019 	5959924	944.00	195.00	44.94	17.51	104177.30	435205	1	Tsung-DaoLee	
4566	1:39:28	1/1/2019 	5961474	417.00	9.00	12.32	17.51	104177.62	50755	0	Tsung-DaoLee	
4567	1:39:29	1/1/2019 	5962883	157.00	8.00	8.21	17.51	104178.03	97785	0	Tsung-DaoLee	
4568	1:39:36	1/1/2019 	5969037	944.00	415.00	76.51	17.51	104176.19	289715	1	Tsung-DaoLee	
4569	1:39:39	1/1/2019 	5972217	943.00	295.00	56.26	17.51	104176.45	145772	1	Tsung-DaoLee	
4570	1:39:42	1/1/2019 	5975210	930.00	111.00	32.17	17.51	104176.60	148184	1	Tsung-DaoLee	
4571	1:39:46	1/1/2019 	5979099	615.00	9.00	14.21	17.52	104178.65	193753	0	Tsung-DaoLee	
4572	1:39:57	1/1/2019 	5990801	952.00	729.00	131.27	17.52	104177.83	577612	1	Tsung-DaoLee	
4573	1:40:03	1/1/2019 	5996365	948.00	386.00	72.13	17.52	104175.94	242557	0	Tsung-DaoLee	
4574	1:40:04	1/1/2019 	5997761	161.00	8.00	8.32	17.52	104176.42	97787	0	Tsung-DaoLee	
4575	1:40:09	1/1/2019 	6002872	943.00	141.00	37.80	17.52	104178.17	241736	0	Tsung-DaoLee	
4576	1:40:19	1/1/2019 	6012952	725.00	17.00	17.28	17.52	104178.81	483846	0	Tsung-DaoLee	
4577	1:40:21	1/1/2019 	6014174	947.00	177.00	43.00	17.51	104178.03	50667	0	Tsung-DaoLee	
4578	1:40:21	1/1/2019 	6014612	814.00	41.00	21.62	17.51	104178.03	49803	0	Tsung-DaoLee	
4579	1:40:22	1/1/2019 	6015933	942.00	252.00	50.47	17.51	104178.20	49803	1	Tsung-DaoLee	
4580	1:40:26	1/1/2019 	6019039	944.00	146.00	38.64	17.51	104178.20	145766	1	Tsung-DaoLee	
4581	1:40:26	1/1/2019 	6019099	113.00	8.00	6.95	17.51	104178.20	1823	0	Tsung-DaoLee	
4582	1:40:29	1/1/2019 	6022482	213.00	8.00	9.58	17.51	104178.52	147376	0	Tsung-DaoLee	
4583	1:40:33	1/1/2019 	6026856	946.00	150.00	39.29	17.52	104180.24	242625	1	Tsung-DaoLee	
4584	1:40:34	1/1/2019 	6027488	914.00	97.00	29.45	17.52	104180.41	1822	0	Tsung-DaoLee	
4585	1:40:35	1/1/2019 	6028627	944.00	275.00	53.31	17.52	104180.72	97788	0	Tsung-DaoLee	
4586	1:40:38	1/1/2019 	6031755	98.00	8.00	6.54	17.52	104182.61	145769	0	Tsung-DaoLee	
4587	1:40:40	1/1/2019 	6033171	928.00	111.00	32.17	17.52	104183.34	52118	1	Tsung-DaoLee	
4588	1:40:44	1/1/2019 	6037042	946.00	282.00	54.30	17.52	104183.16	193753	0	Tsung-DaoLee	
4589	1:40:46	1/1/2019 	6039821	528.00	8.00	13.06	17.53	104182.95	145768	0	Tsung-DaoLee	
4590	1:40:51	1/1/2019 	6044805	395.00	8.00	12.08	17.53	104181.52	242658	0	Tsung-DaoLee	
4591	1:40:51	1/1/2019 	6044836	950.00	444.00	80.25	17.53	104181.52	1822	1	Tsung-DaoLee	
4592	1:40:54	1/1/2019 	6047215	161.00	8.00	8.32	17.53	104180.72	97785	0	Tsung-DaoLee	
4593	1:40:57	1/1/2019 	6049767	947.00	373.00	69.95	17.52	104179.66	147318	1	Tsung-DaoLee	
4594	1:41:05	1/1/2019 	6058142	950.00	683.00	123.43	17.52	104181.25	386637	0	Tsung-DaoLee	
4595	1:41:10	1/1/2019 	6063761	946.00	158.00	40.51	17.53	104183.58	289712	1	Tsung-DaoLee	
4596	1:41:11	1/1/2019 	6063971	681.00	12.00	15.60	17.53	104183.58	2800	0	Tsung-DaoLee	
4597	1:41:12	1/1/2019 	6065117	942.00	123.00	34.51	17.52	104182.84	49803	0	Tsung-DaoLee	
4598	1:41:15	1/1/2019 	6068163	922.00	105.00	30.99	17.53	104183.27	145765	1	Tsung-DaoLee	
4599	1:41:30	1/1/2019 	6082772	946.00	230.00	48.22	17.52	104182.69	723101	1	Tsung-DaoLee	
4600	1:41:31	1/1/2019 	6084611	403.00	8.00	12.14	17.53	104183.27	98613	0	Tsung-DaoLee	
4601	1:41:37	1/1/2019 	6089922	872.00	55.00	23.13	17.52	104182.69	241725	0	Tsung-DaoLee	
4602	1:41:42	1/1/2019 	6095565	645.00	10.00	14.76	17.53	104184.22	290553	0	Tsung-DaoLee	
4603	1:41:50	1/1/2019 	6103377	801.00	37.00	21.16	17.53	104187.52	337686	0	Tsung-DaoLee	
4604	1:42:05	1/1/2019 	6118421	605.00	9.00	14.09	17.53	104185.16	722398	0	Tsung-DaoLee	
4605	1:42:07	1/1/2019 	6120034	569.00	9.00	13.63	17.53	104184.70	100071	0	Tsung-DaoLee	
4606	1:42:08	1/1/2019 	6120843	154.00	8.00	8.13	17.53	104184.70	50712	0	Tsung-DaoLee	
4607	1:42:10	1/1/2019 	6123445	466.00	8.00	12.59	17.52	104183.95	97784	0	Tsung-DaoLee	
4608	1:42:14	1/1/2019 	6126935	636.00	10.00	14.67	17.52	104183.64	193747	0	Tsung-DaoLee	
4609	1:42:15	1/1/2019 	6127829	722.00	17.00	17.27	17.52	104183.95	49804	0	Tsung-DaoLee	
4610	1:42:18	1/1/2019 	6131232	941.00	134.00	36.57	17.53	104186.29	147302	1	Tsung-DaoLee	
4611	1:42:28	1/1/2019 	6141649	379.00	8.00	11.94	17.53	104185.31	530542	0	Tsung-DaoLee	
4612	1:42:33	1/1/2019 	6145958	920.00	104.00	30.80	17.53	104184.67	194700	0	Tsung-DaoLee	
4613	1:42:36	1/1/2019 	6149393	924.00	106.00	31.19	17.53	104185.79	145767	1	Tsung-DaoLee	
4614	1:42:36	1/1/2019 	6149668	947.00	159.00	40.65	17.53	104185.79	49804	1	Tsung-DaoLee	
4615	1:42:36	1/1/2019 	6149747	256.00	8.00	10.39	17.53	104185.79	2791	0	Tsung-DaoLee	
4616	1:42:38	1/1/2019 	6151381	78.00	8.00	6.10	17.53	104186.41	51376	0	Tsung-DaoLee	
4617	1:42:38	1/1/2019 	6151714	437.00	8.00	12.39	17.53	104186.41	49801	0	Tsung-DaoLee	
4618	1:42:40	1/1/2019 	6153131	945.00	135.00	36.75	17.53	104186.98	49803	1	Tsung-DaoLee	
4619	1:42:47	1/1/2019 	6159830	944.00	252.00	50.47	17.53	104187.28	337690	1	Tsung-DaoLee	
4620	1:42:47	1/1/2019 	6160641	112.00	8.00	6.92	17.53	104187.28	50626	0	Tsung-DaoLee	
4621	1:42:50	1/1/2019 	6162792	818.00	38.00	21.30	17.54	104188.02	97780	0	Tsung-DaoLee	
4622	1:42:50	1/1/2019 	6163217	576.00	8.00	13.56	17.54	104188.02	3306	0	Tsung-DaoLee	
4623	1:42:51	1/1/2019 	6164425	947.00	261.00	51.52	17.54	104187.85	49801	1	Tsung-DaoLee	
4624	1:42:54	1/1/2019 	6167548	573.00	40.00	15.86	17.54	104187.22	193746	0	Tsung-DaoLee	
4625	1:42:58	1/1/2019 	6171719	946.00	452.00	81.20	17.54	104187.03	193984	0	Tsung-DaoLee	
4626	1:43:10	1/1/2019 	6183468	946.00	270.00	52.65	17.54	104189.34	530464	0	Tsung-DaoLee	
4627	1:43:29	1/1/2019 	6202134	389.00	8.00	12.03	17.55	104188.59	915718	1	Tsung-DaoLee	
4628	1:43:29	1/1/2019 	6202270	391.00	8.00	12.05	17.55	104188.59	2715	0	Tsung-DaoLee	
4629	1:43:32	1/1/2019 	6205048	866.00	61.00	23.78	17.55	104188.44	145766	0	Tsung-DaoLee	
4630	1:43:36	1/1/2019 	6209660	944.00	328.00	61.88	17.55	104188.44	241732	1	Tsung-DaoLee	
4631	1:43:37	1/1/2019 	6210658	943.00	149.00	39.13	17.55	104188.44	50713	0	Tsung-DaoLee	
4632	1:43:41	1/1/2019 	6213831	946.00	522.00	89.86	17.55	104187.38	145768	1	Tsung-DaoLee	
4633	1:43:49	1/1/2019 	6221836	529.00	9.00	13.18	17.55	104185.16	387315	0	Tsung-DaoLee	
4634	1:43:52	1/1/2019 	6225120	942.00	186.00	44.01	17.55	104184.70	146702	1	Tsung-DaoLee	
4635	1:43:57	1/1/2019 	6230303	945.00	312.00	59.07	17.54	104184.41	241730	1	Tsung-DaoLee	
4636	1:44:03	1/1/2019 	6236713	648.00	10.00	14.79	17.55	104187.09	338645	0	Tsung-DaoLee	
4637	1:44:04	1/1/2019 	6236925	950.00	743.00	133.34	17.55	104187.09	1823	1	Tsung-DaoLee	
4638	1:44:13	1/1/2019 	6246139	938.00	119.00	33.74	17.55	104187.72	433651	1	Tsung-DaoLee	
4639	1:44:17	1/1/2019 	6249807	438.00	8.00	12.40	17.54	104187.27	196162	0	Tsung-DaoLee	
4640	1:44:21	1/1/2019 	6254422	102.00	8.00	6.65	17.54	104185.84	194568	0	Tsung-DaoLee	
4641	1:44:25	1/1/2019 	6258550	929.00	112.00	32.36	17.54	104185.36	241729	0	Tsung-DaoLee	
4642	1:44:26	1/1/2019 	6258898	945.00	313.00	59.24	17.54	104185.09	1823	1	Tsung-DaoLee	
4643	1:44:35	1/1/2019 	6268482	154.00	8.00	8.13	17.54	104185.67	433654	0	Tsung-DaoLee	
4644	1:44:37	1/1/2019 	6270711	942.00	142.00	37.97	17.54	104185.52	146607	1	Tsung-DaoLee	
4645	1:44:38	1/1/2019 	6271009	212.00	8.00	9.56	17.54	104185.52	4068	0	Tsung-DaoLee	
4646	1:44:46	1/1/2019 	6279247	145.00	8.00	7.87	17.54	104185.84	385664	0	Tsung-DaoLee	
4647	1:44:48	1/1/2019 	6281601	943.00	122.00	34.32	17.54	104185.67	145763	1	Tsung-DaoLee	
4648	1:44:51	1/1/2019 	6284192	943.00	138.00	37.28	17.54	104185.52	98670	1	Tsung-DaoLee	
4649	1:44:52	1/1/2019 	6285552	171.00	8.00	8.59	17.54	104185.52	97783	0	Tsung-DaoLee	
4650	1:44:57	1/1/2019 	6290669	946.00	136.00	36.93	17.54	104183.98	243247	1	Tsung-DaoLee	
4651	1:44:59	1/1/2019 	6291769	934.00	119.00	33.73	17.54	104183.98	50716	0	Tsung-DaoLee	
4652	1:45:02	1/1/2019 	6295249	344.00	8.00	11.60	17.54	104184.30	145767	1	Tsung-DaoLee	
4653	1:45:02	1/1/2019 	6295468	957.00	710.00	128.05	17.54	104184.30	1823	1	Tsung-DaoLee	
4654	1:45:09	1/1/2019 	6302332	588.00	9.00	13.87	17.54	104185.99	337691	0	Tsung-DaoLee	
4655	1:45:17	1/1/2019 	6310340	864.00	59.00	23.55	17.55	104187.56	386603	1	Tsung-DaoLee	
4656	1:45:21	1/1/2019 	6314443	349.00	8.00	11.65	17.55	104187.09	196124	0	Tsung-DaoLee	
4657	1:45:23	1/1/2019 	6316576	443.00	8.00	12.43	17.55	104186.93	145766	0	Tsung-DaoLee	
4658	1:45:24	1/1/2019 	6317322	943.00	146.00	38.64	17.55	104186.77	1822	0	Tsung-DaoLee	
4659	1:45:25	1/1/2019 	6318180	944.00	283.00	54.44	17.55	104186.45	49804	1	Tsung-DaoLee	
4660	1:45:30	1/1/2019 	6322832	948.00	318.00	60.11	17.55	104186.13	241729	1	Tsung-DaoLee	
4661	1:45:30	1/1/2019 	6323340	589.00	9.00	13.88	17.55	104186.13	2795	0	Tsung-DaoLee	
4662	1:45:33	1/1/2019 	6325844	943.00	134.00	36.57	17.55	104187.55	147441	0	Tsung-DaoLee	
4663	1:45:53	1/1/2019 	6346138	946.00	338.00	63.70	17.55	104185.63	961454	1	Tsung-DaoLee	
4664	1:45:54	1/1/2019 	6347329	584.00	9.00	13.82	17.55	104185.47	50627	0	Tsung-DaoLee	
4665	1:45:58	1/1/2019 	6351316	941.00	190.00	44.43	17.55	104185.00	193747	1	Tsung-DaoLee	
4666	1:46:00	1/1/2019 	6353909	577.00	10.00	13.88	17.55	104184.67	146606	0	Tsung-DaoLee	
4667	1:46:02	1/1/2019 	6356056	829.00	43.00	21.85	17.55	104184.67	99280	0	Tsung-DaoLee	
4668	1:46:04	1/1/2019 	6358307	943.00	286.00	54.88	17.55	104184.20	97785	1	Tsung-DaoLee	
4669	1:46:07	1/1/2019 	6361243	591.00	9.00	13.91	17.55	104184.52	145769	0	Tsung-DaoLee	
4670	1:46:16	1/1/2019 	6370140	394.00	8.00	12.07	17.55	104186.59	434524	0	Tsung-DaoLee	
4671	1:46:18	1/1/2019 	6371912	945.00	256.00	50.93	17.55	104187.06	98666	0	Tsung-DaoLee	
4672	1:46:18	1/1/2019 	6372004	948.00	351.00	66.06	17.55	104187.06	1823	1	Tsung-DaoLee	
4673	1:46:26	1/1/2019 	6379930	946.00	302.00	57.39	17.55	104188.28	387146	1	Tsung-DaoLee	
4674	1:46:26	1/1/2019 	6379974	128.00	8.00	7.38	17.55	104188.28	2721	0	Tsung-DaoLee	
4675	1:46:34	1/1/2019 	6387880	173.00	8.00	8.64	17.55	104189.21	385675	0	Tsung-DaoLee	
4676	1:46:34	1/1/2019 	6388289	664.00	11.00	15.19	17.55	104189.05	1821	0	Tsung-DaoLee	
4677	1:46:55	1/1/2019 	6408709	192.00	8.00	9.11	17.55	104185.41	1009436	0	Tsung-DaoLee	
4678	1:46:59	1/1/2019 	6413113	611.00	9.00	14.16	17.55	104185.73	194665	0	Tsung-DaoLee	
4679	1:47:02	1/1/2019 	6416042	947.00	535.00	91.91	17.55	104186.36	148171	1	Tsung-DaoLee	
4680	1:47:06	1/1/2019 	6419667	142.00	8.00	7.79	17.55	104187.33	193744	0	Tsung-DaoLee	
4681	1:47:06	1/1/2019 	6420192	320.00	8.00	11.32	17.55	104187.33	2782	0	Tsung-DaoLee	
4682	1:47:07	1/1/2019 	6420447	946.00	589.00	102.36	17.55	104187.64	1820	1	Tsung-DaoLee	
4683	1:47:10	1/1/2019 	6423968	947.00	388.00	72.46	17.55	104188.12	193746	1	Tsung-DaoLee	
4684	1:47:14	1/1/2019 	6427378	388.00	8.00	12.02	17.55	104187.96	145765	1	Tsung-DaoLee	
4685	1:47:24	1/1/2019 	6438285	944.00	303.00	57.55	17.55	104188.12	531178	1	Tsung-DaoLee	
4686	1:47:25	1/1/2019 	6438942	903.00	86.00	27.45	17.55	104188.28	50617	0	Tsung-DaoLee	
4687	1:47:27	1/1/2019 	6440662	943.00	120.00	33.93	17.55	104189.05	97784	0	Tsung-DaoLee	
4688	1:47:34	1/1/2019 	6447596	943.00	129.00	35.65	17.55	104191.12	338527	1	Tsung-DaoLee	
4689	1:47:34	1/1/2019 	6448054	920.00	97.00	29.46	17.55	104190.97	1826	0	Tsung-DaoLee	
4690	1:47:35	1/1/2019 	6448415	429.00	8.00	12.34	17.55	104190.97	3316	0	Tsung-DaoLee	
4691	1:47:38	1/1/2019 	6452000	944.00	342.00	64.42	17.55	104189.84	193747	1	Tsung-DaoLee	
4692	1:47:50	1/1/2019 	6463867	114.00	8.00	6.98	17.55	104186.84	578447	0	Tsung-DaoLee	
4693	1:47:50	1/1/2019 	6463957	953.00	640.00	114.07	17.55	104186.84	2696	1	Tsung-DaoLee	
4694	1:47:55	1/1/2019 	6468960	76.00	8.00	6.07	17.55	104187.70	241727	0	Tsung-DaoLee	
4695	1:47:56	1/1/2019 	6469945	630.00	8.00	14.12	17.55	104187.55	49803	0	Tsung-DaoLee	
4696	1:48:18	1/1/2019 	6491766	942.00	185.00	43.90	17.55	104186.05	1059716	1	Tsung-DaoLee	
4697	1:48:21	1/1/2019 	6494332	944.00	222.00	47.47	17.55	104186.19	98704	0	Tsung-DaoLee	
4698	1:48:22	1/1/2019 	6495703	686.00	12.00	15.62	17.55	104185.41	97783	0	Tsung-DaoLee	
4699	1:48:23	1/1/2019 	6496645	945.00	126.00	35.08	17.55	104185.57	49803	1	Tsung-DaoLee	
4700	1:48:24	1/1/2019 	6498162	909.00	90.00	28.16	17.55	104185.41	49802	1	Tsung-DaoLee	
4701	1:48:25	1/1/2019 	6498385	946.00	406.00	75.23	17.55	104185.41	1822	1	Tsung-DaoLee	
4702	1:48:29	1/1/2019 	6502655	215.00	8.00	9.63	17.55	104185.73	243273	0	Tsung-DaoLee	
4703	1:48:36	1/1/2019 	6510162	72.00	8.00	6.00	17.55	104186.50	338637	0	Tsung-DaoLee	
4704	1:48:36	1/1/2019 	6510262	948.00	388.00	72.46	17.55	104186.34	2785	1	Tsung-DaoLee	
4705	1:48:38	1/1/2019 	6512088	946.00	140.00	37.63	17.55	104186.34	97785	1	Tsung-DaoLee	
4706	1:48:40	1/1/2019 	6513842	943.00	144.00	38.31	17.55	104186.34	97786	1	Tsung-DaoLee	
4707	1:48:47	1/1/2019 	6520938	868.00	59.00	23.56	17.55	104186.34	337696	0	Tsung-DaoLee	
4708	1:48:57	1/1/2019 	6530345	714.00	15.00	16.66	17.56	104188.04	438325	0	Tsung-DaoLee	
4709	1:48:57	1/1/2019 	6530967	948.00	142.00	37.97	17.56	104188.04	50639	1	Tsung-DaoLee	
4710	1:49:07	1/1/2019 	6540689	945.00	315.00	59.58	17.56	104187.70	481641	1	Tsung-DaoLee	
4711	1:49:08	1/1/2019 	6542228	945.00	308.00	58.39	17.56	104187.22	50656	0	Tsung-DaoLee	
4712	1:49:10	1/1/2019 	6543751	940.00	378.00	70.80	17.56	104186.90	97786	0	Tsung-DaoLee	
4713	1:49:12	1/1/2019 	6545854	945.00	206.00	45.99	17.56	104186.90	99288	1	Tsung-DaoLee	
4714	1:49:16	1/1/2019 	6550070	942.00	185.00	43.90	17.56	104187.06	193748	1	Tsung-DaoLee	
4715	1:49:16	1/1/2019 	6550134	830.00	45.00	22.06	17.56	104187.06	2701	0	Tsung-DaoLee	
4716	1:49:20	1/1/2019 	6553408	924.00	111.00	32.17	17.56	104186.77	145762	0	Tsung-DaoLee	
4717	1:49:21	1/1/2019 	6554465	66.00	8.00	5.93	17.56	104186.77	49803	0	Tsung-DaoLee	
4718	1:49:22	1/1/2019 	6556207	943.00	225.00	47.75	17.56	104186.60	97783	1	Tsung-DaoLee	
4719	1:49:23	1/1/2019 	6557155	922.00	105.00	30.99	17.56	104186.77	51326	0	Tsung-DaoLee	
4720	1:49:30	1/1/2019 	6564280	943.00	138.00	37.28	17.56	104187.88	337697	1	Tsung-DaoLee	
4721	1:49:33	1/1/2019 	6566887	903.00	84.00	27.11	17.56	104188.17	146678	0	Tsung-DaoLee	
4722	1:49:41	1/1/2019 	6575265	944.00	193.00	44.74	17.56	104187.70	385676	0	Tsung-DaoLee	
4723	1:49:43	1/1/2019 	6577157	823.00	41.00	21.64	17.56	104187.70	98708	0	Tsung-DaoLee	
4724	1:49:49	1/1/2019 	6582911	940.00	134.00	36.57	17.56	104187.22	289712	1	Tsung-DaoLee	
4725	1:49:55	1/1/2019 	6588416	940.00	122.00	34.32	17.56	104187.70	244104	1	Tsung-DaoLee	
4726	1:49:57	1/1/2019 	6590451	428.00	9.00	12.40	17.56	104188.47	97786	0	Tsung-DaoLee	
4727	1:49:59	1/1/2019 	6592567	942.00	132.00	36.20	17.56	104188.79	146733	0	Tsung-DaoLee	
4728	1:50:01	1/1/2019 	6594836	863.00	54.00	23.01	17.56	104188.62	97788	0	Tsung-DaoLee	
4729	1:50:01	1/1/2019 	6595223	234.00	8.00	10.00	17.56	104188.47	1828	0	Tsung-DaoLee	
4730	1:50:12	1/1/2019 	6605930	946.00	339.00	63.88	17.56	104187.83	531200	1	Tsung-DaoLee	
4731	1:50:13	1/1/2019 	6606381	399.00	8.00	12.11	17.56	104187.67	1823	0	Tsung-DaoLee	
4732	1:50:23	1/1/2019 	6616648	525.00	8.00	13.03	17.56	104188.31	529622	0	Tsung-DaoLee	
4733	1:50:28	1/1/2019 	6621760	946.00	636.00	113.34	17.56	104188.79	242559	1	Tsung-DaoLee	
4734	1:50:40	1/1/2019 	6634025	945.00	297.00	56.58	17.56	104188.95	578451	0	Tsung-DaoLee	
4735	1:50:42	1/1/2019 	6635939	88.00	8.00	6.30	17.56	104189.11	98647	0	Tsung-DaoLee	
4736	1:50:56	1/1/2019 	6649840	943.00	321.00	60.63	17.56	104187.03	675088	1	Tsung-DaoLee	
4737	1:51:10	1/1/2019 	6663384	943.00	452.00	81.20	17.56	104188.25	626478	0	Tsung-DaoLee	
4738	1:51:13	1/1/2019 	6666919	947.00	396.00	73.72	17.57	104187.91	194655	1	Tsung-DaoLee	
4739	1:51:15	1/1/2019 	6668403	123.00	8.00	7.24	17.56	104187.14	49803	0	Tsung-DaoLee	
4740	1:51:19	1/1/2019 	6673168	945.00	481.00	84.54	17.56	104186.66	241722	1	Tsung-DaoLee	
4741	1:51:20	1/1/2019 	6673648	77.00	8.00	6.08	17.56	104186.66	50725	0	Tsung-DaoLee	
4742	1:51:22	1/1/2019 	6675964	91.00	8.00	6.37	17.57	104186.16	99329	0	Tsung-DaoLee	
4743	1:51:29	1/1/2019 	6683330	893.00	79.00	26.28	17.57	104186.47	337686	0	Tsung-DaoLee	
4744	1:51:33	1/1/2019 	6687036	517.00	8.00	12.97	17.57	104186.63	194698	0	Tsung-DaoLee	
4745	1:51:43	1/1/2019 	6697309	948.00	413.00	76.23	17.57	104186.47	481637	1	Tsung-DaoLee	
4746	1:51:53	1/1/2019 	6706666	945.00	561.00	96.51	17.57	104186.80	482605	1	Tsung-DaoLee	
4747	1:52:12	1/1/2019 	6725846	949.00	418.00	76.93	17.57	104187.25	914462	1	Tsung-DaoLee	
4748	1:52:20	1/1/2019 	6734212	61.00	8.00	5.90	17.57	104187.88	387872	0	Tsung-DaoLee	
4749	1:52:24	1/1/2019 	6737715	69.00	8.00	5.97	17.57	104188.36	194596	0	Tsung-DaoLee	
4750	1:52:25	1/1/2019 	6738786	897.00	74.00	25.53	17.57	104188.78	49801	1	Tsung-DaoLee	
4751	1:52:25	1/1/2019 	6739140	833.00	44.00	21.96	17.57	104188.78	1822	0	Tsung-DaoLee	
4752	1:52:31	1/1/2019 	6744765	937.00	119.00	33.74	17.57	104188.94	289707	1	Tsung-DaoLee	
4753	1:52:32	1/1/2019 	6745851	184.00	8.00	8.92	17.57	104189.09	52063	0	Tsung-DaoLee	
4754	1:52:38	1/1/2019 	6752040	944.00	140.00	37.63	17.57	104188.62	289709	0	Tsung-DaoLee	
4755	1:52:39	1/1/2019 	6753345	295.00	8.00	10.99	17.57	104188.46	50706	0	Tsung-DaoLee	
4756	1:52:45	1/1/2019 	6758878	920.00	100.00	30.03	17.57	104188.62	289709	1	Tsung-DaoLee	
4757	1:52:47	1/1/2019 	6760750	538.00	8.00	13.15	17.57	104189.55	97790	0	Tsung-DaoLee	
4758	1:52:48	1/1/2019 	6761628	922.00	108.00	31.58	17.57	104189.09	50719	1	Tsung-DaoLee	
4759	1:52:50	1/1/2019 	6763771	669.00	11.00	15.22	17.57	104189.26	99329	0	Tsung-DaoLee	
4760	1:52:54	1/1/2019 	6768338	945.00	223.00	47.56	17.57	104189.58	193747	1	Tsung-DaoLee	
4761	1:52:57	1/1/2019 	6770734	748.00	21.00	18.39	17.57	104190.03	145768	0	Tsung-DaoLee	
4762	1:53:01	1/1/2019 	6774769	159.00	8.00	8.27	17.57	104190.19	194690	0	Tsung-DaoLee	
4763	1:53:04	1/1/2019 	6777784	559.00	8.00	13.37	17.57	104189.88	145770	0	Tsung-DaoLee	
4764	1:53:09	1/1/2019 	6782984	152.00	8.00	8.07	17.57	104189.26	241736	0	Tsung-DaoLee	
4765	1:53:10	1/1/2019 	6784271	847.00	50.00	22.58	17.57	104189.42	52305	0	Tsung-DaoLee	
4766	1:53:10	1/1/2019 	6784344	944.00	125.00	34.89	17.57	104189.42	1822	1	Tsung-DaoLee	
4767	1:53:11	1/1/2019 	6784387	923.00	106.00	31.19	17.57	104189.42	1821	1	Tsung-DaoLee	
4768	1:53:12	1/1/2019 	6785599	332.00	8.00	11.46	17.57	104189.58	97786	0	Tsung-DaoLee	
4769	1:53:14	1/1/2019 	6787480	943.00	140.00	37.63	17.57	104189.73	49804	1	Tsung-DaoLee	
4770	1:53:20	1/1/2019 	6794252	910.00	91.00	28.34	17.57	104190.98	337692	0	Tsung-DaoLee	
4771	1:53:21	1/1/2019 	6794555	124.00	8.00	7.27	17.57	104191.14	54477	0	Tsung-DaoLee	
4772	1:53:22	1/1/2019 	6796124	802.00	39.00	21.39	17.57	104191.14	49803	0	Tsung-DaoLee	
4773	1:53:29	1/1/2019 	6802712	121.00	8.00	7.18	17.57	104191.62	337692	0	Tsung-DaoLee	
4774	1:53:29	1/1/2019 	6802858	654.00	10.00	14.83	17.57	104191.62	2666	0	Tsung-DaoLee	
4775	1:53:41	1/1/2019 	6814913	941.00	143.00	38.14	17.57	104191.95	577600	1	Tsung-DaoLee	
4776	1:53:50	1/1/2019 	6823397	208.00	8.00	9.48	17.57	104191.47	387908	0	Tsung-DaoLee	
4777	1:53:50	1/1/2019 	6823817	407.00	8.00	12.18	17.57	104191.62	50687	0	Tsung-DaoLee	
4778	1:53:55	1/1/2019 	6828773	392.00	8.00	12.06	17.58	104191.56	241740	0	Tsung-DaoLee	
4779	1:54:00	1/1/2019 	6834136	918.00	98.00	29.64	17.58	104191.73	241737	1	Tsung-DaoLee	
4780	1:54:12	1/1/2019 	6845892	104.00	8.00	6.70	17.58	104191.88	578505	0	Tsung-DaoLee	
4781	1:54:13	1/1/2019 	6846848	93.00	8.00	6.42	17.58	104192.05	50719	0	Tsung-DaoLee	
4782	1:54:28	1/1/2019 	6861403	621.00	9.00	14.28	17.58	104191.41	675098	0	Tsung-DaoLee	
4783	1:54:30	1/1/2019 	6863620	205.00	8.00	9.41	17.58	104191.86	146705	0	Tsung-DaoLee	
4784	1:54:32	1/1/2019 	6866003	516.00	8.00	12.96	17.58	104191.41	97784	0	Tsung-DaoLee	
4785	1:54:38	1/1/2019 	6871599	940.00	139.00	37.46	17.58	104195.52	289703	1	Tsung-DaoLee	
4786	1:54:41	1/1/2019 	6875344	947.00	609.00	107.00	17.58	104197.89	146725	1	Tsung-DaoLee	
4787	1:54:43	1/1/2019 	6876930	943.00	149.00	39.13	17.58	104198.79	97785	1	Tsung-DaoLee	
4788	1:54:44	1/1/2019 	6878148	946.00	205.00	45.90	17.58	104198.79	51374	1	Tsung-DaoLee	
4789	1:54:47	1/1/2019 	6880870	943.00	130.00	35.83	17.59	104198.27	145768	1	Tsung-DaoLee	
4790	1:54:52	1/1/2019 	6885930	942.00	237.00	48.90	17.59	104192.78	242721	1	Tsung-DaoLee	
4791	1:54:58	1/1/2019 	6892125	129.00	8.00	7.41	17.59	104187.05	289710	0	Tsung-DaoLee	
4792	1:54:59	1/1/2019 	6893154	854.00	52.00	22.79	17.59	104186.58	50632	0	Tsung-DaoLee	
4793	1:55:02	1/1/2019 	6896308	717.00	16.00	16.97	17.59	104185.86	145763	0	Tsung-DaoLee	
4794	1:55:03	1/1/2019 	6897001	942.00	225.00	47.75	17.59	104185.70	51292	1	Tsung-DaoLee	
4795	1:55:03	1/1/2019 	6897266	946.00	140.00	37.63	17.58	104185.41	1823	1	Tsung-DaoLee	
4796	1:55:13	1/1/2019 	6907354	665.00	10.00	14.90	17.59	104205.77	481640	0	Tsung-DaoLee	
4797	1:55:16	1/1/2019 	6909399	945.00	407.00	75.37	17.59	104208.00	98643	0	Tsung-DaoLee	
4798	1:55:20	1/1/2019 	6914093	136.00	8.00	7.62	17.59	104211.27	241729	0	Tsung-DaoLee	
4799	1:55:22	1/1/2019 	6915641	946.00	456.00	81.66	17.59	104211.75	100047	1	Tsung-DaoLee	
4800	1:55:26	1/1/2019 	6919732	494.00	8.00	12.78	17.59	104205.59	193746	0	Tsung-DaoLee	
4801	1:55:28	1/1/2019 	6922105	255.00	8.00	10.38	17.59	104201.95	98685	0	Tsung-DaoLee	
4802	1:55:31	1/1/2019 	6924593	753.00	23.00	18.85	17.58	104198.05	145766	0	Tsung-DaoLee	
4803	1:55:34	1/1/2019 	6928089	62.00	8.00	5.90	17.58	104193.30	145765	0	Tsung-DaoLee	
4804	1:55:35	1/1/2019 	6928938	946.00	269.00	52.52	17.58	104192.50	49804	1	Tsung-DaoLee	
4805	1:55:38	1/1/2019 	6931727	62.00	8.00	5.90	17.58	104189.66	147295	0	Tsung-DaoLee	
4806	1:55:40	1/1/2019 	6934305	680.00	12.00	15.59	17.57	104187.80	98710	0	Tsung-DaoLee	
4807	1:55:42	1/1/2019 	6936371	945.00	138.00	37.28	17.57	104187.33	97784	1	Tsung-DaoLee	
4808	1:55:43	1/1/2019 	6936716	945.00	129.00	35.65	17.57	104187.33	49804	1	Tsung-DaoLee	
4809	1:55:44	1/1/2019 	6937680	960.00	596.00	103.94	17.57	104186.55	49802	0	Tsung-DaoLee	
4810	1:55:45	1/1/2019 	6938889	942.00	139.00	37.46	17.57	104186.39	49804	0	Tsung-DaoLee	
4811	1:55:46	1/1/2019 	6939498	73.00	7.00	6.02	17.57	104186.39	3471	0	Tsung-DaoLee	
4812	1:55:56	1/1/2019 	6949765	946.00	428.00	78.25	17.57	104198.08	529611	1	Tsung-DaoLee	
4813	1:55:59	1/1/2019 	6952763	948.00	264.00	51.88	17.57	104208.35	146721	0	Tsung-DaoLee	
4814	1:56:11	1/1/2019 	6964366	945.00	412.00	76.09	17.57	104198.02	529619	1	Tsung-DaoLee	
4815	1:56:11	1/1/2019 	6964472	68.00	7.00	5.95	17.57	104198.02	2794	0	Tsung-DaoLee	
4816	1:56:13	1/1/2019 	6966771	946.00	498.00	86.60	17.57	104194.73	145765	1	Tsung-DaoLee	
4817	1:56:23	1/1/2019 	6976748	91.00	8.00	6.37	17.57	104190.03	483208	0	Tsung-DaoLee	
4818	1:56:24	1/1/2019 	6977718	278.00	8.00	10.75	17.57	104189.09	50626	0	Tsung-DaoLee	
4819	1:56:25	1/1/2019 	6978414	112.00	8.00	6.92	17.57	104188.78	1822	0	Tsung-DaoLee	
4820	1:56:26	1/1/2019 	6980229	70.00	8.00	5.98	17.57	104187.98	97782	0	Tsung-DaoLee	
4821	1:56:40	1/1/2019 	6993792	866.00	60.00	23.67	17.58	104188.52	674407	0	Tsung-DaoLee	
4822	1:56:43	1/1/2019 	6996714	942.00	147.00	38.81	17.58	104188.48	148006	1	Tsung-DaoLee	
4823	1:56:48	1/1/2019 	7001816	942.00	266.00	52.13	17.58	104187.70	241729	1	Tsung-DaoLee	
4824	1:56:54	1/1/2019 	7007967	907.00	89.00	27.98	17.58	104187.64	290599	1	Tsung-DaoLee	
4825	1:56:56	1/1/2019 	7009736	941.00	234.00	48.60	17.58	104187.48	97785	1	Tsung-DaoLee	
4826	1:56:56	1/1/2019 	7010043	948.00	139.00	37.46	17.59	104187.93	2726	1	Tsung-DaoLee	
4827	1:56:57	1/1/2019 	7011065	379.00	8.00	11.94	17.59	104187.61	49804	1	Tsung-DaoLee	
4828	1:56:58	1/1/2019 	7011718	398.00	8.00	12.10	17.59	104187.45	51335	0	Tsung-DaoLee	
4829	1:57:10	1/1/2019 	7023772	798.00	37.00	21.15	17.59	104186.16	577606	0	Tsung-DaoLee	
4830	1:57:11	1/1/2019 	7025243	943.00	209.00	46.27	17.59	104186.58	50734	1	Tsung-DaoLee	
4831	1:57:22	1/1/2019 	7035724	635.00	9.00	14.41	17.59	104185.44	529618	0	Tsung-DaoLee	
4832	1:57:22	1/1/2019 	7035965	127.00	8.00	7.35	17.59	104185.44	2769	0	Tsung-DaoLee	
4833	1:57:24	1/1/2019 	7037389	922.00	110.00	31.97	17.60	104185.85	49801	1	Tsung-DaoLee	
4834	1:57:24	1/1/2019 	7037456	369.00	8.00	11.85	17.60	104185.85	3381	0	Tsung-DaoLee	
4835	1:57:28	1/1/2019 	7041813	948.00	399.00	74.18	17.60	104188.22	241727	0	Tsung-DaoLee	
4836	1:57:28	1/1/2019 	7042267	180.00	8.00	8.82	17.60	104187.91	2795	0	Tsung-DaoLee	
4837	1:57:34	1/1/2019 	7048267	861.00	52.00	22.80	17.60	104187.88	289715	0	Tsung-DaoLee	
4838	1:57:35	1/1/2019 	7048480	737.00	19.00	17.86	17.60	104187.56	1827	0	Tsung-DaoLee	
4839	1:57:36	1/1/2019 	7049662	943.00	124.00	34.70	17.60	104186.77	97785	1	Tsung-DaoLee	
4840	1:57:37	1/1/2019 	7050565	761.00	25.00	19.28	17.60	104186.28	54591	0	Tsung-DaoLee	
4841	1:57:38	1/1/2019 	7052237	884.00	66.00	24.42	17.60	104185.83	49803	1	Tsung-DaoLee	
4842	1:57:41	1/1/2019 	7055265	897.00	84.00	27.10	17.60	104185.83	145769	0	Tsung-DaoLee	
4843	1:57:45	1/1/2019 	7059089	102.00	8.00	6.65	17.60	104186.47	193749	0	Tsung-DaoLee	
4844	1:57:46	1/1/2019 	7059481	525.00	8.00	13.03	17.60	104186.47	1822	0	Tsung-DaoLee	
4845	1:57:48	1/1/2019 	7061680	943.00	127.00	35.27	17.60	104187.23	146717	0	Tsung-DaoLee	
4846	1:57:53	1/1/2019 	7066660	949.00	401.00	74.48	17.60	104186.15	242576	0	Tsung-DaoLee	
4847	1:57:56	1/1/2019 	7069460	929.00	111.00	32.17	17.60	104185.85	97783	1	Tsung-DaoLee	
4848	1:57:57	1/1/2019 	7070789	944.00	129.00	35.65	17.60	104185.70	97783	1	Tsung-DaoLee	
4849	1:58:03	1/1/2019 	7076983	97.00	8.00	6.52	17.60	104187.12	290578	0	Tsung-DaoLee	
4850	1:58:06	1/1/2019 	7079392	524.00	9.00	13.13	17.60	104187.91	97787	0	Tsung-DaoLee	
4851	1:58:14	1/1/2019 	7088200	916.00	98.00	29.64	17.60	104189.79	435172	0	Tsung-DaoLee	
4852	1:58:25	1/1/2019 	7098404	443.00	8.00	12.43	17.60	104186.31	482528	0	Tsung-DaoLee	
4853	1:58:27	1/1/2019 	7100709	645.00	10.00	14.76	17.60	104186.47	146675	0	Tsung-DaoLee	
4854	1:58:35	1/1/2019 	7109281	742.00	20.00	18.13	17.60	104185.35	386600	0	Tsung-DaoLee	
4855	1:58:43	1/1/2019 	7117196	935.00	119.00	33.73	17.60	104186.47	385677	1	Tsung-DaoLee	
4856	1:58:45	1/1/2019 	7119109	75.00	9.00	6.05	17.60	104187.41	98729	0	Tsung-DaoLee	
4857	1:58:48	1/1/2019 	7121617	455.00	8.00	12.52	17.60	104186.95	147286	0	Tsung-DaoLee	
4858	1:58:50	1/1/2019 	7123570	361.00	8.00	11.77	17.60	104187.41	98749	0	Tsung-DaoLee	
4859	1:58:51	1/1/2019 	7125330	125.00	8.00	7.29	17.60	104187.56	49803	0	Tsung-DaoLee	
4860	1:59:00	1/1/2019 	7133994	311.00	8.00	11.20	17.60	104184.95	433651	0	Tsung-DaoLee	
4861	1:59:03	1/1/2019 	7137183	942.00	160.00	40.80	17.60	104183.67	146588	0	Tsung-DaoLee	
4862	1:59:07	1/1/2019 	7140843	141.00	8.00	7.76	17.61	104183.33	193751	0	Tsung-DaoLee	
4863	1:59:08	1/1/2019 	7141872	942.00	126.00	35.08	17.61	104183.66	52065	0	Tsung-DaoLee	
4864	1:59:13	1/1/2019 	7147045	947.00	208.00	46.18	17.61	104184.29	241733	0	Tsung-DaoLee	
4865	1:59:19	1/1/2019 	7153225	861.00	53.00	22.90	17.60	104184.84	289710	1	Tsung-DaoLee	
4866	1:59:22	1/1/2019 	7155959	902.00	83.00	26.94	17.60	104185.65	146632	0	Tsung-DaoLee	
4867	1:59:23	1/1/2019 	7156687	607.00	9.00	14.11	17.60	104185.97	49803	0	Tsung-DaoLee	
4868	1:59:23	1/1/2019 	7156989	952.00	347.00	65.33	17.60	104185.97	3442	1	Tsung-DaoLee	
4869	1:59:25	1/1/2019 	7158916	109.00	8.00	6.84	17.60	104186.06	97782	0	Tsung-DaoLee	
4870	1:59:34	1/1/2019 	7167725	942.00	155.00	40.06	17.60	104185.33	433652	1	Tsung-DaoLee	
4871	1:59:36	1/1/2019 	7169401	948.00	561.00	96.51	17.60	104185.17	50697	1	Tsung-DaoLee	
4872	1:59:39	1/1/2019 	7173182	81.00	8.00	6.15	17.60	104185.19	193748	0	Tsung-DaoLee	
4873	1:59:49	1/1/2019 	7183068	945.00	229.00	48.12	17.60	104187.41	482545	1	Tsung-DaoLee	
4874	1:59:49	1/1/2019 	7183321	89.00	8.00	6.32	17.60	104187.56	4175	0	Tsung-DaoLee	
4875	2:00:06	1/1/2019 	7199478	581.00	8.00	13.62	17.60	104186.47	769523	0	Tsung-DaoLee	
4876	2:00:14	1/1/2019 	7207641	949.00	585.00	101.51	17.60	104186.92	434618	1	Tsung-DaoLee	
4877	2:00:19	1/1/2019 	7212746	944.00	354.00	66.60	17.60	104189.41	242704	0	Tsung-DaoLee	
4878	2:00:20	1/1/2019 	7214048	945.00	148.00	38.97	17.61	104189.23	50619	0	Tsung-DaoLee	
4879	2:00:27	1/1/2019 	7221346	944.00	157.00	40.36	17.61	104190.19	337693	1	Tsung-DaoLee	
4880	2:00:35	1/1/2019 	7229036	944.00	244.00	49.61	17.61	104184.92	387879	1	Tsung-DaoLee	
4881	2:00:38	1/1/2019 	7231694	939.00	121.00	34.12	17.61	104180.94	145769	0	Tsung-DaoLee	
4882	2:00:47	1/1/2019 	7241271	583.00	9.00	13.81	17.61	104159.54	434523	0	Tsung-DaoLee	
4883	2:00:49	1/1/2019 	7242743	944.00	152.00	39.60	17.61	104155.45	98664	1	Tsung-DaoLee	
4884	2:00:52	1/1/2019 	7245724	185.00	8.00	8.95	17.61	104147.75	145772	0	Tsung-DaoLee	
4885	2:00:52	1/1/2019 	7246289	947.00	195.00	44.94	17.61	104146.31	1821	1	Tsung-DaoLee	
4886	2:00:54	1/1/2019 	7247789	748.00	23.00	18.84	17.61	104141.38	99311	0	Tsung-DaoLee	
4887	2:00:58	1/1/2019 	7252276	941.00	175.00	42.76	17.61	104125.08	193760	1	Tsung-DaoLee	
4888	2:01:15	1/1/2019 	7267621	721.00	16.00	16.98	17.60	104066.10	770453	0	Tsung-DaoLee	
4889	2:01:15	1/1/2019 	7268111	889.00	73.00	25.37	17.60	104064.67	2742	0	Tsung-DaoLee	
4890	2:01:18	1/1/2019 	7271110	740.00	19.00	17.87	17.60	104058.36	145770	0	Tsung-DaoLee	
4891	2:01:21	1/1/2019 	7273929	890.00	76.00	25.81	17.60	104050.57	148136	0	Tsung-DaoLee	
4892	2:01:22	1/1/2019 	7275395	114.00	8.00	6.98	17.60	104047.06	49803	0	Tsung-DaoLee	
4893	2:01:24	1/1/2019 	7276876	109.00	8.00	6.84	17.60	104043.59	97784	0	Tsung-DaoLee	
4894	2:01:24	1/1/2019 	7276973	919.00	98.00	29.64	17.60	104043.59	1821	0	Tsung-DaoLee	
4895	2:01:36	1/1/2019 	7289486	942.00	140.00	37.63	17.58	104023.61	577602	1	Tsung-DaoLee	
4896	2:01:37	1/1/2019 	7289744	853.00	48.00	22.39	17.58	104023.29	50770	0	Tsung-DaoLee	
4897	2:01:39	1/1/2019 	7292366	837.00	46.00	22.17	17.58	104022.81	102449	0	Tsung-DaoLee	
4898	2:01:47	1/1/2019 	7300097	555.00	9.00	13.46	17.59	104014.45	385677	0	Tsung-DaoLee	
4899	2:01:50	1/1/2019 	7302705	944.00	146.00	38.64	17.59	104009.34	146601	0	Tsung-DaoLee	
4900	2:01:52	1/1/2019 	7305401	638.00	9.00	14.44	17.58	104003.48	97785	0	Tsung-DaoLee	
4901	2:01:53	1/1/2019 	7305641	946.00	155.00	40.06	17.58	104003.48	49804	0	Tsung-DaoLee	
4902	2:01:54	1/1/2019 	7307598	948.00	257.00	51.04	17.58	103999.81	97787	0	Tsung-DaoLee	
4903	2:01:56	1/1/2019 	7308819	945.00	360.00	67.67	17.58	103997.33	51401	1	Tsung-DaoLee	
4904	2:02:01	1/1/2019 	7314432	941.00	238.00	48.99	17.58	103986.99	241736	1	Tsung-DaoLee	
4905	2:02:07	1/1/2019 	7319874	951.00	625.00	110.76	17.57	103978.64	290578	0	Tsung-DaoLee	
4906	2:02:09	1/1/2019 	7322321	115.00	8.00	7.01	17.57	103976.25	98668	0	Tsung-DaoLee	
4907	2:02:09	1/1/2019 	7322435	183.00	8.00	8.90	17.57	103976.25	1821	0	Tsung-DaoLee	
4908	2:02:10	1/1/2019 	7323055	516.00	8.00	12.96	17.57	103975.31	51323	0	Tsung-DaoLee	
4909	2:02:14	1/1/2019 	7327257	946.00	267.00	52.26	17.57	103972.19	193755	0	Tsung-DaoLee	
4910	2:02:15	1/1/2019 	7328048	948.00	581.00	100.66	17.57	103971.55	49806	1	Tsung-DaoLee	
4911	2:02:15	1/1/2019 	7328316	950.00	448.00	80.73	17.57	103971.55	1823	0	Tsung-DaoLee	
4912	2:02:16	1/1/2019 	7328688	949.00	350.00	65.88	17.57	103971.39	49805	0	Tsung-DaoLee	
4913	2:02:16	1/1/2019 	7329160	938.00	117.00	33.35	17.57	103971.23	1823	1	Tsung-DaoLee	
4914	2:02:32	1/1/2019 	7344713	427.00	9.00	12.39	17.56	103963.31	770535	0	Tsung-DaoLee	
4915	2:02:41	1/1/2019 	7353668	921.00	104.00	30.80	17.56	103948.02	434583	0	Tsung-DaoLee	
4916	2:02:41	1/1/2019 	7353678	800.00	35.00	20.92	17.56	103948.02	2755	0	Tsung-DaoLee	
4917	2:02:45	1/1/2019 	7358339	73.00	8.00	6.02	17.56	103943.47	193753	0	Tsung-DaoLee	
4918	2:02:51	1/1/2019 	7364312	947.00	407.00	75.38	17.56	103934.11	289720	1	Tsung-DaoLee	
4919	2:02:53	1/1/2019 	7366583	599.00	9.00	14.01	17.55	103931.47	146721	0	Tsung-DaoLee	
4920	2:02:58	1/1/2019 	7371181	602.00	9.00	14.05	17.55	103925.02	195319	0	Tsung-DaoLee	
4921	2:03:01	1/1/2019 	7373758	930.00	114.00	32.76	17.55	103921.22	146746	0	Tsung-DaoLee	
4922	2:03:02	1/1/2019 	7375468	82.00	8.00	6.17	17.54	103918.12	49808	0	Tsung-DaoLee	
4923	2:03:11	1/1/2019 	7383709	947.00	366.00	68.74	17.53	103917.44	433673	1	Tsung-DaoLee	
4924	2:03:14	1/1/2019 	7387599	768.00	28.00	19.84	17.53	103919.34	194570	0	Tsung-DaoLee	
4925	2:03:19	1/1/2019 	7391813	284.00	8.00	10.83	17.54	103919.92	193750	0	Tsung-DaoLee	
4926	2:03:23	1/1/2019 	7396385	141.00	8.00	7.76	17.53	103917.04	195957	0	Tsung-DaoLee	
4927	2:03:26	1/1/2019 	7399478	876.00	64.00	24.15	17.52	103913.48	145766	0	Tsung-DaoLee	
4928	2:03:29	1/1/2019 	7402179	944.00	297.00	56.58	17.52	103910.09	145769	1	Tsung-DaoLee	
4929	2:03:30	1/1/2019 	7403422	475.00	9.00	12.74	17.51	103908.05	50669	0	Tsung-DaoLee	
4930	2:03:34	1/1/2019 	7406627	822.00	41.00	21.63	17.50	103900.25	193754	0	Tsung-DaoLee	
4931	2:03:34	1/1/2019 	7406701	950.00	144.00	38.31	17.50	103900.25	3332	1	Tsung-DaoLee	
4932	2:03:34	1/1/2019 	7407072	949.00	261.00	51.52	17.50	103899.45	1822	1	Tsung-DaoLee	
4933	2:03:40	1/1/2019 	7412946	465.00	8.00	12.58	17.49	103892.84	289725	0	Tsung-DaoLee	
4934	2:03:42	1/1/2019 	7414799	225.00	9.00	9.84	17.48	103892.45	98678	0	Tsung-DaoLee	
4935	2:03:46	1/1/2019 	7419437	78.00	8.00	6.10	17.48	103895.54	193755	0	Tsung-DaoLee	
4936	2:03:47	1/1/2019 	7420440	557.00	9.00	13.48	17.48	103895.86	49804	0	Tsung-DaoLee	
4937	2:03:51	1/1/2019 	7424395	942.00	265.00	52.01	17.48	103895.86	196073	1	Tsung-DaoLee	
4938	2:03:57	1/1/2019 	7429698	640.00	9.00	14.45	17.48	103895.56	289715	0	Tsung-DaoLee	
4939	2:03:57	1/1/2019 	7430574	945.00	145.00	38.48	17.47	103892.09	50738	0	Tsung-DaoLee	
4940	2:04:07	1/1/2019 	7440103	399.00	8.00	12.11	17.45	103876.94	433664	0	Tsung-DaoLee	
4941	2:04:10	1/1/2019 	7443589	574.00	9.00	13.69	17.44	103870.77	194704	0	Tsung-DaoLee	
4942	2:04:11	1/1/2019 	7444058	942.00	244.00	49.61	17.44	103870.34	1823	1	Tsung-DaoLee	
4943	2:04:14	1/1/2019 	7446874	60.00	10.00	5.89	17.43	103868.86	147335	0	Tsung-DaoLee	
4944	2:04:19	1/1/2019 	7451873	130.00	8.00	7.44	17.42	103858.94	241734	0	Tsung-DaoLee	
4945	2:04:23	1/1/2019 	7456209	893.00	77.00	25.97	17.43	103855.57	194729	0	Tsung-DaoLee	
4946	2:04:25	1/1/2019 	7457623	948.00	380.00	71.14	17.43	103855.25	97787	0	Tsung-DaoLee	
4947	2:04:26	1/1/2019 	7459340	947.00	194.00	44.84	17.43	103855.19	49805	0	Tsung-DaoLee	
4948	2:04:33	1/1/2019 	7465926	401.00	8.00	12.13	17.43	103856.44	337701	0	Tsung-DaoLee	
4949	2:04:39	1/1/2019 	7472030	949.00	460.00	82.12	17.43	103862.28	291905	1	Tsung-DaoLee	
4950	2:04:46	1/1/2019 	7478959	213.00	8.00	9.58	17.43	103868.73	338551	0	Tsung-DaoLee	
4951	2:04:51	1/1/2019 	7484341	943.00	122.00	34.32	17.41	103866.40	241740	1	Tsung-DaoLee	
4952	2:04:56	1/1/2019 	7488931	365.00	8.00	11.81	17.40	103855.19	242603	0	Tsung-DaoLee	
4953	2:04:56	1/1/2019 	7488988	952.00	412.00	76.09	17.40	103855.19	1822	0	Tsung-DaoLee	
4954	2:04:58	1/1/2019 	7491218	946.00	377.00	70.63	17.39	103850.69	99299	0	Tsung-DaoLee	
4955	2:05:00	1/1/2019 	7493419	953.00	840.00	151.71	17.38	103845.70	98678	1	Tsung-DaoLee	
4956	2:05:04	1/1/2019 	7497134	84.00	8.00	6.21	17.38	103841.66	193760	0	Tsung-DaoLee	
4957	2:05:08	1/1/2019 	7501142	944.00	140.00	37.63	17.37	103841.36	193758	0	Tsung-DaoLee	
4958	2:05:10	1/1/2019 	7502829	474.00	8.00	12.64	17.36	103841.86	98698	0	Tsung-DaoLee	
4959	2:05:12	1/1/2019 	7505401	92.00	8.00	6.39	17.36	103843.16	97790	0	Tsung-DaoLee	
4960	2:05:14	1/1/2019 	7507003	945.00	149.00	39.13	17.36	103844.75	99327	1	Tsung-DaoLee	
4961	2:05:15	1/1/2019 	7507935	116.00	8.00	7.03	17.36	103846.02	49806	0	Tsung-DaoLee	
4962	2:05:28	1/1/2019 	7521193	941.00	147.00	38.81	17.37	103851.33	625609	1	Tsung-DaoLee	
4963	2:05:30	1/1/2019 	7522942	865.00	54.00	23.01	17.37	103849.39	98723	0	Tsung-DaoLee	
4964	2:05:32	1/1/2019 	7524998	945.00	232.00	48.41	17.37	103845.09	97788	1	Tsung-DaoLee	
4965	2:05:36	1/1/2019 	7528940	179.00	8.00	8.80	17.37	103837.27	193758	0	Tsung-DaoLee	
4966	2:05:37	1/1/2019 	7530590	950.00	459.00	82.00	17.38	103835.30	99343	0	Tsung-DaoLee	
4967	2:05:43	1/1/2019 	7536390	942.00	145.00	38.48	17.38	103830.02	242701	1	Tsung-DaoLee	
4968	2:05:47	1/1/2019 	7540041	916.00	97.00	29.45	17.38	103830.75	193758	0	Tsung-DaoLee	
4969	2:05:49	1/1/2019 	7542100	947.00	559.00	96.14	17.38	103831.36	98767	1	Tsung-DaoLee	
4970	2:05:49	1/1/2019 	7542488	925.00	108.00	31.58	17.38	103831.36	1822	1	Tsung-DaoLee	
4971	2:05:52	1/1/2019 	7544980	681.00	12.00	15.60	17.38	103832.48	145771	0	Tsung-DaoLee	
4972	2:05:54	1/1/2019 	7546761	950.00	625.00	110.76	17.39	103834.36	99370	1	Tsung-DaoLee	
4973	2:05:54	1/1/2019 	7547230	948.00	310.00	58.72	17.39	103834.69	1824	1	Tsung-DaoLee	
4974	2:05:54	1/1/2019 	7547316	666.00	11.00	15.21	17.39	103834.69	1822	0	Tsung-DaoLee	
4975	2:06:01	1/1/2019 	7553915	96.00	8.00	6.49	17.39	103840.09	337705	0	Tsung-DaoLee	
4976	2:06:03	1/1/2019 	7556014	714.00	14.00	16.34	17.38	103841.39	98620	0	Tsung-DaoLee	
4977	2:06:03	1/1/2019 	7556084	89.00	8.00	6.32	17.38	103841.39	3313	0	Tsung-DaoLee	
4978	2:06:04	1/1/2019 	7556943	177.00	8.00	8.75	17.38	103842.03	49804	0	Tsung-DaoLee	
4979	2:06:09	1/1/2019 	7561940	185.00	8.00	8.95	17.38	103845.78	241739	0	Tsung-DaoLee	
4980	2:06:09	1/1/2019 	7562294	904.00	84.00	27.11	17.38	103845.78	2679	1	Tsung-DaoLee	
4981	2:06:10	1/1/2019 	7562867	938.00	120.00	33.93	17.38	103846.09	49806	1	Tsung-DaoLee	
4982	2:06:10	1/1/2019 	7563173	948.00	218.00	47.10	17.38	103846.28	1822	1	Tsung-DaoLee	
4983	2:06:11	1/1/2019 	7564167	945.00	161.00	40.94	17.37	103846.50	51310	0	Tsung-DaoLee	
4984	2:06:19	1/1/2019 	7572139	943.00	224.00	47.65	17.36	103842.20	385692	1	Tsung-DaoLee	
4985	2:06:22	1/1/2019 	7575937	414.00	9.00	12.30	17.36	103838.78	194640	0	Tsung-DaoLee	
4986	2:06:23	1/1/2019 	7576381	344.00	8.00	11.60	17.36	103838.47	1823	0	Tsung-DaoLee	
4987	2:06:37	1/1/2019 	7590960	62.00	8.00	5.90	17.35	103835.07	721564	0	Tsung-DaoLee	
4988	2:06:38	1/1/2019 	7591928	183.00	8.00	8.90	17.35	103835.23	50705	0	Tsung-DaoLee	
4989	2:06:41	1/1/2019 	7595087	641.00	9.00	14.46	17.35	103835.39	147301	0	Tsung-DaoLee	
4990	2:06:44	1/1/2019 	7597188	653.00	10.00	14.83	17.35	103835.93	97788	0	Tsung-DaoLee	
4991	2:06:45	1/1/2019 	7598903	170.00	8.00	8.56	17.35	103836.25	97787	0	Tsung-DaoLee	
4992	2:06:50	1/1/2019 	7603625	356.00	9.00	11.77	17.35	103837.04	241732	0	Tsung-DaoLee	
4993	2:06:52	1/1/2019 	7605494	474.00	8.00	12.64	17.35	103836.91	50733	0	Tsung-DaoLee	
4994	2:06:52	1/1/2019 	7606117	950.00	638.00	113.65	17.35	103837.07	49805	1	Tsung-DaoLee	
4995	2:06:54	1/1/2019 	7608099	878.00	66.00	24.41	17.35	103836.91	99334	0	Tsung-DaoLee	
4996	2:06:59	1/1/2019 	7612258	407.00	8.00	12.18	17.34	103835.66	193756	0	Tsung-DaoLee	
4997	2:07:03	1/1/2019 	7616830	846.00	49.00	22.48	17.34	103834.31	242697	0	Tsung-DaoLee	
4998	2:07:13	1/1/2019 	7626153	950.00	572.00	98.69	17.32	103826.15	433676	1	Tsung-DaoLee	
4999	2:07:18	1/1/2019 	7632041	405.00	8.00	12.16	17.31	103830.19	290691	0	Tsung-DaoLee	
5000	2:07:19	1/1/2019 	7632568	215.00	8.00	9.63	17.31	103829.55	54473	0	Tsung-DaoLee	
5001	2:07:22	1/1/2019 	7636040	927.00	113.00	32.56	17.30	103826.30	145768	0	Tsung-DaoLee	
5002	2:07:26	1/1/2019 	7639363	397.00	9.00	12.16	17.30	103827.75	145771	0	Tsung-DaoLee	
5003	2:07:27	1/1/2019 	7640770	787.00	32.00	20.50	17.30	103829.25	97789	0	Tsung-DaoLee	
5004	2:07:30	1/1/2019 	7643577	330.00	8.00	11.44	17.29	103826.97	146613	0	Tsung-DaoLee	
5005	2:07:30	1/1/2019 	7644113	346.00	8.00	11.62	17.29	103825.88	1824	0	Tsung-DaoLee	
5006	2:07:32	1/1/2019 	7645491	937.00	116.00	33.15	17.28	103825.16	51304	1	Tsung-DaoLee	
5007	2:07:45	1/1/2019 	7658718	715.00	15.00	16.66	17.25	103819.39	673584	0	Tsung-DaoLee	
5008	2:07:48	1/1/2019 	7661860	446.00	9.00	12.53	17.24	103814.77	146640	0	Tsung-DaoLee	
5009	2:07:49	1/1/2019 	7662953	626.00	9.00	14.33	17.24	103812.88	50693	0	Tsung-DaoLee	
5010	2:07:51	1/1/2019 	7664379	933.00	115.00	32.95	17.24	103811.31	49810	1	Tsung-DaoLee	
5011	2:07:56	1/1/2019 	7670057	104.00	8.00	6.70	17.23	103811.00	289713	0	Tsung-DaoLee	
5012	2:08:03	1/1/2019 	7677063	531.00	8.00	13.09	17.22	103811.93	340003	0	Tsung-DaoLee	
5013	2:08:05	1/1/2019 	7678225	954.00	828.00	148.58	17.22	103813.34	49804	0	Tsung-DaoLee	
5014	2:08:05	1/1/2019 	7678573	949.00	483.00	84.79	17.22	103813.81	49805	0	Tsung-DaoLee	
5015	2:08:09	1/1/2019 	7683134	536.00	9.00	13.25	17.23	103814.32	193751	0	Tsung-DaoLee	
5016	2:08:18	1/1/2019 	7691809	79.00	8.00	6.12	17.24	103809.56	434594	0	Tsung-DaoLee	
5017	2:08:18	1/1/2019 	7691865	947.00	293.00	55.95	17.24	103809.56	2768	0	Tsung-DaoLee	
5018	2:08:18	1/1/2019 	7692067	454.00	9.00	12.59	17.24	103809.56	3382	0	Tsung-DaoLee	
5019	2:08:23	1/1/2019 	7696698	577.00	9.00	13.73	17.24	103808.73	241726	0	Tsung-DaoLee	
5020	2:08:29	1/1/2019 	7702344	947.00	627.00	111.16	17.24	103810.48	241733	1	Tsung-DaoLee	
5021	2:08:32	1/1/2019 	7706036	819.00	42.00	21.73	17.24	103812.40	194727	0	Tsung-DaoLee	
5022	2:08:40	1/1/2019 	7713849	946.00	141.00	37.80	17.23	103808.00	385686	0	Tsung-DaoLee	
5023	2:08:43	1/1/2019 	7716896	950.00	427.00	78.12	17.22	103805.70	150444	0	Tsung-DaoLee	
5024	2:08:47	1/1/2019 	7720781	572.00	9.00	13.67	17.22	103804.30	193753	1	Tsung-DaoLee	
5025	2:08:53	1/1/2019 	7726918	942.00	306.00	58.05	17.22	103800.58	290559	1	Tsung-DaoLee	
5026	2:08:59	1/1/2019 	7732398	952.00	859.00	156.49	17.23	103794.61	241734	1	Tsung-DaoLee	
5027	2:09:01	1/1/2019 	7734171	63.00	8.00	5.91	17.23	103793.14	98648	0	Tsung-DaoLee	
5028	2:09:05	1/1/2019 	7738464	945.00	287.00	55.03	17.23	103791.34	193754	1	Tsung-DaoLee	
5029	2:09:11	1/1/2019 	7745102	940.00	121.00	34.12	17.24	103788.92	339209	0	Tsung-DaoLee	
5030	2:09:11	1/1/2019 	7745109	382.00	8.00	11.97	17.24	103788.92	2705	0	Tsung-DaoLee	
5031	2:09:17	1/1/2019 	7750653	884.00	71.00	25.08	17.24	103784.88	289717	0	Tsung-DaoLee	
5032	2:09:17	1/1/2019 	7750667	948.00	222.00	47.47	17.24	103784.88	2724	1	Tsung-DaoLee	
5033	2:09:20	1/1/2019 	7753864	909.00	90.00	28.16	17.24	103784.25	145767	0	Tsung-DaoLee	
5034	2:09:29	1/1/2019 	7762344	82.00	8.00	6.17	17.23	103783.12	385676	0	Tsung-DaoLee	
5035	2:09:29	1/1/2019 	7762369	957.00	912.00	182.32	17.23	103783.12	4155	1	Tsung-DaoLee	
5036	2:09:30	1/1/2019 	7763843	921.00	107.00	31.38	17.23	103782.19	97788	1	Tsung-DaoLee	
5037	2:09:33	1/1/2019 	7766384	906.00	83.00	26.95	17.22	103781.80	97788	1	Tsung-DaoLee	
5038	2:09:46	1/1/2019 	7779575	427.00	9.00	12.39	17.20	103775.12	673588	0	Tsung-DaoLee	
5039	2:09:50	1/1/2019 	7783993	133.00	8.00	7.53	17.19	103773.63	194696	0	Tsung-DaoLee	
5040	2:09:51	1/1/2019 	7784922	940.00	117.00	33.35	17.19	103773.54	49804	1	Tsung-DaoLee	
5041	2:09:58	1/1/2019 	7791640	945.00	445.00	80.36	17.18	103771.44	339223	1	Tsung-DaoLee	
5042	2:09:59	1/1/2019 	7792280	945.00	276.00	53.45	17.18	103770.83	2784	0	Tsung-DaoLee	
5043	2:10:07	1/1/2019 	7800920	946.00	299.00	56.90	17.17	103771.16	433676	1	Tsung-DaoLee	
5044	2:10:09	1/1/2019 	7803041	276.00	8.00	10.71	17.17	103771.66	98767	0	Tsung-DaoLee	
5045	2:10:13	1/1/2019 	7806680	947.00	271.00	52.78	17.17	103772.14	193757	0	Tsung-DaoLee	
5046	2:10:20	1/1/2019 	7813969	943.00	120.00	33.93	17.16	103768.46	341655	1	Tsung-DaoLee	
5047	2:10:21	1/1/2019 	7814993	583.00	9.00	13.81	17.16	103767.53	50635	0	Tsung-DaoLee	
5048	2:10:23	1/1/2019 	7816440	643.00	9.00	14.48	17.16	103767.53	49803	0	Tsung-DaoLee	
5049	2:10:24	1/1/2019 	7818011	422.00	9.00	12.36	17.16	103766.61	97785	0	Tsung-DaoLee	
5050	2:10:35	1/1/2019 	7828994	858.00	56.00	23.21	17.15	103764.64	529628	1	Tsung-DaoLee	
5051	2:10:38	1/1/2019 	7831890	944.00	156.00	40.21	17.14	103763.45	146619	1	Tsung-DaoLee	
5052	2:10:42	1/1/2019 	7836110	147.00	8.00	7.93	17.14	103761.75	196008	0	Tsung-DaoLee	
5053	2:10:48	1/1/2019 	7841192	424.00	9.00	12.37	17.13	103760.88	241736	0	Tsung-DaoLee	
5054	2:10:58	1/1/2019 	7852022	945.00	177.00	43.00	17.12	103757.36	530516	1	Tsung-DaoLee	
5055	2:11:00	1/1/2019 	7853671	172.00	8.00	8.62	17.12	103756.41	98695	0	Tsung-DaoLee	
5056	2:11:10	1/1/2019 	7863839	943.00	136.00	36.93	17.12	103753.49	481637	1	Tsung-DaoLee	
5057	2:11:18	1/1/2019 	7872099	135.00	8.00	7.59	17.11	103753.26	386602	0	Tsung-DaoLee	
5058	2:11:23	1/1/2019 	7875446	947.00	313.00	59.24	17.11	103753.09	148149	1	Tsung-DaoLee	
5059	2:11:30	1/1/2019 	7882571	945.00	241.00	49.30	17.11	103752.45	385679	0	Tsung-DaoLee	
5060	2:11:32	1/1/2019 	7885148	899.00	82.00	26.77	17.11	103751.82	98759	0	Tsung-DaoLee	
5061	2:11:38	1/1/2019 	7890879	910.00	92.00	28.52	17.11	103749.05	289718	0	Tsung-DaoLee	
5062	2:11:49	1/1/2019 	7901881	944.00	367.00	68.92	17.10	103745.04	530440	1	Tsung-DaoLee	
5063	2:11:53	1/1/2019 	7906105	933.00	115.00	32.95	17.09	103744.78	195951	0	Tsung-DaoLee	
5064	2:11:53	1/1/2019 	7906390	590.00	9.00	13.90	17.09	103744.78	1822	0	Tsung-DaoLee	
5065	2:11:54	1/1/2019 	7907245	941.00	130.00	35.83	17.09	103744.62	49805	1	Tsung-DaoLee	
5066	2:11:56	1/1/2019 	7908621	947.00	363.00	68.21	17.09	103743.85	97791	0	Tsung-DaoLee	
5067	2:12:00	1/1/2019 	7913250	945.00	122.00	34.32	17.09	103742.66	193749	0	Tsung-DaoLee	
5068	2:12:08	1/1/2019 	7921344	945.00	638.00	113.65	17.08	103742.91	386538	1	Tsung-DaoLee	
5069	2:12:10	1/1/2019 	7922783	945.00	361.00	67.85	17.08	103742.61	100063	0	Tsung-DaoLee	
5070	2:12:18	1/1/2019 	7930950	739.00	19.00	17.87	17.07	103740.97	385687	0	Tsung-DaoLee	
5071	2:12:20	1/1/2019 	7932957	942.00	207.00	46.09	17.07	103740.81	98690	0	Tsung-DaoLee	
5072	2:12:23	1/1/2019 	7936432	941.00	124.00	34.70	17.07	103740.88	145770	1	Tsung-DaoLee	
5073	2:12:26	1/1/2019 	7938602	902.00	84.00	27.11	17.07	103740.42	145774	0	Tsung-DaoLee	
5074	2:12:31	1/1/2019 	7943649	941.00	238.00	48.99	17.06	103739.81	241735	1	Tsung-DaoLee	
5075	2:12:33	1/1/2019 	7945799	939.00	119.00	33.74	17.06	103739.39	100129	1	Tsung-DaoLee	
5076	2:12:33	1/1/2019 	7946190	388.00	9.00	12.08	17.06	103739.39	1823	0	Tsung-DaoLee	
5077	2:12:35	1/1/2019 	7947457	946.00	133.00	36.38	17.06	103739.07	49804	0	Tsung-DaoLee	
5078	2:12:43	1/1/2019 	7956002	943.00	336.00	63.33	17.05	103736.00	433666	1	Tsung-DaoLee	
5079	2:12:44	1/1/2019 	7957050	942.00	212.00	46.55	17.05	103736.00	50753	0	Tsung-DaoLee	
5080	2:12:46	1/1/2019 	7958671	913.00	95.00	29.08	17.05	103735.39	99456	1	Tsung-DaoLee	
5081	2:12:48	1/1/2019 	7961250	944.00	141.00	37.80	17.05	103735.29	97785	0	Tsung-DaoLee	
5082	2:12:48	1/1/2019 	7961410	593.00	9.00	13.93	17.05	103735.29	2797	0	Tsung-DaoLee	
5083	2:12:50	1/1/2019 	7963130	948.00	370.00	69.44	17.05	103735.45	97784	1	Tsung-DaoLee	
5084	2:12:51	1/1/2019 	7963593	74.00	8.00	6.03	17.05	103734.84	49805	0	Tsung-DaoLee	
5085	2:12:59	1/1/2019 	7971913	624.00	9.00	14.31	17.04	103733.33	385678	0	Tsung-DaoLee	
5086	2:13:05	1/1/2019 	7978244	944.00	226.00	47.84	17.03	103732.01	291891	1	Tsung-DaoLee	
5087	2:13:06	1/1/2019 	7979367	848.00	46.00	22.18	17.03	103732.01	49805	0	Tsung-DaoLee	
5088	2:13:07	1/1/2019 	7980431	676.00	11.00	15.26	17.03	103732.01	49805	0	Tsung-DaoLee	
5089	2:13:15	1/1/2019 	7987619	135.00	8.00	7.59	17.02	103728.33	386529	0	Tsung-DaoLee	
5090	2:13:22	1/1/2019 	7995323	965.00	951.00	255.15	17.01	103725.17	337698	1	Tsung-DaoLee	
5091	2:13:26	1/1/2019 	7999350	161.00	8.00	8.32	17.01	103724.30	194616	0	Tsung-DaoLee	
5092	2:13:28	1/1/2019 	8000698	824.00	42.00	21.74	17.01	103724.46	99300	0	Tsung-DaoLee	
5093	2:13:33	1/1/2019 	8006312	159.00	8.00	8.27	17.00	103726.14	242627	0	Tsung-DaoLee	
5094	2:13:36	1/1/2019 	8009191	944.00	183.00	43.69	17.00	103727.09	145773	1	Tsung-DaoLee	
5095	2:13:37	1/1/2019 	8010034	941.00	143.00	38.14	17.00	103727.09	49806	1	Tsung-DaoLee	
5096	2:13:39	1/1/2019 	8012253	73.00	8.00	6.02	17.00	103727.25	98696	0	Tsung-DaoLee	
5097	2:13:40	1/1/2019 	8012861	787.00	32.00	20.50	17.00	103726.80	49806	0	Tsung-DaoLee	
5098	2:13:43	1/1/2019 	8016330	348.00	8.00	11.64	17.00	103726.17	147309	0	Tsung-DaoLee	
5099	2:13:47	1/1/2019 	8020069	845.00	47.00	22.28	16.99	103724.34	193756	0	Tsung-DaoLee	
5100	2:13:49	1/1/2019 	8021801	865.00	52.00	22.81	16.99	103724.18	98719	1	Tsung-DaoLee	
5101	2:13:50	1/1/2019 	8022895	621.00	9.00	14.28	16.99	103723.57	49806	0	Tsung-DaoLee	
5102	2:14:05	1/1/2019 	8037707	949.00	594.00	103.52	16.99	103726.02	721565	1	Tsung-DaoLee	
5103	2:14:07	1/1/2019 	8040135	692.00	13.00	15.96	16.99	103725.09	100174	0	Tsung-DaoLee	
5104	2:14:10	1/1/2019 	8042759	87.00	7.00	6.28	16.99	103724.45	146743	0	Tsung-DaoLee	
5105	2:14:15	1/1/2019 	8048280	225.00	8.00	9.83	16.98	103722.89	241732	0	Tsung-DaoLee	
5106	2:14:24	1/1/2019 	8056998	950.00	627.00	111.16	16.98	103721.59	433660	1	Tsung-DaoLee	
5107	2:14:31	1/1/2019 	8063579	947.00	561.00	96.51	16.97	103718.78	338521	0	Tsung-DaoLee	
5108	2:14:31	1/1/2019 	8063936	201.00	8.00	9.32	16.97	103718.62	2660	0	Tsung-DaoLee	
5109	2:14:32	1/1/2019 	8064650	651.00	10.00	14.81	16.97	103718.30	51408	0	Tsung-DaoLee	
5110	2:14:42	1/1/2019 	8074742	897.00	76.00	25.83	16.97	103716.54	481654	0	Tsung-DaoLee	
5111	2:14:43	1/1/2019 	8076439	923.00	107.00	31.38	16.96	103715.61	50669	0	Tsung-DaoLee	
5112	2:14:52	1/1/2019 	8084630	558.00	9.00	13.50	16.95	103714.31	433671	0	Tsung-DaoLee	
5113	2:14:57	1/1/2019 	8090419	490.00	9.00	12.85	16.95	103715.20	242617	0	Tsung-DaoLee	
5114	2:15:02	1/1/2019 	8094594	397.00	9.00	12.16	16.95	103714.30	242637	0	Tsung-DaoLee	
5115	2:15:04	1/1/2019 	8097323	157.00	8.00	8.21	16.94	103713.20	99322	0	Tsung-DaoLee	
5116	2:15:08	1/1/2019 	8100640	405.00	9.00	12.22	16.94	103713.37	193755	0	Tsung-DaoLee	
5117	2:15:11	1/1/2019 	8103612	946.00	146.00	38.64	16.94	103712.92	146697	1	Tsung-DaoLee	
5118	2:15:15	1/1/2019 	8107820	944.00	343.00	64.60	16.94	103713.13	193757	0	Tsung-DaoLee	
5119	2:15:29	1/1/2019 	8121968	946.00	155.00	40.06	16.93	103710.06	673585	1	Tsung-DaoLee	
5120	2:15:30	1/1/2019 	8122873	944.00	209.00	46.27	16.93	103709.74	50747	0	Tsung-DaoLee	
5121	2:15:31	1/1/2019 	8123558	900.00	83.00	26.94	16.93	103709.91	51365	0	Tsung-DaoLee	
5122	2:15:38	1/1/2019 	8131033	752.00	22.00	18.63	16.93	103709.67	337703	0	Tsung-DaoLee	
5123	2:15:39	1/1/2019 	8132003	940.00	137.00	37.10	16.92	103709.06	50773	1	Tsung-DaoLee	
5124	2:15:39	1/1/2019 	8132401	947.00	409.00	75.66	16.92	103709.06	1823	0	Tsung-DaoLee	
5125	2:15:40	1/1/2019 	8133322	89.00	8.00	6.32	16.92	103709.22	49805	0	Tsung-DaoLee	
5126	2:15:45	1/1/2019 	8137779	944.00	315.00	59.58	16.92	103708.28	243317	1	Tsung-DaoLee	
5127	2:15:52	1/1/2019 	8144490	953.00	861.00	155.09	16.92	103706.30	289724	1	Tsung-DaoLee	
5128	2:15:52	1/1/2019 	8144979	158.00	8.00	8.24	16.92	103706.14	50626	0	Tsung-DaoLee	
5129	2:15:54	1/1/2019 	8146839	944.00	313.00	59.24	16.91	103705.53	97787	1	Tsung-DaoLee	
5130	2:15:55	1/1/2019 	8147604	569.00	9.00	13.63	16.91	103705.53	49803	0	Tsung-DaoLee	
5131	2:15:55	1/1/2019 	8148177	950.00	240.00	49.20	16.91	103705.53	1822	1	Tsung-DaoLee	
5132	2:15:58	1/1/2019 	8151134	942.00	171.00	42.27	16.91	103705.69	147357	0	Tsung-DaoLee	
5133	2:15:59	1/1/2019 	8152301	885.00	70.00	24.94	16.91	103705.12	50650	1	Tsung-DaoLee	
5134	2:16:03	1/1/2019 	8155656	711.00	18.00	17.48	16.91	103704.66	193754	0	Tsung-DaoLee	
5135	2:16:04	1/1/2019 	8156498	806.00	40.00	21.50	16.91	103704.98	1822	0	Tsung-DaoLee	
5136	2:16:04	1/1/2019 	8157008	951.00	638.00	113.65	16.91	103704.82	49805	1	Tsung-DaoLee	
5137	2:16:07	1/1/2019 	8159476	871.00	60.00	23.67	16.91	103705.94	97787	0	Tsung-DaoLee	
5138	2:16:07	1/1/2019 	8159686	920.00	98.00	29.65	16.91	103705.94	51307	1	Tsung-DaoLee	
5139	2:16:09	1/1/2019 	8162195	89.00	8.00	6.32	16.91	103706.89	98660	0	Tsung-DaoLee	
5140	2:16:10	1/1/2019 	8162991	943.00	156.00	40.21	16.91	103707.05	49804	1	Tsung-DaoLee	
5141	2:16:12	1/1/2019 	8165384	943.00	169.00	42.02	16.91	103707.05	97788	0	Tsung-DaoLee	
5142	2:16:13	1/1/2019 	8166372	951.00	591.00	102.80	16.91	103706.73	49805	1	Tsung-DaoLee	
5143	2:16:21	1/1/2019 	8174283	203.00	8.00	9.37	16.90	103702.55	385678	0	Tsung-DaoLee	
5144	2:16:22	1/1/2019 	8174887	110.00	10.00	6.87	16.90	103701.65	52105	0	Tsung-DaoLee	
5145	2:16:26	1/1/2019 	8178803	343.00	8.00	11.58	16.90	103701.33	193749	0	Tsung-DaoLee	
5146	2:16:31	1/1/2019 	8184649	940.00	125.00	34.89	16.89	103700.94	289714	1	Tsung-DaoLee	
5147	2:16:32	1/1/2019 	8184866	876.00	61.00	23.80	16.89	103700.94	2738	0	Tsung-DaoLee	
5148	2:16:32	1/1/2019 	8185290	945.00	183.00	43.69	16.89	103700.94	1821	1	Tsung-DaoLee	
5149	2:16:41	1/1/2019 	8194779	641.00	9.00	14.46	16.89	103700.41	483185	0	Tsung-DaoLee	
5150	2:16:53	1/1/2019 	8205938	150.00	8.00	8.02	16.88	103700.39	530569	0	Tsung-DaoLee	
5151	2:16:53	1/1/2019 	8206045	247.00	8.00	10.24	16.88	103700.55	2782	0	Tsung-DaoLee	
5152	2:17:04	1/1/2019 	8216997	917.00	101.00	30.21	16.88	103706.89	529632	0	Tsung-DaoLee	
5153	2:17:13	1/1/2019 	8226221	879.00	68.00	24.67	16.88	103700.62	434643	0	Tsung-DaoLee	
5154	2:17:27	1/1/2019 	8240747	932.00	114.00	32.76	16.87	103692.97	722365	1	Tsung-DaoLee	
5155	2:17:30	1/1/2019 	8243083	944.00	215.00	46.82	16.87	103693.16	99993	0	Tsung-DaoLee	
5156	2:17:31	1/1/2019 	8243976	921.00	105.00	30.99	16.87	103693.31	49806	1	Tsung-DaoLee	
5157	2:17:48	1/1/2019 	8261703	129.00	8.00	7.41	16.86	103699.89	865485	0	Tsung-DaoLee	
5158	2:17:54	1/1/2019 	8267769	637.00	10.00	14.68	16.85	103699.95	290574	1	Tsung-DaoLee	
5159	2:17:56	1/1/2019 	8269229	381.00	8.00	11.96	16.85	103700.11	49805	0	Tsung-DaoLee	
5160	2:18:03	1/1/2019 	8275983	307.00	8.00	11.15	16.85	103698.00	337699	0	Tsung-DaoLee	
5161	2:18:09	1/1/2019 	8282307	320.00	8.00	11.32	16.84	103691.92	292097	0	Tsung-DaoLee	
5162	2:18:09	1/1/2019 	8282757	916.00	94.00	28.89	16.83	103690.88	50717	0	Tsung-DaoLee	
5163	2:18:11	1/1/2019 	8283974	945.00	460.00	82.12	16.83	103689.92	49810	0	Tsung-DaoLee	
5164	2:18:28	1/1/2019 	8301663	397.00	9.00	12.16	16.83	103692.20	865519	0	Tsung-DaoLee	
5165	2:18:29	1/1/2019 	8302286	63.00	8.00	5.91	16.83	103692.36	2748	0	Tsung-DaoLee	
5166	2:18:30	1/1/2019 	8303770	946.00	236.00	48.80	16.83	103692.97	97787	1	Tsung-DaoLee	
5167	2:18:31	1/1/2019 	8304134	945.00	348.00	65.51	16.83	103692.97	3372	1	Tsung-DaoLee	
5168	2:18:35	1/1/2019 	8308429	947.00	277.00	53.59	16.83	103693.12	193758	1	Tsung-DaoLee	
5169	2:18:38	1/1/2019 	8311233	945.00	170.00	42.14	16.83	103693.28	145779	1	Tsung-DaoLee	
5170	2:18:41	1/1/2019 	8314037	97.00	8.00	6.52	16.83	103692.17	146725	0	Tsung-DaoLee	
5171	2:18:52	1/1/2019 	8325439	117.00	9.00	7.07	16.83	103691.03	529635	0	Tsung-DaoLee	
5172	2:18:54	1/1/2019 	8327578	948.00	344.00	64.79	16.83	103692.30	148194	0	Tsung-DaoLee	
5173	2:18:56	1/1/2019 	8329426	872.00	60.00	23.68	16.83	103692.94	49806	1	Tsung-DaoLee	
5174	2:18:59	1/1/2019 	8331953	889.00	71.00	25.09	16.83	103694.05	145773	0	Tsung-DaoLee	
5175	2:18:59	1/1/2019 	8332160	141.00	9.00	7.76	16.83	103694.05	2646	0	Tsung-DaoLee	
5176	2:19:00	1/1/2019 	8332946	715.00	15.00	16.66	16.83	103694.21	49803	0	Tsung-DaoLee	
5177	2:19:00	1/1/2019 	8333369	947.00	157.00	40.36	16.83	103694.38	1825	0	Tsung-DaoLee	
5178	2:19:10	1/1/2019 	8342925	893.00	78.00	26.12	16.83	103699.17	483143	0	Tsung-DaoLee	
5179	2:19:10	1/1/2019 	8343735	584.00	9.00	13.82	16.83	103699.48	50655	0	Tsung-DaoLee	
5180	2:19:12	1/1/2019 	8344871	173.00	8.00	8.64	16.83	103699.64	49804	0	Tsung-DaoLee	
5181	2:19:14	1/1/2019 	8347328	612.00	9.00	14.17	16.83	103699.67	97787	0	Tsung-DaoLee	
5182	2:19:20	1/1/2019 	8353660	576.00	9.00	13.72	16.82	103699.76	337701	1	Tsung-DaoLee	
5183	2:19:26	1/1/2019 	8359447	946.00	301.00	57.22	16.82	103701.52	242604	0	Tsung-DaoLee	
5184	2:19:29	1/1/2019 	8362698	945.00	254.00	50.70	16.81	103697.17	195369	0	Tsung-DaoLee	
5185	2:19:35	1/1/2019 	8368656	938.00	121.00	34.12	16.79	103690.39	290617	1	Tsung-DaoLee	
5186	2:19:42	1/1/2019 	8375776	942.00	176.00	42.88	16.78	103686.91	337704	1	Tsung-DaoLee	
5187	2:19:44	1/1/2019 	8377317	741.00	20.00	18.13	16.78	103686.27	50716	0	Tsung-DaoLee	
5188	2:19:49	1/1/2019 	8382496	862.00	50.00	22.60	16.78	103684.22	241736	0	Tsung-DaoLee	
5189	2:19:54	1/1/2019 	8387753	865.00	54.00	23.01	16.78	103688.66	290642	1	Tsung-DaoLee	
5190	2:20:08	1/1/2019 	8401458	758.00	24.00	19.08	16.79	103694.84	627140	0	Tsung-DaoLee	
5191	2:20:12	1/1/2019 	8405691	748.00	21.00	18.39	16.79	103693.09	242694	0	Tsung-DaoLee	
5192	2:20:13	1/1/2019 	8406096	945.00	171.00	42.27	16.79	103692.62	1825	0	Tsung-DaoLee	
5193	2:20:17	1/1/2019 	8409875	946.00	138.00	37.28	16.79	103689.59	193758	1	Tsung-DaoLee	
5194	2:20:25	1/1/2019 	8418300	948.00	750.00	134.26	16.79	103681.33	386656	0	Tsung-DaoLee	
5195	2:20:25	1/1/2019 	8418609	914.00	91.00	28.34	16.79	103681.33	51382	0	Tsung-DaoLee	
5196	2:20:32	1/1/2019 	8425085	888.00	73.00	25.37	16.79	103676.50	289720	0	Tsung-DaoLee	
5197	2:20:40	1/1/2019 	8432828	465.00	8.00	12.58	16.78	103675.72	386514	0	Tsung-DaoLee	
5198	2:20:41	1/1/2019 	8434073	70.00	8.00	5.98	16.77	103676.06	50647	0	Tsung-DaoLee	
5199	2:20:42	1/1/2019 	8435713	178.00	8.00	8.77	16.77	103676.72	97787	0	Tsung-DaoLee	
5200	2:20:43	1/1/2019 	8436578	779.00	32.00	20.48	16.77	103676.88	49806	0	Tsung-DaoLee	
5201	2:20:48	1/1/2019 	8441083	294.00	8.00	10.98	16.77	103680.15	195251	0	Tsung-DaoLee	
5202	2:20:49	1/1/2019 	8442253	232.00	8.00	9.97	16.77	103681.58	50673	0	Tsung-DaoLee	
5203	2:20:49	1/1/2019 	8442683	179.00	8.00	8.80	16.77	103681.58	49804	0	Tsung-DaoLee	
5204	2:20:53	1/1/2019 	8446281	389.00	9.00	12.09	16.76	103684.34	145771	0	Tsung-DaoLee	
5205	2:20:57	1/1/2019 	8449973	880.00	68.00	24.67	16.76	103687.84	193754	1	Tsung-DaoLee	
5206	2:20:59	1/1/2019 	8451932	596.00	9.00	13.97	16.76	103688.82	98674	0	Tsung-DaoLee	
5207	2:21:01	1/1/2019 	8454080	341.00	8.00	11.56	16.76	103690.41	99309	0	Tsung-DaoLee	
5208	2:21:03	1/1/2019 	8456016	59.00	8.00	5.89	16.76	103691.05	97788	0	Tsung-DaoLee	
5209	2:21:13	1/1/2019 	8466313	677.00	11.00	15.26	16.76	103693.12	481649	0	Tsung-DaoLee	
5210	2:21:23	1/1/2019 	8476080	943.00	350.00	65.87	16.76	103687.63	482551	1	Tsung-DaoLee	
5211	2:21:24	1/1/2019 	8477343	281.00	8.00	10.79	16.76	103686.67	50733	0	Tsung-DaoLee	
5212	2:21:28	1/1/2019 	8480947	123.00	8.00	7.24	16.75	103684.16	193749	0	Tsung-DaoLee	
5213	2:21:30	1/1/2019 	8483464	949.00	755.00	134.70	16.75	103683.58	100178	1	Tsung-DaoLee	
5214	2:21:35	1/1/2019 	8488800	788.00	34.00	20.77	16.75	103688.99	289717	0	Tsung-DaoLee	
5215	2:21:46	1/1/2019 	8499895	947.00	488.00	85.39	16.76	103695.43	529631	1	Tsung-DaoLee	
5216	2:21:47	1/1/2019 	8500675	88.00	8.00	6.30	16.76	103695.27	50777	0	Tsung-DaoLee	
5217	2:21:49	1/1/2019 	8502318	164.00	8.00	8.40	16.76	103694.73	49803	0	Tsung-DaoLee	
5218	2:21:58	1/1/2019 	8511120	202.00	8.00	9.34	16.76	103691.69	435235	0	Tsung-DaoLee	
5219	2:22:01	1/1/2019 	8514025	158.00	8.00	8.24	16.76	103690.91	146590	0	Tsung-DaoLee	
5220	2:22:02	1/1/2019 	8515088	569.00	9.00	13.63	16.76	103690.75	49804	0	Tsung-DaoLee	
5221	2:22:07	1/1/2019 	8520442	754.00	22.00	18.64	16.76	103691.07	241732	0	Tsung-DaoLee	
5222	2:22:07	1/1/2019 	8520445	950.00	140.00	37.63	16.76	103691.07	2664	0	Tsung-DaoLee	
5223	2:22:08	1/1/2019 	8521892	931.00	116.00	33.15	16.76	103690.66	97788	1	Tsung-DaoLee	
5224	2:22:14	1/1/2019 	8527687	944.00	286.00	54.88	16.76	103689.70	291175	0	Tsung-DaoLee	
5225	2:22:15	1/1/2019 	8528481	468.00	8.00	12.60	16.76	103689.54	1823	0	Tsung-DaoLee	
5226	2:22:18	1/1/2019 	8531713	920.00	105.00	30.99	16.76	103688.91	193748	0	Tsung-DaoLee	
5227	2:22:22	1/1/2019 	8535421	944.00	140.00	37.63	16.75	103687.34	146627	1	Tsung-DaoLee	
5228	2:22:24	1/1/2019 	8537308	630.00	9.00	14.37	16.75	103687.02	97787	0	Tsung-DaoLee	
5229	2:22:24	1/1/2019 	8537921	98.00	8.00	6.54	16.75	103686.86	49805	0	Tsung-DaoLee	
5230	2:22:25	1/1/2019 	8538356	943.00	128.00	35.46	16.75	103686.86	3376	1	Tsung-DaoLee	
5231	2:22:29	1/1/2019 	8542621	915.00	97.00	29.45	16.75	103686.38	241734	1	Tsung-DaoLee	
5232	2:22:33	1/1/2019 	8546751	942.00	333.00	62.79	16.76	103687.16	194639	1	Tsung-DaoLee	
5233	2:22:42	1/1/2019 	8555643	944.00	404.00	74.93	16.76	103686.84	433656	1	Tsung-DaoLee	
5234	2:22:45	1/1/2019 	8558424	946.00	385.00	71.97	16.76	103687.31	98692	0	Tsung-DaoLee	
5235	2:22:56	1/1/2019 	8569647	816.00	40.00	21.52	16.75	103679.81	579146	0	Tsung-DaoLee	
5236	2:22:58	1/1/2019 	8571499	897.00	77.00	25.98	16.74	103677.80	49806	1	Tsung-DaoLee	
5237	2:23:02	1/1/2019 	8575441	905.00	85.00	27.28	16.74	103673.14	193777	1	Tsung-DaoLee	
5238	2:23:09	1/1/2019 	8582455	916.00	102.00	30.41	16.72	103670.84	337698	1	Tsung-DaoLee	
5239	2:23:09	1/1/2019 	8582465	198.00	8.00	9.25	16.72	103670.84	2762	0	Tsung-DaoLee	
5240	2:23:10	1/1/2019 	8583575	430.00	9.00	12.42	16.72	103670.90	97785	0	Tsung-DaoLee	
5241	2:23:15	1/1/2019 	8588931	945.00	246.00	49.82	16.71	103671.98	243299	1	Tsung-DaoLee	
5242	2:23:22	1/1/2019 	8595683	94.00	8.00	6.44	16.70	103675.34	337693	0	Tsung-DaoLee	
5243	2:23:26	1/1/2019 	8599070	130.00	8.00	7.44	16.69	103679.66	146729	0	Tsung-DaoLee	
5244	2:23:27	1/1/2019 	8600137	874.00	59.00	23.57	16.69	103681.25	49803	0	Tsung-DaoLee	
5245	2:23:30	1/1/2019 	8603460	236.00	8.00	10.04	16.70	103685.20	146590	0	Tsung-DaoLee	
5246	2:23:32	1/1/2019 	8605406	165.00	8.00	8.43	16.70	103686.09	97784	0	Tsung-DaoLee	
5247	2:23:35	1/1/2019 	8608137	943.00	146.00	38.64	16.70	103686.23	147257	1	Tsung-DaoLee	
5248	2:23:39	1/1/2019 	8612624	178.00	8.00	8.77	16.71	103685.35	241727	0	Tsung-DaoLee	
5249	2:23:46	1/1/2019 	8619934	437.00	9.00	12.47	16.71	103684.45	338541	0	Tsung-DaoLee	
5250	2:23:50	1/1/2019 	8623341	942.00	134.00	36.57	16.71	103684.12	146638	1	Tsung-DaoLee	
5251	2:23:53	1/1/2019 	8626434	77.00	8.00	6.08	16.72	103684.27	145774	0	Tsung-DaoLee	
5252	2:23:53	1/1/2019 	8626875	723.00	16.00	16.99	16.72	103684.27	49804	0	Tsung-DaoLee	
5253	2:23:55	1/1/2019 	8628034	920.00	101.00	30.22	16.72	103684.27	51321	1	Tsung-DaoLee	
5254	2:23:57	1/1/2019 	8630642	943.00	171.00	42.27	16.72	103684.42	145771	1	Tsung-DaoLee	
5255	2:24:00	1/1/2019 	8632980	644.00	10.00	14.75	16.72	103685.48	98681	0	Tsung-DaoLee	
5256	2:24:01	1/1/2019 	8634369	422.00	9.00	12.36	16.72	103685.80	49806	0	Tsung-DaoLee	
5257	2:24:12	1/1/2019 	8645228	685.00	12.00	15.61	16.72	103687.77	529637	0	Tsung-DaoLee	
5258	2:24:14	1/1/2019 	8647848	75.00	8.00	6.05	16.72	103688.88	148103	0	Tsung-DaoLee	
5259	2:24:16	1/1/2019 	8649290	60.00	8.00	5.89	16.71	103688.58	49810	0	Tsung-DaoLee	
5260	2:24:17	1/1/2019 	8650604	892.00	77.00	25.97	16.71	103688.42	97787	0	Tsung-DaoLee	
5261	2:24:22	1/1/2019 	8655655	677.00	12.00	15.57	16.71	103688.48	242676	0	Tsung-DaoLee	
5262	2:24:23	1/1/2019 	8656392	626.00	9.00	14.33	16.71	103688.48	1822	0	Tsung-DaoLee	
5263	2:24:41	1/1/2019 	8674826	883.00	72.00	25.22	16.71	103676.23	913504	0	Tsung-DaoLee	
5264	2:24:51	1/1/2019 	8684579	435.00	9.00	12.45	16.70	103666.11	484054	0	Tsung-DaoLee	
5265	2:24:51	1/1/2019 	8684729	833.00	42.00	21.75	16.70	103666.11	2806	0	Tsung-DaoLee	
5266	2:24:56	1/1/2019 	8689349	781.00	32.00	20.48	16.69	103665.98	193752	0	Tsung-DaoLee	
5267	2:25:03	1/1/2019 	8696594	819.00	41.00	21.63	16.69	103667.34	385686	0	Tsung-DaoLee	
5268	2:25:06	1/1/2019 	8699924	944.00	158.00	40.51	16.69	103668.27	146599	1	Tsung-DaoLee	
5269	2:25:07	1/1/2019 	8700148	889.00	71.00	25.09	16.69	103668.11	2667	0	Tsung-DaoLee	
5270	2:25:10	1/1/2019 	8703315	888.00	72.00	25.23	16.69	103667.95	147271	0	Tsung-DaoLee	
5271	2:25:17	1/1/2019 	8710764	829.00	42.00	21.75	16.69	103664.64	385683	0	Tsung-DaoLee	
5272	2:25:24	1/1/2019 	8717011	472.00	8.00	12.63	16.69	103662.89	290587	0	Tsung-DaoLee	
5273	2:25:26	1/1/2019 	8719444	946.00	212.00	46.55	16.69	103661.95	97786	1	Tsung-DaoLee	
5274	2:25:27	1/1/2019 	8720550	943.00	124.00	34.70	16.69	103661.80	97789	1	Tsung-DaoLee	
5275	2:25:28	1/1/2019 	8721230	944.00	351.00	66.06	16.69	103661.80	2712	1	Tsung-DaoLee	
5276	2:25:34	1/1/2019 	8727265	97.00	8.00	6.52	16.68	103663.84	291247	0	Tsung-DaoLee	
5277	2:25:36	1/1/2019 	8729751	941.00	185.00	43.90	16.68	103665.62	145773	0	Tsung-DaoLee	
5278	2:25:43	1/1/2019 	8736130	921.00	99.00	29.84	16.68	103675.48	290641	0	Tsung-DaoLee	
5279	2:25:45	1/1/2019 	8738452	394.00	8.00	12.07	16.68	103678.34	97789	0	Tsung-DaoLee	
5280	2:25:46	1/1/2019 	8739218	942.00	123.00	34.51	16.68	103679.28	49806	1	Tsung-DaoLee	
5281	2:25:47	1/1/2019 	8740412	781.00	32.00	20.48	16.68	103679.44	51350	0	Tsung-DaoLee	
5282	2:25:54	1/1/2019 	8747262	66.00	8.00	5.93	16.68	103673.78	338648	0	Tsung-DaoLee	
5283	2:25:57	1/1/2019 	8749982	952.00	756.00	134.78	16.68	103670.77	145771	1	Tsung-DaoLee	
5284	2:25:57	1/1/2019 	8750653	832.00	44.00	21.96	16.68	103669.65	50765	1	Tsung-DaoLee	
5285	2:25:59	1/1/2019 	8751988	83.00	8.00	6.19	16.68	103668.70	49804	0	Tsung-DaoLee	
5286	2:26:04	1/1/2019 	8757786	944.00	413.00	76.23	16.68	103664.01	289720	1	Tsung-DaoLee	
5287	2:26:05	1/1/2019 	8758079	942.00	148.00	38.97	16.68	103664.01	3394	1	Tsung-DaoLee	
5288	2:26:07	1/1/2019 	8760081	129.00	8.00	7.41	16.68	103663.55	97790	0	Tsung-DaoLee	
5289	2:26:07	1/1/2019 	8760174	949.00	287.00	55.03	16.68	103663.55	2806	1	Tsung-DaoLee	
5290	2:26:07	1/1/2019 	8760767	948.00	311.00	58.90	16.68	103663.55	49807	1	Tsung-DaoLee	
5291	2:26:09	1/1/2019 	8762854	63.00	8.00	5.91	16.67	103662.05	97788	0	Tsung-DaoLee	
5292	2:26:10	1/1/2019 	8763085	945.00	315.00	59.58	16.67	103662.05	1821	0	Tsung-DaoLee	
5293	2:26:13	1/1/2019 	8766372	542.00	8.00	13.19	16.67	103659.55	149584	0	Tsung-DaoLee	
5294	2:26:33	1/1/2019 	8785408	946.00	693.00	125.23	16.63	103654.12	913483	1	Tsung-DaoLee	
5295	2:26:38	1/1/2019 	8790861	946.00	441.00	79.90	16.63	103663.24	290558	1	Tsung-DaoLee	
5296	2:26:41	1/1/2019 	8794010	896.00	79.00	26.28	16.62	103664.86	146626	0	Tsung-DaoLee	
5297	2:26:42	1/1/2019 	8795112	746.00	21.00	18.38	16.62	103665.33	49806	0	Tsung-DaoLee	
5298	2:26:53	1/1/2019 	8805781	173.00	9.00	8.65	16.62	103661.89	529633	0	Tsung-DaoLee	
5299	2:26:53	1/1/2019 	8806324	950.00	438.00	79.52	16.62	103661.89	4093	1	Tsung-DaoLee	
5300	2:26:54	1/1/2019 	8807316	942.00	141.00	37.80	16.62	103661.89	49805	0	Tsung-DaoLee	
5301	2:26:55	1/1/2019 	8807481	944.00	270.00	52.65	16.62	103661.89	1823	0	Tsung-DaoLee	
5302	2:26:59	1/1/2019 	8812169	789.00	39.00	21.36	16.62	103662.69	241735	0	Tsung-DaoLee	
5303	2:27:15	1/1/2019 	8828016	204.00	8.00	9.39	16.62	103658.77	770442	0	Tsung-DaoLee	
5304	2:27:22	1/1/2019 	8834746	587.00	9.00	13.86	16.62	103659.05	340026	0	Tsung-DaoLee	
5305	2:27:22	1/1/2019 	8834960	947.00	275.00	53.32	16.62	103659.05	2765	1	Tsung-DaoLee	
5306	2:27:25	1/1/2019 	8838169	945.00	177.00	43.00	16.62	103658.73	145766	1	Tsung-DaoLee	
5307	2:27:27	1/1/2019 	8839495	941.00	163.00	41.22	16.62	103658.27	49804	1	Tsung-DaoLee	
5308	2:27:32	1/1/2019 	8845291	100.00	8.00	6.59	16.62	103655.58	289710	0	Tsung-DaoLee	
5309	2:27:36	1/1/2019 	8848552	942.00	140.00	37.63	16.61	103654.21	194707	1	Tsung-DaoLee	
5310	2:27:40	1/1/2019 	8853111	200.00	8.00	9.30	16.61	103653.44	195320	0	Tsung-DaoLee	
5311	2:27:43	1/1/2019 	8855761	918.00	100.00	30.02	16.61	103654.08	146754	0	Tsung-DaoLee	
5312	2:27:43	1/1/2019 	8856183	647.00	10.00	14.78	16.61	103654.23	1823	0	Tsung-DaoLee	
5313	2:27:46	1/1/2019 	8858448	942.00	120.00	33.93	16.61	103654.55	97786	0	Tsung-DaoLee	
5314	2:27:49	1/1/2019 	8861629	929.00	113.00	32.56	16.61	103653.59	193749	1	Tsung-DaoLee	
5315	2:27:49	1/1/2019 	8862359	433.00	8.00	12.37	16.61	103653.28	2653	1	Tsung-DaoLee	
5316	2:27:55	1/1/2019 	8868068	953.00	864.00	157.27	16.61	103651.59	291200	1	Tsung-DaoLee	
5317	2:28:10	1/1/2019 	8883306	147.00	8.00	7.93	16.61	103647.00	721549	0	Tsung-DaoLee	
5318	2:28:18	1/1/2019 	8890440	944.00	210.00	46.36	16.60	103646.39	338551	1	Tsung-DaoLee	
5319	2:28:27	1/1/2019 	8900125	944.00	303.00	57.55	16.60	103646.77	482514	1	Tsung-DaoLee	
5320	2:28:30	1/1/2019 	8902633	101.00	8.00	6.62	16.60	103646.93	146661	0	Tsung-DaoLee	
5321	2:28:40	1/1/2019 	8912437	252.00	8.00	10.33	16.60	103647.12	433666	0	Tsung-DaoLee	
5322	2:29:00	1/1/2019 	8932448	107.00	8.00	6.78	16.60	103646.93	963793	0	Tsung-DaoLee	
5323	2:29:08	1/1/2019 	8941192	731.00	17.00	17.30	16.60	103645.50	434599	1	Tsung-DaoLee	
5324	2:29:14	1/1/2019 	8947351	745.00	21.00	18.38	16.60	103643.33	290669	1	Tsung-DaoLee	
5325	2:29:15	1/1/2019 	8948005	943.00	249.00	50.14	16.60	103642.69	49807	0	Tsung-DaoLee	
5326	2:29:27	1/1/2019 	8960183	944.00	273.00	53.04	16.59	103641.40	577609	0	Tsung-DaoLee	
5327	2:29:28	1/1/2019 	8960581	944.00	285.00	54.73	16.59	103641.40	52223	0	Tsung-DaoLee	
5328	2:29:31	1/1/2019 	8963636	112.00	8.00	6.92	16.59	103642.03	145769	0	Tsung-DaoLee	
5329	2:29:35	1/1/2019 	8967575	947.00	292.00	55.79	16.59	103642.20	193753	0	Tsung-DaoLee	
5330	2:29:39	1/1/2019 	8971904	874.00	62.00	23.91	16.59	103641.74	193753	0	Tsung-DaoLee	
5331	2:29:41	1/1/2019 	8973868	149.00	8.00	7.99	16.59	103641.42	98611	0	Tsung-DaoLee	
5332	2:29:44	1/1/2019 	8976745	911.00	90.00	28.16	16.59	103641.11	145771	1	Tsung-DaoLee	
5333	2:29:44	1/1/2019 	8977163	62.00	8.00	5.90	16.59	103640.95	3410	0	Tsung-DaoLee	
5334	2:29:46	1/1/2019 	8978566	454.00	9.00	12.59	16.59	103641.11	97785	0	Tsung-DaoLee	
5335	2:29:46	1/1/2019 	8978928	947.00	237.00	48.90	16.59	103641.11	1822	1	Tsung-DaoLee	
5336	2:29:53	1/1/2019 	8986053	943.00	124.00	34.70	16.59	103639.36	337696	1	Tsung-DaoLee	
5337	2:29:56	1/1/2019 	8989016	622.00	9.00	14.29	16.59	103639.20	146617	0	Tsung-DaoLee	
5338	2:30:04	1/1/2019 	8997186	125.00	8.00	7.29	16.58	103636.90	385679	0	Tsung-DaoLee	
5339	2:30:09	1/1/2019 	9001467	629.00	10.00	14.59	16.58	103636.10	196002	0	Tsung-DaoLee	
5340	2:30:10	1/1/2019 	9002603	917.00	97.00	29.45	16.58	103636.10	98678	0	Tsung-DaoLee	
5341	2:30:11	1/1/2019 	9004059	810.00	39.00	21.40	16.58	103636.10	49805	0	Tsung-DaoLee	
5342	2:30:19	1/1/2019 	9011562	156.00	8.00	8.19	16.58	103638.52	385680	0	Tsung-DaoLee	
5343	2:30:22	1/1/2019 	9014843	584.00	9.00	13.82	16.58	103637.56	146676	0	Tsung-DaoLee	
5344	2:30:25	1/1/2019 	9017697	613.00	9.00	14.18	16.58	103634.22	145769	0	Tsung-DaoLee	
5345	2:30:31	1/1/2019 	9024347	942.00	140.00	37.63	16.58	103633.27	291256	1	Tsung-DaoLee	
5346	2:30:38	1/1/2019 	9031289	947.00	319.00	60.28	16.57	103631.30	338639	0	Tsung-DaoLee	
5347	2:30:44	1/1/2019 	9036760	954.00	859.00	156.50	16.57	103630.75	290673	0	Tsung-DaoLee	
5348	2:30:49	1/1/2019 	9041795	880.00	69.00	24.80	16.56	103632.59	241735	0	Tsung-DaoLee	
5349	2:30:49	1/1/2019 	9041922	949.00	255.00	50.81	16.56	103632.59	2793	0	Tsung-DaoLee	
5350	2:30:57	1/1/2019 	9049952	175.00	8.00	8.69	16.56	103644.20	387261	0	Tsung-DaoLee	
5351	2:30:58	1/1/2019 	9050597	581.00	9.00	13.78	16.56	103645.78	50628	0	Tsung-DaoLee	
5352	2:30:58	1/1/2019 	9051379	949.00	312.00	59.07	16.56	103648.65	1821	0	Tsung-DaoLee	
5353	2:31:01	1/1/2019 	9053433	891.00	75.00	25.67	16.56	103656.76	97787	0	Tsung-DaoLee	
5354	2:31:10	1/1/2019 	9062738	436.00	8.00	12.39	16.56	103697.79	481645	1	Tsung-DaoLee	
5355	2:31:10	1/1/2019 	9063049	170.00	8.00	8.56	16.56	103700.17	2663	0	Tsung-DaoLee	
5356	2:31:17	1/1/2019 	9070045	926.00	111.00	32.17	16.56	103730.97	339192	0	Tsung-DaoLee	
5357	2:31:23	1/1/2019 	9076121	605.00	9.00	14.09	16.57	103758.43	290579	0	Tsung-DaoLee	
5358	2:31:24	1/1/2019 	9077204	137.00	7.00	7.64	16.57	103762.73	49803	0	Tsung-DaoLee	
5359	2:31:35	1/1/2019 	9087724	941.00	132.00	36.20	16.57	103802.56	529621	1	Tsung-DaoLee	
5360	2:31:38	1/1/2019 	9091705	946.00	442.00	79.99	16.58	103813.47	194634	1	Tsung-DaoLee	
5361	2:31:44	1/1/2019 	9096975	135.00	8.00	7.59	16.58	103825.86	242634	0	Tsung-DaoLee	
5362	2:31:49	1/1/2019 	9101776	433.00	9.00	12.44	16.58	103835.53	243262	0	Tsung-DaoLee	
5363	2:31:51	1/1/2019 	9104367	320.00	9.00	11.36	16.58	103840.62	98716	1	Tsung-DaoLee	
5364	2:31:52	1/1/2019 	9105191	854.00	53.00	22.89	16.58	103842.21	49808	0	Tsung-DaoLee	
5365	2:31:58	1/1/2019 	9110992	124.00	8.00	7.27	16.59	103854.05	289709	0	Tsung-DaoLee	
5366	2:31:59	1/1/2019 	9112612	952.00	786.00	140.23	16.59	103855.80	98730	1	Tsung-DaoLee	
5367	2:32:00	1/1/2019 	9112926	116.00	8.00	7.03	16.59	103856.12	1825	0	Tsung-DaoLee	
5368	2:32:04	1/1/2019 	9116938	137.00	8.00	7.64	16.59	103856.42	195311	0	Tsung-DaoLee	
5369	2:32:07	1/1/2019 	9120628	176.00	8.00	8.72	16.59	103853.50	193747	0	Tsung-DaoLee	
5370	2:32:10	1/1/2019 	9123680	109.00	8.00	6.84	16.59	103850.13	146737	1	Tsung-DaoLee	
5371	2:32:13	1/1/2019 	9126401	944.00	260.00	51.40	16.59	103845.84	97786	1	Tsung-DaoLee	
5372	2:32:15	1/1/2019 	9127973	709.00	14.00	16.33	16.59	103842.18	97786	0	Tsung-DaoLee	
5373	2:32:20	1/1/2019 	9133489	722.00	16.00	16.98	16.60	103833.34	243306	0	Tsung-DaoLee	
5374	2:32:23	1/1/2019 	9136005	753.00	22.00	18.63	16.60	103828.88	146594	0	Tsung-DaoLee	
5375	2:32:29	1/1/2019 	9142421	62.00	8.00	5.90	16.60	103813.70	289715	0	Tsung-DaoLee	
5376	2:32:41	1/1/2019 	9154041	145.00	8.00	7.87	16.61	103785.51	578446	0	Tsung-DaoLee	
5377	2:32:45	1/1/2019 	9157806	160.00	8.00	8.30	16.61	103778.03	194607	0	Tsung-DaoLee	
5378	2:32:45	1/1/2019 	9158137	950.00	263.00	51.76	16.61	103776.62	1824	1	Tsung-DaoLee	
5379	2:32:47	1/1/2019 	9160572	945.00	356.00	66.96	16.61	103773.89	147276	0	Tsung-DaoLee	
5380	2:32:47	1/1/2019 	9160663	181.00	9.00	8.85	16.61	103773.89	2709	0	Tsung-DaoLee	
5381	2:32:50	1/1/2019 	9162996	941.00	128.00	35.46	16.61	103771.34	97781	0	Tsung-DaoLee	
5382	2:32:51	1/1/2019 	9163841	627.00	9.00	14.34	16.61	103770.88	49806	0	Tsung-DaoLee	
5383	2:32:56	1/1/2019 	9168843	928.00	113.00	32.56	16.61	103768.17	241732	0	Tsung-DaoLee	
5384	2:32:58	1/1/2019 	9171356	414.00	8.00	12.23	16.61	103766.42	97784	0	Tsung-DaoLee	
5385	2:33:00	1/1/2019 	9172853	943.00	281.00	54.15	16.61	103764.98	100089	1	Tsung-DaoLee	
5386	2:33:00	1/1/2019 	9173322	946.00	143.00	38.14	16.61	103764.92	1823	1	Tsung-DaoLee	
5387	2:33:01	1/1/2019 	9174414	851.00	43.00	21.88	16.61	103763.98	49803	0	Tsung-DaoLee	
5388	2:33:03	1/1/2019 	9176354	944.00	153.00	39.76	16.61	103762.06	97787	1	Tsung-DaoLee	
5389	2:33:06	1/1/2019 	9179410	943.00	414.00	76.37	16.61	103760.16	145769	1	Tsung-DaoLee	
5390	2:33:13	1/1/2019 	9186027	945.00	271.00	52.78	16.61	103756.63	337688	1	Tsung-DaoLee	
5391	2:33:14	1/1/2019 	9186826	183.00	8.00	8.90	16.61	103755.86	52170	0	Tsung-DaoLee	
5392	2:33:14	1/1/2019 	9187561	73.00	8.00	6.02	16.61	103756.16	49802	0	Tsung-DaoLee	
5393	2:33:19	1/1/2019 	9192701	944.00	298.00	56.74	16.61	103749.81	241724	0	Tsung-DaoLee	
5394	2:33:24	1/1/2019 	9196909	363.00	9.00	11.84	16.61	103744.41	194701	0	Tsung-DaoLee	
5395	2:33:43	1/1/2019 	9216471	947.00	675.00	121.59	16.63	103730.20	913482	1	Tsung-DaoLee	
5396	2:33:47	1/1/2019 	9220698	407.00	8.00	12.18	16.63	103725.84	244159	0	Tsung-DaoLee	
5397	2:33:48	1/1/2019 	9221712	924.00	105.00	30.99	16.63	103725.34	50626	0	Tsung-DaoLee	
5398	2:33:49	1/1/2019 	9222375	944.00	416.00	76.66	16.63	103724.86	1822	1	Tsung-DaoLee	
5399	2:34:02	1/1/2019 	9235404	696.00	13.00	15.97	16.63	103710.23	625591	0	Tsung-DaoLee	
5400	2:34:02	1/1/2019 	9235685	945.00	135.00	36.75	16.63	103710.23	50645	1	Tsung-DaoLee	
5401	2:34:03	1/1/2019 	9236586	84.00	8.00	6.21	16.63	103709.76	49805	0	Tsung-DaoLee	
5402	2:34:04	1/1/2019 	9237055	949.00	546.00	93.73	16.63	103709.76	3319	1	Tsung-DaoLee	
5403	2:34:10	1/1/2019 	9243241	94.00	8.00	6.44	16.63	103705.17	289718	0	Tsung-DaoLee	
5404	2:34:15	1/1/2019 	9248639	920.00	97.00	29.46	16.63	103702.60	290583	0	Tsung-DaoLee	
5405	2:34:16	1/1/2019 	9248794	265.00	8.00	10.54	16.63	103701.67	1822	0	Tsung-DaoLee	
5406	2:34:23	1/1/2019 	9256171	943.00	134.00	36.57	16.63	103697.91	337694	1	Tsung-DaoLee	
5407	2:34:23	1/1/2019 	9256375	472.00	9.00	12.71	16.63	103697.91	2706	0	Tsung-DaoLee	
5408	2:34:23	1/1/2019 	9256423	837.00	46.00	22.17	16.63	103697.91	3307	0	Tsung-DaoLee	
5409	2:34:26	1/1/2019 	9258924	947.00	627.00	111.16	16.62	103698.95	145764	1	Tsung-DaoLee	
5410	2:34:26	1/1/2019 	9259147	732.00	17.00	17.30	16.62	103698.95	1823	0	Tsung-DaoLee	
5411	2:34:30	1/1/2019 	9262751	944.00	477.00	84.08	16.61	103696.83	193752	1	Tsung-DaoLee	
5412	2:34:39	1/1/2019 	9272203	522.00	9.00	13.12	16.60	103690.51	434561	0	Tsung-DaoLee	
5413	2:34:40	1/1/2019 	9273647	168.00	8.00	8.51	16.60	103690.34	98702	0	Tsung-DaoLee	
5414	2:34:45	1/1/2019 	9278274	464.00	9.00	12.66	16.60	103691.24	195439	0	Tsung-DaoLee	
5415	2:34:46	1/1/2019 	9279375	716.00	15.00	16.66	16.60	103691.56	49804	0	Tsung-DaoLee	
5416	2:34:47	1/1/2019 	9279885	187.00	8.00	8.99	16.60	103691.72	49804	0	Tsung-DaoLee	
5417	2:34:50	1/1/2019 	9282818	941.00	185.00	43.90	16.61	103691.38	146712	1	Tsung-DaoLee	
5418	2:34:53	1/1/2019 	9286592	82.00	8.00	6.17	16.60	103687.74	193758	0	Tsung-DaoLee	
5419	2:34:56	1/1/2019 	9289388	131.00	8.00	7.47	16.60	103687.35	99351	0	Tsung-DaoLee	
5420	2:34:57	1/1/2019 	9289912	692.00	12.00	15.64	16.60	103687.19	49805	0	Tsung-DaoLee	
5421	2:35:00	1/1/2019 	9293003	773.00	28.00	19.85	16.59	103681.39	146741	0	Tsung-DaoLee	
5422	2:35:02	1/1/2019 	9294994	944.00	301.00	57.22	16.59	103680.46	97788	1	Tsung-DaoLee	
5423	2:35:03	1/1/2019 	9296354	429.00	8.00	12.34	16.59	103681.09	49805	0	Tsung-DaoLee	
5424	2:35:06	1/1/2019 	9298855	940.00	121.00	34.12	16.59	103679.09	145768	0	Tsung-DaoLee	
5425	2:35:06	1/1/2019 	9299368	968.00	954.00	268.53	16.59	103678.77	3406	1	Tsung-DaoLee	
5426	2:35:10	1/1/2019 	9302722	163.00	8.00	8.38	16.59	103676.73	193756	0	Tsung-DaoLee	
5427	2:35:14	1/1/2019 	9307152	123.00	8.00	7.24	16.59	103675.75	194580	0	Tsung-DaoLee	
5428	2:35:16	1/1/2019 	9309233	945.00	252.00	50.47	16.59	103675.69	97789	1	Tsung-DaoLee	
5429	2:35:19	1/1/2019 	9312291	944.00	370.00	69.43	16.59	103676.30	145771	1	Tsung-DaoLee	
5430	2:35:21	1/1/2019 	9314680	945.00	159.00	40.65	16.59	103676.30	146610	0	Tsung-DaoLee	
5431	2:35:26	1/1/2019 	9319386	933.00	112.00	32.37	16.60	103675.45	195254	0	Tsung-DaoLee	
5432	2:35:27	1/1/2019 	9320562	817.00	38.00	21.30	16.60	103674.81	97789	1	Tsung-DaoLee	
5433	2:35:32	1/1/2019 	9325230	428.00	8.00	12.33	16.60	103673.06	194622	0	Tsung-DaoLee	
5434	2:35:34	1/1/2019 	9326758	944.00	129.00	35.65	16.60	103672.40	97790	1	Tsung-DaoLee	
5435	2:35:38	1/1/2019 	9331179	539.00	9.00	13.28	16.59	103668.51	193754	0	Tsung-DaoLee	
5436	2:35:40	1/1/2019 	9333458	924.00	105.00	30.99	16.59	103666.47	98673	1	Tsung-DaoLee	
5437	2:35:41	1/1/2019 	9334307	650.00	10.00	14.80	16.59	103665.83	51331	0	Tsung-DaoLee	
5438	2:35:45	1/1/2019 	9337906	176.00	9.00	8.73	16.59	103664.78	193752	0	Tsung-DaoLee	
5439	2:35:46	1/1/2019 	9338886	879.00	66.00	24.41	16.59	103664.30	49805	1	Tsung-DaoLee	
5440	2:35:57	1/1/2019 	9350161	941.00	159.00	40.65	16.59	103663.73	529637	1	Tsung-DaoLee	
5441	2:35:58	1/1/2019 	9350901	942.00	151.00	39.45	16.59	103663.58	50719	1	Tsung-DaoLee	
5442	2:35:59	1/1/2019 	9351871	73.00	8.00	6.02	16.59	103663.42	51347	0	Tsung-DaoLee	
5443	2:35:59	1/1/2019 	9352229	177.00	8.00	8.75	16.59	103663.42	1820	0	Tsung-DaoLee	
5444	2:35:59	1/1/2019 	9352699	947.00	264.00	51.88	16.59	103663.27	49804	1	Tsung-DaoLee	
5445	2:36:00	1/1/2019 	9353398	157.00	8.00	8.21	16.59	103662.94	1822	0	Tsung-DaoLee	
5446	2:36:00	1/1/2019 	9353443	949.00	345.00	64.97	16.59	103662.94	1821	1	Tsung-DaoLee	
5447	2:36:03	1/1/2019 	9356119	830.00	45.00	22.06	16.59	103662.15	145771	1	Tsung-DaoLee	
5448	2:36:04	1/1/2019 	9356763	102.00	8.00	6.65	16.59	103661.99	50819	0	Tsung-DaoLee	
5449	2:36:11	1/1/2019 	9364292	946.00	286.00	54.88	16.59	103659.47	337698	1	Tsung-DaoLee	
5450	2:36:15	1/1/2019 	9368001	218.00	8.00	9.69	16.59	103659.31	194701	0	Tsung-DaoLee	
5451	2:36:22	1/1/2019 	9374735	945.00	624.00	110.37	16.59	103658.26	337694	1	Tsung-DaoLee	
5452	2:36:22	1/1/2019 	9375419	944.00	138.00	37.28	16.59	103658.26	2789	1	Tsung-DaoLee	
5453	2:36:25	1/1/2019 	9378681	437.00	8.00	12.39	16.59	103656.53	193748	0	Tsung-DaoLee	
5454	2:36:27	1/1/2019 	9380064	947.00	471.00	83.40	16.59	103656.22	51380	1	Tsung-DaoLee	
5455	2:36:29	1/1/2019 	9382283	944.00	140.00	37.63	16.58	103655.12	98608	1	Tsung-DaoLee	
5456	2:36:39	1/1/2019 	9392298	388.00	8.00	12.02	16.58	103655.02	481645	0	Tsung-DaoLee	
5457	2:36:45	1/1/2019 	9398782	956.00	883.00	165.10	16.58	103655.02	338532	1	Tsung-DaoLee	
5458	2:36:45	1/1/2019 	9399134	950.00	471.00	83.40	16.58	103654.87	1822	1	Tsung-DaoLee	
5459	2:36:47	1/1/2019 	9400844	790.00	34.00	20.77	16.58	103654.70	97787	1	Tsung-DaoLee	
5460	2:36:56	1/1/2019 	9409339	322.00	8.00	11.34	16.58	103651.69	387922	0	Tsung-DaoLee	
5461	2:36:57	1/1/2019 	9411291	377.00	9.00	11.98	16.58	103650.12	97787	0	Tsung-DaoLee	
5462	2:36:58	1/1/2019 	9412094	946.00	379.00	70.97	16.58	103650.12	50685	1	Tsung-DaoLee	
5463	2:37:05	1/1/2019 	9418689	757.00	24.00	19.07	16.58	103649.52	337705	0	Tsung-DaoLee	
5464	2:37:23	1/1/2019 	9436302	633.00	9.00	14.40	16.57	103648.77	817533	1	Tsung-DaoLee	
5465	2:37:29	1/1/2019 	9442973	349.00	8.00	11.65	16.57	103647.82	340006	0	Tsung-DaoLee	
5466	2:37:29	1/1/2019 	9443061	949.00	355.00	66.78	16.57	103647.82	2745	0	Tsung-DaoLee	
5467	2:37:46	1/1/2019 	9459489	82.00	8.00	6.17	16.57	103643.45	769556	0	Tsung-DaoLee	
5468	2:37:59	1/1/2019 	9472443	155.00	8.00	8.16	16.57	103642.20	626543	0	Tsung-DaoLee	
5469	2:38:00	1/1/2019 	9473431	169.00	8.00	8.54	16.56	103641.44	50762	0	Tsung-DaoLee	
5470	2:38:06	1/1/2019 	9479724	595.00	9.00	13.96	16.56	103639.20	337703	0	Tsung-DaoLee	
5471	2:38:08	1/1/2019 	9481820	177.00	8.00	8.75	16.56	103638.16	100221	0	Tsung-DaoLee	
5472	2:38:14	1/1/2019 	9487796	942.00	185.00	43.90	16.56	103636.91	289726	0	Tsung-DaoLee	
5473	2:38:28	1/1/2019 	9502071	165.00	8.00	8.43	16.56	103637.25	673594	0	Tsung-DaoLee	
5474	2:38:31	1/1/2019 	9504702	780.00	25.00	19.32	16.56	103637.38	146601	0	Tsung-DaoLee	
5475	2:38:32	1/1/2019 	9505731	915.00	96.00	29.26	16.56	103637.38	49807	0	Tsung-DaoLee	
5476	2:38:44	1/1/2019 	9517783	733.00	17.00	17.30	16.56	103636.45	577632	0	Tsung-DaoLee	
5477	2:38:47	1/1/2019 	9520651	398.00	9.00	12.17	16.56	103636.45	147990	0	Tsung-DaoLee	
5478	2:38:48	1/1/2019 	9521665	942.00	174.00	42.64	16.56	103636.30	50678	1	Tsung-DaoLee	
5479	2:38:56	1/1/2019 	9529599	927.00	110.00	31.97	16.55	103635.23	385694	0	Tsung-DaoLee	
5480	2:38:57	1/1/2019 	9530953	603.00	9.00	14.06	16.55	103634.61	50697	0	Tsung-DaoLee	
5481	2:39:02	1/1/2019 	9535338	654.00	11.00	15.11	16.55	103631.92	193758	1	Tsung-DaoLee	
5482	2:39:03	1/1/2019 	9536791	941.00	222.00	47.47	16.55	103631.13	97794	1	Tsung-DaoLee	
5483	2:39:04	1/1/2019 	9537633	874.00	66.00	24.40	16.55	103630.50	51335	0	Tsung-DaoLee	
5484	2:39:05	1/1/2019 	9539062	936.00	117.00	33.35	16.55	103629.77	49807	1	Tsung-DaoLee	
5485	2:39:09	1/1/2019 	9542944	944.00	425.00	77.87	16.55	103628.36	193758	1	Tsung-DaoLee	
5486	2:39:16	1/1/2019 	9549494	608.00	9.00	14.12	16.55	103628.20	290643	0	Tsung-DaoLee	
5487	2:39:35	1/1/2019 	9568617	941.00	139.00	37.46	16.55	103628.03	961500	0	Tsung-DaoLee	
5488	2:39:36	1/1/2019 	9569594	91.00	8.00	6.37	16.55	103627.24	52169	0	Tsung-DaoLee	
5489	2:39:37	1/1/2019 	9571236	93.00	8.00	6.42	16.54	103625.68	50767	0	Tsung-DaoLee	
5490	2:39:45	1/1/2019 	9579235	132.00	8.00	7.50	16.53	103620.59	385693	0	Tsung-DaoLee	
5491	2:39:46	1/1/2019 	9579858	811.00	37.00	21.18	16.53	103620.14	49806	0	Tsung-DaoLee	
5492	2:39:50	1/1/2019 	9584196	944.00	345.00	64.97	16.53	103620.78	194734	1	Tsung-DaoLee	
5493	2:39:53	1/1/2019 	9586580	443.00	9.00	12.51	16.53	103620.84	145775	0	Tsung-DaoLee	
5494	2:39:56	1/1/2019 	9589887	936.00	115.00	32.95	16.53	103621.89	147356	1	Tsung-DaoLee	
5495	2:39:59	1/1/2019 	9592946	926.00	109.00	31.78	16.53	103623.33	146605	1	Tsung-DaoLee	
5496	2:40:03	1/1/2019 	9597106	859.00	54.00	23.00	16.53	103630.45	193757	0	Tsung-DaoLee	
5497	2:40:04	1/1/2019 	9597744	936.00	118.00	33.54	16.53	103631.56	49805	1	Tsung-DaoLee	
5498	2:40:05	1/1/2019 	9598317	949.00	447.00	80.61	16.53	103632.69	1822	1	Tsung-DaoLee	
5499	2:40:07	1/1/2019 	9600754	873.00	65.00	24.27	16.53	103639.68	145775	1	Tsung-DaoLee	
5500	2:40:10	1/1/2019 	9603980	941.00	125.00	34.89	16.53	103652.24	148004	0	Tsung-DaoLee	
5501	2:40:11	1/1/2019 	9605078	819.00	39.00	21.41	16.53	103659.08	49807	0	Tsung-DaoLee	
5502	2:40:12	1/1/2019 	9605380	870.00	59.00	23.56	16.53	103659.08	1821	0	Tsung-DaoLee	
5503	2:40:16	1/1/2019 	9610136	942.00	224.00	47.65	16.53	103680.25	241743	1	Tsung-DaoLee	
5504	2:40:19	1/1/2019 	9613202	942.00	131.00	36.02	16.53	103697.59	146646	1	Tsung-DaoLee	
5505	2:40:26	1/1/2019 	9619853	928.00	110.00	31.97	16.53	103740.13	339227	1	Tsung-DaoLee	
5506	2:40:27	1/1/2019 	9620676	639.00	12.00	15.18	16.53	103746.81	50705	0	Tsung-DaoLee	
5507	2:40:29	1/1/2019 	9623012	944.00	196.00	45.04	16.53	103761.76	97789	1	Tsung-DaoLee	
5508	2:40:30	1/1/2019 	9623878	71.00	8.00	5.99	16.52	103764.16	49807	0	Tsung-DaoLee	
5509	2:40:33	1/1/2019 	9626334	945.00	380.00	71.14	16.52	103777.90	97789	1	Tsung-DaoLee	
5510	2:40:33	1/1/2019 	9626555	947.00	136.00	36.93	16.52	103780.28	49807	1	Tsung-DaoLee	
5511	2:40:34	1/1/2019 	9627911	849.00	50.00	22.58	16.52	103785.38	51343	0	Tsung-DaoLee	
5512	2:40:37	1/1/2019 	9630604	133.00	8.00	7.53	16.52	103797.46	145779	0	Tsung-DaoLee	
5513	2:40:39	1/1/2019 	9632445	946.00	335.00	63.15	16.52	103802.09	50731	0	Tsung-DaoLee	
5514	2:40:40	1/1/2019 	9633728	560.00	9.00	13.52	16.52	103806.87	97790	0	Tsung-DaoLee	
5515	2:40:42	1/1/2019 	9635383	942.00	324.00	61.17	16.52	103811.16	49806	1	Tsung-DaoLee	
5516	2:40:43	1/1/2019 	9636316	942.00	175.00	42.76	16.52	103813.39	49807	1	Tsung-DaoLee	
5517	2:40:44	1/1/2019 	9637758	749.00	21.00	18.39	16.52	103815.94	99341	0	Tsung-DaoLee	
5518	2:40:44	1/1/2019 	9638220	468.00	9.00	12.69	16.52	103815.94	1822	0	Tsung-DaoLee	
5519	2:40:45	1/1/2019 	9638320	944.00	248.00	50.03	16.52	103816.73	1820	1	Tsung-DaoLee	
5520	2:40:45	1/1/2019 	9638422	354.00	9.00	11.75	16.52	103816.73	1822	0	Tsung-DaoLee	
5521	2:40:50	1/1/2019 	9643747	948.00	180.00	43.35	16.52	103826.11	289724	0	Tsung-DaoLee	
5522	2:40:50	1/1/2019 	9643993	945.00	172.00	42.40	16.52	103828.16	2773	1	Tsung-DaoLee	
5523	2:40:52	1/1/2019 	9645794	944.00	120.00	33.93	16.52	103831.49	99352	0	Tsung-DaoLee	
5524	2:40:53	1/1/2019 	9646631	629.00	9.00	14.36	16.52	103833.72	49807	1	Tsung-DaoLee	
5525	2:40:59	1/1/2019 	9652581	584.00	9.00	13.82	16.52	103846.38	289728	0	Tsung-DaoLee	
5526	2:41:00	1/1/2019 	9654207	950.00	593.00	103.23	16.52	103850.84	50789	1	Tsung-DaoLee	
5527	2:41:01	1/1/2019 	9654624	168.00	8.00	8.51	16.52	103850.84	49806	0	Tsung-DaoLee	
5528	2:41:04	1/1/2019 	9657870	945.00	259.00	51.28	16.53	103856.36	147355	0	Tsung-DaoLee	
5529	2:41:04	1/1/2019 	9658010	784.00	33.00	20.63	16.53	103856.36	1822	0	Tsung-DaoLee	
5530	2:41:05	1/1/2019 	9658764	948.00	321.00	60.64	16.53	103856.77	49805	0	Tsung-DaoLee	
5531	2:41:10	1/1/2019 	9664179	943.00	290.00	55.48	16.55	103841.11	241739	1	Tsung-DaoLee	
5532	2:41:11	1/1/2019 	9665114	944.00	127.00	35.27	16.55	103837.69	50636	0	Tsung-DaoLee	
5533	2:41:12	1/1/2019 	9665802	946.00	442.00	79.99	16.55	103835.77	49805	1	Tsung-DaoLee	
5534	2:41:14	1/1/2019 	9667644	932.00	116.00	33.15	16.56	103834.50	99280	1	Tsung-DaoLee	
5535	2:41:15	1/1/2019 	9668631	944.00	170.00	42.14	16.57	103837.09	49806	0	Tsung-DaoLee	
5536	2:41:15	1/1/2019 	9668892	69.00	8.00	5.97	16.57	103837.09	1822	0	Tsung-DaoLee	
5537	2:41:15	1/1/2019 	9669181	367.00	8.00	11.83	16.57	103838.50	1819	0	Tsung-DaoLee	
5538	2:41:18	1/1/2019 	9671493	718.00	15.00	16.67	16.58	103844.12	97788	0	Tsung-DaoLee	
5539	2:41:18	1/1/2019 	9671950	945.00	201.00	45.52	16.58	103845.81	50668	1	Tsung-DaoLee	
5540	2:41:19	1/1/2019 	9672486	156.00	8.00	8.19	16.59	103847.38	3329	0	Tsung-DaoLee	
5541	2:41:20	1/1/2019 	9673806	132.00	8.00	7.50	16.59	103851.91	97792	0	Tsung-DaoLee	
5542	2:41:21	1/1/2019 	9674586	948.00	301.00	57.22	16.59	103853.98	49804	0	Tsung-DaoLee	
5543	2:41:22	1/1/2019 	9675997	693.00	13.00	15.96	16.59	103856.33	49806	0	Tsung-DaoLee	
5544	2:41:24	1/1/2019 	9677625	252.00	8.00	10.33	16.60	103860.41	97789	1	Tsung-DaoLee	
5545	2:41:25	1/1/2019 	9679274	103.00	8.00	6.67	16.60	103864.36	49804	0	Tsung-DaoLee	
5546	2:41:26	1/1/2019 	9680107	86.00	8.00	6.26	16.60	103865.94	50782	0	Tsung-DaoLee	
5547	2:41:30	1/1/2019 	9683297	144.00	8.00	7.85	16.60	103871.66	146661	0	Tsung-DaoLee	
5548	2:41:30	1/1/2019 	9684195	951.00	548.00	94.14	16.60	103872.30	49805	1	Tsung-DaoLee	
5549	2:41:34	1/1/2019 	9688210	702.00	13.00	15.99	16.60	103876.59	193754	0	Tsung-DaoLee	
5550	2:41:35	1/1/2019 	9689057	145.00	8.00	7.87	16.60	103877.70	49806	0	Tsung-DaoLee	
5551	2:41:36	1/1/2019 	9689316	944.00	267.00	52.26	16.60	103877.70	3350	1	Tsung-DaoLee	
5552	2:41:36	1/1/2019 	9689790	949.00	363.00	68.21	16.60	103877.88	49806	1	Tsung-DaoLee	
5553	2:41:38	1/1/2019 	9691800	944.00	131.00	36.02	16.60	103879.95	98707	1	Tsung-DaoLee	
5554	2:41:38	1/1/2019 	9691845	945.00	137.00	37.10	16.60	103879.95	1822	1	Tsung-DaoLee	
5555	2:41:41	1/1/2019 	9693715	637.00	10.00	14.68	16.60	103881.54	97787	0	Tsung-DaoLee	
5556	2:41:41	1/1/2019 	9694005	948.00	152.00	39.60	16.60	103882.02	1822	1	Tsung-DaoLee	
5557	2:41:41	1/1/2019 	9694150	946.00	288.00	55.18	16.60	103882.02	3469	1	Tsung-DaoLee	
5558	2:41:42	1/1/2019 	9695247	749.00	22.00	18.62	16.60	103882.81	49804	0	Tsung-DaoLee	
5559	2:41:44	1/1/2019 	9696851	755.00	24.00	19.07	16.60	103883.63	97789	1	Tsung-DaoLee	
5560	2:41:44	1/1/2019 	9697057	69.00	9.00	5.97	16.60	103883.63	1822	0	Tsung-DaoLee	
5561	2:41:45	1/1/2019 	9698170	892.00	72.00	25.23	16.59	103884.97	49804	0	Tsung-DaoLee	
5562	2:41:46	1/1/2019 	9699078	945.00	330.00	62.24	16.59	103885.28	49807	1	Tsung-DaoLee	
5563	2:41:50	1/1/2019 	9703117	944.00	121.00	34.12	16.59	103887.53	194771	0	Tsung-DaoLee	
5564	2:41:51	1/1/2019 	9704181	950.00	836.00	150.16	16.59	103888.02	50762	0	Tsung-DaoLee	
5565	2:41:53	1/1/2019 	9706028	944.00	262.00	51.64	16.59	103889.77	97789	1	Tsung-DaoLee	
5566	2:41:54	1/1/2019 	9707648	908.00	88.00	27.80	16.59	103890.88	97790	1	Tsung-DaoLee	
5567	2:41:55	1/1/2019 	9708104	946.00	310.00	58.72	16.59	103891.03	1827	1	Tsung-DaoLee	
5568	2:41:55	1/1/2019 	9708479	83.00	8.00	6.19	16.59	103891.51	1822	0	Tsung-DaoLee	
5569	2:41:57	1/1/2019 	9709724	188.00	8.00	9.02	16.59	103892.30	99353	0	Tsung-DaoLee	
5570	2:41:57	1/1/2019 	9709731	920.00	99.00	29.83	16.59	103892.30	2803	1	Tsung-DaoLee	
5571	2:41:57	1/1/2019 	9710078	947.00	133.00	36.38	16.59	103893.23	1822	0	Tsung-DaoLee	
5572	2:41:58	1/1/2019 	9710966	947.00	316.00	59.76	16.59	103894.19	49805	1	Tsung-DaoLee	
5573	2:42:00	1/1/2019 	9712938	652.00	10.00	14.82	16.59	103895.62	97789	1	Tsung-DaoLee	
5574	2:42:00	1/1/2019 	9713014	947.00	209.00	46.27	16.59	103895.62	1823	1	Tsung-DaoLee	
5575	2:42:03	1/1/2019 	9716013	908.00	89.00	27.98	16.59	103897.84	147351	1	Tsung-DaoLee	
5576	2:42:05	1/1/2019 	9717717	911.00	93.00	28.70	16.60	103899.06	97789	1	Tsung-DaoLee	
5577	2:42:06	1/1/2019 	9719166	943.00	337.00	63.51	16.60	103900.15	49806	1	Tsung-DaoLee	
5578	2:42:08	1/1/2019 	9721426	356.00	9.00	11.77	16.60	103900.31	97789	0	Tsung-DaoLee	
5579	2:42:10	1/1/2019 	9723192	224.00	8.00	9.81	16.60	103901.24	98621	1	Tsung-DaoLee	
5580	2:42:12	1/1/2019 	9725202	942.00	148.00	38.97	16.60	103901.88	99280	1	Tsung-DaoLee	
5581	2:42:13	1/1/2019 	9726305	99.00	8.00	6.57	16.60	103902.61	49809	0	Tsung-DaoLee	
5582	2:42:15	1/1/2019 	9727815	875.00	65.00	24.27	16.60	103903.09	97787	0	Tsung-DaoLee	
5583	2:42:16	1/1/2019 	9729036	685.00	12.00	15.61	16.60	103903.25	49807	0	Tsung-DaoLee	
5584	2:42:19	1/1/2019 	9732552	719.00	15.00	16.67	16.60	103904.52	193754	0	Tsung-DaoLee	
5585	2:42:21	1/1/2019 	9734623	942.00	130.00	35.83	16.60	103905.16	98644	0	Tsung-DaoLee	
5586	2:42:24	1/1/2019 	9736823	941.00	166.00	41.62	16.61	103905.93	99296	1	Tsung-DaoLee	
5587	2:42:24	1/1/2019 	9737421	864.00	57.00	23.33	16.61	103906.09	1822	0	Tsung-DaoLee	
5588	2:42:25	1/1/2019 	9738456	899.00	81.00	26.61	16.61	103906.56	49803	0	Tsung-DaoLee	
5589	2:42:27	1/1/2019 	9739755	948.00	302.00	57.39	16.61	103907.20	97786	0	Tsung-DaoLee	
5590	2:42:29	1/1/2019 	9742081	617.00	10.00	14.44	16.61	103908.80	98672	0	Tsung-DaoLee	
5591	2:42:32	1/1/2019 	9745005	591.00	9.00	13.91	16.61	103910.68	145772	0	Tsung-DaoLee	
5592	2:42:33	1/1/2019 	9746674	946.00	339.00	63.88	16.61	103912.20	99277	0	Tsung-DaoLee	
5593	2:42:35	1/1/2019 	9748557	945.00	322.00	60.81	16.61	103913.14	97789	0	Tsung-DaoLee	
5594	2:42:38	1/1/2019 	9750927	906.00	85.00	27.28	16.61	103915.05	97789	0	Tsung-DaoLee	
5595	2:42:41	1/1/2019 	9754233	884.00	63.00	24.05	16.62	103925.01	146677	1	Tsung-DaoLee	
5596	2:42:41	1/1/2019 	9754329	867.00	56.00	23.23	16.62	103925.01	1822	0	Tsung-DaoLee	
5597	2:42:44	1/1/2019 	9756746	862.00	59.00	23.55	16.61	103933.52	145770	0	Tsung-DaoLee	
5598	2:42:47	1/1/2019 	9759784	106.00	8.00	6.75	16.61	103938.93	147352	0	Tsung-DaoLee	
5599	2:42:48	1/1/2019 	9761457	135.00	8.00	7.59	16.61	103939.41	50734	0	Tsung-DaoLee	
5600	2:42:50	1/1/2019 	9763106	946.00	345.00	64.97	16.61	103941.61	97785	1	Tsung-DaoLee	
5601	2:42:52	1/1/2019 	9765234	945.00	271.00	52.78	16.62	103942.96	97789	1	Tsung-DaoLee	
5602	2:42:52	1/1/2019 	9765431	621.00	9.00	14.28	16.62	103942.96	1822	0	Tsung-DaoLee	
5603	2:42:54	1/1/2019 	9766910	942.00	198.00	45.23	16.62	103943.25	99344	1	Tsung-DaoLee	
5604	2:42:55	1/1/2019 	9768601	943.00	166.00	41.62	16.62	103943.03	97787	0	Tsung-DaoLee	
5605	2:42:56	1/1/2019 	9769576	934.00	115.00	32.95	16.62	103942.88	49808	0	Tsung-DaoLee	
5606	2:43:09	1/1/2019 	9781960	208.00	8.00	9.48	16.64	103947.75	578576	0	Tsung-DaoLee	
5607	2:43:09	1/1/2019 	9782266	946.00	264.00	51.88	16.64	103947.75	2637	1	Tsung-DaoLee	
5608	2:43:10	1/1/2019 	9783697	946.00	379.00	70.97	16.64	103949.00	97789	0	Tsung-DaoLee	
5609	2:43:17	1/1/2019 	9790373	946.00	301.00	57.22	16.65	103952.20	291207	1	Tsung-DaoLee	
5610	2:43:21	1/1/2019 	9794328	941.00	188.00	44.22	16.65	103953.59	194592	1	Tsung-DaoLee	
5611	2:43:22	1/1/2019 	9794758	944.00	374.00	70.13	16.65	103953.59	49806	1	Tsung-DaoLee	
5612	2:43:24	1/1/2019 	9796779	208.00	8.00	9.48	16.65	103954.00	97787	0	Tsung-DaoLee	
5613	2:43:32	1/1/2019 	9805030	942.00	264.00	51.88	16.67	103958.75	385682	1	Tsung-DaoLee	
5614	2:43:35	1/1/2019 	9808694	903.00	83.00	26.94	16.67	103961.66	194616	1	Tsung-DaoLee	
5615	2:43:36	1/1/2019 	9809361	947.00	584.00	101.23	16.67	103961.66	3334	0	Tsung-DaoLee	
5616	2:43:39	1/1/2019 	9812678	927.00	111.00	32.17	16.68	103964.16	193757	0	Tsung-DaoLee	
5617	2:43:42	1/1/2019 	9815440	688.00	12.00	15.63	16.68	103965.38	98677	0	Tsung-DaoLee	
5618	2:43:44	1/1/2019 	9817037	788.00	33.00	20.64	16.68	103966.17	97795	0	Tsung-DaoLee	
5619	2:43:45	1/1/2019 	9818137	930.00	113.00	32.56	16.68	103966.78	49806	1	Tsung-DaoLee	
5620	2:43:49	1/1/2019 	9822553	945.00	256.00	50.93	16.69	103966.72	243266	1	Tsung-DaoLee	
5621	2:43:51	1/1/2019 	9823823	925.00	109.00	31.77	16.69	103966.86	50718	1	Tsung-DaoLee	
5622	2:43:59	1/1/2019 	9832176	941.00	137.00	37.10	16.69	103967.47	385689	1	Tsung-DaoLee	
5623	2:44:01	1/1/2019 	9834563	946.00	132.00	36.20	16.69	103968.53	146700	0	Tsung-DaoLee	
5624	2:44:03	1/1/2019 	9836589	623.00	4.00	12.97	16.69	103969.33	97790	0	Tsung-DaoLee	
5625	2:44:04	1/1/2019 	9837108	666.00	11.00	15.21	16.69	103969.48	1822	1	Tsung-DaoLee	
5626	2:44:07	1/1/2019 	9839900	943.00	146.00	38.64	16.69	103971.08	147327	1	Tsung-DaoLee	
5627	2:44:08	1/1/2019 	9840994	769.00	27.00	19.67	16.69	103971.29	50764	1	Tsung-DaoLee	
5628	2:44:08	1/1/2019 	9841265	697.00	13.00	15.98	16.69	103971.61	1822	1	Tsung-DaoLee	
5629	2:44:10	1/1/2019 	9842809	531.00	9.00	13.20	16.69	103972.09	97784	0	Tsung-DaoLee	
5630	2:44:23	1/1/2019 	9856198	923.00	106.00	31.19	16.69	103972.56	625587	0	Tsung-DaoLee	
5631	2:44:27	1/1/2019 	9860685	945.00	127.00	35.27	16.69	103974.41	242705	1	Tsung-DaoLee	
5632	2:44:30	1/1/2019 	9862823	942.00	133.00	36.38	16.70	103976.14	99962	1	Tsung-DaoLee	
5633	2:44:37	1/1/2019 	9870569	943.00	164.00	41.35	16.70	103979.06	385692	0	Tsung-DaoLee	
5634	2:44:40	1/1/2019 	9872966	947.00	591.00	102.80	16.71	103979.47	98633	1	Tsung-DaoLee	
5635	2:44:48	1/1/2019 	9880822	877.00	65.00	24.28	16.71	103980.55	385689	0	Tsung-DaoLee	
5636	2:44:52	1/1/2019 	9885690	262.00	8.00	10.49	16.71	103981.18	242600	0	Tsung-DaoLee	
5637	2:44:58	1/1/2019 	9890839	941.00	159.00	40.65	16.72	103983.64	243351	1	Tsung-DaoLee	
5638	2:44:58	1/1/2019 	9891696	946.00	131.00	36.02	16.72	103984.53	50695	1	Tsung-DaoLee	
5639	2:45:02	1/1/2019 	9894931	943.00	384.00	71.80	16.72	103987.22	145773	1	Tsung-DaoLee	
5640	2:45:12	1/1/2019 	9905210	68.00	8.00	5.95	16.73	103989.66	481652	0	Tsung-DaoLee	
5641	2:45:12	1/1/2019 	9905711	947.00	149.00	39.13	16.73	103989.66	50711	1	Tsung-DaoLee	
5642	2:45:15	1/1/2019 	9908571	948.00	587.00	101.96	16.73	103990.45	145773	0	Tsung-DaoLee	
5643	2:45:18	1/1/2019 	9911628	942.00	165.00	41.49	16.73	103990.14	147311	0	Tsung-DaoLee	
5644	2:45:19	1/1/2019 	9911823	948.00	364.00	68.39	16.73	103990.59	2755	0	Tsung-DaoLee	
5645	2:45:20	1/1/2019 	9913347	438.00	8.00	12.40	16.73	103990.91	49805	0	Tsung-DaoLee	
5646	2:45:21	1/1/2019 	9914134	738.00	17.00	17.31	16.73	103990.91	49805	0	Tsung-DaoLee	
5647	2:45:24	1/1/2019 	9916791	700.00	13.00	15.99	16.73	103991.55	145772	0	Tsung-DaoLee	
5648	2:45:25	1/1/2019 	9918457	944.00	131.00	36.02	16.73	103991.70	49806	0	Tsung-DaoLee	
5649	2:45:32	1/1/2019 	9925023	134.00	8.00	7.56	16.74	103992.26	339265	0	Tsung-DaoLee	
5650	2:45:33	1/1/2019 	9925842	944.00	354.00	66.60	16.74	103992.83	50763	1	Tsung-DaoLee	
5651	2:45:49	1/1/2019 	9942025	946.00	335.00	63.15	16.75	103997.82	769563	1	Tsung-DaoLee	
5652	2:46:13	1/1/2019 	9966691	65.00	8.00	5.92	16.75	104005.77	1202390	0	Tsung-DaoLee	
5653	2:46:19	1/1/2019 	9971813	943.00	204.00	45.81	16.75	104005.43	242559	1	Tsung-DaoLee	
5654	2:46:25	1/1/2019 	9978626	943.00	195.00	44.94	16.75	104009.23	338540	1	Tsung-DaoLee	
5655	2:46:28	1/1/2019 	9980777	941.00	191.00	44.54	16.75	104009.70	99285	1	Tsung-DaoLee	
5656	2:46:37	1/1/2019 	9989966	825.00	45.00	22.05	16.76	104009.72	434539	0	Tsung-DaoLee	
5657	2:46:37	1/1/2019 	9990303	948.00	296.00	56.42	16.76	104010.17	2701	1	Tsung-DaoLee	
5658	2:46:51	1/1/2019 	10004289	831.00	45.00	22.06	16.77	104014.84	673593	0	Tsung-DaoLee	
5659	2:46:51	1/1/2019 	10005119	736.00	19.00	17.86	16.77	104015.42	50703	0	Tsung-DaoLee	
5660	2:46:59	1/1/2019 	10012347	584.00	9.00	13.82	16.78	104014.42	339239	0	Tsung-DaoLee	
5661	2:46:59	1/1/2019 	10013280	950.00	327.00	61.71	16.78	104014.26	50730	1	Tsung-DaoLee	
5662	2:47:01	1/1/2019 	10014331	127.00	8.00	7.35	16.78	104014.26	49805	0	Tsung-DaoLee	
5663	2:47:07	1/1/2019 	10020444	365.00	9.00	11.86	16.79	104017.76	289726	0	Tsung-DaoLee	
5664	2:47:09	1/1/2019 	10023220	389.00	8.00	12.03	16.79	104019.80	146715	0	Tsung-DaoLee	
5665	2:47:12	1/1/2019 	10025940	301.00	8.00	11.07	16.79	104020.44	145775	0	Tsung-DaoLee	
5666	2:47:17	1/1/2019 	10030558	423.00	8.00	12.30	16.80	104023.83	243297	0	Tsung-DaoLee	
5667	2:47:24	1/1/2019 	10037866	851.00	48.00	22.39	16.80	104022.31	338669	0	Tsung-DaoLee	
5668	2:47:25	1/1/2019 	10038745	926.00	111.00	32.17	16.80	104021.68	49804	1	Tsung-DaoLee	
5669	2:47:29	1/1/2019 	10042583	907.00	89.00	27.98	16.81	104021.59	193756	0	Tsung-DaoLee	
5670	2:47:29	1/1/2019 	10042778	92.00	8.00	6.39	16.81	104021.92	2806	0	Tsung-DaoLee	
5671	2:47:42	1/1/2019 	10055562	909.00	94.00	28.89	16.83	104032.52	625606	0	Tsung-DaoLee	
5672	2:47:44	1/1/2019 	10057329	362.00	8.00	11.78	16.83	104033.30	52103	0	Tsung-DaoLee	
5673	2:47:45	1/1/2019 	10058590	773.00	29.00	20.02	16.84	104034.80	97789	0	Tsung-DaoLee	
5674	2:47:46	1/1/2019 	10059616	827.00	44.00	21.95	16.84	104035.58	49806	0	Tsung-DaoLee	
5675	2:47:49	1/1/2019 	10062825	123.00	8.00	7.24	16.84	104035.66	146628	0	Tsung-DaoLee	
5676	2:47:55	1/1/2019 	10068672	944.00	127.00	35.27	16.85	104034.62	289721	1	Tsung-DaoLee	
5677	2:48:02	1/1/2019 	10076067	661.00	10.00	14.88	16.86	104034.19	339209	0	Tsung-DaoLee	
5678	2:48:14	1/1/2019 	10087967	946.00	248.00	50.03	16.87	104037.08	578505	1	Tsung-DaoLee	
5679	2:48:19	1/1/2019 	10092320	96.00	8.00	6.49	16.87	104037.32	194657	0	Tsung-DaoLee	
5680	2:48:29	1/1/2019 	10102982	643.00	10.00	14.74	16.88	104039.36	530549	0	Tsung-DaoLee	
5681	2:48:30	1/1/2019 	10104189	190.00	8.00	9.07	16.89	104039.81	50739	0	Tsung-DaoLee	
5682	2:48:30	1/1/2019 	10104262	547.00	9.00	13.37	16.89	104039.81	1821	0	Tsung-DaoLee	
5683	2:48:31	1/1/2019 	10105251	572.00	9.00	13.67	16.89	104039.34	51356	0	Tsung-DaoLee	
5684	2:48:37	1/1/2019 	10110316	943.00	201.00	45.52	16.89	104038.38	241736	0	Tsung-DaoLee	
5685	2:48:39	1/1/2019 	10112608	157.00	8.00	8.21	16.89	104037.59	146730	0	Tsung-DaoLee	
5686	2:48:44	1/1/2019 	10117693	944.00	463.00	82.48	16.89	104037.27	241736	1	Tsung-DaoLee	
5687	2:48:50	1/1/2019 	10124103	137.00	8.00	7.64	16.90	104042.81	289718	0	Tsung-DaoLee	
5688	2:48:52	1/1/2019 	10125774	741.00	19.00	17.87	16.90	104042.91	98764	0	Tsung-DaoLee	
5689	2:48:52	1/1/2019 	10126051	288.00	8.00	10.89	16.90	104042.75	3403	0	Tsung-DaoLee	
5690	2:48:58	1/1/2019 	10132024	185.00	8.00	8.95	16.91	104040.39	289716	0	Tsung-DaoLee	
5691	2:48:59	1/1/2019 	10132760	88.00	8.00	6.30	16.91	104039.92	50632	0	Tsung-DaoLee	
5692	2:49:00	1/1/2019 	10133732	910.00	87.00	27.63	16.91	104041.12	49806	1	Tsung-DaoLee	
5693	2:49:01	1/1/2019 	10135033	946.00	388.00	72.46	16.92	104043.02	49810	1	Tsung-DaoLee	
5694	2:49:04	1/1/2019 	10137584	945.00	181.00	43.46	16.92	104046.02	147258	0	Tsung-DaoLee	
5695	2:49:04	1/1/2019 	10137935	950.00	336.00	63.33	16.92	104046.66	1823	1	Tsung-DaoLee	
5696	2:49:06	1/1/2019 	10140071	854.00	50.00	22.59	16.92	104048.98	97787	1	Tsung-DaoLee	
5697	2:49:11	1/1/2019 	10145027	941.00	168.00	41.89	16.93	104052.44	242587	1	Tsung-DaoLee	
5698	2:49:14	1/1/2019 	10148211	956.00	853.00	153.92	16.93	104052.28	145769	1	Tsung-DaoLee	
5699	2:49:17	1/1/2019 	10150605	916.00	97.00	29.45	16.93	104051.74	145771	0	Tsung-DaoLee	
5700	2:49:21	1/1/2019 	10155185	580.00	9.00	13.77	16.93	104050.55	196013	0	Tsung-DaoLee	
5701	2:49:27	1/1/2019 	10161269	109.00	8.00	6.84	16.94	104062.59	289716	0	Tsung-DaoLee	
5702	2:49:29	1/1/2019 	10162915	245.00	8.00	10.20	16.94	104071.73	98686	0	Tsung-DaoLee	
5703	2:49:30	1/1/2019 	10164136	909.00	89.00	27.98	16.94	104073.02	49805	0	Tsung-DaoLee	
5704	2:49:41	1/1/2019 	10174854	944.00	139.00	37.46	16.95	104056.14	529633	1	Tsung-DaoLee	
5705	2:49:41	1/1/2019 	10175232	413.00	9.00	12.29	16.95	104055.50	2738	0	Tsung-DaoLee	
5706	2:49:41	1/1/2019 	10175243	77.00	8.00	6.08	16.95	104055.50	3364	0	Tsung-DaoLee	
5707	2:49:42	1/1/2019 	10175661	888.00	74.00	25.51	16.95	104054.86	49803	0	Tsung-DaoLee	
5708	2:49:58	1/1/2019 	10191347	608.00	9.00	14.12	16.97	104045.64	721561	0	Tsung-DaoLee	
5709	2:49:58	1/1/2019 	10191383	884.00	63.00	24.05	16.97	104045.64	2766	1	Tsung-DaoLee	
5710	2:49:58	1/1/2019 	10192237	945.00	125.00	34.89	16.97	104045.64	49804	1	Tsung-DaoLee	
5711	2:49:59	1/1/2019 	10192415	878.00	63.00	24.04	16.97	104045.64	1822	0	Tsung-DaoLee	
5712	2:49:59	1/1/2019 	10193123	355.00	9.00	11.76	16.97	104046.28	51365	0	Tsung-DaoLee	
5713	2:50:02	1/1/2019 	10195295	816.00	41.00	21.63	16.97	104047.97	97787	0	Tsung-DaoLee	
5714	2:50:03	1/1/2019 	10196848	806.00	41.00	21.61	16.97	104047.81	97789	0	Tsung-DaoLee	
5715	2:50:06	1/1/2019 	10199421	264.00	8.00	10.53	16.97	104048.19	97787	0	Tsung-DaoLee	
5716	2:50:06	1/1/2019 	10200018	925.00	108.00	31.58	16.97	104048.51	49806	1	Tsung-DaoLee	
5717	2:50:07	1/1/2019 	10200414	128.00	8.00	7.38	16.97	104048.82	4344	0	Tsung-DaoLee	
5718	2:50:21	1/1/2019 	10214308	947.00	593.00	103.22	16.95	104043.41	673584	0	Tsung-DaoLee	
5719	2:50:26	1/1/2019 	10219497	60.00	1.00	5.88	16.95	104043.09	242559	0	Tsung-DaoLee	
5720	2:50:27	1/1/2019 	10220731	574.00	9.00	13.69	16.95	104043.25	97785	0	Tsung-DaoLee	
5721	2:50:36	1/1/2019 	10229474	946.00	436.00	79.26	16.96	104044.98	386529	1	Tsung-DaoLee	
5722	2:50:47	1/1/2019 	10241273	441.00	8.00	12.42	16.96	104045.45	577634	0	Tsung-DaoLee	
5723	2:50:50	1/1/2019 	10244220	64.00	8.00	5.92	16.96	104046.23	148013	0	Tsung-DaoLee	
5724	2:51:04	1/1/2019 	10257831	942.00	131.00	36.02	16.96	104048.38	673601	1	Tsung-DaoLee	
5725	2:51:07	1/1/2019 	10260739	254.00	8.00	10.36	16.96	104048.69	146662	0	Tsung-DaoLee	
5726	2:51:12	1/1/2019 	10265755	934.00	115.00	32.95	16.97	104049.30	242636	0	Tsung-DaoLee	
5727	2:51:12	1/1/2019 	10266141	85.00	8.00	6.24	16.97	104049.30	1823	0	Tsung-DaoLee	
5728	2:51:22	1/1/2019 	10275718	59.00	8.00	5.89	16.97	104054.57	481643	0	Tsung-DaoLee	
5729	2:51:26	1/1/2019 	10279841	371.00	8.00	11.87	16.98	104056.28	196092	0	Tsung-DaoLee	
5730	2:51:30	1/1/2019 	10284094	925.00	109.00	31.77	16.98	104056.67	194699	1	Tsung-DaoLee	
5731	2:51:31	1/1/2019 	10284638	951.00	591.00	102.80	16.98	104056.67	49806	0	Tsung-DaoLee	
5732	2:51:32	1/1/2019 	10286131	891.00	73.00	25.37	16.98	104056.03	49806	0	Tsung-DaoLee	
5733	2:51:34	1/1/2019 	10287783	94.00	8.00	6.44	16.98	104055.66	97789	0	Tsung-DaoLee	
5734	2:51:35	1/1/2019 	10288380	904.00	85.00	27.28	16.98	104055.50	3380	1	Tsung-DaoLee	
5735	2:51:43	1/1/2019 	10296958	907.00	86.00	27.46	16.99	104054.66	433674	0	Tsung-DaoLee	
5736	2:51:49	1/1/2019 	10302672	942.00	241.00	49.30	16.99	104055.08	290693	1	Tsung-DaoLee	
5737	2:51:52	1/1/2019 	10305085	78.00	8.00	6.10	16.99	104055.08	98777	0	Tsung-DaoLee	
5738	2:51:52	1/1/2019 	10305273	725.00	15.00	16.68	16.99	104055.08	1822	0	Tsung-DaoLee	
5739	2:52:05	1/1/2019 	10318359	659.00	10.00	14.87	17.00	104059.02	625602	0	Tsung-DaoLee	
5740	2:52:08	1/1/2019 	10321874	629.00	10.00	14.59	17.00	104058.70	195950	1	Tsung-DaoLee	
5741	2:52:09	1/1/2019 	10322208	945.00	223.00	47.56	17.00	104058.70	2683	1	Tsung-DaoLee	
5742	2:52:11	1/1/2019 	10324451	862.00	57.00	23.33	17.00	104058.23	97792	1	Tsung-DaoLee	
5743	2:52:19	1/1/2019 	10332445	741.00	19.00	17.87	17.01	104058.19	385692	0	Tsung-DaoLee	
5744	2:52:23	1/1/2019 	10336758	110.00	8.00	6.86	17.01	104059.08	242613	0	Tsung-DaoLee	
5745	2:52:33	1/1/2019 	10346990	941.00	124.00	34.70	17.02	104061.41	481652	1	Tsung-DaoLee	
5746	2:52:44	1/1/2019 	10357197	947.00	416.00	76.66	17.02	104061.02	483967	1	Tsung-DaoLee	
5747	2:52:45	1/1/2019 	10358222	948.00	685.00	123.60	17.02	104061.44	50727	1	Tsung-DaoLee	
5748	2:52:48	1/1/2019 	10361999	945.00	254.00	50.70	17.02	104061.27	193759	1	Tsung-DaoLee	
5749	2:52:51	1/1/2019 	10364669	948.00	665.00	119.69	17.02	104061.27	146710	1	Tsung-DaoLee	
5750	2:52:52	1/1/2019 	10365613	948.00	528.00	90.75	17.03	104061.89	49807	0	Tsung-DaoLee	
5751	2:52:57	1/1/2019 	10370901	155.00	8.00	8.16	17.03	104063.08	243399	0	Tsung-DaoLee	
5752	2:53:01	1/1/2019 	10374700	125.00	8.00	7.29	17.03	104063.40	194722	0	Tsung-DaoLee	
5753	2:53:06	1/1/2019 	10379274	906.00	86.00	27.45	17.03	104063.22	193759	0	Tsung-DaoLee	
5754	2:53:06	1/1/2019 	10379357	950.00	337.00	63.51	17.03	104063.22	1823	0	Tsung-DaoLee	
5755	2:53:07	1/1/2019 	10380109	70.00	8.00	5.98	17.03	104063.05	49805	0	Tsung-DaoLee	
5756	2:53:07	1/1/2019 	10380691	608.00	9.00	14.12	17.03	104062.90	50787	1	Tsung-DaoLee	
5757	2:53:10	1/1/2019 	10383563	934.00	116.00	33.15	17.03	104062.27	147355	1	Tsung-DaoLee	
5758	2:53:15	1/1/2019 	10388765	243.00	13.00	10.25	17.04	104062.08	241743	0	Tsung-DaoLee	
5759	2:53:16	1/1/2019 	10389972	944.00	266.00	52.13	17.04	104062.39	49807	0	Tsung-DaoLee	
5760	2:53:27	1/1/2019 	10400556	895.00	76.00	25.82	17.04	104064.80	530472	0	Tsung-DaoLee	
5761	2:53:27	1/1/2019 	10400914	950.00	250.00	50.25	17.04	104064.80	2674	1	Tsung-DaoLee	
5762	2:53:37	1/1/2019 	10410186	947.00	580.00	100.40	17.05	104063.66	433678	1	Tsung-DaoLee	
5763	2:53:39	1/1/2019 	10412869	945.00	137.00	37.10	17.05	104063.95	148036	0	Tsung-DaoLee	
5764	2:53:41	1/1/2019 	10414159	326.00	9.00	11.43	17.05	104063.80	49806	0	Tsung-DaoLee	
5765	2:53:42	1/1/2019 	10415629	945.00	264.00	51.88	17.05	104063.80	97791	0	Tsung-DaoLee	
5766	2:53:52	1/1/2019 	10425596	946.00	347.00	65.33	17.06	104068.25	481661	0	Tsung-DaoLee	
5767	2:53:58	1/1/2019 	10431351	491.00	8.00	12.76	17.06	104067.94	242633	0	Tsung-DaoLee	
5768	2:54:01	1/1/2019 	10434106	723.00	17.00	17.27	17.06	104067.94	148091	0	Tsung-DaoLee	
5769	2:54:02	1/1/2019 	10435122	178.00	8.00	8.77	17.06	104068.86	49806	0	Tsung-DaoLee	
5770	2:54:11	1/1/2019 	10444631	946.00	383.00	71.63	17.06	104069.34	481657	0	Tsung-DaoLee	
5771	2:54:14	1/1/2019 	10447743	604.00	9.00	14.07	17.06	104069.66	146707	0	Tsung-DaoLee	
5772	2:54:15	1/1/2019 	10448740	941.00	134.00	36.57	17.06	104070.56	49805	1	Tsung-DaoLee	
5773	2:54:16	1/1/2019 	10449267	890.00	75.00	25.66	17.06	104070.56	1823	0	Tsung-DaoLee	
5774	2:54:16	1/1/2019 	10449751	947.00	354.00	66.60	17.06	104070.56	51322	1	Tsung-DaoLee	
5775	2:54:22	1/1/2019 	10455287	64.00	8.00	5.92	17.06	104070.56	242685	0	Tsung-DaoLee	
5776	2:54:22	1/1/2019 	10455353	72.00	8.00	6.00	17.06	104070.56	1821	0	Tsung-DaoLee	
5777	2:54:30	1/1/2019 	10463563	944.00	471.00	83.40	17.06	104070.56	433668	1	Tsung-DaoLee	
5778	2:54:37	1/1/2019 	10470582	885.00	71.00	25.08	17.07	104070.53	338678	0	Tsung-DaoLee	
5779	2:54:47	1/1/2019 	10480571	149.00	8.00	7.99	17.07	104069.90	482477	0	Tsung-DaoLee	
5780	2:54:48	1/1/2019 	10481824	194.00	8.00	9.16	17.07	104069.73	52049	0	Tsung-DaoLee	
5781	2:54:50	1/1/2019 	10483796	812.00	41.00	21.62	17.07	104069.88	97792	0	Tsung-DaoLee	
5782	2:54:54	1/1/2019 	10487938	354.00	9.00	11.75	17.07	104069.71	193761	0	Tsung-DaoLee	
5783	2:54:55	1/1/2019 	10488469	696.00	13.00	15.97	17.07	104069.71	1822	0	Tsung-DaoLee	
5784	2:55:06	1/1/2019 	10499931	546.00	8.00	13.23	17.07	104072.81	577625	0	Tsung-DaoLee	
5785	2:55:11	1/1/2019 	10504800	85.00	8.00	6.24	17.08	104074.80	243980	0	Tsung-DaoLee	
5786	2:55:27	1/1/2019 	10520627	849.00	47.00	22.28	17.09	104078.97	769549	0	Tsung-DaoLee	
5787	2:55:28	1/1/2019 	10521439	135.00	8.00	7.59	17.09	104078.66	2705	0	Tsung-DaoLee	
5788	2:55:32	1/1/2019 	10525660	907.00	82.00	26.78	17.09	104078.91	241737	0	Tsung-DaoLee	
5789	2:55:35	1/1/2019 	10528665	782.00	34.00	20.75	17.09	104078.89	145773	0	Tsung-DaoLee	
5790	2:55:40	1/1/2019 	10533462	95.00	8.00	6.47	17.09	104078.56	193755	0	Tsung-DaoLee	
5791	2:55:43	1/1/2019 	10536152	88.00	8.00	6.30	17.09	104078.25	148084	0	Tsung-DaoLee	
5792	2:55:43	1/1/2019 	10536875	948.00	431.00	78.65	17.09	104078.41	49806	1	Tsung-DaoLee	
5793	2:55:46	1/1/2019 	10539801	943.00	392.00	73.09	17.10	104078.35	145771	1	Tsung-DaoLee	
5794	2:56:02	1/1/2019 	10555274	940.00	120.00	33.93	17.10	104077.08	722482	1	Tsung-DaoLee	
5795	2:56:02	1/1/2019 	10556013	907.00	86.00	27.46	17.10	104077.23	50751	0	Tsung-DaoLee	
5796	2:56:04	1/1/2019 	10557154	922.00	106.00	31.19	17.10	104077.39	49805	1	Tsung-DaoLee	
5797	2:56:11	1/1/2019 	10564563	942.00	142.00	37.97	17.10	104078.98	387249	1	Tsung-DaoLee	
5798	2:56:22	1/1/2019 	10575084	115.00	8.00	7.01	17.10	104082.62	482616	0	Tsung-DaoLee	
5799	2:56:25	1/1/2019 	10578451	508.00	9.00	12.99	17.10	104084.03	146590	0	Tsung-DaoLee	
5800	2:56:32	1/1/2019 	10585969	86.00	8.00	6.26	17.11	104088.07	385685	0	Tsung-DaoLee	
5801	2:56:36	1/1/2019 	10589796	71.00	8.00	5.99	17.12	104089.36	194585	0	Tsung-DaoLee	
5802	2:56:38	1/1/2019 	10591442	118.00	8.00	7.09	17.12	104089.36	52030	0	Tsung-DaoLee	
5803	2:56:46	1/1/2019 	10599472	459.00	8.00	12.54	17.12	104087.88	385687	0	Tsung-DaoLee	
5804	2:56:54	1/1/2019 	10607291	64.00	8.00	5.92	17.12	104086.55	385689	0	Tsung-DaoLee	
5805	2:56:56	1/1/2019 	10609296	136.00	8.00	7.62	17.12	104085.91	98664	0	Tsung-DaoLee	
5806	2:56:58	1/1/2019 	10611695	943.00	122.00	34.32	17.12	104085.75	145771	0	Tsung-DaoLee	
5807	2:57:02	1/1/2019 	10615673	410.00	9.00	12.26	17.12	104085.59	194648	0	Tsung-DaoLee	
5808	2:57:08	1/1/2019 	10621749	470.00	9.00	12.70	17.13	104086.52	291254	0	Tsung-DaoLee	
5809	2:57:08	1/1/2019 	10621992	462.00	9.00	12.64	17.13	104086.52	2743	0	Tsung-DaoLee	
5810	2:57:13	1/1/2019 	10626912	941.00	174.00	42.64	17.13	104086.95	241735	0	Tsung-DaoLee	
5811	2:57:17	1/1/2019 	10630442	951.00	630.00	111.89	17.13	104087.56	145771	1	Tsung-DaoLee	
5812	2:57:21	1/1/2019 	10634963	923.00	108.00	31.58	17.13	104088.97	242672	1	Tsung-DaoLee	
5813	2:57:23	1/1/2019 	10637239	936.00	116.00	33.15	17.14	104090.02	97787	1	Tsung-DaoLee	
5814	2:57:28	1/1/2019 	10641458	952.00	631.00	112.01	17.14	104092.52	195308	1	Tsung-DaoLee	
5815	2:57:34	1/1/2019 	10647332	99.00	8.00	6.57	17.15	104096.45	290685	0	Tsung-DaoLee	
5816	2:57:34	1/1/2019 	10647392	67.00	8.00	5.94	17.15	104096.45	1821	0	Tsung-DaoLee	
5817	2:57:35	1/1/2019 	10649015	149.00	8.00	7.99	17.15	104097.09	97785	0	Tsung-DaoLee	
5818	2:57:45	1/1/2019 	10658894	902.00	84.00	27.11	17.16	104101.36	481648	0	Tsung-DaoLee	
5819	2:57:46	1/1/2019 	10660015	402.00	9.00	12.20	17.16	104101.34	50788	0	Tsung-DaoLee	
5820	2:57:46	1/1/2019 	10660272	945.00	188.00	44.22	17.16	104101.02	4020	0	Tsung-DaoLee	
5821	2:57:52	1/1/2019 	10666067	109.00	8.00	6.84	17.17	104099.28	289715	0	Tsung-DaoLee	
5822	2:57:59	1/1/2019 	10673075	942.00	240.00	49.20	17.17	104095.09	337700	1	Tsung-DaoLee	
5823	2:58:00	1/1/2019 	10673630	945.00	281.00	54.15	17.17	104094.94	50659	0	Tsung-DaoLee	
5824	2:58:05	1/1/2019 	10679031	942.00	168.00	41.89	17.18	104094.54	241734	0	Tsung-DaoLee	
5825	2:58:08	1/1/2019 	10681647	665.00	10.00	14.90	17.18	104094.06	147277	0	Tsung-DaoLee	
5826	2:58:09	1/1/2019 	10682564	705.00	13.00	16.00	17.18	104093.91	50686	0	Tsung-DaoLee	
5827	2:58:09	1/1/2019 	10682988	924.00	105.00	30.99	17.18	104093.74	1823	1	Tsung-DaoLee	
5828	2:58:20	1/1/2019 	10693317	593.00	9.00	13.93	17.18	104094.64	481660	0	Tsung-DaoLee	
5829	2:58:20	1/1/2019 	10693732	134.00	8.00	7.56	17.18	104094.64	50702	0	Tsung-DaoLee	
5830	2:58:20	1/1/2019 	10693989	126.00	8.00	7.32	17.18	104095.12	1820	0	Tsung-DaoLee	
5831	2:58:26	1/1/2019 	10700267	530.00	8.00	13.08	17.18	104095.91	291251	0	Tsung-DaoLee	
5832	2:58:30	1/1/2019 	10703887	945.00	308.00	58.39	17.18	104096.39	194680	1	Tsung-DaoLee	
5833	2:58:31	1/1/2019 	10704394	77.00	8.00	6.08	17.18	104096.55	1822	0	Tsung-DaoLee	
5834	2:58:32	1/1/2019 	10706071	71.00	8.00	5.99	17.18	104096.70	97787	0	Tsung-DaoLee	
5835	2:58:33	1/1/2019 	10707190	943.00	249.00	50.14	17.18	104097.03	49805	1	Tsung-DaoLee	
5836	2:58:35	1/1/2019 	10708590	99.00	8.00	6.57	17.18	104097.50	97789	0	Tsung-DaoLee	
5837	2:58:46	1/1/2019 	10719825	102.00	8.00	6.65	17.18	104098.14	531183	0	Tsung-DaoLee	
5838	2:58:49	1/1/2019 	10722593	805.00	35.00	20.93	17.18	104098.45	146718	0	Tsung-DaoLee	
5839	2:58:51	1/1/2019 	10724448	947.00	485.00	85.03	17.18	104098.62	49806	0	Tsung-DaoLee	
5840	2:58:56	1/1/2019 	10729561	86.00	8.00	6.26	17.18	104098.62	289718	0	Tsung-DaoLee	
5841	2:58:56	1/1/2019 	10729931	948.00	443.00	80.13	17.18	104098.45	2786	1	Tsung-DaoLee	
5842	2:58:57	1/1/2019 	10730962	943.00	192.00	44.64	17.18	104098.30	51380	1	Tsung-DaoLee	
5843	2:58:58	1/1/2019 	10731701	608.00	9.00	14.12	17.18	104097.98	49804	1	Tsung-DaoLee	
5844	2:59:02	1/1/2019 	10735967	787.00	33.00	20.63	17.18	104097.00	193755	0	Tsung-DaoLee	
5845	2:59:04	1/1/2019 	10737712	606.00	9.00	14.10	17.18	104097.16	97789	0	Tsung-DaoLee	
5846	2:59:05	1/1/2019 	10738319	245.00	8.00	10.20	17.18	104097.61	1823	0	Tsung-DaoLee	
5847	2:59:09	1/1/2019 	10742907	170.00	8.00	8.56	17.18	104098.09	241737	0	Tsung-DaoLee	
5848	2:59:18	1/1/2019 	10751643	946.00	252.00	50.47	17.19	104099.31	435846	0	Tsung-DaoLee	
5849	2:59:23	1/1/2019 	10756487	893.00	78.00	26.12	17.19	104100.41	194596	1	Tsung-DaoLee	
5850	2:59:23	1/1/2019 	10756609	249.00	8.00	10.28	17.19	104100.41	49804	0	Tsung-DaoLee	
5851	2:59:24	1/1/2019 	10757554	639.00	10.00	14.70	17.19	104100.56	49804	0	Tsung-DaoLee	
5852	2:59:26	1/1/2019 	10759786	458.00	9.00	12.62	17.19	104100.88	97789	0	Tsung-DaoLee	
5853	2:59:30	1/1/2019 	10764006	913.00	96.00	29.26	17.19	104101.81	194620	1	Tsung-DaoLee	
5854	2:59:30	1/1/2019 	10764282	152.00	8.00	8.07	17.19	104101.81	3331	0	Tsung-DaoLee	
5855	2:59:32	1/1/2019 	10765424	928.00	112.00	32.36	17.19	104101.81	49802	1	Tsung-DaoLee	
5856	2:59:35	1/1/2019 	10768721	918.00	100.00	30.02	17.19	104103.02	193755	1	Tsung-DaoLee	
5857	2:59:41	1/1/2019 	10774583	943.00	305.00	57.88	17.20	104103.95	289719	0	Tsung-DaoLee	
5858	2:59:48	1/1/2019 	10782213	175.00	8.00	8.69	17.20	104104.83	338589	0	Tsung-DaoLee	
5859	2:59:56	1/1/2019 	10789676	940.00	121.00	34.12	17.21	104105.38	386586	0	Tsung-DaoLee	
5860	3:00:01	1/1/2019 	10794686	405.00	8.00	12.16	17.21	104104.86	244195	1	Tsung-DaoLee	
5861	3:00:04	1/1/2019 	10797439	80.00	8.00	6.14	17.22	104105.09	97787	0	Tsung-DaoLee	
5862	3:00:06	1/1/2019 	10799818	68.00	8.00	5.95	17.22	104104.30	145768	0	Tsung-DaoLee	
5863	3:00:11	1/1/2019 	10805039	675.00	11.00	15.26	17.22	104104.06	242688	0	Tsung-DaoLee	
5864	3:00:17	1/1/2019 	10811025	943.00	225.00	47.75	17.23	104104.77	289723	1	Tsung-DaoLee	
5865	3:00:22	1/1/2019 	10815712	681.00	11.00	15.28	17.23	104106.63	244149	0	Tsung-DaoLee	
5866	3:00:38	1/1/2019 	10831826	437.00	9.00	12.47	17.24	104113.08	769536	0	Tsung-DaoLee	
5867	3:00:40	1/1/2019 	10833709	948.00	277.00	53.59	17.24	104113.72	98607	0	Tsung-DaoLee	
5868	3:00:43	1/1/2019 	10836399	946.00	467.00	82.93	17.24	104114.19	97788	0	Tsung-DaoLee	
5869	3:00:43	1/1/2019 	10837025	954.00	561.00	96.51	17.24	104114.19	49805	1	Tsung-DaoLee	
5870	3:00:47	1/1/2019 	10840294	949.00	481.00	84.55	17.24	104116.05	145770	1	Tsung-DaoLee	
5871	3:00:49	1/1/2019 	10843128	81.00	8.00	6.15	17.24	104116.20	147974	0	Tsung-DaoLee	
5872	3:00:50	1/1/2019 	10843732	945.00	126.00	35.08	17.24	104116.05	49805	0	Tsung-DaoLee	
5873	3:00:50	1/1/2019 	10844044	810.00	40.00	21.51	17.24	104116.05	1823	0	Tsung-DaoLee	
5874	3:00:52	1/1/2019 	10846067	464.00	8.00	12.58	17.24	104116.05	97787	0	Tsung-DaoLee	
5875	3:00:53	1/1/2019 	10847205	217.00	8.00	9.67	17.24	104115.88	49803	0	Tsung-DaoLee	
5876	3:00:55	1/1/2019 	10848617	946.00	145.00	38.48	17.24	104116.50	97786	0	Tsung-DaoLee	
5877	3:01:01	1/1/2019 	10855041	85.00	8.00	6.24	17.24	104118.55	290683	0	Tsung-DaoLee	
5878	3:01:02	1/1/2019 	10856081	690.00	13.00	15.95	17.24	104118.55	50677	0	Tsung-DaoLee	
5879	3:01:04	1/1/2019 	10857776	670.00	11.00	15.23	17.24	104118.38	97788	0	Tsung-DaoLee	
5880	3:01:05	1/1/2019 	10859219	953.00	779.00	138.61	17.24	104118.23	49806	1	Tsung-DaoLee	
5881	3:01:09	1/1/2019 	10862614	948.00	227.00	47.93	17.25	104117.69	193751	0	Tsung-DaoLee	
5882	3:01:17	1/1/2019 	10870844	371.00	8.00	11.87	17.25	104116.09	387968	0	Tsung-DaoLee	
5883	3:01:18	1/1/2019 	10871717	878.00	66.00	24.41	17.25	104116.25	50719	0	Tsung-DaoLee	
5884	3:01:19	1/1/2019 	10872330	187.00	8.00	8.99	17.25	104116.09	1823	0	Tsung-DaoLee	
5885	3:01:20	1/1/2019 	10874226	203.00	8.00	9.37	17.25	104116.55	97784	0	Tsung-DaoLee	
5886	3:01:21	1/1/2019 	10874414	761.00	25.00	19.28	17.25	104116.55	1822	1	Tsung-DaoLee	
5887	3:01:26	1/1/2019 	10880046	125.00	9.00	7.30	17.25	104116.55	289710	1	Tsung-DaoLee	
5888	3:01:27	1/1/2019 	10880837	624.00	9.00	14.31	17.25	104116.55	52165	0	Tsung-DaoLee	
5889	3:01:27	1/1/2019 	10881184	876.00	63.00	24.03	17.25	104116.71	1823	0	Tsung-DaoLee	
5890	3:01:28	1/1/2019 	10881612	392.00	8.00	12.06	17.25	104116.88	49804	0	Tsung-DaoLee	
5891	3:01:34	1/1/2019 	10887611	256.00	8.00	10.39	17.25	104118.47	289719	0	Tsung-DaoLee	
5892	3:01:34	1/1/2019 	10888060	668.00	11.00	15.22	17.25	104118.62	1824	0	Tsung-DaoLee	
5893	3:01:35	1/1/2019 	10888334	649.00	10.00	14.80	17.25	104118.78	1827	0	Tsung-DaoLee	
5894	3:01:36	1/1/2019 	10889591	946.00	259.00	51.28	17.25	104118.78	98813	0	Tsung-DaoLee	
5895	3:01:37	1/1/2019 	10890305	654.00	10.00	14.83	17.25	104119.58	2793	0	Tsung-DaoLee	
5896	3:01:38	1/1/2019 	10891685	920.00	108.00	31.57	17.25	104119.58	97788	1	Tsung-DaoLee	
5897	3:01:41	1/1/2019 	10894847	80.00	8.00	6.14	17.25	104119.73	145767	0	Tsung-DaoLee	
5898	3:01:42	1/1/2019 	10895645	942.00	128.00	35.46	17.25	104120.22	49803	1	Tsung-DaoLee	
5899	3:01:43	1/1/2019 	10897176	653.00	10.00	14.83	17.25	104120.69	51380	0	Tsung-DaoLee	
5900	3:01:57	1/1/2019 	10910159	243.00	8.00	10.17	17.25	104124.59	625590	0	Tsung-DaoLee	
5901	3:01:58	1/1/2019 	10912000	139.00	8.00	7.70	17.25	104124.59	98608	0	Tsung-DaoLee	
5902	3:02:05	1/1/2019 	10918913	125.00	8.00	7.29	17.26	104125.36	337697	0	Tsung-DaoLee	
5903	3:02:09	1/1/2019 	10923014	255.00	8.00	10.38	17.26	104125.94	193754	0	Tsung-DaoLee	
5904	3:02:11	1/1/2019 	10925091	942.00	140.00	37.63	17.26	104126.42	98629	1	Tsung-DaoLee	
5905	3:02:13	1/1/2019 	10927015	174.00	8.00	8.67	17.26	104126.55	99284	0	Tsung-DaoLee	
5906	3:02:18	1/1/2019 	10932060	168.00	8.00	8.51	17.26	104126.69	241737	0	Tsung-DaoLee	
5907	3:02:21	1/1/2019 	10934757	80.00	10.00	6.14	17.26	104126.84	146635	0	Tsung-DaoLee	
5908	3:02:29	1/1/2019 	10942346	941.00	137.00	37.10	17.27	104127.19	337706	1	Tsung-DaoLee	
5909	3:02:30	1/1/2019 	10943200	944.00	299.00	56.90	17.27	104127.03	50690	1	Tsung-DaoLee	
5910	3:02:33	1/1/2019 	10947110	946.00	196.00	45.04	17.27	104127.34	193751	0	Tsung-DaoLee	
5911	3:02:36	1/1/2019 	10949357	947.00	430.00	78.51	17.27	104127.48	99308	1	Tsung-DaoLee	
5912	3:02:51	1/1/2019 	10964347	57.00	8.00	5.88	17.25	104128.09	721560	0	Tsung-DaoLee	
5913	3:02:51	1/1/2019 	10964363	115.00	8.00	7.01	17.25	104128.09	2730	0	Tsung-DaoLee	
5914	3:02:53	1/1/2019 	10966358	585.00	9.00	13.83	17.26	104124.72	97784	0	Tsung-DaoLee	
5915	3:02:58	1/1/2019 	10971175	120.00	8.00	7.15	17.26	104126.48	241737	0	Tsung-DaoLee	
5916	3:02:58	1/1/2019 	10971600	952.00	458.00	81.91	17.26	104127.11	50732	0	Tsung-DaoLee	
5917	3:03:01	1/1/2019 	10974428	62.00	8.00	5.90	17.26	104130.30	99334	0	Tsung-DaoLee	
5918	3:03:02	1/1/2019 	10975291	158.00	8.00	8.24	17.26	104131.58	49804	0	Tsung-DaoLee	
5919	3:03:09	1/1/2019 	10982803	297.00	8.00	11.02	17.26	104136.51	385685	0	Tsung-DaoLee	
5920	3:03:10	1/1/2019 	10983843	944.00	189.00	44.33	17.26	104136.51	50758	0	Tsung-DaoLee	
5921	3:03:10	1/1/2019 	10983944	948.00	189.00	44.33	17.26	104136.51	1823	1	Tsung-DaoLee	
5922	3:03:14	1/1/2019 	10987632	727.00	17.00	17.29	17.25	104134.94	195316	0	Tsung-DaoLee	
5923	3:03:22	1/1/2019 	10996002	949.00	621.00	109.74	17.25	104130.80	385681	1	Tsung-DaoLee	
5924	3:03:23	1/1/2019 	10996162	704.00	14.00	16.32	17.25	104130.80	2805	0	Tsung-DaoLee	
5925	3:03:27	1/1/2019 	11001064	152.00	8.00	8.07	17.25	104126.84	241734	0	Tsung-DaoLee	
5926	3:03:28	1/1/2019 	11001747	146.00	8.00	7.90	17.25	104126.36	50629	0	Tsung-DaoLee	
5927	3:03:31	1/1/2019 	11004353	769.00	28.00	19.84	17.25	104124.30	97789	0	Tsung-DaoLee	
5928	3:03:35	1/1/2019 	11008570	128.00	8.00	7.38	17.25	104121.91	243223	0	Tsung-DaoLee	
5929	3:03:35	1/1/2019 	11008630	945.00	133.00	36.38	17.25	104121.91	1822	0	Tsung-DaoLee	
5930	3:03:41	1/1/2019 	11014368	441.00	10.00	12.57	17.25	104119.66	241734	0	Tsung-DaoLee	
5931	3:03:42	1/1/2019 	11015967	598.00	13.00	14.65	17.25	104119.34	98640	0	Tsung-DaoLee	
5932	3:03:43	1/1/2019 	11016178	371.00	8.00	11.87	17.25	104119.34	1823	0	Tsung-DaoLee	
5933	3:03:47	1/1/2019 	11020434	112.00	8.00	6.92	17.26	104119.47	193751	0	Tsung-DaoLee	
5934	3:03:49	1/1/2019 	11022662	363.00	8.00	11.79	17.26	104120.42	148031	0	Tsung-DaoLee	
5935	3:03:50	1/1/2019 	11024028	64.00	8.00	5.92	17.26	104120.59	49803	0	Tsung-DaoLee	
5936	3:03:52	1/1/2019 	11025621	105.00	8.00	6.73	17.26	104120.91	97786	0	Tsung-DaoLee	
5937	3:03:58	1/1/2019 	11031418	651.00	10.00	14.81	17.26	104124.83	241736	0	Tsung-DaoLee	
5938	3:04:05	1/1/2019 	11038825	941.00	137.00	37.10	17.26	104134.81	386579	1	Tsung-DaoLee	
5939	3:04:11	1/1/2019 	11044318	885.00	69.00	24.81	17.27	104139.66	243268	0	Tsung-DaoLee	
5940	3:04:12	1/1/2019 	11045565	702.00	14.00	16.31	17.27	104139.82	98709	1	Tsung-DaoLee	
5941	3:04:12	1/1/2019 	11045664	118.00	8.00	7.09	17.27	104139.98	1824	1	Tsung-DaoLee	
5942	3:04:12	1/1/2019 	11045889	148.00	8.00	7.96	17.27	104139.98	1821	0	Tsung-DaoLee	
5943	3:04:15	1/1/2019 	11048212	109.00	8.00	6.84	17.27	104141.04	97785	0	Tsung-DaoLee	
5944	3:04:15	1/1/2019 	11048730	956.00	640.00	114.07	17.27	104140.88	49806	0	Tsung-DaoLee	
5945	3:04:17	1/1/2019 	11050282	914.00	97.00	29.45	17.27	104140.86	51347	1	Tsung-DaoLee	
5946	3:04:20	1/1/2019 	11053624	737.00	19.00	17.86	17.28	104139.66	194698	0	Tsung-DaoLee	
5947	3:04:20	1/1/2019 	11054032	947.00	232.00	48.41	17.28	104139.34	1823	1	Tsung-DaoLee	
5948	3:04:21	1/1/2019 	11054606	181.00	3.00	8.80	17.28	104138.86	49803	0	Tsung-DaoLee	
5949	3:04:26	1/1/2019 	11059265	63.00	8.00	5.91	17.29	104137.16	193750	0	Tsung-DaoLee	
5950	3:04:27	1/1/2019 	11060720	946.00	542.00	93.04	17.29	104136.05	97787	1	Tsung-DaoLee	
5951	3:04:28	1/1/2019 	11061176	596.00	9.00	13.97	17.29	104135.89	4228	0	Tsung-DaoLee	
5952	3:04:28	1/1/2019 	11061385	948.00	231.00	48.31	17.29	104135.89	1822	1	Tsung-DaoLee	
5953	3:04:29	1/1/2019 	11062554	147.00	8.00	7.93	17.29	104134.91	97786	0	Tsung-DaoLee	
5954	3:04:30	1/1/2019 	11063894	429.00	8.00	12.34	17.29	104134.22	49805	0	Tsung-DaoLee	
5955	3:04:34	1/1/2019 	11067307	850.00	49.00	22.48	17.29	104132.44	145771	0	Tsung-DaoLee	
5956	3:04:38	1/1/2019 	11071670	625.00	9.00	14.32	17.30	104129.62	241738	0	Tsung-DaoLee	
5957	3:04:41	1/1/2019 	11074586	950.00	633.00	112.50	17.30	104128.65	150417	0	Tsung-DaoLee	
5958	3:04:43	1/1/2019 	11076855	176.00	8.00	8.72	17.31	104127.77	97790	0	Tsung-DaoLee	
5959	3:04:45	1/1/2019 	11078273	931.00	115.00	32.95	17.31	104127.30	49805	1	Tsung-DaoLee	
5960	3:04:45	1/1/2019 	11078701	225.00	8.00	9.83	17.31	104126.81	49807	0	Tsung-DaoLee	
5961	3:04:45	1/1/2019 	11078962	101.00	7.00	6.62	17.31	104127.08	1820	0	Tsung-DaoLee	
5962	3:04:47	1/1/2019 	11080925	348.00	9.00	11.69	17.31	104126.26	98704	0	Tsung-DaoLee	
5963	3:04:47	1/1/2019 	11081052	881.00	61.00	23.81	17.31	104126.26	2665	0	Tsung-DaoLee	
5964	3:04:48	1/1/2019 	11081961	117.00	8.00	7.06	17.31	104125.62	49806	0	Tsung-DaoLee	
5965	3:05:05	1/1/2019 	11098241	926.00	109.00	31.78	17.33	104122.80	769561	1	Tsung-DaoLee	
5966	3:05:05	1/1/2019 	11098682	946.00	141.00	37.80	17.33	104122.80	50668	1	Tsung-DaoLee	
5967	3:05:10	1/1/2019 	11103482	890.00	72.00	25.23	17.34	104122.27	193758	1	Tsung-DaoLee	
5968	3:05:12	1/1/2019 	11105232	390.00	8.00	12.04	17.34	104122.11	100066	0	Tsung-DaoLee	
5969	3:05:18	1/1/2019 	11111745	81.00	7.00	6.15	17.34	104123.62	337712	0	Tsung-DaoLee	
5970	3:05:23	1/1/2019 	11116965	109.00	7.00	6.83	17.34	104125.00	242647	0	Tsung-DaoLee	
5971	3:05:23	1/1/2019 	11117128	70.00	8.00	5.98	17.34	104125.16	1821	0	Tsung-DaoLee	
5972	3:05:25	1/1/2019 	11118459	86.00	8.00	6.26	17.34	104125.16	49804	0	Tsung-DaoLee	
5973	3:05:25	1/1/2019 	11118978	380.00	8.00	11.95	17.35	104125.61	49804	0	Tsung-DaoLee	
5974	3:05:26	1/1/2019 	11120081	400.00	8.00	12.12	17.35	104125.93	51347	0	Tsung-DaoLee	
5975	3:05:34	1/1/2019 	11127311	698.00	13.00	15.98	17.35	104127.50	338640	0	Tsung-DaoLee	
5976	3:05:34	1/1/2019 	11127717	63.00	8.00	5.91	17.35	104127.34	49807	0	Tsung-DaoLee	
5977	3:05:36	1/1/2019 	11129344	426.00	8.00	12.32	17.35	104127.92	49804	0	Tsung-DaoLee	
5978	3:05:37	1/1/2019 	11130852	907.00	86.00	27.46	17.35	104128.23	97791	0	Tsung-DaoLee	
5979	3:05:41	1/1/2019 	11134682	940.00	119.00	33.74	17.35	104129.80	194707	0	Tsung-DaoLee	
5980	3:05:47	1/1/2019 	11140388	703.00	14.00	16.31	17.36	104131.53	243311	0	Tsung-DaoLee	
5981	3:05:49	1/1/2019 	11142552	513.00	9.00	13.03	17.36	104132.48	146587	0	Tsung-DaoLee	
5982	3:05:50	1/1/2019 	11143776	944.00	138.00	37.28	17.36	104133.55	49806	1	Tsung-DaoLee	
5983	3:05:56	1/1/2019 	11149596	177.00	8.00	8.75	17.36	104137.69	289722	0	Tsung-DaoLee	
5984	3:05:58	1/1/2019 	11151380	518.00	9.00	13.08	17.36	104140.38	50640	0	Tsung-DaoLee	
5985	3:06:00	1/1/2019 	11153572	658.00	10.00	14.86	17.36	104142.12	147374	0	Tsung-DaoLee	
5986	3:06:01	1/1/2019 	11155040	133.00	8.00	7.53	17.36	104143.55	49806	0	Tsung-DaoLee	
5987	3:06:07	1/1/2019 	11160424	860.00	61.00	23.77	17.36	104148.02	241741	0	Tsung-DaoLee	
5988	3:06:10	1/1/2019 	11163836	113.00	9.00	6.95	17.36	104150.41	194615	0	Tsung-DaoLee	
5989	3:06:11	1/1/2019 	11164815	377.00	8.00	11.92	17.36	104151.20	49804	0	Tsung-DaoLee	
5990	3:06:16	1/1/2019 	11169849	402.00	9.00	12.20	17.36	104153.11	241741	0	Tsung-DaoLee	
5991	3:06:23	1/1/2019 	11176857	941.00	164.00	41.35	17.36	104153.11	339970	0	Tsung-DaoLee	
5992	3:06:30	1/1/2019 	11183906	369.00	8.00	11.85	17.36	104151.38	337704	0	Tsung-DaoLee	
5993	3:06:30	1/1/2019 	11183970	332.00	8.00	11.46	17.36	104151.38	2727	0	Tsung-DaoLee	
5994	3:06:38	1/1/2019 	11191766	943.00	245.00	49.71	17.36	104150.11	385688	1	Tsung-DaoLee	
5995	3:06:40	1/1/2019 	11194072	951.00	695.00	125.44	17.36	104149.95	98711	1	Tsung-DaoLee	
5996	3:06:42	1/1/2019 	11196098	944.00	139.00	37.46	17.36	104149.53	97791	0	Tsung-DaoLee	
5997	3:06:46	1/1/2019 	11199404	919.00	103.00	30.60	17.36	104149.05	147321	0	Tsung-DaoLee	
5998	3:06:47	1/1/2019 	11200703	955.00	881.00	161.94	17.36	104149.21	97790	0	Tsung-DaoLee	
5999	3:06:51	1/1/2019 	11204488	99.00	8.00	6.57	17.36	104149.53	146721	0	Tsung-DaoLee	
6000	3:07:00	1/1/2019 	11212891	145.00	8.00	7.87	17.35	104151.78	433674	0	Tsung-DaoLee	
6001	3:07:10	1/1/2019 	11223696	79.00	8.00	6.12	17.36	104156.80	530605	0	Tsung-DaoLee	
6002	3:07:11	1/1/2019 	11224057	402.00	8.00	12.14	17.36	104156.80	6486	0	Tsung-DaoLee	
6003	3:07:15	1/1/2019 	11228757	609.00	9.00	14.14	17.36	104156.93	241740	0	Tsung-DaoLee	
6004	3:07:19	1/1/2019 	11232280	566.00	9.00	13.59	17.36	104156.23	145770	0	Tsung-DaoLee	
6005	3:07:21	1/1/2019 	11234293	770.00	28.00	19.85	17.36	104155.28	98625	0	Tsung-DaoLee	
6006	3:07:27	1/1/2019 	11240130	155.00	8.00	8.16	17.37	104152.84	289719	0	Tsung-DaoLee	
6007	3:07:28	1/1/2019 	11241604	430.00	8.00	12.35	17.37	104152.78	98641	0	Tsung-DaoLee	
6008	3:07:31	1/1/2019 	11244322	87.00	12.00	6.28	17.37	104152.44	99291	0	Tsung-DaoLee	
6009	3:07:31	1/1/2019 	11244457	472.00	8.00	12.63	17.37	104152.28	1822	0	Tsung-DaoLee	
6010	3:07:35	1/1/2019 	11248877	74.00	8.00	6.03	17.37	104151.30	241737	0	Tsung-DaoLee	
6011	3:07:37	1/1/2019 	11250152	148.00	8.00	7.96	17.37	104150.51	49806	0	Tsung-DaoLee	
6012	3:07:38	1/1/2019 	11251372	238.00	8.00	10.08	17.37	104150.35	50684	0	Tsung-DaoLee	
6013	3:07:43	1/1/2019 	11256102	811.00	42.00	21.72	17.38	104149.02	241737	0	Tsung-DaoLee	
6014	3:07:49	1/1/2019 	11262097	129.00	8.00	7.41	17.38	104148.94	291242	1	Tsung-DaoLee	
6015	3:07:50	1/1/2019 	11262986	127.00	8.00	7.35	17.38	104149.09	50710	0	Tsung-DaoLee	
6016	3:07:51	1/1/2019 	11264087	59.00	8.00	5.89	17.38	104149.41	49804	0	Tsung-DaoLee	
6017	3:07:52	1/1/2019 	11265197	942.00	137.00	37.10	17.38	104149.87	49805	0	Tsung-DaoLee	
6018	3:07:56	1/1/2019 	11269087	71.00	8.00	5.99	17.39	104151.12	193755	0	Tsung-DaoLee	
6019	3:08:03	1/1/2019 	11276703	590.00	8.00	13.72	17.39	104151.86	385685	0	Tsung-DaoLee	
6020	3:08:07	1/1/2019 	11280297	944.00	122.00	34.32	17.39	104151.67	148126	0	Tsung-DaoLee	
6021	3:08:17	1/1/2019 	11290025	715.00	16.00	16.96	17.40	104148.24	482598	0	Tsung-DaoLee	
6022	3:08:18	1/1/2019 	11290907	953.00	695.00	125.44	17.40	104147.77	50771	1	Tsung-DaoLee	
6023	3:08:26	1/1/2019 	11299354	947.00	519.00	89.43	17.40	104146.09	385678	1	Tsung-DaoLee	
6024	3:08:27	1/1/2019 	11300183	944.00	268.00	52.39	17.40	104146.06	49804	1	Tsung-DaoLee	
6025	3:08:30	1/1/2019 	11303210	185.00	8.00	8.95	17.40	104144.80	150439	0	Tsung-DaoLee	
6026	3:08:30	1/1/2019 	11303374	644.00	5.00	13.24	17.40	104144.80	1821	0	Tsung-DaoLee	
6027	3:08:33	1/1/2019 	11306027	584.00	8.00	13.65	17.41	104145.25	145767	0	Tsung-DaoLee	
6028	3:08:34	1/1/2019 	11307437	78.00	8.00	6.10	17.41	104144.61	49805	0	Tsung-DaoLee	
6029	3:08:35	1/1/2019 	11308496	105.00	7.00	6.72	17.41	104144.30	49805	0	Tsung-DaoLee	
6030	3:08:40	1/1/2019 	11313060	137.00	8.00	7.64	17.41	104143.44	241735	0	Tsung-DaoLee	
6031	3:08:40	1/1/2019 	11313108	948.00	150.00	39.29	17.41	104143.44	4025	1	Tsung-DaoLee	
6032	3:08:40	1/1/2019 	11313297	74.00	8.00	6.03	17.41	104143.44	1823	0	Tsung-DaoLee	
6033	3:08:41	1/1/2019 	11314847	829.00	44.00	21.95	17.41	104143.44	97785	0	Tsung-DaoLee	
6034	3:08:50	1/1/2019 	11323641	139.00	8.00	7.70	17.41	104144.53	433667	0	Tsung-DaoLee	
6035	3:08:53	1/1/2019 	11326332	360.00	8.00	11.76	17.41	104145.17	98652	0	Tsung-DaoLee	
6036	3:08:55	1/1/2019 	11328251	945.00	196.00	45.04	17.41	104145.00	97789	0	Tsung-DaoLee	
6037	3:08:56	1/1/2019 	11329724	216.00	8.00	9.65	17.41	104145.17	99299	0	Tsung-DaoLee	
6038	3:09:00	1/1/2019 	11333075	326.00	9.00	11.43	17.41	104145.17	146662	0	Tsung-DaoLee	
6039	3:09:06	1/1/2019 	11339783	947.00	536.00	92.05	17.41	104146.12	337707	1	Tsung-DaoLee	
6040	3:09:07	1/1/2019 	11340659	818.00	42.00	21.73	17.41	104146.28	50718	0	Tsung-DaoLee	
6041	3:09:20	1/1/2019 	11353380	174.00	8.00	8.67	17.41	104147.18	577617	0	Tsung-DaoLee	
6042	3:09:22	1/1/2019 	11355394	70.00	8.00	5.98	17.41	104147.18	100131	0	Tsung-DaoLee	
6043	3:09:22	1/1/2019 	11355625	666.00	11.00	15.21	17.41	104147.18	49804	0	Tsung-DaoLee	
6044	3:09:25	1/1/2019 	11358865	943.00	288.00	55.18	17.41	104147.18	145769	0	Tsung-DaoLee	
6045	3:09:26	1/1/2019 	11359679	651.00	10.00	14.81	17.41	104147.18	49805	0	Tsung-DaoLee	
6046	3:09:33	1/1/2019 	11365996	207.00	8.00	9.45	17.41	104146.70	290670	0	Tsung-DaoLee	
6047	3:09:36	1/1/2019 	11369671	923.00	105.00	30.99	17.41	104147.02	193754	1	Tsung-DaoLee	
6048	3:09:37	1/1/2019 	11370715	336.00	8.00	11.51	17.41	104147.02	52221	0	Tsung-DaoLee	
6049	3:09:40	1/1/2019 	11373624	153.00	8.00	8.10	17.41	104147.34	145771	0	Tsung-DaoLee	
6050	3:09:44	1/1/2019 	11377008	68.00	8.00	5.95	17.41	104148.29	145771	0	Tsung-DaoLee	
6051	3:09:48	1/1/2019 	11381366	920.00	104.00	30.80	17.41	104148.29	193754	1	Tsung-DaoLee	
6052	3:09:51	1/1/2019 	11384361	943.00	208.00	46.18	17.41	104148.77	146590	1	Tsung-DaoLee	
6053	3:09:53	1/1/2019 	11386690	158.00	8.00	8.24	17.41	104149.56	145770	0	Tsung-DaoLee	
6054	3:09:53	1/1/2019 	11386858	953.00	531.00	91.25	17.41	104149.56	3305	1	Tsung-DaoLee	
6055	3:09:56	1/1/2019 	11389496	121.00	8.00	7.18	17.41	104150.52	97787	0	Tsung-DaoLee	
6056	3:09:56	1/1/2019 	11389595	746.00	22.00	18.61	17.41	104150.68	49805	0	Tsung-DaoLee	
6057	3:09:59	1/1/2019 	11392716	130.00	8.00	7.44	17.41	104151.00	146618	0	Tsung-DaoLee	
6058	3:10:03	1/1/2019 	11396688	946.00	150.00	39.29	17.41	104151.31	193755	1	Tsung-DaoLee	
6059	3:10:04	1/1/2019 	11397621	360.00	8.00	11.76	17.41	104151.16	51305	0	Tsung-DaoLee	
6060	3:10:11	1/1/2019 	11404550	944.00	373.00	69.95	17.41	104151.64	337703	0	Tsung-DaoLee	
6061	3:10:19	1/1/2019 	11412343	63.00	8.00	5.91	17.41	104151.80	338573	0	Tsung-DaoLee	
6062	3:10:20	1/1/2019 	11413409	73.00	8.00	6.02	17.41	104151.80	50693	0	Tsung-DaoLee	
6063	3:10:21	1/1/2019 	11414756	61.00	8.00	5.90	17.41	104151.95	97784	0	Tsung-DaoLee	
6064	3:10:24	1/1/2019 	11417573	705.00	14.00	16.32	17.41	104151.80	145766	0	Tsung-DaoLee	
6065	3:10:25	1/1/2019 	11418157	965.00	948.00	244.81	17.41	104151.95	3348	1	Tsung-DaoLee	
6066	3:10:26	1/1/2019 	11419170	93.00	8.00	6.42	17.41	104152.11	49804	0	Tsung-DaoLee	
6067	3:10:28	1/1/2019 	11421436	923.00	103.00	30.60	17.41	104151.64	97787	1	Tsung-DaoLee	
6068	3:10:29	1/1/2019 	11422678	65.00	8.00	5.92	17.41	104151.48	98702	0	Tsung-DaoLee	
6069	3:10:31	1/1/2019 	11424177	205.00	8.00	9.41	17.41	104151.16	49802	0	Tsung-DaoLee	
6070	3:10:31	1/1/2019 	11424389	111.00	7.00	6.89	17.41	104151.16	1822	0	Tsung-DaoLee	
6071	3:10:38	1/1/2019 	11431743	943.00	328.00	61.88	17.42	104151.77	387218	0	Tsung-DaoLee	
6072	3:10:39	1/1/2019 	11432806	948.00	560.00	96.35	17.42	104151.61	50748	1	Tsung-DaoLee	
6073	3:10:44	1/1/2019 	11437222	164.00	8.00	8.40	17.42	104152.25	193751	0	Tsung-DaoLee	
6074	3:10:44	1/1/2019 	11437364	894.00	75.00	25.67	17.42	104152.25	1822	1	Tsung-DaoLee	
6075	3:10:46	1/1/2019 	11439779	673.00	11.00	15.25	17.42	104151.93	145767	0	Tsung-DaoLee	
6076	3:10:47	1/1/2019 	11440268	180.00	8.00	8.82	17.42	104151.93	2782	0	Tsung-DaoLee	
6077	3:10:48	1/1/2019 	11441211	942.00	181.00	43.46	17.42	104151.93	51371	0	Tsung-DaoLee	
6078	3:10:49	1/1/2019 	11442158	757.00	25.00	19.27	17.42	104151.77	49804	0	Tsung-DaoLee	
6079	3:10:52	1/1/2019 	11445796	965.00	950.00	250.15	17.42	104151.75	193752	1	Tsung-DaoLee	
6080	3:10:55	1/1/2019 	11448811	699.00	13.00	15.98	17.42	104152.06	145768	0	Tsung-DaoLee	
6081	3:10:56	1/1/2019 	11449437	298.00	8.00	11.03	17.42	104152.06	1823	0	Tsung-DaoLee	
6082	3:10:58	1/1/2019 	11451102	458.00	8.00	12.54	17.42	104151.91	98827	0	Tsung-DaoLee	
6083	3:10:59	1/1/2019 	11452700	579.00	9.00	13.75	17.42	104152.06	98611	0	Tsung-DaoLee	
6084	3:11:02	1/1/2019 	11454985	78.00	8.00	6.10	17.42	104152.23	97786	0	Tsung-DaoLee	
6085	3:11:06	1/1/2019 	11459089	74.00	8.00	6.03	17.42	104152.70	193750	0	Tsung-DaoLee	
6086	3:11:06	1/1/2019 	11459180	668.00	11.00	15.22	17.42	104152.70	1822	0	Tsung-DaoLee	
6087	3:11:12	1/1/2019 	11465824	944.00	251.00	50.36	17.42	104154.88	337698	0	Tsung-DaoLee	
6088	3:11:14	1/1/2019 	11467101	109.00	8.00	6.84	17.42	104155.19	52016	0	Tsung-DaoLee	
6089	3:11:15	1/1/2019 	11468496	741.00	19.00	17.87	17.42	104155.52	49803	0	Tsung-DaoLee	
6090	3:11:15	1/1/2019 	11468856	139.00	8.00	7.70	17.42	104155.83	49803	0	Tsung-DaoLee	
6091	3:11:18	1/1/2019 	11471834	534.00	8.00	13.12	17.42	104156.15	145765	0	Tsung-DaoLee	
6092	3:11:20	1/1/2019 	11472890	184.00	8.00	8.92	17.42	104156.28	50668	0	Tsung-DaoLee	
6093	3:11:23	1/1/2019 	11476198	155.00	8.00	8.16	17.42	104156.28	145766	0	Tsung-DaoLee	
6094	3:11:23	1/1/2019 	11476280	73.00	8.00	6.02	17.42	104156.28	3333	0	Tsung-DaoLee	
6095	3:11:23	1/1/2019 	11476309	271.00	8.00	10.64	17.42	104156.28	1819	0	Tsung-DaoLee	
6096	3:11:24	1/1/2019 	11477128	765.00	27.00	19.66	17.42	104156.28	49802	0	Tsung-DaoLee	
6097	3:11:24	1/1/2019 	11477866	292.00	7.00	10.92	17.42	104156.12	49805	0	Tsung-DaoLee	
6098	3:11:25	1/1/2019 	11477957	900.00	80.00	26.45	17.42	104155.97	1826	0	Tsung-DaoLee	
6099	3:11:32	1/1/2019 	11484928	737.00	19.00	17.86	17.42	104154.84	337693	0	Tsung-DaoLee	
6100	3:11:34	1/1/2019 	11486954	160.00	8.00	8.30	17.42	104155.48	100088	0	Tsung-DaoLee	
6101	3:11:35	1/1/2019 	11488699	628.00	9.00	14.35	17.42	104155.80	97784	0	Tsung-DaoLee	
6102	3:11:42	1/1/2019 	11495109	692.00	13.00	15.96	17.43	104158.02	289713	1	Tsung-DaoLee	
6103	3:11:44	1/1/2019 	11497726	947.00	351.00	66.06	17.43	104158.97	146687	0	Tsung-DaoLee	
6104	3:11:45	1/1/2019 	11498289	612.00	9.00	14.17	17.43	104159.12	1825	0	Tsung-DaoLee	
6105	3:11:46	1/1/2019 	11499744	891.00	76.00	25.81	17.43	104159.77	99334	0	Tsung-DaoLee	
6106	3:11:47	1/1/2019 	11499890	777.00	31.00	20.33	17.43	104159.77	2768	0	Tsung-DaoLee	
6107	3:11:51	1/1/2019 	11504578	944.00	212.00	46.55	17.43	104161.45	241730	0	Tsung-DaoLee	
6108	3:11:54	1/1/2019 	11507856	847.00	48.00	22.38	17.43	104160.98	145768	0	Tsung-DaoLee	
6109	3:11:55	1/1/2019 	11508717	79.00	8.00	6.12	17.43	104160.98	49804	0	Tsung-DaoLee	
6110	3:11:55	1/1/2019 	11508838	713.00	15.00	16.66	17.43	104160.98	1821	0	Tsung-DaoLee	
6111	3:11:56	1/1/2019 	11509324	871.00	61.00	23.79	17.43	104160.98	3379	0	Tsung-DaoLee	
6112	3:12:02	1/1/2019 	11515058	224.00	8.00	9.81	17.43	104160.50	289714	0	Tsung-DaoLee	
6113	3:12:05	1/1/2019 	11519022	415.00	8.00	12.24	17.43	104160.32	194723	0	Tsung-DaoLee	
6114	3:12:05	1/1/2019 	11519031	669.00	11.00	15.22	17.43	104160.32	1822	0	Tsung-DaoLee	
6115	3:12:11	1/1/2019 	11524841	85.00	8.00	6.24	17.43	104159.39	289716	0	Tsung-DaoLee	
6116	3:12:14	1/1/2019 	11527359	449.00	8.00	12.48	17.43	104159.69	98777	0	Tsung-DaoLee	
6117	3:12:16	1/1/2019 	11529088	943.00	281.00	54.15	17.43	104159.52	101598	1	Tsung-DaoLee	
6118	3:12:16	1/1/2019 	11529204	930.00	111.00	32.17	17.43	104159.52	1823	0	Tsung-DaoLee	
6119	3:12:20	1/1/2019 	11533673	937.00	120.00	33.93	17.43	104159.20	241732	1	Tsung-DaoLee	
6120	3:12:20	1/1/2019 	11534007	584.00	9.00	13.82	17.43	104159.20	2665	0	Tsung-DaoLee	
6121	3:12:21	1/1/2019 	11535053	943.00	126.00	35.08	17.43	104158.88	49803	0	Tsung-DaoLee	
6122	3:12:25	1/1/2019 	11538971	942.00	278.00	53.73	17.43	104158.88	195241	1	Tsung-DaoLee	
6123	3:12:26	1/1/2019 	11539706	835.00	46.00	22.16	17.43	104158.73	49806	0	Tsung-DaoLee	
6124	3:12:29	1/1/2019 	11542585	753.00	23.00	18.85	17.43	104158.41	146637	0	Tsung-DaoLee	
6125	3:12:30	1/1/2019 	11543164	918.00	104.00	30.79	17.43	104158.25	1822	1	Tsung-DaoLee	
6126	3:12:33	1/1/2019 	11546269	688.00	13.00	15.94	17.43	104157.77	145771	0	Tsung-DaoLee	
6127	3:12:34	1/1/2019 	11547629	586.00	9.00	13.84	17.43	104158.34	97787	0	Tsung-DaoLee	
6128	3:12:35	1/1/2019 	11548557	73.00	8.00	6.02	17.43	104158.19	51315	0	Tsung-DaoLee	
6129	3:12:36	1/1/2019 	11549234	222.00	8.00	9.77	17.43	104158.34	1821	0	Tsung-DaoLee	
6130	3:12:38	1/1/2019 	11551176	67.00	8.00	5.94	17.43	104157.88	97788	0	Tsung-DaoLee	
6131	3:12:39	1/1/2019 	11552704	85.00	8.00	6.24	17.43	104157.77	98682	0	Tsung-DaoLee	
6132	3:12:42	1/1/2019 	11555979	642.00	9.00	14.47	17.43	104158.67	145769	0	Tsung-DaoLee	
6133	3:12:44	1/1/2019 	11557470	945.00	335.00	63.15	17.43	104158.51	49805	1	Tsung-DaoLee	
6134	3:12:44	1/1/2019 	11557641	639.00	9.00	14.45	17.43	104158.51	51331	0	Tsung-DaoLee	
6135	3:12:45	1/1/2019 	11558932	944.00	138.00	37.28	17.43	104158.67	49804	1	Tsung-DaoLee	
6136	3:13:00	1/1/2019 	11573282	88.00	7.00	6.30	17.44	104160.72	673556	0	Tsung-DaoLee	
6137	3:13:02	1/1/2019 	11575837	162.00	8.00	8.35	17.44	104161.83	146682	0	Tsung-DaoLee	
6138	3:13:14	1/1/2019 	11587561	696.00	13.00	15.97	17.44	104173.45	577590	0	Tsung-DaoLee	
6139	3:13:14	1/1/2019 	11587973	635.00	9.00	14.41	17.44	104174.09	2759	0	Tsung-DaoLee	
6140	3:13:16	1/1/2019 	11589062	951.00	783.00	140.20	17.44	104174.73	51318	1	Tsung-DaoLee	
6141	3:13:21	1/1/2019 	11594129	94.00	8.00	6.44	17.44	104176.33	241727	0	Tsung-DaoLee	
6142	3:13:23	1/1/2019 	11596259	94.00	8.00	6.44	17.43	104175.55	98732	0	Tsung-DaoLee	
6143	3:13:23	1/1/2019 	11596636	322.00	8.00	11.34	17.43	104175.39	49802	0	Tsung-DaoLee	
6144	3:13:23	1/1/2019 	11596638	624.00	9.00	14.31	17.43	104175.39	1821	0	Tsung-DaoLee	
6145	3:13:23	1/1/2019 	11596804	947.00	206.00	45.99	17.43	104175.39	3430	1	Tsung-DaoLee	
6146	3:13:29	1/1/2019 	11602399	688.00	13.00	15.94	17.43	104171.73	241725	0	Tsung-DaoLee	
6147	3:13:30	1/1/2019 	11603232	693.00	12.00	15.64	17.43	104171.25	50781	0	Tsung-DaoLee	
6148	3:13:31	1/1/2019 	11604409	197.00	8.00	9.23	17.43	104170.61	49803	0	Tsung-DaoLee	
6149	3:13:32	1/1/2019 	11605336	331.00	8.00	11.45	17.43	104170.30	49803	0	Tsung-DaoLee	
6150	3:13:32	1/1/2019 	11606055	936.00	117.00	33.35	17.43	104170.14	49803	1	Tsung-DaoLee	
6151	3:13:33	1/1/2019 	11606579	732.00	18.00	17.58	17.43	104169.97	53716	0	Tsung-DaoLee	
6152	3:13:34	1/1/2019 	11607806	944.00	135.00	36.75	17.43	104169.18	49805	0	Tsung-DaoLee	
6153	3:13:37	1/1/2019 	11610941	64.00	8.00	5.92	17.43	104167.75	145765	0	Tsung-DaoLee	
6154	3:13:43	1/1/2019 	11616699	183.00	8.00	8.90	17.43	104166.47	290537	0	Tsung-DaoLee	
6155	3:13:47	1/1/2019 	11620278	612.00	9.00	14.17	17.43	104165.67	145764	0	Tsung-DaoLee	
6156	3:13:48	1/1/2019 	11621901	141.00	8.00	7.76	17.43	104165.20	98632	0	Tsung-DaoLee	
6157	3:13:51	1/1/2019 	11624572	944.00	304.00	57.72	17.43	104165.04	147269	1	Tsung-DaoLee	
6158	3:13:55	1/1/2019 	11628172	698.00	13.00	15.98	17.43	104164.56	145766	0	Tsung-DaoLee	
6159	3:13:59	1/1/2019 	11632154	140.00	7.00	7.73	17.43	104163.61	193747	0	Tsung-DaoLee	
6160	3:14:05	1/1/2019 	11638796	809.00	39.00	21.40	17.43	104163.12	338567	0	Tsung-DaoLee	
6161	3:14:06	1/1/2019 	11639835	688.00	12.00	15.63	17.43	104163.12	49813	0	Tsung-DaoLee	
6162	3:14:07	1/1/2019 	11640572	155.00	8.00	8.16	17.43	104162.97	50700	0	Tsung-DaoLee	
6163	3:14:09	1/1/2019 	11642362	888.00	69.00	24.82	17.43	104163.12	51338	0	Tsung-DaoLee	
6164	3:14:12	1/1/2019 	11645270	66.00	8.00	5.93	17.43	104162.97	145769	0	Tsung-DaoLee	
6165	3:14:18	1/1/2019 	11651233	129.00	8.00	7.41	17.44	104164.06	289710	0	Tsung-DaoLee	
6166	3:14:18	1/1/2019 	11651560	930.00	113.00	32.56	17.44	104164.06	50722	0	Tsung-DaoLee	
6167	3:14:19	1/1/2019 	11652474	125.00	8.00	7.29	17.44	104164.38	1823	0	Tsung-DaoLee	
6168	3:14:24	1/1/2019 	11657246	945.00	210.00	46.36	17.44	104165.66	243278	1	Tsung-DaoLee	
6169	3:14:24	1/1/2019 	11657815	904.00	84.00	27.11	17.44	104165.97	49803	0	Tsung-DaoLee	
6170	3:14:26	1/1/2019 	11659358	349.00	8.00	11.65	17.44	104166.45	49803	0	Tsung-DaoLee	
6171	3:14:31	1/1/2019 	11664303	331.00	8.00	11.45	17.44	104169.13	241728	0	Tsung-DaoLee	
6172	3:14:40	1/1/2019 	11673992	83.00	8.00	6.19	17.44	104172.58	482584	0	Tsung-DaoLee	
6173	3:14:41	1/1/2019 	11674406	942.00	129.00	35.65	17.44	104172.73	2785	1	Tsung-DaoLee	
6174	3:14:42	1/1/2019 	11676051	645.00	9.00	14.49	17.44	104172.73	99462	1	Tsung-DaoLee	
6175	3:14:44	1/1/2019 	11677481	77.00	8.00	6.08	17.44	104173.51	49804	0	Tsung-DaoLee	
6176	3:14:45	1/1/2019 	11678428	139.00	8.00	7.70	17.44	104173.51	49802	0	Tsung-DaoLee	
6177	3:14:48	1/1/2019 	11681225	945.00	294.00	56.10	17.44	104172.88	145770	1	Tsung-DaoLee	
6178	3:14:55	1/1/2019 	11688362	72.00	8.00	6.00	17.45	104171.26	338513	0	Tsung-DaoLee	
6179	3:15:01	1/1/2019 	11694726	736.00	18.00	17.59	17.45	104170.24	337691	0	Tsung-DaoLee	
6180	3:15:02	1/1/2019 	11695112	656.00	10.00	14.85	17.45	104170.24	4031	0	Tsung-DaoLee	
6181	3:15:03	1/1/2019 	11696089	179.00	8.00	8.80	17.45	104170.08	49804	0	Tsung-DaoLee	
6182	3:15:03	1/1/2019 	11696997	308.00	8.00	11.17	17.45	104169.77	49803	0	Tsung-DaoLee	
6183	3:15:04	1/1/2019 	11698026	65.00	8.00	5.92	17.45	104169.60	49801	0	Tsung-DaoLee	
6184	3:15:05	1/1/2019 	11698773	945.00	192.00	44.64	17.45	104169.45	49803	0	Tsung-DaoLee	
6185	3:15:06	1/1/2019 	11699637	945.00	249.00	50.14	17.45	104169.28	50770	1	Tsung-DaoLee	
6186	3:15:07	1/1/2019 	11700202	916.00	97.00	29.45	17.45	104169.12	2695	0	Tsung-DaoLee	
6187	3:15:07	1/1/2019 	11700486	66.00	8.00	5.93	17.45	104169.12	1829	1	Tsung-DaoLee	
6188	3:15:07	1/1/2019 	11700904	674.00	11.00	15.25	17.45	104168.97	49808	0	Tsung-DaoLee	
6189	3:15:09	1/1/2019 	11702446	122.00	8.00	7.21	17.45	104169.12	49804	0	Tsung-DaoLee	
6190	3:15:18	1/1/2019 	11711774	308.00	9.00	11.20	17.45	104169.27	481645	0	Tsung-DaoLee	
6191	3:15:22	1/1/2019 	11716033	193.00	8.00	9.14	17.45	104169.84	196034	0	Tsung-DaoLee	
6192	3:15:26	1/1/2019 	11719251	149.00	8.00	7.99	17.45	104169.36	145764	0	Tsung-DaoLee	
6193	3:15:26	1/1/2019 	11719306	948.00	142.00	37.97	17.45	104169.36	1823	1	Tsung-DaoLee	
6194	3:15:30	1/1/2019 	11723190	874.00	58.00	23.46	17.45	104169.36	193751	0	Tsung-DaoLee	
6195	3:15:30	1/1/2019 	11723907	290.00	8.00	10.92	17.45	104169.36	50719	0	Tsung-DaoLee	
6196	3:15:32	1/1/2019 	11725131	535.00	9.00	13.24	17.46	104169.66	49804	0	Tsung-DaoLee	
6197	3:15:34	1/1/2019 	11727066	703.00	14.00	16.31	17.45	104168.73	99330	0	Tsung-DaoLee	
6198	3:15:36	1/1/2019 	11729303	183.00	8.00	8.90	17.45	104169.05	97788	0	Tsung-DaoLee	
6199	3:15:38	1/1/2019 	11731559	641.00	9.00	14.46	17.45	104168.89	145768	0	Tsung-DaoLee	
6200	3:15:38	1/1/2019 	11732044	743.00	20.00	18.13	17.46	104169.34	2761	0	Tsung-DaoLee	
6201	3:15:46	1/1/2019 	11739444	347.00	8.00	11.63	17.46	104169.50	337695	0	Tsung-DaoLee	
6202	3:15:46	1/1/2019 	11739470	945.00	123.00	34.51	17.46	104169.50	1823	1	Tsung-DaoLee	
6203	3:15:46	1/1/2019 	11739697	90.00	8.00	6.35	17.46	104169.66	51362	0	Tsung-DaoLee	
6204	3:15:49	1/1/2019 	11742989	942.00	129.00	35.65	17.46	104170.11	146732	1	Tsung-DaoLee	
6205	3:15:50	1/1/2019 	11743427	945.00	259.00	51.28	17.46	104170.11	1822	1	Tsung-DaoLee	
6206	3:15:53	1/1/2019 	11746375	947.00	210.00	46.36	17.46	104169.80	145769	0	Tsung-DaoLee	
6207	3:15:56	1/1/2019 	11749294	944.00	311.00	58.89	17.46	104169.80	145768	1	Tsung-DaoLee	
6208	3:15:57	1/1/2019 	11750135	346.00	9.00	11.66	17.46	104169.95	51381	0	Tsung-DaoLee	
6209	3:15:58	1/1/2019 	11751305	747.00	20.00	18.14	17.46	104170.38	50626	0	Tsung-DaoLee	
6210	3:15:58	1/1/2019 	11751739	77.00	8.00	6.08	17.46	104169.89	49807	0	Tsung-DaoLee	
6211	3:15:59	1/1/2019 	11752073	890.00	76.00	25.81	17.46	104169.47	1821	1	Tsung-DaoLee	
6212	3:16:01	1/1/2019 	11754567	944.00	292.00	55.79	17.46	104169.58	145769	0	Tsung-DaoLee	
6213	3:16:04	1/1/2019 	11757325	138.00	8.00	7.67	17.46	104169.58	97786	0	Tsung-DaoLee	
6214	3:16:04	1/1/2019 	11757556	758.00	24.00	19.08	17.46	104169.58	51288	0	Tsung-DaoLee	
6215	3:16:05	1/1/2019 	11758989	796.00	35.00	20.91	17.46	104169.58	49804	0	Tsung-DaoLee	
6216	3:16:08	1/1/2019 	11761629	332.00	8.00	11.46	17.46	104169.89	145768	0	Tsung-DaoLee	
6217	3:16:09	1/1/2019 	11762344	926.00	113.00	32.56	17.46	104170.05	2668	0	Tsung-DaoLee	
6218	3:16:09	1/1/2019 	11762391	621.00	9.00	14.28	17.46	104170.05	1823	0	Tsung-DaoLee	
6219	3:16:12	1/1/2019 	11765084	156.00	8.00	8.19	17.46	104170.51	145767	0	Tsung-DaoLee	
6220	3:16:16	1/1/2019 	11769156	944.00	270.00	52.65	17.46	104170.98	195247	1	Tsung-DaoLee	
6221	3:16:19	1/1/2019 	11772608	65.00	8.00	5.92	17.47	104171.41	193749	0	Tsung-DaoLee	
6222	3:16:19	1/1/2019 	11772652	948.00	204.00	45.81	17.47	104171.41	2693	1	Tsung-DaoLee	
6223	3:16:25	1/1/2019 	11778262	80.00	8.00	6.14	17.47	104172.05	241726	0	Tsung-DaoLee	
6224	3:16:28	1/1/2019 	11781893	903.00	84.00	27.11	17.47	104171.88	193749	1	Tsung-DaoLee	
6225	3:16:37	1/1/2019 	11790309	131.00	8.00	7.47	17.47	104172.49	387973	0	Tsung-DaoLee	
6226	3:16:37	1/1/2019 	11790315	197.00	8.00	9.23	17.47	104172.49	1822	0	Tsung-DaoLee	
6227	3:16:38	1/1/2019 	11792041	853.00	52.00	22.79	17.47	104172.34	97784	0	Tsung-DaoLee	
6228	3:16:39	1/1/2019 	11792115	925.00	111.00	32.17	17.47	104172.34	1823	1	Tsung-DaoLee	
6229	3:16:39	1/1/2019 	11792271	883.00	68.00	24.67	17.47	104172.34	1822	0	Tsung-DaoLee	
6230	3:16:45	1/1/2019 	11798161	944.00	425.00	77.87	17.47	104172.47	289708	1	Tsung-DaoLee	
6231	3:16:49	1/1/2019 	11802098	164.00	8.00	8.40	17.47	104171.99	194753	0	Tsung-DaoLee	
6232	3:16:50	1/1/2019 	11803854	183.00	8.00	8.90	17.47	104171.84	98718	0	Tsung-DaoLee	
6233	3:16:53	1/1/2019 	11806490	814.00	37.00	21.18	17.47	104171.99	97785	0	Tsung-DaoLee	
6234	3:16:55	1/1/2019 	11808972	69.00	8.00	5.97	17.47	104171.67	145769	0	Tsung-DaoLee	
6235	3:16:58	1/1/2019 	11811445	69.00	8.00	5.97	17.47	104172.09	97786	0	Tsung-DaoLee	
6236	3:16:59	1/1/2019 	11812394	143.00	8.00	7.82	17.47	104171.52	50753	0	Tsung-DaoLee	
6237	3:17:06	1/1/2019 	11819173	551.00	9.00	13.41	17.47	104171.61	339260	0	Tsung-DaoLee	
6238	3:17:11	1/1/2019 	11824707	830.00	44.00	21.96	17.48	104172.07	289714	0	Tsung-DaoLee	
6239	3:17:14	1/1/2019 	11827261	209.00	8.00	9.50	17.48	104172.07	98762	0	Tsung-DaoLee	
6240	3:17:15	1/1/2019 	11829064	185.00	8.00	8.95	17.48	104171.59	97785	0	Tsung-DaoLee	
6241	3:17:16	1/1/2019 	11829412	917.00	97.00	29.45	17.48	104171.59	1822	0	Tsung-DaoLee	
6242	3:17:22	1/1/2019 	11835613	166.00	8.00	8.46	17.48	104171.91	337690	0	Tsung-DaoLee	
6243	3:17:24	1/1/2019 	11837919	732.00	17.00	17.30	17.48	104172.23	99958	0	Tsung-DaoLee	
6244	3:17:33	1/1/2019 	11846312	157.00	8.00	8.21	17.48	104172.69	385672	0	Tsung-DaoLee	
6245	3:17:33	1/1/2019 	11847055	103.00	8.00	6.67	17.48	104172.95	50650	0	Tsung-DaoLee	
6246	3:17:34	1/1/2019 	11847193	942.00	164.00	41.35	17.48	104172.95	1821	1	Tsung-DaoLee	
6247	3:17:36	1/1/2019 	11849370	943.00	221.00	47.37	17.48	104172.31	97785	0	Tsung-DaoLee	
6248	3:17:38	1/1/2019 	11851962	658.00	10.00	14.86	17.48	104172.31	147266	1	Tsung-DaoLee	
6249	3:17:39	1/1/2019 	11852719	950.00	703.00	126.95	17.48	104172.15	50677	1	Tsung-DaoLee	
6250	3:17:45	1/1/2019 	11858275	120.00	8.00	7.15	17.48	104172.15	241730	0	Tsung-DaoLee	
6251	3:17:49	1/1/2019 	11862730	923.00	106.00	31.19	17.48	104172.47	241728	0	Tsung-DaoLee	
6252	3:17:55	1/1/2019 	11869143	553.00	9.00	13.44	17.48	104172.60	290597	0	Tsung-DaoLee	
6253	3:18:10	1/1/2019 	11883178	83.00	8.00	6.19	17.49	104173.66	673560	0	Tsung-DaoLee	
6254	3:18:14	1/1/2019 	11887496	880.00	69.00	24.80	17.49	104176.19	196073	0	Tsung-DaoLee	
6255	3:18:21	1/1/2019 	11895001	824.00	43.00	21.85	17.49	104179.61	385676	1	Tsung-DaoLee	
6256	3:18:22	1/1/2019 	11895638	945.00	264.00	51.88	17.49	104179.61	50742	1	Tsung-DaoLee	
6257	3:18:26	1/1/2019 	11899578	929.00	114.00	32.76	17.50	104177.83	193746	1	Tsung-DaoLee	
6258	3:18:45	1/1/2019 	11918651	942.00	253.00	50.58	17.50	104158.84	914437	1	Tsung-DaoLee	
6259	3:18:46	1/1/2019 	11919640	941.00	124.00	34.70	17.50	104157.89	50778	1	Tsung-DaoLee	
6260	3:18:46	1/1/2019 	11919713	81.00	8.00	6.15	17.50	104157.89	6494	0	Tsung-DaoLee	
6261	3:18:48	1/1/2019 	11921894	770.00	28.00	19.85	17.50	104157.52	97784	0	Tsung-DaoLee	
6262	3:18:55	1/1/2019 	11928971	944.00	456.00	81.66	17.50	104153.99	337696	1	Tsung-DaoLee	
6263	3:18:58	1/1/2019 	11931828	237.00	8.00	10.06	17.50	104151.76	145767	0	Tsung-DaoLee	
6264	3:19:01	1/1/2019 	11934886	954.00	876.00	160.27	17.51	104151.06	146609	1	Tsung-DaoLee	
6265	3:19:05	1/1/2019 	11938273	246.00	8.00	10.22	17.51	104150.24	147266	0	Tsung-DaoLee	
6266	3:19:06	1/1/2019 	11939837	934.00	114.00	32.76	17.51	104149.45	97787	1	Tsung-DaoLee	
6267	3:19:07	1/1/2019 	11940229	458.00	8.00	12.54	17.51	104149.12	2693	0	Tsung-DaoLee	
6268	3:19:07	1/1/2019 	11940772	403.00	9.00	12.21	17.51	104149.12	49811	0	Tsung-DaoLee	
6269	3:19:07	1/1/2019 	11941103	950.00	488.00	85.39	17.51	104148.81	1826	1	Tsung-DaoLee	
6270	3:19:26	1/1/2019 	11959575	919.00	104.00	30.79	17.52	104136.91	913465	0	Tsung-DaoLee	
6271	3:19:27	1/1/2019 	11960696	183.00	8.00	8.90	17.52	104136.91	52085	0	Tsung-DaoLee	
6272	3:19:28	1/1/2019 	11961266	945.00	267.00	52.26	17.52	104137.70	1822	1	Tsung-DaoLee	
6273	3:19:31	1/1/2019 	11964977	366.00	8.00	11.82	17.51	104139.97	193749	0	Tsung-DaoLee	
6274	3:19:31	1/1/2019 	11965163	951.00	257.00	51.04	17.51	104139.97	1823	0	Tsung-DaoLee	
6275	3:19:32	1/1/2019 	11965369	852.00	47.00	22.29	17.51	104139.97	1822	0	Tsung-DaoLee	
6276	3:19:32	1/1/2019 	11965916	876.00	64.00	24.15	17.51	104141.23	49805	0	Tsung-DaoLee	
6277	3:19:35	1/1/2019 	11968556	945.00	152.00	39.60	17.49	104137.08	146762	0	Tsung-DaoLee	
6278	3:19:38	1/1/2019 	11971670	606.00	10.00	14.29	17.47	104122.66	145767	0	Tsung-DaoLee	
6279	3:19:40	1/1/2019 	11973487	780.00	30.00	20.19	17.45	104123.17	50726	0	Tsung-DaoLee	
6280	3:19:42	1/1/2019 	11975277	950.00	453.00	81.31	17.44	104128.91	97786	0	Tsung-DaoLee	
6281	3:19:42	1/1/2019 	11976127	298.00	8.00	11.03	17.44	104129.41	49805	0	Tsung-DaoLee	
6282	3:19:44	1/1/2019 	11978019	943.00	166.00	41.62	17.43	104130.95	99327	1	Tsung-DaoLee	
6283	3:19:51	1/1/2019 	11984721	167.00	5.00	8.46	17.42	104126.53	337689	0	Tsung-DaoLee	
6284	3:19:52	1/1/2019 	11985697	944.00	266.00	52.13	17.42	104125.89	50753	1	Tsung-DaoLee	
6285	3:19:54	1/1/2019 	11987675	944.00	318.00	60.11	17.42	104125.09	97785	1	Tsung-DaoLee	
6286	3:19:59	1/1/2019 	11992336	196.00	8.00	9.21	17.42	104125.70	193749	0	Tsung-DaoLee	
6287	3:20:00	1/1/2019 	11993288	926.00	111.00	32.17	17.42	104126.19	50770	1	Tsung-DaoLee	
6288	3:20:01	1/1/2019 	11994832	944.00	262.00	51.64	17.42	104127.14	99356	1	Tsung-DaoLee	
6289	3:20:05	1/1/2019 	11998234	149.00	8.00	7.99	17.43	104129.28	145768	0	Tsung-DaoLee	
6290	3:20:05	1/1/2019 	11999095	819.00	40.00	21.52	17.43	104129.45	49805	0	Tsung-DaoLee	
6291	3:20:08	1/1/2019 	12001745	149.00	5.00	7.97	17.43	104129.73	145769	0	Tsung-DaoLee	
6292	3:20:08	1/1/2019 	12002091	946.00	338.00	63.70	17.43	104129.73	2814	1	Tsung-DaoLee	
6293	3:20:09	1/1/2019 	12003139	621.00	10.00	14.49	17.43	104129.42	49805	0	Tsung-DaoLee	
6294	3:20:10	1/1/2019 	12003184	946.00	124.00	34.70	17.43	104129.42	5634	1	Tsung-DaoLee	
6295	3:20:12	1/1/2019 	12005962	846.00	51.00	22.68	17.43	104129.52	145772	0	Tsung-DaoLee	
6296	3:20:14	1/1/2019 	12007297	944.00	201.00	45.52	17.43	104129.36	49806	1	Tsung-DaoLee	
6297	3:20:15	1/1/2019 	12008331	869.00	58.00	23.45	17.43	104129.36	49804	0	Tsung-DaoLee	
6298	3:20:15	1/1/2019 	12008756	947.00	212.00	46.55	17.44	104129.81	49805	1	Tsung-DaoLee	
6299	3:20:16	1/1/2019 	12009245	712.00	15.00	16.65	17.43	104129.20	1821	0	Tsung-DaoLee	
6300	3:20:19	1/1/2019 	12012970	943.00	121.00	34.12	17.44	104128.86	194702	0	Tsung-DaoLee	
6301	3:20:21	1/1/2019 	12015110	522.00	8.00	13.01	17.44	104129.34	98638	0	Tsung-DaoLee	
6302	3:20:24	1/1/2019 	12017294	379.00	9.00	12.00	17.44	104129.18	97785	0	Tsung-DaoLee	
6303	3:20:24	1/1/2019 	12017299	952.00	578.00	100.01	17.44	104129.18	1822	1	Tsung-DaoLee	
6304	3:20:25	1/1/2019 	12018597	943.00	124.00	34.70	17.44	104129.34	97788	0	Tsung-DaoLee	
6305	3:20:30	1/1/2019 	12023777	921.00	106.00	31.19	17.44	104131.73	243337	1	Tsung-DaoLee	
6306	3:20:31	1/1/2019 	12024876	945.00	530.00	91.08	17.44	104132.50	50684	1	Tsung-DaoLee	
6307	3:20:32	1/1/2019 	12025946	948.00	246.00	49.82	17.44	104132.50	49805	0	Tsung-DaoLee	
6308	3:20:35	1/1/2019 	12028577	948.00	361.00	67.85	17.44	104132.66	145769	0	Tsung-DaoLee	
6309	3:20:35	1/1/2019 	12028803	947.00	254.00	50.70	17.44	104132.66	1823	1	Tsung-DaoLee	
6310	3:20:36	1/1/2019 	12029443	943.00	323.00	60.99	17.44	104132.98	1823	1	Tsung-DaoLee	
6311	3:20:36	1/1/2019 	12029461	189.00	7.00	9.03	17.44	104132.98	3339	0	Tsung-DaoLee	
6312	3:20:38	1/1/2019 	12031354	744.00	21.00	18.38	17.44	104134.03	97787	0	Tsung-DaoLee	
6313	3:20:38	1/1/2019 	12032057	918.00	99.00	29.83	17.44	104134.83	50708	1	Tsung-DaoLee	
6314	3:20:40	1/1/2019 	12033188	705.00	14.00	16.32	17.44	104135.47	49805	0	Tsung-DaoLee	
6315	3:20:47	1/1/2019 	12040586	941.00	127.00	35.27	17.44	104138.62	385688	0	Tsung-DaoLee	
6316	3:20:49	1/1/2019 	12042497	944.00	304.00	57.72	17.44	104138.16	50728	0	Tsung-DaoLee	
6317	3:20:49	1/1/2019 	12042744	188.00	8.00	9.02	17.44	104138.16	51349	0	Tsung-DaoLee	
6318	3:20:50	1/1/2019 	12044077	951.00	631.00	112.01	17.44	104138.16	49804	0	Tsung-DaoLee	
6319	3:20:53	1/1/2019 	12046643	947.00	606.00	106.22	17.44	104137.99	145772	1	Tsung-DaoLee	
6320	3:20:54	1/1/2019 	12047381	94.00	8.00	6.44	17.44	104138.31	1822	0	Tsung-DaoLee	
6321	3:20:54	1/1/2019 	12047491	949.00	579.00	100.18	17.44	104138.31	1821	1	Tsung-DaoLee	
6322	3:20:56	1/1/2019 	12049450	946.00	161.00	40.94	17.45	104138.77	98818	1	Tsung-DaoLee	
6323	3:20:57	1/1/2019 	12050758	953.00	785.00	139.74	17.44	104138.31	97787	0	Tsung-DaoLee	
6324	3:21:02	1/1/2019 	12055667	65.00	8.00	5.92	17.45	104139.88	242687	0	Tsung-DaoLee	
6325	3:21:05	1/1/2019 	12058349	935.00	116.00	33.15	17.45	104141.41	97791	1	Tsung-DaoLee	
6326	3:21:05	1/1/2019 	12058706	162.00	8.00	8.35	17.45	104141.73	49805	0	Tsung-DaoLee	
6327	3:21:06	1/1/2019 	12060110	70.00	8.00	5.98	17.45	104142.05	49804	0	Tsung-DaoLee	
6328	3:21:06	1/1/2019 	12060143	641.00	9.00	14.46	17.45	104142.05	6503	0	Tsung-DaoLee	
6329	3:21:08	1/1/2019 	12061256	263.00	8.00	10.51	17.45	104142.83	49804	0	Tsung-DaoLee	
6330	3:21:09	1/1/2019 	12063131	945.00	177.00	43.00	17.45	104143.14	97784	1	Tsung-DaoLee	
6331	3:21:10	1/1/2019 	12064010	114.00	7.00	6.97	17.45	104142.98	49805	0	Tsung-DaoLee	
6332	3:21:11	1/1/2019 	12064593	912.00	95.00	29.07	17.45	104142.98	49804	0	Tsung-DaoLee	
6333	3:21:11	1/1/2019 	12064636	950.00	576.00	99.58	17.45	104142.98	1822	0	Tsung-DaoLee	
6334	3:21:11	1/1/2019 	12065027	106.00	7.00	6.75	17.45	104142.98	2773	0	Tsung-DaoLee	
6335	3:21:12	1/1/2019 	12065494	64.00	8.00	5.92	17.45	104142.98	1821	0	Tsung-DaoLee	
6336	3:21:13	1/1/2019 	12066315	765.00	27.00	19.66	17.45	104142.66	49803	0	Tsung-DaoLee	
6337	3:21:14	1/1/2019 	12067281	941.00	170.00	42.14	17.45	104142.34	49805	0	Tsung-DaoLee	
6338	3:21:14	1/1/2019 	12067967	944.00	134.00	36.57	17.45	104142.19	49805	1	Tsung-DaoLee	
6339	3:21:15	1/1/2019 	12068341	121.00	8.00	7.18	17.45	104142.03	2879	0	Tsung-DaoLee	
6340	3:21:15	1/1/2019 	12068897	184.00	8.00	8.92	17.45	104142.03	49803	0	Tsung-DaoLee	
6341	3:21:17	1/1/2019 	12070346	284.00	9.00	10.86	17.45	104142.03	49803	0	Tsung-DaoLee	
6342	3:21:17	1/1/2019 	12071122	776.00	27.00	19.69	17.45	104142.19	50655	0	Tsung-DaoLee	
6343	3:21:19	1/1/2019 	12072954	255.00	8.00	10.38	17.45	104141.81	97784	0	Tsung-DaoLee	
6344	3:21:21	1/1/2019 	12074309	947.00	155.00	40.06	17.45	104141.02	49802	0	Tsung-DaoLee	
6345	3:21:21	1/1/2019 	12074555	955.00	764.00	136.22	17.45	104140.69	51310	1	Tsung-DaoLee	
6346	3:21:21	1/1/2019 	12074683	948.00	351.00	66.06	17.45	104140.69	1822	1	Tsung-DaoLee	
6347	3:21:23	1/1/2019 	12076769	945.00	314.00	59.41	17.46	104140.03	97787	0	Tsung-DaoLee	
6348	3:21:25	1/1/2019 	12078555	956.00	919.00	188.28	17.46	104139.84	97785	1	Tsung-DaoLee	
6349	3:21:25	1/1/2019 	12078565	175.00	8.00	8.69	17.46	104139.84	1823	0	Tsung-DaoLee	
6350	3:21:26	1/1/2019 	12079767	946.00	341.00	64.24	17.46	104139.47	49802	0	Tsung-DaoLee	
6351	3:21:28	1/1/2019 	12081620	178.00	8.00	8.77	17.46	104138.49	100062	0	Tsung-DaoLee	
6352	3:21:28	1/1/2019 	12081915	847.00	49.00	22.48	17.46	104138.49	1822	0	Tsung-DaoLee	
6353	3:21:29	1/1/2019 	12082399	342.00	8.00	11.57	17.46	104138.02	1821	0	Tsung-DaoLee	
6354	3:21:31	1/1/2019 	12084490	944.00	157.00	40.36	17.47	104137.30	97787	1	Tsung-DaoLee	
6355	3:21:32	1/1/2019 	12085304	941.00	235.00	48.70	17.47	104136.81	49805	1	Tsung-DaoLee	
6356	3:21:34	1/1/2019 	12087895	445.00	9.00	12.52	17.47	104136.41	145764	0	Tsung-DaoLee	
6357	3:21:36	1/1/2019 	12089594	944.00	133.00	36.38	17.48	104136.88	98781	0	Tsung-DaoLee	
6358	3:21:37	1/1/2019 	12090732	946.00	182.00	43.58	17.48	104136.88	50725	0	Tsung-DaoLee	
6359	3:21:38	1/1/2019 	12091603	595.00	9.00	13.96	17.48	104137.03	49808	0	Tsung-DaoLee	
6360	3:21:39	1/1/2019 	12093074	946.00	450.00	80.96	17.48	104138.12	49806	0	Tsung-DaoLee	
6361	3:21:41	1/1/2019 	12094217	873.00	56.00	23.24	17.48	104138.76	49808	1	Tsung-DaoLee	
6362	3:21:41	1/1/2019 	12094324	210.00	8.00	9.52	17.48	104138.91	3366	0	Tsung-DaoLee	
6363	3:21:42	1/1/2019 	12096048	942.00	164.00	41.35	17.48	104139.71	97784	1	Tsung-DaoLee	
6364	3:21:44	1/1/2019 	12097822	75.00	8.00	6.05	17.48	104140.34	97784	0	Tsung-DaoLee	
6365	3:21:45	1/1/2019 	12099031	412.00	8.00	12.21	17.48	104140.34	49802	0	Tsung-DaoLee	
6366	3:21:47	1/1/2019 	12100309	945.00	513.00	88.56	17.48	104140.52	49805	1	Tsung-DaoLee	
6367	3:21:47	1/1/2019 	12100495	97.00	8.00	6.52	17.48	104140.21	2763	0	Tsung-DaoLee	
6368	3:21:47	1/1/2019 	12100608	322.00	8.00	11.34	17.48	104140.21	51364	0	Tsung-DaoLee	
6369	3:21:47	1/1/2019 	12100911	117.00	8.00	7.06	17.48	104140.21	1821	0	Tsung-DaoLee	
6370	3:21:48	1/1/2019 	12101662	966.00	952.00	261.71	17.48	104140.05	49801	1	Tsung-DaoLee	
6371	3:21:48	1/1/2019 	12101971	140.00	8.00	7.73	17.48	104140.21	1822	0	Tsung-DaoLee	
6372	3:21:49	1/1/2019 	12102735	146.00	8.00	7.90	17.47	104139.77	49801	0	Tsung-DaoLee	
6373	3:21:49	1/1/2019 	12103109	916.00	95.00	29.08	17.47	104139.77	1821	0	Tsung-DaoLee	
6374	3:21:50	1/1/2019 	12103275	944.00	367.00	68.92	17.47	104139.77	2854	1	Tsung-DaoLee	
6375	3:21:50	1/1/2019 	12103455	611.00	9.00	14.16	17.47	104139.77	1823	0	Tsung-DaoLee	
6376	3:21:52	1/1/2019 	12105397	868.00	63.00	24.02	17.47	104139.34	97784	0	Tsung-DaoLee	
6377	3:21:52	1/1/2019 	12106152	923.00	104.00	30.80	17.47	104139.66	49804	0	Tsung-DaoLee	
6378	3:21:53	1/1/2019 	12107067	549.00	9.00	13.39	17.47	104139.20	49803	0	Tsung-DaoLee	
6379	3:21:54	1/1/2019 	12107421	462.00	9.00	12.64	17.47	104139.20	2860	0	Tsung-DaoLee	
6380	3:21:54	1/1/2019 	12107664	851.00	50.00	22.59	17.47	104139.20	49803	0	Tsung-DaoLee	
6381	3:21:55	1/1/2019 	12108615	947.00	291.00	55.64	17.47	104138.91	49803	0	Tsung-DaoLee	
6382	3:21:55	1/1/2019 	12108884	201.00	8.00	9.32	17.47	104138.91	1822	1	Tsung-DaoLee	
6383	3:21:55	1/1/2019 	12108914	946.00	166.00	41.62	17.47	104138.91	1821	1	Tsung-DaoLee	
6384	3:21:56	1/1/2019 	12109692	733.00	19.00	17.85	17.46	104138.66	49803	1	Tsung-DaoLee	
6385	3:21:57	1/1/2019 	12110901	902.00	82.00	26.78	17.46	104138.97	54577	1	Tsung-DaoLee	
6386	3:21:58	1/1/2019 	12112051	101.00	8.00	6.62	17.46	104138.83	49805	0	Tsung-DaoLee	
6387	3:21:58	1/1/2019 	12112154	908.00	85.00	27.29	17.46	104138.83	1821	0	Tsung-DaoLee	
6388	3:21:59	1/1/2019 	12113134	654.00	10.00	14.83	17.46	104138.89	49805	0	Tsung-DaoLee	
6389	3:22:00	1/1/2019 	12113200	445.00	8.00	12.45	17.46	104138.89	1822	0	Tsung-DaoLee	
6390	3:22:00	1/1/2019 	12113286	128.00	7.00	7.38	17.46	104139.21	1821	0	Tsung-DaoLee	
6391	3:22:00	1/1/2019 	12113778	948.00	349.00	65.70	17.46	104139.38	50757	1	Tsung-DaoLee	
6392	3:22:01	1/1/2019 	12114441	944.00	127.00	35.27	17.46	104139.23	1827	1	Tsung-DaoLee	
6393	3:22:01	1/1/2019 	12114584	947.00	304.00	57.72	17.46	104139.23	49806	0	Tsung-DaoLee	
6394	3:22:01	1/1/2019 	12115102	70.00	7.00	5.98	17.46	104139.55	1821	0	Tsung-DaoLee	
6395	3:22:02	1/1/2019 	12115401	741.00	21.00	18.37	17.46	104139.88	1823	0	Tsung-DaoLee	
6396	3:22:02	1/1/2019 	12116009	948.00	325.00	61.35	17.46	104140.03	49810	1	Tsung-DaoLee	
6397	3:22:03	1/1/2019 	12116199	572.00	10.00	13.81	17.46	104140.03	2778	0	Tsung-DaoLee	
6398	3:22:03	1/1/2019 	12116966	731.00	17.00	17.30	17.45	104140.05	49805	0	Tsung-DaoLee	
6399	3:22:03	1/1/2019 	12117003	950.00	215.00	46.82	17.45	104140.05	1822	1	Tsung-DaoLee	
6400	3:22:07	1/1/2019 	12119777	61.00	8.00	5.90	17.45	104141.23	145768	0	Tsung-DaoLee	
6401	3:22:08	1/1/2019 	12120980	690.00	12.00	15.63	17.45	104141.57	50661	1	Tsung-DaoLee	
6402	3:22:09	1/1/2019 	12121894	61.00	8.00	5.90	17.45	104141.73	51311	0	Tsung-DaoLee	
6403	3:22:09	1/1/2019 	12122102	872.00	62.00	23.91	17.45	104141.79	1822	0	Tsung-DaoLee	
6404	3:22:09	1/1/2019 	12122405	948.00	291.00	55.64	17.45	104141.79	1822	0	Tsung-DaoLee	
6405	3:22:10	1/1/2019 	12122882	425.00	8.00	12.31	17.45	104141.95	49806	0	Tsung-DaoLee	
6406	3:22:10	1/1/2019 	12123028	156.00	8.00	8.19	17.45	104142.27	1823	0	Tsung-DaoLee	
6407	3:22:10	1/1/2019 	12123093	281.00	8.00	10.79	17.45	104142.27	1820	0	Tsung-DaoLee	
6408	3:22:10	1/1/2019 	12123254	946.00	147.00	38.81	17.45	104142.27	2799	1	Tsung-DaoLee	
6409	3:22:11	1/1/2019 	12124334	443.00	8.00	12.43	17.44	104142.45	49805	0	Tsung-DaoLee	
6410	3:22:11	1/1/2019 	12124607	101.00	8.00	6.62	17.44	104142.45	49806	0	Tsung-DaoLee	
6411	3:22:12	1/1/2019 	12124854	161.00	8.00	8.32	17.44	104142.45	1820	0	Tsung-DaoLee	
6412	3:22:12	1/1/2019 	12125039	952.00	620.00	109.56	17.44	104142.93	1821	1	Tsung-DaoLee	
6413	3:22:12	1/1/2019 	12125292	502.00	9.00	12.94	17.44	104142.93	1822	0	Tsung-DaoLee	
6414	3:22:13	1/1/2019 	12126628	594.00	9.00	13.95	17.44	104143.27	98769	0	Tsung-DaoLee	
6415	3:22:13	1/1/2019 	12126667	928.00	105.00	31.00	17.44	104143.27	1823	0	Tsung-DaoLee	
6416	3:22:13	1/1/2019 	12126720	946.00	124.00	34.70	17.44	104143.27	1822	1	Tsung-DaoLee	
6417	3:22:14	1/1/2019 	12127366	129.00	8.00	7.41	17.44	104143.59	1822	0	Tsung-DaoLee	
6418	3:22:14	1/1/2019 	12127445	78.00	8.00	6.10	17.44	104143.59	1820	0	Tsung-DaoLee	
6419	3:22:15	1/1/2019 	12128214	624.00	9.00	14.31	17.44	104143.65	49803	0	Tsung-DaoLee	
6420	3:22:15	1/1/2019 	12128636	883.00	68.00	24.67	17.44	104144.12	50796	0	Tsung-DaoLee	
6421	3:22:16	1/1/2019 	12129045	918.00	100.00	30.02	17.44	104144.12	1830	1	Tsung-DaoLee	
6422	3:22:18	1/1/2019 	12130912	946.00	168.00	41.89	17.44	104145.08	97793	0	Tsung-DaoLee	
6423	3:22:19	1/1/2019 	12131925	113.00	8.00	6.95	17.44	104144.95	50712	0	Tsung-DaoLee	
6424	3:22:20	1/1/2019 	12132823	945.00	323.00	60.99	17.44	104145.42	49803	1	Tsung-DaoLee	
6425	3:22:21	1/1/2019 	12134294	942.00	120.00	33.93	17.44	104146.06	51344	1	Tsung-DaoLee	
6426	3:22:22	1/1/2019 	12134866	757.00	22.00	18.65	17.43	104145.77	49804	0	Tsung-DaoLee	
6427	3:22:22	1/1/2019 	12135711	104.00	7.00	6.70	17.43	104146.41	49805	0	Tsung-DaoLee	
6428	3:22:23	1/1/2019 	12135855	711.00	15.00	16.65	17.43	104146.41	1821	0	Tsung-DaoLee	
6429	3:22:24	1/1/2019 	12137354	604.00	9.00	14.07	17.43	104146.88	49805	0	Tsung-DaoLee	
6430	3:22:27	1/1/2019 	12140558	945.00	124.00	34.70	17.43	104147.73	193753	1	Tsung-DaoLee	
6431	3:22:28	1/1/2019 	12141488	608.00	9.00	14.12	17.43	104148.06	4184	0	Tsung-DaoLee	
6432	3:22:28	1/1/2019 	12141627	945.00	141.00	37.80	17.43	104148.06	49804	0	Tsung-DaoLee	
6433	3:22:29	1/1/2019 	12141819	662.00	11.00	15.18	17.43	104148.06	1822	0	Tsung-DaoLee	
6434	3:22:29	1/1/2019 	12142438	66.00	1.00	5.92	17.43	104148.38	1824	0	Tsung-DaoLee	
6435	3:22:30	1/1/2019 	12143033	72.00	8.00	6.00	17.43	104148.38	49807	0	Tsung-DaoLee	
6436	3:22:30	1/1/2019 	12143307	657.00	10.00	14.85	17.43	104148.38	1829	0	Tsung-DaoLee	
6437	3:22:31	1/1/2019 	12143912	922.00	106.00	31.19	17.43	104148.85	50836	0	Tsung-DaoLee	
6438	3:22:31	1/1/2019 	12143922	945.00	163.00	41.22	17.43	104148.85	1823	1	Tsung-DaoLee	
6439	3:22:31	1/1/2019 	12144686	914.00	92.00	28.53	17.43	104148.85	49805	0	Tsung-DaoLee	
6440	3:22:32	1/1/2019 	12144826	530.00	8.00	13.08	17.43	104148.85	1821	0	Tsung-DaoLee	
6441	3:22:32	1/1/2019 	12144952	603.00	9.00	14.06	17.43	104149.02	1822	0	Tsung-DaoLee	
6442	3:22:32	1/1/2019 	12145343	68.00	8.00	5.95	17.43	104149.02	1821	0	Tsung-DaoLee	
6443	3:22:33	1/1/2019 	12146107	943.00	147.00	38.81	17.43	104148.88	50837	1	Tsung-DaoLee	
6444	3:22:33	1/1/2019 	12146471	952.00	652.00	116.91	17.43	104149.03	1828	0	Tsung-DaoLee	
6445	3:22:34	1/1/2019 	12146780	192.00	8.00	9.11	17.43	104149.03	49804	1	Tsung-DaoLee	
6446	3:22:34	1/1/2019 	12147147	193.00	7.00	9.13	17.43	104149.20	1821	0	Tsung-DaoLee	
6447	3:22:34	1/1/2019 	12147669	69.00	8.00	5.97	17.43	104149.36	49802	0	Tsung-DaoLee	
6448	3:22:34	1/1/2019 	12147673	336.00	8.00	11.51	17.43	104149.36	2857	0	Tsung-DaoLee	
6449	3:22:35	1/1/2019 	12148339	65.00	8.00	5.92	17.43	104149.36	1820	0	Tsung-DaoLee	
6450	3:22:35	1/1/2019 	12148361	754.00	24.00	19.06	17.43	104149.36	1822	0	Tsung-DaoLee	
6451	3:22:35	1/1/2019 	12148493	702.00	13.00	15.99	17.43	104149.52	1821	0	Tsung-DaoLee	
6452	3:22:36	1/1/2019 	12148992	175.00	8.00	8.69	17.43	104149.67	49806	0	Tsung-DaoLee	
6453	3:22:36	1/1/2019 	12149212	113.00	8.00	6.95	17.43	104149.67	1821	0	Tsung-DaoLee	
6454	3:22:36	1/1/2019 	12149677	121.00	8.00	7.18	17.43	104149.67	50948	0	Tsung-DaoLee	
6455	3:22:36	1/1/2019 	12149745	913.00	87.00	27.64	17.43	104149.67	2645	0	Tsung-DaoLee	
6456	3:22:38	1/1/2019 	12151071	174.00	8.00	8.67	17.43	104149.99	49804	0	Tsung-DaoLee	
6457	3:22:38	1/1/2019 	12151378	205.00	8.00	9.41	17.43	104149.99	1821	0	Tsung-DaoLee	
6458	3:22:38	1/1/2019 	12151442	549.00	9.00	13.39	17.43	104149.99	1820	1	Tsung-DaoLee	
6459	3:22:39	1/1/2019 	12152324	468.00	9.00	12.69	17.43	104150.47	49804	0	Tsung-DaoLee	
6460	3:22:40	1/1/2019 	12153699	566.00	9.00	13.59	17.43	104151.27	99274	0	Tsung-DaoLee	
6461	3:22:41	1/1/2019 	12153816	618.00	9.00	14.24	17.43	104151.27	1822	0	Tsung-DaoLee	
6462	3:22:41	1/1/2019 	12154035	387.00	9.00	12.07	17.43	104151.27	1821	0	Tsung-DaoLee	
6463	3:22:42	1/1/2019 	12154978	199.00	8.00	9.28	17.43	104151.74	49803	0	Tsung-DaoLee	
6464	3:22:42	1/1/2019 	12155633	390.00	8.00	12.04	17.43	104151.91	49805	0	Tsung-DaoLee	
6465	3:22:43	1/1/2019 	12156213	535.00	9.00	13.24	17.43	104152.38	1824	0	Tsung-DaoLee	
6466	3:22:44	1/1/2019 	12157064	404.00	9.00	12.22	17.43	104152.54	50766	0	Tsung-DaoLee	
6467	3:22:45	1/1/2019 	12158748	366.00	8.00	11.82	17.43	104153.33	97788	0	Tsung-DaoLee	
6468	3:22:46	1/1/2019 	12159062	63.00	8.00	5.91	17.43	104153.33	1822	0	Tsung-DaoLee	
6469	3:22:46	1/1/2019 	12159234	104.00	7.00	6.70	17.43	104153.50	1820	0	Tsung-DaoLee	
6470	3:22:46	1/1/2019 	12159767	228.00	8.00	9.89	17.43	104153.81	49803	0	Tsung-DaoLee	
6471	3:22:47	1/1/2019 	12160437	534.00	9.00	13.23	17.43	104153.81	2683	0	Tsung-DaoLee	
6472	3:22:47	1/1/2019 	12160730	125.00	8.00	7.29	17.43	104153.81	51312	0	Tsung-DaoLee	
6473	3:22:48	1/1/2019 	12160980	945.00	477.00	84.08	17.43	104153.81	1821	1	Tsung-DaoLee	
6474	3:22:48	1/1/2019 	12161125	262.00	8.00	10.49	17.43	104153.81	1821	0	Tsung-DaoLee	
6475	3:22:48	1/1/2019 	12161186	133.00	8.00	7.53	17.43	104153.81	1821	0	Tsung-DaoLee	
6476	3:22:49	1/1/2019 	12161976	510.00	8.00	12.91	17.43	104153.81	49802	0	Tsung-DaoLee	
6477	3:22:50	1/1/2019 	12163057	209.00	8.00	9.50	17.43	104153.71	49805	0	Tsung-DaoLee	
6478	3:22:50	1/1/2019 	12163149	754.00	22.00	18.64	17.43	104153.71	2799	1	Tsung-DaoLee	
6479	3:22:50	1/1/2019 	12163362	64.00	8.00	5.92	17.43	104153.88	1824	0	Tsung-DaoLee	
6480	3:22:50	1/1/2019 	12163417	760.00	26.00	19.47	17.43	104153.88	1827	0	Tsung-DaoLee	
6481	3:22:50	1/1/2019 	12163767	946.00	216.00	46.92	17.43	104153.88	49812	1	Tsung-DaoLee	
6482	3:22:51	1/1/2019 	12163923	97.00	8.00	6.52	17.43	104153.88	1828	0	Tsung-DaoLee	
6483	3:22:52	1/1/2019 	12164887	688.00	12.00	15.63	17.43	104154.19	50895	0	Tsung-DaoLee	
6484	3:22:52	1/1/2019 	12165575	946.00	302.00	57.39	17.43	104154.34	49806	1	Tsung-DaoLee	
6485	3:22:53	1/1/2019 	12166335	166.00	7.00	8.45	17.43	104154.34	1823	0	Tsung-DaoLee	
6486	3:22:54	1/1/2019 	12167076	712.00	15.00	16.65	17.43	104154.83	49804	1	Tsung-DaoLee	
6487	3:22:54	1/1/2019 	12167738	168.00	8.00	8.51	17.43	104154.98	49804	0	Tsung-DaoLee	
6488	3:22:55	1/1/2019 	12168387	466.00	8.00	12.59	17.43	104155.15	1821	0	Tsung-DaoLee	
6489	3:22:55	1/1/2019 	12168569	957.00	761.00	136.35	17.43	104155.46	50792	1	Tsung-DaoLee	
6490	3:22:58	1/1/2019 	12171203	890.00	78.00	26.12	17.42	104155.65	97789	1	Tsung-DaoLee	
6491	3:22:58	1/1/2019 	12171464	658.00	10.00	14.86	17.42	104155.65	2737	0	Tsung-DaoLee	
6492	3:22:58	1/1/2019 	12171567	496.00	8.00	12.80	17.42	104155.65	49804	0	Tsung-DaoLee	
6493	3:22:58	1/1/2019 	12171699	949.00	384.00	71.80	17.42	104155.65	1821	0	Tsung-DaoLee	
6494	3:22:59	1/1/2019 	12171855	942.00	138.00	37.28	17.42	104155.65	1821	1	Tsung-DaoLee	
6495	3:22:59	1/1/2019 	12172099	724.00	17.00	17.28	17.42	104155.97	3362	0	Tsung-DaoLee	
6496	3:22:59	1/1/2019 	12172240	741.00	19.00	17.87	17.42	104155.97	1820	0	Tsung-DaoLee	
6497	3:23:01	1/1/2019 	12174111	96.00	8.00	6.49	17.42	104156.60	97788	0	Tsung-DaoLee	
6498	3:23:01	1/1/2019 	12174684	645.00	10.00	14.76	17.42	104156.77	49804	0	Tsung-DaoLee	
6499	3:23:03	1/1/2019 	12176076	155.00	8.00	8.16	17.42	104157.08	49804	0	Tsung-DaoLee	
6500	3:23:03	1/1/2019 	12176313	666.00	11.00	15.21	17.42	104157.23	1822	0	Tsung-DaoLee	
6501	3:23:03	1/1/2019 	12176441	932.00	113.00	32.56	17.42	104157.23	2833	1	Tsung-DaoLee	
6502	3:23:04	1/1/2019 	12177189	186.00	8.00	8.97	17.42	104157.72	49806	0	Tsung-DaoLee	
6503	3:23:04	1/1/2019 	12177407	943.00	149.00	39.13	17.42	104157.72	1823	1	Tsung-DaoLee	
6504	3:23:04	1/1/2019 	12177662	583.00	9.00	13.81	17.42	104158.04	49805	0	Tsung-DaoLee	
6505	3:23:04	1/1/2019 	12177689	673.00	11.00	15.25	17.42	104158.04	1822	0	Tsung-DaoLee	
6506	3:23:05	1/1/2019 	12178316	684.00	12.00	15.61	17.42	104158.04	2802	0	Tsung-DaoLee	
6507	3:23:05	1/1/2019 	12178346	385.00	8.00	12.00	17.42	104158.04	1822	0	Tsung-DaoLee	
6508	3:23:05	1/1/2019 	12178497	944.00	237.00	48.90	17.42	104158.04	1821	1	Tsung-DaoLee	
6509	3:23:06	1/1/2019 	12178836	943.00	149.00	39.13	17.42	104157.58	49805	1	Tsung-DaoLee	
6510	3:23:06	1/1/2019 	12178931	853.00	55.00	23.10	17.42	104157.58	1823	1	Tsung-DaoLee	
6511	3:23:07	1/1/2019 	12180676	937.00	115.00	32.95	17.42	104158.38	97792	0	Tsung-DaoLee	
6512	3:23:08	1/1/2019 	12181343	661.00	10.00	14.88	17.42	104158.54	4355	0	Tsung-DaoLee	
6513	3:23:09	1/1/2019 	12182222	941.00	144.00	38.31	17.42	104158.86	49806	0	Tsung-DaoLee	
6514	3:23:09	1/1/2019 	12182670	697.00	13.00	15.98	17.42	104158.86	49807	0	Tsung-DaoLee	
6515	3:23:10	1/1/2019 	12182864	829.00	43.00	21.85	17.42	104158.86	1823	0	Tsung-DaoLee	
6516	3:23:10	1/1/2019 	12182915	88.00	8.00	6.30	17.42	104158.86	1821	1	Tsung-DaoLee	
6517	3:23:10	1/1/2019 	12183056	945.00	248.00	50.03	17.42	104158.86	1820	1	Tsung-DaoLee	
6518	3:23:10	1/1/2019 	12183227	159.00	8.00	8.27	17.42	104158.86	2859	1	Tsung-DaoLee	
6519	3:23:10	1/1/2019 	12183231	587.00	9.00	13.86	17.42	104158.86	1821	0	Tsung-DaoLee	
6520	3:23:10	1/1/2019 	12183233	108.00	8.00	6.81	17.42	104159.02	1821	0	Tsung-DaoLee	
6521	3:23:10	1/1/2019 	12183397	325.00	8.00	11.38	17.42	104159.02	1819	0	Tsung-DaoLee	
6522	3:23:10	1/1/2019 	12183707	109.00	8.00	6.84	17.42	104159.02	49803	0	Tsung-DaoLee	
6523	3:23:12	1/1/2019 	12185432	577.00	9.00	13.73	17.42	104159.81	49803	0	Tsung-DaoLee	
6524	3:23:13	1/1/2019 	12185991	137.00	8.00	7.64	17.42	104159.81	50846	0	Tsung-DaoLee	
6525	3:23:14	1/1/2019 	12187073	944.00	136.00	36.93	17.42	104160.12	49808	0	Tsung-DaoLee	
6526	3:23:14	1/1/2019 	12187614	91.00	8.00	6.37	17.42	104160.12	49811	0	Tsung-DaoLee	
6527	3:23:15	1/1/2019 	12188007	598.00	9.00	14.00	17.42	104160.12	1827	0	Tsung-DaoLee	
6528	3:23:15	1/1/2019 	12188028	450.00	8.00	12.48	17.42	104160.12	1828	0	Tsung-DaoLee	
6529	3:23:15	1/1/2019 	12188646	76.00	8.00	6.07	17.42	104159.71	50858	0	Tsung-DaoLee	
6530	3:23:15	1/1/2019 	12188683	947.00	217.00	47.01	17.42	104159.71	1820	1	Tsung-DaoLee	
6531	3:23:16	1/1/2019 	12188859	640.00	10.00	14.71	17.42	104160.03	1822	0	Tsung-DaoLee	
6532	3:23:17	1/1/2019 	12189787	887.00	71.00	25.09	17.42	104160.03	49806	1	Tsung-DaoLee	
6533	3:23:17	1/1/2019 	12190075	946.00	124.00	34.70	17.42	104160.19	2650	1	Tsung-DaoLee	
6534	3:23:17	1/1/2019 	12190622	71.00	8.00	5.99	17.42	104160.19	49803	0	Tsung-DaoLee	
6535	3:23:17	1/1/2019 	12190638	640.00	9.00	14.45	17.42	104160.19	3311	0	Tsung-DaoLee	
6536	3:23:18	1/1/2019 	12190997	107.00	8.00	6.78	17.42	104160.19	1821	0	Tsung-DaoLee	
6537	3:23:18	1/1/2019 	12191641	751.00	22.00	18.63	17.42	104160.34	49803	0	Tsung-DaoLee	
6538	3:23:19	1/1/2019 	12191923	360.00	8.00	11.76	17.42	104160.51	1822	0	Tsung-DaoLee	
6539	3:23:19	1/1/2019 	12192162	918.00	101.00	30.22	17.42	104160.51	1822	1	Tsung-DaoLee	
6540	3:23:20	1/1/2019 	12192944	603.00	9.00	14.06	17.42	104160.83	49803	0	Tsung-DaoLee	
6541	3:23:21	1/1/2019 	12193822	120.00	7.00	7.15	17.42	104161.25	50767	0	Tsung-DaoLee	
6542	3:23:22	1/1/2019 	12194934	78.00	8.00	6.10	17.42	104161.14	49803	0	Tsung-DaoLee	
6543	3:23:22	1/1/2019 	12195075	159.00	8.00	8.27	17.42	104161.56	1820	0	Tsung-DaoLee	
6544	3:23:22	1/1/2019 	12195178	102.00	7.00	6.64	17.42	104161.56	1819	0	Tsung-DaoLee	
6545	3:23:22	1/1/2019 	12195663	672.00	11.00	15.24	17.42	104161.56	49802	0	Tsung-DaoLee	
6546	3:23:23	1/1/2019 	12196405	724.00	21.00	18.28	17.42	104161.88	1821	1	Tsung-DaoLee	
6547	3:23:23	1/1/2019 	12196480	818.00	41.00	21.63	17.42	104161.88	2790	0	Tsung-DaoLee	
6548	3:23:24	1/1/2019 	12197005	63.00	7.00	5.91	17.42	104162.20	49802	0	Tsung-DaoLee	
6549	3:23:24	1/1/2019 	12197407	944.00	141.00	37.80	17.42	104162.52	1822	1	Tsung-DaoLee	
6550	3:23:24	1/1/2019 	12197669	677.00	11.00	15.26	17.42	104162.84	49803	0	Tsung-DaoLee	
6551	3:23:26	1/1/2019 	12199018	451.00	9.00	12.57	17.42	104164.11	49802	0	Tsung-DaoLee	
6552	3:23:26	1/1/2019 	12199125	217.00	12.00	9.72	17.42	104166.66	2897	0	Tsung-DaoLee	
6553	3:23:26	1/1/2019 	12199593	406.00	8.00	12.17	17.42	104169.20	49804	0	Tsung-DaoLee	
6554	3:23:27	1/1/2019 	12200322	947.00	208.00	46.18	17.42	104172.23	2702	0	Tsung-DaoLee	
6555	3:23:27	1/1/2019 	12200707	730.00	17.00	17.30	17.42	104175.10	49805	0	Tsung-DaoLee	
6556	3:23:28	1/1/2019 	12201055	473.00	9.00	12.72	17.42	104175.10	1821	0	Tsung-DaoLee	
6557	3:23:29	1/1/2019 	12201799	221.00	8.00	9.75	17.42	104182.42	49803	0	Tsung-DaoLee	
6558	3:23:29	1/1/2019 	12202146	711.00	15.00	16.65	17.42	104186.16	3344	0	Tsung-DaoLee	
6559	3:23:31	1/1/2019 	12204387	101.00	8.00	6.62	17.42	104196.66	97786	0	Tsung-DaoLee	
6560	3:23:31	1/1/2019 	12204755	359.00	8.00	11.75	17.42	104197.32	49803	0	Tsung-DaoLee	
6561	3:23:32	1/1/2019 	12205010	152.00	8.00	8.07	17.42	104197.32	1820	0	Tsung-DaoLee	
6562	3:23:32	1/1/2019 	12205439	115.00	8.00	7.01	17.42	104197.95	1821	0	Tsung-DaoLee	
6563	3:23:33	1/1/2019 	12205794	947.00	396.00	73.72	17.42	104198.59	49803	1	Tsung-DaoLee	
6564	3:23:33	1/1/2019 	12205821	372.00	8.00	11.88	17.42	104198.59	2817	0	Tsung-DaoLee	
6565	3:23:34	1/1/2019 	12206960	588.00	9.00	13.87	17.42	104199.55	49803	1	Tsung-DaoLee	
6566	3:23:34	1/1/2019 	12207306	280.00	8.00	10.78	17.42	104199.55	1822	0	Tsung-DaoLee	
6567	3:23:34	1/1/2019 	12207382	66.00	8.00	5.93	17.42	104199.55	1821	0	Tsung-DaoLee	
6568	3:23:35	1/1/2019 	12207784	73.00	8.00	6.02	17.41	104198.78	49804	0	Tsung-DaoLee	
6569	3:23:36	1/1/2019 	12209126	340.00	8.00	11.55	17.42	104198.12	49806	0	Tsung-DaoLee	
6570	3:23:37	1/1/2019 	12209911	950.00	533.00	91.58	17.42	104196.53	50810	0	Tsung-DaoLee	
6571	3:23:37	1/1/2019 	12210317	82.00	8.00	6.17	17.42	104196.53	2749	0	Tsung-DaoLee	
6572	3:23:37	1/1/2019 	12210643	386.00	8.00	12.00	17.42	104195.89	49803	0	Tsung-DaoLee	
6573	3:23:38	1/1/2019 	12211193	725.00	17.00	17.28	17.42	104195.41	1821	0	Tsung-DaoLee	
6574	3:23:38	1/1/2019 	12211426	951.00	332.00	62.61	17.42	104195.39	1823	1	Tsung-DaoLee	
6575	3:23:38	1/1/2019 	12211737	66.00	8.00	5.93	17.42	104195.39	49804	0	Tsung-DaoLee	
6576	3:23:39	1/1/2019 	12212110	663.00	10.00	14.89	17.42	104194.91	3370	0	Tsung-DaoLee	
6577	3:23:40	1/1/2019 	12213002	944.00	379.00	70.97	17.42	104193.95	49804	1	Tsung-DaoLee	
6578	3:23:40	1/1/2019 	12213015	947.00	150.00	39.29	17.42	104193.95	1823	0	Tsung-DaoLee	
6579	3:23:40	1/1/2019 	12213185	766.00	28.00	19.83	17.42	104193.95	1822	0	Tsung-DaoLee	
6580	3:23:40	1/1/2019 	12213191	478.00	8.00	12.67	17.42	104193.95	1822	0	Tsung-DaoLee	
6581	3:23:40	1/1/2019 	12213571	943.00	121.00	34.12	17.42	104194.22	50926	0	Tsung-DaoLee	
6582	3:23:40	1/1/2019 	12213657	512.00	8.00	12.92	17.42	104194.22	1822	0	Tsung-DaoLee	
6583	3:23:41	1/1/2019 	12214414	64.00	7.00	5.91	17.42	104193.89	1821	0	Tsung-DaoLee	
6584	3:23:42	1/1/2019 	12215041	350.00	9.00	11.71	17.42	104193.73	49802	0	Tsung-DaoLee	
6585	3:23:42	1/1/2019 	12215427	935.00	115.00	32.95	17.42	104193.73	1823	0	Tsung-DaoLee	
6586	3:23:43	1/1/2019 	12216209	115.00	8.00	7.01	17.42	104193.39	49803	0	Tsung-DaoLee	
6587	3:23:43	1/1/2019 	12216282	600.00	9.00	14.02	17.42	104193.39	2849	0	Tsung-DaoLee	
6588	3:23:44	1/1/2019 	12217013	966.00	951.00	255.15	17.43	104193.05	49805	1	Tsung-DaoLee	
6589	3:23:45	1/1/2019 	12218226	86.00	8.00	6.26	17.43	104191.94	49805	0	Tsung-DaoLee	
6590	3:23:47	1/1/2019 	12220592	72.00	8.00	6.00	17.43	104190.73	145766	0	Tsung-DaoLee	
6591	3:23:47	1/1/2019 	12220600	155.00	9.00	8.16	17.43	104190.73	2791	0	Tsung-DaoLee	
6592	3:23:49	1/1/2019 	12222303	71.00	8.00	5.99	17.43	104190.20	49801	0	Tsung-DaoLee	
6593	3:23:50	1/1/2019 	12223193	820.00	40.00	21.52	17.44	104190.02	51379	0	Tsung-DaoLee	
6594	3:23:50	1/1/2019 	12223340	947.00	124.00	34.70	17.44	104190.02	1822	0	Tsung-DaoLee	
6595	3:23:51	1/1/2019 	12224221	943.00	329.00	62.06	17.44	104189.55	49803	1	Tsung-DaoLee	
6596	3:23:51	1/1/2019 	12224551	191.00	8.00	9.09	17.44	104189.55	49805	0	Tsung-DaoLee	
6597	3:23:52	1/1/2019 	12224876	717.00	16.00	16.97	17.44	104189.68	1820	0	Tsung-DaoLee	
6598	3:23:52	1/1/2019 	12225286	787.00	36.00	21.01	17.44	104189.68	1822	0	Tsung-DaoLee	
6599	3:23:53	1/1/2019 	12225849	396.00	8.00	12.09	17.44	104189.94	50851	0	Tsung-DaoLee	
6600	3:23:53	1/1/2019 	12226353	948.00	363.00	68.21	17.44	104189.94	1822	1	Tsung-DaoLee	
6601	3:23:54	1/1/2019 	12226853	82.00	5.00	6.17	17.44	104190.08	49804	0	Tsung-DaoLee	
6602	3:23:54	1/1/2019 	12227027	880.00	65.00	24.28	17.44	104190.08	1822	1	Tsung-DaoLee	
6603	3:23:54	1/1/2019 	12227724	240.00	8.00	10.11	17.44	104189.59	49806	0	Tsung-DaoLee	
6604	3:23:54	1/1/2019 	12227751	948.00	153.00	39.76	17.44	104189.59	5100	0	Tsung-DaoLee	
6605	3:23:55	1/1/2019 	12227843	899.00	77.00	25.98	17.44	104189.59	1822	0	Tsung-DaoLee	
6606	3:23:55	1/1/2019 	12228218	67.00	8.00	5.94	17.45	104189.89	1821	0	Tsung-DaoLee	
6607	3:23:56	1/1/2019 	12229604	843.00	49.00	22.47	17.45	104189.99	97787	0	Tsung-DaoLee	
6608	3:23:56	1/1/2019 	12229667	77.00	8.00	6.08	17.45	104189.99	2661	0	Tsung-DaoLee	
6609	3:23:57	1/1/2019 	12229822	641.00	9.00	14.46	17.45	104189.83	1821	0	Tsung-DaoLee	
6610	3:23:57	1/1/2019 	12230181	896.00	80.00	26.44	17.45	104189.83	3419	0	Tsung-DaoLee	
6611	3:23:58	1/1/2019 	12231378	659.00	11.00	15.15	17.45	104189.65	49806	0	Tsung-DaoLee	
6612	3:23:59	1/1/2019 	12231781	895.00	80.00	26.44	17.45	104189.65	49804	1	Tsung-DaoLee	
6613	3:23:59	1/1/2019 	12231846	921.00	102.00	30.41	17.45	104189.65	1822	0	Tsung-DaoLee	
6614	3:23:59	1/1/2019 	12231907	264.00	8.00	10.53	17.45	104189.65	1820	0	Tsung-DaoLee	
6615	3:24:01	1/1/2019 	12234126	948.00	593.00	103.22	17.46	104189.89	97786	1	Tsung-DaoLee	
6616	3:24:02	1/1/2019 	12235238	948.00	357.00	67.14	17.46	104190.19	50774	1	Tsung-DaoLee	
6617	3:24:02	1/1/2019 	12235690	136.00	8.00	7.62	17.46	104190.44	49806	0	Tsung-DaoLee	
6618	3:24:03	1/1/2019 	12235944	104.00	8.00	6.70	17.46	104190.60	1821	0	Tsung-DaoLee	
6619	3:24:03	1/1/2019 	12236214	119.00	8.00	7.12	17.46	104190.60	1822	0	Tsung-DaoLee	
6620	3:24:04	1/1/2019 	12237153	254.00	8.00	10.36	17.46	104190.89	49802	0	Tsung-DaoLee	
6621	3:24:05	1/1/2019 	12238402	948.00	479.00	84.30	17.46	104190.73	49805	1	Tsung-DaoLee	
6622	3:24:05	1/1/2019 	12238593	697.00	13.00	15.98	17.46	104190.73	50779	0	Tsung-DaoLee	
6623	3:24:07	1/1/2019 	12239830	460.00	9.00	12.63	17.47	104191.00	49805	1	Tsung-DaoLee	
6624	3:24:07	1/1/2019 	12240057	149.00	8.00	7.99	17.47	104191.45	2708	0	Tsung-DaoLee	
6625	3:24:07	1/1/2019 	12240700	169.00	8.00	8.54	17.47	104191.45	49802	0	Tsung-DaoLee	
6626	3:24:08	1/1/2019 	12241346	112.00	8.00	6.92	17.47	104191.12	1823	0	Tsung-DaoLee	
6627	3:24:08	1/1/2019 	12241398	125.00	8.00	7.29	17.47	104191.12	3351	0	Tsung-DaoLee	
6628	3:24:08	1/1/2019 	12241563	946.00	146.00	38.64	17.47	104191.43	49808	0	Tsung-DaoLee	
6629	3:24:09	1/1/2019 	12242054	949.00	704.00	127.21	17.47	104191.43	1822	1	Tsung-DaoLee	
6630	3:24:10	1/1/2019 	12242953	312.00	8.00	11.22	17.47	104191.11	49806	0	Tsung-DaoLee	
6631	3:24:11	1/1/2019 	12243780	746.00	20.00	18.14	17.47	104191.53	49805	0	Tsung-DaoLee	
6632	3:24:11	1/1/2019 	12243948	752.00	23.00	18.85	17.47	104191.53	1823	1	Tsung-DaoLee	
6633	3:24:12	1/1/2019 	12245144	941.00	132.00	36.20	17.48	104191.50	50797	1	Tsung-DaoLee	
6634	3:24:13	1/1/2019 	12246079	160.00	8.00	8.30	17.48	104191.50	49806	0	Tsung-DaoLee	
6635	3:24:14	1/1/2019 	12246797	945.00	128.00	35.46	17.48	104191.80	49803	0	Tsung-DaoLee	
6636	3:24:14	1/1/2019 	12247439	147.00	8.00	7.93	17.48	104191.64	1822	0	Tsung-DaoLee	
6637	3:24:14	1/1/2019 	12247604	940.00	117.00	33.35	17.48	104191.64	49802	0	Tsung-DaoLee	
6638	3:24:16	1/1/2019 	12249767	157.00	8.00	8.21	17.48	104192.52	97784	0	Tsung-DaoLee	
6639	3:24:18	1/1/2019 	12251436	74.00	8.00	6.03	17.48	104192.36	52241	0	Tsung-DaoLee	
6640	3:24:19	1/1/2019 	12252206	216.00	8.00	9.65	17.49	104192.77	49802	0	Tsung-DaoLee	
6641	3:24:20	1/1/2019 	12253245	949.00	375.00	70.30	17.49	104192.77	49804	0	Tsung-DaoLee	
6642	3:24:20	1/1/2019 	12253670	877.00	61.00	23.80	17.49	104193.23	49804	0	Tsung-DaoLee	
6643	3:24:21	1/1/2019 	12254266	753.00	22.00	18.63	17.49	104193.23	1821	0	Tsung-DaoLee	
6644	3:24:21	1/1/2019 	12254722	70.00	8.00	5.98	17.49	104193.23	49803	0	Tsung-DaoLee	
6645	3:24:22	1/1/2019 	12255096	946.00	170.00	42.14	17.49	104193.23	2836	0	Tsung-DaoLee	
6646	3:24:23	1/1/2019 	12255903	321.00	8.00	11.33	17.49	104193.84	49805	0	Tsung-DaoLee	
6647	3:24:23	1/1/2019 	12255906	184.00	8.00	8.92	17.49	104193.84	1823	0	Tsung-DaoLee	
6648	3:24:24	1/1/2019 	12257167	549.00	8.00	13.26	17.49	104194.16	49803	0	Tsung-DaoLee	
6649	3:24:25	1/1/2019 	12258215	699.00	14.00	16.30	17.49	104194.58	49803	0	Tsung-DaoLee	
6650	3:24:25	1/1/2019 	12258368	883.00	71.00	25.08	17.49	104194.58	2843	0	Tsung-DaoLee	
6651	3:24:28	1/1/2019 	12261583	945.00	278.00	53.73	17.50	104195.80	193747	0	Tsung-DaoLee	
6652	3:24:29	1/1/2019 	12262354	76.00	8.00	6.07	17.50	104195.80	2788	0	Tsung-DaoLee	
6653	3:24:29	1/1/2019 	12262440	680.00	11.00	15.27	17.50	104195.80	1821	0	Tsung-DaoLee	
6654	3:24:29	1/1/2019 	12262490	396.00	8.00	12.09	17.50	104196.55	1822	0	Tsung-DaoLee	
6655	3:24:30	1/1/2019 	12262796	868.00	61.00	23.78	17.50	104196.55	49803	0	Tsung-DaoLee	
6656	3:24:30	1/1/2019 	12262945	408.00	8.00	12.18	17.50	104196.55	3393	0	Tsung-DaoLee	
6657	3:24:31	1/1/2019 	12264315	942.00	238.00	49.00	17.50	104196.38	49801	1	Tsung-DaoLee	
6658	3:24:33	1/1/2019 	12266348	585.00	9.00	13.83	17.50	104196.68	97785	0	Tsung-DaoLee	
6659	3:24:34	1/1/2019 	12267071	74.00	7.00	6.03	17.51	104196.94	49804	0	Tsung-DaoLee	
6660	3:24:35	1/1/2019 	12268032	64.00	8.00	5.92	17.51	104196.78	49801	0	Tsung-DaoLee	
6661	3:24:35	1/1/2019 	12268091	91.00	8.00	6.37	17.51	104196.94	1822	0	Tsung-DaoLee	
6662	3:24:35	1/1/2019 	12268095	822.00	41.00	21.63	17.51	104196.94	2863	0	Tsung-DaoLee	
6663	3:24:36	1/1/2019 	12269119	79.00	8.00	6.12	17.51	104197.08	49803	0	Tsung-DaoLee	
6664	3:24:37	1/1/2019 	12270306	139.00	8.00	7.70	17.51	104197.08	49802	0	Tsung-DaoLee	
6665	3:24:37	1/1/2019 	12270568	62.00	8.00	5.90	17.51	104197.08	50630	0	Tsung-DaoLee	
6666	3:24:38	1/1/2019 	12270874	945.00	134.00	36.57	17.51	104197.53	1821	0	Tsung-DaoLee	
6667	3:24:38	1/1/2019 	12270977	630.00	9.00	14.37	17.51	104197.53	1822	0	Tsung-DaoLee	
6668	3:24:38	1/1/2019 	12271636	438.00	8.00	12.40	17.51	104197.53	51390	0	Tsung-DaoLee	
6669	3:24:39	1/1/2019 	12271847	947.00	161.00	40.94	17.51	104197.53	1822	0	Tsung-DaoLee	
6670	3:24:39	1/1/2019 	12272168	947.00	217.00	47.01	17.51	104197.53	1822	0	Tsung-DaoLee	
6671	3:24:39	1/1/2019 	12272439	683.00	12.00	15.61	17.51	104197.53	1821	1	Tsung-DaoLee	
6672	3:24:40	1/1/2019 	12273429	942.00	142.00	37.97	17.51	104198.27	49803	0	Tsung-DaoLee	
6673	3:24:40	1/1/2019 	12273709	68.00	7.00	5.95	17.51	104198.42	49804	0	Tsung-DaoLee	
6674	3:24:41	1/1/2019 	12273799	918.00	102.00	30.41	17.51	104198.42	2777	0	Tsung-DaoLee	
6675	3:24:41	1/1/2019 	12274685	950.00	679.00	122.55	17.51	104198.42	49805	1	Tsung-DaoLee	
6676	3:24:42	1/1/2019 	12275018	917.00	102.00	30.41	17.52	104198.88	1822	1	Tsung-DaoLee	
6677	3:24:42	1/1/2019 	12275482	745.00	21.00	18.38	17.52	104198.88	1823	0	Tsung-DaoLee	
6678	3:24:42	1/1/2019 	12275623	102.00	8.00	6.65	17.52	104198.88	49803	0	Tsung-DaoLee	
6679	3:24:44	1/1/2019 	12276846	88.00	8.00	6.30	17.52	104199.81	50765	0	Tsung-DaoLee	
6680	3:24:44	1/1/2019 	12276883	458.00	8.00	12.54	17.52	104199.81	1821	0	Tsung-DaoLee	
6681	3:24:44	1/1/2019 	12276897	93.00	8.00	6.42	17.52	104199.81	1822	0	Tsung-DaoLee	
6682	3:24:44	1/1/2019 	12276920	948.00	269.00	52.52	17.52	104199.81	1819	0	Tsung-DaoLee	
6683	3:24:45	1/1/2019 	12277862	227.00	8.00	9.87	17.52	104200.55	49804	0	Tsung-DaoLee	
6684	3:24:45	1/1/2019 	12278324	948.00	249.00	50.14	17.52	104200.39	1822	0	Tsung-DaoLee	
6685	3:24:45	1/1/2019 	12278612	542.00	8.00	13.19	17.52	104200.39	50772	0	Tsung-DaoLee	
6686	3:24:46	1/1/2019 	12279008	748.00	22.00	18.62	17.52	104200.84	1822	0	Tsung-DaoLee	
6687	3:24:46	1/1/2019 	12279761	103.00	8.00	6.67	17.52	104201.01	49805	0	Tsung-DaoLee	
6688	3:24:47	1/1/2019 	12279973	213.00	8.00	9.58	17.52	104201.01	2698	0	Tsung-DaoLee	
6689	3:24:48	1/1/2019 	12280834	118.00	8.00	7.09	17.52	104200.84	49802	0	Tsung-DaoLee	
6690	3:24:48	1/1/2019 	12280910	921.00	100.00	30.03	17.52	104201.01	1822	0	Tsung-DaoLee	
6691	3:24:48	1/1/2019 	12281127	882.00	70.00	24.94	17.52	104201.01	3304	0	Tsung-DaoLee	
6692	3:24:49	1/1/2019 	12282331	945.00	131.00	36.02	17.53	104201.27	49803	0	Tsung-DaoLee	
6693	3:24:50	1/1/2019 	12283031	415.00	8.00	12.24	17.53	104201.88	49806	0	Tsung-DaoLee	
6694	3:24:50	1/1/2019 	12283053	671.00	11.00	15.24	17.53	104201.88	1829	0	Tsung-DaoLee	
6695	3:24:50	1/1/2019 	12283243	612.00	9.00	14.17	17.53	104201.88	1827	0	Tsung-DaoLee	
6696	3:24:50	1/1/2019 	12283412	952.00	326.00	61.53	17.53	104201.56	1826	0	Tsung-DaoLee	
6697	3:24:51	1/1/2019 	12283831	722.00	16.00	16.98	17.53	104201.56	50759	0	Tsung-DaoLee	
6698	3:24:51	1/1/2019 	12284066	423.00	8.00	12.30	17.53	104201.56	1822	0	Tsung-DaoLee	
6699	3:24:52	1/1/2019 	12285714	172.00	8.00	8.62	17.53	104202.33	97784	1	Tsung-DaoLee	
6700	3:24:53	1/1/2019 	12285877	77.00	7.00	6.08	17.53	104202.33	1822	0	Tsung-DaoLee	
6701	3:24:53	1/1/2019 	12286671	162.00	8.00	8.35	17.53	104202.02	49803	0	Tsung-DaoLee	
6702	3:24:53	1/1/2019 	12286701	615.00	8.00	13.99	17.53	104202.02	2815	1	Tsung-DaoLee	
6703	3:24:54	1/1/2019 	12286813	659.00	10.00	14.87	17.53	104202.02	1821	0	Tsung-DaoLee	
6704	3:24:54	1/1/2019 	12287054	949.00	395.00	73.57	17.53	104202.44	1822	1	Tsung-DaoLee	
6705	3:24:54	1/1/2019 	12287704	939.00	117.00	33.35	17.53	104202.59	49803	0	Tsung-DaoLee	
6706	3:24:55	1/1/2019 	12288264	950.00	746.00	133.99	17.53	104202.44	1822	1	Tsung-DaoLee	
6707	3:24:55	1/1/2019 	12288353	162.00	8.00	8.35	17.53	104202.44	1823	0	Tsung-DaoLee	
6708	3:24:55	1/1/2019 	12288377	960.00	863.00	156.18	17.53	104202.44	2923	0	Tsung-DaoLee	
6709	3:24:56	1/1/2019 	12289010	617.00	9.00	14.23	17.53	104202.27	49804	0	Tsung-DaoLee	
6710	3:24:56	1/1/2019 	12289721	505.00	9.00	12.97	17.53	104202.73	49805	0	Tsung-DaoLee	
6711	3:24:57	1/1/2019 	12290041	325.00	8.00	11.38	17.53	104202.73	2746	0	Tsung-DaoLee	
6712	3:24:57	1/1/2019 	12290344	953.00	560.00	96.36	17.53	104202.89	1823	0	Tsung-DaoLee	
6713	3:24:58	1/1/2019 	12291086	189.00	8.00	9.04	17.53	104202.57	49804	0	Tsung-DaoLee	
6714	3:24:58	1/1/2019 	12291149	924.00	104.00	30.80	17.53	104202.57	3375	0	Tsung-DaoLee	
6715	3:24:58	1/1/2019 	12291408	950.00	138.00	37.28	17.53	104202.57	1823	1	Tsung-DaoLee	
6716	3:24:58	1/1/2019 	12291433	189.00	8.00	9.04	17.53	104202.57	1823	0	Tsung-DaoLee	
6717	3:24:59	1/1/2019 	12292570	950.00	667.00	119.99	17.54	104203.15	97784	1	Tsung-DaoLee	
6718	3:24:59	1/1/2019 	12292749	526.00	8.00	13.04	17.54	104202.98	1822	0	Tsung-DaoLee	
6719	3:25:00	1/1/2019 	12292901	794.00	37.00	21.15	17.54	104202.98	1821	0	Tsung-DaoLee	
6720	3:25:00	1/1/2019 	12293367	93.00	8.00	6.42	17.54	104203.15	2848	0	Tsung-DaoLee	
6721	3:25:01	1/1/2019 	12294280	853.00	53.00	22.89	17.54	104202.98	49804	1	Tsung-DaoLee	
6722	3:25:01	1/1/2019 	12294759	329.00	9.00	11.47	17.54	104202.98	49806	0	Tsung-DaoLee	
6723	3:25:02	1/1/2019 	12295591	940.00	122.00	34.32	17.54	104203.44	49805	0	Tsung-DaoLee	
6724	3:25:03	1/1/2019 	12295943	942.00	148.00	38.97	17.54	104203.44	1823	0	Tsung-DaoLee	
6725	3:25:03	1/1/2019 	12296593	84.00	7.00	6.21	17.54	104203.28	50834	0	Tsung-DaoLee	
6726	3:25:03	1/1/2019 	12296607	117.00	7.00	7.06	17.54	104203.28	1820	0	Tsung-DaoLee	
6727	3:25:05	1/1/2019 	12298293	428.00	8.00	12.33	17.54	104203.58	49803	0	Tsung-DaoLee	
6728	3:25:05	1/1/2019 	12298562	232.00	8.00	9.97	17.54	104203.58	49805	0	Tsung-DaoLee	
6729	3:25:05	1/1/2019 	12298771	884.00	69.00	24.81	17.54	104203.58	1820	0	Tsung-DaoLee	
6730	3:25:06	1/1/2019 	12299296	885.00	68.00	24.68	17.54	104203.42	1822	0	Tsung-DaoLee	
6731	3:25:07	1/1/2019 	12299822	705.00	14.00	16.32	17.54	104203.84	50840	0	Tsung-DaoLee	
6732	3:25:07	1/1/2019 	12300313	834.00	47.00	22.26	17.54	104204.00	2642	0	Tsung-DaoLee	
6733	3:25:07	1/1/2019 	12300738	748.00	22.00	18.62	17.54	104204.00	49805	1	Tsung-DaoLee	
6734	3:25:08	1/1/2019 	12300905	917.00	98.00	29.64	17.54	104204.00	1823	0	Tsung-DaoLee	
6735	3:25:08	1/1/2019 	12301107	925.00	108.00	31.58	17.54	104204.00	1823	0	Tsung-DaoLee	
6736	3:25:09	1/1/2019 	12302137	943.00	126.00	35.08	17.55	104204.77	49804	0	Tsung-DaoLee	
6737	3:25:10	1/1/2019 	12303342	909.00	88.00	27.81	17.55	104204.77	51290	1	Tsung-DaoLee	
6738	3:25:11	1/1/2019 	12304425	892.00	73.00	25.38	17.55	104204.93	49805	1	Tsung-DaoLee	
6739	3:25:12	1/1/2019 	12304954	618.00	10.00	14.46	17.55	104205.38	49806	0	Tsung-DaoLee	
6740	3:25:12	1/1/2019 	12305331	64.00	8.00	5.92	17.55	104205.38	1822	0	Tsung-DaoLee	
6741	3:25:12	1/1/2019 	12305496	955.00	790.00	141.09	17.55	104205.38	1820	1	Tsung-DaoLee	
6742	3:25:13	1/1/2019 	12305891	945.00	294.00	56.10	17.55	104205.55	49805	0	Tsung-DaoLee	
6743	3:25:13	1/1/2019 	12306059	221.00	8.00	9.75	17.55	104205.55	2778	0	Tsung-DaoLee	
6744	3:25:13	1/1/2019 	12306262	887.00	73.00	25.37	17.55	104205.55	1821	0	Tsung-DaoLee	
6745	3:25:13	1/1/2019 	12306565	527.00	9.00	13.16	17.55	104205.55	49805	0	Tsung-DaoLee	
6746	3:25:14	1/1/2019 	12307415	247.00	8.00	10.24	17.55	104205.70	1821	0	Tsung-DaoLee	
6747	3:25:14	1/1/2019 	12307681	121.00	8.00	7.18	17.55	104206.12	49807	0	Tsung-DaoLee	
6748	3:25:15	1/1/2019 	12308675	585.00	9.00	13.83	17.55	104206.12	50772	0	Tsung-DaoLee	
6749	3:25:16	1/1/2019 	12308833	942.00	273.00	53.04	17.55	104206.12	1828	1	Tsung-DaoLee	
6750	3:25:17	1/1/2019 	12309924	949.00	329.00	62.07	17.55	104205.80	49810	1	Tsung-DaoLee	
6751	3:25:18	1/1/2019 	12311574	77.00	8.00	6.08	17.55	104205.96	98650	0	Tsung-DaoLee	
6752	3:25:20	1/1/2019 	12313394	943.00	176.00	42.88	17.55	104206.41	49803	0	Tsung-DaoLee	
6753	3:25:20	1/1/2019 	12313587	946.00	161.00	40.94	17.55	104206.41	49805	0	Tsung-DaoLee	
6754	3:25:20	1/1/2019 	12313711	207.00	8.00	9.45	17.55	104206.41	3334	0	Tsung-DaoLee	
6755	3:25:21	1/1/2019 	12314568	71.00	8.00	5.99	17.55	104206.25	49801	0	Tsung-DaoLee	
6756	3:25:22	1/1/2019 	12315033	145.00	8.00	7.87	17.55	104206.09	1820	0	Tsung-DaoLee	
6757	3:25:22	1/1/2019 	12315086	137.00	8.00	7.64	17.55	104206.09	1822	0	Tsung-DaoLee	
6758	3:25:22	1/1/2019 	12315130	185.00	8.00	8.95	17.56	104206.68	1819	0	Tsung-DaoLee	
6759	3:25:24	1/1/2019 	12316975	943.00	256.00	50.93	17.56	104206.52	97784	0	Tsung-DaoLee	
6760	3:25:24	1/1/2019 	12317016	153.00	7.00	8.10	17.56	104206.52	2805	0	Tsung-DaoLee	
6761	3:25:24	1/1/2019 	12317397	927.00	109.00	31.78	17.56	104206.68	1820	1	Tsung-DaoLee	
6762	3:25:24	1/1/2019 	12317437	544.00	9.00	13.34	17.56	104206.68	1821	0	Tsung-DaoLee	
6763	3:25:25	1/1/2019 	12317885	127.00	8.00	7.35	17.56	104206.68	49802	0	Tsung-DaoLee	
6764	3:25:26	1/1/2019 	12319154	837.00	47.00	22.27	17.56	104206.97	49804	0	Tsung-DaoLee	
6765	3:25:27	1/1/2019 	12320471	947.00	621.00	109.74	17.56	104207.12	49806	0	Tsung-DaoLee	
6766	3:25:28	1/1/2019 	12321304	86.00	8.00	6.26	17.56	104207.59	52124	0	Tsung-DaoLee	
6767	3:25:28	1/1/2019 	12321751	953.00	657.00	117.82	17.56	104207.74	49803	0	Tsung-DaoLee	
6768	3:25:29	1/1/2019 	12322751	936.00	116.00	33.15	17.56	104208.06	49806	1	Tsung-DaoLee	
6769	3:25:30	1/1/2019 	12323300	757.00	25.00	19.27	17.56	104208.06	1823	1	Tsung-DaoLee	
6770	3:25:30	1/1/2019 	12323600	644.00	9.00	14.48	17.56	104208.06	49806	0	Tsung-DaoLee	
6771	3:25:31	1/1/2019 	12323785	647.00	10.00	14.78	17.56	104208.06	2827	0	Tsung-DaoLee	
6772	3:25:31	1/1/2019 	12324023	930.00	110.00	31.97	17.56	104208.06	1823	1	Tsung-DaoLee	
6773	3:25:32	1/1/2019 	12325215	755.00	25.00	19.26	17.56	104208.64	49805	0	Tsung-DaoLee	
6774	3:25:33	1/1/2019 	12326639	894.00	80.00	26.44	17.56	104208.64	97789	1	Tsung-DaoLee	
6775	3:25:34	1/1/2019 	12327354	890.00	72.00	25.23	17.56	104208.64	1823	0	Tsung-DaoLee	
6776	3:25:34	1/1/2019 	12327360	97.00	8.00	6.52	17.56	104208.48	1823	0	Tsung-DaoLee	
6777	3:25:35	1/1/2019 	12328610	101.00	8.00	6.62	17.57	104209.09	98796	0	Tsung-DaoLee	
6778	3:25:36	1/1/2019 	12328792	209.00	8.00	9.50	17.57	104209.09	1821	0	Tsung-DaoLee	
6779	3:25:36	1/1/2019 	12328953	909.00	86.00	27.46	17.57	104209.09	1821	0	Tsung-DaoLee	
6780	3:25:36	1/1/2019 	12329493	133.00	8.00	7.53	17.57	104209.25	1822	0	Tsung-DaoLee	
6781	3:25:36	1/1/2019 	12329572	710.00	15.00	16.64	17.57	104209.25	49804	0	Tsung-DaoLee	
6782	3:25:37	1/1/2019 	12330228	640.00	9.00	14.45	17.57	104209.09	2765	0	Tsung-DaoLee	
6783	3:25:38	1/1/2019 	12331014	192.00	8.00	9.11	17.57	104209.09	51365	0	Tsung-DaoLee	
6784	3:25:39	1/1/2019 	12331975	189.00	8.00	9.04	17.57	104209.87	49804	0	Tsung-DaoLee	
6785	3:25:39	1/1/2019 	12332174	950.00	512.00	88.44	17.57	104209.87	1822	0	Tsung-DaoLee	
6786	3:25:39	1/1/2019 	12332199	355.00	9.00	11.76	17.57	104209.87	1820	0	Tsung-DaoLee	
6787	3:25:39	1/1/2019 	12332205	841.00	45.00	22.07	17.57	104209.87	1821	0	Tsung-DaoLee	
6788	3:25:39	1/1/2019 	12332472	138.00	8.00	7.67	17.57	104209.71	1820	0	Tsung-DaoLee	
6789	3:25:39	1/1/2019 	12332643	945.00	122.00	34.32	17.57	104209.71	50835	1	Tsung-DaoLee	
6790	3:25:40	1/1/2019 	12332817	944.00	283.00	54.44	17.57	104209.71	1822	1	Tsung-DaoLee	
6791	3:25:40	1/1/2019 	12333470	947.00	271.00	52.78	17.57	104210.03	1822	1	Tsung-DaoLee	
6792	3:25:41	1/1/2019 	12334396	619.00	9.00	14.25	17.57	104210.98	49804	1	Tsung-DaoLee	
6793	3:25:41	1/1/2019 	12334438	962.00	927.00	197.09	17.57	104210.98	1822	0	Tsung-DaoLee	
6794	3:25:42	1/1/2019 	12334819	743.00	21.00	18.37	17.57	104211.62	50947	0	Tsung-DaoLee	
6795	3:25:42	1/1/2019 	12334864	902.00	85.00	27.28	17.57	104211.62	1829	0	Tsung-DaoLee	
6796	3:25:42	1/1/2019 	12335653	518.00	8.00	12.97	17.57	104210.84	49809	0	Tsung-DaoLee	
6797	3:25:43	1/1/2019 	12335910	945.00	404.00	74.93	17.57	104210.84	1821	0	Tsung-DaoLee	
6798	3:25:43	1/1/2019 	12336670	753.00	23.00	18.85	17.57	104211.33	49805	0	Tsung-DaoLee	
6799	3:25:44	1/1/2019 	12337263	912.00	96.00	29.26	17.57	104211.96	1822	1	Tsung-DaoLee	
6800	3:25:44	1/1/2019 	12337756	542.00	9.00	13.32	17.57	104212.44	50849	0	Tsung-DaoLee	
6801	3:25:46	1/1/2019 	12338959	192.00	8.00	9.11	17.57	104213.55	49805	0	Tsung-DaoLee	
6802	3:25:46	1/1/2019 	12339398	618.00	9.00	14.24	17.57	104213.88	1823	0	Tsung-DaoLee	
6803	3:25:47	1/1/2019 	12340083	173.00	8.00	8.64	17.57	104214.19	49808	0	Tsung-DaoLee	
6804	3:25:47	1/1/2019 	12340129	81.00	8.00	6.15	17.57	104214.19	2643	0	Tsung-DaoLee	
6805	3:25:48	1/1/2019 	12341024	942.00	260.00	51.40	17.57	104214.52	49804	1	Tsung-DaoLee	
6806	3:25:48	1/1/2019 	12341601	952.00	280.00	54.01	17.57	104214.52	51291	0	Tsung-DaoLee	
6807	3:25:48	1/1/2019 	12341637	179.00	8.00	8.80	17.57	104214.52	1821	0	Tsung-DaoLee	
6808	3:25:49	1/1/2019 	12342332	945.00	356.00	66.96	17.57	104214.19	1820	1	Tsung-DaoLee	
6809	3:25:49	1/1/2019 	12342703	525.00	8.00	13.03	17.57	104214.03	49807	0	Tsung-DaoLee	
6810	3:25:50	1/1/2019 	12343115	931.00	114.00	32.76	17.57	104214.03	1821	0	Tsung-DaoLee	
6811	3:25:50	1/1/2019 	12343182	207.00	10.00	9.48	17.57	104214.03	1821	0	Tsung-DaoLee	
6812	3:25:51	1/1/2019 	12344053	945.00	376.00	70.46	17.57	104214.17	50761	1	Tsung-DaoLee	
6813	3:25:52	1/1/2019 	12345749	204.00	8.00	9.39	17.57	104214.17	97791	0	Tsung-DaoLee	
6814	3:25:53	1/1/2019 	12345948	943.00	271.00	52.78	17.57	104214.02	1822	1	Tsung-DaoLee	
6815	3:25:53	1/1/2019 	12346174	428.00	8.00	12.33	17.57	104214.02	1822	0	Tsung-DaoLee	
6816	3:25:55	1/1/2019 	12348262	947.00	478.00	84.19	17.57	104213.95	97788	1	Tsung-DaoLee	
6817	3:25:56	1/1/2019 	12349026	719.00	16.00	16.97	17.57	104213.95	50768	0	Tsung-DaoLee	
6818	3:25:56	1/1/2019 	12349690	669.00	11.00	15.22	17.57	104213.80	49806	0	Tsung-DaoLee	
6819	3:25:56	1/1/2019 	12349706	304.00	8.00	11.11	17.57	104213.80	2691	0	Tsung-DaoLee	
6820	3:25:57	1/1/2019 	12350461	62.00	8.00	5.90	17.57	104213.47	1821	0	Tsung-DaoLee	
6821	3:25:58	1/1/2019 	12350810	375.00	8.00	11.91	17.57	104213.47	49806	0	Tsung-DaoLee	
6822	3:25:58	1/1/2019 	12351226	735.00	17.00	17.31	17.57	104213.63	1822	0	Tsung-DaoLee	
6823	3:25:58	1/1/2019 	12351295	857.00	58.00	23.43	17.57	104213.63	3435	0	Tsung-DaoLee	
6824	3:25:59	1/1/2019 	12352362	86.00	8.00	6.26	17.57	104213.92	49803	0	Tsung-DaoLee	
6825	3:25:59	1/1/2019 	12352496	372.00	8.00	11.88	17.57	104213.92	1822	0	Tsung-DaoLee	
6826	3:26:00	1/1/2019 	12353208	945.00	433.00	78.89	17.57	104213.92	49804	1	Tsung-DaoLee	
6827	3:26:01	1/1/2019 	12353954	912.00	88.00	27.81	17.57	104213.92	49805	0	Tsung-DaoLee	
6828	3:26:01	1/1/2019 	12354195	950.00	409.00	75.66	17.57	104213.92	1822	0	Tsung-DaoLee	
6829	3:26:01	1/1/2019 	12354605	91.00	8.00	6.37	17.58	104214.34	50786	0	Tsung-DaoLee	
6830	3:26:02	1/1/2019 	12355588	941.00	141.00	37.80	17.58	104214.34	49802	0	Tsung-DaoLee	
6831	3:26:02	1/1/2019 	12355763	146.00	7.00	7.90	17.58	104214.34	1824	0	Tsung-DaoLee	
6832	3:26:05	1/1/2019 	12358236	129.00	8.00	7.41	17.58	104215.28	97785	0	Tsung-DaoLee	
6833	3:26:05	1/1/2019 	12358700	147.00	8.00	7.93	17.58	104215.28	49805	0	Tsung-DaoLee	
6834	3:26:06	1/1/2019 	12358907	488.00	9.00	12.83	17.58	104215.28	1820	0	Tsung-DaoLee	
6835	3:26:06	1/1/2019 	12358949	555.00	8.00	13.33	17.58	104215.28	2811	0	Tsung-DaoLee	
6836	3:26:06	1/1/2019 	12359193	949.00	192.00	44.64	17.58	104215.12	1824	0	Tsung-DaoLee	
6837	3:26:06	1/1/2019 	12359616	950.00	135.00	36.75	17.58	104214.96	49810	0	Tsung-DaoLee	
6838	3:26:07	1/1/2019 	12359979	270.00	8.00	10.62	17.58	104214.96	2735	0	Tsung-DaoLee	
6839	3:26:07	1/1/2019 	12360378	455.00	8.00	12.52	17.58	104215.58	1822	1	Tsung-DaoLee	
6840	3:26:07	1/1/2019 	12360439	664.00	10.00	14.89	17.58	104215.58	3359	0	Tsung-DaoLee	
6841	3:26:09	1/1/2019 	12362036	725.00	17.00	17.28	17.58	104215.58	97789	0	Tsung-DaoLee	
6842	3:26:09	1/1/2019 	12362219	711.00	15.00	16.65	17.58	104215.41	1823	0	Tsung-DaoLee	
6843	3:26:09	1/1/2019 	12362327	89.00	8.00	6.32	17.58	104215.41	1821	0	Tsung-DaoLee	
6844	3:26:10	1/1/2019 	12363169	66.00	8.00	5.93	17.58	104215.41	49804	0	Tsung-DaoLee	
6845	3:26:10	1/1/2019 	12363232	669.00	11.00	15.22	17.58	104215.41	1821	0	Tsung-DaoLee	
6846	3:26:10	1/1/2019 	12363402	312.00	8.00	11.22	17.58	104215.41	2832	0	Tsung-DaoLee	
6847	3:26:10	1/1/2019 	12363656	945.00	128.00	35.46	17.58	104215.58	49806	1	Tsung-DaoLee	
6848	3:26:11	1/1/2019 	12364582	736.00	19.00	17.86	17.58	104215.99	49806	0	Tsung-DaoLee	
6849	3:26:12	1/1/2019 	12365318	146.00	8.00	7.90	17.58	104215.83	1822	0	Tsung-DaoLee	
6850	3:26:13	1/1/2019 	12365915	181.00	8.00	8.85	17.58	104215.67	49805	0	Tsung-DaoLee	
6851	3:26:13	1/1/2019 	12366636	692.00	12.00	15.64	17.58	104215.67	49806	0	Tsung-DaoLee	
6852	3:26:14	1/1/2019 	12366973	68.00	8.00	5.95	17.58	104215.67	2836	1	Tsung-DaoLee	
6853	3:26:14	1/1/2019 	12367625	201.00	8.00	9.32	17.58	104215.67	49805	0	Tsung-DaoLee	
6854	3:26:15	1/1/2019 	12368030	129.00	8.00	7.41	17.59	104216.29	1821	0	Tsung-DaoLee	
6855	3:26:16	1/1/2019 	12369201	940.00	118.00	33.54	17.59	104216.45	49805	0	Tsung-DaoLee	
6856	3:26:17	1/1/2019 	12370327	393.00	8.00	12.06	17.59	104216.61	49807	0	Tsung-DaoLee	
6857	3:26:18	1/1/2019 	12371202	634.00	10.00	14.65	17.59	104216.77	50763	0	Tsung-DaoLee	
6858	3:26:18	1/1/2019 	12371735	948.00	389.00	72.61	17.59	104216.77	51370	0	Tsung-DaoLee	
6859	3:26:19	1/1/2019 	12371782	922.00	107.00	31.38	17.59	104216.77	1823	0	Tsung-DaoLee	
6860	3:26:20	1/1/2019 	12373110	944.00	222.00	47.47	17.59	104216.91	49806	0	Tsung-DaoLee	
6861	3:26:20	1/1/2019 	12373579	666.00	10.00	14.90	17.59	104216.74	49805	0	Tsung-DaoLee	
6862	3:26:21	1/1/2019 	12374126	69.00	8.00	5.97	17.59	104216.58	1823	0	Tsung-DaoLee	
6863	3:26:21	1/1/2019 	12374368	945.00	221.00	47.38	17.59	104216.58	1821	1	Tsung-DaoLee	
6864	3:26:22	1/1/2019 	12374978	769.00	28.00	19.84	17.59	104216.42	50840	0	Tsung-DaoLee	
6865	3:26:22	1/1/2019 	12375267	637.00	9.00	14.43	17.59	104216.42	1823	0	Tsung-DaoLee	
6866	3:26:22	1/1/2019 	12375726	137.00	8.00	7.64	17.59	104217.00	49803	0	Tsung-DaoLee	
6867	3:26:24	1/1/2019 	12376868	606.00	8.00	13.90	17.59	104217.00	49803	0	Tsung-DaoLee	
6868	3:26:25	1/1/2019 	12378021	683.00	12.00	15.61	17.59	104216.84	49802	0	Tsung-DaoLee	
6869	3:26:26	1/1/2019 	12379081	856.00	57.00	23.32	17.59	104217.00	50847	0	Tsung-DaoLee	
6870	3:26:26	1/1/2019 	12379265	920.00	101.00	30.22	17.59	104217.00	1822	0	Tsung-DaoLee	
6871	3:26:26	1/1/2019 	12379392	122.00	8.00	7.21	17.59	104217.00	1822	0	Tsung-DaoLee	
6872	3:26:27	1/1/2019 	12380185	943.00	129.00	35.65	17.59	104217.45	49802	0	Tsung-DaoLee	
6873	3:26:27	1/1/2019 	12380249	603.00	9.00	14.06	17.59	104217.45	2646	0	Tsung-DaoLee	
6874	3:26:28	1/1/2019 	12381353	894.00	79.00	26.28	17.59	104217.61	49803	0	Tsung-DaoLee	
6875	3:26:28	1/1/2019 	12381362	413.00	8.00	12.22	17.59	104217.61	3271	0	Tsung-DaoLee	
6876	3:26:29	1/1/2019 	12381828	546.00	9.00	13.36	17.59	104217.61	49802	0	Tsung-DaoLee	
6877	3:26:29	1/1/2019 	12382159	643.00	10.00	14.74	17.60	104217.88	1824	0	Tsung-DaoLee	
6878	3:26:30	1/1/2019 	12382884	944.00	239.00	49.10	17.60	104217.72	49809	1	Tsung-DaoLee	
6879	3:26:30	1/1/2019 	12383157	198.00	8.00	9.25	17.60	104217.88	1825	0	Tsung-DaoLee	
6880	3:26:30	1/1/2019 	12383298	123.00	8.00	7.24	17.60	104217.88	1827	0	Tsung-DaoLee	
6881	3:26:30	1/1/2019 	12383374	239.00	8.00	10.10	17.60	104217.88	2749	0	Tsung-DaoLee	
6882	3:26:31	1/1/2019 	12384177	157.00	8.00	8.21	17.60	104217.72	49809	0	Tsung-DaoLee	
6883	3:26:31	1/1/2019 	12384326	127.00	8.00	7.35	17.60	104217.72	1822	0	Tsung-DaoLee	
6884	3:26:31	1/1/2019 	12384382	737.00	19.00	17.86	17.60	104217.72	1820	0	Tsung-DaoLee	
6885	3:26:32	1/1/2019 	12384841	944.00	298.00	56.74	17.60	104217.40	49805	0	Tsung-DaoLee	
6886	3:26:32	1/1/2019 	12385203	737.00	23.00	18.79	17.60	104217.56	1823	0	Tsung-DaoLee	
6887	3:26:33	1/1/2019 	12385911	917.00	97.00	29.45	17.60	104217.40	50766	0	Tsung-DaoLee	
6888	3:26:33	1/1/2019 	12385988	80.00	8.00	6.14	17.60	104217.40	1821	0	Tsung-DaoLee	
6889	3:26:34	1/1/2019 	12386926	140.00	7.00	7.73	17.60	104217.70	49803	0	Tsung-DaoLee	
6890	3:26:34	1/1/2019 	12386929	201.00	8.00	9.32	17.60	104217.70	1821	0	Tsung-DaoLee	
6891	3:26:34	1/1/2019 	12387284	950.00	308.00	58.39	17.60	104217.85	1821	0	Tsung-DaoLee	
6892	3:26:34	1/1/2019 	12387460	785.00	35.00	20.89	17.60	104217.85	2892	0	Tsung-DaoLee	
6893	3:26:34	1/1/2019 	12387497	710.00	15.00	16.64	17.60	104217.85	1821	0	Tsung-DaoLee	
6894	3:26:35	1/1/2019 	12388022	729.00	17.00	17.29	17.60	104217.85	49804	1	Tsung-DaoLee	
6895	3:26:35	1/1/2019 	12388624	263.00	8.00	10.51	17.60	104217.70	49806	0	Tsung-DaoLee	
6896	3:26:36	1/1/2019 	12388853	943.00	156.00	40.21	17.60	104217.85	1822	0	Tsung-DaoLee	
6897	3:26:36	1/1/2019 	12389104	372.00	8.00	11.88	17.60	104217.85	1822	0	Tsung-DaoLee	
6898	3:26:36	1/1/2019 	12389204	376.00	11.00	12.07	17.60	104218.02	2792	0	Tsung-DaoLee	
6899	3:26:36	1/1/2019 	12389295	928.00	107.00	31.39	17.60	104218.02	1821	1	Tsung-DaoLee	
6900	3:26:36	1/1/2019 	12389342	540.00	8.00	13.17	17.60	104218.02	1822	0	Tsung-DaoLee	
6901	3:26:37	1/1/2019 	12390335	104.00	8.00	6.70	17.60	104218.31	49805	0	Tsung-DaoLee	
6902	3:26:37	1/1/2019 	12390718	104.00	8.00	6.70	17.60	104218.31	50684	0	Tsung-DaoLee	
6903	3:26:38	1/1/2019 	12391293	942.00	207.00	46.09	17.60	104218.47	1821	1	Tsung-DaoLee	
6904	3:26:38	1/1/2019 	12391724	78.00	8.00	6.10	17.60	104218.47	51328	0	Tsung-DaoLee	
6905	3:26:39	1/1/2019 	12391813	943.00	134.00	36.57	17.60	104218.62	1824	1	Tsung-DaoLee	
6906	3:26:39	1/1/2019 	12392073	120.00	8.00	7.15	17.60	104218.62	1830	0	Tsung-DaoLee	
6907	3:26:39	1/1/2019 	12392318	950.00	340.00	64.06	17.60	104218.62	1827	0	Tsung-DaoLee	
6908	3:26:39	1/1/2019 	12392566	421.00	8.00	12.28	17.60	104218.62	49812	0	Tsung-DaoLee	
6909	3:26:40	1/1/2019 	12392841	109.00	8.00	6.84	17.60	104219.05	1826	0	Tsung-DaoLee	
6910	3:26:40	1/1/2019 	12392892	878.00	57.00	23.35	17.60	104219.05	2815	0	Tsung-DaoLee	
6911	3:26:40	1/1/2019 	12393063	748.00	23.00	18.84	17.60	104219.05	1822	0	Tsung-DaoLee	
6912	3:26:40	1/1/2019 	12393288	911.00	89.00	27.98	17.60	104219.05	1822	0	Tsung-DaoLee	
6913	3:26:41	1/1/2019 	12393823	85.00	8.00	6.24	17.60	104219.05	49803	0	Tsung-DaoLee	
6914	3:26:41	1/1/2019 	12394362	188.00	8.00	9.02	17.60	104218.88	1820	0	Tsung-DaoLee	
6915	3:26:41	1/1/2019 	12394495	653.00	10.00	14.83	17.60	104218.88	2820	0	Tsung-DaoLee	
6916	3:26:42	1/1/2019 	12395173	89.00	7.00	6.32	17.60	104218.73	49805	0	Tsung-DaoLee	
6917	3:26:42	1/1/2019 	12395201	81.00	8.00	6.15	17.60	104218.73	1821	1	Tsung-DaoLee	
6918	3:26:42	1/1/2019 	12395655	122.00	8.00	7.21	17.61	104219.34	49802	0	Tsung-DaoLee	
6919	3:26:43	1/1/2019 	12395799	96.00	8.00	6.49	17.61	104219.34	1820	0	Tsung-DaoLee	
6920	3:26:43	1/1/2019 	12395943	263.00	8.00	10.51	17.61	104219.34	1820	0	Tsung-DaoLee	
6921	3:26:43	1/1/2019 	12396084	134.00	7.00	7.55	17.61	104219.34	2826	0	Tsung-DaoLee	
6922	3:26:43	1/1/2019 	12396549	308.00	8.00	11.17	17.61	104219.50	49801	0	Tsung-DaoLee	
6923	3:26:43	1/1/2019 	12396666	685.00	12.00	15.61	17.61	104219.50	1821	0	Tsung-DaoLee	
6924	3:26:45	1/1/2019 	12398295	944.00	267.00	52.26	17.61	104219.50	49802	1	Tsung-DaoLee	
6925	3:26:45	1/1/2019 	12398388	756.00	25.00	19.27	17.61	104219.50	1823	0	Tsung-DaoLee	
6926	3:26:46	1/1/2019 	12398851	946.00	475.00	83.85	17.61	104219.66	49803	0	Tsung-DaoLee	
6927	3:26:46	1/1/2019 	12399257	502.00	8.00	12.84	17.61	104219.66	2833	1	Tsung-DaoLee	
6928	3:26:48	1/1/2019 	12401244	512.00	8.00	12.92	17.61	104220.08	97787	0	Tsung-DaoLee	
6929	3:26:48	1/1/2019 	12401250	953.00	691.00	124.89	17.61	104220.08	2764	1	Tsung-DaoLee	
6930	3:26:48	1/1/2019 	12401674	752.00	24.00	19.06	17.61	104220.39	49804	0	Tsung-DaoLee	
6931	3:26:49	1/1/2019 	12402269	906.00	85.00	27.28	17.61	104220.56	1822	0	Tsung-DaoLee	
6932	3:26:49	1/1/2019 	12402303	109.00	8.00	6.84	17.61	104220.56	1822	0	Tsung-DaoLee	
6933	3:26:49	1/1/2019 	12402626	553.00	9.00	13.44	17.61	104220.56	51366	0	Tsung-DaoLee	
6934	3:26:50	1/1/2019 	12402818	109.00	7.00	6.83	17.61	104220.56	1820	0	Tsung-DaoLee	
6935	3:26:50	1/1/2019 	12403730	925.00	106.00	31.19	17.61	104221.17	49805	1	Tsung-DaoLee	
6936	3:26:51	1/1/2019 	12403883	426.00	8.00	12.32	17.61	104221.17	1822	0	Tsung-DaoLee	
6937	3:26:51	1/1/2019 	12404453	107.00	8.00	6.78	17.61	104221.17	1821	0	Tsung-DaoLee	
6938	3:26:52	1/1/2019 	12404780	943.00	289.00	55.33	17.61	104221.33	49803	1	Tsung-DaoLee	
6939	3:26:52	1/1/2019 	12404933	211.00	8.00	9.54	17.61	104221.33	2854	0	Tsung-DaoLee	
6940	3:26:53	1/1/2019 	12405826	860.00	56.00	23.22	17.61	104221.17	49805	0	Tsung-DaoLee	
6941	3:26:53	1/1/2019 	12405850	950.00	428.00	78.25	17.61	104221.17	1822	0	Tsung-DaoLee	
6942	3:26:53	1/1/2019 	12405963	105.00	8.00	6.73	17.61	104221.17	1822	1	Tsung-DaoLee	
6943	3:26:54	1/1/2019 	12407578	151.00	8.00	8.05	17.61	104221.48	97786	0	Tsung-DaoLee	
6944	3:26:54	1/1/2019 	12407626	143.00	8.00	7.82	17.61	104221.48	2858	0	Tsung-DaoLee	
6945	3:26:55	1/1/2019 	12408408	918.00	103.00	30.60	17.61	104221.48	1820	0	Tsung-DaoLee	
6946	3:26:55	1/1/2019 	12408712	945.00	216.00	46.92	17.61	104221.48	49807	1	Tsung-DaoLee	
6947	3:26:56	1/1/2019 	12408806	689.00	13.00	15.94	17.61	104221.48	1822	0	Tsung-DaoLee	
6948	3:26:56	1/1/2019 	12409388	880.00	67.00	24.54	17.61	104221.95	1823	0	Tsung-DaoLee	
6949	3:26:56	1/1/2019 	12409422	757.00	25.00	19.27	17.61	104221.95	1821	0	Tsung-DaoLee	
6950	3:26:57	1/1/2019 	12410005	600.00	9.00	14.02	17.61	104221.78	50847	0	Tsung-DaoLee	
6951	3:26:57	1/1/2019 	12410151	106.00	8.00	6.75	17.61	104221.78	2643	0	Tsung-DaoLee	
6952	3:26:57	1/1/2019 	12410181	950.00	337.00	63.51	17.61	104221.95	1821	0	Tsung-DaoLee	
6953	3:26:58	1/1/2019 	12410991	922.00	105.00	30.99	17.61	104221.78	49806	1	Tsung-DaoLee	
6954	3:26:59	1/1/2019 	12412050	703.00	17.00	17.16	17.61	104221.95	49806	0	Tsung-DaoLee	
6955	3:26:59	1/1/2019 	12412425	413.00	9.00	12.29	17.61	104221.95	1821	0	Tsung-DaoLee	
6956	3:27:00	1/1/2019 	12413330	381.00	8.00	11.96	17.61	104221.95	51291	0	Tsung-DaoLee	
6957	3:27:01	1/1/2019 	12414385	470.00	9.00	12.70	17.61	104222.10	49805	0	Tsung-DaoLee	
6958	3:27:02	1/1/2019 	12415309	451.00	8.00	12.49	17.61	104222.10	49806	0	Tsung-DaoLee	
6959	3:27:02	1/1/2019 	12415337	515.00	9.00	13.05	17.61	104222.10	1822	0	Tsung-DaoLee	
6960	3:27:03	1/1/2019 	12416049	60.00	8.00	5.89	17.62	104222.36	49805	0	Tsung-DaoLee	
6961	3:27:03	1/1/2019 	12416095	922.00	102.00	30.41	17.62	104222.36	1822	1	Tsung-DaoLee	
6962	3:27:03	1/1/2019 	12416180	177.00	8.00	8.75	17.62	104222.36	2880	0	Tsung-DaoLee	
6963	3:27:03	1/1/2019 	12416249	949.00	346.00	65.15	17.62	104222.36	1821	0	Tsung-DaoLee	
6964	3:27:03	1/1/2019 	12416739	472.00	9.00	12.71	17.62	104222.36	49807	0	Tsung-DaoLee	
6965	3:27:04	1/1/2019 	12417683	590.00	9.00	13.90	17.62	104222.36	49805	0	Tsung-DaoLee	
6966	3:27:05	1/1/2019 	12417786	148.00	8.00	7.96	17.62	104222.36	1822	0	Tsung-DaoLee	
6967	3:27:05	1/1/2019 	12417793	951.00	547.00	93.88	17.62	104222.36	2781	1	Tsung-DaoLee	
6968	3:27:05	1/1/2019 	12418150	769.00	28.00	19.84	17.62	104222.36	1822	1	Tsung-DaoLee	
6969	3:27:05	1/1/2019 	12418562	350.00	8.00	11.66	17.62	104222.36	49806	0	Tsung-DaoLee	
6970	3:27:06	1/1/2019 	12419064	664.00	10.00	14.89	17.62	104222.36	1821	0	Tsung-DaoLee	
6971	3:27:06	1/1/2019 	12419175	714.00	15.00	16.66	17.62	104222.36	1823	0	Tsung-DaoLee	
6972	3:27:06	1/1/2019 	12419633	336.00	8.00	11.51	17.62	104222.98	49806	0	Tsung-DaoLee	
6973	3:27:07	1/1/2019 	12420155	606.00	8.00	13.90	17.62	104222.98	4070	0	Tsung-DaoLee	
6974	3:27:07	1/1/2019 	12420211	952.00	360.00	67.68	17.62	104222.98	1822	1	Tsung-DaoLee	
6975	3:27:07	1/1/2019 	12420374	181.00	7.00	8.84	17.62	104222.98	1822	0	Tsung-DaoLee	
6976	3:27:08	1/1/2019 	12421784	946.00	130.00	35.83	17.62	104222.81	97786	0	Tsung-DaoLee	
6977	3:27:08	1/1/2019 	12421847	383.00	8.00	11.98	17.62	104222.81	1823	0	Tsung-DaoLee	
6978	3:27:09	1/1/2019 	12422221	877.00	57.00	23.35	17.62	104222.81	1821	0	Tsung-DaoLee	
6979	3:27:09	1/1/2019 	12422490	86.00	8.00	6.26	17.62	104222.66	2806	0	Tsung-DaoLee	
6980	3:27:09	1/1/2019 	12422575	440.00	9.00	12.49	17.62	104222.66	49803	0	Tsung-DaoLee	
6981	3:27:10	1/1/2019 	12423664	316.00	9.00	11.31	17.62	104223.11	49804	0	Tsung-DaoLee	
6982	3:27:11	1/1/2019 	12424344	193.00	8.00	9.14	17.62	104223.27	1821	0	Tsung-DaoLee	
6983	3:27:11	1/1/2019 	12424405	947.00	133.00	36.38	17.62	104223.27	1821	0	Tsung-DaoLee	
6984	3:27:12	1/1/2019 	12425722	651.00	10.00	14.81	17.62	104223.11	97787	0	Tsung-DaoLee	
6985	3:27:12	1/1/2019 	12426127	228.00	8.00	9.89	17.62	104223.11	2811	0	Tsung-DaoLee	
6986	3:27:13	1/1/2019 	12427125	212.00	8.00	9.56	17.62	104223.11	49802	0	Tsung-DaoLee	
6987	3:27:14	1/1/2019 	12427325	663.00	10.00	14.89	17.62	104223.11	1821	0	Tsung-DaoLee	
6988	3:27:14	1/1/2019 	12427953	458.00	8.00	12.54	17.62	104223.27	49805	0	Tsung-DaoLee	
6989	3:27:15	1/1/2019 	12428203	129.00	8.00	7.41	17.62	104223.27	1821	0	Tsung-DaoLee	
6990	3:27:16	1/1/2019 	12429185	944.00	151.00	39.45	17.62	104223.53	49805	1	Tsung-DaoLee	
6991	3:27:16	1/1/2019 	12429258	213.00	8.00	9.58	17.62	104223.53	2817	0	Tsung-DaoLee	
6992	3:27:16	1/1/2019 	12429286	740.00	21.00	18.36	17.62	104223.53	1821	0	Tsung-DaoLee	
6993	3:27:16	1/1/2019 	12429361	157.00	8.00	8.21	17.62	104223.53	1821	0	Tsung-DaoLee	
6994	3:27:16	1/1/2019 	12429363	885.00	64.00	24.17	17.62	104223.53	1821	0	Tsung-DaoLee	
6995	3:27:16	1/1/2019 	12429928	118.00	8.00	7.09	17.62	104223.69	49804	0	Tsung-DaoLee	
6996	3:27:16	1/1/2019 	12430071	62.00	8.00	5.90	17.62	104223.69	4157	0	Tsung-DaoLee	
6997	3:27:17	1/1/2019 	12430952	943.00	213.00	46.64	17.62	104223.85	49804	1	Tsung-DaoLee	
6998	3:27:18	1/1/2019 	12431413	883.00	64.00	24.17	17.62	104224.01	1823	0	Tsung-DaoLee	
6999	3:27:18	1/1/2019 	12432038	945.00	192.00	44.64	17.62	104224.01	49803	1	Tsung-DaoLee	
7000	3:27:18	1/1/2019 	12432056	907.00	87.00	27.63	17.62	104224.01	1821	0	Tsung-DaoLee	
7001	3:27:19	1/1/2019 	12432415	208.00	8.00	9.48	17.62	104223.85	1820	0	Tsung-DaoLee	
7002	3:27:19	1/1/2019 	12432419	949.00	397.00	73.88	17.62	104223.85	2836	1	Tsung-DaoLee	
7003	3:27:20	1/1/2019 	12433372	655.00	10.00	14.84	17.62	104223.85	49805	0	Tsung-DaoLee	
7004	3:27:20	1/1/2019 	12433394	300.00	8.00	11.06	17.62	104223.85	1822	0	Tsung-DaoLee	
7005	3:27:20	1/1/2019 	12434130	517.00	9.00	13.07	17.62	104223.69	49802	0	Tsung-DaoLee	
7006	3:27:21	1/1/2019 	12434314	170.00	8.00	8.56	17.63	104224.14	1820	0	Tsung-DaoLee	
7007	3:27:21	1/1/2019 	12434594	951.00	427.00	78.12	17.63	104224.14	49804	0	Tsung-DaoLee	
7008	3:27:21	1/1/2019 	12434641	898.00	79.00	26.29	17.63	104224.14	2842	0	Tsung-DaoLee	
7009	3:27:21	1/1/2019 	12434742	946.00	134.00	36.57	17.63	104224.14	1822	1	Tsung-DaoLee	
7010	3:27:23	1/1/2019 	12436412	738.00	19.00	17.86	17.63	104223.98	49805	0	Tsung-DaoLee	
7011	3:27:23	1/1/2019 	12436765	125.00	8.00	7.29	17.63	104223.83	49805	0	Tsung-DaoLee	
7012	3:27:24	1/1/2019 	12437587	73.00	8.00	6.02	17.63	104224.25	49802	0	Tsung-DaoLee	
7013	3:27:24	1/1/2019 	12437715	644.00	10.00	14.75	17.63	104224.25	1821	0	Tsung-DaoLee	
7014	3:27:24	1/1/2019 	12437799	539.00	9.00	13.28	17.63	104223.98	2849	0	Tsung-DaoLee	
7015	3:27:25	1/1/2019 	12438171	449.00	9.00	12.55	17.63	104223.98	1820	0	Tsung-DaoLee	
7016	3:27:25	1/1/2019 	12438201	197.00	8.00	9.23	17.63	104223.98	1822	0	Tsung-DaoLee	
7017	3:27:25	1/1/2019 	12438260	305.00	8.00	11.13	17.63	104223.98	1820	0	Tsung-DaoLee	
7018	3:27:26	1/1/2019 	12439298	396.00	8.00	12.09	17.63	104224.56	49803	0	Tsung-DaoLee	
7019	3:27:26	1/1/2019 	12439997	130.00	8.00	7.44	17.63	104224.56	50836	0	Tsung-DaoLee	
7020	3:27:27	1/1/2019 	12440866	84.00	8.00	6.21	17.63	104224.56	50785	0	Tsung-DaoLee	
7021	3:27:28	1/1/2019 	12441245	781.00	34.00	20.75	17.63	104224.56	1822	0	Tsung-DaoLee	
7022	3:27:28	1/1/2019 	12441475	92.00	8.00	6.39	17.63	104224.56	1823	0	Tsung-DaoLee	
7023	3:27:30	1/1/2019 	12443751	248.00	8.00	10.26	17.63	104225.04	145767	0	Tsung-DaoLee	
7024	3:27:30	1/1/2019 	12444027	597.00	10.00	14.16	17.63	104225.34	1821	0	Tsung-DaoLee	
7025	3:27:31	1/1/2019 	12444633	101.00	8.00	6.62	17.63	104225.50	51384	0	Tsung-DaoLee	
7026	3:27:32	1/1/2019 	12445314	392.00	8.00	12.06	17.63	104225.50	1822	0	Tsung-DaoLee	
7027	3:27:32	1/1/2019 	12445468	923.00	101.00	30.22	17.63	104225.50	1822	0	Tsung-DaoLee	
7028	3:27:32	1/1/2019 	12445961	715.00	17.00	17.24	17.63	104225.66	49805	0	Tsung-DaoLee	
7029	3:27:32	1/1/2019 	12445994	64.00	8.00	5.92	17.63	104225.66	1822	0	Tsung-DaoLee	
7030	3:27:32	1/1/2019 	12446001	555.00	9.00	13.46	17.63	104225.66	1820	0	Tsung-DaoLee	
7031	3:27:33	1/1/2019 	12446612	943.00	154.00	39.91	17.63	104225.81	53184	0	Tsung-DaoLee	
7032	3:27:33	1/1/2019 	12446655	761.00	27.00	19.65	17.63	104225.81	1821	0	Tsung-DaoLee	
7033	3:27:33	1/1/2019 	12446766	68.00	8.00	5.95	17.63	104225.81	1820	0	Tsung-DaoLee	
7034	3:27:33	1/1/2019 	12446852	109.00	8.00	6.84	17.63	104225.81	1820	0	Tsung-DaoLee	
7035	3:27:34	1/1/2019 	12447320	513.00	8.00	12.93	17.63	104225.98	1820	0	Tsung-DaoLee	
7036	3:27:35	1/1/2019 	12448158	162.00	8.00	8.35	17.63	104226.27	49804	0	Tsung-DaoLee	
7037	3:27:35	1/1/2019 	12448967	908.00	88.00	27.80	17.63	104226.11	50756	1	Tsung-DaoLee	
7038	3:27:36	1/1/2019 	12449281	72.00	8.00	6.00	17.63	104226.11	1821	0	Tsung-DaoLee	
7039	3:27:36	1/1/2019 	12449564	569.00	8.00	13.48	17.63	104226.11	49803	0	Tsung-DaoLee	
7040	3:27:36	1/1/2019 	12449637	598.00	9.00	14.00	17.63	104226.11	2675	0	Tsung-DaoLee	
7041	3:27:36	1/1/2019 	12449665	954.00	644.00	115.02	17.63	104226.11	1822	1	Tsung-DaoLee	
7042	3:27:37	1/1/2019 	12450259	395.00	8.00	12.08	17.63	104226.11	1821	0	Tsung-DaoLee	
7043	3:27:37	1/1/2019 	12450852	331.00	8.00	11.45	17.63	104226.27	51305	0	Tsung-DaoLee	
7044	3:27:37	1/1/2019 	12450979	890.00	65.00	24.30	17.63	104226.27	1822	0	Tsung-DaoLee	
7045	3:27:38	1/1/2019 	12451250	202.00	8.00	9.34	17.63	104226.11	1821	0	Tsung-DaoLee	
7046	3:27:38	1/1/2019 	12451270	448.00	8.00	12.47	17.63	104226.11	1821	0	Tsung-DaoLee	
7047	3:27:38	1/1/2019 	12451604	672.00	11.00	15.24	17.63	104226.11	49804	0	Tsung-DaoLee	
7048	3:27:38	1/1/2019 	12452143	668.00	11.00	15.22	17.63	104226.11	2794	0	Tsung-DaoLee	
7049	3:27:39	1/1/2019 	12452284	370.00	8.00	11.86	17.63	104226.11	1821	0	Tsung-DaoLee	
7050	3:27:39	1/1/2019 	12452750	74.00	8.00	6.03	17.63	104225.95	49803	0	Tsung-DaoLee	
7051	3:27:39	1/1/2019 	12453022	125.00	8.00	7.29	17.63	104225.95	1821	0	Tsung-DaoLee	
7052	3:27:40	1/1/2019 	12453291	943.00	125.00	34.89	17.63	104225.95	1819	0	Tsung-DaoLee	
7053	3:27:40	1/1/2019 	12453396	540.00	8.00	13.17	17.63	104225.95	1823	0	Tsung-DaoLee	
7054	3:27:40	1/1/2019 	12454001	891.00	71.00	25.09	17.63	104225.95	50783	0	Tsung-DaoLee	
7055	3:27:41	1/1/2019 	12454459	186.00	8.00	8.97	17.63	104226.11	1821	0	Tsung-DaoLee	
7056	3:27:41	1/1/2019 	12454553	646.00	10.00	14.77	17.63	104226.11	49804	0	Tsung-DaoLee	
7057	3:27:41	1/1/2019 	12454794	869.00	62.00	23.90	17.63	104226.11	1822	1	Tsung-DaoLee	
7058	3:27:42	1/1/2019 	12455375	531.00	8.00	13.09	17.63	104226.11	1822	0	Tsung-DaoLee	
7059	3:27:42	1/1/2019 	12455693	78.00	8.00	6.10	17.64	104226.53	49803	0	Tsung-DaoLee	
7060	3:27:43	1/1/2019 	12456368	294.00	8.00	10.98	17.64	104226.53	2766	0	Tsung-DaoLee	
7061	3:27:43	1/1/2019 	12456592	75.00	8.00	6.05	17.64	104226.53	49804	0	Tsung-DaoLee	
7062	3:27:43	1/1/2019 	12456978	763.00	26.00	19.48	17.64	104226.53	1820	0	Tsung-DaoLee	
7063	3:27:43	1/1/2019 	12457095	885.00	71.00	25.08	17.64	104226.53	1822	0	Tsung-DaoLee	
7064	3:27:44	1/1/2019 	12457399	167.00	8.00	8.48	17.64	104226.69	1821	0	Tsung-DaoLee	
7065	3:27:44	1/1/2019 	12457930	759.00	25.00	19.28	17.64	104226.69	49803	0	Tsung-DaoLee	
7066	3:27:44	1/1/2019 	12458016	138.00	7.00	7.67	17.64	104226.69	2775	0	Tsung-DaoLee	
7067	3:27:45	1/1/2019 	12458239	659.00	11.00	15.15	17.64	104226.69	1820	0	Tsung-DaoLee	
7068	3:27:45	1/1/2019 	12458639	674.00	11.00	15.25	17.64	104226.69	49804	0	Tsung-DaoLee	
7069	3:27:46	1/1/2019 	12459154	189.00	8.00	9.04	17.64	104226.84	1821	0	Tsung-DaoLee	
7070	3:27:46	1/1/2019 	12459740	506.00	8.00	12.88	17.64	104227.01	49803	0	Tsung-DaoLee	
7071	3:27:46	1/1/2019 	12459759	528.00	9.00	13.17	17.64	104227.01	2724	0	Tsung-DaoLee	
7072	3:27:46	1/1/2019 	12459979	922.00	100.00	30.03	17.64	104227.01	3362	0	Tsung-DaoLee	
7073	3:27:46	1/1/2019 	12460073	949.00	277.00	53.59	17.64	104227.01	1822	0	Tsung-DaoLee	
7074	3:27:47	1/1/2019 	12460586	619.00	9.00	14.25	17.64	104227.45	49803	0	Tsung-DaoLee	
7075	3:27:49	1/1/2019 	12462180	693.00	13.00	15.96	17.64	104227.62	49807	0	Tsung-DaoLee	
7076	3:27:49	1/1/2019 	12462227	289.00	8.00	10.91	17.64	104227.62	1829	0	Tsung-DaoLee	
7077	3:27:50	1/1/2019 	12463318	303.00	8.00	11.10	17.64	104227.62	50824	1	Tsung-DaoLee	
7078	3:27:50	1/1/2019 	12463404	947.00	242.00	49.40	17.64	104227.62	1829	0	Tsung-DaoLee	
7079	3:27:50	1/1/2019 	12463595	90.00	8.00	6.35	17.64	104227.62	49811	0	Tsung-DaoLee	
7080	3:27:50	1/1/2019 	12463845	104.00	8.00	6.70	17.64	104227.91	1825	0	Tsung-DaoLee	
7081	3:27:50	1/1/2019 	12464073	427.00	8.00	12.32	17.64	104227.91	1820	0	Tsung-DaoLee	
7082	3:27:50	1/1/2019 	12464105	264.00	8.00	10.53	17.64	104227.91	1820	0	Tsung-DaoLee	
7083	3:27:51	1/1/2019 	12464394	944.00	358.00	67.32	17.64	104227.91	2839	1	Tsung-DaoLee	
7084	3:27:53	1/1/2019 	12466258	591.00	8.00	13.73	17.64	104228.08	97789	0	Tsung-DaoLee	
7085	3:27:53	1/1/2019 	12467021	932.00	115.00	32.95	17.64	104228.08	49806	0	Tsung-DaoLee	
7086	3:27:54	1/1/2019 	12467814	97.00	8.00	6.52	17.64	104227.91	49803	0	Tsung-DaoLee	
7087	3:27:54	1/1/2019 	12468136	962.00	942.00	230.26	17.64	104228.08	1822	1	Tsung-DaoLee	
7088	3:27:55	1/1/2019 	12468397	943.00	123.00	34.51	17.64	104228.08	1822	0	Tsung-DaoLee	
7089	3:27:55	1/1/2019 	12468894	942.00	120.00	33.93	17.64	104228.23	50831	1	Tsung-DaoLee	
7090	3:27:55	1/1/2019 	12468968	135.00	8.00	7.59	17.64	104228.08	1823	0	Tsung-DaoLee	
7091	3:27:55	1/1/2019 	12468988	918.00	99.00	29.83	17.64	104228.08	1820	1	Tsung-DaoLee	
7092	3:27:55	1/1/2019 	12469058	589.00	9.00	13.88	17.64	104228.08	1822	0	Tsung-DaoLee	
7093	3:27:55	1/1/2019 	12469089	83.00	8.00	6.19	17.64	104228.08	1820	1	Tsung-DaoLee	
7094	3:27:57	1/1/2019 	12470572	944.00	237.00	48.90	17.64	104228.66	97786	1	Tsung-DaoLee	
7095	3:27:57	1/1/2019 	12470687	799.00	36.00	21.04	17.64	104228.66	4244	0	Tsung-DaoLee	
7096	3:27:58	1/1/2019 	12471168	145.00	8.00	7.87	17.64	104228.66	1821	0	Tsung-DaoLee	
7097	3:27:58	1/1/2019 	12471276	577.00	9.00	13.73	17.64	104228.66	1820	0	Tsung-DaoLee	
7098	3:27:58	1/1/2019 	12471333	200.00	8.00	9.30	17.64	104228.66	1820	0	Tsung-DaoLee	
7099	3:27:58	1/1/2019 	12471573	946.00	225.00	47.75	17.64	104228.81	49801	0	Tsung-DaoLee	
7100	3:27:58	1/1/2019 	12471681	944.00	127.00	35.27	17.64	104228.81	5091	1	Tsung-DaoLee	
7101	3:27:58	1/1/2019 	12471935	947.00	141.00	37.80	17.64	104228.81	1821	0	Tsung-DaoLee	
7102	3:27:59	1/1/2019 	12472262	91.00	8.00	6.37	17.65	104229.42	1821	0	Tsung-DaoLee	
7103	3:28:00	1/1/2019 	12473856	942.00	123.00	34.51	17.65	104229.42	97786	0	Tsung-DaoLee	
7104	3:28:00	1/1/2019 	12474077	886.00	71.00	25.08	17.65	104229.58	1823	1	Tsung-DaoLee	
7105	3:28:01	1/1/2019 	12474384	716.00	15.00	16.66	17.65	104229.58	1822	0	Tsung-DaoLee	
7106	3:28:01	1/1/2019 	12474758	724.00	17.00	17.28	17.65	104229.42	50757	0	Tsung-DaoLee	
7107	3:28:01	1/1/2019 	12474798	127.00	8.00	7.35	17.65	104229.42	1821	0	Tsung-DaoLee	
7108	3:28:01	1/1/2019 	12474968	946.00	146.00	38.64	17.65	104229.42	1821	1	Tsung-DaoLee	
7109	3:28:01	1/1/2019 	12475130	811.00	39.00	21.40	17.65	104229.75	1823	0	Tsung-DaoLee	
7110	3:28:02	1/1/2019 	12475612	100.00	8.00	6.59	17.65	104229.75	49804	0	Tsung-DaoLee	
7111	3:28:02	1/1/2019 	12476116	312.00	8.00	11.22	17.65	104229.91	1821	0	Tsung-DaoLee	
7112	3:28:03	1/1/2019 	12476562	945.00	270.00	52.65	17.65	104229.91	50760	0	Tsung-DaoLee	
7113	3:28:04	1/1/2019 	12477964	600.00	9.00	14.02	17.65	104229.75	49804	0	Tsung-DaoLee	
7114	3:28:05	1/1/2019 	12478309	729.00	17.00	17.29	17.65	104230.33	1823	0	Tsung-DaoLee	
7115	3:28:05	1/1/2019 	12478397	515.00	9.00	13.05	17.65	104230.33	1822	0	Tsung-DaoLee	
7116	3:28:05	1/1/2019 	12478894	100.00	8.00	6.59	17.65	104230.16	49804	0	Tsung-DaoLee	
7117	3:28:05	1/1/2019 	12479031	896.00	77.00	25.98	17.65	104230.16	1821	0	Tsung-DaoLee	
7118	3:28:06	1/1/2019 	12479241	265.00	8.00	10.54	17.65	104230.33	2784	0	Tsung-DaoLee	
7119	3:28:06	1/1/2019 	12479886	119.00	8.00	7.12	17.65	104230.16	49803	0	Tsung-DaoLee	
7120	3:28:07	1/1/2019 	12480459	139.00	8.00	7.70	17.65	104230.16	2686	0	Tsung-DaoLee	
7121	3:28:07	1/1/2019 	12480993	729.00	17.00	17.29	17.65	104230.48	49804	0	Tsung-DaoLee	
7122	3:28:08	1/1/2019 	12481210	432.00	8.00	12.36	17.65	104231.09	1821	0	Tsung-DaoLee	
7123	3:28:08	1/1/2019 	12481272	922.00	102.00	30.41	17.65	104231.09	3335	0	Tsung-DaoLee	
7124	3:28:08	1/1/2019 	12481484	431.00	8.00	12.35	17.65	104231.09	1822	0	Tsung-DaoLee	
7125	3:28:08	1/1/2019 	12481940	943.00	121.00	34.12	17.65	104230.94	49805	0	Tsung-DaoLee	
7126	3:28:08	1/1/2019 	12482082	805.00	38.00	21.28	17.65	104230.94	1822	1	Tsung-DaoLee	
7127	3:28:09	1/1/2019 	12482288	525.00	8.00	13.03	17.65	104230.94	1822	0	Tsung-DaoLee	
7128	3:28:10	1/1/2019 	12483207	122.00	8.00	7.21	17.65	104230.94	49804	0	Tsung-DaoLee	
7129	3:28:10	1/1/2019 	12483921	943.00	121.00	34.12	17.65	104230.78	50890	1	Tsung-DaoLee	
7130	3:28:10	1/1/2019 	12483964	127.00	8.00	7.35	17.65	104230.78	1822	0	Tsung-DaoLee	
7131	3:28:11	1/1/2019 	12484641	635.00	9.00	14.41	17.65	104230.94	49803	0	Tsung-DaoLee	
7132	3:28:11	1/1/2019 	12484855	946.00	195.00	44.94	17.65	104231.26	1823	1	Tsung-DaoLee	
7133	3:28:11	1/1/2019 	12485051	672.00	11.00	15.24	17.65	104231.26	1822	0	Tsung-DaoLee	
7134	3:28:12	1/1/2019 	12485725	903.00	84.00	27.11	17.65	104231.41	49804	0	Tsung-DaoLee	
7135	3:28:13	1/1/2019 	12486588	745.00	20.00	18.14	17.65	104230.94	50793	0	Tsung-DaoLee	
7136	3:28:13	1/1/2019 	12486759	76.00	8.00	6.07	17.65	104230.94	1821	0	Tsung-DaoLee	
7137	3:28:15	1/1/2019 	12488857	371.00	8.00	11.87	17.65	104231.58	97785	0	Tsung-DaoLee	
7138	3:28:15	1/1/2019 	12489103	388.00	8.00	12.02	17.65	104231.73	1821	0	Tsung-DaoLee	
7139	3:28:16	1/1/2019 	12490053	157.00	8.00	8.21	17.65	104231.58	49803	0	Tsung-DaoLee	
7140	3:28:18	1/1/2019 	12491479	946.00	455.00	81.54	17.65	104232.03	50711	0	Tsung-DaoLee	
7141	3:28:18	1/1/2019 	12492058	517.00	8.00	12.97	17.65	104232.03	51341	0	Tsung-DaoLee	
7142	3:28:19	1/1/2019 	12492963	420.00	8.00	12.27	17.65	104232.03	49802	0	Tsung-DaoLee	
7143	3:28:19	1/1/2019 	12492990	626.00	9.00	14.33	17.65	104232.03	1823	0	Tsung-DaoLee	
7144	3:28:19	1/1/2019 	12493088	615.00	9.00	14.21	17.65	104232.03	1821	0	Tsung-DaoLee	
7145	3:28:20	1/1/2019 	12494141	201.00	8.00	9.32	17.65	104232.03	49802	0	Tsung-DaoLee	
7146	3:28:21	1/1/2019 	12494446	924.00	108.00	31.58	17.65	104232.03	2831	1	Tsung-DaoLee	
7147	3:28:21	1/1/2019 	12494560	953.00	769.00	137.28	17.65	104232.03	49804	1	Tsung-DaoLee	
7148	3:28:21	1/1/2019 	12494981	727.00	16.00	17.00	17.65	104232.03	1823	0	Tsung-DaoLee	
7149	3:28:21	1/1/2019 	12495027	218.00	8.00	9.69	17.65	104231.23	1822	0	Tsung-DaoLee	
7150	3:28:22	1/1/2019 	12495288	944.00	126.00	35.08	17.65	104231.23	1821	0	Tsung-DaoLee	
7151	3:28:22	1/1/2019 	12495856	99.00	8.00	6.57	17.65	104230.76	49804	0	Tsung-DaoLee	
7152	3:28:23	1/1/2019 	12496183	377.00	8.00	11.92	17.65	104230.28	2834	0	Tsung-DaoLee	
7153	3:28:23	1/1/2019 	12496589	889.00	69.00	24.82	17.65	104230.11	49804	0	Tsung-DaoLee	
7154	3:28:23	1/1/2019 	12496794	399.00	8.00	12.11	17.65	104230.11	1822	0	Tsung-DaoLee	
7155	3:28:24	1/1/2019 	12497273	66.00	8.00	5.93	17.66	104230.70	1821	0	Tsung-DaoLee	
7156	3:28:24	1/1/2019 	12497921	601.00	9.00	14.04	17.65	104230.44	49803	0	Tsung-DaoLee	
7157	3:28:25	1/1/2019 	12498283	103.00	8.00	6.67	17.65	104230.59	1821	0	Tsung-DaoLee	
7158	3:28:25	1/1/2019 	12498901	455.00	8.00	12.52	17.65	104230.91	50825	0	Tsung-DaoLee	
7159	3:28:25	1/1/2019 	12499075	921.00	99.00	29.84	17.65	104230.91	1821	0	Tsung-DaoLee	
7160	3:28:26	1/1/2019 	12499221	895.00	80.00	26.44	17.65	104231.07	1821	1	Tsung-DaoLee	
7161	3:28:26	1/1/2019 	12499696	78.00	7.00	6.10	17.66	104231.81	49803	0	Tsung-DaoLee	
7162	3:28:26	1/1/2019 	12499723	949.00	473.00	83.61	17.66	104231.81	2782	1	Tsung-DaoLee	
7163	3:28:26	1/1/2019 	12499898	73.00	8.00	6.02	17.66	104231.81	1821	0	Tsung-DaoLee	
7164	3:28:26	1/1/2019 	12500031	948.00	228.00	48.03	17.66	104231.81	3391	1	Tsung-DaoLee	
7165	3:28:26	1/1/2019 	12500119	531.00	8.00	13.09	17.66	104232.12	1824	0	Tsung-DaoLee	
7166	3:28:27	1/1/2019 	12500734	151.00	8.00	8.05	17.65	104232.03	49808	0	Tsung-DaoLee	
7167	3:28:27	1/1/2019 	12500811	816.00	36.00	21.06	17.65	104232.03	1821	0	Tsung-DaoLee	
7168	3:28:27	1/1/2019 	12500901	948.00	299.00	56.90	17.65	104232.03	1822	0	Tsung-DaoLee	
7169	3:28:27	1/1/2019 	12500990	436.00	8.00	12.39	17.65	104232.03	1820	0	Tsung-DaoLee	
7170	3:28:27	1/1/2019 	12501106	900.00	83.00	26.94	17.65	104232.03	2863	0	Tsung-DaoLee	
7171	3:28:28	1/1/2019 	12501612	912.00	89.00	27.98	17.65	104232.19	49804	0	Tsung-DaoLee	
7172	3:28:29	1/1/2019 	12502925	65.00	8.00	5.92	17.66	104233.09	49803	0	Tsung-DaoLee	
7173	3:28:29	1/1/2019 	12503056	924.00	106.00	31.19	17.66	104233.09	1822	0	Tsung-DaoLee	
7174	3:28:31	1/1/2019 	12504233	653.00	10.00	14.83	17.66	104232.61	49804	0	Tsung-DaoLee	
7175	3:28:32	1/1/2019 	12505612	99.00	8.00	6.57	17.66	104231.81	98834	0	Tsung-DaoLee	
7176	3:28:33	1/1/2019 	12507070	519.00	8.00	12.98	17.66	104231.17	49803	0	Tsung-DaoLee	
7177	3:28:34	1/1/2019 	12507300	188.00	8.00	9.02	17.66	104231.48	1822	0	Tsung-DaoLee	
7178	3:28:34	1/1/2019 	12507455	476.00	8.00	12.66	17.66	104231.48	1821	0	Tsung-DaoLee	
7179	3:28:34	1/1/2019 	12507857	716.00	15.00	16.66	17.66	104231.33	49803	0	Tsung-DaoLee	
7180	3:28:34	1/1/2019 	12508066	184.00	8.00	8.92	17.66	104231.33	1821	0	Tsung-DaoLee	
7181	3:28:35	1/1/2019 	12508338	865.00	54.00	23.01	17.66	104231.48	5097	0	Tsung-DaoLee	
7182	3:28:35	1/1/2019 	12508367	891.00	71.00	25.09	17.66	104231.48	1823	0	Tsung-DaoLee	
7183	3:28:36	1/1/2019 	12509300	683.00	12.00	15.61	17.66	104231.97	49804	0	Tsung-DaoLee	
7184	3:28:38	1/1/2019 	12511460	174.00	8.00	8.67	17.66	104233.22	97785	0	Tsung-DaoLee	
7185	3:28:38	1/1/2019 	12511900	648.00	10.00	14.79	17.66	104233.86	50645	0	Tsung-DaoLee	
7186	3:28:38	1/1/2019 	12511984	945.00	171.00	42.27	17.66	104233.86	1822	1	Tsung-DaoLee	
7187	3:28:38	1/1/2019 	12512077	721.00	16.00	16.98	17.66	104233.86	3317	0	Tsung-DaoLee	
7188	3:28:39	1/1/2019 	12512315	385.00	8.00	12.00	17.66	104233.86	1821	0	Tsung-DaoLee	
7189	3:28:39	1/1/2019 	12512379	787.00	34.00	20.76	17.66	104234.50	1822	0	Tsung-DaoLee	
7190	3:28:39	1/1/2019 	12512597	88.00	8.00	6.30	17.66	104234.50	49803	0	Tsung-DaoLee	
7191	3:28:40	1/1/2019 	12513795	474.00	8.00	12.64	17.66	104234.50	49803	0	Tsung-DaoLee	
7192	3:28:40	1/1/2019 	12514070	98.00	8.00	6.54	17.66	104234.81	1822	0	Tsung-DaoLee	
7193	3:28:42	1/1/2019 	12515273	872.00	52.00	22.82	17.66	104235.45	50771	0	Tsung-DaoLee	
7194	3:28:42	1/1/2019 	12515311	947.00	124.00	34.70	17.66	104235.45	1823	1	Tsung-DaoLee	
7195	3:28:42	1/1/2019 	12516061	164.00	8.00	8.40	17.66	104235.61	49803	0	Tsung-DaoLee	
7196	3:28:43	1/1/2019 	12516474	941.00	141.00	37.80	17.66	104235.45	1820	1	Tsung-DaoLee	
7197	3:28:43	1/1/2019 	12516594	948.00	261.00	51.52	17.66	104235.45	49805	0	Tsung-DaoLee	
7198	3:28:44	1/1/2019 	12517360	947.00	280.00	54.01	17.66	104236.06	2898	1	Tsung-DaoLee	
7199	3:28:44	1/1/2019 	12517811	519.00	9.00	13.09	17.66	104236.55	49804	0	Tsung-DaoLee	
7200	3:28:45	1/1/2019 	12518982	929.00	113.00	32.56	17.66	104237.02	49803	0	Tsung-DaoLee	
7201	3:28:46	1/1/2019 	12519799	920.00	101.00	30.22	17.66	104237.18	49804	1	Tsung-DaoLee	
7202	3:28:46	1/1/2019 	12519918	440.00	8.00	12.41	17.66	104237.18	2708	0	Tsung-DaoLee	
7203	3:28:47	1/1/2019 	12520971	171.00	8.00	8.59	17.66	104237.02	49803	0	Tsung-DaoLee	
7204	3:28:48	1/1/2019 	12521394	913.00	94.00	28.89	17.66	104236.86	3345	0	Tsung-DaoLee	
7205	3:28:48	1/1/2019 	12521453	175.00	8.00	8.69	17.66	104236.86	1822	0	Tsung-DaoLee	
7206	3:28:48	1/1/2019 	12521461	79.00	8.00	6.12	17.66	104236.86	1819	0	Tsung-DaoLee	
7207	3:28:48	1/1/2019 	12521691	266.00	8.00	10.56	17.66	104237.18	49803	0	Tsung-DaoLee	
7208	3:28:48	1/1/2019 	12521752	947.00	147.00	38.81	17.66	104237.18	1822	0	Tsung-DaoLee	
7209	3:28:49	1/1/2019 	12522296	142.00	8.00	7.79	17.66	104237.34	1820	1	Tsung-DaoLee	
7210	3:28:49	1/1/2019 	12522420	81.00	8.00	6.15	17.66	104237.34	2814	0	Tsung-DaoLee	
7211	3:28:49	1/1/2019 	12522719	94.00	8.00	6.44	17.66	104237.34	49803	0	Tsung-DaoLee	
7212	3:28:50	1/1/2019 	12523361	126.00	8.00	7.32	17.66	104237.76	1821	0	Tsung-DaoLee	
7213	3:28:50	1/1/2019 	12523566	594.00	9.00	13.95	17.66	104237.76	49804	0	Tsung-DaoLee	
7214	3:28:50	1/1/2019 	12523569	158.00	8.00	8.24	17.66	104237.76	1820	0	Tsung-DaoLee	
7215	3:28:50	1/1/2019 	12523577	652.00	10.00	14.82	17.66	104237.76	1821	0	Tsung-DaoLee	
7216	3:28:51	1/1/2019 	12524175	781.00	31.00	20.34	17.66	104237.76	2822	0	Tsung-DaoLee	
7217	3:28:51	1/1/2019 	12525061	150.00	8.00	8.02	17.66	104237.60	49804	0	Tsung-DaoLee	
7218	3:28:52	1/1/2019 	12526004	111.00	8.00	6.89	17.66	104237.44	49802	0	Tsung-DaoLee	
7219	3:28:53	1/1/2019 	12526215	165.00	8.00	8.43	17.66	104237.44	1822	0	Tsung-DaoLee	
7220	3:28:53	1/1/2019 	12527093	645.00	9.00	14.49	17.66	104237.60	49803	0	Tsung-DaoLee	
7221	3:28:54	1/1/2019 	12527307	911.00	93.00	28.70	17.66	104237.92	1822	0	Tsung-DaoLee	
7222	3:28:54	1/1/2019 	12528046	696.00	13.00	15.97	17.66	104238.23	50808	0	Tsung-DaoLee	
7223	3:28:55	1/1/2019 	12528253	910.00	90.00	28.16	17.66	104238.72	1821	0	Tsung-DaoLee	
7224	3:28:56	1/1/2019 	12529275	711.00	15.00	16.65	17.66	104239.36	49805	0	Tsung-DaoLee	
7225	3:28:57	1/1/2019 	12530276	146.00	8.00	7.90	17.66	104239.19	49803	0	Tsung-DaoLee	
7226	3:28:57	1/1/2019 	12530420	453.00	9.00	12.58	17.66	104239.19	2761	0	Tsung-DaoLee	
7227	3:28:57	1/1/2019 	12530493	884.00	69.00	24.81	17.66	104239.19	3479	0	Tsung-DaoLee	
7228	3:28:57	1/1/2019 	12531065	331.00	9.00	11.49	17.66	104239.03	49804	0	Tsung-DaoLee	
7229	3:28:58	1/1/2019 	12531636	717.00	15.00	16.67	17.66	104238.72	49802	0	Tsung-DaoLee	
7230	3:28:59	1/1/2019 	12532305	280.00	8.00	10.78	17.66	104238.23	1822	0	Tsung-DaoLee	
7231	3:28:59	1/1/2019 	12532797	806.00	37.00	21.17	17.66	104237.76	49804	0	Tsung-DaoLee	
7232	3:29:00	1/1/2019 	12533887	381.00	8.00	11.96	17.66	104236.64	49805	0	Tsung-DaoLee	
7233	3:29:01	1/1/2019 	12534867	886.00	73.00	25.36	17.66	104236.48	50830	0	Tsung-DaoLee	
7234	3:29:02	1/1/2019 	12535474	629.00	9.00	14.36	17.66	104235.27	1823	0	Tsung-DaoLee	
7235	3:29:02	1/1/2019 	12535614	946.00	281.00	54.15	17.66	104235.27	49805	0	Tsung-DaoLee	
7236	3:29:02	1/1/2019 	12535763	75.00	8.00	6.05	17.66	104235.27	1821	0	Tsung-DaoLee	
7237	3:29:02	1/1/2019 	12535875	63.00	8.00	5.91	17.66	104235.27	1821	0	Tsung-DaoLee	
7238	3:29:02	1/1/2019 	12536059	944.00	143.00	38.14	17.66	104234.80	1820	1	Tsung-DaoLee	
7239	3:29:02	1/1/2019 	12536135	332.00	8.00	11.46	17.66	104234.80	2854	0	Tsung-DaoLee	
7240	3:29:03	1/1/2019 	12537135	919.00	100.00	30.02	17.66	104233.67	49803	0	Tsung-DaoLee	
7241	3:29:04	1/1/2019 	12537742	880.00	68.00	24.67	17.66	104233.20	49804	0	Tsung-DaoLee	
7242	3:29:04	1/1/2019 	12538081	951.00	538.00	92.40	17.66	104232.11	1822	1	Tsung-DaoLee	
7243	3:29:04	1/1/2019 	12538144	148.00	8.00	7.96	17.66	104232.11	1821	0	Tsung-DaoLee	
7244	3:29:05	1/1/2019 	12538163	181.00	8.00	8.85	17.66	104232.11	1821	0	Tsung-DaoLee	
7245	3:29:05	1/1/2019 	12538272	454.00	8.00	12.51	17.66	104232.11	2821	0	Tsung-DaoLee	
7246	3:29:05	1/1/2019 	12538374	214.00	8.00	9.60	17.66	104232.11	1821	0	Tsung-DaoLee	
7247	3:29:05	1/1/2019 	12538574	106.00	8.00	6.75	17.66	104231.62	49806	0	Tsung-DaoLee	
7248	3:29:05	1/1/2019 	12538654	67.00	8.00	5.94	17.66	104231.62	1828	0	Tsung-DaoLee	
7249	3:29:05	1/1/2019 	12538751	946.00	154.00	39.91	17.66	104231.62	1827	0	Tsung-DaoLee	
7250	3:29:05	1/1/2019 	12538945	678.00	12.00	15.58	17.66	104231.62	2839	0	Tsung-DaoLee	
7251	3:29:06	1/1/2019 	12539616	143.00	8.00	7.82	17.66	104231.16	49809	0	Tsung-DaoLee	
7252	3:29:06	1/1/2019 	12539644	647.00	9.00	14.50	17.66	104231.16	2635	0	Tsung-DaoLee	
7253	3:29:07	1/1/2019 	12540234	414.00	8.00	12.23	17.66	104230.83	1821	0	Tsung-DaoLee	
7254	3:29:07	1/1/2019 	12540349	648.00	9.00	14.51	17.66	104230.83	1822	0	Tsung-DaoLee	
7255	3:29:07	1/1/2019 	12540975	78.00	8.00	6.10	17.66	104230.38	49807	0	Tsung-DaoLee	
7256	3:29:07	1/1/2019 	12541058	392.00	8.00	12.06	17.66	104230.22	3309	0	Tsung-DaoLee	
7257	3:29:07	1/1/2019 	12541065	915.00	94.00	28.89	17.66	104230.22	1822	1	Tsung-DaoLee	
7258	3:29:08	1/1/2019 	12541166	828.00	45.00	22.05	17.66	104230.22	1822	0	Tsung-DaoLee	
7259	3:29:08	1/1/2019 	12541338	946.00	175.00	42.76	17.66	104230.22	1822	1	Tsung-DaoLee	
7260	3:29:08	1/1/2019 	12541849	868.00	60.00	23.67	17.66	104230.06	49804	0	Tsung-DaoLee	
7261	3:29:08	1/1/2019 	12541951	85.00	8.00	6.24	17.66	104230.06	1821	0	Tsung-DaoLee	
7262	3:29:09	1/1/2019 	12542218	946.00	328.00	61.88	17.66	104229.90	2776	1	Tsung-DaoLee	
7263	3:29:09	1/1/2019 	12542475	158.00	8.00	8.24	17.66	104229.90	1823	0	Tsung-DaoLee	
7264	3:29:09	1/1/2019 	12542694	359.00	8.00	11.75	17.66	104229.73	49804	0	Tsung-DaoLee	
7265	3:29:10	1/1/2019 	12543246	390.00	8.00	12.04	17.66	104229.58	1821	0	Tsung-DaoLee	
7266	3:29:10	1/1/2019 	12543276	298.00	8.00	11.03	17.66	104229.58	1821	0	Tsung-DaoLee	
7267	3:29:10	1/1/2019 	12543394	949.00	310.00	58.72	17.66	104229.58	1821	1	Tsung-DaoLee	
7268	3:29:10	1/1/2019 	12543663	192.00	8.00	9.11	17.66	104229.42	50869	0	Tsung-DaoLee	
7269	3:29:10	1/1/2019 	12543860	388.00	8.00	12.02	17.66	104229.42	1820	0	Tsung-DaoLee	
7270	3:29:11	1/1/2019 	12544438	890.00	67.00	24.56	17.65	104228.69	1821	0	Tsung-DaoLee	
7271	3:29:11	1/1/2019 	12544926	133.00	8.00	7.53	17.65	104228.69	49804	0	Tsung-DaoLee	
7272	3:29:11	1/1/2019 	12544985	810.00	38.00	21.29	17.65	104228.69	1821	0	Tsung-DaoLee	
7273	3:29:13	1/1/2019 	12546160	683.00	12.00	15.61	17.65	104228.37	49803	0	Tsung-DaoLee	
7274	3:29:13	1/1/2019 	12546567	693.00	12.00	15.64	17.65	104228.37	50771	0	Tsung-DaoLee	
7275	3:29:13	1/1/2019 	12546839	837.00	47.00	22.27	17.65	104227.75	1822	0	Tsung-DaoLee	
7276	3:29:13	1/1/2019 	12546879	684.00	12.00	15.61	17.65	104227.75	1822	0	Tsung-DaoLee	
7277	3:29:14	1/1/2019 	12547240	943.00	136.00	36.93	17.65	104227.59	1821	1	Tsung-DaoLee	
7278	3:29:14	1/1/2019 	12547373	397.00	8.00	12.10	17.65	104227.59	1822	0	Tsung-DaoLee	
7279	3:29:14	1/1/2019 	12547381	926.00	109.00	31.78	17.65	104227.59	2795	1	Tsung-DaoLee	
7280	3:29:14	1/1/2019 	12547692	605.00	9.00	14.09	17.65	104227.27	49806	0	Tsung-DaoLee	
7281	3:29:14	1/1/2019 	12547922	291.00	9.00	10.97	17.65	104227.27	1821	0	Tsung-DaoLee	
7282	3:29:15	1/1/2019 	12548286	497.00	8.00	12.81	17.65	104227.11	1821	0	Tsung-DaoLee	
7283	3:29:15	1/1/2019 	12548705	949.00	412.00	76.09	17.65	104227.11	49805	1	Tsung-DaoLee	
7284	3:29:16	1/1/2019 	12549163	175.00	8.00	8.69	17.65	104227.11	1822	0	Tsung-DaoLee	
7285	3:29:16	1/1/2019 	12549457	243.00	8.00	10.17	17.65	104227.11	2799	0	Tsung-DaoLee	
7286	3:29:16	1/1/2019 	12549582	952.00	406.00	75.23	17.65	104227.11	49803	0	Tsung-DaoLee	
7287	3:29:16	1/1/2019 	12549687	923.00	105.00	30.99	17.65	104227.11	2711	0	Tsung-DaoLee	
7288	3:29:17	1/1/2019 	12550412	183.00	8.00	8.90	17.65	104226.50	1821	0	Tsung-DaoLee	
7289	3:29:17	1/1/2019 	12550737	256.00	8.00	10.39	17.65	104226.66	49803	0	Tsung-DaoLee	
7290	3:29:17	1/1/2019 	12550836	951.00	384.00	71.80	17.65	104226.66	1822	1	Tsung-DaoLee	
7291	3:29:17	1/1/2019 	12551082	880.00	68.00	24.67	17.65	104226.66	3350	0	Tsung-DaoLee	
7292	3:29:18	1/1/2019 	12551194	872.00	59.00	23.56	17.65	104226.66	1822	0	Tsung-DaoLee	
7293	3:29:18	1/1/2019 	12551948	899.00	80.00	26.45	17.65	104226.66	49803	1	Tsung-DaoLee	
7294	3:29:19	1/1/2019 	12552367	71.00	8.00	5.99	17.65	104226.66	1822	0	Tsung-DaoLee	
7295	3:29:19	1/1/2019 	12552587	946.00	139.00	37.46	17.65	104226.66	49803	0	Tsung-DaoLee	
7296	3:29:19	1/1/2019 	12552642	452.00	8.00	12.50	17.65	104226.66	1821	1	Tsung-DaoLee	
7297	3:29:19	1/1/2019 	12553148	91.00	8.00	6.37	17.65	104226.66	2820	0	Tsung-DaoLee	
7298	3:29:20	1/1/2019 	12553294	729.00	18.00	17.57	17.65	104226.66	1821	0	Tsung-DaoLee	
7299	3:29:20	1/1/2019 	12553767	894.00	72.00	25.24	17.65	104226.66	49804	0	Tsung-DaoLee	
7300	3:29:20	1/1/2019 	12553903	947.00	301.00	57.22	17.65	104226.81	1822	0	Tsung-DaoLee	
7301	3:29:21	1/1/2019 	12554622	912.00	92.00	28.52	17.65	104226.40	49804	0	Tsung-DaoLee	
7302	3:29:21	1/1/2019 	12555120	300.00	8.00	11.06	17.65	104226.40	2828	0	Tsung-DaoLee	
7303	3:29:22	1/1/2019 	12555610	180.00	8.00	8.82	17.65	104226.40	49803	0	Tsung-DaoLee	
7304	3:29:22	1/1/2019 	12555685	161.00	8.00	8.32	17.65	104226.40	1821	0	Tsung-DaoLee	
7305	3:29:22	1/1/2019 	12555854	450.00	8.00	12.48	17.65	104226.24	1820	0	Tsung-DaoLee	
7306	3:29:25	1/1/2019 	12558922	340.00	8.00	11.55	17.64	104226.27	145765	0	Tsung-DaoLee	
7307	3:29:25	1/1/2019 	12559014	951.00	258.00	51.16	17.64	104226.27	1822	1	Tsung-DaoLee	
7308	3:29:26	1/1/2019 	12559703	942.00	134.00	36.57	17.64	104226.11	50916	0	Tsung-DaoLee	
7309	3:29:27	1/1/2019 	12560215	117.00	8.00	7.06	17.64	104226.27	2765	0	Tsung-DaoLee	
7310	3:29:27	1/1/2019 	12560475	243.00	8.00	10.17	17.64	104227.06	1820	0	Tsung-DaoLee	
7311	3:29:27	1/1/2019 	12561048	948.00	250.00	50.25	17.64	104228.66	49803	1	Tsung-DaoLee	
7312	3:29:28	1/1/2019 	12561868	585.00	9.00	13.83	17.64	104231.36	49804	0	Tsung-DaoLee	
7313	3:29:29	1/1/2019 	12562554	964.00	951.00	255.15	17.64	104239.70	49805	1	Tsung-DaoLee	
7314	3:29:30	1/1/2019 	12563389	874.00	63.00	24.03	17.64	104242.44	3383	0	Tsung-DaoLee	
7315	3:29:31	1/1/2019 	12564452	539.00	9.00	13.28	17.64	104249.61	49805	0	Tsung-DaoLee	
7316	3:29:31	1/1/2019 	12565104	77.00	8.00	6.08	17.64	104254.23	49804	0	Tsung-DaoLee	
7317	3:29:32	1/1/2019 	12565946	131.00	8.00	7.47	17.64	104255.66	49802	0	Tsung-DaoLee	
7318	3:29:32	1/1/2019 	12566026	510.00	8.00	12.91	17.64	104255.66	1822	0	Tsung-DaoLee	
7319	3:29:33	1/1/2019 	12566836	81.00	8.00	6.15	17.64	104257.41	49802	0	Tsung-DaoLee	
7320	3:29:33	1/1/2019 	12566997	101.00	8.00	6.62	17.64	104257.41	2851	0	Tsung-DaoLee	
7321	3:29:34	1/1/2019 	12567347	947.00	272.00	52.91	17.64	104257.58	1820	0	Tsung-DaoLee	
7322	3:29:35	1/1/2019 	12568158	157.00	8.00	8.21	17.64	104257.89	49805	0	Tsung-DaoLee	
7323	3:29:36	1/1/2019 	12569295	137.00	7.00	7.64	17.64	104257.58	49804	0	Tsung-DaoLee	
7324	3:29:36	1/1/2019 	12569323	98.00	8.00	6.54	17.64	104257.58	1821	0	Tsung-DaoLee	
7325	3:29:37	1/1/2019 	12570774	705.00	14.00	16.32	17.64	104257.73	98822	0	Tsung-DaoLee	
7326	3:29:37	1/1/2019 	12570873	947.00	151.00	39.45	17.64	104257.73	1822	0	Tsung-DaoLee	
7327	3:29:38	1/1/2019 	12571242	159.00	8.00	8.27	17.64	104257.73	1822	0	Tsung-DaoLee	
7328	3:29:38	1/1/2019 	12571684	610.00	9.00	14.15	17.64	104258.05	49803	0	Tsung-DaoLee	
7329	3:29:39	1/1/2019 	12572613	374.00	8.00	11.90	17.64	104258.21	49804	0	Tsung-DaoLee	
7330	3:29:39	1/1/2019 	12573022	671.00	11.00	15.24	17.64	104258.21	1822	0	Tsung-DaoLee	
7331	3:29:40	1/1/2019 	12573175	346.00	8.00	11.62	17.64	104258.21	2869	0	Tsung-DaoLee	
7332	3:29:40	1/1/2019 	12573382	948.00	157.00	40.36	17.64	104258.21	1822	1	Tsung-DaoLee	
7333	3:29:40	1/1/2019 	12573956	129.00	7.00	7.41	17.64	104258.21	49804	0	Tsung-DaoLee	
7334	3:29:40	1/1/2019 	12573980	770.00	28.00	19.85	17.64	104258.21	1821	0	Tsung-DaoLee	
7335	3:29:40	1/1/2019 	12574066	650.00	10.00	14.80	17.64	104258.21	1822	0	Tsung-DaoLee	
7336	3:29:42	1/1/2019 	12575444	945.00	433.00	78.89	17.64	104257.73	49804	1	Tsung-DaoLee	
7337	3:29:42	1/1/2019 	12575581	948.00	127.00	35.27	17.64	104257.73	53082	0	Tsung-DaoLee	
7338	3:29:44	1/1/2019 	12577320	888.00	75.00	25.66	17.64	104257.70	49803	0	Tsung-DaoLee	
7339	3:29:44	1/1/2019 	12577675	947.00	267.00	52.26	17.64	104257.70	49804	0	Tsung-DaoLee	
7340	3:29:44	1/1/2019 	12577689	110.00	8.00	6.86	17.64	104257.70	1822	0	Tsung-DaoLee	
7341	3:29:45	1/1/2019 	12578273	80.00	7.00	6.13	17.64	104257.70	1819	0	Tsung-DaoLee	
7342	3:29:45	1/1/2019 	12578935	948.00	145.00	38.48	17.64	104257.55	49804	0	Tsung-DaoLee	
7343	3:29:47	1/1/2019 	12580251	67.00	8.00	5.94	17.64	104257.81	50857	0	Tsung-DaoLee	
7344	3:29:47	1/1/2019 	12580660	80.00	8.00	6.14	17.64	104257.81	50652	0	Tsung-DaoLee	
7345	3:29:48	1/1/2019 	12581778	942.00	156.00	40.21	17.64	104257.66	49802	0	Tsung-DaoLee	
7346	3:29:49	1/1/2019 	12582868	475.00	8.00	12.65	17.64	104257.66	49805	0	Tsung-DaoLee	
7347	3:29:50	1/1/2019 	12583362	601.00	9.00	14.04	17.64	104257.49	1822	0	Tsung-DaoLee	
7348	3:29:50	1/1/2019 	12583804	950.00	316.00	59.76	17.64	104257.66	49804	0	Tsung-DaoLee	
7349	3:29:50	1/1/2019 	12583941	90.00	8.00	6.35	17.65	104258.10	3320	0	Tsung-DaoLee	
7350	3:29:51	1/1/2019 	12584300	80.00	8.00	6.14	17.65	104258.10	1820	0	Tsung-DaoLee	
7351	3:29:51	1/1/2019 	12584475	952.00	313.00	59.24	17.65	104257.78	1822	1	Tsung-DaoLee	
7352	3:29:51	1/1/2019 	12584725	585.00	8.00	13.66	17.65	104257.78	49804	0	Tsung-DaoLee	
7353	3:29:52	1/1/2019 	12585588	888.00	77.00	25.96	17.64	104257.33	49803	0	Tsung-DaoLee	
7354	3:29:53	1/1/2019 	12586589	581.00	9.00	13.78	17.65	104257.78	50777	0	Tsung-DaoLee	
7355	3:29:54	1/1/2019 	12587218	125.00	7.00	7.29	17.65	104257.78	1821	0	Tsung-DaoLee	
7356	3:29:54	1/1/2019 	12587941	383.00	8.00	11.98	17.65	104257.78	49803	0	Tsung-DaoLee	
7357	3:29:55	1/1/2019 	12588890	513.00	9.00	13.03	17.65	104257.78	49802	0	Tsung-DaoLee	
7358	3:29:55	1/1/2019 	12588967	126.00	7.00	7.32	17.65	104257.78	1821	0	Tsung-DaoLee	
7359	3:29:55	1/1/2019 	12588979	126.00	8.00	7.32	17.65	104257.78	1820	0	Tsung-DaoLee	
7360	3:29:55	1/1/2019 	12589023	948.00	129.00	35.65	17.65	104257.78	2799	0	Tsung-DaoLee	
7361	3:29:55	1/1/2019 	12589081	896.00	77.00	25.98	17.65	104258.05	1821	0	Tsung-DaoLee	
7362	3:29:56	1/1/2019 	12590125	127.00	8.00	7.35	17.65	104257.73	49804	0	Tsung-DaoLee	
7363	3:29:58	1/1/2019 	12591828	887.00	73.00	25.37	17.65	104258.34	98681	0	Tsung-DaoLee	
7364	3:29:59	1/1/2019 	12592307	121.00	8.00	7.18	17.65	104258.34	1821	0	Tsung-DaoLee	
7365	3:29:59	1/1/2019 	12592562	930.00	110.00	31.97	17.65	104258.34	49804	1	Tsung-DaoLee	
7366	3:29:59	1/1/2019 	12592889	109.00	7.00	6.83	17.65	104258.19	3348	0	Tsung-DaoLee	
7367	3:30:00	1/1/2019 	12593353	126.00	8.00	7.32	17.65	104258.19	1821	0	Tsung-DaoLee	
7368	3:30:00	1/1/2019 	12593634	77.00	8.00	6.08	17.65	104258.19	49803	0	Tsung-DaoLee	
7369	3:30:00	1/1/2019 	12593807	523.00	9.00	13.13	17.65	104258.19	1820	0	Tsung-DaoLee	
7370	3:30:00	1/1/2019 	12593850	120.00	8.00	7.15	17.65	104258.19	1820	0	Tsung-DaoLee	
7371	3:30:00	1/1/2019 	12594032	581.00	9.00	13.78	17.65	104258.19	1820	0	Tsung-DaoLee	
7372	3:30:01	1/1/2019 	12594680	104.00	8.00	6.70	17.65	104258.34	50904	0	Tsung-DaoLee	
7373	3:30:01	1/1/2019 	12594907	90.00	8.00	6.35	17.65	104258.34	1821	0	Tsung-DaoLee	
7374	3:30:01	1/1/2019 	12594986	405.00	8.00	12.16	17.65	104258.34	1821	0	Tsung-DaoLee	
7375	3:30:02	1/1/2019 	12595642	319.00	8.00	11.31	17.65	104258.19	49804	0	Tsung-DaoLee	
7376	3:30:03	1/1/2019 	12596455	925.00	109.00	31.77	17.65	104258.64	1823	0	Tsung-DaoLee	
7377	3:30:03	1/1/2019 	12596736	104.00	8.00	6.70	17.65	104258.64	49805	0	Tsung-DaoLee	
7378	3:30:03	1/1/2019 	12596868	534.00	9.00	13.23	17.65	104258.64	2826	0	Tsung-DaoLee	
7379	3:30:04	1/1/2019 	12597277	102.00	8.00	6.65	17.65	104258.64	1820	0	Tsung-DaoLee	
7380	3:30:04	1/1/2019 	12597884	407.00	8.00	12.18	17.65	104258.64	49803	0	Tsung-DaoLee	
7381	3:30:05	1/1/2019 	12598560	943.00	211.00	46.46	17.65	104258.80	49803	1	Tsung-DaoLee	
7382	3:30:05	1/1/2019 	12598966	249.00	8.00	10.28	17.66	104259.38	1824	0	Tsung-DaoLee	
7383	3:30:06	1/1/2019 	12599358	299.00	8.00	11.05	17.66	104259.53	2837	0	Tsung-DaoLee	
7384	3:30:07	1/1/2019 	12600238	942.00	136.00	36.93	17.66	104259.70	49804	0	Tsung-DaoLee	
7385	3:30:08	1/1/2019 	12601887	734.00	21.00	18.34	17.66	104259.85	98736	0	Tsung-DaoLee	
7386	3:30:09	1/1/2019 	12602372	943.00	241.00	49.30	17.66	104259.85	1823	0	Tsung-DaoLee	
7387	3:30:09	1/1/2019 	12602790	948.00	264.00	51.88	17.66	104259.85	49805	1	Tsung-DaoLee	
7388	3:30:10	1/1/2019 	12603442	657.00	10.00	14.85	17.66	104260.02	1822	0	Tsung-DaoLee	
7389	3:30:10	1/1/2019 	12603831	118.00	9.00	7.09	17.66	104260.02	51363	0	Tsung-DaoLee	
7390	3:30:11	1/1/2019 	12605148	276.00	8.00	10.71	17.66	104260.78	49802	0	Tsung-DaoLee	
7391	3:30:12	1/1/2019 	12605676	767.00	27.00	19.67	17.66	104260.62	49806	0	Tsung-DaoLee	
7392	3:30:13	1/1/2019 	12606837	795.00	37.00	21.15	17.66	104260.78	49809	0	Tsung-DaoLee	
7393	3:30:13	1/1/2019 	12607013	170.00	8.00	8.56	17.66	104260.78	1822	0	Tsung-DaoLee	
7394	3:30:14	1/1/2019 	12607400	230.00	8.00	9.93	17.66	104260.78	1820	0	Tsung-DaoLee	
7395	3:30:14	1/1/2019 	12607745	81.00	8.00	6.15	17.66	104260.95	50834	0	Tsung-DaoLee	
7396	3:30:14	1/1/2019 	12608023	197.00	9.00	9.24	17.66	104260.95	1819	0	Tsung-DaoLee	
7397	3:30:15	1/1/2019 	12608863	946.00	152.00	39.60	17.66	104260.95	49802	0	Tsung-DaoLee	
7398	3:30:16	1/1/2019 	12609713	73.00	5.00	6.01	17.66	104260.78	49804	0	Tsung-DaoLee	
7399	3:30:17	1/1/2019 	12610317	552.00	8.00	13.30	17.66	104261.41	2804	0	Tsung-DaoLee	
7400	3:30:17	1/1/2019 	12610872	117.00	8.00	7.06	17.66	104261.41	49803	0	Tsung-DaoLee	
7401	3:30:18	1/1/2019 	12611692	599.00	9.00	14.01	17.66	104261.41	51485	0	Tsung-DaoLee	
7402	3:30:18	1/1/2019 	12611809	628.00	9.00	14.35	17.66	104261.41	1821	0	Tsung-DaoLee	
7403	3:30:19	1/1/2019 	12612695	107.00	8.00	6.78	17.66	104261.56	49802	0	Tsung-DaoLee	
7404	3:30:19	1/1/2019 	12612963	945.00	125.00	34.89	17.66	104261.56	1821	0	Tsung-DaoLee	
7405	3:30:20	1/1/2019 	12613685	724.00	17.00	17.28	17.66	104261.98	49803	0	Tsung-DaoLee	
7406	3:30:20	1/1/2019 	12613792	948.00	376.00	70.47	17.66	104261.98	5098	0	Tsung-DaoLee	
7407	3:30:21	1/1/2019 	12614647	884.00	66.00	24.42	17.66	104261.98	49804	1	Tsung-DaoLee	
7408	3:30:21	1/1/2019 	12614947	152.00	8.00	8.07	17.66	104261.98	1821	0	Tsung-DaoLee	
7409	3:30:23	1/1/2019 	12616406	945.00	345.00	64.97	17.66	104261.82	49802	1	Tsung-DaoLee	
7410	3:30:23	1/1/2019 	12616443	605.00	9.00	14.09	17.66	104261.82	1823	0	Tsung-DaoLee	
7411	3:30:23	1/1/2019 	12617072	519.00	8.00	12.98	17.66	104261.82	49804	0	Tsung-DaoLee	
7412	3:30:24	1/1/2019 	12617685	945.00	124.00	34.70	17.66	104261.50	50753	0	Tsung-DaoLee	
7413	3:30:24	1/1/2019 	12618067	114.00	8.00	6.98	17.66	104261.50	1822	0	Tsung-DaoLee	
7414	3:30:24	1/1/2019 	12618085	116.00	7.00	7.03	17.66	104261.50	1821	0	Tsung-DaoLee	
7415	3:30:25	1/1/2019 	12618954	109.00	8.00	6.84	17.66	104261.50	49803	0	Tsung-DaoLee	
7416	3:30:25	1/1/2019 	12618993	711.00	15.00	16.65	17.66	104261.50	1822	0	Tsung-DaoLee	
7417	3:30:26	1/1/2019 	12620027	291.00	8.00	10.93	17.67	104261.95	49804	0	Tsung-DaoLee	
7418	3:30:27	1/1/2019 	12620574	882.00	66.00	24.41	17.67	104261.95	52030	0	Tsung-DaoLee	
7419	3:30:27	1/1/2019 	12620617	149.00	8.00	7.99	17.67	104261.95	1822	0	Tsung-DaoLee	
7420	3:30:27	1/1/2019 	12621122	105.00	8.00	6.73	17.66	104261.50	1820	0	Tsung-DaoLee	
7421	3:30:28	1/1/2019 	12621682	415.00	8.00	12.24	17.67	104261.95	49803	0	Tsung-DaoLee	
7422	3:30:28	1/1/2019 	12621684	138.00	8.00	7.67	17.67	104261.95	1821	0	Tsung-DaoLee	
7423	3:30:29	1/1/2019 	12622715	519.00	8.00	12.98	17.67	104261.95	49803	1	Tsung-DaoLee	
7424	3:30:29	1/1/2019 	12622867	945.00	121.00	34.12	17.67	104261.95	2795	0	Tsung-DaoLee	
7425	3:30:29	1/1/2019 	12622941	921.00	101.00	30.22	17.67	104261.95	1822	0	Tsung-DaoLee	
7426	3:30:29	1/1/2019 	12623052	97.00	8.00	6.52	17.67	104261.95	1821	0	Tsung-DaoLee	
7427	3:30:29	1/1/2019 	12623061	521.00	9.00	13.11	17.67	104261.95	1820	0	Tsung-DaoLee	
7428	3:30:31	1/1/2019 	12624427	674.00	11.00	15.25	17.67	104261.80	49804	0	Tsung-DaoLee	
7429	3:30:31	1/1/2019 	12624637	518.00	8.00	12.97	17.67	104261.80	50747	0	Tsung-DaoLee	
7430	3:30:31	1/1/2019 	12625022	70.00	8.00	5.98	17.67	104261.80	1821	0	Tsung-DaoLee	
7431	3:30:32	1/1/2019 	12625567	121.00	8.00	7.18	17.67	104261.80	49802	0	Tsung-DaoLee	
7432	3:30:32	1/1/2019 	12625660	191.00	8.00	9.09	17.67	104261.80	1821	0	Tsung-DaoLee	
7433	3:30:32	1/1/2019 	12625771	756.00	24.00	19.07	17.67	104261.80	1819	0	Tsung-DaoLee	
7434	3:30:33	1/1/2019 	12626787	381.00	8.00	11.96	17.67	104262.22	49805	0	Tsung-DaoLee	
7435	3:30:33	1/1/2019 	12626996	883.00	69.00	24.81	17.67	104262.22	2771	0	Tsung-DaoLee	
7436	3:30:33	1/1/2019 	12627060	840.00	43.00	21.87	17.67	104262.22	1822	0	Tsung-DaoLee	
7437	3:30:34	1/1/2019 	12627685	76.00	8.00	6.07	17.67	104262.05	49803	0	Tsung-DaoLee	
7438	3:30:34	1/1/2019 	12627943	470.00	9.00	12.70	17.67	104262.05	1821	0	Tsung-DaoLee	
7439	3:30:35	1/1/2019 	12628322	75.00	8.00	6.05	17.67	104262.05	1821	0	Tsung-DaoLee	
7440	3:30:35	1/1/2019 	12628843	905.00	87.00	27.62	17.67	104262.22	49804	1	Tsung-DaoLee	
7441	3:30:35	1/1/2019 	12629148	747.00	21.00	18.39	17.67	104262.22	2912	0	Tsung-DaoLee	
7442	3:30:36	1/1/2019 	12629211	752.00	24.00	19.06	17.67	104262.22	1822	0	Tsung-DaoLee	
7443	3:30:37	1/1/2019 	12630302	729.00	17.00	17.29	17.67	104262.38	49809	0	Tsung-DaoLee	
7444	3:30:37	1/1/2019 	12631145	947.00	241.00	49.30	17.67	104262.38	50721	0	Tsung-DaoLee	
7445	3:30:38	1/1/2019 	12631300	536.00	8.00	13.14	17.67	104262.38	1829	0	Tsung-DaoLee	
7446	3:30:38	1/1/2019 	12631336	918.00	96.00	29.27	17.67	104262.38	1830	1	Tsung-DaoLee	
7447	3:30:38	1/1/2019 	12631430	915.00	93.00	28.71	17.67	104262.38	3371	0	Tsung-DaoLee	
7448	3:30:38	1/1/2019 	12631691	946.00	219.00	47.19	17.67	104262.38	49810	1	Tsung-DaoLee	
7449	3:30:39	1/1/2019 	12632637	227.00	8.00	9.87	17.67	104262.98	49810	0	Tsung-DaoLee	
7450	3:30:39	1/1/2019 	12632688	826.00	43.00	21.85	17.67	104262.98	1822	0	Tsung-DaoLee	
7451	3:30:39	1/1/2019 	12632731	947.00	217.00	47.01	17.67	104262.98	1821	1	Tsung-DaoLee	
7452	3:30:39	1/1/2019 	12632752	864.00	56.00	23.22	17.67	104262.98	1822	0	Tsung-DaoLee	
7453	3:30:39	1/1/2019 	12632888	961.00	926.00	198.22	17.67	104262.98	2836	1	Tsung-DaoLee	
7454	3:30:39	1/1/2019 	12632985	147.00	8.00	7.93	17.67	104262.98	1821	0	Tsung-DaoLee	
7455	3:30:39	1/1/2019 	12633020	66.00	8.00	5.93	17.67	104262.98	1821	0	Tsung-DaoLee	
7456	3:30:40	1/1/2019 	12633645	680.00	11.00	15.27	17.67	104263.14	49804	0	Tsung-DaoLee	
7457	3:30:40	1/1/2019 	12634141	949.00	266.00	52.14	17.67	104262.98	1823	0	Tsung-DaoLee	
7458	3:30:41	1/1/2019 	12634200	947.00	548.00	94.14	17.67	104262.98	2840	0	Tsung-DaoLee	
7459	3:30:41	1/1/2019 	12634415	608.00	9.00	14.12	17.67	104262.98	1822	0	Tsung-DaoLee	
7460	3:30:41	1/1/2019 	12634831	194.00	8.00	9.16	17.67	104262.83	49803	0	Tsung-DaoLee	
7461	3:30:42	1/1/2019 	12635156	596.00	9.00	13.97	17.67	104262.83	1821	0	Tsung-DaoLee	
7462	3:30:42	1/1/2019 	12635434	946.00	129.00	35.65	17.67	104262.83	1823	1	Tsung-DaoLee	
7463	3:30:42	1/1/2019 	12635653	714.00	15.00	16.66	17.67	104262.83	49805	0	Tsung-DaoLee	
7464	3:30:42	1/1/2019 	12636022	620.00	9.00	14.26	17.67	104262.83	2846	0	Tsung-DaoLee	
7465	3:30:43	1/1/2019 	12636873	108.00	8.00	6.81	17.67	104263.12	49805	0	Tsung-DaoLee	
7466	3:30:43	1/1/2019 	12637094	270.00	8.00	10.62	17.67	104263.12	1829	0	Tsung-DaoLee	
7467	3:30:44	1/1/2019 	12637255	142.00	8.00	7.79	17.67	104263.12	1827	0	Tsung-DaoLee	
7468	3:30:44	1/1/2019 	12637615	593.00	9.00	13.93	17.67	104263.12	49811	0	Tsung-DaoLee	
7469	3:30:44	1/1/2019 	12637673	83.00	8.00	6.19	17.67	104263.12	1827	0	Tsung-DaoLee	
7470	3:30:45	1/1/2019 	12638492	252.00	8.00	10.33	17.67	104263.12	2958	0	Tsung-DaoLee	
7471	3:30:46	1/1/2019 	12639659	952.00	700.00	126.66	17.67	104262.97	97793	1	Tsung-DaoLee	
7472	3:30:47	1/1/2019 	12640500	801.00	36.00	21.04	17.67	104262.97	2794	0	Tsung-DaoLee	
7473	3:30:48	1/1/2019 	12641805	622.00	9.00	14.29	17.67	104263.28	97813	0	Tsung-DaoLee	
7474	3:30:48	1/1/2019 	12641964	69.00	8.00	5.97	17.67	104263.28	1821	0	Tsung-DaoLee	
7475	3:30:49	1/1/2019 	12643059	82.00	8.00	6.17	17.68	104263.70	49804	0	Tsung-DaoLee	
7476	3:30:50	1/1/2019 	12643296	945.00	199.00	45.33	17.68	104263.86	5622	0	Tsung-DaoLee	
7477	3:30:50	1/1/2019 	12644001	196.00	8.00	9.21	17.68	104263.70	49806	0	Tsung-DaoLee	
7478	3:30:50	1/1/2019 	12644081	890.00	70.00	24.95	17.68	104263.70	1822	0	Tsung-DaoLee	
7479	3:30:51	1/1/2019 	12644258	946.00	386.00	72.12	17.68	104263.70	1822	0	Tsung-DaoLee	
7480	3:30:51	1/1/2019 	12644711	887.00	69.00	24.81	17.68	104263.70	49806	0	Tsung-DaoLee	
7481	3:30:52	1/1/2019 	12645667	448.00	9.00	12.55	17.68	104263.55	50757	0	Tsung-DaoLee	
7482	3:30:53	1/1/2019 	12646163	193.00	8.00	9.14	17.68	104264.16	1823	0	Tsung-DaoLee	
7483	3:30:53	1/1/2019 	12646473	615.00	9.00	14.21	17.68	104264.00	1821	0	Tsung-DaoLee	
7484	3:30:53	1/1/2019 	12646704	947.00	184.00	43.80	17.68	104264.00	49804	0	Tsung-DaoLee	
7485	3:30:53	1/1/2019 	12646867	118.00	8.00	7.09	17.68	104264.31	1821	1	Tsung-DaoLee	
7486	3:30:53	1/1/2019 	12647054	744.00	21.00	18.38	17.68	104264.31	1821	0	Tsung-DaoLee	
7487	3:30:54	1/1/2019 	12647689	197.00	7.00	9.22	17.68	104264.31	50761	0	Tsung-DaoLee	
7488	3:30:54	1/1/2019 	12647741	83.00	8.00	6.19	17.68	104264.31	1821	0	Tsung-DaoLee	
7489	3:30:55	1/1/2019 	12648969	173.00	8.00	8.64	17.68	104264.31	49802	0	Tsung-DaoLee	
7490	3:30:56	1/1/2019 	12650119	705.00	14.00	16.32	17.68	104264.48	49805	0	Tsung-DaoLee	
7491	3:30:57	1/1/2019 	12650623	81.00	8.00	6.15	17.68	104264.48	50664	0	Tsung-DaoLee	
7492	3:30:57	1/1/2019 	12650699	922.00	100.00	30.03	17.68	104264.48	1822	0	Tsung-DaoLee	
7493	3:30:57	1/1/2019 	12650765	157.00	8.00	8.21	17.68	104264.48	3328	0	Tsung-DaoLee	
7494	3:30:57	1/1/2019 	12651143	572.00	9.00	13.67	17.68	104264.89	1821	0	Tsung-DaoLee	
7495	3:30:58	1/1/2019 	12651176	716.00	15.00	16.66	17.68	104264.89	1822	0	Tsung-DaoLee	
7496	3:30:58	1/1/2019 	12651214	137.00	8.00	7.64	17.68	104264.89	1822	0	Tsung-DaoLee	
7497	3:30:58	1/1/2019 	12651588	617.00	9.00	14.23	17.68	104264.89	49803	0	Tsung-DaoLee	
7498	3:30:58	1/1/2019 	12651876	374.00	8.00	11.90	17.68	104264.89	1821	0	Tsung-DaoLee	
7499	3:30:58	1/1/2019 	12652066	162.00	8.00	8.35	17.68	104265.05	2902	0	Tsung-DaoLee	
7500	3:30:59	1/1/2019 	12652744	109.00	8.00	6.84	17.68	104265.05	49802	0	Tsung-DaoLee	
7501	3:30:59	1/1/2019 	12653019	84.00	8.00	6.21	17.68	104265.22	1822	0	Tsung-DaoLee	
7502	3:30:59	1/1/2019 	12653142	169.00	8.00	8.54	17.68	104265.22	1820	0	Tsung-DaoLee	
7503	3:31:00	1/1/2019 	12653278	92.00	8.00	6.39	17.68	104265.22	1819	0	Tsung-DaoLee	
7504	3:31:00	1/1/2019 	12653393	367.00	8.00	11.83	17.68	104265.22	1822	0	Tsung-DaoLee	
7505	3:31:00	1/1/2019 	12653845	948.00	375.00	70.30	17.68	104265.22	50787	0	Tsung-DaoLee	
7506	3:31:01	1/1/2019 	12654974	728.00	17.00	17.29	17.68	104265.38	49808	0	Tsung-DaoLee	
7507	3:31:01	1/1/2019 	12655143	120.00	8.00	7.15	17.68	104265.38	1829	0	Tsung-DaoLee	
7508	3:31:02	1/1/2019 	12655187	685.00	12.00	15.61	17.68	104265.38	1827	0	Tsung-DaoLee	
7509	3:31:02	1/1/2019 	12655998	953.00	388.00	72.47	17.68	104265.53	49811	1	Tsung-DaoLee	
7510	3:31:03	1/1/2019 	12656921	556.00	9.00	13.47	17.68	104265.38	50796	0	Tsung-DaoLee	
7511	3:31:04	1/1/2019 	12657315	87.00	7.00	6.28	17.68	104265.53	1827	0	Tsung-DaoLee	
7512	3:31:04	1/1/2019 	12657896	952.00	368.00	69.09	17.68	104265.69	49804	1	Tsung-DaoLee	
7513	3:31:04	1/1/2019 	12658041	950.00	142.00	37.97	17.68	104266.14	1822	1	Tsung-DaoLee	
7514	3:31:05	1/1/2019 	12658861	686.00	12.00	15.62	17.68	104266.31	49806	1	Tsung-DaoLee	
7515	3:31:05	1/1/2019 	12659132	172.00	8.00	8.62	17.68	104266.31	1823	0	Tsung-DaoLee	
7516	3:31:06	1/1/2019 	12659437	946.00	129.00	35.65	17.68	104266.31	2814	0	Tsung-DaoLee	
7517	3:31:06	1/1/2019 	12660091	528.00	8.00	13.06	17.68	104266.31	49806	0	Tsung-DaoLee	
7518	3:31:07	1/1/2019 	12660760	115.00	8.00	7.01	17.68	104266.31	50721	0	Tsung-DaoLee	
7519	3:31:07	1/1/2019 	12660806	384.00	8.00	11.99	17.68	104266.31	1820	0	Tsung-DaoLee	
7520	3:31:08	1/1/2019 	12661321	356.00	8.00	11.72	17.68	104266.31	1821	0	Tsung-DaoLee	
7521	3:31:09	1/1/2019 	12662605	103.00	8.00	6.67	17.68	104266.31	97786	0	Tsung-DaoLee	
7522	3:31:09	1/1/2019 	12663123	220.00	8.00	9.73	17.68	104266.14	3365	0	Tsung-DaoLee	
7523	3:31:10	1/1/2019 	12663407	926.00	112.00	32.36	17.68	104266.14	1821	1	Tsung-DaoLee	
7524	3:31:10	1/1/2019 	12663421	951.00	416.00	76.66	17.68	104266.14	1823	0	Tsung-DaoLee	
7525	3:31:10	1/1/2019 	12663628	948.00	458.00	81.91	17.68	104266.14	49804	0	Tsung-DaoLee	
7526	3:31:10	1/1/2019 	12663726	598.00	9.00	14.00	17.69	104266.60	1821	0	Tsung-DaoLee	
7527	3:31:10	1/1/2019 	12664083	221.00	8.00	9.75	17.69	104266.60	1821	0	Tsung-DaoLee	
7528	3:31:11	1/1/2019 	12665029	943.00	157.00	40.36	17.69	104266.76	50818	1	Tsung-DaoLee	
7529	3:31:13	1/1/2019 	12666980	146.00	8.00	7.90	17.69	104266.60	97788	0	Tsung-DaoLee	
7530	3:31:14	1/1/2019 	12667195	640.00	10.00	14.71	17.69	104266.60	1822	0	Tsung-DaoLee	
7531	3:31:14	1/1/2019 	12667844	512.00	8.00	12.92	17.69	104266.60	49804	0	Tsung-DaoLee	
7532	3:31:14	1/1/2019 	12668002	69.00	8.00	5.97	17.69	104266.60	1820	0	Tsung-DaoLee	
7533	3:31:15	1/1/2019 	12668306	944.00	166.00	41.62	17.69	104266.44	1821	1	Tsung-DaoLee	
7534	3:31:15	1/1/2019 	12668469	786.00	33.00	20.63	17.69	104266.44	2843	0	Tsung-DaoLee	
7535	3:31:15	1/1/2019 	12668629	372.00	8.00	11.88	17.69	104266.44	49805	0	Tsung-DaoLee	
7536	3:31:15	1/1/2019 	12668781	515.00	9.00	13.05	17.69	104266.60	1822	1	Tsung-DaoLee	
7537	3:31:15	1/1/2019 	12668797	332.00	8.00	11.46	17.69	104266.60	1822	0	Tsung-DaoLee	
7538	3:31:15	1/1/2019 	12669065	130.00	8.00	7.44	17.69	104266.60	1822	0	Tsung-DaoLee	
7539	3:31:16	1/1/2019 	12670069	696.00	13.00	15.97	17.69	104266.76	50931	0	Tsung-DaoLee	
7540	3:31:17	1/1/2019 	12670189	380.00	8.00	11.95	17.69	104266.76	2793	0	Tsung-DaoLee	
7541	3:31:17	1/1/2019 	12670606	145.00	8.00	7.87	17.69	104267.50	49802	0	Tsung-DaoLee	
7542	3:31:17	1/1/2019 	12670825	947.00	349.00	65.70	17.69	104267.50	1821	1	Tsung-DaoLee	
7543	3:31:17	1/1/2019 	12671033	946.00	192.00	44.64	17.69	104267.50	1822	0	Tsung-DaoLee	
7544	3:31:17	1/1/2019 	12671119	127.00	8.00	7.35	17.69	104267.50	1822	0	Tsung-DaoLee	
7545	3:31:18	1/1/2019 	12671410	697.00	13.00	15.98	17.69	104267.50	3396	0	Tsung-DaoLee	
7546	3:31:19	1/1/2019 	12672782	115.00	8.00	7.01	17.69	104267.50	97785	0	Tsung-DaoLee	
7547	3:31:21	1/1/2019 	12674607	753.00	22.00	18.63	17.69	104267.50	97787	0	Tsung-DaoLee	
7548	3:31:21	1/1/2019 	12674879	789.00	34.00	20.77	17.69	104267.50	1823	0	Tsung-DaoLee	
7549	3:31:21	1/1/2019 	12674896	428.00	8.00	12.33	17.69	104267.50	1821	1	Tsung-DaoLee	
7550	3:31:21	1/1/2019 	12674923	159.00	8.00	8.27	17.69	104267.66	1820	0	Tsung-DaoLee	
7551	3:31:22	1/1/2019 	12675658	198.00	8.00	9.25	17.69	104267.66	50848	0	Tsung-DaoLee	
7552	3:31:23	1/1/2019 	12676185	64.00	8.00	5.92	17.69	104267.50	1821	0	Tsung-DaoLee	
7553	3:31:23	1/1/2019 	12676355	127.00	8.00	7.35	17.69	104267.50	1821	0	Tsung-DaoLee	
7554	3:31:23	1/1/2019 	12676413	516.00	9.00	13.06	17.69	104267.50	1819	0	Tsung-DaoLee	
7555	3:31:23	1/1/2019 	12676865	620.00	9.00	14.26	17.69	104267.34	49803	0	Tsung-DaoLee	
7556	3:31:23	1/1/2019 	12676885	601.00	9.00	14.04	17.69	104267.34	1821	0	Tsung-DaoLee	
7557	3:31:24	1/1/2019 	12677305	784.00	33.00	20.63	17.69	104267.63	5098	0	Tsung-DaoLee	
7558	3:31:24	1/1/2019 	12677441	140.00	8.00	7.73	17.69	104267.63	1823	0	Tsung-DaoLee	
7559	3:31:25	1/1/2019 	12678241	100.00	8.00	6.59	17.69	104267.63	49801	0	Tsung-DaoLee	
7560	3:31:25	1/1/2019 	12678795	104.00	8.00	6.70	17.69	104267.63	49802	0	Tsung-DaoLee	
7561	3:31:26	1/1/2019 	12679453	944.00	127.00	35.27	17.69	104267.63	1821	1	Tsung-DaoLee	
7562	3:31:27	1/1/2019 	12680159	727.00	17.00	17.29	17.69	104267.63	50754	0	Tsung-DaoLee	
7563	3:31:27	1/1/2019 	12680600	323.00	8.00	11.35	17.69	104267.63	49805	0	Tsung-DaoLee	
7564	3:31:27	1/1/2019 	12680657	143.00	8.00	7.82	17.69	104267.63	1820	1	Tsung-DaoLee	
7565	3:31:27	1/1/2019 	12680753	81.00	8.00	6.15	17.69	104267.63	1819	0	Tsung-DaoLee	
7566	3:31:27	1/1/2019 	12680877	660.00	10.00	14.87	17.69	104267.63	1821	0	Tsung-DaoLee	
7567	3:31:27	1/1/2019 	12681036	950.00	283.00	54.44	17.69	104267.63	1822	1	Tsung-DaoLee	
7568	3:31:28	1/1/2019 	12681219	510.00	8.00	12.91	17.69	104267.63	2782	0	Tsung-DaoLee	
7569	3:31:28	1/1/2019 	12681264	129.00	8.00	7.41	17.69	104267.63	1821	0	Tsung-DaoLee	
7570	3:31:30	1/1/2019 	12683370	868.00	61.00	23.78	17.69	104268.56	97785	0	Tsung-DaoLee	
7571	3:31:31	1/1/2019 	12684354	698.00	13.00	15.98	17.69	104268.73	49806	0	Tsung-DaoLee	
7572	3:31:31	1/1/2019 	12684386	874.00	64.00	24.15	17.69	104268.73	1823	0	Tsung-DaoLee	
7573	3:31:32	1/1/2019 	12686114	386.00	8.00	12.00	17.69	104268.56	97787	0	Tsung-DaoLee	
7574	3:31:33	1/1/2019 	12686828	896.00	77.00	25.98	17.69	104268.73	50874	0	Tsung-DaoLee	
7575	3:31:33	1/1/2019 	12686922	883.00	66.00	24.42	17.69	104268.73	1821	0	Tsung-DaoLee	
7576	3:31:33	1/1/2019 	12687116	178.00	8.00	8.77	17.69	104268.73	1822	0	Tsung-DaoLee	
7577	3:31:34	1/1/2019 	12687775	79.00	8.00	6.12	17.69	104268.89	49801	0	Tsung-DaoLee	
7578	3:31:34	1/1/2019 	12687782	953.00	743.00	133.34	17.69	104268.89	1822	1	Tsung-DaoLee	
7579	3:31:34	1/1/2019 	12688091	914.00	93.00	28.71	17.69	104268.89	1823	0	Tsung-DaoLee	
7580	3:31:35	1/1/2019 	12689022	946.00	364.00	68.39	17.69	104269.05	50776	1	Tsung-DaoLee	
7581	3:31:36	1/1/2019 	12689458	853.00	49.00	22.49	17.69	104269.05	1824	0	Tsung-DaoLee	
7582	3:31:36	1/1/2019 	12689960	78.00	8.00	6.10	17.69	104269.05	49804	0	Tsung-DaoLee	
7583	3:31:36	1/1/2019 	12690051	935.00	116.00	33.15	17.69	104269.05	2708	0	Tsung-DaoLee	
7584	3:31:37	1/1/2019 	12690217	945.00	211.00	46.46	17.69	104269.05	1822	1	Tsung-DaoLee	
7585	3:31:37	1/1/2019 	12690221	203.00	8.00	9.37	17.69	104269.05	1822	0	Tsung-DaoLee	
7586	3:31:37	1/1/2019 	12690318	404.00	8.00	12.15	17.69	104269.05	3345	0	Tsung-DaoLee	
7587	3:31:37	1/1/2019 	12690716	947.00	128.00	35.46	17.69	104269.05	49805	0	Tsung-DaoLee	
7588	3:31:37	1/1/2019 	12690975	100.00	8.00	6.59	17.69	104268.89	1822	0	Tsung-DaoLee	
7589	3:31:38	1/1/2019 	12691606	863.00	56.00	23.22	17.70	104269.62	49804	0	Tsung-DaoLee	
7590	3:31:38	1/1/2019 	12692088	157.00	8.00	8.21	17.69	104269.36	1827	0	Tsung-DaoLee	
7591	3:31:39	1/1/2019 	12692725	714.00	15.00	16.66	17.70	104269.94	50796	0	Tsung-DaoLee	
7592	3:31:40	1/1/2019 	12693437	942.00	218.00	47.10	17.70	104269.78	1822	0	Tsung-DaoLee	
7593	3:31:40	1/1/2019 	12693956	778.00	30.00	20.19	17.70	104269.94	49805	0	Tsung-DaoLee	
7594	3:31:41	1/1/2019 	12694653	861.00	58.00	23.43	17.70	104269.94	49804	0	Tsung-DaoLee	
7595	3:31:41	1/1/2019 	12694669	950.00	204.00	45.81	17.70	104269.94	1823	1	Tsung-DaoLee	
7596	3:31:41	1/1/2019 	12694689	948.00	276.00	53.45	17.70	104269.94	1823	0	Tsung-DaoLee	
7597	3:31:41	1/1/2019 	12694763	585.00	9.00	13.83	17.70	104269.94	2822	0	Tsung-DaoLee	
7598	3:31:41	1/1/2019 	12694976	72.00	8.00	6.00	17.70	104269.94	1822	0	Tsung-DaoLee	
7599	3:31:42	1/1/2019 	12695726	94.00	8.00	6.44	17.70	104269.94	49801	0	Tsung-DaoLee	
7600	3:31:42	1/1/2019 	12696055	948.00	316.00	59.76	17.70	104269.94	1822	0	Tsung-DaoLee	
7601	3:31:46	1/1/2019 	12699288	511.00	8.00	12.92	17.70	104270.88	145770	0	Tsung-DaoLee	
7602	3:31:46	1/1/2019 	12699451	198.00	8.00	9.25	17.70	104270.88	1830	0	Tsung-DaoLee	
7603	3:31:46	1/1/2019 	12699717	82.00	8.00	6.17	17.70	104270.88	50813	0	Tsung-DaoLee	
7604	3:31:47	1/1/2019 	12700191	400.00	8.00	12.12	17.70	104270.88	2764	0	Tsung-DaoLee	
7605	3:31:47	1/1/2019 	12700770	915.00	92.00	28.53	17.70	104270.88	49812	1	Tsung-DaoLee	
7606	3:31:47	1/1/2019 	12700855	946.00	148.00	38.97	17.70	104270.88	1829	1	Tsung-DaoLee	
7607	3:31:48	1/1/2019 	12701324	592.00	9.00	13.92	17.70	104270.88	1828	0	Tsung-DaoLee	
7608	3:31:48	1/1/2019 	12701340	953.00	667.00	119.99	17.70	104270.88	1829	1	Tsung-DaoLee	
7609	3:31:48	1/1/2019 	12701450	158.00	8.00	8.24	17.70	104270.88	3382	0	Tsung-DaoLee	
7610	3:31:48	1/1/2019 	12701694	912.00	93.00	28.71	17.70	104271.03	49807	0	Tsung-DaoLee	
7611	3:31:48	1/1/2019 	12702053	97.00	8.00	6.52	17.70	104271.45	1822	0	Tsung-DaoLee	
7612	3:31:51	1/1/2019 	12704282	832.00	48.00	22.36	17.70	104271.77	97785	0	Tsung-DaoLee	
7613	3:31:51	1/1/2019 	12704778	513.00	8.00	12.93	17.70	104271.93	49806	0	Tsung-DaoLee	
7614	3:31:51	1/1/2019 	12705003	138.00	8.00	7.67	17.70	104271.93	2811	0	Tsung-DaoLee	
7615	3:31:52	1/1/2019 	12705327	447.00	9.00	12.54	17.70	104271.93	1820	0	Tsung-DaoLee	
7616	3:31:52	1/1/2019 	12705389	948.00	197.00	45.14	17.70	104271.93	1822	1	Tsung-DaoLee	
7617	3:31:52	1/1/2019 	12705734	677.00	12.00	15.57	17.70	104271.93	49803	0	Tsung-DaoLee	
7618	3:31:53	1/1/2019 	12706827	787.00	35.00	20.89	17.70	104272.09	49803	0	Tsung-DaoLee	
7619	3:31:53	1/1/2019 	12707066	689.00	12.00	15.63	17.70	104272.09	1823	0	Tsung-DaoLee	
7620	3:31:54	1/1/2019 	12707218	952.00	850.00	153.91	17.70	104272.09	2819	0	Tsung-DaoLee	
7621	3:31:54	1/1/2019 	12707416	700.00	13.00	15.99	17.70	104272.09	1823	0	Tsung-DaoLee	
7622	3:31:54	1/1/2019 	12707866	384.00	8.00	11.99	17.70	104272.09	49801	0	Tsung-DaoLee	
7623	3:31:55	1/1/2019 	12709029	943.00	275.00	53.31	17.70	104272.09	49803	1	Tsung-DaoLee	
7624	3:31:55	1/1/2019 	12709069	177.00	8.00	8.75	17.70	104272.09	1823	0	Tsung-DaoLee	
7625	3:31:58	1/1/2019 	12711933	751.00	23.00	18.85	17.70	104272.70	145764	0	Tsung-DaoLee	
7626	3:31:59	1/1/2019 	12712271	948.00	367.00	68.92	17.70	104272.70	4247	0	Tsung-DaoLee	
7627	3:31:59	1/1/2019 	12712302	953.00	727.00	130.68	17.70	104272.70	1822	0	Tsung-DaoLee	
7628	3:31:59	1/1/2019 	12712344	949.00	466.00	82.81	17.70	104272.70	1822	1	Tsung-DaoLee	
7629	3:31:59	1/1/2019 	12712467	949.00	131.00	36.02	17.70	104272.70	1822	1	Tsung-DaoLee	
7630	3:31:59	1/1/2019 	12712728	427.00	8.00	12.32	17.70	104272.09	49803	0	Tsung-DaoLee	
7631	3:32:00	1/1/2019 	12713162	917.00	98.00	29.64	17.70	104272.09	1821	1	Tsung-DaoLee	
7632	3:32:00	1/1/2019 	12714120	126.00	7.00	7.32	17.70	104272.25	53080	0	Tsung-DaoLee	
7633	3:32:01	1/1/2019 	12714452	657.00	11.00	15.14	17.70	104272.25	1821	0	Tsung-DaoLee	
7634	3:32:02	1/1/2019 	12715169	942.00	128.00	35.46	17.70	104272.70	49804	0	Tsung-DaoLee	
7635	3:32:02	1/1/2019 	12715604	884.00	68.00	24.68	17.70	104272.70	49805	0	Tsung-DaoLee	
7636	3:32:02	1/1/2019 	12715617	728.00	17.00	17.29	17.70	104272.70	1822	0	Tsung-DaoLee	
7637	3:32:02	1/1/2019 	12715809	629.00	9.00	14.36	17.70	104272.70	2773	0	Tsung-DaoLee	
7638	3:32:02	1/1/2019 	12716014	122.00	8.00	7.21	17.70	104272.70	1821	0	Tsung-DaoLee	
7639	3:32:02	1/1/2019 	12716047	577.00	9.00	13.73	17.70	104272.70	1820	0	Tsung-DaoLee	
7640	3:32:03	1/1/2019 	12716211	186.00	8.00	8.97	17.70	104272.70	1822	0	Tsung-DaoLee	
7641	3:32:03	1/1/2019 	12716697	584.00	9.00	13.82	17.70	104272.70	49804	0	Tsung-DaoLee	
7642	3:32:04	1/1/2019 	12718108	920.00	104.00	30.80	17.70	104272.39	49803	0	Tsung-DaoLee	
7643	3:32:05	1/1/2019 	12718344	944.00	270.00	52.65	17.70	104272.39	2882	0	Tsung-DaoLee	
7644	3:32:05	1/1/2019 	12718486	80.00	8.00	6.14	17.70	104272.39	1823	0	Tsung-DaoLee	
7645	3:32:05	1/1/2019 	12718691	469.00	8.00	12.61	17.70	104272.39	49803	0	Tsung-DaoLee	
7646	3:32:06	1/1/2019 	12719424	526.00	9.00	13.15	17.70	104272.39	1821	0	Tsung-DaoLee	
7647	3:32:06	1/1/2019 	12719656	949.00	156.00	40.21	17.70	104272.39	49804	1	Tsung-DaoLee	
7648	3:32:07	1/1/2019 	12720226	941.00	252.00	50.47	17.70	104272.55	2676	1	Tsung-DaoLee	
7649	3:32:07	1/1/2019 	12720369	905.00	87.00	27.62	17.70	104272.55	3329	1	Tsung-DaoLee	
7650	3:32:07	1/1/2019 	12720406	135.00	8.00	7.59	17.70	104272.39	1822	0	Tsung-DaoLee	
7651	3:32:07	1/1/2019 	12720854	948.00	126.00	35.08	17.70	104272.39	49803	0	Tsung-DaoLee	
7652	3:32:09	1/1/2019 	12722420	756.00	25.00	19.27	17.71	104273.16	49805	0	Tsung-DaoLee	
7653	3:32:10	1/1/2019 	12723309	72.00	8.00	6.00	17.71	104273.16	49805	0	Tsung-DaoLee	
7654	3:32:11	1/1/2019 	12724684	283.00	8.00	10.82	17.71	104273.16	97785	0	Tsung-DaoLee	
7655	3:32:12	1/1/2019 	12725369	858.00	56.00	23.21	17.71	104273.00	2799	0	Tsung-DaoLee	
7656	3:32:12	1/1/2019 	12725427	947.00	209.00	46.27	17.71	104273.00	1822	1	Tsung-DaoLee	
7657	3:32:12	1/1/2019 	12725703	289.00	8.00	10.91	17.71	104273.16	49805	0	Tsung-DaoLee	
7658	3:32:13	1/1/2019 	12726764	369.00	9.00	11.90	17.71	104273.73	49805	1	Tsung-DaoLee	
7659	3:32:13	1/1/2019 	12726905	157.00	10.00	8.22	17.71	104273.73	1822	0	Tsung-DaoLee	
7660	3:32:13	1/1/2019 	12726975	688.00	13.00	15.94	17.71	104273.73	2803	0	Tsung-DaoLee	
7661	3:32:14	1/1/2019 	12727327	109.00	8.00	6.84	17.71	104273.73	1822	0	Tsung-DaoLee	
7662	3:32:14	1/1/2019 	12727390	952.00	525.00	90.32	17.71	104273.73	1821	0	Tsung-DaoLee	
7663	3:32:14	1/1/2019 	12727645	69.00	8.00	5.97	17.71	104273.73	49805	0	Tsung-DaoLee	
7664	3:32:14	1/1/2019 	12728174	948.00	403.00	74.78	17.71	104273.90	1820	1	Tsung-DaoLee	
7665	3:32:15	1/1/2019 	12728273	123.00	8.00	7.24	17.71	104273.90	1821	0	Tsung-DaoLee	
7666	3:32:15	1/1/2019 	12728835	207.00	8.00	9.45	17.71	104273.90	50792	0	Tsung-DaoLee	
7667	3:32:15	1/1/2019 	12729070	592.00	9.00	13.92	17.71	104273.90	1820	0	Tsung-DaoLee	
7668	3:32:16	1/1/2019 	12729340	110.00	8.00	6.86	17.71	104274.22	1820	0	Tsung-DaoLee	
7669	3:32:17	1/1/2019 	12730596	946.00	330.00	62.24	17.71	104274.38	97788	0	Tsung-DaoLee	
7670	3:32:18	1/1/2019 	12732184	291.00	8.00	10.93	17.71	104274.05	50715	0	Tsung-DaoLee	
7671	3:32:19	1/1/2019 	12732311	915.00	94.00	28.89	17.71	104274.05	1823	0	Tsung-DaoLee	
7672	3:32:19	1/1/2019 	12732417	841.00	50.00	22.57	17.71	104274.05	3463	0	Tsung-DaoLee	
7673	3:32:20	1/1/2019 	12733660	350.00	8.00	11.66	17.71	104274.19	97785	0	Tsung-DaoLee	
7674	3:32:20	1/1/2019 	12733668	832.00	44.00	21.96	17.71	104274.19	1822	0	Tsung-DaoLee	
7675	3:32:21	1/1/2019 	12734331	371.00	8.00	11.87	17.71	104274.03	1821	0	Tsung-DaoLee	
7676	3:32:21	1/1/2019 	12734551	884.00	68.00	24.68	17.71	104274.03	49803	0	Tsung-DaoLee	
7677	3:32:22	1/1/2019 	12735225	438.00	8.00	12.40	17.71	104274.19	1820	0	Tsung-DaoLee	
7678	3:32:22	1/1/2019 	12735333	915.00	94.00	28.89	17.71	104274.19	2832	0	Tsung-DaoLee	
7679	3:32:22	1/1/2019 	12735436	529.00	8.00	13.07	17.71	104274.19	1821	0	Tsung-DaoLee	
7680	3:32:22	1/1/2019 	12735580	945.00	232.00	48.41	17.71	104274.19	49803	1	Tsung-DaoLee	
7681	3:32:22	1/1/2019 	12736181	126.00	8.00	7.32	17.71	104274.03	1822	0	Tsung-DaoLee	
7682	3:32:23	1/1/2019 	12736321	112.00	8.00	6.92	17.71	104274.03	1821	0	Tsung-DaoLee	
7683	3:32:24	1/1/2019 	12737317	880.00	72.00	25.21	17.71	104274.19	50818	0	Tsung-DaoLee	
7684	3:32:24	1/1/2019 	12737390	88.00	8.00	6.30	17.71	104274.19	1823	0	Tsung-DaoLee	
7685	3:32:24	1/1/2019 	12737652	100.00	8.00	6.59	17.71	104274.19	49802	0	Tsung-DaoLee	
7686	3:32:24	1/1/2019 	12737692	707.00	15.00	16.63	17.71	104274.19	1820	0	Tsung-DaoLee	
7687	3:32:24	1/1/2019 	12737849	632.00	9.00	14.39	17.71	104274.19	1820	0	Tsung-DaoLee	
7688	3:32:25	1/1/2019 	12738886	945.00	129.00	35.65	17.71	104274.65	49803	0	Tsung-DaoLee	
7689	3:32:25	1/1/2019 	12738943	856.00	49.00	22.49	17.71	104274.65	2842	1	Tsung-DaoLee	
7690	3:32:25	1/1/2019 	12739099	602.00	9.00	14.05	17.71	104274.65	1822	0	Tsung-DaoLee	
7691	3:32:26	1/1/2019 	12739240	941.00	127.00	35.27	17.71	104274.65	1821	0	Tsung-DaoLee	
7692	3:32:26	1/1/2019 	12739927	240.00	8.00	10.11	17.71	104274.65	49803	0	Tsung-DaoLee	
7693	3:32:27	1/1/2019 	12740259	944.00	300.00	57.06	17.71	104274.65	2782	0	Tsung-DaoLee	
7694	3:32:27	1/1/2019 	12740383	928.00	109.00	31.78	17.71	104274.65	1822	0	Tsung-DaoLee	
7695	3:32:27	1/1/2019 	12740669	108.00	8.00	6.81	17.71	104274.65	51374	0	Tsung-DaoLee	
7696	3:32:28	1/1/2019 	12741419	125.00	8.00	7.29	17.71	104274.65	1821	0	Tsung-DaoLee	
7697	3:32:28	1/1/2019 	12741560	947.00	146.00	38.64	17.71	104274.65	49804	1	Tsung-DaoLee	
7698	3:32:28	1/1/2019 	12741961	950.00	366.00	68.74	17.71	104274.65	1822	0	Tsung-DaoLee	
7699	3:32:29	1/1/2019 	12742472	552.00	9.00	13.43	17.71	104274.65	1821	0	Tsung-DaoLee	
7700	3:32:29	1/1/2019 	12742743	557.00	7.00	13.21	17.71	104274.65	49805	0	Tsung-DaoLee	
7701	3:32:30	1/1/2019 	12743447	571.00	9.00	13.65	17.71	104274.65	2864	0	Tsung-DaoLee	
7702	3:32:30	1/1/2019 	12743975	573.00	8.00	13.53	17.71	104274.65	49804	0	Tsung-DaoLee	
7703	3:32:31	1/1/2019 	12744839	164.00	8.00	8.40	17.71	104274.65	49802	0	Tsung-DaoLee	
7704	3:32:32	1/1/2019 	12745399	62.00	7.00	5.90	17.71	104274.80	1821	0	Tsung-DaoLee	
7705	3:32:32	1/1/2019 	12745616	950.00	592.00	103.08	17.71	104274.80	49805	0	Tsung-DaoLee	
7706	3:32:32	1/1/2019 	12745694	916.00	97.00	29.45	17.71	104274.80	1822	0	Tsung-DaoLee	
7707	3:32:33	1/1/2019 	12746664	900.00	80.00	26.45	17.71	104275.22	50853	0	Tsung-DaoLee	
7708	3:32:35	1/1/2019 	12748488	404.00	8.00	12.15	17.71	104275.39	49804	0	Tsung-DaoLee	
7709	3:32:35	1/1/2019 	12748858	753.00	25.00	19.26	17.71	104275.39	49804	0	Tsung-DaoLee	
7710	3:32:35	1/1/2019 	12748954	704.00	13.00	16.00	17.71	104275.39	1822	0	Tsung-DaoLee	
7711	3:32:35	1/1/2019 	12749100	946.00	165.00	41.49	17.71	104275.55	1822	1	Tsung-DaoLee	
7712	3:32:36	1/1/2019 	12749746	600.00	9.00	14.02	17.71	104275.39	53183	0	Tsung-DaoLee	
7713	3:32:37	1/1/2019 	12750230	789.00	33.00	20.64	17.71	104275.55	2662	0	Tsung-DaoLee	
7714	3:32:37	1/1/2019 	12750691	103.00	8.00	6.67	17.71	104275.39	49805	0	Tsung-DaoLee	
7715	3:32:37	1/1/2019 	12750762	247.00	8.00	10.24	17.71	104275.39	1821	0	Tsung-DaoLee	
7716	3:32:37	1/1/2019 	12750947	413.00	8.00	12.22	17.71	104275.39	1820	0	Tsung-DaoLee	
7717	3:32:37	1/1/2019 	12751094	957.00	795.00	141.02	17.71	104275.39	1821	0	Tsung-DaoLee	
7718	3:32:38	1/1/2019 	12751675	213.00	8.00	9.58	17.71	104275.22	51298	0	Tsung-DaoLee	
7719	3:32:39	1/1/2019 	12752361	282.00	8.00	10.80	17.72	104275.84	1821	0	Tsung-DaoLee	
7720	3:32:42	1/1/2019 	12755823	591.00	9.00	13.91	17.72	104276.31	193753	1	Tsung-DaoLee	
7721	3:32:43	1/1/2019 	12756288	740.00	21.00	18.36	17.72	104276.31	1823	1	Tsung-DaoLee	
7722	3:32:43	1/1/2019 	12756656	562.00	8.00	13.40	17.72	104276.31	49804	0	Tsung-DaoLee	
7723	3:32:43	1/1/2019 	12756921	680.00	11.00	15.27	17.72	104276.48	1822	0	Tsung-DaoLee	
7724	3:32:43	1/1/2019 	12756925	604.00	9.00	14.07	17.72	104276.48	2789	0	Tsung-DaoLee	
7725	3:32:43	1/1/2019 	12756930	411.00	8.00	12.21	17.72	104276.48	1821	0	Tsung-DaoLee	
7726	3:32:43	1/1/2019 	12757046	945.00	143.00	38.14	17.72	104276.48	1821	1	Tsung-DaoLee	
7727	3:32:43	1/1/2019 	12757121	969.00	952.00	261.71	17.72	104276.48	1822	1	Tsung-DaoLee	
7728	3:32:43	1/1/2019 	12757192	896.00	77.00	25.98	17.72	104276.48	1822	0	Tsung-DaoLee	
7729	3:32:44	1/1/2019 	12757311	195.00	8.00	9.18	17.72	104276.48	2793	0	Tsung-DaoLee	
7730	3:32:44	1/1/2019 	12757413	951.00	266.00	52.14	17.72	104276.48	1821	1	Tsung-DaoLee	
7731	3:32:44	1/1/2019 	12757809	63.00	2.00	5.90	17.72	104276.48	49803	1	Tsung-DaoLee	
7732	3:32:45	1/1/2019 	12758782	594.00	9.00	13.95	17.72	104276.63	49803	0	Tsung-DaoLee	
7733	3:32:45	1/1/2019 	12758910	945.00	124.00	34.70	17.72	104276.63	1822	1	Tsung-DaoLee	
7734	3:32:46	1/1/2019 	12759367	231.00	7.00	9.93	17.72	104276.48	1822	0	Tsung-DaoLee	
7735	3:32:46	1/1/2019 	12760022	947.00	251.00	50.36	17.72	104276.63	50782	1	Tsung-DaoLee	
7736	3:32:46	1/1/2019 	12760143	644.00	10.00	14.75	17.72	104276.63	2716	0	Tsung-DaoLee	
7737	3:32:47	1/1/2019 	12760237	896.00	79.00	26.28	17.72	104276.63	1822	0	Tsung-DaoLee	
7738	3:32:47	1/1/2019 	12760555	505.00	8.00	12.87	17.72	104276.63	49804	0	Tsung-DaoLee	
7739	3:32:47	1/1/2019 	12760717	91.00	8.00	6.37	17.72	104276.63	1820	0	Tsung-DaoLee	
7740	3:32:47	1/1/2019 	12760917	953.00	734.00	131.79	17.72	104276.63	1820	1	Tsung-DaoLee	
7741	3:32:48	1/1/2019 	12761304	258.00	8.00	10.43	17.72	104276.48	3452	0	Tsung-DaoLee	
7742	3:32:48	1/1/2019 	12761898	948.00	301.00	57.22	17.72	104276.63	49804	1	Tsung-DaoLee	
7743	3:32:49	1/1/2019 	12762368	947.00	288.00	55.18	17.72	104276.80	1821	0	Tsung-DaoLee	
7744	3:32:49	1/1/2019 	12762459	111.00	8.00	6.89	17.72	104276.80	1822	0	Tsung-DaoLee	
7745	3:32:49	1/1/2019 	12762591	72.00	8.00	6.00	17.72	104276.80	49803	0	Tsung-DaoLee	
7746	3:32:49	1/1/2019 	12762924	913.00	93.00	28.71	17.72	104276.80	1820	0	Tsung-DaoLee	
7747	3:32:50	1/1/2019 	12763750	110.00	8.00	6.86	17.72	104277.22	50804	0	Tsung-DaoLee	
7748	3:32:50	1/1/2019 	12764006	171.00	8.00	8.59	17.72	104277.38	1823	0	Tsung-DaoLee	
7749	3:32:51	1/1/2019 	12764815	62.00	7.00	5.90	17.72	104277.38	49809	0	Tsung-DaoLee	
7750	3:32:51	1/1/2019 	12764965	92.00	8.00	6.39	17.72	104277.53	1825	0	Tsung-DaoLee	
7751	3:32:51	1/1/2019 	12765188	186.00	7.00	8.96	17.72	104277.53	1819	0	Tsung-DaoLee	
7752	3:32:52	1/1/2019 	12765339	130.00	8.00	7.44	17.72	104277.53	1821	0	Tsung-DaoLee	
7753	3:32:52	1/1/2019 	12765391	677.00	11.00	15.26	17.72	104277.53	2826	0	Tsung-DaoLee	
7754	3:32:52	1/1/2019 	12765851	699.00	14.00	16.30	17.72	104277.53	49805	0	Tsung-DaoLee	
7755	3:32:53	1/1/2019 	12766463	960.00	949.00	249.82	17.72	104277.22	1822	0	Tsung-DaoLee	
7756	3:32:53	1/1/2019 	12766840	603.00	9.00	14.06	17.72	104277.22	49804	0	Tsung-DaoLee	
7757	3:32:53	1/1/2019 	12766936	66.00	8.00	5.93	17.72	104277.22	1821	0	Tsung-DaoLee	
7758	3:32:54	1/1/2019 	12767551	911.00	94.00	28.89	17.72	104277.22	50813	0	Tsung-DaoLee	
7759	3:32:54	1/1/2019 	12767715	929.00	111.00	32.17	17.72	104277.22	1823	0	Tsung-DaoLee	
7760	3:32:54	1/1/2019 	12767794	556.00	9.00	13.47	17.72	104277.22	1820	0	Tsung-DaoLee	
7761	3:32:54	1/1/2019 	12768034	926.00	108.00	31.58	17.72	104277.67	1821	1	Tsung-DaoLee	
7762	3:32:55	1/1/2019 	12768378	173.00	8.00	8.64	17.72	104277.67	1821	0	Tsung-DaoLee	
7763	3:32:55	1/1/2019 	12768795	653.00	9.00	14.54	17.72	104277.67	49805	0	Tsung-DaoLee	
7764	3:32:56	1/1/2019 	12769371	553.00	9.00	13.44	17.72	104277.83	2836	0	Tsung-DaoLee	
7765	3:32:56	1/1/2019 	12769761	67.00	8.00	5.94	17.72	104277.98	49804	0	Tsung-DaoLee	
7766	3:32:57	1/1/2019 	12770350	133.00	8.00	7.53	17.72	104277.98	2776	0	Tsung-DaoLee	
7767	3:33:00	1/1/2019 	12773230	887.00	70.00	24.95	17.72	104277.98	145772	0	Tsung-DaoLee	
7768	3:33:00	1/1/2019 	12773409	950.00	353.00	66.42	17.72	104277.98	1823	1	Tsung-DaoLee	
7769	3:33:02	1/1/2019 	12775767	667.00	10.00	14.91	17.72	104278.44	145777	0	Tsung-DaoLee	
7770	3:33:02	1/1/2019 	12775956	636.00	9.00	14.42	17.72	104278.44	3387	0	Tsung-DaoLee	
7771	3:33:02	1/1/2019 	12776043	621.00	7.00	13.80	17.72	104278.44	1821	0	Tsung-DaoLee	
7772	3:33:03	1/1/2019 	12776560	534.00	8.00	13.12	17.72	104278.60	49806	0	Tsung-DaoLee	
7773	3:33:03	1/1/2019 	12777172	753.00	23.00	18.85	17.72	104278.14	1822	0	Tsung-DaoLee	
7774	3:33:03	1/1/2019 	12777191	949.00	191.00	44.54	17.72	104278.14	1821	1	Tsung-DaoLee	
7775	3:33:05	1/1/2019 	12778447	423.00	8.00	12.30	17.72	104278.14	49806	0	Tsung-DaoLee	
7776	3:33:05	1/1/2019 	12778704	103.00	8.00	6.67	17.72	104278.76	50844	0	Tsung-DaoLee	
7777	3:33:05	1/1/2019 	12778763	184.00	8.00	8.92	17.72	104278.76	1821	0	Tsung-DaoLee	
7778	3:33:06	1/1/2019 	12779577	77.00	8.00	6.08	17.72	104278.76	49805	0	Tsung-DaoLee	
7779	3:33:07	1/1/2019 	12780655	347.00	8.00	11.63	17.72	104278.92	50797	0	Tsung-DaoLee	
7780	3:33:07	1/1/2019 	12780815	185.00	8.00	8.95	17.72	104278.76	1822	0	Tsung-DaoLee	
7781	3:33:07	1/1/2019 	12781122	121.00	7.00	7.18	17.72	104278.76	1820	0	Tsung-DaoLee	
7782	3:33:09	1/1/2019 	12782716	158.00	8.00	8.24	17.72	104278.76	101599	0	Tsung-DaoLee	
7783	3:33:10	1/1/2019 	12783497	949.00	155.00	40.06	17.73	104279.34	1822	0	Tsung-DaoLee	
7784	3:33:12	1/1/2019 	12785288	372.00	8.00	11.88	17.73	104279.19	97790	0	Tsung-DaoLee	
7785	3:33:14	1/1/2019 	12787240	141.00	8.00	7.76	17.73	104279.02	97789	0	Tsung-DaoLee	
7786	3:33:14	1/1/2019 	12787632	950.00	354.00	66.60	17.73	104279.02	49805	0	Tsung-DaoLee	
7787	3:33:15	1/1/2019 	12789135	167.00	8.00	8.48	17.73	104280.44	50758	0	Tsung-DaoLee	
7788	3:33:16	1/1/2019 	12789494	598.00	9.00	14.00	17.73	104280.75	1821	0	Tsung-DaoLee	
7789	3:33:16	1/1/2019 	12789698	147.00	8.00	7.93	17.73	104280.75	49804	0	Tsung-DaoLee	
7790	3:33:16	1/1/2019 	12789837	664.00	11.00	15.19	17.73	104280.75	2671	0	Tsung-DaoLee	
7791	3:33:16	1/1/2019 	12790095	913.00	93.00	28.71	17.73	104280.75	1822	1	Tsung-DaoLee	
7792	3:33:16	1/1/2019 	12790156	303.00	8.00	11.10	17.73	104280.75	1822	0	Tsung-DaoLee	
7793	3:33:16	1/1/2019 	12790207	929.00	111.00	32.17	17.73	104280.75	3318	1	Tsung-DaoLee	
7794	3:33:17	1/1/2019 	12790718	947.00	377.00	70.63	17.73	104280.44	49803	0	Tsung-DaoLee	
7795	3:33:17	1/1/2019 	12790942	952.00	471.00	83.40	17.73	104280.11	1823	0	Tsung-DaoLee	
7796	3:33:18	1/1/2019 	12792062	137.00	8.00	7.64	17.73	104279.16	49804	0	Tsung-DaoLee	
7797	3:33:19	1/1/2019 	12792314	127.00	8.00	7.35	17.73	104279.16	1822	0	Tsung-DaoLee	
7798	3:33:19	1/1/2019 	12792484	654.00	9.00	14.54	17.73	104278.84	1821	0	Tsung-DaoLee	
7799	3:33:19	1/1/2019 	12792556	272.00	8.00	10.65	17.73	104278.84	50740	0	Tsung-DaoLee	
7800	3:33:21	1/1/2019 	12794491	409.00	8.00	12.19	17.73	104277.72	49803	0	Tsung-DaoLee	
7801	3:33:21	1/1/2019 	12794943	67.00	8.00	5.94	17.73	104277.72	49805	0	Tsung-DaoLee	
7802	3:33:21	1/1/2019 	12795090	949.00	287.00	55.03	17.73	104277.56	1821	1	Tsung-DaoLee	
7803	3:33:22	1/1/2019 	12796068	944.00	169.00	42.02	17.73	104277.24	49806	1	Tsung-DaoLee	
7804	3:33:23	1/1/2019 	12796804	235.00	8.00	10.02	17.73	104277.09	49805	0	Tsung-DaoLee	
7805	3:33:23	1/1/2019 	12796923	101.00	8.00	6.62	17.73	104277.09	2765	0	Tsung-DaoLee	
7806	3:33:23	1/1/2019 	12797108	726.00	17.00	17.28	17.73	104276.92	1820	0	Tsung-DaoLee	
7807	3:33:23	1/1/2019 	12797141	707.00	14.00	16.33	17.73	104276.92	1822	0	Tsung-DaoLee	
7808	3:33:24	1/1/2019 	12798014	105.00	8.00	6.73	17.73	104276.77	49804	0	Tsung-DaoLee	
7809	3:33:25	1/1/2019 	12798890	944.00	139.00	37.46	17.73	104276.61	49806	0	Tsung-DaoLee	
7810	3:33:25	1/1/2019 	12798901	572.00	9.00	13.67	17.73	104276.61	2907	0	Tsung-DaoLee	
7811	3:33:26	1/1/2019 	12799647	194.00	8.00	9.16	17.73	104276.29	49803	0	Tsung-DaoLee	
7812	3:33:26	1/1/2019 	12799832	99.00	8.00	6.57	17.73	104276.29	2719	0	Tsung-DaoLee	
7813	3:33:26	1/1/2019 	12799974	894.00	77.00	25.97	17.73	104276.29	1821	0	Tsung-DaoLee	
7814	3:33:26	1/1/2019 	12800112	950.00	513.00	88.56	17.73	104276.58	1822	1	Tsung-DaoLee	
7815	3:33:26	1/1/2019 	12800181	111.00	8.00	6.89	17.73	104276.58	1821	0	Tsung-DaoLee	
7816	3:33:27	1/1/2019 	12800330	93.00	8.00	6.42	17.73	104276.58	3354	0	Tsung-DaoLee	
7817	3:33:27	1/1/2019 	12800387	107.00	8.00	6.78	17.73	104276.58	1822	0	Tsung-DaoLee	
7818	3:33:27	1/1/2019 	12800619	892.00	73.00	25.38	17.73	104276.58	49804	0	Tsung-DaoLee	
7819	3:33:27	1/1/2019 	12800630	85.00	8.00	6.24	17.73	104276.58	1821	0	Tsung-DaoLee	
7820	3:33:27	1/1/2019 	12800672	132.00	7.00	7.49	17.73	104276.58	1820	0	Tsung-DaoLee	
7821	3:33:27	1/1/2019 	12800885	68.00	8.00	5.95	17.73	104276.58	1821	0	Tsung-DaoLee	
7822	3:33:28	1/1/2019 	12801816	176.00	8.00	8.72	17.73	104276.58	50810	0	Tsung-DaoLee	
7823	3:33:28	1/1/2019 	12802168	625.00	9.00	14.32	17.73	104276.42	1821	0	Tsung-DaoLee	
7824	3:33:29	1/1/2019 	12802457	889.00	73.00	25.37	17.73	104276.42	1821	0	Tsung-DaoLee	
7825	3:33:29	1/1/2019 	12803064	403.00	8.00	12.14	17.73	104276.58	49807	0	Tsung-DaoLee	
7826	3:33:30	1/1/2019 	12804030	693.00	13.00	15.96	17.73	104276.74	49805	0	Tsung-DaoLee	
7827	3:33:31	1/1/2019 	12804299	489.00	8.00	12.75	17.73	104276.74	1822	0	Tsung-DaoLee	
7828	3:33:32	1/1/2019 	12805848	945.00	441.00	79.90	17.73	104276.27	98803	0	Tsung-DaoLee	
7829	3:33:32	1/1/2019 	12805852	431.00	9.00	12.42	17.73	104276.27	1822	0	Tsung-DaoLee	
7830	3:33:33	1/1/2019 	12806464	455.00	8.00	12.52	17.73	104276.27	1820	0	Tsung-DaoLee	
7831	3:33:35	1/1/2019 	12808239	167.00	8.00	8.48	17.73	104277.64	97788	0	Tsung-DaoLee	
7832	3:33:35	1/1/2019 	12808913	87.00	8.00	6.28	17.73	104278.28	49805	1	Tsung-DaoLee	
7833	3:33:35	1/1/2019 	12809090	951.00	353.00	66.42	17.73	104278.28	1821	1	Tsung-DaoLee	
7834	3:33:35	1/1/2019 	12809221	411.00	9.00	12.27	17.73	104278.28	2838	0	Tsung-DaoLee	
7835	3:33:36	1/1/2019 	12809348	912.00	90.00	28.16	17.73	104278.28	1821	0	Tsung-DaoLee	
7836	3:33:36	1/1/2019 	12809751	945.00	125.00	34.89	17.73	104278.28	49806	1	Tsung-DaoLee	
7837	3:33:37	1/1/2019 	12810264	687.00	12.00	15.62	17.73	104278.28	2775	0	Tsung-DaoLee	
7838	3:33:38	1/1/2019 	12811250	62.00	8.00	5.90	17.73	104277.48	49806	0	Tsung-DaoLee	
7839	3:33:38	1/1/2019 	12811367	949.00	142.00	37.97	17.73	104277.00	3389	0	Tsung-DaoLee	
7840	3:33:38	1/1/2019 	12812015	613.00	9.00	14.18	17.73	104276.69	49805	0	Tsung-DaoLee	
7841	3:33:40	1/1/2019 	12813261	149.00	8.00	7.99	17.74	104276.98	49805	0	Tsung-DaoLee	
7842	3:33:40	1/1/2019 	12813411	95.00	7.00	6.46	17.74	104277.14	1821	0	Tsung-DaoLee	
7843	3:33:41	1/1/2019 	12814582	662.00	10.00	14.88	17.74	104277.45	97789	0	Tsung-DaoLee	
7844	3:33:41	1/1/2019 	12814599	663.00	11.00	15.19	17.74	104277.45	1823	0	Tsung-DaoLee	
7845	3:33:42	1/1/2019 	12815258	945.00	284.00	54.59	17.74	104277.62	2861	1	Tsung-DaoLee	
7846	3:33:42	1/1/2019 	12815435	944.00	123.00	34.51	17.74	104277.88	1826	1	Tsung-DaoLee	
7847	3:33:42	1/1/2019 	12815604	441.00	8.00	12.42	17.74	104277.88	49811	0	Tsung-DaoLee	
7848	3:33:42	1/1/2019 	12816054	945.00	540.00	92.72	17.74	104278.04	1825	0	Tsung-DaoLee	
7849	3:33:43	1/1/2019 	12817143	610.00	6.00	13.48	17.74	104278.36	49802	0	Tsung-DaoLee	
7850	3:33:44	1/1/2019 	12817234	835.00	49.00	22.46	17.74	104278.36	1821	0	Tsung-DaoLee	
7851	3:33:45	1/1/2019 	12818321	64.00	8.00	5.92	17.74	104279.61	53070	0	Tsung-DaoLee	
7852	3:33:45	1/1/2019 	12818692	716.00	16.00	16.96	17.74	104279.92	49804	0	Tsung-DaoLee	
7853	3:33:46	1/1/2019 	12819302	541.00	9.00	13.31	17.74	104280.41	1822	0	Tsung-DaoLee	
7854	3:33:46	1/1/2019 	12819989	640.00	10.00	14.71	17.74	104280.88	49807	0	Tsung-DaoLee	
7855	3:33:47	1/1/2019 	12821217	81.00	8.00	6.15	17.74	104282.77	50647	0	Tsung-DaoLee	
7856	3:33:48	1/1/2019 	12822155	406.00	9.00	12.23	17.74	104283.41	49801	0	Tsung-DaoLee	
7857	3:33:49	1/1/2019 	12822725	436.00	9.00	12.46	17.74	104283.89	51300	0	Tsung-DaoLee	
7858	3:33:49	1/1/2019 	12822809	95.00	8.00	6.47	17.74	104283.89	1822	0	Tsung-DaoLee	
7859	3:33:49	1/1/2019 	12823174	255.00	8.00	10.38	17.74	104284.36	1820	0	Tsung-DaoLee	
7860	3:33:50	1/1/2019 	12823252	921.00	105.00	30.99	17.74	104284.36	1821	1	Tsung-DaoLee	
7861	3:33:51	1/1/2019 	12824279	695.00	13.00	15.97	17.74	104284.68	49806	0	Tsung-DaoLee	
7862	3:33:52	1/1/2019 	12825812	941.00	124.00	34.70	17.74	104285.64	98756	0	Tsung-DaoLee	
7863	3:33:53	1/1/2019 	12826306	76.00	8.00	6.07	17.74	104285.80	1823	0	Tsung-DaoLee	
7864	3:33:53	1/1/2019 	12826959	63.00	8.00	5.91	17.74	104285.95	49803	1	Tsung-DaoLee	
7865	3:33:53	1/1/2019 	12827210	573.00	9.00	13.68	17.74	104286.12	1821	0	Tsung-DaoLee	
7866	3:33:54	1/1/2019 	12827338	588.00	9.00	13.87	17.74	104286.12	1821	0	Tsung-DaoLee	
7867	3:33:54	1/1/2019 	12827375	668.00	11.00	15.22	17.74	104286.12	1822	0	Tsung-DaoLee	
7868	3:33:55	1/1/2019 	12828476	164.00	9.00	8.41	17.74	104286.44	50878	0	Tsung-DaoLee	
7869	3:33:55	1/1/2019 	12828646	948.00	138.00	37.28	17.74	104286.44	49805	0	Tsung-DaoLee	
7870	3:33:55	1/1/2019 	12829019	292.00	8.00	10.95	17.74	104286.44	1821	0	Tsung-DaoLee	
7871	3:33:56	1/1/2019 	12829457	314.00	8.00	11.24	17.74	104286.59	1821	0	Tsung-DaoLee	
7872	3:33:56	1/1/2019 	12829585	66.00	8.00	5.93	17.74	104286.59	49805	0	Tsung-DaoLee	
7873	3:33:56	1/1/2019 	12829977	957.00	800.00	142.66	17.74	104286.59	2703	1	Tsung-DaoLee	
7874	3:33:58	1/1/2019 	12831256	905.00	87.00	27.62	17.74	104286.44	51328	0	Tsung-DaoLee	
7875	3:33:58	1/1/2019 	12832017	938.00	117.00	33.35	17.75	104286.70	49806	0	Tsung-DaoLee	
7876	3:34:00	1/1/2019 	12833996	57.00	8.00	5.88	17.75	104286.70	97788	0	Tsung-DaoLee	
7877	3:34:00	1/1/2019 	12834000	177.00	7.00	8.74	17.75	104286.70	1822	0	Tsung-DaoLee	
7878	3:34:01	1/1/2019 	12834371	98.00	8.00	6.54	17.75	104286.53	1820	0	Tsung-DaoLee	
7879	3:34:01	1/1/2019 	12834473	655.00	10.00	14.84	17.75	104286.53	1822	0	Tsung-DaoLee	
7880	3:34:01	1/1/2019 	12834619	368.00	8.00	11.84	17.75	104286.53	50798	0	Tsung-DaoLee	
7881	3:34:01	1/1/2019 	12834753	569.00	9.00	13.63	17.75	104286.53	1821	1	Tsung-DaoLee	
7882	3:34:04	1/1/2019 	12837758	950.00	713.00	128.42	17.74	104284.68	145771	1	Tsung-DaoLee	
7883	3:34:04	1/1/2019 	12837870	755.00	24.00	19.07	17.74	104284.68	1823	0	Tsung-DaoLee	
7884	3:34:05	1/1/2019 	12839148	699.00	13.00	15.98	17.74	104283.73	49804	0	Tsung-DaoLee	
7885	3:34:06	1/1/2019 	12839930	325.00	8.00	11.38	17.74	104283.41	49806	0	Tsung-DaoLee	
7886	3:34:06	1/1/2019 	12839968	149.00	8.00	7.99	17.74	104283.09	4168	0	Tsung-DaoLee	
7887	3:34:06	1/1/2019 	12840021	950.00	310.00	58.72	17.74	104283.09	1821	1	Tsung-DaoLee	
7888	3:34:07	1/1/2019 	12840246	894.00	72.00	25.24	17.74	104283.09	1822	0	Tsung-DaoLee	
7889	3:34:07	1/1/2019 	12840385	188.00	8.00	9.02	17.74	104283.09	1822	0	Tsung-DaoLee	
7890	3:34:07	1/1/2019 	12840923	950.00	431.00	78.65	17.74	104282.77	49804	0	Tsung-DaoLee	
7891	3:34:07	1/1/2019 	12841156	127.00	8.00	7.35	17.74	104282.61	2837	0	Tsung-DaoLee	
7892	3:34:08	1/1/2019 	12841690	64.00	8.00	5.92	17.74	104282.45	49801	0	Tsung-DaoLee	
7893	3:34:08	1/1/2019 	12842191	356.00	8.00	11.72	17.74	104281.97	1822	0	Tsung-DaoLee	
7894	3:34:09	1/1/2019 	12843179	944.00	146.00	38.64	17.75	104282.72	49804	0	Tsung-DaoLee	
7895	3:34:10	1/1/2019 	12843389	165.00	12.00	8.45	17.75	104282.72	1821	0	Tsung-DaoLee	
7896	3:34:11	1/1/2019 	12844653	892.00	79.00	26.28	17.74	104284.52	97786	0	Tsung-DaoLee	
7897	3:34:11	1/1/2019 	12844970	584.00	9.00	13.82	17.74	104284.52	2945	0	Tsung-DaoLee	
7898	3:34:12	1/1/2019 	12845790	872.00	58.00	23.45	17.74	104285.95	49803	0	Tsung-DaoLee	
7899	3:34:12	1/1/2019 	12845940	945.00	145.00	38.48	17.74	104285.95	1822	1	Tsung-DaoLee	
7900	3:34:12	1/1/2019 	12846021	700.00	13.00	15.99	17.74	104285.95	1822	0	Tsung-DaoLee	
7901	3:34:12	1/1/2019 	12846112	104.00	8.00	6.70	17.74	104286.91	1822	0	Tsung-DaoLee	
7902	3:34:12	1/1/2019 	12846212	668.00	11.00	15.22	17.74	104286.91	1820	0	Tsung-DaoLee	
7903	3:34:13	1/1/2019 	12846606	803.00	35.00	20.92	17.74	104288.83	50830	0	Tsung-DaoLee	
7904	3:34:13	1/1/2019 	12846847	949.00	253.00	50.58	17.74	104288.83	1822	0	Tsung-DaoLee	
7905	3:34:13	1/1/2019 	12847014	946.00	138.00	37.28	17.74	104288.83	1822	1	Tsung-DaoLee	
7906	3:34:14	1/1/2019 	12847991	381.00	8.00	11.96	17.74	104292.20	49804	0	Tsung-DaoLee	
7907	3:34:14	1/1/2019 	12848051	949.00	199.00	45.33	17.74	104292.20	1822	1	Tsung-DaoLee	
7908	3:34:15	1/1/2019 	12848304	71.00	8.00	5.99	17.74	104293.80	1821	0	Tsung-DaoLee	
7909	3:34:15	1/1/2019 	12849188	528.00	9.00	13.17	17.74	104295.54	50837	0	Tsung-DaoLee	
7910	3:34:16	1/1/2019 	12849282	543.00	9.00	13.33	17.74	104295.54	1822	0	Tsung-DaoLee	
7911	3:34:16	1/1/2019 	12849911	248.00	8.00	10.26	17.74	104296.17	49805	0	Tsung-DaoLee	
7912	3:34:17	1/1/2019 	12850587	109.00	8.00	6.84	17.74	104296.50	50785	0	Tsung-DaoLee	
7913	3:34:17	1/1/2019 	12850779	62.00	8.00	5.90	17.74	104296.50	1821	0	Tsung-DaoLee	
7914	3:34:17	1/1/2019 	12850864	770.00	29.00	20.01	17.74	104296.50	3402	0	Tsung-DaoLee	
7915	3:34:18	1/1/2019 	12851293	118.00	8.00	7.09	17.74	104296.50	1822	0	Tsung-DaoLee	
7916	3:34:18	1/1/2019 	12851418	266.00	8.00	10.56	17.74	104296.50	1821	0	Tsung-DaoLee	
7917	3:34:18	1/1/2019 	12851439	833.00	43.00	21.86	17.74	104296.50	1821	0	Tsung-DaoLee	
7918	3:34:18	1/1/2019 	12851630	64.00	8.00	5.92	17.74	104296.50	49804	0	Tsung-DaoLee	
7919	3:34:18	1/1/2019 	12851656	518.00	9.00	13.08	17.74	104296.50	1820	0	Tsung-DaoLee	
7920	3:34:18	1/1/2019 	12851968	227.00	8.00	9.87	17.74	104296.02	5096	0	Tsung-DaoLee	
7921	3:34:18	1/1/2019 	12852013	448.00	9.00	12.55	17.74	104296.02	1820	0	Tsung-DaoLee	
7922	3:34:18	1/1/2019 	12852196	841.00	44.00	21.97	17.74	104296.02	1821	0	Tsung-DaoLee	
7923	3:34:19	1/1/2019 	12852908	259.00	8.00	10.44	17.74	104293.62	49807	0	Tsung-DaoLee	
7924	3:34:19	1/1/2019 	12852938	194.00	8.00	9.16	17.74	104293.62	1829	0	Tsung-DaoLee	
7925	3:34:20	1/1/2019 	12853474	175.00	8.00	8.69	17.74	104292.04	1824	0	Tsung-DaoLee	
7926	3:34:21	1/1/2019 	12854690	238.00	8.00	10.08	17.74	104288.51	98739	0	Tsung-DaoLee	
7927	3:34:22	1/1/2019 	12855482	593.00	9.00	13.93	17.74	104284.52	1823	0	Tsung-DaoLee	
7928	3:34:22	1/1/2019 	12855753	246.00	8.00	10.22	17.74	104284.52	49807	0	Tsung-DaoLee	
7929	3:34:22	1/1/2019 	12855820	945.00	216.00	46.92	17.74	104282.45	1822	1	Tsung-DaoLee	
7930	3:34:23	1/1/2019 	12856364	197.00	8.00	9.23	17.74	104280.53	1822	0	Tsung-DaoLee	
7931	3:34:23	1/1/2019 	12856885	669.00	10.00	14.91	17.75	104279.52	49803	0	Tsung-DaoLee	
7932	3:34:24	1/1/2019 	12857583	925.00	110.00	31.97	17.75	104277.77	50760	0	Tsung-DaoLee	
7933	3:34:24	1/1/2019 	12857944	365.00	8.00	11.81	17.75	104274.88	1823	0	Tsung-DaoLee	
7934	3:34:24	1/1/2019 	12858193	420.00	8.00	12.27	17.75	104274.88	1822	0	Tsung-DaoLee	
7935	3:34:25	1/1/2019 	12858343	458.00	8.00	12.54	17.75	104274.88	1820	0	Tsung-DaoLee	
7936	3:34:25	1/1/2019 	12858616	927.00	110.00	31.97	17.75	104269.78	49804	0	Tsung-DaoLee	
7937	3:34:25	1/1/2019 	12858678	66.00	8.00	5.93	17.75	104269.78	1821	0	Tsung-DaoLee	
7938	3:34:25	1/1/2019 	12858758	163.00	7.00	8.37	17.75	104269.78	2883	0	Tsung-DaoLee	
7939	3:34:25	1/1/2019 	12858847	948.00	151.00	39.45	17.75	104269.78	1821	0	Tsung-DaoLee	
7940	3:34:25	1/1/2019 	12858885	163.00	8.00	8.38	17.75	104265.48	1821	0	Tsung-DaoLee	
7941	3:34:25	1/1/2019 	12859137	109.00	8.00	6.84	17.75	104265.48	1819	0	Tsung-DaoLee	
7942	3:34:26	1/1/2019 	12859328	74.00	8.00	6.03	17.75	104265.48	1821	0	Tsung-DaoLee	
7943	3:34:26	1/1/2019 	12859390	946.00	285.00	54.73	17.75	104261.91	2788	0	Tsung-DaoLee	
7944	3:34:26	1/1/2019 	12860069	948.00	276.00	53.45	17.75	104258.25	49805	1	Tsung-DaoLee	
7945	3:34:26	1/1/2019 	12860134	63.00	8.00	5.91	17.75	104258.25	2699	0	Tsung-DaoLee	
7946	3:34:27	1/1/2019 	12860708	943.00	126.00	35.08	17.75	104254.42	49805	1	Tsung-DaoLee	
7947	3:34:27	1/1/2019 	12860718	151.00	8.00	8.05	17.75	104254.42	1823	0	Tsung-DaoLee	
7948	3:34:27	1/1/2019 	12861170	241.00	8.00	10.13	17.75	104251.21	1820	0	Tsung-DaoLee	
7949	3:34:28	1/1/2019 	12861843	913.00	96.00	29.26	17.75	104247.55	51321	0	Tsung-DaoLee	
7950	3:34:28	1/1/2019 	12861871	590.00	9.00	13.90	17.75	104247.55	1822	0	Tsung-DaoLee	
7951	3:34:29	1/1/2019 	12862295	927.00	116.00	33.15	17.75	104244.36	1821	1	Tsung-DaoLee	
7952	3:34:29	1/1/2019 	12862315	675.00	11.00	15.26	17.75	104244.36	1822	0	Tsung-DaoLee	
7953	3:34:29	1/1/2019 	12862390	396.00	8.00	12.09	17.75	104244.36	1820	0	Tsung-DaoLee	
7954	3:34:29	1/1/2019 	12862422	541.00	9.00	13.31	17.75	104244.36	1820	0	Tsung-DaoLee	
7955	3:34:29	1/1/2019 	12862431	73.00	8.00	6.02	17.75	104244.36	2809	0	Tsung-DaoLee	
7956	3:34:29	1/1/2019 	12862448	107.00	8.00	6.78	17.76	104241.62	1822	0	Tsung-DaoLee	
7957	3:34:29	1/1/2019 	12862795	931.00	113.00	32.56	17.76	104241.62	49812	1	Tsung-DaoLee	
7958	3:34:29	1/1/2019 	12862838	678.00	11.00	15.27	17.76	104241.62	1828	1	Tsung-DaoLee	
7959	3:34:29	1/1/2019 	12862962	717.00	16.00	16.97	17.76	104239.08	1827	0	Tsung-DaoLee	
7960	3:34:30	1/1/2019 	12863350	398.00	8.00	12.10	17.76	104239.08	1822	0	Tsung-DaoLee	
7961	3:34:30	1/1/2019 	12864161	153.00	8.00	8.10	17.76	104234.88	50801	0	Tsung-DaoLee	
7962	3:34:31	1/1/2019 	12864681	662.00	11.00	15.18	17.76	104232.96	49809	0	Tsung-DaoLee	
7963	3:34:31	1/1/2019 	12864773	700.00	13.00	15.99	17.76	104232.96	1822	0	Tsung-DaoLee	
7964	3:34:31	1/1/2019 	12865009	61.00	8.00	5.90	17.76	104231.83	1821	0	Tsung-DaoLee	
7965	3:34:32	1/1/2019 	12865555	946.00	432.00	78.77	17.76	104228.95	49804	0	Tsung-DaoLee	
7966	3:34:32	1/1/2019 	12865705	613.00	9.00	14.18	17.76	104228.95	1822	0	Tsung-DaoLee	
7967	3:34:32	1/1/2019 	12865719	326.00	9.00	11.43	17.76	104228.95	2819	0	Tsung-DaoLee	
7968	3:34:32	1/1/2019 	12865731	270.00	8.00	10.62	17.76	104228.95	1822	0	Tsung-DaoLee	
7969	3:34:34	1/1/2019 	12867462	289.00	8.00	10.91	17.77	104216.60	49804	0	Tsung-DaoLee	
7970	3:34:34	1/1/2019 	12867978	557.00	9.00	13.48	17.77	104212.78	49806	0	Tsung-DaoLee	
7971	3:34:34	1/1/2019 	12868091	912.00	92.00	28.52	17.77	104210.20	1822	1	Tsung-DaoLee	
7972	3:34:35	1/1/2019 	12868431	402.00	8.00	12.14	17.77	104210.20	2826	0	Tsung-DaoLee	
7973	3:34:35	1/1/2019 	12868930	177.00	8.00	8.75	17.77	104207.66	49805	0	Tsung-DaoLee	
7974	3:34:37	1/1/2019 	12870457	948.00	683.00	123.42	17.77	104205.05	49804	0	Tsung-DaoLee	
7975	3:34:37	1/1/2019 	12870889	354.00	8.00	11.70	17.77	104204.88	50743	0	Tsung-DaoLee	
7976	3:34:37	1/1/2019 	12870908	85.00	8.00	6.24	17.77	104204.88	1821	0	Tsung-DaoLee	
7977	3:34:37	1/1/2019 	12871055	77.00	8.00	6.08	17.77	104204.88	1821	0	Tsung-DaoLee	
7978	3:34:37	1/1/2019 	12871157	159.00	8.00	8.27	17.77	104204.73	3374	0	Tsung-DaoLee	
7979	3:34:37	1/1/2019 	12871182	117.00	8.00	7.06	17.77	104204.73	1819	0	Tsung-DaoLee	
7980	3:34:38	1/1/2019 	12871250	111.00	8.00	6.89	17.77	104204.73	1821	0	Tsung-DaoLee	
7981	3:34:38	1/1/2019 	12871351	616.00	9.00	14.22	17.77	104204.73	1821	0	Tsung-DaoLee	
7982	3:34:38	1/1/2019 	12871799	77.00	8.00	6.08	17.77	104204.41	49804	0	Tsung-DaoLee	
7983	3:34:38	1/1/2019 	12872158	335.00	8.00	11.50	17.77	104203.93	1820	0	Tsung-DaoLee	
7984	3:34:38	1/1/2019 	12872195	105.00	8.00	6.73	17.77	104203.93	2810	0	Tsung-DaoLee	
7985	3:34:39	1/1/2019 	12872665	68.00	7.00	5.95	17.77	104203.45	49803	0	Tsung-DaoLee	
7986	3:34:40	1/1/2019 	12873295	265.00	8.00	10.54	17.77	104203.59	1821	0	Tsung-DaoLee	
7987	3:34:40	1/1/2019 	12873485	877.00	67.00	24.53	17.77	104203.59	1821	0	Tsung-DaoLee	
7988	3:34:42	1/1/2019 	12875400	947.00	643.00	114.94	17.77	104190.22	97788	1	Tsung-DaoLee	
7989	3:34:42	1/1/2019 	12875736	197.00	8.00	9.23	17.77	104182.09	49806	0	Tsung-DaoLee	
7990	3:34:42	1/1/2019 	12876058	945.00	136.00	36.93	17.77	104182.09	2818	1	Tsung-DaoLee	
7991	3:34:43	1/1/2019 	12876701	913.00	97.00	29.45	17.77	104174.45	49806	0	Tsung-DaoLee	
7992	3:34:43	1/1/2019 	12877097	948.00	257.00	51.04	17.77	104168.88	1825	0	Tsung-DaoLee	
7993	3:34:44	1/1/2019 	12877396	117.00	8.00	7.06	17.77	104162.39	1827	0	Tsung-DaoLee	
7994	3:34:44	1/1/2019 	12878041	719.00	16.00	16.97	17.77	104156.98	49804	0	Tsung-DaoLee	
7995	3:34:45	1/1/2019 	12879003	758.00	25.00	19.27	17.76	104146.86	50843	0	Tsung-DaoLee	
7996	3:34:46	1/1/2019 	12879874	945.00	164.00	41.35	17.76	104136.08	49807	0	Tsung-DaoLee	
7997	3:34:46	1/1/2019 	12879924	476.00	8.00	12.66	17.76	104136.08	2803	0	Tsung-DaoLee	
7998	3:34:46	1/1/2019 	12879978	341.00	8.00	11.56	17.76	104136.08	1821	0	Tsung-DaoLee	
7999	3:34:46	1/1/2019 	12880009	317.00	8.00	11.28	17.76	104136.08	1820	0	Tsung-DaoLee	
8000	3:34:46	1/1/2019 	12880130	776.00	29.00	20.03	17.76	104136.08	1820	0	Tsung-DaoLee	
8001	3:34:47	1/1/2019 	12880940	146.00	8.00	7.90	17.76	104128.16	53614	0	Tsung-DaoLee	
8002	3:34:47	1/1/2019 	12881081	949.00	497.00	86.50	17.76	104128.16	1822	1	Tsung-DaoLee	
8003	3:34:48	1/1/2019 	12881555	853.00	48.00	22.39	17.75	104124.52	49804	0	Tsung-DaoLee	
8004	3:34:48	1/1/2019 	12881941	882.00	63.00	24.04	17.75	104107.50	1823	0	Tsung-DaoLee	
8005	3:34:48	1/1/2019 	12882191	948.00	201.00	45.52	17.75	104107.50	1821	1	Tsung-DaoLee	
8006	3:34:49	1/1/2019 	12882365	77.00	8.00	6.08	17.75	104107.50	1821	0	Tsung-DaoLee	
8007	3:34:49	1/1/2019 	12882376	71.00	8.00	5.99	17.75	104087.95	2873	0	Tsung-DaoLee	
8008	3:34:49	1/1/2019 	12882445	752.00	26.00	19.44	17.75	104087.95	1821	0	Tsung-DaoLee	
8009	3:34:49	1/1/2019 	12883141	585.00	9.00	13.83	17.75	104069.34	49805	0	Tsung-DaoLee	
8010	3:34:50	1/1/2019 	12883388	945.00	560.00	96.35	17.75	104069.34	1822	1	Tsung-DaoLee	
8011	3:34:50	1/1/2019 	12884182	417.00	8.00	12.25	17.74	104034.84	49807	0	Tsung-DaoLee	
8012	3:34:51	1/1/2019 	12884360	942.00	283.00	54.44	17.74	104034.84	1822	1	Tsung-DaoLee	
8013	3:34:51	1/1/2019 	12884554	879.00	70.00	24.93	17.74	104019.09	50762	0	Tsung-DaoLee	
8014	3:34:51	1/1/2019 	12884602	75.00	8.00	6.05	17.74	104019.09	1820	0	Tsung-DaoLee	
8015	3:34:51	1/1/2019 	12884774	531.00	8.00	13.09	17.74	104019.09	1820	0	Tsung-DaoLee	
8016	3:34:51	1/1/2019 	12884938	70.00	8.00	5.98	17.74	104004.33	1820	0	Tsung-DaoLee	
8017	3:34:51	1/1/2019 	12884993	770.00	29.00	20.01	17.74	104004.33	1821	0	Tsung-DaoLee	
8018	3:34:52	1/1/2019 	12885308	542.00	8.00	13.19	17.74	104004.33	1822	0	Tsung-DaoLee	
8019	3:34:52	1/1/2019 	12886187	951.00	458.00	81.91	17.73	103976.05	50768	1	Tsung-DaoLee	
8020	3:34:53	1/1/2019 	12886973	945.00	186.00	44.01	17.73	103949.34	49806	1	Tsung-DaoLee	
8021	3:34:54	1/1/2019 	12887414	95.00	8.00	6.47	17.73	103949.34	1822	0	Tsung-DaoLee	
8022	3:34:54	1/1/2019 	12887880	947.00	244.00	49.61	17.72	103936.97	49804	1	Tsung-DaoLee	
8023	3:34:54	1/1/2019 	12888132	750.00	23.00	18.84	17.72	103925.36	1822	0	Tsung-DaoLee	
8024	3:34:55	1/1/2019 	12888580	841.00	47.00	22.27	17.72	103914.07	50773	1	Tsung-DaoLee	
8025	3:34:55	1/1/2019 	12888953	175.00	8.00	8.69	17.72	103914.07	1821	0	Tsung-DaoLee	
8026	3:34:55	1/1/2019 	12888984	635.00	9.00	14.41	17.72	103914.07	1820	1	Tsung-DaoLee	
8027	3:34:55	1/1/2019 	12889014	442.00	9.00	12.50	17.72	103903.72	1820	0	Tsung-DaoLee	
8028	3:34:56	1/1/2019 	12889441	893.00	70.00	24.96	17.71	103902.84	1821	0	Tsung-DaoLee	
8029	3:34:56	1/1/2019 	12889576	638.00	10.00	14.69	17.71	103893.19	49806	0	Tsung-DaoLee	
8030	3:34:56	1/1/2019 	12889676	317.00	8.00	11.28	17.71	103893.19	4083	0	Tsung-DaoLee	
8031	3:34:56	1/1/2019 	12889947	872.00	63.00	24.03	17.71	103893.19	1820	1	Tsung-DaoLee	
8032	3:34:57	1/1/2019 	12890799	733.00	18.00	17.58	17.71	103872.20	49805	1	Tsung-DaoLee	
8033	3:34:58	1/1/2019 	12891276	306.00	8.00	11.14	17.71	103730.15	1822	0	Tsung-DaoLee	
8034	3:34:58	1/1/2019 	12891706	69.00	8.00	5.97	17.70	103596.22	49806	0	Tsung-DaoLee	
8035	3:34:59	1/1/2019 	12892574	146.00	8.00	7.90	17.70	103471.23	49804	0	Tsung-DaoLee	
8036	3:34:59	1/1/2019 	12892790	603.00	9.00	14.06	17.70	103354.01	2810	0	Tsung-DaoLee	
8037	3:34:59	1/1/2019 	12893177	77.00	8.00	6.08	17.69	103243.23	1821	0	Tsung-DaoLee	
8038	3:35:00	1/1/2019 	12893291	567.00	8.00	13.46	17.69	103243.23	1819	0	Tsung-DaoLee	
8039	3:35:00	1/1/2019 	12893723	112.00	8.00	6.92	17.69	103140.36	49806	0	Tsung-DaoLee	
8040	3:35:01	1/1/2019 	12894312	947.00	637.00	113.40	17.69	103044.06	1821	1	Tsung-DaoLee	
8041	3:35:01	1/1/2019 	12894345	65.00	8.00	5.92	17.69	103044.06	1822	0	Tsung-DaoLee	
8042	3:35:01	1/1/2019 	12894363	947.00	343.00	64.60	17.69	103044.06	2815	1	Tsung-DaoLee	
8043	3:35:01	1/1/2019 	12894755	240.00	8.00	10.11	17.68	102953.14	49805	0	Tsung-DaoLee	
8044	3:35:01	1/1/2019 	12894840	241.00	8.00	10.13	17.68	102953.14	1821	0	Tsung-DaoLee	
8045	3:35:02	1/1/2019 	12895633	718.00	15.00	16.67	17.68	102868.28	49804	0	Tsung-DaoLee	
8046	3:35:02	1/1/2019 	12895639	947.00	321.00	60.64	17.68	102868.28	1823	1	Tsung-DaoLee	
8047	3:35:03	1/1/2019 	12896236	187.00	8.00	8.99	17.67	102713.96	2924	0	Tsung-DaoLee	
8048	3:35:03	1/1/2019 	12896883	80.00	8.00	6.14	17.67	102644.23	49804	0	Tsung-DaoLee	
8049	3:35:04	1/1/2019 	12897403	72.00	8.00	6.00	17.67	102578.66	1821	0	Tsung-DaoLee	
8050	3:35:04	1/1/2019 	12897834	390.00	8.00	12.04	17.67	102517.41	49803	0	Tsung-DaoLee	
8051	3:35:05	1/1/2019 	12898474	945.00	444.00	80.24	17.66	102459.80	1821	0	Tsung-DaoLee	
8052	3:35:05	1/1/2019 	12898941	616.00	9.00	14.22	17.66	102405.44	49805	0	Tsung-DaoLee	
8053	3:35:05	1/1/2019 	12899034	102.00	7.00	6.64	17.66	102405.44	2825	0	Tsung-DaoLee	
8054	3:35:06	1/1/2019 	12899367	318.00	8.00	11.29	17.66	102354.83	1819	0	Tsung-DaoLee	
8055	3:35:06	1/1/2019 	12899386	297.00	8.00	11.02	17.66	102354.83	1821	0	Tsung-DaoLee	
8056	3:35:06	1/1/2019 	12899423	889.00	72.00	25.23	17.66	102354.83	1820	0	Tsung-DaoLee	
8057	3:35:06	1/1/2019 	12899591	646.00	10.00	14.77	17.66	102354.83	49804	0	Tsung-DaoLee	
8058	3:35:06	1/1/2019 	12900027	925.00	105.00	30.99	17.65	102307.77	2756	0	Tsung-DaoLee	
8059	3:35:06	1/1/2019 	12900046	905.00	86.00	27.45	17.65	102307.77	3377	0	Tsung-DaoLee	
8060	3:35:06	1/1/2019 	12900063	379.00	8.00	11.94	17.65	102307.77	1821	0	Tsung-DaoLee	
8061	3:35:08	1/1/2019 	12901952	77.00	8.00	6.08	17.64	102146.64	97785	0	Tsung-DaoLee	
8062	3:35:09	1/1/2019 	12902240	97.00	7.00	6.51	17.64	102146.64	1822	0	Tsung-DaoLee	
8063	3:35:09	1/1/2019 	12902333	111.00	8.00	6.89	17.64	102112.16	1820	0	Tsung-DaoLee	
8064	3:35:09	1/1/2019 	12903103	108.00	8.00	6.81	17.64	102079.55	49804	0	Tsung-DaoLee	
8065	3:35:10	1/1/2019 	12903702	911.00	92.00	28.52	17.64	102049.17	50829	0	Tsung-DaoLee	
8066	3:35:10	1/1/2019 	12903820	441.00	8.00	12.42	17.64	102049.17	1823	0	Tsung-DaoLee	
8067	3:35:10	1/1/2019 	12904030	946.00	179.00	43.23	17.63	102020.90	1821	1	Tsung-DaoLee	
8068	3:35:11	1/1/2019 	12904498	732.00	19.00	17.84	17.63	101993.58	1821	0	Tsung-DaoLee	
8069	3:35:11	1/1/2019 	12905034	456.00	8.00	12.52	17.63	101968.81	49805	0	Tsung-DaoLee	
8070	3:35:12	1/1/2019 	12905678	773.00	34.00	20.72	17.62	101945.44	49805	0	Tsung-DaoLee	
8071	3:35:12	1/1/2019 	12906015	92.00	8.00	6.39	17.62	101923.70	2855	0	Tsung-DaoLee	
8072	3:35:13	1/1/2019 	12906273	329.00	8.00	11.43	17.62	101923.70	1819	0	Tsung-DaoLee	
8073	3:35:13	1/1/2019 	12906343	113.00	8.00	6.95	17.62	101923.70	1822	0	Tsung-DaoLee	
8074	3:35:13	1/1/2019 	12906667	464.00	8.00	12.58	17.62	101903.03	49803	0	Tsung-DaoLee	
8075	3:35:14	1/1/2019 	12907337	218.00	9.00	9.70	17.62	101883.97	1821	0	Tsung-DaoLee	
8076	3:35:14	1/1/2019 	12908077	184.00	8.00	8.92	17.61	101849.17	50840	0	Tsung-DaoLee	
8077	3:35:15	1/1/2019 	12908268	922.00	103.00	30.60	17.61	101849.17	1821	0	Tsung-DaoLee	
8078	3:35:16	1/1/2019 	12909375	615.00	9.00	14.21	17.61	101818.35	49805	0	Tsung-DaoLee	
8079	3:35:16	1/1/2019 	12909704	69.00	8.00	5.97	17.61	101804.25	49805	0	Tsung-DaoLee	
8080	3:35:16	1/1/2019 	12910177	948.00	237.00	48.90	17.60	101791.23	2807	1	Tsung-DaoLee	
8081	3:35:17	1/1/2019 	12910443	669.00	11.00	15.22	17.60	101791.23	1822	0	Tsung-DaoLee	
8082	3:35:17	1/1/2019 	12910481	779.00	31.00	20.34	17.60	101791.23	5631	0	Tsung-DaoLee	
8083	3:35:17	1/1/2019 	12910920	173.00	8.00	8.64	17.60	101779.05	49805	0	Tsung-DaoLee	
8084	3:35:17	1/1/2019 	12911199	911.00	90.00	28.16	17.60	101767.45	1821	0	Tsung-DaoLee	
8085	3:35:18	1/1/2019 	12911286	82.00	8.00	6.17	17.60	101767.45	1821	0	Tsung-DaoLee	
8086	3:35:18	1/1/2019 	12911723	70.00	8.00	5.98	17.60	101756.66	49803	0	Tsung-DaoLee	
8087	3:35:18	1/1/2019 	12911725	74.00	7.00	6.03	17.60	101756.66	1821	0	Tsung-DaoLee	
8088	3:35:18	1/1/2019 	12911874	949.00	170.00	42.14	17.60	101756.66	2772	0	Tsung-DaoLee	
8089	3:35:19	1/1/2019 	12912283	537.00	8.00	13.15	17.59	101746.70	1821	0	Tsung-DaoLee	
8090	3:35:19	1/1/2019 	12912578	94.00	8.00	6.44	17.59	101737.19	49805	0	Tsung-DaoLee	
8091	3:35:19	1/1/2019 	12912695	151.00	7.00	8.04	17.59	101737.19	1821	0	Tsung-DaoLee	
8092	3:35:19	1/1/2019 	12913197	935.00	117.00	33.35	17.59	101728.18	1820	1	Tsung-DaoLee	
8093	3:35:20	1/1/2019 	12913268	920.00	104.00	30.80	17.59	101728.18	1822	1	Tsung-DaoLee	
8094	3:35:20	1/1/2019 	12913384	120.00	8.00	7.15	17.59	101728.18	2779	0	Tsung-DaoLee	
8095	3:35:21	1/1/2019 	12914387	355.00	8.00	11.71	17.59	101712.45	49802	0	Tsung-DaoLee	
8096	3:35:21	1/1/2019 	12914578	99.00	8.00	6.57	17.59	101705.30	49805	0	Tsung-DaoLee	
8097	3:35:21	1/1/2019 	12914668	862.00	53.00	22.91	17.59	101705.30	1820	1	Tsung-DaoLee	
8098	3:35:22	1/1/2019 	12915966	667.00	11.00	15.21	17.58	101692.11	49805	0	Tsung-DaoLee	
8099	3:35:23	1/1/2019 	12916322	109.00	8.00	6.84	17.58	101685.81	1822	0	Tsung-DaoLee	
8100	3:35:23	1/1/2019 	12916454	945.00	123.00	34.51	17.58	101685.81	2782	1	Tsung-DaoLee	
8101	3:35:23	1/1/2019 	12916721	113.00	8.00	6.95	17.58	101680.56	49804	0	Tsung-DaoLee	
8102	3:35:23	1/1/2019 	12916992	246.00	8.00	10.22	17.58	101680.56	1820	0	Tsung-DaoLee	
8103	3:35:24	1/1/2019 	12917250	922.00	109.00	31.77	17.58	101675.62	1823	0	Tsung-DaoLee	
8104	3:35:24	1/1/2019 	12917631	113.00	8.00	6.95	17.58	101675.62	49812	0	Tsung-DaoLee	
8105	3:35:24	1/1/2019 	12917653	140.00	8.00	7.73	17.58	101670.41	2792	0	Tsung-DaoLee	
8106	3:35:24	1/1/2019 	12917774	127.00	8.00	7.35	17.58	101670.41	1820	0	Tsung-DaoLee	
8107	3:35:25	1/1/2019 	12918457	869.00	61.00	23.78	17.58	101665.95	1820	0	Tsung-DaoLee	
8108	3:35:25	1/1/2019 	12918902	79.00	7.00	6.12	17.58	101661.38	49807	0	Tsung-DaoLee	
8109	3:35:27	1/1/2019 	12920336	917.00	102.00	30.41	17.57	101649.22	49808	1	Tsung-DaoLee	
8110	3:35:27	1/1/2019 	12920372	545.00	9.00	13.35	17.57	101649.22	2698	0	Tsung-DaoLee	
8111	3:35:27	1/1/2019 	12920619	71.00	8.00	5.99	17.57	101649.22	51323	0	Tsung-DaoLee	
8112	3:35:27	1/1/2019 	12920733	960.00	905.00	175.08	17.57	101646.20	1820	0	Tsung-DaoLee	
8113	3:35:27	1/1/2019 	12920786	947.00	223.00	47.56	17.57	101646.20	1821	1	Tsung-DaoLee	
8114	3:35:27	1/1/2019 	12921114	323.00	8.00	11.35	17.57	101646.20	1821	0	Tsung-DaoLee	
8115	3:35:27	1/1/2019 	12921159	864.00	53.00	22.91	17.57	101646.20	1821	0	Tsung-DaoLee	
8116	3:35:28	1/1/2019 	12921653	949.00	388.00	72.47	17.57	101642.92	49804	0	Tsung-DaoLee	
8117	3:35:28	1/1/2019 	12921764	253.00	8.00	10.34	17.57	101640.05	2913	0	Tsung-DaoLee	
8118	3:35:28	1/1/2019 	12921942	949.00	269.00	52.52	17.57	101640.05	1822	1	Tsung-DaoLee	
8119	3:35:29	1/1/2019 	12922252	112.00	8.00	6.92	17.57	101637.22	1821	0	Tsung-DaoLee	
8120	3:35:29	1/1/2019 	12922467	58.00	8.00	5.88	17.57	101637.22	1822	1	Tsung-DaoLee	
8121	3:35:29	1/1/2019 	12922554	637.00	9.00	14.43	17.57	101637.22	49803	0	Tsung-DaoLee	
8122	3:35:29	1/1/2019 	12922940	729.00	17.00	17.29	17.57	101634.83	1822	0	Tsung-DaoLee	
8123	3:35:30	1/1/2019 	12923895	652.00	10.00	14.82	17.56	101630.20	50799	0	Tsung-DaoLee	
8124	3:35:31	1/1/2019 	12924359	144.00	8.00	7.85	17.55	101627.95	1822	0	Tsung-DaoLee	
8125	3:35:31	1/1/2019 	12925116	625.00	9.00	14.32	17.54	101625.70	49803	0	Tsung-DaoLee	
8126	3:35:32	1/1/2019 	12925380	921.00	105.00	30.99	17.53	101622.88	1824	0	Tsung-DaoLee	
8127	3:35:32	1/1/2019 	12926066	951.00	173.00	42.52	17.53	101621.06	49811	1	Tsung-DaoLee	
8128	3:35:33	1/1/2019 	12926258	98.00	8.00	6.54	17.53	101621.06	1821	0	Tsung-DaoLee	
8129	3:35:33	1/1/2019 	12926333	193.00	8.00	9.14	17.51	101618.92	2821	0	Tsung-DaoLee	
8130	3:35:33	1/1/2019 	12926790	137.00	9.00	7.65	17.51	101618.92	49802	0	Tsung-DaoLee	
8131	3:35:33	1/1/2019 	12927110	77.00	8.00	6.08	17.46	101617.02	1820	0	Tsung-DaoLee	
8132	3:35:34	1/1/2019 	12927400	384.00	8.00	11.99	17.42	101614.93	1821	0	Tsung-DaoLee	
8133	3:35:34	1/1/2019 	12927590	913.00	96.00	29.26	17.42	101614.93	49805	0	Tsung-DaoLee	
8134	3:35:34	1/1/2019 	12927689	451.00	10.00	12.64	17.42	101614.93	2828	0	Tsung-DaoLee	
8135	3:35:34	1/1/2019 	12927726	934.00	113.00	32.56	17.42	101614.93	1822	0	Tsung-DaoLee	
8136	3:35:34	1/1/2019 	12927802	438.00	11.00	12.61	17.42	101614.93	1822	0	Tsung-DaoLee	
8137	3:35:35	1/1/2019 	12928475	944.00	462.00	82.34	17.36	101611.83	1822	1	Tsung-DaoLee	
8138	3:35:35	1/1/2019 	12928490	113.00	9.00	6.95	17.36	101611.83	1822	0	Tsung-DaoLee	
8139	3:35:35	1/1/2019 	12928577	197.00	8.00	9.23	17.36	101611.83	49804	0	Tsung-DaoLee	
8140	3:35:35	1/1/2019 	12928658	743.00	19.00	17.88	17.36	101611.83	2830	0	Tsung-DaoLee	
8141	3:35:36	1/1/2019 	12929414	650.00	9.00	14.52	17.30	101608.98	1820	0	Tsung-DaoLee	
8142	3:35:36	1/1/2019 	12929474	60.00	8.00	5.89	17.30	101608.98	1821	0	Tsung-DaoLee	
8143	3:35:42	1/1/2019 	12935487	72.00	7.00	6.00	16.97	101598.16	6009685	0	Tsung-DaoLee	
8144	3:35:42	1/1/2019 	12936165	133.00	88.00	7.62	16.89	101597.03	440349	1	Tsung-DaoLee	
8145	3:35:42	1/1/2019 	12936193	365.00	94.00	13.32	16.89	101597.03	1822	0	Tsung-DaoLee	
8146	3:35:43	1/1/2019 	12936357	672.00	24.00	18.06	16.89	101597.03	3385	0	Tsung-DaoLee	
8147	3:35:43	1/1/2019 	12936383	616.00	9.00	14.22	16.89	101597.03	1823	0	Tsung-DaoLee	
8148	3:35:43	1/1/2019 	12936494	865.00	57.00	23.33	16.89	101597.03	1822	0	Tsung-DaoLee	
8149	3:35:43	1/1/2019 	12936620	429.00	9.00	12.41	16.85	101596.81	49805	0	Tsung-DaoLee	
8150	3:35:43	1/1/2019 	12936676	905.00	81.00	26.62	16.85	101596.81	1820	0	Tsung-DaoLee	
8151	3:35:43	1/1/2019 	12937020	659.00	10.00	14.87	16.85	101596.81	1821	0	Tsung-DaoLee	
8152	3:35:43	1/1/2019 	12937122	107.00	8.00	6.78	16.81	101596.28	2854	0	Tsung-DaoLee	
8153	3:35:44	1/1/2019 	12937752	936.00	296.00	56.41	16.77	101595.66	49803	1	Tsung-DaoLee	
8154	3:35:44	1/1/2019 	12938187	67.00	8.00	5.94	16.73	101595.91	1823	0	Tsung-DaoLee	
8155	3:35:45	1/1/2019 	12938567	907.00	169.00	41.95	16.73	101595.91	49804	1	Tsung-DaoLee	
8156	3:35:45	1/1/2019 	12938710	910.00	453.00	81.14	16.68	101595.48	1823	0	Tsung-DaoLee	
8157	3:35:45	1/1/2019 	12938913	446.00	9.00	12.53	16.68	101595.48	2964	0	Tsung-DaoLee	
8158	3:35:45	1/1/2019 	12938960	142.00	8.00	7.79	16.68	101595.48	1821	0	Tsung-DaoLee	
8159	3:35:45	1/1/2019 	12939017	702.00	19.00	17.65	16.68	101595.48	1821	0	Tsung-DaoLee	
8160	3:35:46	1/1/2019 	12939725	161.00	8.00	8.32	16.59	101595.44	399619	0	Tsung-DaoLee	
8161	3:35:47	1/1/2019 	12940325	869.00	102.00	30.24	16.55	101595.51	2814	0	Tsung-DaoLee	
8162	3:35:47	1/1/2019 	12940813	74.00	8.00	6.03	16.50	101595.58	400454	0	Tsung-DaoLee	
8163	3:35:53	1/1/2019 	12946356	653.00	10.00	14.83	16.03	101596.75	5289321	0	Tsung-DaoLee	
8164	3:35:53	1/1/2019 	12946374	638.00	9.00	14.44	16.03	101596.75	1823	0	Tsung-DaoLee	
8165	3:35:53	1/1/2019 	12946883	945.00	206.00	45.99	15.99	101596.47	49805	0	Tsung-DaoLee	
8166	3:35:53	1/1/2019 	12946919	828.00	125.00	34.37	15.99	101596.47	1822	0	Tsung-DaoLee	
8167	3:35:53	1/1/2019 	12947088	946.00	147.00	38.81	15.99	101596.47	1822	0	Tsung-DaoLee	
8168	3:35:53	1/1/2019 	12947178	429.00	109.00	14.79	15.99	101596.47	1822	0	Tsung-DaoLee	
8169	3:35:54	1/1/2019 	12947337	134.00	103.00	7.67	15.94	101596.34	2739	0	Tsung-DaoLee	
8170	3:35:54	1/1/2019 	12947389	948.00	313.00	59.24	15.94	101596.34	1822	1	Tsung-DaoLee	
8171	3:35:54	1/1/2019 	12947771	70.00	94.00	6.01	15.94	101596.34	49804	0	Tsung-DaoLee	
8172	3:35:55	1/1/2019 	12948817	680.00	67.00	22.04	15.86	101596.22	49804	0	Tsung-DaoLee	
8173	3:35:55	1/1/2019 	12948868	284.00	67.00	11.44	15.82	101595.96	1822	0	Tsung-DaoLee	
8174	3:35:56	1/1/2019 	12949346	469.00	87.00	14.85	15.79	101596.23	1821	0	Tsung-DaoLee	
8175	3:35:56	1/1/2019 	12949461	895.00	85.00	27.26	15.79	101596.23	2746	0	Tsung-DaoLee	
8176	3:35:56	1/1/2019 	12949485	631.00	80.00	20.34	15.79	101596.23	1822	0	Tsung-DaoLee	
8177	3:35:56	1/1/2019 	12949553	65.00	59.00	5.95	15.79	101596.23	49805	0	Tsung-DaoLee	
8178	3:35:56	1/1/2019 	12949714	809.00	35.00	20.93	15.79	101596.23	148238	0	Tsung-DaoLee	
8179	3:35:56	1/1/2019 	12949751	162.00	8.00	8.35	15.79	101596.23	1821	0	Tsung-DaoLee	
8180	3:35:56	1/1/2019 	12949785	147.00	8.00	7.93	15.79	101596.23	3334	0	Tsung-DaoLee	
8181	3:35:56	1/1/2019 	12949885	328.00	9.00	11.45	15.76	101596.34	1820	0	Tsung-DaoLee	
8182	3:35:56	1/1/2019 	12950031	509.00	9.00	13.00	15.76	101596.34	1821	0	Tsung-DaoLee	
8183	3:35:57	1/1/2019 	12950254	101.00	9.00	6.62	15.76	101596.34	1821	0	Tsung-DaoLee	
8184	3:35:57	1/1/2019 	12950908	446.00	9.00	12.53	15.70	101596.28	49806	0	Tsung-DaoLee	
8185	3:35:57	1/1/2019 	12951154	87.00	9.00	6.28	15.70	101596.28	1820	0	Tsung-DaoLee	
8186	3:35:58	1/1/2019 	12951280	107.00	9.00	6.78	15.70	101596.28	2804	0	Tsung-DaoLee	
8187	3:35:58	1/1/2019 	12951659	183.00	8.00	8.90	15.68	101596.29	49804	0	Tsung-DaoLee	
8188	3:35:58	1/1/2019 	12952085	944.00	154.00	39.91	15.65	101596.44	1821	0	Tsung-DaoLee	
8189	3:35:59	1/1/2019 	12953115	262.00	9.00	10.52	15.60	101596.62	49806	0	Tsung-DaoLee	
8190	3:36:00	1/1/2019 	12953766	115.00	8.00	7.01	15.57	101597.11	49807	0	Tsung-DaoLee	
8191	3:36:00	1/1/2019 	12953822	77.00	8.00	6.08	15.57	101597.11	1821	0	Tsung-DaoLee	
8192	3:36:00	1/1/2019 	12954149	69.00	8.00	5.97	15.54	101597.27	2809	0	Tsung-DaoLee	
8193	3:36:01	1/1/2019 	12954257	105.00	9.00	6.73	15.54	101597.27	1820	0	Tsung-DaoLee	
8194	3:36:01	1/1/2019 	12954787	944.00	156.00	40.21	15.52	101597.16	49805	1	Tsung-DaoLee	
8195	3:36:01	1/1/2019 	12954805	685.00	12.00	15.61	15.52	101597.16	1823	0	Tsung-DaoLee	
8196	3:36:01	1/1/2019 	12954843	547.00	9.00	13.37	15.52	101597.16	1820	0	Tsung-DaoLee	
8197	3:36:02	1/1/2019 	12955270	754.00	23.00	18.86	15.49	101597.55	1821	0	Tsung-DaoLee	
8198	3:36:02	1/1/2019 	12955911	838.00	41.00	21.66	15.47	101597.53	50802	0	Tsung-DaoLee	
8199	3:36:03	1/1/2019 	12956304	232.00	9.00	9.98	15.44	101597.83	1822	0	Tsung-DaoLee	
8200	3:36:03	1/1/2019 	12956725	944.00	132.00	36.20	15.42	101598.16	49805	1	Tsung-DaoLee	
8201	3:36:04	1/1/2019 	12957413	922.00	103.00	30.60	15.39	101597.95	1824	0	Tsung-DaoLee	
8202	3:36:04	1/1/2019 	12957647	779.00	30.00	20.19	15.36	101598.05	49806	0	Tsung-DaoLee	
8203	3:36:04	1/1/2019 	12957816	164.00	8.00	8.40	15.36	101598.05	1821	0	Tsung-DaoLee	
8204	3:36:04	1/1/2019 	12957941	435.00	9.00	12.45	15.36	101598.05	2821	0	Tsung-DaoLee	
8205	3:36:05	1/1/2019 	12958580	942.00	254.00	50.70	15.28	101599.06	49804	0	Tsung-DaoLee	
8206	3:36:05	1/1/2019 	12958795	241.00	9.00	10.15	15.28	101599.06	1822	0	Tsung-DaoLee	
8207	3:36:05	1/1/2019 	12958990	277.00	8.00	10.73	15.28	101599.06	1821	0	Tsung-DaoLee	
8208	3:36:05	1/1/2019 	12959081	431.00	9.00	12.42	15.21	101598.41	1820	0	Tsung-DaoLee	
8209	3:36:06	1/1/2019 	12959462	113.00	8.00	6.95	15.21	101598.41	2827	0	Tsung-DaoLee	
8210	3:36:06	1/1/2019 	12959593	130.00	8.00	7.44	15.15	101599.00	49805	0	Tsung-DaoLee	
8211	3:36:06	1/1/2019 	12959628	176.00	9.00	8.73	15.15	101599.00	2751	0	Tsung-DaoLee	
8212	3:36:06	1/1/2019 	12959724	945.00	184.00	43.80	15.15	101599.00	1821	1	Tsung-DaoLee	
8213	3:36:07	1/1/2019 	12960405	125.00	8.00	7.29	15.09	101599.49	1822	0	Tsung-DaoLee	
8214	3:36:07	1/1/2019 	12961030	419.00	8.00	12.27	15.04	101599.53	49806	0	Tsung-DaoLee	
8215	3:36:08	1/1/2019 	12961254	331.00	9.00	11.49	14.99	101600.05	3479	0	Tsung-DaoLee	
8216	3:36:08	1/1/2019 	12961312	99.00	8.00	6.57	14.99	101600.05	1822	0	Tsung-DaoLee	
8217	3:36:08	1/1/2019 	12961571	814.00	88.00	27.49	14.99	101600.05	49804	0	Tsung-DaoLee	
8218	3:36:08	1/1/2019 	12961606	720.00	37.00	20.64	14.99	101600.05	1822	0	Tsung-DaoLee	
8219	3:36:08	1/1/2019 	12962002	649.00	17.00	16.37	14.95	101600.70	1822	0	Tsung-DaoLee	
8220	3:36:08	1/1/2019 	12962206	588.00	11.00	14.19	14.90	101601.50	1822	0	Tsung-DaoLee	
8221	3:36:09	1/1/2019 	12962386	393.00	8.00	12.06	14.90	101601.50	2849	0	Tsung-DaoLee	
8222	3:36:09	1/1/2019 	12962852	599.00	11.00	14.36	14.86	101601.82	49806	0	Tsung-DaoLee	
8223	3:36:09	1/1/2019 	12962957	97.00	8.00	6.52	14.86	101601.82	1822	1	Tsung-DaoLee	
8224	3:36:09	1/1/2019 	12962982	169.00	8.00	8.54	14.86	101601.82	1820	0	Tsung-DaoLee	
8225	3:36:09	1/1/2019 	12963048	209.00	8.00	9.50	14.86	101601.82	1820	0	Tsung-DaoLee	
8226	3:36:09	1/1/2019 	12963079	275.00	9.00	10.73	14.86	101601.82	1820	0	Tsung-DaoLee	
8227	3:36:09	1/1/2019 	12963205	560.00	10.00	13.65	14.82	101602.55	2853	0	Tsung-DaoLee	
8228	3:36:10	1/1/2019 	12963359	75.00	8.00	6.05	14.82	101602.55	1820	0	Tsung-DaoLee	
8229	3:36:10	1/1/2019 	12963788	141.00	8.00	7.76	14.78	101603.09	49804	0	Tsung-DaoLee	
8230	3:36:11	1/1/2019 	12964443	189.00	9.00	9.05	14.74	101603.48	1820	0	Tsung-DaoLee	
8231	3:36:11	1/1/2019 	12964752	784.00	79.00	25.89	14.70	101604.31	49806	0	Tsung-DaoLee	
8232	3:36:12	1/1/2019 	12965822	97.00	8.00	6.52	14.63	101605.36	49806	0	Tsung-DaoLee	
8233	3:36:12	1/1/2019 	12966076	392.00	9.00	12.12	14.63	101605.36	2857	0	Tsung-DaoLee	
8234	3:36:12	1/1/2019 	12966125	648.00	23.00	17.27	14.63	101605.36	1821	0	Tsung-DaoLee	
8235	3:36:12	1/1/2019 	12966137	439.00	9.00	12.48	14.63	101605.36	1820	0	Tsung-DaoLee	
8236	3:36:13	1/1/2019 	12966968	461.00	9.00	12.64	14.57	101606.00	49804	0	Tsung-DaoLee	
8237	3:36:14	1/1/2019 	12967281	647.00	15.00	15.95	14.54	101606.03	1822	0	Tsung-DaoLee	
8238	3:36:14	1/1/2019 	12967311	261.00	9.00	10.50	14.54	101606.03	2864	0	Tsung-DaoLee	
8239	3:36:14	1/1/2019 	12967622	72.00	8.00	6.00	14.54	101606.03	49804	0	Tsung-DaoLee	
8240	3:36:14	1/1/2019 	12967900	73.00	8.00	6.02	14.51	101606.25	1821	0	Tsung-DaoLee	
8241	3:36:15	1/1/2019 	12968261	809.00	99.00	29.40	14.51	101606.25	1820	0	Tsung-DaoLee	
8242	3:36:15	1/1/2019 	12968493	264.00	9.00	10.55	14.48	101606.47	1822	0	Tsung-DaoLee	
8243	3:36:15	1/1/2019 	12968942	267.00	8.00	10.57	14.45	101606.66	49805	0	Tsung-DaoLee	
8244	3:36:15	1/1/2019 	12969175	317.00	8.00	11.28	14.45	101606.66	5096	1	Tsung-DaoLee	
8245	3:36:17	1/1/2019 	12970651	877.00	69.00	24.79	14.37	101606.79	97789	1	Tsung-DaoLee	
8246	3:36:17	1/1/2019 	12970814	852.00	57.00	23.31	14.37	101606.79	2661	0	Tsung-DaoLee	
8247	3:36:17	1/1/2019 	12971206	860.00	63.00	24.00	14.35	101606.28	1821	0	Tsung-DaoLee	
8248	3:36:18	1/1/2019 	12971270	205.00	8.00	9.41	14.35	101606.28	1822	0	Tsung-DaoLee	
8249	3:36:18	1/1/2019 	12971326	310.00	9.00	11.23	14.35	101606.28	1821	0	Tsung-DaoLee	
8250	3:36:18	1/1/2019 	12971783	548.00	9.00	13.38	14.33	101606.62	51306	0	Tsung-DaoLee	
8251	3:36:19	1/1/2019 	12972400	928.00	759.00	135.57	14.29	101606.75	1826	1	Tsung-DaoLee	
8252	3:36:19	1/1/2019 	12972691	923.00	242.00	49.38	14.29	101606.75	49806	1	Tsung-DaoLee	
8253	3:36:19	1/1/2019 	12972807	66.00	8.00	5.93	14.29	101606.75	1822	0	Tsung-DaoLee	
8254	3:36:19	1/1/2019 	12973001	313.00	9.00	11.27	14.27	101606.72	1820	0	Tsung-DaoLee	
8255	3:36:19	1/1/2019 	12973190	921.00	446.00	80.42	14.27	101606.72	1821	1	Tsung-DaoLee	
8256	3:36:20	1/1/2019 	12973709	294.00	8.00	10.98	14.26	101606.81	50876	0	Tsung-DaoLee	
8257	3:36:20	1/1/2019 	12973739	493.00	9.00	12.87	14.26	101606.81	1822	0	Tsung-DaoLee	
8258	3:36:20	1/1/2019 	12973961	736.00	22.00	18.57	14.24	101606.71	1822	0	Tsung-DaoLee	
8259	3:36:20	1/1/2019 	12974030	918.00	142.00	37.95	14.24	101606.71	1822	1	Tsung-DaoLee	
8260	3:36:20	1/1/2019 	12974203	308.00	8.00	11.17	14.24	101606.71	1822	0	Tsung-DaoLee	
8261	3:36:21	1/1/2019 	12974240	700.00	15.00	16.60	14.24	101606.71	1822	0	Tsung-DaoLee	
8262	3:36:21	1/1/2019 	12974347	694.00	14.00	16.27	14.24	101606.71	2797	1	Tsung-DaoLee	
8263	3:36:21	1/1/2019 	12974382	441.00	9.00	12.50	14.24	101606.71	1821	0	Tsung-DaoLee	
8264	3:36:21	1/1/2019 	12974472	780.00	34.00	20.75	14.23	101606.91	1821	0	Tsung-DaoLee	
8265	3:36:21	1/1/2019 	12974671	117.00	9.00	7.07	14.23	101606.91	49803	0	Tsung-DaoLee	
8266	3:36:21	1/1/2019 	12974732	158.00	8.00	8.24	14.23	101606.91	1820	1	Tsung-DaoLee	
8267	3:36:21	1/1/2019 	12974951	272.00	9.00	10.68	14.23	101607.03	2799	0	Tsung-DaoLee	
8268	3:36:21	1/1/2019 	12974965	78.00	8.00	6.10	14.23	101607.03	1820	0	Tsung-DaoLee	
8269	3:36:21	1/1/2019 	12975025	75.00	8.00	6.05	14.23	101607.03	1819	0	Tsung-DaoLee	
8270	3:36:22	1/1/2019 	12975492	940.00	222.00	47.47	14.22	101607.16	1821	0	Tsung-DaoLee	
8271	3:36:22	1/1/2019 	12975611	716.00	15.00	16.66	14.22	101607.16	49804	0	Tsung-DaoLee	
8272	3:36:22	1/1/2019 	12975868	121.00	9.00	7.18	14.22	101607.16	1820	0	Tsung-DaoLee	
8273	3:36:22	1/1/2019 	12976141	62.00	8.00	5.90	14.21	101607.44	2806	0	Tsung-DaoLee	
8274	3:36:23	1/1/2019 	12976378	884.00	68.00	24.68	14.21	101607.44	1820	0	Tsung-DaoLee	
8275	3:36:23	1/1/2019 	12977100	546.00	9.00	13.36	14.19	101607.75	49804	0	Tsung-DaoLee	
8276	3:36:24	1/1/2019 	12977271	241.00	9.00	10.15	14.19	101607.75	1822	0	Tsung-DaoLee	
8277	3:36:24	1/1/2019 	12977283	949.00	155.00	40.06	14.19	101607.75	1823	0	Tsung-DaoLee	
8278	3:36:24	1/1/2019 	12977419	70.00	8.00	5.98	14.19	101607.75	1822	0	Tsung-DaoLee	
8279	3:36:24	1/1/2019 	12977833	717.00	16.00	16.97	14.18	101607.91	50793	0	Tsung-DaoLee	
8280	3:36:24	1/1/2019 	12977906	906.00	88.00	27.80	14.18	101607.91	1821	0	Tsung-DaoLee	
8281	3:36:24	1/1/2019 	12977967	437.00	9.00	12.47	14.18	101607.91	1822	0	Tsung-DaoLee	
8282	3:36:25	1/1/2019 	12978496	750.00	21.00	18.40	14.17	101608.09	1821	0	Tsung-DaoLee	
8283	3:36:25	1/1/2019 	12978867	99.00	8.00	6.57	14.16	101608.16	49805	0	Tsung-DaoLee	
8284	3:36:25	1/1/2019 	12978996	522.00	9.00	13.12	14.16	101608.16	1820	0	Tsung-DaoLee	
8285	3:36:26	1/1/2019 	12979404	905.00	83.00	26.95	14.15	101608.22	2818	0	Tsung-DaoLee	
8286	3:36:27	1/1/2019 	12980646	472.00	9.00	12.71	14.12	101608.62	97790	0	Tsung-DaoLee	
8287	3:36:27	1/1/2019 	12980869	737.00	18.00	17.60	14.12	101608.62	2750	0	Tsung-DaoLee	
8288	3:36:27	1/1/2019 	12981089	943.00	456.00	81.65	14.12	101608.62	1829	1	Tsung-DaoLee	
8289	3:36:28	1/1/2019 	12981984	103.00	9.00	6.67	14.10	101609.32	49809	0	Tsung-DaoLee	
8290	3:36:28	1/1/2019 	12982174	97.00	9.00	6.52	14.08	101609.22	1821	0	Tsung-DaoLee	
8291	3:36:29	1/1/2019 	12982392	940.00	564.00	97.13	14.08	101609.22	3367	1	Tsung-DaoLee	
8292	3:36:29	1/1/2019 	12982642	942.00	137.00	37.10	14.07	101609.44	49806	0	Tsung-DaoLee	
8293	3:36:30	1/1/2019 	12983732	362.00	9.00	11.83	14.05	101609.88	49808	0	Tsung-DaoLee	
8294	3:36:30	1/1/2019 	12983889	514.00	9.00	13.04	14.05	101609.88	1829	1	Tsung-DaoLee	
8295	3:36:31	1/1/2019 	12984277	450.00	9.00	12.56	14.03	101610.10	1825	0	Tsung-DaoLee	
8296	3:36:31	1/1/2019 	12984352	122.00	8.00	7.21	14.03	101610.10	2941	0	Tsung-DaoLee	
8297	3:36:31	1/1/2019 	12984462	113.00	8.00	6.95	14.03	101610.10	1820	0	Tsung-DaoLee	
8298	3:36:32	1/1/2019 	12985295	817.00	69.00	24.65	14.00	101610.59	49802	0	Tsung-DaoLee	
8299	3:36:32	1/1/2019 	12985455	136.00	12.00	7.63	14.00	101610.59	1821	0	Tsung-DaoLee	
8300	3:36:32	1/1/2019 	12985464	141.00	12.00	7.78	14.00	101610.59	1820	0	Tsung-DaoLee	
8301	3:36:32	1/1/2019 	12985683	560.00	13.00	14.00	14.00	101610.59	49804	0	Tsung-DaoLee	
8302	3:36:32	1/1/2019 	12985781	338.00	12.00	11.69	13.99	101610.81	2844	0	Tsung-DaoLee	
8303	3:36:32	1/1/2019 	12986127	718.00	31.00	19.92	13.99	101610.81	1821	0	Tsung-DaoLee	
8304	3:36:33	1/1/2019 	12986675	176.00	12.00	8.75	13.97	101610.81	49805	0	Tsung-DaoLee	
8305	3:36:34	1/1/2019 	12987651	814.00	86.00	27.16	13.94	101610.58	49804	1	Tsung-DaoLee	
8306	3:36:34	1/1/2019 	12987976	805.00	78.00	25.86	13.92	101610.42	1822	0	Tsung-DaoLee	
8307	3:36:34	1/1/2019 	12988062	626.00	17.00	15.84	13.92	101610.42	1822	0	Tsung-DaoLee	
8308	3:36:35	1/1/2019 	12988710	844.00	125.00	34.47	13.91	101610.70	50835	0	Tsung-DaoLee	
8309	3:36:35	1/1/2019 	12988865	778.00	54.00	22.80	13.89	101610.57	1823	1	Tsung-DaoLee	
8310	3:36:36	1/1/2019 	12989249	663.00	19.00	17.04	13.89	101610.57	1822	0	Tsung-DaoLee	
8311	3:36:36	1/1/2019 	12989833	949.00	628.00	111.23	13.85	101610.40	49806	0	Tsung-DaoLee	
8312	3:36:36	1/1/2019 	12989978	130.00	9.00	7.44	13.85	101610.40	2798	0	Tsung-DaoLee	
8313	3:36:36	1/1/2019 	12989983	675.00	12.00	15.56	13.85	101610.40	1820	0	Tsung-DaoLee	
8314	3:36:36	1/1/2019 	12990078	60.00	9.00	5.89	13.85	101610.40	3401	0	Tsung-DaoLee	
8315	3:36:39	1/1/2019 	12992465	60.00	9.00	5.89	13.78	101608.86	2150806	0	Tsung-DaoLee	
8316	3:36:39	1/1/2019 	12992561	783.00	26.00	19.52	13.78	101608.86	76267	0	Tsung-DaoLee	
8317	3:36:40	1/1/2019 	12993296	711.00	14.00	16.34	13.77	101608.77	1822	0	Tsung-DaoLee	
8318	3:36:40	1/1/2019 	12993424	914.00	88.00	27.81	13.76	101608.67	1822	0	Tsung-DaoLee	
8319	3:36:40	1/1/2019 	12993596	801.00	29.00	20.07	13.76	101608.67	50856	0	Tsung-DaoLee	
8320	3:36:40	1/1/2019 	12993655	78.00	9.00	6.10	13.76	101608.67	1822	0	Tsung-DaoLee	
8321	3:36:40	1/1/2019 	12993881	938.00	183.00	43.68	13.76	101608.67	1820	0	Tsung-DaoLee	
8322	3:36:40	1/1/2019 	12993891	67.00	9.00	5.94	13.76	101608.67	1821	0	Tsung-DaoLee	
8323	3:36:40	1/1/2019 	12993940	88.00	9.00	6.30	13.75	101608.41	1821	0	Tsung-DaoLee	
8324	3:36:40	1/1/2019 	12994024	936.00	276.00	53.45	13.75	101608.41	1821	1	Tsung-DaoLee	
8325	3:36:41	1/1/2019 	12994748	382.00	9.00	12.03	13.73	101608.03	53093	0	Tsung-DaoLee	
8326	3:36:41	1/1/2019 	12994865	935.00	539.00	92.55	13.73	101608.03	1822	1	Tsung-DaoLee	
8327	3:36:41	1/1/2019 	12994877	464.00	9.00	12.66	13.73	101608.03	1821	0	Tsung-DaoLee	
8328	3:36:41	1/1/2019 	12995125	65.00	9.00	5.92	13.72	101607.80	1820	0	Tsung-DaoLee	
8329	3:36:42	1/1/2019 	12995767	147.00	8.00	7.93	13.71	101608.17	49804	0	Tsung-DaoLee	
8330	3:36:42	1/1/2019 	12995952	826.00	44.00	21.95	13.71	101608.17	1822	0	Tsung-DaoLee	
8331	3:36:42	1/1/2019 	12996034	72.00	56.00	6.03	13.69	101608.39	2776	0	Tsung-DaoLee	
8332	3:36:42	1/1/2019 	12996071	209.00	60.00	9.74	13.69	101608.39	1821	0	Tsung-DaoLee	
8333	3:36:42	1/1/2019 	12996084	277.00	63.00	11.27	13.69	101608.39	1822	0	Tsung-DaoLee	
8334	3:36:42	1/1/2019 	12996191	518.00	86.00	15.75	13.69	101608.39	1821	0	Tsung-DaoLee	
8335	3:36:43	1/1/2019 	12996387	944.00	249.00	50.14	13.69	101608.39	1822	1	Tsung-DaoLee	
8336	3:36:43	1/1/2019 	12996476	527.00	100.00	16.50	13.68	101608.12	1825	0	Tsung-DaoLee	
8337	3:36:43	1/1/2019 	12997219	60.00	125.00	5.94	13.67	101607.88	50873	0	Tsung-DaoLee	
8338	3:36:44	1/1/2019 	12997575	616.00	122.00	22.65	13.66	101608.03	153436	0	Tsung-DaoLee	
8339	3:36:44	1/1/2019 	12997608	107.00	119.00	6.86	13.66	101608.03	1822	0	Tsung-DaoLee	
8340	3:36:44	1/1/2019 	12997734	192.00	116.00	9.48	13.66	101608.03	1821	0	Tsung-DaoLee	
8341	3:36:44	1/1/2019 	12998110	167.00	113.00	8.72	13.65	101607.93	1822	0	Tsung-DaoLee	
8342	3:36:45	1/1/2019 	12998291	552.00	124.00	18.47	13.65	101607.93	2785	0	Tsung-DaoLee	
8343	3:36:45	1/1/2019 	12998432	725.00	121.00	31.69	13.65	101607.93	1822	0	Tsung-DaoLee	
8344	3:36:45	1/1/2019 	12999190	662.00	42.00	19.45	13.63	101608.08	49805	0	Tsung-DaoLee	
8345	3:36:46	1/1/2019 	12999652	951.00	748.00	134.18	13.62	101607.89	49805	0	Tsung-DaoLee	
8346	3:36:46	1/1/2019 	13000122	946.00	143.00	38.14	13.62	101608.30	2693	1	Tsung-DaoLee	
8347	3:36:47	1/1/2019 	13000493	112.00	9.00	6.92	13.62	101608.30	1822	0	Tsung-DaoLee	
8348	3:36:47	1/1/2019 	13000855	721.00	24.00	18.87	13.61	101608.20	51321	0	Tsung-DaoLee	
8349	3:36:47	1/1/2019 	13000915	125.00	20.00	7.32	13.61	101608.20	1822	0	Tsung-DaoLee	
8350	3:36:48	1/1/2019 	13001349	174.00	20.00	8.73	13.61	101608.13	1822	0	Tsung-DaoLee	
8351	3:36:48	1/1/2019 	13001960	165.00	19.00	8.48	13.60	101608.23	49805	0	Tsung-DaoLee	
8352	3:36:48	1/1/2019 	13002091	124.00	36.00	7.31	13.60	101608.23	1820	0	Tsung-DaoLee	
8353	3:36:49	1/1/2019 	13002432	128.00	13.00	7.40	13.60	101608.42	1820	0	Tsung-DaoLee	
8354	3:36:49	1/1/2019 	13002552	61.00	37.00	5.91	13.60	101608.42	50755	0	Tsung-DaoLee	
8355	3:36:49	1/1/2019 	13002671	943.00	158.00	40.51	13.60	101608.64	16592	0	Tsung-DaoLee	
8356	3:36:49	1/1/2019 	13003212	123.00	8.00	7.24	13.59	101609.05	1821	0	Tsung-DaoLee	
8357	3:36:50	1/1/2019 	13003385	127.00	8.00	7.35	13.59	101609.05	1820	0	Tsung-DaoLee	
8358	3:36:50	1/1/2019 	13003458	210.00	9.00	9.53	13.59	101609.05	1821	0	Tsung-DaoLee	
8359	3:36:50	1/1/2019 	13004044	401.00	9.00	12.19	13.59	101609.42	49804	0	Tsung-DaoLee	
8360	3:36:50	1/1/2019 	13004131	181.00	9.00	8.85	13.59	101609.42	2781	0	Tsung-DaoLee	
8361	3:36:51	1/1/2019 	13004340	699.00	81.00	24.40	13.58	101609.68	1820	0	Tsung-DaoLee	
8362	3:36:51	1/1/2019 	13004973	945.00	296.00	56.42	13.58	101610.25	49805	1	Tsung-DaoLee	
8363	3:36:52	1/1/2019 	13005241	452.00	77.00	14.35	13.57	101610.23	1821	0	Tsung-DaoLee	
8364	3:36:52	1/1/2019 	13005406	266.00	76.00	11.13	13.57	101610.23	1822	0	Tsung-DaoLee	
8365	3:36:52	1/1/2019 	13005583	574.00	75.00	17.07	13.57	101610.23	49803	0	Tsung-DaoLee	
8366	3:36:52	1/1/2019 	13006127	912.00	89.00	27.98	13.56	101610.43	2819	0	Tsung-DaoLee	
8367	3:36:53	1/1/2019 	13007147	370.00	57.00	12.86	13.54	101610.61	49804	0	Tsung-DaoLee	
8368	3:36:53	1/1/2019 	13007153	630.00	58.00	18.88	13.54	101610.61	1822	1	Tsung-DaoLee	
8369	3:36:54	1/1/2019 	13007827	98.00	66.00	6.58	13.52	101610.92	49805	0	Tsung-DaoLee	
8370	3:36:54	1/1/2019 	13007848	177.00	67.00	8.91	13.52	101610.92	1822	0	Tsung-DaoLee	
8371	3:36:55	1/1/2019 	13008318	924.00	104.00	30.80	13.51	101611.20	2824	0	Tsung-DaoLee	
8372	3:36:55	1/1/2019 	13008357	773.00	69.00	24.44	13.51	101611.20	1823	0	Tsung-DaoLee	
8373	3:36:55	1/1/2019 	13008470	875.00	73.00	25.34	13.51	101611.20	1822	1	Tsung-DaoLee	
8374	3:36:55	1/1/2019 	13008881	750.00	77.00	25.26	13.50	101610.88	49808	0	Tsung-DaoLee	
8375	3:36:56	1/1/2019 	13009364	916.00	99.00	29.83	13.50	101611.12	1828	0	Tsung-DaoLee	
8376	3:36:56	1/1/2019 	13009695	171.00	77.00	8.76	13.50	101611.12	49813	0	Tsung-DaoLee	
8377	3:36:56	1/1/2019 	13009741	943.00	125.00	34.89	13.50	101611.12	4176	0	Tsung-DaoLee	
8378	3:36:56	1/1/2019 	13009821	704.00	77.00	24.11	13.49	101611.54	1827	0	Tsung-DaoLee	
8379	3:36:56	1/1/2019 	13009874	73.00	77.00	6.05	13.49	101611.54	1822	0	Tsung-DaoLee	
8380	3:36:57	1/1/2019 	13010980	611.00	77.00	18.94	13.48	101611.44	49805	0	Tsung-DaoLee	
8381	3:36:58	1/1/2019 	13011440	939.00	121.00	34.12	13.48	101611.50	1822	0	Tsung-DaoLee	
8382	3:36:58	1/1/2019 	13011707	948.00	596.00	103.94	13.48	101611.50	49806	1	Tsung-DaoLee	
8383	3:36:58	1/1/2019 	13012213	946.00	341.00	64.24	13.47	101611.44	2847	0	Tsung-DaoLee	
8384	3:36:59	1/1/2019 	13012224	463.00	78.00	14.53	13.47	101611.44	1821	0	Tsung-DaoLee	
8385	3:36:59	1/1/2019 	13012708	892.00	91.00	28.30	13.47	101611.47	49806	0	Tsung-DaoLee	
8386	3:36:59	1/1/2019 	13013003	920.00	104.00	30.80	13.46	101611.24	1822	1	Tsung-DaoLee	
8387	3:36:59	1/1/2019 	13013069	873.00	94.00	28.77	13.46	101611.24	1822	1	Tsung-DaoLee	
8388	3:36:59	1/1/2019 	13013111	104.00	93.00	6.76	13.46	101611.24	2853	0	Tsung-DaoLee	
8389	3:36:59	1/1/2019 	13013220	73.00	93.00	6.06	13.46	101611.24	1821	0	Tsung-DaoLee	
8390	3:37:00	1/1/2019 	13013622	941.00	152.00	39.60	13.46	101611.30	49805	0	Tsung-DaoLee	
8391	3:37:00	1/1/2019 	13013912	620.00	95.00	20.77	13.46	101610.89	1823	0	Tsung-DaoLee	
8392	3:37:00	1/1/2019 	13014018	126.00	94.00	7.41	13.46	101610.89	1822	0	Tsung-DaoLee	
8393	3:37:00	1/1/2019 	13014083	698.00	94.00	26.10	13.46	101610.89	1822	0	Tsung-DaoLee	
8394	3:37:01	1/1/2019 	13014332	104.00	86.00	6.75	13.46	101610.89	2857	0	Tsung-DaoLee	
8395	3:37:01	1/1/2019 	13014377	955.00	870.00	160.64	13.46	101610.89	1822	0	Tsung-DaoLee	
8396	3:37:01	1/1/2019 	13014398	153.00	86.00	8.24	13.46	101610.89	1823	0	Tsung-DaoLee	
8397	3:37:01	1/1/2019 	13014770	470.00	87.00	14.87	13.45	101610.95	49805	0	Tsung-DaoLee	
8398	3:37:02	1/1/2019 	13015754	949.00	842.00	151.91	13.45	101611.05	49808	1	Tsung-DaoLee	
8399	3:37:03	1/1/2019 	13016636	185.00	90.00	9.19	13.44	101610.85	49807	0	Tsung-DaoLee	
8400	3:37:03	1/1/2019 	13016765	751.00	91.00	27.40	13.44	101610.85	2862	0	Tsung-DaoLee	
8401	3:37:03	1/1/2019 	13017130	664.00	110.00	25.87	13.44	101611.20	1822	0	Tsung-DaoLee	
8402	3:37:04	1/1/2019 	13017295	149.00	108.00	8.15	13.44	101611.20	1822	0	Tsung-DaoLee	
8403	3:37:04	1/1/2019 	13018166	949.00	537.00	92.19	13.43	101611.07	49805	1	Tsung-DaoLee	
8404	3:37:08	1/1/2019 	13021034	937.00	161.00	40.94	13.40	101610.95	145776	0	Tsung-DaoLee	
8405	3:37:08	1/1/2019 	13021409	381.00	97.00	13.67	13.39	101610.95	2812	0	Tsung-DaoLee	
8406	3:37:08	1/1/2019 	13021548	71.00	94.00	6.03	13.39	101610.95	53734	0	Tsung-DaoLee	
8407	3:37:08	1/1/2019 	13021864	736.00	108.00	29.92	13.38	101611.23	1992	0	Tsung-DaoLee	
8408	3:37:09	1/1/2019 	13022661	123.00	113.00	7.34	13.36	101610.97	49806	0	Tsung-DaoLee	
8409	3:37:09	1/1/2019 	13022776	65.00	112.00	5.97	13.36	101610.97	1822	0	Tsung-DaoLee	
8410	3:37:10	1/1/2019 	13023094	250.00	113.00	11.03	13.36	101610.97	1821	0	Tsung-DaoLee	
8411	3:37:10	1/1/2019 	13023293	940.00	129.00	35.65	13.35	101611.16	2777	1	Tsung-DaoLee	
8412	3:37:10	1/1/2019 	13023865	60.00	107.00	5.93	13.34	101611.06	49805	0	Tsung-DaoLee	
8413	3:37:12	1/1/2019 	13025383	660.00	11.00	15.16	13.30	101611.01	638425	0	Tsung-DaoLee	
8414	3:37:12	1/1/2019 	13025438	945.00	132.00	36.20	13.30	101611.01	1823	0	Tsung-DaoLee	
8415	3:37:12	1/1/2019 	13025642	543.00	9.00	13.33	13.30	101611.01	49806	0	Tsung-DaoLee	
8416	3:37:13	1/1/2019 	13026076	93.00	9.00	6.42	13.29	101610.84	1821	0	Tsung-DaoLee	
8417	3:37:13	1/1/2019 	13026095	95.00	9.00	6.47	13.29	101610.84	2780	0	Tsung-DaoLee	
8418	3:37:13	1/1/2019 	13026126	621.00	10.00	14.49	13.29	101610.84	1820	0	Tsung-DaoLee	
8419	3:37:13	1/1/2019 	13026380	115.00	9.00	7.01	13.28	101610.72	1822	0	Tsung-DaoLee	
8420	3:37:14	1/1/2019 	13027568	780.00	27.00	19.70	13.26	101610.98	97788	0	Tsung-DaoLee	
8421	3:37:14	1/1/2019 	13027871	201.00	9.00	9.33	13.25	101610.88	1822	0	Tsung-DaoLee	
8422	3:37:14	1/1/2019 	13027906	884.00	60.00	23.70	13.25	101610.88	1821	0	Tsung-DaoLee	
8423	3:37:15	1/1/2019 	13028123	516.00	9.00	13.06	13.25	101610.88	2787	0	Tsung-DaoLee	
8424	3:37:16	1/1/2019 	13029033	216.00	80.00	9.98	13.23	101611.38	49808	0	Tsung-DaoLee	
8425	3:37:16	1/1/2019 	13029977	130.00	31.00	7.48	13.20	101611.46	630123	0	Tsung-DaoLee	
8426	3:37:17	1/1/2019 	13030032	495.00	36.00	14.16	13.20	101611.46	2688	0	Tsung-DaoLee	
8427	3:37:17	1/1/2019 	13030115	60.00	60.00	5.91	13.20	101611.46	1823	0	Tsung-DaoLee	
8428	3:37:17	1/1/2019 	13030118	60.00	60.00	5.91	13.20	101611.46	1851	0	Tsung-DaoLee	
8429	3:37:17	1/1/2019 	13030823	61.00	40.00	5.91	13.18	101611.70	689319	0	Tsung-DaoLee	
8430	3:37:18	1/1/2019 	13031060	61.00	36.00	5.91	13.18	101611.70	156787	0	Tsung-DaoLee	
8431	3:37:21	1/1/2019 	13034720	669.00	36.00	19.28	13.11	101610.87	3649948	0	Tsung-DaoLee	
8432	3:37:21	1/1/2019 	13034770	60.00	53.00	5.91	13.11	101610.87	1822	0	Tsung-DaoLee	
8433	3:37:22	1/1/2019 	13035628	456.00	115.00	15.44	13.09	101611.34	466111	0	Tsung-DaoLee	
8434	3:37:22	1/1/2019 	13035753	62.00	139.00	5.96	13.09	101611.34	2808	0	Tsung-DaoLee	
8435	3:37:23	1/1/2019 	13036734	92.00	8.00	6.39	13.08	101611.45	981253	0	Tsung-DaoLee	
8436	3:37:24	1/1/2019 	13037377	88.00	8.00	6.30	13.07	101611.16	277107	0	Tsung-DaoLee	
8437	3:37:24	1/1/2019 	13038020	515.00	9.00	13.05	13.05	101611.09	640137	0	Tsung-DaoLee	
8438	3:37:25	1/1/2019 	13038196	117.00	9.00	7.07	13.05	101611.09	1821	0	Tsung-DaoLee	
8439	3:37:25	1/1/2019 	13038200	83.00	9.00	6.20	13.05	101611.09	1820	0	Tsung-DaoLee	
