###################################################################################################
### CosmicWatch: The Desktop Muon Detector
### Device ID: WinnieSzeto
### Launch time: 0:00:06 1/1/2019
### Questions? Email Spencer N. Axani (saxani@mit.edu)
### Event Time Date TimeStamp[ms] ADC1 ADC2 SiPM[mV] Temp[C] Pressure[Pa] DeadTime[us] Coincident ID
###################################################################################################
1	0:00:07	1/1/2019 	195	313.00	8.00	11.23	24.86	100615.22	47973	1	WinnieSzeto	
2	0:00:08	1/1/2019 	1023	78.00	8.00	6.10	24.85	100615.70	53396	0	WinnieSzeto	
3	0:00:08	1/1/2019 	1198	71.00	8.00	5.99	24.85	100615.70	1849	0	WinnieSzeto	
4	0:00:08	1/1/2019 	1591	536.00	9.00	13.25	24.85	100616.19	49815	0	WinnieSzeto	
5	0:00:08	1/1/2019 	1804	888.00	82.00	26.75	24.85	100616.19	1849	0	WinnieSzeto	
6	0:00:09	1/1/2019 	2228	914.00	122.00	34.29	24.86	100616.54	1848	0	WinnieSzeto	
7	0:00:09	1/1/2019 	2470	963.00	164.00	41.35	24.86	100616.54	1850	0	WinnieSzeto	
8	0:00:10	1/1/2019 	3621	128.00	8.00	7.38	24.86	100616.92	100358	0	WinnieSzeto	
9	0:00:10	1/1/2019 	3631	430.00	8.00	12.35	24.86	100616.92	1847	0	WinnieSzeto	
10	0:00:13	1/1/2019 	6562	355.00	8.00	11.71	24.86	100616.97	145750	0	WinnieSzeto	
11	0:00:14	1/1/2019 	7799	812.00	44.00	21.93	24.86	100617.19	49813	0	WinnieSzeto	
12	0:00:15	1/1/2019 	8426	907.00	111.00	32.14	24.86	100616.86	1851	0	WinnieSzeto	
13	0:00:16	1/1/2019 	9116	591.00	9.00	13.91	24.87	100617.18	49818	0	WinnieSzeto	
14	0:00:16	1/1/2019 	9954	625.00	9.00	14.32	24.87	100617.39	49818	0	WinnieSzeto	
15	0:00:17	1/1/2019 	10036	956.00	164.00	41.35	24.87	100617.39	5396	1	WinnieSzeto	
16	0:00:17	1/1/2019 	10386	90.00	8.00	6.35	24.87	100617.06	1851	0	WinnieSzeto	
17	0:00:17	1/1/2019 	10443	138.00	8.00	7.67	24.87	100617.06	1847	0	WinnieSzeto	
18	0:00:17	1/1/2019 	10496	370.00	8.00	11.86	24.87	100617.06	1847	0	WinnieSzeto	
19	0:00:17	1/1/2019 	10750	704.00	12.00	15.66	24.87	100617.28	49815	0	WinnieSzeto	
20	0:00:18	1/1/2019 	11604	904.00	106.00	31.16	24.87	100616.95	49817	0	WinnieSzeto	
21	0:00:18	1/1/2019 	11810	666.00	10.00	14.90	24.87	100617.17	4418	0	WinnieSzeto	
22	0:00:19	1/1/2019 	12663	737.00	16.00	17.01	24.87	100617.00	49818	0	WinnieSzeto	
23	0:00:20	1/1/2019 	13619	587.00	9.00	13.86	24.88	100617.23	49816	0	WinnieSzeto	
24	0:00:20	1/1/2019 	13898	918.00	124.00	34.68	24.88	100617.23	1851	1	WinnieSzeto	
25	0:00:21	1/1/2019 	14090	194.00	8.00	9.16	24.88	100617.08	1849	0	WinnieSzeto	
26	0:00:21	1/1/2019 	14221	308.00	8.00	11.17	24.88	100617.08	1849	0	WinnieSzeto	
27	0:00:21	1/1/2019 	14478	723.00	13.00	16.01	24.88	100617.08	4414	0	WinnieSzeto	
28	0:00:22	1/1/2019 	15081	116.00	8.00	7.03	24.88	100617.17	49818	1	WinnieSzeto	
29	0:00:22	1/1/2019 	15157	725.00	14.00	16.36	24.88	100617.17	1849	0	WinnieSzeto	
30	0:00:22	1/1/2019 	15287	620.00	9.00	14.26	24.88	100617.17	1849	0	WinnieSzeto	
31	0:00:22	1/1/2019 	15486	228.00	8.00	9.89	24.88	100617.17	1848	1	WinnieSzeto	
32	0:00:22	1/1/2019 	15840	938.00	143.00	38.14	24.89	100617.23	49816	0	WinnieSzeto	
33	0:00:23	1/1/2019 	16761	546.00	9.00	13.36	24.89	100617.62	52390	0	WinnieSzeto	
34	0:00:24	1/1/2019 	17300	423.00	11.00	12.49	24.89	100617.68	1855	0	WinnieSzeto	
35	0:00:24	1/1/2019 	17474	573.00	9.00	13.68	24.89	100617.68	1850	0	WinnieSzeto	
36	0:00:24	1/1/2019 	17639	791.00	34.00	20.77	24.89	100617.68	49817	0	WinnieSzeto	
37	0:00:24	1/1/2019 	17670	919.00	116.00	33.14	24.89	100617.68	1849	0	WinnieSzeto	
38	0:00:25	1/1/2019 	18481	96.00	8.00	6.49	24.90	100618.08	1848	0	WinnieSzeto	
39	0:00:26	1/1/2019 	19010	174.00	8.00	8.67	24.90	100617.94	52384	0	WinnieSzeto	
40	0:00:26	1/1/2019 	19059	74.00	8.00	6.03	24.90	100617.94	1848	0	WinnieSzeto	
41	0:00:27	1/1/2019 	20102	706.00	12.00	15.66	24.91	100618.20	49816	0	WinnieSzeto	
42	0:00:28	1/1/2019 	21201	702.00	12.00	15.66	24.91	100617.95	50548	0	WinnieSzeto	
43	0:00:28	1/1/2019 	21807	120.00	8.00	7.15	24.91	100618.00	49819	0	WinnieSzeto	
44	0:00:28	1/1/2019 	21973	554.00	8.00	13.32	24.91	100618.00	1846	0	WinnieSzeto	
45	0:00:29	1/1/2019 	22035	806.00	61.00	23.65	24.91	100618.00	1847	0	WinnieSzeto	
46	0:00:29	1/1/2019 	22284	922.00	125.00	34.88	24.92	100618.05	4458	0	WinnieSzeto	
47	0:00:29	1/1/2019 	22778	298.00	8.00	11.03	24.92	100618.05	49820	0	WinnieSzeto	
48	0:00:30	1/1/2019 	23022	106.00	8.00	6.75	24.92	100618.10	1847	0	WinnieSzeto	
49	0:00:30	1/1/2019 	23604	927.00	132.00	36.20	24.92	100617.95	49819	0	WinnieSzeto	
50	0:00:30	1/1/2019 	23771	925.00	133.00	36.38	24.92	100617.95	1850	0	WinnieSzeto	
51	0:00:31	1/1/2019 	24837	811.00	40.00	21.51	24.93	100618.06	49822	0	WinnieSzeto	
52	0:00:31	1/1/2019 	24963	113.00	8.00	6.95	24.93	100618.06	4437	0	WinnieSzeto	
53	0:00:32	1/1/2019 	25059	969.00	312.00	59.07	24.93	100617.62	1846	1	WinnieSzeto	
54	0:00:33	1/1/2019 	26064	791.00	36.00	21.02	24.93	100617.50	49823	0	WinnieSzeto	
55	0:00:33	1/1/2019 	26240	102.00	8.00	6.65	24.93	100617.52	1850	0	WinnieSzeto	
56	0:00:34	1/1/2019 	27037	344.00	8.00	11.60	24.94	100617.71	49820	0	WinnieSzeto	
57	0:00:34	1/1/2019 	27421	130.00	8.00	7.44	24.94	100617.76	1848	0	WinnieSzeto	
58	0:00:35	1/1/2019 	28563	619.00	9.00	14.25	24.94	100618.16	100378	0	WinnieSzeto	
59	0:00:37	1/1/2019 	30123	319.00	8.00	11.31	24.95	100618.53	49823	0	WinnieSzeto	
60	0:00:37	1/1/2019 	30360	381.00	8.00	11.96	24.95	100618.53	2576	0	WinnieSzeto	
61	0:00:37	1/1/2019 	30673	964.00	177.00	43.00	24.96	100618.55	49822	1	WinnieSzeto	
62	0:00:39	1/1/2019 	32623	787.00	31.00	20.35	24.96	100618.82	97794	1	WinnieSzeto	
63	0:00:40	1/1/2019 	33647	275.00	7.00	10.67	24.97	100619.19	49822	0	WinnieSzeto	
64	0:00:41	1/1/2019 	34150	771.00	23.00	18.90	24.97	100619.24	4456	0	WinnieSzeto	
65	0:00:41	1/1/2019 	34154	781.00	24.00	19.12	24.97	100619.24	1851	1	WinnieSzeto	
66	0:00:41	1/1/2019 	34670	72.00	8.00	6.00	24.97	100619.78	49820	0	WinnieSzeto	
67	0:00:42	1/1/2019 	35272	937.00	145.00	38.48	24.97	100619.84	1848	0	WinnieSzeto	
68	0:00:42	1/1/2019 	35560	277.00	8.00	10.73	24.98	100620.22	49822	0	WinnieSzeto	
69	0:00:42	1/1/2019 	35944	402.00	9.00	12.20	24.98	100620.22	1847	0	WinnieSzeto	
70	0:00:43	1/1/2019 	36113	618.00	9.00	14.24	24.98	100620.41	4435	0	WinnieSzeto	
71	0:00:45	1/1/2019 	38462	728.00	15.00	16.69	24.99	100620.25	97794	0	WinnieSzeto	
72	0:00:45	1/1/2019 	38472	638.00	9.00	14.44	24.99	100620.25	1851	0	WinnieSzeto	
73	0:00:46	1/1/2019 	39076	811.00	51.00	22.62	24.99	100620.13	49820	1	WinnieSzeto	
74	0:00:46	1/1/2019 	39103	795.00	34.00	20.78	24.99	100620.13	1851	0	WinnieSzeto	
75	0:00:46	1/1/2019 	39341	182.00	8.00	8.87	24.99	100620.19	1850	0	WinnieSzeto	
76	0:00:48	1/1/2019 	41214	72.00	8.00	6.00	25.00	100619.62	97802	0	WinnieSzeto	
77	0:00:48	1/1/2019 	41957	248.00	8.00	10.26	25.01	100619.89	53395	0	WinnieSzeto	
78	0:00:50	1/1/2019 	43033	716.00	13.00	16.01	25.01	100619.62	49823	0	WinnieSzeto	
79	0:00:50	1/1/2019 	43455	411.00	8.00	12.21	25.02	100619.73	1856	0	WinnieSzeto	
80	0:00:51	1/1/2019 	44181	142.00	8.00	7.79	25.02	100619.45	49819	0	WinnieSzeto	
81	0:00:51	1/1/2019 	44396	168.00	8.00	8.51	25.02	100619.69	1848	1	WinnieSzeto	
82	0:00:53	1/1/2019 	46265	560.00	8.00	13.38	25.04	100619.72	97790	0	WinnieSzeto	
83	0:00:53	1/1/2019 	46867	577.00	8.00	13.57	25.04	100619.44	52407	0	WinnieSzeto	
84	0:00:53	1/1/2019 	46924	915.00	118.00	33.52	25.04	100619.44	1847	1	WinnieSzeto	
85	0:00:54	1/1/2019 	47230	132.00	8.00	7.50	25.04	100619.70	1851	0	WinnieSzeto	
86	0:00:54	1/1/2019 	47476	972.00	247.00	49.93	25.04	100619.70	1849	0	WinnieSzeto	
87	0:00:54	1/1/2019 	47888	149.00	8.00	7.99	25.05	100619.40	49821	0	WinnieSzeto	
88	0:00:55	1/1/2019 	48822	258.00	8.00	10.43	25.06	100619.73	49820	1	WinnieSzeto	
89	0:00:55	1/1/2019 	48929	108.00	8.00	6.81	25.06	100619.73	4435	0	WinnieSzeto	
90	0:00:56	1/1/2019 	49724	273.00	8.00	10.67	25.06	100619.62	49821	0	WinnieSzeto	
91	0:00:56	1/1/2019 	49736	573.00	9.00	13.68	25.06	100619.62	2583	0	WinnieSzeto	
92	0:00:56	1/1/2019 	49957	877.00	85.00	27.21	25.06	100619.56	1853	1	WinnieSzeto	
93	0:00:57	1/1/2019 	50324	594.00	9.00	13.95	25.06	100619.56	1851	0	WinnieSzeto	
94	0:00:57	1/1/2019 	50577	962.00	176.00	42.88	25.07	100619.25	49825	0	WinnieSzeto	
95	0:00:57	1/1/2019 	50690	969.00	302.00	57.39	25.07	100619.25	4458	1	WinnieSzeto	
96	0:00:58	1/1/2019 	51238	987.00	968.00	337.71	25.07	100619.49	1851	1	WinnieSzeto	
97	0:00:59	1/1/2019 	52067	459.00	8.00	12.54	25.08	100619.12	49824	0	WinnieSzeto	
98	0:00:59	1/1/2019 	52188	403.00	8.00	12.14	25.08	100619.12	1848	0	WinnieSzeto	
99	0:00:59	1/1/2019 	52486	606.00	9.00	14.10	25.08	100619.12	1848	0	WinnieSzeto	
100	0:00:59	1/1/2019 	52582	101.00	8.00	6.62	25.08	100619.38	49824	0	WinnieSzeto	
101	0:01:00	1/1/2019 	53431	117.00	8.00	7.06	25.09	100619.11	4433	0	WinnieSzeto	
102	0:01:00	1/1/2019 	53728	182.00	7.00	8.86	25.09	100619.34	49821	0	WinnieSzeto	
103	0:01:01	1/1/2019 	54057	407.00	9.00	12.24	25.09	100619.34	1850	0	WinnieSzeto	
104	0:01:01	1/1/2019 	54457	406.00	12.00	12.41	25.10	100619.45	1851	0	WinnieSzeto	
105	0:01:02	1/1/2019 	55633	192.00	7.00	9.10	25.10	100619.21	97793	0	WinnieSzeto	
106	0:01:03	1/1/2019 	56486	942.00	150.00	39.29	25.11	100619.20	1849	1	WinnieSzeto	
107	0:01:04	1/1/2019 	57113	99.00	8.00	6.57	25.12	100619.44	52431	0	WinnieSzeto	
108	0:01:04	1/1/2019 	57136	91.00	8.00	6.37	25.12	100619.44	1847	0	WinnieSzeto	
109	0:01:05	1/1/2019 	58692	94.00	8.00	6.44	25.13	100619.98	97791	0	WinnieSzeto	
110	0:01:06	1/1/2019 	59083	571.00	8.00	13.50	25.13	100619.98	1848	0	WinnieSzeto	
111	0:01:06	1/1/2019 	59996	781.00	27.00	19.70	25.13	100620.06	49822	1	WinnieSzeto	
112	0:01:07	1/1/2019 	60107	605.00	9.00	14.09	25.13	100620.06	2578	1	WinnieSzeto	
113	0:01:07	1/1/2019 	60161	964.00	181.00	43.46	25.13	100620.06	1851	0	WinnieSzeto	
114	0:01:07	1/1/2019 	60646	125.00	8.00	7.29	25.14	100620.30	52426	0	WinnieSzeto	
115	0:01:08	1/1/2019 	61133	212.00	8.00	9.56	25.14	100620.34	1847	0	WinnieSzeto	
116	0:01:08	1/1/2019 	61165	940.00	147.00	38.81	25.14	100620.34	1848	1	WinnieSzeto	
117	0:01:08	1/1/2019 	61880	870.00	78.00	26.06	25.14	100620.75	49822	1	WinnieSzeto	
118	0:01:08	1/1/2019 	61971	174.00	8.00	8.67	25.15	100620.80	1850	0	WinnieSzeto	
119	0:01:09	1/1/2019 	62142	172.00	8.00	8.62	25.15	100620.80	1847	0	WinnieSzeto	
120	0:01:09	1/1/2019 	62497	342.00	8.00	11.57	25.15	100620.69	4433	0	WinnieSzeto	
121	0:01:09	1/1/2019 	62625	317.00	8.00	11.28	25.15	100620.69	49820	0	WinnieSzeto	
122	0:01:09	1/1/2019 	62714	178.00	8.00	8.77	25.15	100620.69	1848	0	WinnieSzeto	
123	0:01:09	1/1/2019 	62751	486.00	9.00	12.82	25.15	100620.69	1848	0	WinnieSzeto	
124	0:01:10	1/1/2019 	63430	559.00	9.00	13.51	25.15	100620.90	1849	0	WinnieSzeto	
125	0:01:10	1/1/2019 	63614	81.00	8.00	6.15	25.15	100620.95	49823	0	WinnieSzeto	
126	0:01:11	1/1/2019 	64000	852.00	72.00	25.14	25.15	100620.95	4434	1	WinnieSzeto	
127	0:01:11	1/1/2019 	64046	109.00	8.00	6.84	25.15	100620.95	1851	0	WinnieSzeto	
128	0:01:11	1/1/2019 	64683	145.00	7.00	7.87	25.16	100620.86	49820	1	WinnieSzeto	
129	0:01:11	1/1/2019 	64794	100.00	7.00	6.59	25.16	100620.86	1850	0	WinnieSzeto	
130	0:01:12	1/1/2019 	65303	104.00	8.00	6.70	25.16	100620.91	1849	0	WinnieSzeto	
131	0:01:12	1/1/2019 	65432	84.00	8.00	6.21	25.16	100620.91	1848	0	WinnieSzeto	
132	0:01:13	1/1/2019 	66127	86.00	8.00	6.26	25.16	100620.93	52403	0	WinnieSzeto	
133	0:01:13	1/1/2019 	66366	972.00	274.00	53.18	25.17	100620.95	1848	0	WinnieSzeto	
134	0:01:14	1/1/2019 	67133	74.00	8.00	6.03	25.17	100620.84	49823	0	WinnieSzeto	
135	0:01:14	1/1/2019 	67564	978.00	631.00	112.01	25.17	100621.05	49820	1	WinnieSzeto	
136	0:01:14	1/1/2019 	67655	732.00	15.00	16.69	25.17	100621.05	1850	0	WinnieSzeto	
137	0:01:14	1/1/2019 	67843	262.00	8.00	10.49	25.17	100621.05	1850	0	WinnieSzeto	
138	0:01:14	1/1/2019 	67897	681.00	10.00	14.94	25.17	100621.05	4434	0	WinnieSzeto	
139	0:01:16	1/1/2019 	69207	775.00	26.00	19.51	25.18	100621.17	49822	1	WinnieSzeto	
140	0:01:16	1/1/2019 	69656	131.00	8.00	7.47	25.18	100621.39	49823	0	WinnieSzeto	
141	0:01:16	1/1/2019 	69674	766.00	22.00	18.66	25.18	100621.39	2575	0	WinnieSzeto	
142	0:01:16	1/1/2019 	69860	537.00	8.00	13.15	25.18	100621.39	1851	0	WinnieSzeto	
143	0:01:17	1/1/2019 	70032	162.00	8.00	8.35	25.18	100621.39	1847	0	WinnieSzeto	
144	0:01:17	1/1/2019 	70834	514.00	8.00	12.94	25.19	100621.49	52428	0	WinnieSzeto	
145	0:01:20	1/1/2019 	73778	118.00	8.00	7.09	25.20	100621.34	145764	0	WinnieSzeto	
146	0:01:21	1/1/2019 	74455	151.00	10.00	8.06	25.20	100621.33	1848	0	WinnieSzeto	
147	0:01:22	1/1/2019 	75016	692.00	11.00	15.30	25.20	100621.55	49822	0	WinnieSzeto	
148	0:01:22	1/1/2019 	75667	164.00	8.00	8.40	25.21	100621.81	49826	0	WinnieSzeto	
149	0:01:22	1/1/2019 	75735	655.00	9.00	14.55	25.21	100621.81	1847	0	WinnieSzeto	
150	0:01:23	1/1/2019 	76561	925.00	136.00	36.92	25.21	100621.70	49822	0	WinnieSzeto	
151	0:01:24	1/1/2019 	77275	616.00	9.00	14.22	25.21	100621.88	4439	0	WinnieSzeto	
152	0:01:24	1/1/2019 	77468	259.00	8.00	10.44	25.21	100622.09	1855	0	WinnieSzeto	
153	0:01:25	1/1/2019 	78592	347.00	8.00	11.63	25.22	100621.82	97792	0	WinnieSzeto	
154	0:01:25	1/1/2019 	78774	663.00	10.00	14.89	25.22	100621.82	1849	0	WinnieSzeto	
155	0:01:26	1/1/2019 	79779	669.00	10.00	14.91	25.22	100622.22	49824	0	WinnieSzeto	
156	0:01:27	1/1/2019 	80369	135.00	8.00	7.59	25.22	100622.11	2579	0	WinnieSzeto	
157	0:01:27	1/1/2019 	80426	75.00	8.00	6.05	25.22	100622.11	4455	0	WinnieSzeto	
158	0:01:28	1/1/2019 	81243	594.00	9.00	13.95	25.23	100622.38	49825	0	WinnieSzeto	
159	0:01:28	1/1/2019 	81377	350.00	8.00	11.66	25.23	100622.38	1858	0	WinnieSzeto	
160	0:01:28	1/1/2019 	81883	680.00	10.00	14.94	25.23	100622.59	49827	0	WinnieSzeto	
161	0:01:28	1/1/2019 	81985	644.00	9.00	14.48	25.23	100622.59	1849	1	WinnieSzeto	
162	0:01:29	1/1/2019 	82924	904.00	112.00	32.33	25.24	100622.62	49827	1	WinnieSzeto	
163	0:01:30	1/1/2019 	83478	904.00	110.00	31.94	25.24	100622.84	4444	1	WinnieSzeto	
164	0:01:31	1/1/2019 	84977	550.00	8.00	13.28	25.24	100622.73	97798	0	WinnieSzeto	
165	0:01:32	1/1/2019 	85064	572.00	9.00	13.67	25.24	100622.75	1849	0	WinnieSzeto	
166	0:01:33	1/1/2019 	86283	103.00	8.00	6.67	25.25	100623.02	49825	0	WinnieSzeto	
167	0:01:34	1/1/2019 	87182	130.00	8.00	7.44	25.25	100622.91	49821	0	WinnieSzeto	
168	0:01:34	1/1/2019 	87349	80.00	8.00	6.14	25.25	100622.95	1849	0	WinnieSzeto	
169	0:01:34	1/1/2019 	87707	85.00	7.00	6.23	25.25	100622.95	52407	0	WinnieSzeto	
170	0:01:35	1/1/2019 	88636	291.00	8.00	10.93	25.26	100622.81	49823	0	WinnieSzeto	
171	0:01:36	1/1/2019 	89277	400.00	8.00	12.12	25.26	100622.86	1850	0	WinnieSzeto	
172	0:01:37	1/1/2019 	90138	417.00	8.00	12.25	25.26	100622.58	49823	1	WinnieSzeto	
173	0:01:37	1/1/2019 	90466	986.00	623.00	110.17	25.26	100622.58	2577	0	WinnieSzeto	
174	0:01:37	1/1/2019 	90713	541.00	9.00	13.31	25.26	100622.61	49824	0	WinnieSzeto	
175	0:01:37	1/1/2019 	90843	274.00	8.00	10.68	25.26	100622.61	4456	0	WinnieSzeto	
176	0:01:38	1/1/2019 	91049	161.00	8.00	8.32	25.26	100622.61	1847	0	WinnieSzeto	
177	0:01:38	1/1/2019 	91393	182.00	8.00	8.87	25.27	100622.79	1848	0	WinnieSzeto	
178	0:01:38	1/1/2019 	91774	222.00	8.00	9.77	25.27	100623.00	49821	0	WinnieSzeto	
179	0:01:39	1/1/2019 	92748	668.00	10.00	14.91	25.27	100622.89	49821	0	WinnieSzeto	
180	0:01:40	1/1/2019 	93446	529.00	8.00	13.07	25.27	100623.11	1851	0	WinnieSzeto	
181	0:01:41	1/1/2019 	94825	70.00	7.00	5.98	25.28	100623.16	100382	0	WinnieSzeto	
182	0:01:43	1/1/2019 	96163	811.00	49.00	22.42	25.28	100623.23	49826	1	WinnieSzeto	
183	0:01:43	1/1/2019 	96261	813.00	49.00	22.42	25.28	100623.23	1850	0	WinnieSzeto	
184	0:01:43	1/1/2019 	96774	428.00	8.00	12.33	25.28	100623.28	49825	0	WinnieSzeto	
185	0:01:43	1/1/2019 	96854	965.00	190.00	44.43	25.28	100623.28	1849	0	WinnieSzeto	
186	0:01:44	1/1/2019 	97063	96.00	8.00	6.49	25.28	100623.28	1850	0	WinnieSzeto	
187	0:01:44	1/1/2019 	97098	407.00	8.00	12.18	25.28	100623.28	4434	1	WinnieSzeto	
188	0:01:45	1/1/2019 	98671	453.00	8.00	12.50	25.29	100623.35	97795	0	WinnieSzeto	
189	0:01:45	1/1/2019 	98927	684.00	11.00	15.29	25.29	100623.19	1850	0	WinnieSzeto	
190	0:01:46	1/1/2019 	99456	284.00	8.00	10.83	25.29	100623.23	1849	0	WinnieSzeto	
191	0:01:46	1/1/2019 	99732	178.00	8.00	8.77	25.29	100623.23	49822	0	WinnieSzeto	
192	0:01:47	1/1/2019 	100229	739.00	16.00	17.02	25.29	100623.23	2574	0	WinnieSzeto	
193	0:01:47	1/1/2019 	100627	70.00	7.00	5.98	25.29	100623.62	52429	0	WinnieSzeto	
194	0:01:47	1/1/2019 	100892	90.00	8.00	6.35	25.29	100623.62	1849	0	WinnieSzeto	
195	0:01:48	1/1/2019 	101113	826.00	57.00	23.26	25.30	100623.66	1848	0	WinnieSzeto	
196	0:01:48	1/1/2019 	101390	952.00	156.00	40.21	25.30	100623.66	1851	1	WinnieSzeto	
197	0:01:49	1/1/2019 	102366	113.00	8.00	6.95	25.30	100623.69	49824	0	WinnieSzeto	
198	0:01:50	1/1/2019 	103012	161.00	7.00	8.32	25.30	100623.52	49823	0	WinnieSzeto	
199	0:01:50	1/1/2019 	103252	974.00	323.00	60.99	25.30	100623.71	4438	0	WinnieSzeto	
200	0:01:50	1/1/2019 	103427	128.00	7.00	7.38	25.30	100623.71	1849	0	WinnieSzeto	
201	0:01:52	1/1/2019 	105305	825.00	59.00	23.47	25.31	100624.30	97794	1	WinnieSzeto	
202	0:01:52	1/1/2019 	105414	110.00	7.00	6.86	25.31	100624.52	1851	0	WinnieSzeto	
203	0:01:52	1/1/2019 	105752	295.00	8.00	10.99	25.31	100624.52	49824	0	WinnieSzeto	
204	0:01:52	1/1/2019 	105804	726.00	15.00	16.69	25.31	100624.52	1847	1	WinnieSzeto	
205	0:01:53	1/1/2019 	106419	133.00	8.00	7.53	25.31	100624.36	1850	0	WinnieSzeto	
206	0:01:53	1/1/2019 	106671	972.00	419.00	77.06	25.31	100624.70	52409	1	WinnieSzeto	
207	0:01:53	1/1/2019 	106706	961.00	178.00	43.12	25.31	100624.70	1850	0	WinnieSzeto	
208	0:01:54	1/1/2019 	107929	153.00	8.00	8.10	25.31	100625.08	49824	0	WinnieSzeto	
209	0:01:55	1/1/2019 	108166	117.00	7.00	7.06	25.32	100625.30	1848	0	WinnieSzeto	
210	0:01:56	1/1/2019 	109162	377.00	8.00	11.92	25.32	100625.30	49825	0	WinnieSzeto	
211	0:01:56	1/1/2019 	109236	982.00	738.00	132.67	25.32	100625.52	1849	0	WinnieSzeto	
212	0:01:58	1/1/2019 	111443	91.00	8.00	6.37	25.33	100626.30	100405	0	WinnieSzeto	
213	0:02:00	1/1/2019 	113391	548.00	8.00	13.25	25.33	100626.37	98522	1	WinnieSzeto	
214	0:02:00	1/1/2019 	113400	810.00	53.00	22.81	25.33	100626.37	1850	0	WinnieSzeto	
215	0:02:00	1/1/2019 	113831	101.00	8.00	6.62	25.33	100626.55	49823	0	WinnieSzeto	
216	0:02:01	1/1/2019 	114991	745.00	18.00	17.61	25.34	100626.77	49821	0	WinnieSzeto	
217	0:02:02	1/1/2019 	115476	141.00	7.00	7.76	25.34	100626.77	1851	0	WinnieSzeto	
218	0:02:03	1/1/2019 	116042	677.00	10.00	14.94	25.34	100626.81	52433	0	WinnieSzeto	
219	0:02:03	1/1/2019 	116489	94.00	7.00	6.44	25.34	100627.03	1850	0	WinnieSzeto	
220	0:02:03	1/1/2019 	116996	198.00	8.00	9.25	25.34	100627.08	49822	0	WinnieSzeto	
221	0:02:04	1/1/2019 	117647	968.00	285.00	54.73	25.34	100627.08	49821	1	WinnieSzeto	
222	0:02:04	1/1/2019 	117711	304.00	8.00	11.11	25.34	100627.08	1851	0	WinnieSzeto	
223	0:02:04	1/1/2019 	117865	251.00	8.00	10.31	25.34	100627.08	1848	0	WinnieSzeto	
224	0:02:06	1/1/2019 	119381	108.00	8.00	6.81	25.35	100627.70	52409	0	WinnieSzeto	
225	0:02:06	1/1/2019 	119557	726.00	14.00	16.36	25.35	100627.70	49822	0	WinnieSzeto	
226	0:02:07	1/1/2019 	120436	89.00	7.00	6.32	25.35	100627.92	2577	0	WinnieSzeto	
227	0:02:07	1/1/2019 	120490	794.00	36.00	21.03	25.35	100627.92	1851	0	WinnieSzeto	
228	0:02:07	1/1/2019 	120603	384.00	8.00	11.99	25.35	100627.92	49825	0	WinnieSzeto	
229	0:02:08	1/1/2019 	121416	149.00	8.00	7.99	25.36	100628.16	1847	0	WinnieSzeto	
230	0:02:08	1/1/2019 	121440	968.00	233.00	48.51	25.36	100628.16	4455	0	WinnieSzeto	
231	0:02:08	1/1/2019 	121677	545.00	8.00	13.22	25.36	100628.16	49823	0	WinnieSzeto	
232	0:02:09	1/1/2019 	122480	430.00	8.00	12.35	25.36	100628.39	1848	0	WinnieSzeto	
233	0:02:09	1/1/2019 	122921	289.00	8.00	10.91	25.36	100628.39	49821	1	WinnieSzeto	
234	0:02:10	1/1/2019 	123010	118.00	8.00	7.09	25.37	100628.60	1849	0	WinnieSzeto	
235	0:02:12	1/1/2019 	125006	384.00	8.00	11.99	25.37	100628.67	97798	0	WinnieSzeto	
236	0:02:12	1/1/2019 	125020	413.00	8.00	12.22	25.37	100628.67	4435	0	WinnieSzeto	
237	0:02:12	1/1/2019 	125181	171.00	8.00	8.59	25.37	100628.67	1848	0	WinnieSzeto	
238	0:02:12	1/1/2019 	125305	793.00	35.00	20.90	25.37	100628.89	1848	1	WinnieSzeto	
239	0:02:12	1/1/2019 	125357	776.00	27.00	19.69	25.37	100628.89	1851	0	WinnieSzeto	
240	0:02:12	1/1/2019 	125398	322.00	8.00	11.34	25.37	100628.89	1849	0	WinnieSzeto	
241	0:02:13	1/1/2019 	126613	648.00	9.00	14.51	25.38	100629.12	97800	0	WinnieSzeto	
242	0:02:13	1/1/2019 	126787	96.00	8.00	6.49	25.38	100629.12	4465	0	WinnieSzeto	
243	0:02:16	1/1/2019 	129259	126.00	7.00	7.32	25.39	100629.70	97801	0	WinnieSzeto	
244	0:02:16	1/1/2019 	129319	256.00	8.00	10.39	25.39	100629.70	1850	0	WinnieSzeto	
245	0:02:16	1/1/2019 	129479	145.00	7.00	7.87	25.39	100629.70	1846	0	WinnieSzeto	
246	0:02:16	1/1/2019 	129871	170.00	8.00	8.56	25.40	100629.75	49824	0	WinnieSzeto	
247	0:02:17	1/1/2019 	129998	959.00	161.00	40.94	25.40	100629.75	2576	0	WinnieSzeto	
248	0:02:17	1/1/2019 	130422	968.00	199.00	45.33	25.40	100629.80	4441	0	WinnieSzeto	
249	0:02:18	1/1/2019 	131115	414.00	8.00	12.23	25.40	100629.66	49823	0	WinnieSzeto	
250	0:02:18	1/1/2019 	131763	185.00	8.00	8.95	25.40	100629.70	49820	0	WinnieSzeto	
251	0:02:19	1/1/2019 	132570	134.00	7.00	7.55	25.41	100629.70	49818	0	WinnieSzeto	
252	0:02:19	1/1/2019 	132573	192.00	7.00	9.10	25.41	100629.70	1852	0	WinnieSzeto	
253	0:02:19	1/1/2019 	132592	266.00	7.00	10.53	25.41	100629.70	1849	0	WinnieSzeto	
254	0:02:20	1/1/2019 	133038	319.00	8.00	11.31	25.41	100629.88	4418	0	WinnieSzeto	
255	0:02:20	1/1/2019 	133499	286.00	8.00	10.86	25.42	100629.77	1849	0	WinnieSzeto	
256	0:02:21	1/1/2019 	134033	948.00	156.00	40.21	25.42	100629.81	49840	0	WinnieSzeto	
257	0:02:21	1/1/2019 	134556	529.00	8.00	13.07	25.42	100629.87	49826	0	WinnieSzeto	
258	0:02:21	1/1/2019 	134559	694.00	11.00	15.30	25.42	100629.87	1849	1	WinnieSzeto	
259	0:02:21	1/1/2019 	134787	147.00	8.00	7.93	25.42	100629.87	1849	0	WinnieSzeto	
260	0:02:21	1/1/2019 	134815	154.00	7.00	8.12	25.42	100629.87	4434	0	WinnieSzeto	
261	0:02:21	1/1/2019 	134935	754.00	20.00	18.16	25.42	100629.87	1850	0	WinnieSzeto	
262	0:02:22	1/1/2019 	135241	180.00	8.00	8.82	25.42	100629.89	1851	0	WinnieSzeto	
263	0:02:22	1/1/2019 	135495	698.00	11.00	15.30	25.42	100629.89	1849	0	WinnieSzeto	
264	0:02:22	1/1/2019 	135594	88.00	7.00	6.30	25.42	100629.89	49823	0	WinnieSzeto	
265	0:02:23	1/1/2019 	136716	807.00	47.00	22.21	25.43	100630.30	49824	1	WinnieSzeto	
266	0:02:24	1/1/2019 	137070	806.00	45.00	22.02	25.43	100630.34	4438	1	WinnieSzeto	
267	0:02:24	1/1/2019 	137153	728.00	14.00	16.36	25.43	100630.34	1852	0	WinnieSzeto	
268	0:02:24	1/1/2019 	137474	801.00	41.00	21.60	25.43	100630.23	1851	1	WinnieSzeto	
269	0:02:24	1/1/2019 	137489	917.00	125.00	34.87	25.43	100630.23	1849	0	WinnieSzeto	
270	0:02:25	1/1/2019 	138305	926.00	142.00	37.97	25.43	100630.25	49825	1	WinnieSzeto	
271	0:02:25	1/1/2019 	138571	106.00	8.00	6.75	25.44	100630.14	49826	0	WinnieSzeto	
272	0:02:25	1/1/2019 	138847	533.00	8.00	13.11	25.44	100630.14	4435	0	WinnieSzeto	
273	0:02:26	1/1/2019 	139099	461.00	8.00	12.56	25.44	100630.19	1847	0	WinnieSzeto	
274	0:02:28	1/1/2019 	141094	954.00	170.00	42.15	25.44	100629.59	97801	1	WinnieSzeto	
275	0:02:28	1/1/2019 	141578	695.00	11.00	15.30	25.45	100629.81	50555	0	WinnieSzeto	
276	0:02:28	1/1/2019 	141740	596.00	8.00	13.79	25.45	100629.70	1851	0	WinnieSzeto	
277	0:02:28	1/1/2019 	141838	151.00	7.00	8.04	25.45	100629.70	1847	0	WinnieSzeto	
278	0:02:29	1/1/2019 	142682	625.00	9.00	14.32	25.45	100629.91	52498	0	WinnieSzeto	
279	0:02:30	1/1/2019 	143692	98.00	7.00	6.54	25.46	100629.62	49826	0	WinnieSzeto	
280	0:02:30	1/1/2019 	143758	883.00	84.00	27.06	25.46	100629.62	1857	0	WinnieSzeto	
281	0:02:31	1/1/2019 	144183	973.00	393.00	73.25	25.46	100629.67	1855	1	WinnieSzeto	
282	0:02:32	1/1/2019 	145071	718.00	14.00	16.35	25.46	100629.61	49826	1	WinnieSzeto	
283	0:02:32	1/1/2019 	145451	896.00	101.00	30.17	25.46	100629.61	1852	0	WinnieSzeto	
284	0:02:33	1/1/2019 	146595	171.00	7.00	8.58	25.47	100629.52	100385	0	WinnieSzeto	
285	0:02:33	1/1/2019 	146962	84.00	8.00	6.21	25.47	100629.57	1850	0	WinnieSzeto	
286	0:02:34	1/1/2019 	147249	105.00	8.00	6.73	25.48	100629.83	1847	0	WinnieSzeto	
287	0:02:34	1/1/2019 	147391	933.00	145.00	38.48	25.48	100629.83	1848	1	WinnieSzeto	
288	0:02:35	1/1/2019 	148270	758.00	22.00	18.65	25.48	100629.69	49825	0	WinnieSzeto	
289	0:02:36	1/1/2019 	149018	230.00	7.00	9.91	25.48	100629.46	49823	1	WinnieSzeto	
290	0:02:36	1/1/2019 	149105	75.00	7.00	6.05	25.48	100629.46	4503	0	WinnieSzeto	
291	0:02:36	1/1/2019 	149654	869.00	81.00	26.53	25.49	100629.34	49824	0	WinnieSzeto	
292	0:02:38	1/1/2019 	151608	883.00	85.00	27.23	25.49	100629.44	98529	1	WinnieSzeto	
293	0:02:38	1/1/2019 	151712	188.00	7.00	9.01	25.50	100629.48	1850	0	WinnieSzeto	
294	0:02:38	1/1/2019 	151719	74.00	8.00	6.03	25.50	100629.48	1849	0	WinnieSzeto	
295	0:02:38	1/1/2019 	151837	304.00	8.00	11.11	25.50	100629.48	1847	1	WinnieSzeto	
296	0:02:38	1/1/2019 	151854	429.00	4.00	12.01	25.50	100629.48	4464	0	WinnieSzeto	
297	0:02:39	1/1/2019 	152374	432.00	8.00	12.36	25.50	100629.52	1848	0	WinnieSzeto	
298	0:02:39	1/1/2019 	152482	724.00	15.00	16.68	25.50	100629.52	1849	1	WinnieSzeto	
299	0:02:40	1/1/2019 	153127	127.00	8.00	7.35	25.50	100629.56	49826	0	WinnieSzeto	
300	0:02:40	1/1/2019 	153306	587.00	8.00	13.69	25.50	100629.61	1848	0	WinnieSzeto	
301	0:02:40	1/1/2019 	153576	627.00	9.00	14.34	25.50	100629.61	49822	0	WinnieSzeto	
302	0:02:40	1/1/2019 	153616	198.00	8.00	9.25	25.50	100629.61	4436	0	WinnieSzeto	
303	0:02:41	1/1/2019 	154030	89.00	8.00	6.32	25.51	100629.50	1847	0	WinnieSzeto	
304	0:02:41	1/1/2019 	154828	618.00	9.00	14.24	25.51	100629.71	49823	0	WinnieSzeto	
305	0:02:42	1/1/2019 	155058	689.00	11.00	15.30	25.51	100629.90	1850	0	WinnieSzeto	
306	0:02:42	1/1/2019 	155910	930.00	142.00	37.97	25.51	100629.95	49825	1	WinnieSzeto	
307	0:02:43	1/1/2019 	156411	717.00	13.00	16.01	25.52	100630.00	1852	0	WinnieSzeto	
308	0:02:43	1/1/2019 	156992	956.00	166.00	41.62	25.52	100630.41	49824	1	WinnieSzeto	
309	0:02:44	1/1/2019 	157660	378.00	8.00	11.93	25.52	100630.45	52639	0	WinnieSzeto	
310	0:02:45	1/1/2019 	158585	150.00	8.00	8.02	25.53	100630.69	49822	0	WinnieSzeto	
311	0:02:45	1/1/2019 	158769	383.00	8.00	11.98	25.53	100630.69	1849	0	WinnieSzeto	
312	0:02:46	1/1/2019 	159307	968.00	350.00	65.88	25.53	100630.73	1847	1	WinnieSzeto	
313	0:02:46	1/1/2019 	159343	924.00	125.00	34.88	25.53	100630.77	1852	0	WinnieSzeto	
314	0:02:47	1/1/2019 	160064	898.00	103.00	30.56	25.54	100630.81	49825	1	WinnieSzeto	
315	0:02:47	1/1/2019 	160366	802.00	39.00	21.39	25.54	100630.81	5419	0	WinnieSzeto	
316	0:02:47	1/1/2019 	160409	840.00	65.00	24.20	25.54	100630.81	1851	1	WinnieSzeto	
317	0:02:47	1/1/2019 	160441	386.00	8.00	12.00	25.54	100631.23	1850	0	WinnieSzeto	
318	0:02:48	1/1/2019 	161124	175.00	8.00	8.69	25.54	100631.27	49822	0	WinnieSzeto	
319	0:02:48	1/1/2019 	161841	776.00	25.00	19.32	25.55	100631.31	49821	0	WinnieSzeto	
320	0:02:49	1/1/2019 	162037	453.00	8.00	12.50	25.55	100631.31	1850	0	WinnieSzeto	
321	0:02:49	1/1/2019 	162089	564.00	8.00	13.43	25.55	100631.69	4662	0	WinnieSzeto	
322	0:02:49	1/1/2019 	162476	469.00	8.00	12.61	25.55	100631.69	1848	0	WinnieSzeto	
323	0:02:49	1/1/2019 	162822	913.00	118.00	33.52	25.55	100631.73	49820	1	WinnieSzeto	
324	0:02:50	1/1/2019 	163454	583.00	8.00	13.64	25.55	100631.80	1851	0	WinnieSzeto	
325	0:02:50	1/1/2019 	163483	134.00	8.00	7.56	25.55	100631.80	1848	0	WinnieSzeto	
326	0:02:50	1/1/2019 	163732	234.00	8.00	10.00	25.56	100631.62	49821	0	WinnieSzeto	
327	0:02:51	1/1/2019 	164076	886.00	91.00	28.28	25.56	100631.62	4441	1	WinnieSzeto	
328	0:02:51	1/1/2019 	164134	918.00	126.00	35.07	25.56	100631.62	1852	0	WinnieSzeto	
329	0:02:51	1/1/2019 	164309	272.00	8.00	10.65	25.56	100631.67	1850	0	WinnieSzeto	
330	0:02:51	1/1/2019 	164622	930.00	140.00	37.63	25.56	100631.67	49819	1	WinnieSzeto	
331	0:02:52	1/1/2019 	165098	212.00	7.00	9.55	25.56	100631.88	1853	0	WinnieSzeto	
332	0:02:52	1/1/2019 	165557	969.00	233.00	48.51	25.56	100631.94	49829	0	WinnieSzeto	
333	0:02:54	1/1/2019 	167083	909.00	123.00	34.47	25.57	100632.22	52410	1	WinnieSzeto	
334	0:02:54	1/1/2019 	167384	672.00	10.00	14.92	25.57	100632.22	1852	0	WinnieSzeto	
335	0:02:54	1/1/2019 	167834	402.00	8.00	12.14	25.57	100632.27	49822	0	WinnieSzeto	
336	0:02:54	1/1/2019 	167841	91.00	7.00	6.37	25.57	100632.27	1847	0	WinnieSzeto	
337	0:02:55	1/1/2019 	168293	896.00	105.00	30.94	25.58	100632.32	1849	0	WinnieSzeto	
338	0:02:55	1/1/2019 	168318	94.00	7.00	6.44	25.58	100632.32	1850	0	WinnieSzeto	
339	0:02:55	1/1/2019 	168743	130.00	7.00	7.44	25.58	100632.50	52408	0	WinnieSzeto	
340	0:02:56	1/1/2019 	169589	718.00	14.00	16.35	25.58	100632.56	49822	1	WinnieSzeto	
341	0:02:58	1/1/2019 	171459	108.00	7.00	6.81	25.59	100633.03	50557	0	WinnieSzeto	
342	0:02:59	1/1/2019 	172207	473.00	8.00	12.64	25.59	100632.75	49824	0	WinnieSzeto	
343	0:02:59	1/1/2019 	172276	576.00	8.00	13.56	25.59	100632.75	1849	0	WinnieSzeto	
344	0:02:59	1/1/2019 	172303	762.00	23.00	18.88	25.59	100632.75	1847	0	WinnieSzeto	
345	0:02:59	1/1/2019 	172459	976.00	405.00	75.08	25.59	100632.75	4486	0	WinnieSzeto	
346	0:02:59	1/1/2019 	172951	440.00	8.00	12.41	25.60	100633.18	49822	0	WinnieSzeto	
347	0:02:59	1/1/2019 	172973	78.00	7.00	6.10	25.60	100633.18	1847	0	WinnieSzeto	
348	0:03:00	1/1/2019 	173224	424.00	8.00	12.30	25.60	100633.03	1850	0	WinnieSzeto	
349	0:03:00	1/1/2019 	173393	71.00	7.00	5.99	25.60	100633.03	1848	0	WinnieSzeto	
350	0:03:00	1/1/2019 	173620	924.00	131.00	36.01	25.60	100633.03	49823	1	WinnieSzeto	
351	0:03:00	1/1/2019 	173764	91.00	7.00	6.37	25.60	100633.25	4436	0	WinnieSzeto	
352	0:03:01	1/1/2019 	174151	101.00	8.00	6.62	25.60	100633.25	1848	0	WinnieSzeto	
353	0:03:01	1/1/2019 	174562	682.00	11.00	15.28	25.61	100633.30	49821	1	WinnieSzeto	
354	0:03:01	1/1/2019 	174953	89.00	7.00	6.32	25.61	100633.35	1850	0	WinnieSzeto	
355	0:03:02	1/1/2019 	175766	423.00	8.00	12.30	25.61	100633.75	49822	0	WinnieSzeto	
356	0:03:03	1/1/2019 	176941	445.00	8.00	12.45	25.62	100634.20	49821	0	WinnieSzeto	
357	0:03:04	1/1/2019 	177109	594.00	8.00	13.77	25.62	100634.20	4662	0	WinnieSzeto	
358	0:03:05	1/1/2019 	178910	497.00	8.00	12.81	25.63	100634.48	97794	0	WinnieSzeto	
359	0:03:06	1/1/2019 	179440	116.00	7.00	7.03	25.63	100634.54	1848	0	WinnieSzeto	
360	0:03:06	1/1/2019 	179803	77.00	8.00	6.08	25.63	100634.39	49821	0	WinnieSzeto	
361	0:03:07	1/1/2019 	180555	601.00	9.00	14.04	25.64	100634.45	50547	0	WinnieSzeto	
362	0:03:08	1/1/2019 	181242	233.00	7.00	9.97	25.64	100634.33	1850	0	WinnieSzeto	
363	0:03:08	1/1/2019 	181657	191.00	7.00	9.08	25.64	100634.38	52430	0	WinnieSzeto	
364	0:03:09	1/1/2019 	182161	394.00	8.00	12.07	25.64	100634.27	1854	0	WinnieSzeto	
365	0:03:09	1/1/2019 	182328	80.00	7.00	6.13	25.64	100634.27	1849	0	WinnieSzeto	
366	0:03:10	1/1/2019 	183724	517.00	7.00	12.85	25.65	100634.60	97794	0	WinnieSzeto	
367	0:03:10	1/1/2019 	183963	138.00	8.00	7.67	25.65	100634.60	1850	0	WinnieSzeto	
368	0:03:11	1/1/2019 	184344	603.00	8.00	13.87	25.66	100634.76	1848	1	WinnieSzeto	
369	0:03:11	1/1/2019 	184680	904.00	105.00	30.96	25.66	100634.97	52635	0	WinnieSzeto	
370	0:03:11	1/1/2019 	184700	249.00	7.00	10.25	25.66	100634.97	1850	0	WinnieSzeto	
371	0:03:13	1/1/2019 	186772	110.00	8.00	6.86	25.67	100635.48	97800	0	WinnieSzeto	
372	0:03:13	1/1/2019 	186957	250.00	7.00	10.27	25.67	100635.69	1850	0	WinnieSzeto	
373	0:03:14	1/1/2019 	187175	143.00	7.00	7.81	25.67	100635.69	1849	0	WinnieSzeto	
374	0:03:14	1/1/2019 	187237	358.00	8.00	11.74	25.67	100635.69	1850	0	WinnieSzeto	
375	0:03:14	1/1/2019 	187762	152.00	7.00	8.07	25.67	100635.25	52417	0	WinnieSzeto	
376	0:03:15	1/1/2019 	188480	611.00	9.00	14.16	25.68	100635.12	1852	0	WinnieSzeto	
377	0:03:17	1/1/2019 	190134	184.00	7.00	8.91	25.69	100635.44	97806	0	WinnieSzeto	
378	0:03:17	1/1/2019 	190177	633.00	9.00	14.40	25.69	100635.33	2578	0	WinnieSzeto	
379	0:03:17	1/1/2019 	190679	133.00	7.00	7.52	25.69	100635.33	49824	0	WinnieSzeto	
380	0:03:18	1/1/2019 	191648	223.00	8.00	9.79	25.69	100635.23	49824	0	WinnieSzeto	
381	0:03:19	1/1/2019 	192341	441.00	8.00	12.42	25.70	100634.86	4608	0	WinnieSzeto	
382	0:03:20	1/1/2019 	193079	456.00	8.00	12.52	25.70	100634.58	49824	0	WinnieSzeto	
383	0:03:20	1/1/2019 	193264	897.00	96.00	29.23	25.70	100634.58	1848	0	WinnieSzeto	
384	0:03:20	1/1/2019 	193960	122.00	10.00	7.21	25.71	100634.80	49822	0	WinnieSzeto	
385	0:03:20	1/1/2019 	193979	981.00	656.00	117.72	25.71	100634.80	1850	1	WinnieSzeto	
386	0:03:21	1/1/2019 	194437	131.00	7.00	7.47	25.71	100634.52	1851	0	WinnieSzeto	
387	0:03:22	1/1/2019 	195419	678.00	11.00	15.27	25.72	100634.63	52419	0	WinnieSzeto	
388	0:03:23	1/1/2019 	196618	93.00	6.00	6.41	25.72	100634.05	97801	0	WinnieSzeto	
389	0:03:24	1/1/2019 	197170	144.00	7.00	7.84	25.73	100634.12	1849	0	WinnieSzeto	
390	0:03:24	1/1/2019 	197482	671.00	10.00	14.92	25.73	100633.51	1850	0	WinnieSzeto	
391	0:03:25	1/1/2019 	198016	834.00	66.00	24.31	25.73	100633.39	49825	1	WinnieSzeto	
392	0:03:25	1/1/2019 	198139	229.00	7.00	9.89	25.73	100633.39	1851	0	WinnieSzeto	
393	0:03:25	1/1/2019 	198199	666.00	10.00	14.90	25.73	100633.39	4435	0	WinnieSzeto	
394	0:03:25	1/1/2019 	198365	655.00	9.00	14.55	25.73	100633.39	1849	0	WinnieSzeto	
395	0:03:25	1/1/2019 	198952	106.00	7.00	6.75	25.74	100633.02	49824	0	WinnieSzeto	
396	0:03:26	1/1/2019 	199299	922.00	130.00	35.82	25.74	100633.02	1850	0	WinnieSzeto	
397	0:03:26	1/1/2019 	199665	137.00	8.00	7.64	25.74	100632.91	49826	0	WinnieSzeto	
398	0:03:26	1/1/2019 	199715	570.00	8.00	13.49	25.74	100632.91	2636	0	WinnieSzeto	
399	0:03:27	1/1/2019 	200421	119.00	7.00	7.12	25.74	100632.46	4454	0	WinnieSzeto	
400	0:03:27	1/1/2019 	200734	700.00	11.00	15.30	25.75	100632.53	49825	0	WinnieSzeto	
401	0:03:28	1/1/2019 	201703	209.00	7.00	9.48	25.75	100631.78	49824	0	WinnieSzeto	
402	0:03:28	1/1/2019 	201786	228.00	7.00	9.87	25.75	100631.78	1850	0	WinnieSzeto	
403	0:03:29	1/1/2019 	202106	700.00	12.00	15.65	25.75	100631.78	1850	0	WinnieSzeto	
404	0:03:30	1/1/2019 	203790	968.00	317.00	59.93	25.76	100631.45	97798	0	WinnieSzeto	
405	0:03:31	1/1/2019 	204329	104.00	8.00	6.70	25.77	100631.18	1851	0	WinnieSzeto	
406	0:03:31	1/1/2019 	204597	92.00	7.00	6.39	25.77	100631.03	52657	0	WinnieSzeto	
407	0:03:31	1/1/2019 	204975	125.00	7.00	7.29	25.77	100631.03	1850	0	WinnieSzeto	
408	0:03:32	1/1/2019 	205052	661.00	9.00	14.57	25.77	100630.59	1849	0	WinnieSzeto	
409	0:03:32	1/1/2019 	205652	92.00	7.00	6.39	25.78	100630.85	49823	0	WinnieSzeto	
410	0:03:33	1/1/2019 	206278	373.00	8.00	11.89	25.78	100630.55	1849	0	WinnieSzeto	
411	0:03:34	1/1/2019 	207195	668.00	10.00	14.91	25.78	100629.98	49822	0	WinnieSzeto	
412	0:03:34	1/1/2019 	207745	143.00	7.00	7.81	25.79	100630.22	52417	0	WinnieSzeto	
413	0:03:35	1/1/2019 	208055	306.00	7.00	11.10	25.79	100630.22	1850	0	WinnieSzeto	
414	0:03:35	1/1/2019 	208496	223.00	8.00	9.79	25.79	100629.91	1850	0	WinnieSzeto	
415	0:03:36	1/1/2019 	209189	189.00	7.00	9.03	25.79	100629.64	49821	0	WinnieSzeto	
416	0:03:36	1/1/2019 	209628	699.00	12.00	15.65	25.79	100629.52	49824	1	WinnieSzeto	
417	0:03:39	1/1/2019 	212100	958.00	185.00	43.91	25.81	100629.41	98586	1	WinnieSzeto	
418	0:03:39	1/1/2019 	212435	434.00	8.00	12.37	25.81	100629.65	4686	0	WinnieSzeto	
419	0:03:39	1/1/2019 	212862	131.00	7.00	7.47	25.81	100629.67	49821	0	WinnieSzeto	
420	0:03:39	1/1/2019 	212905	218.00	7.00	9.67	25.81	100629.67	1849	0	WinnieSzeto	
421	0:03:40	1/1/2019 	213626	375.00	8.00	11.91	25.82	100629.72	49823	0	WinnieSzeto	
422	0:03:43	1/1/2019 	216331	296.00	7.00	10.97	25.83	100630.17	97796	0	WinnieSzeto	
423	0:03:44	1/1/2019 	217107	328.00	8.00	11.41	25.84	100630.11	49826	0	WinnieSzeto	
424	0:03:44	1/1/2019 	217459	122.00	8.00	7.21	25.84	100630.11	4442	0	WinnieSzeto	
425	0:03:44	1/1/2019 	217937	555.00	8.00	13.33	25.84	100630.16	49824	0	WinnieSzeto	
426	0:03:45	1/1/2019 	218010	957.00	183.00	43.69	25.84	100630.16	1849	1	WinnieSzeto	
427	0:03:45	1/1/2019 	218022	538.00	8.00	13.15	25.84	100630.16	1851	0	WinnieSzeto	
428	0:03:45	1/1/2019 	218079	236.00	8.00	10.04	25.84	100630.16	1847	0	WinnieSzeto	
429	0:03:45	1/1/2019 	218184	808.00	45.00	22.02	25.84	100630.16	1847	0	WinnieSzeto	
430	0:03:45	1/1/2019 	218219	198.00	7.00	9.24	25.84	100630.18	4436	0	WinnieSzeto	
431	0:03:45	1/1/2019 	218590	924.00	137.00	37.09	25.84	100630.18	49824	1	WinnieSzeto	
432	0:03:46	1/1/2019 	219843	85.00	7.00	6.23	25.85	100630.47	49825	0	WinnieSzeto	
433	0:03:47	1/1/2019 	220444	894.00	95.00	29.03	25.86	100630.86	2640	0	WinnieSzeto	
434	0:03:48	1/1/2019 	221069	882.00	93.00	28.63	25.86	100631.30	49826	1	WinnieSzeto	
435	0:03:48	1/1/2019 	221091	157.00	8.00	8.21	25.86	100631.30	1851	0	WinnieSzeto	
436	0:03:48	1/1/2019 	221844	981.00	639.00	113.92	25.86	100631.34	52451	1	WinnieSzeto	
437	0:03:48	1/1/2019 	221859	971.00	320.00	60.46	25.86	100631.34	1852	1	WinnieSzeto	
438	0:03:49	1/1/2019 	222225	77.00	6.00	6.08	25.87	100631.36	1850	0	WinnieSzeto	
439	0:03:49	1/1/2019 	222262	606.00	8.00	13.90	25.87	100631.36	1849	0	WinnieSzeto	
440	0:03:49	1/1/2019 	222311	589.00	9.00	13.88	25.87	100631.36	1848	0	WinnieSzeto	
441	0:03:49	1/1/2019 	222666	212.00	8.00	9.56	25.87	100631.25	49823	0	WinnieSzeto	
442	0:03:49	1/1/2019 	222952	222.00	8.00	9.77	25.87	100631.25	4433	0	WinnieSzeto	
443	0:03:50	1/1/2019 	223012	921.00	130.00	35.82	25.87	100631.25	1847	0	WinnieSzeto	
444	0:03:50	1/1/2019 	223052	394.00	8.00	12.07	25.87	100631.25	1851	0	WinnieSzeto	
445	0:03:51	1/1/2019 	224567	150.00	7.00	8.01	25.88	100631.72	97797	0	WinnieSzeto	
446	0:03:51	1/1/2019 	224736	537.00	8.00	13.15	25.88	100631.72	1851	0	WinnieSzeto	
447	0:03:52	1/1/2019 	225254	638.00	9.00	14.44	25.88	100631.61	1847	0	WinnieSzeto	
448	0:03:52	1/1/2019 	225313	976.00	447.00	80.61	25.88	100631.61	4435	1	WinnieSzeto	
449	0:03:53	1/1/2019 	226274	311.00	7.00	11.17	25.89	100631.38	49828	0	WinnieSzeto	
450	0:03:54	1/1/2019 	227373	772.00	26.00	19.50	25.89	100631.99	49833	0	WinnieSzeto	
451	0:03:55	1/1/2019 	228783	799.00	44.00	21.90	25.90	100640.73	97802	0	WinnieSzeto	
452	0:03:56	1/1/2019 	229171	912.00	121.00	34.10	25.90	100640.73	1850	0	WinnieSzeto	
453	0:03:56	1/1/2019 	229772	88.00	7.00	6.30	25.91	100659.16	49828	0	WinnieSzeto	
454	0:03:56	1/1/2019 	229820	569.00	8.00	13.48	25.91	100659.16	5256	0	WinnieSzeto	
455	0:03:57	1/1/2019 	230347	94.00	7.00	6.44	25.91	100667.91	1847	0	WinnieSzeto	
456	0:03:57	1/1/2019 	230806	90.00	7.00	6.34	25.91	100667.91	49827	0	WinnieSzeto	
457	0:03:59	1/1/2019 	232020	211.00	8.00	9.54	25.92	100689.83	49826	0	WinnieSzeto	
458	0:03:59	1/1/2019 	232159	167.00	7.00	8.48	25.92	100689.83	1848	0	WinnieSzeto	
459	0:03:59	1/1/2019 	232193	76.00	8.00	6.07	25.92	100689.83	1849	0	WinnieSzeto	
460	0:03:59	1/1/2019 	232327	234.00	7.00	9.98	25.92	100689.83	4433	0	WinnieSzeto	
461	0:04:00	1/1/2019 	233659	528.00	7.00	12.94	25.93	100709.28	97802	0	WinnieSzeto	
462	0:04:01	1/1/2019 	234150	798.00	48.00	22.29	25.93	100715.23	1851	1	WinnieSzeto	
463	0:04:01	1/1/2019 	234193	862.00	78.00	26.04	25.93	100715.23	1851	0	WinnieSzeto	
464	0:04:02	1/1/2019 	235155	643.00	9.00	14.48	25.94	100721.11	49826	0	WinnieSzeto	
465	0:04:02	1/1/2019 	235376	759.00	22.00	18.65	25.94	100726.43	1850	0	WinnieSzeto	
466	0:04:02	1/1/2019 	235640	114.00	7.00	6.97	25.94	100726.43	52562	0	WinnieSzeto	
467	0:04:02	1/1/2019 	235780	469.00	8.00	12.61	25.94	100726.43	1850	0	WinnieSzeto	
468	0:04:03	1/1/2019 	236885	930.00	144.00	38.31	25.95	100736.58	49824	0	WinnieSzeto	
469	0:04:04	1/1/2019 	237314	125.00	7.00	7.29	25.95	100743.39	1851	0	WinnieSzeto	
470	0:04:04	1/1/2019 	237619	606.00	8.00	13.90	25.95	100756.96	49827	0	WinnieSzeto	
471	0:04:04	1/1/2019 	237706	168.00	7.00	8.50	25.95	100756.96	1847	0	WinnieSzeto	
472	0:04:04	1/1/2019 	237797	239.00	7.00	10.08	25.95	100756.96	4442	0	WinnieSzeto	
473	0:04:05	1/1/2019 	238262	709.00	13.00	16.01	25.96	100773.14	1851	0	WinnieSzeto	
474	0:04:05	1/1/2019 	238560	966.00	238.00	49.00	25.96	100788.57	49828	0	WinnieSzeto	
475	0:04:05	1/1/2019 	238697	97.00	7.00	6.51	25.96	100788.57	1851	0	WinnieSzeto	
476	0:04:06	1/1/2019 	239001	105.00	7.00	6.72	25.96	100788.57	1849	0	WinnieSzeto	
477	0:04:06	1/1/2019 	239416	269.00	8.00	10.61	25.96	100810.22	1850	0	WinnieSzeto	
478	0:04:07	1/1/2019 	240121	692.00	12.00	15.64	25.97	100830.22	52432	0	WinnieSzeto	
479	0:04:07	1/1/2019 	240943	586.00	8.00	13.67	25.97	100872.69	50613	0	WinnieSzeto	
480	0:04:08	1/1/2019 	241224	923.00	142.00	37.96	25.97	100872.69	1847	1	WinnieSzeto	
481	0:04:08	1/1/2019 	241329	969.00	308.00	58.39	25.98	100895.98	1851	1	WinnieSzeto	
482	0:04:08	1/1/2019 	241349	826.00	55.00	23.05	25.98	100895.98	1851	1	WinnieSzeto	
483	0:04:09	1/1/2019 	242643	576.00	9.00	13.72	25.98	100939.62	97803	0	WinnieSzeto	
484	0:04:10	1/1/2019 	243120	772.00	26.00	19.50	25.99	100963.59	4464	0	WinnieSzeto	
485	0:04:10	1/1/2019 	243602	80.00	7.00	6.13	25.99	100987.72	49827	0	WinnieSzeto	
486	0:04:10	1/1/2019 	243749	292.00	7.00	10.92	25.99	100987.72	1849	0	WinnieSzeto	
487	0:04:11	1/1/2019 	244122	560.00	8.00	13.38	25.99	101010.16	1849	0	WinnieSzeto	
488	0:04:11	1/1/2019 	244564	97.00	7.00	6.51	25.99	101010.16	49823	0	WinnieSzeto	
489	0:04:13	1/1/2019 	246054	151.00	7.00	8.04	26.00	101071.34	49826	0	WinnieSzeto	
490	0:04:13	1/1/2019 	246106	577.00	8.00	13.57	26.00	101071.34	4435	0	WinnieSzeto	
491	0:04:13	1/1/2019 	246373	965.00	202.00	45.62	26.00	101088.71	1848	1	WinnieSzeto	
492	0:04:13	1/1/2019 	246949	609.00	8.00	13.93	26.01	101105.27	49827	0	WinnieSzeto	
493	0:04:14	1/1/2019 	247640	360.00	8.00	11.76	26.01	101121.98	49823	0	WinnieSzeto	
494	0:04:14	1/1/2019 	247809	928.00	144.00	38.31	26.01	101121.98	1850	0	WinnieSzeto	
495	0:04:14	1/1/2019 	247824	753.00	19.00	17.90	26.01	101121.98	1849	0	WinnieSzeto	
496	0:04:15	1/1/2019 	248087	181.00	11.00	8.87	26.02	101139.53	4436	0	WinnieSzeto	
497	0:04:15	1/1/2019 	248105	95.00	7.00	6.46	26.02	101139.53	1851	0	WinnieSzeto	
498	0:04:16	1/1/2019 	249043	497.00	8.00	12.81	26.02	101171.62	49825	0	WinnieSzeto	
499	0:04:17	1/1/2019 	250394	789.00	36.00	21.02	26.03	101199.95	49831	1	WinnieSzeto	
500	0:04:18	1/1/2019 	251180	484.00	8.00	12.71	26.03	101212.92	50619	0	WinnieSzeto	
501	0:04:19	1/1/2019 	252581	456.00	7.00	12.44	26.04	101249.19	97799	0	WinnieSzeto	
502	0:04:19	1/1/2019 	252651	309.00	8.00	11.18	26.04	101249.19	1850	0	WinnieSzeto	
503	0:04:20	1/1/2019 	253180	101.00	7.00	6.62	26.05	101261.25	4461	0	WinnieSzeto	
504	0:04:20	1/1/2019 	253227	956.00	160.00	40.80	26.05	101261.25	1850	1	WinnieSzeto	
505	0:04:20	1/1/2019 	253915	304.00	7.00	11.08	26.05	101275.20	49826	0	WinnieSzeto	
506	0:04:21	1/1/2019 	254202	812.00	49.00	22.42	26.05	101289.11	1851	1	WinnieSzeto	
507	0:04:21	1/1/2019 	254357	590.00	8.00	13.72	26.05	101289.11	1850	0	WinnieSzeto	
508	0:04:21	1/1/2019 	254686	190.00	7.00	9.06	26.06	101303.84	49822	0	WinnieSzeto	
509	0:04:22	1/1/2019 	255366	228.00	7.00	9.87	26.06	101317.88	4457	0	WinnieSzeto	
510	0:04:22	1/1/2019 	255825	982.00	693.00	125.24	26.06	101331.34	49827	1	WinnieSzeto	
511	0:04:23	1/1/2019 	256132	669.00	10.00	14.91	26.06	101331.34	1851	0	WinnieSzeto	
512	0:04:23	1/1/2019 	256197	73.00	7.00	6.02	26.07	101343.77	1850	0	WinnieSzeto	
513	0:04:23	1/1/2019 	256245	154.00	8.00	8.13	26.07	101343.77	1848	0	WinnieSzeto	
514	0:04:24	1/1/2019 	257800	606.00	7.00	13.68	26.08	101376.41	97796	0	WinnieSzeto	
515	0:04:25	1/1/2019 	258588	362.00	7.00	11.73	26.08	101386.05	52564	0	WinnieSzeto	
516	0:04:25	1/1/2019 	258934	298.00	8.00	11.03	26.08	101394.84	1851	0	WinnieSzeto	
517	0:04:26	1/1/2019 	259932	770.00	26.00	19.50	26.08	101403.15	49825	1	WinnieSzeto	
518	0:04:27	1/1/2019 	260655	180.00	7.00	8.81	26.09	101420.27	50617	0	WinnieSzeto	
519	0:04:28	1/1/2019 	261975	447.00	8.00	12.46	26.10	101435.23	49826	0	WinnieSzeto	
520	0:04:29	1/1/2019 	262903	142.00	7.00	7.78	26.11	101448.89	49825	0	WinnieSzeto	
521	0:04:30	1/1/2019 	263485	199.00	8.00	9.28	26.11	101454.89	4457	0	WinnieSzeto	
522	0:04:30	1/1/2019 	263720	75.00	7.00	6.05	26.11	101454.89	49823	0	WinnieSzeto	
523	0:04:30	1/1/2019 	263791	136.00	7.00	7.61	26.11	101454.89	1850	0	WinnieSzeto	
524	0:04:31	1/1/2019 	264417	177.00	7.00	8.74	26.12	101465.90	1849	0	WinnieSzeto	
525	0:04:31	1/1/2019 	264576	910.00	112.00	32.34	26.12	101465.90	49826	0	WinnieSzeto	
526	0:04:31	1/1/2019 	264952	579.00	8.00	13.59	26.12	101470.73	1851	0	WinnieSzeto	
527	0:04:32	1/1/2019 	265194	106.00	7.00	6.75	26.12	101470.73	4585	0	WinnieSzeto	
528	0:04:32	1/1/2019 	265593	135.00	7.00	7.58	26.12	101475.77	49827	0	WinnieSzeto	
529	0:04:33	1/1/2019 	266258	68.00	7.00	5.95	26.13	101480.27	1849	0	WinnieSzeto	
530	0:04:33	1/1/2019 	266572	677.00	10.00	14.94	26.13	101480.27	49827	0	WinnieSzeto	
531	0:04:33	1/1/2019 	266695	85.00	7.00	6.23	26.13	101484.28	1849	0	WinnieSzeto	
532	0:04:33	1/1/2019 	266932	167.00	8.00	8.48	26.13	101484.28	1849	0	WinnieSzeto	
533	0:04:34	1/1/2019 	267314	442.00	8.00	12.43	26.13	101488.45	4441	0	WinnieSzeto	
534	0:04:35	1/1/2019 	268299	344.00	7.00	11.55	26.14	101495.48	49825	0	WinnieSzeto	
535	0:04:35	1/1/2019 	268841	777.00	27.00	19.69	26.14	101498.86	49827	1	WinnieSzeto	
536	0:04:36	1/1/2019 	269205	90.00	7.00	6.34	26.14	101498.86	1849	0	WinnieSzeto	
537	0:04:36	1/1/2019 	269225	166.00	7.00	8.45	26.14	101498.86	1850	0	WinnieSzeto	
538	0:04:36	1/1/2019 	269588	201.00	7.00	9.31	26.15	101501.89	49824	0	WinnieSzeto	
539	0:04:38	1/1/2019 	271463	667.00	10.00	14.91	26.16	101510.31	53395	0	WinnieSzeto	
540	0:04:38	1/1/2019 	271742	85.00	8.00	6.24	26.16	101512.68	49826	0	WinnieSzeto	
541	0:04:39	1/1/2019 	272104	120.00	7.00	7.15	26.16	101515.27	1847	0	WinnieSzeto	
542	0:04:39	1/1/2019 	272938	894.00	96.00	29.22	26.17	101517.56	49827	1	WinnieSzeto	
543	0:04:40	1/1/2019 	273404	968.00	321.00	60.64	26.17	101519.59	1849	0	WinnieSzeto	
544	0:04:42	1/1/2019 	275180	266.00	7.00	10.53	26.18	101525.39	97805	0	WinnieSzeto	
545	0:04:43	1/1/2019 	276050	602.00	8.00	13.85	26.19	101529.18	52422	1	WinnieSzeto	
546	0:04:44	1/1/2019 	277658	464.00	8.00	12.58	26.20	101534.45	97801	0	WinnieSzeto	
547	0:04:44	1/1/2019 	277871	548.00	8.00	13.25	26.20	101534.45	1848	0	WinnieSzeto	
548	0:04:46	1/1/2019 	279476	722.00	16.00	16.98	26.21	101540.57	49825	0	WinnieSzeto	
549	0:04:46	1/1/2019 	279603	171.00	8.00	8.59	26.21	101540.57	49828	0	WinnieSzeto	
550	0:04:46	1/1/2019 	279705	880.00	88.00	27.73	26.21	101540.57	2636	1	WinnieSzeto	
551	0:04:47	1/1/2019 	280245	102.00	7.00	6.64	26.21	101542.28	4610	0	WinnieSzeto	
552	0:04:47	1/1/2019 	280405	922.00	130.00	35.82	26.21	101543.95	1849	0	WinnieSzeto	
553	0:04:47	1/1/2019 	280876	358.00	8.00	11.74	26.21	101543.95	49828	0	WinnieSzeto	
554	0:04:48	1/1/2019 	281040	632.00	9.00	14.39	26.22	101545.70	1847	0	WinnieSzeto	
555	0:04:48	1/1/2019 	281182	111.00	4.00	6.88	26.22	101545.70	1851	0	WinnieSzeto	
556	0:04:49	1/1/2019 	282103	158.00	7.00	8.23	26.22	101548.45	49823	0	WinnieSzeto	
557	0:04:49	1/1/2019 	282912	130.00	7.00	7.44	26.23	101550.15	52420	0	WinnieSzeto	
558	0:04:50	1/1/2019 	283369	84.00	7.00	6.21	26.23	101551.52	1851	0	WinnieSzeto	
559	0:04:50	1/1/2019 	283466	338.00	8.00	11.53	26.23	101551.52	1850	0	WinnieSzeto	
560	0:04:50	1/1/2019 	283795	758.00	23.00	18.87	26.23	101552.73	49824	0	WinnieSzeto	
561	0:04:51	1/1/2019 	284123	114.00	8.00	6.98	26.23	101552.73	1849	0	WinnieSzeto	
562	0:04:51	1/1/2019 	284317	134.00	7.00	7.55	26.23	101553.91	1849	0	WinnieSzeto	
563	0:04:51	1/1/2019 	284755	157.00	7.00	8.21	26.24	101555.17	52411	0	WinnieSzeto	
564	0:04:52	1/1/2019 	285035	922.00	136.00	36.91	26.24	101555.17	1850	1	WinnieSzeto	
565	0:04:52	1/1/2019 	285977	783.00	32.00	20.49	26.24	101557.09	49830	1	WinnieSzeto	
566	0:04:54	1/1/2019 	287026	208.00	8.00	9.48	26.25	101560.19	49825	0	WinnieSzeto	
567	0:04:54	1/1/2019 	287381	963.00	196.00	45.04	26.25	101560.19	1848	0	WinnieSzeto	
568	0:04:54	1/1/2019 	287554	605.00	10.00	14.28	26.26	101562.09	49824	0	WinnieSzeto	
569	0:04:54	1/1/2019 	287853	766.00	25.00	19.30	26.26	101562.09	4436	0	WinnieSzeto	
570	0:04:56	1/1/2019 	289055	168.00	7.00	8.50	26.26	101564.80	49826	0	WinnieSzeto	
571	0:04:56	1/1/2019 	289762	179.00	7.00	8.79	26.27	101567.73	49826	0	WinnieSzeto	
572	0:04:56	1/1/2019 	289845	69.00	7.00	5.96	26.27	101567.73	2641	0	WinnieSzeto	
573	0:04:57	1/1/2019 	290755	232.00	7.00	9.95	26.27	101568.95	49824	0	WinnieSzeto	
574	0:05:00	1/1/2019 	293237	696.00	12.00	15.65	26.29	101574.35	97801	0	WinnieSzeto	
575	0:05:00	1/1/2019 	293392	958.00	164.00	41.35	26.29	101574.35	4465	1	WinnieSzeto	
576	0:05:01	1/1/2019 	294674	674.00	10.00	14.93	26.30	101580.61	97803	0	WinnieSzeto	
577	0:05:01	1/1/2019 	294700	409.00	8.00	12.19	26.30	101580.61	1851	0	WinnieSzeto	
578	0:05:02	1/1/2019 	295351	121.00	7.00	7.18	26.30	101583.14	1847	0	WinnieSzeto	
579	0:05:02	1/1/2019 	295570	146.00	7.00	7.90	26.30	101583.14	49827	0	WinnieSzeto	
580	0:05:02	1/1/2019 	295840	974.00	429.00	78.38	26.30	101585.86	1851	1	WinnieSzeto	
581	0:05:03	1/1/2019 	296978	780.00	26.00	19.52	26.31	101590.59	52414	1	WinnieSzeto	
582	0:05:04	1/1/2019 	297048	971.00	273.00	53.05	26.31	101590.59	1852	0	WinnieSzeto	
583	0:05:04	1/1/2019 	297606	605.00	8.00	13.89	26.31	101592.62	49826	0	WinnieSzeto	
584	0:05:06	1/1/2019 	299123	86.00	7.00	6.26	26.32	101598.41	49824	0	WinnieSzeto	
585	0:05:06	1/1/2019 	299678	974.00	298.00	56.74	26.32	101600.09	49828	1	WinnieSzeto	
586	0:05:09	1/1/2019 	302723	88.00	7.00	6.30	26.34	101607.45	146572	0	WinnieSzeto	
587	0:05:09	1/1/2019 	302885	100.00	1.00	6.58	26.34	101608.88	4467	0	WinnieSzeto	
588	0:05:10	1/1/2019 	303857	633.00	9.00	14.40	26.35	101610.05	49818	1	WinnieSzeto	
589	0:05:11	1/1/2019 	304165	664.00	9.00	14.58	26.35	101611.09	1851	0	WinnieSzeto	
590	0:05:11	1/1/2019 	304355	806.00	56.00	23.11	26.35	101611.09	1851	0	WinnieSzeto	
591	0:05:11	1/1/2019 	304630	791.00	37.00	21.14	26.35	101612.14	49825	0	WinnieSzeto	
592	0:05:11	1/1/2019 	304802	791.00	40.00	21.47	26.35	101612.14	1851	0	WinnieSzeto	
593	0:05:12	1/1/2019 	305451	152.00	7.00	8.07	26.36	101613.53	1849	0	WinnieSzeto	
594	0:05:12	1/1/2019 	305576	73.00	7.00	6.02	26.36	101613.53	52413	0	WinnieSzeto	
595	0:05:12	1/1/2019 	306107	651.00	9.00	14.53	26.36	101614.22	1849	0	WinnieSzeto	
596	0:05:13	1/1/2019 	306261	116.00	7.00	7.03	26.36	101615.27	1849	0	WinnieSzeto	
597	0:05:14	1/1/2019 	307143	147.00	6.00	7.92	26.37	101616.52	49826	0	WinnieSzeto	
598	0:05:14	1/1/2019 	307614	119.00	7.00	7.12	26.37	101617.20	49826	0	WinnieSzeto	
599	0:05:14	1/1/2019 	307810	343.00	7.00	11.54	26.37	101617.20	1849	0	WinnieSzeto	
600	0:05:15	1/1/2019 	308747	974.00	557.00	95.78	26.38	101619.34	52640	1	WinnieSzeto	
601	0:05:16	1/1/2019 	310041	139.00	7.00	7.70	26.38	101621.98	49828	0	WinnieSzeto	
602	0:05:18	1/1/2019 	311721	139.00	7.00	7.70	26.39	101624.48	98590	0	WinnieSzeto	
603	0:05:19	1/1/2019 	312306	149.00	7.00	7.98	26.40	101625.03	1850	0	WinnieSzeto	
604	0:05:20	1/1/2019 	313262	970.00	432.00	78.77	26.40	101625.55	49827	0	WinnieSzeto	
605	0:05:20	1/1/2019 	313955	109.00	10.00	6.84	26.41	101627.02	49827	0	WinnieSzeto	
606	0:05:21	1/1/2019 	314482	734.00	18.00	17.59	26.41	101627.41	4456	0	WinnieSzeto	
607	0:05:22	1/1/2019 	315619	815.00	58.00	23.34	26.42	101628.86	97803	0	WinnieSzeto	
608	0:05:22	1/1/2019 	316078	877.00	89.00	27.90	26.42	101629.38	1854	0	WinnieSzeto	
609	0:05:22	1/1/2019 	316099	963.00	177.00	43.00	26.42	101629.38	1859	0	WinnieSzeto	
610	0:05:23	1/1/2019 	316172	593.00	8.00	13.75	26.42	101629.38	1858	0	WinnieSzeto	
611	0:05:23	1/1/2019 	316597	385.00	8.00	12.00	26.42	101629.38	49832	0	WinnieSzeto	
612	0:05:23	1/1/2019 	316950	970.00	341.00	64.24	26.42	101629.90	4666	0	WinnieSzeto	
613	0:05:23	1/1/2019 	317031	118.00	7.00	7.09	26.42	101629.90	1850	0	WinnieSzeto	
614	0:05:24	1/1/2019 	317201	615.00	9.00	14.21	26.42	101630.61	1849	0	WinnieSzeto	
615	0:05:24	1/1/2019 	317233	809.00	57.00	23.22	26.42	101630.61	1851	0	WinnieSzeto	
616	0:05:24	1/1/2019 	317238	919.00	137.00	37.09	26.42	101630.61	1850	0	WinnieSzeto	
617	0:05:24	1/1/2019 	317938	705.00	13.00	16.00	26.43	101631.55	49827	1	WinnieSzeto	
618	0:05:25	1/1/2019 	318208	85.00	7.00	6.23	26.43	101631.55	4442	0	WinnieSzeto	
619	0:05:25	1/1/2019 	318928	106.00	7.00	6.75	26.43	101632.61	49827	0	WinnieSzeto	
620	0:05:26	1/1/2019 	319624	308.00	7.00	11.13	26.44	101633.55	49827	0	WinnieSzeto	
621	0:05:28	1/1/2019 	321688	557.00	8.00	13.35	26.45	101636.34	98592	0	WinnieSzeto	
622	0:05:28	1/1/2019 	322113	93.00	7.00	6.42	26.45	101636.34	1849	0	WinnieSzeto	
623	0:05:29	1/1/2019 	322233	672.00	10.00	14.92	26.45	101636.56	1850	0	WinnieSzeto	
624	0:05:29	1/1/2019 	322280	70.00	7.00	5.98	26.45	101636.56	4684	0	WinnieSzeto	
625	0:05:30	1/1/2019 	323239	119.00	7.00	7.12	26.46	101637.68	49826	0	WinnieSzeto	
626	0:05:31	1/1/2019 	324333	399.00	8.00	12.11	26.47	101638.80	49828	1	WinnieSzeto	
627	0:05:33	1/1/2019 	326759	131.00	8.00	7.47	26.48	101642.48	145778	0	WinnieSzeto	
628	0:05:33	1/1/2019 	326809	826.00	64.00	24.05	26.48	101642.48	1849	1	WinnieSzeto	
629	0:05:33	1/1/2019 	327016	682.00	11.00	15.28	26.48	101642.48	1848	0	WinnieSzeto	
630	0:05:37	1/1/2019 	330676	465.00	8.00	12.58	26.50	101648.98	196358	0	WinnieSzeto	
631	0:05:38	1/1/2019 	331138	846.00	76.00	25.69	26.50	101649.66	2638	0	WinnieSzeto	
632	0:05:39	1/1/2019 	332678	198.00	7.00	9.24	26.51	101652.00	97809	0	WinnieSzeto	
633	0:05:39	1/1/2019 	332863	453.00	7.00	12.42	26.51	101652.00	1850	0	WinnieSzeto	
634	0:05:40	1/1/2019 	333669	584.00	8.00	13.65	26.52	101653.06	49829	1	WinnieSzeto	
635	0:05:40	1/1/2019 	333729	712.00	14.00	16.34	26.52	101653.06	1849	1	WinnieSzeto	
636	0:05:40	1/1/2019 	333741	95.00	7.00	6.46	26.52	101653.06	4684	0	WinnieSzeto	
637	0:05:41	1/1/2019 	334125	206.00	7.00	9.42	26.52	101653.06	1850	0	WinnieSzeto	
638	0:05:41	1/1/2019 	334891	280.00	10.00	10.83	26.52	101654.52	49829	0	WinnieSzeto	
639	0:05:41	1/1/2019 	335061	830.00	62.00	23.82	26.52	101654.52	1850	1	WinnieSzeto	
640	0:05:42	1/1/2019 	335698	169.00	8.00	8.54	26.53	101654.73	49830	0	WinnieSzeto	
641	0:05:43	1/1/2019 	336138	766.00	25.00	19.30	26.53	101655.28	1848	0	WinnieSzeto	
642	0:05:43	1/1/2019 	336683	714.00	14.00	16.34	26.53	101655.83	52423	1	WinnieSzeto	
643	0:05:43	1/1/2019 	336809	339.00	7.00	11.49	26.53	101655.83	1850	0	WinnieSzeto	
644	0:05:44	1/1/2019 	337602	322.00	8.00	11.34	26.54	101657.28	49827	0	WinnieSzeto	
645	0:05:44	1/1/2019 	337626	124.00	7.00	7.26	26.54	101657.28	1850	0	WinnieSzeto	
646	0:05:44	1/1/2019 	338097	945.00	153.00	39.76	26.54	101657.67	1850	0	WinnieSzeto	
647	0:05:45	1/1/2019 	338401	82.00	7.00	6.17	26.54	101657.67	1850	0	WinnieSzeto	
648	0:05:45	1/1/2019 	338448	274.00	7.00	10.66	26.54	101657.67	4435	0	WinnieSzeto	
649	0:05:45	1/1/2019 	338598	782.00	30.00	20.19	26.54	101657.67	49829	1	WinnieSzeto	
650	0:05:46	1/1/2019 	339184	106.00	7.00	6.75	26.55	101658.70	1852	0	WinnieSzeto	
651	0:05:46	1/1/2019 	339265	385.00	8.00	12.00	26.55	101658.70	1850	0	WinnieSzeto	
652	0:05:46	1/1/2019 	339570	571.00	8.00	13.50	26.55	101658.70	49828	0	WinnieSzeto	
653	0:05:46	1/1/2019 	340065	590.00	8.00	13.72	26.55	101659.25	2636	1	WinnieSzeto	
654	0:05:47	1/1/2019 	340931	209.00	7.00	9.48	26.56	101660.54	52433	0	WinnieSzeto	
655	0:05:48	1/1/2019 	341230	98.00	7.00	6.54	26.56	101660.54	1850	0	WinnieSzeto	
656	0:05:48	1/1/2019 	342047	254.00	7.00	10.34	26.56	101661.80	49827	0	WinnieSzeto	
657	0:05:49	1/1/2019 	342366	719.00	16.00	16.97	26.56	101661.80	1851	1	WinnieSzeto	
658	0:05:49	1/1/2019 	342826	932.00	144.00	38.31	26.57	101662.41	49827	1	WinnieSzeto	
659	0:05:49	1/1/2019 	342987	639.00	9.00	14.45	26.57	101662.41	1851	0	WinnieSzeto	
660	0:05:50	1/1/2019 	343263	71.00	7.00	5.99	26.57	101662.92	4434	0	WinnieSzeto	
661	0:05:50	1/1/2019 	343280	360.00	7.00	11.71	26.57	101662.92	1850	0	WinnieSzeto	
662	0:05:50	1/1/2019 	343977	794.00	33.00	20.65	26.57	101663.48	49827	0	WinnieSzeto	
663	0:05:52	1/1/2019 	345195	73.00	7.00	6.02	26.58	101664.38	49830	0	WinnieSzeto	
664	0:05:52	1/1/2019 	345745	805.00	53.00	22.80	26.58	101665.12	49835	0	WinnieSzeto	
665	0:05:52	1/1/2019 	345909	104.00	7.00	6.70	26.58	101665.66	1850	0	WinnieSzeto	
666	0:05:53	1/1/2019 	346213	145.00	7.00	7.87	26.58	101665.66	4435	1	WinnieSzeto	
667	0:05:53	1/1/2019 	346752	964.00	182.00	43.58	26.59	101666.22	49830	0	WinnieSzeto	
668	0:05:53	1/1/2019 	346756	354.00	1.00	11.27	26.59	101666.22	1851	0	WinnieSzeto	
669	0:05:53	1/1/2019 	347091	178.00	7.00	8.76	26.59	101666.59	1838	0	WinnieSzeto	
670	0:05:54	1/1/2019 	347550	946.00	154.00	39.91	26.59	101667.12	49828	1	WinnieSzeto	
671	0:05:54	1/1/2019 	347828	791.00	36.00	21.02	26.59	101667.12	1851	0	WinnieSzeto	
672	0:05:54	1/1/2019 	347994	968.00	279.00	53.87	26.60	101667.72	4685	1	WinnieSzeto	
673	0:05:54	1/1/2019 	348071	665.00	10.00	14.90	26.60	101667.72	1852	0	WinnieSzeto	
674	0:05:55	1/1/2019 	348781	438.00	8.00	12.40	26.60	101668.27	49828	0	WinnieSzeto	
675	0:05:57	1/1/2019 	350642	221.00	7.00	9.73	26.61	101670.41	97804	0	WinnieSzeto	
676	0:05:57	1/1/2019 	351009	567.00	8.00	13.46	26.61	101670.95	2638	0	WinnieSzeto	
677	0:05:58	1/1/2019 	351558	177.00	8.00	8.75	26.61	101671.47	49825	0	WinnieSzeto	
678	0:05:58	1/1/2019 	351822	134.00	7.00	7.55	26.62	101671.85	4455	0	WinnieSzeto	
679	0:05:59	1/1/2019 	352266	751.00	21.00	18.40	26.62	101671.85	1851	0	WinnieSzeto	
680	0:05:59	1/1/2019 	352276	359.00	8.00	11.75	26.62	101671.85	1850	0	WinnieSzeto	
681	0:05:59	1/1/2019 	352422	628.00	9.00	14.35	26.62	101672.41	1847	0	WinnieSzeto	
682	0:05:59	1/1/2019 	352765	689.00	11.00	15.30	26.62	101672.41	49828	1	WinnieSzeto	
683	0:05:59	1/1/2019 	352828	262.00	7.00	10.47	26.62	101672.41	1850	0	WinnieSzeto	
684	0:06:00	1/1/2019 	353664	133.00	7.00	7.52	26.63	101673.69	52564	0	WinnieSzeto	
685	0:06:01	1/1/2019 	354312	590.00	8.00	13.72	26.63	101674.41	1851	0	WinnieSzeto	
686	0:06:01	1/1/2019 	354960	89.00	7.00	6.32	26.63	101674.79	49826	0	WinnieSzeto	
687	0:06:02	1/1/2019 	355591	89.00	7.00	6.32	26.63	101675.34	49827	0	WinnieSzeto	
688	0:06:03	1/1/2019 	356125	959.00	207.00	46.09	26.64	101675.86	1850	1	WinnieSzeto	
689	0:06:03	1/1/2019 	356197	189.00	7.00	9.03	26.64	101675.86	1851	0	WinnieSzeto	
690	0:06:03	1/1/2019 	356643	512.00	8.00	12.92	26.64	101676.38	49830	0	WinnieSzeto	
691	0:06:03	1/1/2019 	356959	562.00	8.00	13.40	26.64	101677.31	4445	0	WinnieSzeto	
692	0:06:05	1/1/2019 	358221	961.00	237.00	48.90	26.65	101678.38	49828	1	WinnieSzeto	
693	0:06:05	1/1/2019 	358373	83.00	7.00	6.19	26.65	101678.38	1859	0	WinnieSzeto	
694	0:06:05	1/1/2019 	358836	124.00	7.00	7.26	26.65	101679.30	49832	0	WinnieSzeto	
695	0:06:06	1/1/2019 	359361	144.00	7.00	7.84	26.66	101679.86	1849	0	WinnieSzeto	
696	0:06:06	1/1/2019 	359366	809.00	58.00	23.33	26.66	101679.86	1851	0	WinnieSzeto	
697	0:06:06	1/1/2019 	359902	870.00	84.00	27.02	26.66	101680.38	52416	0	WinnieSzeto	
698	0:06:09	1/1/2019 	362414	130.00	7.00	7.44	26.68	101683.66	98595	0	WinnieSzeto	
699	0:06:10	1/1/2019 	363686	976.00	624.00	110.38	26.68	101684.56	97801	1	WinnieSzeto	
700	0:06:11	1/1/2019 	364411	620.00	8.00	14.03	26.68	101684.95	1852	0	WinnieSzeto	
701	0:06:11	1/1/2019 	364601	818.00	57.00	23.24	26.69	101685.88	49824	0	WinnieSzeto	
702	0:06:12	1/1/2019 	365254	651.00	9.00	14.53	26.69	101686.23	1850	1	WinnieSzeto	
703	0:06:13	1/1/2019 	366448	922.00	138.00	37.27	26.70	101687.53	52455	0	WinnieSzeto	
704	0:06:13	1/1/2019 	366459	792.00	34.00	20.78	26.70	101687.53	1851	0	WinnieSzeto	
705	0:06:13	1/1/2019 	366680	118.00	7.00	7.09	26.70	101688.05	49826	0	WinnieSzeto	
706	0:06:13	1/1/2019 	366732	448.00	8.00	12.47	26.70	101688.05	1850	0	WinnieSzeto	
707	0:06:14	1/1/2019 	368119	77.00	8.00	6.08	26.70	101689.14	49823	0	WinnieSzeto	
708	0:06:15	1/1/2019 	368558	94.00	7.00	6.44	26.71	101690.08	49825	0	WinnieSzeto	
709	0:06:16	1/1/2019 	369389	166.00	8.00	8.46	26.71	101690.43	4436	0	WinnieSzeto	
710	0:06:16	1/1/2019 	369455	907.00	114.00	32.72	26.71	101691.14	1848	0	WinnieSzeto	
711	0:06:16	1/1/2019 	369949	88.00	7.00	6.30	26.72	101691.52	49828	0	WinnieSzeto	
712	0:06:17	1/1/2019 	370162	655.00	9.00	14.55	26.72	101691.52	2638	0	WinnieSzeto	
713	0:06:17	1/1/2019 	370826	147.00	7.00	7.93	26.72	101692.23	49826	0	WinnieSzeto	
714	0:06:17	1/1/2019 	370927	74.00	7.00	6.03	26.72	101692.23	1850	0	WinnieSzeto	
715	0:06:18	1/1/2019 	371295	781.00	30.00	20.19	26.72	101692.76	4455	0	WinnieSzeto	
716	0:06:18	1/1/2019 	372031	174.00	8.00	8.67	26.73	101693.86	49826	0	WinnieSzeto	
717	0:06:19	1/1/2019 	372447	186.00	7.00	8.96	26.73	101694.41	1847	0	WinnieSzeto	
718	0:06:19	1/1/2019 	372615	136.00	7.00	7.61	26.73	101694.41	49826	0	WinnieSzeto	
719	0:06:19	1/1/2019 	372701	956.00	162.00	41.08	26.73	101694.76	1850	1	WinnieSzeto	
720	0:06:21	1/1/2019 	374625	959.00	194.00	44.84	26.74	101696.77	97803	1	WinnieSzeto	
721	0:06:22	1/1/2019 	375156	798.00	42.00	21.70	26.74	101697.12	4437	0	WinnieSzeto	
722	0:06:22	1/1/2019 	375429	954.00	161.00	40.94	26.74	101697.12	1851	0	WinnieSzeto	
723	0:06:24	1/1/2019 	377308	381.00	8.00	11.96	26.76	101700.21	97804	0	WinnieSzeto	
724	0:06:24	1/1/2019 	377637	88.00	7.00	6.30	26.76	101700.56	49825	0	WinnieSzeto	
725	0:06:25	1/1/2019 	378848	659.00	9.00	14.56	26.77	101701.47	49824	0	WinnieSzeto	
726	0:06:25	1/1/2019 	378853	506.00	8.00	12.88	26.77	101701.47	1851	0	WinnieSzeto	
727	0:06:25	1/1/2019 	378980	458.00	8.00	12.54	26.77	101701.47	4434	0	WinnieSzeto	
728	0:06:25	1/1/2019 	378988	791.00	33.00	20.64	26.77	101701.47	1847	0	WinnieSzeto	
729	0:06:26	1/1/2019 	380112	739.00	20.00	18.12	26.77	101702.79	49827	1	WinnieSzeto	
730	0:06:28	1/1/2019 	382121	745.00	20.00	18.14	26.79	101704.84	98600	0	WinnieSzeto	
731	0:06:29	1/1/2019 	382374	277.00	7.00	10.70	26.79	101704.84	1851	0	WinnieSzeto	
732	0:06:29	1/1/2019 	382431	168.00	7.00	8.50	26.79	101704.84	1850	0	WinnieSzeto	
733	0:06:29	1/1/2019 	382942	969.00	227.00	47.93	26.79	101705.55	52463	0	WinnieSzeto	
734	0:06:31	1/1/2019 	384293	453.00	7.00	12.42	26.80	101706.70	49827	0	WinnieSzeto	
735	0:06:31	1/1/2019 	384605	87.00	7.00	6.28	26.80	101706.70	49827	0	WinnieSzeto	
736	0:06:31	1/1/2019 	384908	829.00	65.00	24.17	26.80	101707.22	1849	0	WinnieSzeto	
737	0:06:31	1/1/2019 	385081	444.00	8.00	12.44	26.80	101707.22	1849	0	WinnieSzeto	
738	0:06:32	1/1/2019 	385150	956.00	177.00	43.00	26.80	101707.22	1849	1	WinnieSzeto	
739	0:06:32	1/1/2019 	385664	897.00	101.00	30.17	26.80	101707.61	52414	0	WinnieSzeto	
740	0:06:32	1/1/2019 	385777	253.00	7.00	10.32	26.80	101707.61	1850	0	WinnieSzeto	
741	0:06:33	1/1/2019 	386431	978.00	530.00	91.08	26.81	101708.39	1849	0	WinnieSzeto	
742	0:06:33	1/1/2019 	386705	572.00	8.00	13.51	26.81	101708.39	49830	0	WinnieSzeto	
743	0:06:34	1/1/2019 	387984	929.00	146.00	38.64	26.82	101709.49	49825	0	WinnieSzeto	
744	0:06:35	1/1/2019 	388177	95.00	7.00	6.46	26.82	101709.88	1853	0	WinnieSzeto	
745	0:06:35	1/1/2019 	388257	375.00	7.00	11.85	26.82	101709.88	4595	0	WinnieSzeto	
746	0:06:35	1/1/2019 	388303	76.00	7.00	6.06	26.82	101709.88	1856	0	WinnieSzeto	
747	0:06:36	1/1/2019 	389441	103.00	7.00	6.67	26.83	101711.13	49833	0	WinnieSzeto	
748	0:06:36	1/1/2019 	389487	975.00	425.00	77.87	26.83	101711.13	1851	1	WinnieSzeto	
749	0:06:36	1/1/2019 	390037	723.00	14.00	16.36	26.83	101711.52	49830	0	WinnieSzeto	
750	0:06:36	1/1/2019 	390054	273.00	7.00	10.64	26.83	101711.52	2639	0	WinnieSzeto	
751	0:06:38	1/1/2019 	391400	630.00	8.00	14.12	26.84	101713.19	52432	0	WinnieSzeto	
752	0:06:38	1/1/2019 	392053	776.00	29.00	20.03	26.84	101713.73	49826	0	WinnieSzeto	
753	0:06:39	1/1/2019 	392288	114.00	7.00	6.97	26.84	101713.73	1849	0	WinnieSzeto	
754	0:06:40	1/1/2019 	393460	260.00	8.00	10.46	26.85	101714.64	49829	0	WinnieSzeto	
755	0:06:41	1/1/2019 	394244	600.00	8.00	13.83	26.85	101715.55	49826	1	WinnieSzeto	
756	0:06:41	1/1/2019 	394792	953.00	161.00	40.94	26.85	101715.93	49829	1	WinnieSzeto	
757	0:06:41	1/1/2019 	394972	830.00	52.00	22.75	26.85	101715.93	4664	0	WinnieSzeto	
758	0:06:42	1/1/2019 	396025	745.00	20.00	18.14	26.86	101716.83	49829	1	WinnieSzeto	
759	0:06:43	1/1/2019 	396174	910.00	119.00	33.71	26.86	101716.83	1852	1	WinnieSzeto	
760	0:06:43	1/1/2019 	396214	117.00	7.00	7.06	26.86	101716.83	1851	0	WinnieSzeto	
761	0:06:43	1/1/2019 	396453	800.00	48.00	22.30	26.86	101717.38	1849	0	WinnieSzeto	
762	0:06:43	1/1/2019 	396612	108.00	7.00	6.81	26.86	101717.38	49828	0	WinnieSzeto	
763	0:06:43	1/1/2019 	396648	892.00	98.00	29.59	26.86	101717.38	4444	0	WinnieSzeto	
764	0:06:43	1/1/2019 	396973	412.00	7.00	12.14	26.87	101718.15	1850	0	WinnieSzeto	
765	0:06:43	1/1/2019 	397081	131.00	7.00	7.47	26.87	101718.15	1850	0	WinnieSzeto	
766	0:06:44	1/1/2019 	397266	148.00	7.00	7.96	26.87	101718.15	1849	0	WinnieSzeto	
767	0:06:45	1/1/2019 	398746	336.00	8.00	11.51	26.87	101719.44	97806	0	WinnieSzeto	
768	0:06:45	1/1/2019 	399112	76.00	5.00	6.06	26.88	101719.82	1848	0	WinnieSzeto	
769	0:06:47	1/1/2019 	400462	368.00	7.00	11.78	26.88	101721.44	52415	0	WinnieSzeto	
770	0:06:47	1/1/2019 	400498	285.00	7.00	10.82	26.88	101721.44	2638	0	WinnieSzeto	
771	0:06:48	1/1/2019 	401383	547.00	8.00	13.24	26.89	101722.17	49839	0	WinnieSzeto	
772	0:06:48	1/1/2019 	401702	578.00	8.00	13.58	26.89	101722.17	49825	0	WinnieSzeto	
773	0:06:49	1/1/2019 	402150	956.00	176.00	42.88	26.89	101723.08	1849	1	WinnieSzeto	
774	0:06:49	1/1/2019 	402376	117.00	7.00	7.06	26.90	101723.46	1852	0	WinnieSzeto	
775	0:06:49	1/1/2019 	402482	195.00	7.00	9.17	26.90	101723.46	4355	0	WinnieSzeto	
776	0:06:49	1/1/2019 	402967	136.00	7.00	7.61	26.90	101724.17	49827	0	WinnieSzeto	
777	0:06:50	1/1/2019 	404008	599.00	8.00	13.82	26.90	101725.08	49827	0	WinnieSzeto	
778	0:06:50	1/1/2019 	404064	556.00	8.00	13.34	26.90	101725.08	1849	0	WinnieSzeto	
779	0:06:51	1/1/2019 	404413	361.00	8.00	11.77	26.90	101725.08	1847	0	WinnieSzeto	
780	0:06:51	1/1/2019 	404629	876.00	87.00	27.55	26.91	101725.62	49829	1	WinnieSzeto	
781	0:06:51	1/1/2019 	404639	80.00	7.00	6.13	26.91	101725.62	4497	0	WinnieSzeto	
782	0:06:52	1/1/2019 	405273	117.00	7.00	7.06	26.91	101726.02	1854	0	WinnieSzeto	
783	0:06:52	1/1/2019 	405460	606.00	8.00	13.90	26.91	101726.02	1850	0	WinnieSzeto	
784	0:06:53	1/1/2019 	406193	168.00	7.00	8.50	26.91	101727.08	49826	0	WinnieSzeto	
785	0:06:53	1/1/2019 	406401	904.00	112.00	32.33	26.92	101727.60	1850	0	WinnieSzeto	
786	0:06:53	1/1/2019 	406748	702.00	12.00	15.66	26.92	101728.15	49828	0	WinnieSzeto	
787	0:06:54	1/1/2019 	407653	70.00	7.00	5.98	26.92	101728.53	52413	0	WinnieSzeto	
788	0:06:55	1/1/2019 	408879	611.00	9.00	14.16	26.93	101729.60	49829	0	WinnieSzeto	
789	0:06:55	1/1/2019 	408975	162.00	7.00	8.34	26.93	101729.81	1850	0	WinnieSzeto	
790	0:06:55	1/1/2019 	408990	140.00	7.00	7.73	26.93	101729.81	1850	0	WinnieSzeto	
791	0:06:56	1/1/2019 	409242	150.00	7.00	8.01	26.93	101729.81	1849	0	WinnieSzeto	
792	0:06:56	1/1/2019 	409303	208.00	7.00	9.46	26.93	101729.81	1850	0	WinnieSzeto	
793	0:06:56	1/1/2019 	409632	521.00	8.00	13.00	26.93	101730.38	49828	0	WinnieSzeto	
794	0:06:58	1/1/2019 	412049	563.00	10.00	13.69	26.94	101732.92	110334	0	WinnieSzeto	
795	0:06:59	1/1/2019 	412300	258.00	7.00	10.40	26.95	101733.58	1851	0	WinnieSzeto	
796	0:07:01	1/1/2019 	414894	73.00	7.00	6.02	26.96	101735.44	145784	0	WinnieSzeto	
797	0:07:03	1/1/2019 	417050	228.00	7.00	9.87	26.97	101737.80	97805	0	WinnieSzeto	
798	0:07:04	1/1/2019 	417607	94.00	7.00	6.44	26.97	101738.51	49826	0	WinnieSzeto	
799	0:07:04	1/1/2019 	417708	112.00	7.00	6.92	26.97	101738.51	1850	0	WinnieSzeto	
800	0:07:05	1/1/2019 	419004	842.00	72.00	25.11	26.98	101739.94	52591	0	WinnieSzeto	
801	0:07:06	1/1/2019 	419401	178.00	7.00	8.76	26.98	101740.16	1851	0	WinnieSzeto	
802	0:07:06	1/1/2019 	419981	924.00	137.00	37.09	26.99	101740.92	49828	0	WinnieSzeto	
803	0:07:06	1/1/2019 	420032	194.00	7.00	9.15	26.99	101740.92	2638	0	WinnieSzeto	
804	0:07:08	1/1/2019 	421162	454.00	8.00	12.51	26.99	101741.83	49826	0	WinnieSzeto	
805	0:07:11	1/1/2019 	424222	102.00	7.00	6.64	27.00	101744.73	145775	0	WinnieSzeto	
806	0:07:11	1/1/2019 	424742	967.00	215.00	46.82	27.01	101745.66	52436	0	WinnieSzeto	
807	0:07:12	1/1/2019 	425427	799.00	48.00	22.29	27.01	101746.56	1850	0	WinnieSzeto	
808	0:07:12	1/1/2019 	426096	674.00	10.00	14.93	27.02	101746.95	49828	0	WinnieSzeto	
809	0:07:13	1/1/2019 	426146	245.00	7.00	10.18	27.02	101746.95	1849	0	WinnieSzeto	
810	0:07:15	1/1/2019 	428210	131.00	7.00	7.47	27.03	101748.95	97804	0	WinnieSzeto	
811	0:07:16	1/1/2019 	429153	859.00	83.00	26.82	27.03	101749.66	49828	1	WinnieSzeto	
812	0:07:16	1/1/2019 	429753	142.00	7.00	7.78	27.03	101750.53	52415	0	WinnieSzeto	
813	0:07:16	1/1/2019 	430087	234.00	7.00	9.98	27.04	101750.76	2637	0	WinnieSzeto	
814	0:07:17	1/1/2019 	430478	963.00	192.00	44.64	27.04	101751.30	1849	1	WinnieSzeto	
815	0:07:18	1/1/2019 	431126	718.00	15.00	16.67	27.04	101751.69	49829	0	WinnieSzeto	
816	0:07:18	1/1/2019 	431186	449.00	7.00	12.39	27.04	101751.69	1850	0	WinnieSzeto	
817	0:07:20	1/1/2019 	433301	80.00	6.00	6.13	27.05	101753.53	97802	0	WinnieSzeto	
818	0:07:20	1/1/2019 	433975	542.00	8.00	13.19	27.06	101754.43	52435	0	WinnieSzeto	
819	0:07:21	1/1/2019 	435008	963.00	240.00	49.20	27.06	101755.53	49823	1	WinnieSzeto	
820	0:07:22	1/1/2019 	435176	859.00	78.00	26.03	27.06	101755.53	1852	0	WinnieSzeto	
821	0:07:23	1/1/2019 	436332	965.00	314.00	59.41	27.07	101756.59	49828	1	WinnieSzeto	
822	0:07:23	1/1/2019 	436449	561.00	7.00	13.25	27.07	101756.95	1853	0	WinnieSzeto	
823	0:07:23	1/1/2019 	437023	122.00	7.00	7.20	27.07	101757.72	49824	0	WinnieSzeto	
824	0:07:24	1/1/2019 	437153	262.00	7.00	10.47	27.07	101757.72	4457	0	WinnieSzeto	
825	0:07:25	1/1/2019 	438353	784.00	32.00	20.49	27.08	101758.45	49826	1	WinnieSzeto	
826	0:07:26	1/1/2019 	439338	429.00	7.00	12.26	27.08	101759.22	49826	0	WinnieSzeto	
827	0:07:26	1/1/2019 	439759	172.00	7.00	8.61	27.09	101759.61	49826	0	WinnieSzeto	
828	0:07:27	1/1/2019 	440201	232.00	8.00	9.97	27.09	101759.61	2638	0	WinnieSzeto	
829	0:07:27	1/1/2019 	440871	208.00	8.00	9.48	27.09	101760.34	49826	0	WinnieSzeto	
830	0:07:28	1/1/2019 	441337	167.00	7.00	8.48	27.09	101760.34	4454	0	WinnieSzeto	
831	0:07:28	1/1/2019 	441652	318.00	8.00	11.29	27.09	101760.73	49826	0	WinnieSzeto	
832	0:07:29	1/1/2019 	442198	772.00	28.00	19.85	27.10	101761.11	1849	0	WinnieSzeto	
833	0:07:29	1/1/2019 	442636	517.00	7.00	12.85	27.10	101761.63	49827	0	WinnieSzeto	
834	0:07:30	1/1/2019 	443626	408.00	8.00	12.18	27.10	101762.53	49827	0	WinnieSzeto	
835	0:07:31	1/1/2019 	444216	531.00	7.00	12.97	27.11	101763.09	1849	0	WinnieSzeto	
836	0:07:31	1/1/2019 	444996	197.00	7.00	9.22	27.11	101763.47	52413	0	WinnieSzeto	
837	0:07:32	1/1/2019 	445225	80.00	7.00	6.13	27.11	101764.38	1852	0	WinnieSzeto	
838	0:07:32	1/1/2019 	445719	111.00	7.00	6.89	27.11	101764.38	49834	0	WinnieSzeto	
839	0:07:33	1/1/2019 	446895	714.00	14.00	16.34	27.12	101765.69	49831	1	WinnieSzeto	
840	0:07:33	1/1/2019 	447056	218.00	7.00	9.67	27.12	101765.69	1851	0	WinnieSzeto	
841	0:07:34	1/1/2019 	447346	740.00	20.00	18.12	27.12	101765.69	1850	0	WinnieSzeto	
842	0:07:34	1/1/2019 	447413	964.00	212.00	46.55	27.12	101766.05	4438	1	WinnieSzeto	
843	0:07:34	1/1/2019 	447773	868.00	80.00	26.37	27.12	101766.05	49826	1	WinnieSzeto	
844	0:07:35	1/1/2019 	448200	902.00	105.00	30.96	27.13	101766.42	1851	0	WinnieSzeto	
845	0:07:36	1/1/2019 	449330	236.00	7.00	10.02	27.13	101767.00	49828	0	WinnieSzeto	
846	0:07:36	1/1/2019 	449776	69.00	7.00	5.96	27.13	101767.52	49827	0	WinnieSzeto	
847	0:07:38	1/1/2019 	451624	689.00	11.00	15.30	27.14	101769.00	98588	0	WinnieSzeto	
848	0:07:39	1/1/2019 	452358	110.00	7.00	6.86	27.15	101770.23	4459	0	WinnieSzeto	
849	0:07:39	1/1/2019 	452585	128.00	7.00	7.38	27.15	101770.23	49827	0	WinnieSzeto	
850	0:07:39	1/1/2019 	452625	668.00	10.00	14.91	27.15	101770.23	1848	0	WinnieSzeto	
851	0:07:39	1/1/2019 	453114	99.00	7.00	6.57	27.15	101770.78	1849	0	WinnieSzeto	
852	0:07:40	1/1/2019 	453264	651.00	9.00	14.53	27.15	101770.78	1849	0	WinnieSzeto	
853	0:07:40	1/1/2019 	453336	675.00	10.00	14.93	27.15	101770.78	1851	0	WinnieSzeto	
854	0:07:40	1/1/2019 	453875	911.00	118.00	33.51	27.15	101771.17	52433	0	WinnieSzeto	
855	0:07:41	1/1/2019 	454843	70.00	6.00	5.97	27.16	101772.23	49826	0	WinnieSzeto	
856	0:07:41	1/1/2019 	454972	764.00	25.00	19.29	27.16	101772.23	1849	0	WinnieSzeto	
857	0:07:41	1/1/2019 	455021	87.00	7.00	6.28	27.16	101772.23	1849	0	WinnieSzeto	
858	0:07:42	1/1/2019 	455458	106.00	7.00	6.75	27.16	101772.59	1849	0	WinnieSzeto	
859	0:07:42	1/1/2019 	455642	199.00	7.00	9.26	27.16	101772.97	49827	0	WinnieSzeto	
860	0:07:42	1/1/2019 	455924	948.00	154.00	39.91	27.16	101772.97	4435	0	WinnieSzeto	
861	0:07:43	1/1/2019 	456376	954.00	176.00	42.88	27.17	101773.91	1849	1	WinnieSzeto	
862	0:07:43	1/1/2019 	456650	890.00	96.00	29.21	27.17	101773.91	49828	1	WinnieSzeto	
863	0:07:44	1/1/2019 	457161	156.00	8.00	8.19	27.17	101774.27	1849	0	WinnieSzeto	
864	0:07:44	1/1/2019 	457800	972.00	284.00	54.59	27.17	101774.64	49821	0	WinnieSzeto	
865	0:07:45	1/1/2019 	458309	851.00	78.00	26.01	27.17	101775.20	1852	0	WinnieSzeto	
866	0:07:45	1/1/2019 	458570	152.00	8.00	8.07	27.18	101775.58	52412	0	WinnieSzeto	
867	0:07:45	1/1/2019 	458988	988.00	675.00	121.59	27.18	101776.09	1848	1	WinnieSzeto	
868	0:07:45	1/1/2019 	459018	184.00	7.00	8.91	27.18	101776.09	1851	0	WinnieSzeto	
869	0:07:46	1/1/2019 	459390	972.00	310.00	58.73	27.18	101776.09	1849	1	WinnieSzeto	
870	0:07:46	1/1/2019 	459469	733.00	17.00	17.30	27.18	101776.32	1852	0	WinnieSzeto	
871	0:07:47	1/1/2019 	460203	543.00	8.00	13.20	27.18	101776.70	49827	0	WinnieSzeto	
872	0:07:47	1/1/2019 	460994	181.00	7.00	8.84	27.19	101777.25	53218	0	WinnieSzeto	
873	0:07:48	1/1/2019 	461753	416.00	8.00	12.24	27.19	101778.12	49826	0	WinnieSzeto	
874	0:07:48	1/1/2019 	462013	804.00	54.00	22.90	27.19	101778.12	1857	1	WinnieSzeto	
875	0:07:48	1/1/2019 	462110	716.00	14.00	16.35	27.19	101778.12	1857	0	WinnieSzeto	
876	0:07:49	1/1/2019 	462435	166.00	7.00	8.45	27.19	101778.51	1855	0	WinnieSzeto	
877	0:07:49	1/1/2019 	463090	89.00	7.00	6.32	27.20	101778.89	49826	0	WinnieSzeto	
878	0:07:51	1/1/2019 	464671	95.00	5.00	6.46	27.20	101780.34	100387	0	WinnieSzeto	
879	0:07:51	1/1/2019 	464872	296.00	7.00	10.97	27.20	101780.34	1850	1	WinnieSzeto	
880	0:07:51	1/1/2019 	465044	92.00	7.00	6.39	27.21	101780.73	1850	0	WinnieSzeto	
881	0:07:52	1/1/2019 	465343	70.00	7.00	5.98	27.21	101780.73	1849	0	WinnieSzeto	
882	0:07:52	1/1/2019 	465854	93.00	7.00	6.42	27.21	101781.11	49827	0	WinnieSzeto	
883	0:07:52	1/1/2019 	465992	649.00	9.00	14.52	27.21	101781.11	1849	0	WinnieSzeto	
884	0:07:53	1/1/2019 	466376	672.00	10.00	14.92	27.21	101781.50	4434	0	WinnieSzeto	
885	0:07:54	1/1/2019 	467406	173.00	7.00	8.63	27.22	101782.23	49828	0	WinnieSzeto	
886	0:07:54	1/1/2019 	467872	749.00	22.00	18.62	27.22	101782.62	49828	0	WinnieSzeto	
887	0:07:55	1/1/2019 	468392	447.00	8.00	12.46	27.22	101782.84	1854	0	WinnieSzeto	
888	0:07:55	1/1/2019 	468999	777.00	27.00	19.69	27.22	101783.33	49824	0	WinnieSzeto	
889	0:07:56	1/1/2019 	469428	76.00	7.00	6.06	27.23	101783.71	1850	0	WinnieSzeto	
890	0:07:56	1/1/2019 	469629	436.00	8.00	12.39	27.23	101783.71	52412	0	WinnieSzeto	
891	0:07:56	1/1/2019 	469867	532.00	8.00	13.10	27.23	101783.71	1847	0	WinnieSzeto	
892	0:07:58	1/1/2019 	471462	970.00	323.00	60.99	27.23	101784.70	49822	0	WinnieSzeto	
893	0:07:58	1/1/2019 	471829	103.00	7.00	6.67	27.24	101785.22	49826	0	WinnieSzeto	
894	0:07:59	1/1/2019 	472327	84.00	7.00	6.21	27.24	101785.77	1849	0	WinnieSzeto	
895	0:07:59	1/1/2019 	472722	81.00	7.00	6.15	27.24	101786.31	49824	0	WinnieSzeto	
896	0:07:59	1/1/2019 	473040	958.00	173.00	42.52	27.24	101786.31	1850	0	WinnieSzeto	
897	0:08:00	1/1/2019 	473576	829.00	67.00	24.42	27.24	101786.70	52409	0	WinnieSzeto	
898	0:08:00	1/1/2019 	473631	412.00	8.00	12.21	27.24	101786.70	1851	0	WinnieSzeto	
899	0:08:00	1/1/2019 	473845	184.00	7.00	8.91	27.25	101787.22	1848	0	WinnieSzeto	
900	0:08:01	1/1/2019 	474177	902.00	110.00	31.93	27.25	101787.22	1850	0	WinnieSzeto	
901	0:08:01	1/1/2019 	474853	917.00	127.00	35.25	27.25	101787.66	49828	0	WinnieSzeto	
902	0:08:01	1/1/2019 	474882	969.00	272.00	52.91	27.25	101787.66	1851	0	WinnieSzeto	
903	0:08:03	1/1/2019 	476443	257.00	7.00	10.39	27.26	101788.73	52414	0	WinnieSzeto	
904	0:08:03	1/1/2019 	476834	93.00	7.00	6.42	27.26	101789.08	49827	0	WinnieSzeto	
905	0:08:03	1/1/2019 	476905	798.00	47.00	22.19	27.26	101789.08	1850	1	WinnieSzeto	
906	0:08:04	1/1/2019 	477487	557.00	8.00	13.35	27.26	101789.30	1850	0	WinnieSzeto	
907	0:08:04	1/1/2019 	477673	149.00	6.00	7.98	27.26	101789.84	49825	0	WinnieSzeto	
908	0:08:05	1/1/2019 	478202	893.00	105.00	30.93	27.27	101790.59	1849	0	WinnieSzeto	
909	0:08:05	1/1/2019 	478235	644.00	9.00	14.48	27.27	101790.59	4437	0	WinnieSzeto	
910	0:08:06	1/1/2019 	479193	673.00	10.00	14.93	27.27	101790.42	49827	0	WinnieSzeto	
911	0:08:06	1/1/2019 	479840	82.00	7.00	6.17	27.27	101791.36	49830	0	WinnieSzeto	
912	0:08:08	1/1/2019 	481773	971.00	336.00	63.33	27.28	101792.81	98592	1	WinnieSzeto	
913	0:08:09	1/1/2019 	482857	70.00	7.00	5.98	27.29	101793.71	49827	0	WinnieSzeto	
914	0:08:09	1/1/2019 	482890	639.00	9.00	14.45	27.29	101793.71	2114	0	WinnieSzeto	
915	0:08:09	1/1/2019 	482986	683.00	10.00	14.94	27.29	101793.71	4457	0	WinnieSzeto	
916	0:08:10	1/1/2019 	483615	76.00	7.00	6.06	27.29	101794.09	49826	0	WinnieSzeto	
917	0:08:11	1/1/2019 	484292	159.00	7.00	8.26	27.29	101795.00	1851	0	WinnieSzeto	
918	0:08:11	1/1/2019 	484326	82.00	7.00	6.17	27.29	101795.00	1850	0	WinnieSzeto	
919	0:08:13	1/1/2019 	486616	327.00	7.00	11.36	27.31	101796.89	145776	0	WinnieSzeto	
920	0:08:14	1/1/2019 	487192	848.00	73.00	25.27	27.31	101797.05	1850	0	WinnieSzeto	
921	0:08:14	1/1/2019 	487972	909.00	116.00	33.12	27.31	101797.44	52414	1	WinnieSzeto	
922	0:08:15	1/1/2019 	488277	105.00	7.00	6.72	27.31	101797.98	1851	0	WinnieSzeto	
923	0:08:15	1/1/2019 	488936	634.00	9.00	14.40	27.31	101798.31	49828	0	WinnieSzeto	
924	0:08:16	1/1/2019 	489766	134.00	6.00	7.55	27.32	101799.25	49829	0	WinnieSzeto	
925	0:08:17	1/1/2019 	490270	74.00	7.00	6.03	27.32	101799.98	2637	0	WinnieSzeto	
926	0:08:18	1/1/2019 	491223	94.00	7.00	6.44	27.32	101800.37	49828	0	WinnieSzeto	
927	0:08:18	1/1/2019 	491952	925.00	132.00	36.19	27.33	101801.30	52434	1	WinnieSzeto	
928	0:08:19	1/1/2019 	492875	172.00	7.00	8.61	27.33	101801.84	49827	0	WinnieSzeto	
929	0:08:19	1/1/2019 	493037	138.00	7.00	7.67	27.33	101802.37	1851	0	WinnieSzeto	
930	0:08:20	1/1/2019 	493132	150.00	7.00	8.01	27.33	101802.37	1849	0	WinnieSzeto	
931	0:08:20	1/1/2019 	493339	787.00	30.00	20.20	27.33	101802.37	1851	0	WinnieSzeto	
932	0:08:20	1/1/2019 	493690	232.00	7.00	9.95	27.34	101802.75	49827	0	WinnieSzeto	
933	0:08:20	1/1/2019 	493746	434.00	8.00	12.37	27.34	101802.75	4437	0	WinnieSzeto	
934	0:08:21	1/1/2019 	494161	101.00	7.00	6.62	27.34	101803.14	1847	0	WinnieSzeto	
935	0:08:21	1/1/2019 	494641	397.00	7.00	12.03	27.34	101803.66	49829	0	WinnieSzeto	
936	0:08:22	1/1/2019 	495419	520.00	8.00	12.99	27.35	101804.23	1850	0	WinnieSzeto	
937	0:08:22	1/1/2019 	495656	614.00	8.00	13.98	27.35	101804.23	49827	0	WinnieSzeto	
938	0:08:23	1/1/2019 	496492	94.00	7.00	6.44	27.35	101804.95	1847	0	WinnieSzeto	
939	0:08:24	1/1/2019 	497573	409.00	8.00	12.19	27.36	101806.06	100390	0	WinnieSzeto	
940	0:08:24	1/1/2019 	497824	176.00	7.00	8.71	27.36	101806.06	1848	0	WinnieSzeto	
941	0:08:25	1/1/2019 	498327	793.00	43.00	21.78	27.36	101806.45	1849	1	WinnieSzeto	
942	0:08:26	1/1/2019 	499203	877.00	93.00	28.61	27.36	101807.55	49829	1	WinnieSzeto	
943	0:08:26	1/1/2019 	499384	920.00	128.00	35.45	27.36	101807.55	1852	0	WinnieSzeto	
944	0:08:26	1/1/2019 	499426	133.00	8.00	7.53	27.36	101807.55	1847	0	WinnieSzeto	
945	0:08:29	1/1/2019 	502610	106.00	7.00	6.75	27.38	101810.48	196343	0	WinnieSzeto	
946	0:08:30	1/1/2019 	503209	759.00	23.00	18.87	27.39	101811.25	2640	0	WinnieSzeto	
947	0:08:31	1/1/2019 	504151	126.00	7.00	7.32	27.39	101811.98	49828	0	WinnieSzeto	
948	0:08:32	1/1/2019 	505323	121.00	7.00	7.18	27.40	101812.75	49828	0	WinnieSzeto	
949	0:08:33	1/1/2019 	506790	233.00	7.00	9.97	27.41	101814.73	97805	0	WinnieSzeto	
950	0:08:33	1/1/2019 	506924	716.00	14.00	16.35	27.41	101814.73	1850	0	WinnieSzeto	
951	0:08:34	1/1/2019 	507689	373.00	8.00	11.89	27.41	101815.11	52434	0	WinnieSzeto	
952	0:08:35	1/1/2019 	508287	632.00	8.00	14.13	27.41	101815.46	1848	0	WinnieSzeto	
953	0:08:35	1/1/2019 	508855	758.00	23.00	18.87	27.41	101816.17	49826	1	WinnieSzeto	
954	0:08:35	1/1/2019 	508914	969.00	299.00	56.90	27.42	101816.72	1850	1	WinnieSzeto	
955	0:08:37	1/1/2019 	510136	269.00	8.00	10.61	27.42	101817.66	49827	0	WinnieSzeto	
956	0:08:37	1/1/2019 	510282	900.00	105.00	30.95	27.42	101817.66	2636	1	WinnieSzeto	
957	0:08:37	1/1/2019 	511077	218.00	7.00	9.67	27.43	101818.73	52435	0	WinnieSzeto	
958	0:08:38	1/1/2019 	511881	862.00	82.00	26.67	27.43	101819.45	49828	0	WinnieSzeto	
959	0:08:39	1/1/2019 	512315	928.00	147.00	38.80	27.43	101819.80	1850	1	WinnieSzeto	
960	0:08:40	1/1/2019 	513412	129.00	7.00	7.41	27.44	101820.70	49827	0	WinnieSzeto	
961	0:08:40	1/1/2019 	513848	928.00	146.00	38.64	27.44	101821.25	49828	0	WinnieSzeto	
962	0:08:41	1/1/2019 	514585	593.00	8.00	13.75	27.44	101821.63	49827	0	WinnieSzeto	
963	0:08:41	1/1/2019 	514951	614.00	8.00	13.98	27.44	101822.02	4434	0	WinnieSzeto	
964	0:08:43	1/1/2019 	516880	540.00	7.00	13.05	27.45	101822.98	97802	0	WinnieSzeto	
965	0:08:44	1/1/2019 	517177	100.00	8.00	6.59	27.45	101823.20	1850	0	WinnieSzeto	
966	0:08:44	1/1/2019 	518073	240.00	7.00	10.09	27.46	101824.09	49827	0	WinnieSzeto	
967	0:08:45	1/1/2019 	518260	110.00	7.00	6.86	27.46	101824.62	1851	0	WinnieSzeto	
968	0:08:45	1/1/2019 	518488	220.00	7.00	9.71	27.46	101824.62	1850	0	WinnieSzeto	
969	0:08:45	1/1/2019 	518734	686.00	11.00	15.29	27.46	101824.62	52411	0	WinnieSzeto	
970	0:08:45	1/1/2019 	519018	648.00	9.00	14.51	27.46	101824.45	1850	0	WinnieSzeto	
971	0:08:46	1/1/2019 	519663	957.00	187.00	44.12	27.46	101825.00	49829	1	WinnieSzeto	
972	0:08:46	1/1/2019 	519887	119.00	6.00	7.11	27.47	101825.55	2640	0	WinnieSzeto	
973	0:08:47	1/1/2019 	520667	790.00	36.00	21.02	27.47	101825.73	49826	0	WinnieSzeto	
974	0:08:47	1/1/2019 	520675	681.00	10.00	14.94	27.47	101825.73	1851	0	WinnieSzeto	
975	0:08:47	1/1/2019 	520814	528.00	7.00	12.94	27.47	101825.73	4457	0	WinnieSzeto	
976	0:08:47	1/1/2019 	520869	568.00	8.00	13.47	27.47	101825.73	1849	0	WinnieSzeto	
977	0:08:48	1/1/2019 	521977	315.00	7.00	11.22	27.47	101826.67	49826	0	WinnieSzeto	
978	0:08:49	1/1/2019 	522223	744.00	21.00	18.38	27.48	101827.22	1850	1	WinnieSzeto	
979	0:08:50	1/1/2019 	523438	160.00	8.00	8.30	27.48	101827.96	49828	0	WinnieSzeto	
980	0:08:50	1/1/2019 	523793	966.00	208.00	46.18	27.48	101828.34	49826	1	WinnieSzeto	
981	0:08:51	1/1/2019 	524594	798.00	41.00	21.59	27.49	101828.73	52411	1	WinnieSzeto	
982	0:08:54	1/1/2019 	527900	142.00	7.00	7.78	27.50	101831.61	145782	0	WinnieSzeto	
983	0:08:55	1/1/2019 	528366	122.00	7.00	7.20	27.50	101831.83	1851	0	WinnieSzeto	
984	0:08:55	1/1/2019 	528839	158.00	7.00	8.23	27.50	101831.99	49830	0	WinnieSzeto	
985	0:08:56	1/1/2019 	529129	964.00	241.00	49.30	27.50	101831.99	1850	1	WinnieSzeto	
986	0:08:56	1/1/2019 	529289	102.00	7.00	6.64	27.51	101832.54	1853	0	WinnieSzeto	
987	0:08:57	1/1/2019 	530326	864.00	83.00	26.84	27.51	101833.47	52412	0	WinnieSzeto	
988	0:08:57	1/1/2019 	530580	213.00	7.00	9.57	27.51	101833.47	50618	0	WinnieSzeto	
989	0:08:58	1/1/2019 	531446	639.00	9.00	14.45	27.52	101834.38	1852	0	WinnieSzeto	
990	0:08:59	1/1/2019 	532140	75.00	7.00	6.05	27.52	101834.92	49833	0	WinnieSzeto	
991	0:08:59	1/1/2019 	532432	967.00	183.00	43.69	27.52	101834.92	1850	0	WinnieSzeto	
992	0:08:59	1/1/2019 	533051	978.00	379.00	70.98	27.52	101835.99	49829	1	WinnieSzeto	
993	0:09:00	1/1/2019 	533450	211.00	7.00	9.53	27.52	101835.99	4374	0	WinnieSzeto	
994	0:09:00	1/1/2019 	533764	909.00	122.00	34.28	27.53	101836.52	49827	0	WinnieSzeto	
995	0:09:00	1/1/2019 	533905	454.00	8.00	12.51	27.53	101836.52	1851	0	WinnieSzeto	
996	0:09:02	1/1/2019 	535292	692.00	12.00	15.64	27.53	101837.61	49826	0	WinnieSzeto	
997	0:09:03	1/1/2019 	536216	102.00	7.00	6.64	27.53	101838.00	49830	0	WinnieSzeto	
998	0:09:03	1/1/2019 	536262	919.00	130.00	35.82	27.53	101838.00	1851	0	WinnieSzeto	
999	0:09:04	1/1/2019 	537304	548.00	8.00	13.25	27.54	101839.06	52329	0	WinnieSzeto	
1000	0:09:04	1/1/2019 	538105	712.00	14.00	16.34	27.54	101840.16	49825	1	WinnieSzeto	
1001	0:09:05	1/1/2019 	538398	574.00	8.00	13.54	27.54	101840.16	1851	0	WinnieSzeto	
1002	0:09:06	1/1/2019 	539969	595.00	8.00	13.78	27.55	101841.62	97805	0	WinnieSzeto	
1003	0:09:07	1/1/2019 	540283	94.00	7.00	6.44	27.55	101842.00	2636	0	WinnieSzeto	
1004	0:09:07	1/1/2019 	540343	339.00	7.00	11.49	27.55	101842.00	1851	0	WinnieSzeto	
1005	0:09:07	1/1/2019 	540792	146.00	9.00	7.91	27.56	101842.69	52351	0	WinnieSzeto	
1006	0:09:07	1/1/2019 	541011	982.00	677.00	122.38	27.56	101842.69	1850	1	WinnieSzeto	
1007	0:09:08	1/1/2019 	541249	185.00	7.00	8.94	27.56	101842.69	1850	0	WinnieSzeto	
1008	0:09:08	1/1/2019 	541286	109.00	7.00	6.83	27.56	101842.69	1849	0	WinnieSzeto	
1009	0:09:09	1/1/2019 	542313	666.00	10.00	14.90	27.56	101843.04	49827	0	WinnieSzeto	
1010	0:09:10	1/1/2019 	543711	226.00	7.00	9.83	27.57	101844.03	97809	0	WinnieSzeto	
1011	0:09:11	1/1/2019 	544483	676.00	10.00	14.93	27.57	101844.55	4352	0	WinnieSzeto	
1012	0:09:11	1/1/2019 	544488	541.00	8.00	13.18	27.57	101844.55	1852	0	WinnieSzeto	
1013	0:09:12	1/1/2019 	545222	118.00	7.00	7.09	27.57	101844.93	49826	0	WinnieSzeto	
1014	0:09:12	1/1/2019 	545623	98.00	7.00	6.54	27.57	101844.93	49828	0	WinnieSzeto	
1015	0:09:12	1/1/2019 	545767	158.00	7.00	8.23	27.57	101845.31	1849	0	WinnieSzeto	
1016	0:09:13	1/1/2019 	547082	789.00	38.00	21.25	27.58	101845.89	49827	0	WinnieSzeto	
1017	0:09:14	1/1/2019 	547495	182.00	7.00	8.86	27.58	101846.27	4352	0	WinnieSzeto	
1018	0:09:15	1/1/2019 	548489	888.00	102.00	30.33	27.58	101846.33	49829	0	WinnieSzeto	
1019	0:09:15	1/1/2019 	548499	400.00	7.00	12.05	27.58	101846.33	1852	0	WinnieSzeto	
1020	0:09:16	1/1/2019 	549337	605.00	8.00	13.89	27.59	101846.68	49841	0	WinnieSzeto	
1021	0:09:16	1/1/2019 	549615	936.00	148.00	38.97	27.59	101847.06	49827	0	WinnieSzeto	
1022	0:09:17	1/1/2019 	550688	567.00	8.00	13.46	27.59	101847.80	50616	0	WinnieSzeto	
1023	0:09:19	1/1/2019 	552495	661.00	10.00	14.88	27.60	101848.77	52349	0	WinnieSzeto	
1024	0:09:21	1/1/2019 	554883	686.00	11.00	15.29	27.61	101849.91	145780	0	WinnieSzeto	
1025	0:09:21	1/1/2019 	555019	706.00	13.00	16.00	27.61	101850.62	1854	0	WinnieSzeto	
1026	0:09:22	1/1/2019 	555429	108.00	7.00	6.81	27.61	101850.62	1856	0	WinnieSzeto	
1027	0:09:22	1/1/2019 	555653	419.00	8.00	12.27	27.61	101850.98	49831	0	WinnieSzeto	
1028	0:09:22	1/1/2019 	555813	961.00	178.00	43.12	27.61	101850.98	1849	0	WinnieSzeto	
1029	0:09:23	1/1/2019 	556592	821.00	64.00	24.03	27.61	101851.34	52393	1	WinnieSzeto	
1030	0:09:24	1/1/2019 	557784	309.00	7.00	11.14	27.62	101852.45	49826	0	WinnieSzeto	
1031	0:09:25	1/1/2019 	558148	701.00	12.00	15.66	27.62	101852.45	1851	0	WinnieSzeto	
1032	0:09:25	1/1/2019 	558295	582.00	8.00	13.63	27.62	101853.00	1851	0	WinnieSzeto	
1033	0:09:26	1/1/2019 	559467	84.00	6.00	6.21	27.63	101853.56	49825	0	WinnieSzeto	
1034	0:09:27	1/1/2019 	560152	297.00	7.00	10.98	27.63	101854.33	49828	0	WinnieSzeto	
1035	0:09:27	1/1/2019 	560250	664.00	10.00	14.89	27.63	101854.33	5227	0	WinnieSzeto	
1036	0:09:28	1/1/2019 	561183	642.00	9.00	14.47	27.64	101855.23	49829	0	WinnieSzeto	
1037	0:09:28	1/1/2019 	561342	204.00	7.00	9.38	27.64	101855.23	1850	0	WinnieSzeto	
1038	0:09:28	1/1/2019 	561592	734.00	17.00	17.31	27.64	101855.78	49826	0	WinnieSzeto	
1039	0:09:28	1/1/2019 	561642	177.00	7.00	8.74	27.64	101855.78	1850	0	WinnieSzeto	
1040	0:09:29	1/1/2019 	562559	227.00	7.00	9.85	27.64	101856.16	49828	0	WinnieSzeto	
1041	0:09:29	1/1/2019 	562845	120.00	7.00	7.15	27.64	101856.48	4416	0	WinnieSzeto	
1042	0:09:30	1/1/2019 	563379	741.00	20.00	18.13	27.65	101857.03	1850	0	WinnieSzeto	
1043	0:09:31	1/1/2019 	564360	820.00	59.00	23.46	27.65	101857.81	49831	0	WinnieSzeto	
1044	0:09:32	1/1/2019 	565428	772.00	29.00	20.01	27.65	101858.36	49830	0	WinnieSzeto	
1045	0:09:34	1/1/2019 	567426	677.00	11.00	15.26	27.66	101859.48	97808	0	WinnieSzeto	
1046	0:09:35	1/1/2019 	568403	981.00	694.00	125.54	27.67	101860.22	49830	1	WinnieSzeto	
1047	0:09:35	1/1/2019 	568668	91.00	7.00	6.37	27.67	101860.22	52395	0	WinnieSzeto	
1048	0:09:36	1/1/2019 	569776	240.00	7.00	10.09	27.67	101860.81	49828	0	WinnieSzeto	
1049	0:09:38	1/1/2019 	571261	968.00	397.00	73.88	27.68	101862.24	50617	1	WinnieSzeto	
1050	0:09:39	1/1/2019 	572223	178.00	7.00	8.76	27.68	101863.02	49830	0	WinnieSzeto	
1051	0:09:39	1/1/2019 	572657	878.00	89.00	27.90	27.69	101863.56	49829	1	WinnieSzeto	
1052	0:09:39	1/1/2019 	573117	77.00	7.00	6.08	27.69	101863.39	1850	0	WinnieSzeto	
1053	0:09:40	1/1/2019 	573921	796.00	49.00	22.38	27.69	101863.75	52435	0	WinnieSzeto	
1054	0:09:41	1/1/2019 	574474	232.00	6.00	9.93	27.69	101864.13	1850	0	WinnieSzeto	
1055	0:09:41	1/1/2019 	574650	97.00	7.00	6.51	27.69	101864.13	49828	1	WinnieSzeto	
1056	0:09:41	1/1/2019 	574775	770.00	28.00	19.85	27.69	101864.34	1850	0	WinnieSzeto	
1057	0:09:42	1/1/2019 	575297	162.00	7.00	8.34	27.70	101864.73	1850	0	WinnieSzeto	
1058	0:09:43	1/1/2019 	576158	126.00	7.00	7.32	27.70	101865.12	49832	0	WinnieSzeto	
1059	0:09:43	1/1/2019 	576601	962.00	180.00	43.35	27.70	101865.64	52421	1	WinnieSzeto	
1060	0:09:43	1/1/2019 	577081	724.00	15.00	16.68	27.70	101866.16	1851	0	WinnieSzeto	
1061	0:09:43	1/1/2019 	577108	163.00	7.00	8.37	27.70	101866.16	1851	0	WinnieSzeto	
1062	0:09:44	1/1/2019 	577877	683.00	11.00	15.28	27.71	101866.70	49827	0	WinnieSzeto	
1063	0:09:45	1/1/2019 	578232	651.00	9.00	14.53	27.71	101866.88	1854	0	WinnieSzeto	
1064	0:09:45	1/1/2019 	578746	669.00	10.00	14.91	27.71	101867.42	49833	0	WinnieSzeto	
1065	0:09:46	1/1/2019 	579312	180.00	7.00	8.81	27.71	101867.78	4352	0	WinnieSzeto	
1066	0:09:46	1/1/2019 	579738	816.00	55.00	23.03	27.71	101868.33	49830	1	WinnieSzeto	
1067	0:09:48	1/1/2019 	581149	161.00	7.00	8.32	27.72	101869.26	50617	0	WinnieSzeto	
1068	0:09:48	1/1/2019 	581706	656.00	10.00	14.85	27.72	101869.42	49827	0	WinnieSzeto	
1069	0:09:49	1/1/2019 	582792	677.00	10.00	14.94	27.72	101870.33	49827	0	WinnieSzeto	
1070	0:09:49	1/1/2019 	582967	189.00	7.00	9.03	27.73	101870.88	1854	0	WinnieSzeto	
1071	0:09:50	1/1/2019 	583497	555.00	2.00	12.36	27.73	101870.88	4464	0	WinnieSzeto	
1072	0:09:50	1/1/2019 	583682	849.00	75.00	25.56	27.73	101871.43	49832	0	WinnieSzeto	
1073	0:09:51	1/1/2019 	584292	492.00	7.00	12.67	27.73	101871.64	1849	0	WinnieSzeto	
1074	0:09:52	1/1/2019 	585272	920.00	141.00	37.79	27.74	101872.36	49830	1	WinnieSzeto	
1075	0:09:53	1/1/2019 	586190	384.00	7.00	11.93	27.74	101872.36	49829	0	WinnieSzeto	
1076	0:09:53	1/1/2019 	586663	960.00	165.00	41.49	27.74	101872.91	49827	1	WinnieSzeto	
1077	0:09:55	1/1/2019 	588122	489.00	8.00	12.75	27.75	101874.52	52414	0	WinnieSzeto	
1078	0:09:55	1/1/2019 	588161	666.00	10.00	14.90	27.75	101874.52	1849	0	WinnieSzeto	
1079	0:09:56	1/1/2019 	589364	960.00	198.00	45.23	27.75	101875.29	49828	0	WinnieSzeto	
1080	0:09:56	1/1/2019 	590035	75.00	7.00	6.05	27.75	101875.67	49830	0	WinnieSzeto	
1081	0:09:57	1/1/2019 	590138	286.00	8.00	10.86	27.75	101875.67	2637	0	WinnieSzeto	
1082	0:09:57	1/1/2019 	590655	550.00	7.00	13.14	27.76	101876.20	49828	1	WinnieSzeto	
1083	0:09:58	1/1/2019 	591461	296.00	8.00	11.00	27.76	101876.58	4457	0	WinnieSzeto	
1084	0:09:58	1/1/2019 	591834	114.00	7.00	6.97	27.76	101876.97	49827	0	WinnieSzeto	
1085	0:10:00	1/1/2019 	593667	698.00	12.00	15.65	27.77	101878.39	97806	0	WinnieSzeto	
1086	0:10:00	1/1/2019 	593718	509.00	8.00	12.90	27.77	101878.39	1850	0	WinnieSzeto	
1087	0:10:00	1/1/2019 	593729	127.00	7.00	7.35	27.77	101878.39	1848	0	WinnieSzeto	
1088	0:10:01	1/1/2019 	594410	208.00	7.00	9.46	27.77	101878.39	1849	0	WinnieSzeto	
1089	0:10:01	1/1/2019 	594702	794.00	41.00	21.58	27.77	101878.94	52414	0	WinnieSzeto	
1090	0:10:01	1/1/2019 	594770	190.00	7.00	9.06	27.77	101878.94	1849	0	WinnieSzeto	
1091	0:10:01	1/1/2019 	594826	72.00	7.00	6.00	27.77	101878.94	1849	0	WinnieSzeto	
1092	0:10:02	1/1/2019 	595200	975.00	430.00	78.51	27.77	101879.32	1848	0	WinnieSzeto	
1093	0:10:02	1/1/2019 	595798	89.00	7.00	6.32	27.78	101879.70	49829	0	WinnieSzeto	
1094	0:10:02	1/1/2019 	595865	84.00	11.00	6.22	27.78	101879.70	1850	0	WinnieSzeto	
1095	0:10:04	1/1/2019 	597802	552.00	7.00	13.16	27.78	101881.00	100389	0	WinnieSzeto	
1096	0:10:04	1/1/2019 	598026	148.00	7.00	7.96	27.78	101881.00	1851	0	WinnieSzeto	
1097	0:10:05	1/1/2019 	598561	132.00	7.00	7.49	27.79	101881.38	49831	0	WinnieSzeto	
1098	0:10:05	1/1/2019 	598987	774.00	26.00	19.50	27.79	101881.77	1856	1	WinnieSzeto	
1099	0:10:06	1/1/2019 	599339	168.00	7.00	8.50	27.79	101881.77	1849	0	WinnieSzeto	
1100	0:10:06	1/1/2019 	599766	87.00	6.00	6.28	27.79	101882.12	49829	0	WinnieSzeto	
1101	0:10:06	1/1/2019 	600058	170.00	7.00	8.56	27.79	101882.47	5243	0	WinnieSzeto	
1102	0:10:06	1/1/2019 	600131	956.00	161.00	40.94	27.79	101882.47	1850	0	WinnieSzeto	
1103	0:10:07	1/1/2019 	600576	348.00	7.00	11.59	27.79	101882.47	49827	0	WinnieSzeto	
1104	0:10:08	1/1/2019 	601389	554.00	8.00	13.32	27.80	101883.02	1850	0	WinnieSzeto	
1105	0:10:08	1/1/2019 	601903	969.00	242.00	49.40	27.80	101883.41	49826	0	WinnieSzeto	
1106	0:10:09	1/1/2019 	602792	822.00	63.00	23.92	27.80	101883.59	49829	1	WinnieSzeto	
1107	0:10:10	1/1/2019 	603960	143.00	7.00	7.81	27.81	101884.36	52413	0	WinnieSzeto	
1108	0:10:10	1/1/2019 	604195	243.00	7.00	10.15	27.81	101884.36	1850	0	WinnieSzeto	
1109	0:10:11	1/1/2019 	604597	240.00	9.00	10.13	27.81	101884.91	49827	0	WinnieSzeto	
1110	0:10:11	1/1/2019 	604610	647.00	9.00	14.50	27.81	101884.91	1850	0	WinnieSzeto	
1111	0:10:11	1/1/2019 	604623	719.00	14.00	16.35	27.81	101884.91	1849	0	WinnieSzeto	
1112	0:10:11	1/1/2019 	605154	94.00	7.00	6.44	27.81	101885.46	1851	0	WinnieSzeto	
1113	0:10:11	1/1/2019 	605328	195.00	7.00	9.17	27.81	101885.46	4457	0	WinnieSzeto	
1114	0:10:12	1/1/2019 	605394	807.00	48.00	22.31	27.81	101885.46	1849	0	WinnieSzeto	
1115	0:10:12	1/1/2019 	605984	866.00	83.00	26.84	27.81	101885.66	49828	0	WinnieSzeto	
1116	0:10:13	1/1/2019 	606422	957.00	177.00	43.00	27.82	101886.20	1850	0	WinnieSzeto	
1117	0:10:13	1/1/2019 	606599	88.00	7.00	6.30	27.82	101886.58	49827	0	WinnieSzeto	
1118	0:10:14	1/1/2019 	607990	126.00	7.00	7.32	27.82	101886.97	49824	0	WinnieSzeto	
1119	0:10:15	1/1/2019 	608366	895.00	109.00	31.71	27.82	101887.30	4437	1	WinnieSzeto	
1120	0:10:15	1/1/2019 	609002	970.00	284.00	54.59	27.83	101887.68	49828	0	WinnieSzeto	
1121	0:10:15	1/1/2019 	609102	251.00	7.00	10.29	27.83	101887.68	1850	0	WinnieSzeto	
1122	0:10:16	1/1/2019 	609426	752.00	23.00	18.85	27.83	101888.06	1850	0	WinnieSzeto	
1123	0:10:17	1/1/2019 	611309	953.00	163.00	41.22	27.84	101889.02	97804	0	WinnieSzeto	
1124	0:10:18	1/1/2019 	611923	246.00	7.00	10.20	27.84	101888.85	50615	0	WinnieSzeto	
1125	0:10:18	1/1/2019 	612326	180.00	7.00	8.81	27.84	101889.07	4458	0	WinnieSzeto	
1126	0:10:19	1/1/2019 	612596	750.00	21.00	18.40	27.84	101889.45	49827	0	WinnieSzeto	
1127	0:10:19	1/1/2019 	613012	201.00	7.00	9.31	27.84	101889.45	1850	0	WinnieSzeto	
1128	0:10:19	1/1/2019 	613043	544.00	7.00	13.08	27.84	101889.45	1849	0	WinnieSzeto	
1129	0:10:20	1/1/2019 	613667	128.00	7.00	7.38	27.84	101889.84	49828	0	WinnieSzeto	
1130	0:10:22	1/1/2019 	616194	532.00	8.00	13.10	27.85	101891.81	97803	0	WinnieSzeto	
1131	0:10:23	1/1/2019 	616702	154.00	7.00	8.12	27.86	101892.20	52411	0	WinnieSzeto	
1132	0:10:23	1/1/2019 	616807	752.00	23.00	18.85	27.86	101892.20	1850	1	WinnieSzeto	
1133	0:10:24	1/1/2019 	617627	970.00	363.00	68.21	27.86	101892.55	49826	1	WinnieSzeto	
1134	0:10:25	1/1/2019 	618351	772.00	27.00	19.68	27.86	101893.10	1852	1	WinnieSzeto	
1135	0:10:25	1/1/2019 	618563	342.00	7.00	11.53	27.86	101893.10	49827	0	WinnieSzeto	
1136	0:10:25	1/1/2019 	618603	136.00	7.00	7.61	27.86	101893.10	1850	0	WinnieSzeto	
1137	0:10:25	1/1/2019 	618731	792.00	36.00	21.02	27.86	101893.48	4435	0	WinnieSzeto	
1138	0:10:25	1/1/2019 	618995	83.00	7.00	6.19	27.86	101893.48	1850	0	WinnieSzeto	
1139	0:10:26	1/1/2019 	619605	147.00	7.00	7.93	27.87	101893.88	49830	0	WinnieSzeto	
1140	0:10:26	1/1/2019 	620081	226.00	9.00	9.86	27.87	101894.39	2644	0	WinnieSzeto	
1141	0:10:27	1/1/2019 	621115	537.00	8.00	13.15	27.87	101894.77	49827	0	WinnieSzeto	
1142	0:10:28	1/1/2019 	621373	103.00	6.00	6.67	27.87	101895.16	1848	0	WinnieSzeto	
1143	0:10:28	1/1/2019 	621670	152.00	7.00	8.07	27.87	101895.16	52454	0	WinnieSzeto	
1144	0:10:28	1/1/2019 	621800	130.00	7.00	7.44	27.87	101895.16	1849	0	WinnieSzeto	
1145	0:10:30	1/1/2019 	623891	584.00	7.00	13.48	27.88	101896.45	97805	0	WinnieSzeto	
1146	0:10:30	1/1/2019 	623909	958.00	169.00	42.02	27.88	101896.45	1851	1	WinnieSzeto	
1147	0:10:31	1/1/2019 	624423	586.00	8.00	13.67	27.88	101897.13	1849	0	WinnieSzeto	
1148	0:10:31	1/1/2019 	624886	237.00	7.00	10.04	27.89	101897.52	49826	0	WinnieSzeto	
1149	0:10:32	1/1/2019 	625446	963.00	243.00	49.50	27.89	101897.52	4436	0	WinnieSzeto	
1150	0:10:33	1/1/2019 	626548	106.00	7.00	6.75	27.89	101898.42	97805	0	WinnieSzeto	
1151	0:10:33	1/1/2019 	626561	402.00	8.00	12.14	27.89	101898.42	2033	0	WinnieSzeto	
1152	0:10:33	1/1/2019 	627106	794.00	45.00	21.99	27.89	101898.97	1848	1	WinnieSzeto	
1153	0:10:33	1/1/2019 	627256	423.00	7.00	12.22	27.89	101898.97	1849	0	WinnieSzeto	
1154	0:10:33	1/1/2019 	627285	738.00	18.00	17.60	27.89	101898.97	1849	1	WinnieSzeto	
1155	0:10:34	1/1/2019 	627436	77.00	6.00	6.08	27.89	101899.14	4435	0	WinnieSzeto	
1156	0:10:34	1/1/2019 	627632	700.00	13.00	15.99	27.89	101899.14	49826	0	WinnieSzeto	
1157	0:10:34	1/1/2019 	627834	628.00	8.00	14.10	27.89	101899.14	1849	0	WinnieSzeto	
1158	0:10:34	1/1/2019 	627837	213.00	7.00	9.57	27.89	101899.14	1848	0	WinnieSzeto	
1159	0:10:35	1/1/2019 	629115	94.00	7.00	6.44	27.90	101900.42	49827	0	WinnieSzeto	
1160	0:10:36	1/1/2019 	629843	74.00	6.00	6.03	27.90	101900.42	49828	0	WinnieSzeto	
1161	0:10:36	1/1/2019 	630060	959.00	177.00	43.00	27.90	101900.42	11919	1	WinnieSzeto	
1162	0:10:37	1/1/2019 	631264	78.00	6.00	6.10	27.91	101901.58	49827	0	WinnieSzeto	
1163	0:10:38	1/1/2019 	631438	971.00	440.00	79.76	27.91	101901.58	1850	0	WinnieSzeto	
1164	0:10:38	1/1/2019 	631767	158.00	6.00	8.23	27.91	101901.58	49826	0	WinnieSzeto	
1165	0:10:39	1/1/2019 	632462	696.00	12.00	15.65	27.91	101902.61	1849	0	WinnieSzeto	
1166	0:10:39	1/1/2019 	632595	245.00	7.00	10.18	27.91	101902.61	49826	0	WinnieSzeto	
1167	0:10:39	1/1/2019 	632821	70.00	7.00	5.98	27.91	101902.61	4511	0	WinnieSzeto	
1168	0:10:39	1/1/2019 	633118	134.00	7.00	7.55	27.91	101902.61	1849	0	WinnieSzeto	
1169	0:10:40	1/1/2019 	633433	183.00	7.00	8.89	27.91	101902.61	1850	0	WinnieSzeto	
1170	0:10:41	1/1/2019 	634338	327.00	7.00	11.36	27.92	101903.38	49830	0	WinnieSzeto	
1171	0:10:41	1/1/2019 	634619	158.00	7.00	8.23	27.92	101903.77	49832	0	WinnieSzeto	
1172	0:10:41	1/1/2019 	634659	764.00	24.00	19.09	27.92	101903.77	1850	1	WinnieSzeto	
1173	0:10:41	1/1/2019 	634678	127.00	7.00	7.35	27.92	101903.77	4434	0	WinnieSzeto	
1174	0:10:41	1/1/2019 	634832	120.00	7.00	7.15	27.92	101903.77	1848	0	WinnieSzeto	
1175	0:10:41	1/1/2019 	635018	851.00	75.00	25.56	27.92	101903.77	1849	1	WinnieSzeto	
1176	0:10:42	1/1/2019 	635702	334.00	7.00	11.44	27.92	101904.29	49827	0	WinnieSzeto	
1177	0:10:44	1/1/2019 	637664	142.00	7.00	7.78	27.93	101905.77	97806	0	WinnieSzeto	
1178	0:10:44	1/1/2019 	638176	192.00	7.00	9.10	27.93	101905.98	1851	0	WinnieSzeto	
1179	0:10:44	1/1/2019 	638221	967.00	204.00	45.81	27.93	101905.98	4432	1	WinnieSzeto	
1180	0:10:46	1/1/2019 	639442	684.00	11.00	15.29	27.93	101906.18	49829	0	WinnieSzeto	
1181	0:10:46	1/1/2019 	639823	77.00	7.00	6.08	27.94	101906.39	49828	0	WinnieSzeto	
1182	0:10:46	1/1/2019 	640152	677.00	11.00	15.26	27.94	101906.78	2575	0	WinnieSzeto	
1183	0:10:47	1/1/2019 	640409	161.00	7.00	8.32	27.94	101906.78	1851	0	WinnieSzeto	
1184	0:10:47	1/1/2019 	641093	139.00	7.00	7.70	27.94	101906.97	49828	0	WinnieSzeto	
1185	0:10:47	1/1/2019 	641190	870.00	90.00	28.05	27.94	101907.33	4453	1	WinnieSzeto	
1186	0:10:48	1/1/2019 	642007	419.00	7.00	12.19	27.95	101907.70	49827	0	WinnieSzeto	
1187	0:10:49	1/1/2019 	642667	82.00	7.00	6.17	27.95	101908.09	49829	0	WinnieSzeto	
1188	0:10:49	1/1/2019 	642706	878.00	89.00	27.90	27.95	101908.09	1850	0	WinnieSzeto	
1189	0:10:49	1/1/2019 	642888	198.00	7.00	9.24	27.95	101908.64	1850	0	WinnieSzeto	
1190	0:10:49	1/1/2019 	643171	235.00	7.00	10.00	27.95	101908.64	1849	0	WinnieSzeto	
1191	0:10:49	1/1/2019 	643236	955.00	160.00	40.80	27.95	101908.64	4434	0	WinnieSzeto	
1192	0:10:50	1/1/2019 	643380	746.00	22.00	18.61	27.95	101909.02	1849	0	WinnieSzeto	
1193	0:10:50	1/1/2019 	644260	194.00	7.00	9.15	27.96	101909.55	49830	0	WinnieSzeto	
1194	0:10:51	1/1/2019 	644671	96.00	6.00	6.49	27.96	101909.92	49826	0	WinnieSzeto	
1195	0:10:52	1/1/2019 	645374	239.00	7.00	10.08	27.96	101910.31	1850	0	WinnieSzeto	
1196	0:10:52	1/1/2019 	645568	437.00	8.00	12.39	27.96	101910.70	49828	0	WinnieSzeto	
1197	0:10:52	1/1/2019 	645650	172.00	7.00	8.61	27.96	101910.70	4430	0	WinnieSzeto	
1198	0:10:53	1/1/2019 	646573	202.00	7.00	9.33	27.96	101910.70	49827	0	WinnieSzeto	
1199	0:10:53	1/1/2019 	646623	74.00	7.00	6.03	27.97	101911.22	1850	0	WinnieSzeto	
1200	0:10:53	1/1/2019 	646732	165.00	7.00	8.42	27.97	101911.22	1849	0	WinnieSzeto	
1201	0:10:53	1/1/2019 	646744	76.00	6.00	6.06	27.97	101911.22	1848	0	WinnieSzeto	
1202	0:10:53	1/1/2019 	646964	740.00	18.00	17.60	27.97	101911.22	1849	0	WinnieSzeto	
1203	0:10:54	1/1/2019 	647350	891.00	105.00	30.92	27.97	101911.44	4456	1	WinnieSzeto	
1204	0:10:54	1/1/2019 	647690	83.00	7.00	6.19	27.97	101911.44	49828	0	WinnieSzeto	
1205	0:10:54	1/1/2019 	647909	691.00	12.00	15.64	27.97	101911.79	1850	0	WinnieSzeto	
1206	0:10:54	1/1/2019 	648184	799.00	41.00	21.59	27.97	101911.79	1849	1	WinnieSzeto	
1207	0:10:55	1/1/2019 	648687	181.00	7.00	8.84	27.97	101911.79	49827	0	WinnieSzeto	
1208	0:10:55	1/1/2019 	648795	155.00	8.00	8.16	27.97	101912.34	1850	0	WinnieSzeto	
1209	0:10:56	1/1/2019 	649920	975.00	581.00	100.66	27.98	101913.25	52409	1	WinnieSzeto	
1210	0:10:56	1/1/2019 	649981	93.00	7.00	6.42	27.98	101913.25	2577	0	WinnieSzeto	
1211	0:10:56	1/1/2019 	649991	927.00	139.00	37.45	27.98	101913.25	1850	0	WinnieSzeto	
1212	0:10:56	1/1/2019 	650022	214.00	7.00	9.59	27.98	101913.25	1849	0	WinnieSzeto	
1213	0:10:56	1/1/2019 	650034	102.00	7.00	6.64	27.98	101913.25	1849	0	WinnieSzeto	
1214	0:10:57	1/1/2019 	651144	618.00	8.00	14.02	27.98	101913.62	49831	0	WinnieSzeto	
1215	0:10:58	1/1/2019 	651832	808.00	54.00	22.91	27.98	101914.02	112696	0	WinnieSzeto	
1216	0:10:58	1/1/2019 	651848	89.00	7.00	6.32	27.98	101914.02	1850	0	WinnieSzeto	
1217	0:10:58	1/1/2019 	652071	212.00	7.00	9.55	27.98	101914.02	1850	0	WinnieSzeto	
1218	0:10:59	1/1/2019 	652392	244.00	7.00	10.17	27.99	101914.56	1849	0	WinnieSzeto	
1219	0:10:59	1/1/2019 	652928	828.00	66.00	24.29	27.99	101914.92	49829	0	WinnieSzeto	
1220	0:10:59	1/1/2019 	653113	956.00	161.00	40.94	27.99	101914.92	1850	0	WinnieSzeto	
1221	0:10:59	1/1/2019 	653335	163.00	7.00	8.37	27.99	101915.30	4432	0	WinnieSzeto	
1222	0:11:00	1/1/2019 	653493	136.00	7.00	7.61	27.99	101915.30	1848	0	WinnieSzeto	
1223	0:11:00	1/1/2019 	654101	745.00	21.00	18.38	27.99	101915.69	49828	0	WinnieSzeto	
1224	0:11:00	1/1/2019 	654126	528.00	7.00	12.94	27.99	101915.69	1849	0	WinnieSzeto	
1225	0:11:00	1/1/2019 	654190	140.00	7.00	7.73	27.99	101915.69	1850	0	WinnieSzeto	
1226	0:11:01	1/1/2019 	654391	193.00	7.00	9.13	27.99	101915.84	1848	0	WinnieSzeto	
1227	0:11:01	1/1/2019 	654787	244.00	7.00	10.17	27.99	101915.84	52412	0	WinnieSzeto	
1228	0:11:01	1/1/2019 	654858	568.00	6.00	13.15	28.00	101916.23	1850	0	WinnieSzeto	
1229	0:11:02	1/1/2019 	655483	72.00	7.00	6.00	28.00	101916.45	1849	0	WinnieSzeto	
1230	0:11:02	1/1/2019 	655770	74.00	6.00	6.03	28.00	101916.45	49827	0	WinnieSzeto	
1231	0:11:02	1/1/2019 	655968	70.00	6.00	5.97	28.00	101916.78	1848	0	WinnieSzeto	
1232	0:11:02	1/1/2019 	656122	940.00	150.00	39.29	28.00	101916.78	1848	0	WinnieSzeto	
1233	0:11:03	1/1/2019 	657332	221.00	7.00	9.73	28.01	101917.55	52412	0	WinnieSzeto	
1234	0:11:04	1/1/2019 	657738	250.00	7.00	10.27	28.01	101917.71	49828	0	WinnieSzeto	
1235	0:11:04	1/1/2019 	657808	912.00	120.00	33.90	28.01	101917.71	1852	0	WinnieSzeto	
1236	0:11:04	1/1/2019 	658135	760.00	25.00	19.28	28.01	101918.26	1851	0	WinnieSzeto	
1237	0:11:07	1/1/2019 	661068	350.00	8.00	11.66	28.02	101920.48	145784	0	WinnieSzeto	
1238	0:11:08	1/1/2019 	661955	254.00	7.00	10.34	28.02	101920.67	50551	0	WinnieSzeto	
1239	0:11:08	1/1/2019 	662163	181.00	7.00	8.84	28.03	101921.39	4455	0	WinnieSzeto	
1240	0:11:09	1/1/2019 	663167	749.00	21.00	18.39	28.03	101921.96	49826	0	WinnieSzeto	
1241	0:11:10	1/1/2019 	663998	809.00	48.00	22.32	28.03	101922.12	49830	0	WinnieSzeto	
1242	0:11:12	1/1/2019 	665412	900.00	107.00	31.34	28.04	101923.58	49831	1	WinnieSzeto	
1243	0:11:12	1/1/2019 	666013	131.00	7.00	7.47	28.04	101924.12	49831	0	WinnieSzeto	
1244	0:11:13	1/1/2019 	666362	328.00	7.00	11.37	28.04	101924.52	1855	0	WinnieSzeto	
1245	0:11:13	1/1/2019 	666713	826.00	60.00	23.59	28.04	101924.52	52410	1	WinnieSzeto	
1246	0:11:15	1/1/2019 	668836	306.00	7.00	11.10	28.05	101925.64	97804	1	WinnieSzeto	
1247	0:11:15	1/1/2019 	668901	393.00	7.00	12.00	28.05	101925.64	1851	0	WinnieSzeto	
1248	0:11:15	1/1/2019 	669199	172.00	7.00	8.61	28.05	101926.19	1849	0	WinnieSzeto	
1249	0:11:16	1/1/2019 	670278	567.00	7.00	13.31	28.06	101926.92	49827	0	WinnieSzeto	
1250	0:11:17	1/1/2019 	671227	294.00	7.00	10.94	28.06	101927.44	50553	0	WinnieSzeto	
1251	0:11:18	1/1/2019 	672275	83.00	6.00	6.19	28.07	101928.38	52433	0	WinnieSzeto	
1252	0:11:19	1/1/2019 	672411	291.00	7.00	10.90	28.07	101928.38	1857	0	WinnieSzeto	
1253	0:11:20	1/1/2019 	673362	669.00	10.00	14.91	28.07	101928.73	49833	0	WinnieSzeto	
1254	0:11:20	1/1/2019 	673749	468.00	8.00	12.60	28.07	101929.12	49828	0	WinnieSzeto	
1255	0:11:20	1/1/2019 	673773	399.00	7.00	12.05	28.07	101929.12	1848	0	WinnieSzeto	
1256	0:11:20	1/1/2019 	674192	92.00	7.00	6.39	28.07	101929.50	1849	0	WinnieSzeto	
1257	0:11:21	1/1/2019 	674929	719.00	15.00	16.67	28.08	101930.05	52409	0	WinnieSzeto	
1258	0:11:22	1/1/2019 	675628	807.00	55.00	23.01	28.08	101929.89	49828	1	WinnieSzeto	
1259	0:11:22	1/1/2019 	675710	957.00	169.00	42.02	28.08	101930.24	1851	1	WinnieSzeto	
1260	0:11:23	1/1/2019 	676372	668.00	10.00	14.91	28.08	101930.79	1849	0	WinnieSzeto	
1261	0:11:23	1/1/2019 	676790	626.00	8.00	14.09	28.08	101931.01	49828	0	WinnieSzeto	
1262	0:11:24	1/1/2019 	677855	141.00	8.00	7.76	28.09	101931.39	49822	0	WinnieSzeto	
1263	0:11:24	1/1/2019 	677924	751.00	21.00	18.40	28.09	101931.39	4433	0	WinnieSzeto	
1264	0:11:24	1/1/2019 	678026	782.00	32.00	20.49	28.09	101931.39	1849	1	WinnieSzeto	
1265	0:11:25	1/1/2019 	678741	167.00	7.00	8.48	28.09	101931.78	49825	0	WinnieSzeto	
1266	0:11:25	1/1/2019 	679121	138.00	7.00	7.67	28.09	101932.10	1850	0	WinnieSzeto	
1267	0:11:25	1/1/2019 	679162	320.00	8.00	11.32	28.09	101932.10	1849	0	WinnieSzeto	
1268	0:11:26	1/1/2019 	679566	149.00	7.00	7.98	28.09	101932.66	49825	0	WinnieSzeto	
1269	0:11:27	1/1/2019 	680800	761.00	26.00	19.47	28.10	101933.20	53347	0	WinnieSzeto	
1270	0:11:27	1/1/2019 	680915	726.00	16.00	16.99	28.10	101933.20	1852	1	WinnieSzeto	
1271	0:11:27	1/1/2019 	681033	731.00	17.00	17.30	28.10	101933.20	1849	0	WinnieSzeto	
1272	0:11:29	1/1/2019 	682775	744.00	19.00	17.88	28.10	101933.78	97804	0	WinnieSzeto	
1273	0:11:30	1/1/2019 	683743	92.00	6.00	6.39	28.11	101934.70	49828	0	WinnieSzeto	
1274	0:11:32	1/1/2019 	685692	819.00	61.00	23.68	28.11	101936.00	97802	1	WinnieSzeto	
1275	0:11:32	1/1/2019 	685863	901.00	111.00	32.12	28.11	101936.00	4418	0	WinnieSzeto	
1276	0:11:32	1/1/2019 	685900	196.00	7.00	9.20	28.11	101936.00	1850	0	WinnieSzeto	
1277	0:11:33	1/1/2019 	686769	925.00	146.00	38.63	28.12	101936.52	49825	1	WinnieSzeto	
1278	0:11:33	1/1/2019 	686817	101.00	7.00	6.62	28.12	101936.52	1851	0	WinnieSzeto	
1279	0:11:35	1/1/2019 	688485	171.00	7.00	8.58	28.12	101937.64	49826	0	WinnieSzeto	
1280	0:11:35	1/1/2019 	688846	467.00	7.00	12.51	28.12	101937.80	49829	0	WinnieSzeto	
1281	0:11:36	1/1/2019 	689973	139.00	8.00	7.70	28.13	101938.41	52392	0	WinnieSzeto	
1282	0:11:36	1/1/2019 	690325	92.00	7.00	6.39	28.13	101938.41	2574	0	WinnieSzeto	
1283	0:11:37	1/1/2019 	690637	920.00	133.00	36.37	28.13	101938.58	49827	1	WinnieSzeto	
1284	0:11:37	1/1/2019 	690770	580.00	8.00	13.61	28.13	101938.58	1851	0	WinnieSzeto	
1285	0:11:37	1/1/2019 	691071	168.00	7.00	8.50	28.13	101938.79	1847	0	WinnieSzeto	
1286	0:11:38	1/1/2019 	691454	241.00	7.00	10.11	28.13	101938.79	1848	0	WinnieSzeto	
1287	0:11:38	1/1/2019 	691481	261.00	7.00	10.45	28.13	101938.79	4455	0	WinnieSzeto	
1288	0:11:38	1/1/2019 	691747	637.00	9.00	14.43	28.13	101939.17	49826	0	WinnieSzeto	
1289	0:11:38	1/1/2019 	691814	204.00	6.00	9.36	28.13	101939.17	1849	0	WinnieSzeto	
1290	0:11:39	1/1/2019 	693002	955.00	209.00	46.27	28.14	101939.53	49826	0	WinnieSzeto	
1291	0:11:40	1/1/2019 	693451	675.00	11.00	15.26	28.14	101939.91	1851	0	WinnieSzeto	
1292	0:11:40	1/1/2019 	694185	127.00	7.00	7.35	28.14	101940.47	49827	0	WinnieSzeto	
1293	0:11:41	1/1/2019 	694623	162.00	7.00	8.34	28.14	101940.62	52412	0	WinnieSzeto	
1294	0:11:42	1/1/2019 	695952	199.00	9.00	9.29	28.15	101941.70	49832	0	WinnieSzeto	
1295	0:11:44	1/1/2019 	697377	822.00	67.00	24.40	28.15	101942.77	49827	0	WinnieSzeto	
1296	0:11:45	1/1/2019 	699200	117.00	7.00	7.06	28.16	101943.53	97803	0	WinnieSzeto	
1297	0:11:45	1/1/2019 	699213	971.00	252.00	50.47	28.16	101943.53	1851	0	WinnieSzeto	
1298	0:11:45	1/1/2019 	699264	581.00	8.00	13.62	28.16	101944.05	1850	0	WinnieSzeto	
1299	0:11:46	1/1/2019 	699419	901.00	108.00	31.54	28.16	101944.05	4431	0	WinnieSzeto	
1300	0:11:46	1/1/2019 	699611	184.00	7.00	8.91	28.16	101944.05	49829	0	WinnieSzeto	
1301	0:11:46	1/1/2019 	699888	924.00	138.00	37.27	28.16	101944.44	2580	1	WinnieSzeto	
1302	0:11:46	1/1/2019 	699970	338.00	7.00	11.48	28.16	101944.44	1850	0	WinnieSzeto	
1303	0:11:47	1/1/2019 	701087	841.00	74.00	25.39	28.16	101945.32	49825	1	WinnieSzeto	
1304	0:11:48	1/1/2019 	701613	549.00	7.00	13.13	28.17	101945.88	49830	0	WinnieSzeto	
1305	0:11:48	1/1/2019 	701661	936.00	151.00	39.45	28.17	101945.88	4536	0	WinnieSzeto	
1306	0:11:48	1/1/2019 	701784	102.00	6.00	6.64	28.17	101945.88	1857	0	WinnieSzeto	
1307	0:11:48	1/1/2019 	702317	172.00	7.00	8.61	28.17	101946.06	1853	0	WinnieSzeto	
1308	0:11:49	1/1/2019 	702633	361.00	7.00	11.72	28.17	101946.22	49825	0	WinnieSzeto	
1309	0:11:49	1/1/2019 	703194	127.00	7.00	7.35	28.17	101946.78	1850	0	WinnieSzeto	
1310	0:11:49	1/1/2019 	703335	536.00	7.00	13.01	28.17	101946.78	1849	0	WinnieSzeto	
1311	0:11:50	1/1/2019 	704120	908.00	121.00	34.09	28.17	101947.16	52476	1	WinnieSzeto	
1312	0:11:50	1/1/2019 	704278	801.00	49.00	22.40	28.18	101947.68	1852	1	WinnieSzeto	
1313	0:11:51	1/1/2019 	704376	178.00	7.00	8.76	28.18	101947.68	1850	0	WinnieSzeto	
1314	0:11:51	1/1/2019 	704390	950.00	156.00	40.21	28.18	101947.68	1850	1	WinnieSzeto	
1315	0:11:51	1/1/2019 	704969	641.00	9.00	14.46	28.18	101947.84	49826	0	WinnieSzeto	
1316	0:11:51	1/1/2019 	705014	80.00	7.00	6.13	28.18	101947.84	1849	0	WinnieSzeto	
1317	0:11:52	1/1/2019 	705643	554.00	8.00	13.32	28.18	101948.20	52637	0	WinnieSzeto	
1318	0:11:52	1/1/2019 	705781	256.00	7.00	10.37	28.18	101948.20	1848	0	WinnieSzeto	
1319	0:11:54	1/1/2019 	707752	240.00	7.00	10.09	28.19	101949.52	97803	0	WinnieSzeto	
1320	0:11:54	1/1/2019 	708142	176.00	7.00	8.71	28.19	101949.69	1850	0	WinnieSzeto	
1321	0:11:55	1/1/2019 	708738	548.00	6.00	12.98	28.19	101950.06	49825	0	WinnieSzeto	
1322	0:11:55	1/1/2019 	708948	664.00	10.00	14.89	28.19	101950.06	1850	0	WinnieSzeto	
1323	0:11:56	1/1/2019 	709681	95.00	8.00	6.47	28.19	101950.42	52420	0	WinnieSzeto	
1324	0:11:56	1/1/2019 	710117	753.00	21.00	18.40	28.19	101950.42	2575	1	WinnieSzeto	
1325	0:11:58	1/1/2019 	711344	825.00	66.00	24.29	28.20	101951.03	49826	0	WinnieSzeto	
1326	0:11:58	1/1/2019 	712233	96.00	7.00	6.49	28.20	101951.41	49828	0	WinnieSzeto	
1327	0:11:59	1/1/2019 	712494	810.00	57.00	23.22	28.20	101951.93	1849	0	WinnieSzeto	
1328	0:11:59	1/1/2019 	712618	337.00	8.00	11.52	28.20	101951.93	49829	0	WinnieSzeto	
1329	0:11:59	1/1/2019 	713280	232.00	7.00	9.95	28.20	101952.14	4677	0	WinnieSzeto	
1330	0:12:00	1/1/2019 	713777	257.00	7.00	10.39	28.20	101952.14	49825	0	WinnieSzeto	
1331	0:12:00	1/1/2019 	714099	636.00	9.00	14.42	28.20	101952.67	1851	0	WinnieSzeto	
1332	0:12:01	1/1/2019 	714595	136.00	7.00	7.61	28.20	101952.67	49827	0	WinnieSzeto	
1333	0:12:02	1/1/2019 	715405	620.00	8.00	14.03	28.21	101953.44	1851	0	WinnieSzeto	
1334	0:12:04	1/1/2019 	717372	131.00	7.00	7.47	28.21	101954.17	97802	0	WinnieSzeto	
1335	0:12:04	1/1/2019 	717752	810.00	50.00	22.51	28.21	101954.17	52440	0	WinnieSzeto	
1336	0:12:04	1/1/2019 	717874	177.00	7.00	8.74	28.21	101954.17	1849	0	WinnieSzeto	
1337	0:12:05	1/1/2019 	718446	128.00	7.00	7.38	28.22	101954.95	1850	0	WinnieSzeto	
1338	0:12:05	1/1/2019 	719082	741.00	20.00	18.13	28.22	101955.13	49827	0	WinnieSzeto	
1339	0:12:06	1/1/2019 	719922	949.00	157.00	40.36	28.22	101955.30	49829	0	WinnieSzeto	
1340	0:12:06	1/1/2019 	719994	511.00	5.00	12.57	28.22	101955.30	2577	0	WinnieSzeto	
1341	0:12:06	1/1/2019 	720029	895.00	104.00	30.74	28.22	101955.30	4682	1	WinnieSzeto	
1342	0:12:07	1/1/2019 	721303	893.00	102.00	30.35	28.23	101956.07	49828	1	WinnieSzeto	
1343	0:12:08	1/1/2019 	721381	114.00	7.00	6.97	28.23	101956.07	1851	0	WinnieSzeto	
1344	0:12:08	1/1/2019 	721466	104.00	7.00	6.70	28.23	101956.07	1850	0	WinnieSzeto	
1345	0:12:08	1/1/2019 	721814	160.00	7.00	8.29	28.23	101956.45	49826	0	WinnieSzeto	
1346	0:12:09	1/1/2019 	723071	439.00	7.00	12.33	28.23	101957.00	49827	0	WinnieSzeto	
1347	0:12:10	1/1/2019 	723364	216.00	7.00	9.63	28.23	101957.00	4440	0	WinnieSzeto	
1348	0:12:10	1/1/2019 	723496	71.00	7.00	5.99	28.23	101957.16	1850	0	WinnieSzeto	
1349	0:12:10	1/1/2019 	723643	444.00	7.00	12.36	28.23	101957.16	49826	0	WinnieSzeto	
1350	0:12:10	1/1/2019 	723848	76.00	7.00	6.06	28.23	101957.16	1850	0	WinnieSzeto	
1351	0:12:10	1/1/2019 	724321	73.00	6.00	6.02	28.23	101957.00	1849	0	WinnieSzeto	
1352	0:12:11	1/1/2019 	724597	118.00	7.00	7.09	28.24	101957.22	49824	0	WinnieSzeto	
1353	0:12:11	1/1/2019 	724694	396.00	8.00	12.09	28.24	101957.22	4432	0	WinnieSzeto	
1354	0:12:13	1/1/2019 	727226	970.00	378.00	70.81	28.25	101958.55	97803	0	WinnieSzeto	
1355	0:12:14	1/1/2019 	727860	566.00	8.00	13.45	28.25	101958.89	49828	0	WinnieSzeto	
1356	0:12:14	1/1/2019 	727919	385.00	7.00	11.93	28.25	101958.89	1849	0	WinnieSzeto	
1357	0:12:14	1/1/2019 	728233	574.00	8.00	13.54	28.25	101958.89	1850	0	WinnieSzeto	
1358	0:12:17	1/1/2019 	731174	218.00	7.00	9.67	28.26	101963.09	145783	0	WinnieSzeto	
1359	0:12:18	1/1/2019 	732119	83.00	7.00	6.19	28.26	101963.09	53363	0	WinnieSzeto	
1360	0:12:19	1/1/2019 	732654	973.00	421.00	77.33	28.26	101963.48	49827	0	WinnieSzeto	
1361	0:12:19	1/1/2019 	732930	584.00	7.00	13.48	28.26	101963.67	1851	0	WinnieSzeto	
1362	0:12:19	1/1/2019 	732995	199.00	7.00	9.26	28.26	101963.67	1850	0	WinnieSzeto	
1363	0:12:20	1/1/2019 	733804	814.00	60.00	23.56	28.27	101963.75	49828	0	WinnieSzeto	
1364	0:12:20	1/1/2019 	733946	110.00	7.00	6.86	28.27	101963.75	1850	0	WinnieSzeto	
1365	0:12:20	1/1/2019 	734107	166.00	7.00	8.45	28.27	101963.75	4453	0	WinnieSzeto	
1366	0:12:21	1/1/2019 	735038	159.00	7.00	8.26	28.27	101963.96	49827	0	WinnieSzeto	
1367	0:12:22	1/1/2019 	735408	695.00	12.00	15.65	28.27	101963.96	1850	1	WinnieSzeto	
1368	0:12:22	1/1/2019 	736170	234.00	7.00	9.98	28.28	101964.23	49827	0	WinnieSzeto	
1369	0:12:23	1/1/2019 	737111	909.00	120.00	33.90	28.28	101964.59	49826	1	WinnieSzeto	
1370	0:12:23	1/1/2019 	737146	602.00	9.00	14.05	28.28	101964.59	1851	0	WinnieSzeto	
1371	0:12:23	1/1/2019 	737309	982.00	526.00	90.49	28.28	101964.59	4432	0	WinnieSzeto	
1372	0:12:24	1/1/2019 	737393	174.00	7.00	8.66	28.28	101964.59	1850	0	WinnieSzeto	
1373	0:12:24	1/1/2019 	737980	554.00	7.00	13.18	28.28	101964.64	49826	0	WinnieSzeto	
1374	0:12:26	1/1/2019 	739579	656.00	9.00	14.55	28.29	101964.09	97806	0	WinnieSzeto	
1375	0:12:27	1/1/2019 	740353	420.00	7.00	12.20	28.29	101964.11	2581	0	WinnieSzeto	
1376	0:12:27	1/1/2019 	741316	836.00	63.00	23.95	28.29	101963.83	49830	1	WinnieSzeto	
1377	0:12:29	1/1/2019 	742497	953.00	165.00	41.49	28.30	101963.74	52440	0	WinnieSzeto	
1378	0:12:29	1/1/2019 	743168	349.00	7.00	11.60	28.30	101964.16	49829	0	WinnieSzeto	
1379	0:12:29	1/1/2019 	743270	83.00	6.00	6.19	28.30	101964.16	1849	0	WinnieSzeto	
1380	0:12:30	1/1/2019 	744272	88.00	7.00	6.30	28.30	101964.20	49826	0	WinnieSzeto	
1381	0:12:31	1/1/2019 	745005	73.00	7.00	6.02	28.31	101964.92	49828	0	WinnieSzeto	
1382	0:12:31	1/1/2019 	745152	383.00	7.00	11.92	28.31	101964.92	1850	0	WinnieSzeto	
1383	0:12:32	1/1/2019 	745653	724.00	15.00	16.68	28.31	101965.97	52410	0	WinnieSzeto	
1384	0:12:33	1/1/2019 	747057	112.00	7.00	6.92	28.31	101970.34	49830	0	WinnieSzeto	
1385	0:12:34	1/1/2019 	747487	636.00	8.00	14.16	28.31	101970.34	1851	0	WinnieSzeto	
1386	0:12:34	1/1/2019 	747856	144.00	7.00	7.84	28.32	101971.89	49828	0	WinnieSzeto	
1387	0:12:34	1/1/2019 	748000	158.00	6.00	8.23	28.32	101971.89	1849	0	WinnieSzeto	
1388	0:12:34	1/1/2019 	748313	814.00	60.00	23.56	28.32	101972.88	1849	1	WinnieSzeto	
1389	0:12:35	1/1/2019 	749146	113.00	6.00	6.94	28.32	101974.98	52639	0	WinnieSzeto	
1390	0:12:36	1/1/2019 	749554	407.00	7.00	12.11	28.32	101974.98	49829	0	WinnieSzeto	
1391	0:12:36	1/1/2019 	749573	603.00	8.00	13.87	28.32	101974.98	2575	0	WinnieSzeto	
1392	0:12:36	1/1/2019 	750124	152.00	7.00	8.07	28.32	101975.47	1848	0	WinnieSzeto	
1393	0:12:37	1/1/2019 	750440	87.00	7.00	6.28	28.32	101976.62	1851	0	WinnieSzeto	
1394	0:12:37	1/1/2019 	750615	206.00	7.00	9.42	28.32	101976.62	49838	0	WinnieSzeto	
1395	0:12:38	1/1/2019 	751478	884.00	99.00	29.74	28.33	101980.05	4480	1	WinnieSzeto	
1396	0:12:38	1/1/2019 	752173	310.00	7.00	11.15	28.33	101982.03	49829	0	WinnieSzeto	
1397	0:12:39	1/1/2019 	752428	452.00	7.00	12.41	28.33	101983.91	1850	0	WinnieSzeto	
1398	0:12:39	1/1/2019 	752574	652.00	9.00	14.53	28.33	101983.91	49829	0	WinnieSzeto	
1399	0:12:39	1/1/2019 	752699	556.00	8.00	13.34	28.33	101983.91	1850	0	WinnieSzeto	
1400	0:12:40	1/1/2019 	753838	208.00	7.00	9.46	28.34	101986.13	49826	0	WinnieSzeto	
1401	0:12:40	1/1/2019 	753966	146.00	6.00	7.89	28.34	101986.13	4661	0	WinnieSzeto	
1402	0:12:40	1/1/2019 	754147	918.00	132.00	36.18	28.34	101986.62	1851	0	WinnieSzeto	
1403	0:12:41	1/1/2019 	755046	810.00	52.00	22.71	28.34	101987.34	49835	0	WinnieSzeto	
1404	0:12:41	1/1/2019 	755121	693.00	12.00	15.64	28.34	101987.34	1851	0	WinnieSzeto	
1405	0:12:42	1/1/2019 	755406	554.00	8.00	13.32	28.34	101987.56	1849	0	WinnieSzeto	
1406	0:12:44	1/1/2019 	757681	111.00	6.00	6.89	28.35	101988.36	145785	0	WinnieSzeto	
1407	0:12:44	1/1/2019 	757991	910.00	116.00	33.12	28.35	101988.36	4441	1	WinnieSzeto	
1408	0:12:45	1/1/2019 	759109	953.00	160.00	40.80	28.35	101988.77	49828	0	WinnieSzeto	
1409	0:12:46	1/1/2019 	759686	585.00	8.00	13.66	28.35	101988.59	49832	0	WinnieSzeto	
1410	0:12:48	1/1/2019 	761458	849.00	76.00	25.70	28.36	101987.35	50553	0	WinnieSzeto	
1411	0:12:48	1/1/2019 	762332	89.00	7.00	6.32	28.36	101986.62	49830	0	WinnieSzeto	
1412	0:12:49	1/1/2019 	762688	824.00	58.00	23.36	28.36	101986.62	49833	0	WinnieSzeto	
1413	0:12:49	1/1/2019 	762999	724.00	15.00	16.68	28.36	101985.80	4613	1	WinnieSzeto	
1414	0:12:50	1/1/2019 	763939	520.00	8.00	12.99	28.37	101985.05	49827	0	WinnieSzeto	
1415	0:12:51	1/1/2019 	765126	580.00	8.00	13.61	28.37	101984.44	49825	0	WinnieSzeto	
1416	0:12:52	1/1/2019 	765666	91.00	7.00	6.37	28.37	101984.49	49825	0	WinnieSzeto	
1417	0:12:52	1/1/2019 	765974	423.00	7.00	12.22	28.37	101984.49	1850	0	WinnieSzeto	
1418	0:12:53	1/1/2019 	766367	89.00	6.00	6.32	28.37	101984.16	1850	0	WinnieSzeto	
1419	0:12:53	1/1/2019 	766601	696.00	12.00	15.65	28.37	101984.16	52416	0	WinnieSzeto	
1420	0:12:53	1/1/2019 	766641	213.00	7.00	9.57	28.37	101984.16	1849	0	WinnieSzeto	
1421	0:12:54	1/1/2019 	767993	525.00	8.00	13.03	28.38	101982.58	49826	0	WinnieSzeto	
1422	0:12:54	1/1/2019 	768218	194.00	7.00	9.15	28.38	101982.58	1848	0	WinnieSzeto	
1423	0:12:54	1/1/2019 	768305	613.00	8.00	13.97	28.38	101982.58	1848	0	WinnieSzeto	
1424	0:12:57	1/1/2019 	771226	166.00	7.00	8.45	28.39	101982.27	145781	0	WinnieSzeto	
1425	0:12:58	1/1/2019 	771989	228.00	7.00	9.87	28.39	101981.94	53634	0	WinnieSzeto	
1426	0:12:59	1/1/2019 	772588	98.00	7.00	6.54	28.39	101982.12	49829	0	WinnieSzeto	
1427	0:12:59	1/1/2019 	772754	600.00	8.00	13.83	28.39	101982.02	1856	0	WinnieSzeto	
1428	0:12:59	1/1/2019 	772852	132.00	6.00	7.49	28.39	101982.02	1847	0	WinnieSzeto	
1429	0:13:02	1/1/2019 	775634	335.00	7.00	11.45	28.40	101982.03	145780	0	WinnieSzeto	
1430	0:13:04	1/1/2019 	777849	512.00	7.00	12.82	28.41	101983.30	97805	0	WinnieSzeto	
1431	0:13:06	1/1/2019 	779838	283.00	7.00	10.79	28.42	101985.22	100395	0	WinnieSzeto	
1432	0:13:10	1/1/2019 	783813	146.00	7.00	7.90	28.43	101987.22	194481	0	WinnieSzeto	
1433	0:13:10	1/1/2019 	784018	511.00	7.00	12.81	28.43	101987.22	1851	0	WinnieSzeto	
1434	0:13:14	1/1/2019 	788210	173.00	7.00	8.63	28.44	101988.95	193756	0	WinnieSzeto	
1435	0:13:14	1/1/2019 	788227	771.00	29.00	20.01	28.44	101988.95	1850	0	WinnieSzeto	
1436	0:13:14	1/1/2019 	788243	681.00	10.00	14.94	28.44	101988.95	1851	0	WinnieSzeto	
1437	0:13:14	1/1/2019 	788251	127.00	7.00	7.35	28.44	101988.95	4681	0	WinnieSzeto	
1438	0:13:15	1/1/2019 	788923	98.00	7.00	6.54	28.44	101988.62	49826	0	WinnieSzeto	
1439	0:13:17	1/1/2019 	790377	397.00	7.00	12.03	28.44	101988.70	49827	0	WinnieSzeto	
1440	0:13:18	1/1/2019 	792057	117.00	7.00	7.06	28.45	101988.11	98526	0	WinnieSzeto	
1441	0:13:19	1/1/2019 	793326	638.00	8.00	14.17	28.45	101987.83	49824	0	WinnieSzeto	
1442	0:13:20	1/1/2019 	794204	300.00	7.00	11.02	28.45	101987.38	49824	0	WinnieSzeto	
1443	0:13:20	1/1/2019 	794211	245.00	6.00	10.16	28.45	101987.38	4455	0	WinnieSzeto	
1444	0:13:22	1/1/2019 	795396	959.00	205.00	45.90	28.46	101987.11	49824	0	WinnieSzeto	
1445	0:13:22	1/1/2019 	795747	965.00	178.00	43.12	28.46	101986.61	49828	0	WinnieSzeto	
1446	0:13:22	1/1/2019 	795981	683.00	5.00	12.92	28.46	101986.61	1851	0	WinnieSzeto	
1447	0:13:23	1/1/2019 	797139	716.00	15.00	16.66	28.46	101986.30	49827	0	WinnieSzeto	
1448	0:13:25	1/1/2019 	799227	927.00	149.00	39.12	28.47	101985.97	97802	1	WinnieSzeto	
1449	0:13:27	1/1/2019 	800643	144.00	7.00	7.84	28.47	101985.96	100615	0	WinnieSzeto	
1450	0:13:27	1/1/2019 	800730	116.00	7.00	7.03	28.47	101986.12	2579	0	WinnieSzeto	
1451	0:13:27	1/1/2019 	800783	180.00	7.00	8.81	28.47	101986.12	1856	0	WinnieSzeto	
1452	0:13:28	1/1/2019 	801995	462.00	7.00	12.48	28.47	101986.73	49829	0	WinnieSzeto	
1453	0:13:29	1/1/2019 	803296	221.00	7.00	9.73	28.48	101987.61	49828	0	WinnieSzeto	
1454	0:13:30	1/1/2019 	804203	144.00	7.00	7.84	28.48	101988.46	49828	0	WinnieSzeto	
1455	0:13:32	1/1/2019 	805887	773.00	29.00	20.02	28.48	101988.56	100407	1	WinnieSzeto	
1456	0:13:33	1/1/2019 	806902	873.00	94.00	28.77	28.49	101988.62	49829	0	WinnieSzeto	
1457	0:13:36	1/1/2019 	810294	965.00	222.00	47.47	28.49	101988.75	145782	1	WinnieSzeto	
1458	0:13:38	1/1/2019 	811943	140.00	7.00	7.73	28.50	101990.64	98533	0	WinnieSzeto	
1459	0:13:40	1/1/2019 	814070	200.00	7.00	9.29	28.50	101995.91	97802	0	WinnieSzeto	
1460	0:13:43	1/1/2019 	816687	137.00	7.00	7.64	28.51	101998.52	145779	0	WinnieSzeto	
1461	0:13:43	1/1/2019 	817282	315.00	7.00	11.22	28.51	101998.85	4462	0	WinnieSzeto	
1462	0:13:47	1/1/2019 	820398	966.00	276.00	53.45	28.52	102000.50	145780	1	WinnieSzeto	
1463	0:13:48	1/1/2019 	821399	154.00	6.00	8.12	28.52	102001.02	50555	0	WinnieSzeto	
1464	0:13:50	1/1/2019 	823493	973.00	567.00	97.69	28.53	102004.08	97803	1	WinnieSzeto	
1465	0:13:51	1/1/2019 	824615	397.00	6.00	11.96	28.53	102004.80	97801	0	WinnieSzeto	
1466	0:13:51	1/1/2019 	825111	174.00	7.00	8.66	28.53	102005.34	4453	0	WinnieSzeto	
1467	0:13:51	1/1/2019 	825116	436.00	7.00	12.31	28.53	102005.34	1849	0	WinnieSzeto	
1468	0:13:52	1/1/2019 	825919	896.00	104.00	30.74	28.53	102006.20	49825	1	WinnieSzeto	
1469	0:13:59	1/1/2019 	833065	154.00	7.00	8.12	28.55	102008.64	337680	0	WinnieSzeto	
1470	0:14:04	1/1/2019 	837613	573.00	7.00	13.37	28.56	102010.83	242456	0	WinnieSzeto	
1471	0:14:04	1/1/2019 	837637	429.00	7.00	12.26	28.56	102010.83	1850	0	WinnieSzeto	
1472	0:14:04	1/1/2019 	838307	691.00	11.00	15.30	28.56	102010.67	4605	0	WinnieSzeto	
1473	0:14:05	1/1/2019 	838752	910.00	126.00	35.05	28.56	102010.89	49827	1	WinnieSzeto	
1474	0:14:06	1/1/2019 	839713	276.00	7.00	10.69	28.57	102010.91	49828	0	WinnieSzeto	
1475	0:14:06	1/1/2019 	840103	720.00	15.00	16.67	28.57	102010.91	2577	0	WinnieSzeto	
1476	0:14:08	1/1/2019 	841634	635.00	9.00	14.41	28.57	102011.12	97804	0	WinnieSzeto	
1477	0:14:09	1/1/2019 	842726	171.00	7.00	8.58	28.57	102011.02	49832	0	WinnieSzeto	
1478	0:14:09	1/1/2019 	843181	320.00	7.00	11.28	28.57	102011.56	4453	0	WinnieSzeto	
1479	0:14:09	1/1/2019 	843202	800.00	47.00	22.20	28.57	102011.56	1850	0	WinnieSzeto	
1480	0:14:10	1/1/2019 	843346	645.00	9.00	14.49	28.57	102011.56	1851	0	WinnieSzeto	
1481	0:14:11	1/1/2019 	844910	183.00	7.00	8.89	28.58	102013.30	97802	0	WinnieSzeto	
1482	0:14:11	1/1/2019 	844930	529.00	8.00	13.07	28.58	102013.30	1850	0	WinnieSzeto	
1483	0:14:11	1/1/2019 	845018	316.00	7.00	11.23	28.58	102013.30	1847	0	WinnieSzeto	
1484	0:14:12	1/1/2019 	845729	948.00	158.00	40.51	28.58	102013.69	52562	1	WinnieSzeto	
1485	0:14:14	1/1/2019 	847590	911.00	121.00	34.10	28.59	102014.42	97802	1	WinnieSzeto	
1486	0:14:17	1/1/2019 	850396	773.00	30.00	20.17	28.59	102016.38	97810	1	WinnieSzeto	
1487	0:14:17	1/1/2019 	850713	577.00	8.00	13.57	28.60	102016.59	50557	0	WinnieSzeto	
1488	0:14:17	1/1/2019 	850739	961.00	169.00	42.02	28.60	102016.59	1848	0	WinnieSzeto	
1489	0:14:17	1/1/2019 	850835	445.00	7.00	12.37	28.60	102016.59	1849	0	WinnieSzeto	
1490	0:14:17	1/1/2019 	850872	152.00	7.00	8.07	28.60	102016.59	4475	0	WinnieSzeto	
1491	0:14:19	1/1/2019 	852555	126.00	6.00	7.32	28.60	102016.48	97800	0	WinnieSzeto	
1492	0:14:20	1/1/2019 	853671	806.00	50.00	22.51	28.60	102016.72	49827	1	WinnieSzeto	
1493	0:14:21	1/1/2019 	854644	179.00	7.00	8.79	28.61	102016.28	49827	0	WinnieSzeto	
1494	0:14:21	1/1/2019 	854666	683.00	11.00	15.28	28.61	102016.28	1851	0	WinnieSzeto	
1495	0:14:24	1/1/2019 	857837	93.00	7.00	6.42	28.61	102013.92	145780	0	WinnieSzeto	
1496	0:14:26	1/1/2019 	859969	596.00	8.00	13.79	28.62	102013.17	100537	1	WinnieSzeto	
1497	0:14:27	1/1/2019 	860657	134.00	7.00	7.55	28.62	102013.22	50551	0	WinnieSzeto	
1498	0:14:29	1/1/2019 	863231	965.00	276.00	53.45	28.63	102014.18	97802	1	WinnieSzeto	
1499	0:14:29	1/1/2019 	863333	87.00	7.00	6.28	28.63	102014.18	1851	0	WinnieSzeto	
1500	0:14:32	1/1/2019 	865713	954.00	169.00	42.02	28.63	102014.92	145778	0	WinnieSzeto	
1501	0:14:32	1/1/2019 	865839	793.00	38.00	21.26	28.63	102014.92	1852	1	WinnieSzeto	
1502	0:14:34	1/1/2019 	867680	152.00	7.00	8.07	28.64	102014.86	100406	0	WinnieSzeto	
1503	0:14:34	1/1/2019 	868106	393.00	7.00	12.00	28.64	102014.36	1850	0	WinnieSzeto	
1504	0:14:35	1/1/2019 	868378	954.00	169.00	42.02	28.64	102014.36	1850	1	WinnieSzeto	
1505	0:14:35	1/1/2019 	868962	932.00	146.00	38.64	28.64	102013.89	49829	1	WinnieSzeto	
1506	0:14:35	1/1/2019 	869323	168.00	7.00	8.50	28.64	102013.39	1851	0	WinnieSzeto	
1507	0:14:36	1/1/2019 	869692	826.00	63.00	23.93	28.64	102013.39	49825	1	WinnieSzeto	
1508	0:14:36	1/1/2019 	869863	733.00	18.00	17.58	28.64	102013.06	5403	0	WinnieSzeto	
1509	0:14:37	1/1/2019 	871005	398.00	7.00	12.04	28.65	102012.97	49827	0	WinnieSzeto	
1510	0:14:38	1/1/2019 	871399	171.00	7.00	8.58	28.65	102012.64	1850	0	WinnieSzeto	
1511	0:14:38	1/1/2019 	871802	148.00	7.00	7.96	28.65	102012.64	49826	0	WinnieSzeto	
1512	0:14:38	1/1/2019 	871926	89.00	7.00	6.32	28.65	102012.47	1849	0	WinnieSzeto	
1513	0:14:38	1/1/2019 	872173	916.00	128.00	35.44	28.65	102012.47	1849	1	WinnieSzeto	
1514	0:14:39	1/1/2019 	872627	653.00	9.00	14.54	28.65	102012.69	52406	1	WinnieSzeto	
1515	0:14:40	1/1/2019 	874028	123.00	6.00	7.23	28.65	102012.74	49827	0	WinnieSzeto	
1516	0:14:40	1/1/2019 	874185	158.00	7.00	8.23	28.65	102012.41	1850	0	WinnieSzeto	
1517	0:14:41	1/1/2019 	875066	118.00	7.00	7.09	28.65	102012.47	49824	0	WinnieSzeto	
1518	0:14:42	1/1/2019 	876294	84.00	6.00	6.21	28.66	102012.00	49827	0	WinnieSzeto	
1519	0:14:43	1/1/2019 	877012	969.00	317.00	59.93	28.66	102012.05	49826	0	WinnieSzeto	
1520	0:14:44	1/1/2019 	877731	629.00	9.00	14.36	28.66	102011.88	52583	0	WinnieSzeto	
1521	0:14:44	1/1/2019 	877733	108.00	7.00	6.81	28.66	102011.88	1851	0	WinnieSzeto	
1522	0:14:44	1/1/2019 	878228	762.00	25.00	19.29	28.66	102011.77	1849	0	WinnieSzeto	
1523	0:14:45	1/1/2019 	878477	962.00	255.00	50.81	28.66	102011.60	1850	0	WinnieSzeto	
1524	0:14:45	1/1/2019 	879165	142.00	7.00	7.78	28.66	102011.27	49829	0	WinnieSzeto	
1525	0:14:46	1/1/2019 	879435	966.00	274.00	53.18	28.66	102011.27	1849	0	WinnieSzeto	
1526	0:14:46	1/1/2019 	879654	109.00	7.00	6.83	28.66	102011.32	52419	0	WinnieSzeto	
1527	0:14:48	1/1/2019 	881754	141.00	6.00	7.75	28.67	102010.55	98528	0	WinnieSzeto	
1528	0:14:49	1/1/2019 	882409	918.00	133.00	36.37	28.67	102010.08	1850	1	WinnieSzeto	
1529	0:14:49	1/1/2019 	883089	430.00	7.00	12.27	28.67	102009.91	49825	0	WinnieSzeto	
1530	0:14:49	1/1/2019 	883128	794.00	41.00	21.58	28.67	102009.91	1850	0	WinnieSzeto	
1531	0:14:49	1/1/2019 	883132	249.00	7.00	10.25	28.67	102009.91	1850	0	WinnieSzeto	
1532	0:14:51	1/1/2019 	884351	120.00	7.00	7.15	28.67	102009.60	52580	0	WinnieSzeto	
1533	0:14:51	1/1/2019 	884648	461.00	7.00	12.47	28.67	102009.48	49824	1	WinnieSzeto	
1534	0:14:52	1/1/2019 	886161	104.00	7.00	6.70	28.68	102008.71	49827	0	WinnieSzeto	
1535	0:14:52	1/1/2019 	886171	985.00	630.00	111.89	28.68	102008.71	1850	1	WinnieSzeto	
1536	0:14:54	1/1/2019 	887582	774.00	29.00	20.02	28.68	102008.57	97801	1	WinnieSzeto	
1537	0:14:54	1/1/2019 	888103	122.00	6.00	7.20	28.68	102008.45	1851	0	WinnieSzeto	
1538	0:14:55	1/1/2019 	888861	710.00	14.00	16.34	28.68	102008.12	52419	0	WinnieSzeto	
1539	0:14:55	1/1/2019 	888948	540.00	8.00	13.17	28.68	102008.17	1856	0	WinnieSzeto	
1540	0:14:56	1/1/2019 	889821	156.00	7.00	8.18	28.68	102008.02	49826	0	WinnieSzeto	
1541	0:14:56	1/1/2019 	890138	702.00	13.00	15.99	28.69	102007.90	2575	0	WinnieSzeto	
1542	0:14:57	1/1/2019 	890470	277.00	6.00	10.67	28.69	102007.90	1850	0	WinnieSzeto	
1543	0:14:58	1/1/2019 	891675	921.00	137.00	37.09	28.69	102007.29	97802	1	WinnieSzeto	
1544	0:14:58	1/1/2019 	892104	640.00	9.00	14.45	28.69	102007.29	5392	0	WinnieSzeto	
1545	0:14:59	1/1/2019 	892452	696.00	12.00	15.65	28.69	102006.96	1850	0	WinnieSzeto	
1546	0:15:00	1/1/2019 	893413	622.00	8.00	14.05	28.69	102006.88	49831	0	WinnieSzeto	
1547	0:15:00	1/1/2019 	893450	129.00	7.00	7.41	28.69	102006.88	1856	0	WinnieSzeto	
1548	0:15:00	1/1/2019 	894109	651.00	9.00	14.53	28.69	102006.88	49834	0	WinnieSzeto	
1549	0:15:02	1/1/2019 	895638	562.00	7.00	13.26	28.70	102006.42	97808	0	WinnieSzeto	
1550	0:15:02	1/1/2019 	896071	974.00	399.00	74.18	28.70	102005.92	4484	1	WinnieSzeto	
1551	0:15:03	1/1/2019 	896474	841.00	75.00	25.53	28.70	102005.92	1850	0	WinnieSzeto	
1552	0:15:03	1/1/2019 	896885	849.00	75.00	25.56	28.70	102006.14	49830	1	WinnieSzeto	
1553	0:15:03	1/1/2019 	897109	260.00	7.00	10.44	28.70	102005.81	1851	0	WinnieSzeto	
1554	0:15:03	1/1/2019 	897253	947.00	158.00	40.51	28.70	102005.81	1850	1	WinnieSzeto	
1555	0:15:05	1/1/2019 	898412	504.00	7.00	12.76	28.70	102005.64	49827	0	WinnieSzeto	
1556	0:15:07	1/1/2019 	899943	777.00	32.00	20.47	28.70	102005.20	100390	0	WinnieSzeto	
1557	0:15:07	1/1/2019 	900365	165.00	6.00	8.42	28.70	102005.20	2636	0	WinnieSzeto	
1558	0:15:07	1/1/2019 	900567	804.00	47.00	22.21	28.70	102005.03	49825	1	WinnieSzeto	
1559	0:15:08	1/1/2019 	901302	920.00	134.00	36.55	28.70	102004.70	1851	1	WinnieSzeto	
1560	0:15:10	1/1/2019 	903027	178.00	7.00	8.76	28.71	102003.81	97807	0	WinnieSzeto	
1561	0:15:10	1/1/2019 	903201	925.00	135.00	36.74	28.71	102003.53	1849	0	WinnieSzeto	
1562	0:15:12	1/1/2019 	904968	174.00	7.00	8.66	28.71	102002.56	100409	0	WinnieSzeto	
1563	0:15:12	1/1/2019 	904989	77.00	6.00	6.08	28.71	102002.56	1850	0	WinnieSzeto	
1564	0:15:12	1/1/2019 	905210	808.00	57.00	23.22	28.71	102002.56	1849	1	WinnieSzeto	
1565	0:15:12	1/1/2019 	905904	71.00	7.00	5.99	28.72	102002.28	49826	0	WinnieSzeto	
1566	0:15:13	1/1/2019 	906151	203.00	7.00	9.35	28.72	102002.28	1849	0	WinnieSzeto	
1567	0:15:13	1/1/2019 	906553	752.00	22.00	18.63	28.72	102002.12	49831	0	WinnieSzeto	
1568	0:15:14	1/1/2019 	907176	955.00	171.00	42.27	28.72	102001.80	4664	1	WinnieSzeto	
1569	0:15:14	1/1/2019 	907293	557.00	8.00	13.35	28.72	102001.80	1851	0	WinnieSzeto	
1570	0:15:14	1/1/2019 	907321	415.00	9.00	12.30	28.72	102001.80	1848	0	WinnieSzeto	
1571	0:15:14	1/1/2019 	907655	694.00	12.00	15.64	28.72	102002.01	49827	0	WinnieSzeto	
1572	0:15:14	1/1/2019 	907872	131.00	6.00	7.46	28.72	102002.01	1849	0	WinnieSzeto	
1573	0:15:14	1/1/2019 	907878	172.00	7.00	8.61	28.72	102002.01	1849	0	WinnieSzeto	
1574	0:15:15	1/1/2019 	908687	970.00	296.00	56.42	28.72	102001.84	52417	1	WinnieSzeto	
1575	0:15:16	1/1/2019 	909373	715.00	15.00	16.66	28.72	102002.06	1852	1	WinnieSzeto	
1576	0:15:17	1/1/2019 	909998	957.00	180.00	43.35	28.72	102002.06	49828	1	WinnieSzeto	
1577	0:15:17	1/1/2019 	910185	681.00	11.00	15.28	28.72	102002.06	2639	0	WinnieSzeto	
1578	0:15:17	1/1/2019 	910463	97.00	6.00	6.51	28.72	102002.41	1849	0	WinnieSzeto	
1579	0:15:18	1/1/2019 	911216	658.00	9.00	14.56	28.72	102002.41	49825	0	WinnieSzeto	
1580	0:15:18	1/1/2019 	911574	644.00	9.00	14.48	28.73	102002.80	52657	0	WinnieSzeto	
1581	0:15:18	1/1/2019 	911665	100.00	7.00	6.59	28.73	102002.80	1849	0	WinnieSzeto	
1582	0:15:21	1/1/2019 	914191	172.00	7.00	8.61	28.73	102002.55	97802	0	WinnieSzeto	
1583	0:15:21	1/1/2019 	914327	815.00	50.00	22.53	28.73	102002.55	1850	0	WinnieSzeto	
1584	0:15:21	1/1/2019 	914550	832.00	67.00	24.43	28.73	102002.55	49828	0	WinnieSzeto	
1585	0:15:21	1/1/2019 	914562	195.00	6.00	9.16	28.73	102002.55	1850	0	WinnieSzeto	
1586	0:15:21	1/1/2019 	914704	179.00	7.00	8.79	28.73	102002.22	4438	0	WinnieSzeto	
1587	0:15:22	1/1/2019 	915323	618.00	8.00	14.02	28.73	102001.88	1852	0	WinnieSzeto	
1588	0:15:23	1/1/2019 	916815	417.00	7.00	12.18	28.73	102001.27	97807	0	WinnieSzeto	
1589	0:15:23	1/1/2019 	916818	680.00	11.00	15.27	28.73	102001.27	1851	1	WinnieSzeto	
1590	0:15:24	1/1/2019 	916960	567.00	8.00	13.46	28.74	102000.97	1849	0	WinnieSzeto	
1591	0:15:24	1/1/2019 	917790	397.00	6.00	11.96	28.74	102000.47	49824	0	WinnieSzeto	
1592	0:15:25	1/1/2019 	918274	156.00	7.00	8.18	28.74	101999.80	4431	0	WinnieSzeto	
1593	0:15:27	1/1/2019 	920286	343.00	7.00	11.54	28.74	101998.75	97804	0	WinnieSzeto	
1594	0:15:28	1/1/2019 	921377	140.00	7.00	7.73	28.74	101997.42	50613	0	WinnieSzeto	
1595	0:15:28	1/1/2019 	921814	804.00	52.00	22.70	28.74	101997.15	49827	0	WinnieSzeto	
1596	0:15:30	1/1/2019 	923584	76.00	7.00	6.06	28.74	101995.48	97804	0	WinnieSzeto	
1597	0:15:30	1/1/2019 	923811	263.00	7.00	10.49	28.74	101995.48	1850	0	WinnieSzeto	
1598	0:15:31	1/1/2019 	924101	103.00	9.00	6.67	28.75	101995.52	4453	0	WinnieSzeto	
1599	0:15:32	1/1/2019 	925285	306.00	8.00	11.14	28.75	101994.84	49827	1	WinnieSzeto	
1600	0:15:38	1/1/2019 	931698	180.00	11.00	8.84	28.76	101993.07	337688	1	WinnieSzeto	
1601	0:15:38	1/1/2019 	931781	789.00	37.00	21.13	28.76	101993.07	2638	0	WinnieSzeto	
1602	0:15:39	1/1/2019 	932493	105.00	7.00	6.72	28.76	101992.91	1850	0	WinnieSzeto	
1603	0:15:40	1/1/2019 	933052	91.00	6.00	6.37	28.76	101992.93	49827	0	WinnieSzeto	
1604	0:15:40	1/1/2019 	933341	804.00	52.00	22.70	28.76	101992.77	4680	1	WinnieSzeto	
1605	0:15:40	1/1/2019 	933879	97.00	7.00	6.51	28.76	101992.60	49827	0	WinnieSzeto	
1606	0:15:43	1/1/2019 	935994	964.00	224.00	47.65	28.76	101991.95	97804	1	WinnieSzeto	
1607	0:15:43	1/1/2019 	936142	72.00	6.00	6.00	28.76	101991.62	1855	0	WinnieSzeto	
1608	0:15:43	1/1/2019 	936699	924.00	132.00	36.19	28.76	101991.52	49832	0	WinnieSzeto	
1609	0:15:44	1/1/2019 	937926	678.00	11.00	15.27	28.76	101990.69	49829	0	WinnieSzeto	
1610	0:15:47	1/1/2019 	940707	160.00	7.00	8.29	28.77	101987.59	148374	0	WinnieSzeto	
1611	0:15:48	1/1/2019 	941587	712.00	15.00	16.65	28.77	101986.28	50614	1	WinnieSzeto	
1612	0:15:48	1/1/2019 	941786	239.00	7.00	10.08	28.77	101986.28	1852	0	WinnieSzeto	
1613	0:15:50	1/1/2019 	943715	908.00	118.00	33.51	28.77	101983.69	97803	0	WinnieSzeto	
1614	0:15:51	1/1/2019 	944458	184.00	7.00	8.91	28.77	101983.03	1852	0	WinnieSzeto	
1615	0:15:52	1/1/2019 	945094	155.00	6.00	8.15	28.77	101982.53	49828	0	WinnieSzeto	
1616	0:15:52	1/1/2019 	945286	160.00	6.00	8.28	28.77	101982.53	4681	0	WinnieSzeto	
1617	0:15:53	1/1/2019 	946656	172.00	7.00	8.61	28.77	101982.09	97803	0	WinnieSzeto	
1618	0:15:56	1/1/2019 	949050	917.00	135.00	36.73	28.78	101981.14	97805	1	WinnieSzeto	
1619	0:15:57	1/1/2019 	950635	965.00	264.00	51.88	28.78	101980.34	97810	1	WinnieSzeto	
1620	0:15:58	1/1/2019 	951237	315.00	6.00	11.17	28.78	101979.67	2638	0	WinnieSzeto	
1621	0:15:58	1/1/2019 	951339	636.00	9.00	14.42	28.78	101979.67	1850	0	WinnieSzeto	
1622	0:15:59	1/1/2019 	952817	975.00	478.00	84.20	28.78	101978.73	100408	1	WinnieSzeto	
1623	0:15:59	1/1/2019 	952897	967.00	199.00	45.33	28.78	101978.73	1852	1	WinnieSzeto	
1624	0:16:00	1/1/2019 	953286	897.00	112.00	32.30	28.78	101978.23	1851	1	WinnieSzeto	
1625	0:16:01	1/1/2019 	954878	85.00	6.00	6.23	28.78	101977.95	97806	0	WinnieSzeto	
1626	0:16:02	1/1/2019 	955664	72.00	2.00	5.99	28.78	101977.62	49830	0	WinnieSzeto	
1627	0:16:04	1/1/2019 	957101	191.00	7.00	9.08	28.78	101977.16	49831	0	WinnieSzeto	
1628	0:16:04	1/1/2019 	957696	142.00	6.00	7.78	28.78	101976.98	52660	0	WinnieSzeto	
1629	0:16:04	1/1/2019 	957817	395.00	7.00	12.02	28.78	101976.98	1848	0	WinnieSzeto	
1630	0:16:06	1/1/2019 	959035	87.00	7.00	6.28	28.79	101976.21	49828	0	WinnieSzeto	
1631	0:16:08	1/1/2019 	961182	958.00	184.00	43.80	28.79	101975.08	97806	1	WinnieSzeto	
1632	0:16:08	1/1/2019 	961214	654.00	10.00	14.83	28.79	101974.75	2639	0	WinnieSzeto	
1633	0:16:08	1/1/2019 	961549	955.00	159.00	40.65	28.79	101974.75	49826	1	WinnieSzeto	
1634	0:16:10	1/1/2019 	962962	810.00	54.00	22.91	28.79	101973.47	52432	1	WinnieSzeto	
1635	0:16:10	1/1/2019 	963589	125.00	6.00	7.29	28.79	101972.98	49829	0	WinnieSzeto	
1636	0:16:10	1/1/2019 	963639	877.00	91.00	28.25	28.79	101972.98	1848	0	WinnieSzeto	
1637	0:16:10	1/1/2019 	963894	306.00	7.00	11.10	28.79	101972.98	1851	0	WinnieSzeto	
1638	0:16:11	1/1/2019 	964411	136.00	6.00	7.61	28.79	101972.31	1849	0	WinnieSzeto	
1639	0:16:13	1/1/2019 	966791	951.00	160.00	40.80	28.79	101969.83	145781	0	WinnieSzeto	
1640	0:16:16	1/1/2019 	969777	421.00	7.00	12.21	28.79	101967.23	148518	0	WinnieSzeto	
1641	0:16:16	1/1/2019 	969851	943.00	154.00	39.91	28.79	101967.23	2638	0	WinnieSzeto	
1642	0:16:17	1/1/2019 	970272	90.00	7.00	6.34	28.79	101966.73	1849	0	WinnieSzeto	
1643	0:16:19	1/1/2019 	972150	922.00	146.00	38.63	28.80	101965.62	97802	1	WinnieSzeto	
1644	0:16:21	1/1/2019 	974861	785.00	41.00	21.56	28.80	101962.64	145784	1	WinnieSzeto	
1645	0:16:22	1/1/2019 	975397	734.00	18.00	17.59	28.80	101962.50	1851	1	WinnieSzeto	
1646	0:16:23	1/1/2019 	976614	843.00	64.00	24.08	28.80	101960.84	100406	1	WinnieSzeto	
1647	0:16:23	1/1/2019 	976905	350.00	7.00	11.61	28.80	101960.84	1851	0	WinnieSzeto	
1648	0:16:30	1/1/2019 	983460	734.00	18.00	17.59	28.80	101955.09	289705	0	WinnieSzeto	
1649	0:16:30	1/1/2019 	983782	955.00	166.00	41.62	28.80	101954.44	50619	1	WinnieSzeto	
1650	0:16:32	1/1/2019 	985479	722.00	15.00	16.68	28.80	101952.66	49828	0	WinnieSzeto	
1651	0:16:32	1/1/2019 	985620	365.00	7.00	11.76	28.80	101952.66	52440	0	WinnieSzeto	
1652	0:16:35	1/1/2019 	988371	96.00	6.00	6.49	28.80	101950.51	97802	0	WinnieSzeto	
1653	0:16:36	1/1/2019 	988965	747.00	21.00	18.39	28.81	101950.40	49826	1	WinnieSzeto	
1654	0:16:36	1/1/2019 	989377	876.00	88.00	27.72	28.81	101949.73	1850	0	WinnieSzeto	
1655	0:16:36	1/1/2019 	989476	613.00	8.00	13.97	28.81	101949.73	1850	0	WinnieSzeto	
1656	0:16:36	1/1/2019 	989667	71.00	7.00	5.99	28.81	101949.73	49826	0	WinnieSzeto	
1657	0:16:37	1/1/2019 	990869	621.00	9.00	14.28	28.81	101947.41	53215	0	WinnieSzeto	
1658	0:16:37	1/1/2019 	990928	922.00	135.00	36.73	28.81	101947.41	1851	1	WinnieSzeto	
1659	0:16:38	1/1/2019 	991434	961.00	182.00	43.58	28.81	101946.92	1851	0	WinnieSzeto	
1660	0:16:39	1/1/2019 	992081	589.00	8.00	13.71	28.81	101946.42	49827	0	WinnieSzeto	
1661	0:16:40	1/1/2019 	993633	637.00	8.00	14.16	28.81	101945.14	97803	0	WinnieSzeto	
1662	0:16:42	1/1/2019 	995459	842.00	73.00	25.25	28.81	101943.27	49826	0	WinnieSzeto	
1663	0:16:42	1/1/2019 	995575	145.00	7.00	7.87	28.81	101943.27	52409	0	WinnieSzeto	
1664	0:16:43	1/1/2019 	996265	888.00	100.00	29.95	28.81	101942.33	1849	1	WinnieSzeto	
1665	0:16:44	1/1/2019 	997582	846.00	78.00	25.99	28.81	101941.17	97804	1	WinnieSzeto	
1666	0:16:45	1/1/2019 	998051	731.00	19.00	17.84	28.81	101940.67	1852	1	WinnieSzeto	
1667	0:16:45	1/1/2019 	998109	961.00	189.00	44.33	28.81	101940.67	1850	1	WinnieSzeto	
1668	0:16:45	1/1/2019 	998460	908.00	114.00	32.73	28.81	101940.17	1851	0	WinnieSzeto	
1669	0:16:45	1/1/2019 	998890	148.00	7.00	7.96	28.81	101940.17	52409	0	WinnieSzeto	
1670	0:16:48	1/1/2019 	1001020	596.00	8.00	13.79	28.81	101937.86	97804	0	WinnieSzeto	
1671	0:16:48	1/1/2019 	1001205	158.00	6.00	8.23	28.81	101937.20	2638	0	WinnieSzeto	
1672	0:16:49	1/1/2019 	1001956	173.00	7.00	8.63	28.81	101936.70	49824	0	WinnieSzeto	
1673	0:16:51	1/1/2019 	1004184	162.00	7.00	8.34	28.81	101934.73	97802	0	WinnieSzeto	
1674	0:16:51	1/1/2019 	1004701	674.00	10.00	14.93	28.81	101934.06	49826	0	WinnieSzeto	
1675	0:16:54	1/1/2019 	1007287	550.00	8.00	13.28	28.81	101931.09	100438	0	WinnieSzeto	
1676	0:16:54	1/1/2019 	1007701	848.00	62.00	23.86	28.81	101931.09	49826	1	WinnieSzeto	
1677	0:16:54	1/1/2019 	1007940	884.00	99.00	29.74	28.81	101930.42	1851	0	WinnieSzeto	
1678	0:16:55	1/1/2019 	1008823	854.00	77.00	25.87	28.81	101929.77	49826	0	WinnieSzeto	
1679	0:16:56	1/1/2019 	1009643	233.00	7.00	9.97	28.81	101928.27	49828	0	WinnieSzeto	
1680	0:16:56	1/1/2019 	1009688	801.00	42.00	21.70	28.81	101928.27	2638	0	WinnieSzeto	
1681	0:16:57	1/1/2019 	1010637	921.00	143.00	38.13	28.81	101926.80	52430	0	WinnieSzeto	
1682	0:16:57	1/1/2019 	1010764	956.00	166.00	41.62	28.81	101926.80	1852	1	WinnieSzeto	
1683	0:16:58	1/1/2019 	1011757	760.00	25.00	19.28	28.81	101925.48	49825	0	WinnieSzeto	
1684	0:16:58	1/1/2019 	1011871	959.00	171.00	42.27	28.81	101925.48	1851	1	WinnieSzeto	
1685	0:16:59	1/1/2019 	1012146	78.00	7.00	6.10	28.81	101925.48	1850	0	WinnieSzeto	
1686	0:16:59	1/1/2019 	1012813	160.00	6.00	8.28	28.81	101923.98	49826	0	WinnieSzeto	
1687	0:17:00	1/1/2019 	1013096	148.00	7.00	7.96	28.81	101923.98	4430	0	WinnieSzeto	
1688	0:17:00	1/1/2019 	1013837	597.00	8.00	13.80	28.81	101922.33	49826	0	WinnieSzeto	
1689	0:17:01	1/1/2019 	1014063	150.00	6.00	8.01	28.81	101922.33	1848	0	WinnieSzeto	
1690	0:17:01	1/1/2019 	1014629	422.00	7.00	12.21	28.81	101921.33	49827	0	WinnieSzeto	
1691	0:17:02	1/1/2019 	1015370	914.00	127.00	35.25	28.81	101920.34	1850	1	WinnieSzeto	
1692	0:17:02	1/1/2019 	1015499	400.00	7.00	12.05	28.81	101919.84	1851	0	WinnieSzeto	
1693	0:17:02	1/1/2019 	1015776	936.00	152.00	39.60	28.81	101919.84	52409	1	WinnieSzeto	
1694	0:17:02	1/1/2019 	1015864	126.00	6.00	7.32	28.81	101919.84	1852	0	WinnieSzeto	
1695	0:17:03	1/1/2019 	1016410	339.00	7.00	11.49	28.81	101919.51	1849	0	WinnieSzeto	
1696	0:17:03	1/1/2019 	1016707	764.00	25.00	19.29	28.81	101919.02	49828	1	WinnieSzeto	
1697	0:17:05	1/1/2019 	1018372	572.00	8.00	13.51	28.82	101916.41	49828	0	WinnieSzeto	
1698	0:17:06	1/1/2019 	1019098	630.00	8.00	14.12	28.82	101914.92	49825	1	WinnieSzeto	
1699	0:17:08	1/1/2019 	1021637	470.00	7.00	12.53	28.81	101909.23	148587	0	WinnieSzeto	
1700	0:17:08	1/1/2019 	1021711	150.00	7.00	8.01	28.81	101909.23	2637	0	WinnieSzeto	
1701	0:17:09	1/1/2019 	1022407	359.00	7.00	11.70	28.82	101909.12	1853	0	WinnieSzeto	
1702	0:17:10	1/1/2019 	1023320	85.00	6.00	6.23	28.81	101907.58	49830	0	WinnieSzeto	
1703	0:17:12	1/1/2019 	1025040	520.00	7.00	12.88	28.82	101906.31	97801	0	WinnieSzeto	
1704	0:17:12	1/1/2019 	1025265	961.00	173.00	42.52	28.82	101906.31	1851	0	WinnieSzeto	
1705	0:17:12	1/1/2019 	1025888	206.00	7.00	9.42	28.82	101905.64	52453	0	WinnieSzeto	
1706	0:17:15	1/1/2019 	1028076	896.00	107.00	31.32	28.82	101904.16	97801	1	WinnieSzeto	
1707	0:17:16	1/1/2019 	1028986	718.00	16.00	16.97	28.82	101903.66	49828	0	WinnieSzeto	
1708	0:17:16	1/1/2019 	1029722	794.00	40.00	21.48	28.82	101902.83	49826	1	WinnieSzeto	
1709	0:17:17	1/1/2019 	1030023	175.00	7.00	8.69	28.82	101902.83	2641	0	WinnieSzeto	
1710	0:17:17	1/1/2019 	1030480	258.00	7.00	10.40	28.81	101901.95	1850	1	WinnieSzeto	
1711	0:17:18	1/1/2019 	1031020	125.00	6.00	7.29	28.82	101901.50	52439	0	WinnieSzeto	
1712	0:17:18	1/1/2019 	1031069	976.00	492.00	85.86	28.82	101901.50	1850	1	WinnieSzeto	
1713	0:17:20	1/1/2019 	1033112	789.00	42.00	21.67	28.81	101898.80	97799	0	WinnieSzeto	
1714	0:17:22	1/1/2019 	1034960	217.00	7.00	9.65	28.81	101897.47	97801	0	WinnieSzeto	
1715	0:17:23	1/1/2019 	1036932	961.00	205.00	45.90	28.81	101895.66	97800	0	WinnieSzeto	
1716	0:17:24	1/1/2019 	1037092	948.00	161.00	40.94	28.81	101895.66	4436	1	WinnieSzeto	
1717	0:17:26	1/1/2019 	1039693	962.00	194.00	44.84	28.81	101892.81	145776	1	WinnieSzeto	
1718	0:17:26	1/1/2019 	1039810	790.00	40.00	21.47	28.81	101892.81	2641	0	WinnieSzeto	
1719	0:17:29	1/1/2019 	1042781	113.00	6.00	6.94	28.81	101891.32	145771	0	WinnieSzeto	
1720	0:17:29	1/1/2019 	1042900	108.00	7.00	6.81	28.81	101890.98	1850	0	WinnieSzeto	
1721	0:17:30	1/1/2019 	1043645	70.00	6.00	5.97	28.81	101890.49	49825	0	WinnieSzeto	
1722	0:17:31	1/1/2019 	1044826	102.00	7.00	6.64	28.81	101890.83	52461	0	WinnieSzeto	
1723	0:17:36	1/1/2019 	1049894	89.00	6.00	6.32	28.81	101885.83	241731	0	WinnieSzeto	
1724	0:17:39	1/1/2019 	1052821	793.00	39.00	21.37	28.81	101880.69	146564	0	WinnieSzeto	
1725	0:17:40	1/1/2019 	1052990	954.00	175.00	42.76	28.81	101880.69	1851	0	WinnieSzeto	
1726	0:17:41	1/1/2019 	1054143	640.00	8.00	14.18	28.81	101878.66	49827	0	WinnieSzeto	
1727	0:17:41	1/1/2019 	1054163	197.00	7.00	9.22	28.81	101878.66	1849	0	WinnieSzeto	
1728	0:17:41	1/1/2019 	1054929	353.00	7.00	11.64	28.81	101876.83	52606	0	WinnieSzeto	
1729	0:17:42	1/1/2019 	1055243	685.00	12.00	15.61	28.81	101876.83	1849	1	WinnieSzeto	
1730	0:17:43	1/1/2019 	1056104	94.00	6.00	6.44	28.81	101875.34	49825	0	WinnieSzeto	
1731	0:17:43	1/1/2019 	1056237	680.00	6.00	13.40	28.81	101875.34	1849	0	WinnieSzeto	
1732	0:17:43	1/1/2019 	1056386	658.00	9.00	14.56	28.81	101875.34	1848	0	WinnieSzeto	
1733	0:17:43	1/1/2019 	1056862	712.00	14.00	16.34	28.81	101874.84	49827	0	WinnieSzeto	
1734	0:17:44	1/1/2019 	1057574	850.00	78.00	26.00	28.81	101874.19	52585	0	WinnieSzeto	
1735	0:17:45	1/1/2019 	1058199	553.00	7.00	13.17	28.80	101872.30	1851	0	WinnieSzeto	
1736	0:17:45	1/1/2019 	1058882	345.00	8.00	11.61	28.80	101871.64	49827	0	WinnieSzeto	
1737	0:17:46	1/1/2019 	1059599	736.00	19.00	17.86	28.80	101870.98	49825	1	WinnieSzeto	
1738	0:17:46	1/1/2019 	1059695	317.00	7.00	11.24	28.80	101870.98	2639	0	WinnieSzeto	
1739	0:17:48	1/1/2019 	1061595	968.00	300.00	57.06	28.80	101868.66	97801	1	WinnieSzeto	
1740	0:17:48	1/1/2019 	1061609	801.00	47.00	22.20	28.80	101868.66	4458	0	WinnieSzeto	
1741	0:17:49	1/1/2019 	1062083	882.00	97.00	29.36	28.80	101868.16	1850	0	WinnieSzeto	
1742	0:17:50	1/1/2019 	1063203	188.00	7.00	9.01	28.80	101867.00	49827	0	WinnieSzeto	
1743	0:17:51	1/1/2019 	1064480	599.00	2.00	12.43	28.80	101865.45	49826	0	WinnieSzeto	
1744	0:17:51	1/1/2019 	1064668	615.00	8.00	13.99	28.80	101865.45	49825	0	WinnieSzeto	
1745	0:17:51	1/1/2019 	1064809	79.00	7.00	6.12	28.80	101865.12	1850	0	WinnieSzeto	
1746	0:17:53	1/1/2019 	1066141	399.00	7.00	12.05	28.80	101863.97	52415	0	WinnieSzeto	
1747	0:17:54	1/1/2019 	1067171	966.00	291.00	55.64	28.80	101862.81	49827	0	WinnieSzeto	
1748	0:17:54	1/1/2019 	1067236	95.00	7.00	6.46	28.80	101862.81	1852	0	WinnieSzeto	
1749	0:17:55	1/1/2019 	1068760	100.00	6.00	6.59	28.80	101860.77	97800	0	WinnieSzeto	
1750	0:17:56	1/1/2019 	1069570	968.00	368.00	69.09	28.80	101860.27	49827	1	WinnieSzeto	
1751	0:17:57	1/1/2019 	1070483	957.00	169.00	42.02	28.80	101859.11	2639	1	WinnieSzeto	
1752	0:17:57	1/1/2019 	1070574	958.00	164.00	41.35	28.80	101859.11	52454	0	WinnieSzeto	
1753	0:18:01	1/1/2019 	1074185	185.00	7.00	8.94	28.80	101856.61	145778	1	WinnieSzeto	
1754	0:18:02	1/1/2019 	1074946	918.00	133.00	36.37	28.80	101855.77	49826	0	WinnieSzeto	
1755	0:18:03	1/1/2019 	1075999	140.00	7.00	7.73	28.79	101854.56	49827	0	WinnieSzeto	
1756	0:18:03	1/1/2019 	1076216	98.00	7.00	6.54	28.79	101854.56	1850	0	WinnieSzeto	
1757	0:18:03	1/1/2019 	1076337	170.00	7.00	8.56	28.79	101853.73	1850	0	WinnieSzeto	
1758	0:18:03	1/1/2019 	1076867	587.00	8.00	13.69	28.79	101852.91	52409	0	WinnieSzeto	
1759	0:18:04	1/1/2019 	1076950	396.00	7.00	12.02	28.79	101852.91	1849	0	WinnieSzeto	
1760	0:18:04	1/1/2019 	1077869	747.00	21.00	18.39	28.79	101851.86	49827	0	WinnieSzeto	
1761	0:18:06	1/1/2019 	1079036	795.00	45.00	21.99	28.79	101850.20	49825	0	WinnieSzeto	
1762	0:18:06	1/1/2019 	1079560	881.00	92.00	28.44	28.79	101849.49	49829	0	WinnieSzeto	
1763	0:18:07	1/1/2019 	1079991	87.00	7.00	6.28	28.79	101849.49	2636	0	WinnieSzeto	
1764	0:18:09	1/1/2019 	1082238	196.00	7.00	9.20	28.79	101847.81	100404	0	WinnieSzeto	
1765	0:18:09	1/1/2019 	1082395	95.00	6.00	6.46	28.79	101847.31	1850	1	WinnieSzeto	
1766	0:18:11	1/1/2019 	1084163	552.00	6.00	13.01	28.79	101846.48	97802	0	WinnieSzeto	
1767	0:18:11	1/1/2019 	1084242	85.00	6.00	6.23	28.79	101846.48	1850	0	WinnieSzeto	
1768	0:18:11	1/1/2019 	1084728	80.00	6.00	6.13	28.78	101845.77	49824	0	WinnieSzeto	
1769	0:18:11	1/1/2019 	1084910	154.00	6.00	8.12	28.78	101845.77	1848	0	WinnieSzeto	
1770	0:18:12	1/1/2019 	1085859	96.00	6.00	6.49	28.78	101845.11	52408	0	WinnieSzeto	
1771	0:18:13	1/1/2019 	1086151	920.00	139.00	37.44	28.78	101844.94	1849	0	WinnieSzeto	
1772	0:18:13	1/1/2019 	1086263	208.00	7.00	9.46	28.78	101844.94	1851	0	WinnieSzeto	
1773	0:18:13	1/1/2019 	1086362	962.00	186.00	44.01	28.78	101844.94	1850	0	WinnieSzeto	
1774	0:18:13	1/1/2019 	1086452	142.00	7.00	7.78	28.78	101844.94	1850	0	WinnieSzeto	
1775	0:18:13	1/1/2019 	1086835	899.00	109.00	31.72	28.78	101844.59	52408	1	WinnieSzeto	
1776	0:18:14	1/1/2019 	1087411	129.00	6.00	7.40	28.78	101844.59	1850	0	WinnieSzeto	
1777	0:18:16	1/1/2019 	1089003	967.00	377.00	70.63	28.78	101844.03	97800	1	WinnieSzeto	
1778	0:18:18	1/1/2019 	1091323	158.00	7.00	8.23	28.78	101842.16	97806	0	WinnieSzeto	
1779	0:18:21	1/1/2019 	1094299	949.00	162.00	41.08	28.77	101839.11	146565	1	WinnieSzeto	
1780	0:18:21	1/1/2019 	1094436	870.00	83.00	26.86	28.77	101838.45	1852	0	WinnieSzeto	
1781	0:18:22	1/1/2019 	1095474	919.00	138.00	37.26	28.77	101836.91	52450	0	WinnieSzeto	
1782	0:18:22	1/1/2019 	1095904	220.00	7.00	9.71	28.77	101836.91	49828	0	WinnieSzeto	
1783	0:18:23	1/1/2019 	1096602	923.00	141.00	37.79	28.77	101835.58	49825	1	WinnieSzeto	
1784	0:18:23	1/1/2019 	1096616	949.00	159.00	40.65	28.77	101835.58	1852	1	WinnieSzeto	
1785	0:18:25	1/1/2019 	1098272	106.00	6.00	6.75	28.77	101833.20	49826	0	WinnieSzeto	
1786	0:18:25	1/1/2019 	1098284	953.00	161.00	40.94	28.77	101833.20	1850	1	WinnieSzeto	
1787	0:18:26	1/1/2019 	1098982	87.00	7.00	6.28	28.77	101832.70	52408	0	WinnieSzeto	
1788	0:18:26	1/1/2019 	1099323	223.00	7.00	9.77	28.77	101831.71	1850	0	WinnieSzeto	
1789	0:18:26	1/1/2019 	1099915	124.00	6.00	7.26	28.77	101831.22	49825	0	WinnieSzeto	
1790	0:18:29	1/1/2019 	1102191	881.00	95.00	28.99	28.77	101828.38	98591	1	WinnieSzeto	
1791	0:18:29	1/1/2019 	1102249	939.00	156.00	40.21	28.77	101828.38	1859	1	WinnieSzeto	
1792	0:18:30	1/1/2019 	1102990	707.00	14.00	16.33	28.77	101827.88	49836	0	WinnieSzeto	
1793	0:18:30	1/1/2019 	1103123	89.00	7.00	6.32	28.76	101826.84	4461	0	WinnieSzeto	
1794	0:18:32	1/1/2019 	1105494	150.00	7.00	8.01	28.76	101824.69	97804	0	WinnieSzeto	
1795	0:18:32	1/1/2019 	1105906	107.00	6.00	6.78	28.76	101824.34	49827	0	WinnieSzeto	
1796	0:18:33	1/1/2019 	1106444	867.00	89.00	27.86	28.76	101823.47	1849	0	WinnieSzeto	
1797	0:18:33	1/1/2019 	1106697	660.00	10.00	14.87	28.76	101823.47	49828	0	WinnieSzeto	
1798	0:18:33	1/1/2019 	1106787	867.00	79.00	26.21	28.76	101823.47	1851	0	WinnieSzeto	
1799	0:18:36	1/1/2019 	1109217	114.00	7.00	6.97	28.76	101820.12	100390	0	WinnieSzeto	
1800	0:18:36	1/1/2019 	1109222	916.00	130.00	35.81	28.76	101820.12	1858	1	WinnieSzeto	
1801	0:18:36	1/1/2019 	1109777	596.00	6.00	13.39	28.76	101819.47	49833	0	WinnieSzeto	
1802	0:18:37	1/1/2019 	1110365	783.00	35.00	20.88	28.76	101818.97	2635	0	WinnieSzeto	
1803	0:18:37	1/1/2019 	1110657	318.00	7.00	11.25	28.76	101818.97	49828	0	WinnieSzeto	
1804	0:18:38	1/1/2019 	1111030	86.00	7.00	6.26	28.76	101818.48	1850	0	WinnieSzeto	
1805	0:18:38	1/1/2019 	1111430	837.00	67.00	24.44	28.76	101818.14	4454	0	WinnieSzeto	
1806	0:18:38	1/1/2019 	1111937	985.00	653.00	117.06	28.76	101817.62	49830	0	WinnieSzeto	
1807	0:18:39	1/1/2019 	1112325	75.00	7.00	6.05	28.76	101817.62	1859	0	WinnieSzeto	
1808	0:18:40	1/1/2019 	1113358	653.00	9.00	14.54	28.76	101816.80	49832	1	WinnieSzeto	
1809	0:18:40	1/1/2019 	1113807	210.00	7.00	9.51	28.76	101816.47	49827	0	WinnieSzeto	
1810	0:18:41	1/1/2019 	1114618	115.00	7.00	7.00	28.75	101815.09	49827	0	WinnieSzeto	
1811	0:18:44	1/1/2019 	1117281	908.00	123.00	34.47	28.75	101812.61	100411	1	WinnieSzeto	
1812	0:18:44	1/1/2019 	1117446	972.00	296.00	56.42	28.75	101812.44	1852	0	WinnieSzeto	
1813	0:18:45	1/1/2019 	1118879	76.00	6.00	6.06	28.75	101810.73	97805	0	WinnieSzeto	
1814	0:18:46	1/1/2019 	1119677	479.00	7.00	12.58	28.75	101809.35	49828	0	WinnieSzeto	
1815	0:18:48	1/1/2019 	1121688	289.00	7.00	10.87	28.75	101807.86	98590	0	WinnieSzeto	
1816	0:18:50	1/1/2019 	1123051	850.00	77.00	25.85	28.75	101806.15	49829	0	WinnieSzeto	
1817	0:18:50	1/1/2019 	1123280	845.00	70.00	24.85	28.75	101806.15	4455	0	WinnieSzeto	
1818	0:18:51	1/1/2019 	1124205	694.00	12.00	15.64	28.74	101804.64	49826	0	WinnieSzeto	
1819	0:18:53	1/1/2019 	1126120	184.00	6.00	8.90	28.74	101803.31	97803	0	WinnieSzeto	
1820	0:18:53	1/1/2019 	1126690	67.00	6.00	5.94	28.74	101802.77	49826	0	WinnieSzeto	
1821	0:18:53	1/1/2019 	1126809	110.00	6.00	6.86	28.74	101802.77	1849	1	WinnieSzeto	
1822	0:18:54	1/1/2019 	1127741	245.00	6.00	10.16	28.74	101802.27	49828	0	WinnieSzeto	
1823	0:18:55	1/1/2019 	1128470	901.00	115.00	32.90	28.74	101802.10	4433	1	WinnieSzeto	
1824	0:18:56	1/1/2019 	1129300	914.00	131.00	35.99	28.74	101801.77	49830	0	WinnieSzeto	
1825	0:18:57	1/1/2019 	1130058	94.00	7.00	6.44	28.74	101801.44	49830	0	WinnieSzeto	
1826	0:18:57	1/1/2019 	1130416	970.00	229.00	48.12	28.74	101801.44	2638	0	WinnieSzeto	
1827	0:18:58	1/1/2019 	1131489	118.00	7.00	7.09	28.74	101800.06	49828	0	WinnieSzeto	
1828	0:18:59	1/1/2019 	1132387	807.00	50.00	22.51	28.74	101799.23	52432	0	WinnieSzeto	
1829	0:18:59	1/1/2019 	1132456	222.00	7.00	9.75	28.74	101799.23	1851	0	WinnieSzeto	
1830	0:19:00	1/1/2019 	1132984	511.00	7.00	12.81	28.74	101798.73	49827	0	WinnieSzeto	
1831	0:19:01	1/1/2019 	1134579	185.00	6.00	8.93	28.74	101797.36	97807	1	WinnieSzeto	
1832	0:19:01	1/1/2019 	1134933	961.00	182.00	43.58	28.74	101797.19	1849	1	WinnieSzeto	
1833	0:19:02	1/1/2019 	1134988	85.00	7.00	6.23	28.74	101797.19	1850	0	WinnieSzeto	
1834	0:19:03	1/1/2019 	1136898	804.00	57.00	23.21	28.74	101796.70	100389	1	WinnieSzeto	
1835	0:19:04	1/1/2019 	1137227	733.00	18.00	17.58	28.74	101796.37	1852	0	WinnieSzeto	
1836	0:19:05	1/1/2019 	1138123	393.00	7.00	12.00	28.73	101795.68	49828	0	WinnieSzeto	
1837	0:19:05	1/1/2019 	1138313	568.00	8.00	13.47	28.73	101795.18	1850	0	WinnieSzeto	
1838	0:19:07	1/1/2019 	1140633	154.00	7.00	8.12	28.73	101792.31	145784	1	WinnieSzeto	
1839	0:19:07	1/1/2019 	1140694	966.00	214.00	46.73	28.73	101792.31	2638	0	WinnieSzeto	
1840	0:19:08	1/1/2019 	1141100	692.00	12.00	15.64	28.73	101791.82	4455	0	WinnieSzeto	
1841	0:19:08	1/1/2019 	1141295	963.00	184.00	43.80	28.73	101791.82	1850	0	WinnieSzeto	
1842	0:19:08	1/1/2019 	1141299	681.00	11.00	15.28	28.73	101791.82	1850	0	WinnieSzeto	
1843	0:19:09	1/1/2019 	1142700	894.00	106.00	31.12	28.73	101789.83	97805	1	WinnieSzeto	
1844	0:19:11	1/1/2019 	1144009	587.00	8.00	13.69	28.73	101788.31	49830	0	WinnieSzeto	
1845	0:19:12	1/1/2019 	1145772	125.00	7.00	7.29	28.73	101787.16	97804	0	WinnieSzeto	
1846	0:19:16	1/1/2019 	1149150	520.00	8.00	12.99	28.73	101782.63	148369	0	WinnieSzeto	
1847	0:19:17	1/1/2019 	1150412	157.00	6.00	8.20	28.72	101781.26	49828	0	WinnieSzeto	
1848	0:19:19	1/1/2019 	1152071	101.00	7.00	6.62	28.72	101779.27	98591	0	WinnieSzeto	
1849	0:19:20	1/1/2019 	1153359	228.00	7.00	9.87	28.72	101777.42	49828	0	WinnieSzeto	
1850	0:19:21	1/1/2019 	1154118	651.00	9.00	14.53	28.72	101776.05	49828	0	WinnieSzeto	
1851	0:19:21	1/1/2019 	1154321	977.00	544.00	93.40	28.72	101776.05	1850	1	WinnieSzeto	
1852	0:19:22	1/1/2019 	1155928	538.00	7.00	13.03	28.72	101774.39	100410	0	WinnieSzeto	
1853	0:19:23	1/1/2019 	1156197	938.00	155.00	40.06	28.72	101774.39	1850	1	WinnieSzeto	
1854	0:19:24	1/1/2019 	1157018	200.00	7.00	9.29	28.72	101773.18	49828	0	WinnieSzeto	
1855	0:19:24	1/1/2019 	1157028	784.00	34.00	20.76	28.72	101773.18	1851	1	WinnieSzeto	
1856	0:19:24	1/1/2019 	1157420	974.00	278.00	53.73	28.72	101772.69	1851	0	WinnieSzeto	
1857	0:19:27	1/1/2019 	1160373	226.00	7.00	9.83	28.72	101768.54	145777	0	WinnieSzeto	
1858	0:19:27	1/1/2019 	1160704	978.00	362.00	68.04	28.72	101767.05	53239	1	WinnieSzeto	
1859	0:19:28	1/1/2019 	1161067	802.00	45.00	22.01	28.72	101767.05	1852	1	WinnieSzeto	
1860	0:19:31	1/1/2019 	1164816	792.00	38.00	21.25	28.71	101758.38	193755	0	WinnieSzeto	
1861	0:19:32	1/1/2019 	1165728	955.00	166.00	41.62	28.71	101756.56	49827	1	WinnieSzeto	
1862	0:19:33	1/1/2019 	1166414	253.00	7.00	10.32	28.71	101755.73	1852	0	WinnieSzeto	
1863	0:19:34	1/1/2019 	1167454	926.00	146.00	38.64	28.71	101755.07	49827	0	WinnieSzeto	
1864	0:19:35	1/1/2019 	1168852	371.00	7.00	11.81	28.71	101751.91	100384	1	WinnieSzeto	
1865	0:19:37	1/1/2019 	1170089	432.00	7.00	12.28	28.71	101750.25	49828	0	WinnieSzeto	
1866	0:19:37	1/1/2019 	1170341	794.00	37.00	21.15	28.71	101750.25	2638	0	WinnieSzeto	
1867	0:19:39	1/1/2019 	1172290	677.00	11.00	15.26	28.71	101748.26	97803	1	WinnieSzeto	
1868	0:19:41	1/1/2019 	1174082	954.00	163.00	41.22	28.71	101746.88	97806	1	WinnieSzeto	
1869	0:19:41	1/1/2019 	1174707	809.00	52.00	22.71	28.71	101746.88	49833	0	WinnieSzeto	
1870	0:19:45	1/1/2019 	1178102	104.00	6.00	6.70	28.71	101743.52	148386	0	WinnieSzeto	
1871	0:19:46	1/1/2019 	1179167	896.00	110.00	31.91	28.70	101741.97	49826	1	WinnieSzeto	
1872	0:19:46	1/1/2019 	1179438	109.00	6.00	6.83	28.70	101740.98	1853	0	WinnieSzeto	
1873	0:19:46	1/1/2019 	1179441	140.00	7.00	7.73	28.70	101740.98	1849	0	WinnieSzeto	
1874	0:19:46	1/1/2019 	1179681	133.00	7.00	7.52	28.70	101740.98	49828	0	WinnieSzeto	
1875	0:19:50	1/1/2019 	1183344	921.00	143.00	38.13	28.70	101739.44	149168	0	WinnieSzeto	
1876	0:19:52	1/1/2019 	1185202	798.00	44.00	21.90	28.70	101738.78	97805	1	WinnieSzeto	
1877	0:19:52	1/1/2019 	1185659	954.00	158.00	40.51	28.70	101738.78	49830	1	WinnieSzeto	
1878	0:19:52	1/1/2019 	1185772	970.00	211.00	46.46	28.70	101738.78	1852	1	WinnieSzeto	
1879	0:19:54	1/1/2019 	1187023	627.00	9.00	14.34	28.70	101738.61	49829	0	WinnieSzeto	
1880	0:19:56	1/1/2019 	1189555	815.00	55.00	23.03	28.70	101737.62	145783	1	WinnieSzeto	
1881	0:19:57	1/1/2019 	1190259	794.00	41.00	21.58	28.70	101736.73	5241	1	WinnieSzeto	
1882	0:20:00	1/1/2019 	1192997	194.00	6.00	9.14	28.70	101734.92	145785	0	WinnieSzeto	
1883	0:20:02	1/1/2019 	1195067	70.00	6.00	5.97	28.70	101734.09	97805	0	WinnieSzeto	
1884	0:20:02	1/1/2019 	1195629	620.00	8.00	14.03	28.70	101733.76	49827	0	WinnieSzeto	
1885	0:20:03	1/1/2019 	1196073	195.00	7.00	9.17	28.70	101733.27	1847	0	WinnieSzeto	
1886	0:20:04	1/1/2019 	1197383	969.00	340.00	64.06	28.69	101731.72	49829	1	WinnieSzeto	
1887	0:20:05	1/1/2019 	1198343	94.00	9.00	6.44	28.69	101731.39	52327	0	WinnieSzeto	
1888	0:20:06	1/1/2019 	1199418	696.00	12.00	15.65	28.69	101731.05	49830	0	WinnieSzeto	
1889	0:20:06	1/1/2019 	1199616	346.00	7.00	11.57	28.69	101730.73	49829	0	WinnieSzeto	
1890	0:20:07	1/1/2019 	1200036	816.00	61.00	23.68	28.69	101730.73	2636	0	WinnieSzeto	
1891	0:20:07	1/1/2019 	1200628	92.00	7.00	6.39	28.69	101730.02	49830	0	WinnieSzeto	
1892	0:20:08	1/1/2019 	1201362	951.00	168.00	41.89	28.69	101729.68	1849	1	WinnieSzeto	
1893	0:20:09	1/1/2019 	1202049	668.00	10.00	14.91	28.69	101729.52	52349	0	WinnieSzeto	
1894	0:20:09	1/1/2019 	1202119	868.00	87.00	27.52	28.69	101729.52	1852	1	WinnieSzeto	
1895	0:20:09	1/1/2019 	1202219	808.00	48.00	22.31	28.69	101729.52	1850	1	WinnieSzeto	
1896	0:20:10	1/1/2019 	1203769	290.00	7.00	10.89	28.69	101729.02	97807	0	WinnieSzeto	
1897	0:20:10	1/1/2019 	1203838	70.00	7.00	5.98	28.69	101729.02	1850	0	WinnieSzeto	
1898	0:20:11	1/1/2019 	1204157	922.00	134.00	36.55	28.69	101728.85	1850	1	WinnieSzeto	
1899	0:20:11	1/1/2019 	1204375	156.00	7.00	8.18	28.69	101728.85	4327	0	WinnieSzeto	
1900	0:20:12	1/1/2019 	1205738	89.00	7.00	6.32	28.69	101728.19	97806	0	WinnieSzeto	
1901	0:20:14	1/1/2019 	1207068	101.00	6.00	6.62	28.69	101727.50	49829	0	WinnieSzeto	
1902	0:20:16	1/1/2019 	1209095	821.00	61.00	23.69	28.69	101726.84	97807	1	WinnieSzeto	
1903	0:20:16	1/1/2019 	1209672	80.00	6.00	6.13	28.69	101726.67	49829	0	WinnieSzeto	
1904	0:20:16	1/1/2019 	1209917	210.00	4.00	9.46	28.69	101726.67	2635	0	WinnieSzeto	
1905	0:20:18	1/1/2019 	1211681	111.00	7.00	6.89	28.69	101726.18	100341	0	WinnieSzeto	
1906	0:20:18	1/1/2019 	1211866	724.00	15.00	16.68	28.69	101726.18	1851	1	WinnieSzeto	
1907	0:20:19	1/1/2019 	1212838	962.00	253.00	50.58	28.69	101725.52	49828	1	WinnieSzeto	
1908	0:20:20	1/1/2019 	1213915	754.00	24.00	19.06	28.69	101724.85	49830	1	WinnieSzeto	
1909	0:20:22	1/1/2019 	1215411	923.00	140.00	37.62	28.69	101724.19	49830	0	WinnieSzeto	
1910	0:20:23	1/1/2019 	1216064	462.00	7.00	12.48	28.69	101723.86	49830	0	WinnieSzeto	
1911	0:20:23	1/1/2019 	1216750	412.00	8.00	12.21	28.69	101723.53	52328	0	WinnieSzeto	
1912	0:20:24	1/1/2019 	1217733	960.00	179.00	43.24	28.69	101723.38	49827	1	WinnieSzeto	
1913	0:20:31	1/1/2019 	1224415	964.00	258.00	51.16	28.69	101720.73	289724	0	WinnieSzeto	
1914	0:20:31	1/1/2019 	1225026	90.00	6.00	6.34	28.69	101720.57	50616	0	WinnieSzeto	
1915	0:20:33	1/1/2019 	1226444	823.00	63.00	23.92	28.69	101719.39	49827	0	WinnieSzeto	
1916	0:20:35	1/1/2019 	1228744	651.00	8.00	14.22	28.69	101718.58	145787	0	WinnieSzeto	
1917	0:20:36	1/1/2019 	1229734	589.00	8.00	13.71	28.69	101717.75	52348	0	WinnieSzeto	
1918	0:20:37	1/1/2019 	1230877	922.00	134.00	36.55	28.69	101717.23	50615	1	WinnieSzeto	
1919	0:20:38	1/1/2019 	1231330	151.00	7.00	8.04	28.69	101717.26	1852	0	WinnieSzeto	
1920	0:20:38	1/1/2019 	1231798	738.00	17.00	17.31	28.69	101717.26	49829	1	WinnieSzeto	
1921	0:20:41	1/1/2019 	1234449	145.00	7.00	7.87	28.69	101716.09	97806	0	WinnieSzeto	
1922	0:20:41	1/1/2019 	1234696	98.00	7.00	6.54	28.69	101715.93	52245	0	WinnieSzeto	
1923	0:20:41	1/1/2019 	1234797	755.00	22.00	18.64	28.69	101715.93	1850	1	WinnieSzeto	
1924	0:20:43	1/1/2019 	1236786	796.00	44.00	21.89	28.69	101715.11	97805	1	WinnieSzeto	
1925	0:20:45	1/1/2019 	1238416	111.00	6.00	6.89	28.69	101714.94	49828	0	WinnieSzeto	
1926	0:20:49	1/1/2019 	1242181	668.00	10.00	14.91	28.69	101713.45	193760	1	WinnieSzeto	
1927	0:20:49	1/1/2019 	1242310	415.00	7.00	12.17	28.69	101712.95	2577	0	WinnieSzeto	
1928	0:20:49	1/1/2019 	1243032	193.00	7.00	9.13	28.69	101712.62	52447	0	WinnieSzeto	
1929	0:20:50	1/1/2019 	1243311	896.00	109.00	31.71	28.69	101712.62	1850	1	WinnieSzeto	
1930	0:20:51	1/1/2019 	1244221	973.00	352.00	66.24	28.69	101712.28	49830	0	WinnieSzeto	
1931	0:20:53	1/1/2019 	1246585	154.00	7.00	8.12	28.69	101711.62	145787	0	WinnieSzeto	
1932	0:20:54	1/1/2019 	1247581	91.00	6.00	6.37	28.69	101711.30	49832	0	WinnieSzeto	
1933	0:20:54	1/1/2019 	1247942	456.00	8.00	12.52	28.69	101710.96	1850	0	WinnieSzeto	
1934	0:20:55	1/1/2019 	1248422	954.00	169.00	42.02	28.69	101710.80	4411	0	WinnieSzeto	
1935	0:20:56	1/1/2019 	1249774	872.00	89.00	27.88	28.69	101710.30	97809	0	WinnieSzeto	
1936	0:20:57	1/1/2019 	1250231	74.00	7.00	6.03	28.69	101710.35	2576	0	WinnieSzeto	
1937	0:20:58	1/1/2019 	1251629	117.00	7.00	7.06	28.69	101710.02	97806	0	WinnieSzeto	
1938	0:20:58	1/1/2019 	1251812	111.00	6.00	6.89	28.69	101710.02	1850	0	WinnieSzeto	
1939	0:20:59	1/1/2019 	1252054	711.00	15.00	16.65	28.69	101710.02	1849	1	WinnieSzeto	
1940	0:20:59	1/1/2019 	1252608	718.00	15.00	16.67	28.69	101709.86	52416	0	WinnieSzeto	
1941	0:21:00	1/1/2019 	1253092	787.00	33.00	20.63	28.69	101709.69	1851	1	WinnieSzeto	
1942	0:21:02	1/1/2019 	1255336	79.00	6.00	6.11	28.69	101708.86	97803	0	WinnieSzeto	
1943	0:21:03	1/1/2019 	1256241	963.00	272.00	52.91	28.69	101708.70	49826	1	WinnieSzeto	
1944	0:21:03	1/1/2019 	1256919	820.00	53.00	22.83	28.69	101708.20	49828	1	WinnieSzeto	
1945	0:21:04	1/1/2019 	1257260	541.00	8.00	13.18	28.69	101707.86	1852	1	WinnieSzeto	
1946	0:21:04	1/1/2019 	1257742	266.00	7.00	10.53	28.69	101707.53	52389	0	WinnieSzeto	
1947	0:21:07	1/1/2019 	1260430	209.00	7.00	9.48	28.69	101706.55	97806	0	WinnieSzeto	
1948	0:21:08	1/1/2019 	1261092	286.00	7.00	10.83	28.69	101706.38	50556	0	WinnieSzeto	
1949	0:21:08	1/1/2019 	1261137	458.00	8.00	12.54	28.69	101706.38	1858	0	WinnieSzeto	
1950	0:21:08	1/1/2019 	1261170	83.00	7.00	6.19	28.69	101706.38	1855	0	WinnieSzeto	
1951	0:21:08	1/1/2019 	1261240	364.00	6.00	11.69	28.69	101706.38	1857	0	WinnieSzeto	
1952	0:21:11	1/1/2019 	1264364	565.00	8.00	13.44	28.69	101704.72	148388	0	WinnieSzeto	
1953	0:21:14	1/1/2019 	1268023	82.00	7.00	6.17	28.69	101703.23	193756	0	WinnieSzeto	
1954	0:21:15	1/1/2019 	1268934	654.00	9.00	14.54	28.69	101703.06	49828	0	WinnieSzeto	
1955	0:21:17	1/1/2019 	1270034	411.00	7.00	12.14	28.69	101702.73	49828	0	WinnieSzeto	
1956	0:21:17	1/1/2019 	1270281	913.00	117.00	33.32	28.69	101702.73	2577	1	WinnieSzeto	
1957	0:21:17	1/1/2019 	1270553	974.00	438.00	79.52	28.69	101702.73	49828	1	WinnieSzeto	
1958	0:21:18	1/1/2019 	1271087	152.00	7.00	8.07	28.69	101702.56	4455	0	WinnieSzeto	
1959	0:21:18	1/1/2019 	1271755	960.00	166.00	41.62	28.69	101702.41	49826	1	WinnieSzeto	
1960	0:21:20	1/1/2019 	1273369	973.00	536.00	92.06	28.69	101701.91	49829	1	WinnieSzeto	
1961	0:21:20	1/1/2019 	1273855	674.00	10.00	14.93	28.69	101701.73	49830	0	WinnieSzeto	
1962	0:21:21	1/1/2019 	1274638	72.00	6.00	6.00	28.69	101701.57	49828	0	WinnieSzeto	
1963	0:21:21	1/1/2019 	1275014	913.00	128.00	35.43	28.69	101701.57	1850	1	WinnieSzeto	
1964	0:21:25	1/1/2019 	1278770	969.00	314.00	59.41	28.69	101699.37	196337	1	WinnieSzeto	
1965	0:21:27	1/1/2019 	1280445	763.00	26.00	19.48	28.69	101698.88	49832	0	WinnieSzeto	
1966	0:21:31	1/1/2019 	1284838	206.00	7.00	9.42	28.69	101696.77	242468	0	WinnieSzeto	
1967	0:21:32	1/1/2019 	1285412	86.00	6.00	6.25	28.69	101696.27	1851	0	WinnieSzeto	
1968	0:21:33	1/1/2019 	1286198	82.00	7.00	6.17	28.70	101696.33	49827	0	WinnieSzeto	
1969	0:21:33	1/1/2019 	1286715	964.00	178.00	43.12	28.70	101696.33	49828	1	WinnieSzeto	
1970	0:21:38	1/1/2019 	1291240	207.00	8.00	9.45	28.70	101694.50	196384	0	WinnieSzeto	
1971	0:21:40	1/1/2019 	1293577	388.00	7.00	11.96	28.70	101693.56	146506	0	WinnieSzeto	
1972	0:21:45	1/1/2019 	1298880	531.00	7.00	12.97	28.70	101691.57	241739	0	WinnieSzeto	
1973	0:21:49	1/1/2019 	1302669	960.00	213.00	46.64	28.70	101689.36	193758	1	WinnieSzeto	
1974	0:21:50	1/1/2019 	1303208	890.00	99.00	29.77	28.70	101689.20	2578	1	WinnieSzeto	
1975	0:21:51	1/1/2019 	1304372	824.00	62.00	23.81	28.70	101688.59	52433	0	WinnieSzeto	
1976	0:21:54	1/1/2019 	1307840	776.00	29.00	20.03	28.70	101686.72	193765	1	WinnieSzeto	
1977	0:21:55	1/1/2019 	1308994	213.00	7.00	9.57	28.70	101686.22	49829	0	WinnieSzeto	
1978	0:22:00	1/1/2019 	1313679	983.00	701.00	126.78	28.69	101684.18	241743	1	WinnieSzeto	
1979	0:22:02	1/1/2019 	1315299	435.00	7.00	12.30	28.69	101683.19	50555	0	WinnieSzeto	
1980	0:22:02	1/1/2019 	1315436	829.00	63.00	23.94	28.69	101683.19	1852	0	WinnieSzeto	
1981	0:22:04	1/1/2019 	1317714	788.00	40.00	21.46	28.70	101682.74	148388	1	WinnieSzeto	
1982	0:22:04	1/1/2019 	1317916	257.00	7.00	10.39	28.70	101682.91	1852	0	WinnieSzeto	
1983	0:22:05	1/1/2019 	1318291	958.00	179.00	43.24	28.70	101682.91	1851	1	WinnieSzeto	
1984	0:22:05	1/1/2019 	1318900	772.00	29.00	20.01	28.70	101682.74	49831	0	WinnieSzeto	
1985	0:22:07	1/1/2019 	1320560	381.00	7.00	11.90	28.70	101684.89	97808	0	WinnieSzeto	
1986	0:22:09	1/1/2019 	1322201	796.00	45.00	21.99	28.70	101690.53	50555	1	WinnieSzeto	
1987	0:22:11	1/1/2019 	1324923	221.00	7.00	9.73	28.70	101695.00	148391	0	WinnieSzeto	
1988	0:22:11	1/1/2019 	1324971	974.00	289.00	55.33	28.70	101695.00	1852	1	WinnieSzeto	
1989	0:22:12	1/1/2019 	1325214	902.00	112.00	32.32	28.70	101695.33	1850	0	WinnieSzeto	
1990	0:22:12	1/1/2019 	1325674	879.00	87.00	27.56	28.70	101695.50	49831	1	WinnieSzeto	
1991	0:22:13	1/1/2019 	1326315	681.00	15.00	16.45	28.70	101695.50	1851	1	WinnieSzeto	
1992	0:22:13	1/1/2019 	1326847	926.00	137.00	37.10	28.69	101694.78	49830	1	WinnieSzeto	
1993	0:22:14	1/1/2019 	1327620	792.00	38.00	21.25	28.69	101694.28	52412	1	WinnieSzeto	
1994	0:22:16	1/1/2019 	1329736	172.00	7.00	8.61	28.69	101690.97	97811	1	WinnieSzeto	
1995	0:22:19	1/1/2019 	1332165	855.00	83.00	26.81	28.69	101686.12	98531	0	WinnieSzeto	
1996	0:22:21	1/1/2019 	1334122	887.00	97.00	29.38	28.69	101684.18	97807	1	WinnieSzeto	
1997	0:22:21	1/1/2019 	1334651	778.00	32.00	20.48	28.69	101683.52	49829	1	WinnieSzeto	
1998	0:22:23	1/1/2019 	1336566	970.00	375.00	70.30	28.69	101681.36	97806	0	WinnieSzeto	
1999	0:22:23	1/1/2019 	1336988	162.00	6.00	8.34	28.69	101681.36	4456	0	WinnieSzeto	
2000	0:22:24	1/1/2019 	1337141	510.00	7.00	12.80	28.69	101680.87	1849	0	WinnieSzeto	
2001	0:22:30	1/1/2019 	1343394	170.00	7.00	8.56	28.69	101675.89	289716	0	WinnieSzeto	
2002	0:22:31	1/1/2019 	1344586	956.00	180.00	43.35	28.69	101675.56	98531	1	WinnieSzeto	
2003	0:22:32	1/1/2019 	1346030	184.00	6.00	8.90	28.69	101675.34	49830	0	WinnieSzeto	
2004	0:22:33	1/1/2019 	1346402	106.00	6.00	6.75	28.69	101675.34	1849	0	WinnieSzeto	
2005	0:22:33	1/1/2019 	1346717	80.00	6.00	6.13	28.69	101675.34	52433	0	WinnieSzeto	
2006	0:22:33	1/1/2019 	1346957	940.00	154.00	39.91	28.69	101675.34	1850	1	WinnieSzeto	
2007	0:22:34	1/1/2019 	1347302	966.00	297.00	56.58	28.69	101675.34	1852	1	WinnieSzeto	
2008	0:22:35	1/1/2019 	1348936	205.00	6.00	9.38	28.69	101675.02	97806	1	WinnieSzeto	
2009	0:22:36	1/1/2019 	1349789	970.00	376.00	70.47	28.69	101674.85	49828	1	WinnieSzeto	
2010	0:22:37	1/1/2019 	1350227	591.00	8.00	13.73	28.69	101674.85	2578	0	WinnieSzeto	
2011	0:22:39	1/1/2019 	1352400	974.00	385.00	71.97	28.69	101673.84	100403	1	WinnieSzeto	
2012	0:22:40	1/1/2019 	1353767	215.00	7.00	9.61	28.69	101673.17	97805	1	WinnieSzeto	
2013	0:22:41	1/1/2019 	1354653	770.00	29.00	20.01	28.69	101672.84	49828	1	WinnieSzeto	
2014	0:22:41	1/1/2019 	1355007	800.00	40.00	21.49	28.69	101672.84	1853	1	WinnieSzeto	
2015	0:22:42	1/1/2019 	1355368	900.00	112.00	32.31	28.69	101672.52	1851	1	WinnieSzeto	
2016	0:22:47	1/1/2019 	1360869	975.00	438.00	79.52	28.69	101670.52	292301	1	WinnieSzeto	
2017	0:22:49	1/1/2019 	1362845	299.00	7.00	11.01	28.69	101670.21	98530	0	WinnieSzeto	
2018	0:22:54	1/1/2019 	1367654	953.00	170.00	42.15	28.69	101669.60	241730	1	WinnieSzeto	
2019	0:22:55	1/1/2019 	1368089	149.00	6.00	7.98	28.69	101669.27	1853	0	WinnieSzeto	
2020	0:22:56	1/1/2019 	1369053	966.00	276.00	53.45	28.69	101668.61	49827	1	WinnieSzeto	
2021	0:22:57	1/1/2019 	1370160	962.00	184.00	43.80	28.69	101667.78	49830	1	WinnieSzeto	
2022	0:22:57	1/1/2019 	1370557	989.00	790.00	141.09	28.69	101667.62	53389	1	WinnieSzeto	
2023	0:22:58	1/1/2019 	1371734	970.00	304.00	57.72	28.70	101668.00	49828	1	WinnieSzeto	
2024	0:23:00	1/1/2019 	1373141	189.00	6.00	9.02	28.70	101668.83	49831	0	WinnieSzeto	
2025	0:23:01	1/1/2019 	1374707	130.00	7.00	7.44	28.70	101669.98	97805	0	WinnieSzeto	
2026	0:23:02	1/1/2019 	1375650	765.00	24.00	19.10	28.70	101670.65	49830	1	WinnieSzeto	
2027	0:23:02	1/1/2019 	1375699	772.00	28.00	19.85	28.70	101670.65	1852	0	WinnieSzeto	
2028	0:23:04	1/1/2019 	1377207	798.00	45.00	22.00	28.70	101672.36	52410	0	WinnieSzeto	
2029	0:23:05	1/1/2019 	1378635	718.00	15.00	16.67	28.70	101673.19	97805	1	WinnieSzeto	
2030	0:23:05	1/1/2019 	1378653	827.00	69.00	24.67	28.70	101673.19	1851	0	WinnieSzeto	
2031	0:23:06	1/1/2019 	1379319	951.00	163.00	41.22	28.70	101674.34	1851	1	WinnieSzeto	
2032	0:23:06	1/1/2019 	1379419	927.00	142.00	37.97	28.70	101674.34	1853	0	WinnieSzeto	
2033	0:23:06	1/1/2019 	1379800	788.00	33.00	20.64	28.70	101674.34	49830	1	WinnieSzeto	
2034	0:23:12	1/1/2019 	1385463	697.00	12.00	15.65	28.70	101672.52	301585	0	WinnieSzeto	
2035	0:23:15	1/1/2019 	1388489	971.00	325.00	61.35	28.70	101670.20	145783	1	WinnieSzeto	
2036	0:23:17	1/1/2019 	1391001	140.00	7.00	7.73	28.70	101668.38	145788	0	WinnieSzeto	
2037	0:23:18	1/1/2019 	1391072	962.00	232.00	48.41	28.70	101668.38	2583	1	WinnieSzeto	
2038	0:23:19	1/1/2019 	1392149	176.00	7.00	8.71	28.70	101667.70	49834	0	WinnieSzeto	
2039	0:23:20	1/1/2019 	1393065	965.00	216.00	46.92	28.70	101667.38	49832	1	WinnieSzeto	
2040	0:23:20	1/1/2019 	1393710	103.00	6.00	6.67	28.70	101666.55	52438	0	WinnieSzeto	
2041	0:23:21	1/1/2019 	1394730	695.00	13.00	15.97	28.70	101665.55	49825	0	WinnieSzeto	
2042	0:23:25	1/1/2019 	1398444	416.00	7.00	12.17	28.70	101665.06	145784	0	WinnieSzeto	
2043	0:23:25	1/1/2019 	1398771	923.00	139.00	37.44	28.70	101665.06	49829	1	WinnieSzeto	
2044	0:23:27	1/1/2019 	1400148	815.00	63.00	23.90	28.70	101664.73	49828	0	WinnieSzeto	
2045	0:23:28	1/1/2019 	1401664	913.00	129.00	35.62	28.70	101663.90	101341	1	WinnieSzeto	
2046	0:23:29	1/1/2019 	1402560	926.00	146.00	38.64	28.70	101662.25	49829	1	WinnieSzeto	
2047	0:23:29	1/1/2019 	1402821	985.00	599.00	104.70	28.70	101662.25	1853	1	WinnieSzeto	
2048	0:23:29	1/1/2019 	1402834	163.00	6.00	8.36	28.70	101662.09	1850	0	WinnieSzeto	
2049	0:23:33	1/1/2019 	1406550	974.00	567.00	97.69	28.70	101658.39	193759	1	WinnieSzeto	
2050	0:23:33	1/1/2019 	1406623	185.00	7.00	8.94	28.70	101658.39	1852	0	WinnieSzeto	
2051	0:23:35	1/1/2019 	1408865	135.00	7.00	7.58	28.69	101655.03	100389	0	WinnieSzeto	
2052	0:23:37	1/1/2019 	1410055	288.00	7.00	10.86	28.69	101653.16	49829	0	WinnieSzeto	
2053	0:23:38	1/1/2019 	1411217	535.00	7.00	13.00	28.69	101652.16	50555	0	WinnieSzeto	
2054	0:23:40	1/1/2019 	1413090	957.00	170.00	42.15	28.69	101649.81	97807	1	WinnieSzeto	
2055	0:23:41	1/1/2019 	1414767	697.00	13.00	15.98	28.69	101648.66	97809	0	WinnieSzeto	
2056	0:23:42	1/1/2019 	1415766	977.00	539.00	92.57	28.69	101647.66	49830	0	WinnieSzeto	
2057	0:23:43	1/1/2019 	1416311	150.00	7.00	8.01	28.69	101647.17	4456	0	WinnieSzeto	
2058	0:23:44	1/1/2019 	1417215	288.00	7.00	10.86	28.69	101646.34	49829	0	WinnieSzeto	
2059	0:23:44	1/1/2019 	1418004	971.00	330.00	62.25	28.69	101645.46	49828	1	WinnieSzeto	
2060	0:23:46	1/1/2019 	1419436	983.00	664.00	119.39	28.69	101644.47	49829	0	WinnieSzeto	
2061	0:23:49	1/1/2019 	1422630	749.00	20.00	18.15	28.69	101642.31	193765	0	WinnieSzeto	
2062	0:23:50	1/1/2019 	1423249	962.00	209.00	46.27	28.69	101642.14	2577	1	WinnieSzeto	
2063	0:23:51	1/1/2019 	1424200	926.00	144.00	38.30	28.69	101641.66	52433	1	WinnieSzeto	
2064	0:23:51	1/1/2019 	1424480	909.00	119.00	33.70	28.69	101641.32	1853	1	WinnieSzeto	
2065	0:23:54	1/1/2019 	1427706	776.00	31.00	20.33	28.69	101639.66	193761	1	WinnieSzeto	
2066	0:23:55	1/1/2019 	1428188	778.00	31.00	20.33	28.68	101639.11	1851	1	WinnieSzeto	
2067	0:24:04	1/1/2019 	1437280	597.00	8.00	13.80	28.68	101636.80	433652	0	WinnieSzeto	
2068	0:24:05	1/1/2019 	1438148	934.00	152.00	39.60	28.68	101636.46	50552	1	WinnieSzeto	
2069	0:24:06	1/1/2019 	1439222	918.00	134.00	36.55	28.68	101635.64	52352	0	WinnieSzeto	
2070	0:24:07	1/1/2019 	1440753	226.00	7.00	9.83	28.68	101633.98	97808	0	WinnieSzeto	
2071	0:24:08	1/1/2019 	1441400	809.00	51.00	22.61	28.68	101633.81	2577	1	WinnieSzeto	
2072	0:24:09	1/1/2019 	1442282	970.00	317.00	59.93	28.68	101633.81	49829	0	WinnieSzeto	
2073	0:24:10	1/1/2019 	1443779	565.00	11.00	13.84	28.69	101634.86	97806	0	WinnieSzeto	
2074	0:24:12	1/1/2019 	1445222	808.00	57.00	23.22	28.69	101636.02	49829	1	WinnieSzeto	
2075	0:24:12	1/1/2019 	1445562	824.00	62.00	23.81	28.69	101636.02	52433	1	WinnieSzeto	
2076	0:24:16	1/1/2019 	1449367	966.00	225.00	47.75	28.69	101642.20	145784	1	WinnieSzeto	
2077	0:24:16	1/1/2019 	1449428	981.00	616.00	108.61	28.69	101643.55	1852	0	WinnieSzeto	
2078	0:24:16	1/1/2019 	1449498	812.00	53.00	22.82	28.69	101643.55	1852	0	WinnieSzeto	
2079	0:24:19	1/1/2019 	1452804	782.00	33.00	20.62	28.69	101646.20	193762	1	WinnieSzeto	
2080	0:24:19	1/1/2019 	1452918	902.00	107.00	31.34	28.69	101646.20	5390	1	WinnieSzeto	
2081	0:24:21	1/1/2019 	1454337	180.00	7.00	8.81	28.69	101646.91	49828	0	WinnieSzeto	
2082	0:24:21	1/1/2019 	1454619	958.00	163.00	41.22	28.69	101646.74	49828	0	WinnieSzeto	
2083	0:24:25	1/1/2019 	1458120	264.00	7.00	10.50	28.69	101645.42	145781	0	WinnieSzeto	
2084	0:24:28	1/1/2019 	1461150	665.00	10.00	14.90	28.69	101639.79	145785	0	WinnieSzeto	
2085	0:24:28	1/1/2019 	1461273	984.00	614.00	108.08	28.69	101639.79	2582	1	WinnieSzeto	
2086	0:24:31	1/1/2019 	1464301	171.00	6.00	8.57	28.69	101633.16	148400	0	WinnieSzeto	
2087	0:24:32	1/1/2019 	1465738	314.00	7.00	11.20	28.69	101630.67	97806	0	WinnieSzeto	
2088	0:24:35	1/1/2019 	1468136	250.00	7.00	10.27	28.69	101625.33	97809	0	WinnieSzeto	
2089	0:24:36	1/1/2019 	1469060	918.00	133.00	36.37	28.69	101624.33	49829	1	WinnieSzeto	
2090	0:24:36	1/1/2019 	1469147	980.00	434.00	79.02	28.69	101622.98	1851	1	WinnieSzeto	
2091	0:24:39	1/1/2019 	1473018	958.00	180.00	43.35	28.69	101616.80	193759	0	WinnieSzeto	
2092	0:24:40	1/1/2019 	1473111	877.00	89.00	27.90	28.69	101616.80	5390	1	WinnieSzeto	
2093	0:24:40	1/1/2019 	1473425	986.00	645.00	115.28	28.69	101616.80	1852	0	WinnieSzeto	
2094	0:24:40	1/1/2019 	1473652	708.00	14.00	16.33	28.69	101615.98	49829	1	WinnieSzeto	
2095	0:24:42	1/1/2019 	1475044	145.00	7.00	7.87	28.68	101613.77	49828	0	WinnieSzeto	
2096	0:24:43	1/1/2019 	1476979	801.00	54.00	22.89	28.68	101610.24	97805	1	WinnieSzeto	
2097	0:24:46	1/1/2019 	1479592	851.00	73.00	25.28	28.68	101606.59	145785	0	WinnieSzeto	
2098	0:24:47	1/1/2019 	1480149	333.00	7.00	11.43	28.68	101605.55	5615	0	WinnieSzeto	
2099	0:24:48	1/1/2019 	1481688	836.00	72.00	25.10	28.68	101604.39	97804	0	WinnieSzeto	
2100	0:24:49	1/1/2019 	1482281	869.00	87.00	27.52	28.68	101603.90	1851	1	WinnieSzeto	
2101	0:24:49	1/1/2019 	1482915	660.00	9.00	14.57	28.68	101602.39	49828	0	WinnieSzeto	
2102	0:24:50	1/1/2019 	1483194	931.00	149.00	39.13	28.68	101602.39	1850	1	WinnieSzeto	
2103	0:24:52	1/1/2019 	1485082	170.00	7.00	8.56	28.68	101600.40	97805	0	WinnieSzeto	
2104	0:24:52	1/1/2019 	1485625	452.00	7.00	12.41	28.67	101599.68	52438	0	WinnieSzeto	
2105	0:24:54	1/1/2019 	1487617	761.00	25.00	19.28	28.67	101599.52	97803	1	WinnieSzeto	
2106	0:24:56	1/1/2019 	1489806	835.00	73.00	25.23	28.67	101600.45	97806	1	WinnieSzeto	
2107	0:24:57	1/1/2019 	1490710	917.00	133.00	36.36	28.67	101602.28	50556	1	WinnieSzeto	
2108	0:25:02	1/1/2019 	1495660	748.00	21.00	18.39	28.67	101596.77	241739	1	WinnieSzeto	
2109	0:25:02	1/1/2019 	1495805	770.00	27.00	19.68	28.67	101596.77	1853	1	WinnieSzeto	
2110	0:25:03	1/1/2019 	1496230	79.00	6.00	6.11	28.67	101595.95	4605	0	WinnieSzeto	
2111	0:25:03	1/1/2019 	1496777	71.00	6.00	5.99	28.67	101595.45	49826	0	WinnieSzeto	
2112	0:25:05	1/1/2019 	1498294	126.00	7.00	7.32	28.66	101592.25	49827	0	WinnieSzeto	
2113	0:25:09	1/1/2019 	1501643	927.00	148.00	38.96	28.66	101586.41	193759	1	WinnieSzeto	
2114	0:25:09	1/1/2019 	1501856	970.00	215.00	46.82	28.66	101586.41	2578	0	WinnieSzeto	
2115	0:25:10	1/1/2019 	1503042	756.00	24.00	19.07	28.66	101584.75	52432	1	WinnieSzeto	
2116	0:25:11	1/1/2019 	1503775	955.00	171.00	42.27	28.66	101582.88	49831	1	WinnieSzeto	
2117	0:25:13	1/1/2019 	1506214	962.00	272.00	52.91	28.66	101579.34	97812	1	WinnieSzeto	
2118	0:25:13	1/1/2019 	1506240	974.00	309.00	58.56	28.66	101579.34	1852	1	WinnieSzeto	
2119	0:25:14	1/1/2019 	1506819	956.00	175.00	42.76	28.66	101578.52	49829	1	WinnieSzeto	
2120	0:25:15	1/1/2019 	1507666	102.00	7.00	6.64	28.66	101577.02	49829	0	WinnieSzeto	
2121	0:25:15	1/1/2019 	1508125	104.00	6.00	6.70	28.66	101576.36	4660	0	WinnieSzeto	
2122	0:25:16	1/1/2019 	1509028	824.00	63.00	23.92	28.66	101575.53	49826	1	WinnieSzeto	
2123	0:25:16	1/1/2019 	1509320	916.00	125.00	34.87	28.65	101574.52	1852	1	WinnieSzeto	
2124	0:25:16	1/1/2019 	1509496	972.00	271.00	52.78	28.65	101574.52	1852	0	WinnieSzeto	
2125	0:25:17	1/1/2019 	1510049	970.00	299.00	56.90	28.65	101574.19	49831	1	WinnieSzeto	
2126	0:25:18	1/1/2019 	1511559	455.00	6.00	12.34	28.65	101571.81	98534	0	WinnieSzeto	
2127	0:25:19	1/1/2019 	1511944	789.00	43.00	21.77	28.65	101571.16	4453	0	WinnieSzeto	
2128	0:25:22	1/1/2019 	1515021	781.00	34.00	20.75	28.65	101567.62	145787	1	WinnieSzeto	
2129	0:25:23	1/1/2019 	1515880	787.00	39.00	21.35	28.65	101566.25	49835	0	WinnieSzeto	
2130	0:25:24	1/1/2019 	1517070	976.00	541.00	92.84	28.65	101564.92	49829	1	WinnieSzeto	
2131	0:25:25	1/1/2019 	1517710	824.00	67.00	24.41	28.65	101564.59	49830	1	WinnieSzeto	
2132	0:25:30	1/1/2019 	1522668	965.00	252.00	50.47	28.64	101560.55	241735	1	WinnieSzeto	
2133	0:25:30	1/1/2019 	1523013	768.00	28.00	19.84	28.64	101560.05	5404	1	WinnieSzeto	
2134	0:25:30	1/1/2019 	1523204	680.00	11.00	15.27	28.64	101560.05	1849	0	WinnieSzeto	
2135	0:25:30	1/1/2019 	1523389	468.00	7.00	12.51	28.64	101560.05	1850	1	WinnieSzeto	
2136	0:25:30	1/1/2019 	1523449	603.00	8.00	13.87	28.64	101559.72	1850	0	WinnieSzeto	
2137	0:25:31	1/1/2019 	1524480	582.00	8.00	13.63	28.64	101558.87	49825	0	WinnieSzeto	
2138	0:25:31	1/1/2019 	1524568	875.00	82.00	26.71	28.64	101558.37	49824	0	WinnieSzeto	
2139	0:25:32	1/1/2019 	1524800	973.00	440.00	79.76	28.64	101558.37	4433	1	WinnieSzeto	
2140	0:25:33	1/1/2019 	1525675	125.00	7.00	7.29	28.64	101557.38	49829	0	WinnieSzeto	
2141	0:25:33	1/1/2019 	1525912	790.00	36.00	21.02	28.64	101557.38	1858	1	WinnieSzeto	
2142	0:25:35	1/1/2019 	1528452	724.00	16.00	16.99	28.64	101554.67	97809	0	WinnieSzeto	
2143	0:25:38	1/1/2019 	1531031	110.00	6.00	6.86	28.64	101553.34	145784	0	WinnieSzeto	
2144	0:25:38	1/1/2019 	1531371	883.00	96.00	29.18	28.64	101552.86	2580	1	WinnieSzeto	
2145	0:25:40	1/1/2019 	1533376	901.00	111.00	32.12	28.63	101551.14	100416	1	WinnieSzeto	
2146	0:25:40	1/1/2019 	1533382	626.00	8.00	14.09	28.63	101551.14	1851	0	WinnieSzeto	
2147	0:25:41	1/1/2019 	1534158	846.00	77.00	25.84	28.63	101550.81	49826	1	WinnieSzeto	
2148	0:25:44	1/1/2019 	1537410	869.00	88.00	27.69	28.63	101548.31	145782	0	WinnieSzeto	
2149	0:25:47	1/1/2019 	1539873	110.00	6.00	6.86	28.63	101545.77	145780	0	WinnieSzeto	
2150	0:25:49	1/1/2019 	1542386	960.00	195.00	44.94	28.63	101543.90	101340	1	WinnieSzeto	
2151	0:25:50	1/1/2019 	1542746	93.00	7.00	6.42	28.63	101543.57	49829	1	WinnieSzeto	
2152	0:25:51	1/1/2019 	1544383	752.00	23.00	18.85	28.62	101542.03	49829	0	WinnieSzeto	
2153	0:25:52	1/1/2019 	1544665	636.00	9.00	14.42	28.62	101542.03	49830	0	WinnieSzeto	
2154	0:25:52	1/1/2019 	1545183	434.00	7.00	12.30	28.62	101541.36	1851	0	WinnieSzeto	
2155	0:25:53	1/1/2019 	1545683	77.00	7.00	6.08	28.62	101541.20	49827	0	WinnieSzeto	
2156	0:25:53	1/1/2019 	1546128	956.00	163.00	41.22	28.62	101540.70	4434	0	WinnieSzeto	
2157	0:25:54	1/1/2019 	1547470	174.00	6.00	8.65	28.62	101540.19	49829	0	WinnieSzeto	
2158	0:25:57	1/1/2019 	1549879	635.00	8.00	14.15	28.62	101538.36	145782	0	WinnieSzeto	
2159	0:25:57	1/1/2019 	1550017	173.00	7.00	8.63	28.62	101538.36	2575	0	WinnieSzeto	
2160	0:25:58	1/1/2019 	1550782	456.00	7.00	12.44	28.62	101537.87	49827	0	WinnieSzeto	
2161	0:25:58	1/1/2019 	1551616	95.00	6.00	6.46	28.62	101536.66	49829	0	WinnieSzeto	
2162	0:25:59	1/1/2019 	1552016	968.00	329.00	62.07	28.62	101536.16	4453	1	WinnieSzeto	
2163	0:26:00	1/1/2019 	1552959	197.00	7.00	9.22	28.62	101535.83	49831	0	WinnieSzeto	
2164	0:26:01	1/1/2019 	1553729	946.00	159.00	40.65	28.62	101534.78	49829	1	WinnieSzeto	
2165	0:26:01	1/1/2019 	1553768	983.00	515.00	88.85	28.62	101534.78	1853	1	WinnieSzeto	
2166	0:26:02	1/1/2019 	1555421	885.00	99.00	29.75	28.61	101533.27	49829	0	WinnieSzeto	
2167	0:26:04	1/1/2019 	1557167	869.00	89.00	27.87	28.61	101531.89	97807	0	WinnieSzeto	
2168	0:26:05	1/1/2019 	1558165	740.00	19.00	17.87	28.61	101531.40	52411	0	WinnieSzeto	
2169	0:26:06	1/1/2019 	1558653	630.00	8.00	14.12	28.61	101530.72	49829	0	WinnieSzeto	
2170	0:26:07	1/1/2019 	1560242	146.00	7.00	7.90	28.61	101529.17	49825	0	WinnieSzeto	
2171	0:26:07	1/1/2019 	1560573	422.00	7.00	12.21	28.61	101529.17	50552	0	WinnieSzeto	
2172	0:26:08	1/1/2019 	1561172	782.00	32.00	20.49	28.61	101528.84	1850	1	WinnieSzeto	
2173	0:26:09	1/1/2019 	1561718	913.00	123.00	34.48	28.61	101528.51	49826	1	WinnieSzeto	
2174	0:26:09	1/1/2019 	1561851	972.00	327.00	61.71	28.60	101527.80	4455	1	WinnieSzeto	
2175	0:26:10	1/1/2019 	1563489	581.00	8.00	13.62	28.60	101526.64	49828	1	WinnieSzeto	
2176	0:26:11	1/1/2019 	1563725	384.00	7.00	11.93	28.60	101526.64	49828	0	WinnieSzeto	
2177	0:26:12	1/1/2019 	1564869	174.00	6.00	8.65	28.60	101525.76	49828	0	WinnieSzeto	
2178	0:26:13	1/1/2019 	1566018	685.00	11.00	15.29	28.60	101524.74	49827	0	WinnieSzeto	
2179	0:26:13	1/1/2019 	1566045	585.00	8.00	13.66	28.60	101524.74	1852	1	WinnieSzeto	
2180	0:26:13	1/1/2019 	1566128	229.00	7.00	9.89	28.60	101524.74	4430	0	WinnieSzeto	
2181	0:26:14	1/1/2019 	1567261	148.00	7.00	7.96	28.60	101523.92	49826	0	WinnieSzeto	
2182	0:26:15	1/1/2019 	1567741	915.00	128.00	35.44	28.60	101523.92	49828	1	WinnieSzeto	
2183	0:26:16	1/1/2019 	1568924	790.00	39.00	21.36	28.60	101523.04	49828	1	WinnieSzeto	
2184	0:26:16	1/1/2019 	1568965	257.00	7.00	10.39	28.60	101523.04	1852	0	WinnieSzeto	
2185	0:26:16	1/1/2019 	1568973	960.00	168.00	41.89	28.60	101523.04	1849	1	WinnieSzeto	
2186	0:26:16	1/1/2019 	1569230	703.00	13.00	16.00	28.60	101523.04	4433	1	WinnieSzeto	
2187	0:26:17	1/1/2019 	1570639	966.00	274.00	53.18	28.59	101521.83	97805	1	WinnieSzeto	
2188	0:26:20	1/1/2019 	1572986	386.00	7.00	11.94	28.59	101520.95	98534	0	WinnieSzeto	
2189	0:26:23	1/1/2019 	1576383	864.00	83.00	26.84	28.59	101518.91	145783	1	WinnieSzeto	
2190	0:26:24	1/1/2019 	1577236	788.00	36.00	21.01	28.59	101517.89	49829	1	WinnieSzeto	
2191	0:26:25	1/1/2019 	1578279	854.00	78.00	26.02	28.59	101517.40	49829	0	WinnieSzeto	
2192	0:26:25	1/1/2019 	1578457	758.00	25.00	19.27	28.59	101517.40	4462	0	WinnieSzeto	
2193	0:26:27	1/1/2019 	1579838	965.00	234.00	48.60	28.59	101516.73	97804	1	WinnieSzeto	
2194	0:26:27	1/1/2019 	1580489	907.00	118.00	33.50	28.58	101515.72	2578	1	WinnieSzeto	
2195	0:26:28	1/1/2019 	1580655	594.00	8.00	13.77	28.58	101515.72	49828	0	WinnieSzeto	
2196	0:26:28	1/1/2019 	1581364	771.00	28.00	19.85	28.58	101515.39	1849	0	WinnieSzeto	
2197	0:26:31	1/1/2019 	1584224	829.00	69.00	24.68	28.58	101513.84	148407	1	WinnieSzeto	
2198	0:26:31	1/1/2019 	1584638	807.00	47.00	22.21	28.58	101513.13	49828	1	WinnieSzeto	
2199	0:26:33	1/1/2019 	1585672	81.00	6.00	6.15	28.58	101512.47	49826	0	WinnieSzeto	
2200	0:26:33	1/1/2019 	1586460	888.00	99.00	29.76	28.58	101511.62	1852	1	WinnieSzeto	
2201	0:26:34	1/1/2019 	1586676	194.00	6.00	9.14	28.58	101511.62	49836	0	WinnieSzeto	
2202	0:26:36	1/1/2019 	1589086	159.00	6.00	8.26	28.57	101510.25	97808	0	WinnieSzeto	
2203	0:26:37	1/1/2019 	1589657	195.00	7.00	9.17	28.57	101510.08	52410	0	WinnieSzeto	
2204	0:26:38	1/1/2019 	1591298	209.00	7.00	9.48	28.57	101509.25	50552	0	WinnieSzeto	
2205	0:26:39	1/1/2019 	1591922	106.00	6.00	6.75	28.57	101508.54	49827	0	WinnieSzeto	
2206	0:26:39	1/1/2019 	1591942	925.00	137.00	37.10	28.57	101508.54	1850	1	WinnieSzeto	
2207	0:26:39	1/1/2019 	1592086	975.00	414.00	76.38	28.57	101508.54	1850	1	WinnieSzeto	
2208	0:26:41	1/1/2019 	1594581	915.00	129.00	35.62	28.57	101506.83	145783	1	WinnieSzeto	
2209	0:26:42	1/1/2019 	1595386	207.00	8.00	9.45	28.57	101505.95	4457	0	WinnieSzeto	
2210	0:26:44	1/1/2019 	1596832	137.00	6.00	7.64	28.57	101505.62	97805	0	WinnieSzeto	
2211	0:26:44	1/1/2019 	1597158	756.00	22.00	18.64	28.56	101505.10	1855	1	WinnieSzeto	
2212	0:26:45	1/1/2019 	1598584	856.00	86.00	27.31	28.56	101505.59	97802	1	WinnieSzeto	
2213	0:26:46	1/1/2019 	1598683	906.00	115.00	32.92	28.56	101505.59	1852	1	WinnieSzeto	
2214	0:26:47	1/1/2019 	1599942	807.00	53.00	22.81	28.56	101506.55	49828	0	WinnieSzeto	
2215	0:26:48	1/1/2019 	1601064	952.00	161.00	40.94	28.56	101507.48	53517	1	WinnieSzeto	
2216	0:26:49	1/1/2019 	1602379	108.00	6.00	6.80	28.56	101508.65	49827	0	WinnieSzeto	
2217	0:26:50	1/1/2019 	1602873	128.00	6.00	7.37	28.56	101508.65	49825	0	WinnieSzeto	
2218	0:26:51	1/1/2019 	1604338	705.00	13.00	16.00	28.56	101508.92	49825	0	WinnieSzeto	
2219	0:26:53	1/1/2019 	1606032	193.00	7.00	9.13	28.56	101508.76	97806	0	WinnieSzeto	
2220	0:26:56	1/1/2019 	1608855	971.00	326.00	61.53	28.55	101512.41	145782	1	WinnieSzeto	
2221	0:27:00	1/1/2019 	1613392	919.00	136.00	36.91	28.55	101509.38	196350	1	WinnieSzeto	
2222	0:27:01	1/1/2019 	1613819	403.00	8.00	12.14	28.55	101509.38	50562	0	WinnieSzeto	
2223	0:27:02	1/1/2019 	1615196	76.00	7.00	6.06	28.55	101507.89	49830	0	WinnieSzeto	
2224	0:27:03	1/1/2019 	1615762	779.00	33.00	20.61	28.55	101507.23	49829	1	WinnieSzeto	
2225	0:27:03	1/1/2019 	1615834	880.00	93.00	28.62	28.55	101507.23	1853	0	WinnieSzeto	
2226	0:27:04	1/1/2019 	1617096	786.00	36.00	21.01	28.55	101506.23	49827	0	WinnieSzeto	
2227	0:27:05	1/1/2019 	1618064	113.00	7.00	6.95	28.55	101504.03	52584	0	WinnieSzeto	
2228	0:27:05	1/1/2019 	1618074	182.00	7.00	8.86	28.55	101504.03	1851	0	WinnieSzeto	
2229	0:27:06	1/1/2019 	1619211	832.00	62.00	23.83	28.55	101502.05	49826	1	WinnieSzeto	
2230	0:27:07	1/1/2019 	1620139	184.00	6.00	8.90	28.55	101500.22	49828	1	WinnieSzeto	
2231	0:27:08	1/1/2019 	1621054	486.00	8.00	12.73	28.55	101498.34	50553	0	WinnieSzeto	
2232	0:27:10	1/1/2019 	1622824	790.00	38.00	21.25	28.55	101497.85	97800	1	WinnieSzeto	
2233	0:27:10	1/1/2019 	1622941	958.00	164.00	41.35	28.55	101497.85	4455	1	WinnieSzeto	
2234	0:27:10	1/1/2019 	1623131	717.00	15.00	16.67	28.55	101497.85	1850	0	WinnieSzeto	
2235	0:27:14	1/1/2019 	1627604	669.00	10.00	14.91	28.55	101498.84	241728	1	WinnieSzeto	
2236	0:27:15	1/1/2019 	1627735	906.00	122.00	34.27	28.55	101498.84	1852	1	WinnieSzeto	
2237	0:27:15	1/1/2019 	1628108	124.00	7.00	7.26	28.55	101498.02	1851	1	WinnieSzeto	
2238	0:27:16	1/1/2019 	1628933	899.00	110.00	31.92	28.55	101496.70	49825	1	WinnieSzeto	
2239	0:27:18	1/1/2019 	1631015	888.00	100.00	29.95	28.55	101493.88	100538	1	WinnieSzeto	
2240	0:27:18	1/1/2019 	1631460	647.00	9.00	14.50	28.54	101492.83	2583	0	WinnieSzeto	
2241	0:27:19	1/1/2019 	1632031	920.00	136.00	36.91	28.54	101492.17	49824	1	WinnieSzeto	
2242	0:27:21	1/1/2019 	1633969	870.00	84.00	27.02	28.54	101489.85	97802	1	WinnieSzeto	
2243	0:27:23	1/1/2019 	1636405	309.00	7.00	11.14	28.54	101493.47	97801	0	WinnieSzeto	
2244	0:27:28	1/1/2019 	1640903	968.00	341.00	64.24	28.54	101501.09	244353	1	WinnieSzeto	
2245	0:27:28	1/1/2019 	1641350	628.00	9.00	14.35	28.54	101501.26	2582	1	WinnieSzeto	
2246	0:27:30	1/1/2019 	1643318	968.00	310.00	58.73	28.54	101499.72	97803	1	WinnieSzeto	
2247	0:27:36	1/1/2019 	1649590	825.00	65.00	24.16	28.53	101496.30	337688	0	WinnieSzeto	
2248	0:27:39	1/1/2019 	1651760	704.00	13.00	16.00	28.53	101492.47	98528	0	WinnieSzeto	
2249	0:27:39	1/1/2019 	1652473	893.00	99.00	29.78	28.53	101491.31	1851	1	WinnieSzeto	
2250	0:27:40	1/1/2019 	1653446	968.00	328.00	61.89	28.53	101489.66	52583	0	WinnieSzeto	
2251	0:27:41	1/1/2019 	1654047	151.00	7.00	8.04	28.53	101489.11	49827	0	WinnieSzeto	
2252	0:27:41	1/1/2019 	1654582	102.00	7.00	6.64	28.53	101489.11	49826	0	WinnieSzeto	
2253	0:27:44	1/1/2019 	1656839	981.00	734.00	131.80	28.53	101486.74	97803	1	WinnieSzeto	
2254	0:27:45	1/1/2019 	1657902	903.00	112.00	32.32	28.53	101485.75	49829	0	WinnieSzeto	
2255	0:27:49	1/1/2019 	1662159	967.00	308.00	58.39	28.53	101490.05	193756	1	WinnieSzeto	
2256	0:27:50	1/1/2019 	1662858	602.00	8.00	13.85	28.53	101491.21	53364	0	WinnieSzeto	
2257	0:27:50	1/1/2019 	1663185	529.00	8.00	13.07	28.53	101492.37	1849	0	WinnieSzeto	
2258	0:27:53	1/1/2019 	1665691	92.00	6.00	6.39	28.53	101493.70	145776	1	WinnieSzeto	
2259	0:27:53	1/1/2019 	1666437	78.00	6.00	6.10	28.52	101492.19	1850	0	WinnieSzeto	
2260	0:27:54	1/1/2019 	1667248	488.00	7.00	12.64	28.52	101489.20	49822	0	WinnieSzeto	
2261	0:27:54	1/1/2019 	1667269	955.00	162.00	41.08	28.52	101489.20	1852	0	WinnieSzeto	
2262	0:27:54	1/1/2019 	1667310	722.00	15.00	16.68	28.52	101489.20	4608	1	WinnieSzeto	
2263	0:27:55	1/1/2019 	1667916	703.00	13.00	16.00	28.52	101487.55	49825	0	WinnieSzeto	
2264	0:27:56	1/1/2019 	1669401	966.00	300.00	57.06	28.52	101481.59	49827	1	WinnieSzeto	
2265	0:27:57	1/1/2019 	1669755	771.00	29.00	20.01	28.52	101479.55	49827	0	WinnieSzeto	
2266	0:28:02	1/1/2019 	1674890	897.00	109.00	31.72	28.51	101461.88	242453	1	WinnieSzeto	
2267	0:28:05	1/1/2019 	1678210	521.00	8.00	13.00	28.51	101451.87	145783	0	WinnieSzeto	
2268	0:28:05	1/1/2019 	1678485	721.00	15.00	16.68	28.51	101451.87	4454	0	WinnieSzeto	
2269	0:28:05	1/1/2019 	1678551	900.00	99.00	29.80	28.51	101450.54	49827	1	WinnieSzeto	
2270	0:28:06	1/1/2019 	1678698	908.00	115.00	32.92	28.51	101450.54	1851	1	WinnieSzeto	
2271	0:28:07	1/1/2019 	1680490	951.00	160.00	40.80	28.50	101446.96	49827	1	WinnieSzeto	
2272	0:28:08	1/1/2019 	1681061	816.00	56.00	23.13	28.50	101446.13	50558	1	WinnieSzeto	
2273	0:28:09	1/1/2019 	1682168	973.00	524.00	90.20	28.50	101443.93	52439	1	WinnieSzeto	
2274	0:28:11	1/1/2019 	1683947	187.00	6.00	8.97	28.50	101441.73	97805	0	WinnieSzeto	
2275	0:28:13	1/1/2019 	1686450	418.00	7.00	12.19	28.50	101437.71	97802	0	WinnieSzeto	
2276	0:28:16	1/1/2019 	1688944	434.00	7.00	12.30	28.49	101434.30	145779	1	WinnieSzeto	
2277	0:28:19	1/1/2019 	1692348	706.00	13.00	16.00	28.48	101430.37	145785	1	WinnieSzeto	
2278	0:28:22	1/1/2019 	1695062	567.00	8.00	13.46	28.48	101427.95	146507	0	WinnieSzeto	
2279	0:28:23	1/1/2019 	1696071	864.00	87.00	27.50	28.48	101426.94	52451	1	WinnieSzeto	
2280	0:28:24	1/1/2019 	1696749	83.00	6.00	6.19	28.47	101426.38	49828	0	WinnieSzeto	
2281	0:28:24	1/1/2019 	1696773	929.00	145.00	38.47	28.47	101426.38	1850	1	WinnieSzeto	
2282	0:28:27	1/1/2019 	1700627	851.00	75.00	25.56	28.47	101423.81	193757	1	WinnieSzeto	
2283	0:28:30	1/1/2019 	1702974	929.00	146.00	38.64	28.46	101421.55	98532	1	WinnieSzeto	
2284	0:28:30	1/1/2019 	1703150	739.00	20.00	18.12	28.46	101421.55	1853	0	WinnieSzeto	
2285	0:28:31	1/1/2019 	1703986	888.00	101.00	30.14	28.46	101420.67	52584	1	WinnieSzeto	
2286	0:28:31	1/1/2019 	1704460	812.00	53.00	22.82	28.46	101420.52	1851	1	WinnieSzeto	
2287	0:28:34	1/1/2019 	1707177	77.00	6.00	6.08	28.45	101417.91	145782	0	WinnieSzeto	
2288	0:28:37	1/1/2019 	1710443	513.00	7.00	12.82	28.44	101414.12	145779	0	WinnieSzeto	
2289	0:28:38	1/1/2019 	1710800	622.00	8.00	14.05	28.44	101414.12	50553	0	WinnieSzeto	
2290	0:28:39	1/1/2019 	1712063	701.00	13.00	15.99	28.44	101412.74	49826	0	WinnieSzeto	
2291	0:28:44	1/1/2019 	1717208	959.00	200.00	45.43	28.43	101407.55	244344	0	WinnieSzeto	
2292	0:28:45	1/1/2019 	1718061	229.00	7.00	9.89	28.42	101406.52	49828	0	WinnieSzeto	
2293	0:28:45	1/1/2019 	1718567	989.00	691.00	124.89	28.42	101406.17	49829	1	WinnieSzeto	
2294	0:28:50	1/1/2019 	1723111	151.00	7.00	8.04	28.41	101403.02	193759	0	WinnieSzeto	
2295	0:28:54	1/1/2019 	1726857	517.00	7.00	12.85	28.41	101400.12	194494	1	WinnieSzeto	
2296	0:28:55	1/1/2019 	1728124	971.00	341.00	64.24	28.40	101399.08	49829	1	WinnieSzeto	
2297	0:28:57	1/1/2019 	1729717	142.00	6.00	7.78	28.40	101397.34	100438	0	WinnieSzeto	
2298	0:28:58	1/1/2019 	1730996	518.00	7.00	12.86	28.40	101396.30	50613	0	WinnieSzeto	
2299	0:29:00	1/1/2019 	1733015	383.00	7.00	11.92	28.39	101395.26	97807	0	WinnieSzeto	
2300	0:29:04	1/1/2019 	1737074	705.00	13.00	16.00	28.39	101392.32	193762	1	WinnieSzeto	
2301	0:29:04	1/1/2019 	1737114	801.00	51.00	22.59	28.39	101392.32	1852	1	WinnieSzeto	
2302	0:29:04	1/1/2019 	1737361	753.00	23.00	18.85	28.38	101391.61	1851	1	WinnieSzeto	
2303	0:29:05	1/1/2019 	1738018	967.00	322.00	60.81	28.38	101391.44	52428	1	WinnieSzeto	
2304	0:29:07	1/1/2019 	1739821	972.00	460.00	82.12	28.38	101390.43	97807	1	WinnieSzeto	
2305	0:29:08	1/1/2019 	1740843	957.00	183.00	43.69	28.38	101389.88	50620	1	WinnieSzeto	
2306	0:29:08	1/1/2019 	1741116	812.00	43.00	21.83	28.38	101389.72	1852	1	WinnieSzeto	
2307	0:29:09	1/1/2019 	1742265	904.00	115.00	32.91	28.38	101389.03	49826	0	WinnieSzeto	
2308	0:29:10	1/1/2019 	1743487	77.00	6.00	6.08	28.37	101388.16	52440	0	WinnieSzeto	
2309	0:29:12	1/1/2019 	1744905	798.00	49.00	22.39	28.37	101387.16	97800	1	WinnieSzeto	
2310	0:29:13	1/1/2019 	1746166	870.00	90.00	28.05	28.37	101386.61	49828	1	WinnieSzeto	
2311	0:29:16	1/1/2019 	1749192	926.00	150.00	39.28	28.37	101384.89	145779	1	WinnieSzeto	
2312	0:29:19	1/1/2019 	1752391	915.00	126.00	35.06	28.36	101382.63	145784	0	WinnieSzeto	
2313	0:29:21	1/1/2019 	1754488	922.00	145.00	38.47	28.36	101381.75	98595	1	WinnieSzeto	
2314	0:29:22	1/1/2019 	1755411	814.00	66.00	24.26	28.36	101381.04	52433	0	WinnieSzeto	
2315	0:29:24	1/1/2019 	1756924	709.00	14.00	16.33	28.36	101380.71	97805	0	WinnieSzeto	
2316	0:29:24	1/1/2019 	1757250	821.00	62.00	23.80	28.35	101380.03	1852	1	WinnieSzeto	
2317	0:29:27	1/1/2019 	1760043	654.00	10.00	14.83	28.35	101378.47	145782	1	WinnieSzeto	
2318	0:29:30	1/1/2019 	1762871	626.00	8.00	14.09	28.35	101376.76	146573	0	WinnieSzeto	
2319	0:29:30	1/1/2019 	1763111	161.00	7.00	8.32	28.34	101376.24	1849	1	WinnieSzeto	
2320	0:29:32	1/1/2019 	1765023	906.00	122.00	34.27	28.34	101375.03	100637	1	WinnieSzeto	
2321	0:29:34	1/1/2019 	1766993	714.00	15.00	16.66	28.34	101373.48	97807	1	WinnieSzeto	
2322	0:29:34	1/1/2019 	1767385	802.00	47.00	22.20	28.34	101373.48	1852	1	WinnieSzeto	
2323	0:29:35	1/1/2019 	1768571	727.00	17.00	17.29	28.34	101372.45	97804	1	WinnieSzeto	
2324	0:29:36	1/1/2019 	1768985	473.00	7.00	12.55	28.34	101372.45	1852	0	WinnieSzeto	
2325	0:29:36	1/1/2019 	1769554	437.00	38.00	13.50	28.33	101371.57	49828	0	WinnieSzeto	
2326	0:29:37	1/1/2019 	1770273	134.00	9.00	7.56	28.33	101371.41	5240	0	WinnieSzeto	
2327	0:29:37	1/1/2019 	1770450	630.00	8.00	14.12	28.33	101371.41	1850	0	WinnieSzeto	
2328	0:29:38	1/1/2019 	1770757	734.00	20.00	18.10	28.33	101371.07	49826	1	WinnieSzeto	
2329	0:29:38	1/1/2019 	1770788	526.00	8.00	13.04	28.33	101371.07	1852	0	WinnieSzeto	
2330	0:29:39	1/1/2019 	1772040	98.00	7.00	6.54	28.33	101370.55	49825	0	WinnieSzeto	
2331	0:29:39	1/1/2019 	1772392	979.00	590.00	102.53	28.33	101370.23	1851	1	WinnieSzeto	
2332	0:29:40	1/1/2019 	1773322	972.00	319.00	60.28	28.33	101369.67	52661	1	WinnieSzeto	
2333	0:29:46	1/1/2019 	1779072	73.00	6.00	6.02	28.32	101365.23	289714	0	WinnieSzeto	
2334	0:29:47	1/1/2019 	1779917	573.00	8.00	13.53	28.32	101364.90	49826	0	WinnieSzeto	
2335	0:29:49	1/1/2019 	1782621	76.00	7.00	6.06	28.31	101363.14	146564	0	WinnieSzeto	
2336	0:29:50	1/1/2019 	1783270	752.00	23.00	18.85	28.31	101361.94	1851	0	WinnieSzeto	
2337	0:29:50	1/1/2019 	1783435	233.00	7.00	9.97	28.31	101361.94	1850	0	WinnieSzeto	
2338	0:29:51	1/1/2019 	1783648	932.00	151.00	39.44	28.31	101361.94	52429	1	WinnieSzeto	
2339	0:29:51	1/1/2019 	1783928	438.00	7.00	12.32	28.31	101361.77	1852	0	WinnieSzeto	
2340	0:29:51	1/1/2019 	1784172	754.00	23.00	18.86	28.31	101361.77	1849	1	WinnieSzeto	
2341	0:29:53	1/1/2019 	1786439	916.00	123.00	34.49	28.31	101360.59	97805	0	WinnieSzeto	
2342	0:29:54	1/1/2019 	1787044	248.00	7.00	10.24	28.31	101360.20	49829	0	WinnieSzeto	
2343	0:29:55	1/1/2019 	1788483	976.00	544.00	93.40	28.31	101359.71	49827	0	WinnieSzeto	
2344	0:29:56	1/1/2019 	1789338	973.00	524.00	90.20	28.30	101358.67	52564	0	WinnieSzeto	
2345	0:29:58	1/1/2019 	1790721	965.00	256.00	50.93	28.30	101357.79	97809	1	WinnieSzeto	
2346	0:29:58	1/1/2019 	1791414	679.00	11.00	15.27	28.30	101357.62	2640	0	WinnieSzeto	
2347	0:29:59	1/1/2019 	1791914	970.00	294.00	56.10	28.30	101356.94	49832	1	WinnieSzeto	
2348	0:30:03	1/1/2019 	1795650	603.00	8.00	13.87	28.29	101354.50	193762	1	WinnieSzeto	
2349	0:30:03	1/1/2019 	1796462	130.00	6.00	7.43	28.29	101353.95	4454	0	WinnieSzeto	
2350	0:30:04	1/1/2019 	1796760	663.00	10.00	14.89	28.29	101353.95	49826	1	WinnieSzeto	
2351	0:30:04	1/1/2019 	1797040	895.00	102.00	30.36	28.29	101353.45	1851	1	WinnieSzeto	
2352	0:30:04	1/1/2019 	1797157	794.00	40.00	21.48	28.29	101353.45	1851	1	WinnieSzeto	
2353	0:30:06	1/1/2019 	1799218	690.00	12.00	15.63	28.28	101351.73	97806	1	WinnieSzeto	
2354	0:30:09	1/1/2019 	1802128	731.00	19.00	17.84	28.28	101349.14	145783	1	WinnieSzeto	
2355	0:30:09	1/1/2019 	1802767	599.00	8.00	13.82	28.28	101348.98	53232	0	WinnieSzeto	
2356	0:30:09	1/1/2019 	1802798	919.00	130.00	35.82	28.28	101348.98	1849	1	WinnieSzeto	
2357	0:30:09	1/1/2019 	1803124	971.00	255.00	50.81	28.28	101348.48	1851	1	WinnieSzeto	
2358	0:30:11	1/1/2019 	1804440	118.00	7.00	7.09	28.28	101347.30	49827	0	WinnieSzeto	
2359	0:30:15	1/1/2019 	1808190	801.00	45.00	22.00	28.27	101342.19	193757	1	WinnieSzeto	
2360	0:30:16	1/1/2019 	1809426	956.00	204.00	45.81	28.27	101340.98	49829	0	WinnieSzeto	
2361	0:30:16	1/1/2019 	1809723	135.00	7.00	7.58	28.27	101340.48	52409	0	WinnieSzeto	
2362	0:30:19	1/1/2019 	1812944	968.00	300.00	57.06	28.26	101336.96	146569	1	WinnieSzeto	
2363	0:30:20	1/1/2019 	1813835	620.00	8.00	14.03	28.26	101336.25	49828	1	WinnieSzeto	
2364	0:30:21	1/1/2019 	1814231	110.00	6.00	6.86	28.26	101335.54	1848	0	WinnieSzeto	
2365	0:30:21	1/1/2019 	1814248	787.00	36.00	21.01	28.26	101335.54	1850	1	WinnieSzeto	
2366	0:30:23	1/1/2019 	1817099	140.00	6.00	7.72	28.25	101333.15	145778	0	WinnieSzeto	
2367	0:30:33	1/1/2019 	1826224	728.00	16.00	17.00	28.23	101324.55	436251	1	WinnieSzeto	
2368	0:30:34	1/1/2019 	1827344	971.00	328.00	61.89	28.23	101323.73	50615	1	WinnieSzeto	
2369	0:30:35	1/1/2019 	1829067	928.00	151.00	39.44	28.23	101322.64	97806	1	WinnieSzeto	
2370	0:30:36	1/1/2019 	1829786	853.00	76.00	25.71	28.22	101322.09	49829	1	WinnieSzeto	
2371	0:30:36	1/1/2019 	1829968	256.00	7.00	10.37	28.22	101321.92	2638	0	WinnieSzeto	
2372	0:30:37	1/1/2019 	1830617	726.00	16.00	16.99	28.22	101321.38	49827	1	WinnieSzeto	
2373	0:30:41	1/1/2019 	1834297	969.00	382.00	71.48	28.21	101319.55	148387	1	WinnieSzeto	
2374	0:30:42	1/1/2019 	1835846	971.00	408.00	75.53	28.21	101319.20	97804	1	WinnieSzeto	
2375	0:30:45	1/1/2019 	1838850	902.00	117.00	33.29	28.20	101316.92	145785	1	WinnieSzeto	
2376	0:30:48	1/1/2019 	1841709	910.00	120.00	33.90	28.20	101313.89	145788	1	WinnieSzeto	
2377	0:30:49	1/1/2019 	1842392	195.00	6.00	9.16	28.20	101312.88	2645	0	WinnieSzeto	
2378	0:30:50	1/1/2019 	1843663	802.00	57.00	23.20	28.20	101311.17	97810	0	WinnieSzeto	
2379	0:30:50	1/1/2019 	1843697	849.00	81.00	26.47	28.20	101311.17	4464	1	WinnieSzeto	
2380	0:30:50	1/1/2019 	1843772	860.00	81.00	26.50	28.20	101311.17	1851	1	WinnieSzeto	
2381	0:30:50	1/1/2019 	1843987	817.00	49.00	22.43	28.20	101311.17	1851	1	WinnieSzeto	
2382	0:30:51	1/1/2019 	1844229	981.00	708.00	127.73	28.20	101310.84	1851	1	WinnieSzeto	
2383	0:30:51	1/1/2019 	1844701	976.00	358.00	67.32	28.19	101310.12	49834	0	WinnieSzeto	
2384	0:30:52	1/1/2019 	1845185	798.00	53.00	22.78	28.19	101310.12	4442	1	WinnieSzeto	
2385	0:30:53	1/1/2019 	1846232	169.00	6.00	8.52	28.19	101309.30	49833	0	WinnieSzeto	
2386	0:30:53	1/1/2019 	1846376	801.00	38.00	21.27	28.19	101308.42	1851	1	WinnieSzeto	
2387	0:30:53	1/1/2019 	1846883	987.00	759.00	135.63	28.19	101308.09	49829	1	WinnieSzeto	
2388	0:30:55	1/1/2019 	1848769	918.00	136.00	36.91	28.19	101306.58	97804	0	WinnieSzeto	
2389	0:31:04	1/1/2019 	1857279	823.00	64.00	24.04	28.17	101298.39	385682	1	WinnieSzeto	
2390	0:31:04	1/1/2019 	1857887	404.00	7.00	12.09	28.17	101297.23	53233	0	WinnieSzeto	
2391	0:31:06	1/1/2019 	1859187	518.00	7.00	12.86	28.17	101295.86	49830	0	WinnieSzeto	
2392	0:31:08	1/1/2019 	1861609	676.00	5.00	13.00	28.17	101294.33	145783	0	WinnieSzeto	
2393	0:31:08	1/1/2019 	1861855	871.00	90.00	28.05	28.17	101293.48	2639	1	WinnieSzeto	
2394	0:31:11	1/1/2019 	1864217	808.00	54.00	22.91	28.16	101291.06	97805	1	WinnieSzeto	
2395	0:31:17	1/1/2019 	1870127	964.00	255.00	50.81	28.15	101284.93	289717	1	WinnieSzeto	
2396	0:31:17	1/1/2019 	1870923	120.00	2.00	7.13	28.15	101284.77	53222	0	WinnieSzeto	
2397	0:31:19	1/1/2019 	1872410	406.00	7.00	12.10	28.15	101282.76	49823	0	WinnieSzeto	
2398	0:31:22	1/1/2019 	1876069	282.00	7.00	10.77	28.14	101279.88	193756	0	WinnieSzeto	
2399	0:31:23	1/1/2019 	1876896	261.00	7.00	10.45	28.14	101279.70	49832	0	WinnieSzeto	
2400	0:31:24	1/1/2019 	1877377	982.00	615.00	108.23	28.14	101278.99	1851	1	WinnieSzeto	
2401	0:31:24	1/1/2019 	1877558	973.00	294.00	56.10	28.14	101278.99	49828	1	WinnieSzeto	
2402	0:31:24	1/1/2019 	1878114	887.00	98.00	29.57	28.14	101278.50	4716	0	WinnieSzeto	
2403	0:31:28	1/1/2019 	1881331	938.00	154.00	39.91	28.14	101276.08	145777	1	WinnieSzeto	
2404	0:31:28	1/1/2019 	1881993	828.00	61.00	23.70	28.13	101275.06	50614	1	WinnieSzeto	
2405	0:31:30	1/1/2019 	1883321	209.00	7.00	9.48	28.13	101273.69	49826	1	WinnieSzeto	
2406	0:31:31	1/1/2019 	1884406	693.00	13.00	15.96	28.13	101272.70	49827	1	WinnieSzeto	
2407	0:31:31	1/1/2019 	1884921	623.00	9.00	14.30	28.13	101271.98	49830	0	WinnieSzeto	
2408	0:31:33	1/1/2019 	1887112	93.00	7.00	6.42	28.13	101270.28	100408	0	WinnieSzeto	
2409	0:31:35	1/1/2019 	1888432	978.00	624.00	110.38	28.13	101269.62	49829	0	WinnieSzeto	
2410	0:31:35	1/1/2019 	1888581	661.00	10.00	14.88	28.12	101268.91	49833	0	WinnieSzeto	
2411	0:31:36	1/1/2019 	1889888	724.00	17.00	17.28	28.12	101267.91	49828	1	WinnieSzeto	
2412	0:31:37	1/1/2019 	1891108	960.00	194.00	44.84	28.12	101266.73	50616	1	WinnieSzeto	
2413	0:31:38	1/1/2019 	1891764	909.00	124.00	34.66	28.12	101266.24	52609	1	WinnieSzeto	
2414	0:31:40	1/1/2019 	1893740	70.00	6.00	5.97	28.12	101263.66	97804	0	WinnieSzeto	
2415	0:31:43	1/1/2019 	1896915	969.00	321.00	60.64	28.11	101260.47	145779	1	WinnieSzeto	
2416	0:31:47	1/1/2019 	1900484	445.00	7.00	12.37	28.11	101257.39	145780	0	WinnieSzeto	
2417	0:31:47	1/1/2019 	1900789	673.00	10.00	14.93	28.11	101257.06	50615	0	WinnieSzeto	
2418	0:31:47	1/1/2019 	1900823	977.00	437.00	79.40	28.11	101257.06	1851	1	WinnieSzeto	
2419	0:31:48	1/1/2019 	1901411	846.00	68.00	24.59	28.10	101256.52	4457	0	WinnieSzeto	
2420	0:31:48	1/1/2019 	1902013	967.00	206.00	45.99	28.10	101256.19	49828	1	WinnieSzeto	
2421	0:31:50	1/1/2019 	1904032	884.00	96.00	29.18	28.10	101253.63	97802	1	WinnieSzeto	
2422	0:31:51	1/1/2019 	1904473	842.00	70.00	24.84	28.10	101253.08	1851	1	WinnieSzeto	
2423	0:31:51	1/1/2019 	1904554	947.00	158.00	40.51	28.10	101253.08	49828	1	WinnieSzeto	
2424	0:31:52	1/1/2019 	1905801	794.00	45.00	21.99	28.09	101252.04	49827	1	WinnieSzeto	
2425	0:31:53	1/1/2019 	1906626	830.00	66.00	24.30	28.09	101251.71	52414	1	WinnieSzeto	
2426	0:31:53	1/1/2019 	1906862	471.00	7.00	12.53	28.09	101250.83	1852	0	WinnieSzeto	
2427	0:31:53	1/1/2019 	1906990	682.00	11.00	15.28	28.09	101250.83	1851	0	WinnieSzeto	
2428	0:31:56	1/1/2019 	1909898	969.00	298.00	56.74	28.09	101248.31	145780	0	WinnieSzeto	
2429	0:32:00	1/1/2019 	1913278	142.00	7.00	7.78	28.08	101243.69	146570	0	WinnieSzeto	
2430	0:32:00	1/1/2019 	1914114	813.00	60.00	23.56	28.08	101243.20	49829	1	WinnieSzeto	
2431	0:32:01	1/1/2019 	1915057	684.00	11.00	15.29	28.08	101241.84	52454	1	WinnieSzeto	
2432	0:32:03	1/1/2019 	1916858	468.00	8.00	12.60	28.07	101239.93	97806	0	WinnieSzeto	
2433	0:32:07	1/1/2019 	1920614	976.00	586.00	101.68	28.06	101235.50	193761	1	WinnieSzeto	
2434	0:32:08	1/1/2019 	1921445	702.00	13.00	15.99	28.06	101235.17	2640	0	WinnieSzeto	
2435	0:32:09	1/1/2019 	1923005	752.00	21.00	18.40	28.06	101232.95	97804	1	WinnieSzeto	
2436	0:32:10	1/1/2019 	1923457	873.00	86.00	27.37	28.06	101232.29	1853	0	WinnieSzeto	
2437	0:32:11	1/1/2019 	1924640	881.00	90.00	28.09	28.06	101231.08	100408	0	WinnieSzeto	
2438	0:32:12	1/1/2019 	1925331	968.00	308.00	58.39	28.05	101229.41	1852	1	WinnieSzeto	
2439	0:32:13	1/1/2019 	1926304	608.00	8.00	13.92	28.05	101228.36	49828	0	WinnieSzeto	
2440	0:32:14	1/1/2019 	1928052	973.00	449.00	80.83	28.05	101225.95	97802	1	WinnieSzeto	
2441	0:32:15	1/1/2019 	1928263	141.00	6.00	7.75	28.05	101225.95	1852	0	WinnieSzeto	
2442	0:32:15	1/1/2019 	1928374	766.00	26.00	19.49	28.05	101225.95	1850	1	WinnieSzeto	
2443	0:32:16	1/1/2019 	1929387	118.00	7.00	7.09	28.04	101225.27	52409	0	WinnieSzeto	
2444	0:32:20	1/1/2019 	1933880	508.00	7.00	12.79	28.03	101220.91	241728	1	WinnieSzeto	
2445	0:32:21	1/1/2019 	1934317	534.00	8.00	13.12	28.03	101220.74	2639	0	WinnieSzeto	
2446	0:32:21	1/1/2019 	1934695	570.00	8.00	13.49	28.03	101219.89	49826	0	WinnieSzeto	
2447	0:32:21	1/1/2019 	1934965	794.00	37.00	21.15	28.03	101219.89	1848	0	WinnieSzeto	
2448	0:32:22	1/1/2019 	1935733	114.00	7.00	6.97	28.03	101218.85	49827	0	WinnieSzeto	
2449	0:32:22	1/1/2019 	1935930	963.00	191.00	44.54	28.03	101218.85	4456	1	WinnieSzeto	
2450	0:32:23	1/1/2019 	1936482	799.00	44.00	21.90	28.02	101218.30	1852	1	WinnieSzeto	
2451	0:32:25	1/1/2019 	1938163	78.00	7.00	6.10	28.02	101216.47	97806	0	WinnieSzeto	
2452	0:32:26	1/1/2019 	1939178	835.00	70.00	24.82	28.02	101214.92	49828	1	WinnieSzeto	
2453	0:32:26	1/1/2019 	1939801	930.00	146.00	38.64	28.02	101214.21	49831	1	WinnieSzeto	
2454	0:32:31	1/1/2019 	1944562	462.00	7.00	12.48	28.00	101208.53	245128	0	WinnieSzeto	
2455	0:32:32	1/1/2019 	1945330	122.00	7.00	7.20	28.00	101207.98	1851	0	WinnieSzeto	
2456	0:32:33	1/1/2019 	1946460	645.00	9.00	14.49	28.00	101207.00	49828	1	WinnieSzeto	
2457	0:32:34	1/1/2019 	1948082	695.00	12.00	15.65	27.99	101205.08	97805	0	WinnieSzeto	
2458	0:32:35	1/1/2019 	1948351	920.00	135.00	36.73	27.99	101204.53	1850	1	WinnieSzeto	
2459	0:32:35	1/1/2019 	1948653	620.00	8.00	14.03	27.99	101204.53	49829	1	WinnieSzeto	
2460	0:32:35	1/1/2019 	1949100	964.00	184.00	43.80	27.99	101204.20	4432	1	WinnieSzeto	
2461	0:32:36	1/1/2019 	1949837	871.00	88.00	27.70	27.99	101203.49	49829	0	WinnieSzeto	
2462	0:32:38	1/1/2019 	1951406	597.00	8.00	13.80	27.98	101202.09	50617	0	WinnieSzeto	
2463	0:32:38	1/1/2019 	1951456	946.00	157.00	40.36	27.98	101202.09	1849	1	WinnieSzeto	
2464	0:32:38	1/1/2019 	1951924	623.00	8.00	14.06	27.98	101201.38	49829	1	WinnieSzeto	
2465	0:32:46	1/1/2019 	1959194	710.00	15.00	16.64	27.96	101194.29	337693	0	WinnieSzeto	
2466	0:32:46	1/1/2019 	1959601	920.00	131.00	36.00	27.96	101193.58	52435	1	WinnieSzeto	
2467	0:32:52	1/1/2019 	1965858	570.00	8.00	13.49	27.95	101186.57	290505	0	WinnieSzeto	
2468	0:32:53	1/1/2019 	1966486	391.00	7.00	11.98	27.94	101185.36	1850	0	WinnieSzeto	
2469	0:32:54	1/1/2019 	1967415	792.00	41.00	21.58	27.94	101184.35	49829	0	WinnieSzeto	
2470	0:32:55	1/1/2019 	1968268	661.00	9.00	14.57	27.94	101182.67	49829	0	WinnieSzeto	
2471	0:32:55	1/1/2019 	1968930	782.00	32.00	20.49	27.94	101182.34	49828	1	WinnieSzeto	
2472	0:32:59	1/1/2019 	1972848	968.00	339.00	63.88	27.93	101177.70	196365	1	WinnieSzeto	
2473	0:33:00	1/1/2019 	1973264	911.00	120.00	33.90	27.93	101177.21	2638	1	WinnieSzeto	
2474	0:33:00	1/1/2019 	1973669	650.00	9.00	14.52	27.93	101176.33	49830	0	WinnieSzeto	
2475	0:33:01	1/1/2019 	1974604	806.00	55.00	23.01	27.93	101175.84	49827	0	WinnieSzeto	
2476	0:33:01	1/1/2019 	1974730	898.00	106.00	31.14	27.92	101175.29	1851	0	WinnieSzeto	
2477	0:33:03	1/1/2019 	1976261	797.00	48.00	22.29	27.92	101174.25	49828	1	WinnieSzeto	
2478	0:33:04	1/1/2019 	1977697	165.00	7.00	8.42	27.92	101172.57	100391	0	WinnieSzeto	
2479	0:33:12	1/1/2019 	1985459	906.00	120.00	33.89	27.90	101164.29	337694	1	WinnieSzeto	
2480	0:33:12	1/1/2019 	1985656	152.00	6.00	8.06	27.90	101164.29	50616	0	WinnieSzeto	
2481	0:33:14	1/1/2019 	1987237	530.00	7.00	12.96	27.90	101162.45	49827	0	WinnieSzeto	
2482	0:33:17	1/1/2019 	1990945	299.00	7.00	11.01	27.89	101158.09	193762	0	WinnieSzeto	
2483	0:33:17	1/1/2019 	1991012	971.00	297.00	56.58	27.89	101158.09	2639	0	WinnieSzeto	
2484	0:33:19	1/1/2019 	1992496	971.00	328.00	61.89	27.88	101156.89	52430	1	WinnieSzeto	
2485	0:33:20	1/1/2019 	1993938	953.00	172.00	42.40	27.88	101155.16	97806	0	WinnieSzeto	
2486	0:33:22	1/1/2019 	1995659	184.00	6.00	8.90	27.87	101153.27	97804	1	WinnieSzeto	
2487	0:33:22	1/1/2019 	1995788	76.00	7.00	6.06	27.87	101153.27	1850	0	WinnieSzeto	
2488	0:33:22	1/1/2019 	1996120	792.00	38.00	21.25	27.87	101152.56	1848	0	WinnieSzeto	
2489	0:33:23	1/1/2019 	1996556	798.00	42.00	21.70	27.87	101152.56	52409	1	WinnieSzeto	
2490	0:33:24	1/1/2019 	1997876	960.00	182.00	43.58	27.87	101151.19	49825	1	WinnieSzeto	
2491	0:33:27	1/1/2019 	2001016	151.00	6.00	8.03	27.86	101148.75	145777	0	WinnieSzeto	
2492	0:33:28	1/1/2019 	2001402	971.00	370.00	69.44	27.86	101147.88	2641	1	WinnieSzeto	
2493	0:33:29	1/1/2019 	2003084	915.00	124.00	34.68	27.85	101146.14	97808	1	WinnieSzeto	
2494	0:33:32	1/1/2019 	2005291	858.00	79.00	26.18	27.85	101143.92	97803	0	WinnieSzeto	
2495	0:33:33	1/1/2019 	2006836	437.00	7.00	12.32	27.84	101141.87	100409	0	WinnieSzeto	
2496	0:33:34	1/1/2019 	2007431	380.00	7.00	11.89	27.84	101140.99	1851	0	WinnieSzeto	
2497	0:33:35	1/1/2019 	2008475	956.00	174.00	42.64	27.84	101139.62	49828	1	WinnieSzeto	
2498	0:33:35	1/1/2019 	2008559	917.00	127.00	35.25	27.84	101139.62	49829	1	WinnieSzeto	
2499	0:33:36	1/1/2019 	2009286	786.00	35.00	20.89	27.84	101138.75	1851	0	WinnieSzeto	
2500	0:33:47	1/1/2019 	2020470	951.00	161.00	40.94	27.81	101129.05	529593	0	WinnieSzeto	
2501	0:33:47	1/1/2019 	2020775	907.00	115.00	32.92	27.81	101129.05	53221	1	WinnieSzeto	
2502	0:33:49	1/1/2019 	2022577	334.00	7.00	11.44	27.80	101126.58	97805	0	WinnieSzeto	
2503	0:33:49	1/1/2019 	2023048	636.00	9.00	14.42	27.80	101126.09	1850	0	WinnieSzeto	
2504	0:33:51	1/1/2019 	2024189	916.00	131.00	36.00	27.80	101125.07	49828	1	WinnieSzeto	
2505	0:33:52	1/1/2019 	2025361	639.00	9.00	14.45	27.80	101123.70	49827	0	WinnieSzeto	
2506	0:33:52	1/1/2019 	2026019	977.00	425.00	77.87	27.79	101122.98	49827	1	WinnieSzeto	
2507	0:33:53	1/1/2019 	2026610	915.00	132.00	36.18	27.79	101122.82	52413	1	WinnieSzeto	
2508	0:33:55	1/1/2019 	2028765	967.00	240.00	49.20	27.79	101120.41	97807	1	WinnieSzeto	
2509	0:33:56	1/1/2019 	2029676	783.00	35.00	20.88	27.78	101119.38	49833	0	WinnieSzeto	
2510	0:33:57	1/1/2019 	2031045	954.00	171.00	42.27	27.78	101118.33	50621	1	WinnieSzeto	
2511	0:33:58	1/1/2019 	2031601	743.00	20.00	18.13	27.78	101117.45	49830	1	WinnieSzeto	
2512	0:33:59	1/1/2019 	2032622	953.00	166.00	41.62	27.78	101116.27	49829	1	WinnieSzeto	
2513	0:34:01	1/1/2019 	2034616	902.00	110.00	31.93	27.77	101114.36	100433	0	WinnieSzeto	
2514	0:34:01	1/1/2019 	2034854	880.00	95.00	28.98	27.77	101114.36	1853	1	WinnieSzeto	
2515	0:34:02	1/1/2019 	2035152	290.00	7.00	10.89	27.77	101113.81	1850	0	WinnieSzeto	
2516	0:34:02	1/1/2019 	2035226	909.00	116.00	33.12	27.77	101113.81	1851	1	WinnieSzeto	
2517	0:34:02	1/1/2019 	2035250	978.00	363.00	68.21	27.77	101113.81	1851	1	WinnieSzeto	
2518	0:34:02	1/1/2019 	2035873	887.00	97.00	29.38	27.77	101113.48	49827	1	WinnieSzeto	
2519	0:34:04	1/1/2019 	2037237	928.00	143.00	38.14	27.77	101112.62	52413	1	WinnieSzeto	
2520	0:34:09	1/1/2019 	2042773	889.00	105.00	30.91	27.75	101107.27	289722	1	WinnieSzeto	
2521	0:34:09	1/1/2019 	2042863	989.00	877.00	161.27	27.75	101107.27	2639	1	WinnieSzeto	
2522	0:34:13	1/1/2019 	2046175	901.00	110.00	31.93	27.74	101103.83	145783	1	WinnieSzeto	
2523	0:34:13	1/1/2019 	2046936	566.00	8.00	13.45	27.74	101103.12	49832	1	WinnieSzeto	
2524	0:34:14	1/1/2019 	2047719	637.00	9.00	14.43	27.74	101102.25	52436	0	WinnieSzeto	
2525	0:34:15	1/1/2019 	2049069	921.00	136.00	36.91	27.74	101101.20	49829	1	WinnieSzeto	
2526	0:34:16	1/1/2019 	2049631	960.00	184.00	43.80	27.74	101100.88	49834	1	WinnieSzeto	
2527	0:34:18	1/1/2019 	2052034	893.00	106.00	31.12	27.73	101098.68	98597	0	WinnieSzeto	
2528	0:34:19	1/1/2019 	2052814	527.00	7.00	12.94	27.73	101097.64	49829	1	WinnieSzeto	
2529	0:34:20	1/1/2019 	2053627	850.00	73.00	25.27	27.73	101097.31	49829	1	WinnieSzeto	
2530	0:34:24	1/1/2019 	2057754	786.00	35.00	20.89	27.72	101093.67	196344	0	WinnieSzeto	
2531	0:34:25	1/1/2019 	2058270	800.00	50.00	22.49	27.72	101092.95	1852	0	WinnieSzeto	
2532	0:34:25	1/1/2019 	2058418	860.00	78.00	26.03	27.72	101092.95	1851	0	WinnieSzeto	
2533	0:34:26	1/1/2019 	2059606	747.00	20.00	18.14	27.72	101092.30	97803	1	WinnieSzeto	
2534	0:34:27	1/1/2019 	2060904	431.00	8.00	12.35	27.71	101090.38	50620	0	WinnieSzeto	
2535	0:34:28	1/1/2019 	2061580	748.00	21.00	18.39	27.71	101089.88	49834	0	WinnieSzeto	
2536	0:34:32	1/1/2019 	2065713	473.00	7.00	12.55	27.70	101084.94	196371	0	WinnieSzeto	
2537	0:34:37	1/1/2019 	2070893	300.00	7.00	11.02	27.69	101079.27	241743	0	WinnieSzeto	
2538	0:34:38	1/1/2019 	2071575	135.00	7.00	7.58	27.69	101078.58	50616	0	WinnieSzeto	
2539	0:34:41	1/1/2019 	2074417	726.00	16.00	16.99	27.68	101075.44	97807	0	WinnieSzeto	
2540	0:34:41	1/1/2019 	2074485	884.00	92.00	28.45	27.68	101075.44	1850	1	WinnieSzeto	
2541	0:34:41	1/1/2019 	2075069	843.00	74.00	25.40	27.67	101074.72	49829	1	WinnieSzeto	
2542	0:34:47	1/1/2019 	2080160	795.00	46.00	22.09	27.66	101069.64	244262	1	WinnieSzeto	
2543	0:34:47	1/1/2019 	2080952	198.00	7.00	9.24	27.66	101069.64	50617	0	WinnieSzeto	
2544	0:34:49	1/1/2019 	2082640	932.00	149.00	39.13	27.65	101068.41	97803	1	WinnieSzeto	
2545	0:34:50	1/1/2019 	2084027	197.00	6.00	9.21	27.65	101066.49	49830	0	WinnieSzeto	
2546	0:34:52	1/1/2019 	2085756	954.00	167.00	41.76	27.64	101064.95	97806	0	WinnieSzeto	
2547	0:34:53	1/1/2019 	2086548	959.00	185.00	43.91	27.64	101064.30	49830	0	WinnieSzeto	
2548	0:34:55	1/1/2019 	2088833	902.00	111.00	32.12	27.63	101061.34	100329	1	WinnieSzeto	
2549	0:34:56	1/1/2019 	2089497	930.00	144.00	38.31	27.63	101061.01	1853	0	WinnieSzeto	
2550	0:34:59	1/1/2019 	2092597	433.00	7.00	12.29	27.63	101058.45	193763	0	WinnieSzeto	
2551	0:34:59	1/1/2019 	2093060	788.00	32.00	20.50	27.63	101057.91	2639	1	WinnieSzeto	
2552	0:35:02	1/1/2019 	2095240	869.00	81.00	26.53	27.62	101055.83	97804	0	WinnieSzeto	
2553	0:35:04	1/1/2019 	2097142	985.00	848.00	153.20	27.62	101053.94	100394	0	WinnieSzeto	
2554	0:35:06	1/1/2019 	2099302	928.00	150.00	39.28	27.61	101052.05	97808	1	WinnieSzeto	
2555	0:35:08	1/1/2019 	2101139	703.00	13.00	16.00	27.61	101050.49	97807	0	WinnieSzeto	
2556	0:35:08	1/1/2019 	2101218	779.00	29.00	20.03	27.61	101050.49	2640	0	WinnieSzeto	
2557	0:35:09	1/1/2019 	2102322	975.00	444.00	80.25	27.61	101049.45	49828	0	WinnieSzeto	
2558	0:35:10	1/1/2019 	2103941	740.00	20.00	18.12	27.60	101047.86	97809	0	WinnieSzeto	
2559	0:35:15	1/1/2019 	2108420	100.00	7.00	6.59	27.59	101044.88	196287	0	WinnieSzeto	
2560	0:35:20	1/1/2019 	2114284	788.00	40.00	21.46	27.58	101040.39	289722	1	WinnieSzeto	
2561	0:35:23	1/1/2019 	2117057	684.00	11.00	15.29	27.57	101037.30	146572	0	WinnieSzeto	
2562	0:35:24	1/1/2019 	2117599	970.00	401.00	74.48	27.57	101037.13	49829	0	WinnieSzeto	
2563	0:35:24	1/1/2019 	2117864	95.00	7.00	6.46	27.57	101037.13	1853	0	WinnieSzeto	
2564	0:35:24	1/1/2019 	2117900	965.00	208.00	46.18	27.57	101037.13	1850	1	WinnieSzeto	
2565	0:35:25	1/1/2019 	2118891	973.00	368.00	69.09	27.57	101035.76	52350	1	WinnieSzeto	
2566	0:35:26	1/1/2019 	2119323	731.00	17.00	17.30	27.57	101035.42	1851	1	WinnieSzeto	
2567	0:35:26	1/1/2019 	2119703	699.00	13.00	15.98	27.57	101034.58	49828	0	WinnieSzeto	
2568	0:35:26	1/1/2019 	2120083	440.00	7.00	12.34	27.57	101034.58	2638	0	WinnieSzeto	
2569	0:35:27	1/1/2019 	2120771	217.00	7.00	9.65	27.56	101032.88	49830	0	WinnieSzeto	
2570	0:35:30	1/1/2019 	2124020	923.00	140.00	37.62	27.56	101028.53	145790	1	WinnieSzeto	
2571	0:35:34	1/1/2019 	2128318	964.00	259.00	51.28	27.55	101022.48	196350	1	WinnieSzeto	
2572	0:35:36	1/1/2019 	2130215	858.00	83.00	26.82	27.55	101018.30	97809	1	WinnieSzeto	
2573	0:35:37	1/1/2019 	2130450	149.00	7.00	7.98	27.55	101018.30	2638	0	WinnieSzeto	
2574	0:35:41	1/1/2019 	2135137	966.00	290.00	55.49	27.54	101010.70	241738	1	WinnieSzeto	
2575	0:35:42	1/1/2019 	2136224	208.00	7.00	9.46	27.54	101008.66	49830	0	WinnieSzeto	
2576	0:35:44	1/1/2019 	2137363	954.00	163.00	41.22	27.54	101006.96	49828	1	WinnieSzeto	
2577	0:35:44	1/1/2019 	2138124	221.00	7.00	9.73	27.54	101006.62	52352	0	WinnieSzeto	
2578	0:35:47	1/1/2019 	2140477	791.00	37.00	21.14	27.53	101002.70	97809	1	WinnieSzeto	
2579	0:35:47	1/1/2019 	2140995	174.00	7.00	8.66	27.53	101002.05	50616	0	WinnieSzeto	
2580	0:35:48	1/1/2019 	2141329	85.00	6.00	6.23	27.53	101002.05	1850	0	WinnieSzeto	
2581	0:35:50	1/1/2019 	2143929	974.00	403.00	74.78	27.52	100997.66	145782	1	WinnieSzeto	
2582	0:35:51	1/1/2019 	2144721	926.00	145.00	38.47	27.52	100997.33	49829	1	WinnieSzeto	
2583	0:35:52	1/1/2019 	2146098	146.00	7.00	7.90	27.52	100995.73	52415	1	WinnieSzeto	
2584	0:35:53	1/1/2019 	2146818	875.00	92.00	28.42	27.52	100995.41	49830	1	WinnieSzeto	
2585	0:35:58	1/1/2019 	2151615	340.00	6.00	11.45	27.50	100989.57	241743	0	WinnieSzeto	
2586	0:35:59	1/1/2019 	2153137	655.00	9.00	14.55	27.50	100987.84	50617	1	WinnieSzeto	
2587	0:36:00	1/1/2019 	2153825	711.00	14.00	16.34	27.50	100986.97	49830	1	WinnieSzeto	
2588	0:36:02	1/1/2019 	2155620	815.00	54.00	22.93	27.49	100984.61	100393	1	WinnieSzeto	
2589	0:36:02	1/1/2019 	2155989	245.00	7.00	10.18	27.49	100983.56	1853	0	WinnieSzeto	
2590	0:36:03	1/1/2019 	2156558	732.00	18.00	17.58	27.49	100982.73	49829	1	WinnieSzeto	
2591	0:36:03	1/1/2019 	2157264	714.00	13.00	16.01	27.49	100981.75	1852	1	WinnieSzeto	
2592	0:36:05	1/1/2019 	2159086	890.00	98.00	29.58	27.48	100979.84	97807	1	WinnieSzeto	
2593	0:36:05	1/1/2019 	2159092	971.00	247.00	49.93	27.48	100979.84	1853	0	WinnieSzeto	
2594	0:36:06	1/1/2019 	2159611	964.00	252.00	50.47	27.48	100979.84	52414	1	WinnieSzeto	
2595	0:36:06	1/1/2019 	2159868	613.00	8.00	13.97	27.48	100979.29	2639	1	WinnieSzeto	
2596	0:36:08	1/1/2019 	2162165	860.00	83.00	26.82	27.48	100977.08	97805	0	WinnieSzeto	
2597	0:36:09	1/1/2019 	2163083	246.00	7.00	10.20	27.47	100975.37	49829	0	WinnieSzeto	
2598	0:36:12	1/1/2019 	2165737	178.00	7.00	8.76	27.46	100972.89	145784	0	WinnieSzeto	
2599	0:36:13	1/1/2019 	2166653	97.00	6.00	6.51	27.46	100972.50	49829	0	WinnieSzeto	
2600	0:36:14	1/1/2019 	2167380	905.00	118.00	33.50	27.46	100972.16	4454	1	WinnieSzeto	
2601	0:36:14	1/1/2019 	2168007	990.00	832.00	150.30	27.46	100971.61	49830	1	WinnieSzeto	
2602	0:36:15	1/1/2019 	2168869	159.00	7.00	8.26	27.45	100971.26	49829	0	WinnieSzeto	
2603	0:36:16	1/1/2019 	2170046	970.00	309.00	58.56	27.45	100969.67	49829	1	WinnieSzeto	
2604	0:36:17	1/1/2019 	2170561	970.00	318.00	60.11	27.45	100969.67	50618	1	WinnieSzeto	
2605	0:36:18	1/1/2019 	2171736	425.00	7.00	12.24	27.44	100968.61	49827	1	WinnieSzeto	
2606	0:36:19	1/1/2019 	2172404	958.00	180.00	43.35	27.44	100967.90	4456	0	WinnieSzeto	
2607	0:36:19	1/1/2019 	2172562	713.00	14.00	16.34	27.44	100967.90	49830	0	WinnieSzeto	
2608	0:36:19	1/1/2019 	2173262	184.00	7.00	8.91	27.44	100967.52	1851	1	WinnieSzeto	
2609	0:36:22	1/1/2019 	2176310	577.00	7.00	13.41	27.43	100963.03	145781	0	WinnieSzeto	
2610	0:36:23	1/1/2019 	2176648	972.00	315.00	59.59	27.43	100962.70	49829	0	WinnieSzeto	
2611	0:36:25	1/1/2019 	2179134	910.00	126.00	35.05	27.42	100959.88	97808	1	WinnieSzeto	
2612	0:36:25	1/1/2019 	2179174	737.00	18.00	17.60	27.42	100959.88	4458	1	WinnieSzeto	
2613	0:36:26	1/1/2019 	2179446	962.00	200.00	45.43	27.42	100959.88	1851	0	WinnieSzeto	
2614	0:36:28	1/1/2019 	2181961	680.00	11.00	15.27	27.41	100956.24	145784	1	WinnieSzeto	
2615	0:36:28	1/1/2019 	2181997	978.00	553.00	95.03	27.41	100956.24	2640	1	WinnieSzeto	
2616	0:36:30	1/1/2019 	2183715	929.00	150.00	39.28	27.40	100954.16	97806	1	WinnieSzeto	
2617	0:36:31	1/1/2019 	2185212	754.00	23.00	18.86	27.40	100952.14	49830	0	WinnieSzeto	
2618	0:36:33	1/1/2019 	2186705	242.00	6.00	10.11	27.39	100949.89	100412	0	WinnieSzeto	
2619	0:36:33	1/1/2019 	2186769	103.00	6.00	6.67	27.39	100949.89	1850	0	WinnieSzeto	
2620	0:36:34	1/1/2019 	2187648	967.00	246.00	49.82	27.39	100948.19	49825	1	WinnieSzeto	
2621	0:36:34	1/1/2019 	2188088	968.00	197.00	45.14	27.39	100948.19	1851	1	WinnieSzeto	
2622	0:36:35	1/1/2019 	2188324	917.00	133.00	36.36	27.39	100947.17	1851	1	WinnieSzeto	
2623	0:36:37	1/1/2019 	2190446	144.00	7.00	7.84	27.38	100943.23	100391	0	WinnieSzeto	
2624	0:36:38	1/1/2019 	2191637	715.00	15.00	16.66	27.38	100941.88	98592	0	WinnieSzeto	
2625	0:36:40	1/1/2019 	2193339	378.00	7.00	11.87	27.37	100939.97	49828	0	WinnieSzeto	
2626	0:36:40	1/1/2019 	2193367	867.00	84.00	27.01	27.37	100939.97	1851	1	WinnieSzeto	
2627	0:36:40	1/1/2019 	2193406	745.00	20.00	18.14	27.37	100939.97	1850	0	WinnieSzeto	
2628	0:36:40	1/1/2019 	2193935	945.00	154.00	39.91	27.37	100939.28	49830	1	WinnieSzeto	
2629	0:36:41	1/1/2019 	2195021	922.00	141.00	37.79	27.36	100937.56	52434	1	WinnieSzeto	
2630	0:36:42	1/1/2019 	2195804	968.00	299.00	56.90	27.36	100936.69	49831	1	WinnieSzeto	
2631	0:36:47	1/1/2019 	2200659	948.00	160.00	40.80	27.34	100930.91	241746	1	WinnieSzeto	
2632	0:36:48	1/1/2019 	2201378	158.00	7.00	8.23	27.34	100929.58	2639	0	WinnieSzeto	
2633	0:36:49	1/1/2019 	2202468	805.00	49.00	22.41	27.34	100927.84	49828	1	WinnieSzeto	
2634	0:36:49	1/1/2019 	2203148	910.00	122.00	34.28	27.33	100926.81	49829	1	WinnieSzeto	
2635	0:36:51	1/1/2019 	2204494	955.00	172.00	42.40	27.33	100924.97	52436	0	WinnieSzeto	
2636	0:36:55	1/1/2019 	2208667	968.00	335.00	63.15	27.32	100916.27	241744	1	WinnieSzeto	
2637	0:36:57	1/1/2019 	2211174	859.00	82.00	26.66	27.31	100912.72	97810	1	WinnieSzeto	
2638	0:37:04	1/1/2019 	2217807	844.00	76.00	25.69	27.29	100901.25	338490	1	WinnieSzeto	
2639	0:37:04	1/1/2019 	2217897	944.00	156.00	40.21	27.29	100901.25	1853	1	WinnieSzeto	
2640	0:37:04	1/1/2019 	2217912	888.00	97.00	29.39	27.29	100901.25	1851	1	WinnieSzeto	
2641	0:37:05	1/1/2019 	2218785	109.00	7.00	6.83	27.29	100900.38	52435	0	WinnieSzeto	
2642	0:37:07	1/1/2019 	2220662	784.00	30.00	20.20	27.28	100896.62	97814	1	WinnieSzeto	
2643	0:37:08	1/1/2019 	2221730	505.00	7.00	12.76	27.28	100895.12	50622	0	WinnieSzeto	
2644	0:37:08	1/1/2019 	2222316	529.00	7.00	12.95	27.27	100894.08	1850	1	WinnieSzeto	
2645	0:37:10	1/1/2019 	2223387	138.00	7.00	7.67	27.27	100892.16	49828	0	WinnieSzeto	
2646	0:37:13	1/1/2019 	2227128	961.00	180.00	43.35	27.26	100888.23	193762	0	WinnieSzeto	
2647	0:37:14	1/1/2019 	2227499	346.00	7.00	11.57	27.26	100887.36	4457	1	WinnieSzeto	
2648	0:37:14	1/1/2019 	2227643	400.00	8.00	12.12	27.26	100887.36	49840	0	WinnieSzeto	
2649	0:37:14	1/1/2019 	2228013	713.00	14.00	16.34	27.26	100886.68	1848	1	WinnieSzeto	
2650	0:37:18	1/1/2019 	2231635	982.00	639.00	113.92	27.25	100882.22	193759	1	WinnieSzeto	
2651	0:37:18	1/1/2019 	2231814	591.00	8.00	13.73	27.25	100882.22	2638	0	WinnieSzeto	
2652	0:37:19	1/1/2019 	2232338	962.00	194.00	44.84	27.24	100881.38	1851	1	WinnieSzeto	
2653	0:37:24	1/1/2019 	2238285	912.00	124.00	34.67	27.23	100874.45	292307	1	WinnieSzeto	
2654	0:37:25	1/1/2019 	2239127	137.00	6.00	7.64	27.22	100873.73	49829	0	WinnieSzeto	
2655	0:37:25	1/1/2019 	2239285	90.00	7.00	6.34	27.22	100872.92	1850	0	WinnieSzeto	
2656	0:37:26	1/1/2019 	2239575	885.00	92.00	28.46	27.22	100872.92	49826	0	WinnieSzeto	
2657	0:37:28	1/1/2019 	2241918	970.00	289.00	55.33	27.22	100870.01	98594	0	WinnieSzeto	
2658	0:37:30	1/1/2019 	2244011	583.00	8.00	13.64	27.21	100867.41	100413	0	WinnieSzeto	
2659	0:37:31	1/1/2019 	2244867	268.00	7.00	10.56	27.21	100866.20	49827	1	WinnieSzeto	
2660	0:37:32	1/1/2019 	2245611	963.00	254.00	50.70	27.20	100865.66	49828	1	WinnieSzeto	
2661	0:37:33	1/1/2019 	2246474	433.00	2.00	11.83	27.20	100864.62	1852	0	WinnieSzeto	
2662	0:37:36	1/1/2019 	2249944	875.00	92.00	28.42	27.19	100860.98	193759	1	WinnieSzeto	
2663	0:37:40	1/1/2019 	2253747	897.00	104.00	30.75	27.18	100857.42	194548	1	WinnieSzeto	
2664	0:37:42	1/1/2019 	2255358	160.00	7.00	8.29	27.18	100855.34	52435	1	WinnieSzeto	
2665	0:37:42	1/1/2019 	2255410	526.00	8.00	13.04	27.18	100855.34	1851	0	WinnieSzeto	
2666	0:37:42	1/1/2019 	2255916	831.00	64.00	24.06	27.18	100854.48	49827	1	WinnieSzeto	
2667	0:37:45	1/1/2019 	2259047	266.00	7.00	10.53	27.17	100849.55	145780	0	WinnieSzeto	
2668	0:37:47	1/1/2019 	2260746	963.00	227.00	47.93	27.16	100847.50	97806	1	WinnieSzeto	
2669	0:37:51	1/1/2019 	2264414	826.00	66.00	24.29	27.15	100842.57	146568	0	WinnieSzeto	
2670	0:37:51	1/1/2019 	2265250	969.00	259.00	51.28	27.15	100841.36	52326	1	WinnieSzeto	
2671	0:37:52	1/1/2019 	2265816	919.00	133.00	36.37	27.15	100840.70	49827	1	WinnieSzeto	
2672	0:37:52	1/1/2019 	2266257	964.00	194.00	44.84	27.15	100839.50	1852	0	WinnieSzeto	
2673	0:37:54	1/1/2019 	2267624	218.00	6.00	9.66	27.15	100837.62	97804	0	WinnieSzeto	
2674	0:37:54	1/1/2019 	2267853	647.00	9.00	14.50	27.15	100837.13	1855	1	WinnieSzeto	
2675	0:37:55	1/1/2019 	2269274	528.00	7.00	12.94	27.14	100835.46	49827	0	WinnieSzeto	
2676	0:37:56	1/1/2019 	2270158	834.00	71.00	24.96	27.14	100833.59	52460	1	WinnieSzeto	
2677	0:37:59	1/1/2019 	2272421	655.00	9.00	14.55	27.13	100828.33	98526	0	WinnieSzeto	
2678	0:38:00	1/1/2019 	2273409	727.00	17.00	17.29	27.13	100826.48	49825	0	WinnieSzeto	
2679	0:38:00	1/1/2019 	2273871	953.00	162.00	41.08	27.13	100826.48	49826	1	WinnieSzeto	
2680	0:38:02	1/1/2019 	2275565	913.00	131.00	35.99	27.13	100827.58	97803	1	WinnieSzeto	
2681	0:38:03	1/1/2019 	2277068	229.00	6.00	9.87	27.12	100827.53	49828	0	WinnieSzeto	
2682	0:38:03	1/1/2019 	2277201	214.00	7.00	9.59	27.12	100827.36	4455	0	WinnieSzeto	
2683	0:38:04	1/1/2019 	2277373	977.00	518.00	89.29	27.12	100827.36	1850	1	WinnieSzeto	
2684	0:38:07	1/1/2019 	2280569	114.00	7.00	6.97	27.12	100824.16	193755	0	WinnieSzeto	
2685	0:38:07	1/1/2019 	2280628	968.00	237.00	48.90	27.12	100824.16	2577	1	WinnieSzeto	
2686	0:38:07	1/1/2019 	2281313	842.00	63.00	23.96	27.12	100825.81	1851	0	WinnieSzeto	
2687	0:38:08	1/1/2019 	2282272	148.00	7.00	7.96	27.12	100828.40	49826	0	WinnieSzeto	
2688	0:38:09	1/1/2019 	2282631	966.00	231.00	48.31	27.12	100830.22	52434	1	WinnieSzeto	
2689	0:38:15	1/1/2019 	2288812	743.00	19.00	17.88	27.11	100831.03	289715	1	WinnieSzeto	
2690	0:38:16	1/1/2019 	2289618	673.00	10.00	14.93	27.11	100831.37	49827	0	WinnieSzeto	
2691	0:38:17	1/1/2019 	2291089	782.00	35.00	20.88	27.10	100827.14	50554	1	WinnieSzeto	
2692	0:38:17	1/1/2019 	2291100	810.00	51.00	22.61	27.10	100827.14	1853	1	WinnieSzeto	
2693	0:38:19	1/1/2019 	2293319	979.00	644.00	115.02	27.09	100785.09	100409	1	WinnieSzeto	
2694	0:38:21	1/1/2019 	2294581	709.00	14.00	16.33	27.08	100756.69	97805	0	WinnieSzeto	
2695	0:38:21	1/1/2019 	2295157	313.00	7.00	11.19	27.08	100741.39	1851	1	WinnieSzeto	
2696	0:38:23	1/1/2019 	2296931	906.00	117.00	33.31	27.05	100675.73	97803	1	WinnieSzeto	
2697	0:38:24	1/1/2019 	2297432	223.00	7.00	9.77	27.04	100658.41	1851	0	WinnieSzeto	
2698	0:38:24	1/1/2019 	2297569	975.00	344.00	64.79	27.04	100658.41	49827	0	WinnieSzeto	
2699	0:38:25	1/1/2019 	2299034	618.00	8.00	14.02	27.03	100623.31	52411	1	WinnieSzeto	
2700	0:38:27	1/1/2019 	2301177	112.00	7.00	6.92	26.98	100553.02	97801	0	WinnieSzeto	
2701	0:38:28	1/1/2019 	2301900	211.00	7.00	9.53	26.95	100517.59	50553	0	WinnieSzeto	
2702	0:38:31	1/1/2019 	2304642	958.00	192.00	44.64	26.88	100427.89	145782	1	WinnieSzeto	
2703	0:38:32	1/1/2019 	2306163	858.00	80.00	26.34	26.84	100393.16	49828	1	WinnieSzeto	
2704	0:38:35	1/1/2019 	2309286	115.00	7.00	7.00	26.73	100294.55	145782	0	WinnieSzeto	
2705	0:38:38	1/1/2019 	2311565	320.00	7.00	11.28	26.66	100232.64	148387	0	WinnieSzeto	
2706	0:38:40	1/1/2019 	2313634	835.00	69.00	24.69	26.58	100174.06	98534	1	WinnieSzeto	
2707	0:38:41	1/1/2019 	2314625	817.00	55.00	23.03	26.55	100149.09	49830	1	WinnieSzeto	
2708	0:38:41	1/1/2019 	2314775	966.00	210.00	46.37	26.55	100149.09	1852	0	WinnieSzeto	
2709	0:38:43	1/1/2019 	2316579	926.00	149.00	39.12	26.49	100114.06	97804	1	WinnieSzeto	
2710	0:38:43	1/1/2019 	2316716	924.00	132.00	36.19	26.47	100101.77	1851	1	WinnieSzeto	
2711	0:38:47	1/1/2019 	2321300	151.00	7.00	8.04	26.34	100004.92	196347	0	WinnieSzeto	
2712	0:38:55	1/1/2019 	2328668	587.00	8.00	13.69	26.20	99834.66	386397	0	WinnieSzeto	
2713	0:38:57	1/1/2019 	2330768	919.00	138.00	37.26	26.16	99793.05	97805	1	WinnieSzeto	
2714	0:38:59	1/1/2019 	2332984	709.00	13.00	16.01	26.12	99776.59	98534	0	WinnieSzeto	
2715	0:39:00	1/1/2019 	2333698	950.00	161.00	40.94	26.10	99766.22	49829	1	WinnieSzeto	
2716	0:39:00	1/1/2019 	2333752	973.00	316.00	59.76	26.10	99766.22	1853	1	WinnieSzeto	
2717	0:39:04	1/1/2019 	2337337	483.00	7.00	12.61	26.04	99730.14	148392	0	WinnieSzeto	
2718	0:39:04	1/1/2019 	2338287	553.00	8.00	13.31	26.01	99716.93	49830	0	WinnieSzeto	
2719	0:39:05	1/1/2019 	2338866	968.00	329.00	62.07	26.00	99710.88	49828	1	WinnieSzeto	
2720	0:39:06	1/1/2019 	2340270	636.00	8.00	14.16	25.98	99698.53	49834	0	WinnieSzeto	
2721	0:39:07	1/1/2019 	2340615	840.00	68.00	24.58	25.97	99692.42	50552	1	WinnieSzeto	
2722	0:39:09	1/1/2019 	2343182	724.00	17.00	17.28	25.92	99665.75	97806	1	WinnieSzeto	
2723	0:39:10	1/1/2019 	2343616	603.00	8.00	13.87	25.91	99660.80	52437	0	WinnieSzeto	
2724	0:39:10	1/1/2019 	2344000	612.00	8.00	13.96	25.91	99660.80	1849	0	WinnieSzeto	
2725	0:39:12	1/1/2019 	2345615	200.00	7.00	9.29	25.87	99647.14	97803	0	WinnieSzeto	
2726	0:39:18	1/1/2019 	2351567	898.00	109.00	31.72	25.76	99603.52	289717	1	WinnieSzeto	
2727	0:39:19	1/1/2019 	2352946	966.00	203.00	45.71	25.73	99592.86	50555	0	WinnieSzeto	
2728	0:39:20	1/1/2019 	2353635	779.00	33.00	20.61	25.72	99589.28	49829	1	WinnieSzeto	
2729	0:39:20	1/1/2019 	2354235	845.00	70.00	24.85	25.71	99586.16	4685	1	WinnieSzeto	
2730	0:39:21	1/1/2019 	2354349	184.00	7.00	8.91	25.71	99586.16	1850	0	WinnieSzeto	
2731	0:39:24	1/1/2019 	2357472	970.00	474.00	83.74	25.65	99567.84	145783	1	WinnieSzeto	
2732	0:39:24	1/1/2019 	2357744	632.00	9.00	14.39	25.65	99567.84	49831	0	WinnieSzeto	
2733	0:39:25	1/1/2019 	2358773	913.00	128.00	35.43	25.63	99562.43	49828	1	WinnieSzeto	
2734	0:39:25	1/1/2019 	2359242	969.00	304.00	57.72	25.62	99559.81	1850	1	WinnieSzeto	
2735	0:39:28	1/1/2019 	2361879	960.00	209.00	46.27	25.57	99546.27	148373	1	WinnieSzeto	
2736	0:39:30	1/1/2019 	2363674	539.00	8.00	13.16	25.55	99538.77	98532	0	WinnieSzeto	
2737	0:39:30	1/1/2019 	2363747	985.00	612.00	107.54	25.55	99538.77	1849	1	WinnieSzeto	
2738	0:39:31	1/1/2019 	2365085	923.00	139.00	37.44	25.52	99530.75	49828	1	WinnieSzeto	
2739	0:39:37	1/1/2019 	2370552	556.00	7.00	13.20	25.44	99509.22	289710	0	WinnieSzeto	
2740	0:39:37	1/1/2019 	2370641	781.00	32.00	20.48	25.43	99507.44	5408	1	WinnieSzeto	
2741	0:39:40	1/1/2019 	2373609	798.00	50.00	22.49	25.40	99498.29	145776	1	WinnieSzeto	
2742	0:39:42	1/1/2019 	2375631	258.00	7.00	10.40	25.37	99492.09	97806	1	WinnieSzeto	
2743	0:39:42	1/1/2019 	2375905	914.00	120.00	33.91	25.37	99492.09	1852	1	WinnieSzeto	
2744	0:39:43	1/1/2019 	2376917	680.00	10.00	14.94	25.35	99488.59	49828	0	WinnieSzeto	
2745	0:39:43	1/1/2019 	2377214	245.00	7.00	10.18	25.34	99486.83	1850	0	WinnieSzeto	
2746	0:39:44	1/1/2019 	2377429	972.00	315.00	59.59	25.34	99486.83	4436	0	WinnieSzeto	
2747	0:39:47	1/1/2019 	2381207	953.00	163.00	41.22	25.29	99475.72	193756	0	WinnieSzeto	
2748	0:39:50	1/1/2019 	2384081	969.00	388.00	72.47	25.26	99467.12	146513	1	WinnieSzeto	
2749	0:39:54	1/1/2019 	2387925	411.00	7.00	12.14	25.21	99454.55	193760	0	WinnieSzeto	
2750	0:39:56	1/1/2019 	2389593	378.00	7.00	11.87	25.19	99449.49	97806	0	WinnieSzeto	
2751	0:39:56	1/1/2019 	2389783	827.00	57.00	23.26	25.19	99449.49	2577	1	WinnieSzeto	
2752	0:39:56	1/1/2019 	2389920	828.00	59.00	23.48	25.18	99447.58	4685	1	WinnieSzeto	
2753	0:39:59	1/1/2019 	2392627	622.00	9.00	14.29	25.15	99438.70	145778	0	WinnieSzeto	
2754	0:40:00	1/1/2019 	2393885	115.00	7.00	7.00	25.14	99435.54	49827	1	WinnieSzeto	
2755	0:40:00	1/1/2019 	2394057	858.00	69.00	24.75	25.14	99435.54	1851	1	WinnieSzeto	
2756	0:40:01	1/1/2019 	2395083	968.00	333.00	62.79	25.13	99432.08	49828	0	WinnieSzeto	
2757	0:40:02	1/1/2019 	2396308	205.00	7.00	9.40	25.12	99428.42	49827	0	WinnieSzeto	
2758	0:40:03	1/1/2019 	2396429	622.00	8.00	14.05	25.12	99428.42	4444	0	WinnieSzeto	
2759	0:40:03	1/1/2019 	2397115	451.00	7.00	12.41	25.10	99424.60	49826	0	WinnieSzeto	
2760	0:40:04	1/1/2019 	2398092	181.00	7.00	8.84	25.09	99420.98	49826	0	WinnieSzeto	
2761	0:40:05	1/1/2019 	2399056	107.00	6.00	6.78	25.08	99419.22	49827	0	WinnieSzeto	
2762	0:40:06	1/1/2019 	2399823	712.00	14.00	16.34	25.07	99416.44	49826	1	WinnieSzeto	
2763	0:40:07	1/1/2019 	2400463	165.00	6.00	8.42	25.07	99414.69	2576	0	WinnieSzeto	
2764	0:40:07	1/1/2019 	2400498	910.00	116.00	33.12	25.07	99414.69	4683	1	WinnieSzeto	
2765	0:40:10	1/1/2019 	2402471	855.00	84.00	26.97	25.05	99409.81	97803	1	WinnieSzeto	
2766	0:40:10	1/1/2019 	2402555	839.00	73.00	25.24	25.04	99408.05	49829	1	WinnieSzeto	
2767	0:40:12	1/1/2019 	2405387	854.00	74.00	25.43	25.01	99400.08	97803	1	WinnieSzeto	
2768	0:40:13	1/1/2019 	2405690	969.00	319.00	60.28	25.01	99400.08	49828	1	WinnieSzeto	
2769	0:40:15	1/1/2019 	2407907	924.00	144.00	38.30	24.99	99392.62	97805	1	WinnieSzeto	
2770	0:40:16	1/1/2019 	2409192	732.00	17.00	17.30	24.97	99387.59	52426	1	WinnieSzeto	
2771	0:40:19	1/1/2019 	2411738	628.00	8.00	14.10	24.95	99380.31	145775	0	WinnieSzeto	
2772	0:40:19	1/1/2019 	2411853	868.00	85.00	27.18	24.95	99378.77	2576	1	WinnieSzeto	
2773	0:40:19	1/1/2019 	2411900	125.00	7.00	7.29	24.94	99378.77	1849	0	WinnieSzeto	
2774	0:40:21	1/1/2019 	2413716	984.00	794.00	141.84	24.92	99373.73	97799	1	WinnieSzeto	
2775	0:40:29	1/1/2019 	2421497	966.00	315.00	59.59	24.84	99350.16	337687	0	WinnieSzeto	
2776	0:40:30	1/1/2019 	2422863	644.00	9.00	14.48	24.83	99346.86	101361	1	WinnieSzeto	
2777	0:40:35	1/1/2019 	2427726	976.00	522.00	89.86	24.78	99332.14	241735	0	WinnieSzeto	
2778	0:40:36	1/1/2019 	2428792	99.00	7.00	6.57	24.77	99329.19	49828	0	WinnieSzeto	
2779	0:40:38	1/1/2019 	2431012	824.00	62.00	23.81	24.75	99323.11	97804	1	WinnieSzeto	
2780	0:40:39	1/1/2019 	2431667	933.00	149.00	39.13	24.75	99321.55	50554	1	WinnieSzeto	
2781	0:40:40	1/1/2019 	2432586	926.00	141.00	37.79	24.74	99321.72	49829	0	WinnieSzeto	
2782	0:40:40	1/1/2019 	2432910	121.00	7.00	7.18	24.73	99322.67	4457	0	WinnieSzeto	
2783	0:40:41	1/1/2019 	2433750	800.00	46.00	22.10	24.73	99323.89	49826	1	WinnieSzeto	
2784	0:40:41	1/1/2019 	2433783	925.00	135.00	36.74	24.73	99323.89	1851	1	WinnieSzeto	
2785	0:40:41	1/1/2019 	2433975	230.00	8.00	9.93	24.72	99327.62	1852	0	WinnieSzeto	
2786	0:40:41	1/1/2019 	2434331	81.00	7.00	6.15	24.72	99327.62	1853	0	WinnieSzeto	
2787	0:40:41	1/1/2019 	2434409	934.00	146.00	38.64	24.72	99327.62	1855	0	WinnieSzeto	
2788	0:40:43	1/1/2019 	2435770	572.00	8.00	13.51	24.71	99331.88	100397	0	WinnieSzeto	
2789	0:40:44	1/1/2019 	2436751	877.00	96.00	29.16	24.70	99330.23	49832	1	WinnieSzeto	
2790	0:40:45	1/1/2019 	2438010	180.00	6.00	8.80	24.69	99327.64	49827	1	WinnieSzeto	
2791	0:40:50	1/1/2019 	2442854	305.00	7.00	11.09	24.64	99284.33	241733	0	WinnieSzeto	
2792	0:40:53	1/1/2019 	2446233	772.00	27.00	19.68	24.61	99249.82	146507	1	WinnieSzeto	
2793	0:40:57	1/1/2019 	2450426	885.00	92.00	28.46	24.56	99204.55	193755	0	WinnieSzeto	
2794	0:40:58	1/1/2019 	2450635	798.00	39.00	21.38	24.56	99204.55	53393	0	WinnieSzeto	
2795	0:41:00	1/1/2019 	2453299	344.00	7.00	11.55	24.52	99176.86	97804	0	WinnieSzeto	
2796	0:41:01	1/1/2019 	2453971	716.00	14.00	16.35	24.52	99171.33	49828	1	WinnieSzeto	
2797	0:41:04	1/1/2019 	2457338	136.00	7.00	7.61	24.47	99138.07	145781	1	WinnieSzeto	
2798	0:41:10	1/1/2019 	2462735	982.00	646.00	115.53	24.40	99099.99	289703	0	WinnieSzeto	
2799	0:41:10	1/1/2019 	2463228	981.00	565.00	97.33	24.39	99098.41	5409	1	WinnieSzeto	
2800	0:41:23	1/1/2019 	2475693	562.00	8.00	13.40	24.32	99186.75	625530	1	WinnieSzeto	
2801	0:41:23	1/1/2019 	2475833	705.00	13.00	16.00	24.32	99198.30	2575	1	WinnieSzeto	
2802	0:41:32	1/1/2019 	2484949	268.00	7.00	10.56	24.40	99374.70	433635	1	WinnieSzeto	
2803	0:41:32	1/1/2019 	2485456	135.00	7.00	7.58	24.41	99382.08	2577	0	WinnieSzeto	
2804	0:41:33	1/1/2019 	2485690	133.00	7.00	7.52	24.41	99382.08	49826	1	WinnieSzeto	
2805	0:41:35	1/1/2019 	2488083	264.00	7.00	10.50	24.45	99423.11	100409	0	WinnieSzeto	
2806	0:41:41	1/1/2019 	2493726	459.00	8.00	12.54	24.52	99488.69	289709	0	WinnieSzeto	
2807	0:41:43	1/1/2019 	2495973	288.00	7.00	10.86	24.55	99503.41	98532	0	WinnieSzeto	
2808	0:41:49	1/1/2019 	2502183	71.00	7.00	5.99	24.61	99518.33	289707	0	WinnieSzeto	
2809	0:41:54	1/1/2019 	2506561	956.00	180.00	43.35	24.65	99523.47	242456	1	WinnieSzeto	
2810	0:41:58	1/1/2019 	2511300	859.00	81.00	26.50	24.67	99533.27	193755	0	WinnieSzeto	
2811	0:42:04	1/1/2019 	2517147	169.00	7.00	8.53	24.69	99539.08	293259	0	WinnieSzeto	
2812	0:42:08	1/1/2019 	2520669	952.00	165.00	41.49	24.70	99536.26	193754	1	WinnieSzeto	
2813	0:42:08	1/1/2019 	2520727	97.00	7.00	6.51	24.70	99536.26	2577	0	WinnieSzeto	
2814	0:42:10	1/1/2019 	2522690	777.00	29.00	20.03	24.70	99533.62	97805	0	WinnieSzeto	
2815	0:42:18	1/1/2019 	2530824	968.00	287.00	55.03	24.70	99531.98	385670	1	WinnieSzeto	
2816	0:42:18	1/1/2019 	2530831	130.00	7.00	7.44	24.70	99531.98	2578	0	WinnieSzeto	
2817	0:42:19	1/1/2019 	2531926	229.00	7.00	9.89	24.70	99530.50	52431	0	WinnieSzeto	
2818	0:42:21	1/1/2019 	2534141	788.00	35.00	20.89	24.69	99527.98	97801	1	WinnieSzeto	
2819	0:42:22	1/1/2019 	2535435	709.00	13.00	16.01	24.69	99528.16	49828	0	WinnieSzeto	
2820	0:42:24	1/1/2019 	2536982	173.00	7.00	8.63	24.69	99528.27	97801	0	WinnieSzeto	
2821	0:42:32	1/1/2019 	2545273	556.00	7.00	13.20	24.68	99526.57	385654	0	WinnieSzeto	
2822	0:42:37	1/1/2019 	2550344	687.00	11.00	15.29	24.67	99527.40	242465	1	WinnieSzeto	
2823	0:42:41	1/1/2019 	2553681	983.00	712.00	128.33	24.66	99526.58	197451	0	WinnieSzeto	
2824	0:42:43	1/1/2019 	2556351	880.00	90.00	28.08	24.65	99523.62	97808	1	WinnieSzeto	
2825	0:42:46	1/1/2019 	2558724	974.00	552.00	94.78	24.64	99521.88	145790	1	WinnieSzeto	
2826	0:42:50	1/1/2019 	2562709	774.00	29.00	20.02	24.63	99517.96	193764	1	WinnieSzeto	
2827	0:42:50	1/1/2019 	2563344	138.00	7.00	7.67	24.63	99517.42	2577	0	WinnieSzeto	
2828	0:42:51	1/1/2019 	2563682	474.00	7.00	12.55	24.63	99517.09	49826	0	WinnieSzeto	
2829	0:42:52	1/1/2019 	2564910	912.00	126.00	35.05	24.62	99515.84	52458	1	WinnieSzeto	
2830	0:42:52	1/1/2019 	2564990	630.00	9.00	14.37	24.62	99515.84	1853	0	WinnieSzeto	
2831	0:42:54	1/1/2019 	2566933	71.00	7.00	5.99	24.62	99513.65	97802	0	WinnieSzeto	
2832	0:43:01	1/1/2019 	2573556	592.00	8.00	13.74	24.60	99507.92	337684	0	WinnieSzeto	
2833	0:43:05	1/1/2019 	2578268	164.00	7.00	8.40	24.58	99504.94	194485	0	WinnieSzeto	
2834	0:43:12	1/1/2019 	2585319	895.00	104.00	30.74	24.56	99505.42	337677	0	WinnieSzeto	
2835	0:43:14	1/1/2019 	2586624	80.00	7.00	6.13	24.56	99503.69	101496	0	WinnieSzeto	
2836	0:43:16	1/1/2019 	2588645	923.00	142.00	37.96	24.55	99502.80	97803	0	WinnieSzeto	
2837	0:43:17	1/1/2019 	2589801	902.00	117.00	33.29	24.55	99502.05	49828	1	WinnieSzeto	
2838	0:43:30	1/1/2019 	2603157	130.00	7.00	7.44	24.48	99494.50	626266	0	WinnieSzeto	
2839	0:43:34	1/1/2019 	2606493	809.00	50.00	22.51	24.47	99491.28	146505	1	WinnieSzeto	
2840	0:43:36	1/1/2019 	2608494	971.00	340.00	64.06	24.46	99489.77	97802	1	WinnieSzeto	
2841	0:43:36	1/1/2019 	2608812	836.00	66.00	24.31	24.46	99489.06	52435	0	WinnieSzeto	
2842	0:43:38	1/1/2019 	2611274	953.00	167.00	41.76	24.45	99485.73	97802	1	WinnieSzeto	
2843	0:43:40	1/1/2019 	2613334	130.00	7.00	7.44	24.44	99481.80	98527	0	WinnieSzeto	
2844	0:43:48	1/1/2019 	2620777	170.00	7.00	8.56	24.40	99474.29	385648	0	WinnieSzeto	
2845	0:43:48	1/1/2019 	2620848	228.00	7.00	9.87	24.40	99474.29	2582	1	WinnieSzeto	
2846	0:43:48	1/1/2019 	2621212	738.00	18.00	17.60	24.40	99474.29	1849	0	WinnieSzeto	
2847	0:43:51	1/1/2019 	2623746	961.00	221.00	47.38	24.38	99471.84	148388	1	WinnieSzeto	
2848	0:43:56	1/1/2019 	2629244	123.00	7.00	7.23	24.34	99469.98	241725	0	WinnieSzeto	
2849	0:44:01	1/1/2019 	2633595	81.00	7.00	6.15	24.31	99469.22	241726	0	WinnieSzeto	
2850	0:44:02	1/1/2019 	2635305	606.00	8.00	13.90	24.30	99468.35	50552	0	WinnieSzeto	
2851	0:44:04	1/1/2019 	2636836	798.00	42.00	21.70	24.29	99467.52	97798	0	WinnieSzeto	
2852	0:44:05	1/1/2019 	2637738	676.00	10.00	14.93	24.28	99466.96	49826	0	WinnieSzeto	
2853	0:44:06	1/1/2019 	2639014	966.00	287.00	55.03	24.27	99466.09	52455	1	WinnieSzeto	
2854	0:44:07	1/1/2019 	2639484	90.00	7.00	6.34	24.27	99466.00	1852	0	WinnieSzeto	
2855	0:44:08	1/1/2019 	2640596	960.00	193.00	44.74	24.26	99465.92	97801	1	WinnieSzeto	
2856	0:44:18	1/1/2019 	2650668	730.00	17.00	17.30	24.19	99460.06	482325	1	WinnieSzeto	
2857	0:44:18	1/1/2019 	2650679	145.00	7.00	7.87	24.19	99460.06	2581	0	WinnieSzeto	
2858	0:44:23	1/1/2019 	2656420	449.00	7.00	12.39	24.15	99456.19	241720	0	WinnieSzeto	
2859	0:44:26	1/1/2019 	2658774	119.00	7.00	7.12	24.13	99454.41	148389	0	WinnieSzeto	
2860	0:44:27	1/1/2019 	2659882	85.00	7.00	6.23	24.13	99453.80	49826	0	WinnieSzeto	
2861	0:44:28	1/1/2019 	2661130	80.00	7.00	6.13	24.12	99453.77	50552	0	WinnieSzeto	
2862	0:44:31	1/1/2019 	2663877	721.00	15.00	16.68	24.10	99452.32	145775	0	WinnieSzeto	
2863	0:44:32	1/1/2019 	2664863	702.00	13.00	15.99	24.10	99451.77	49826	0	WinnieSzeto	
2864	0:44:35	1/1/2019 	2667872	87.00	7.00	6.28	24.08	99449.57	145775	0	WinnieSzeto	
2865	0:44:39	1/1/2019 	2671991	903.00	115.00	32.91	24.06	99446.36	196356	1	WinnieSzeto	
2866	0:44:41	1/1/2019 	2673563	770.00	28.00	19.85	24.05	99445.64	98525	0	WinnieSzeto	
2867	0:44:44	1/1/2019 	2677449	972.00	523.00	90.02	24.03	99443.52	145776	0	WinnieSzeto	
2868	0:44:47	1/1/2019 	2679493	184.00	7.00	8.91	24.02	99442.38	97801	0	WinnieSzeto	
2869	0:44:47	1/1/2019 	2679691	74.00	7.00	6.03	24.02	99442.20	49829	0	WinnieSzeto	
2870	0:44:49	1/1/2019 	2681805	941.00	154.00	39.91	24.01	99441.42	101352	0	WinnieSzeto	
2871	0:44:49	1/1/2019 	2682429	162.00	7.00	8.34	24.01	99441.05	1852	0	WinnieSzeto	
2872	0:44:52	1/1/2019 	2685428	234.00	7.00	9.98	23.99	99439.13	145768	0	WinnieSzeto	
2873	0:44:54	1/1/2019 	2687461	733.00	17.00	17.30	23.98	99437.50	97797	1	WinnieSzeto	
2874	0:44:57	1/1/2019 	2689910	958.00	177.00	43.00	23.97	99435.34	145774	1	WinnieSzeto	
2875	0:44:58	1/1/2019 	2690496	964.00	181.00	43.46	23.97	99434.97	2578	0	WinnieSzeto	
2876	0:45:01	1/1/2019 	2694038	86.00	7.00	6.26	23.95	99431.53	196355	0	WinnieSzeto	
2877	0:45:02	1/1/2019 	2695294	144.00	7.00	7.84	23.94	99430.98	49823	0	WinnieSzeto	
2878	0:45:05	1/1/2019 	2697929	174.00	7.00	8.66	23.93	99428.41	145772	0	WinnieSzeto	
2879	0:45:07	1/1/2019 	2699820	844.00	69.00	24.71	23.92	99427.64	97801	0	WinnieSzeto	
2880	0:45:07	1/1/2019 	2699845	315.00	7.00	11.22	23.92	99427.64	2578	0	WinnieSzeto	
2881	0:45:13	1/1/2019 	2705934	190.00	7.00	9.06	23.88	99424.30	289691	0	WinnieSzeto	
2882	0:45:15	1/1/2019 	2708043	951.00	168.00	41.89	23.87	99423.14	100630	1	WinnieSzeto	
2883	0:45:16	1/1/2019 	2709095	182.00	7.00	8.86	23.86	99422.54	49825	0	WinnieSzeto	
2884	0:45:22	1/1/2019 	2715140	86.00	7.00	6.26	23.83	99418.78	289696	0	WinnieSzeto	
2885	0:45:25	1/1/2019 	2718153	321.00	8.00	11.33	23.82	99416.92	146499	0	WinnieSzeto	
2886	0:45:25	1/1/2019 	2718812	436.00	7.00	12.31	23.82	99416.58	49824	0	WinnieSzeto	
2887	0:45:26	1/1/2019 	2718969	90.00	7.00	6.34	23.82	99416.20	1850	0	WinnieSzeto	
2888	0:45:26	1/1/2019 	2719615	74.00	7.00	6.03	23.81	99416.00	52432	0	WinnieSzeto	
2889	0:45:28	1/1/2019 	2720988	476.00	8.00	12.66	23.81	99415.73	50556	0	WinnieSzeto	
2890	0:45:29	1/1/2019 	2722185	135.00	7.00	7.58	23.80	99414.83	49826	0	WinnieSzeto	
2891	0:45:31	1/1/2019 	2724250	69.00	7.00	5.96	23.80	99413.90	97804	0	WinnieSzeto	
2892	0:45:35	1/1/2019 	2728477	605.00	8.00	13.89	23.78	99410.97	193757	0	WinnieSzeto	
2893	0:45:40	1/1/2019 	2733580	959.00	201.00	45.52	23.76	99407.52	289710	1	WinnieSzeto	
2894	0:45:41	1/1/2019 	2734200	114.00	8.00	6.98	23.75	99407.17	5566	0	WinnieSzeto	
2895	0:45:47	1/1/2019 	2740663	129.00	7.00	7.41	23.72	99404.06	337681	0	WinnieSzeto	
2896	0:45:49	1/1/2019 	2742225	974.00	540.00	92.72	23.72	99402.97	50552	0	WinnieSzeto	
2897	0:45:53	1/1/2019 	2746707	631.00	8.00	14.12	23.70	99400.40	241728	1	WinnieSzeto	
2898	0:45:57	1/1/2019 	2750717	89.00	7.00	6.32	23.68	99397.50	193753	0	WinnieSzeto	
2899	0:46:01	1/1/2019 	2754444	108.00	7.00	6.81	23.66	99394.47	146507	0	WinnieSzeto	
2900	0:46:06	1/1/2019 	2759078	972.00	520.00	89.58	23.64	99390.84	244345	1	WinnieSzeto	
2901	0:46:09	1/1/2019 	2762735	82.00	7.00	6.17	23.63	99387.80	193759	0	WinnieSzeto	
2902	0:46:11	1/1/2019 	2764903	146.00	7.00	7.90	23.61	99385.62	98533	0	WinnieSzeto	
2903	0:46:13	1/1/2019 	2766172	402.00	7.00	12.07	23.61	99385.06	49831	0	WinnieSzeto	
2904	0:46:13	1/1/2019 	2766432	625.00	9.00	14.32	23.61	99384.69	1851	0	WinnieSzeto	
2905	0:46:14	1/1/2019 	2767113	689.00	11.00	15.30	23.60	99384.11	49826	0	WinnieSzeto	
2906	0:46:15	1/1/2019 	2768582	481.00	8.00	12.69	23.59	99383.69	100564	0	WinnieSzeto	
2907	0:46:18	1/1/2019 	2771437	520.00	8.00	12.99	23.58	99382.78	97805	0	WinnieSzeto	
2908	0:46:19	1/1/2019 	2772411	872.00	77.00	25.92	23.57	99382.51	50551	0	WinnieSzeto	
2909	0:46:22	1/1/2019 	2775208	81.00	7.00	6.15	23.56	99381.62	145785	0	WinnieSzeto	
2910	0:46:22	1/1/2019 	2775257	783.00	33.00	20.62	23.56	99381.62	1857	0	WinnieSzeto	
2911	0:46:31	1/1/2019 	2784190	977.00	534.00	91.74	23.51	99377.43	433650	0	WinnieSzeto	
2912	0:46:36	1/1/2019 	2789694	966.00	283.00	54.44	23.48	99373.95	293261	1	WinnieSzeto	
2913	0:46:37	1/1/2019 	2790762	97.00	7.00	6.51	23.48	99373.04	50557	0	WinnieSzeto	
2914	0:46:37	1/1/2019 	2790884	851.00	70.00	24.86	23.48	99373.04	1850	0	WinnieSzeto	
2915	0:46:41	1/1/2019 	2793990	688.00	12.00	15.63	23.46	99370.48	145786	0	WinnieSzeto	
2916	0:46:41	1/1/2019 	2794493	820.00	58.00	23.35	23.46	99370.14	1851	0	WinnieSzeto	
2917	0:46:43	1/1/2019 	2795974	839.00	70.00	24.83	23.46	99369.26	97805	1	WinnieSzeto	
2918	0:46:48	1/1/2019 	2801603	792.00	35.00	20.90	23.44	99365.44	292483	0	WinnieSzeto	
2919	0:46:52	1/1/2019 	2805450	286.00	7.00	10.83	23.42	99363.41	146512	0	WinnieSzeto	
2920	0:46:53	1/1/2019 	2806854	142.00	7.00	7.78	23.41	99362.64	97809	0	WinnieSzeto	
2921	0:46:54	1/1/2019 	2806993	786.00	33.00	20.63	23.41	99362.64	1850	0	WinnieSzeto	
2922	0:46:55	1/1/2019 	2807948	657.00	9.00	14.55	23.41	99361.92	49829	1	WinnieSzeto	
2923	0:47:01	1/1/2019 	2814726	435.00	8.00	12.38	23.38	99358.42	337703	0	WinnieSzeto	
2924	0:47:03	1/1/2019 	2816299	180.00	7.00	8.81	23.38	99357.34	53369	0	WinnieSzeto	
2925	0:47:04	1/1/2019 	2817605	762.00	21.00	18.42	23.37	99356.45	97807	1	WinnieSzeto	
2926	0:47:04	1/1/2019 	2817667	666.00	10.00	14.90	23.37	99356.08	1853	0	WinnieSzeto	
2927	0:47:06	1/1/2019 	2819165	158.00	7.00	8.23	23.37	99355.70	49828	0	WinnieSzeto	
2928	0:47:13	1/1/2019 	2826042	786.00	32.00	20.49	23.34	99351.69	337688	1	WinnieSzeto	
2929	0:47:16	1/1/2019 	2829131	639.00	9.00	14.45	23.33	99350.05	146507	0	WinnieSzeto	
2930	0:47:18	1/1/2019 	2831013	691.00	12.00	15.64	23.32	99348.60	100567	0	WinnieSzeto	
2931	0:47:21	1/1/2019 	2834426	525.00	8.00	13.03	23.31	99346.99	146511	0	WinnieSzeto	
2932	0:47:22	1/1/2019 	2835153	728.00	16.00	17.00	23.31	99346.62	49826	1	WinnieSzeto	
2933	0:47:24	1/1/2019 	2837655	684.00	11.00	15.29	23.30	99344.81	145783	0	WinnieSzeto	
2934	0:47:27	1/1/2019 	2839932	89.00	7.00	6.32	23.30	99343.27	97807	0	WinnieSzeto	
2935	0:47:30	1/1/2019 	2843039	120.00	7.00	7.15	23.28	99340.61	146513	0	WinnieSzeto	
2936	0:47:34	1/1/2019 	2847291	116.00	7.00	7.03	23.27	99337.97	196370	0	WinnieSzeto	
2937	0:47:35	1/1/2019 	2848681	107.00	7.00	6.78	23.27	99336.72	97804	0	WinnieSzeto	
2938	0:47:36	1/1/2019 	2849037	88.00	6.00	6.30	23.27	99336.72	1850	0	WinnieSzeto	
2939	0:47:36	1/1/2019 	2849667	166.00	7.00	8.45	23.26	99336.55	49826	0	WinnieSzeto	
2940	0:47:37	1/1/2019 	2850628	975.00	533.00	91.58	23.26	99336.17	50554	1	WinnieSzeto	
2941	0:47:39	1/1/2019 	2852478	94.00	7.00	6.44	23.26	99335.41	49828	0	WinnieSzeto	
2942	0:47:40	1/1/2019 	2853075	847.00	74.00	25.41	23.25	99335.04	52717	1	WinnieSzeto	
2943	0:47:42	1/1/2019 	2855439	644.00	9.00	14.48	23.25	99333.81	97802	0	WinnieSzeto	
2944	0:47:47	1/1/2019 	2860136	113.00	7.00	6.95	23.23	99330.92	241729	0	WinnieSzeto	
2945	0:47:49	1/1/2019 	2862184	962.00	271.00	52.78	23.23	99329.72	98529	1	WinnieSzeto	
2946	0:47:50	1/1/2019 	2863316	949.00	159.00	40.65	23.22	99328.97	49828	0	WinnieSzeto	
2947	0:47:50	1/1/2019 	2863331	89.00	7.00	6.32	23.22	99328.97	1852	0	WinnieSzeto	
2948	0:47:51	1/1/2019 	2864099	267.00	8.00	10.57	23.22	99327.91	52434	0	WinnieSzeto	
2949	0:47:55	1/1/2019 	2868694	766.00	26.00	19.49	23.20	99324.58	241738	1	WinnieSzeto	
2950	0:47:57	1/1/2019 	2870009	445.00	8.00	12.45	23.20	99324.03	49830	0	WinnieSzeto	
2951	0:47:58	1/1/2019 	2871895	691.00	12.00	15.64	23.19	99322.61	98533	0	WinnieSzeto	
2952	0:48:01	1/1/2019 	2874921	104.00	7.00	6.70	23.18	99321.19	145784	0	WinnieSzeto	
2953	0:48:04	1/1/2019 	2877239	968.00	384.00	71.80	23.17	99319.08	97808	1	WinnieSzeto	
2954	0:48:05	1/1/2019 	2878918	174.00	7.00	8.66	23.17	99318.38	100592	0	WinnieSzeto	
2955	0:48:06	1/1/2019 	2879415	820.00	54.00	22.94	23.17	99318.38	1858	0	WinnieSzeto	
2956	0:48:07	1/1/2019 	2880425	770.00	25.00	19.31	23.17	99317.47	49832	0	WinnieSzeto	
2957	0:48:12	1/1/2019 	2885401	120.00	7.00	7.15	23.15	99314.62	242467	0	WinnieSzeto	
2958	0:48:13	1/1/2019 	2886672	858.00	81.00	26.49	23.15	99313.53	97805	0	WinnieSzeto	
2959	0:48:14	1/1/2019 	2887751	901.00	111.00	32.12	23.14	99313.00	52438	1	WinnieSzeto	
2960	0:48:15	1/1/2019 	2888769	984.00	747.00	133.58	23.14	99312.83	49830	0	WinnieSzeto	
2961	0:48:16	1/1/2019 	2889278	777.00	30.00	20.18	23.14	99312.45	1853	1	WinnieSzeto	
2962	0:48:21	1/1/2019 	2894435	89.00	7.00	6.32	23.13	99309.80	241737	0	WinnieSzeto	
2963	0:48:24	1/1/2019 	2897185	962.00	279.00	53.87	23.12	99308.16	146508	1	WinnieSzeto	
2964	0:48:25	1/1/2019 	2898596	115.00	7.00	7.00	23.12	99307.62	97805	1	WinnieSzeto	
2965	0:48:28	1/1/2019 	2901186	982.00	708.00	127.73	23.11	99306.20	100420	1	WinnieSzeto	
2966	0:48:35	1/1/2019 	2908396	80.00	7.00	6.13	23.09	99303.14	338422	0	WinnieSzeto	
2967	0:48:40	1/1/2019 	2913005	151.00	7.00	8.04	23.08	99301.12	241743	0	WinnieSzeto	
2968	0:48:41	1/1/2019 	2914362	122.00	8.00	7.21	23.08	99300.45	50560	0	WinnieSzeto	
2969	0:48:41	1/1/2019 	2914731	161.00	7.00	8.32	23.08	99300.45	49827	0	WinnieSzeto	
2970	0:48:43	1/1/2019 	2916225	942.00	152.00	39.60	23.07	99299.38	49830	1	WinnieSzeto	
2971	0:48:46	1/1/2019 	2919693	927.00	141.00	37.80	23.06	99298.14	196380	0	WinnieSzeto	
2972	0:48:49	1/1/2019 	2921939	778.00	31.00	20.33	23.06	99296.85	98535	0	WinnieSzeto	
2973	0:48:52	1/1/2019 	2925414	711.00	13.00	16.01	23.05	99294.56	145786	0	WinnieSzeto	
2974	0:49:02	1/1/2019 	2935255	138.00	7.00	7.67	23.02	99288.11	481644	0	WinnieSzeto	
2975	0:49:06	1/1/2019 	2939913	81.00	7.00	6.15	23.01	99285.30	242473	0	WinnieSzeto	
2976	0:49:07	1/1/2019 	2940922	123.00	7.00	7.23	23.01	99284.44	50555	0	WinnieSzeto	
2977	0:49:11	1/1/2019 	2944572	892.00	100.00	29.96	23.00	99282.49	196374	0	WinnieSzeto	
2978	0:49:12	1/1/2019 	2945891	89.00	7.00	6.32	22.99	99281.31	49831	0	WinnieSzeto	
2979	0:49:14	1/1/2019 	2947280	576.00	8.00	13.56	22.99	99280.77	49829	0	WinnieSzeto	
2980	0:49:16	1/1/2019 	2949181	581.00	9.00	13.78	22.99	99280.06	97805	1	WinnieSzeto	
2981	0:49:16	1/1/2019 	2949838	91.00	7.00	6.37	22.99	99279.55	49828	0	WinnieSzeto	
2982	0:49:27	1/1/2019 	2960174	976.00	613.00	107.93	22.96	99273.88	482346	0	WinnieSzeto	
2983	0:49:39	1/1/2019 	2971973	208.00	7.00	9.46	22.93	99267.49	581126	0	WinnieSzeto	
2984	0:49:40	1/1/2019 	2973675	203.00	7.00	9.35	22.92	99266.61	98531	0	WinnieSzeto	
2985	0:49:48	1/1/2019 	2981743	161.00	7.00	8.32	22.90	99262.02	385674	0	WinnieSzeto	
2986	0:49:48	1/1/2019 	2981849	325.00	7.00	11.34	22.90	99262.02	2577	0	WinnieSzeto	
2987	0:49:50	1/1/2019 	2983443	155.00	7.00	8.15	22.90	99261.16	49827	0	WinnieSzeto	
2988	0:49:52	1/1/2019 	2985225	694.00	12.00	15.64	22.90	99259.94	97806	1	WinnieSzeto	
2989	0:49:52	1/1/2019 	2985891	115.00	7.00	7.00	22.90	99259.78	52436	0	WinnieSzeto	
2990	0:49:53	1/1/2019 	2985935	655.00	9.00	14.55	22.90	99259.78	1849	0	WinnieSzeto	
2991	0:49:55	1/1/2019 	2988705	960.00	206.00	45.99	22.89	99258.49	145785	1	WinnieSzeto	
2992	0:49:59	1/1/2019 	2992411	453.00	8.00	12.50	22.88	99255.36	145787	0	WinnieSzeto	
2993	0:49:59	1/1/2019 	2992622	816.00	59.00	23.45	22.88	99255.36	50555	0	WinnieSzeto	
2994	0:50:00	1/1/2019 	2993914	331.00	7.00	11.40	22.87	99254.52	49829	0	WinnieSzeto	
2995	0:50:04	1/1/2019 	2997398	177.00	7.00	8.74	22.87	99252.91	148395	0	WinnieSzeto	
2996	0:50:07	1/1/2019 	3000072	131.00	7.00	7.47	22.86	99250.98	145785	0	WinnieSzeto	
2997	0:50:09	1/1/2019 	3002178	149.00	7.00	7.98	22.85	99249.91	98533	0	WinnieSzeto	
2998	0:50:12	1/1/2019 	3005792	773.00	28.00	19.85	22.85	99248.02	193764	0	WinnieSzeto	
2999	0:50:20	1/1/2019 	3013222	922.00	142.00	37.96	22.83	99243.98	337694	0	WinnieSzeto	
3000	0:50:25	1/1/2019 	3018557	958.00	176.00	42.88	22.82	99241.50	290439	1	WinnieSzeto	
3001	0:50:26	1/1/2019 	3019222	729.00	16.00	17.00	22.82	99241.15	4460	1	WinnieSzeto	
3002	0:50:26	1/1/2019 	3019488	744.00	19.00	17.88	22.82	99241.15	1849	0	WinnieSzeto	
3003	0:50:27	1/1/2019 	3020916	108.00	8.00	6.81	22.81	99240.42	97806	0	WinnieSzeto	
3004	0:50:31	1/1/2019 	3025144	755.00	23.00	18.86	22.80	99238.19	194483	1	WinnieSzeto	
3005	0:50:31	1/1/2019 	3025217	904.00	107.00	31.35	22.80	99238.19	1851	1	WinnieSzeto	
3006	0:50:39	1/1/2019 	3032682	627.00	8.00	14.09	22.79	99232.97	385667	1	WinnieSzeto	
3007	0:50:39	1/1/2019 	3032830	210.00	7.00	9.51	22.79	99232.97	5391	0	WinnieSzeto	
3008	0:50:43	1/1/2019 	3037034	639.00	9.00	14.45	22.78	99230.19	193757	0	WinnieSzeto	
3009	0:50:45	1/1/2019 	3038675	963.00	297.00	56.58	22.78	99229.38	97806	1	WinnieSzeto	
3010	0:50:45	1/1/2019 	3039172	780.00	29.00	20.03	22.77	99229.00	1856	0	WinnieSzeto	
3011	0:50:46	1/1/2019 	3039374	761.00	25.00	19.28	22.77	99229.00	1850	1	WinnieSzeto	
3012	0:50:49	1/1/2019 	3043073	977.00	521.00	89.72	22.77	99226.89	193760	0	WinnieSzeto	
3013	0:50:51	1/1/2019 	3044349	133.00	7.00	7.52	22.76	99226.38	53373	0	WinnieSzeto	
3014	0:50:52	1/1/2019 	3046136	912.00	123.00	34.48	22.76	99225.67	97810	1	WinnieSzeto	
3015	0:50:53	1/1/2019 	3046644	658.00	9.00	14.56	22.76	99225.14	49827	0	WinnieSzeto	
3016	0:50:54	1/1/2019 	3047580	155.00	8.00	8.16	22.76	99224.64	49828	0	WinnieSzeto	
3017	0:50:59	1/1/2019 	3052679	709.00	13.00	16.01	22.75	99222.03	241731	1	WinnieSzeto	
3018	0:51:06	1/1/2019 	3059559	770.00	28.00	19.85	22.73	99219.67	338427	0	WinnieSzeto	
3019	0:51:11	1/1/2019 	3064808	961.00	188.00	44.23	22.73	99217.75	245304	0	WinnieSzeto	
3020	0:51:14	1/1/2019 	3067473	743.00	19.00	17.88	22.72	99216.33	97805	0	WinnieSzeto	
3021	0:51:16	1/1/2019 	3069986	684.00	10.00	14.94	22.71	99215.41	145784	0	WinnieSzeto	
3022	0:51:18	1/1/2019 	3071862	646.00	7.00	13.90	22.71	99214.72	98531	0	WinnieSzeto	
3023	0:51:23	1/1/2019 	3076430	152.00	7.00	8.07	22.70	99212.28	193761	0	WinnieSzeto	
3024	0:51:24	1/1/2019 	3077699	879.00	92.00	28.44	22.70	99211.42	97805	1	WinnieSzeto	
3025	0:51:40	1/1/2019 	3094091	768.00	26.00	19.49	22.67	99204.38	772119	1	WinnieSzeto	
3026	0:51:47	1/1/2019 	3100387	971.00	509.00	88.04	22.66	99201.09	290443	1	WinnieSzeto	
3027	0:51:52	1/1/2019 	3105489	674.00	10.00	14.93	22.65	99198.64	242466	0	WinnieSzeto	
3028	0:51:52	1/1/2019 	3105754	971.00	304.00	57.72	22.65	99198.64	49830	0	WinnieSzeto	
3029	0:51:53	1/1/2019 	3106259	717.00	13.00	16.01	22.65	99198.47	1851	0	WinnieSzeto	
3030	0:51:55	1/1/2019 	3108457	951.00	156.00	40.21	22.64	99197.26	100329	1	WinnieSzeto	
3031	0:52:05	1/1/2019 	3118826	136.00	6.00	7.61	22.62	99192.68	529608	0	WinnieSzeto	
3032	0:52:05	1/1/2019 	3118960	195.00	7.00	9.17	22.62	99192.68	2576	0	WinnieSzeto	
3033	0:52:10	1/1/2019 	3123591	91.00	7.00	6.37	22.61	99190.39	241740	0	WinnieSzeto	
3034	0:52:11	1/1/2019 	3124992	390.00	8.00	12.04	22.61	99190.22	50554	0	WinnieSzeto	
3035	0:52:15	1/1/2019 	3129021	126.00	7.00	7.32	22.60	99188.31	193760	0	WinnieSzeto	
3036	0:52:18	1/1/2019 	3132034	899.00	109.00	31.72	22.60	99186.91	148306	0	WinnieSzeto	
3037	0:52:18	1/1/2019 	3132121	595.00	8.00	13.78	22.60	99186.91	2578	1	WinnieSzeto	
3038	0:52:21	1/1/2019 	3134817	268.00	8.00	10.59	22.59	99185.34	145776	0	WinnieSzeto	
3039	0:52:22	1/1/2019 	3135705	79.00	8.00	6.12	22.59	99184.97	49827	0	WinnieSzeto	
3040	0:52:24	1/1/2019 	3137596	535.00	8.00	13.13	22.59	99184.11	97802	0	WinnieSzeto	
3041	0:52:24	1/1/2019 	3137671	729.00	16.00	17.00	22.59	99184.11	1849	1	WinnieSzeto	
3042	0:52:24	1/1/2019 	3137760	142.00	7.00	7.78	22.59	99184.11	4372	0	WinnieSzeto	
3043	0:52:24	1/1/2019 	3137820	208.00	8.00	9.48	22.59	99184.11	1849	0	WinnieSzeto	
3044	0:52:30	1/1/2019 	3143747	225.00	7.00	9.81	22.57	99181.80	289714	0	WinnieSzeto	
3045	0:52:32	1/1/2019 	3145795	897.00	105.00	30.94	22.57	99181.05	98534	1	WinnieSzeto	
3046	0:52:33	1/1/2019 	3147172	205.00	8.00	9.41	22.57	99180.34	49828	0	WinnieSzeto	
3047	0:52:34	1/1/2019 	3147621	587.00	8.00	13.69	22.57	99180.17	49825	0	WinnieSzeto	
3048	0:52:36	1/1/2019 	3149910	430.00	7.00	12.27	22.56	99179.30	100329	0	WinnieSzeto	
3049	0:52:36	1/1/2019 	3150188	425.00	8.00	12.31	22.56	99179.30	2638	0	WinnieSzeto	
3050	0:52:38	1/1/2019 	3151643	156.00	8.00	8.19	22.56	99178.75	97804	0	WinnieSzeto	
3051	0:52:41	1/1/2019 	3154560	828.00	61.00	23.70	22.55	99178.20	145783	1	WinnieSzeto	
3052	0:52:44	1/1/2019 	3157793	966.00	311.00	58.90	22.55	99177.64	145788	1	WinnieSzeto	
3053	0:52:46	1/1/2019 	3159487	961.00	176.00	42.88	22.54	99177.05	49830	0	WinnieSzeto	
3054	0:52:48	1/1/2019 	3161871	112.00	7.00	6.92	22.54	99176.35	148388	0	WinnieSzeto	
3055	0:52:49	1/1/2019 	3162608	965.00	334.00	62.97	22.54	99175.84	50616	1	WinnieSzeto	
3056	0:52:53	1/1/2019 	3167193	98.00	8.00	6.54	22.53	99173.57	193761	0	WinnieSzeto	
3057	0:52:57	1/1/2019 	3171149	596.00	8.00	13.79	22.52	99171.33	193761	0	WinnieSzeto	
3058	0:52:58	1/1/2019 	3171695	107.00	7.00	6.78	22.52	99171.00	50614	0	WinnieSzeto	
3059	0:53:01	1/1/2019 	3174588	68.00	7.00	5.95	22.52	99169.13	145783	1	WinnieSzeto	
3060	0:53:01	1/1/2019 	3175123	847.00	73.00	25.27	22.52	99168.97	4458	0	WinnieSzeto	
3061	0:53:03	1/1/2019 	3176755	458.00	8.00	12.54	22.51	99167.75	97806	0	WinnieSzeto	
3062	0:53:05	1/1/2019 	3178323	208.00	7.00	9.46	22.51	99166.72	49826	0	WinnieSzeto	
3063	0:53:07	1/1/2019 	3180294	968.00	359.00	67.50	22.51	99166.02	97806	0	WinnieSzeto	
3064	0:53:08	1/1/2019 	3181609	795.00	38.00	21.26	22.51	99165.19	98592	0	WinnieSzeto	
3065	0:53:13	1/1/2019 	3186556	82.00	7.00	6.17	22.50	99163.56	241735	0	WinnieSzeto	
3066	0:53:16	1/1/2019 	3189682	607.00	8.00	13.91	22.50	99163.03	148388	0	WinnieSzeto	
3067	0:53:17	1/1/2019 	3190710	261.00	7.00	10.45	22.49	99162.68	50615	0	WinnieSzeto	
3068	0:53:17	1/1/2019 	3190797	736.00	17.00	17.31	22.49	99162.68	1851	1	WinnieSzeto	
3069	0:53:20	1/1/2019 	3194039	598.00	8.00	13.81	22.49	99161.11	145780	0	WinnieSzeto	
3070	0:53:25	1/1/2019 	3198609	115.00	7.00	7.00	22.48	99158.58	241728	0	WinnieSzeto	
3071	0:53:26	1/1/2019 	3199637	268.00	7.00	10.56	22.48	99158.03	49827	0	WinnieSzeto	
3072	0:53:26	1/1/2019 	3200022	206.00	7.00	9.42	22.48	99157.87	5246	0	WinnieSzeto	
3073	0:53:28	1/1/2019 	3201846	641.00	9.00	14.46	22.48	99157.17	97803	0	WinnieSzeto	
3074	0:53:28	1/1/2019 	3202169	796.00	38.00	21.26	22.47	99156.82	1851	0	WinnieSzeto	
3075	0:53:32	1/1/2019 	3205451	634.00	9.00	14.40	22.47	99155.58	145779	0	WinnieSzeto	
3076	0:53:36	1/1/2019 	3209236	896.00	104.00	30.74	22.46	99153.66	193760	0	WinnieSzeto	
3077	0:53:39	1/1/2019 	3212910	513.00	8.00	12.93	22.46	99152.27	193759	0	WinnieSzeto	
3078	0:53:41	1/1/2019 	3214784	443.00	8.00	12.43	22.45	99151.56	101200	0	WinnieSzeto	
3079	0:53:42	1/1/2019 	3215590	849.00	72.00	25.13	22.45	99151.39	49827	0	WinnieSzeto	
3080	0:53:43	1/1/2019 	3216906	119.00	7.00	7.12	22.45	99150.72	49829	0	WinnieSzeto	
3081	0:53:44	1/1/2019 	3217598	152.00	7.00	8.07	22.45	99150.34	49829	0	WinnieSzeto	
3082	0:53:45	1/1/2019 	3218336	164.00	7.00	8.40	22.45	99150.34	1850	1	WinnieSzeto	
3083	0:53:45	1/1/2019 	3218610	112.00	8.00	6.92	22.45	99149.83	49830	0	WinnieSzeto	
3084	0:53:53	1/1/2019 	3226736	367.00	8.00	11.83	22.43	99147.99	388260	0	WinnieSzeto	
3085	0:53:54	1/1/2019 	3227842	364.00	8.00	11.80	22.43	99147.28	50616	0	WinnieSzeto	
3086	0:53:56	1/1/2019 	3229465	256.00	8.00	10.39	22.43	99146.63	49829	0	WinnieSzeto	
3087	0:53:56	1/1/2019 	3229822	796.00	36.00	21.03	22.43	99146.12	49829	0	WinnieSzeto	
3088	0:54:00	1/1/2019 	3233992	124.00	8.00	7.27	22.43	99144.72	194559	0	WinnieSzeto	
3089	0:54:01	1/1/2019 	3234734	189.00	7.00	9.03	22.43	99144.55	49827	0	WinnieSzeto	
3090	0:54:04	1/1/2019 	3237676	844.00	74.00	25.40	22.42	99142.66	148395	0	WinnieSzeto	
3091	0:54:11	1/1/2019 	3244686	143.00	7.00	7.81	22.41	99140.03	337696	0	WinnieSzeto	
3092	0:54:15	1/1/2019 	3248902	131.00	7.00	7.47	22.41	99138.69	194547	0	WinnieSzeto	
3093	0:54:21	1/1/2019 	3255110	270.00	7.00	10.60	22.40	99135.58	289709	0	WinnieSzeto	
3094	0:54:24	1/1/2019 	3257853	88.00	7.00	6.30	22.39	99134.50	146570	0	WinnieSzeto	
3095	0:54:25	1/1/2019 	3258914	99.00	7.00	6.57	22.39	99134.12	49830	0	WinnieSzeto	
3096	0:54:26	1/1/2019 	3259847	252.00	7.00	10.30	22.39	99134.30	52439	0	WinnieSzeto	
3097	0:54:27	1/1/2019 	3260252	951.00	155.00	40.06	22.39	99133.78	2639	0	WinnieSzeto	
3098	0:54:28	1/1/2019 	3261623	191.00	7.00	9.08	22.39	99133.78	97806	0	WinnieSzeto	
3099	0:54:29	1/1/2019 	3263010	835.00	66.00	24.31	22.38	99132.38	49828	0	WinnieSzeto	
3100	0:54:32	1/1/2019 	3265727	373.00	7.00	11.83	22.38	99131.67	145786	0	WinnieSzeto	
3101	0:54:35	1/1/2019 	3268713	293.00	8.00	10.96	22.37	99130.00	145786	0	WinnieSzeto	
3102	0:54:38	1/1/2019 	3272209	934.00	148.00	38.97	22.37	99127.41	148394	1	WinnieSzeto	
3103	0:54:39	1/1/2019 	3272970	82.00	7.00	6.17	22.37	99127.24	50618	0	WinnieSzeto	
3104	0:54:45	1/1/2019 	3278707	962.00	268.00	52.39	22.36	99124.95	289722	1	WinnieSzeto	
3105	0:54:47	1/1/2019 	3280925	230.00	7.00	9.91	22.35	99124.09	97809	0	WinnieSzeto	
3106	0:54:49	1/1/2019 	3282499	672.00	10.00	14.92	22.35	99123.41	50616	0	WinnieSzeto	
3107	0:54:53	1/1/2019 	3286449	686.00	11.00	15.29	22.34	99121.62	193777	1	WinnieSzeto	
3108	0:54:54	1/1/2019 	3287363	790.00	39.00	21.36	22.34	99120.79	52443	1	WinnieSzeto	
3109	0:54:58	1/1/2019 	3291275	613.00	8.00	13.97	22.34	99119.58	193767	0	WinnieSzeto	
3110	0:55:00	1/1/2019 	3293266	121.00	7.00	7.18	22.33	99118.06	98594	0	WinnieSzeto	
3111	0:55:01	1/1/2019 	3295134	203.00	7.00	9.35	22.33	99117.36	97806	0	WinnieSzeto	
3112	0:55:02	1/1/2019 	3295655	154.00	7.00	8.12	22.33	99117.20	49828	0	WinnieSzeto	
3113	0:55:05	1/1/2019 	3298357	422.00	8.00	12.29	22.33	99116.63	97806	0	WinnieSzeto	
3114	0:55:05	1/1/2019 	3298937	972.00	365.00	68.56	22.33	99116.97	52435	1	WinnieSzeto	
3115	0:55:06	1/1/2019 	3299929	589.00	8.00	13.71	22.33	99117.12	49832	0	WinnieSzeto	
3116	0:55:07	1/1/2019 	3300760	156.00	8.00	8.19	22.32	99116.59	50621	0	WinnieSzeto	
3117	0:55:08	1/1/2019 	3301560	206.00	8.00	9.43	22.32	99115.72	49826	0	WinnieSzeto	
3118	0:55:09	1/1/2019 	3302230	126.00	7.00	7.32	22.32	99115.56	1848	0	WinnieSzeto	
3119	0:55:12	1/1/2019 	3306005	837.00	63.00	23.95	22.31	99113.97	196376	1	WinnieSzeto	
3120	0:55:14	1/1/2019 	3307742	948.00	158.00	40.51	22.31	99112.78	97807	1	WinnieSzeto	
3121	0:55:16	1/1/2019 	3309289	161.00	7.00	8.32	22.31	99111.26	49831	0	WinnieSzeto	
3122	0:55:16	1/1/2019 	3309460	80.00	7.00	6.13	22.31	99111.26	1850	0	WinnieSzeto	
3123	0:55:17	1/1/2019 	3311154	408.00	8.00	12.18	22.31	99109.92	97806	0	WinnieSzeto	
3124	0:55:19	1/1/2019 	3313090	101.00	7.00	6.62	22.30	99109.06	98593	0	WinnieSzeto	
3125	0:55:25	1/1/2019 	3317811	394.00	8.00	12.07	22.29	99106.64	244351	0	WinnieSzeto	
3126	0:55:26	1/1/2019 	3319031	834.00	70.00	24.82	22.29	99106.27	49829	1	WinnieSzeto	
3127	0:55:29	1/1/2019 	3321958	704.00	12.00	15.66	22.29	99105.35	145788	1	WinnieSzeto	
3128	0:55:36	1/1/2019 	3328936	162.00	7.00	8.34	22.28	99101.59	338494	0	WinnieSzeto	
3129	0:55:39	1/1/2019 	3332595	229.00	7.00	9.89	22.27	99100.05	193769	0	WinnieSzeto	
3130	0:55:43	1/1/2019 	3336346	90.00	7.00	6.34	22.26	99099.11	146577	0	WinnieSzeto	
3131	0:55:46	1/1/2019 	3339428	188.00	7.00	9.01	22.26	99098.44	148397	0	WinnieSzeto	
3132	0:55:53	1/1/2019 	3346461	205.00	8.00	9.41	22.25	99094.30	337709	0	WinnieSzeto	
3133	0:55:56	1/1/2019 	3348996	798.00	52.00	22.68	22.24	99093.23	146575	1	WinnieSzeto	
3134	0:55:56	1/1/2019 	3349105	970.00	215.00	46.82	22.24	99093.06	1852	1	WinnieSzeto	
3135	0:55:56	1/1/2019 	3349609	882.00	90.00	28.09	22.24	99092.53	49829	0	WinnieSzeto	
3136	0:55:59	1/1/2019 	3351929	972.00	514.00	88.73	22.24	99091.36	98600	1	WinnieSzeto	
3137	0:56:00	1/1/2019 	3353693	783.00	36.00	21.00	22.23	99090.61	100419	1	WinnieSzeto	
3138	0:56:03	1/1/2019 	3356367	128.00	8.00	7.38	22.23	99089.42	97812	0	WinnieSzeto	
3139	0:56:06	1/1/2019 	3359725	971.00	323.00	60.99	22.23	99087.22	193768	0	WinnieSzeto	
3140	0:56:09	1/1/2019 	3362291	726.00	16.00	16.99	22.22	99085.68	98598	0	WinnieSzeto	
3141	0:56:12	1/1/2019 	3365750	150.00	7.00	8.01	22.22	99085.14	193769	0	WinnieSzeto	
3142	0:56:14	1/1/2019 	3367581	668.00	10.00	14.91	22.22	99084.80	97812	0	WinnieSzeto	
3143	0:56:17	1/1/2019 	3370783	103.00	7.00	6.67	22.21	99083.39	148398	0	WinnieSzeto	
3144	0:56:18	1/1/2019 	3371378	1017.00	346.00	65.15	22.21	99083.39	2639	1	WinnieSzeto	
3145	0:56:18	1/1/2019 	3371474	411.00	7.00	12.14	22.21	99083.39	1851	0	WinnieSzeto	
3146	0:56:22	1/1/2019 	3375227	205.00	8.00	9.41	22.21	99082.51	193766	0	WinnieSzeto	
3147	0:56:23	1/1/2019 	3376805	158.00	8.00	8.24	22.20	99081.81	97805	0	WinnieSzeto	
3148	0:56:29	1/1/2019 	3382166	824.00	57.00	23.26	22.20	99081.06	241743	1	WinnieSzeto	
3149	0:56:30	1/1/2019 	3383700	431.00	8.00	12.35	22.20	99080.36	101191	0	WinnieSzeto	
3150	0:56:32	1/1/2019 	3385222	264.00	8.00	10.53	22.19	99080.01	49829	0	WinnieSzeto	
3151	0:56:35	1/1/2019 	3388549	977.00	643.00	114.95	22.19	99078.96	193765	1	WinnieSzeto	
3152	0:56:35	1/1/2019 	3388712	212.00	7.00	9.55	22.19	99078.96	1851	0	WinnieSzeto	
3153	0:56:42	1/1/2019 	3394964	802.00	45.00	22.01	22.18	99077.38	289718	0	WinnieSzeto	
3154	0:56:47	1/1/2019 	3399931	945.00	153.00	39.76	22.18	99076.30	242531	1	WinnieSzeto	
3155	0:56:50	1/1/2019 	3402895	446.00	8.00	12.46	22.17	99075.25	149183	0	WinnieSzeto	
3156	0:56:50	1/1/2019 	3402945	919.00	129.00	35.63	22.17	99075.25	1849	1	WinnieSzeto	
3157	0:56:53	1/1/2019 	3406664	812.00	50.00	22.52	22.17	99073.52	193761	0	WinnieSzeto	
3158	0:56:59	1/1/2019 	3411964	926.00	145.00	38.47	22.16	99071.48	241744	1	WinnieSzeto	
3159	0:56:59	1/1/2019 	3412102	88.00	7.00	6.30	22.16	99071.16	2639	0	WinnieSzeto	
3160	0:57:05	1/1/2019 	3418275	100.00	7.00	6.59	22.15	99069.36	289718	0	WinnieSzeto	
3161	0:57:12	1/1/2019 	3425042	766.00	25.00	19.30	22.14	99067.12	340308	0	WinnieSzeto	
3162	0:57:19	1/1/2019 	3432347	578.00	8.00	13.58	22.13	99064.02	338487	0	WinnieSzeto	
3163	0:57:20	1/1/2019 	3433382	193.00	9.00	9.15	22.13	99063.31	50618	1	WinnieSzeto	
3164	0:57:23	1/1/2019 	3436379	730.00	16.00	17.00	22.13	99062.14	145785	1	WinnieSzeto	
3165	0:57:27	1/1/2019 	3439945	734.00	17.00	17.31	22.12	99060.91	193761	0	WinnieSzeto	
3166	0:57:31	1/1/2019 	3444020	77.00	7.00	6.08	22.12	99059.34	194552	0	WinnieSzeto	
3167	0:57:34	1/1/2019 	3447429	969.00	289.00	55.33	22.11	99057.64	148623	0	WinnieSzeto	
3168	0:57:38	1/1/2019 	3451554	77.00	8.00	6.08	22.11	99056.09	241744	0	WinnieSzeto	
3169	0:57:40	1/1/2019 	3453625	372.00	7.00	11.82	22.11	99055.27	98592	0	WinnieSzeto	
3170	0:57:45	1/1/2019 	3458158	82.00	7.00	6.17	22.10	99053.98	193766	0	WinnieSzeto	
3171	0:57:46	1/1/2019 	3459165	375.00	8.00	11.91	22.10	99053.64	49830	0	WinnieSzeto	
3172	0:57:47	1/1/2019 	3459992	101.00	7.00	6.62	22.10	99053.48	49827	0	WinnieSzeto	
3173	0:57:48	1/1/2019 	3461318	146.00	7.00	7.90	22.10	99052.62	53236	0	WinnieSzeto	
3174	0:57:48	1/1/2019 	3461468	645.00	9.00	14.49	22.10	99052.62	1850	1	WinnieSzeto	
3175	0:57:50	1/1/2019 	3463444	445.00	8.00	12.45	22.09	99051.94	97805	0	WinnieSzeto	
3176	0:57:52	1/1/2019 	3464951	120.00	7.00	7.15	22.09	99051.62	97805	0	WinnieSzeto	
3177	0:57:52	1/1/2019 	3465726	189.00	8.00	9.04	22.09	99050.91	49828	0	WinnieSzeto	
3178	0:57:53	1/1/2019 	3466063	127.00	7.00	7.35	22.09	99050.91	1847	0	WinnieSzeto	
3179	0:57:54	1/1/2019 	3466917	912.00	123.00	34.48	22.09	99050.91	52414	0	WinnieSzeto	
3180	0:57:55	1/1/2019 	3468187	696.00	12.00	15.65	22.09	99050.54	49830	0	WinnieSzeto	
3181	0:57:55	1/1/2019 	3468363	796.00	42.00	21.69	22.09	99050.54	1851	0	WinnieSzeto	
3182	0:57:55	1/1/2019 	3468577	957.00	168.00	41.89	22.09	99050.54	49827	0	WinnieSzeto	
3183	0:57:58	1/1/2019 	3471115	458.00	8.00	12.54	22.09	99050.00	97806	0	WinnieSzeto	
3184	0:57:59	1/1/2019 	3472015	89.00	7.00	6.32	22.09	99049.67	50615	0	WinnieSzeto	
3185	0:58:01	1/1/2019 	3474634	942.00	151.00	39.45	22.08	99047.97	148395	0	WinnieSzeto	
3186	0:58:01	1/1/2019 	3474690	337.00	9.00	11.56	22.08	99047.97	1852	0	WinnieSzeto	
3187	0:58:05	1/1/2019 	3478021	114.00	8.00	6.98	22.08	99046.41	145784	0	WinnieSzeto	
3188	0:58:06	1/1/2019 	3478855	159.00	8.00	8.27	22.08	99046.23	49827	0	WinnieSzeto	
3189	0:58:08	1/1/2019 	3481264	356.00	8.00	11.72	22.08	99045.56	97806	0	WinnieSzeto	
3190	0:58:08	1/1/2019 	3481733	83.00	8.00	6.19	22.08	99045.73	50615	0	WinnieSzeto	
3191	0:58:12	1/1/2019 	3485109	685.00	10.00	14.94	22.07	99045.06	148618	0	WinnieSzeto	
3192	0:58:14	1/1/2019 	3487622	627.00	9.00	14.34	22.07	99044.31	145787	1	WinnieSzeto	
3193	0:58:23	1/1/2019 	3496471	167.00	7.00	8.48	22.06	99042.06	385674	0	WinnieSzeto	
3194	0:58:30	1/1/2019 	3503569	690.00	11.00	15.30	22.05	99039.61	386455	1	WinnieSzeto	
3195	0:58:30	1/1/2019 	3503621	808.00	56.00	23.11	22.05	99039.61	2639	1	WinnieSzeto	
3196	0:58:31	1/1/2019 	3504013	785.00	32.00	20.49	22.05	99039.23	4458	1	WinnieSzeto	
3197	0:58:32	1/1/2019 	3504911	875.00	91.00	28.24	22.05	99039.08	49826	1	WinnieSzeto	
3198	0:58:41	1/1/2019 	3514235	940.00	150.00	39.29	22.04	99035.95	433653	0	WinnieSzeto	
3199	0:58:42	1/1/2019 	3514815	566.00	9.00	13.59	22.04	99035.78	50618	0	WinnieSzeto	
3200	0:58:43	1/1/2019 	3515869	307.00	8.00	11.15	22.04	99035.78	49830	0	WinnieSzeto	
3201	0:58:45	1/1/2019 	3518334	960.00	211.00	46.46	22.03	99035.08	97806	1	WinnieSzeto	
3202	0:58:46	1/1/2019 	3518845	349.00	8.00	11.65	22.03	99034.70	52590	0	WinnieSzeto	
3203	0:58:52	1/1/2019 	3525152	165.00	7.00	8.42	22.02	99033.28	289715	0	WinnieSzeto	
3204	0:58:52	1/1/2019 	3525695	960.00	181.00	43.46	22.02	99032.96	50617	1	WinnieSzeto	
3205	0:58:53	1/1/2019 	3526122	214.00	8.00	9.60	22.02	99032.80	1850	0	WinnieSzeto	
3206	0:58:59	1/1/2019 	3532668	949.00	156.00	40.21	22.02	99031.38	337696	1	WinnieSzeto	
3207	0:59:00	1/1/2019 	3533773	981.00	641.00	114.35	22.01	99030.67	50623	0	WinnieSzeto	
3208	0:59:04	1/1/2019 	3537200	801.00	44.00	21.90	22.01	99029.31	148395	1	WinnieSzeto	
3209	0:59:08	1/1/2019 	3541468	267.00	8.00	10.57	22.01	99026.95	193765	0	WinnieSzeto	
3210	0:59:15	1/1/2019 	3548667	220.00	8.00	9.73	22.00	99024.53	386468	0	WinnieSzeto	
3211	0:59:16	1/1/2019 	3549425	744.00	19.00	17.88	22.00	99024.38	1851	0	WinnieSzeto	
3212	0:59:17	1/1/2019 	3550220	970.00	457.00	81.77	22.00	99024.38	49837	0	WinnieSzeto	
3213	0:59:20	1/1/2019 	3552946	928.00	146.00	38.64	21.99	99023.12	146586	0	WinnieSzeto	
3214	0:59:20	1/1/2019 	3553098	185.00	7.00	8.94	21.99	99023.12	4474	0	WinnieSzeto	
3215	0:59:26	1/1/2019 	3559584	973.00	558.00	95.93	21.98	99022.04	337700	1	WinnieSzeto	
3216	0:59:29	1/1/2019 	3562799	909.00	118.00	33.51	21.98	99021.29	146576	1	WinnieSzeto	
3217	0:59:31	1/1/2019 	3564760	918.00	128.00	35.44	21.98	99020.91	97811	1	WinnieSzeto	
3218	0:59:33	1/1/2019 	3566585	855.00	74.00	25.43	21.97	99020.73	97808	1	WinnieSzeto	
3219	0:59:33	1/1/2019 	3566619	105.00	7.00	6.72	21.97	99020.73	1851	0	WinnieSzeto	
3220	0:59:38	1/1/2019 	3570935	955.00	180.00	43.35	21.97	99019.81	196379	1	WinnieSzeto	
3221	0:59:39	1/1/2019 	3572651	593.00	8.00	13.75	21.97	99019.28	98597	0	WinnieSzeto	
3222	0:59:42	1/1/2019 	3575270	527.00	8.00	13.05	21.96	99018.42	97806	0	WinnieSzeto	
3223	0:59:51	1/1/2019 	3584017	136.00	7.00	7.61	21.95	99014.56	433654	0	WinnieSzeto	
3224	0:59:51	1/1/2019 	3584062	92.00	8.00	6.39	21.95	99014.56	2642	0	WinnieSzeto	
3225	0:59:51	1/1/2019 	3584292	554.00	8.00	13.32	21.95	99014.56	1847	0	WinnieSzeto	
3226	0:59:52	1/1/2019 	3585034	97.00	7.00	6.51	21.94	99014.03	52441	0	WinnieSzeto	
3227	0:59:54	1/1/2019 	3587473	657.00	9.00	14.55	21.94	99013.33	97806	0	WinnieSzeto	
3228	0:59:58	1/1/2019 	3591500	344.00	8.00	11.60	21.94	99011.79	193763	0	WinnieSzeto	
3229	1:00:03	1/1/2019 	3596206	588.00	8.00	13.70	21.93	99010.70	242531	1	WinnieSzeto	
3230	1:00:03	1/1/2019 	3596215	188.00	7.00	9.01	21.93	99010.70	1850	0	WinnieSzeto	
3231	1:00:07	1/1/2019 	3600675	99.00	8.00	6.57	21.92	99008.95	241747	0	WinnieSzeto	
3232	1:00:09	1/1/2019 	3602567	340.00	8.00	11.55	21.92	99008.12	101202	0	WinnieSzeto	
3233	1:00:13	1/1/2019 	3606079	76.00	7.00	6.06	21.92	99006.75	145787	0	WinnieSzeto	
3234	1:00:21	1/1/2019 	3613858	282.00	7.00	10.77	21.91	99004.95	385671	0	WinnieSzeto	
3235	1:00:22	1/1/2019 	3614961	953.00	166.00	41.62	21.90	99004.25	50619	1	WinnieSzeto	
3236	1:00:22	1/1/2019 	3615342	971.00	330.00	62.25	21.90	99004.25	1852	1	WinnieSzeto	
3237	1:00:35	1/1/2019 	3627725	303.00	8.00	11.10	21.89	98999.42	625554	0	WinnieSzeto	
3238	1:00:35	1/1/2019 	3628104	144.00	7.00	7.84	21.89	98999.42	5397	0	WinnieSzeto	
3239	1:00:38	1/1/2019 	3630863	158.00	8.00	8.24	21.89	98998.58	145784	0	WinnieSzeto	
3240	1:00:42	1/1/2019 	3634911	174.00	8.00	8.67	21.88	98997.53	194551	0	WinnieSzeto	
3241	1:00:45	1/1/2019 	3638120	947.00	153.00	39.76	21.88	98996.62	145787	1	WinnieSzeto	
3242	1:00:46	1/1/2019 	3638954	856.00	75.00	25.58	21.88	98996.78	49836	0	WinnieSzeto	
3243	1:00:46	1/1/2019 	3639476	385.00	8.00	12.00	21.88	98996.62	1854	0	WinnieSzeto	
3244	1:00:51	1/1/2019 	3644548	186.00	7.00	8.96	21.87	98996.39	292330	0	WinnieSzeto	
3245	1:00:54	1/1/2019 	3647401	777.00	28.00	19.86	21.87	98995.64	98789	0	WinnieSzeto	
3246	1:00:55	1/1/2019 	3648625	257.00	7.00	10.39	21.87	98995.80	97808	0	WinnieSzeto	
3247	1:00:58	1/1/2019 	3651407	378.00	8.00	11.93	21.86	98995.09	97809	0	WinnieSzeto	
3248	1:00:58	1/1/2019 	3651602	425.00	8.00	12.31	21.86	98994.92	50615	0	WinnieSzeto	
3249	1:00:59	1/1/2019 	3652469	697.00	12.00	15.65	21.86	98994.72	1848	0	WinnieSzeto	
3250	1:01:01	1/1/2019 	3654330	164.00	7.00	8.40	21.86	98994.02	100569	1	WinnieSzeto	
3251	1:01:04	1/1/2019 	3657308	968.00	282.00	54.30	21.85	98992.66	145788	1	WinnieSzeto	
3252	1:01:05	1/1/2019 	3658298	178.00	7.00	8.76	21.85	98992.50	49831	0	WinnieSzeto	
3253	1:01:05	1/1/2019 	3658348	101.00	7.00	6.62	21.85	98992.50	1851	0	WinnieSzeto	
3254	1:01:06	1/1/2019 	3659247	769.00	26.00	19.49	21.85	98992.29	49829	0	WinnieSzeto	
3255	1:01:06	1/1/2019 	3659636	184.00	7.00	8.91	21.85	98992.29	49830	0	WinnieSzeto	
3256	1:01:15	1/1/2019 	3668695	276.00	7.00	10.69	21.84	98988.64	437053	1	WinnieSzeto	
3257	1:01:16	1/1/2019 	3669329	813.00	61.00	23.67	21.83	98988.11	1852	1	WinnieSzeto	
3258	1:01:22	1/1/2019 	3674843	433.00	8.00	12.37	21.83	98986.90	289715	0	WinnieSzeto	
3259	1:01:22	1/1/2019 	3675137	256.00	7.00	10.37	21.83	98986.90	2642	1	WinnieSzeto	
3260	1:01:25	1/1/2019 	3678242	975.00	557.00	95.78	21.83	98989.52	145782	0	WinnieSzeto	
3261	1:01:26	1/1/2019 	3679336	713.00	13.00	16.01	21.83	98988.65	49830	1	WinnieSzeto	
3262	1:01:31	1/1/2019 	3683892	736.00	21.00	18.35	21.83	98985.09	244353	1	WinnieSzeto	
3263	1:01:34	1/1/2019 	3687294	889.00	95.00	29.02	21.83	98987.62	146575	1	WinnieSzeto	
3264	1:01:39	1/1/2019 	3691907	796.00	37.00	21.15	21.84	98985.11	241741	1	WinnieSzeto	
3265	1:01:41	1/1/2019 	3694178	827.00	65.00	24.17	21.84	98984.34	98596	1	WinnieSzeto	
3266	1:01:43	1/1/2019 	3696079	811.00	54.00	22.92	21.85	98986.02	97810	0	WinnieSzeto	
3267	1:01:46	1/1/2019 	3699305	652.00	9.00	14.53	21.85	98994.30	148394	0	WinnieSzeto	
3268	1:01:49	1/1/2019 	3701816	958.00	174.00	42.64	21.86	99009.89	145785	1	WinnieSzeto	
3269	1:01:49	1/1/2019 	3702443	888.00	96.00	29.20	21.86	99013.48	2645	1	WinnieSzeto	
3270	1:01:54	1/1/2019 	3707151	794.00	38.00	21.26	21.87	99056.70	241737	1	WinnieSzeto	
3271	1:01:58	1/1/2019 	3710846	867.00	84.00	27.01	21.88	99095.81	193766	1	WinnieSzeto	
3272	1:01:59	1/1/2019 	3712260	699.00	12.00	15.65	21.88	99103.22	50618	1	WinnieSzeto	
3273	1:02:04	1/1/2019 	3717337	510.00	8.00	12.91	21.90	99085.95	244501	0	WinnieSzeto	
3274	1:02:06	1/1/2019 	3719421	906.00	114.00	32.72	21.90	99064.33	97807	0	WinnieSzeto	
3275	1:02:17	1/1/2019 	3730397	978.00	776.00	138.86	21.93	98887.55	529618	0	WinnieSzeto	
3276	1:02:18	1/1/2019 	3730938	614.00	8.00	13.98	21.93	98880.03	50619	0	WinnieSzeto	
3277	1:02:18	1/1/2019 	3731169	972.00	294.00	56.10	21.93	98872.50	1849	0	WinnieSzeto	
3278	1:02:18	1/1/2019 	3731257	919.00	128.00	35.44	21.93	98872.50	1851	1	WinnieSzeto	
3279	1:02:20	1/1/2019 	3733497	160.00	8.00	8.30	21.92	98838.08	100411	0	WinnieSzeto	
3280	1:02:21	1/1/2019 	3733860	916.00	131.00	36.00	21.93	98829.78	49827	1	WinnieSzeto	
3281	1:02:22	1/1/2019 	3734988	965.00	279.00	53.87	21.93	98815.86	49829	0	WinnieSzeto	
3282	1:02:23	1/1/2019 	3735751	976.00	445.00	80.36	21.92	98809.44	49830	1	WinnieSzeto	
3283	1:02:26	1/1/2019 	3739106	955.00	176.00	42.88	21.91	98759.62	145789	1	WinnieSzeto	
3284	1:02:28	1/1/2019 	3741660	109.00	7.00	6.83	21.88	98709.15	145791	0	WinnieSzeto	
3285	1:02:29	1/1/2019 	3741726	960.00	177.00	43.00	21.88	98709.15	5258	1	WinnieSzeto	
3286	1:02:36	1/1/2019 	3749630	960.00	198.00	45.23	21.80	98585.42	385682	0	WinnieSzeto	
3287	1:02:36	1/1/2019 	3749670	722.00	14.00	16.36	21.80	98585.42	2640	0	WinnieSzeto	
3288	1:02:39	1/1/2019 	3751859	626.00	9.00	14.33	21.78	98577.00	97808	1	WinnieSzeto	
3289	1:02:41	1/1/2019 	3753775	974.00	428.00	78.25	21.75	98578.77	97809	1	WinnieSzeto	
3290	1:02:41	1/1/2019 	3754317	821.00	56.00	23.14	21.75	98578.00	1853	1	WinnieSzeto	
3291	1:02:46	1/1/2019 	3759675	962.00	283.00	54.44	21.70	98559.73	292329	0	WinnieSzeto	
3292	1:02:47	1/1/2019 	3760046	801.00	49.00	22.40	21.69	98556.98	2639	0	WinnieSzeto	
3293	1:02:48	1/1/2019 	3761002	925.00	138.00	37.27	21.68	98552.91	49830	0	WinnieSzeto	
3294	1:02:49	1/1/2019 	3762243	202.00	8.00	9.34	21.67	98548.94	49829	0	WinnieSzeto	
3295	1:02:49	1/1/2019 	3762328	76.00	8.00	6.07	21.67	98548.94	1848	0	WinnieSzeto	
3296	1:02:49	1/1/2019 	3762613	759.00	22.00	18.65	21.66	98547.90	49827	0	WinnieSzeto	
3297	1:02:50	1/1/2019 	3763479	196.00	7.00	9.20	21.65	98547.30	4610	1	WinnieSzeto	
3298	1:02:51	1/1/2019 	3763824	397.00	8.00	12.10	21.65	98546.42	49829	0	WinnieSzeto	
3299	1:02:51	1/1/2019 	3764695	97.00	8.00	6.52	21.64	98545.19	49827	0	WinnieSzeto	
3300	1:02:53	1/1/2019 	3766042	927.00	145.00	38.47	21.63	98541.38	49829	1	WinnieSzeto	
3301	1:02:54	1/1/2019 	3766760	959.00	220.00	47.28	21.62	98539.97	49834	1	WinnieSzeto	
3302	1:02:54	1/1/2019 	3766913	716.00	14.00	16.35	21.62	98539.97	1852	1	WinnieSzeto	
3303	1:02:59	1/1/2019 	3772204	771.00	28.00	19.85	21.58	98531.59	244331	1	WinnieSzeto	
3304	1:03:02	1/1/2019 	3775334	906.00	113.00	32.53	21.55	98516.17	146569	1	WinnieSzeto	
3305	1:03:05	1/1/2019 	3778418	319.00	8.00	11.31	21.53	98503.11	145783	0	WinnieSzeto	
3306	1:03:08	1/1/2019 	3780748	962.00	244.00	49.61	21.52	98494.55	145780	1	WinnieSzeto	
3307	1:03:09	1/1/2019 	3781800	670.00	10.00	14.92	21.51	98490.49	50622	1	WinnieSzeto	
3308	1:03:10	1/1/2019 	3782783	604.00	8.00	13.88	21.50	98486.48	49829	1	WinnieSzeto	
3309	1:03:12	1/1/2019 	3784842	915.00	126.00	35.06	21.49	98479.75	100419	0	WinnieSzeto	
3310	1:03:14	1/1/2019 	3787710	690.00	11.00	15.30	21.47	98471.31	145783	1	WinnieSzeto	
3311	1:03:15	1/1/2019 	3788258	542.00	8.00	13.19	21.47	98469.58	1852	1	WinnieSzeto	
3312	1:03:16	1/1/2019 	3788944	963.00	238.00	49.00	21.46	98468.09	49826	0	WinnieSzeto	
3313	1:03:21	1/1/2019 	3793942	381.00	8.00	11.96	21.44	98456.45	241734	0	WinnieSzeto	
3314	1:03:22	1/1/2019 	3794827	723.00	15.00	16.68	21.43	98453.69	53222	0	WinnieSzeto	
3315	1:03:24	1/1/2019 	3797713	880.00	91.00	28.26	21.42	98447.62	145781	0	WinnieSzeto	
3316	1:03:25	1/1/2019 	3798105	733.00	18.00	17.58	21.41	98446.27	1857	0	WinnieSzeto	
3317	1:03:27	1/1/2019 	3800358	94.00	7.00	6.44	21.40	98441.38	97806	0	WinnieSzeto	
3318	1:03:28	1/1/2019 	3801291	965.00	335.00	63.15	21.40	98439.64	50620	1	WinnieSzeto	
3319	1:03:32	1/1/2019 	3805338	711.00	13.00	16.01	21.38	98430.05	193764	0	WinnieSzeto	
3320	1:03:33	1/1/2019 	3806652	573.00	8.00	13.53	21.37	98427.84	100643	1	WinnieSzeto	
3321	1:03:39	1/1/2019 	3812382	967.00	417.00	76.78	21.35	98416.98	241734	1	WinnieSzeto	
3322	1:03:46	1/1/2019 	3819476	783.00	30.00	20.20	21.31	98401.39	338487	0	WinnieSzeto	
3323	1:03:47	1/1/2019 	3819797	119.00	7.00	7.12	21.31	98400.08	49829	0	WinnieSzeto	
3324	1:03:47	1/1/2019 	3820717	441.00	8.00	12.42	21.31	98399.05	50616	1	WinnieSzeto	
3325	1:03:48	1/1/2019 	3821397	919.00	133.00	36.37	21.30	98396.48	1849	0	WinnieSzeto	
3326	1:03:49	1/1/2019 	3821940	227.00	8.00	9.87	21.30	98395.30	52437	0	WinnieSzeto	
3327	1:03:50	1/1/2019 	3823402	736.00	17.00	17.31	21.29	98393.11	49827	0	WinnieSzeto	
3328	1:03:50	1/1/2019 	3823703	619.00	9.00	14.25	21.29	98392.08	49828	1	WinnieSzeto	
3329	1:03:52	1/1/2019 	3825117	584.00	9.00	13.82	21.29	98389.87	49827	0	WinnieSzeto	
3330	1:03:52	1/1/2019 	3825621	972.00	326.00	61.53	21.28	98388.88	49831	1	WinnieSzeto	
3331	1:03:54	1/1/2019 	3826796	951.00	160.00	40.80	21.28	98386.82	49834	1	WinnieSzeto	
3332	1:03:54	1/1/2019 	3827638	941.00	148.00	38.97	21.27	98384.62	52418	1	WinnieSzeto	
3333	1:03:56	1/1/2019 	3829672	978.00	739.00	132.78	21.26	98379.91	97810	1	WinnieSzeto	
3334	1:03:59	1/1/2019 	3832679	126.00	7.00	7.32	21.25	98374.84	146575	0	WinnieSzeto	
3335	1:04:00	1/1/2019 	3833487	860.00	78.00	26.03	21.25	98372.82	1851	1	WinnieSzeto	
3336	1:04:02	1/1/2019 	3835133	593.00	8.00	13.75	21.24	98370.28	97807	0	WinnieSzeto	
3337	1:04:02	1/1/2019 	3835179	253.00	8.00	10.34	21.24	98370.28	1848	0	WinnieSzeto	
3338	1:04:03	1/1/2019 	3836075	688.00	11.00	15.29	21.24	98369.42	52435	0	WinnieSzeto	
3339	1:04:04	1/1/2019 	3837193	959.00	216.00	46.92	21.24	98367.75	49829	1	WinnieSzeto	
3340	1:04:11	1/1/2019 	3844248	541.00	8.00	13.18	21.21	98355.38	337700	1	WinnieSzeto	
3341	1:04:13	1/1/2019 	3845862	838.00	69.00	24.70	21.20	98352.98	98596	1	WinnieSzeto	
3342	1:04:13	1/1/2019 	3846608	874.00	85.00	27.20	21.20	98352.81	49830	1	WinnieSzeto	
3343	1:04:14	1/1/2019 	3847307	268.00	7.00	10.56	21.20	98351.59	1851	0	WinnieSzeto	
3344	1:04:15	1/1/2019 	3848066	966.00	352.00	66.24	21.19	98351.08	52587	1	WinnieSzeto	
3345	1:04:16	1/1/2019 	3849309	981.00	663.00	118.96	21.19	98350.20	49831	0	WinnieSzeto	
3346	1:04:17	1/1/2019 	3850584	796.00	44.00	21.89	21.19	98349.50	97807	1	WinnieSzeto	
3347	1:04:17	1/1/2019 	3850639	963.00	172.00	42.40	21.18	98348.99	2640	1	WinnieSzeto	
3348	1:04:20	1/1/2019 	3852754	125.00	7.00	7.29	21.18	98347.22	97804	1	WinnieSzeto	
3349	1:04:21	1/1/2019 	3853772	922.00	133.00	36.37	21.17	98346.36	49829	1	WinnieSzeto	
3350	1:04:21	1/1/2019 	3854202	719.00	14.00	16.35	21.17	98346.02	4460	0	WinnieSzeto	
3351	1:04:23	1/1/2019 	3856334	743.00	18.00	17.61	21.16	98343.76	97805	0	WinnieSzeto	
3352	1:04:24	1/1/2019 	3856786	86.00	8.00	6.26	21.16	98343.44	49828	0	WinnieSzeto	
3353	1:04:24	1/1/2019 	3856848	71.00	7.00	5.99	21.16	98343.44	1848	0	WinnieSzeto	
3354	1:04:24	1/1/2019 	3857008	899.00	104.00	30.75	21.16	98343.44	1849	1	WinnieSzeto	
3355	1:04:24	1/1/2019 	3857137	973.00	386.00	72.13	21.16	98343.44	1850	0	WinnieSzeto	
3356	1:04:24	1/1/2019 	3857426	983.00	627.00	111.17	21.16	98342.76	4589	0	WinnieSzeto	
3357	1:04:24	1/1/2019 	3857441	976.00	434.00	79.02	21.16	98342.76	1851	1	WinnieSzeto	
3358	1:04:25	1/1/2019 	3858692	564.00	8.00	13.43	21.16	98341.06	97804	0	WinnieSzeto	
3359	1:04:26	1/1/2019 	3858985	909.00	119.00	33.70	21.16	98340.73	1848	1	WinnieSzeto	
3360	1:04:26	1/1/2019 	3859026	886.00	93.00	28.64	21.16	98340.73	1852	0	WinnieSzeto	
3361	1:04:28	1/1/2019 	3860991	965.00	286.00	54.88	21.15	98339.34	97803	1	WinnieSzeto	
3362	1:04:28	1/1/2019 	3861335	974.00	464.00	82.58	21.15	98338.67	5260	1	WinnieSzeto	
3363	1:04:31	1/1/2019 	3863978	908.00	113.00	32.53	21.14	98336.72	145782	1	WinnieSzeto	
3364	1:04:32	1/1/2019 	3865256	899.00	108.00	31.53	21.14	98335.69	49830	1	WinnieSzeto	
3365	1:04:32	1/1/2019 	3865462	848.00	67.00	24.47	21.14	98335.69	1852	0	WinnieSzeto	
3366	1:04:32	1/1/2019 	3865569	395.00	8.00	12.08	21.13	98335.32	49826	0	WinnieSzeto	
3367	1:04:35	1/1/2019 	3867767	845.00	70.00	24.85	21.13	98333.92	97803	1	WinnieSzeto	
3368	1:04:35	1/1/2019 	3868467	700.00	12.00	15.65	21.13	98332.27	4590	1	WinnieSzeto	
3369	1:04:35	1/1/2019 	3868639	70.00	7.00	5.98	21.13	98332.27	49826	0	WinnieSzeto	
3370	1:04:36	1/1/2019 	3869627	741.00	18.00	17.60	21.12	98330.92	49827	0	WinnieSzeto	
3371	1:04:40	1/1/2019 	3872871	795.00	48.00	22.28	21.11	98324.22	146570	0	WinnieSzeto	
3372	1:04:41	1/1/2019 	3874346	899.00	107.00	31.34	21.11	98322.20	49829	1	WinnieSzeto	
3373	1:04:42	1/1/2019 	3874854	712.00	13.00	16.01	21.11	98321.39	52438	0	WinnieSzeto	
3374	1:04:42	1/1/2019 	3874908	977.00	527.00	90.64	21.11	98321.39	1852	1	WinnieSzeto	
3375	1:04:43	1/1/2019 	3875773	759.00	21.00	18.42	21.10	98319.05	49828	1	WinnieSzeto	
3376	1:04:43	1/1/2019 	3875776	913.00	120.00	33.91	21.10	98319.05	1851	0	WinnieSzeto	
3377	1:04:43	1/1/2019 	3876685	771.00	26.00	19.50	21.10	98317.20	49828	0	WinnieSzeto	
3378	1:04:46	1/1/2019 	3879092	979.00	681.00	122.79	21.10	98312.70	97806	1	WinnieSzeto	
3379	1:04:46	1/1/2019 	3879566	513.00	9.00	13.03	21.10	98311.72	52567	0	WinnieSzeto	
3380	1:04:46	1/1/2019 	3879635	682.00	11.00	15.28	21.10	98311.72	2638	1	WinnieSzeto	
3381	1:04:50	1/1/2019 	3883335	878.00	85.00	27.21	21.09	98304.05	145784	0	WinnieSzeto	
3382	1:04:51	1/1/2019 	3883994	837.00	66.00	24.32	21.08	98302.86	49830	1	WinnieSzeto	
3383	1:04:52	1/1/2019 	3885608	134.00	7.00	7.55	21.08	98300.06	97807	0	WinnieSzeto	
3384	1:04:54	1/1/2019 	3886938	958.00	168.00	41.89	21.08	98298.39	49829	1	WinnieSzeto	
3385	1:04:54	1/1/2019 	3887287	186.00	7.00	8.96	21.08	98297.39	4459	0	WinnieSzeto	
3386	1:04:55	1/1/2019 	3888473	791.00	37.00	21.14	21.07	98296.03	49827	0	WinnieSzeto	
3387	1:04:57	1/1/2019 	3890106	801.00	51.00	22.59	21.07	98293.19	97806	1	WinnieSzeto	
3388	1:04:58	1/1/2019 	3890760	884.00	91.00	28.27	21.07	98292.70	50621	1	WinnieSzeto	
3389	1:04:58	1/1/2019 	3890826	801.00	46.00	22.10	21.07	98292.70	1851	0	WinnieSzeto	
3390	1:04:59	1/1/2019 	3892292	963.00	253.00	50.58	21.06	98289.67	49827	1	WinnieSzeto	
3391	1:05:01	1/1/2019 	3893747	806.00	50.00	22.51	21.06	98287.83	100424	1	WinnieSzeto	
3392	1:05:01	1/1/2019 	3893933	706.00	12.00	15.66	21.06	98286.84	1853	0	WinnieSzeto	
3393	1:05:04	1/1/2019 	3896823	139.00	7.00	7.70	21.05	98282.12	145784	0	WinnieSzeto	
3394	1:05:04	1/1/2019 	3896856	944.00	154.00	39.91	21.05	98282.12	1858	1	WinnieSzeto	
3395	1:05:04	1/1/2019 	3897310	768.00	24.00	19.10	21.05	98281.47	1855	1	WinnieSzeto	
3396	1:05:06	1/1/2019 	3898769	834.00	68.00	24.56	21.05	98279.98	97804	1	WinnieSzeto	
3397	1:05:07	1/1/2019 	3899792	792.00	39.00	21.36	21.04	98277.77	52438	1	WinnieSzeto	
3398	1:05:13	1/1/2019 	3906660	667.00	10.00	14.91	21.03	98268.55	338490	0	WinnieSzeto	
3399	1:05:15	1/1/2019 	3908114	915.00	125.00	34.87	21.02	98266.83	49831	1	WinnieSzeto	
3400	1:05:16	1/1/2019 	3909435	967.00	334.00	62.97	21.02	98265.92	49829	0	WinnieSzeto	
3401	1:05:16	1/1/2019 	3909689	974.00	465.00	82.69	21.02	98265.92	49830	1	WinnieSzeto	
3402	1:05:18	1/1/2019 	3910792	816.00	57.00	23.24	21.01	98266.23	50617	1	WinnieSzeto	
3403	1:05:19	1/1/2019 	3912582	160.00	8.00	8.30	21.01	98266.30	100697	0	WinnieSzeto	
3404	1:05:19	1/1/2019 	3912681	938.00	146.00	38.64	21.01	98266.09	1849	1	WinnieSzeto	
3405	1:05:21	1/1/2019 	3913940	983.00	837.00	150.46	21.00	98265.43	49829	0	WinnieSzeto	
3406	1:05:21	1/1/2019 	3914291	785.00	28.00	19.88	21.00	98264.89	1852	0	WinnieSzeto	
3407	1:05:23	1/1/2019 	3916362	918.00	126.00	35.07	21.00	98263.52	97805	1	WinnieSzeto	
3408	1:05:25	1/1/2019 	3918004	866.00	77.00	25.90	20.99	98261.13	97806	1	WinnieSzeto	
3409	1:05:26	1/1/2019 	3919000	666.00	10.00	14.90	20.99	98260.59	52426	1	WinnieSzeto	
3410	1:05:27	1/1/2019 	3919777	803.00	46.00	22.11	20.98	98259.90	49829	0	WinnieSzeto	
3411	1:05:29	1/1/2019 	3922036	923.00	139.00	37.44	20.98	98256.52	98596	1	WinnieSzeto	
3412	1:05:30	1/1/2019 	3923366	980.00	686.00	124.01	20.97	98253.80	49830	1	WinnieSzeto	
3413	1:05:31	1/1/2019 	3923839	709.00	13.00	16.01	20.97	98252.83	49830	0	WinnieSzeto	
3414	1:05:31	1/1/2019 	3924217	683.00	10.00	14.94	20.97	98252.83	1852	1	WinnieSzeto	
3415	1:05:33	1/1/2019 	3926386	798.00	44.00	21.90	20.96	98248.60	109528	0	WinnieSzeto	
3416	1:05:37	1/1/2019 	3929860	724.00	15.00	16.68	20.95	98242.58	193763	1	WinnieSzeto	
3417	1:05:37	1/1/2019 	3930039	902.00	103.00	30.57	20.95	98242.58	2640	1	WinnieSzeto	
3418	1:05:40	1/1/2019 	3932926	551.00	8.00	13.29	20.94	98238.48	145780	1	WinnieSzeto	
3419	1:05:41	1/1/2019 	3934623	265.00	8.00	10.54	20.94	98235.97	97803	1	WinnieSzeto	
3420	1:05:42	1/1/2019 	3935708	799.00	50.00	22.49	20.93	98235.27	49827	1	WinnieSzeto	
3421	1:05:42	1/1/2019 	3935842	197.00	7.00	9.22	20.93	98235.27	4634	0	WinnieSzeto	
3422	1:05:43	1/1/2019 	3936175	963.00	268.00	52.39	20.93	98234.94	1849	1	WinnieSzeto	
3423	1:05:43	1/1/2019 	3936216	966.00	193.00	44.74	20.93	98234.94	1852	0	WinnieSzeto	
3424	1:05:44	1/1/2019 	3937243	88.00	7.00	6.30	20.93	98233.27	49827	0	WinnieSzeto	
3425	1:05:51	1/1/2019 	3944824	860.00	78.00	26.03	20.91	98224.01	385665	0	WinnieSzeto	
3426	1:05:53	1/1/2019 	3946402	601.00	8.00	13.84	20.91	98223.64	53123	0	WinnieSzeto	
3427	1:05:54	1/1/2019 	3947549	79.00	7.00	6.12	20.90	98222.76	97801	0	WinnieSzeto	
3428	1:05:57	1/1/2019 	3950615	762.00	24.00	19.09	20.90	98221.03	145782	0	WinnieSzeto	
3429	1:06:03	1/1/2019 	3956449	444.00	8.00	12.44	20.88	98219.19	242466	0	WinnieSzeto	
3430	1:06:09	1/1/2019 	3962567	964.00	284.00	54.59	20.87	98220.33	337692	1	WinnieSzeto	
3431	1:06:15	1/1/2019 	3968079	454.00	8.00	12.51	20.86	98217.52	242466	0	WinnieSzeto	
3432	1:06:15	1/1/2019 	3968654	574.00	8.00	13.54	20.86	98217.52	52470	0	WinnieSzeto	
3433	1:06:16	1/1/2019 	3969116	69.00	7.00	5.96	20.86	98217.52	1847	1	WinnieSzeto	
3434	1:06:17	1/1/2019 	3970270	920.00	133.00	36.37	20.86	98220.25	49829	1	WinnieSzeto	
3435	1:06:17	1/1/2019 	3970553	975.00	447.00	80.61	20.86	98220.25	50557	0	WinnieSzeto	
3436	1:06:17	1/1/2019 	3970585	914.00	122.00	34.29	20.86	98220.25	1851	1	WinnieSzeto	
3437	1:06:18	1/1/2019 	3971569	768.00	23.00	18.89	20.86	98223.19	49826	1	WinnieSzeto	
3438	1:06:22	1/1/2019 	3975833	752.00	20.00	18.16	20.85	98222.76	196370	0	WinnieSzeto	
3439	1:06:24	1/1/2019 	3977849	843.00	68.00	24.58	20.85	98217.48	97808	1	WinnieSzeto	
3440	1:06:25	1/1/2019 	3978017	947.00	153.00	39.76	20.85	98215.69	1852	0	WinnieSzeto	
3441	1:06:27	1/1/2019 	3980045	926.00	138.00	37.27	20.84	98209.55	97807	1	WinnieSzeto	
3442	1:06:27	1/1/2019 	3980767	131.00	7.00	7.47	20.84	98205.81	50558	1	WinnieSzeto	
3443	1:06:28	1/1/2019 	3981169	784.00	28.00	19.88	20.84	98205.81	1849	1	WinnieSzeto	
3444	1:06:31	1/1/2019 	3984656	96.00	8.00	6.49	20.83	98195.66	196366	0	WinnieSzeto	
3445	1:06:34	1/1/2019 	3987177	896.00	106.00	31.13	20.83	98192.22	97805	0	WinnieSzeto	
3446	1:06:34	1/1/2019 	3987809	948.00	152.00	39.60	20.82	98191.03	49829	1	WinnieSzeto	
3447	1:06:36	1/1/2019 	3989071	154.00	8.00	8.13	20.82	98187.88	49832	0	WinnieSzeto	
3448	1:06:36	1/1/2019 	3989814	933.00	140.00	37.63	20.82	98186.53	49831	1	WinnieSzeto	
3449	1:06:37	1/1/2019 	3990476	728.00	16.00	17.00	20.82	98185.71	2578	1	WinnieSzeto	
3450	1:06:37	1/1/2019 	3990669	710.00	13.00	16.01	20.82	98185.71	52437	1	WinnieSzeto	
3451	1:06:42	1/1/2019 	3995132	172.00	7.00	8.61	20.81	98178.17	193760	0	WinnieSzeto	
3452	1:06:43	1/1/2019 	3995985	909.00	118.00	33.51	20.81	98177.19	49828	0	WinnieSzeto	
3453	1:06:43	1/1/2019 	3996281	811.00	46.00	22.12	20.80	98176.03	1851	1	WinnieSzeto	
3454	1:06:46	1/1/2019 	3999773	855.00	78.00	26.02	20.80	98171.67	193762	1	WinnieSzeto	
3455	1:06:48	1/1/2019 	4001189	894.00	99.00	29.78	20.79	98169.70	50557	1	WinnieSzeto	
3456	1:06:48	1/1/2019 	4001738	970.00	300.00	57.06	20.79	98169.16	52437	1	WinnieSzeto	
3457	1:06:50	1/1/2019 	4003178	200.00	8.00	9.30	20.79	98167.66	49829	0	WinnieSzeto	
3458	1:06:53	1/1/2019 	4005898	970.00	457.00	81.77	20.78	98163.80	145785	1	WinnieSzeto	
3459	1:06:56	1/1/2019 	4009808	657.00	9.00	14.55	20.78	98158.96	193766	0	WinnieSzeto	
3460	1:06:58	1/1/2019 	4011684	715.00	14.00	16.35	20.77	98155.80	98535	0	WinnieSzeto	
3461	1:07:03	1/1/2019 	4016669	102.00	8.00	6.65	20.76	98151.70	241742	0	WinnieSzeto	
3462	1:07:06	1/1/2019 	4019587	931.00	145.00	38.47	20.76	98150.84	148373	1	WinnieSzeto	
3463	1:07:06	1/1/2019 	4019632	974.00	312.00	59.07	20.76	98150.84	2580	1	WinnieSzeto	
3464	1:07:10	1/1/2019 	4023843	89.00	7.00	6.32	20.75	98144.33	193760	0	WinnieSzeto	
3465	1:07:13	1/1/2019 	4026434	544.00	8.00	13.21	20.74	98139.78	97806	0	WinnieSzeto	
3466	1:07:15	1/1/2019 	4028460	874.00	86.00	27.37	20.73	98135.43	97804	1	WinnieSzeto	
3467	1:07:16	1/1/2019 	4029737	138.00	8.00	7.67	20.73	98133.92	97807	0	WinnieSzeto	
3468	1:07:18	1/1/2019 	4031617	887.00	95.00	29.01	20.72	98131.41	101347	0	WinnieSzeto	
3469	1:07:19	1/1/2019 	4032234	774.00	27.00	19.69	20.72	98130.55	1852	1	WinnieSzeto	
3470	1:07:19	1/1/2019 	4032848	713.00	13.00	16.01	20.72	98129.06	49831	1	WinnieSzeto	
3471	1:07:21	1/1/2019 	4034305	895.00	103.00	30.55	20.72	98128.04	49828	0	WinnieSzeto	
3472	1:07:22	1/1/2019 	4035321	844.00	69.00	24.71	20.71	98126.51	49830	1	WinnieSzeto	
3473	1:07:22	1/1/2019 	4035439	865.00	81.00	26.52	20.71	98126.51	1851	1	WinnieSzeto	
3474	1:07:22	1/1/2019 	4035822	240.00	8.00	10.11	20.71	98125.48	52416	0	WinnieSzeto	
3475	1:07:25	1/1/2019 	4038241	461.00	8.00	12.56	20.70	98122.72	97807	0	WinnieSzeto	
3476	1:07:28	1/1/2019 	4041389	968.00	319.00	60.28	20.69	98119.42	145791	1	WinnieSzeto	
3477	1:07:30	1/1/2019 	4043363	410.00	8.00	12.20	20.68	98115.55	98538	1	WinnieSzeto	
3478	1:07:31	1/1/2019 	4043999	934.00	147.00	38.81	20.67	98114.36	49830	1	WinnieSzeto	
3479	1:07:31	1/1/2019 	4044414	975.00	346.00	65.15	20.67	98114.36	1852	0	WinnieSzeto	
3480	1:07:34	1/1/2019 	4047436	757.00	22.00	18.65	20.66	98106.16	148403	0	WinnieSzeto	
3481	1:07:35	1/1/2019 	4048589	620.00	9.00	14.26	20.66	98103.32	97813	1	WinnieSzeto	
3482	1:07:36	1/1/2019 	4049075	781.00	29.00	20.04	20.65	98101.97	1852	1	WinnieSzeto	
3483	1:07:36	1/1/2019 	4049758	965.00	220.00	47.28	20.65	98101.64	49833	0	WinnieSzeto	
3484	1:07:37	1/1/2019 	4050093	974.00	607.00	106.47	20.65	98101.11	2578	1	WinnieSzeto	
3485	1:07:40	1/1/2019 	4053587	901.00	110.00	31.93	20.64	98101.44	196383	1	WinnieSzeto	
3486	1:07:45	1/1/2019 	4058307	855.00	75.00	25.57	20.62	98104.89	193773	1	WinnieSzeto	
3487	1:07:48	1/1/2019 	4061466	948.00	154.00	39.91	20.61	98103.27	145789	1	WinnieSzeto	
3488	1:07:48	1/1/2019 	4061648	660.00	9.00	14.57	20.61	98102.45	50558	1	WinnieSzeto	
3489	1:07:53	1/1/2019 	4066832	778.00	28.00	19.87	20.59	98087.28	241750	1	WinnieSzeto	
3490	1:07:57	1/1/2019 	4070307	837.00	61.00	23.72	20.57	98064.89	145790	1	WinnieSzeto	
3491	1:07:57	1/1/2019 	4070803	823.00	60.00	23.58	20.56	98060.27	53398	1	WinnieSzeto	
3492	1:07:59	1/1/2019 	4072167	856.00	77.00	25.87	20.55	98047.21	49830	1	WinnieSzeto	
3493	1:08:03	1/1/2019 	4076012	977.00	686.00	124.01	20.53	98025.14	193771	1	WinnieSzeto	
3494	1:08:03	1/1/2019 	4076580	564.00	8.00	13.43	20.52	98022.81	49832	0	WinnieSzeto	
3495	1:08:08	1/1/2019 	4081802	309.00	8.00	11.18	20.48	98008.81	241746	0	WinnieSzeto	
3496	1:08:10	1/1/2019 	4083400	773.00	27.00	19.68	20.47	98013.44	50555	0	WinnieSzeto	
3497	1:08:11	1/1/2019 	4084615	964.00	286.00	54.88	20.47	98018.77	100421	1	WinnieSzeto	
3498	1:08:14	1/1/2019 	4087832	288.00	9.00	10.92	20.46	98040.34	145791	0	WinnieSzeto	
3499	1:08:17	1/1/2019 	4090642	962.00	210.00	46.37	20.46	98064.55	145794	1	WinnieSzeto	
3500	1:08:19	1/1/2019 	4092224	699.00	12.00	15.65	20.47	98081.45	50560	0	WinnieSzeto	
3501	1:08:19	1/1/2019 	4092702	400.00	8.00	12.12	20.47	98087.70	49831	0	WinnieSzeto	
3502	1:08:19	1/1/2019 	4092723	824.00	58.00	23.36	20.47	98087.70	1849	1	WinnieSzeto	
3503	1:08:20	1/1/2019 	4093040	681.00	10.00	14.94	20.47	98087.70	4459	0	WinnieSzeto	
3504	1:08:22	1/1/2019 	4094964	582.00	9.00	13.79	20.48	98116.25	97810	1	WinnieSzeto	
3505	1:08:25	1/1/2019 	4098638	702.00	12.00	15.66	20.51	98159.30	193773	1	WinnieSzeto	
3506	1:08:28	1/1/2019 	4101632	205.00	8.00	9.41	20.54	98198.46	145795	0	WinnieSzeto	
3507	1:08:31	1/1/2019 	4103969	962.00	197.00	45.14	20.57	98223.16	98539	1	WinnieSzeto	
3508	1:08:32	1/1/2019 	4105217	893.00	101.00	30.16	20.58	98235.31	49832	0	WinnieSzeto	
3509	1:08:34	1/1/2019 	4107816	121.00	7.00	7.18	20.62	98264.11	148425	0	WinnieSzeto	
3510	1:08:39	1/1/2019 	4112219	902.00	109.00	31.73	20.68	98311.75	193775	0	WinnieSzeto	
3511	1:08:40	1/1/2019 	4113832	927.00	140.00	37.62	20.70	98327.24	98541	1	WinnieSzeto	
3512	1:08:42	1/1/2019 	4115474	969.00	345.00	64.97	20.72	98341.22	49833	0	WinnieSzeto	
3513	1:08:43	1/1/2019 	4116357	972.00	514.00	88.73	20.73	98346.72	49834	0	WinnieSzeto	
3514	1:08:45	1/1/2019 	4118681	972.00	562.00	96.71	20.75	98371.25	145795	0	WinnieSzeto	
3515	1:08:46	1/1/2019 	4118921	87.00	7.00	6.28	20.76	98378.38	4380	0	WinnieSzeto	
3516	1:08:50	1/1/2019 	4123201	911.00	114.00	32.73	20.80	98429.33	193778	1	WinnieSzeto	
3517	1:08:59	1/1/2019 	4132291	917.00	127.00	35.25	20.88	98486.57	434404	1	WinnieSzeto	
3518	1:09:01	1/1/2019 	4134010	958.00	175.00	42.76	20.89	98482.28	98540	0	WinnieSzeto	
3519	1:09:02	1/1/2019 	4135403	957.00	177.00	43.00	20.90	98472.10	49833	0	WinnieSzeto	
3520	1:09:08	1/1/2019 	4141819	917.00	132.00	36.18	20.88	98400.33	337713	1	WinnieSzeto	
3521	1:09:10	1/1/2019 	4143484	917.00	127.00	35.25	20.87	98375.44	53317	1	WinnieSzeto	
3522	1:09:11	1/1/2019 	4144648	965.00	338.00	63.70	20.85	98358.58	97812	1	WinnieSzeto	
3523	1:09:12	1/1/2019 	4145570	536.00	8.00	13.14	20.84	98341.06	49834	1	WinnieSzeto	
3524	1:09:13	1/1/2019 	4145958	784.00	30.00	20.20	20.83	98332.48	1848	0	WinnieSzeto	
3525	1:09:15	1/1/2019 	4148048	849.00	67.00	24.47	20.80	98300.83	97811	1	WinnieSzeto	
3526	1:09:15	1/1/2019 	4148195	310.00	8.00	11.19	20.80	98300.83	4355	0	WinnieSzeto	
3527	1:09:16	1/1/2019 	4149640	623.00	9.00	14.30	20.79	98285.42	97809	1	WinnieSzeto	
3528	1:09:19	1/1/2019 	4152591	894.00	97.00	29.41	20.74	98244.30	146518	0	WinnieSzeto	
3529	1:09:21	1/1/2019 	4153915	794.00	33.00	20.65	20.72	98232.94	49832	1	WinnieSzeto	
3530	1:09:22	1/1/2019 	4155110	625.00	9.00	14.32	20.70	98221.25	49832	0	WinnieSzeto	
3531	1:09:22	1/1/2019 	4155614	137.00	7.00	7.64	20.69	98214.39	49830	0	WinnieSzeto	
3532	1:09:22	1/1/2019 	4155783	961.00	175.00	42.76	20.69	98214.39	4376	1	WinnieSzeto	
3533	1:09:24	1/1/2019 	4157152	127.00	8.00	7.35	20.66	98196.52	49832	0	WinnieSzeto	
3534	1:09:24	1/1/2019 	4157447	139.00	8.00	7.70	20.66	98196.52	1848	0	WinnieSzeto	
3535	1:09:24	1/1/2019 	4157846	828.00	52.00	22.75	20.66	98191.67	49826	0	WinnieSzeto	
3536	1:09:27	1/1/2019 	4160423	925.00	135.00	36.74	20.61	98170.10	97811	0	WinnieSzeto	
3537	1:09:28	1/1/2019 	4161297	968.00	365.00	68.56	20.60	98165.55	50560	0	WinnieSzeto	
3538	1:09:32	1/1/2019 	4165630	459.00	8.00	12.54	20.53	98127.03	244342	0	WinnieSzeto	
3539	1:09:34	1/1/2019 	4167582	906.00	113.00	32.53	20.49	98106.75	97807	1	WinnieSzeto	
3540	1:09:35	1/1/2019 	4168356	132.00	8.00	7.50	20.48	98102.84	1851	0	WinnieSzeto	
3541	1:09:35	1/1/2019 	4168459	976.00	385.00	71.97	20.48	98102.84	1849	1	WinnieSzeto	
3542	1:09:38	1/1/2019 	4170871	961.00	237.00	48.90	20.44	98093.88	145791	0	WinnieSzeto	
3543	1:09:38	1/1/2019 	4171179	170.00	8.00	8.56	20.44	98093.88	2585	0	WinnieSzeto	
3544	1:09:38	1/1/2019 	4171780	941.00	150.00	39.29	20.43	98093.09	52440	1	WinnieSzeto	
3545	1:09:41	1/1/2019 	4174369	727.00	15.00	16.69	20.39	98082.61	97810	0	WinnieSzeto	
3546	1:09:41	1/1/2019 	4174470	408.00	8.00	12.18	20.39	98082.61	1851	0	WinnieSzeto	
3547	1:09:41	1/1/2019 	4174823	80.00	8.00	6.14	20.38	98080.19	49827	0	WinnieSzeto	
3548	1:09:43	1/1/2019 	4176768	780.00	30.00	20.19	20.37	98072.59	97807	0	WinnieSzeto	
3549	1:09:43	1/1/2019 	4176835	800.00	45.00	22.00	20.37	98072.59	1851	1	WinnieSzeto	
3550	1:09:44	1/1/2019 	4177470	961.00	236.00	48.80	20.35	98067.02	4439	0	WinnieSzeto	
3551	1:09:45	1/1/2019 	4178709	968.00	224.00	47.65	20.34	98060.36	97812	1	WinnieSzeto	
3552	1:09:46	1/1/2019 	4179620	924.00	140.00	37.62	20.34	98056.52	49833	1	WinnieSzeto	
3553	1:09:47	1/1/2019 	4180433	966.00	302.00	57.39	20.33	98050.16	2579	0	WinnieSzeto	
3554	1:09:47	1/1/2019 	4180839	924.00	133.00	36.38	20.32	98047.33	49831	1	WinnieSzeto	
3555	1:09:48	1/1/2019 	4181128	874.00	86.00	27.37	20.32	98047.33	1850	0	WinnieSzeto	
3556	1:09:49	1/1/2019 	4182294	959.00	212.00	46.55	20.31	98042.12	52422	1	WinnieSzeto	
3557	1:09:49	1/1/2019 	4182314	972.00	236.00	48.80	20.31	98042.12	1859	0	WinnieSzeto	
3558	1:09:51	1/1/2019 	4184285	961.00	233.00	48.51	20.30	98032.72	97816	1	WinnieSzeto	
3559	1:09:56	1/1/2019 	4189703	559.00	8.00	13.37	20.26	98014.85	289726	0	WinnieSzeto	
3560	1:09:56	1/1/2019 	4189829	739.00	16.00	17.02	20.26	98014.85	2576	0	WinnieSzeto	
3561	1:09:57	1/1/2019 	4190446	709.00	13.00	16.01	20.25	98012.81	1847	1	WinnieSzeto	
3562	1:09:59	1/1/2019 	4192638	686.00	11.00	15.29	20.24	98006.72	148423	1	WinnieSzeto	
3563	1:10:01	1/1/2019 	4194151	673.00	10.00	14.93	20.23	98002.66	49832	0	WinnieSzeto	
3564	1:10:02	1/1/2019 	4194977	234.00	8.00	10.00	20.22	98000.97	49830	0	WinnieSzeto	
3565	1:10:04	1/1/2019 	4197806	669.00	10.00	14.91	20.21	97993.83	145788	1	WinnieSzeto	
3566	1:10:06	1/1/2019 	4199729	886.00	93.00	28.64	20.19	97989.73	97810	1	WinnieSzeto	
3567	1:10:07	1/1/2019 	4200427	94.00	7.00	6.44	20.19	97988.86	2577	0	WinnieSzeto	
3568	1:10:08	1/1/2019 	4201163	108.00	8.00	6.81	20.19	97988.17	52438	0	WinnieSzeto	
3569	1:10:08	1/1/2019 	4201491	800.00	37.00	21.16	20.18	97986.97	1850	0	WinnieSzeto	
3570	1:10:08	1/1/2019 	4201573	448.00	8.00	12.47	20.18	97986.97	49830	1	WinnieSzeto	
3571	1:10:10	1/1/2019 	4203047	541.00	8.00	13.18	20.17	97983.73	49827	1	WinnieSzeto	
3572	1:10:10	1/1/2019 	4203468	83.00	8.00	6.19	20.17	97983.73	1848	0	WinnieSzeto	
3573	1:10:13	1/1/2019 	4205916	218.00	8.00	9.69	20.16	97977.98	145786	0	WinnieSzeto	
3574	1:10:13	1/1/2019 	4206143	128.00	8.00	7.38	20.16	97977.98	4435	1	WinnieSzeto	
3575	1:10:13	1/1/2019 	4206487	284.00	8.00	10.83	20.16	97976.95	1846	0	WinnieSzeto	
3576	1:10:14	1/1/2019 	4207176	916.00	124.00	34.68	20.15	97976.05	49827	0	WinnieSzeto	
3577	1:10:15	1/1/2019 	4207970	781.00	30.00	20.19	20.15	97974.71	49830	1	WinnieSzeto	
3578	1:10:15	1/1/2019 	4208469	688.00	11.00	15.29	20.14	97974.17	1851	0	WinnieSzeto	
3579	1:10:16	1/1/2019 	4208936	884.00	92.00	28.45	20.14	97974.17	49831	0	WinnieSzeto	
3580	1:10:21	1/1/2019 	4214711	892.00	101.00	30.15	20.12	97965.42	292316	1	WinnieSzeto	
3581	1:10:22	1/1/2019 	4215815	981.00	658.00	118.18	20.11	97964.22	50560	1	WinnieSzeto	
3582	1:10:24	1/1/2019 	4217557	94.00	8.00	6.44	20.10	97962.80	97810	0	WinnieSzeto	
3583	1:10:29	1/1/2019 	4222556	953.00	169.00	42.02	20.08	97955.48	241751	1	WinnieSzeto	
3584	1:10:30	1/1/2019 	4223729	782.00	30.00	20.19	20.08	97954.41	50559	0	WinnieSzeto	
3585	1:10:31	1/1/2019 	4223968	907.00	117.00	33.31	20.08	97954.41	1851	1	WinnieSzeto	
3586	1:10:32	1/1/2019 	4225138	764.00	23.00	18.88	20.07	97952.84	52441	1	WinnieSzeto	
3587	1:10:32	1/1/2019 	4225760	888.00	91.00	28.29	20.07	97952.30	49832	1	WinnieSzeto	
3588	1:10:33	1/1/2019 	4225923	81.00	7.00	6.15	20.07	97952.30	1849	0	WinnieSzeto	
3589	1:10:33	1/1/2019 	4226025	931.00	143.00	38.14	20.07	97952.30	1849	0	WinnieSzeto	
3590	1:10:33	1/1/2019 	4226812	907.00	117.00	33.31	20.06	97950.94	49831	1	WinnieSzeto	
3591	1:10:34	1/1/2019 	4227435	882.00	90.00	28.09	20.06	97950.45	4439	0	WinnieSzeto	
3592	1:10:34	1/1/2019 	4227439	666.00	10.00	14.90	20.06	97950.45	1852	1	WinnieSzeto	
3593	1:10:35	1/1/2019 	4228465	785.00	32.00	20.49	20.06	97948.92	49830	1	WinnieSzeto	
3594	1:10:41	1/1/2019 	4234325	897.00	106.00	31.13	20.03	97942.38	289730	0	WinnieSzeto	
3595	1:10:41	1/1/2019 	4234704	465.00	8.00	12.58	20.03	97941.84	50563	0	WinnieSzeto	
3596	1:10:42	1/1/2019 	4235734	965.00	296.00	56.42	20.03	97940.97	49827	1	WinnieSzeto	
3597	1:10:46	1/1/2019 	4240098	775.00	31.00	20.33	20.01	97937.00	196382	1	WinnieSzeto	
3598	1:10:46	1/1/2019 	4240249	718.00	13.00	16.01	20.01	97937.00	2578	1	WinnieSzeto	
3599	1:10:47	1/1/2019 	4240414	424.00	8.00	12.30	20.01	97937.00	1851	0	WinnieSzeto	
3600	1:10:48	1/1/2019 	4242320	534.00	8.00	13.12	20.00	97934.78	97808	0	WinnieSzeto	
3601	1:10:51	1/1/2019 	4244955	166.00	8.00	8.46	20.00	97932.53	145790	0	WinnieSzeto	
3602	1:10:52	1/1/2019 	4246165	554.00	9.00	13.45	19.99	97931.00	49828	0	WinnieSzeto	
3603	1:10:53	1/1/2019 	4246580	165.00	8.00	8.43	19.99	97930.51	52441	0	WinnieSzeto	
3604	1:10:53	1/1/2019 	4247229	542.00	8.00	13.19	19.99	97929.65	1848	1	WinnieSzeto	
3605	1:10:55	1/1/2019 	4249122	278.00	8.00	10.75	19.98	97927.45	97809	0	WinnieSzeto	
3606	1:10:59	1/1/2019 	4252817	976.00	580.00	100.40	19.97	97924.83	193771	1	WinnieSzeto	
3607	1:11:00	1/1/2019 	4253935	964.00	296.00	56.42	19.97	97923.30	50559	1	WinnieSzeto	
3608	1:11:03	1/1/2019 	4256741	763.00	24.00	19.09	19.96	97919.39	145792	0	WinnieSzeto	
3609	1:11:05	1/1/2019 	4258460	779.00	29.00	20.03	19.95	97917.47	52439	1	WinnieSzeto	
3610	1:11:06	1/1/2019 	4259675	965.00	285.00	54.73	19.95	97916.64	97814	1	WinnieSzeto	
3611	1:11:06	1/1/2019 	4259784	914.00	115.00	32.94	19.95	97916.64	2578	0	WinnieSzeto	
3612	1:11:07	1/1/2019 	4260932	783.00	29.00	20.04	19.94	97915.41	49831	0	WinnieSzeto	
3613	1:11:09	1/1/2019 	4262611	839.00	70.00	24.83	19.94	97913.58	97809	1	WinnieSzeto	
3614	1:11:09	1/1/2019 	4262996	964.00	175.00	42.76	19.94	97913.09	1852	1	WinnieSzeto	
3615	1:11:10	1/1/2019 	4263697	921.00	135.00	36.73	19.93	97912.23	52438	1	WinnieSzeto	
3616	1:11:12	1/1/2019 	4265894	952.00	158.00	40.51	19.93	97909.81	97811	1	WinnieSzeto	
3617	1:11:12	1/1/2019 	4266241	692.00	14.00	16.26	19.93	97909.66	1853	0	WinnieSzeto	
3618	1:11:13	1/1/2019 	4266719	619.00	8.00	14.03	19.92	97908.82	49830	0	WinnieSzeto	
3619	1:11:15	1/1/2019 	4269237	853.00	77.00	25.86	19.92	97906.89	97806	1	WinnieSzeto	
3620	1:11:19	1/1/2019 	4272632	958.00	194.00	44.84	19.91	97904.22	193767	1	WinnieSzeto	
3621	1:11:21	1/1/2019 	4274595	919.00	134.00	36.55	19.91	97902.02	101353	1	WinnieSzeto	
3622	1:11:24	1/1/2019 	4278148	87.00	8.00	6.28	19.90	97897.81	145786	0	WinnieSzeto	
3623	1:11:26	1/1/2019 	4280270	968.00	312.00	59.07	19.89	97895.63	97804	1	WinnieSzeto	
3624	1:11:27	1/1/2019 	4280684	707.00	13.00	16.00	19.89	97895.14	50559	0	WinnieSzeto	
3625	1:11:27	1/1/2019 	4281284	770.00	26.00	19.50	19.89	97894.29	1851	1	WinnieSzeto	
3626	1:11:29	1/1/2019 	4282877	842.00	65.00	24.20	19.89	97892.94	97809	1	WinnieSzeto	
3627	1:11:29	1/1/2019 	4283290	732.00	17.00	17.30	19.89	97892.94	4460	1	WinnieSzeto	
3628	1:11:32	1/1/2019 	4286001	95.00	8.00	6.47	19.88	97894.74	145791	0	WinnieSzeto	
3629	1:11:33	1/1/2019 	4287088	123.00	8.00	7.24	19.87	97895.52	49828	0	WinnieSzeto	
3630	1:11:34	1/1/2019 	4288240	862.00	79.00	26.19	19.87	97895.63	49828	1	WinnieSzeto	
3631	1:11:35	1/1/2019 	4288660	800.00	47.00	22.20	19.87	97895.95	49830	1	WinnieSzeto	
3632	1:11:35	1/1/2019 	4289305	105.00	8.00	6.73	19.87	97896.27	1851	0	WinnieSzeto	
3633	1:11:36	1/1/2019 	4289930	831.00	63.00	23.94	19.87	97896.39	52415	1	WinnieSzeto	
3634	1:11:38	1/1/2019 	4291397	801.00	42.00	21.70	19.86	97895.05	50558	0	WinnieSzeto	
3635	1:11:41	1/1/2019 	4294389	765.00	24.00	19.10	19.86	97887.91	145789	0	WinnieSzeto	
3636	1:11:42	1/1/2019 	4296200	582.00	8.00	13.63	19.85	97881.12	97810	1	WinnieSzeto	
3637	1:11:51	1/1/2019 	4304460	653.00	9.00	14.54	19.81	97849.46	385687	1	WinnieSzeto	
3638	1:11:52	1/1/2019 	4305497	647.00	9.00	14.50	19.81	97849.09	50557	0	WinnieSzeto	
3639	1:11:54	1/1/2019 	4307574	970.00	458.00	81.91	19.80	97852.32	148401	1	WinnieSzeto	
3640	1:11:56	1/1/2019 	4309896	253.00	8.00	10.34	19.79	97866.89	97812	1	WinnieSzeto	
3641	1:11:58	1/1/2019 	4311366	853.00	75.00	25.57	19.79	97884.50	50557	1	WinnieSzeto	
3642	1:12:00	1/1/2019 	4313474	983.00	891.00	164.82	19.80	97914.08	97812	1	WinnieSzeto	
3643	1:12:03	1/1/2019 	4316802	238.00	8.00	10.08	19.82	97966.07	193771	0	WinnieSzeto	
3644	1:12:03	1/1/2019 	4316830	827.00	63.00	23.93	19.82	97966.07	1849	1	WinnieSzeto	
3645	1:12:08	1/1/2019 	4321596	968.00	291.00	55.64	19.86	98039.30	244363	1	WinnieSzeto	
3646	1:12:09	1/1/2019 	4322425	777.00	28.00	19.86	19.87	98056.97	2579	0	WinnieSzeto	
3647	1:12:10	1/1/2019 	4324298	885.00	94.00	28.82	19.90	98083.79	97812	1	WinnieSzeto	
3648	1:12:12	1/1/2019 	4326142	930.00	145.00	38.47	19.93	98117.58	97811	1	WinnieSzeto	
3649	1:12:14	1/1/2019 	4328079	251.00	8.00	10.31	19.96	98142.11	97812	0	WinnieSzeto	
3650	1:12:20	1/1/2019 	4334101	669.00	10.00	14.91	20.07	98224.31	292334	0	WinnieSzeto	
3651	1:12:25	1/1/2019 	4338336	970.00	510.00	88.19	20.15	98275.75	194499	0	WinnieSzeto	
3652	1:12:28	1/1/2019 	4341853	894.00	103.00	30.54	20.20	98309.03	193774	0	WinnieSzeto	
3653	1:12:32	1/1/2019 	4346139	810.00	58.00	23.33	20.27	98348.82	194502	0	WinnieSzeto	
3654	1:12:37	1/1/2019 	4350685	792.00	40.00	21.47	20.34	98384.16	241750	1	WinnieSzeto	
3655	1:12:38	1/1/2019 	4352300	203.00	8.00	9.37	20.37	98396.28	50559	0	WinnieSzeto	
3656	1:12:39	1/1/2019 	4353005	425.00	9.00	12.38	20.37	98400.15	52435	0	WinnieSzeto	
3657	1:12:39	1/1/2019 	4353057	453.00	8.00	12.50	20.37	98400.15	1851	0	WinnieSzeto	
3658	1:12:43	1/1/2019 	4356562	924.00	141.00	37.79	20.42	98424.44	193765	1	WinnieSzeto	
3659	1:12:45	1/1/2019 	4359149	905.00	109.00	31.74	20.45	98436.56	97813	1	WinnieSzeto	
3660	1:12:50	1/1/2019 	4363617	963.00	306.00	58.05	20.50	98460.17	241754	1	WinnieSzeto	
3661	1:12:56	1/1/2019 	4370206	696.00	11.00	15.30	20.56	98491.68	290457	0	WinnieSzeto	
3662	1:12:59	1/1/2019 	4372895	79.00	7.00	6.12	20.59	98505.36	149332	0	WinnieSzeto	
3663	1:13:00	1/1/2019 	4374009	138.00	7.00	7.67	20.60	98510.39	49830	0	WinnieSzeto	
3664	1:13:04	1/1/2019 	4377913	594.00	8.00	13.77	20.63	98527.89	193769	0	WinnieSzeto	
3665	1:13:08	1/1/2019 	4382077	953.00	155.00	40.06	20.67	98546.11	193768	0	WinnieSzeto	
3666	1:13:10	1/1/2019 	4383912	787.00	30.00	20.20	20.68	98552.66	98538	0	WinnieSzeto	
3667	1:13:11	1/1/2019 	4384440	895.00	99.00	29.79	20.69	98554.68	1852	1	WinnieSzeto	
3668	1:13:11	1/1/2019 	4384841	119.00	8.00	7.12	20.69	98556.84	52421	0	WinnieSzeto	
3669	1:13:12	1/1/2019 	4385786	925.00	140.00	37.62	20.69	98558.88	49831	1	WinnieSzeto	
3670	1:13:13	1/1/2019 	4387238	894.00	98.00	29.59	20.70	98564.61	49838	0	WinnieSzeto	
3671	1:13:16	1/1/2019 	4389680	970.00	509.00	88.04	20.72	98572.36	145792	1	WinnieSzeto	
3672	1:13:21	1/1/2019 	4394891	930.00	144.00	38.31	20.76	98588.94	242474	1	WinnieSzeto	
3673	1:13:23	1/1/2019 	4396719	132.00	7.00	7.49	20.77	98593.64	97809	0	WinnieSzeto	
3674	1:13:23	1/1/2019 	4396893	227.00	8.00	9.87	20.77	98593.64	4459	0	WinnieSzeto	
3675	1:13:23	1/1/2019 	4397152	170.00	8.00	8.56	20.77	98594.99	1847	0	WinnieSzeto	
3676	1:13:24	1/1/2019 	4398126	970.00	455.00	81.54	20.78	98598.05	49825	0	WinnieSzeto	
3677	1:13:25	1/1/2019 	4398409	734.00	13.00	16.01	20.78	98598.05	1851	0	WinnieSzeto	
3678	1:13:26	1/1/2019 	4399325	148.00	8.00	7.96	20.78	98600.91	49829	0	WinnieSzeto	
3679	1:13:27	1/1/2019 	4400744	120.00	7.00	7.15	20.79	98604.12	97810	0	WinnieSzeto	
3680	1:13:29	1/1/2019 	4402346	158.00	7.00	8.23	20.80	98608.37	53376	0	WinnieSzeto	
3681	1:13:32	1/1/2019 	4405614	706.00	12.00	15.66	20.82	98616.48	193768	1	WinnieSzeto	
3682	1:13:35	1/1/2019 	4408884	249.00	8.00	10.28	20.83	98623.41	145789	0	WinnieSzeto	
3683	1:13:40	1/1/2019 	4413799	73.00	8.00	6.02	20.86	98635.22	241743	0	WinnieSzeto	
3684	1:13:40	1/1/2019 	4413951	849.00	71.00	24.99	20.86	98635.22	2580	1	WinnieSzeto	
3685	1:13:44	1/1/2019 	4417823	969.00	312.00	59.07	20.87	98643.97	193766	1	WinnieSzeto	
3686	1:13:46	1/1/2019 	4420019	94.00	8.00	6.44	20.88	98648.99	100427	0	WinnieSzeto	
3687	1:13:48	1/1/2019 	4421983	956.00	181.00	43.46	20.89	98654.01	98532	1	WinnieSzeto	
3688	1:13:49	1/1/2019 	4422601	192.00	8.00	9.11	20.89	98655.52	49831	0	WinnieSzeto	
3689	1:13:49	1/1/2019 	4422796	429.00	8.00	12.34	20.89	98655.52	1848	0	WinnieSzeto	
3690	1:13:50	1/1/2019 	4423556	970.00	406.00	75.23	20.89	98658.19	49828	0	WinnieSzeto	
3691	1:14:04	1/1/2019 	4438125	635.00	9.00	14.41	20.94	98695.28	673558	0	WinnieSzeto	
3692	1:14:05	1/1/2019 	4438866	967.00	306.00	58.05	20.94	98696.62	53399	0	WinnieSzeto	
3693	1:14:07	1/1/2019 	4441268	736.00	17.00	17.31	20.94	98701.44	97816	0	WinnieSzeto	
3694	1:14:13	1/1/2019 	4446764	804.00	51.00	22.60	20.96	98712.98	290455	1	WinnieSzeto	
3695	1:14:16	1/1/2019 	4449642	145.00	8.00	7.87	20.97	98719.52	145786	0	WinnieSzeto	
3696	1:14:16	1/1/2019 	4449735	147.00	8.00	7.93	20.97	98719.52	2575	0	WinnieSzeto	
3697	1:14:17	1/1/2019 	4451257	510.00	8.00	12.91	20.98	98722.69	49825	0	WinnieSzeto	
3698	1:14:21	1/1/2019 	4454931	835.00	62.00	23.83	20.98	98727.89	196595	1	WinnieSzeto	
3699	1:14:24	1/1/2019 	4457736	160.00	8.00	8.30	20.99	98732.41	145783	0	WinnieSzeto	
3700	1:14:27	1/1/2019 	4460817	87.00	8.00	6.28	21.00	98737.28	145781	0	WinnieSzeto	
3701	1:14:28	1/1/2019 	4461770	160.00	8.00	8.30	21.00	98738.96	50553	0	WinnieSzeto	
3702	1:14:32	1/1/2019 	4465562	539.00	8.00	13.16	21.01	98743.98	193761	1	WinnieSzeto	
3703	1:14:33	1/1/2019 	4466356	719.00	14.00	16.35	21.01	98746.03	1849	0	WinnieSzeto	
3704	1:14:39	1/1/2019 	4473200	91.00	8.00	6.37	21.03	98756.22	340308	1	WinnieSzeto	
3705	1:14:42	1/1/2019 	4475713	866.00	82.00	26.68	21.04	98759.64	146514	1	WinnieSzeto	
3706	1:14:44	1/1/2019 	4477926	869.00	81.00	26.53	21.04	98762.45	97806	1	WinnieSzeto	
3707	1:14:45	1/1/2019 	4478792	167.00	8.00	8.48	21.04	98763.31	49828	0	WinnieSzeto	
3708	1:14:46	1/1/2019 	4480073	859.00	78.00	26.03	21.05	98765.00	49825	1	WinnieSzeto	
3709	1:14:50	1/1/2019 	4484212	733.00	16.00	17.01	21.06	98769.41	194485	0	WinnieSzeto	
3710	1:14:52	1/1/2019 	4485377	108.00	7.00	6.81	21.06	98770.22	52661	0	WinnieSzeto	
3711	1:14:53	1/1/2019 	4486355	120.00	8.00	7.15	21.06	98771.41	49827	0	WinnieSzeto	
3712	1:14:58	1/1/2019 	4491969	534.00	8.00	13.12	21.07	98777.30	289713	0	WinnieSzeto	
3713	1:15:01	1/1/2019 	4495222	963.00	263.00	51.76	21.08	98780.67	146512	1	WinnieSzeto	
3714	1:15:02	1/1/2019 	4495585	103.00	7.00	6.67	21.08	98781.34	49830	0	WinnieSzeto	
3715	1:15:04	1/1/2019 	4497472	793.00	36.00	21.03	21.08	98783.36	52438	0	WinnieSzeto	
3716	1:15:05	1/1/2019 	4498837	235.00	8.00	10.02	21.08	98784.52	97807	0	WinnieSzeto	
3717	1:15:06	1/1/2019 	4500162	980.00	778.00	138.70	21.09	98786.58	49829	1	WinnieSzeto	
3718	1:15:15	1/1/2019 	4508590	957.00	170.00	42.15	21.11	98795.34	434392	0	WinnieSzeto	
3719	1:15:16	1/1/2019 	4510038	147.00	8.00	7.93	21.11	98796.86	49831	0	WinnieSzeto	
3720	1:15:20	1/1/2019 	4513759	69.00	8.00	5.97	21.12	98799.92	194488	0	WinnieSzeto	
3721	1:15:20	1/1/2019 	4514259	601.00	9.00	14.04	21.12	98800.08	4610	0	WinnieSzeto	
3722	1:15:27	1/1/2019 	4520393	796.00	48.00	22.28	21.13	98806.14	289717	0	WinnieSzeto	
3723	1:15:37	1/1/2019 	4530571	619.00	9.00	14.25	21.14	98815.22	530346	0	WinnieSzeto	
3724	1:15:37	1/1/2019 	4530804	921.00	125.00	34.88	21.14	98815.22	2578	1	WinnieSzeto	
3725	1:15:37	1/1/2019 	4531006	571.00	8.00	13.50	21.15	98816.09	1850	0	WinnieSzeto	
3726	1:15:42	1/1/2019 	4534650	651.00	9.00	14.53	21.15	98819.42	193765	1	WinnieSzeto	
3727	1:15:42	1/1/2019 	4535309	106.00	7.00	6.75	21.15	98820.29	4460	0	WinnieSzeto	
3728	1:15:46	1/1/2019 	4538772	840.00	69.00	24.71	21.16	98823.83	193764	1	WinnieSzeto	
3729	1:15:46	1/1/2019 	4539441	975.00	298.00	56.74	21.16	98824.33	1852	0	WinnieSzeto	
3730	1:15:47	1/1/2019 	4540642	366.00	8.00	11.82	21.16	98825.48	97805	0	WinnieSzeto	
3731	1:15:48	1/1/2019 	4541021	749.00	19.00	17.89	21.16	98825.81	2576	1	WinnieSzeto	
3732	1:15:49	1/1/2019 	4541873	805.00	52.00	22.70	21.16	98826.14	49829	0	WinnieSzeto	
3733	1:15:52	1/1/2019 	4545108	949.00	153.00	39.76	21.17	98829.88	148647	0	WinnieSzeto	
3734	1:15:53	1/1/2019 	4546575	666.00	10.00	14.90	21.17	98830.88	97817	1	WinnieSzeto	
3735	1:15:54	1/1/2019 	4546745	182.00	8.00	8.87	21.17	98830.88	1857	0	WinnieSzeto	
3736	1:15:54	1/1/2019 	4547568	967.00	220.00	47.28	21.17	98831.20	49832	1	WinnieSzeto	
3737	1:15:57	1/1/2019 	4549770	793.00	41.00	21.58	21.18	98833.59	97811	0	WinnieSzeto	
3738	1:15:58	1/1/2019 	4550754	898.00	104.00	30.75	21.18	98834.78	50557	1	WinnieSzeto	
3739	1:15:58	1/1/2019 	4551060	909.00	111.00	32.14	21.18	98835.11	4461	1	WinnieSzeto	
3740	1:15:58	1/1/2019 	4551264	330.00	8.00	11.44	21.18	98835.11	1850	0	WinnieSzeto	
3741	1:16:01	1/1/2019 	4554426	583.00	9.00	13.81	21.19	98837.79	145786	0	WinnieSzeto	
3742	1:16:03	1/1/2019 	4555756	77.00	8.00	6.08	21.19	98838.48	97810	0	WinnieSzeto	
3743	1:16:03	1/1/2019 	4556249	961.00	185.00	43.91	21.19	98838.81	1849	1	WinnieSzeto	
3744	1:16:07	1/1/2019 	4560391	798.00	42.00	21.70	21.20	98841.52	193769	0	WinnieSzeto	
3745	1:16:08	1/1/2019 	4561226	816.00	59.00	23.45	21.20	98842.22	53389	1	WinnieSzeto	
3746	1:16:09	1/1/2019 	4562208	545.00	8.00	13.22	21.20	98842.38	49833	0	WinnieSzeto	
3747	1:16:10	1/1/2019 	4563001	925.00	138.00	37.27	21.20	98842.75	49833	0	WinnieSzeto	
3748	1:16:13	1/1/2019 	4566589	553.00	9.00	13.44	21.21	98845.47	193768	0	WinnieSzeto	
3749	1:16:21	1/1/2019 	4574057	891.00	98.00	29.58	21.22	98849.89	337701	1	WinnieSzeto	
3750	1:16:24	1/1/2019 	4577229	746.00	18.00	17.61	21.22	98852.44	146516	1	WinnieSzeto	
3751	1:16:27	1/1/2019 	4580244	444.00	8.00	12.44	21.23	98854.17	148418	0	WinnieSzeto	
3752	1:16:31	1/1/2019 	4584019	956.00	176.00	42.88	21.24	98856.41	194492	1	WinnieSzeto	
3753	1:16:32	1/1/2019 	4584805	75.00	8.00	6.05	21.24	98856.73	49831	0	WinnieSzeto	
3754	1:16:33	1/1/2019 	4585650	75.00	8.00	6.05	21.24	98857.06	49827	0	WinnieSzeto	
3755	1:16:34	1/1/2019 	4587190	909.00	117.00	33.32	21.24	98858.73	49828	0	WinnieSzeto	
3756	1:16:34	1/1/2019 	4587465	895.00	101.00	30.17	21.24	98858.89	1852	0	WinnieSzeto	
3757	1:16:37	1/1/2019 	4589663	721.00	9.00	14.44	21.24	98859.55	148546	0	WinnieSzeto	
3758	1:16:48	1/1/2019 	4601586	85.00	7.00	6.23	21.26	98867.92	578312	0	WinnieSzeto	
3759	1:16:48	1/1/2019 	4601602	970.00	316.00	59.76	21.26	98867.92	2578	1	WinnieSzeto	
3760	1:16:49	1/1/2019 	4601679	447.00	8.00	12.46	21.26	98867.92	1851	0	WinnieSzeto	
3761	1:16:49	1/1/2019 	4602078	95.00	7.00	6.46	21.26	98868.25	1849	0	WinnieSzeto	
3762	1:16:52	1/1/2019 	4604993	857.00	75.00	25.58	21.27	98869.33	145786	1	WinnieSzeto	
3763	1:16:59	1/1/2019 	4612041	956.00	174.00	42.64	21.28	98872.89	340310	1	WinnieSzeto	
3764	1:16:59	1/1/2019 	4612403	694.00	11.00	15.30	21.28	98873.06	2580	0	WinnieSzeto	
3765	1:17:03	1/1/2019 	4616350	925.00	140.00	37.62	21.28	98874.95	193766	1	WinnieSzeto	
3766	1:17:10	1/1/2019 	4623170	797.00	48.00	22.29	21.29	98877.56	337695	1	WinnieSzeto	
3767	1:17:14	1/1/2019 	4627288	967.00	305.00	57.88	21.30	98879.97	194490	1	WinnieSzeto	
3768	1:17:18	1/1/2019 	4630685	69.00	8.00	5.97	21.31	98881.72	193763	0	WinnieSzeto	
3769	1:17:18	1/1/2019 	4631375	76.00	8.00	6.07	21.31	98881.88	5570	0	WinnieSzeto	
3770	1:17:19	1/1/2019 	4632199	149.00	8.00	7.99	21.31	98881.88	49830	0	WinnieSzeto	
3771	1:17:20	1/1/2019 	4633565	897.00	100.00	29.98	21.31	98882.74	97806	0	WinnieSzeto	
3772	1:17:21	1/1/2019 	4634366	74.00	7.00	6.03	21.31	98883.41	1851	0	WinnieSzeto	
3773	1:17:23	1/1/2019 	4635818	146.00	8.00	7.90	21.32	98884.28	97804	0	WinnieSzeto	
3774	1:17:24	1/1/2019 	4636897	189.00	8.00	9.04	21.32	98884.28	49825	0	WinnieSzeto	
3775	1:17:25	1/1/2019 	4638407	685.00	11.00	15.29	21.32	98885.12	52421	0	WinnieSzeto	
3776	1:17:28	1/1/2019 	4641584	875.00	84.00	27.04	21.32	98886.19	193764	1	WinnieSzeto	
3777	1:17:29	1/1/2019 	4641760	976.00	676.00	122.07	21.33	98886.73	2578	1	WinnieSzeto	
3778	1:17:35	1/1/2019 	4647848	103.00	10.00	6.68	21.33	98888.64	289726	0	WinnieSzeto	
3779	1:17:35	1/1/2019 	4648331	800.00	41.00	21.60	21.33	98888.64	1851	1	WinnieSzeto	
3780	1:17:39	1/1/2019 	4652289	967.00	347.00	65.33	21.34	98890.37	196525	0	WinnieSzeto	
3781	1:17:42	1/1/2019 	4655621	853.00	73.00	25.28	21.34	98891.37	194491	0	WinnieSzeto	
3782	1:17:44	1/1/2019 	4657008	606.00	9.00	14.10	21.34	98891.91	49829	1	WinnieSzeto	
3783	1:17:45	1/1/2019 	4657855	653.00	9.00	14.54	21.34	98891.91	49830	0	WinnieSzeto	
3784	1:17:49	1/1/2019 	4662345	915.00	126.00	35.06	21.35	98894.12	193765	0	WinnieSzeto	
3785	1:17:51	1/1/2019 	4663967	178.00	8.00	8.77	21.35	98894.99	98538	0	WinnieSzeto	
3786	1:17:52	1/1/2019 	4664944	452.00	8.00	12.50	21.35	98895.32	52433	0	WinnieSzeto	
3787	1:17:52	1/1/2019 	4665109	459.00	8.00	12.54	21.35	98895.32	1849	0	WinnieSzeto	
3788	1:17:55	1/1/2019 	4668247	914.00	121.00	34.10	21.35	98896.17	145781	1	WinnieSzeto	
3789	1:17:56	1/1/2019 	4669283	385.00	8.00	12.00	21.35	98896.50	49830	0	WinnieSzeto	
3790	1:17:59	1/1/2019 	4671878	966.00	353.00	66.42	21.36	98897.36	145786	1	WinnieSzeto	
3791	1:17:59	1/1/2019 	4672196	124.00	8.00	7.27	21.36	98897.53	2578	0	WinnieSzeto	
3792	1:18:02	1/1/2019 	4675008	959.00	166.00	41.62	21.36	98899.06	148564	1	WinnieSzeto	
3793	1:18:07	1/1/2019 	4680568	913.00	120.00	33.91	21.37	98901.17	289727	0	WinnieSzeto	
3794	1:18:08	1/1/2019 	4680660	970.00	421.00	77.33	21.37	98901.17	2578	1	WinnieSzeto	
3795	1:18:10	1/1/2019 	4683089	798.00	42.00	21.70	21.37	98902.20	97807	1	WinnieSzeto	
3796	1:18:12	1/1/2019 	4684979	166.00	7.00	8.45	21.37	98902.88	97811	0	WinnieSzeto	
3797	1:18:12	1/1/2019 	4685264	808.00	53.00	22.81	21.37	98902.88	1858	1	WinnieSzeto	
3798	1:18:13	1/1/2019 	4686039	659.00	9.00	14.56	21.38	98903.41	52440	0	WinnieSzeto	
3799	1:18:14	1/1/2019 	4686938	232.00	8.00	9.97	21.38	98903.41	49829	0	WinnieSzeto	
3800	1:18:16	1/1/2019 	4689175	641.00	9.00	14.46	21.38	98903.95	97805	0	WinnieSzeto	
3801	1:18:20	1/1/2019 	4693415	164.00	8.00	8.40	21.38	98904.48	193765	0	WinnieSzeto	
3802	1:18:26	1/1/2019 	4698813	942.00	147.00	38.81	21.39	98907.50	290451	0	WinnieSzeto	
3803	1:18:26	1/1/2019 	4699252	632.00	9.00	14.39	21.39	98907.50	1852	0	WinnieSzeto	
3804	1:18:28	1/1/2019 	4700967	924.00	138.00	37.27	21.39	98908.21	100425	0	WinnieSzeto	
3805	1:18:32	1/1/2019 	4705065	243.00	8.00	10.17	21.39	98908.75	194555	0	WinnieSzeto	
3806	1:18:34	1/1/2019 	4707180	865.00	82.00	26.68	21.39	98908.92	97807	1	WinnieSzeto	
3807	1:18:36	1/1/2019 	4708766	947.00	153.00	39.76	21.40	98909.59	97809	1	WinnieSzeto	
3808	1:18:38	1/1/2019 	4710978	550.00	8.00	13.28	21.40	98909.96	97811	0	WinnieSzeto	
3809	1:18:38	1/1/2019 	4711312	970.00	231.00	48.31	21.40	98909.96	2636	1	WinnieSzeto	
3810	1:18:43	1/1/2019 	4716619	193.00	7.00	9.13	21.40	98911.86	292332	0	WinnieSzeto	
3811	1:18:48	1/1/2019 	4720956	71.00	8.00	5.99	21.41	98913.60	193767	0	WinnieSzeto	
3812	1:18:51	1/1/2019 	4723858	78.00	8.00	6.10	21.41	98913.94	146574	0	WinnieSzeto	
3813	1:18:52	1/1/2019 	4724679	563.00	8.00	13.41	21.41	98914.09	49827	0	WinnieSzeto	
3814	1:18:52	1/1/2019 	4725002	69.00	8.00	5.97	21.41	98914.63	1849	0	WinnieSzeto	
3815	1:18:53	1/1/2019 	4725672	665.00	9.00	14.58	21.41	98914.80	49827	1	WinnieSzeto	
3816	1:18:53	1/1/2019 	4726244	793.00	38.00	21.26	21.41	98915.12	4612	1	WinnieSzeto	
3817	1:18:54	1/1/2019 	4727329	77.00	8.00	6.08	21.42	98915.50	49833	0	WinnieSzeto	
3818	1:18:58	1/1/2019 	4731042	799.00	42.00	21.70	21.42	98916.83	193767	0	WinnieSzeto	
3819	1:19:01	1/1/2019 	4733832	810.00	49.00	22.42	21.42	98917.69	146579	1	WinnieSzeto	
3820	1:19:02	1/1/2019 	4735134	105.00	8.00	6.73	21.42	98918.02	49830	0	WinnieSzeto	
3821	1:19:03	1/1/2019 	4736281	313.00	8.00	11.23	21.42	98918.55	49828	0	WinnieSzeto	
3822	1:19:14	1/1/2019 	4746737	79.00	7.00	6.12	21.43	98921.30	532224	0	WinnieSzeto	
3823	1:19:15	1/1/2019 	4747772	962.00	263.00	51.76	21.44	98921.84	50621	1	WinnieSzeto	
3824	1:19:17	1/1/2019 	4749738	247.00	8.00	10.24	21.44	98922.70	97809	0	WinnieSzeto	
3825	1:19:17	1/1/2019 	4749911	98.00	8.00	6.54	21.44	98922.70	2636	0	WinnieSzeto	
3826	1:19:17	1/1/2019 	4750396	78.00	8.00	6.10	21.44	98923.03	1846	0	WinnieSzeto	
3827	1:19:20	1/1/2019 	4753409	527.00	8.00	13.05	21.44	98924.03	145786	0	WinnieSzeto	
3828	1:19:23	1/1/2019 	4755788	254.00	8.00	10.36	21.44	98925.22	148619	0	WinnieSzeto	
3829	1:19:23	1/1/2019 	4756007	697.00	11.00	15.30	21.44	98925.22	1849	0	WinnieSzeto	
3830	1:19:24	1/1/2019 	4757595	696.00	11.00	15.30	21.45	98926.25	97806	1	WinnieSzeto	
3831	1:19:24	1/1/2019 	4757616	969.00	301.00	57.22	21.45	98926.25	1851	1	WinnieSzeto	
3832	1:19:26	1/1/2019 	4759026	924.00	140.00	37.62	21.45	98926.58	49830	1	WinnieSzeto	
3833	1:19:28	1/1/2019 	4761047	408.00	8.00	12.18	21.45	98927.28	97809	0	WinnieSzeto	
3834	1:19:29	1/1/2019 	4761933	209.00	8.00	9.50	21.45	98927.45	53244	0	WinnieSzeto	
3835	1:19:30	1/1/2019 	4762958	973.00	592.00	103.08	21.45	98927.45	49828	1	WinnieSzeto	
3836	1:19:32	1/1/2019 	4765551	904.00	111.00	32.13	21.45	98928.12	145789	0	WinnieSzeto	
3837	1:19:33	1/1/2019 	4765671	98.00	8.00	6.54	21.45	98928.28	1852	0	WinnieSzeto	
3838	1:19:33	1/1/2019 	4765818	104.00	7.00	6.70	21.45	98928.28	1849	0	WinnieSzeto	
3839	1:19:33	1/1/2019 	4766250	143.00	8.00	7.82	21.45	98928.45	1849	0	WinnieSzeto	
3840	1:19:39	1/1/2019 	4772050	797.00	49.00	22.38	21.46	98930.34	292485	0	WinnieSzeto	
3841	1:19:40	1/1/2019 	4773201	94.00	9.00	6.44	21.46	98930.50	50617	0	WinnieSzeto	
3842	1:19:44	1/1/2019 	4777148	927.00	139.00	37.45	21.46	98931.37	193762	1	WinnieSzeto	
3843	1:19:45	1/1/2019 	4777706	795.00	38.00	21.26	21.46	98931.53	49830	1	WinnieSzeto	
3844	1:19:49	1/1/2019 	4782396	127.00	8.00	7.35	21.46	98933.07	193766	0	WinnieSzeto	
3845	1:19:55	1/1/2019 	4787800	415.00	9.00	12.30	21.47	98933.74	290508	0	WinnieSzeto	
3846	1:19:57	1/1/2019 	4790570	916.00	128.00	35.44	21.47	98934.61	148395	1	WinnieSzeto	
3847	1:20:01	1/1/2019 	4794384	678.00	10.00	14.94	21.47	98935.47	146574	1	WinnieSzeto	
3848	1:20:04	1/1/2019 	4797175	911.00	122.00	34.29	21.47	98935.98	145788	1	WinnieSzeto	
3849	1:20:09	1/1/2019 	4802059	777.00	27.00	19.69	21.48	98936.73	241745	0	WinnieSzeto	
3850	1:20:12	1/1/2019 	4804909	100.00	8.00	6.59	21.48	98937.05	146581	0	WinnieSzeto	
3851	1:20:13	1/1/2019 	4805845	685.00	10.00	14.94	21.48	98937.76	49828	0	WinnieSzeto	
3852	1:20:16	1/1/2019 	4808717	971.00	523.00	90.02	21.48	98938.62	148406	1	WinnieSzeto	
3853	1:20:22	1/1/2019 	4815627	184.00	8.00	8.92	21.49	98940.81	337709	0	WinnieSzeto	
3854	1:20:29	1/1/2019 	4822639	798.00	40.00	21.49	21.49	98942.05	338489	0	WinnieSzeto	
3855	1:20:30	1/1/2019 	4823095	584.00	8.00	13.65	21.50	98942.56	2640	0	WinnieSzeto	
3856	1:20:30	1/1/2019 	4823204	702.00	12.00	15.66	21.50	98942.56	1849	0	WinnieSzeto	
3857	1:20:32	1/1/2019 	4825626	793.00	34.00	20.78	21.50	98942.23	148394	0	WinnieSzeto	
3858	1:20:34	1/1/2019 	4826709	409.00	8.00	12.19	21.50	98942.41	49831	0	WinnieSzeto	
3859	1:20:36	1/1/2019 	4828686	743.00	18.00	17.61	21.50	98942.94	97807	1	WinnieSzeto	
3860	1:20:36	1/1/2019 	4829079	215.00	8.00	9.63	21.50	98942.94	1851	0	WinnieSzeto	
3861	1:20:40	1/1/2019 	4833582	872.00	82.00	26.70	21.50	98944.13	241737	1	WinnieSzeto	
3862	1:20:53	1/1/2019 	4846040	960.00	249.00	50.14	21.51	98948.19	578399	1	WinnieSzeto	
3863	1:20:53	1/1/2019 	4846300	94.00	8.00	6.44	21.51	98948.19	5476	0	WinnieSzeto	
3864	1:21:00	1/1/2019 	4853106	535.00	8.00	13.13	21.51	98948.73	337705	0	WinnieSzeto	
3865	1:21:03	1/1/2019 	4856348	468.00	8.00	12.60	21.52	98949.27	146577	0	WinnieSzeto	
3866	1:21:04	1/1/2019 	4857488	409.00	8.00	12.19	21.52	98949.43	49829	0	WinnieSzeto	
3867	1:21:06	1/1/2019 	4859369	680.00	10.00	14.94	21.52	98949.59	97809	1	WinnieSzeto	
3868	1:21:06	1/1/2019 	4860010	229.00	7.00	9.89	21.52	98949.43	49831	0	WinnieSzeto	
3869	1:21:07	1/1/2019 	4860042	172.00	8.00	8.62	21.52	98949.43	5244	0	WinnieSzeto	
3870	1:21:12	1/1/2019 	4865474	618.00	9.00	14.24	21.52	98949.94	241740	0	WinnieSzeto	
3871	1:21:14	1/1/2019 	4867109	967.00	333.00	62.79	21.52	98950.47	97806	1	WinnieSzeto	
3872	1:21:16	1/1/2019 	4869664	203.00	8.00	9.37	21.52	98950.84	145786	0	WinnieSzeto	
3873	1:21:16	1/1/2019 	4869672	728.00	14.00	16.36	21.52	98950.84	2636	0	WinnieSzeto	
3874	1:21:19	1/1/2019 	4872844	184.00	8.00	8.92	21.53	98951.55	145784	0	WinnieSzeto	
3875	1:21:20	1/1/2019 	4873551	910.00	119.00	33.71	21.53	98951.72	52587	1	WinnieSzeto	
3876	1:21:25	1/1/2019 	4878605	967.00	310.00	58.73	21.53	98952.92	241742	0	WinnieSzeto	
3877	1:21:26	1/1/2019 	4879952	647.00	9.00	14.50	21.53	98952.92	49832	0	WinnieSzeto	
3878	1:21:28	1/1/2019 	4881952	963.00	290.00	55.49	21.53	98952.92	98596	1	WinnieSzeto	
3879	1:21:31	1/1/2019 	4884485	605.00	9.00	14.09	21.53	98953.79	97808	0	WinnieSzeto	
3880	1:21:31	1/1/2019 	4884608	536.00	8.00	13.14	21.53	98953.79	49829	0	WinnieSzeto	
3881	1:21:32	1/1/2019 	4885637	961.00	199.00	45.33	21.53	98954.28	52432	0	WinnieSzeto	
3882	1:21:34	1/1/2019 	4887324	734.00	16.00	17.01	21.54	98954.82	49830	0	WinnieSzeto	
3883	1:21:35	1/1/2019 	4888474	888.00	97.00	29.39	21.54	98954.98	49827	1	WinnieSzeto	
3884	1:21:37	1/1/2019 	4890950	272.00	8.00	10.65	21.54	98955.14	145788	0	WinnieSzeto	
3885	1:21:40	1/1/2019 	4893239	303.00	8.00	11.10	21.54	98955.36	98598	0	WinnieSzeto	
3886	1:21:40	1/1/2019 	4893659	71.00	7.00	5.99	21.54	98955.20	49827	0	WinnieSzeto	
3887	1:21:42	1/1/2019 	4895873	230.00	8.00	9.93	21.54	98955.20	100425	0	WinnieSzeto	
3888	1:21:45	1/1/2019 	4898790	880.00	91.00	28.26	21.54	98955.70	145784	1	WinnieSzeto	
3889	1:21:47	1/1/2019 	4900323	96.00	8.00	6.49	21.54	98956.24	49829	0	WinnieSzeto	
3890	1:21:47	1/1/2019 	4900853	776.00	28.00	19.86	21.54	98956.24	50616	1	WinnieSzeto	
3891	1:21:53	1/1/2019 	4906645	431.00	8.00	12.35	21.55	98956.80	289718	0	WinnieSzeto	
3892	1:21:57	1/1/2019 	4910696	571.00	8.00	13.50	21.55	98957.98	193760	1	WinnieSzeto	
3893	1:22:02	1/1/2019 	4915999	281.00	8.00	10.79	21.55	98959.31	245132	0	WinnieSzeto	
3894	1:22:08	1/1/2019 	4921466	966.00	306.00	58.05	21.56	98960.84	241738	1	WinnieSzeto	
3895	1:22:09	1/1/2019 	4922312	814.00	48.00	22.33	21.56	98961.00	50623	0	WinnieSzeto	
3896	1:22:09	1/1/2019 	4922989	971.00	310.00	58.73	21.56	98961.16	49829	1	WinnieSzeto	
3897	1:22:10	1/1/2019 	4923732	251.00	8.00	10.31	21.56	98961.16	49828	0	WinnieSzeto	
3898	1:22:18	1/1/2019 	4931641	898.00	100.00	29.98	21.56	98962.08	385677	1	WinnieSzeto	
3899	1:22:24	1/1/2019 	4937771	630.00	9.00	14.37	21.56	98963.56	302238	1	WinnieSzeto	
3900	1:22:31	1/1/2019 	4944733	756.00	21.00	18.41	21.57	98963.78	337703	0	WinnieSzeto	
3901	1:22:43	1/1/2019 	4956881	827.00	59.00	23.48	21.58	98966.88	578397	1	WinnieSzeto	
3902	1:22:45	1/1/2019 	4958667	90.00	8.00	6.35	21.58	98966.55	98602	0	WinnieSzeto	
3903	1:22:52	1/1/2019 	4965841	148.00	7.00	7.96	21.58	98966.77	337699	0	WinnieSzeto	
3904	1:22:56	1/1/2019 	4969426	504.00	8.00	12.86	21.58	98967.62	146575	0	WinnieSzeto	
3905	1:22:56	1/1/2019 	4969793	141.00	7.00	7.76	21.58	98967.62	52442	0	WinnieSzeto	
3906	1:22:59	1/1/2019 	4972157	295.00	8.00	10.99	21.58	98967.80	98598	0	WinnieSzeto	
3907	1:23:00	1/1/2019 	4973103	105.00	8.00	6.73	21.58	98967.80	49828	0	WinnieSzeto	
3908	1:23:02	1/1/2019 	4975186	951.00	157.00	40.36	21.58	98968.00	97806	1	WinnieSzeto	
3909	1:23:04	1/1/2019 	4977583	412.00	8.00	12.21	21.58	98967.84	145786	0	WinnieSzeto	
3910	1:23:05	1/1/2019 	4978337	597.00	8.00	13.80	21.58	98968.00	1850	0	WinnieSzeto	
3911	1:23:11	1/1/2019 	4984265	94.00	7.00	6.44	21.59	98968.37	292328	0	WinnieSzeto	
3912	1:23:13	1/1/2019 	4986628	77.00	7.00	6.08	21.59	98968.58	146572	0	WinnieSzeto	
3913	1:23:14	1/1/2019 	4987409	102.00	8.00	6.65	21.59	98968.58	1850	0	WinnieSzeto	
3914	1:23:15	1/1/2019 	4988615	316.00	8.00	11.27	21.59	98968.42	97805	0	WinnieSzeto	
3915	1:23:21	1/1/2019 	4994236	209.00	7.00	9.48	21.59	98968.95	241740	0	WinnieSzeto	
3916	1:23:23	1/1/2019 	4996578	964.00	249.00	50.14	21.59	98969.45	146573	1	WinnieSzeto	
3917	1:23:24	1/1/2019 	4998022	868.00	79.00	26.21	21.59	98969.94	52440	0	WinnieSzeto	
3918	1:23:29	1/1/2019 	5002703	154.00	8.00	8.13	21.60	98970.61	241746	0	WinnieSzeto	
3919	1:23:36	1/1/2019 	5009448	148.00	8.00	7.96	21.60	98971.69	290510	0	WinnieSzeto	
3920	1:23:36	1/1/2019 	5009475	963.00	173.00	42.52	21.60	98971.69	1849	1	WinnieSzeto	
3921	1:23:37	1/1/2019 	5010942	777.00	28.00	19.86	21.60	98971.89	97807	0	WinnieSzeto	
3922	1:23:42	1/1/2019 	5015555	119.00	8.00	7.12	21.61	98973.41	245138	0	WinnieSzeto	
3923	1:23:46	1/1/2019 	5019699	804.00	50.00	22.50	21.61	98974.41	193762	0	WinnieSzeto	
3924	1:23:47	1/1/2019 	5020807	855.00	78.00	26.02	21.61	98974.91	50618	0	WinnieSzeto	
3925	1:23:52	1/1/2019 	5025998	281.00	8.00	10.79	21.61	98975.45	241741	0	WinnieSzeto	
3926	1:23:55	1/1/2019 	5028726	955.00	164.00	41.35	21.61	98975.61	145784	1	WinnieSzeto	
3927	1:23:57	1/1/2019 	5030455	571.00	9.00	13.65	21.61	98975.94	49831	1	WinnieSzeto	
3928	1:23:58	1/1/2019 	5031369	968.00	366.00	68.74	21.61	98975.77	53226	1	WinnieSzeto	
3929	1:24:01	1/1/2019 	5034474	972.00	484.00	84.90	21.61	98976.48	145787	1	WinnieSzeto	
3930	1:24:03	1/1/2019 	5036873	190.00	8.00	9.07	21.61	98976.97	145788	0	WinnieSzeto	
3931	1:24:07	1/1/2019 	5040259	149.00	8.00	7.99	21.62	98977.34	145784	0	WinnieSzeto	
3932	1:24:12	1/1/2019 	5045613	577.00	8.00	13.57	21.62	98978.34	290508	0	WinnieSzeto	
3933	1:24:12	1/1/2019 	5045810	909.00	110.00	31.95	21.62	98978.17	1848	1	WinnieSzeto	
3934	1:24:16	1/1/2019 	5049053	927.00	143.00	38.14	21.62	98978.36	148395	1	WinnieSzeto	
3935	1:24:19	1/1/2019 	5052065	80.00	8.00	6.14	21.62	98979.02	145787	0	WinnieSzeto	
3936	1:24:20	1/1/2019 	5053689	600.00	9.00	14.02	21.62	98979.39	98593	0	WinnieSzeto	
3937	1:24:30	1/1/2019 	5063281	151.00	8.00	8.05	21.63	98980.46	433650	0	WinnieSzeto	
3938	1:24:33	1/1/2019 	5066613	910.00	122.00	34.28	21.63	98980.64	194548	1	WinnieSzeto	
3939	1:24:44	1/1/2019 	5077309	223.00	8.00	9.79	21.63	98982.00	481623	0	WinnieSzeto	
3940	1:24:44	1/1/2019 	5077753	920.00	122.00	34.30	21.63	98982.00	53222	1	WinnieSzeto	
3941	1:24:46	1/1/2019 	5079306	189.00	8.00	9.04	21.63	98982.00	49827	0	WinnieSzeto	
3942	1:24:46	1/1/2019 	5079637	306.00	8.00	11.14	21.63	98982.00	49825	0	WinnieSzeto	
3943	1:24:51	1/1/2019 	5084426	838.00	64.00	24.07	21.64	98983.20	194544	0	WinnieSzeto	
3944	1:24:52	1/1/2019 	5085133	908.00	111.00	32.14	21.64	98983.20	49827	1	WinnieSzeto	
3945	1:24:57	1/1/2019 	5090578	957.00	180.00	43.35	21.64	98984.06	289717	1	WinnieSzeto	
3946	1:25:00	1/1/2019 	5093275	966.00	227.00	47.93	21.64	98983.91	101203	1	WinnieSzeto	
3947	1:25:01	1/1/2019 	5094350	532.00	8.00	13.10	21.64	98984.08	49831	0	WinnieSzeto	
3948	1:25:03	1/1/2019 	5096493	892.00	97.00	29.40	21.64	98984.08	97805	1	WinnieSzeto	
3949	1:25:07	1/1/2019 	5100554	940.00	150.00	39.29	21.64	98984.78	241736	1	WinnieSzeto	
3950	1:25:08	1/1/2019 	5102031	961.00	242.00	49.40	21.64	98985.27	50617	1	WinnieSzeto	
3951	1:25:14	1/1/2019 	5107401	209.00	8.00	9.50	21.65	98985.81	241738	0	WinnieSzeto	
3952	1:25:15	1/1/2019 	5108879	542.00	8.00	13.19	21.65	98985.97	100411	0	WinnieSzeto	
3953	1:25:18	1/1/2019 	5111323	82.00	8.00	6.17	21.65	98986.67	97804	0	WinnieSzeto	
3954	1:25:20	1/1/2019 	5113710	130.00	8.00	7.44	21.65	98987.21	146570	0	WinnieSzeto	
3955	1:25:22	1/1/2019 	5115881	705.00	12.00	15.66	21.65	98987.05	97804	0	WinnieSzeto	
3956	1:25:24	1/1/2019 	5117041	78.00	8.00	6.10	21.65	98987.21	49828	0	WinnieSzeto	
3957	1:25:24	1/1/2019 	5117952	760.00	20.00	18.17	21.65	98987.05	49825	1	WinnieSzeto	
3958	1:25:25	1/1/2019 	5118238	301.00	8.00	11.07	21.65	98987.05	4459	0	WinnieSzeto	
3959	1:25:25	1/1/2019 	5118784	122.00	8.00	7.21	21.65	98987.23	49826	0	WinnieSzeto	
3960	1:25:29	1/1/2019 	5122792	108.00	8.00	6.81	21.65	98987.39	193761	0	WinnieSzeto	
3961	1:25:32	1/1/2019 	5125301	749.00	19.00	17.89	21.65	98987.56	98595	0	WinnieSzeto	
3962	1:25:35	1/1/2019 	5128943	513.00	8.00	12.93	21.66	98987.77	193766	0	WinnieSzeto	
3963	1:25:37	1/1/2019 	5131010	125.00	8.00	7.29	21.66	98988.26	97807	0	WinnieSzeto	
3964	1:25:40	1/1/2019 	5133193	647.00	9.00	14.50	21.66	98988.75	101201	1	WinnieSzeto	
3965	1:25:40	1/1/2019 	5133324	214.00	8.00	9.60	21.66	98988.75	1850	0	WinnieSzeto	
3966	1:25:40	1/1/2019 	5134003	929.00	142.00	37.97	21.66	98989.29	49826	1	WinnieSzeto	
3967	1:25:41	1/1/2019 	5134583	568.00	8.00	13.47	21.66	98988.92	49828	0	WinnieSzeto	
3968	1:25:45	1/1/2019 	5138041	696.00	12.00	15.65	21.66	98989.78	145787	0	WinnieSzeto	
3969	1:25:47	1/1/2019 	5140928	139.00	7.00	7.70	21.66	98990.27	145787	0	WinnieSzeto	
3970	1:25:52	1/1/2019 	5145262	892.00	99.00	29.78	21.66	98989.47	197192	1	WinnieSzeto	
3971	1:25:57	1/1/2019 	5149577	873.00	86.00	27.37	21.66	98989.80	241742	1	WinnieSzeto	
3972	1:25:57	1/1/2019 	5150234	373.00	8.00	11.89	21.66	98989.47	2641	0	WinnieSzeto	
3973	1:26:01	1/1/2019 	5154402	850.00	74.00	25.41	21.67	98990.84	193761	0	WinnieSzeto	
3974	1:26:01	1/1/2019 	5154574	950.00	154.00	39.91	21.67	98990.84	49830	1	WinnieSzeto	
3975	1:26:02	1/1/2019 	5155331	520.00	8.00	12.99	21.67	98991.01	1852	0	WinnieSzeto	
3976	1:26:03	1/1/2019 	5156141	917.00	126.00	35.06	21.67	98991.17	52350	1	WinnieSzeto	
3977	1:26:03	1/1/2019 	5156318	978.00	427.00	78.12	21.67	98991.17	1852	0	WinnieSzeto	
3978	1:26:04	1/1/2019 	5156845	911.00	114.00	32.73	21.67	98991.01	49829	0	WinnieSzeto	
3979	1:26:04	1/1/2019 	5156981	690.00	11.00	15.30	21.67	98991.01	1851	1	WinnieSzeto	
3980	1:26:06	1/1/2019 	5158955	487.00	8.00	12.73	21.67	98991.55	97808	0	WinnieSzeto	
3981	1:26:06	1/1/2019 	5159385	825.00	57.00	23.26	21.67	98991.38	4416	0	WinnieSzeto	
3982	1:26:09	1/1/2019 	5162399	976.00	614.00	108.08	21.67	98990.89	145787	0	WinnieSzeto	
3983	1:26:12	1/1/2019 	5164767	918.00	130.00	35.81	21.67	98991.44	146576	0	WinnieSzeto	
3984	1:26:15	1/1/2019 	5167981	447.00	8.00	12.46	21.67	98991.76	145786	0	WinnieSzeto	
3985	1:26:15	1/1/2019 	5168055	971.00	326.00	61.53	21.67	98991.76	1850	1	WinnieSzeto	
3986	1:26:16	1/1/2019 	5169175	781.00	28.00	19.87	21.67	98991.76	49828	1	WinnieSzeto	
3987	1:26:17	1/1/2019 	5169717	820.00	52.00	22.73	21.67	98991.92	52331	0	WinnieSzeto	
3988	1:26:18	1/1/2019 	5171261	727.00	15.00	16.69	21.67	98992.09	50618	1	WinnieSzeto	
3989	1:26:19	1/1/2019 	5171968	97.00	7.00	6.51	21.67	98992.09	49829	0	WinnieSzeto	
3990	1:26:19	1/1/2019 	5172262	613.00	8.00	13.97	21.67	98992.09	1849	0	WinnieSzeto	
3991	1:26:21	1/1/2019 	5174022	93.00	8.00	6.42	21.67	98992.25	97805	0	WinnieSzeto	
3992	1:26:27	1/1/2019 	5180568	886.00	95.00	29.01	21.67	98992.62	337700	0	WinnieSzeto	
3993	1:26:36	1/1/2019 	5188789	229.00	8.00	9.91	21.68	98992.31	389067	0	WinnieSzeto	
3994	1:26:40	1/1/2019 	5192813	963.00	253.00	50.58	21.68	98992.69	193768	1	WinnieSzeto	
3995	1:26:42	1/1/2019 	5194831	564.00	9.00	13.57	21.68	98992.36	98599	0	WinnieSzeto	
3996	1:26:42	1/1/2019 	5195077	968.00	257.00	51.04	21.68	98992.90	1851	0	WinnieSzeto	
3997	1:26:47	1/1/2019 	5199780	643.00	9.00	14.48	21.68	98993.39	241750	0	WinnieSzeto	
3998	1:26:48	1/1/2019 	5200665	626.00	9.00	14.33	21.68	98993.77	50619	1	WinnieSzeto	
3999	1:26:55	1/1/2019 	5207686	218.00	7.00	9.67	21.69	98994.44	340299	0	WinnieSzeto	
4000	1:26:55	1/1/2019 	5208092	150.00	7.00	8.01	21.69	98994.44	1851	0	WinnieSzeto	
4001	1:26:56	1/1/2019 	5208850	170.00	7.00	8.56	21.69	98994.44	49829	0	WinnieSzeto	
4002	1:26:57	1/1/2019 	5210147	808.00	44.00	21.92	21.69	98994.77	49831	0	WinnieSzeto	
4003	1:26:59	1/1/2019 	5212440	778.00	27.00	19.69	21.69	98995.09	98599	1	WinnieSzeto	
4004	1:27:01	1/1/2019 	5214169	644.00	9.00	14.48	21.69	98995.26	97811	0	WinnieSzeto	
4005	1:27:05	1/1/2019 	5218367	953.00	176.00	42.88	21.69	98996.12	196361	1	WinnieSzeto	
4006	1:27:06	1/1/2019 	5218761	448.00	8.00	12.47	21.69	98996.12	49841	0	WinnieSzeto	
4007	1:27:07	1/1/2019 	5220035	212.00	8.00	9.56	21.69	98996.12	49836	0	WinnieSzeto	
4008	1:27:08	1/1/2019 	5220666	71.00	7.00	5.99	21.69	98996.45	50620	0	WinnieSzeto	
4009	1:27:09	1/1/2019 	5221846	750.00	18.00	17.62	21.69	98996.78	49830	0	WinnieSzeto	
4010	1:27:09	1/1/2019 	5222263	256.00	7.00	10.37	21.69	98996.78	1852	0	WinnieSzeto	
4011	1:27:13	1/1/2019 	5225925	185.00	8.00	8.95	21.69	98997.64	196354	0	WinnieSzeto	
4012	1:27:13	1/1/2019 	5226373	888.00	94.00	28.83	21.69	98997.80	1849	0	WinnieSzeto	
4013	1:27:14	1/1/2019 	5227090	241.00	8.00	10.13	21.69	98997.64	49830	0	WinnieSzeto	
4014	1:27:16	1/1/2019 	5229028	781.00	30.00	20.19	21.69	98997.97	97807	1	WinnieSzeto	
4015	1:27:20	1/1/2019 	5233246	979.00	600.00	104.86	21.69	98998.18	193767	1	WinnieSzeto	
4016	1:27:20	1/1/2019 	5233374	366.00	8.00	11.82	21.69	98998.18	2640	0	WinnieSzeto	
4017	1:27:23	1/1/2019 	5236393	802.00	42.00	21.70	21.69	98998.18	148391	0	WinnieSzeto	
4018	1:27:24	1/1/2019 	5236709	798.00	45.00	22.00	21.69	98998.18	49831	1	WinnieSzeto	
4019	1:27:35	1/1/2019 	5247898	874.00	78.00	26.08	21.70	98998.06	529608	0	WinnieSzeto	
4020	1:27:38	1/1/2019 	5250784	174.00	8.00	8.67	21.70	98998.08	146575	0	WinnieSzeto	
4021	1:27:40	1/1/2019 	5253013	604.00	9.00	14.07	21.70	98998.59	98593	0	WinnieSzeto	
4022	1:27:41	1/1/2019 	5253608	956.00	174.00	42.64	21.70	98998.76	49830	1	WinnieSzeto	
4023	1:27:41	1/1/2019 	5254237	979.00	453.00	81.31	21.70	98999.08	4459	1	WinnieSzeto	
4024	1:27:48	1/1/2019 	5261425	958.00	169.00	42.02	21.70	98999.58	337704	0	WinnieSzeto	
4025	1:27:51	1/1/2019 	5263612	510.00	8.00	12.91	21.70	98999.58	146576	0	WinnieSzeto	
4026	1:27:53	1/1/2019 	5266070	697.00	11.00	15.30	21.70	98999.73	97808	0	WinnieSzeto	
4027	1:27:59	1/1/2019 	5272392	597.00	9.00	13.99	21.70	98999.25	289724	0	WinnieSzeto	
4028	1:28:01	1/1/2019 	5274052	564.00	9.00	13.57	21.70	98999.08	98597	0	WinnieSzeto	
4029	1:28:01	1/1/2019 	5274400	174.00	7.00	8.66	21.70	98999.08	4479	0	WinnieSzeto	
4030	1:28:04	1/1/2019 	5276987	709.00	13.00	16.01	21.70	98999.30	145787	0	WinnieSzeto	
4031	1:28:04	1/1/2019 	5277099	794.00	40.00	21.48	21.70	98999.30	1853	0	WinnieSzeto	
4032	1:28:05	1/1/2019 	5277739	81.00	8.00	6.15	21.70	98999.30	49828	0	WinnieSzeto	
4033	1:28:06	1/1/2019 	5278928	308.00	8.00	11.17	21.70	98999.45	49828	0	WinnieSzeto	
4034	1:28:09	1/1/2019 	5281763	887.00	93.00	28.65	21.70	98999.78	145786	0	WinnieSzeto	
4035	1:28:10	1/1/2019 	5283136	400.00	8.00	12.12	21.70	99000.60	53238	0	WinnieSzeto	
4036	1:28:11	1/1/2019 	5283676	685.00	10.00	14.94	21.70	99000.60	49829	0	WinnieSzeto	
4037	1:28:15	1/1/2019 	5288273	96.00	8.00	6.49	21.71	99001.63	193767	0	WinnieSzeto	
4038	1:28:18	1/1/2019 	5290947	917.00	129.00	35.63	21.71	99002.12	145788	0	WinnieSzeto	
4039	1:28:22	1/1/2019 	5294978	641.00	9.00	14.46	21.71	99002.45	194557	0	WinnieSzeto	
4040	1:28:22	1/1/2019 	5295402	174.00	8.00	8.67	21.71	99002.61	1851	0	WinnieSzeto	
4041	1:28:22	1/1/2019 	5295459	957.00	157.00	40.36	21.71	99002.61	4455	0	WinnieSzeto	
4042	1:28:25	1/1/2019 	5298309	896.00	103.00	30.55	21.71	99002.61	145786	1	WinnieSzeto	
4043	1:28:27	1/1/2019 	5300064	969.00	335.00	63.15	21.71	99002.78	97810	1	WinnieSzeto	
4044	1:28:28	1/1/2019 	5300763	957.00	180.00	43.35	21.71	99002.78	50618	0	WinnieSzeto	
4045	1:28:29	1/1/2019 	5301699	89.00	7.00	6.32	21.71	99003.12	49833	0	WinnieSzeto	
4046	1:28:30	1/1/2019 	5302965	284.00	8.00	10.83	21.71	99003.12	52465	0	WinnieSzeto	
4047	1:28:30	1/1/2019 	5303555	951.00	154.00	39.91	21.71	99003.29	49833	1	WinnieSzeto	
4048	1:28:45	1/1/2019 	5317828	800.00	48.00	22.30	21.71	99003.33	673552	1	WinnieSzeto	
4049	1:28:51	1/1/2019 	5324085	179.00	8.00	8.80	21.71	99003.01	290506	0	WinnieSzeto	
4050	1:28:52	1/1/2019 	5324951	707.00	13.00	16.00	21.71	99003.01	50615	1	WinnieSzeto	
4051	1:28:53	1/1/2019 	5325818	729.00	15.00	16.69	21.71	99003.33	49830	0	WinnieSzeto	
4052	1:28:53	1/1/2019 	5326337	92.00	7.00	6.39	21.71	99003.55	4457	0	WinnieSzeto	
4053	1:28:54	1/1/2019 	5327465	590.00	8.00	13.72	21.71	99003.70	49828	0	WinnieSzeto	
4054	1:28:56	1/1/2019 	5329012	808.00	42.00	21.72	21.71	99003.70	97806	1	WinnieSzeto	
4055	1:28:57	1/1/2019 	5329834	970.00	401.00	74.48	21.71	99003.70	49830	1	WinnieSzeto	
4056	1:28:57	1/1/2019 	5330065	630.00	9.00	14.37	21.71	99003.88	2642	0	WinnieSzeto	
4057	1:29:02	1/1/2019 	5334621	92.00	7.00	6.39	21.71	99004.20	241754	0	WinnieSzeto	
4058	1:29:03	1/1/2019 	5336562	276.00	8.00	10.71	21.71	99003.70	100419	0	WinnieSzeto	
4059	1:29:06	1/1/2019 	5339094	601.00	8.00	13.84	21.71	99003.70	97810	0	WinnieSzeto	
4060	1:29:08	1/1/2019 	5341415	652.00	9.00	14.53	21.71	99003.70	97810	0	WinnieSzeto	
4061	1:29:09	1/1/2019 	5342182	86.00	8.00	6.26	21.72	99004.08	50619	0	WinnieSzeto	
4062	1:29:13	1/1/2019 	5346036	786.00	35.00	20.89	21.72	99004.41	193772	0	WinnieSzeto	
4063	1:29:15	1/1/2019 	5348332	595.00	9.00	13.96	21.72	99004.41	97811	0	WinnieSzeto	
4064	1:29:15	1/1/2019 	5348496	716.00	13.00	16.01	21.72	99004.41	4459	0	WinnieSzeto	
4065	1:29:16	1/1/2019 	5349067	969.00	433.00	78.89	21.72	99004.58	49830	1	WinnieSzeto	
4066	1:29:17	1/1/2019 	5349829	610.00	9.00	14.15	21.72	99004.58	49831	0	WinnieSzeto	
4067	1:29:20	1/1/2019 	5352833	579.00	9.00	13.75	21.72	99005.39	146577	0	WinnieSzeto	
4068	1:29:23	1/1/2019 	5355865	143.00	8.00	7.82	21.72	99005.06	145787	0	WinnieSzeto	
4069	1:29:26	1/1/2019 	5358681	694.00	11.00	15.30	21.72	99006.09	145784	0	WinnieSzeto	
4070	1:29:26	1/1/2019 	5358882	667.00	10.00	14.91	21.72	99006.09	4461	0	WinnieSzeto	
4071	1:29:27	1/1/2019 	5360135	90.00	8.00	6.35	21.72	99006.42	49829	0	WinnieSzeto	
4072	1:29:29	1/1/2019 	5362071	186.00	8.00	8.97	21.72	99006.91	98594	0	WinnieSzeto	
4073	1:29:40	1/1/2019 	5372774	100.00	7.00	6.59	21.72	99006.77	529616	0	WinnieSzeto	
4074	1:29:40	1/1/2019 	5373011	576.00	8.00	13.56	21.72	99006.77	2638	0	WinnieSzeto	
4075	1:29:47	1/1/2019 	5380328	93.00	8.00	6.42	21.72	99007.47	337697	0	WinnieSzeto	
4076	1:29:49	1/1/2019 	5382185	177.00	8.00	8.75	21.72	99007.30	101200	0	WinnieSzeto	
4077	1:29:53	1/1/2019 	5385968	899.00	104.00	30.75	21.72	99007.47	193762	1	WinnieSzeto	
4078	1:29:54	1/1/2019 	5387407	727.00	15.00	16.69	21.73	99007.84	49832	0	WinnieSzeto	
4079	1:29:54	1/1/2019 	5387572	160.00	7.00	8.29	21.73	99007.84	49828	0	WinnieSzeto	
4080	1:29:58	1/1/2019 	5391101	903.00	110.00	31.93	21.73	99007.68	145788	0	WinnieSzeto	
4081	1:30:00	1/1/2019 	5392683	139.00	7.00	7.70	21.73	99007.35	98600	0	WinnieSzeto	
4082	1:30:03	1/1/2019 	5396397	433.00	8.00	12.37	21.73	99007.89	148397	0	WinnieSzeto	
4083	1:30:05	1/1/2019 	5397689	200.00	7.00	9.29	21.73	99007.73	97808	0	WinnieSzeto	
4084	1:30:11	1/1/2019 	5404402	916.00	129.00	35.62	21.73	99007.91	289730	0	WinnieSzeto	
4085	1:30:17	1/1/2019 	5409904	213.00	8.00	9.58	21.73	99007.68	290518	1	WinnieSzeto	
4086	1:30:19	1/1/2019 	5412143	286.00	8.00	10.86	21.74	99007.89	98595	0	WinnieSzeto	
4087	1:30:32	1/1/2019 	5425443	155.00	8.00	8.16	21.76	98998.12	625580	0	WinnieSzeto	
4088	1:30:33	1/1/2019 	5426161	160.00	7.00	8.29	21.76	98997.64	53228	0	WinnieSzeto	
4089	1:30:35	1/1/2019 	5427684	256.00	12.00	10.48	21.77	98997.05	97809	0	WinnieSzeto	
4090	1:30:39	1/1/2019 	5432055	961.00	196.00	45.04	21.77	98996.97	193766	1	WinnieSzeto	
4091	1:30:39	1/1/2019 	5432150	514.00	8.00	12.94	21.77	98996.97	2640	0	WinnieSzeto	
4092	1:30:42	1/1/2019 	5434739	699.00	12.00	15.65	21.78	98996.69	145785	0	WinnieSzeto	
4093	1:30:42	1/1/2019 	5434958	158.00	8.00	8.24	21.78	98996.69	1851	1	WinnieSzeto	
4094	1:30:42	1/1/2019 	5435336	76.00	7.00	6.06	21.78	98996.52	4454	0	WinnieSzeto	
4095	1:30:43	1/1/2019 	5435648	979.00	771.00	137.84	21.78	98996.52	49829	1	WinnieSzeto	
4096	1:30:43	1/1/2019 	5436213	625.00	9.00	14.32	21.78	98996.73	1853	0	WinnieSzeto	
4097	1:30:45	1/1/2019 	5438047	137.00	7.00	7.64	21.78	98996.78	97808	0	WinnieSzeto	
4098	1:30:46	1/1/2019 	5438852	230.00	8.00	9.93	21.78	98996.78	49830	0	WinnieSzeto	
4099	1:30:49	1/1/2019 	5442499	911.00	117.00	33.32	21.79	98997.02	145786	0	WinnieSzeto	
4100	1:30:53	1/1/2019 	5446438	944.00	151.00	39.45	21.79	98998.38	197147	1	WinnieSzeto	
4101	1:30:57	1/1/2019 	5450019	697.00	12.00	15.65	21.79	99004.03	193771	1	WinnieSzeto	
4102	1:30:59	1/1/2019 	5452040	857.00	73.00	25.29	21.80	99009.77	98599	1	WinnieSzeto	
4103	1:30:59	1/1/2019 	5452460	212.00	8.00	9.56	21.80	99011.41	1851	0	WinnieSzeto	
4104	1:31:02	1/1/2019 	5455831	728.00	15.00	16.69	21.80	99019.52	193765	0	WinnieSzeto	
4105	1:31:04	1/1/2019 	5457155	747.00	19.00	17.89	21.80	99021.66	49830	1	WinnieSzeto	
4106	1:31:18	1/1/2019 	5471556	678.00	10.00	14.94	21.82	99020.75	724138	1	WinnieSzeto	
4107	1:31:18	1/1/2019 	5471646	961.00	166.00	41.62	21.82	99020.59	2641	1	WinnieSzeto	
4108	1:31:29	1/1/2019 	5482194	982.00	687.00	124.14	21.83	99020.73	481630	1	WinnieSzeto	
4109	1:31:30	1/1/2019 	5483944	947.00	153.00	39.76	21.83	99020.78	98597	1	WinnieSzeto	
4110	1:31:33	1/1/2019 	5486053	950.00	160.00	40.80	21.83	99019.81	97808	1	WinnieSzeto	
4111	1:31:34	1/1/2019 	5487047	865.00	82.00	26.68	21.83	99019.48	49831	1	WinnieSzeto	
4112	1:31:42	1/1/2019 	5495930	950.00	155.00	40.06	21.84	99016.36	436567	1	WinnieSzeto	
4113	1:31:46	1/1/2019 	5499130	213.00	8.00	9.58	21.84	99018.01	146572	0	WinnieSzeto	
4114	1:31:46	1/1/2019 	5499249	966.00	257.00	51.04	21.84	99018.01	1848	1	WinnieSzeto	
4115	1:31:47	1/1/2019 	5501002	816.00	57.00	23.24	21.84	99019.86	97806	1	WinnieSzeto	
4116	1:31:48	1/1/2019 	5501048	966.00	292.00	55.79	21.84	99019.86	2640	1	WinnieSzeto	
4117	1:31:48	1/1/2019 	5501079	874.00	80.00	26.39	21.84	99019.86	4459	1	WinnieSzeto	
4118	1:31:51	1/1/2019 	5504214	882.00	84.00	27.06	21.85	99020.72	145782	1	WinnieSzeto	
4119	1:31:52	1/1/2019 	5505165	632.00	9.00	14.39	21.85	99022.52	49829	0	WinnieSzeto	
4120	1:31:56	1/1/2019 	5509806	826.00	60.00	23.59	21.85	99023.92	241739	0	WinnieSzeto	
4121	1:31:59	1/1/2019 	5512684	956.00	172.00	42.40	21.86	99034.92	146574	1	WinnieSzeto	
4122	1:32:04	1/1/2019 	5517552	118.00	7.00	7.09	21.86	99037.55	241742	0	WinnieSzeto	
4123	1:32:11	1/1/2019 	5524623	91.00	7.00	6.37	21.85	99002.65	340536	0	WinnieSzeto	
4124	1:32:12	1/1/2019 	5525577	387.00	8.00	12.01	21.85	98993.60	50618	0	WinnieSzeto	
4125	1:32:12	1/1/2019 	5525924	534.00	8.00	13.12	21.85	98988.31	1850	0	WinnieSzeto	
4126	1:32:14	1/1/2019 	5527018	699.00	12.00	15.65	21.84	98978.45	49827	0	WinnieSzeto	
4127	1:32:16	1/1/2019 	5529461	587.00	8.00	13.69	21.84	98964.14	97809	1	WinnieSzeto	
4128	1:32:17	1/1/2019 	5530200	761.00	21.00	18.42	21.84	98961.97	49827	1	WinnieSzeto	
4129	1:32:19	1/1/2019 	5532832	963.00	245.00	49.71	21.83	98962.41	149183	1	WinnieSzeto	
4130	1:32:19	1/1/2019 	5532857	980.00	629.00	111.60	21.83	98962.41	1853	1	WinnieSzeto	
4131	1:32:21	1/1/2019 	5534199	926.00	138.00	37.27	21.83	98967.66	49830	0	WinnieSzeto	
4132	1:32:24	1/1/2019 	5537175	966.00	349.00	65.70	21.83	98971.53	145786	1	WinnieSzeto	
4133	1:32:25	1/1/2019 	5538601	214.00	8.00	9.60	21.83	98971.20	97809	0	WinnieSzeto	
4134	1:32:26	1/1/2019 	5539079	562.00	8.00	13.40	21.83	98971.20	1848	0	WinnieSzeto	
4135	1:32:27	1/1/2019 	5540274	917.00	128.00	35.44	21.83	98969.89	52413	0	WinnieSzeto	
4136	1:32:28	1/1/2019 	5541889	838.00	66.00	24.32	21.83	98967.42	98596	1	WinnieSzeto	
4137	1:32:30	1/1/2019 	5543981	964.00	208.00	46.18	21.83	98964.97	97810	1	WinnieSzeto	
4138	1:32:31	1/1/2019 	5544383	922.00	138.00	37.27	21.83	98964.15	1853	0	WinnieSzeto	
4139	1:32:32	1/1/2019 	5545277	904.00	112.00	32.33	21.83	98962.30	49830	0	WinnieSzeto	
4140	1:32:33	1/1/2019 	5546651	903.00	110.00	31.93	21.83	98960.50	97812	1	WinnieSzeto	
4141	1:32:34	1/1/2019 	5547074	445.00	8.00	12.45	21.83	98959.68	4459	0	WinnieSzeto	
4142	1:32:34	1/1/2019 	5547442	788.00	30.00	20.21	21.83	98958.70	1848	0	WinnieSzeto	
4143	1:32:34	1/1/2019 	5547587	468.00	8.00	12.60	21.83	98958.70	49829	0	WinnieSzeto	
4144	1:32:35	1/1/2019 	5548895	80.00	7.00	6.13	21.83	98956.90	49826	0	WinnieSzeto	
4145	1:32:36	1/1/2019 	5549162	970.00	524.00	90.20	21.83	98956.08	1851	1	WinnieSzeto	
4146	1:32:38	1/1/2019 	5551563	803.00	44.00	21.91	21.82	98952.44	145787	1	WinnieSzeto	
4147	1:32:39	1/1/2019 	5552416	977.00	672.00	121.22	21.82	98950.80	5474	0	WinnieSzeto	
4148	1:32:39	1/1/2019 	5552867	456.00	8.00	12.52	21.82	98950.80	49830	0	WinnieSzeto	
4149	1:32:40	1/1/2019 	5553056	960.00	221.00	47.38	21.82	98949.98	1848	1	WinnieSzeto	
4150	1:32:41	1/1/2019 	5554237	883.00	85.00	27.23	21.82	98947.97	49830	1	WinnieSzeto	
4151	1:32:42	1/1/2019 	5555324	85.00	8.00	6.24	21.82	98946.66	49831	0	WinnieSzeto	
4152	1:32:45	1/1/2019 	5558436	972.00	569.00	98.10	21.82	98941.70	145788	0	WinnieSzeto	
4153	1:32:46	1/1/2019 	5559061	348.00	8.00	11.64	21.82	98939.91	52425	0	WinnieSzeto	
4154	1:32:46	1/1/2019 	5559989	960.00	182.00	43.58	21.82	98938.73	49829	1	WinnieSzeto	
4155	1:32:48	1/1/2019 	5562016	73.00	8.00	6.02	21.81	98934.77	98597	0	WinnieSzeto	
4156	1:32:51	1/1/2019 	5564428	90.00	8.00	6.35	21.81	98930.28	97808	0	WinnieSzeto	
4157	1:32:51	1/1/2019 	5564564	965.00	246.00	49.82	21.81	98929.30	49827	1	WinnieSzeto	
4158	1:32:52	1/1/2019 	5565175	666.00	9.00	14.58	21.81	98928.31	1850	1	WinnieSzeto	
4159	1:32:52	1/1/2019 	5565553	158.00	8.00	8.24	21.81	98928.31	52667	0	WinnieSzeto	
4160	1:32:52	1/1/2019 	5565938	654.00	9.00	14.54	21.81	98926.98	1847	1	WinnieSzeto	
4161	1:32:54	1/1/2019 	5567161	966.00	323.00	60.99	21.81	98925.52	49829	1	WinnieSzeto	
4162	1:32:54	1/1/2019 	5567186	931.00	141.00	37.80	21.81	98925.52	1851	1	WinnieSzeto	
4163	1:32:55	1/1/2019 	5568176	968.00	397.00	73.88	21.80	98923.51	49828	0	WinnieSzeto	
4164	1:32:55	1/1/2019 	5568767	137.00	7.00	7.64	21.80	98922.48	49830	0	WinnieSzeto	
4165	1:32:56	1/1/2019 	5569594	804.00	45.00	22.01	21.80	98921.33	52421	1	WinnieSzeto	
4166	1:32:57	1/1/2019 	5570112	806.00	44.00	21.92	21.80	98920.30	2640	1	WinnieSzeto	
4167	1:32:57	1/1/2019 	5570418	648.00	9.00	14.51	21.80	98920.30	1852	0	WinnieSzeto	
4168	1:32:57	1/1/2019 	5570894	971.00	312.00	59.07	21.80	98919.81	49830	0	WinnieSzeto	
4169	1:33:00	1/1/2019 	5573052	750.00	20.00	18.15	21.79	98916.64	97810	1	WinnieSzeto	
4170	1:33:00	1/1/2019 	5573817	111.00	8.00	6.89	21.79	98915.98	49831	0	WinnieSzeto	
4171	1:33:01	1/1/2019 	5574357	929.00	143.00	38.14	21.79	98914.80	4606	1	WinnieSzeto	
4172	1:33:02	1/1/2019 	5575657	954.00	159.00	40.65	21.79	98912.45	97811	0	WinnieSzeto	
4173	1:33:03	1/1/2019 	5576405	972.00	335.00	63.15	21.79	98911.80	1853	0	WinnieSzeto	
4174	1:33:04	1/1/2019 	5577662	636.00	9.00	14.42	21.79	98910.44	97811	0	WinnieSzeto	
4175	1:33:06	1/1/2019 	5579674	969.00	323.00	60.99	21.78	98907.76	97810	1	WinnieSzeto	
4176	1:33:06	1/1/2019 	5579760	572.00	9.00	13.67	21.78	98907.76	2640	0	WinnieSzeto	
4177	1:33:07	1/1/2019 	5580174	972.00	421.00	77.33	21.78	98907.27	4456	1	WinnieSzeto	
4178	1:33:07	1/1/2019 	5580759	768.00	23.00	18.89	21.78	98906.78	49831	0	WinnieSzeto	
4179	1:33:09	1/1/2019 	5582870	954.00	168.00	41.89	21.78	98904.39	97807	1	WinnieSzeto	
4180	1:33:12	1/1/2019 	5585925	766.00	24.00	19.10	21.77	98901.20	145791	1	WinnieSzeto	
4181	1:33:13	1/1/2019 	5586172	957.00	180.00	43.35	21.77	98900.71	1852	1	WinnieSzeto	
4182	1:33:13	1/1/2019 	5586231	913.00	122.00	34.29	21.77	98900.71	4486	1	WinnieSzeto	
4183	1:33:14	1/1/2019 	5587369	832.00	65.00	24.18	21.77	98899.02	49829	1	WinnieSzeto	
4184	1:33:14	1/1/2019 	5587850	806.00	46.00	22.11	21.76	98898.16	49831	1	WinnieSzeto	
4185	1:33:19	1/1/2019 	5592155	797.00	39.00	21.38	21.75	98893.25	193765	1	WinnieSzeto	
4186	1:33:21	1/1/2019 	5594110	959.00	186.00	44.01	21.75	98891.06	98535	1	WinnieSzeto	
4187	1:33:23	1/1/2019 	5596654	126.00	8.00	7.32	21.74	98887.14	145785	0	WinnieSzeto	
4188	1:33:24	1/1/2019 	5597391	970.00	317.00	59.93	21.74	98886.48	4490	0	WinnieSzeto	
4189	1:33:25	1/1/2019 	5598086	974.00	618.00	109.03	21.74	98885.81	49830	1	WinnieSzeto	
4190	1:33:26	1/1/2019 	5599170	832.00	62.00	23.83	21.73	98884.45	49831	0	WinnieSzeto	
4191	1:33:27	1/1/2019 	5600192	761.00	22.00	18.65	21.73	98883.27	49830	0	WinnieSzeto	
4192	1:33:28	1/1/2019 	5601609	420.00	8.00	12.27	21.73	98880.75	98537	0	WinnieSzeto	
4193	1:33:29	1/1/2019 	5602192	805.00	49.00	22.41	21.73	98879.56	1848	1	WinnieSzeto	
4194	1:33:30	1/1/2019 	5603104	962.00	187.00	44.12	21.73	98879.06	52590	1	WinnieSzeto	
4195	1:33:30	1/1/2019 	5603956	140.00	8.00	7.73	21.72	98877.17	49830	0	WinnieSzeto	
4196	1:33:31	1/1/2019 	5604155	384.00	2.00	11.56	21.72	98877.17	1847	0	WinnieSzeto	
4197	1:33:33	1/1/2019 	5606388	817.00	55.00	23.03	21.72	98874.48	97807	0	WinnieSzeto	
4198	1:33:34	1/1/2019 	5607198	958.00	178.00	43.12	21.71	98872.77	49830	0	WinnieSzeto	
4199	1:33:34	1/1/2019 	5607263	179.00	8.00	8.80	21.71	98872.77	1851	0	WinnieSzeto	
4200	1:33:36	1/1/2019 	5609793	213.00	8.00	9.58	21.71	98870.23	148378	0	WinnieSzeto	
4201	1:33:37	1/1/2019 	5611004	930.00	146.00	38.64	21.70	98867.52	50555	1	WinnieSzeto	
4202	1:33:38	1/1/2019 	5611113	195.00	7.00	9.17	21.70	98867.52	1851	0	WinnieSzeto	
4203	1:33:39	1/1/2019 	5612607	975.00	634.00	112.65	21.70	98866.34	97810	1	WinnieSzeto	
4204	1:33:43	1/1/2019 	5616073	968.00	348.00	65.52	21.68	98861.02	145793	1	WinnieSzeto	
4205	1:33:44	1/1/2019 	5617778	715.00	13.00	16.01	21.68	98858.64	97811	0	WinnieSzeto	
4206	1:33:47	1/1/2019 	5620043	967.00	331.00	62.43	21.67	98855.74	100646	1	WinnieSzeto	
4207	1:33:47	1/1/2019 	5620360	933.00	146.00	38.64	21.67	98855.74	2580	1	WinnieSzeto	
4208	1:33:54	1/1/2019 	5627683	924.00	139.00	37.45	21.65	98847.06	385684	1	WinnieSzeto	
4209	1:33:57	1/1/2019 	5630700	909.00	116.00	33.12	21.64	98843.47	145791	1	WinnieSzeto	
4210	1:34:03	1/1/2019 	5636166	896.00	100.00	29.98	21.62	98837.48	242477	1	WinnieSzeto	
4211	1:34:03	1/1/2019 	5636322	708.00	12.00	15.66	21.62	98837.48	1853	0	WinnieSzeto	
4212	1:34:05	1/1/2019 	5638637	557.00	9.00	13.48	21.62	98835.98	148397	0	WinnieSzeto	
4213	1:34:12	1/1/2019 	5645444	916.00	129.00	35.62	21.60	98828.94	289729	1	WinnieSzeto	
4214	1:34:13	1/1/2019 	5646062	961.00	190.00	44.43	21.60	98828.44	50558	1	WinnieSzeto	
4215	1:34:13	1/1/2019 	5646390	894.00	100.00	29.97	21.60	98828.44	1852	0	WinnieSzeto	
4216	1:34:13	1/1/2019 	5646791	971.00	290.00	55.49	21.59	98827.61	49830	0	WinnieSzeto	
4217	1:34:17	1/1/2019 	5650171	866.00	80.00	26.36	21.58	98821.59	145789	0	WinnieSzeto	
4218	1:34:18	1/1/2019 	5651616	917.00	125.00	34.87	21.58	98818.55	101414	1	WinnieSzeto	
4219	1:34:20	1/1/2019 	5653582	182.00	7.00	8.86	21.58	98816.55	97809	1	WinnieSzeto	
4220	1:34:22	1/1/2019 	5655831	287.00	8.00	10.88	21.57	98812.83	97808	0	WinnieSzeto	
4221	1:34:25	1/1/2019 	5658042	508.00	8.00	12.89	21.56	98810.11	97809	0	WinnieSzeto	
4222	1:34:34	1/1/2019 	5667385	969.00	409.00	75.66	21.54	98801.61	433666	0	WinnieSzeto	
4223	1:34:36	1/1/2019 	5669190	961.00	199.00	45.33	21.54	98799.09	98538	1	WinnieSzeto	
4224	1:34:38	1/1/2019 	5671258	917.00	126.00	35.06	21.53	98797.03	100416	1	WinnieSzeto	
4225	1:34:39	1/1/2019 	5672935	753.00	20.00	18.16	21.53	98795.22	98536	0	WinnieSzeto	
4226	1:34:41	1/1/2019 	5674561	306.00	8.00	11.14	21.52	98792.67	97809	1	WinnieSzeto	
4227	1:34:42	1/1/2019 	5675192	649.00	10.00	14.80	21.52	98790.83	1849	0	WinnieSzeto	
4228	1:34:45	1/1/2019 	5678084	533.00	8.00	13.11	21.52	98787.66	145788	0	WinnieSzeto	
4229	1:34:56	1/1/2019 	5689199	785.00	32.00	20.49	21.49	98774.59	532367	1	WinnieSzeto	
4230	1:34:58	1/1/2019 	5691495	963.00	248.00	50.03	21.48	98772.06	98533	1	WinnieSzeto	
4231	1:34:58	1/1/2019 	5692014	954.00	156.00	40.21	21.48	98771.41	50556	1	WinnieSzeto	
4232	1:34:59	1/1/2019 	5692116	968.00	302.00	57.39	21.48	98771.41	1851	1	WinnieSzeto	
4233	1:34:59	1/1/2019 	5692628	956.00	164.00	41.35	21.48	98770.55	49828	1	WinnieSzeto	
4234	1:35:01	1/1/2019 	5694716	979.00	900.00	171.91	21.47	98767.67	97808	1	WinnieSzeto	
4235	1:35:03	1/1/2019 	5696816	196.00	8.00	9.21	21.47	98764.02	100416	0	WinnieSzeto	
4236	1:35:04	1/1/2019 	5697178	807.00	48.00	22.31	21.47	98764.02	1849	0	WinnieSzeto	
4237	1:35:04	1/1/2019 	5697650	976.00	326.00	61.53	21.47	98762.83	49829	1	WinnieSzeto	
4238	1:35:04	1/1/2019 	5697666	820.00	57.00	23.25	21.47	98762.83	1851	1	WinnieSzeto	
4239	1:35:14	1/1/2019 	5707594	786.00	34.00	20.76	21.44	98747.87	481628	1	WinnieSzeto	
4240	1:35:14	1/1/2019 	5707648	973.00	328.00	61.89	21.44	98747.87	2578	0	WinnieSzeto	
4241	1:35:15	1/1/2019 	5708943	885.00	94.00	28.82	21.43	98745.16	52665	1	WinnieSzeto	
4242	1:35:16	1/1/2019 	5709880	136.00	7.00	7.61	21.43	98744.50	49829	0	WinnieSzeto	
4243	1:35:18	1/1/2019 	5711819	899.00	106.00	31.14	21.43	98741.61	98533	1	WinnieSzeto	
4244	1:35:19	1/1/2019 	5712334	510.00	8.00	12.91	21.42	98740.78	1851	1	WinnieSzeto	
4245	1:35:19	1/1/2019 	5712490	182.00	8.00	8.87	21.42	98740.78	1849	0	WinnieSzeto	
4246	1:35:20	1/1/2019 	5713720	896.00	104.00	30.74	21.42	98739.27	97805	0	WinnieSzeto	
4247	1:35:26	1/1/2019 	5719422	726.00	15.00	16.69	21.40	98731.63	244351	0	WinnieSzeto	
4248	1:35:26	1/1/2019 	5719642	480.00	8.00	12.68	21.40	98730.77	49829	0	WinnieSzeto	
4249	1:35:28	1/1/2019 	5721941	809.00	50.00	22.51	21.39	98727.88	98538	0	WinnieSzeto	
4250	1:35:29	1/1/2019 	5722062	912.00	122.00	34.29	21.39	98727.88	1858	1	WinnieSzeto	
4251	1:35:31	1/1/2019 	5724635	878.00	87.00	27.55	21.39	98724.66	145791	1	WinnieSzeto	
4252	1:35:32	1/1/2019 	5725835	967.00	368.00	69.09	21.38	98722.63	49830	1	WinnieSzeto	
4253	1:35:32	1/1/2019 	5725968	893.00	99.00	29.78	21.38	98722.63	4468	1	WinnieSzeto	
4254	1:35:35	1/1/2019 	5728248	837.00	65.00	24.19	21.37	98719.06	97805	1	WinnieSzeto	
4255	1:35:36	1/1/2019 	5729174	872.00	78.00	26.07	21.37	98717.90	49828	0	WinnieSzeto	
4256	1:35:37	1/1/2019 	5730701	980.00	673.00	121.52	21.37	98715.84	97806	1	WinnieSzeto	
4257	1:35:38	1/1/2019 	5731305	645.00	9.00	14.49	21.37	98715.36	2579	1	WinnieSzeto	
4258	1:35:39	1/1/2019 	5732586	744.00	18.00	17.61	21.36	98713.78	97806	1	WinnieSzeto	
4259	1:35:40	1/1/2019 	5733418	964.00	282.00	54.30	21.36	98712.47	4458	0	WinnieSzeto	
4260	1:35:40	1/1/2019 	5733893	465.00	8.00	12.58	21.36	98711.59	49828	0	WinnieSzeto	
4261	1:35:45	1/1/2019 	5738678	961.00	185.00	43.91	21.35	98706.03	241733	1	WinnieSzeto	
4262	1:35:47	1/1/2019 	5740844	70.00	8.00	5.98	21.34	98702.81	97805	0	WinnieSzeto	
4263	1:35:49	1/1/2019 	5742097	952.00	160.00	40.80	21.33	98701.25	50551	1	WinnieSzeto	
4264	1:35:49	1/1/2019 	5742362	957.00	164.00	41.35	21.33	98700.05	1851	0	WinnieSzeto	
4265	1:35:49	1/1/2019 	5742915	411.00	8.00	12.21	21.33	98699.41	52587	0	WinnieSzeto	
4266	1:35:51	1/1/2019 	5744598	118.00	8.00	7.09	21.32	98696.67	97799	0	WinnieSzeto	
4267	1:35:51	1/1/2019 	5744603	955.00	158.00	40.51	21.32	98696.67	1848	1	WinnieSzeto	
4268	1:35:52	1/1/2019 	5745665	115.00	8.00	7.01	21.32	98695.16	49827	1	WinnieSzeto	
4269	1:35:55	1/1/2019 	5748335	726.00	15.00	16.69	21.31	98690.61	97801	0	WinnieSzeto	
4270	1:35:58	1/1/2019 	5750709	718.00	16.00	16.97	21.30	98687.39	145781	1	WinnieSzeto	
4271	1:35:59	1/1/2019 	5751812	502.00	8.00	12.84	21.30	98685.83	53392	0	WinnieSzeto	
4272	1:36:00	1/1/2019 	5753172	106.00	8.00	6.75	21.30	98684.64	49826	0	WinnieSzeto	
4273	1:36:00	1/1/2019 	5753188	822.00	55.00	23.04	21.30	98684.64	1849	1	WinnieSzeto	
4274	1:36:04	1/1/2019 	5757111	312.00	8.00	11.22	21.28	98678.66	193761	1	WinnieSzeto	
4275	1:36:04	1/1/2019 	5757434	786.00	31.00	20.35	21.28	98678.66	1849	1	WinnieSzeto	
4276	1:36:04	1/1/2019 	5757689	454.00	8.00	12.51	21.28	98677.95	49825	0	WinnieSzeto	
4277	1:36:05	1/1/2019 	5757855	85.00	7.00	6.23	21.28	98677.95	4588	0	WinnieSzeto	
4278	1:36:05	1/1/2019 	5758202	966.00	205.00	45.90	21.27	98677.12	1851	1	WinnieSzeto	
4279	1:36:06	1/1/2019 	5759083	906.00	111.00	32.14	21.27	98676.28	49830	0	WinnieSzeto	
4280	1:36:06	1/1/2019 	5759440	699.00	12.00	15.65	21.27	98675.95	1851	1	WinnieSzeto	
4281	1:36:07	1/1/2019 	5760205	803.00	49.00	22.40	21.27	98675.09	49827	0	WinnieSzeto	
4282	1:36:09	1/1/2019 	5762369	893.00	98.00	29.59	21.26	98671.88	98537	1	WinnieSzeto	
4283	1:36:09	1/1/2019 	5762424	485.00	8.00	12.72	21.26	98671.88	4464	0	WinnieSzeto	
4284	1:36:11	1/1/2019 	5764246	596.00	8.00	13.79	21.25	98669.61	97809	0	WinnieSzeto	
4285	1:36:13	1/1/2019 	5765967	683.00	10.00	14.94	21.25	98666.55	97807	1	WinnieSzeto	
4286	1:36:13	1/1/2019 	5766300	980.00	550.00	94.45	21.25	98666.55	1850	1	WinnieSzeto	
4287	1:36:15	1/1/2019 	5768321	98.00	8.00	6.54	21.24	98663.66	97808	0	WinnieSzeto	
4288	1:36:18	1/1/2019 	5771496	969.00	298.00	56.74	21.23	98659.45	148600	1	WinnieSzeto	
4289	1:36:28	1/1/2019 	5781683	823.00	56.00	23.15	21.19	98645.80	530337	1	WinnieSzeto	
4290	1:36:29	1/1/2019 	5782256	941.00	150.00	39.29	21.19	98645.30	2578	1	WinnieSzeto	
4291	1:36:30	1/1/2019 	5783582	238.00	8.00	10.08	21.19	98643.58	97809	0	WinnieSzeto	
4292	1:36:34	1/1/2019 	5786969	101.00	8.00	6.62	21.17	98638.95	145787	0	WinnieSzeto	
4293	1:36:37	1/1/2019 	5789874	950.00	157.00	40.36	21.17	98635.25	145788	1	WinnieSzeto	
4294	1:36:40	1/1/2019 	5792825	952.00	171.00	42.27	21.16	98631.52	149333	1	WinnieSzeto	
4295	1:36:40	1/1/2019 	5792963	838.00	61.00	23.72	21.16	98631.52	1852	1	WinnieSzeto	
4296	1:36:42	1/1/2019 	5794806	868.00	78.00	26.06	21.15	98628.33	97810	1	WinnieSzeto	
4297	1:36:43	1/1/2019 	5796330	171.00	7.00	8.58	21.15	98626.80	49830	0	WinnieSzeto	
4298	1:36:44	1/1/2019 	5797041	967.00	300.00	57.06	21.14	98625.44	49830	1	WinnieSzeto	
4299	1:36:47	1/1/2019 	5800007	976.00	644.00	115.02	21.13	98621.85	145791	1	WinnieSzeto	
4300	1:36:48	1/1/2019 	5800799	955.00	170.00	42.15	21.13	98621.52	53389	1	WinnieSzeto	
4301	1:36:48	1/1/2019 	5801081	183.00	7.00	8.89	21.13	98620.82	1852	0	WinnieSzeto	
4302	1:36:48	1/1/2019 	5801249	158.00	7.00	8.23	21.13	98620.82	1850	0	WinnieSzeto	
4303	1:36:49	1/1/2019 	5801734	943.00	151.00	39.45	21.13	98620.12	49831	1	WinnieSzeto	
4304	1:36:52	1/1/2019 	5804710	975.00	465.00	82.69	21.12	98616.19	145793	0	WinnieSzeto	
4305	1:36:53	1/1/2019 	5806457	73.00	7.00	6.02	21.11	98614.16	49830	0	WinnieSzeto	
4306	1:36:54	1/1/2019 	5806763	919.00	131.00	36.00	21.11	98614.16	52438	0	WinnieSzeto	
4307	1:36:54	1/1/2019 	5807442	182.00	7.00	8.86	21.11	98613.84	1852	0	WinnieSzeto	
4308	1:36:57	1/1/2019 	5810575	843.00	66.00	24.33	21.10	98609.76	193765	1	WinnieSzeto	
4309	1:36:58	1/1/2019 	5810871	964.00	314.00	59.41	21.10	98609.06	2584	1	WinnieSzeto	
4310	1:37:02	1/1/2019 	5815460	924.00	134.00	36.56	21.08	98602.60	193770	1	WinnieSzeto	
4311	1:37:02	1/1/2019 	5815563	933.00	143.00	38.14	21.08	98602.60	49832	1	WinnieSzeto	
4312	1:37:03	1/1/2019 	5816323	963.00	197.00	45.14	21.08	98600.95	4467	1	WinnieSzeto	
4313	1:37:04	1/1/2019 	5817326	926.00	140.00	37.62	21.08	98600.30	49831	1	WinnieSzeto	
4314	1:37:04	1/1/2019 	5817376	773.00	24.00	19.11	21.08	98600.30	1852	0	WinnieSzeto	
4315	1:37:05	1/1/2019 	5818042	792.00	31.00	20.36	21.08	98598.77	49828	0	WinnieSzeto	
4316	1:37:06	1/1/2019 	5819196	975.00	599.00	104.70	21.07	98596.75	49832	1	WinnieSzeto	
4317	1:37:11	1/1/2019 	5823762	822.00	61.00	23.69	21.06	98590.16	241746	0	WinnieSzeto	
4318	1:37:11	1/1/2019 	5824449	965.00	170.00	42.15	21.06	98589.83	5393	1	WinnieSzeto	
4319	1:37:12	1/1/2019 	5824725	966.00	225.00	47.75	21.06	98588.97	49830	1	WinnieSzeto	
4320	1:37:14	1/1/2019 	5826960	922.00	134.00	36.55	21.05	98585.59	97811	1	WinnieSzeto	
4321	1:37:15	1/1/2019 	5828667	779.00	29.00	20.03	21.04	98583.20	97808	0	WinnieSzeto	
4322	1:37:16	1/1/2019 	5829341	140.00	7.00	7.73	21.04	98582.55	1851	0	WinnieSzeto	
4323	1:37:18	1/1/2019 	5831676	898.00	100.00	29.98	21.04	98579.20	145784	1	WinnieSzeto	
4324	1:37:19	1/1/2019 	5831934	642.00	9.00	14.47	21.04	98578.55	5665	0	WinnieSzeto	
4325	1:37:20	1/1/2019 	5832749	903.00	108.00	31.54	21.03	98577.52	49830	0	WinnieSzeto	
4326	1:37:20	1/1/2019 	5833346	153.00	8.00	8.10	21.03	98576.66	1851	0	WinnieSzeto	
4327	1:37:22	1/1/2019 	5835425	877.00	86.00	27.38	21.02	98573.45	97804	1	WinnieSzeto	
4328	1:37:22	1/1/2019 	5835560	772.00	25.00	19.31	21.02	98573.45	49830	0	WinnieSzeto	
4329	1:37:22	1/1/2019 	5835602	741.00	17.00	17.32	21.02	98573.45	1849	0	WinnieSzeto	
4330	1:37:25	1/1/2019 	5837895	966.00	261.00	51.52	21.02	98570.20	100402	1	WinnieSzeto	
4331	1:37:26	1/1/2019 	5839428	767.00	24.00	19.10	21.01	98567.84	49831	0	WinnieSzeto	
4332	1:37:28	1/1/2019 	5841217	911.00	121.00	34.10	21.01	98565.63	97809	1	WinnieSzeto	
4333	1:37:28	1/1/2019 	5841690	90.00	7.00	6.34	21.00	98564.80	50556	0	WinnieSzeto	
4334	1:37:33	1/1/2019 	5846287	520.00	8.00	12.99	20.99	98557.83	193766	0	WinnieSzeto	
4335	1:37:34	1/1/2019 	5846924	967.00	301.00	57.22	20.98	98556.97	49827	1	WinnieSzeto	
4336	1:37:35	1/1/2019 	5847979	146.00	8.00	7.90	20.98	98555.44	52590	0	WinnieSzeto	
4337	1:37:39	1/1/2019 	5852069	372.00	8.00	11.88	20.97	98550.00	193764	0	WinnieSzeto	
4338	1:37:39	1/1/2019 	5852293	974.00	369.00	69.27	20.97	98550.00	2576	0	WinnieSzeto	
4339	1:37:40	1/1/2019 	5853424	861.00	79.00	26.19	20.96	98547.95	49830	1	WinnieSzeto	
4340	1:37:42	1/1/2019 	5855631	416.00	8.00	12.24	20.96	98545.42	145789	0	WinnieSzeto	
4341	1:37:43	1/1/2019 	5856149	87.00	8.00	6.28	20.96	98545.42	4457	1	WinnieSzeto	
4342	1:37:45	1/1/2019 	5857731	600.00	8.00	13.83	20.95	98542.86	97807	1	WinnieSzeto	
4343	1:37:45	1/1/2019 	5858309	610.00	9.00	14.15	20.95	98542.37	1850	0	WinnieSzeto	
4344	1:37:46	1/1/2019 	5858798	133.00	8.00	7.53	20.95	98541.34	49828	0	WinnieSzeto	
4345	1:37:48	1/1/2019 	5861058	811.00	55.00	23.02	20.94	98538.63	97808	0	WinnieSzeto	
4346	1:37:48	1/1/2019 	5861467	667.00	10.00	14.91	20.94	98537.80	2581	1	WinnieSzeto	
4347	1:37:49	1/1/2019 	5861867	922.00	136.00	36.91	20.94	98537.10	52445	1	WinnieSzeto	
4348	1:37:49	1/1/2019 	5862245	489.00	8.00	12.75	20.94	98537.10	1853	0	WinnieSzeto	
4349	1:37:51	1/1/2019 	5864194	838.00	67.00	24.44	20.93	98535.21	97804	0	WinnieSzeto	
4350	1:37:52	1/1/2019 	5865112	972.00	418.00	76.93	20.93	98534.05	49830	1	WinnieSzeto	
4351	1:37:52	1/1/2019 	5865702	790.00	32.00	20.50	20.93	98533.56	49832	1	WinnieSzeto	
4352	1:37:57	1/1/2019 	5870291	909.00	116.00	33.12	20.92	98527.83	193762	1	WinnieSzeto	
4353	1:37:58	1/1/2019 	5870862	180.00	10.00	8.84	20.91	98526.80	53375	0	WinnieSzeto	
4354	1:37:59	1/1/2019 	5872472	751.00	19.00	17.90	20.91	98524.42	49830	1	WinnieSzeto	
4355	1:38:02	1/1/2019 	5875009	899.00	106.00	31.14	20.90	98521.38	145789	1	WinnieSzeto	
4356	1:38:03	1/1/2019 	5875964	358.00	8.00	11.74	20.90	98520.67	49837	0	WinnieSzeto	
4357	1:38:04	1/1/2019 	5877218	898.00	104.00	30.75	20.89	98518.65	49828	1	WinnieSzeto	
4358	1:38:08	1/1/2019 	5881631	910.00	123.00	34.48	20.88	98513.43	241747	1	WinnieSzeto	
4359	1:38:11	1/1/2019 	5884058	968.00	438.00	79.52	20.87	98509.35	101504	1	WinnieSzeto	
4360	1:38:11	1/1/2019 	5884391	922.00	125.00	34.88	20.87	98509.35	1853	0	WinnieSzeto	
4361	1:38:12	1/1/2019 	5885178	921.00	132.00	36.19	20.87	98507.98	49829	1	WinnieSzeto	
4362	1:38:13	1/1/2019 	5886134	960.00	184.00	43.80	20.87	98507.28	49833	1	WinnieSzeto	
4363	1:38:13	1/1/2019 	5886181	844.00	67.00	24.46	20.87	98507.28	1852	1	WinnieSzeto	
4364	1:38:14	1/1/2019 	5887669	771.00	25.00	19.31	20.86	98506.75	97809	1	WinnieSzeto	
4365	1:38:16	1/1/2019 	5889465	952.00	159.00	40.65	20.86	98504.56	52426	1	WinnieSzeto	
4366	1:38:17	1/1/2019 	5889976	609.00	9.00	14.14	20.86	98503.53	49833	0	WinnieSzeto	
4367	1:38:17	1/1/2019 	5890634	973.00	383.00	71.64	20.85	98502.50	50556	1	WinnieSzeto	
4368	1:38:21	1/1/2019 	5893898	123.00	7.00	7.23	20.84	98497.41	145784	0	WinnieSzeto	
4369	1:38:23	1/1/2019 	5896371	803.00	37.00	21.16	20.84	98495.73	97807	0	WinnieSzeto	
4370	1:38:25	1/1/2019 	5897831	968.00	366.00	68.74	20.83	98493.84	97808	1	WinnieSzeto	
4371	1:38:25	1/1/2019 	5898328	169.00	8.00	8.54	20.83	98492.82	4613	0	WinnieSzeto	
4372	1:38:25	1/1/2019 	5898555	961.00	187.00	44.12	20.83	98492.82	49827	1	WinnieSzeto	
4373	1:38:28	1/1/2019 	5901164	154.00	7.00	8.12	20.82	98489.28	97809	0	WinnieSzeto	
4374	1:38:30	1/1/2019 	5903412	818.00	59.00	23.46	20.81	98487.05	98535	0	WinnieSzeto	
4375	1:38:31	1/1/2019 	5903974	970.00	457.00	81.77	20.81	98486.52	49831	1	WinnieSzeto	
4376	1:38:31	1/1/2019 	5904253	173.00	8.00	8.64	20.81	98486.52	1851	0	WinnieSzeto	
4377	1:38:32	1/1/2019 	5905656	701.00	12.00	15.66	20.81	98485.27	100415	0	WinnieSzeto	
4378	1:38:34	1/1/2019 	5907020	150.00	8.00	8.02	20.80	98483.95	49829	0	WinnieSzeto	
4379	1:38:38	1/1/2019 	5911334	966.00	237.00	48.90	20.79	98479.05	193765	1	WinnieSzeto	
4380	1:38:40	1/1/2019 	5913158	562.00	8.00	13.40	20.79	98477.16	98539	0	WinnieSzeto	
4381	1:38:42	1/1/2019 	5915572	753.00	21.00	18.40	20.78	98474.75	145786	1	WinnieSzeto	
4382	1:38:46	1/1/2019 	5919223	111.00	8.00	6.89	20.77	98472.64	145788	0	WinnieSzeto	
4383	1:38:48	1/1/2019 	5921701	794.00	41.00	21.58	20.76	98469.56	148402	1	WinnieSzeto	
4384	1:38:49	1/1/2019 	5921995	766.00	25.00	19.30	20.76	98469.56	2579	1	WinnieSzeto	
4385	1:38:50	1/1/2019 	5923103	894.00	101.00	30.16	20.76	98468.42	49830	0	WinnieSzeto	
4386	1:38:50	1/1/2019 	5923691	924.00	125.00	34.88	20.76	98468.27	49831	1	WinnieSzeto	
4387	1:38:53	1/1/2019 	5926165	962.00	285.00	54.73	20.75	98465.66	97808	1	WinnieSzeto	
4388	1:38:54	1/1/2019 	5926978	966.00	251.00	50.36	20.75	98465.50	49832	1	WinnieSzeto	
4389	1:38:54	1/1/2019 	5927103	919.00	129.00	35.63	20.75	98464.80	4462	1	WinnieSzeto	
4390	1:38:59	1/1/2019 	5932225	629.00	9.00	14.36	20.74	98460.23	241746	0	WinnieSzeto	
4391	1:38:59	1/1/2019 	5932450	975.00	325.00	61.35	20.74	98460.23	2577	1	WinnieSzeto	
4392	1:39:01	1/1/2019 	5934329	819.00	56.00	23.14	20.73	98458.13	97808	1	WinnieSzeto	
4393	1:39:02	1/1/2019 	5935144	117.00	8.00	7.06	20.73	98458.13	49830	0	WinnieSzeto	
4394	1:39:04	1/1/2019 	5936739	425.00	8.00	12.31	20.72	98457.74	100696	0	WinnieSzeto	
4395	1:39:04	1/1/2019 	5937094	112.00	7.00	6.92	20.72	98457.70	1849	1	WinnieSzeto	
4396	1:39:05	1/1/2019 	5937928	705.00	12.00	15.66	20.72	98457.53	49829	0	WinnieSzeto	
4397	1:39:09	1/1/2019 	5941884	870.00	84.00	27.02	20.71	98454.26	193766	1	WinnieSzeto	
4398	1:39:10	1/1/2019 	5942808	845.00	71.00	24.98	20.71	98452.58	50557	1	WinnieSzeto	
4399	1:39:13	1/1/2019 	5945777	302.00	8.00	11.09	20.70	98448.76	145786	0	WinnieSzeto	
4400	1:39:14	1/1/2019 	5947637	953.00	164.00	41.35	20.70	98446.27	100439	1	WinnieSzeto	
4401	1:39:15	1/1/2019 	5948292	783.00	29.00	20.04	20.70	98445.94	1852	0	WinnieSzeto	
4402	1:39:16	1/1/2019 	5949065	798.00	43.00	21.80	20.70	98445.23	49831	0	WinnieSzeto	
4403	1:39:17	1/1/2019 	5950068	692.00	11.00	15.30	20.69	98444.53	49831	1	WinnieSzeto	
4404	1:39:17	1/1/2019 	5950383	166.00	8.00	8.46	20.69	98444.53	2578	0	WinnieSzeto	
4405	1:39:19	1/1/2019 	5952436	856.00	75.00	25.58	20.69	98443.33	97805	1	WinnieSzeto	
4406	1:39:20	1/1/2019 	5953242	904.00	109.00	31.74	20.69	98442.80	52616	1	WinnieSzeto	
4407	1:39:20	1/1/2019 	5953555	372.00	9.00	11.93	20.69	98442.80	49830	0	WinnieSzeto	
4408	1:39:22	1/1/2019 	5955305	682.00	11.00	15.28	20.68	98441.28	49827	0	WinnieSzeto	
4409	1:39:23	1/1/2019 	5955734	476.00	8.00	12.66	20.68	98440.77	49830	0	WinnieSzeto	
4410	1:39:23	1/1/2019 	5955810	821.00	58.00	23.36	20.68	98440.77	1849	1	WinnieSzeto	
4411	1:39:24	1/1/2019 	5957691	142.00	7.00	7.78	20.68	98438.91	97807	0	WinnieSzeto	
4412	1:39:26	1/1/2019 	5959126	850.00	69.00	24.73	20.67	98438.70	52590	1	WinnieSzeto	
4413	1:39:27	1/1/2019 	5959767	300.00	8.00	11.06	20.67	98438.20	49830	0	WinnieSzeto	
4414	1:39:27	1/1/2019 	5960151	369.00	8.00	11.85	20.67	98438.20	2576	0	WinnieSzeto	
4415	1:39:32	1/1/2019 	5965128	871.00	82.00	26.70	20.66	98435.38	241741	1	WinnieSzeto	
4416	1:39:34	1/1/2019 	5967314	69.00	7.00	5.96	20.65	98433.66	97810	0	WinnieSzeto	
4417	1:39:41	1/1/2019 	5974255	956.00	180.00	43.35	20.64	98428.52	337702	1	WinnieSzeto	
4418	1:39:46	1/1/2019 	5978810	950.00	160.00	40.80	20.63	98426.89	245291	0	WinnieSzeto	
4419	1:39:46	1/1/2019 	5978949	979.00	533.00	91.58	20.63	98426.89	1852	1	WinnieSzeto	
4420	1:39:47	1/1/2019 	5979809	847.00	71.00	24.99	20.63	98427.02	49829	1	WinnieSzeto	
4421	1:39:49	1/1/2019 	5982010	821.00	58.00	23.36	20.62	98426.27	98533	1	WinnieSzeto	
4422	1:39:49	1/1/2019 	5982390	943.00	151.00	39.45	20.62	98426.27	1850	0	WinnieSzeto	
4423	1:39:51	1/1/2019 	5983902	226.00	8.00	9.85	20.62	98425.72	97807	0	WinnieSzeto	
4424	1:39:51	1/1/2019 	5984465	872.00	83.00	26.86	20.62	98425.72	4460	1	WinnieSzeto	
4425	1:39:52	1/1/2019 	5984968	957.00	170.00	42.15	20.61	98425.34	49828	0	WinnieSzeto	
4426	1:39:53	1/1/2019 	5985923	784.00	27.00	19.71	20.61	98425.13	49831	1	WinnieSzeto	
4427	1:39:54	1/1/2019 	5987122	959.00	168.00	41.89	20.61	98425.09	49830	0	WinnieSzeto	
4428	1:39:54	1/1/2019 	5987594	970.00	260.00	51.40	20.61	98425.41	49831	1	WinnieSzeto	
4429	1:39:55	1/1/2019 	5987724	766.00	24.00	19.10	20.61	98425.41	1851	1	WinnieSzeto	
4430	1:39:56	1/1/2019 	5988816	855.00	75.00	25.57	20.61	98425.39	52417	1	WinnieSzeto	
4431	1:39:57	1/1/2019 	5989922	529.00	8.00	13.07	20.60	98425.19	49830	0	WinnieSzeto	
4432	1:39:58	1/1/2019 	5991398	545.00	8.00	13.22	20.60	98424.28	50555	0	WinnieSzeto	
4433	1:39:59	1/1/2019 	5992291	798.00	42.00	21.70	20.60	98424.09	49827	1	WinnieSzeto	
4434	1:40:00	1/1/2019 	5992903	258.00	8.00	10.43	20.60	98423.94	49830	1	WinnieSzeto	
4435	1:40:01	1/1/2019 	5993896	668.00	10.00	14.91	20.59	98423.43	49829	1	WinnieSzeto	
4436	1:40:02	1/1/2019 	5994862	641.00	9.00	14.46	20.59	98423.05	52440	0	WinnieSzeto	
4437	1:40:04	1/1/2019 	5996936	979.00	641.00	114.35	20.59	98421.82	97810	1	WinnieSzeto	
4438	1:40:05	1/1/2019 	5998359	565.00	8.00	13.44	20.58	98421.15	49830	0	WinnieSzeto	
4439	1:40:09	1/1/2019 	6002105	758.00	22.00	18.65	20.57	98419.00	193759	0	WinnieSzeto	
4440	1:40:10	1/1/2019 	6002823	423.00	8.00	12.30	20.57	98419.17	50557	0	WinnieSzeto	
4441	1:40:12	1/1/2019 	6005060	957.00	166.00	41.62	20.57	98417.09	97805	1	WinnieSzeto	
4442	1:40:12	1/1/2019 	6005653	637.00	9.00	14.43	20.57	98416.77	52461	1	WinnieSzeto	
4443	1:40:17	1/1/2019 	6010582	920.00	129.00	35.63	20.55	98413.33	241742	1	WinnieSzeto	
4444	1:40:20	1/1/2019 	6013591	206.00	8.00	9.43	20.55	98411.76	146510	0	WinnieSzeto	
4445	1:40:24	1/1/2019 	6016828	963.00	298.00	56.74	20.54	98409.52	145781	1	WinnieSzeto	
4446	1:40:24	1/1/2019 	6016858	159.00	7.00	8.26	20.54	98409.52	1851	0	WinnieSzeto	
4447	1:40:25	1/1/2019 	6017707	969.00	208.00	46.18	20.54	98409.20	49825	1	WinnieSzeto	
4448	1:40:26	1/1/2019 	6018712	886.00	97.00	29.38	20.54	98408.66	52440	1	WinnieSzeto	
4449	1:40:29	1/1/2019 	6021855	967.00	328.00	61.89	20.53	98406.45	145782	0	WinnieSzeto	
4450	1:40:30	1/1/2019 	6023051	88.00	8.00	6.30	20.53	98405.24	50556	0	WinnieSzeto	
4451	1:40:37	1/1/2019 	6030647	897.00	103.00	30.56	20.51	98400.45	385664	0	WinnieSzeto	
4452	1:40:38	1/1/2019 	6031271	198.00	8.00	9.25	20.51	98400.12	2581	0	WinnieSzeto	
4453	1:40:43	1/1/2019 	6036124	125.00	7.00	7.29	20.50	98393.77	244350	0	WinnieSzeto	
4454	1:40:43	1/1/2019 	6036557	972.00	295.00	56.26	20.50	98392.95	49830	1	WinnieSzeto	
4455	1:40:48	1/1/2019 	6041104	982.00	703.00	126.96	20.49	98385.98	193763	1	WinnieSzeto	
4456	1:40:51	1/1/2019 	6044164	940.00	148.00	38.97	20.49	98385.12	146513	1	WinnieSzeto	
4457	1:40:52	1/1/2019 	6044827	676.00	10.00	14.93	20.49	98385.56	49829	1	WinnieSzeto	
4458	1:40:52	1/1/2019 	6045479	900.00	100.00	29.99	20.49	98385.89	1852	0	WinnieSzeto	
4459	1:40:54	1/1/2019 	6047160	967.00	278.00	53.73	20.49	98385.03	100414	1	WinnieSzeto	
4460	1:40:55	1/1/2019 	6047741	708.00	13.00	16.01	20.48	98384.00	49829	1	WinnieSzeto	
4461	1:40:55	1/1/2019 	6047789	966.00	212.00	46.55	20.48	98384.00	1852	1	WinnieSzeto	
4462	1:40:56	1/1/2019 	6049075	106.00	7.00	6.75	20.48	98381.20	49828	1	WinnieSzeto	
4463	1:40:59	1/1/2019 	6052031	768.00	24.00	19.10	20.48	98376.91	145784	1	WinnieSzeto	
4464	1:40:59	1/1/2019 	6052075	566.00	6.00	13.13	20.48	98376.91	2577	0	WinnieSzeto	
4465	1:40:59	1/1/2019 	6052264	736.00	16.00	17.01	20.48	98376.91	4457	1	WinnieSzeto	
4466	1:41:01	1/1/2019 	6054107	917.00	124.00	34.68	20.47	98373.10	97806	0	WinnieSzeto	
4467	1:41:02	1/1/2019 	6055385	752.00	21.00	18.40	20.47	98371.61	49830	0	WinnieSzeto	
4468	1:41:02	1/1/2019 	6055465	926.00	132.00	36.19	20.47	98371.61	1850	1	WinnieSzeto	
4469	1:41:02	1/1/2019 	6055909	968.00	193.00	44.74	20.47	98370.59	49829	0	WinnieSzeto	
4470	1:41:04	1/1/2019 	6057693	884.00	93.00	28.63	20.46	98367.88	97807	1	WinnieSzeto	
4471	1:41:04	1/1/2019 	6057826	879.00	84.00	27.05	20.46	98367.39	4438	0	WinnieSzeto	
4472	1:41:07	1/1/2019 	6060362	970.00	547.00	93.88	20.46	98364.06	97806	1	WinnieSzeto	
4473	1:41:10	1/1/2019 	6063105	78.00	7.00	6.10	20.45	98360.50	146511	0	WinnieSzeto	
4474	1:41:14	1/1/2019 	6067857	926.00	140.00	37.62	20.44	98355.61	241737	1	WinnieSzeto	
4475	1:41:20	1/1/2019 	6073111	865.00	78.00	26.05	20.43	98350.96	241735	1	WinnieSzeto	
4476	1:41:25	1/1/2019 	6078273	568.00	8.00	13.47	20.42	98346.72	242464	0	WinnieSzeto	
4477	1:41:25	1/1/2019 	6078358	972.00	307.00	58.22	20.42	98346.02	4458	1	WinnieSzeto	
4478	1:41:25	1/1/2019 	6078811	70.00	8.00	5.98	20.42	98346.02	49828	0	WinnieSzeto	
4479	1:41:26	1/1/2019 	6079162	792.00	37.00	21.14	20.42	98345.70	1847	1	WinnieSzeto	
4480	1:41:30	1/1/2019 	6083713	698.00	12.00	15.65	20.41	98341.18	241740	0	WinnieSzeto	
4481	1:41:30	1/1/2019 	6084013	144.00	8.00	7.85	20.41	98341.02	2577	0	WinnieSzeto	
4482	1:41:32	1/1/2019 	6085274	196.00	12.00	9.25	20.41	98339.83	49826	0	WinnieSzeto	
4483	1:41:33	1/1/2019 	6086587	961.00	257.00	51.04	20.41	98338.64	100414	1	WinnieSzeto	
4484	1:41:34	1/1/2019 	6087488	766.00	24.00	19.10	20.41	98337.62	1851	0	WinnieSzeto	
4485	1:41:35	1/1/2019 	6088894	410.00	8.00	12.20	20.40	98336.12	97806	0	WinnieSzeto	
4486	1:41:37	1/1/2019 	6090326	913.00	122.00	34.29	20.40	98335.11	49832	1	WinnieSzeto	
4487	1:41:38	1/1/2019 	6091721	650.00	9.00	14.52	20.40	98333.41	98533	0	WinnieSzeto	
4488	1:41:39	1/1/2019 	6092198	889.00	93.00	28.65	20.40	98332.92	1852	1	WinnieSzeto	
4489	1:41:39	1/1/2019 	6092993	356.00	8.00	11.72	20.39	98332.25	52439	0	WinnieSzeto	
4490	1:41:40	1/1/2019 	6093385	866.00	80.00	26.36	20.39	98331.76	1849	0	WinnieSzeto	
4491	1:41:41	1/1/2019 	6094222	629.00	9.00	14.36	20.39	98330.89	49829	0	WinnieSzeto	
4492	1:41:41	1/1/2019 	6094321	640.00	9.00	14.45	20.39	98330.89	1850	0	WinnieSzeto	
4493	1:41:42	1/1/2019 	6095418	816.00	59.00	23.45	20.39	98329.71	49827	0	WinnieSzeto	
4494	1:41:42	1/1/2019 	6095852	740.00	17.00	17.32	20.39	98329.22	49828	1	WinnieSzeto	
4495	1:41:43	1/1/2019 	6096175	320.00	8.00	11.32	20.39	98328.52	4459	0	WinnieSzeto	
4496	1:41:48	1/1/2019 	6101253	947.00	153.00	39.76	20.38	98324.49	241734	1	WinnieSzeto	
4497	1:41:48	1/1/2019 	6101445	703.00	12.00	15.66	20.38	98324.49	2580	0	WinnieSzeto	
4498	1:41:49	1/1/2019 	6102263	202.00	8.00	9.34	20.38	98323.30	49827	0	WinnieSzeto	
4499	1:41:52	1/1/2019 	6105497	922.00	137.00	37.09	20.37	98320.63	145781	0	WinnieSzeto	
4500	1:41:54	1/1/2019 	6107843	410.00	8.00	12.20	20.37	98319.28	145784	0	WinnieSzeto	
4501	1:41:55	1/1/2019 	6108376	862.00	76.00	25.74	20.37	98318.91	4457	0	WinnieSzeto	
4502	1:41:56	1/1/2019 	6109316	801.00	48.00	22.30	20.37	98318.58	49830	1	WinnieSzeto	
4503	1:42:00	1/1/2019 	6113080	900.00	106.00	31.14	20.36	98315.38	193763	1	WinnieSzeto	
4504	1:42:00	1/1/2019 	6113750	950.00	153.00	39.76	20.36	98314.83	50560	1	WinnieSzeto	
4505	1:42:02	1/1/2019 	6115957	173.00	8.00	8.64	20.35	98312.98	97805	0	WinnieSzeto	
4506	1:42:02	1/1/2019 	6115964	169.00	7.00	8.53	20.35	98312.98	1850	1	WinnieSzeto	
4507	1:42:02	1/1/2019 	6116004	297.00	8.00	11.02	20.35	98312.98	4459	0	WinnieSzeto	
4508	1:42:07	1/1/2019 	6120074	807.00	44.00	21.92	20.34	98309.60	193760	0	WinnieSzeto	
4509	1:42:07	1/1/2019 	6120249	731.00	15.00	16.69	20.34	98309.60	2579	1	WinnieSzeto	
4510	1:42:07	1/1/2019 	6120605	134.00	7.00	7.55	20.34	98309.06	49829	0	WinnieSzeto	
4511	1:42:08	1/1/2019 	6121360	978.00	709.00	128.02	20.34	98308.73	1851	0	WinnieSzeto	
4512	1:42:08	1/1/2019 	6121764	260.00	8.00	10.46	20.34	98308.04	52460	0	WinnieSzeto	
4513	1:42:13	1/1/2019 	6126679	150.00	8.00	8.02	20.33	98304.34	241738	0	WinnieSzeto	
4514	1:42:14	1/1/2019 	6127326	365.00	8.00	11.81	20.33	98303.81	1848	0	WinnieSzeto	
4515	1:42:15	1/1/2019 	6128822	967.00	309.00	58.56	20.33	98302.65	97803	1	WinnieSzeto	
4516	1:42:17	1/1/2019 	6130615	757.00	20.00	18.17	20.32	98301.45	97806	0	WinnieSzeto	
4517	1:42:17	1/1/2019 	6130914	764.00	21.00	18.42	20.32	98301.45	2577	1	WinnieSzeto	
4518	1:42:17	1/1/2019 	6130969	966.00	215.00	46.82	20.32	98301.45	4375	1	WinnieSzeto	
4519	1:42:21	1/1/2019 	6134485	963.00	203.00	45.71	20.32	98302.14	145782	1	WinnieSzeto	
4520	1:42:23	1/1/2019 	6136310	658.00	9.00	14.56	20.31	98304.08	97808	1	WinnieSzeto	
4521	1:42:28	1/1/2019 	6141876	159.00	9.00	8.27	20.31	98314.58	289719	0	WinnieSzeto	
4522	1:42:33	1/1/2019 	6146054	179.00	7.00	8.79	20.30	98307.89	194490	0	WinnieSzeto	
4523	1:42:40	1/1/2019 	6153188	229.00	8.00	9.91	20.28	98296.75	337695	0	WinnieSzeto	
4524	1:42:40	1/1/2019 	6153316	968.00	202.00	45.62	20.28	98296.75	5307	1	WinnieSzeto	
4525	1:42:40	1/1/2019 	6153871	715.00	13.00	16.01	20.28	98295.39	49828	1	WinnieSzeto	
4526	1:42:41	1/1/2019 	6154645	817.00	59.00	23.46	20.28	98294.41	49828	1	WinnieSzeto	
4527	1:42:45	1/1/2019 	6158120	882.00	90.00	28.09	20.27	98286.47	145783	0	WinnieSzeto	
4528	1:42:45	1/1/2019 	6158830	192.00	8.00	9.11	20.27	98284.66	49828	0	WinnieSzeto	
4529	1:42:50	1/1/2019 	6163230	962.00	186.00	44.01	20.26	98278.85	193755	1	WinnieSzeto	
4530	1:42:54	1/1/2019 	6167634	134.00	7.00	7.55	20.26	98273.52	245198	0	WinnieSzeto	
4531	1:42:55	1/1/2019 	6168388	354.00	8.00	11.70	20.26	98272.88	1854	0	WinnieSzeto	
4532	1:42:56	1/1/2019 	6169041	560.00	8.00	13.38	20.26	98272.22	49832	0	WinnieSzeto	
4533	1:42:56	1/1/2019 	6169785	152.00	8.00	8.07	20.25	98270.38	49828	0	WinnieSzeto	
4534	1:42:57	1/1/2019 	6170419	773.00	26.00	19.50	20.25	98269.72	2578	0	WinnieSzeto	
4535	1:43:00	1/1/2019 	6173808	813.00	51.00	22.62	20.25	98266.58	193762	0	WinnieSzeto	
4536	1:43:01	1/1/2019 	6174285	910.00	117.00	33.32	20.25	98265.76	4377	0	WinnieSzeto	
4537	1:43:06	1/1/2019 	6179877	915.00	126.00	35.06	20.25	98260.97	289718	1	WinnieSzeto	
4538	1:43:10	1/1/2019 	6183486	964.00	257.00	51.04	20.24	98257.77	146514	1	WinnieSzeto	
4539	1:43:10	1/1/2019 	6183951	956.00	158.00	40.51	20.24	98257.45	49828	1	WinnieSzeto	
4540	1:43:11	1/1/2019 	6185025	699.00	12.00	15.65	20.24	98256.91	49829	0	WinnieSzeto	
4541	1:43:12	1/1/2019 	6185318	176.00	7.00	8.71	20.24	98256.42	1850	0	WinnieSzeto	
4542	1:43:12	1/1/2019 	6185961	135.00	7.00	7.58	20.24	98255.93	52418	0	WinnieSzeto	
4543	1:43:18	1/1/2019 	6191587	964.00	297.00	56.58	20.23	98251.95	289718	1	WinnieSzeto	
4544	1:43:18	1/1/2019 	6191646	618.00	9.00	14.24	20.23	98251.95	2579	0	WinnieSzeto	
4545	1:43:19	1/1/2019 	6192127	909.00	114.00	32.73	20.23	98251.47	1849	1	WinnieSzeto	
4546	1:43:20	1/1/2019 	6193094	954.00	165.00	41.49	20.23	98250.14	49828	1	WinnieSzeto	
4547	1:43:20	1/1/2019 	6193120	841.00	67.00	24.45	20.23	98250.14	1852	1	WinnieSzeto	
4548	1:43:25	1/1/2019 	6198343	470.00	8.00	12.62	20.23	98247.32	244328	1	WinnieSzeto	
4549	1:43:25	1/1/2019 	6198414	74.00	8.00	6.03	20.23	98247.32	1848	0	WinnieSzeto	
4550	1:43:25	1/1/2019 	6198816	377.00	8.00	11.92	20.23	98246.83	49825	0	WinnieSzeto	
4551	1:43:26	1/1/2019 	6199086	586.00	9.00	13.84	20.23	98246.83	1848	0	WinnieSzeto	
4552	1:43:26	1/1/2019 	6199093	978.00	441.00	79.90	20.23	98246.83	1851	1	WinnieSzeto	
4553	1:43:27	1/1/2019 	6200737	790.00	31.00	20.36	20.23	98244.98	97804	0	WinnieSzeto	
4554	1:43:29	1/1/2019 	6202805	646.00	9.00	14.50	20.23	98243.36	101332	0	WinnieSzeto	
4555	1:43:30	1/1/2019 	6203358	91.00	7.00	6.37	20.23	98242.87	1850	0	WinnieSzeto	
4556	1:43:31	1/1/2019 	6204618	685.00	10.00	14.94	20.23	98241.73	97807	1	WinnieSzeto	
4557	1:43:32	1/1/2019 	6205167	392.00	8.00	12.06	20.23	98240.89	1850	0	WinnieSzeto	
4558	1:43:34	1/1/2019 	6207132	886.00	90.00	28.10	20.23	98239.09	97805	1	WinnieSzeto	
4559	1:43:35	1/1/2019 	6208834	681.00	10.00	14.94	20.22	98238.08	97808	0	WinnieSzeto	
4560	1:43:38	1/1/2019 	6211073	248.00	8.00	10.26	20.22	98236.12	100394	0	WinnieSzeto	
4561	1:43:39	1/1/2019 	6212298	800.00	50.00	22.49	20.22	98235.09	50615	0	WinnieSzeto	
4562	1:43:39	1/1/2019 	6212941	127.00	8.00	7.35	20.22	98234.77	49829	0	WinnieSzeto	
4563	1:43:41	1/1/2019 	6214156	761.00	22.00	18.65	20.22	98233.74	49826	1	WinnieSzeto	
4564	1:43:42	1/1/2019 	6215765	312.00	8.00	11.22	20.22	98233.09	97804	0	WinnieSzeto	
4565	1:43:43	1/1/2019 	6216092	923.00	135.00	36.74	20.22	98232.59	1849	1	WinnieSzeto	
4566	1:43:43	1/1/2019 	6216138	571.00	9.00	13.65	20.22	98232.59	4459	0	WinnieSzeto	
4567	1:43:43	1/1/2019 	6216626	983.00	607.00	106.47	20.22	98232.27	49829	1	WinnieSzeto	
4568	1:43:45	1/1/2019 	6218988	964.00	287.00	55.03	20.22	98230.62	97811	1	WinnieSzeto	
4569	1:43:47	1/1/2019 	6220266	318.00	8.00	11.29	20.22	98229.81	49834	0	WinnieSzeto	
4570	1:43:47	1/1/2019 	6220411	888.00	92.00	28.47	20.22	98229.81	2637	0	WinnieSzeto	
4571	1:43:47	1/1/2019 	6220460	962.00	167.00	41.76	20.22	98229.81	1849	1	WinnieSzeto	
4572	1:43:47	1/1/2019 	6220849	884.00	92.00	28.45	20.21	98229.11	52438	1	WinnieSzeto	
4573	1:43:49	1/1/2019 	6222614	793.00	38.00	21.26	20.21	98227.80	97806	1	WinnieSzeto	
4574	1:43:49	1/1/2019 	6222626	614.00	8.00	13.98	20.21	98227.80	1850	1	WinnieSzeto	
4575	1:43:49	1/1/2019 	6222790	961.00	182.00	43.58	20.21	98227.80	1848	1	WinnieSzeto	
4576	1:43:50	1/1/2019 	6223150	178.00	8.00	8.77	20.21	98227.48	1850	0	WinnieSzeto	
4577	1:43:53	1/1/2019 	6226264	933.00	144.00	38.31	20.21	98227.10	145782	0	WinnieSzeto	
4578	1:43:54	1/1/2019 	6227219	100.00	8.00	6.59	20.21	98227.22	52416	0	WinnieSzeto	
4579	1:43:55	1/1/2019 	6228245	685.00	10.00	14.94	20.21	98228.53	49827	0	WinnieSzeto	
4580	1:43:56	1/1/2019 	6229122	856.00	76.00	25.72	20.21	98229.78	49829	1	WinnieSzeto	
4581	1:43:56	1/1/2019 	6229128	599.00	8.00	13.82	20.21	98229.78	1851	0	WinnieSzeto	
4582	1:43:57	1/1/2019 	6230612	642.00	9.00	14.47	20.21	98230.77	97803	0	WinnieSzeto	
4583	1:43:59	1/1/2019 	6232663	646.00	9.00	14.50	20.20	98232.22	98595	0	WinnieSzeto	
4584	1:43:59	1/1/2019 	6233008	976.00	456.00	81.66	20.20	98232.05	4482	1	WinnieSzeto	
4585	1:44:04	1/1/2019 	6237715	701.00	12.00	15.66	20.20	98231.36	241736	0	WinnieSzeto	
4586	1:44:05	1/1/2019 	6239005	157.00	8.00	8.21	20.20	98230.50	49828	1	WinnieSzeto	
4587	1:44:06	1/1/2019 	6239588	466.00	9.00	12.67	20.20	98230.17	49828	0	WinnieSzeto	
4588	1:44:08	1/1/2019 	6241440	770.00	24.00	19.11	20.20	98228.33	50618	1	WinnieSzeto	
4589	1:44:08	1/1/2019 	6241629	906.00	113.00	32.53	20.20	98228.33	52436	1	WinnieSzeto	
4590	1:44:09	1/1/2019 	6242098	705.00	13.00	16.00	20.20	98227.52	1851	0	WinnieSzeto	
4591	1:44:10	1/1/2019 	6243823	85.00	8.00	6.24	20.19	98225.89	97805	0	WinnieSzeto	
4592	1:44:10	1/1/2019 	6243998	306.00	8.00	11.14	20.19	98225.89	1849	0	WinnieSzeto	
4593	1:44:12	1/1/2019 	6245379	794.00	40.00	21.48	20.19	98224.75	49825	0	WinnieSzeto	
4594	1:44:13	1/1/2019 	6246055	975.00	512.00	88.44	20.19	98224.05	49827	1	WinnieSzeto	
4595	1:44:14	1/1/2019 	6247267	798.00	42.00	21.70	20.19	98223.40	52414	1	WinnieSzeto	
4596	1:44:15	1/1/2019 	6248725	702.00	12.00	15.66	20.19	98221.72	97807	1	WinnieSzeto	
4597	1:44:21	1/1/2019 	6254553	913.00	126.00	35.06	20.18	98217.86	289710	1	WinnieSzeto	
4598	1:44:23	1/1/2019 	6256562	957.00	180.00	43.35	20.18	98220.47	98594	1	WinnieSzeto	
4599	1:44:33	1/1/2019 	6266217	177.00	8.00	8.75	20.17	98213.75	433650	0	WinnieSzeto	
4600	1:44:34	1/1/2019 	6267655	410.00	8.00	12.20	20.17	98213.09	98592	0	WinnieSzeto	
4601	1:44:35	1/1/2019 	6268034	158.00	8.00	8.24	20.17	98213.25	4479	0	WinnieSzeto	
4602	1:44:35	1/1/2019 	6268410	910.00	113.00	32.54	20.17	98213.25	1848	0	WinnieSzeto	
4603	1:44:35	1/1/2019 	6268617	741.00	17.00	17.32	20.17	98212.77	49829	1	WinnieSzeto	
4604	1:44:36	1/1/2019 	6269738	658.00	9.00	14.56	20.17	98212.88	49829	0	WinnieSzeto	
4605	1:44:42	1/1/2019 	6275790	968.00	369.00	69.27	20.16	98207.78	290513	1	WinnieSzeto	
4606	1:44:44	1/1/2019 	6277345	925.00	138.00	37.27	20.16	98206.10	49831	1	WinnieSzeto	
4607	1:44:44	1/1/2019 	6278011	527.00	8.00	13.05	20.16	98205.45	52437	0	WinnieSzeto	
4608	1:44:45	1/1/2019 	6278136	848.00	67.00	24.47	20.16	98205.45	1847	0	WinnieSzeto	
4609	1:44:46	1/1/2019 	6279087	968.00	397.00	73.88	20.16	98203.98	49831	1	WinnieSzeto	
4610	1:44:46	1/1/2019 	6279840	73.00	7.00	6.02	20.16	98203.33	49829	0	WinnieSzeto	
4611	1:44:49	1/1/2019 	6282034	918.00	123.00	34.49	20.16	98201.35	98595	1	WinnieSzeto	
4612	1:44:49	1/1/2019 	6282945	798.00	43.00	21.80	20.16	98200.49	49831	0	WinnieSzeto	
4613	1:44:51	1/1/2019 	6284420	842.00	66.00	24.33	20.16	98200.33	52436	0	WinnieSzeto	
4614	1:44:51	1/1/2019 	6284893	970.00	298.00	56.74	20.16	98200.16	49830	1	WinnieSzeto	
4615	1:44:54	1/1/2019 	6287328	96.00	8.00	6.49	20.15	98198.66	97806	0	WinnieSzeto	
4616	1:44:56	1/1/2019 	6289181	445.00	8.00	12.45	20.15	98197.30	97803	0	WinnieSzeto	
4617	1:45:01	1/1/2019 	6294407	75.00	8.00	6.05	20.15	98192.05	241742	0	WinnieSzeto	
4618	1:45:01	1/1/2019 	6294752	808.00	35.00	20.93	20.15	98191.23	50613	0	WinnieSzeto	
4619	1:45:03	1/1/2019 	6296365	966.00	347.00	65.33	20.14	98188.73	52441	1	WinnieSzeto	
4620	1:45:04	1/1/2019 	6297769	922.00	135.00	36.73	20.14	98187.59	97810	0	WinnieSzeto	
4621	1:45:05	1/1/2019 	6298908	393.00	8.00	12.06	20.14	98185.75	49830	0	WinnieSzeto	
4622	1:45:10	1/1/2019 	6303643	172.00	8.00	8.62	20.14	98185.04	241740	0	WinnieSzeto	
4623	1:45:11	1/1/2019 	6304936	951.00	152.00	39.60	20.14	98185.36	50615	0	WinnieSzeto	
4624	1:45:11	1/1/2019 	6304950	896.00	94.00	28.86	20.14	98185.36	1853	0	WinnieSzeto	
4625	1:45:12	1/1/2019 	6305893	676.00	10.00	14.93	20.13	98186.46	52438	1	WinnieSzeto	
4626	1:45:13	1/1/2019 	6306742	209.00	8.00	9.50	20.13	98190.05	49830	1	WinnieSzeto	
4627	1:45:14	1/1/2019 	6307252	796.00	35.00	20.91	20.13	98190.05	1849	1	WinnieSzeto	
4628	1:45:14	1/1/2019 	6307604	945.00	151.00	39.45	20.13	98191.69	49829	1	WinnieSzeto	
4629	1:45:16	1/1/2019 	6309220	536.00	9.00	13.25	20.13	98195.11	49830	1	WinnieSzeto	
4630	1:45:17	1/1/2019 	6310229	123.00	8.00	7.24	20.13	98195.23	49828	0	WinnieSzeto	
4631	1:45:21	1/1/2019 	6314127	383.00	8.00	11.98	20.13	98193.21	197155	0	WinnieSzeto	
4632	1:45:21	1/1/2019 	6314766	802.00	39.00	21.39	20.13	98192.88	49827	0	WinnieSzeto	
4633	1:45:24	1/1/2019 	6317258	964.00	287.00	55.03	20.12	98189.58	97807	1	WinnieSzeto	
4634	1:45:25	1/1/2019 	6318710	164.00	8.00	8.40	20.12	98187.08	97808	0	WinnieSzeto	
4635	1:45:27	1/1/2019 	6320642	554.00	8.00	13.32	20.12	98186.55	97806	0	WinnieSzeto	
4636	1:45:27	1/1/2019 	6320817	715.00	13.00	16.01	20.12	98186.55	2638	0	WinnieSzeto	
4637	1:45:27	1/1/2019 	6320880	74.00	8.00	6.03	20.12	98186.55	4480	0	WinnieSzeto	
4638	1:45:31	1/1/2019 	6324673	952.00	161.00	40.94	20.11	98180.61	193763	0	WinnieSzeto	
4639	1:45:31	1/1/2019 	6324719	219.00	6.00	9.68	20.11	98180.61	1851	0	WinnieSzeto	
4640	1:45:33	1/1/2019 	6326310	836.00	62.00	23.83	20.11	98178.77	49827	1	WinnieSzeto	
4641	1:45:33	1/1/2019 	6326586	350.00	8.00	11.66	20.11	98178.77	49830	0	WinnieSzeto	
4642	1:45:34	1/1/2019 	6327070	532.00	9.00	13.21	20.11	98178.28	1848	0	WinnieSzeto	
4643	1:45:35	1/1/2019 	6328925	69.00	8.00	5.97	20.11	98177.12	100398	0	WinnieSzeto	
4644	1:45:36	1/1/2019 	6329441	826.00	58.00	23.37	20.11	98177.12	1855	1	WinnieSzeto	
4645	1:45:36	1/1/2019 	6329714	733.00	15.00	16.69	20.11	98176.80	49834	0	WinnieSzeto	
4646	1:45:37	1/1/2019 	6330392	159.00	8.00	8.27	20.11	98176.62	2640	0	WinnieSzeto	
4647	1:45:37	1/1/2019 	6330473	613.00	8.00	13.97	20.11	98176.62	1855	0	WinnieSzeto	
4648	1:45:37	1/1/2019 	6330716	336.00	9.00	11.55	20.11	98175.77	49832	0	WinnieSzeto	
4649	1:45:39	1/1/2019 	6332332	956.00	172.00	42.40	20.11	98175.61	108961	1	WinnieSzeto	
4650	1:45:39	1/1/2019 	6332377	123.00	8.00	7.24	20.11	98175.61	1852	0	WinnieSzeto	
4651	1:45:41	1/1/2019 	6334384	796.00	39.00	21.37	20.10	98175.75	97806	0	WinnieSzeto	
4652	1:45:41	1/1/2019 	6334979	544.00	9.00	13.34	20.10	98175.75	49829	0	WinnieSzeto	
4653	1:45:42	1/1/2019 	6335565	945.00	151.00	39.45	20.10	98176.03	49829	0	WinnieSzeto	
4654	1:45:44	1/1/2019 	6337845	345.00	8.00	11.61	20.10	98177.02	97808	0	WinnieSzeto	
4655	1:45:45	1/1/2019 	6338983	92.00	8.00	6.39	20.10	98175.38	52419	0	WinnieSzeto	
4656	1:45:46	1/1/2019 	6339743	941.00	149.00	39.13	20.10	98175.05	49832	1	WinnieSzeto	
4657	1:45:47	1/1/2019 	6340942	136.00	8.00	7.62	20.10	98174.77	50618	0	WinnieSzeto	
4658	1:45:47	1/1/2019 	6341006	803.00	40.00	21.50	20.10	98174.77	1848	0	WinnieSzeto	
4659	1:45:48	1/1/2019 	6341355	717.00	14.00	16.35	20.10	98175.27	1851	0	WinnieSzeto	
4660	1:45:50	1/1/2019 	6343401	688.00	10.00	14.94	20.11	98182.30	97807	0	WinnieSzeto	
4661	1:45:51	1/1/2019 	6344637	898.00	102.00	30.37	20.11	98187.89	100417	1	WinnieSzeto	
4662	1:45:51	1/1/2019 	6344776	869.00	74.00	25.47	20.11	98187.89	1851	1	WinnieSzeto	
4663	1:45:51	1/1/2019 	6344779	160.00	7.00	8.29	20.11	98187.89	1850	0	WinnieSzeto	
4664	1:45:51	1/1/2019 	6344979	634.00	9.00	14.40	20.11	98187.89	1850	0	WinnieSzeto	
4665	1:45:52	1/1/2019 	6346015	146.00	8.00	7.90	20.11	98193.11	49828	0	WinnieSzeto	
4666	1:45:53	1/1/2019 	6346108	193.00	8.00	9.14	20.11	98195.55	1848	0	WinnieSzeto	
4667	1:45:53	1/1/2019 	6346116	821.00	55.00	23.04	20.11	98195.55	4457	0	WinnieSzeto	
4668	1:45:53	1/1/2019 	6346446	863.00	76.00	25.74	20.11	98195.55	1850	1	WinnieSzeto	
4669	1:45:54	1/1/2019 	6347627	592.00	9.00	13.92	20.11	98199.48	97806	0	WinnieSzeto	
4670	1:45:55	1/1/2019 	6348376	593.00	10.00	14.10	20.11	98202.58	1850	0	WinnieSzeto	
4671	1:45:56	1/1/2019 	6349083	239.00	8.00	10.10	20.11	98204.22	49830	0	WinnieSzeto	
4672	1:45:57	1/1/2019 	6350586	94.00	7.00	6.44	20.11	98205.69	97806	0	WinnieSzeto	
4673	1:45:57	1/1/2019 	6350735	89.00	8.00	6.32	20.11	98205.69	5262	0	WinnieSzeto	
4674	1:46:00	1/1/2019 	6352781	793.00	40.00	21.48	20.11	98204.06	97805	0	WinnieSzeto	
4675	1:46:00	1/1/2019 	6353495	673.00	10.00	14.93	20.11	98202.92	1851	0	WinnieSzeto	
4676	1:46:01	1/1/2019 	6354192	105.00	8.00	6.73	20.11	98202.09	49828	0	WinnieSzeto	
4677	1:46:02	1/1/2019 	6354850	916.00	120.00	33.91	20.11	98201.28	49826	0	WinnieSzeto	
4678	1:46:02	1/1/2019 	6354932	715.00	12.00	15.66	20.11	98201.28	4440	0	WinnieSzeto	
4679	1:46:02	1/1/2019 	6355135	733.00	16.00	17.01	20.11	98200.30	1850	0	WinnieSzeto	
4680	1:46:02	1/1/2019 	6355180	290.00	8.00	10.92	20.11	98200.30	1848	0	WinnieSzeto	
4681	1:46:02	1/1/2019 	6355672	328.00	8.00	11.41	20.11	98199.33	49827	0	WinnieSzeto	
4682	1:46:03	1/1/2019 	6356701	444.00	9.00	12.52	20.11	98197.05	49827	0	WinnieSzeto	
4683	1:46:04	1/1/2019 	6357040	748.00	19.00	17.89	20.11	98197.05	1850	1	WinnieSzeto	
4684	1:46:05	1/1/2019 	6358252	677.00	10.00	14.94	20.11	98194.11	52418	0	WinnieSzeto	
4685	1:46:05	1/1/2019 	6358329	535.00	8.00	13.13	20.11	98192.47	1850	0	WinnieSzeto	
4686	1:46:05	1/1/2019 	6358580	965.00	178.00	43.12	20.11	98192.47	49828	1	WinnieSzeto	
4687	1:46:06	1/1/2019 	6358998	568.00	8.00	13.47	20.11	98191.00	1850	0	WinnieSzeto	
4688	1:46:07	1/1/2019 	6359840	69.00	8.00	5.97	20.11	98189.54	49827	0	WinnieSzeto	
4689	1:46:07	1/1/2019 	6359941	226.00	8.00	9.85	20.11	98189.54	2636	0	WinnieSzeto	
4690	1:46:07	1/1/2019 	6360038	913.00	110.00	31.96	20.11	98188.07	4455	0	WinnieSzeto	
4691	1:46:07	1/1/2019 	6360101	830.00	66.00	24.30	20.11	98188.07	1851	0	WinnieSzeto	
4692	1:46:07	1/1/2019 	6360608	704.00	12.00	15.66	20.11	98186.92	49828	0	WinnieSzeto	
4693	1:46:08	1/1/2019 	6360861	453.00	8.00	12.50	20.11	98186.92	1849	0	WinnieSzeto	
4694	1:46:08	1/1/2019 	6361159	146.00	8.00	7.90	20.11	98185.28	1849	0	WinnieSzeto	
4695	1:46:08	1/1/2019 	6361167	665.00	10.00	14.90	20.11	98185.28	1848	0	WinnieSzeto	
4696	1:46:08	1/1/2019 	6361208	610.00	9.00	14.15	20.11	98185.28	4459	0	WinnieSzeto	
4697	1:46:09	1/1/2019 	6362706	952.00	165.00	41.49	20.11	98182.52	97805	1	WinnieSzeto	
4698	1:46:10	1/1/2019 	6363007	206.00	8.00	9.43	20.11	98180.73	1851	0	WinnieSzeto	
4699	1:46:10	1/1/2019 	6363316	123.00	8.00	7.24	20.11	98179.09	1848	0	WinnieSzeto	
4700	1:46:10	1/1/2019 	6363414	835.00	63.00	23.95	20.11	98179.09	1847	0	WinnieSzeto	
4701	1:46:11	1/1/2019 	6364146	98.00	7.00	6.54	20.11	98177.79	49829	0	WinnieSzeto	
4702	1:46:12	1/1/2019 	6365399	966.00	328.00	61.89	20.11	98175.02	52399	0	WinnieSzeto	
4703	1:46:12	1/1/2019 	6365650	700.00	12.00	15.65	20.11	98174.03	49830	1	WinnieSzeto	
4704	1:46:14	1/1/2019 	6366854	76.00	8.00	6.07	20.11	98173.38	49828	0	WinnieSzeto	
4705	1:46:14	1/1/2019 	6367240	207.00	8.00	9.45	20.11	98173.88	1850	0	WinnieSzeto	
4706	1:46:14	1/1/2019 	6367464	281.00	8.00	10.79	20.11	98173.88	1854	0	WinnieSzeto	
4707	1:46:15	1/1/2019 	6368225	433.00	8.00	12.37	20.11	98173.88	49834	0	WinnieSzeto	
4708	1:46:16	1/1/2019 	6369342	566.00	9.00	13.59	20.11	98174.36	52403	0	WinnieSzeto	
4709	1:46:17	1/1/2019 	6370294	167.00	8.00	8.48	20.11	98175.67	49829	0	WinnieSzeto	
4710	1:46:17	1/1/2019 	6370724	974.00	379.00	70.98	20.11	98175.67	50617	0	WinnieSzeto	
4711	1:46:19	1/1/2019 	6372104	108.00	9.00	6.81	20.11	98175.02	49828	0	WinnieSzeto	
4712	1:46:19	1/1/2019 	6372347	90.00	7.00	6.34	20.11	98174.69	1850	0	WinnieSzeto	
4713	1:46:20	1/1/2019 	6373253	114.00	8.00	6.98	20.11	98174.34	49827	0	WinnieSzeto	
4714	1:46:21	1/1/2019 	6374080	800.00	39.00	21.38	20.11	98173.20	52437	1	WinnieSzeto	
4715	1:46:21	1/1/2019 	6374145	184.00	8.00	8.92	20.11	98173.20	1852	0	WinnieSzeto	
4716	1:46:21	1/1/2019 	6374203	675.00	10.00	14.93	20.11	98173.20	1847	0	WinnieSzeto	
4717	1:46:21	1/1/2019 	6374569	341.00	8.00	11.56	20.11	98171.90	49829	0	WinnieSzeto	
4718	1:46:22	1/1/2019 	6375346	682.00	11.00	15.28	20.11	98170.92	1847	0	WinnieSzeto	
4719	1:46:22	1/1/2019 	6375570	543.00	8.00	13.20	20.11	98169.57	49830	0	WinnieSzeto	
4720	1:46:23	1/1/2019 	6376072	201.00	8.00	9.32	20.11	98169.41	4436	0	WinnieSzeto	
4721	1:46:23	1/1/2019 	6376290	938.00	146.00	38.64	20.11	98169.41	1848	0	WinnieSzeto	
4722	1:46:23	1/1/2019 	6376313	966.00	269.00	52.52	20.11	98169.41	1849	1	WinnieSzeto	
4723	1:46:23	1/1/2019 	6376369	636.00	9.00	14.42	20.11	98169.41	1850	0	WinnieSzeto	
4724	1:46:24	1/1/2019 	6377393	252.00	7.00	10.30	20.11	98168.27	49828	0	WinnieSzeto	
4725	1:46:25	1/1/2019 	6377989	326.00	8.00	11.39	20.11	98167.45	49831	0	WinnieSzeto	
4726	1:46:25	1/1/2019 	6378185	770.00	24.00	19.11	20.11	98167.45	4437	1	WinnieSzeto	
4727	1:46:25	1/1/2019 	6378587	822.00	57.00	23.25	20.11	98166.47	49830	0	WinnieSzeto	
4728	1:46:26	1/1/2019 	6379124	150.00	8.00	8.02	20.11	98165.81	1850	0	WinnieSzeto	
4729	1:46:26	1/1/2019 	6379147	653.00	9.00	14.54	20.11	98165.81	1847	0	WinnieSzeto	
4730	1:46:26	1/1/2019 	6379571	140.00	8.00	7.73	20.11	98165.33	49828	0	WinnieSzeto	
4731	1:46:28	1/1/2019 	6381038	153.00	8.00	8.10	20.11	98167.28	50616	0	WinnieSzeto	
4732	1:46:29	1/1/2019 	6381785	918.00	130.00	35.81	20.11	98168.75	52503	1	WinnieSzeto	
4733	1:46:29	1/1/2019 	6381803	794.00	44.00	21.89	20.11	98168.75	1852	0	WinnieSzeto	
4734	1:46:29	1/1/2019 	6382418	76.00	8.00	6.07	20.11	98169.73	1849	0	WinnieSzeto	
4735	1:46:30	1/1/2019 	6382878	959.00	180.00	43.35	20.11	98170.22	49827	1	WinnieSzeto	
4736	1:46:31	1/1/2019 	6384317	87.00	8.00	6.28	20.11	98172.18	49831	0	WinnieSzeto	
4737	1:46:31	1/1/2019 	6384752	854.00	71.00	25.01	20.11	98174.30	49827	0	WinnieSzeto	
4738	1:46:32	1/1/2019 	6385085	960.00	286.00	54.88	20.11	98176.09	4504	0	WinnieSzeto	
4739	1:46:32	1/1/2019 	6385097	792.00	30.00	20.21	20.11	98176.09	1851	0	WinnieSzeto	
4740	1:46:35	1/1/2019 	6388045	213.00	8.00	9.58	20.11	98177.89	145787	0	WinnieSzeto	
4741	1:46:35	1/1/2019 	6388235	899.00	102.00	30.37	20.11	98177.89	1849	1	WinnieSzeto	
4742	1:46:35	1/1/2019 	6388363	138.00	8.00	7.67	20.11	98177.56	1851	0	WinnieSzeto	
4743	1:46:36	1/1/2019 	6389670	656.00	9.00	14.55	20.11	98178.27	97806	0	WinnieSzeto	
4744	1:46:38	1/1/2019 	6390972	213.00	7.00	9.57	20.11	98178.75	53227	0	WinnieSzeto	
4745	1:46:38	1/1/2019 	6391593	105.00	7.00	6.72	20.11	98177.23	49829	0	WinnieSzeto	
4746	1:46:39	1/1/2019 	6392580	801.00	48.00	22.30	20.11	98176.59	49828	1	WinnieSzeto	
4747	1:46:40	1/1/2019 	6393282	252.00	8.00	10.33	20.11	98174.14	1850	0	WinnieSzeto	
4748	1:46:40	1/1/2019 	6393591	190.00	8.00	9.07	20.11	98174.14	49829	0	WinnieSzeto	
4749	1:46:41	1/1/2019 	6394096	424.00	8.00	12.30	20.11	98173.37	1848	0	WinnieSzeto	
4750	1:46:41	1/1/2019 	6394667	146.00	8.00	7.90	20.11	98172.72	52415	0	WinnieSzeto	
4751	1:46:45	1/1/2019 	6397975	822.00	58.00	23.36	20.11	98170.88	145785	1	WinnieSzeto	
4752	1:46:46	1/1/2019 	6399029	118.00	8.00	7.09	20.11	98168.43	49832	0	WinnieSzeto	
4753	1:46:49	1/1/2019 	6402755	198.00	8.00	9.25	20.11	98161.25	193759	0	WinnieSzeto	
4754	1:46:50	1/1/2019 	6403066	586.00	9.00	13.84	20.11	98161.25	2636	0	WinnieSzeto	
4755	1:46:51	1/1/2019 	6404477	799.00	39.00	21.38	20.11	98159.78	49828	1	WinnieSzeto	
4756	1:46:51	1/1/2019 	6404622	890.00	93.00	28.66	20.11	98159.78	52460	1	WinnieSzeto	
4757	1:46:52	1/1/2019 	6405048	328.00	8.00	11.41	20.11	98159.45	1851	0	WinnieSzeto	
4758	1:46:52	1/1/2019 	6405596	71.00	8.00	5.99	20.11	98159.29	49827	1	WinnieSzeto	
4759	1:46:53	1/1/2019 	6406047	424.00	8.00	12.30	20.11	98159.12	1850	0	WinnieSzeto	
4760	1:46:53	1/1/2019 	6406092	360.00	8.00	11.76	20.11	98159.12	1855	0	WinnieSzeto	
4761	1:46:54	1/1/2019 	6407660	796.00	37.00	21.15	20.11	98156.84	97808	1	WinnieSzeto	
4762	1:46:54	1/1/2019 	6407726	890.00	98.00	29.58	20.11	98156.84	4437	1	WinnieSzeto	
4763	1:46:55	1/1/2019 	6408697	961.00	270.00	52.65	20.11	98155.70	49830	1	WinnieSzeto	
4764	1:46:56	1/1/2019 	6409153	820.00	57.00	23.25	20.11	98155.09	1852	0	WinnieSzeto	
4765	1:46:57	1/1/2019 	6409995	916.00	138.00	37.26	20.11	98154.44	49829	0	WinnieSzeto	
4766	1:46:58	1/1/2019 	6410907	212.00	8.00	9.56	20.11	98154.77	50618	0	WinnieSzeto	
4767	1:46:58	1/1/2019 	6411696	133.00	8.00	7.53	20.11	98158.36	49826	0	WinnieSzeto	
4768	1:46:59	1/1/2019 	6412404	794.00	36.00	21.03	20.11	98160.80	4456	0	WinnieSzeto	
4769	1:47:00	1/1/2019 	6413241	790.00	29.00	20.05	20.11	98165.53	49830	0	WinnieSzeto	
4770	1:47:01	1/1/2019 	6414180	953.00	168.00	41.89	20.11	98166.52	49830	1	WinnieSzeto	
4771	1:47:01	1/1/2019 	6414301	72.00	7.00	6.00	20.11	98166.52	1851	0	WinnieSzeto	
4772	1:47:02	1/1/2019 	6415214	866.00	80.00	26.36	20.11	98167.49	49829	0	WinnieSzeto	
4773	1:47:03	1/1/2019 	6416264	965.00	215.00	46.82	20.11	98165.66	49831	0	WinnieSzeto	
4774	1:47:03	1/1/2019 	6416364	197.00	8.00	9.23	20.11	98165.66	4438	0	WinnieSzeto	
4775	1:47:04	1/1/2019 	6417186	690.00	11.00	15.30	20.11	98162.23	49826	0	WinnieSzeto	
4776	1:47:05	1/1/2019 	6418612	78.00	7.00	6.10	20.11	98158.15	97808	0	WinnieSzeto	
4777	1:47:06	1/1/2019 	6418805	704.00	12.00	15.66	20.11	98156.19	1850	1	WinnieSzeto	
4778	1:47:06	1/1/2019 	6419065	584.00	9.00	13.82	20.11	98156.19	1849	0	WinnieSzeto	
4779	1:47:06	1/1/2019 	6419733	200.00	8.00	9.30	20.10	98153.56	49829	0	WinnieSzeto	
4780	1:47:08	1/1/2019 	6420832	277.00	8.00	10.73	20.10	98148.50	53222	0	WinnieSzeto	
4781	1:47:08	1/1/2019 	6420993	241.00	8.00	10.13	20.10	98145.73	1850	0	WinnieSzeto	
4782	1:47:08	1/1/2019 	6421660	962.00	171.00	42.27	20.10	98142.80	49825	1	WinnieSzeto	
4783	1:47:09	1/1/2019 	6421874	111.00	8.00	6.89	20.10	98142.80	1850	0	WinnieSzeto	
4784	1:47:09	1/1/2019 	6422065	100.00	8.00	6.59	20.10	98142.80	1849	0	WinnieSzeto	
4785	1:47:09	1/1/2019 	6422155	170.00	8.00	8.56	20.10	98139.81	1848	0	WinnieSzeto	
4786	1:47:10	1/1/2019 	6422998	854.00	74.00	25.43	20.10	98137.20	52436	1	WinnieSzeto	
4787	1:47:11	1/1/2019 	6424142	435.00	8.00	12.38	20.10	98132.63	49830	0	WinnieSzeto	
4788	1:47:11	1/1/2019 	6424710	463.00	9.00	12.65	20.10	98130.14	49827	0	WinnieSzeto	
4789	1:47:13	1/1/2019 	6426102	686.00	11.00	15.29	20.10	98123.94	49827	0	WinnieSzeto	
4790	1:47:13	1/1/2019 	6426730	176.00	8.00	8.72	20.10	98121.61	49829	0	WinnieSzeto	
4791	1:47:15	1/1/2019 	6428155	868.00	81.00	26.53	20.10	98118.52	49825	0	WinnieSzeto	
4792	1:47:15	1/1/2019 	6428554	168.00	8.00	8.51	20.09	98116.70	52416	0	WinnieSzeto	
4793	1:47:16	1/1/2019 	6429280	971.00	327.00	61.71	20.09	98115.23	1847	0	WinnieSzeto	
4794	1:47:18	1/1/2019 	6431060	426.00	8.00	12.32	20.09	98110.83	97807	0	WinnieSzeto	
4795	1:47:18	1/1/2019 	6431353	890.00	91.00	28.29	20.09	98110.83	2641	0	WinnieSzeto	
4796	1:47:18	1/1/2019 	6431583	540.00	9.00	13.29	20.09	98109.64	49827	0	WinnieSzeto	
4797	1:47:20	1/1/2019 	6433002	974.00	525.00	90.32	20.09	98107.64	49828	1	WinnieSzeto	
4798	1:47:21	1/1/2019 	6434157	813.00	55.00	23.02	20.09	98106.33	52446	1	WinnieSzeto	
4799	1:47:22	1/1/2019 	6435685	988.00	969.00	346.82	20.08	98103.30	97809	0	WinnieSzeto	
4800	1:47:25	1/1/2019 	6438161	951.00	157.00	40.36	20.08	98101.17	97809	0	WinnieSzeto	
4801	1:47:25	1/1/2019 	6438398	79.00	8.00	6.12	20.08	98101.17	1852	0	WinnieSzeto	
4802	1:47:25	1/1/2019 	6438475	952.00	152.00	39.60	20.08	98101.17	1848	0	WinnieSzeto	
4803	1:47:26	1/1/2019 	6439379	288.00	8.00	10.89	20.08	98099.98	49830	0	WinnieSzeto	
4804	1:47:27	1/1/2019 	6440640	261.00	8.00	10.48	20.08	98098.47	100395	0	WinnieSzeto	
4805	1:47:29	1/1/2019 	6442706	158.00	8.00	8.24	20.07	98096.12	98600	0	WinnieSzeto	
4806	1:47:30	1/1/2019 	6443343	616.00	9.00	14.22	20.07	98095.62	1855	0	WinnieSzeto	
4807	1:47:32	1/1/2019 	6445125	74.00	8.00	6.03	20.07	98093.47	97813	0	WinnieSzeto	
4808	1:47:32	1/1/2019 	6445703	182.00	8.00	8.87	20.07	98093.14	49827	1	WinnieSzeto	
4809	1:47:34	1/1/2019 	6446944	159.00	8.00	8.27	20.07	98091.79	49826	0	WinnieSzeto	
4810	1:47:34	1/1/2019 	6447326	649.00	9.00	14.52	20.07	98091.30	4465	0	WinnieSzeto	
4811	1:47:34	1/1/2019 	6447601	761.00	21.00	18.42	20.06	98090.30	49830	0	WinnieSzeto	
4812	1:47:36	1/1/2019 	6449422	378.00	8.00	11.93	20.06	98088.30	49830	0	WinnieSzeto	
4813	1:47:37	1/1/2019 	6450165	565.00	9.00	13.58	20.06	98088.14	49827	0	WinnieSzeto	
4814	1:47:39	1/1/2019 	6451935	899.00	104.00	30.75	20.06	98087.27	98597	0	WinnieSzeto	
4815	1:47:39	1/1/2019 	6452043	906.00	110.00	31.94	20.06	98087.59	1851	1	WinnieSzeto	
4816	1:47:39	1/1/2019 	6452405	686.00	11.00	15.29	20.06	98087.59	4459	0	WinnieSzeto	
4817	1:47:40	1/1/2019 	6452917	976.00	544.00	93.40	20.05	98087.05	49829	1	WinnieSzeto	
4818	1:47:40	1/1/2019 	6453098	568.00	8.00	13.47	20.05	98087.05	1852	0	WinnieSzeto	
4819	1:47:41	1/1/2019 	6454305	806.00	50.00	22.51	20.05	98088.36	49828	1	WinnieSzeto	
4820	1:47:42	1/1/2019 	6454824	347.00	8.00	11.63	20.05	98088.84	49829	0	WinnieSzeto	
4821	1:47:42	1/1/2019 	6455067	279.00	8.00	10.76	20.05	98088.84	1849	0	WinnieSzeto	
4822	1:47:43	1/1/2019 	6456319	73.00	8.00	6.02	20.05	98088.80	52413	0	WinnieSzeto	
4823	1:47:44	1/1/2019 	6457586	436.00	8.00	12.39	20.05	98088.14	97805	0	WinnieSzeto	
4824	1:47:44	1/1/2019 	6457716	776.00	26.00	19.51	20.05	98088.14	1849	0	WinnieSzeto	
4825	1:47:45	1/1/2019 	6458012	400.00	9.00	12.18	20.05	98088.14	1849	0	WinnieSzeto	
4826	1:47:45	1/1/2019 	6458209	77.00	8.00	6.08	20.05	98087.59	1851	0	WinnieSzeto	
4827	1:47:45	1/1/2019 	6458250	926.00	130.00	35.83	20.05	98087.59	1847	1	WinnieSzeto	
4828	1:47:46	1/1/2019 	6459067	200.00	8.00	9.30	20.05	98087.11	52416	0	WinnieSzeto	
4829	1:47:47	1/1/2019 	6460701	965.00	278.00	53.73	20.04	98085.59	97807	1	WinnieSzeto	
4830	1:47:48	1/1/2019 	6461116	232.00	8.00	9.97	20.04	98084.73	2643	0	WinnieSzeto	
4831	1:47:49	1/1/2019 	6462150	517.00	8.00	12.97	20.04	98084.36	49826	0	WinnieSzeto	
4832	1:47:50	1/1/2019 	6463477	830.00	63.00	23.94	20.04	98084.20	49826	0	WinnieSzeto	
4833	1:47:52	1/1/2019 	6464986	134.00	8.00	7.56	20.04	98083.05	97807	0	WinnieSzeto	
4834	1:47:52	1/1/2019 	6465094	158.00	8.00	8.24	20.04	98083.05	4466	0	WinnieSzeto	
4835	1:47:52	1/1/2019 	6465493	881.00	88.00	27.74	20.03	98082.18	1849	1	WinnieSzeto	
4836	1:47:53	1/1/2019 	6465871	555.00	9.00	13.46	20.03	98082.18	49829	0	WinnieSzeto	
4837	1:47:53	1/1/2019 	6466098	665.00	10.00	14.90	20.03	98082.02	1851	1	WinnieSzeto	
4838	1:47:53	1/1/2019 	6466245	624.00	9.00	14.31	20.03	98082.02	1851	0	WinnieSzeto	
4839	1:47:54	1/1/2019 	6467338	196.00	8.00	9.21	20.03	98081.00	49827	0	WinnieSzeto	
4840	1:47:54	1/1/2019 	6467431	90.00	8.00	6.35	20.03	98081.00	4435	0	WinnieSzeto	
4841	1:47:56	1/1/2019 	6469763	132.00	8.00	7.50	20.03	98078.48	145780	0	WinnieSzeto	
4842	1:47:58	1/1/2019 	6471356	677.00	11.00	15.26	20.02	98076.34	50621	1	WinnieSzeto	
4843	1:47:58	1/1/2019 	6471565	967.00	249.00	50.14	20.02	98075.86	49829	0	WinnieSzeto	
4844	1:48:00	1/1/2019 	6473061	552.00	8.00	13.30	20.02	98074.67	49829	1	WinnieSzeto	
4845	1:48:00	1/1/2019 	6473762	806.00	37.00	21.17	20.02	98073.70	49829	0	WinnieSzeto	
4846	1:48:01	1/1/2019 	6473959	965.00	244.00	49.61	20.02	98073.70	4466	1	WinnieSzeto	
4847	1:48:01	1/1/2019 	6474172	853.00	69.00	24.74	20.02	98073.70	1852	0	WinnieSzeto	
4848	1:48:03	1/1/2019 	6475813	660.00	10.00	14.87	20.02	98071.85	97808	0	WinnieSzeto	
4849	1:48:03	1/1/2019 	6475839	792.00	34.00	20.78	20.02	98071.85	1851	1	WinnieSzeto	
4850	1:48:04	1/1/2019 	6476851	692.00	11.00	15.30	20.02	98070.67	49830	0	WinnieSzeto	
4851	1:48:04	1/1/2019 	6477255	867.00	80.00	26.36	20.02	98070.18	1852	1	WinnieSzeto	
4852	1:48:04	1/1/2019 	6477298	454.00	8.00	12.51	20.02	98070.18	4437	0	WinnieSzeto	
4853	1:48:04	1/1/2019 	6477675	85.00	8.00	6.24	20.01	98069.02	49827	0	WinnieSzeto	
4854	1:48:06	1/1/2019 	6478943	596.00	9.00	13.97	20.01	98068.16	49828	0	WinnieSzeto	
4855	1:48:06	1/1/2019 	6478974	147.00	8.00	7.93	20.01	98068.16	1851	0	WinnieSzeto	
4856	1:48:06	1/1/2019 	6479282	625.00	9.00	14.32	20.01	98067.99	1847	0	WinnieSzeto	
4857	1:48:07	1/1/2019 	6479870	89.00	8.00	6.32	20.01	98067.34	49828	0	WinnieSzeto	
4858	1:48:07	1/1/2019 	6480335	170.00	8.00	8.56	20.01	98066.64	5272	0	WinnieSzeto	
4859	1:48:08	1/1/2019 	6481613	958.00	195.00	44.94	20.01	98066.00	97807	1	WinnieSzeto	
4860	1:48:09	1/1/2019 	6482036	596.00	9.00	13.97	20.01	98065.45	1852	1	WinnieSzeto	
4861	1:48:09	1/1/2019 	6482119	96.00	8.00	6.49	20.01	98065.45	1851	0	WinnieSzeto	
4862	1:48:09	1/1/2019 	6482648	213.00	8.00	9.58	20.01	98065.30	49827	0	WinnieSzeto	
4863	1:48:09	1/1/2019 	6482696	184.00	8.00	8.92	20.01	98065.30	1847	0	WinnieSzeto	
4864	1:48:10	1/1/2019 	6482782	453.00	8.00	12.50	20.01	98065.30	4435	0	WinnieSzeto	
4865	1:48:10	1/1/2019 	6482907	628.00	9.00	14.35	20.01	98065.30	1850	1	WinnieSzeto	
4866	1:48:10	1/1/2019 	6483398	157.00	8.00	8.21	20.01	98065.45	1850	0	WinnieSzeto	
4867	1:48:11	1/1/2019 	6483850	714.00	13.00	16.01	20.01	98065.45	49828	0	WinnieSzeto	
4868	1:48:11	1/1/2019 	6484278	552.00	8.00	13.30	20.01	98065.13	1850	0	WinnieSzeto	
4869	1:48:13	1/1/2019 	6486100	565.00	8.00	13.44	20.00	98064.30	97808	0	WinnieSzeto	
4870	1:48:15	1/1/2019 	6487979	914.00	130.00	35.81	20.00	98063.61	100623	0	WinnieSzeto	
4871	1:48:16	1/1/2019 	6489285	107.00	7.00	6.78	20.00	98063.06	49832	0	WinnieSzeto	
4872	1:48:17	1/1/2019 	6490233	889.00	96.00	29.20	20.00	98062.38	49833	0	WinnieSzeto	
4873	1:48:19	1/1/2019 	6492603	348.00	8.00	11.64	19.99	98059.21	146580	0	WinnieSzeto	
4874	1:48:20	1/1/2019 	6493101	724.00	13.00	16.01	19.99	98058.39	1850	1	WinnieSzeto	
4875	1:48:20	1/1/2019 	6493122	980.00	482.00	84.65	19.99	98058.39	1851	1	WinnieSzeto	
4876	1:48:21	1/1/2019 	6493911	797.00	38.00	21.27	19.99	98058.07	52439	1	WinnieSzeto	
4877	1:48:22	1/1/2019 	6495268	457.00	8.00	12.53	19.99	98057.20	49831	0	WinnieSzeto	
4878	1:48:24	1/1/2019 	6496897	92.00	8.00	6.39	19.99	98056.34	97808	0	WinnieSzeto	
4879	1:48:24	1/1/2019 	6497609	900.00	100.00	29.99	19.99	98057.33	49826	1	WinnieSzeto	
4880	1:48:27	1/1/2019 	6499838	867.00	81.00	26.52	19.98	98061.06	97810	1	WinnieSzeto	
4881	1:48:27	1/1/2019 	6500363	596.00	8.00	13.79	19.98	98061.70	5259	0	WinnieSzeto	
4882	1:48:27	1/1/2019 	6500381	192.00	8.00	9.11	19.98	98061.70	1847	0	WinnieSzeto	
4883	1:48:28	1/1/2019 	6500930	120.00	8.00	7.15	19.98	98063.33	49827	0	WinnieSzeto	
4884	1:48:28	1/1/2019 	6501023	78.00	8.00	6.10	19.98	98063.33	1848	0	WinnieSzeto	
4885	1:48:28	1/1/2019 	6501553	841.00	68.00	24.58	19.98	98065.61	49825	1	WinnieSzeto	
4886	1:48:30	1/1/2019 	6503244	608.00	9.00	14.12	19.98	98072.25	49829	0	WinnieSzeto	
4887	1:48:31	1/1/2019 	6504155	526.00	8.00	13.04	19.98	98076.50	52417	0	WinnieSzeto	
4888	1:48:31	1/1/2019 	6504266	418.00	8.00	12.26	19.98	98076.50	1848	0	WinnieSzeto	
4889	1:48:32	1/1/2019 	6504912	533.00	9.00	13.22	19.98	98078.12	49830	1	WinnieSzeto	
4890	1:48:33	1/1/2019 	6505988	964.00	270.00	52.65	19.98	98078.78	49835	1	WinnieSzeto	
4891	1:48:33	1/1/2019 	6506198	925.00	132.00	36.19	19.98	98078.78	1852	1	WinnieSzeto	
4892	1:48:33	1/1/2019 	6506312	933.00	142.00	37.97	19.98	98078.78	1850	1	WinnieSzeto	
4893	1:48:36	1/1/2019 	6509055	414.00	8.00	12.23	19.98	98075.31	148599	0	WinnieSzeto	
4894	1:48:36	1/1/2019 	6509608	949.00	151.00	39.45	19.98	98074.16	49828	0	WinnieSzeto	
4895	1:48:36	1/1/2019 	6509691	458.00	8.00	12.54	19.98	98074.16	2639	0	WinnieSzeto	
4896	1:48:37	1/1/2019 	6510653	908.00	113.00	32.53	19.98	98072.38	49829	0	WinnieSzeto	
4897	1:48:38	1/1/2019 	6510794	824.00	58.00	23.36	19.98	98072.38	1858	1	WinnieSzeto	
4898	1:48:39	1/1/2019 	6512321	181.00	8.00	8.85	19.97	98068.91	49833	0	WinnieSzeto	
4899	1:48:39	1/1/2019 	6512362	682.00	10.00	14.94	19.97	98068.91	4457	0	WinnieSzeto	
4900	1:48:40	1/1/2019 	6512895	964.00	275.00	53.32	19.97	98068.25	49829	1	WinnieSzeto	
4901	1:48:41	1/1/2019 	6514416	809.00	51.00	22.61	19.97	98064.45	49830	0	WinnieSzeto	
4902	1:48:44	1/1/2019 	6516952	275.00	8.00	10.70	19.97	98061.67	145788	0	WinnieSzeto	
4903	1:48:44	1/1/2019 	6517252	676.00	10.00	14.93	19.97	98061.67	1849	1	WinnieSzeto	
4904	1:48:44	1/1/2019 	6517308	147.00	8.00	7.93	19.97	98061.67	1850	0	WinnieSzeto	
4905	1:48:45	1/1/2019 	6518231	556.00	8.00	13.34	19.97	98061.17	52565	0	WinnieSzeto	
4906	1:48:47	1/1/2019 	6520433	444.00	8.00	12.44	19.97	98061.12	97809	0	WinnieSzeto	
4907	1:48:48	1/1/2019 	6521750	966.00	278.00	53.73	19.97	98060.48	98601	0	WinnieSzeto	
4908	1:48:49	1/1/2019 	6522566	927.00	145.00	38.47	19.96	98058.97	49831	0	WinnieSzeto	
4909	1:48:51	1/1/2019 	6523876	553.00	8.00	13.31	19.96	98058.14	49831	0	WinnieSzeto	
4910	1:48:51	1/1/2019 	6524161	462.00	8.00	12.56	19.96	98057.50	1850	0	WinnieSzeto	
4911	1:48:53	1/1/2019 	6526098	145.00	8.00	7.87	19.96	98058.27	100416	0	WinnieSzeto	
4912	1:48:53	1/1/2019 	6526275	837.00	67.00	24.44	19.96	98058.27	1849	1	WinnieSzeto	
4913	1:48:53	1/1/2019 	6526617	806.00	42.00	21.71	19.96	98059.56	49831	1	WinnieSzeto	
4914	1:48:54	1/1/2019 	6526998	973.00	468.00	83.05	19.96	98060.88	1853	0	WinnieSzeto	
4915	1:48:58	1/1/2019 	6531003	807.00	47.00	22.21	19.96	98063.59	193772	1	WinnieSzeto	
4916	1:48:58	1/1/2019 	6531600	656.00	9.00	14.55	19.96	98063.91	50622	1	WinnieSzeto	
4917	1:48:59	1/1/2019 	6531918	327.00	8.00	11.40	19.96	98063.91	4467	0	WinnieSzeto	
4918	1:49:00	1/1/2019 	6533258	77.00	8.00	6.08	19.95	98062.07	49827	0	WinnieSzeto	
4919	1:49:01	1/1/2019 	6533833	444.00	8.00	12.44	19.95	98061.58	49828	0	WinnieSzeto	
4920	1:49:01	1/1/2019 	6534071	400.00	8.00	12.12	19.95	98061.58	1849	0	WinnieSzeto	
4921	1:49:02	1/1/2019 	6534837	332.00	8.00	11.46	19.95	98061.54	49827	0	WinnieSzeto	
4922	1:49:03	1/1/2019 	6536608	959.00	186.00	44.01	19.95	98062.52	97808	1	WinnieSzeto	
4923	1:49:04	1/1/2019 	6537332	746.00	18.00	17.61	19.95	98063.50	4460	1	WinnieSzeto	
4924	1:49:05	1/1/2019 	6538292	962.00	233.00	48.51	19.95	98066.76	49830	1	WinnieSzeto	
4925	1:49:05	1/1/2019 	6538734	117.00	8.00	7.06	19.95	98067.58	49830	0	WinnieSzeto	
4926	1:49:06	1/1/2019 	6539774	90.00	8.00	6.35	19.95	98067.69	49827	0	WinnieSzeto	
4927	1:49:07	1/1/2019 	6540106	802.00	41.00	21.60	19.95	98067.69	2641	0	WinnieSzeto	
4928	1:49:08	1/1/2019 	6540957	113.00	7.00	6.95	19.95	98070.19	49829	0	WinnieSzeto	
4929	1:49:08	1/1/2019 	6541190	912.00	114.00	32.74	19.95	98070.19	4467	0	WinnieSzeto	
4930	1:49:10	1/1/2019 	6543240	71.00	8.00	5.99	19.95	98075.45	97806	0	WinnieSzeto	
4931	1:49:11	1/1/2019 	6543909	936.00	145.00	38.48	19.95	98077.24	49828	0	WinnieSzeto	
4932	1:49:11	1/1/2019 	6544006	796.00	33.00	20.65	19.95	98077.24	1851	1	WinnieSzeto	
4933	1:49:12	1/1/2019 	6545342	181.00	8.00	8.85	19.95	98078.88	49831	0	WinnieSzeto	
4934	1:49:12	1/1/2019 	6545633	866.00	79.00	26.21	19.95	98078.88	49834	0	WinnieSzeto	
4935	1:49:13	1/1/2019 	6545915	126.00	8.00	7.32	19.95	98077.89	4443	0	WinnieSzeto	
4936	1:49:13	1/1/2019 	6546202	958.00	162.00	41.08	19.95	98077.89	1849	0	WinnieSzeto	
4937	1:49:13	1/1/2019 	6546229	278.00	7.00	10.72	19.95	98077.89	1850	0	WinnieSzeto	
4938	1:49:13	1/1/2019 	6546729	622.00	9.00	14.29	19.95	98076.59	49828	0	WinnieSzeto	
4939	1:49:13	1/1/2019 	6546763	938.00	147.00	38.81	19.95	98076.59	1850	0	WinnieSzeto	
4940	1:49:15	1/1/2019 	6548042	432.00	8.00	12.36	19.95	98074.31	49828	0	WinnieSzeto	
4941	1:49:16	1/1/2019 	6548813	947.00	154.00	39.91	19.95	98073.66	52463	1	WinnieSzeto	
4942	1:49:16	1/1/2019 	6549255	249.00	8.00	10.28	19.95	98072.84	1852	0	WinnieSzeto	
4943	1:49:16	1/1/2019 	6549766	122.00	8.00	7.21	19.95	98071.86	49826	0	WinnieSzeto	
4944	1:49:18	1/1/2019 	6551032	93.00	6.00	6.41	19.95	98069.91	50551	0	WinnieSzeto	
4945	1:49:19	1/1/2019 	6552702	151.00	8.00	8.05	19.95	98069.91	97803	0	WinnieSzeto	
4946	1:49:20	1/1/2019 	6553391	898.00	105.00	30.94	19.95	98070.23	1849	0	WinnieSzeto	
4947	1:49:22	1/1/2019 	6555190	192.00	8.00	9.11	19.95	98069.09	100450	0	WinnieSzeto	
4948	1:49:22	1/1/2019 	6555552	805.00	50.00	22.50	19.95	98069.09	49827	1	WinnieSzeto	
4949	1:49:23	1/1/2019 	6555785	443.00	8.00	12.43	19.95	98069.09	1851	1	WinnieSzeto	
4950	1:49:23	1/1/2019 	6555888	727.00	14.00	16.36	19.95	98069.09	1849	1	WinnieSzeto	
4951	1:49:23	1/1/2019 	6556295	104.00	8.00	6.70	19.95	98068.77	1851	0	WinnieSzeto	
4952	1:49:23	1/1/2019 	6556381	549.00	9.00	13.39	19.95	98068.77	1848	0	WinnieSzeto	
4953	1:49:23	1/1/2019 	6556580	642.00	9.00	14.47	19.95	98068.77	52415	1	WinnieSzeto	
4954	1:49:24	1/1/2019 	6557253	466.00	8.00	12.59	19.95	98068.59	1850	0	WinnieSzeto	
4955	1:49:25	1/1/2019 	6557801	700.00	12.00	15.65	19.95	98068.59	49827	0	WinnieSzeto	
4956	1:49:26	1/1/2019 	6558811	395.00	8.00	12.08	19.95	98067.78	49828	0	WinnieSzeto	
4957	1:49:26	1/1/2019 	6559194	905.00	109.00	31.74	19.95	98067.30	1849	0	WinnieSzeto	
4958	1:49:27	1/1/2019 	6560223	96.00	8.00	6.49	19.95	98066.80	49828	0	WinnieSzeto	
4959	1:49:27	1/1/2019 	6560729	88.00	8.00	6.30	19.95	98066.80	53384	0	WinnieSzeto	
4960	1:49:28	1/1/2019 	6561253	895.00	96.00	29.22	19.95	98066.64	1848	0	WinnieSzeto	
4961	1:49:29	1/1/2019 	6561818	881.00	88.00	27.74	19.95	98065.83	49830	0	WinnieSzeto	
4962	1:49:29	1/1/2019 	6561918	342.00	8.00	11.57	19.95	98065.02	1850	0	WinnieSzeto	
4963	1:49:29	1/1/2019 	6562232	547.00	9.00	13.37	19.95	98065.02	1848	0	WinnieSzeto	
4964	1:49:29	1/1/2019 	6562267	126.00	8.00	7.32	19.95	98065.02	1850	0	WinnieSzeto	
4965	1:49:29	1/1/2019 	6562371	649.00	9.00	14.52	19.95	98065.02	4434	0	WinnieSzeto	
4966	1:49:29	1/1/2019 	6562449	88.00	7.00	6.30	19.95	98064.03	1849	0	WinnieSzeto	
4967	1:49:29	1/1/2019 	6562579	902.00	103.00	30.57	19.95	98064.03	49827	0	WinnieSzeto	
4968	1:49:30	1/1/2019 	6562978	296.00	8.00	11.00	19.96	98063.75	1850	0	WinnieSzeto	
4969	1:49:30	1/1/2019 	6563108	394.00	9.00	12.13	19.96	98063.75	1848	0	WinnieSzeto	
4970	1:49:30	1/1/2019 	6563350	135.00	7.00	7.58	19.96	98063.75	1850	0	WinnieSzeto	
4971	1:49:31	1/1/2019 	6563802	153.00	8.00	8.10	19.96	98062.94	52415	0	WinnieSzeto	
4972	1:49:31	1/1/2019 	6564017	976.00	370.00	69.44	19.96	98062.94	1849	1	WinnieSzeto	
4973	1:49:32	1/1/2019 	6565203	399.00	8.00	12.11	19.95	98059.95	49828	0	WinnieSzeto	
4974	1:49:32	1/1/2019 	6565227	150.00	8.00	8.02	19.95	98059.95	1848	1	WinnieSzeto	
4975	1:49:33	1/1/2019 	6565932	79.00	8.00	6.12	19.95	98058.33	49825	0	WinnieSzeto	
4976	1:49:33	1/1/2019 	6566383	215.00	8.00	9.63	19.96	98057.06	1848	0	WinnieSzeto	
4977	1:49:33	1/1/2019 	6566625	763.00	21.00	18.42	19.96	98057.06	52564	1	WinnieSzeto	
4978	1:49:34	1/1/2019 	6566812	958.00	190.00	44.43	19.96	98057.06	1850	1	WinnieSzeto	
4979	1:49:34	1/1/2019 	6567021	828.00	59.00	23.48	19.96	98055.44	1852	0	WinnieSzeto	
4980	1:49:36	1/1/2019 	6569210	436.00	8.00	12.39	19.95	98052.45	97807	0	WinnieSzeto	
4981	1:49:36	1/1/2019 	6569590	384.00	8.00	11.99	19.95	98052.45	49828	0	WinnieSzeto	
4982	1:49:37	1/1/2019 	6570771	72.00	8.00	6.00	19.95	98052.45	50553	0	WinnieSzeto	
4983	1:49:38	1/1/2019 	6571086	158.00	8.00	8.24	19.95	98052.45	4457	0	WinnieSzeto	
4984	1:49:39	1/1/2019 	6572337	82.00	9.00	6.18	19.95	98053.10	49828	0	WinnieSzeto	
4985	1:49:39	1/1/2019 	6572412	101.00	8.00	6.62	19.95	98053.75	1850	0	WinnieSzeto	
4986	1:49:39	1/1/2019 	6572425	700.00	11.00	15.30	19.95	98053.75	1848	0	WinnieSzeto	
4987	1:49:40	1/1/2019 	6573040	957.00	173.00	42.52	19.95	98054.08	49830	0	WinnieSzeto	
4988	1:49:40	1/1/2019 	6573104	285.00	8.00	10.85	19.95	98054.08	1851	0	WinnieSzeto	
4989	1:49:41	1/1/2019 	6573956	744.00	17.00	17.32	19.95	98053.75	52566	0	WinnieSzeto	
4990	1:49:42	1/1/2019 	6575141	139.00	8.00	7.70	19.95	98052.29	49831	1	WinnieSzeto	
4991	1:49:42	1/1/2019 	6575315	176.00	8.00	8.72	19.95	98052.29	1848	0	WinnieSzeto	
4992	1:49:44	1/1/2019 	6576870	127.00	8.00	7.35	19.95	98052.61	97806	0	WinnieSzeto	
4993	1:49:44	1/1/2019 	6577341	670.00	10.00	14.92	19.95	98052.61	1849	0	WinnieSzeto	
4994	1:49:44	1/1/2019 	6577633	914.00	120.00	33.91	19.95	98052.45	49828	1	WinnieSzeto	
4995	1:49:45	1/1/2019 	6578620	611.00	8.00	13.95	19.96	98051.84	52425	0	WinnieSzeto	
4996	1:49:46	1/1/2019 	6578885	952.00	157.00	40.36	19.96	98051.84	1849	1	WinnieSzeto	
4997	1:49:46	1/1/2019 	6579379	88.00	8.00	6.30	19.96	98051.35	1851	0	WinnieSzeto	
4998	1:49:48	1/1/2019 	6581490	234.00	8.00	10.00	19.96	98051.68	97806	0	WinnieSzeto	
4999	1:49:49	1/1/2019 	6581965	925.00	136.00	36.92	19.95	98051.14	50554	0	WinnieSzeto	
5000	1:49:49	1/1/2019 	6582617	922.00	128.00	35.45	19.95	98050.33	49830	1	WinnieSzeto	
5001	1:49:50	1/1/2019 	6583270	908.00	110.00	31.95	19.95	98049.52	4685	0	WinnieSzeto	
5002	1:49:51	1/1/2019 	6583810	545.00	8.00	13.22	19.95	98048.86	49830	0	WinnieSzeto	
5003	1:49:51	1/1/2019 	6584331	965.00	185.00	43.91	19.95	98047.72	1849	0	WinnieSzeto	
5004	1:49:52	1/1/2019 	6584789	78.00	8.00	6.10	19.95	98046.73	49829	0	WinnieSzeto	
5005	1:49:52	1/1/2019 	6585714	75.00	7.00	6.05	19.95	98045.27	49827	0	WinnieSzeto	
5006	1:49:53	1/1/2019 	6586320	81.00	8.00	6.15	19.95	98044.45	1849	0	WinnieSzeto	
5007	1:49:53	1/1/2019 	6586665	983.00	896.00	169.48	19.95	98044.45	52423	1	WinnieSzeto	
5008	1:49:56	1/1/2019 	6589430	309.00	8.00	11.18	19.95	98043.64	97809	0	WinnieSzeto	
5009	1:49:57	1/1/2019 	6590592	544.00	8.00	13.21	19.96	98044.02	97808	0	WinnieSzeto	
5010	1:49:58	1/1/2019 	6591316	200.00	8.00	9.30	19.96	98043.85	2575	0	WinnieSzeto	
5011	1:49:59	1/1/2019 	6591797	618.00	9.00	14.24	19.96	98043.69	49826	0	WinnieSzeto	
5012	1:50:00	1/1/2019 	6593359	73.00	8.00	6.02	19.96	98043.36	49830	0	WinnieSzeto	
5013	1:50:01	1/1/2019 	6594161	879.00	86.00	27.39	19.96	98043.36	52589	1	WinnieSzeto	
5014	1:50:02	1/1/2019 	6594834	837.00	67.00	24.44	19.96	98043.03	49832	1	WinnieSzeto	
5015	1:50:03	1/1/2019 	6596710	95.00	7.00	6.46	19.96	98041.89	97812	0	WinnieSzeto	
5016	1:50:04	1/1/2019 	6596805	535.00	9.00	13.24	19.96	98041.41	1851	0	WinnieSzeto	
5017	1:50:04	1/1/2019 	6597257	961.00	187.00	44.12	19.96	98041.41	1851	1	WinnieSzeto	
5018	1:50:05	1/1/2019 	6598328	965.00	239.00	49.10	19.96	98040.59	49830	1	WinnieSzeto	
5019	1:50:06	1/1/2019 	6599355	679.00	11.00	15.27	19.96	98040.42	52427	1	WinnieSzeto	
5020	1:50:06	1/1/2019 	6599768	420.00	8.00	12.27	19.96	98040.27	49831	0	WinnieSzeto	
5021	1:50:07	1/1/2019 	6600023	462.00	8.00	12.56	19.96	98040.27	2574	0	WinnieSzeto	
5022	1:50:08	1/1/2019 	6601192	278.00	8.00	10.75	19.96	98039.61	49829	0	WinnieSzeto	
5023	1:50:09	1/1/2019 	6602390	875.00	86.00	27.37	19.96	98034.88	49831	0	WinnieSzeto	
5024	1:50:09	1/1/2019 	6602439	242.00	8.00	10.15	19.96	98034.88	1858	0	WinnieSzeto	
5025	1:50:09	1/1/2019 	6602566	727.00	14.00	16.36	19.96	98034.88	52671	1	WinnieSzeto	
5026	1:50:09	1/1/2019 	6602744	98.00	8.00	6.54	19.96	98034.88	1857	0	WinnieSzeto	
5027	1:50:10	1/1/2019 	6602795	314.00	8.00	11.24	19.96	98034.88	1854	0	WinnieSzeto	
5028	1:50:10	1/1/2019 	6603226	141.00	7.00	7.76	19.96	98033.73	1854	0	WinnieSzeto	
5029	1:50:11	1/1/2019 	6604035	968.00	272.00	52.91	19.96	98031.94	49830	0	WinnieSzeto	
5030	1:50:11	1/1/2019 	6604327	286.00	8.00	10.86	19.96	98031.94	1851	0	WinnieSzeto	
5031	1:50:12	1/1/2019 	6604898	137.00	8.00	7.64	19.96	98031.45	52424	0	WinnieSzeto	
5032	1:50:15	1/1/2019 	6607844	70.00	8.00	5.98	19.96	98032.11	145790	0	WinnieSzeto	
5033	1:50:16	1/1/2019 	6609072	98.00	8.00	6.54	19.96	98031.29	49830	0	WinnieSzeto	
5034	1:50:18	1/1/2019 	6610871	633.00	9.00	14.40	19.96	98026.07	97809	0	WinnieSzeto	
5035	1:50:18	1/1/2019 	6611042	621.00	9.00	14.28	19.96	98026.07	2579	0	WinnieSzeto	
5036	1:50:18	1/1/2019 	6611056	964.00	194.00	44.84	19.96	98026.07	1850	0	WinnieSzeto	
5037	1:50:18	1/1/2019 	6611682	848.00	70.00	24.86	19.96	98024.28	52667	1	WinnieSzeto	
5038	1:50:19	1/1/2019 	6611785	333.00	8.00	11.47	19.96	98022.80	1850	0	WinnieSzeto	
5039	1:50:19	1/1/2019 	6612175	144.00	8.00	7.85	19.96	98022.80	1849	0	WinnieSzeto	
5040	1:50:19	1/1/2019 	6612362	105.00	8.00	6.73	19.96	98021.34	1847	0	WinnieSzeto	
5041	1:50:21	1/1/2019 	6614097	902.00	111.00	32.12	19.96	98016.28	97807	1	WinnieSzeto	
5042	1:50:21	1/1/2019 	6614597	314.00	8.00	11.24	19.95	98014.77	49832	0	WinnieSzeto	
5043	1:50:22	1/1/2019 	6614783	154.00	8.00	8.13	19.95	98014.77	4443	0	WinnieSzeto	
5044	1:50:23	1/1/2019 	6615881	974.00	485.00	85.03	19.95	98013.80	49830	0	WinnieSzeto	
5045	1:50:23	1/1/2019 	6616231	419.00	8.00	12.27	19.95	98013.47	1852	0	WinnieSzeto	
5046	1:50:23	1/1/2019 	6616254	86.00	8.00	6.26	19.95	98013.47	1848	0	WinnieSzeto	
5047	1:50:24	1/1/2019 	6616986	252.00	8.00	10.33	19.95	98013.30	49826	0	WinnieSzeto	
5048	1:50:24	1/1/2019 	6617688	587.00	8.00	13.69	19.95	98012.77	49830	0	WinnieSzeto	
5049	1:50:26	1/1/2019 	6619044	251.00	8.00	10.31	19.95	98014.23	52414	0	WinnieSzeto	
5050	1:50:28	1/1/2019 	6621153	530.00	8.00	13.08	19.95	98016.20	97810	0	WinnieSzeto	
5051	1:50:29	1/1/2019 	6622758	545.00	8.00	13.22	19.95	98016.15	98536	0	WinnieSzeto	
5052	1:50:30	1/1/2019 	6623568	699.00	11.00	15.30	19.95	98016.15	49829	0	WinnieSzeto	
5053	1:50:31	1/1/2019 	6624724	958.00	204.00	45.81	19.95	98016.64	49831	1	WinnieSzeto	
5054	1:50:32	1/1/2019 	6624918	83.00	8.00	6.19	19.95	98016.64	1851	0	WinnieSzeto	
5055	1:50:33	1/1/2019 	6625827	746.00	18.00	17.61	19.95	98016.78	52438	0	WinnieSzeto	
5056	1:50:33	1/1/2019 	6626386	801.00	34.00	20.79	19.95	98017.11	1852	0	WinnieSzeto	
5057	1:50:34	1/1/2019 	6626830	686.00	11.00	15.29	19.95	98017.60	49831	0	WinnieSzeto	
5058	1:50:34	1/1/2019 	6627391	229.00	8.00	9.91	19.95	98017.92	1851	0	WinnieSzeto	
5059	1:50:35	1/1/2019 	6628302	550.00	9.00	13.40	19.95	98018.25	49828	0	WinnieSzeto	
5060	1:50:35	1/1/2019 	6628328	406.00	8.00	12.17	19.95	98018.25	1851	0	WinnieSzeto	
5061	1:50:35	1/1/2019 	6628373	772.00	23.00	18.90	19.95	98018.25	4434	0	WinnieSzeto	
5062	1:50:35	1/1/2019 	6628488	768.00	24.00	19.10	19.95	98018.25	1850	0	WinnieSzeto	
5063	1:50:36	1/1/2019 	6628780	544.00	9.00	13.34	19.95	98018.25	49829	0	WinnieSzeto	
5064	1:50:36	1/1/2019 	6629125	645.00	9.00	14.49	19.95	98018.25	1850	0	WinnieSzeto	
5065	1:50:36	1/1/2019 	6629722	663.00	10.00	14.89	19.95	98018.41	49830	0	WinnieSzeto	
5066	1:50:37	1/1/2019 	6629968	139.00	8.00	7.70	19.95	98018.41	5407	0	WinnieSzeto	
5067	1:50:37	1/1/2019 	6630560	320.00	8.00	11.32	19.95	98018.91	49828	0	WinnieSzeto	
5068	1:50:37	1/1/2019 	6630709	618.00	9.00	14.24	19.95	98019.39	1849	0	WinnieSzeto	
5069	1:50:38	1/1/2019 	6631459	845.00	74.00	25.40	19.95	98020.38	1852	0	WinnieSzeto	
5070	1:50:39	1/1/2019 	6632131	200.00	8.00	9.30	19.95	98020.86	49835	0	WinnieSzeto	
5071	1:50:40	1/1/2019 	6632800	103.00	8.00	6.67	19.95	98021.02	49829	0	WinnieSzeto	
5072	1:50:40	1/1/2019 	6632807	537.00	8.00	13.15	19.95	98021.02	4435	0	WinnieSzeto	
5073	1:50:40	1/1/2019 	6632931	204.00	8.00	9.39	19.95	98020.86	1848	0	WinnieSzeto	
5074	1:50:40	1/1/2019 	6632998	703.00	12.00	15.66	19.95	98020.86	1848	0	WinnieSzeto	
5075	1:50:40	1/1/2019 	6633753	801.00	40.00	21.49	19.95	98021.02	49831	0	WinnieSzeto	
5076	1:50:41	1/1/2019 	6634119	181.00	8.00	8.85	19.95	98021.02	1849	0	WinnieSzeto	
5077	1:50:41	1/1/2019 	6634661	206.00	8.00	9.43	19.95	98020.70	49829	0	WinnieSzeto	
5078	1:50:42	1/1/2019 	6635469	519.00	8.00	12.98	19.95	98020.05	4435	0	WinnieSzeto	
5079	1:50:44	1/1/2019 	6637045	794.00	39.00	21.37	19.95	98015.16	97809	1	WinnieSzeto	
5080	1:50:44	1/1/2019 	6637280	922.00	129.00	35.63	19.95	98015.16	1852	0	WinnieSzeto	
5081	1:50:44	1/1/2019 	6637777	114.00	8.00	6.98	19.95	98013.70	49830	0	WinnieSzeto	
5082	1:50:46	1/1/2019 	6638839	913.00	119.00	33.71	19.95	98011.62	49830	1	WinnieSzeto	
5083	1:50:46	1/1/2019 	6638923	887.00	85.00	27.24	19.95	98011.62	1858	0	WinnieSzeto	
5084	1:50:46	1/1/2019 	6639620	984.00	672.00	121.22	19.95	98012.81	52576	1	WinnieSzeto	
5085	1:50:48	1/1/2019 	6641473	409.00	8.00	12.19	19.96	98015.80	50560	0	WinnieSzeto	
5086	1:50:48	1/1/2019 	6641721	176.00	8.00	8.72	19.96	98016.66	49828	0	WinnieSzeto	
5087	1:50:49	1/1/2019 	6642020	228.00	7.00	9.87	19.96	98016.66	1847	0	WinnieSzeto	
5088	1:50:49	1/1/2019 	6642078	627.00	9.00	14.34	19.96	98016.66	1850	0	WinnieSzeto	
5089	1:50:49	1/1/2019 	6642361	144.00	8.00	7.85	19.96	98017.48	1849	0	WinnieSzeto	
5090	1:50:50	1/1/2019 	6643588	504.00	8.00	12.86	19.96	98019.00	100418	0	WinnieSzeto	
5091	1:50:51	1/1/2019 	6644567	130.00	8.00	7.44	19.96	98020.14	49828	0	WinnieSzeto	
5092	1:50:51	1/1/2019 	6644597	110.00	8.00	6.86	19.96	98020.14	1850	0	WinnieSzeto	
5093	1:50:53	1/1/2019 	6645820	456.00	8.00	12.52	19.97	98022.47	49828	0	WinnieSzeto	
5094	1:50:53	1/1/2019 	6646312	988.00	843.00	152.62	19.97	98023.45	1849	1	WinnieSzeto	
5095	1:50:54	1/1/2019 	6647467	283.00	8.00	10.82	19.97	98025.78	49830	0	WinnieSzeto	
5096	1:50:54	1/1/2019 	6647583	637.00	9.00	14.43	19.97	98025.78	52567	1	WinnieSzeto	
5097	1:50:55	1/1/2019 	6647981	923.00	138.00	37.27	19.97	98025.29	1849	0	WinnieSzeto	
5098	1:50:55	1/1/2019 	6648003	878.00	82.00	26.72	19.97	98025.29	1852	1	WinnieSzeto	
5099	1:50:55	1/1/2019 	6648266	555.00	9.00	13.46	19.97	98025.29	1849	0	WinnieSzeto	
5100	1:50:56	1/1/2019 	6649710	967.00	354.00	66.60	19.97	98024.86	97810	1	WinnieSzeto	
5101	1:50:57	1/1/2019 	6649896	768.00	23.00	18.89	19.97	98024.86	2578	0	WinnieSzeto	
5102	1:50:58	1/1/2019 	6650917	584.00	8.00	13.65	19.97	98024.53	52439	0	WinnieSzeto	
5103	1:50:58	1/1/2019 	6651006	586.00	9.00	13.84	19.97	98024.53	1848	0	WinnieSzeto	
5104	1:50:58	1/1/2019 	6651355	140.00	8.00	7.73	19.97	98024.05	1850	0	WinnieSzeto	
5105	1:50:58	1/1/2019 	6651684	201.00	8.00	9.32	19.97	98024.05	49829	1	WinnieSzeto	
5106	1:50:59	1/1/2019 	6652227	632.00	9.00	14.39	19.97	98023.55	1847	0	WinnieSzeto	
5107	1:50:59	1/1/2019 	6652372	83.00	8.00	6.19	19.97	98023.39	1851	0	WinnieSzeto	
5108	1:51:00	1/1/2019 	6652821	221.00	8.00	9.75	19.98	98023.44	52567	0	WinnieSzeto	
5109	1:51:00	1/1/2019 	6653755	116.00	8.00	7.03	19.98	98022.62	49833	0	WinnieSzeto	
5110	1:51:00	1/1/2019 	6653798	964.00	185.00	43.91	19.98	98022.62	1855	1	WinnieSzeto	
5111	1:51:01	1/1/2019 	6654124	137.00	8.00	7.64	19.98	98022.50	1856	0	WinnieSzeto	
5112	1:51:01	1/1/2019 	6654739	901.00	106.00	31.15	19.98	98022.34	49829	1	WinnieSzeto	
5113	1:51:01	1/1/2019 	6654813	678.00	10.00	14.94	19.98	98022.34	1851	0	WinnieSzeto	
5114	1:51:02	1/1/2019 	6655784	436.00	8.00	12.39	19.98	98023.69	52426	0	WinnieSzeto	
5115	1:51:03	1/1/2019 	6655918	625.00	9.00	14.32	19.98	98023.69	1848	0	WinnieSzeto	
5116	1:51:03	1/1/2019 	6655979	315.00	8.00	11.26	19.98	98023.69	1850	0	WinnieSzeto	
5117	1:51:03	1/1/2019 	6656721	275.00	8.00	10.70	19.99	98025.35	49828	0	WinnieSzeto	
5118	1:51:05	1/1/2019 	6658604	75.00	8.00	6.05	19.99	98029.97	97809	0	WinnieSzeto	
5119	1:51:05	1/1/2019 	6658742	178.00	7.00	8.76	19.99	98029.97	1848	0	WinnieSzeto	
5120	1:51:06	1/1/2019 	6659035	850.00	71.00	25.00	19.99	98030.62	4437	0	WinnieSzeto	
5121	1:51:06	1/1/2019 	6659202	94.00	8.00	6.44	19.99	98030.62	1852	0	WinnieSzeto	
5122	1:51:06	1/1/2019 	6659618	227.00	8.00	9.87	19.99	98030.62	49828	0	WinnieSzeto	
5123	1:51:07	1/1/2019 	6660255	310.00	8.00	11.19	19.99	98030.30	2574	0	WinnieSzeto	
5124	1:51:07	1/1/2019 	6660623	842.00	67.00	24.45	19.99	98029.97	49829	1	WinnieSzeto	
5125	1:51:07	1/1/2019 	6660675	106.00	8.00	6.75	19.99	98029.97	1850	0	WinnieSzeto	
5126	1:51:08	1/1/2019 	6661326	966.00	307.00	58.22	19.99	98029.80	4456	0	WinnieSzeto	
5127	1:51:09	1/1/2019 	6662074	149.00	8.00	7.99	19.99	98030.12	49831	0	WinnieSzeto	
5128	1:51:09	1/1/2019 	6662586	338.00	8.00	11.53	19.99	98029.97	49832	0	WinnieSzeto	
5129	1:51:10	1/1/2019 	6663286	651.00	9.00	14.53	19.99	98028.83	1849	0	WinnieSzeto	
5130	1:51:11	1/1/2019 	6664329	70.00	8.00	5.98	19.99	98023.28	49829	0	WinnieSzeto	
5131	1:51:11	1/1/2019 	6664643	456.00	8.00	12.52	19.99	98019.85	49826	0	WinnieSzeto	
5132	1:51:12	1/1/2019 	6665208	969.00	330.00	62.25	19.99	98016.59	4456	0	WinnieSzeto	
5133	1:51:12	1/1/2019 	6665263	626.00	9.00	14.33	19.99	98016.59	1852	0	WinnieSzeto	
5134	1:51:13	1/1/2019 	6666152	128.00	8.00	7.38	19.99	98008.55	49830	0	WinnieSzeto	
5135	1:51:15	1/1/2019 	6668152	176.00	8.00	8.72	19.98	97996.77	97803	0	WinnieSzeto	
5136	1:51:15	1/1/2019 	6668369	73.00	8.00	6.02	19.98	97992.98	1937	0	WinnieSzeto	
5137	1:51:15	1/1/2019 	6668592	794.00	35.00	20.91	19.98	97992.98	49824	0	WinnieSzeto	
5138	1:51:16	1/1/2019 	6669285	669.00	10.00	14.91	19.98	97989.88	4439	0	WinnieSzeto	
5139	1:51:16	1/1/2019 	6669655	109.00	8.00	6.84	19.98	97986.73	49833	0	WinnieSzeto	
5140	1:51:18	1/1/2019 	6671283	449.00	9.00	12.55	19.97	97978.48	50557	0	WinnieSzeto	
5141	1:51:19	1/1/2019 	6672119	721.00	14.00	16.36	19.97	97976.20	49828	0	WinnieSzeto	
5142	1:51:19	1/1/2019 	6672180	104.00	12.00	6.71	19.97	97976.20	1850	0	WinnieSzeto	
5143	1:51:21	1/1/2019 	6674638	787.00	30.00	20.20	19.96	97965.50	145780	1	WinnieSzeto	
5144	1:51:21	1/1/2019 	6674649	157.00	8.00	8.21	19.96	97965.50	4469	0	WinnieSzeto	
5145	1:51:22	1/1/2019 	6675017	156.00	8.00	8.19	19.96	97963.66	1847	0	WinnieSzeto	
5146	1:51:22	1/1/2019 	6675642	532.00	8.00	13.10	19.96	97961.85	49826	0	WinnieSzeto	
5147	1:51:23	1/1/2019 	6676101	959.00	197.00	45.14	19.96	97961.85	1849	0	WinnieSzeto	
5148	1:51:23	1/1/2019 	6676357	949.00	150.00	39.29	19.96	97960.34	1850	1	WinnieSzeto	
5149	1:51:23	1/1/2019 	6676554	426.00	8.00	12.32	19.96	97960.34	49829	0	WinnieSzeto	
5150	1:51:24	1/1/2019 	6676923	616.00	9.00	14.22	19.95	97958.66	4435	0	WinnieSzeto	
5151	1:51:24	1/1/2019 	6677280	560.00	8.00	13.38	19.95	97957.31	1852	1	WinnieSzeto	
5152	1:51:24	1/1/2019 	6677477	410.00	8.00	12.20	19.95	97957.31	1848	0	WinnieSzeto	
5153	1:51:24	1/1/2019 	6677713	71.00	8.00	5.99	19.95	97957.31	49825	0	WinnieSzeto	
5154	1:51:25	1/1/2019 	6678569	113.00	8.00	6.95	19.95	97955.14	49826	0	WinnieSzeto	
5155	1:51:26	1/1/2019 	6679197	579.00	8.00	13.59	19.95	97953.83	1848	0	WinnieSzeto	
5156	1:51:28	1/1/2019 	6680882	968.00	378.00	70.81	19.94	97950.31	100576	1	WinnieSzeto	
5157	1:51:28	1/1/2019 	6681244	133.00	8.00	7.53	19.94	97949.31	2578	0	WinnieSzeto	
5158	1:51:28	1/1/2019 	6681660	921.00	127.00	35.26	19.94	97948.32	49827	1	WinnieSzeto	
5159	1:51:29	1/1/2019 	6682394	860.00	77.00	25.88	19.93	97946.97	1851	0	WinnieSzeto	
5160	1:51:30	1/1/2019 	6683712	547.00	9.00	13.37	19.93	97945.45	97809	0	WinnieSzeto	
5161	1:51:30	1/1/2019 	6683794	795.00	46.00	22.09	19.93	97945.45	1852	1	WinnieSzeto	
5162	1:51:31	1/1/2019 	6683826	88.00	9.00	6.30	19.93	97945.45	4482	0	WinnieSzeto	
5163	1:51:32	1/1/2019 	6684999	814.00	51.00	22.62	19.93	97943.09	49830	1	WinnieSzeto	
5164	1:51:32	1/1/2019 	6685032	73.00	7.00	6.02	19.93	97943.09	1850	0	WinnieSzeto	
5165	1:51:32	1/1/2019 	6685777	902.00	101.00	30.19	19.92	97942.91	49828	1	WinnieSzeto	
5166	1:51:33	1/1/2019 	6685964	723.00	14.00	16.36	19.92	97942.91	1851	0	WinnieSzeto	
5167	1:51:33	1/1/2019 	6686298	874.00	79.00	26.23	19.92	97944.05	1852	0	WinnieSzeto	
5168	1:51:33	1/1/2019 	6686714	896.00	98.00	29.60	19.92	97944.98	52571	1	WinnieSzeto	
5169	1:51:34	1/1/2019 	6687410	950.00	156.00	40.21	19.92	97945.80	1851	0	WinnieSzeto	
5170	1:51:34	1/1/2019 	6687442	126.00	8.00	7.32	19.92	97945.80	1851	0	WinnieSzeto	
5171	1:51:34	1/1/2019 	6687481	72.00	8.00	6.00	19.92	97945.80	1846	0	WinnieSzeto	
5172	1:51:37	1/1/2019 	6690760	188.00	7.00	9.01	19.91	97944.83	193764	0	WinnieSzeto	
5173	1:51:38	1/1/2019 	6691142	723.00	14.00	16.36	19.91	97943.98	2577	0	WinnieSzeto	
5174	1:51:38	1/1/2019 	6691360	163.00	8.00	8.38	19.91	97943.98	4462	0	WinnieSzeto	
5175	1:51:39	1/1/2019 	6691855	794.00	38.00	21.26	19.91	97942.95	49827	1	WinnieSzeto	
5176	1:51:39	1/1/2019 	6692415	120.00	8.00	7.15	19.90	97942.09	1851	0	WinnieSzeto	
5177	1:51:39	1/1/2019 	6692667	266.00	8.00	10.56	19.90	97942.09	49826	0	WinnieSzeto	
5178	1:51:40	1/1/2019 	6693002	911.00	120.00	33.90	19.90	97941.09	1849	0	WinnieSzeto	
5179	1:51:41	1/1/2019 	6694292	82.00	8.00	6.17	19.90	97939.61	49830	0	WinnieSzeto	
5180	1:51:42	1/1/2019 	6694840	127.00	8.00	7.35	19.90	97938.59	52696	0	WinnieSzeto	
5181	1:51:42	1/1/2019 	6694876	222.00	8.00	9.77	19.90	97938.59	1848	0	WinnieSzeto	
5182	1:51:42	1/1/2019 	6695249	187.00	8.00	8.99	19.89	97937.73	1847	0	WinnieSzeto	
5183	1:51:43	1/1/2019 	6695880	93.00	8.00	6.42	19.89	97937.06	49827	0	WinnieSzeto	
5184	1:51:43	1/1/2019 	6695981	466.00	8.00	12.59	19.89	97937.06	1848	0	WinnieSzeto	
5185	1:51:43	1/1/2019 	6696012	739.00	16.00	17.02	19.89	97937.06	1848	1	WinnieSzeto	
5186	1:51:44	1/1/2019 	6696886	349.00	8.00	11.65	19.89	97935.22	52448	0	WinnieSzeto	
5187	1:51:46	1/1/2019 	6699320	283.00	8.00	10.82	19.88	97930.84	97807	0	WinnieSzeto	
5188	1:51:47	1/1/2019 	6700269	705.00	12.00	15.66	19.88	97929.20	49829	1	WinnieSzeto	
5189	1:51:48	1/1/2019 	6700860	94.00	10.00	6.44	19.88	97928.17	50557	0	WinnieSzeto	
5190	1:51:49	1/1/2019 	6702305	582.00	9.00	13.79	19.87	97925.16	49829	0	WinnieSzeto	
5191	1:51:51	1/1/2019 	6704745	339.00	9.00	11.58	19.87	97924.77	145788	0	WinnieSzeto	
5192	1:51:52	1/1/2019 	6705673	137.00	8.00	7.64	19.86	97925.00	61552	0	WinnieSzeto	
5193	1:51:53	1/1/2019 	6706498	965.00	339.00	63.88	19.86	97925.16	1848	1	WinnieSzeto	
5194	1:51:54	1/1/2019 	6707028	137.00	8.00	7.64	19.86	97924.98	49841	0	WinnieSzeto	
5195	1:51:55	1/1/2019 	6707823	75.00	7.00	6.05	19.86	97925.13	49826	0	WinnieSzeto	
5196	1:51:56	1/1/2019 	6708902	341.00	8.00	11.56	19.86	97925.25	49829	0	WinnieSzeto	
5197	1:51:56	1/1/2019 	6709201	821.00	60.00	23.58	19.86	97925.25	1849	1	WinnieSzeto	
5198	1:51:57	1/1/2019 	6710107	96.00	8.00	6.49	19.85	97925.20	52595	0	WinnieSzeto	
5199	1:51:58	1/1/2019 	6710977	164.00	7.00	8.40	19.85	97925.38	50556	0	WinnieSzeto	
5200	1:51:58	1/1/2019 	6711260	88.00	8.00	6.30	19.85	97925.33	1855	0	WinnieSzeto	
5201	1:51:58	1/1/2019 	6711461	250.00	8.00	10.29	19.85	97925.33	1848	0	WinnieSzeto	
5202	1:51:58	1/1/2019 	6711553	171.00	8.00	8.59	19.85	97925.33	49826	1	WinnieSzeto	
5203	1:51:58	1/1/2019 	6711806	123.00	7.00	7.23	19.85	97925.31	1848	0	WinnieSzeto	
5204	1:51:58	1/1/2019 	6711811	517.00	8.00	12.97	19.85	97925.31	4461	0	WinnieSzeto	
5205	1:51:59	1/1/2019 	6712048	921.00	129.00	35.63	19.85	97925.31	1847	1	WinnieSzeto	
5206	1:51:59	1/1/2019 	6712681	130.00	8.00	7.44	19.85	97924.94	49830	0	WinnieSzeto	
5207	1:51:59	1/1/2019 	6712707	807.00	40.00	21.50	19.85	97924.94	1847	1	WinnieSzeto	
5208	1:52:00	1/1/2019 	6713811	373.00	8.00	11.89	19.84	97924.41	49829	0	WinnieSzeto	
5209	1:52:02	1/1/2019 	6714931	312.00	8.00	11.22	19.84	97923.55	49826	0	WinnieSzeto	
5210	1:52:02	1/1/2019 	6715399	531.00	8.00	13.09	19.84	97923.66	4439	0	WinnieSzeto	
5211	1:52:05	1/1/2019 	6718632	355.00	9.00	11.76	19.83	97922.36	193760	0	WinnieSzeto	
5212	1:52:06	1/1/2019 	6718931	69.00	8.00	5.97	19.83	97922.36	1850	0	WinnieSzeto	
5213	1:52:06	1/1/2019 	6718983	785.00	28.00	19.88	19.83	97922.36	1848	0	WinnieSzeto	
5214	1:52:07	1/1/2019 	6720703	129.00	7.00	7.41	19.82	97921.89	97806	0	WinnieSzeto	
5215	1:52:07	1/1/2019 	6720776	679.00	10.00	14.94	19.82	97921.89	2578	0	WinnieSzeto	
5216	1:52:08	1/1/2019 	6721327	156.00	8.00	8.19	19.82	97922.06	4459	0	WinnieSzeto	
5217	1:52:09	1/1/2019 	6722251	330.00	8.00	11.44	19.81	97921.70	49825	0	WinnieSzeto	
5218	1:52:09	1/1/2019 	6722423	72.00	8.00	6.00	19.81	97921.70	1849	0	WinnieSzeto	
5219	1:52:09	1/1/2019 	6722738	862.00	77.00	25.89	19.81	97922.03	49825	1	WinnieSzeto	
5220	1:52:10	1/1/2019 	6722889	82.00	8.00	6.17	19.81	97922.03	1850	0	WinnieSzeto	
5221	1:52:10	1/1/2019 	6723334	131.00	7.00	7.47	19.81	97921.66	1847	0	WinnieSzeto	
5222	1:52:10	1/1/2019 	6723369	75.00	8.00	6.05	19.81	97921.66	4459	0	WinnieSzeto	
5223	1:52:11	1/1/2019 	6723998	156.00	8.00	8.19	19.81	97922.30	49825	0	WinnieSzeto	
5224	1:52:12	1/1/2019 	6725369	339.00	8.00	11.54	19.81	97922.75	49828	0	WinnieSzeto	
5225	1:52:12	1/1/2019 	6725788	901.00	102.00	30.38	19.81	97922.71	49827	1	WinnieSzeto	
5226	1:52:13	1/1/2019 	6725843	122.00	8.00	7.21	19.81	97922.71	1850	0	WinnieSzeto	
5227	1:52:14	1/1/2019 	6727328	414.00	8.00	12.23	19.80	97922.48	49828	0	WinnieSzeto	
5228	1:52:14	1/1/2019 	6727710	414.00	8.00	12.23	19.80	97922.44	52416	0	WinnieSzeto	
5229	1:52:15	1/1/2019 	6727833	445.00	8.00	12.45	19.80	97922.44	1847	0	WinnieSzeto	
5230	1:52:16	1/1/2019 	6729025	704.00	12.00	15.66	19.80	97923.21	49828	0	WinnieSzeto	
5231	1:52:17	1/1/2019 	6730252	155.00	8.00	8.16	19.79	97923.68	49829	0	WinnieSzeto	
5232	1:52:18	1/1/2019 	6731072	211.00	8.00	9.54	19.79	97923.64	50555	0	WinnieSzeto	
5233	1:52:19	1/1/2019 	6732359	823.00	59.00	23.47	19.79	97923.27	49827	1	WinnieSzeto	
5234	1:52:22	1/1/2019 	6735251	140.00	8.00	7.73	19.78	97921.69	148394	0	WinnieSzeto	
5235	1:52:23	1/1/2019 	6736223	773.00	24.00	19.11	19.78	97921.16	49828	0	WinnieSzeto	
5236	1:52:23	1/1/2019 	6736330	158.00	8.00	8.24	19.78	97921.16	1850	0	WinnieSzeto	
5237	1:52:23	1/1/2019 	6736642	116.00	8.00	7.03	19.78	97920.49	49824	0	WinnieSzeto	
5238	1:52:25	1/1/2019 	6738549	168.00	8.00	8.51	19.77	97920.59	97804	1	WinnieSzeto	
5239	1:52:27	1/1/2019 	6739861	205.00	8.00	9.41	19.77	97920.92	49827	0	WinnieSzeto	
5240	1:52:27	1/1/2019 	6740063	593.00	9.00	13.93	19.77	97920.55	5405	0	WinnieSzeto	
5241	1:52:28	1/1/2019 	6741459	894.00	101.00	30.16	19.77	97920.17	49830	1	WinnieSzeto	
5242	1:52:29	1/1/2019 	6741970	829.00	62.00	23.82	19.77	97920.50	49831	1	WinnieSzeto	
5243	1:52:29	1/1/2019 	6742180	391.00	8.00	12.05	19.77	97920.83	1850	0	WinnieSzeto	
5244	1:52:29	1/1/2019 	6742604	694.00	11.00	15.30	19.77	97920.83	49827	0	WinnieSzeto	
5245	1:52:30	1/1/2019 	6743163	167.00	8.00	8.48	19.76	97920.46	1851	0	WinnieSzeto	
5246	1:52:31	1/1/2019 	6744001	962.00	182.00	43.58	19.76	97920.09	52416	0	WinnieSzeto	
5247	1:52:31	1/1/2019 	6744376	320.00	8.00	11.32	19.76	97919.91	1852	0	WinnieSzeto	
5248	1:52:33	1/1/2019 	6746054	663.00	9.00	14.57	19.75	97919.83	97806	1	WinnieSzeto	
5249	1:52:33	1/1/2019 	6746153	103.00	8.00	6.67	19.75	97919.83	1850	0	WinnieSzeto	
5250	1:52:33	1/1/2019 	6746776	74.00	8.00	6.03	19.75	97919.94	49826	0	WinnieSzeto	
5251	1:52:34	1/1/2019 	6747119	572.00	9.00	13.67	19.75	97919.92	1848	0	WinnieSzeto	
5252	1:52:34	1/1/2019 	6747425	210.00	8.00	9.52	19.75	97919.92	4461	0	WinnieSzeto	
5253	1:52:35	1/1/2019 	6748569	902.00	110.00	31.93	19.74	97919.67	97807	0	WinnieSzeto	
5254	1:52:36	1/1/2019 	6749411	873.00	83.00	26.87	19.74	97919.95	1852	0	WinnieSzeto	
5255	1:52:37	1/1/2019 	6750022	621.00	9.00	14.28	19.74	97919.91	49829	0	WinnieSzeto	
5256	1:52:38	1/1/2019 	6751327	141.00	8.00	7.76	19.74	97920.55	50556	0	WinnieSzeto	
5257	1:52:38	1/1/2019 	6751697	189.00	8.00	9.04	19.73	97920.50	49827	0	WinnieSzeto	
5258	1:52:39	1/1/2019 	6751981	675.00	10.00	14.93	19.73	97920.50	4456	1	WinnieSzeto	
5259	1:52:39	1/1/2019 	6752001	975.00	510.00	88.19	19.73	97920.50	1851	1	WinnieSzeto	
5260	1:52:40	1/1/2019 	6753369	285.00	8.00	10.85	19.73	97919.83	49830	0	WinnieSzeto	
5261	1:52:42	1/1/2019 	6755246	769.00	25.00	19.30	19.73	97919.62	97813	1	WinnieSzeto	
5262	1:52:42	1/1/2019 	6755647	442.00	9.00	12.50	19.73	97919.77	49835	0	WinnieSzeto	
5263	1:52:44	1/1/2019 	6757184	152.00	8.00	8.07	19.72	97919.89	49830	0	WinnieSzeto	
5264	1:52:47	1/1/2019 	6760269	630.00	9.00	14.37	19.72	97919.59	148375	0	WinnieSzeto	
5265	1:52:47	1/1/2019 	6760660	177.00	8.00	8.75	19.71	97919.41	50556	0	WinnieSzeto	
5266	1:52:48	1/1/2019 	6761602	610.00	2.00	12.40	19.71	97919.70	49827	0	WinnieSzeto	
5267	1:52:49	1/1/2019 	6762392	920.00	131.00	36.00	19.71	97919.81	1849	0	WinnieSzeto	
5268	1:52:50	1/1/2019 	6763092	540.00	8.00	13.17	19.71	97919.81	49831	0	WinnieSzeto	
5269	1:52:52	1/1/2019 	6765021	512.00	8.00	12.92	19.70	97918.94	97808	0	WinnieSzeto	
5270	1:52:52	1/1/2019 	6765482	547.00	9.00	13.37	19.70	97918.56	4458	0	WinnieSzeto	
5271	1:52:53	1/1/2019 	6766694	127.00	8.00	7.35	19.70	97917.91	97809	0	WinnieSzeto	
5272	1:52:54	1/1/2019 	6767177	76.00	8.00	6.07	19.70	97917.05	1848	0	WinnieSzeto	
5273	1:52:54	1/1/2019 	6767364	122.00	8.00	7.21	19.70	97917.05	1847	0	WinnieSzeto	
5274	1:52:56	1/1/2019 	6769074	105.00	8.00	6.73	19.70	97915.87	97805	0	WinnieSzeto	
5275	1:52:57	1/1/2019 	6770693	138.00	8.00	7.67	19.69	97915.34	97809	0	WinnieSzeto	
5276	1:52:58	1/1/2019 	6771754	70.00	8.00	5.98	19.69	97915.14	53368	0	WinnieSzeto	
5277	1:52:59	1/1/2019 	6771924	227.00	8.00	9.87	19.69	97915.14	1849	0	WinnieSzeto	
5278	1:52:59	1/1/2019 	6772350	601.00	8.00	13.84	19.69	97914.77	1849	0	WinnieSzeto	
5279	1:52:59	1/1/2019 	6772765	811.00	52.00	22.72	19.69	97915.09	49827	0	WinnieSzeto	
5280	1:53:00	1/1/2019 	6773239	750.00	18.00	17.62	19.68	97914.56	1850	0	WinnieSzeto	
5281	1:53:01	1/1/2019 	6774174	169.00	8.00	8.54	19.68	97914.72	49831	0	WinnieSzeto	
5282	1:53:03	1/1/2019 	6775970	579.00	9.00	13.75	19.68	97914.70	100397	0	WinnieSzeto	
5283	1:53:03	1/1/2019 	6776357	954.00	160.00	40.80	19.68	97914.50	1852	1	WinnieSzeto	
5284	1:53:04	1/1/2019 	6777253	287.00	8.00	10.88	19.68	97914.30	49830	0	WinnieSzeto	
5285	1:53:04	1/1/2019 	6777549	79.00	7.00	6.12	19.68	97914.30	49827	0	WinnieSzeto	
5286	1:53:05	1/1/2019 	6778079	926.00	137.00	37.10	19.67	97914.08	1849	0	WinnieSzeto	
5287	1:53:05	1/1/2019 	6778271	800.00	37.00	21.16	19.67	97914.41	1852	1	WinnieSzeto	
5288	1:53:05	1/1/2019 	6778419	92.00	8.00	6.39	19.67	97914.41	4437	0	WinnieSzeto	
5289	1:53:06	1/1/2019 	6778870	969.00	416.00	76.66	19.67	97914.52	49828	1	WinnieSzeto	
5290	1:53:07	1/1/2019 	6780602	439.00	8.00	12.41	19.67	97915.28	97811	0	WinnieSzeto	
5291	1:53:07	1/1/2019 	6780766	211.00	8.00	9.54	19.67	97915.28	2576	0	WinnieSzeto	
5292	1:53:10	1/1/2019 	6783490	664.00	10.00	14.89	19.66	97915.68	97806	0	WinnieSzeto	
5293	1:53:10	1/1/2019 	6783671	882.00	84.00	27.06	19.66	97915.68	49831	0	WinnieSzeto	
5294	1:53:11	1/1/2019 	6783888	968.00	357.00	67.14	19.66	97916.00	4460	1	WinnieSzeto	
5295	1:53:11	1/1/2019 	6783892	209.00	6.00	9.47	19.66	97916.00	1850	0	WinnieSzeto	
5296	1:53:11	1/1/2019 	6784065	981.00	547.00	93.88	19.66	97916.00	1848	1	WinnieSzeto	
5297	1:53:11	1/1/2019 	6784635	927.00	138.00	37.27	19.66	97915.98	49831	0	WinnieSzeto	
5298	1:53:12	1/1/2019 	6785219	376.00	8.00	11.92	19.66	97916.16	1851	0	WinnieSzeto	
5299	1:53:12	1/1/2019 	6785389	178.00	7.00	8.76	19.66	97916.16	1848	0	WinnieSzeto	
5300	1:53:13	1/1/2019 	6786310	146.00	7.00	7.90	19.66	97916.27	52417	0	WinnieSzeto	
5301	1:53:13	1/1/2019 	6786693	581.00	9.00	13.78	19.66	97916.59	49830	0	WinnieSzeto	
5302	1:53:14	1/1/2019 	6787029	534.00	8.00	13.12	19.66	97916.59	1850	0	WinnieSzeto	
5303	1:53:14	1/1/2019 	6787638	257.00	8.00	10.41	19.65	97916.06	49829	0	WinnieSzeto	
5304	1:53:15	1/1/2019 	6787960	89.00	8.00	6.32	19.65	97916.06	1847	0	WinnieSzeto	
5305	1:53:15	1/1/2019 	6788816	141.00	8.00	7.76	19.65	97915.02	49828	0	WinnieSzeto	
5306	1:53:16	1/1/2019 	6788855	297.00	8.00	11.02	19.65	97915.02	4435	0	WinnieSzeto	
5307	1:53:16	1/1/2019 	6789321	970.00	249.00	50.14	19.65	97914.38	1851	1	WinnieSzeto	
5308	1:53:16	1/1/2019 	6789794	623.00	9.00	14.30	19.65	97914.38	49836	0	WinnieSzeto	
5309	1:53:19	1/1/2019 	6792616	168.00	8.00	8.51	19.64	97910.40	146519	0	WinnieSzeto	
5310	1:53:21	1/1/2019 	6794151	200.00	8.00	9.30	19.64	97907.87	49827	0	WinnieSzeto	
5311	1:53:22	1/1/2019 	6795697	209.00	8.00	9.50	19.64	97905.56	97806	0	WinnieSzeto	
5312	1:53:22	1/1/2019 	6795710	923.00	133.00	36.37	19.64	97905.56	4457	1	WinnieSzeto	
5313	1:53:23	1/1/2019 	6795825	134.00	8.00	7.56	19.64	97905.56	1850	0	WinnieSzeto	
5314	1:53:24	1/1/2019 	6797071	137.00	7.00	7.64	19.63	97903.52	49827	0	WinnieSzeto	
5315	1:53:25	1/1/2019 	6797992	970.00	527.00	90.64	19.63	97902.82	49829	1	WinnieSzeto	
5316	1:53:26	1/1/2019 	6799055	179.00	8.00	8.80	19.63	97902.17	49832	0	WinnieSzeto	
5317	1:53:26	1/1/2019 	6799126	78.00	8.00	6.10	19.63	97902.17	1848	0	WinnieSzeto	
5318	1:53:26	1/1/2019 	6799597	372.00	8.00	11.88	19.63	97901.64	52415	0	WinnieSzeto	
5319	1:53:27	1/1/2019 	6800665	712.00	12.00	15.66	19.62	97901.30	50556	0	WinnieSzeto	
5320	1:53:27	1/1/2019 	6800724	211.00	8.00	9.54	19.62	97901.30	1850	0	WinnieSzeto	
5321	1:53:28	1/1/2019 	6800855	812.00	52.00	22.72	19.62	97901.30	1848	1	WinnieSzeto	
5322	1:53:28	1/1/2019 	6801386	175.00	8.00	8.69	19.62	97900.77	1850	0	WinnieSzeto	
5323	1:53:29	1/1/2019 	6802276	430.00	8.00	12.35	19.62	97900.06	49828	0	WinnieSzeto	
5324	1:53:29	1/1/2019 	6802312	570.00	9.00	13.64	19.62	97900.06	4458	0	WinnieSzeto	
5325	1:53:30	1/1/2019 	6803305	214.00	8.00	9.60	19.62	97899.20	49831	0	WinnieSzeto	
5326	1:53:30	1/1/2019 	6803364	954.00	154.00	39.91	19.62	97899.20	1849	1	WinnieSzeto	
5327	1:53:30	1/1/2019 	6803449	117.00	8.00	7.06	19.62	97899.20	1851	0	WinnieSzeto	
5328	1:53:32	1/1/2019 	6804849	214.00	8.00	9.60	19.61	97898.82	97805	0	WinnieSzeto	
5329	1:53:32	1/1/2019 	6805311	468.00	8.00	12.60	19.61	97898.82	1849	0	WinnieSzeto	
5330	1:53:33	1/1/2019 	6806624	107.00	8.00	6.78	19.61	97898.28	100396	0	WinnieSzeto	
5331	1:53:33	1/1/2019 	6806809	801.00	42.00	21.70	19.61	97898.28	1848	0	WinnieSzeto	
5332	1:53:34	1/1/2019 	6807182	770.00	23.00	18.89	19.61	97897.78	1851	0	WinnieSzeto	
5333	1:53:34	1/1/2019 	6807483	107.00	7.00	6.78	19.61	97897.78	1850	0	WinnieSzeto	
5334	1:53:35	1/1/2019 	6808233	414.00	8.00	12.23	19.60	97897.57	49829	0	WinnieSzeto	
5335	1:53:37	1/1/2019 	6810022	656.00	9.00	14.55	19.60	97897.72	97807	0	WinnieSzeto	
5336	1:53:37	1/1/2019 	6810784	99.00	8.00	6.57	19.60	97897.34	53217	0	WinnieSzeto	
5337	1:53:38	1/1/2019 	6810968	341.00	8.00	11.56	19.60	97897.51	1848	0	WinnieSzeto	
5338	1:53:38	1/1/2019 	6811647	232.00	8.00	9.97	19.60	97897.30	49828	0	WinnieSzeto	
5339	1:53:40	1/1/2019 	6813244	145.00	8.00	7.87	19.59	97897.58	49828	0	WinnieSzeto	
5340	1:53:40	1/1/2019 	6813483	75.00	9.00	6.05	19.59	97897.58	1848	0	WinnieSzeto	
5341	1:53:41	1/1/2019 	6813822	104.00	8.00	6.70	19.59	97897.41	49830	0	WinnieSzeto	
5342	1:53:41	1/1/2019 	6814741	82.00	7.00	6.17	19.59	97897.56	52415	0	WinnieSzeto	
5343	1:53:42	1/1/2019 	6814894	780.00	30.00	20.19	19.59	97897.89	1850	1	WinnieSzeto	
5344	1:53:43	1/1/2019 	6816206	91.00	8.00	6.37	19.59	97898.17	49832	0	WinnieSzeto	
5345	1:53:43	1/1/2019 	6816224	527.00	8.00	13.05	19.59	97898.17	1847	0	WinnieSzeto	
5346	1:53:43	1/1/2019 	6816329	171.00	8.00	8.59	19.59	97898.17	1848	0	WinnieSzeto	
5347	1:53:43	1/1/2019 	6816705	843.00	68.00	24.58	19.59	97898.50	49828	1	WinnieSzeto	
5348	1:53:43	1/1/2019 	6816751	182.00	8.00	8.87	19.59	97898.50	4438	0	WinnieSzeto	
5349	1:53:45	1/1/2019 	6817879	612.00	9.00	14.17	19.59	97898.95	49828	0	WinnieSzeto	
5350	1:53:47	1/1/2019 	6820250	163.00	8.00	8.38	19.58	97900.65	97810	0	WinnieSzeto	
5351	1:53:47	1/1/2019 	6820273	763.00	22.00	18.66	19.58	97900.65	2648	0	WinnieSzeto	
5352	1:53:47	1/1/2019 	6820660	979.00	444.00	80.25	19.58	97900.96	49830	1	WinnieSzeto	
5353	1:53:48	1/1/2019 	6821486	506.00	8.00	12.88	19.58	97901.41	1850	0	WinnieSzeto	
5354	1:53:48	1/1/2019 	6821667	961.00	167.00	41.76	19.58	97901.41	52438	1	WinnieSzeto	
5355	1:53:50	1/1/2019 	6822977	720.00	14.00	16.35	19.58	97901.89	49831	0	WinnieSzeto	
5356	1:53:51	1/1/2019 	6823931	280.00	8.00	10.78	19.57	97902.66	49831	0	WinnieSzeto	
5357	1:53:51	1/1/2019 	6824051	956.00	158.00	40.51	19.57	97902.66	1848	1	WinnieSzeto	
5358	1:53:51	1/1/2019 	6824059	173.00	8.00	8.64	19.57	97902.66	1850	0	WinnieSzeto	
5359	1:53:51	1/1/2019 	6824298	124.00	8.00	7.27	19.57	97902.98	1848	0	WinnieSzeto	
5360	1:53:51	1/1/2019 	6824443	185.00	9.00	8.95	19.57	97902.98	4456	0	WinnieSzeto	
5361	1:53:51	1/1/2019 	6824630	73.00	8.00	6.02	19.57	97902.98	49829	0	WinnieSzeto	
5362	1:53:52	1/1/2019 	6825594	143.00	8.00	7.82	19.57	97903.43	49827	0	WinnieSzeto	
5363	1:53:53	1/1/2019 	6826459	133.00	8.00	7.53	19.57	97903.92	1849	0	WinnieSzeto	
5364	1:53:53	1/1/2019 	6826722	598.00	9.00	14.00	19.57	97904.08	49828	0	WinnieSzeto	
5365	1:53:54	1/1/2019 	6827366	132.00	8.00	7.50	19.57	97903.58	1849	0	WinnieSzeto	
5366	1:53:54	1/1/2019 	6827397	94.00	8.00	6.44	19.57	97903.58	4436	0	WinnieSzeto	
5367	1:53:55	1/1/2019 	6827846	699.00	12.00	15.65	19.57	97903.23	49827	0	WinnieSzeto	
5368	1:53:55	1/1/2019 	6827897	356.00	8.00	11.72	19.57	97903.23	1850	0	WinnieSzeto	
5369	1:53:55	1/1/2019 	6828394	257.00	8.00	10.41	19.57	97903.07	1847	0	WinnieSzeto	
5370	1:53:55	1/1/2019 	6828449	928.00	131.00	36.01	19.57	97903.07	1848	0	WinnieSzeto	
5371	1:53:55	1/1/2019 	6828672	345.00	8.00	11.61	19.57	97903.07	49830	0	WinnieSzeto	
5372	1:53:56	1/1/2019 	6829379	180.00	8.00	8.82	19.56	97902.22	4350	0	WinnieSzeto	
5373	1:53:57	1/1/2019 	6829984	602.00	9.00	14.05	19.56	97901.73	49829	0	WinnieSzeto	
5374	1:53:57	1/1/2019 	6830425	806.00	46.00	22.11	19.56	97900.70	2650	0	WinnieSzeto	
5375	1:53:57	1/1/2019 	6830628	109.00	8.00	6.84	19.56	97900.70	49831	0	WinnieSzeto	
5376	1:53:57	1/1/2019 	6830720	140.00	8.00	7.73	19.56	97900.70	1848	0	WinnieSzeto	
5377	1:53:58	1/1/2019 	6830938	857.00	72.00	25.15	19.56	97900.70	1848	1	WinnieSzeto	
5378	1:53:58	1/1/2019 	6830976	979.00	642.00	114.56	19.56	97900.70	4377	0	WinnieSzeto	
5379	1:53:59	1/1/2019 	6831909	528.00	8.00	13.06	19.56	97900.66	49830	0	WinnieSzeto	
5380	1:53:59	1/1/2019 	6832792	921.00	126.00	35.07	19.56	97901.12	49830	0	WinnieSzeto	
5381	1:54:00	1/1/2019 	6833481	973.00	435.00	79.14	19.56	97901.45	1856	0	WinnieSzeto	
5382	1:54:01	1/1/2019 	6833876	78.00	8.00	6.10	19.55	97901.41	49830	0	WinnieSzeto	
5383	1:54:01	1/1/2019 	6833897	618.00	8.00	14.02	19.55	97901.41	1847	0	WinnieSzeto	
5384	1:54:01	1/1/2019 	6834563	140.00	8.00	7.73	19.55	97901.58	52306	0	WinnieSzeto	
5385	1:54:03	1/1/2019 	6836249	797.00	41.00	21.59	19.55	97901.86	49828	1	WinnieSzeto	
5386	1:54:03	1/1/2019 	6836338	473.00	8.00	12.64	19.55	97901.86	1851	0	WinnieSzeto	
5387	1:54:04	1/1/2019 	6837124	90.00	8.00	6.35	19.55	97901.97	49829	0	WinnieSzeto	
5388	1:54:04	1/1/2019 	6837266	692.00	10.00	14.94	19.55	97901.97	1848	0	WinnieSzeto	
5389	1:54:04	1/1/2019 	6837470	881.00	88.00	27.74	19.55	97901.97	1850	1	WinnieSzeto	
5390	1:54:05	1/1/2019 	6838664	299.00	8.00	11.05	19.55	97901.97	100315	0	WinnieSzeto	
5391	1:54:06	1/1/2019 	6838843	913.00	120.00	33.91	19.55	97901.95	1850	1	WinnieSzeto	
5392	1:54:07	1/1/2019 	6839859	802.00	40.00	21.50	19.55	97903.09	49832	1	WinnieSzeto	
5393	1:54:07	1/1/2019 	6840581	266.00	8.00	10.56	19.55	97904.08	50630	0	WinnieSzeto	
5394	1:54:07	1/1/2019 	6840663	622.00	9.00	14.29	19.55	97904.08	1849	0	WinnieSzeto	
5395	1:54:08	1/1/2019 	6840985	361.00	9.00	11.82	19.55	97905.38	1852	0	WinnieSzeto	
5396	1:54:08	1/1/2019 	6841100	206.00	8.00	9.43	19.55	97905.38	4382	0	WinnieSzeto	
5397	1:54:09	1/1/2019 	6842276	549.00	9.00	13.39	19.54	97907.94	49832	0	WinnieSzeto	
5398	1:54:09	1/1/2019 	6842649	444.00	8.00	12.44	19.54	97909.41	49830	0	WinnieSzeto	
5399	1:54:11	1/1/2019 	6843915	112.00	8.00	6.92	19.54	97912.50	49828	0	WinnieSzeto	
5400	1:54:11	1/1/2019 	6844025	266.00	8.00	10.56	19.54	97912.50	1849	0	WinnieSzeto	
5401	1:54:11	1/1/2019 	6844297	84.00	11.00	6.22	19.54	97913.97	1848	0	WinnieSzeto	
5402	1:54:12	1/1/2019 	6845240	124.00	8.00	7.27	19.54	97915.56	52330	0	WinnieSzeto	
5403	1:54:12	1/1/2019 	6845577	76.00	7.00	6.06	19.54	97917.35	49827	0	WinnieSzeto	
5404	1:54:14	1/1/2019 	6847109	724.00	14.00	16.36	19.54	97924.20	49828	0	WinnieSzeto	
5405	1:54:14	1/1/2019 	6847314	325.00	8.00	11.38	19.54	97924.20	1850	0	WinnieSzeto	
5406	1:54:14	1/1/2019 	6847567	184.00	9.00	8.93	19.54	97926.80	49826	0	WinnieSzeto	
5407	1:54:16	1/1/2019 	6849489	964.00	205.00	45.90	19.54	97933.61	49829	1	WinnieSzeto	
5408	1:54:17	1/1/2019 	6849858	242.00	8.00	10.15	19.54	97936.05	52336	0	WinnieSzeto	
5409	1:54:17	1/1/2019 	6850271	749.00	18.00	17.62	19.54	97936.05	2647	1	WinnieSzeto	
5410	1:54:18	1/1/2019 	6851251	632.00	9.00	14.39	19.54	97941.11	49830	0	WinnieSzeto	
5411	1:54:20	1/1/2019 	6852954	762.00	22.00	18.66	19.54	97949.91	97808	0	WinnieSzeto	
5412	1:54:21	1/1/2019 	6853872	777.00	31.00	20.33	19.54	97955.94	49829	1	WinnieSzeto	
5413	1:54:21	1/1/2019 	6854316	580.00	9.00	13.77	19.54	97959.03	1852	0	WinnieSzeto	
5414	1:54:21	1/1/2019 	6854680	102.00	8.00	6.65	19.54	97959.03	52418	0	WinnieSzeto	
5415	1:54:22	1/1/2019 	6855244	922.00	126.00	35.07	19.54	97961.97	1847	1	WinnieSzeto	
5416	1:54:22	1/1/2019 	6855288	196.00	8.00	9.21	19.54	97961.97	1851	0	WinnieSzeto	
5417	1:54:22	1/1/2019 	6855574	145.00	8.00	7.87	19.54	97965.06	49826	0	WinnieSzeto	
5418	1:54:22	1/1/2019 	6855684	402.00	8.00	12.14	19.54	97965.06	1847	0	WinnieSzeto	
5419	1:54:24	1/1/2019 	6857482	800.00	33.00	20.66	19.54	97974.52	49828	0	WinnieSzeto	
5420	1:54:25	1/1/2019 	6858213	980.00	859.00	156.50	19.54	97981.86	52334	1	WinnieSzeto	
5421	1:54:26	1/1/2019 	6859419	624.00	9.00	14.31	19.54	97989.68	49830	0	WinnieSzeto	
5422	1:54:26	1/1/2019 	6859563	366.00	8.00	11.82	19.54	97989.68	49830	0	WinnieSzeto	
5423	1:54:26	1/1/2019 	6859705	157.00	8.00	8.21	19.54	97989.68	2646	0	WinnieSzeto	
5424	1:54:28	1/1/2019 	6861303	786.00	30.00	20.20	19.54	98001.09	49828	1	WinnieSzeto	
5425	1:54:29	1/1/2019 	6862230	933.00	145.00	38.48	19.54	98008.05	49830	1	WinnieSzeto	
5426	1:54:30	1/1/2019 	6863027	104.00	8.00	6.70	19.54	98011.64	52356	0	WinnieSzeto	
5427	1:54:30	1/1/2019 	6863246	618.00	9.00	14.24	19.54	98015.71	1849	0	WinnieSzeto	
5428	1:54:30	1/1/2019 	6863414	114.00	7.00	6.97	19.54	98015.71	1850	0	WinnieSzeto	
5429	1:54:31	1/1/2019 	6863888	77.00	7.00	6.08	19.54	98019.46	49830	0	WinnieSzeto	
5430	1:54:31	1/1/2019 	6864078	964.00	180.00	43.35	19.54	98019.46	1851	0	WinnieSzeto	
5431	1:54:33	1/1/2019 	6866428	422.00	9.00	12.36	19.53	98035.25	97810	0	WinnieSzeto	
5432	1:54:34	1/1/2019 	6866844	586.00	9.00	13.84	19.53	98039.49	52400	0	WinnieSzeto	
5433	1:54:34	1/1/2019 	6867167	737.00	16.00	17.01	19.53	98043.73	1851	0	WinnieSzeto	
5434	1:54:34	1/1/2019 	6867626	123.00	8.00	7.24	19.53	98047.81	49826	0	WinnieSzeto	
5435	1:54:35	1/1/2019 	6867831	784.00	30.00	20.20	19.53	98047.81	1848	0	WinnieSzeto	
5436	1:54:36	1/1/2019 	6868980	789.00	30.00	20.21	19.53	98055.62	49833	0	WinnieSzeto	
5437	1:54:37	1/1/2019 	6870108	171.00	8.00	8.59	19.53	98063.78	49835	0	WinnieSzeto	
5438	1:54:37	1/1/2019 	6870758	904.00	106.00	31.16	19.53	98067.86	53246	0	WinnieSzeto	
5439	1:54:39	1/1/2019 	6872297	188.00	8.00	9.02	19.53	98081.06	49830	0	WinnieSzeto	
5440	1:54:40	1/1/2019 	6873019	616.00	9.00	14.22	19.53	98085.78	49829	0	WinnieSzeto	
5441	1:54:40	1/1/2019 	6873147	84.00	8.00	6.21	19.53	98090.19	1850	0	WinnieSzeto	
5442	1:54:40	1/1/2019 	6873266	380.00	8.00	11.95	19.53	98090.19	1847	0	WinnieSzeto	
5443	1:54:40	1/1/2019 	6873457	304.00	8.00	11.11	19.53	98090.19	1847	0	WinnieSzeto	
5444	1:54:41	1/1/2019 	6874236	73.00	7.00	6.02	19.53	98099.11	52414	0	WinnieSzeto	
5445	1:54:41	1/1/2019 	6874336	85.00	8.00	6.24	19.53	98099.11	1850	0	WinnieSzeto	
5446	1:54:41	1/1/2019 	6874383	191.00	8.00	9.09	19.53	98099.11	1846	0	WinnieSzeto	
5447	1:54:43	1/1/2019 	6876166	620.00	9.00	14.26	19.53	98112.80	97807	0	WinnieSzeto	
5448	1:54:44	1/1/2019 	6877234	112.00	8.00	6.92	19.53	98121.92	49831	0	WinnieSzeto	
5449	1:54:45	1/1/2019 	6877985	659.00	9.00	14.56	19.53	98126.81	49828	0	WinnieSzeto	
5450	1:54:45	1/1/2019 	6878195	134.00	8.00	7.56	19.53	98131.55	4439	0	WinnieSzeto	
5451	1:54:45	1/1/2019 	6878378	687.00	11.00	15.29	19.53	98131.55	1848	0	WinnieSzeto	
5452	1:54:45	1/1/2019 	6878650	815.00	50.00	22.53	19.53	98136.27	49830	1	WinnieSzeto	
5453	1:54:46	1/1/2019 	6879798	591.00	9.00	13.91	19.53	98145.73	49830	0	WinnieSzeto	
5454	1:54:47	1/1/2019 	6879847	240.00	8.00	10.11	19.53	98145.73	2650	0	WinnieSzeto	
5455	1:54:47	1/1/2019 	6880580	793.00	36.00	21.03	19.53	98149.64	49829	0	WinnieSzeto	
5456	1:54:47	1/1/2019 	6880653	902.00	101.00	30.19	19.53	98149.64	4459	1	WinnieSzeto	
5457	1:54:49	1/1/2019 	6882078	910.00	120.00	33.90	19.53	98160.73	49830	0	WinnieSzeto	
5458	1:54:50	1/1/2019 	6882972	552.00	8.00	13.30	19.53	98165.29	49832	0	WinnieSzeto	
5459	1:54:50	1/1/2019 	6883068	283.00	8.00	10.82	19.53	98165.29	1850	0	WinnieSzeto	
5460	1:54:51	1/1/2019 	6883877	568.00	9.00	13.62	19.53	98178.81	49828	0	WinnieSzeto	
5461	1:54:52	1/1/2019 	6885005	556.00	8.00	13.34	19.53	98199.73	49831	0	WinnieSzeto	
5462	1:54:52	1/1/2019 	6885068	585.00	9.00	13.83	19.53	98199.73	4437	0	WinnieSzeto	
5463	1:54:52	1/1/2019 	6885721	965.00	200.00	45.43	19.53	98212.12	49830	1	WinnieSzeto	
5464	1:54:53	1/1/2019 	6886753	100.00	8.00	6.59	19.53	98242.27	49830	0	WinnieSzeto	
5465	1:54:54	1/1/2019 	6887326	220.00	8.00	9.73	19.54	98260.39	1848	0	WinnieSzeto	
5466	1:54:56	1/1/2019 	6889092	937.00	147.00	38.81	19.54	98325.97	97807	0	WinnieSzeto	
5467	1:54:56	1/1/2019 	6889233	969.00	250.00	50.25	19.54	98352.42	1852	0	WinnieSzeto	
5468	1:54:56	1/1/2019 	6889280	627.00	9.00	14.34	19.54	98352.42	4420	0	WinnieSzeto	
5469	1:54:57	1/1/2019 	6890442	901.00	107.00	31.34	19.55	98413.32	49830	0	WinnieSzeto	
5470	1:54:58	1/1/2019 	6891120	76.00	8.00	6.07	19.55	98447.25	50630	1	WinnieSzeto	
5471	1:54:58	1/1/2019 	6891463	710.00	13.00	16.01	19.55	98483.00	1848	1	WinnieSzeto	
5472	1:54:59	1/1/2019 	6891913	94.00	8.00	6.44	19.55	98483.00	49830	0	WinnieSzeto	
5473	1:54:59	1/1/2019 	6892648	817.00	54.00	22.93	19.56	98561.91	49828	0	WinnieSzeto	
5474	1:55:00	1/1/2019 	6893395	343.00	8.00	11.58	19.57	98604.08	4458	0	WinnieSzeto	
5475	1:55:00	1/1/2019 	6893724	557.00	9.00	13.48	19.58	98647.73	49830	0	WinnieSzeto	
5476	1:55:01	1/1/2019 	6894550	801.00	40.00	21.49	19.59	98692.89	49830	1	WinnieSzeto	
5477	1:55:01	1/1/2019 	6894610	917.00	120.00	33.91	19.59	98692.89	1850	1	WinnieSzeto	
5478	1:55:02	1/1/2019 	6895369	196.00	8.00	9.21	19.61	98788.56	1850	0	WinnieSzeto	
5479	1:55:03	1/1/2019 	6895925	899.00	103.00	30.56	19.63	98838.21	49829	0	WinnieSzeto	
5480	1:55:03	1/1/2019 	6896704	608.00	5.00	13.23	19.65	98889.08	52419	0	WinnieSzeto	
5481	1:55:04	1/1/2019 	6896971	327.00	8.00	11.40	19.67	98941.24	1850	0	WinnieSzeto	
5482	1:55:05	1/1/2019 	6897993	901.00	100.00	29.99	19.69	98995.55	49828	0	WinnieSzeto	
5483	1:55:05	1/1/2019 	6898073	890.00	93.00	28.66	19.71	99052.02	1852	1	WinnieSzeto	
5484	1:55:05	1/1/2019 	6898569	132.00	8.00	7.50	19.71	99052.02	49831	0	WinnieSzeto	
5485	1:55:05	1/1/2019 	6898604	589.00	8.00	13.71	19.71	99052.02	4436	0	WinnieSzeto	
5486	1:55:07	1/1/2019 	6900072	162.00	8.00	8.35	19.79	99233.06	49827	0	WinnieSzeto	
5487	1:55:07	1/1/2019 	6900682	875.00	83.00	26.87	19.82	99297.36	50628	0	WinnieSzeto	
5488	1:55:08	1/1/2019 	6901811	943.00	147.00	38.81	19.87	99428.91	49828	0	WinnieSzeto	
5489	1:55:09	1/1/2019 	6902238	143.00	8.00	7.82	19.91	99496.02	1851	0	WinnieSzeto	
5490	1:55:09	1/1/2019 	6902631	939.00	149.00	39.13	19.94	99563.86	49829	0	WinnieSzeto	
5491	1:55:10	1/1/2019 	6903008	70.00	8.00	5.98	19.94	99563.86	4458	0	WinnieSzeto	
5492	1:55:10	1/1/2019 	6903011	907.00	109.00	31.75	19.94	99563.86	1848	0	WinnieSzeto	
5493	1:55:10	1/1/2019 	6903055	896.00	97.00	29.41	19.94	99626.69	1850	1	WinnieSzeto	
5494	1:55:10	1/1/2019 	6903153	746.00	18.00	17.61	19.98	99631.89	1850	1	WinnieSzeto	
5495	1:55:10	1/1/2019 	6903411	174.00	8.00	8.67	19.98	99631.89	1849	0	WinnieSzeto	
5496	1:55:10	1/1/2019 	6903434	802.00	39.00	21.39	19.98	99631.89	1848	0	WinnieSzeto	
5497	1:55:11	1/1/2019 	6904118	965.00	286.00	54.88	20.01	99699.09	52417	1	WinnieSzeto	
5498	1:55:11	1/1/2019 	6904563	76.00	9.00	6.07	20.05	99766.19	49831	0	WinnieSzeto	
5499	1:55:11	1/1/2019 	6904647	563.00	8.00	13.41	20.05	99766.19	1848	0	WinnieSzeto	
5500	1:55:11	1/1/2019 	6904734	946.00	148.00	38.97	20.09	99832.45	1846	0	WinnieSzeto	
5501	1:55:11	1/1/2019 	6904805	892.00	95.00	29.03	20.09	99832.45	1850	1	WinnieSzeto	
5502	1:55:12	1/1/2019 	6904944	152.00	8.00	8.07	20.09	99832.45	1851	0	WinnieSzeto	
5503	1:55:12	1/1/2019 	6905636	418.00	8.00	12.26	20.13	99898.47	52417	0	WinnieSzeto	
5504	1:55:13	1/1/2019 	6906118	944.00	151.00	39.45	20.17	99963.50	1848	1	WinnieSzeto	
5505	1:55:15	1/1/2019 	6907881	381.00	8.00	11.96	20.29	100152.50	97809	0	WinnieSzeto	
5506	1:55:15	1/1/2019 	6908057	423.00	8.00	12.30	20.33	100213.53	1850	0	WinnieSzeto	
5507	1:55:16	1/1/2019 	6909006	149.00	8.00	7.99	20.37	100273.46	49827	0	WinnieSzeto	
5508	1:55:16	1/1/2019 	6909265	677.00	10.00	14.94	20.41	100331.89	1849	0	WinnieSzeto	
5509	1:55:16	1/1/2019 	6909578	498.00	8.00	12.81	20.41	100331.89	52416	0	WinnieSzeto	
5510	1:55:16	1/1/2019 	6909616	88.00	8.00	6.30	20.41	100331.89	2645	0	WinnieSzeto	
5511	1:55:17	1/1/2019 	6910636	966.00	312.00	59.07	20.50	100445.62	49830	0	WinnieSzeto	
5512	1:55:17	1/1/2019 	6910737	971.00	289.00	55.33	20.50	100445.62	1860	1	WinnieSzeto	
5513	1:55:18	1/1/2019 	6911738	148.00	8.00	7.96	20.59	100555.31	49833	0	WinnieSzeto	
5514	1:55:19	1/1/2019 	6911918	241.00	8.00	10.13	20.64	100608.45	1850	0	WinnieSzeto	
5515	1:55:19	1/1/2019 	6912639	181.00	8.00	8.85	20.68	100660.27	52437	0	WinnieSzeto	
5516	1:55:21	1/1/2019 	6913879	957.00	184.00	43.80	20.77	100761.38	49831	1	WinnieSzeto	
5517	1:55:21	1/1/2019 	6914249	757.00	20.00	18.17	20.82	100810.30	1857	0	WinnieSzeto	
5518	1:55:21	1/1/2019 	6914649	113.00	8.00	6.95	20.82	100810.30	49829	0	WinnieSzeto	
5519	1:55:23	1/1/2019 	6916157	663.00	10.00	14.89	20.96	100952.14	49828	0	WinnieSzeto	
5520	1:55:23	1/1/2019 	6916686	85.00	7.00	6.23	21.00	100997.19	49831	0	WinnieSzeto	
5521	1:55:24	1/1/2019 	6916848	434.00	8.00	12.37	21.00	100997.19	4456	0	WinnieSzeto	
5522	1:55:24	1/1/2019 	6917247	964.00	193.00	44.74	21.05	101041.23	1850	1	WinnieSzeto	
5523	1:55:24	1/1/2019 	6917616	693.00	10.00	14.94	21.10	101084.82	49831	0	WinnieSzeto	
5524	1:55:25	1/1/2019 	6917859	955.00	165.00	41.49	21.10	101084.82	1851	0	WinnieSzeto	
5525	1:55:26	1/1/2019 	6918856	724.00	15.00	16.68	21.19	101169.30	49832	0	WinnieSzeto	
5526	1:55:26	1/1/2019 	6918908	465.00	8.00	12.58	21.19	101169.30	1851	0	WinnieSzeto	
5527	1:55:26	1/1/2019 	6919020	699.00	11.00	15.30	21.19	101169.30	4433	0	WinnieSzeto	
5528	1:55:26	1/1/2019 	6919395	435.00	9.00	12.45	21.24	101209.96	1851	0	WinnieSzeto	
5529	1:55:27	1/1/2019 	6919920	348.00	8.00	11.64	21.29	101249.81	49828	0	WinnieSzeto	
5530	1:55:27	1/1/2019 	6920049	142.00	8.00	7.79	21.29	101249.81	2646	0	WinnieSzeto	
5531	1:55:28	1/1/2019 	6921486	173.00	8.00	8.64	21.42	101363.70	49827	0	WinnieSzeto	
5532	1:55:30	1/1/2019 	6923452	984.00	863.00	156.18	21.56	101465.44	97807	0	WinnieSzeto	
5533	1:55:31	1/1/2019 	6924306	106.00	8.00	6.75	21.65	101524.69	52438	0	WinnieSzeto	
5534	1:55:31	1/1/2019 	6924553	627.00	9.00	14.34	21.65	101524.69	49828	0	WinnieSzeto	
5535	1:55:34	1/1/2019 	6927071	121.00	8.00	7.18	21.86	101641.59	97809	0	WinnieSzeto	
5536	1:55:35	1/1/2019 	6928107	918.00	131.00	36.00	21.95	101680.11	49828	0	WinnieSzeto	
5537	1:55:36	1/1/2019 	6929193	926.00	139.00	37.45	22.03	101715.12	49834	1	WinnieSzeto	
5538	1:55:36	1/1/2019 	6929257	769.00	24.00	19.10	22.03	101715.12	1860	0	WinnieSzeto	
5539	1:55:37	1/1/2019 	6930591	800.00	46.00	22.10	22.10	101748.30	100400	1	WinnieSzeto	
5540	1:55:37	1/1/2019 	6930619	184.00	8.00	8.92	22.10	101748.30	2650	0	WinnieSzeto	
5541	1:55:37	1/1/2019 	6930668	644.00	9.00	14.48	22.10	101748.30	1847	0	WinnieSzeto	
5542	1:55:38	1/1/2019 	6931081	924.00	137.00	37.09	22.14	101764.12	1853	0	WinnieSzeto	
5543	1:55:40	1/1/2019 	6933261	389.00	8.00	12.03	22.29	101823.91	97816	1	WinnieSzeto	
5544	1:55:40	1/1/2019 	6933320	955.00	160.00	40.80	22.29	101823.91	1850	1	WinnieSzeto	
5545	1:55:40	1/1/2019 	6933567	974.00	371.00	69.61	22.32	101841.23	52438	0	WinnieSzeto	
5546	1:55:41	1/1/2019 	6933900	146.00	7.00	7.90	22.32	101841.23	1851	0	WinnieSzeto	
5547	1:55:41	1/1/2019 	6934436	975.00	429.00	78.38	22.36	101859.48	1851	1	WinnieSzeto	
5548	1:55:42	1/1/2019 	6935342	451.00	8.00	12.49	22.43	101896.95	49832	0	WinnieSzeto	
5549	1:55:42	1/1/2019 	6935589	601.00	9.00	14.04	22.43	101896.95	49828	0	WinnieSzeto	
5550	1:55:42	1/1/2019 	6935784	145.00	8.00	7.87	22.46	101916.52	4456	0	WinnieSzeto	
5551	1:55:43	1/1/2019 	6936068	860.00	77.00	25.88	22.46	101916.52	1847	1	WinnieSzeto	
5552	1:55:44	1/1/2019 	6937708	261.00	8.00	10.48	22.57	101974.03	97812	0	WinnieSzeto	
5553	1:55:46	1/1/2019 	6938868	198.00	8.00	9.25	22.63	102009.66	49830	0	WinnieSzeto	
5554	1:55:46	1/1/2019 	6939056	131.00	8.00	7.47	22.67	102026.44	1848	0	WinnieSzeto	
5555	1:55:46	1/1/2019 	6939334	113.00	8.00	6.95	22.67	102026.44	1847	0	WinnieSzeto	
5556	1:55:46	1/1/2019 	6939496	845.00	63.00	23.97	22.67	102026.44	4433	0	WinnieSzeto	
5557	1:55:47	1/1/2019 	6939975	123.00	8.00	7.24	22.70	102042.21	49830	0	WinnieSzeto	
5558	1:55:47	1/1/2019 	6940550	632.00	9.00	14.39	22.73	102057.62	50628	0	WinnieSzeto	
5559	1:55:49	1/1/2019 	6942192	919.00	143.00	38.12	22.83	102100.30	49834	0	WinnieSzeto	
5560	1:55:49	1/1/2019 	6942631	425.00	8.00	12.31	22.86	102113.58	49831	0	WinnieSzeto	
5561	1:55:49	1/1/2019 	6942758	660.00	10.00	14.87	22.86	102113.58	1849	0	WinnieSzeto	
5562	1:55:52	1/1/2019 	6944938	127.00	8.00	7.35	22.98	102161.80	100417	0	WinnieSzeto	
5563	1:55:55	1/1/2019 	6948012	581.00	9.00	13.78	23.15	102221.36	145787	0	WinnieSzeto	
5564	1:55:55	1/1/2019 	6948158	746.00	17.00	17.33	23.15	102221.36	1851	0	WinnieSzeto	
5565	1:55:56	1/1/2019 	6949053	78.00	8.00	6.10	23.20	102238.09	49830	0	WinnieSzeto	
5566	1:55:56	1/1/2019 	6949120	726.00	14.00	16.36	23.20	102238.09	1849	1	WinnieSzeto	
5567	1:55:58	1/1/2019 	6950936	81.00	7.00	6.15	23.29	102261.09	97808	0	WinnieSzeto	
5568	1:55:58	1/1/2019 	6951104	922.00	127.00	35.26	23.29	102261.09	5256	0	WinnieSzeto	
5569	1:55:58	1/1/2019 	6951413	291.00	8.00	10.93	23.31	102268.00	1852	0	WinnieSzeto	
5570	1:55:59	1/1/2019 	6952380	90.00	7.00	6.34	23.36	102281.06	49826	0	WinnieSzeto	
5571	1:56:01	1/1/2019 	6953831	514.00	8.00	12.94	23.41	102293.07	97809	0	WinnieSzeto	
5572	1:56:01	1/1/2019 	6953923	250.00	8.00	10.29	23.44	102298.66	1850	0	WinnieSzeto	
5573	1:56:01	1/1/2019 	6954419	247.00	8.00	10.24	23.44	102298.66	1848	0	WinnieSzeto	
5574	1:56:01	1/1/2019 	6954774	508.00	8.00	12.89	23.46	102303.58	52411	0	WinnieSzeto	
5575	1:56:03	1/1/2019 	6956241	803.00	47.00	22.21	23.53	102318.30	49827	1	WinnieSzeto	
5576	1:56:05	1/1/2019 	6958323	611.00	8.00	13.95	23.62	102335.80	97809	0	WinnieSzeto	
5577	1:56:05	1/1/2019 	6958706	928.00	134.00	36.56	23.62	102335.80	49830	1	WinnieSzeto	
5578	1:56:07	1/1/2019 	6960232	730.00	15.00	16.69	23.69	102346.44	49832	0	WinnieSzeto	
5579	1:56:08	1/1/2019 	6961040	412.00	8.00	12.21	23.71	102350.17	50627	0	WinnieSzeto	
5580	1:56:08	1/1/2019 	6961104	905.00	102.00	30.39	23.73	102353.22	4455	0	WinnieSzeto	
5581	1:56:09	1/1/2019 	6962199	400.00	8.00	12.12	23.77	102359.50	49828	0	WinnieSzeto	
5582	1:56:09	1/1/2019 	6962353	937.00	146.00	38.64	23.77	102359.50	1850	1	WinnieSzeto	
5583	1:56:11	1/1/2019 	6964331	404.00	12.00	12.39	23.83	102367.45	97809	0	WinnieSzeto	
5584	1:56:11	1/1/2019 	6964726	94.00	8.00	6.44	23.85	102369.81	49829	0	WinnieSzeto	
5585	1:56:12	1/1/2019 	6965209	390.00	8.00	12.04	23.87	102371.97	1848	0	WinnieSzeto	
5586	1:56:13	1/1/2019 	6966371	745.00	19.00	17.88	23.90	102376.52	52412	0	WinnieSzeto	
5587	1:56:13	1/1/2019 	6966639	821.00	47.00	22.24	23.92	102378.88	49833	1	WinnieSzeto	
5588	1:56:14	1/1/2019 	6967647	956.00	164.00	41.35	23.94	102380.73	49836	0	WinnieSzeto	
5589	1:56:15	1/1/2019 	6968004	176.00	8.00	8.72	23.96	102383.25	1852	0	WinnieSzeto	
5590	1:56:15	1/1/2019 	6968076	956.00	157.00	40.36	23.96	102383.25	1848	1	WinnieSzeto	
5591	1:56:17	1/1/2019 	6970023	953.00	164.00	41.35	24.03	102391.11	97809	1	WinnieSzeto	
5592	1:56:17	1/1/2019 	6970460	890.00	96.00	29.21	24.05	102393.33	5265	1	WinnieSzeto	
5593	1:56:18	1/1/2019 	6971289	542.00	8.00	13.19	24.07	102395.17	49829	0	WinnieSzeto	
5594	1:56:18	1/1/2019 	6971640	515.00	8.00	12.95	24.09	102396.97	49827	0	WinnieSzeto	
5595	1:56:19	1/1/2019 	6972336	696.00	12.00	15.65	24.11	102398.84	1848	0	WinnieSzeto	
5596	1:56:19	1/1/2019 	6972441	119.00	7.00	7.12	24.11	102398.84	1850	0	WinnieSzeto	
5597	1:56:19	1/1/2019 	6972595	496.00	8.00	12.80	24.11	102398.84	49828	0	WinnieSzeto	
5598	1:56:19	1/1/2019 	6972704	470.00	8.00	12.62	24.12	102400.64	4433	0	WinnieSzeto	
5599	1:56:19	1/1/2019 	6972821	290.00	8.00	10.92	24.12	102400.64	1848	0	WinnieSzeto	
5600	1:56:20	1/1/2019 	6973149	136.00	8.00	7.62	24.12	102400.64	1848	0	WinnieSzeto	
5601	1:56:20	1/1/2019 	6973153	744.00	16.00	17.02	24.12	102400.64	1850	1	WinnieSzeto	
5602	1:56:20	1/1/2019 	6973463	907.00	103.00	30.58	24.14	102402.11	1849	0	WinnieSzeto	
5603	1:56:21	1/1/2019 	6974794	861.00	79.00	26.19	24.17	102405.62	97809	0	WinnieSzeto	
5604	1:56:21	1/1/2019 	6974810	837.00	63.00	23.95	24.17	102405.62	4435	1	WinnieSzeto	
5605	1:56:22	1/1/2019 	6975007	717.00	13.00	16.01	24.19	102407.09	1850	1	WinnieSzeto	
5606	1:56:22	1/1/2019 	6975210	912.00	116.00	33.13	24.19	102407.09	1851	1	WinnieSzeto	
5607	1:56:24	1/1/2019 	6977049	131.00	8.00	7.47	24.23	102411.79	97808	0	WinnieSzeto	
5608	1:56:24	1/1/2019 	6977294	244.00	8.00	10.19	24.25	102413.66	1850	0	WinnieSzeto	
5609	1:56:24	1/1/2019 	6977681	372.00	8.00	11.88	24.27	102414.91	52432	0	WinnieSzeto	
5610	1:56:25	1/1/2019 	6977838	89.00	8.00	6.32	24.27	102414.91	1848	0	WinnieSzeto	
5611	1:56:25	1/1/2019 	6978220	509.00	8.00	12.90	24.28	102416.21	1848	1	WinnieSzeto	
5612	1:56:25	1/1/2019 	6978357	86.00	8.00	6.26	24.28	102416.21	1848	0	WinnieSzeto	
5613	1:56:26	1/1/2019 	6979083	77.00	8.00	6.08	24.30	102417.66	49825	0	WinnieSzeto	
5614	1:56:26	1/1/2019 	6979470	914.00	115.00	32.94	24.31	102419.16	1848	1	WinnieSzeto	
5615	1:56:27	1/1/2019 	6980275	146.00	8.00	7.90	24.33	102420.22	52414	0	WinnieSzeto	
5616	1:56:27	1/1/2019 	6980452	236.00	8.00	10.04	24.34	102421.53	2645	0	WinnieSzeto	
5617	1:56:28	1/1/2019 	6981287	602.00	9.00	14.05	24.36	102422.81	49828	0	WinnieSzeto	
5618	1:56:29	1/1/2019 	6982231	642.00	4.00	12.90	24.39	102425.56	49829	0	WinnieSzeto	
5619	1:56:29	1/1/2019 	6982574	410.00	8.00	12.20	24.39	102425.56	49829	0	WinnieSzeto	
5620	1:56:30	1/1/2019 	6982993	85.00	7.00	6.23	24.40	102426.81	1847	0	WinnieSzeto	
5621	1:56:30	1/1/2019 	6983259	570.00	8.00	13.49	24.41	102427.74	4456	0	WinnieSzeto	
5622	1:56:30	1/1/2019 	6983383	443.00	9.00	12.51	24.41	102427.74	1848	0	WinnieSzeto	
5623	1:56:32	1/1/2019 	6984850	236.00	8.00	10.04	24.46	102431.55	97807	0	WinnieSzeto	
5624	1:56:32	1/1/2019 	6985032	104.00	7.00	6.70	24.46	102431.55	1849	0	WinnieSzeto	
5625	1:56:32	1/1/2019 	6985814	87.00	7.00	6.28	24.47	102432.61	49829	0	WinnieSzeto	
5626	1:56:33	1/1/2019 	6986173	114.00	8.00	6.98	24.48	102433.59	1850	0	WinnieSzeto	
5627	1:56:34	1/1/2019 	6986851	118.00	7.00	7.09	24.49	102434.52	52412	0	WinnieSzeto	
5628	1:56:34	1/1/2019 	6987172	338.00	8.00	11.53	24.51	102435.73	1851	0	WinnieSzeto	
5629	1:56:35	1/1/2019 	6988374	86.00	8.00	6.26	24.53	102437.74	49827	0	WinnieSzeto	
5630	1:56:36	1/1/2019 	6989602	222.00	8.00	9.77	24.56	102440.08	97808	0	WinnieSzeto	
5631	1:56:37	1/1/2019 	6990021	968.00	298.00	56.74	24.57	102440.97	2645	1	WinnieSzeto	
5632	1:56:37	1/1/2019 	6990034	422.00	8.00	12.29	24.57	102440.97	1851	0	WinnieSzeto	
5633	1:56:40	1/1/2019 	6992912	961.00	226.00	47.84	24.63	102445.49	148393	1	WinnieSzeto	
5634	1:56:40	1/1/2019 	6993177	967.00	275.00	53.32	24.64	102446.36	1853	1	WinnieSzeto	
5635	1:56:41	1/1/2019 	6994130	96.00	8.00	6.49	24.66	102447.44	49830	0	WinnieSzeto	
5636	1:56:41	1/1/2019 	6994409	94.00	7.00	6.44	24.67	102448.17	1847	0	WinnieSzeto	
5637	1:56:42	1/1/2019 	6995217	722.00	14.00	16.36	24.68	102449.09	49829	0	WinnieSzeto	
5638	1:56:43	1/1/2019 	6996061	98.00	7.00	6.54	24.70	102450.69	49831	0	WinnieSzeto	
5639	1:56:44	1/1/2019 	6997174	712.00	12.00	15.66	24.73	102452.20	52436	0	WinnieSzeto	
5640	1:56:45	1/1/2019 	6998123	82.00	8.00	6.17	24.75	102453.46	49829	0	WinnieSzeto	
5641	1:56:45	1/1/2019 	6998277	908.00	108.00	31.56	24.75	102453.46	1848	0	WinnieSzeto	
5642	1:56:46	1/1/2019 	6998922	106.00	7.00	6.75	24.76	102454.38	49832	0	WinnieSzeto	
5643	1:56:46	1/1/2019 	6998939	297.00	8.00	11.02	24.76	102454.38	1858	0	WinnieSzeto	
5644	1:56:46	1/1/2019 	6999493	246.00	8.00	10.22	24.77	102454.72	1854	0	WinnieSzeto	
5645	1:56:47	1/1/2019 	7000385	968.00	297.00	56.58	24.80	102456.17	52394	0	WinnieSzeto	
5646	1:56:47	1/1/2019 	7000759	447.00	8.00	12.46	24.80	102456.52	50627	0	WinnieSzeto	
5647	1:56:48	1/1/2019 	7000904	805.00	52.00	22.70	24.80	102456.52	1849	0	WinnieSzeto	
5648	1:56:48	1/1/2019 	7000958	877.00	87.00	27.55	24.80	102456.52	1851	1	WinnieSzeto	
5649	1:56:49	1/1/2019 	7001876	167.00	8.00	8.48	24.83	102457.80	49830	0	WinnieSzeto	
5650	1:56:50	1/1/2019 	7003134	278.00	8.00	10.75	24.85	102459.01	49829	0	WinnieSzeto	
5651	1:56:50	1/1/2019 	7003304	557.00	9.00	13.48	24.85	102459.01	4437	0	WinnieSzeto	
5652	1:56:50	1/1/2019 	7003343	336.00	8.00	11.51	24.85	102459.01	1849	0	WinnieSzeto	
5653	1:56:51	1/1/2019 	7004282	111.00	8.00	6.89	24.87	102460.59	49828	0	WinnieSzeto	
5654	1:56:53	1/1/2019 	7006494	858.00	71.00	25.02	24.91	102463.22	97810	0	WinnieSzeto	
5655	1:56:57	1/1/2019 	7010261	867.00	80.00	26.36	24.98	102467.20	193771	0	WinnieSzeto	
5656	1:56:57	1/1/2019 	7010434	157.00	8.00	8.21	24.98	102467.20	2650	0	WinnieSzeto	
5657	1:56:58	1/1/2019 	7011056	606.00	8.00	13.90	24.99	102467.73	52435	0	WinnieSzeto	
5658	1:56:58	1/1/2019 	7011124	135.00	7.00	7.58	24.99	102467.73	1848	0	WinnieSzeto	
5659	1:56:58	1/1/2019 	7011750	143.00	8.00	7.82	25.00	102468.27	49829	0	WinnieSzeto	
5660	1:56:58	1/1/2019 	7011804	97.00	8.00	6.52	25.01	102468.93	1848	0	WinnieSzeto	
5661	1:56:59	1/1/2019 	7012355	71.00	10.00	5.99	25.02	102469.63	1847	1	WinnieSzeto	
5662	1:56:59	1/1/2019 	7012581	809.00	52.00	22.71	25.02	102469.63	49832	0	WinnieSzeto	
5663	1:56:59	1/1/2019 	7012700	68.00	8.00	5.95	25.02	102469.63	4435	0	WinnieSzeto	
5664	1:57:00	1/1/2019 	7012929	520.00	8.00	12.99	25.03	102470.50	1848	0	WinnieSzeto	
5665	1:57:00	1/1/2019 	7013112	835.00	62.00	23.83	25.03	102470.50	1849	1	WinnieSzeto	
5666	1:57:00	1/1/2019 	7013143	427.00	8.00	12.32	25.03	102470.50	1850	0	WinnieSzeto	
5667	1:57:01	1/1/2019 	7014281	654.00	9.00	14.54	25.05	102471.69	49830	0	WinnieSzeto	
5668	1:57:02	1/1/2019 	7015222	976.00	732.00	131.39	25.06	102473.06	49832	1	WinnieSzeto	
5669	1:57:02	1/1/2019 	7015784	84.00	7.00	6.21	25.07	102473.73	52719	0	WinnieSzeto	
5670	1:57:05	1/1/2019 	7018497	676.00	10.00	14.93	25.12	102476.22	97809	0	WinnieSzeto	
5671	1:57:05	1/1/2019 	7018672	581.00	8.00	13.62	25.12	102476.22	49832	0	WinnieSzeto	
5672	1:57:06	1/1/2019 	7018981	350.00	8.00	11.66	25.13	102477.08	1847	0	WinnieSzeto	
5673	1:57:06	1/1/2019 	7019588	653.00	9.00	14.54	25.13	102477.39	49829	0	WinnieSzeto	
5674	1:57:08	1/1/2019 	7020865	636.00	9.00	14.42	25.15	102478.23	50626	0	WinnieSzeto	
5675	1:57:09	1/1/2019 	7022724	112.00	7.00	6.92	25.18	102479.94	100414	0	WinnieSzeto	
5676	1:57:11	1/1/2019 	7024684	166.00	8.00	8.46	25.21	102481.40	97810	1	WinnieSzeto	
5677	1:57:12	1/1/2019 	7025008	973.00	528.00	90.75	25.22	102482.09	1849	1	WinnieSzeto	
5678	1:57:12	1/1/2019 	7025131	146.00	8.00	7.90	25.22	102482.09	1853	0	WinnieSzeto	
5679	1:57:12	1/1/2019 	7025263	903.00	106.00	31.15	25.22	102482.09	1847	1	WinnieSzeto	
5680	1:57:12	1/1/2019 	7025694	108.00	7.00	6.81	25.23	102482.41	49829	0	WinnieSzeto	
5681	1:57:13	1/1/2019 	7026122	771.00	25.00	19.31	25.24	102482.91	4662	0	WinnieSzeto	
5682	1:57:13	1/1/2019 	7026636	189.00	8.00	9.04	25.24	102481.92	49830	0	WinnieSzeto	
5683	1:57:14	1/1/2019 	7027355	821.00	56.00	23.14	25.25	102483.39	1848	0	WinnieSzeto	
5684	1:57:16	1/1/2019 	7029823	72.00	7.00	6.00	25.28	102485.02	145787	0	WinnieSzeto	
5685	1:57:17	1/1/2019 	7029924	185.00	8.00	8.95	25.28	102485.02	2647	0	WinnieSzeto	
5686	1:57:17	1/1/2019 	7030023	622.00	8.00	14.05	25.29	102485.88	4455	0	WinnieSzeto	
5687	1:57:18	1/1/2019 	7031051	730.00	16.00	17.00	25.31	102486.50	49827	1	WinnieSzeto	
5688	1:57:19	1/1/2019 	7032464	968.00	372.00	69.78	25.33	102487.52	49829	1	WinnieSzeto	
5689	1:57:21	1/1/2019 	7033910	183.00	8.00	8.90	25.35	102488.44	97808	0	WinnieSzeto	
5690	1:57:21	1/1/2019 	7034053	623.00	9.00	14.30	25.35	102488.44	1849	0	WinnieSzeto	
5691	1:57:23	1/1/2019 	7035927	91.00	7.00	6.37	25.37	102490.08	97807	0	WinnieSzeto	
5692	1:57:24	1/1/2019 	7037564	613.00	8.00	13.97	25.40	102491.23	100618	0	WinnieSzeto	
5693	1:57:24	1/1/2019 	7037622	903.00	102.00	30.38	25.40	102491.23	1850	0	WinnieSzeto	
5694	1:57:25	1/1/2019 	7038275	960.00	168.00	41.89	25.41	102491.52	1852	0	WinnieSzeto	
5695	1:57:27	1/1/2019 	7040556	544.00	8.00	13.21	25.44	102492.66	145789	0	WinnieSzeto	
5696	1:57:28	1/1/2019 	7041172	729.00	14.00	16.36	25.45	102492.50	2646	0	WinnieSzeto	
5697	1:57:31	1/1/2019 	7044682	172.00	8.00	8.62	25.50	102494.05	193766	0	WinnieSzeto	
5698	1:57:33	1/1/2019 	7045896	270.00	8.00	10.62	25.51	102495.20	52433	0	WinnieSzeto	
5699	1:57:34	1/1/2019 	7047128	806.00	48.00	22.31	25.54	102497.27	49827	1	WinnieSzeto	
5700	1:57:35	1/1/2019 	7048207	959.00	182.00	43.58	25.55	102498.91	49830	1	WinnieSzeto	
5701	1:57:35	1/1/2019 	7048228	142.00	7.00	7.78	25.55	102498.91	1851	0	WinnieSzeto	
5702	1:57:35	1/1/2019 	7048364	623.00	9.00	14.30	25.55	102498.91	1850	0	WinnieSzeto	
5703	1:57:35	1/1/2019 	7048557	153.00	7.00	8.10	25.55	102498.91	49829	0	WinnieSzeto	
5704	1:57:35	1/1/2019 	7048648	432.00	8.00	12.36	25.55	102498.91	4558	0	WinnieSzeto	
5705	1:57:35	1/1/2019 	7048800	212.00	8.00	9.56	25.56	102499.85	1849	0	WinnieSzeto	
5706	1:57:38	1/1/2019 	7051130	386.00	8.00	12.00	25.59	102502.41	97808	0	WinnieSzeto	
5707	1:57:38	1/1/2019 	7051402	758.00	21.00	18.41	25.59	102503.34	2575	0	WinnieSzeto	
5708	1:57:38	1/1/2019 	7051729	800.00	44.00	21.90	25.59	102503.34	49830	1	WinnieSzeto	
5709	1:57:39	1/1/2019 	7051917	122.00	7.00	7.20	25.59	102503.34	1851	0	WinnieSzeto	
5710	1:57:39	1/1/2019 	7052073	89.00	8.00	6.32	25.60	102504.15	4489	0	WinnieSzeto	
5711	1:57:40	1/1/2019 	7052829	894.00	102.00	30.35	25.61	102504.98	49828	1	WinnieSzeto	
5712	1:57:41	1/1/2019 	7054161	818.00	54.00	22.93	25.63	102507.17	49831	0	WinnieSzeto	
5713	1:57:42	1/1/2019 	7054901	81.00	7.00	6.15	25.64	102507.97	49833	0	WinnieSzeto	
5714	1:57:43	1/1/2019 	7056490	538.00	8.00	13.15	25.66	102510.05	49830	0	WinnieSzeto	
5715	1:57:44	1/1/2019 	7057477	957.00	184.00	43.80	25.67	102511.36	49830	0	WinnieSzeto	
5716	1:57:45	1/1/2019 	7058760	810.00	54.00	22.91	25.69	102512.80	100417	1	WinnieSzeto	
5717	1:57:47	1/1/2019 	7060273	243.00	8.00	10.17	25.71	102514.69	49830	0	WinnieSzeto	
5718	1:57:47	1/1/2019 	7060309	316.00	8.00	11.27	25.71	102514.69	2575	0	WinnieSzeto	
5719	1:57:47	1/1/2019 	7060408	812.00	46.00	22.13	25.71	102514.69	1848	0	WinnieSzeto	
5720	1:57:48	1/1/2019 	7061224	769.00	25.00	19.30	25.72	102515.33	49829	0	WinnieSzeto	
5721	1:57:48	1/1/2019 	7061317	95.00	8.00	6.47	25.72	102515.94	1852	0	WinnieSzeto	
5722	1:57:49	1/1/2019 	7062602	888.00	94.00	28.83	25.74	102517.19	100408	1	WinnieSzeto	
5723	1:57:50	1/1/2019 	7063036	212.00	8.00	9.56	25.74	102517.86	1852	0	WinnieSzeto	
5724	1:57:50	1/1/2019 	7063082	70.00	7.00	5.98	25.74	102517.86	1848	0	WinnieSzeto	
5725	1:57:51	1/1/2019 	7063948	723.00	14.00	16.36	25.75	102518.47	49828	0	WinnieSzeto	
5726	1:57:51	1/1/2019 	7064374	633.00	8.00	14.14	25.76	102518.75	1851	0	WinnieSzeto	
5727	1:57:51	1/1/2019 	7064396	219.00	8.00	9.71	25.76	102518.75	1848	0	WinnieSzeto	
5728	1:57:51	1/1/2019 	7064763	130.00	7.00	7.44	25.76	102519.55	52408	0	WinnieSzeto	
5729	1:57:52	1/1/2019 	7065054	419.00	8.00	12.27	25.76	102519.55	1851	0	WinnieSzeto	
5730	1:57:54	1/1/2019 	7067404	608.00	9.00	14.12	25.80	102522.55	97807	0	WinnieSzeto	
5731	1:57:54	1/1/2019 	7067616	427.00	8.00	12.32	25.80	102522.55	49830	0	WinnieSzeto	
5732	1:57:56	1/1/2019 	7068859	924.00	138.00	37.27	25.81	102522.97	49828	1	WinnieSzeto	
5733	1:57:56	1/1/2019 	7069330	794.00	35.00	20.91	25.82	102523.42	1853	0	WinnieSzeto	
5734	1:57:58	1/1/2019 	7071452	120.00	7.00	7.15	25.84	102526.24	100392	0	WinnieSzeto	
5735	1:57:59	1/1/2019 	7072550	896.00	101.00	30.17	25.86	102526.34	98540	0	WinnieSzeto	
5736	1:57:59	1/1/2019 	7072774	603.00	8.00	13.87	25.86	102526.34	1852	0	WinnieSzeto	
5737	1:57:59	1/1/2019 	7072783	95.00	7.00	6.46	25.86	102526.34	1847	0	WinnieSzeto	
5738	1:57:59	1/1/2019 	7072814	529.00	7.00	12.95	25.86	102526.34	1849	1	WinnieSzeto	
5739	1:58:00	1/1/2019 	7073313	414.00	8.00	12.23	25.86	102525.12	1852	0	WinnieSzeto	
5740	1:58:00	1/1/2019 	7073487	108.00	7.00	6.81	25.87	102523.13	4465	0	WinnieSzeto	
5741	1:58:00	1/1/2019 	7073490	94.00	7.00	6.44	25.87	102523.13	1850	0	WinnieSzeto	
5742	1:58:01	1/1/2019 	7074149	102.00	7.00	6.64	25.88	102519.52	49829	0	WinnieSzeto	
5743	1:58:01	1/1/2019 	7074817	806.00	47.00	22.21	25.88	102513.62	49833	0	WinnieSzeto	
5744	1:58:03	1/1/2019 	7076042	521.00	8.00	13.00	25.90	102497.62	49834	0	WinnieSzeto	
5745	1:58:04	1/1/2019 	7077719	571.00	8.00	13.50	25.92	102461.98	97809	0	WinnieSzeto	
5746	1:58:05	1/1/2019 	7078341	198.00	7.00	9.24	25.93	102448.70	4453	0	WinnieSzeto	
5747	1:58:05	1/1/2019 	7078485	631.00	9.00	14.38	25.93	102435.16	1852	0	WinnieSzeto	
5748	1:58:05	1/1/2019 	7078732	381.00	8.00	11.96	25.93	102435.16	49829	1	WinnieSzeto	
5749	1:58:06	1/1/2019 	7078881	76.00	7.00	6.06	25.93	102435.16	1848	0	WinnieSzeto	
5750	1:58:06	1/1/2019 	7079211	738.00	17.00	17.31	25.94	102420.59	1851	0	WinnieSzeto	
5751	1:58:07	1/1/2019 	7080388	258.00	8.00	10.43	25.95	102386.95	49830	0	WinnieSzeto	
5752	1:58:07	1/1/2019 	7080801	196.00	7.00	9.20	25.95	102368.91	53422	0	WinnieSzeto	
5753	1:58:08	1/1/2019 	7080958	157.00	8.00	8.21	25.95	102368.91	1851	0	WinnieSzeto	
5754	1:58:11	1/1/2019 	7084200	159.00	8.00	8.27	25.98	102251.64	145790	0	WinnieSzeto	
5755	1:58:12	1/1/2019 	7084982	175.00	8.00	8.69	25.99	102213.38	49831	0	WinnieSzeto	
5756	1:58:12	1/1/2019 	7085481	246.00	8.00	10.22	25.99	102213.38	1856	0	WinnieSzeto	
5757	1:58:14	1/1/2019 	7086902	668.00	11.00	15.22	26.00	102158.42	100396	1	WinnieSzeto	
5758	1:58:14	1/1/2019 	7086993	193.00	7.00	9.13	26.00	102158.42	1852	0	WinnieSzeto	
5759	1:58:14	1/1/2019 	7087045	184.00	7.00	8.91	26.00	102158.42	1851	0	WinnieSzeto	
5760	1:58:15	1/1/2019 	7087922	153.00	7.00	8.10	26.00	102122.38	49829	0	WinnieSzeto	
5761	1:58:16	1/1/2019 	7089374	910.00	117.00	33.32	26.00	102068.77	49831	0	WinnieSzeto	
5762	1:58:16	1/1/2019 	7089378	342.00	8.00	11.57	26.00	102068.77	1853	0	WinnieSzeto	
5763	1:58:17	1/1/2019 	7090379	609.00	8.00	13.93	26.00	102051.27	52640	0	WinnieSzeto	
5764	1:58:17	1/1/2019 	7090574	560.00	8.00	13.38	26.00	102034.11	50555	0	WinnieSzeto	
5765	1:58:17	1/1/2019 	7090823	789.00	33.00	20.64	26.00	102034.11	1848	0	WinnieSzeto	
5766	1:58:18	1/1/2019 	7091215	532.00	8.00	13.10	26.00	102017.23	1850	0	WinnieSzeto	
5767	1:58:19	1/1/2019 	7092808	929.00	144.00	38.31	25.99	101970.61	97809	1	WinnieSzeto	
5768	1:58:20	1/1/2019 	7092907	962.00	209.00	46.27	25.99	101970.61	1851	1	WinnieSzeto	
5769	1:58:21	1/1/2019 	7094222	217.00	8.00	9.67	25.98	101941.44	52437	0	WinnieSzeto	
5770	1:58:22	1/1/2019 	7095431	330.00	8.00	11.44	25.97	101902.62	49831	0	WinnieSzeto	
5771	1:58:22	1/1/2019 	7095625	964.00	175.00	42.76	25.97	101902.62	49837	1	WinnieSzeto	
5772	1:58:24	1/1/2019 	7096891	570.00	8.00	13.49	25.96	101878.58	49837	0	WinnieSzeto	
5773	1:58:24	1/1/2019 	7096912	377.00	8.00	11.92	25.96	101878.58	1849	0	WinnieSzeto	
5774	1:58:24	1/1/2019 	7097242	656.00	9.00	14.55	25.96	101866.59	1847	0	WinnieSzeto	
5775	1:58:24	1/1/2019 	7097467	178.00	8.00	8.77	25.96	101866.59	4607	0	WinnieSzeto	
5776	1:58:24	1/1/2019 	7097700	134.00	7.00	7.55	25.95	101855.13	49827	0	WinnieSzeto	
5777	1:58:25	1/1/2019 	7098136	928.00	143.00	38.14	25.95	101855.13	1850	0	WinnieSzeto	
5778	1:58:25	1/1/2019 	7098453	394.00	8.00	12.07	25.95	101843.48	1851	0	WinnieSzeto	
5779	1:58:25	1/1/2019 	7098818	882.00	90.00	28.09	25.95	101831.55	49828	0	WinnieSzeto	
5780	1:58:26	1/1/2019 	7098904	162.00	7.00	8.34	25.95	101831.55	1851	0	WinnieSzeto	
5781	1:58:27	1/1/2019 	7100224	588.00	8.00	13.70	25.94	101803.24	52422	0	WinnieSzeto	
5782	1:58:27	1/1/2019 	7100479	535.00	8.00	13.13	25.93	101787.47	2574	0	WinnieSzeto	
5783	1:58:28	1/1/2019 	7101122	985.00	801.00	142.67	25.93	101771.45	49829	0	WinnieSzeto	
5784	1:58:28	1/1/2019 	7101408	173.00	8.00	8.64	25.93	101771.45	1852	0	WinnieSzeto	
5785	1:58:29	1/1/2019 	7102455	159.00	8.00	8.27	25.92	101737.95	49826	0	WinnieSzeto	
5786	1:58:29	1/1/2019 	7102648	133.00	7.00	7.52	25.92	101721.19	49829	0	WinnieSzeto	
5787	1:58:30	1/1/2019 	7103345	979.00	676.00	122.07	25.91	101705.30	4681	0	WinnieSzeto	
5788	1:58:31	1/1/2019 	7104002	230.00	8.00	9.93	25.91	101689.42	49831	0	WinnieSzeto	
5789	1:58:31	1/1/2019 	7104271	247.00	8.00	10.24	25.90	101672.82	1849	0	WinnieSzeto	
5790	1:58:31	1/1/2019 	7104658	184.00	7.00	8.91	25.90	101672.82	49827	0	WinnieSzeto	
5791	1:58:33	1/1/2019 	7106273	799.00	50.00	22.49	25.89	101625.20	49832	1	WinnieSzeto	
5792	1:58:33	1/1/2019 	7106827	430.00	8.00	12.35	25.88	101611.27	49832	0	WinnieSzeto	
5793	1:58:34	1/1/2019 	7107447	165.00	7.00	8.42	25.88	101598.62	4441	0	WinnieSzeto	
5794	1:58:35	1/1/2019 	7108064	83.00	7.00	6.19	25.87	101575.88	49834	1	WinnieSzeto	
5795	1:58:35	1/1/2019 	7108438	904.00	112.00	32.33	25.87	101575.88	1852	0	WinnieSzeto	
5796	1:58:36	1/1/2019 	7109040	954.00	169.00	42.02	25.86	101564.70	49830	1	WinnieSzeto	
5797	1:58:36	1/1/2019 	7109199	108.00	7.00	6.81	25.86	101554.54	1851	0	WinnieSzeto	
5798	1:58:36	1/1/2019 	7109347	439.00	8.00	12.41	25.86	101554.54	1850	0	WinnieSzeto	
5799	1:58:37	1/1/2019 	7110788	796.00	42.00	21.69	25.84	101534.38	100393	1	WinnieSzeto	
5800	1:58:39	1/1/2019 	7111872	157.00	8.00	8.21	25.83	101516.39	50562	0	WinnieSzeto	
5801	1:58:39	1/1/2019 	7112091	466.00	12.00	12.90	25.83	101508.06	1848	0	WinnieSzeto	
5802	1:58:39	1/1/2019 	7112265	74.00	7.00	6.03	25.83	101508.06	1849	0	WinnieSzeto	
5803	1:58:39	1/1/2019 	7112781	99.00	7.00	6.57	25.82	101500.05	49828	0	WinnieSzeto	
5804	1:58:39	1/1/2019 	7112787	608.00	8.00	13.92	25.82	101500.05	1848	0	WinnieSzeto	
5805	1:58:40	1/1/2019 	7112911	922.00	131.00	36.01	25.82	101500.05	4474	1	WinnieSzeto	
5806	1:58:40	1/1/2019 	7113348	114.00	7.00	6.97	25.82	101492.38	1852	0	WinnieSzeto	
5807	1:58:40	1/1/2019 	7113491	585.00	8.00	13.66	25.82	101492.38	1850	0	WinnieSzeto	
5808	1:58:40	1/1/2019 	7113668	979.00	451.00	81.08	25.81	101484.36	49827	1	WinnieSzeto	
5809	1:58:41	1/1/2019 	7114291	299.00	8.00	11.05	25.81	101475.52	1851	0	WinnieSzeto	
5810	1:58:42	1/1/2019 	7115553	263.00	8.00	10.51	25.80	101460.00	97807	0	WinnieSzeto	
5811	1:58:44	1/1/2019 	7117081	930.00	141.00	37.80	25.78	101438.15	52411	0	WinnieSzeto	
5812	1:58:44	1/1/2019 	7117264	82.00	7.00	6.17	25.78	101438.15	1852	0	WinnieSzeto	
5813	1:58:44	1/1/2019 	7117716	650.00	9.00	14.52	25.78	101430.46	49830	0	WinnieSzeto	
5814	1:58:46	1/1/2019 	7119262	410.00	8.00	12.20	25.76	101409.54	49829	0	WinnieSzeto	
5815	1:58:46	1/1/2019 	7119572	597.00	9.00	13.99	25.76	101409.54	49828	0	WinnieSzeto	
5816	1:58:46	1/1/2019 	7119730	688.00	11.00	15.29	25.76	101402.54	2576	0	WinnieSzeto	
5817	1:58:48	1/1/2019 	7121481	100.00	7.00	6.59	25.74	101380.13	52434	0	WinnieSzeto	
5818	1:58:49	1/1/2019 	7122641	947.00	153.00	39.76	25.73	101366.27	97809	0	WinnieSzeto	
5819	1:58:49	1/1/2019 	7122765	381.00	8.00	11.96	25.73	101366.27	1852	0	WinnieSzeto	
5820	1:58:51	1/1/2019 	7124343	139.00	8.00	7.70	25.71	101347.06	49827	0	WinnieSzeto	
5821	1:58:51	1/1/2019 	7124702	571.00	8.00	13.50	25.71	101340.22	49827	0	WinnieSzeto	
5822	1:58:53	1/1/2019 	7126165	181.00	8.00	8.85	25.70	101326.69	52411	0	WinnieSzeto	
5823	1:58:53	1/1/2019 	7126453	414.00	8.00	12.23	25.69	101319.33	1848	0	WinnieSzeto	
5824	1:58:54	1/1/2019 	7126990	633.00	9.00	14.40	25.69	101312.00	49828	0	WinnieSzeto	
5825	1:58:54	1/1/2019 	7127053	87.00	8.00	6.28	25.69	101312.00	1850	0	WinnieSzeto	
5826	1:58:55	1/1/2019 	7127864	121.00	7.00	7.18	25.68	101298.63	49826	0	WinnieSzeto	
5827	1:58:57	1/1/2019 	7130307	534.00	8.00	13.12	25.66	101276.62	97810	0	WinnieSzeto	
5828	1:58:58	1/1/2019 	7131023	976.00	670.00	120.65	25.66	101271.56	53381	1	WinnieSzeto	
5829	1:58:58	1/1/2019 	7131173	909.00	108.00	31.56	25.65	101266.74	1852	0	WinnieSzeto	
5830	1:58:58	1/1/2019 	7131740	569.00	8.00	13.48	25.65	101261.91	49828	0	WinnieSzeto	
5831	1:58:59	1/1/2019 	7132003	970.00	296.00	56.42	25.65	101261.91	1849	0	WinnieSzeto	
5832	1:59:02	1/1/2019 	7134924	845.00	73.00	25.26	25.63	101239.95	145791	0	WinnieSzeto	
5833	1:59:03	1/1/2019 	7136066	624.00	9.00	14.31	25.62	101231.53	49832	1	WinnieSzeto	
5834	1:59:03	1/1/2019 	7136247	921.00	133.00	36.37	25.62	101227.72	4456	1	WinnieSzeto	
5835	1:59:03	1/1/2019 	7136680	243.00	8.00	10.17	25.61	101223.50	49829	0	WinnieSzeto	
5836	1:59:04	1/1/2019 	7137044	398.00	8.00	12.10	25.61	101223.50	1848	0	WinnieSzeto	
5837	1:59:04	1/1/2019 	7137073	448.00	8.00	12.47	25.61	101223.50	1849	0	WinnieSzeto	
5838	1:59:05	1/1/2019 	7138029	166.00	7.00	8.45	25.60	101215.57	49827	0	WinnieSzeto	
5839	1:59:06	1/1/2019 	7139717	84.00	8.00	6.21	25.59	101203.30	97809	0	WinnieSzeto	
5840	1:59:07	1/1/2019 	7139852	645.00	9.00	14.49	25.59	101203.30	5401	0	WinnieSzeto	
5841	1:59:07	1/1/2019 	7140638	270.00	8.00	10.62	25.58	101195.62	49832	0	WinnieSzeto	
5842	1:59:08	1/1/2019 	7141043	85.00	7.00	6.23	25.58	101195.62	1855	0	WinnieSzeto	
5843	1:59:08	1/1/2019 	7141178	446.00	8.00	12.46	25.58	101191.78	1855	0	WinnieSzeto	
5844	1:59:08	1/1/2019 	7141252	118.00	8.00	7.09	25.58	101191.78	1849	0	WinnieSzeto	
5845	1:59:08	1/1/2019 	7141396	266.00	8.00	10.56	25.58	101191.78	1848	0	WinnieSzeto	
5846	1:59:08	1/1/2019 	7141445	77.00	8.00	6.08	25.58	101191.78	4431	0	WinnieSzeto	
5847	1:59:09	1/1/2019 	7142263	298.00	8.00	11.03	25.57	101184.24	49826	0	WinnieSzeto	
5848	1:59:09	1/1/2019 	7142355	193.00	8.00	9.14	25.57	101184.24	1850	0	WinnieSzeto	
5849	1:59:09	1/1/2019 	7142598	203.00	7.00	9.35	25.57	101184.24	49826	0	WinnieSzeto	
5850	1:59:10	1/1/2019 	7143013	83.00	7.00	6.19	25.57	101180.52	1850	0	WinnieSzeto	
5851	1:59:10	1/1/2019 	7143113	512.00	7.00	12.82	25.57	101180.52	1849	0	WinnieSzeto	
5852	1:59:10	1/1/2019 	7143205	121.00	7.00	7.18	25.57	101180.52	4432	0	WinnieSzeto	
5853	1:59:10	1/1/2019 	7143554	162.00	7.00	8.34	25.56	101176.97	49829	0	WinnieSzeto	
5854	1:59:10	1/1/2019 	7143639	74.00	8.00	6.03	25.56	101176.97	1849	0	WinnieSzeto	
5855	1:59:12	1/1/2019 	7144960	832.00	63.00	23.94	25.55	101167.27	49826	0	WinnieSzeto	
5856	1:59:12	1/1/2019 	7145157	96.00	7.00	6.49	25.55	101167.27	1851	0	WinnieSzeto	
5857	1:59:12	1/1/2019 	7145397	150.00	7.00	8.01	25.55	101167.27	1848	0	WinnieSzeto	
5858	1:59:13	1/1/2019 	7146264	121.00	7.00	7.18	25.55	101161.50	52639	0	WinnieSzeto	
5859	1:59:14	1/1/2019 	7146976	246.00	8.00	10.22	25.54	101158.98	49829	0	WinnieSzeto	
5860	1:59:14	1/1/2019 	7147133	777.00	27.00	19.69	25.54	101156.33	1849	1	WinnieSzeto	
5861	1:59:15	1/1/2019 	7147874	677.00	10.00	14.94	25.54	101153.09	49830	0	WinnieSzeto	
5862	1:59:15	1/1/2019 	7148428	258.00	7.00	10.40	25.53	101150.40	1852	0	WinnieSzeto	
5863	1:59:16	1/1/2019 	7149335	949.00	156.00	40.21	25.53	101144.83	49830	0	WinnieSzeto	
5864	1:59:16	1/1/2019 	7149765	693.00	11.00	15.30	25.53	101144.83	52422	1	WinnieSzeto	
5865	1:59:17	1/1/2019 	7150117	131.00	8.00	7.47	25.52	101142.67	2576	0	WinnieSzeto	
5866	1:59:17	1/1/2019 	7150570	158.00	8.00	8.24	25.52	101139.95	49828	0	WinnieSzeto	
5867	1:59:17	1/1/2019 	7150712	152.00	7.00	8.07	25.52	101139.95	1849	0	WinnieSzeto	
5868	1:59:18	1/1/2019 	7150938	75.00	7.00	6.05	25.52	101139.95	1849	0	WinnieSzeto	
5869	1:59:18	1/1/2019 	7150957	542.00	9.00	13.32	25.52	101139.95	1850	0	WinnieSzeto	
5870	1:59:18	1/1/2019 	7151245	182.00	7.00	8.86	25.52	101137.59	4607	0	WinnieSzeto	
5871	1:59:18	1/1/2019 	7151260	239.00	8.00	10.10	25.52	101137.59	1851	0	WinnieSzeto	
5872	1:59:19	1/1/2019 	7152675	207.00	8.00	9.45	25.51	101130.33	97806	0	WinnieSzeto	
5873	1:59:20	1/1/2019 	7153145	163.00	7.00	8.37	25.51	101130.33	1848	0	WinnieSzeto	
5874	1:59:21	1/1/2019 	7154099	86.00	7.00	6.26	25.50	101125.78	49830	0	WinnieSzeto	
5875	1:59:22	1/1/2019 	7155095	230.00	7.00	9.91	25.50	101119.77	49829	0	WinnieSzeto	
5876	1:59:23	1/1/2019 	7156418	442.00	8.00	12.43	25.49	101113.24	52420	0	WinnieSzeto	
5877	1:59:23	1/1/2019 	7156681	832.00	64.00	24.06	25.49	101110.58	49828	1	WinnieSzeto	
5878	1:59:24	1/1/2019 	7157108	624.00	9.00	14.31	25.49	101107.92	1849	0	WinnieSzeto	
5879	1:59:24	1/1/2019 	7157719	977.00	382.00	71.48	25.48	101105.23	49829	1	WinnieSzeto	
5880	1:59:26	1/1/2019 	7159497	84.00	7.00	6.21	25.48	101098.19	49831	0	WinnieSzeto	
5881	1:59:27	1/1/2019 	7159833	395.00	6.00	11.95	25.48	101096.38	49832	0	WinnieSzeto	
5882	1:59:27	1/1/2019 	7160231	181.00	8.00	8.85	25.48	101096.38	5559	0	WinnieSzeto	
5883	1:59:27	1/1/2019 	7160418	256.00	7.00	10.37	25.47	101094.19	1852	0	WinnieSzeto	
5884	1:59:27	1/1/2019 	7160773	926.00	134.00	36.56	25.47	101094.19	49828	1	WinnieSzeto	
5885	1:59:28	1/1/2019 	7161489	868.00	85.00	27.18	25.47	101089.80	1851	1	WinnieSzeto	
5886	1:59:28	1/1/2019 	7161572	142.00	8.00	7.79	25.47	101089.80	49831	0	WinnieSzeto	
5887	1:59:29	1/1/2019 	7162261	913.00	122.00	34.29	25.47	101087.93	1848	1	WinnieSzeto	
5888	1:59:29	1/1/2019 	7162454	992.00	942.00	230.26	25.47	101087.93	4443	1	WinnieSzeto	
5889	1:59:29	1/1/2019 	7162739	693.00	11.00	15.30	25.47	101086.28	49831	0	WinnieSzeto	
5890	1:59:32	1/1/2019 	7165330	162.00	7.00	8.34	25.46	101076.55	97811	0	WinnieSzeto	
5891	1:59:32	1/1/2019 	7165628	121.00	7.00	7.18	25.46	101076.55	49830	0	WinnieSzeto	
5892	1:59:33	1/1/2019 	7166448	149.00	8.00	7.99	25.45	101072.83	1850	0	WinnieSzeto	
5893	1:59:37	1/1/2019 	7169859	617.00	9.00	14.23	25.44	101063.25	193768	0	WinnieSzeto	
5894	1:59:37	1/1/2019 	7169989	82.00	7.00	6.17	25.44	101063.25	5602	0	WinnieSzeto	
5895	1:59:37	1/1/2019 	7170475	571.00	8.00	13.50	25.44	101062.10	1849	0	WinnieSzeto	
5896	1:59:38	1/1/2019 	7171491	81.00	7.00	6.15	25.43	101059.03	49830	0	WinnieSzeto	
5897	1:59:38	1/1/2019 	7171684	740.00	18.00	17.60	25.43	101059.03	49831	0	WinnieSzeto	
5898	1:59:39	1/1/2019 	7172667	300.00	7.00	11.02	25.43	101056.87	49832	0	WinnieSzeto	
5899	1:59:41	1/1/2019 	7173848	871.00	81.00	26.54	25.43	101054.52	49830	0	WinnieSzeto	
5900	1:59:41	1/1/2019 	7174550	72.00	7.00	6.00	25.43	101053.52	52422	0	WinnieSzeto	
5901	1:59:41	1/1/2019 	7174573	191.00	7.00	9.08	25.43	101053.52	1849	0	WinnieSzeto	
5902	1:59:42	1/1/2019 	7174864	153.00	7.00	8.10	25.43	101052.16	1849	0	WinnieSzeto	
5903	1:59:43	1/1/2019 	7175836	386.00	8.00	12.00	25.43	101050.16	49832	0	WinnieSzeto	
5904	1:59:43	1/1/2019 	7176150	820.00	52.00	22.73	25.43	101050.16	1850	0	WinnieSzeto	
5905	1:59:43	1/1/2019 	7176349	418.00	8.00	12.26	25.43	101049.16	4434	0	WinnieSzeto	
5906	1:59:46	1/1/2019 	7179140	147.00	7.00	7.93	25.42	101044.48	145787	0	WinnieSzeto	
5907	1:59:46	1/1/2019 	7179685	126.00	7.00	7.32	25.42	101043.44	49830	0	WinnieSzeto	
5908	1:59:46	1/1/2019 	7179819	137.00	7.00	7.64	25.42	101043.44	2576	0	WinnieSzeto	
5909	1:59:47	1/1/2019 	7179882	171.00	8.00	8.59	25.42	101043.44	1849	0	WinnieSzeto	
5910	1:59:47	1/1/2019 	7180170	645.00	9.00	14.49	25.42	101042.61	1848	0	WinnieSzeto	
5911	1:59:47	1/1/2019 	7180444	526.00	8.00	13.04	25.42	101042.61	4455	0	WinnieSzeto	
5912	1:59:48	1/1/2019 	7181295	75.00	8.00	6.05	25.42	101040.58	49828	0	WinnieSzeto	
5913	1:59:49	1/1/2019 	7182015	441.00	8.00	12.42	25.42	101039.77	49827	0	WinnieSzeto	
5914	1:59:49	1/1/2019 	7182211	744.00	19.00	17.88	25.42	101039.77	1850	0	WinnieSzeto	
5915	1:59:49	1/1/2019 	7182379	161.00	7.00	8.32	25.42	101039.09	1851	0	WinnieSzeto	
5916	1:59:49	1/1/2019 	7182417	103.00	7.00	6.67	25.42	101039.09	1849	0	WinnieSzeto	
5917	1:59:49	1/1/2019 	7182793	127.00	7.00	7.35	25.42	101039.09	52412	0	WinnieSzeto	
5918	1:59:51	1/1/2019 	7184574	167.00	7.00	8.48	25.41	101035.92	97808	0	WinnieSzeto	
5919	1:59:52	1/1/2019 	7184841	78.00	7.00	6.10	25.41	101035.92	1850	0	WinnieSzeto	
5920	1:59:52	1/1/2019 	7185001	940.00	151.00	39.45	25.41	101035.92	1851	1	WinnieSzeto	
5921	1:59:52	1/1/2019 	7185558	85.00	7.00	6.23	25.41	101035.42	49831	0	WinnieSzeto	
5922	1:59:53	1/1/2019 	7186076	874.00	87.00	27.54	25.41	101034.41	1850	1	WinnieSzeto	
5923	1:59:53	1/1/2019 	7186415	435.00	12.00	12.65	25.41	101033.75	4434	0	WinnieSzeto	
5924	1:59:55	1/1/2019 	7188299	954.00	167.00	41.76	25.41	101031.39	97808	1	WinnieSzeto	
5925	1:59:56	1/1/2019 	7189178	148.00	8.00	7.96	25.41	101030.08	49831	0	WinnieSzeto	
5926	1:59:56	1/1/2019 	7189692	200.00	8.00	9.30	25.41	101029.59	49827	0	WinnieSzeto	
5927	1:59:58	1/1/2019 	7191594	344.00	8.00	11.60	25.41	101028.10	98537	0	WinnieSzeto	
5928	1:59:59	1/1/2019 	7192097	912.00	116.00	33.13	25.41	101027.44	1848	0	WinnieSzeto	
5929	2:00:00	1/1/2019 	7192849	390.00	8.00	12.04	25.41	101026.45	52444	0	WinnieSzeto	
5930	2:00:00	1/1/2019 	7192981	774.00	26.00	19.50	25.41	101026.45	1850	0	WinnieSzeto	
5931	2:00:00	1/1/2019 	7193251	111.00	7.00	6.89	25.41	101026.45	1850	1	WinnieSzeto	
5932	2:00:01	1/1/2019 	7193889	643.00	9.00	14.48	25.41	101025.95	49830	0	WinnieSzeto	
5933	2:00:01	1/1/2019 	7194032	641.00	9.00	14.46	25.41	101025.62	1853	0	WinnieSzeto	
5934	2:00:02	1/1/2019 	7195377	973.00	395.00	73.57	25.41	101024.31	49836	0	WinnieSzeto	
5935	2:00:02	1/1/2019 	7195655	937.00	148.00	38.97	25.41	101023.81	52417	0	WinnieSzeto	
5936	2:00:03	1/1/2019 	7195977	869.00	81.00	26.53	25.41	101023.81	1852	1	WinnieSzeto	
5937	2:00:04	1/1/2019 	7197708	676.00	10.00	14.93	25.41	101022.50	97809	0	WinnieSzeto	
5938	2:00:04	1/1/2019 	7197738	267.00	8.00	10.57	25.41	101022.50	1852	0	WinnieSzeto	
5939	2:00:05	1/1/2019 	7198145	172.00	7.00	8.61	25.41	101022.17	1849	0	WinnieSzeto	
5940	2:00:05	1/1/2019 	7198642	973.00	312.00	59.07	25.41	101021.67	49831	1	WinnieSzeto	
5941	2:00:06	1/1/2019 	7199635	900.00	103.00	30.56	25.41	101020.52	52567	1	WinnieSzeto	
5942	2:00:08	1/1/2019 	7201732	664.00	10.00	14.89	25.41	101018.88	98542	0	WinnieSzeto	
5943	2:00:11	1/1/2019 	7203829	967.00	394.00	73.41	25.41	101016.90	97817	1	WinnieSzeto	
5944	2:00:11	1/1/2019 	7204113	615.00	8.00	13.99	25.41	101016.90	1853	0	WinnieSzeto	
5945	2:00:11	1/1/2019 	7204168	603.00	8.00	13.87	25.41	101016.90	1848	0	WinnieSzeto	
5946	2:00:12	1/1/2019 	7204848	942.00	148.00	38.97	25.41	101016.78	49829	0	WinnieSzeto	
5947	2:00:12	1/1/2019 	7205254	536.00	8.00	13.14	25.41	101016.12	4459	0	WinnieSzeto	
5948	2:00:13	1/1/2019 	7206301	911.00	117.00	33.32	25.41	101015.14	49833	0	WinnieSzeto	
5949	2:00:13	1/1/2019 	7206696	69.00	7.00	5.96	25.41	101015.00	49832	0	WinnieSzeto	
5950	2:00:14	1/1/2019 	7207122	192.00	7.00	9.10	25.41	101014.50	1850	0	WinnieSzeto	
5951	2:00:15	1/1/2019 	7207878	350.00	8.00	11.66	25.41	101014.01	49831	0	WinnieSzeto	
5952	2:00:15	1/1/2019 	7207923	967.00	199.00	45.33	25.41	101014.01	1850	1	WinnieSzeto	
5953	2:00:15	1/1/2019 	7208261	103.00	7.00	6.67	25.41	101013.35	4587	0	WinnieSzeto	
5954	2:00:15	1/1/2019 	7208722	127.00	8.00	7.35	25.41	101013.35	49829	0	WinnieSzeto	
5955	2:00:15	1/1/2019 	7208759	703.00	12.00	15.66	25.41	101013.35	1848	0	WinnieSzeto	
5956	2:00:17	1/1/2019 	7210319	960.00	213.00	46.64	25.42	101012.41	49830	1	WinnieSzeto	
5957	2:00:17	1/1/2019 	7210593	71.00	7.00	5.99	25.42	101012.25	50557	0	WinnieSzeto	
5958	2:00:19	1/1/2019 	7212222	159.00	8.00	8.27	25.42	101000.55	49830	0	WinnieSzeto	
5959	2:00:19	1/1/2019 	7212325	868.00	81.00	26.53	25.42	101000.55	4453	0	WinnieSzeto	
5960	2:00:21	1/1/2019 	7213880	154.00	8.00	8.13	25.42	100991.38	97812	0	WinnieSzeto	
5961	2:00:21	1/1/2019 	7214701	729.00	15.00	16.69	25.42	100988.58	49834	0	WinnieSzeto	
5962	2:00:22	1/1/2019 	7215669	109.00	7.00	6.83	25.42	100983.86	49830	0	WinnieSzeto	
5963	2:00:22	1/1/2019 	7215699	956.00	165.00	41.49	25.42	100983.86	1850	0	WinnieSzeto	
5964	2:00:24	1/1/2019 	7217086	189.00	8.00	9.04	25.42	100977.28	49832	0	WinnieSzeto	
5965	2:00:24	1/1/2019 	7217596	205.00	7.00	9.40	25.42	100975.31	52563	0	WinnieSzeto	
5966	2:00:25	1/1/2019 	7218186	197.00	7.00	9.22	25.42	100973.50	1850	0	WinnieSzeto	
5967	2:00:25	1/1/2019 	7218825	711.00	12.00	15.66	25.43	100971.91	49831	0	WinnieSzeto	
5968	2:00:28	1/1/2019 	7221170	830.00	58.00	23.38	25.43	100930.25	97812	0	WinnieSzeto	
5969	2:00:28	1/1/2019 	7221226	959.00	165.00	41.49	25.43	100930.25	2577	1	WinnieSzeto	
5970	2:00:28	1/1/2019 	7221678	423.00	8.00	12.30	25.43	100913.83	52434	0	WinnieSzeto	
5971	2:00:28	1/1/2019 	7221758	441.00	7.00	12.34	25.43	100913.83	1848	0	WinnieSzeto	
5972	2:00:29	1/1/2019 	7221975	126.00	7.00	7.32	25.43	100897.19	1850	0	WinnieSzeto	
5973	2:00:29	1/1/2019 	7222742	549.00	8.00	13.26	25.43	100880.88	49831	0	WinnieSzeto	
5974	2:00:30	1/1/2019 	7223121	785.00	31.00	20.35	25.43	100865.45	1848	1	WinnieSzeto	
5975	2:00:31	1/1/2019 	7224202	172.00	8.00	8.62	25.43	100836.95	49830	0	WinnieSzeto	
5976	2:00:32	1/1/2019 	7224868	913.00	121.00	34.10	25.43	100824.12	52643	0	WinnieSzeto	
5977	2:00:32	1/1/2019 	7225004	297.00	8.00	11.02	25.43	100824.12	1859	0	WinnieSzeto	
5978	2:00:32	1/1/2019 	7225692	562.00	8.00	13.40	25.43	100811.61	49833	0	WinnieSzeto	
5979	2:00:34	1/1/2019 	7226919	95.00	7.00	6.46	25.44	100788.59	49827	0	WinnieSzeto	
5980	2:00:34	1/1/2019 	7226970	168.00	7.00	8.50	25.44	100777.72	1851	0	WinnieSzeto	
5981	2:00:34	1/1/2019 	7227133	887.00	89.00	27.93	25.44	100777.72	1850	0	WinnieSzeto	
5982	2:00:34	1/1/2019 	7227159	622.00	9.00	14.29	25.44	100777.72	4442	0	WinnieSzeto	
5983	2:00:35	1/1/2019 	7228200	135.00	6.00	7.58	25.44	100758.34	49828	0	WinnieSzeto	
5984	2:00:36	1/1/2019 	7229744	246.00	8.00	10.22	25.44	100732.53	97808	0	WinnieSzeto	
5985	2:00:36	1/1/2019 	7229815	97.00	7.00	6.51	25.44	100732.53	2576	0	WinnieSzeto	
5986	2:00:38	1/1/2019 	7230856	840.00	65.00	24.20	25.44	100718.05	49829	0	WinnieSzeto	
5987	2:00:38	1/1/2019 	7230875	878.00	89.00	27.90	25.44	100718.05	1851	0	WinnieSzeto	
5988	2:00:39	1/1/2019 	7232644	83.00	7.00	6.19	25.45	100698.34	100641	0	WinnieSzeto	
5989	2:00:40	1/1/2019 	7233322	858.00	78.00	26.03	25.45	100692.24	1850	0	WinnieSzeto	
5990	2:00:40	1/1/2019 	7233748	583.00	8.00	13.64	25.45	100687.02	49831	0	WinnieSzeto	
5991	2:00:42	1/1/2019 	7235049	542.00	8.00	13.19	25.45	100675.16	49828	0	WinnieSzeto	
5992	2:00:42	1/1/2019 	7235087	621.00	8.00	14.04	25.45	100675.16	1848	0	WinnieSzeto	
5993	2:00:42	1/1/2019 	7235299	318.00	7.00	11.25	25.45	100669.06	1849	0	WinnieSzeto	
5994	2:00:42	1/1/2019 	7235617	90.00	7.00	6.34	25.45	100669.06	52421	0	WinnieSzeto	
5995	2:00:42	1/1/2019 	7235696	966.00	198.00	45.23	25.45	100669.06	1851	1	WinnieSzeto	
5996	2:00:43	1/1/2019 	7235968	141.00	7.00	7.76	25.45	100663.68	1850	0	WinnieSzeto	
5997	2:00:43	1/1/2019 	7236246	418.00	8.00	12.26	25.45	100663.68	1850	0	WinnieSzeto	
5998	2:00:46	1/1/2019 	7238897	902.00	108.00	31.54	25.46	100642.14	145788	0	WinnieSzeto	
5999	2:00:46	1/1/2019 	7239286	692.00	11.00	15.30	25.46	100627.81	1853	1	WinnieSzeto	
6000	2:00:46	1/1/2019 	7239616	620.00	8.00	14.03	25.46	100616.66	52414	0	WinnieSzeto	
6001	2:00:46	1/1/2019 	7239718	322.00	7.00	11.30	25.46	100616.66	2574	0	WinnieSzeto	
6002	2:00:48	1/1/2019 	7240865	162.00	8.00	8.35	25.46	100643.19	49830	0	WinnieSzeto	
6003	2:00:48	1/1/2019 	7241735	338.00	8.00	11.53	25.46	100655.05	49828	0	WinnieSzeto	
6004	2:00:48	1/1/2019 	7241751	208.00	8.00	9.48	25.46	100655.05	1848	0	WinnieSzeto	
6005	2:00:48	1/1/2019 	7241799	78.00	7.00	6.10	25.46	100666.62	1850	0	WinnieSzeto	
6006	2:00:50	1/1/2019 	7243329	804.00	55.00	23.00	25.46	100686.88	52439	1	WinnieSzeto	
6007	2:00:50	1/1/2019 	7243385	681.00	10.00	14.94	25.46	100686.88	1852	0	WinnieSzeto	
6008	2:00:50	1/1/2019 	7243571	802.00	46.00	22.11	25.46	100696.49	49829	0	WinnieSzeto	
6009	2:00:51	1/1/2019 	7244101	720.00	14.00	16.35	25.46	100705.22	1850	0	WinnieSzeto	
6010	2:00:51	1/1/2019 	7244781	173.00	7.00	8.63	25.46	100713.12	49833	0	WinnieSzeto	
6011	2:00:52	1/1/2019 	7245314	924.00	141.00	37.79	25.47	100721.06	1855	0	WinnieSzeto	
6012	2:00:53	1/1/2019 	7246122	181.00	7.00	8.84	25.47	100728.30	52414	0	WinnieSzeto	
6013	2:00:54	1/1/2019 	7247042	224.00	8.00	9.81	25.47	100740.98	49831	0	WinnieSzeto	
6014	2:00:56	1/1/2019 	7249134	116.00	7.00	7.03	25.47	100763.16	97805	0	WinnieSzeto	
6015	2:00:57	1/1/2019 	7250259	548.00	8.00	13.25	25.47	100771.73	49830	0	WinnieSzeto	
6016	2:00:58	1/1/2019 	7251408	162.00	7.00	8.34	25.47	100779.69	50555	0	WinnieSzeto	
6017	2:00:58	1/1/2019 	7251469	674.00	10.00	14.93	25.47	100779.69	1851	1	WinnieSzeto	
6018	2:01:00	1/1/2019 	7252922	493.00	9.00	12.87	25.48	100789.62	100416	0	WinnieSzeto	
6019	2:01:00	1/1/2019 	7253436	662.00	10.00	14.88	25.48	100792.77	1857	0	WinnieSzeto	
6020	2:01:00	1/1/2019 	7253470	158.00	8.00	8.24	25.48	100792.77	1850	0	WinnieSzeto	
6021	2:01:00	1/1/2019 	7253571	903.00	112.00	32.32	25.48	100792.77	49828	1	WinnieSzeto	
6022	2:01:03	1/1/2019 	7255624	901.00	112.00	32.32	25.48	100803.04	97811	1	WinnieSzeto	
6023	2:01:05	1/1/2019 	7257716	282.00	8.00	10.80	25.49	100809.23	97811	0	WinnieSzeto	
6024	2:01:05	1/1/2019 	7258050	630.00	9.00	14.37	25.49	100810.88	4432	0	WinnieSzeto	
6025	2:01:06	1/1/2019 	7259584	592.00	8.00	13.74	25.49	100815.88	97813	0	WinnieSzeto	
6026	2:01:07	1/1/2019 	7259655	78.00	7.00	6.10	25.49	100815.88	2582	0	WinnieSzeto	
6027	2:01:07	1/1/2019 	7260622	472.00	8.00	12.63	25.49	100818.56	49833	0	WinnieSzeto	
6028	2:01:11	1/1/2019 	7263755	139.00	7.00	7.70	25.50	100824.56	145783	0	WinnieSzeto	
6029	2:01:11	1/1/2019 	7264601	107.00	7.00	6.78	25.50	100826.26	49829	0	WinnieSzeto	
6030	2:01:12	1/1/2019 	7264636	399.00	8.00	12.11	25.50	100826.26	4454	0	WinnieSzeto	
6031	2:01:12	1/1/2019 	7265104	173.00	7.00	8.63	25.50	100826.09	1849	0	WinnieSzeto	
6032	2:01:12	1/1/2019 	7265585	622.00	9.00	14.29	25.50	100827.13	49828	1	WinnieSzeto	
6033	2:01:13	1/1/2019 	7266260	77.00	7.00	6.08	25.50	100827.80	1849	0	WinnieSzeto	
6034	2:01:14	1/1/2019 	7266666	443.00	5.00	12.18	25.50	100828.28	49828	0	WinnieSzeto	
6035	2:01:15	1/1/2019 	7267777	545.00	8.00	13.22	25.51	100829.98	49829	0	WinnieSzeto	
6036	2:01:15	1/1/2019 	7268137	802.00	42.00	21.70	25.51	100829.98	4433	0	WinnieSzeto	
6037	2:01:15	1/1/2019 	7268222	114.00	7.00	6.97	25.51	100830.86	1849	0	WinnieSzeto	
6038	2:01:16	1/1/2019 	7268944	80.00	7.00	6.13	25.51	100831.19	49828	0	WinnieSzeto	
6039	2:01:16	1/1/2019 	7269331	520.00	8.00	12.99	25.51	100832.03	1851	0	WinnieSzeto	
6040	2:01:17	1/1/2019 	7270556	265.00	8.00	10.54	25.51	100832.91	97805	0	WinnieSzeto	
6041	2:01:20	1/1/2019 	7272930	162.00	7.00	8.34	25.52	100834.52	101378	0	WinnieSzeto	
6042	2:01:20	1/1/2019 	7273608	945.00	153.00	39.76	25.52	100835.06	49828	1	WinnieSzeto	
6043	2:01:22	1/1/2019 	7275166	571.00	8.00	13.50	25.53	100835.80	49830	0	WinnieSzeto	
6044	2:01:23	1/1/2019 	7275863	964.00	266.00	52.14	25.53	100835.96	49828	0	WinnieSzeto	
6045	2:01:23	1/1/2019 	7276077	92.00	7.00	6.39	25.53	100836.34	1851	0	WinnieSzeto	
6046	2:01:24	1/1/2019 	7277293	73.00	7.00	6.02	25.53	100836.69	49828	0	WinnieSzeto	
6047	2:01:25	1/1/2019 	7277947	814.00	55.00	23.03	25.54	100837.08	52412	1	WinnieSzeto	
6048	2:01:25	1/1/2019 	7277977	732.00	16.00	17.01	25.54	100837.08	1851	0	WinnieSzeto	
6049	2:01:25	1/1/2019 	7278620	288.00	8.00	10.89	25.54	100837.08	49827	0	WinnieSzeto	
6050	2:01:26	1/1/2019 	7278957	216.00	8.00	9.65	25.54	100837.23	1848	0	WinnieSzeto	
6051	2:01:26	1/1/2019 	7279197	138.00	8.00	7.67	25.54	100837.23	1850	0	WinnieSzeto	
6052	2:01:26	1/1/2019 	7279280	117.00	7.00	7.06	25.54	100837.78	1847	0	WinnieSzeto	
6053	2:01:26	1/1/2019 	7279302	515.00	8.00	12.95	25.54	100837.78	4432	0	WinnieSzeto	
6054	2:01:26	1/1/2019 	7279558	759.00	22.00	18.65	25.54	100837.78	49826	0	WinnieSzeto	
6055	2:01:27	1/1/2019 	7280368	212.00	7.00	9.55	25.54	100838.33	2581	0	WinnieSzeto	
6056	2:01:29	1/1/2019 	7282200	893.00	101.00	30.16	25.54	100839.01	97808	0	WinnieSzeto	
6057	2:01:29	1/1/2019 	7282262	865.00	74.00	25.46	25.54	100839.01	1852	0	WinnieSzeto	
6058	2:01:30	1/1/2019 	7283186	929.00	145.00	38.47	25.55	100839.39	49830	1	WinnieSzeto	
6059	2:01:31	1/1/2019 	7284105	87.00	7.00	6.28	25.55	100839.39	52445	0	WinnieSzeto	
6060	2:01:31	1/1/2019 	7284437	791.00	34.00	20.77	25.55	100839.06	1851	0	WinnieSzeto	
6061	2:01:31	1/1/2019 	7284573	266.00	8.00	10.56	25.55	100839.06	49830	0	WinnieSzeto	
6062	2:01:33	1/1/2019 	7286202	446.00	8.00	12.46	25.55	100839.98	49827	0	WinnieSzeto	
6063	2:01:38	1/1/2019 	7291578	84.00	7.00	6.21	25.56	100841.07	289720	0	WinnieSzeto	
6064	2:01:39	1/1/2019 	7291842	340.00	8.00	11.55	25.56	100841.07	2577	0	WinnieSzeto	
6065	2:01:39	1/1/2019 	7291896	763.00	22.00	18.66	25.56	100840.91	4455	0	WinnieSzeto	
6066	2:01:39	1/1/2019 	7292002	573.00	8.00	13.53	25.56	100840.91	1849	0	WinnieSzeto	
6067	2:01:40	1/1/2019 	7292698	591.00	9.00	13.91	25.56	100841.28	49827	0	WinnieSzeto	
6068	2:01:40	1/1/2019 	7293455	360.00	8.00	11.76	25.56	100841.12	1854	0	WinnieSzeto	
6069	2:01:41	1/1/2019 	7293625	666.00	9.00	14.58	25.56	100841.50	49833	0	WinnieSzeto	
6070	2:01:42	1/1/2019 	7295484	108.00	7.00	6.81	25.57	100841.52	49830	0	WinnieSzeto	
6071	2:01:43	1/1/2019 	7295852	753.00	22.00	18.63	25.57	100841.52	52434	0	WinnieSzeto	
6072	2:01:43	1/1/2019 	7296067	216.00	7.00	9.63	25.57	100841.52	1852	0	WinnieSzeto	
6073	2:01:43	1/1/2019 	7296169	132.00	7.00	7.49	25.57	100841.52	1849	0	WinnieSzeto	
6074	2:01:46	1/1/2019 	7298871	832.00	67.00	24.43	25.57	100841.79	145786	0	WinnieSzeto	
6075	2:01:46	1/1/2019 	7298884	204.00	8.00	9.39	25.57	100841.79	1852	0	WinnieSzeto	
6076	2:01:48	1/1/2019 	7300807	131.00	8.00	7.47	25.57	100841.34	97806	0	WinnieSzeto	
6077	2:01:49	1/1/2019 	7302369	452.00	8.00	12.50	25.57	100841.19	53379	0	WinnieSzeto	
6078	2:01:49	1/1/2019 	7302609	956.00	161.00	40.94	25.57	100841.19	49828	0	WinnieSzeto	
6079	2:01:51	1/1/2019 	7304005	150.00	7.00	8.01	25.57	100840.85	49830	0	WinnieSzeto	
6080	2:01:51	1/1/2019 	7304383	90.00	8.00	6.35	25.57	100840.85	1850	0	WinnieSzeto	
6081	2:01:52	1/1/2019 	7305332	783.00	33.00	20.62	25.58	100840.91	49826	0	WinnieSzeto	
6082	2:01:52	1/1/2019 	7305387	843.00	69.00	24.71	25.58	100840.91	1852	0	WinnieSzeto	
6083	2:01:53	1/1/2019 	7305845	450.00	8.00	12.48	25.58	100840.58	52412	0	WinnieSzeto	
6084	2:01:56	1/1/2019 	7308778	152.00	8.00	8.07	25.59	100841.24	145787	0	WinnieSzeto	
6085	2:01:56	1/1/2019 	7308806	83.00	7.00	6.19	25.59	100841.24	1849	0	WinnieSzeto	
6086	2:01:56	1/1/2019 	7309347	916.00	114.00	32.74	25.59	100841.59	1850	1	WinnieSzeto	
6087	2:01:56	1/1/2019 	7309374	111.00	7.00	6.89	25.59	100841.59	1852	0	WinnieSzeto	
6088	2:01:56	1/1/2019 	7309394	284.00	8.00	10.83	25.59	100841.59	1849	0	WinnieSzeto	
6089	2:01:57	1/1/2019 	7310047	296.00	8.00	11.00	25.59	100841.67	52410	0	WinnieSzeto	
6090	2:01:57	1/1/2019 	7310141	125.00	7.00	7.29	25.59	100841.67	2650	0	WinnieSzeto	
6091	2:01:57	1/1/2019 	7310211	810.00	39.00	21.40	25.59	100841.67	1849	0	WinnieSzeto	
6092	2:01:58	1/1/2019 	7311296	674.00	10.00	14.93	25.60	100841.95	49829	0	WinnieSzeto	
6093	2:01:58	1/1/2019 	7311473	605.00	8.00	13.89	25.60	100841.95	1852	1	WinnieSzeto	
6094	2:01:59	1/1/2019 	7311840	878.00	90.00	28.08	25.60	100842.01	49828	1	WinnieSzeto	
6095	2:01:59	1/1/2019 	7312408	103.00	7.00	6.67	25.61	100842.44	4618	0	WinnieSzeto	
6096	2:02:00	1/1/2019 	7312835	456.00	8.00	12.52	25.61	100842.30	49827	0	WinnieSzeto	
6097	2:02:01	1/1/2019 	7314099	87.00	7.00	6.28	25.62	100842.28	49828	0	WinnieSzeto	
6098	2:02:01	1/1/2019 	7314119	891.00	96.00	29.21	25.62	100842.28	1850	1	WinnieSzeto	
6099	2:02:01	1/1/2019 	7314494	70.00	7.00	5.98	25.62	100842.33	1849	0	WinnieSzeto	
6100	2:02:02	1/1/2019 	7314707	113.00	7.00	6.95	25.62	100842.33	49828	0	WinnieSzeto	
6101	2:02:02	1/1/2019 	7314920	119.00	7.00	7.12	25.62	100842.33	4443	0	WinnieSzeto	
6102	2:02:03	1/1/2019 	7315866	114.00	7.00	6.97	25.63	100842.32	49829	0	WinnieSzeto	
6103	2:02:03	1/1/2019 	7315991	391.00	8.00	12.05	25.63	100842.32	1850	0	WinnieSzeto	
6104	2:02:04	1/1/2019 	7316727	325.00	7.00	11.34	25.64	100842.11	49828	0	WinnieSzeto	
6105	2:02:04	1/1/2019 	7316909	73.00	7.00	6.02	25.64	100842.11	1850	0	WinnieSzeto	
6106	2:02:04	1/1/2019 	7317127	656.00	9.00	14.55	25.64	100842.11	1849	0	WinnieSzeto	
6107	2:02:04	1/1/2019 	7317182	955.00	158.00	40.51	25.64	100842.00	4436	0	WinnieSzeto	
6108	2:02:05	1/1/2019 	7318207	125.00	7.00	7.29	25.65	100842.23	49829	0	WinnieSzeto	
6109	2:02:05	1/1/2019 	7318475	958.00	162.00	41.08	25.65	100842.34	1852	0	WinnieSzeto	
6110	2:02:06	1/1/2019 	7319490	497.00	8.00	12.81	25.66	100841.77	49831	0	WinnieSzeto	
6111	2:02:06	1/1/2019 	7319494	293.00	7.00	10.93	25.66	100841.77	1848	0	WinnieSzeto	
6112	2:02:07	1/1/2019 	7319856	85.00	7.00	6.23	25.66	100841.77	49828	0	WinnieSzeto	
6113	2:02:07	1/1/2019 	7320193	192.00	7.00	9.10	25.66	100841.71	5359	0	WinnieSzeto	
6114	2:02:07	1/1/2019 	7320591	165.00	8.00	8.43	25.67	100841.62	49829	0	WinnieSzeto	
6115	2:02:08	1/1/2019 	7320802	648.00	9.00	14.51	25.67	100841.62	1848	0	WinnieSzeto	
6116	2:02:08	1/1/2019 	7321065	608.00	8.00	13.92	25.67	100841.23	1851	0	WinnieSzeto	
6117	2:02:09	1/1/2019 	7321977	132.00	7.00	7.49	25.68	100841.13	49827	0	WinnieSzeto	
6118	2:02:09	1/1/2019 	7321989	171.00	7.00	8.58	25.68	100841.13	1851	0	WinnieSzeto	
6119	2:02:09	1/1/2019 	7322308	162.00	7.00	8.34	25.68	100841.23	4459	0	WinnieSzeto	
6120	2:02:10	1/1/2019 	7322708	891.00	97.00	29.40	25.69	100840.98	49832	1	WinnieSzeto	
6121	2:02:10	1/1/2019 	7323377	764.00	23.00	18.88	25.69	100840.89	1851	0	WinnieSzeto	
6122	2:02:11	1/1/2019 	7323744	641.00	9.00	14.46	25.69	100840.89	49831	0	WinnieSzeto	
6123	2:02:11	1/1/2019 	7324557	313.00	8.00	11.23	25.70	100840.41	49831	0	WinnieSzeto	
6124	2:02:12	1/1/2019 	7324983	962.00	170.00	42.15	25.71	100840.34	4457	0	WinnieSzeto	
6125	2:02:12	1/1/2019 	7325334	85.00	7.00	6.23	25.71	100840.34	1852	0	WinnieSzeto	
6126	2:02:12	1/1/2019 	7325353	271.00	7.00	10.61	25.71	100840.34	1849	0	WinnieSzeto	
6127	2:02:13	1/1/2019 	7326341	170.00	7.00	8.56	25.72	100840.19	49831	0	WinnieSzeto	
6128	2:02:14	1/1/2019 	7327162	72.00	7.00	6.00	25.73	100840.50	49831	0	WinnieSzeto	
6129	2:02:14	1/1/2019 	7327233	122.00	7.00	7.20	25.73	100840.50	1850	0	WinnieSzeto	
6130	2:02:15	1/1/2019 	7327692	710.00	13.00	16.01	25.73	100840.44	116867	1	WinnieSzeto	
6131	2:02:15	1/1/2019 	7327948	155.00	8.00	8.16	25.73	100840.44	1852	0	WinnieSzeto	
6132	2:02:16	1/1/2019 	7328777	859.00	78.00	26.03	25.75	100840.62	49830	0	WinnieSzeto	
6133	2:02:16	1/1/2019 	7329207	98.00	7.00	6.54	25.75	100840.62	1859	0	WinnieSzeto	
6134	2:02:17	1/1/2019 	7330099	187.00	8.00	8.99	25.76	100840.64	49834	0	WinnieSzeto	
6135	2:02:18	1/1/2019 	7330866	510.00	7.00	12.80	25.76	100840.38	50624	0	WinnieSzeto	
6136	2:02:18	1/1/2019 	7331028	968.00	293.00	55.95	25.77	100840.32	4634	0	WinnieSzeto	
6137	2:02:18	1/1/2019 	7331047	242.00	7.00	10.13	25.77	100840.32	1851	0	WinnieSzeto	
6138	2:02:18	1/1/2019 	7331474	558.00	8.00	13.36	25.77	100840.32	1851	0	WinnieSzeto	
6139	2:02:19	1/1/2019 	7332241	920.00	134.00	36.55	25.78	100840.52	49827	1	WinnieSzeto	
6140	2:02:19	1/1/2019 	7332266	119.00	8.00	7.12	25.78	100840.52	1851	0	WinnieSzeto	
6141	2:02:20	1/1/2019 	7333438	131.00	7.00	7.47	25.78	100840.14	49827	0	WinnieSzeto	
6142	2:02:21	1/1/2019 	7333954	167.00	7.00	8.48	25.79	100840.05	52418	0	WinnieSzeto	
6143	2:02:21	1/1/2019 	7334370	134.00	7.00	7.55	25.79	100839.61	1850	0	WinnieSzeto	
6144	2:02:22	1/1/2019 	7334654	459.00	8.00	12.54	25.79	100839.61	49830	0	WinnieSzeto	
6145	2:02:22	1/1/2019 	7335412	271.00	7.00	10.61	25.80	100839.78	1850	0	WinnieSzeto	
6146	2:02:23	1/1/2019 	7336288	528.00	8.00	13.06	25.81	100839.88	49830	0	WinnieSzeto	
6147	2:02:24	1/1/2019 	7336759	126.00	8.00	7.32	25.81	100839.95	49829	0	WinnieSzeto	
6148	2:02:24	1/1/2019 	7336934	428.00	8.00	12.33	25.81	100839.95	4439	0	WinnieSzeto	
6149	2:02:25	1/1/2019 	7337752	97.00	8.00	6.52	25.82	100839.94	49827	0	WinnieSzeto	
6150	2:02:25	1/1/2019 	7337949	187.00	8.00	8.99	25.82	100839.94	1849	0	WinnieSzeto	
6151	2:02:25	1/1/2019 	7338153	911.00	113.00	32.54	25.83	100840.05	1848	1	WinnieSzeto	
6152	2:02:25	1/1/2019 	7338189	975.00	308.00	58.39	25.83	100840.05	1851	0	WinnieSzeto	
6153	2:02:25	1/1/2019 	7338588	129.00	7.00	7.41	25.83	100840.05	49830	0	WinnieSzeto	
6154	2:02:26	1/1/2019 	7339099	155.00	7.00	8.15	25.83	100839.76	4440	0	WinnieSzeto	
6155	2:02:26	1/1/2019 	7339322	157.00	7.00	8.21	25.84	100840.22	1850	0	WinnieSzeto	
6156	2:02:26	1/1/2019 	7339402	142.00	7.00	7.78	25.84	100840.22	1849	0	WinnieSzeto	
6157	2:02:27	1/1/2019 	7340287	207.00	7.00	9.44	25.85	100840.22	49829	0	WinnieSzeto	
6158	2:02:28	1/1/2019 	7341355	234.00	8.00	10.00	25.85	100840.30	50629	0	WinnieSzeto	
6159	2:02:29	1/1/2019 	7341876	239.00	7.00	10.08	25.85	100839.85	49829	0	WinnieSzeto	
6160	2:02:31	1/1/2019 	7344223	566.00	8.00	13.45	25.88	100839.59	100443	0	WinnieSzeto	
6161	2:02:31	1/1/2019 	7344303	677.00	11.00	15.26	25.88	100839.59	1849	0	WinnieSzeto	
6162	2:02:31	1/1/2019 	7344376	129.00	7.00	7.41	25.88	100839.59	1850	0	WinnieSzeto	
6163	2:02:31	1/1/2019 	7344589	514.00	8.00	12.94	25.88	100839.59	49830	0	WinnieSzeto	
6164	2:02:32	1/1/2019 	7344785	916.00	130.00	35.81	25.88	100839.69	1849	0	WinnieSzeto	
6165	2:02:32	1/1/2019 	7344799	786.00	34.00	20.76	25.88	100839.69	1852	0	WinnieSzeto	
6166	2:02:33	1/1/2019 	7345720	967.00	261.00	51.52	25.89	100839.76	52420	1	WinnieSzeto	
6167	2:02:33	1/1/2019 	7345725	193.00	7.00	9.13	25.89	100839.76	1852	0	WinnieSzeto	
6168	2:02:33	1/1/2019 	7345868	134.00	7.00	7.55	25.89	100839.86	1849	0	WinnieSzeto	
6169	2:02:33	1/1/2019 	7346188	70.00	7.00	5.98	25.89	100839.86	1849	0	WinnieSzeto	
6170	2:02:34	1/1/2019 	7346884	205.00	8.00	9.41	25.90	100839.66	49830	0	WinnieSzeto	
6171	2:02:35	1/1/2019 	7348009	185.00	7.00	8.94	25.91	100839.66	49827	0	WinnieSzeto	
6172	2:02:36	1/1/2019 	7348702	221.00	8.00	9.75	25.92	100839.73	52418	0	WinnieSzeto	
6173	2:02:36	1/1/2019 	7349040	81.00	8.00	6.15	25.92	100839.73	1849	0	WinnieSzeto	
6174	2:02:36	1/1/2019 	7349158	82.00	7.00	6.17	25.92	100839.84	1847	0	WinnieSzeto	
6175	2:02:36	1/1/2019 	7349391	101.00	7.00	6.62	25.92	100839.84	1849	0	WinnieSzeto	
6176	2:02:37	1/1/2019 	7349736	902.00	109.00	31.73	25.92	100839.53	49829	1	WinnieSzeto	
6177	2:02:37	1/1/2019 	7349879	379.00	8.00	11.94	25.92	100839.53	2649	0	WinnieSzeto	
6178	2:02:37	1/1/2019 	7350583	596.00	9.00	13.97	25.93	100839.47	102210	1	WinnieSzeto	
6179	2:02:38	1/1/2019 	7350754	711.00	13.00	16.01	25.93	100839.54	1850	0	WinnieSzeto	
6180	2:02:38	1/1/2019 	7350786	543.00	6.00	12.94	25.93	100839.54	1851	0	WinnieSzeto	
6181	2:02:38	1/1/2019 	7351265	172.00	7.00	8.61	25.93	100839.54	1849	0	WinnieSzeto	
6182	2:02:39	1/1/2019 	7352035	100.00	7.00	6.59	25.94	100839.52	49830	0	WinnieSzeto	
6183	2:02:40	1/1/2019 	7353464	627.00	8.00	14.09	25.95	100839.23	49830	0	WinnieSzeto	
6184	2:02:41	1/1/2019 	7353724	638.00	9.00	14.44	25.95	100839.34	52416	0	WinnieSzeto	
6185	2:02:41	1/1/2019 	7354589	517.00	8.00	12.97	25.96	100839.46	49830	0	WinnieSzeto	
6186	2:02:42	1/1/2019 	7355412	434.00	8.00	12.37	25.96	100839.34	1848	0	WinnieSzeto	
6187	2:02:43	1/1/2019 	7356430	706.00	13.00	16.00	25.97	100839.80	49828	0	WinnieSzeto	
6188	2:02:43	1/1/2019 	7356494	555.00	8.00	13.33	25.97	100839.80	1851	0	WinnieSzeto	
6189	2:02:44	1/1/2019 	7356796	662.00	10.00	14.88	25.97	100839.85	49828	0	WinnieSzeto	
6190	2:02:44	1/1/2019 	7357158	759.00	22.00	18.65	25.97	100839.85	4440	0	WinnieSzeto	
6191	2:02:44	1/1/2019 	7357234	465.00	8.00	12.58	25.97	100839.85	1849	0	WinnieSzeto	
6192	2:02:44	1/1/2019 	7357441	395.00	8.00	12.08	25.97	100839.70	1848	0	WinnieSzeto	
6193	2:02:45	1/1/2019 	7358392	646.00	9.00	14.50	25.98	100839.59	49827	0	WinnieSzeto	
6194	2:02:46	1/1/2019 	7359024	188.00	7.00	9.01	25.98	100839.34	49830	0	WinnieSzeto	
6195	2:02:46	1/1/2019 	7359207	82.00	7.00	6.17	25.98	100839.34	1850	0	WinnieSzeto	
6196	2:02:46	1/1/2019 	7359282	158.00	7.00	8.23	25.98	100839.34	4436	0	WinnieSzeto	
6197	2:02:46	1/1/2019 	7359483	800.00	42.00	21.70	25.98	100839.34	1851	0	WinnieSzeto	
6198	2:02:46	1/1/2019 	7359617	651.00	9.00	14.53	25.99	100839.60	49829	0	WinnieSzeto	
6199	2:02:47	1/1/2019 	7359994	541.00	8.00	13.18	25.99	100839.60	2647	0	WinnieSzeto	
6200	2:02:47	1/1/2019 	7360173	181.00	7.00	8.84	25.99	100839.48	1849	0	WinnieSzeto	
6201	2:02:47	1/1/2019 	7360386	746.00	18.00	17.61	25.99	100839.48	1850	0	WinnieSzeto	
6202	2:02:48	1/1/2019 	7360660	113.00	7.00	6.95	25.99	100839.34	52436	0	WinnieSzeto	
6203	2:02:48	1/1/2019 	7360762	586.00	8.00	13.67	25.99	100839.34	1851	0	WinnieSzeto	
6204	2:02:48	1/1/2019 	7360909	732.00	16.00	17.01	25.99	100839.34	1849	1	WinnieSzeto	
6205	2:02:48	1/1/2019 	7361398	361.00	8.00	11.77	25.99	100839.23	1849	0	WinnieSzeto	
6206	2:02:48	1/1/2019 	7361429	114.00	9.00	6.98	25.99	100839.23	1848	0	WinnieSzeto	
6207	2:02:48	1/1/2019 	7361443	160.00	7.00	8.29	25.99	100839.23	1849	0	WinnieSzeto	
6208	2:02:50	1/1/2019 	7363305	92.00	7.00	6.39	26.00	100839.19	100393	0	WinnieSzeto	
6209	2:02:51	1/1/2019 	7364233	568.00	8.00	13.47	26.01	100839.45	49831	0	WinnieSzeto	
6210	2:02:51	1/1/2019 	7364283	72.00	7.00	6.00	26.01	100839.45	1850	0	WinnieSzeto	
6211	2:02:51	1/1/2019 	7364488	681.00	10.00	14.94	26.01	100839.86	1849	0	WinnieSzeto	
6212	2:02:52	1/1/2019 	7364684	385.00	8.00	12.00	26.01	100839.86	49829	0	WinnieSzeto	
6213	2:02:52	1/1/2019 	7364767	963.00	195.00	44.94	26.01	100839.86	4436	0	WinnieSzeto	
6214	2:02:53	1/1/2019 	7365651	346.00	8.00	11.62	26.02	100840.09	49829	0	WinnieSzeto	
6215	2:02:53	1/1/2019 	7366122	149.00	7.00	7.98	26.02	100840.09	1849	0	WinnieSzeto	
6216	2:02:53	1/1/2019 	7366305	634.00	9.00	14.40	26.02	100840.14	1850	0	WinnieSzeto	
6217	2:02:54	1/1/2019 	7366739	741.00	18.00	17.60	26.02	100840.20	49831	0	WinnieSzeto	
6218	2:02:54	1/1/2019 	7367154	245.00	7.00	10.18	26.02	100840.20	1852	0	WinnieSzeto	
6219	2:02:54	1/1/2019 	7367162	128.00	7.00	7.38	26.02	100840.20	4437	0	WinnieSzeto	
6220	2:02:54	1/1/2019 	7367406	76.00	7.00	6.06	26.02	100840.05	1848	0	WinnieSzeto	
6221	2:02:54	1/1/2019 	7367585	756.00	21.00	18.41	26.02	100840.05	49829	0	WinnieSzeto	
6222	2:02:56	1/1/2019 	7368742	957.00	168.00	41.89	26.03	100840.64	49831	1	WinnieSzeto	
6223	2:02:56	1/1/2019 	7368890	462.00	8.00	12.56	26.03	100840.70	1853	0	WinnieSzeto	
6224	2:02:56	1/1/2019 	7369114	85.00	7.00	6.23	26.03	100840.70	1847	0	WinnieSzeto	
6225	2:02:56	1/1/2019 	7369259	80.00	7.00	6.13	26.03	100840.70	4436	0	WinnieSzeto	
6226	2:02:56	1/1/2019 	7369374	484.00	7.00	12.62	26.03	100840.70	1850	0	WinnieSzeto	
6227	2:02:57	1/1/2019 	7369975	862.00	75.00	25.59	26.03	100840.75	49829	0	WinnieSzeto	
6228	2:02:57	1/1/2019 	7370585	875.00	88.00	27.71	26.04	100841.28	50629	1	WinnieSzeto	
6229	2:02:58	1/1/2019 	7370825	192.00	8.00	9.11	26.04	100841.28	1851	0	WinnieSzeto	
6230	2:02:58	1/1/2019 	7371130	556.00	8.00	13.34	26.04	100841.34	1848	0	WinnieSzeto	
6231	2:02:58	1/1/2019 	7371188	546.00	8.00	13.23	26.04	100841.34	4479	0	WinnieSzeto	
6232	2:02:58	1/1/2019 	7371386	957.00	166.00	41.62	26.04	100841.34	1848	0	WinnieSzeto	
6233	2:03:00	1/1/2019 	7372834	73.00	7.00	6.02	26.05	100841.79	97811	1	WinnieSzeto	
6234	2:03:00	1/1/2019 	7373211	822.00	61.00	23.69	26.05	100841.79	1851	0	WinnieSzeto	
6235	2:03:01	1/1/2019 	7373669	385.00	8.00	12.00	26.05	100842.00	49831	0	WinnieSzeto	
6236	2:03:01	1/1/2019 	7373763	399.00	8.00	12.11	26.05	100842.00	1849	0	WinnieSzeto	
6237	2:03:01	1/1/2019 	7373950	75.00	7.00	6.05	26.05	100842.06	54907	0	WinnieSzeto	
6238	2:03:01	1/1/2019 	7374405	89.00	7.00	6.32	26.06	100842.11	1849	0	WinnieSzeto	
6239	2:03:01	1/1/2019 	7374454	859.00	76.00	25.73	26.06	100842.11	1850	0	WinnieSzeto	
6240	2:03:01	1/1/2019 	7374554	481.00	8.00	12.69	26.06	100842.11	49829	0	WinnieSzeto	
6241	2:03:02	1/1/2019 	7374731	389.00	7.00	11.97	26.06	100842.11	1848	0	WinnieSzeto	
6242	2:03:02	1/1/2019 	7375046	258.00	8.00	10.43	26.06	100842.12	1853	0	WinnieSzeto	
6243	2:03:02	1/1/2019 	7375405	150.00	7.00	8.01	26.06	100842.12	4443	0	WinnieSzeto	
6244	2:03:02	1/1/2019 	7375550	862.00	77.00	25.89	26.06	100842.18	49835	0	WinnieSzeto	
6245	2:03:02	1/1/2019 	7375567	82.00	7.00	6.17	26.06	100842.18	1850	0	WinnieSzeto	
6246	2:03:03	1/1/2019 	7375756	236.00	7.00	10.02	26.06	100842.18	1851	0	WinnieSzeto	
6247	2:03:03	1/1/2019 	7376201	560.00	8.00	13.38	26.06	100842.23	1852	0	WinnieSzeto	
6248	2:03:03	1/1/2019 	7376315	844.00	73.00	25.26	26.06	100842.23	1849	1	WinnieSzeto	
6249	2:03:04	1/1/2019 	7376755	291.00	8.00	10.93	26.07	100842.28	52418	0	WinnieSzeto	
6250	2:03:04	1/1/2019 	7377086	347.00	8.00	11.63	26.07	100842.28	1850	0	WinnieSzeto	
6251	2:03:04	1/1/2019 	7377173	890.00	95.00	29.02	26.07	100842.47	1848	0	WinnieSzeto	
6252	2:03:05	1/1/2019 	7378010	760.00	24.00	19.08	26.07	100842.69	49830	0	WinnieSzeto	
6253	2:03:06	1/1/2019 	7379311	627.00	9.00	14.34	26.08	100842.92	49830	0	WinnieSzeto	
6254	2:03:07	1/1/2019 	7380175	85.00	7.00	6.23	26.08	100843.16	49830	0	WinnieSzeto	
6255	2:03:07	1/1/2019 	7380343	134.00	8.00	7.56	26.08	100843.16	5256	0	WinnieSzeto	
6256	2:03:07	1/1/2019 	7380423	263.00	8.00	10.51	26.08	100842.99	1848	0	WinnieSzeto	
6257	2:03:08	1/1/2019 	7380676	978.00	740.00	132.48	26.08	100842.99	49829	1	WinnieSzeto	
6258	2:03:08	1/1/2019 	7380929	157.00	7.00	8.21	26.08	100842.99	1852	0	WinnieSzeto	
6259	2:03:08	1/1/2019 	7381038	676.00	10.00	14.93	26.08	100843.53	1850	0	WinnieSzeto	
6260	2:03:08	1/1/2019 	7381063	547.00	8.00	13.24	26.08	100843.53	1851	0	WinnieSzeto	
6261	2:03:08	1/1/2019 	7381168	87.00	7.00	6.28	26.08	100843.53	4434	0	WinnieSzeto	
6262	2:03:08	1/1/2019 	7381590	120.00	7.00	7.15	26.08	100843.59	49829	0	WinnieSzeto	
6263	2:03:09	1/1/2019 	7381898	422.00	8.00	12.29	26.08	100843.59	1849	0	WinnieSzeto	
6264	2:03:09	1/1/2019 	7381989	666.00	9.00	14.58	26.08	100843.59	1850	0	WinnieSzeto	
6265	2:03:10	1/1/2019 	7383008	86.00	7.00	6.26	26.09	100843.80	49831	0	WinnieSzeto	
6266	2:03:10	1/1/2019 	7383135	700.00	12.00	15.65	26.09	100843.80	1850	0	WinnieSzeto	
6267	2:03:11	1/1/2019 	7383872	590.00	8.00	13.72	26.09	100843.50	52416	0	WinnieSzeto	
6268	2:03:11	1/1/2019 	7383948	136.00	7.00	7.61	26.09	100843.50	1849	0	WinnieSzeto	
6269	2:03:12	1/1/2019 	7385098	797.00	45.00	21.99	26.09	100843.92	49830	0	WinnieSzeto	
6270	2:03:13	1/1/2019 	7385923	575.00	8.00	13.55	26.10	100843.84	49832	0	WinnieSzeto	
6271	2:03:13	1/1/2019 	7385964	153.00	7.00	8.10	26.10	100843.84	1850	0	WinnieSzeto	
6272	2:03:13	1/1/2019 	7386222	102.00	7.00	6.64	26.10	100843.84	1849	0	WinnieSzeto	
6273	2:03:14	1/1/2019 	7386830	101.00	7.00	6.62	26.10	100843.69	52437	0	WinnieSzeto	
6274	2:03:14	1/1/2019 	7387217	168.00	7.00	8.50	26.10	100843.73	1851	0	WinnieSzeto	
6275	2:03:15	1/1/2019 	7387877	921.00	135.00	36.73	26.11	100843.79	49829	1	WinnieSzeto	
6276	2:03:15	1/1/2019 	7388042	795.00	36.00	21.03	26.11	100843.79	1853	0	WinnieSzeto	
6277	2:03:15	1/1/2019 	7388476	764.00	24.00	19.09	26.11	100843.67	1849	0	WinnieSzeto	
6278	2:03:16	1/1/2019 	7389031	426.00	8.00	12.32	26.11	100843.53	49830	0	WinnieSzeto	
6279	2:03:17	1/1/2019 	7389747	145.00	7.00	7.87	26.11	100843.59	52415	0	WinnieSzeto	
6280	2:03:18	1/1/2019 	7390769	706.00	13.00	16.00	26.12	100843.36	50628	0	WinnieSzeto	
6281	2:03:18	1/1/2019 	7391144	618.00	8.00	14.02	26.12	100843.76	1853	0	WinnieSzeto	
6282	2:03:19	1/1/2019 	7391649	138.00	7.00	7.67	26.13	100843.80	49826	0	WinnieSzeto	
6283	2:03:19	1/1/2019 	7391923	251.00	8.00	10.31	26.13	100843.80	1851	0	WinnieSzeto	
6284	2:03:20	1/1/2019 	7393037	159.00	7.00	8.26	26.13	100844.06	49828	0	WinnieSzeto	
6285	2:03:22	1/1/2019 	7394673	185.00	7.00	8.94	26.14	100843.91	100417	0	WinnieSzeto	
6286	2:03:22	1/1/2019 	7394786	431.00	8.00	12.35	26.15	100844.17	1850	0	WinnieSzeto	
6287	2:03:22	1/1/2019 	7395361	882.00	89.00	27.91	26.15	100844.06	1849	1	WinnieSzeto	
6288	2:03:22	1/1/2019 	7395563	416.00	8.00	12.24	26.15	100844.06	49829	0	WinnieSzeto	
6289	2:03:23	1/1/2019 	7395967	150.00	7.00	8.01	26.16	100844.13	1848	0	WinnieSzeto	
6290	2:03:23	1/1/2019 	7396068	400.00	7.00	12.05	26.16	100844.13	1851	0	WinnieSzeto	
6291	2:03:23	1/1/2019 	7396565	132.00	7.00	7.49	26.16	100843.85	52415	0	WinnieSzeto	
6292	2:03:23	1/1/2019 	7396573	81.00	7.00	6.15	26.16	100843.85	1851	0	WinnieSzeto	
6293	2:03:24	1/1/2019 	7397374	918.00	131.00	36.00	26.16	100844.12	1849	0	WinnieSzeto	
6294	2:03:25	1/1/2019 	7398171	917.00	132.00	36.18	26.17	100844.05	49830	0	WinnieSzeto	
6295	2:03:26	1/1/2019 	7399022	568.00	8.00	13.47	26.18	100844.15	49830	0	WinnieSzeto	
6296	2:03:26	1/1/2019 	7399193	120.00	7.00	7.15	26.18	100844.00	1849	0	WinnieSzeto	
6297	2:03:26	1/1/2019 	7399266	551.00	8.00	13.29	26.18	100844.00	54130	0	WinnieSzeto	
6298	2:03:26	1/1/2019 	7399405	200.00	7.00	9.29	26.18	100844.00	1848	0	WinnieSzeto	
