###################################################################################################
### CosmicWatch: The Desktop Muon Detector
### Device ID: CharlieHolbrow
### Launch time: 0:00:06 1/1/2019
### Questions? Email Spencer N. Axani (saxani@mit.edu)
### Event Time Date TimeStamp[ms] ADC1 ADC2 SiPM[mV] Temp[C] Pressure[Pa] DeadTime[us] Coincident ID
###################################################################################################
1	0:00:07	1/1/2019 	234	18.00	21.00	6.95	30.99	101904.80	47968	0	CharlieHolbrow	
2	0:00:07	1/1/2019 	633	15.00	7.00	7.13	30.99	101905.29	52852	0	CharlieHolbrow	
3	0:00:08	1/1/2019 	1126	19.00	48.00	6.90	30.99	101905.20	1834	0	CharlieHolbrow	
4	0:00:08	1/1/2019 	1324	17.00	11.00	7.00	30.99	101905.20	1835	0	CharlieHolbrow	
5	0:00:08	1/1/2019 	1460	23.00	121.00	6.71	30.99	101905.70	1835	0	CharlieHolbrow	
6	0:00:08	1/1/2019 	1683	16.00	8.00	7.06	30.99	101905.70	49802	0	CharlieHolbrow	
7	0:00:09	1/1/2019 	2309	16.00	8.00	7.06	30.99	101905.94	1835	0	CharlieHolbrow	
8	0:00:09	1/1/2019 	2683	16.00	8.00	7.06	30.98	101905.41	51745	0	CharlieHolbrow	
9	0:00:10	1/1/2019 	3255	11.00	8.00	7.45	30.98	101905.48	1834	0	CharlieHolbrow	
10	0:00:11	1/1/2019 	4034	19.00	66.00	6.91	30.97	101906.06	49803	1	CharlieHolbrow	
11	0:00:11	1/1/2019 	4249	19.00	8.00	6.86	30.97	101906.06	1836	0	CharlieHolbrow	
12	0:00:12	1/1/2019 	5322	15.00	7.00	7.13	30.96	101906.61	49802	0	CharlieHolbrow	
13	0:00:14	1/1/2019 	7243	17.00	19.00	7.02	30.94	101906.25	97770	0	CharlieHolbrow	
14	0:00:15	1/1/2019 	8632	37.00	459.00	6.28	30.91	101906.02	99763	1	CharlieHolbrow	
15	0:00:15	1/1/2019 	8674	24.00	134.00	6.67	30.91	101906.02	1836	0	CharlieHolbrow	
16	0:00:16	1/1/2019 	9043	17.00	24.00	7.02	30.90	101905.80	1834	0	CharlieHolbrow	
17	0:00:16	1/1/2019 	9092	27.00	212.00	6.55	30.90	101905.80	1836	1	CharlieHolbrow	
18	0:00:16	1/1/2019 	9122	15.00	8.00	7.13	30.90	101905.80	1833	0	CharlieHolbrow	
19	0:00:16	1/1/2019 	9485	17.00	11.00	7.00	30.89	101905.75	1835	0	CharlieHolbrow	
20	0:00:16	1/1/2019 	9617	15.00	7.00	7.13	30.89	101905.75	49801	0	CharlieHolbrow	
21	0:00:17	1/1/2019 	10768	16.00	10.00	7.07	30.87	101905.59	52863	0	CharlieHolbrow	
22	0:00:18	1/1/2019 	11151	21.00	105.00	6.82	30.86	101905.70	1835	0	CharlieHolbrow	
23	0:00:18	1/1/2019 	11676	18.00	31.00	6.96	30.85	101905.38	49800	0	CharlieHolbrow	
24	0:00:19	1/1/2019 	12354	24.00	151.00	6.68	30.83	101905.27	1834	1	CharlieHolbrow	
25	0:00:19	1/1/2019 	12451	16.00	8.00	7.06	30.82	101905.33	1835	0	CharlieHolbrow	
26	0:00:20	1/1/2019 	13412	16.00	9.00	7.07	30.79	101905.12	49803	0	CharlieHolbrow	
27	0:00:21	1/1/2019 	14221	15.00	8.00	7.13	30.78	101905.14	51750	0	CharlieHolbrow	
28	0:00:21	1/1/2019 	14226	16.00	8.00	7.06	30.78	101905.14	1835	0	CharlieHolbrow	
29	0:00:21	1/1/2019 	14989	15.00	7.00	7.13	30.75	101904.72	49802	0	CharlieHolbrow	
30	0:00:23	1/1/2019 	16166	21.00	107.00	6.82	30.72	101904.27	49799	0	CharlieHolbrow	
31	0:00:24	1/1/2019 	17002	15.00	7.00	7.13	30.69	101903.97	49802	0	CharlieHolbrow	
32	0:00:24	1/1/2019 	17236	30.00	266.00	6.44	30.69	101903.97	1835	1	CharlieHolbrow	
33	0:00:25	1/1/2019 	18431	21.00	111.00	6.82	30.64	101903.23	51743	1	CharlieHolbrow	
34	0:00:26	1/1/2019 	19271	18.00	57.00	6.97	30.63	101902.98	49803	1	CharlieHolbrow	
35	0:00:27	1/1/2019 	20833	18.00	31.00	6.96	30.58	101902.48	97767	0	CharlieHolbrow	
36	0:00:28	1/1/2019 	21910	17.00	12.00	7.00	30.53	101901.65	50768	0	CharlieHolbrow	
37	0:00:30	1/1/2019 	23213	22.00	120.00	6.77	30.50	101901.35	49802	1	CharlieHolbrow	
38	0:00:30	1/1/2019 	23329	18.00	26.00	6.96	30.50	101901.35	1836	0	CharlieHolbrow	
39	0:00:31	1/1/2019 	24394	17.00	37.00	7.03	30.46	101901.02	51885	0	CharlieHolbrow	
40	0:00:31	1/1/2019 	24956	16.00	8.00	7.06	30.44	101900.80	49803	0	CharlieHolbrow	
41	0:00:33	1/1/2019 	26755	19.00	71.00	6.92	30.39	101900.29	97769	0	CharlieHolbrow	
42	0:00:34	1/1/2019 	27986	17.00	26.00	7.02	30.35	101899.78	49802	0	CharlieHolbrow	
43	0:00:35	1/1/2019 	28419	15.00	8.00	7.13	30.34	101900.13	1836	0	CharlieHolbrow	
44	0:00:35	1/1/2019 	28591	15.00	8.00	7.13	30.34	101900.13	49804	0	CharlieHolbrow	
45	0:00:35	1/1/2019 	28965	17.00	15.00	7.01	30.32	101899.92	3832	0	CharlieHolbrow	
46	0:00:36	1/1/2019 	29059	15.00	7.00	7.13	30.32	101899.92	1834	0	CharlieHolbrow	
47	0:00:36	1/1/2019 	29067	18.00	17.00	6.95	30.32	101899.92	1835	0	CharlieHolbrow	
48	0:00:36	1/1/2019 	29666	16.00	9.00	7.07	30.31	101899.84	49802	0	CharlieHolbrow	
49	0:00:38	1/1/2019 	31022	16.00	8.00	7.06	30.26	101899.59	50769	0	CharlieHolbrow	
50	0:00:38	1/1/2019 	31261	17.00	18.00	7.01	30.26	101899.59	1835	1	CharlieHolbrow	
51	0:00:38	1/1/2019 	31424	16.00	7.00	7.06	30.25	101899.61	7284	0	CharlieHolbrow	
52	0:00:38	1/1/2019 	31485	18.00	22.00	6.95	30.25	101899.61	1835	1	CharlieHolbrow	
53	0:00:39	1/1/2019 	32899	15.00	8.00	7.13	30.21	101899.29	97774	0	CharlieHolbrow	
54	0:00:40	1/1/2019 	33323	16.00	9.00	7.07	30.21	101899.29	1835	0	CharlieHolbrow	
55	0:00:41	1/1/2019 	34882	28.00	250.00	6.52	30.17	101899.30	97773	1	CharlieHolbrow	
56	0:00:42	1/1/2019 	35400	15.00	7.00	7.13	30.15	101899.37	1836	0	CharlieHolbrow	
57	0:00:42	1/1/2019 	35633	17.00	14.00	7.01	30.15	101899.37	51746	0	CharlieHolbrow	
58	0:00:43	1/1/2019 	36058	21.00	125.00	6.83	30.13	101899.25	1834	1	CharlieHolbrow	
59	0:00:43	1/1/2019 	36457	21.00	94.00	6.81	30.12	101899.27	1836	1	CharlieHolbrow	
60	0:00:43	1/1/2019 	36880	17.00	13.00	7.01	30.12	101899.27	49803	0	CharlieHolbrow	
61	0:00:44	1/1/2019 	37398	21.00	105.00	6.82	30.11	101899.15	1834	1	CharlieHolbrow	
62	0:00:45	1/1/2019 	38315	15.00	7.00	7.13	30.08	101899.20	49803	0	CharlieHolbrow	
63	0:00:46	1/1/2019 	39279	16.00	8.00	7.06	30.06	101899.11	51746	0	CharlieHolbrow	
64	0:00:46	1/1/2019 	39761	18.00	26.00	6.96	30.04	101898.95	49807	1	CharlieHolbrow	
65	0:00:47	1/1/2019 	40765	15.00	7.00	7.13	30.02	101899.15	50770	0	CharlieHolbrow	
66	0:00:47	1/1/2019 	40959	27.00	226.00	6.55	30.01	101899.00	1835	1	CharlieHolbrow	
67	0:00:48	1/1/2019 	41271	16.00	8.00	7.06	30.01	101899.00	1835	0	CharlieHolbrow	
68	0:00:50	1/1/2019 	43005	17.00	34.00	7.03	29.96	101898.88	97774	0	CharlieHolbrow	
69	0:00:51	1/1/2019 	44194	16.00	10.00	7.07	29.94	101898.88	51891	0	CharlieHolbrow	
70	0:00:51	1/1/2019 	44656	20.00	59.00	6.85	29.93	101898.85	49810	0	CharlieHolbrow	
71	0:00:52	1/1/2019 	45015	15.00	7.00	7.13	29.92	101898.36	1834	0	CharlieHolbrow	
72	0:00:52	1/1/2019 	45060	15.00	7.00	7.13	29.92	101898.36	1836	0	CharlieHolbrow	
73	0:00:52	1/1/2019 	45565	50.00	826.00	6.21	29.90	101897.91	49802	1	CharlieHolbrow	
74	0:00:52	1/1/2019 	45706	18.00	43.00	6.97	29.90	101897.91	1835	0	CharlieHolbrow	
75	0:00:53	1/1/2019 	46129	15.00	7.00	7.13	29.89	101897.85	3828	0	CharlieHolbrow	
76	0:00:53	1/1/2019 	46886	21.00	35.00	6.78	29.88	101898.00	49804	0	CharlieHolbrow	
77	0:00:53	1/1/2019 	46918	15.00	7.00	7.13	29.88	101898.00	1834	0	CharlieHolbrow	
78	0:00:56	1/1/2019 	49161	18.00	37.00	6.96	29.83	101898.19	97770	0	CharlieHolbrow	
79	0:00:56	1/1/2019 	49276	17.00	9.00	7.00	29.83	101898.19	1835	0	CharlieHolbrow	
80	0:00:57	1/1/2019 	50282	26.00	207.00	6.60	29.81	101898.61	49805	1	CharlieHolbrow	
81	0:00:57	1/1/2019 	50407	28.00	196.00	6.50	29.81	101898.61	4873	0	CharlieHolbrow	
82	0:00:58	1/1/2019 	51070	15.00	7.00	7.13	29.79	101898.44	49805	0	CharlieHolbrow	
83	0:00:58	1/1/2019 	51098	23.00	121.00	6.71	29.79	101898.44	1835	1	CharlieHolbrow	
84	0:00:58	1/1/2019 	51115	17.00	16.00	7.01	29.79	101898.44	1834	0	CharlieHolbrow	
85	0:00:58	1/1/2019 	51369	16.00	10.00	7.07	29.79	101898.44	1834	1	CharlieHolbrow	
86	0:00:59	1/1/2019 	52125	21.00	98.00	6.81	29.77	101898.43	49803	0	CharlieHolbrow	
87	0:01:00	1/1/2019 	53390	19.00	7.00	6.86	29.75	101898.34	51739	0	CharlieHolbrow	
88	0:01:00	1/1/2019 	53682	16.00	8.00	7.06	29.73	101898.43	49805	0	CharlieHolbrow	
89	0:01:01	1/1/2019 	54711	15.00	7.00	7.13	29.71	101897.91	49805	0	CharlieHolbrow	
90	0:01:01	1/1/2019 	54758	20.00	47.00	6.84	29.71	101897.91	1837	0	CharlieHolbrow	
91	0:01:01	1/1/2019 	54777	17.00	9.00	7.00	29.71	101897.91	1836	0	CharlieHolbrow	
92	0:01:02	1/1/2019 	55359	15.00	7.00	7.13	29.70	101898.06	1835	0	CharlieHolbrow	
93	0:01:03	1/1/2019 	56005	17.00	34.00	7.03	29.68	101897.72	51740	0	CharlieHolbrow	
94	0:01:03	1/1/2019 	56469	13.00	8.00	7.29	29.67	101897.66	1835	0	CharlieHolbrow	
95	0:01:03	1/1/2019 	56631	22.00	128.00	6.77	29.67	101897.66	49804	0	CharlieHolbrow	
96	0:01:03	1/1/2019 	56929	16.00	11.00	7.07	29.67	101897.66	1835	0	CharlieHolbrow	
97	0:01:04	1/1/2019 	57095	15.00	7.00	7.13	29.66	101897.20	1835	0	CharlieHolbrow	
98	0:01:04	1/1/2019 	57108	16.00	8.00	7.06	29.66	101897.20	1835	0	CharlieHolbrow	
99	0:01:04	1/1/2019 	57162	15.00	8.00	7.13	29.66	101897.20	1834	0	CharlieHolbrow	
100	0:01:04	1/1/2019 	57453	15.00	8.00	7.13	29.65	101897.31	3767	0	CharlieHolbrow	
101	0:01:04	1/1/2019 	57724	18.00	39.00	6.96	29.65	101897.31	49805	1	CharlieHolbrow	
102	0:01:04	1/1/2019 	57944	17.00	24.00	7.02	29.65	101897.31	1835	0	CharlieHolbrow	
103	0:01:05	1/1/2019 	58070	17.00	20.00	7.02	29.64	101897.29	1835	0	CharlieHolbrow	
104	0:01:05	1/1/2019 	58405	20.00	50.00	6.84	29.64	101897.29	1836	1	CharlieHolbrow	
105	0:01:05	1/1/2019 	58679	15.00	7.00	7.13	29.62	101896.80	49805	0	CharlieHolbrow	
106	0:01:06	1/1/2019 	59426	21.00	123.00	6.83	29.61	101896.94	3714	0	CharlieHolbrow	
107	0:01:06	1/1/2019 	59923	16.00	12.00	7.07	29.60	101897.05	49808	0	CharlieHolbrow	
108	0:01:07	1/1/2019 	60166	15.00	8.00	7.13	29.59	101897.03	2577	0	CharlieHolbrow	
109	0:01:08	1/1/2019 	61347	20.00	83.00	6.86	29.57	101896.52	49805	0	CharlieHolbrow	
110	0:01:09	1/1/2019 	62129	16.00	25.00	7.09	29.55	101896.34	49803	0	CharlieHolbrow	
111	0:01:09	1/1/2019 	62406	15.00	7.00	7.13	29.55	101896.34	1836	0	CharlieHolbrow	
112	0:01:09	1/1/2019 	62994	19.00	46.00	6.90	29.53	101896.42	53064	0	CharlieHolbrow	
113	0:01:10	1/1/2019 	63579	49.00	824.00	6.21	29.52	101896.70	49804	1	CharlieHolbrow	
114	0:01:10	1/1/2019 	63831	15.00	7.00	7.13	29.52	101896.70	1837	0	CharlieHolbrow	
115	0:01:11	1/1/2019 	64043	23.00	167.00	6.74	29.51	101896.84	1836	0	CharlieHolbrow	
116	0:01:11	1/1/2019 	64181	16.00	8.00	7.06	29.51	101896.84	1836	0	CharlieHolbrow	
117	0:01:11	1/1/2019 	64189	16.00	8.00	7.06	29.51	101896.84	1836	0	CharlieHolbrow	
118	0:01:11	1/1/2019 	64249	24.00	132.00	6.66	29.51	101896.84	3768	1	CharlieHolbrow	
119	0:01:11	1/1/2019 	64313	15.00	7.00	7.13	29.51	101896.84	1835	0	CharlieHolbrow	
120	0:01:11	1/1/2019 	64405	15.00	8.00	7.13	29.51	101896.84	1834	0	CharlieHolbrow	
121	0:01:12	1/1/2019 	65111	14.00	7.00	7.21	29.49	101896.94	49804	0	CharlieHolbrow	
122	0:01:12	1/1/2019 	65127	15.00	7.00	7.13	29.49	101896.94	1835	0	CharlieHolbrow	
123	0:01:12	1/1/2019 	65871	20.00	59.00	6.85	29.48	101896.88	49807	0	CharlieHolbrow	
124	0:01:13	1/1/2019 	66772	22.00	137.00	6.78	29.46	101896.96	51760	1	CharlieHolbrow	
125	0:01:14	1/1/2019 	67248	15.00	7.00	7.13	29.45	101897.07	1836	0	CharlieHolbrow	
126	0:01:14	1/1/2019 	67373	15.00	7.00	7.13	29.45	101897.07	1835	0	CharlieHolbrow	
127	0:01:15	1/1/2019 	68371	22.00	140.00	6.78	29.43	101897.16	49803	1	CharlieHolbrow	
128	0:01:15	1/1/2019 	68396	23.00	115.00	6.71	29.43	101897.16	1836	0	CharlieHolbrow	
129	0:01:18	1/1/2019 	71063	16.00	10.00	7.07	29.37	101896.41	145740	0	CharlieHolbrow	
130	0:01:18	1/1/2019 	71364	15.00	8.00	7.13	29.37	101896.41	4745	0	CharlieHolbrow	
131	0:01:18	1/1/2019 	71395	16.00	8.00	7.06	29.37	101896.41	1835	0	CharlieHolbrow	
132	0:01:19	1/1/2019 	72287	22.00	117.00	6.77	29.35	101896.26	49803	1	CharlieHolbrow	
133	0:01:19	1/1/2019 	72478	16.00	10.00	7.07	29.34	101895.86	1836	0	CharlieHolbrow	
134	0:01:20	1/1/2019 	73223	15.00	7.00	7.13	29.33	101895.50	49803	0	CharlieHolbrow	
135	0:01:20	1/1/2019 	73749	25.00	163.00	6.63	29.32	101895.28	49803	1	CharlieHolbrow	
136	0:01:21	1/1/2019 	74191	15.00	7.00	7.13	29.31	101895.48	3847	0	CharlieHolbrow	
137	0:01:22	1/1/2019 	75036	17.00	25.00	7.02	29.29	101895.67	49805	0	CharlieHolbrow	
138	0:01:22	1/1/2019 	75283	16.00	8.00	7.06	29.29	101895.67	1837	0	CharlieHolbrow	
139	0:01:22	1/1/2019 	75293	16.00	13.00	7.08	29.29	101895.67	1835	0	CharlieHolbrow	
140	0:01:22	1/1/2019 	75570	15.00	8.00	7.13	29.28	101895.48	49803	0	CharlieHolbrow	
141	0:01:23	1/1/2019 	76750	15.00	5.00	7.13	29.27	101895.29	49803	0	CharlieHolbrow	
142	0:01:24	1/1/2019 	77256	15.00	8.00	7.13	29.26	101895.70	3793	0	CharlieHolbrow	
143	0:01:25	1/1/2019 	78055	43.00	618.00	6.21	29.24	101896.15	49803	1	CharlieHolbrow	
144	0:01:25	1/1/2019 	78485	15.00	7.00	7.13	29.24	101896.15	1836	0	CharlieHolbrow	
145	0:01:25	1/1/2019 	78814	16.00	12.00	7.07	29.24	101896.19	49804	0	CharlieHolbrow	
146	0:01:26	1/1/2019 	79195	21.00	104.00	6.81	29.23	101895.96	1834	1	CharlieHolbrow	
147	0:01:27	1/1/2019 	80049	15.00	7.00	7.13	29.21	101895.91	49806	0	CharlieHolbrow	
148	0:01:27	1/1/2019 	80877	15.00	8.00	7.13	29.20	101895.95	52693	0	CharlieHolbrow	
149	0:01:28	1/1/2019 	81421	26.00	204.00	6.60	29.20	101896.02	1834	0	CharlieHolbrow	
150	0:01:28	1/1/2019 	81973	15.00	8.00	7.13	29.19	101895.89	49804	0	CharlieHolbrow	
151	0:01:29	1/1/2019 	82653	15.00	11.00	7.14	29.18	101895.94	49803	0	CharlieHolbrow	
152	0:01:29	1/1/2019 	82980	21.00	108.00	6.82	29.18	101895.94	1835	1	CharlieHolbrow	
153	0:01:30	1/1/2019 	83072	26.00	224.00	6.60	29.17	101895.81	1835	0	CharlieHolbrow	
154	0:01:30	1/1/2019 	83756	16.00	9.00	7.07	29.16	101895.65	51739	0	CharlieHolbrow	
155	0:01:31	1/1/2019 	84325	23.00	146.00	6.73	29.15	101895.55	1834	1	CharlieHolbrow	
156	0:01:31	1/1/2019 	84705	40.00	472.00	6.21	29.15	101895.86	49805	0	CharlieHolbrow	
157	0:01:31	1/1/2019 	84783	25.00	166.00	6.63	29.15	101895.86	1835	0	CharlieHolbrow	
158	0:01:31	1/1/2019 	84880	36.00	418.00	6.29	29.15	101895.86	1834	1	CharlieHolbrow	
159	0:01:31	1/1/2019 	84984	15.00	7.00	7.13	29.15	101895.86	1836	0	CharlieHolbrow	
160	0:01:32	1/1/2019 	85643	15.00	8.00	7.13	29.14	101896.03	51737	0	CharlieHolbrow	
161	0:01:32	1/1/2019 	85993	15.00	8.00	7.13	29.14	101896.03	1836	0	CharlieHolbrow	
162	0:01:34	1/1/2019 	87106	15.00	8.00	7.13	29.12	101895.78	49804	0	CharlieHolbrow	
163	0:01:34	1/1/2019 	87455	16.00	8.00	7.06	29.12	101895.78	1835	0	CharlieHolbrow	
164	0:01:34	1/1/2019 	87618	20.00	61.00	6.85	29.11	101896.12	49806	0	CharlieHolbrow	
165	0:01:35	1/1/2019 	88073	15.00	8.00	7.13	29.10	101895.83	1840	0	CharlieHolbrow	
166	0:01:35	1/1/2019 	88316	16.00	11.00	7.07	29.10	101895.83	3771	0	CharlieHolbrow	
167	0:01:36	1/1/2019 	89671	15.00	7.00	7.13	29.09	101896.01	97775	0	CharlieHolbrow	
168	0:01:37	1/1/2019 	90145	15.00	7.00	7.13	29.08	101895.71	2579	0	CharlieHolbrow	
169	0:01:37	1/1/2019 	90652	30.00	285.00	6.44	29.07	101896.02	49804	0	CharlieHolbrow	
170	0:01:37	1/1/2019 	90837	16.00	8.00	7.06	29.07	101896.02	1836	0	CharlieHolbrow	
171	0:01:40	1/1/2019 	93740	22.00	123.00	6.77	29.04	101895.55	145740	1	CharlieHolbrow	
172	0:01:41	1/1/2019 	94550	16.00	21.00	7.09	29.03	101895.66	51887	0	CharlieHolbrow	
173	0:01:41	1/1/2019 	94609	16.00	5.00	7.05	29.03	101895.66	1836	0	CharlieHolbrow	
174	0:01:43	1/1/2019 	96355	15.00	7.00	7.13	29.01	101895.50	49802	0	CharlieHolbrow	
175	0:01:43	1/1/2019 	96400	15.00	8.00	7.13	29.01	101895.50	1836	0	CharlieHolbrow	
176	0:01:43	1/1/2019 	96439	21.00	94.00	6.81	29.01	101895.50	1834	0	CharlieHolbrow	
177	0:01:44	1/1/2019 	97064	15.00	7.00	7.13	29.00	101895.03	49804	0	CharlieHolbrow	
178	0:01:44	1/1/2019 	97401	15.00	7.00	7.13	29.00	101895.03	3774	0	CharlieHolbrow	
179	0:01:44	1/1/2019 	97635	15.00	8.00	7.13	28.99	101895.01	49803	0	CharlieHolbrow	
180	0:01:45	1/1/2019 	98407	16.00	12.00	7.07	28.99	101894.98	1835	1	CharlieHolbrow	
181	0:01:46	1/1/2019 	99702	15.00	7.00	7.13	28.97	101895.26	97775	0	CharlieHolbrow	
182	0:01:46	1/1/2019 	99952	25.00	157.00	6.63	28.97	101895.26	2579	1	CharlieHolbrow	
183	0:01:48	1/1/2019 	101084	17.00	24.00	7.02	28.96	101895.17	49804	0	CharlieHolbrow	
184	0:01:48	1/1/2019 	101263	22.00	112.00	6.76	28.96	101895.17	3916	1	CharlieHolbrow	
185	0:01:48	1/1/2019 	101753	15.00	8.00	7.13	28.95	101895.17	49803	0	CharlieHolbrow	
186	0:01:48	1/1/2019 	101820	28.00	135.00	6.47	28.95	101895.17	1835	1	CharlieHolbrow	
187	0:01:52	1/1/2019 	105088	25.00	210.00	6.65	28.92	101894.86	145743	1	CharlieHolbrow	
188	0:01:52	1/1/2019 	105567	15.00	8.00	7.13	28.92	101895.09	49805	0	CharlieHolbrow	
189	0:01:53	1/1/2019 	106768	15.00	8.00	7.13	28.91	101918.55	49805	0	CharlieHolbrow	
190	0:01:53	1/1/2019 	106792	16.00	9.00	7.07	28.91	101918.55	3778	0	CharlieHolbrow	
191	0:01:54	1/1/2019 	107069	15.00	8.00	7.13	28.91	101939.12	1836	0	CharlieHolbrow	
192	0:01:54	1/1/2019 	107666	18.00	27.00	6.96	28.90	101957.09	49809	0	CharlieHolbrow	
193	0:01:54	1/1/2019 	107738	17.00	11.00	7.00	28.90	101957.09	1835	0	CharlieHolbrow	
194	0:01:55	1/1/2019 	108747	15.00	9.00	7.14	28.90	101969.67	49803	0	CharlieHolbrow	
195	0:01:57	1/1/2019 	110342	14.00	7.00	7.21	28.89	101955.93	49806	0	CharlieHolbrow	
196	0:01:58	1/1/2019 	111130	15.00	8.00	7.13	28.88	101947.84	56072	0	CharlieHolbrow	
197	0:02:01	1/1/2019 	114033	20.00	88.00	6.86	28.86	101931.70	145745	1	CharlieHolbrow	
198	0:02:01	1/1/2019 	114171	15.00	8.00	7.13	28.85	101928.99	1836	0	CharlieHolbrow	
199	0:02:01	1/1/2019 	114176	16.00	10.00	7.07	28.85	101928.99	1835	0	CharlieHolbrow	
200	0:02:01	1/1/2019 	114204	15.00	7.00	7.13	28.85	101928.99	1835	0	CharlieHolbrow	
201	0:02:01	1/1/2019 	114383	15.00	8.00	7.13	28.85	101928.99	1835	0	CharlieHolbrow	
202	0:02:01	1/1/2019 	114410	15.00	7.00	7.13	28.85	101928.99	3776	0	CharlieHolbrow	
203	0:02:02	1/1/2019 	115398	15.00	7.00	7.13	28.84	101924.05	49804	0	CharlieHolbrow	
204	0:02:02	1/1/2019 	115718	15.00	7.00	7.13	28.84	101921.67	49806	0	CharlieHolbrow	
205	0:02:02	1/1/2019 	115793	15.00	7.00	7.13	28.84	101921.67	1835	0	CharlieHolbrow	
206	0:02:02	1/1/2019 	115829	15.00	8.00	7.13	28.84	101921.67	1835	0	CharlieHolbrow	
207	0:02:03	1/1/2019 	116224	15.00	7.00	7.13	28.84	101919.73	1835	0	CharlieHolbrow	
208	0:02:03	1/1/2019 	116552	15.00	7.00	7.13	28.84	101919.73	51746	0	CharlieHolbrow	
209	0:02:07	1/1/2019 	120471	15.00	8.00	7.13	28.80	101906.78	145744	0	CharlieHolbrow	
210	0:02:08	1/1/2019 	121113	31.00	311.00	6.42	28.80	101904.51	50552	1	CharlieHolbrow	
211	0:02:08	1/1/2019 	121385	23.00	138.00	6.72	28.80	101904.51	1837	1	CharlieHolbrow	
212	0:02:08	1/1/2019 	121718	15.00	7.00	7.13	28.79	101903.91	49805	0	CharlieHolbrow	
213	0:02:09	1/1/2019 	122081	14.00	7.00	7.21	28.79	101902.55	3919	0	CharlieHolbrow	
214	0:02:09	1/1/2019 	122175	15.00	7.00	7.13	28.79	101902.55	1835	0	CharlieHolbrow	
215	0:02:09	1/1/2019 	122549	15.00	8.00	7.13	28.79	101902.55	49805	0	CharlieHolbrow	
216	0:02:09	1/1/2019 	122721	22.00	101.00	6.75	28.79	101902.11	1835	0	CharlieHolbrow	
217	0:02:10	1/1/2019 	123154	24.00	196.00	6.70	28.78	101900.91	1836	0	CharlieHolbrow	
218	0:02:10	1/1/2019 	123615	16.00	13.00	7.08	28.78	101900.30	49807	0	CharlieHolbrow	
219	0:02:11	1/1/2019 	124143	14.00	7.00	7.21	28.77	101899.47	3778	0	CharlieHolbrow	
220	0:02:12	1/1/2019 	125154	15.00	9.00	7.14	28.77	101898.17	49806	0	CharlieHolbrow	
221	0:02:12	1/1/2019 	125881	15.00	7.00	7.13	28.76	101897.91	49807	0	CharlieHolbrow	
222	0:02:14	1/1/2019 	127084	28.00	284.00	6.53	28.76	101896.78	49805	1	CharlieHolbrow	
223	0:02:14	1/1/2019 	127273	16.00	9.00	7.07	28.75	101896.11	1837	0	CharlieHolbrow	
224	0:02:16	1/1/2019 	129995	19.00	56.00	6.91	28.74	101894.18	145745	0	CharlieHolbrow	
225	0:02:17	1/1/2019 	130104	17.00	33.00	7.03	28.73	101893.68	4713	0	CharlieHolbrow	
226	0:02:17	1/1/2019 	130160	16.00	10.00	7.07	28.73	101893.68	1836	0	CharlieHolbrow	
227	0:02:17	1/1/2019 	130363	18.00	45.00	6.97	28.73	101893.68	1834	0	CharlieHolbrow	
228	0:02:17	1/1/2019 	130429	15.00	8.00	7.13	28.73	101893.68	1835	0	CharlieHolbrow	
229	0:02:18	1/1/2019 	131662	16.00	14.00	7.08	28.72	101892.45	97772	0	CharlieHolbrow	
230	0:02:19	1/1/2019 	132148	25.00	194.00	6.64	28.72	101892.52	1836	1	CharlieHolbrow	
231	0:02:19	1/1/2019 	132178	22.00	101.00	6.75	28.72	101892.52	3779	1	CharlieHolbrow	
232	0:02:19	1/1/2019 	132643	26.00	180.00	6.59	28.72	101892.25	49805	1	CharlieHolbrow	
233	0:02:20	1/1/2019 	133351	15.00	7.00	7.13	28.71	101892.16	1835	0	CharlieHolbrow	
234	0:02:20	1/1/2019 	133609	30.00	278.00	6.44	28.71	101891.83	49803	1	CharlieHolbrow	
235	0:02:20	1/1/2019 	133656	18.00	26.00	6.96	28.71	101891.83	1836	0	CharlieHolbrow	
236	0:02:21	1/1/2019 	134796	15.00	8.00	7.13	28.70	101891.79	49805	0	CharlieHolbrow	
237	0:02:22	1/1/2019 	135403	15.00	7.00	7.13	28.70	101891.70	3778	0	CharlieHolbrow	
238	0:02:23	1/1/2019 	136074	19.00	69.00	6.91	28.70	101891.77	49806	0	CharlieHolbrow	
239	0:02:23	1/1/2019 	136730	15.00	7.00	7.13	28.69	101892.40	49805	0	CharlieHolbrow	
240	0:02:24	1/1/2019 	137895	15.00	7.00	7.13	28.69	101892.41	49802	0	CharlieHolbrow	
241	0:02:24	1/1/2019 	137958	17.00	11.00	7.00	28.69	101892.41	1835	0	CharlieHolbrow	
242	0:02:25	1/1/2019 	138789	22.00	120.00	6.77	28.68	101892.38	49807	0	CharlieHolbrow	
243	0:02:26	1/1/2019 	139039	22.00	131.00	6.78	28.68	101892.38	3787	1	CharlieHolbrow	
244	0:02:26	1/1/2019 	139678	14.00	7.00	7.21	28.68	101892.17	49812	0	CharlieHolbrow	
245	0:02:27	1/1/2019 	140282	14.00	7.00	7.21	28.68	101892.67	2580	0	CharlieHolbrow	
246	0:02:27	1/1/2019 	140557	15.00	7.00	7.13	28.68	101892.67	49805	0	CharlieHolbrow	
247	0:02:27	1/1/2019 	140710	16.00	10.00	7.07	28.68	101892.75	1835	0	CharlieHolbrow	
248	0:02:28	1/1/2019 	141302	16.00	10.00	7.07	28.67	101892.98	1834	0	CharlieHolbrow	
249	0:02:28	1/1/2019 	141394	22.00	86.00	6.74	28.67	101892.98	3920	0	CharlieHolbrow	
250	0:02:28	1/1/2019 	141770	15.00	7.00	7.13	28.67	101893.05	49805	0	CharlieHolbrow	
251	0:02:28	1/1/2019 	141956	15.00	7.00	7.13	28.67	101893.05	1835	0	CharlieHolbrow	
252	0:02:29	1/1/2019 	142275	23.00	153.00	6.73	28.67	101893.12	1834	0	CharlieHolbrow	
253	0:02:29	1/1/2019 	142397	15.00	8.00	7.13	28.67	101893.12	1836	0	CharlieHolbrow	
254	0:02:29	1/1/2019 	142414	15.00	7.00	7.13	28.67	101893.12	1834	0	CharlieHolbrow	
255	0:02:30	1/1/2019 	143132	15.00	12.00	7.14	28.66	101892.78	51801	0	CharlieHolbrow	
256	0:02:31	1/1/2019 	144254	15.00	7.00	7.13	28.66	101893.02	49804	0	CharlieHolbrow	
257	0:02:31	1/1/2019 	144293	15.00	7.00	7.13	28.66	101893.02	1835	0	CharlieHolbrow	
258	0:02:31	1/1/2019 	144305	16.00	8.00	7.06	28.66	101893.02	1835	0	CharlieHolbrow	
259	0:02:31	1/1/2019 	144499	19.00	40.00	6.90	28.66	101893.02	1835	0	CharlieHolbrow	
260	0:02:32	1/1/2019 	145447	15.00	7.00	7.13	28.65	101892.99	49834	0	CharlieHolbrow	
261	0:02:33	1/1/2019 	146026	14.00	8.00	7.21	28.65	101892.89	51747	0	CharlieHolbrow	
262	0:02:33	1/1/2019 	146767	27.00	234.00	6.56	28.65	101892.69	49805	1	CharlieHolbrow	
263	0:02:34	1/1/2019 	147058	17.00	37.00	7.03	28.65	101892.69	1835	0	CharlieHolbrow	
264	0:02:36	1/1/2019 	149297	22.00	120.00	6.77	28.64	101893.27	97776	1	CharlieHolbrow	
265	0:02:36	1/1/2019 	149696	16.00	8.00	7.06	28.64	101893.17	49808	0	CharlieHolbrow	
266	0:02:37	1/1/2019 	150024	23.00	157.00	6.73	28.64	101893.17	2579	1	CharlieHolbrow	
267	0:02:37	1/1/2019 	150341	15.00	7.00	7.13	28.63	101892.91	3919	0	CharlieHolbrow	
268	0:02:37	1/1/2019 	150845	16.00	8.00	7.06	28.63	101893.06	49803	0	CharlieHolbrow	
269	0:02:38	1/1/2019 	151116	16.00	9.00	7.07	28.63	101893.06	1834	0	CharlieHolbrow	
270	0:02:38	1/1/2019 	151208	16.00	8.00	7.06	28.63	101892.97	1835	0	CharlieHolbrow	
271	0:02:38	1/1/2019 	151487	21.00	98.00	6.81	28.63	101892.97	1835	1	CharlieHolbrow	
272	0:02:39	1/1/2019 	152195	16.00	28.00	7.10	28.63	101892.61	49804	1	CharlieHolbrow	
273	0:02:39	1/1/2019 	152841	15.00	7.00	7.13	28.62	101892.34	51749	0	CharlieHolbrow	
274	0:02:39	1/1/2019 	152953	16.00	8.00	7.06	28.62	101892.34	1835	0	CharlieHolbrow	
275	0:02:40	1/1/2019 	153246	17.00	29.00	7.03	28.62	101892.84	1834	1	CharlieHolbrow	
276	0:02:40	1/1/2019 	153487	15.00	8.00	7.13	28.62	101892.84	1835	0	CharlieHolbrow	
277	0:02:41	1/1/2019 	154151	20.00	101.00	6.87	28.62	101892.34	49802	0	CharlieHolbrow	
278	0:02:41	1/1/2019 	154422	16.00	10.00	7.07	28.62	101892.34	1837	0	CharlieHolbrow	
279	0:02:41	1/1/2019 	154966	36.00	404.00	6.29	28.62	101892.25	55107	1	CharlieHolbrow	
280	0:02:42	1/1/2019 	155327	14.00	7.00	7.21	28.62	101892.58	1835	0	CharlieHolbrow	
281	0:02:43	1/1/2019 	156582	18.00	121.00	7.02	28.61	101892.81	97774	0	CharlieHolbrow	
282	0:02:44	1/1/2019 	157807	18.00	56.00	6.97	28.61	101892.69	49806	0	CharlieHolbrow	
283	0:02:44	1/1/2019 	157883	17.00	9.00	7.00	28.61	101892.69	1836	0	CharlieHolbrow	
284	0:02:44	1/1/2019 	157948	16.00	8.00	7.06	28.61	101892.69	1834	0	CharlieHolbrow	
285	0:02:46	1/1/2019 	159833	15.00	8.00	7.13	28.60	101892.82	99717	0	CharlieHolbrow	
286	0:02:47	1/1/2019 	160362	16.00	12.00	7.07	28.60	101892.59	2579	0	CharlieHolbrow	
287	0:02:49	1/1/2019 	162204	17.00	28.00	7.03	28.59	101893.06	97777	0	CharlieHolbrow	
288	0:02:50	1/1/2019 	163621	17.00	16.00	7.01	28.59	101893.12	97778	0	CharlieHolbrow	
289	0:02:52	1/1/2019 	165319	35.00	393.00	6.31	28.59	101892.93	49811	0	CharlieHolbrow	
290	0:02:54	1/1/2019 	167044	17.00	32.00	7.03	28.58	101892.83	97777	0	CharlieHolbrow	
291	0:02:54	1/1/2019 	167906	34.00	367.00	6.33	28.58	101892.90	51889	0	CharlieHolbrow	
292	0:02:54	1/1/2019 	167967	24.00	130.00	6.66	28.58	101892.90	1837	1	CharlieHolbrow	
293	0:02:55	1/1/2019 	168446	15.00	8.00	7.13	28.58	101892.63	1835	0	CharlieHolbrow	
294	0:02:55	1/1/2019 	168587	31.00	272.00	6.40	28.58	101892.63	49804	1	CharlieHolbrow	
295	0:02:55	1/1/2019 	168619	21.00	110.00	6.82	28.58	101892.63	1835	0	CharlieHolbrow	
296	0:02:56	1/1/2019 	169063	15.00	7.00	7.13	28.58	101892.63	1835	0	CharlieHolbrow	
297	0:02:56	1/1/2019 	169145	43.00	570.00	6.18	28.58	101892.63	3778	1	CharlieHolbrow	
298	0:02:56	1/1/2019 	169917	16.00	10.00	7.07	28.58	101892.56	49804	1	CharlieHolbrow	
299	0:02:57	1/1/2019 	170256	15.00	7.00	7.13	28.58	101892.73	2818	0	CharlieHolbrow	
300	0:02:57	1/1/2019 	170889	15.00	7.00	7.13	28.58	101892.91	49807	0	CharlieHolbrow	
301	0:02:58	1/1/2019 	171023	15.00	7.00	7.13	28.58	101892.91	1834	0	CharlieHolbrow	
302	0:02:58	1/1/2019 	171038	19.00	44.00	6.90	28.58	101892.91	3919	0	CharlieHolbrow	
303	0:02:58	1/1/2019 	171305	15.00	8.00	7.13	28.57	101892.61	1834	0	CharlieHolbrow	
304	0:02:58	1/1/2019 	171931	31.00	268.00	6.40	28.57	101892.77	49804	0	CharlieHolbrow	
305	0:02:59	1/1/2019 	172856	21.00	95.00	6.81	28.57	101892.84	49804	0	CharlieHolbrow	
306	0:02:59	1/1/2019 	172915	16.00	8.00	7.06	28.57	101892.84	1836	0	CharlieHolbrow	
307	0:03:00	1/1/2019 	173816	16.00	12.00	7.07	28.57	101892.74	49806	1	CharlieHolbrow	
308	0:03:00	1/1/2019 	173988	15.00	8.00	7.13	28.57	101892.74	3779	0	CharlieHolbrow	
309	0:03:01	1/1/2019 	174429	15.00	7.00	7.13	28.57	101892.91	1834	0	CharlieHolbrow	
310	0:03:02	1/1/2019 	175297	15.00	8.00	7.13	28.57	101892.98	49806	0	CharlieHolbrow	
311	0:03:02	1/1/2019 	175763	15.00	8.00	7.13	28.57	101893.14	49806	0	CharlieHolbrow	
312	0:03:04	1/1/2019 	177257	15.00	8.00	7.13	28.56	101893.38	49808	0	CharlieHolbrow	
313	0:03:04	1/1/2019 	177297	16.00	14.00	7.08	28.56	101893.38	1843	0	CharlieHolbrow	
314	0:03:04	1/1/2019 	177660	16.00	7.00	7.06	28.56	101893.38	51811	0	CharlieHolbrow	
315	0:03:04	1/1/2019 	177951	15.00	7.00	7.13	28.56	101893.11	1840	0	CharlieHolbrow	
316	0:03:05	1/1/2019 	178031	15.00	7.00	7.13	28.56	101893.11	1835	0	CharlieHolbrow	
317	0:03:05	1/1/2019 	178404	19.00	48.00	6.90	28.56	101893.45	1836	0	CharlieHolbrow	
318	0:03:05	1/1/2019 	178869	15.00	8.00	7.13	28.56	101893.45	49806	0	CharlieHolbrow	
319	0:03:06	1/1/2019 	179045	15.00	8.00	7.13	28.56	101893.45	1835	0	CharlieHolbrow	
320	0:03:06	1/1/2019 	179137	15.00	7.00	7.13	28.56	101893.45	3778	0	CharlieHolbrow	
321	0:03:06	1/1/2019 	179361	15.00	7.00	7.13	28.56	101893.18	1835	0	CharlieHolbrow	
322	0:03:06	1/1/2019 	179870	15.00	7.00	7.13	28.56	101893.34	49806	0	CharlieHolbrow	
323	0:03:07	1/1/2019 	180038	14.00	7.00	7.21	28.56	101893.34	2818	0	CharlieHolbrow	
324	0:03:07	1/1/2019 	180110	23.00	124.00	6.71	28.56	101893.34	1835	1	CharlieHolbrow	
325	0:03:07	1/1/2019 	180232	23.00	47.00	6.67	28.56	101893.68	1835	0	CharlieHolbrow	
326	0:03:07	1/1/2019 	180262	15.00	7.00	7.13	28.56	101893.68	3918	0	CharlieHolbrow	
327	0:03:07	1/1/2019 	180466	23.00	128.00	6.72	28.56	101893.68	1835	1	CharlieHolbrow	
328	0:03:08	1/1/2019 	181869	15.00	8.00	7.13	28.56	101893.92	97776	0	CharlieHolbrow	
329	0:03:09	1/1/2019 	182210	15.00	8.00	7.13	28.56	101894.09	1836	0	CharlieHolbrow	
330	0:03:09	1/1/2019 	182222	15.00	7.00	7.13	28.56	101894.09	1835	0	CharlieHolbrow	
331	0:03:10	1/1/2019 	183978	15.00	7.00	7.13	28.55	101894.02	97775	0	CharlieHolbrow	
332	0:03:11	1/1/2019 	184456	18.00	57.00	6.97	28.55	101893.85	3778	0	CharlieHolbrow	
333	0:03:11	1/1/2019 	184571	24.00	160.00	6.68	28.55	101893.85	49806	1	CharlieHolbrow	
334	0:03:12	1/1/2019 	185063	29.00	288.00	6.49	28.55	101894.02	1835	0	CharlieHolbrow	
335	0:03:12	1/1/2019 	185720	21.00	102.00	6.81	28.55	101893.75	49807	0	CharlieHolbrow	
336	0:03:13	1/1/2019 	186010	23.00	143.00	6.73	28.55	101893.75	1835	0	CharlieHolbrow	
337	0:03:14	1/1/2019 	187181	15.00	7.00	7.13	28.55	101893.66	49806	0	CharlieHolbrow	
338	0:03:14	1/1/2019 	187294	17.00	30.00	7.03	28.55	101893.82	3778	0	CharlieHolbrow	
339	0:03:17	1/1/2019 	190654	15.00	8.00	7.13	28.55	101894.05	193714	0	CharlieHolbrow	
340	0:03:20	1/1/2019 	193918	17.00	20.00	7.02	28.54	101894.53	146726	0	CharlieHolbrow	
341	0:03:21	1/1/2019 	194701	19.00	114.00	6.95	28.54	101894.69	49806	0	CharlieHolbrow	
342	0:03:22	1/1/2019 	195688	20.00	93.00	6.87	28.54	101894.42	49806	0	CharlieHolbrow	
343	0:03:22	1/1/2019 	195773	16.00	18.00	7.08	28.54	101894.59	1836	1	CharlieHolbrow	
344	0:03:23	1/1/2019 	196698	16.00	25.00	7.09	28.54	101894.59	51944	0	CharlieHolbrow	
345	0:03:23	1/1/2019 	196793	30.00	313.00	6.46	28.54	101894.59	1836	0	CharlieHolbrow	
346	0:03:26	1/1/2019 	199261	15.00	7.00	7.13	28.54	101894.50	97774	0	CharlieHolbrow	
347	0:03:26	1/1/2019 	199359	14.00	7.00	7.21	28.54	101894.50	1835	0	CharlieHolbrow	
348	0:03:28	1/1/2019 	201140	16.00	22.00	7.09	28.53	101894.06	97777	0	CharlieHolbrow	
349	0:03:28	1/1/2019 	201788	15.00	7.00	7.13	28.53	101893.89	50791	0	CharlieHolbrow	
350	0:03:30	1/1/2019 	203035	15.00	8.00	7.13	28.53	101894.23	51888	0	CharlieHolbrow	
351	0:03:31	1/1/2019 	204476	26.00	217.00	6.60	28.53	101894.56	49804	1	CharlieHolbrow	
352	0:03:31	1/1/2019 	204915	21.00	100.00	6.81	28.53	101894.56	49807	1	CharlieHolbrow	
353	0:03:32	1/1/2019 	205944	15.00	8.00	7.13	28.53	101893.83	49806	1	CharlieHolbrow	
354	0:03:33	1/1/2019 	206864	15.00	7.00	7.13	28.53	101894.00	49806	0	CharlieHolbrow	
355	0:03:34	1/1/2019 	207159	15.00	9.00	7.14	28.53	101894.00	1835	0	CharlieHolbrow	
356	0:03:35	1/1/2019 	208477	15.00	7.00	7.13	28.53	101893.73	51747	0	CharlieHolbrow	
357	0:03:36	1/1/2019 	209759	18.00	10.00	6.93	28.53	101893.90	97775	0	CharlieHolbrow	
358	0:03:37	1/1/2019 	210917	20.00	96.00	6.87	28.53	101893.90	50790	1	CharlieHolbrow	
359	0:03:38	1/1/2019 	211885	15.00	7.00	7.13	28.53	101894.06	49805	0	CharlieHolbrow	
360	0:03:40	1/1/2019 	213079	18.00	51.00	6.97	28.53	101893.97	49804	1	CharlieHolbrow	
361	0:03:40	1/1/2019 	213202	19.00	59.00	6.91	28.53	101893.97	1836	0	CharlieHolbrow	
362	0:03:41	1/1/2019 	214100	20.00	89.00	6.86	28.53	101893.80	51888	0	CharlieHolbrow	
363	0:03:42	1/1/2019 	215654	15.00	7.00	7.13	28.53	101893.97	97776	0	CharlieHolbrow	
364	0:03:42	1/1/2019 	215742	15.00	7.00	7.13	28.53	101893.97	1835	0	CharlieHolbrow	
365	0:03:43	1/1/2019 	216024	15.00	7.00	7.13	28.53	101893.80	1834	0	CharlieHolbrow	
366	0:03:43	1/1/2019 	216797	15.00	7.00	7.13	28.53	101893.80	49805	0	CharlieHolbrow	
367	0:03:44	1/1/2019 	217637	17.00	25.00	7.02	28.53	101893.80	49805	0	CharlieHolbrow	
368	0:03:44	1/1/2019 	217801	16.00	9.00	7.07	28.53	101893.97	3778	0	CharlieHolbrow	
369	0:03:45	1/1/2019 	218147	14.00	7.00	7.21	28.53	101893.97	1835	0	CharlieHolbrow	
370	0:03:45	1/1/2019 	218397	15.00	8.00	7.13	28.53	101894.14	1835	0	CharlieHolbrow	
371	0:03:45	1/1/2019 	218443	17.00	26.00	7.02	28.53	101894.14	1835	1	CharlieHolbrow	
372	0:03:46	1/1/2019 	219117	35.00	395.00	6.32	28.53	101893.97	49805	0	CharlieHolbrow	
373	0:03:46	1/1/2019 	219905	15.00	7.00	7.13	28.53	101893.80	49807	0	CharlieHolbrow	
374	0:03:46	1/1/2019 	219938	16.00	10.00	7.07	28.53	101893.80	4902	0	CharlieHolbrow	
375	0:03:47	1/1/2019 	220223	16.00	20.00	7.09	28.53	101893.80	1835	0	CharlieHolbrow	
376	0:03:47	1/1/2019 	220392	16.00	8.00	7.06	28.53	101893.80	1836	1	CharlieHolbrow	
377	0:03:47	1/1/2019 	220618	16.00	13.00	7.08	28.53	101893.80	49805	0	CharlieHolbrow	
378	0:03:49	1/1/2019 	222904	16.00	27.00	7.09	28.53	101893.97	97774	0	CharlieHolbrow	
379	0:03:49	1/1/2019 	222934	17.00	31.00	7.03	28.53	101893.97	1835	1	CharlieHolbrow	
380	0:03:50	1/1/2019 	223919	15.00	7.00	7.13	28.53	101893.80	51748	0	CharlieHolbrow	
381	0:03:51	1/1/2019 	224955	12.00	31.00	7.41	28.53	101893.63	49806	0	CharlieHolbrow	
382	0:03:51	1/1/2019 	224964	15.00	7.00	7.13	28.53	101893.63	1836	0	CharlieHolbrow	
383	0:03:52	1/1/2019 	225210	15.00	8.00	7.13	28.53	101893.63	1835	0	CharlieHolbrow	
384	0:03:52	1/1/2019 	225830	15.00	7.00	7.13	28.53	101893.63	49805	0	CharlieHolbrow	
385	0:03:52	1/1/2019 	225941	15.00	8.00	7.13	28.53	101893.63	1834	0	CharlieHolbrow	
386	0:03:52	1/1/2019 	225984	15.00	8.00	7.13	28.53	101893.63	3776	0	CharlieHolbrow	
387	0:03:53	1/1/2019 	226121	14.00	7.00	7.21	28.53	101893.63	1835	0	CharlieHolbrow	
388	0:03:53	1/1/2019 	226214	15.00	8.00	7.13	28.53	101893.63	1835	0	CharlieHolbrow	
389	0:03:53	1/1/2019 	226659	16.00	7.00	7.06	28.53	101893.47	49804	0	CharlieHolbrow	
390	0:03:54	1/1/2019 	227388	15.00	7.00	7.13	28.53	101893.47	1834	0	CharlieHolbrow	
391	0:03:54	1/1/2019 	227722	21.00	75.00	6.79	28.53	101893.47	49805	0	CharlieHolbrow	
392	0:03:54	1/1/2019 	227890	15.00	5.00	7.13	28.53	101893.47	3778	0	CharlieHolbrow	
393	0:03:55	1/1/2019 	228176	17.00	57.00	7.04	28.53	101893.47	1835	1	CharlieHolbrow	
394	0:03:55	1/1/2019 	228288	22.00	126.00	6.77	28.53	101893.47	1836	1	CharlieHolbrow	
395	0:03:55	1/1/2019 	228635	15.00	7.00	7.13	28.53	101893.47	49806	0	CharlieHolbrow	
396	0:03:55	1/1/2019 	228740	17.00	16.00	7.01	28.53	101893.47	1836	0	CharlieHolbrow	
397	0:03:56	1/1/2019 	229206	15.00	7.00	7.13	28.53	101893.47	1835	0	CharlieHolbrow	
398	0:03:57	1/1/2019 	230142	16.00	9.00	7.07	28.53	101893.47	51749	0	CharlieHolbrow	
399	0:03:57	1/1/2019 	230237	15.00	8.00	7.13	28.53	101893.47	2819	0	CharlieHolbrow	
400	0:03:58	1/1/2019 	231754	15.00	9.00	7.14	28.53	101893.47	97772	0	CharlieHolbrow	
401	0:03:59	1/1/2019 	232075	15.00	8.00	7.13	28.53	101893.63	1836	0	CharlieHolbrow	
402	0:03:59	1/1/2019 	232271	17.00	17.00	7.01	28.53	101893.63	1835	0	CharlieHolbrow	
403	0:03:59	1/1/2019 	232451	15.00	8.00	7.13	28.53	101893.47	1835	0	CharlieHolbrow	
404	0:03:59	1/1/2019 	232642	18.00	41.00	6.97	28.53	101893.47	51887	0	CharlieHolbrow	
405	0:03:59	1/1/2019 	232662	15.00	7.00	7.13	28.53	101893.47	1835	0	CharlieHolbrow	
406	0:03:59	1/1/2019 	232921	22.00	102.00	6.75	28.53	101893.47	1834	1	CharlieHolbrow	
407	0:04:01	1/1/2019 	234696	14.00	7.00	7.21	28.53	101893.47	97774	0	CharlieHolbrow	
408	0:04:02	1/1/2019 	235167	17.00	30.00	7.03	28.52	101893.20	1836	0	CharlieHolbrow	
409	0:04:02	1/1/2019 	235746	16.00	8.00	7.06	28.52	101893.20	49806	0	CharlieHolbrow	
410	0:04:04	1/1/2019 	237091	15.00	7.00	7.13	28.52	101893.20	51748	0	CharlieHolbrow	
411	0:04:04	1/1/2019 	237611	27.00	225.00	6.55	28.52	101893.03	49806	1	CharlieHolbrow	
412	0:04:05	1/1/2019 	238042	15.00	7.00	7.13	28.52	101893.20	1836	0	CharlieHolbrow	
413	0:04:05	1/1/2019 	238255	15.00	7.00	7.13	28.52	101893.20	1835	0	CharlieHolbrow	
414	0:04:05	1/1/2019 	238661	15.00	7.00	7.13	28.52	101893.53	49806	0	CharlieHolbrow	
415	0:04:06	1/1/2019 	239176	15.00	7.00	7.13	28.52	101895.88	1837	0	CharlieHolbrow	
416	0:04:06	1/1/2019 	239390	19.00	54.00	6.91	28.53	101902.16	3783	1	CharlieHolbrow	
417	0:04:06	1/1/2019 	239431	21.00	106.00	6.82	28.53	101902.16	1835	0	CharlieHolbrow	
418	0:04:07	1/1/2019 	240931	30.00	318.00	6.46	28.53	101933.08	97779	1	CharlieHolbrow	
419	0:04:08	1/1/2019 	241456	21.00	101.00	6.81	28.53	101942.44	2821	1	CharlieHolbrow	
420	0:04:08	1/1/2019 	241898	19.00	40.00	6.90	28.53	101951.47	49807	1	CharlieHolbrow	
421	0:04:08	1/1/2019 	241966	23.00	116.00	6.71	28.53	101951.47	3921	0	CharlieHolbrow	
422	0:04:11	1/1/2019 	244081	15.00	8.00	7.13	28.53	101990.25	97777	0	CharlieHolbrow	
423	0:04:11	1/1/2019 	244125	29.00	265.00	6.48	28.53	101990.25	1835	1	CharlieHolbrow	
424	0:04:11	1/1/2019 	244649	14.00	7.00	7.21	28.53	102002.78	49805	0	CharlieHolbrow	
425	0:04:12	1/1/2019 	245618	16.00	12.00	7.07	28.53	102029.36	49805	0	CharlieHolbrow	
426	0:04:14	1/1/2019 	247274	15.00	9.00	7.14	28.53	102062.47	49806	0	CharlieHolbrow	
427	0:04:14	1/1/2019 	247568	15.00	8.00	7.13	28.53	102072.33	51747	0	CharlieHolbrow	
428	0:04:15	1/1/2019 	248638	17.00	32.00	7.03	28.53	102089.71	49804	0	CharlieHolbrow	
429	0:04:15	1/1/2019 	248819	21.00	87.00	6.80	28.53	102089.71	1836	0	CharlieHolbrow	
430	0:04:16	1/1/2019 	249266	21.00	112.00	6.82	28.53	102099.58	1835	0	CharlieHolbrow	
431	0:04:17	1/1/2019 	250158	22.00	136.00	6.78	28.53	102118.73	49807	1	CharlieHolbrow	
432	0:04:17	1/1/2019 	250922	16.00	8.00	7.06	28.53	102134.28	50790	0	CharlieHolbrow	
433	0:04:18	1/1/2019 	251282	24.00	147.00	6.67	28.53	102134.28	3918	1	CharlieHolbrow	
434	0:04:19	1/1/2019 	252946	22.00	118.00	6.77	28.53	102160.86	97776	1	CharlieHolbrow	
435	0:04:20	1/1/2019 	253104	15.00	8.00	7.13	28.53	102160.86	1836	0	CharlieHolbrow	
436	0:04:21	1/1/2019 	254254	19.00	67.00	6.91	28.53	102172.90	49805	0	CharlieHolbrow	
437	0:04:21	1/1/2019 	254909	16.00	10.00	7.07	28.53	102183.59	49806	0	CharlieHolbrow	
438	0:04:22	1/1/2019 	255728	15.00	7.00	7.13	28.53	102188.61	49805	0	CharlieHolbrow	
439	0:04:23	1/1/2019 	256355	15.00	7.00	7.13	28.53	102193.12	3781	0	CharlieHolbrow	
440	0:04:24	1/1/2019 	257000	14.00	7.00	7.21	28.53	102201.15	49811	0	CharlieHolbrow	
441	0:04:24	1/1/2019 	257185	21.00	86.00	6.80	28.53	102201.15	1835	0	CharlieHolbrow	
442	0:04:24	1/1/2019 	257464	19.00	44.00	6.90	28.53	102204.83	1835	0	CharlieHolbrow	
443	0:04:24	1/1/2019 	257651	20.00	60.00	6.85	28.53	102204.83	49805	0	CharlieHolbrow	
444	0:04:25	1/1/2019 	258032	19.00	58.00	6.91	28.53	102208.34	1835	1	CharlieHolbrow	
445	0:04:25	1/1/2019 	258494	17.00	14.00	7.01	28.53	102212.12	3779	0	CharlieHolbrow	
446	0:04:25	1/1/2019 	258975	15.00	7.00	7.13	28.53	102215.12	49808	1	CharlieHolbrow	
447	0:04:26	1/1/2019 	259656	15.00	7.00	7.13	28.53	102218.64	49811	0	CharlieHolbrow	
448	0:04:26	1/1/2019 	259847	17.00	21.00	7.02	28.53	102218.64	2818	0	CharlieHolbrow	
449	0:04:27	1/1/2019 	260259	15.00	8.00	7.13	28.53	102221.98	1834	0	CharlieHolbrow	
450	0:04:27	1/1/2019 	260436	14.00	7.00	7.21	28.53	102225.16	1835	0	CharlieHolbrow	
451	0:04:28	1/1/2019 	261580	15.00	8.00	7.13	28.53	102232.52	99860	0	CharlieHolbrow	
452	0:04:28	1/1/2019 	261686	15.00	8.00	7.13	28.53	102232.52	1836	0	CharlieHolbrow	
453	0:04:29	1/1/2019 	262099	14.00	7.00	7.21	28.53	102236.69	1834	0	CharlieHolbrow	
454	0:04:29	1/1/2019 	262372	15.00	7.00	7.13	28.53	102236.69	1835	0	CharlieHolbrow	
455	0:04:29	1/1/2019 	262633	15.00	10.00	7.14	28.53	102243.05	49805	0	CharlieHolbrow	
456	0:04:29	1/1/2019 	262952	15.00	7.00	7.13	28.53	102248.73	1835	0	CharlieHolbrow	
457	0:04:30	1/1/2019 	263046	14.00	7.00	7.21	28.53	102248.73	3777	0	CharlieHolbrow	
458	0:04:30	1/1/2019 	263128	19.00	68.00	6.91	28.53	102248.73	1835	1	CharlieHolbrow	
459	0:04:30	1/1/2019 	263604	15.00	7.00	7.13	28.53	102253.91	49805	0	CharlieHolbrow	
460	0:04:31	1/1/2019 	264787	14.00	7.00	7.21	28.53	102263.44	49805	0	CharlieHolbrow	
461	0:04:32	1/1/2019 	265878	20.00	100.00	6.87	28.53	102274.14	49806	1	CharlieHolbrow	
462	0:04:33	1/1/2019 	266247	16.00	12.00	7.07	28.53	102279.32	1836	0	CharlieHolbrow	
463	0:04:34	1/1/2019 	267321	15.00	7.00	7.13	28.53	102289.25	51804	0	CharlieHolbrow	
464	0:04:34	1/1/2019 	267783	15.00	7.00	7.13	28.53	102293.27	49805	0	CharlieHolbrow	
465	0:04:34	1/1/2019 	267831	14.00	7.00	7.21	28.53	102293.27	1835	0	CharlieHolbrow	
466	0:04:34	1/1/2019 	267964	22.00	100.00	6.75	28.53	102297.28	1835	0	CharlieHolbrow	
467	0:04:35	1/1/2019 	268094	15.00	8.00	7.13	28.53	102297.28	1835	0	CharlieHolbrow	
468	0:04:36	1/1/2019 	269411	15.00	8.00	7.13	28.53	102307.98	49806	0	CharlieHolbrow	
469	0:04:36	1/1/2019 	269563	21.00	96.00	6.81	28.53	102307.98	51751	1	CharlieHolbrow	
470	0:04:36	1/1/2019 	269895	16.00	7.00	7.06	28.53	102311.16	2819	0	CharlieHolbrow	
471	0:04:36	1/1/2019 	269954	16.00	14.00	7.08	28.53	102311.16	1835	0	CharlieHolbrow	
472	0:04:39	1/1/2019 	272807	15.00	8.00	7.13	28.53	102335.90	145745	0	CharlieHolbrow	
473	0:04:40	1/1/2019 	273118	15.00	15.00	7.15	28.53	102345.59	1836	0	CharlieHolbrow	
474	0:04:40	1/1/2019 	273551	34.00	381.00	6.34	28.53	102356.12	49807	1	CharlieHolbrow	
475	0:04:40	1/1/2019 	273563	15.00	7.00	7.13	28.53	102356.12	3927	0	CharlieHolbrow	
476	0:04:40	1/1/2019 	273679	16.00	10.00	7.07	28.53	102356.12	1843	0	CharlieHolbrow	
477	0:04:40	1/1/2019 	273890	15.00	7.00	7.13	28.53	102356.12	1842	0	CharlieHolbrow	
478	0:04:41	1/1/2019 	274079	15.00	7.00	7.13	28.53	102366.83	1840	0	CharlieHolbrow	
479	0:04:41	1/1/2019 	274209	15.00	7.00	7.13	28.53	102366.83	1835	0	CharlieHolbrow	
480	0:04:41	1/1/2019 	274423	15.00	7.00	7.13	28.53	102377.19	1834	0	CharlieHolbrow	
481	0:04:44	1/1/2019 	277334	14.00	7.00	7.21	28.54	102422.09	147689	0	CharlieHolbrow	
482	0:04:44	1/1/2019 	277939	15.00	7.00	7.13	28.54	102437.64	49807	0	CharlieHolbrow	
483	0:04:45	1/1/2019 	278111	25.00	204.00	6.65	28.54	102437.64	1835	0	CharlieHolbrow	
484	0:04:46	1/1/2019 	279624	15.00	8.00	7.13	28.54	102463.39	97779	0	CharlieHolbrow	
485	0:04:48	1/1/2019 	281433	19.00	60.00	6.91	28.54	102490.25	50789	0	CharlieHolbrow	
486	0:04:48	1/1/2019 	281488	22.00	118.00	6.77	28.54	102490.25	1837	1	CharlieHolbrow	
487	0:04:48	1/1/2019 	281813	15.00	7.00	7.13	28.54	102490.25	51830	0	CharlieHolbrow	
488	0:04:49	1/1/2019 	282407	16.00	16.00	7.08	28.54	102495.77	1835	0	CharlieHolbrow	
489	0:04:50	1/1/2019 	283648	15.00	8.00	7.13	28.54	102511.31	97776	0	CharlieHolbrow	
490	0:04:52	1/1/2019 	285665	16.00	12.00	7.07	28.54	102531.54	97776	0	CharlieHolbrow	
491	0:04:53	1/1/2019 	286236	15.00	7.00	7.13	28.54	102536.89	1836	1	CharlieHolbrow	
492	0:04:54	1/1/2019 	287192	23.00	148.00	6.73	28.54	102546.76	49808	1	CharlieHolbrow	
493	0:04:54	1/1/2019 	287755	28.00	230.00	6.51	28.54	102552.88	53087	1	CharlieHolbrow	
494	0:04:54	1/1/2019 	287965	14.00	7.00	7.21	28.54	102561.58	1841	0	CharlieHolbrow	
495	0:04:56	1/1/2019 	289772	15.00	7.00	7.13	28.54	102585.48	97775	0	CharlieHolbrow	
496	0:04:56	1/1/2019 	289964	15.00	7.00	7.13	28.54	102592.50	2580	0	CharlieHolbrow	
497	0:04:57	1/1/2019 	290203	20.00	73.00	6.85	28.54	102592.50	1834	0	CharlieHolbrow	
498	0:04:57	1/1/2019 	290284	16.00	7.00	7.06	28.54	102592.50	1835	0	CharlieHolbrow	
499	0:04:57	1/1/2019 	290404	15.00	9.00	7.14	28.54	102592.50	3919	0	CharlieHolbrow	
500	0:04:57	1/1/2019 	290493	30.00	273.00	6.44	28.54	102599.02	1834	1	CharlieHolbrow	
501	0:04:57	1/1/2019 	290925	15.00	7.00	7.13	28.54	102599.02	49806	0	CharlieHolbrow	
502	0:04:58	1/1/2019 	291114	18.00	64.00	6.98	28.54	102607.32	1835	0	CharlieHolbrow	
503	0:04:58	1/1/2019 	291819	15.00	7.00	7.13	28.54	102615.75	49804	0	CharlieHolbrow	
504	0:04:59	1/1/2019 	292105	15.00	7.00	7.13	28.54	102624.11	1834	0	CharlieHolbrow	
505	0:05:00	1/1/2019 	293443	14.00	8.00	7.21	28.54	102645.51	51748	0	CharlieHolbrow	
506	0:05:01	1/1/2019 	294045	15.00	7.00	7.13	28.54	102652.47	49805	0	CharlieHolbrow	
507	0:05:03	1/1/2019 	296200	25.00	182.00	6.64	28.54	102678.21	97777	0	CharlieHolbrow	
508	0:05:03	1/1/2019 	296564	14.00	7.00	7.21	28.54	102683.91	49809	0	CharlieHolbrow	
509	0:05:03	1/1/2019 	296592	14.00	7.00	7.21	28.54	102683.91	1835	0	CharlieHolbrow	
510	0:05:06	1/1/2019 	298695	15.00	7.00	7.13	28.55	102703.06	97776	0	CharlieHolbrow	
511	0:05:06	1/1/2019 	299685	21.00	95.00	6.81	28.55	102711.59	51751	0	CharlieHolbrow	
512	0:05:07	1/1/2019 	300135	18.00	52.00	6.97	28.55	102715.77	2581	1	CharlieHolbrow	
513	0:05:07	1/1/2019 	300653	17.00	16.00	7.01	28.55	102719.78	49806	0	CharlieHolbrow	
514	0:05:09	1/1/2019 	301971	15.00	8.00	7.13	28.55	102734.50	49805	0	CharlieHolbrow	
515	0:05:09	1/1/2019 	302663	15.00	7.00	7.13	28.55	102739.28	49805	0	CharlieHolbrow	
516	0:05:10	1/1/2019 	303098	15.00	8.00	7.13	28.55	102743.30	1834	0	CharlieHolbrow	
517	0:05:10	1/1/2019 	303263	16.00	12.00	7.07	28.55	102743.30	3919	0	CharlieHolbrow	
518	0:05:11	1/1/2019 	304273	21.00	122.00	6.83	28.55	102750.32	49804	1	CharlieHolbrow	
519	0:05:11	1/1/2019 	304303	21.00	78.00	6.80	28.55	102750.32	1838	0	CharlieHolbrow	
520	0:05:11	1/1/2019 	304680	32.00	337.00	6.39	28.55	102753.50	49805	0	CharlieHolbrow	
521	0:05:12	1/1/2019 	304704	15.00	8.00	7.13	28.55	102753.50	1836	0	CharlieHolbrow	
522	0:05:12	1/1/2019 	305267	15.00	8.00	7.13	28.55	102757.34	1835	0	CharlieHolbrow	
523	0:05:13	1/1/2019 	306310	15.00	7.00	7.13	28.55	102764.47	51748	0	CharlieHolbrow	
524	0:05:14	1/1/2019 	307261	14.00	8.00	7.21	28.55	102770.31	49806	0	CharlieHolbrow	
525	0:05:14	1/1/2019 	307403	17.00	16.00	7.01	28.55	102770.31	1835	0	CharlieHolbrow	
526	0:05:16	1/1/2019 	308866	23.00	140.00	6.72	28.55	102781.52	97775	0	CharlieHolbrow	
527	0:05:16	1/1/2019 	309130	15.00	5.00	7.13	28.55	102786.70	1836	0	CharlieHolbrow	
528	0:05:17	1/1/2019 	310408	17.00	36.00	7.03	28.55	102795.40	51746	0	CharlieHolbrow	
529	0:05:18	1/1/2019 	311592	16.00	12.00	7.07	28.55	102810.72	98519	0	CharlieHolbrow	
530	0:05:19	1/1/2019 	312209	21.00	116.00	6.82	28.55	102816.23	1836	0	CharlieHolbrow	
531	0:05:19	1/1/2019 	312367	14.00	7.00	7.21	28.55	102816.23	1836	0	CharlieHolbrow	
532	0:05:20	1/1/2019 	312872	16.00	62.00	7.12	28.55	102822.59	49804	1	CharlieHolbrow	
533	0:05:20	1/1/2019 	312962	15.00	7.00	7.13	28.55	102822.59	1835	0	CharlieHolbrow	
534	0:05:20	1/1/2019 	313014	15.00	7.00	7.13	28.55	102829.11	3919	0	CharlieHolbrow	
535	0:05:20	1/1/2019 	313092	24.00	123.00	6.66	28.55	102829.11	1834	1	CharlieHolbrow	
536	0:05:20	1/1/2019 	313242	17.00	18.00	7.01	28.55	102829.11	1835	0	CharlieHolbrow	
537	0:05:21	1/1/2019 	313783	14.00	7.00	7.21	28.55	102835.64	49806	0	CharlieHolbrow	
538	0:05:22	1/1/2019 	315157	14.00	8.00	7.21	28.56	102853.59	49805	0	CharlieHolbrow	
539	0:05:22	1/1/2019 	315178	16.00	8.00	7.06	28.56	102853.59	1835	0	CharlieHolbrow	
540	0:05:22	1/1/2019 	315248	15.00	7.00	7.13	28.56	102853.59	3776	0	CharlieHolbrow	
541	0:05:23	1/1/2019 	316456	22.00	119.00	6.77	28.56	102863.30	49806	1	CharlieHolbrow	
542	0:05:24	1/1/2019 	317047	15.00	9.00	7.14	28.56	102871.83	49809	0	CharlieHolbrow	
543	0:05:26	1/1/2019 	319191	18.00	8.00	6.93	28.56	102886.47	97778	0	CharlieHolbrow	
544	0:05:29	1/1/2019 	321935	15.00	7.00	7.13	28.56	102900.45	145752	0	CharlieHolbrow	
545	0:05:29	1/1/2019 	322422	15.00	7.00	7.13	28.56	102902.62	2583	0	CharlieHolbrow	
546	0:05:30	1/1/2019 	322696	42.00	550.00	6.19	28.56	102904.80	51897	0	CharlieHolbrow	
547	0:05:32	1/1/2019 	325037	14.00	7.00	7.21	28.56	102914.94	97780	0	CharlieHolbrow	
548	0:05:32	1/1/2019 	325063	23.00	130.00	6.72	28.56	102914.94	1836	1	CharlieHolbrow	
549	0:05:35	1/1/2019 	328062	15.00	7.00	7.13	28.57	102927.59	145749	0	CharlieHolbrow	
550	0:05:35	1/1/2019 	328604	20.00	83.00	6.86	28.57	102929.42	49809	0	CharlieHolbrow	
551	0:05:38	1/1/2019 	331253	20.00	88.00	6.86	28.57	102939.06	97780	1	CharlieHolbrow	
552	0:05:38	1/1/2019 	331382	15.00	7.00	7.13	28.57	102939.06	8058	0	CharlieHolbrow	
553	0:05:39	1/1/2019 	332395	19.00	58.00	6.91	28.57	102941.91	49807	0	CharlieHolbrow	
554	0:05:39	1/1/2019 	332591	18.00	34.00	6.96	28.57	102944.91	49807	0	CharlieHolbrow	
555	0:05:41	1/1/2019 	333967	29.00	278.00	6.48	28.57	102954.28	49807	1	CharlieHolbrow	
556	0:05:41	1/1/2019 	334199	20.00	63.00	6.85	28.57	102958.80	1838	1	CharlieHolbrow	
557	0:05:41	1/1/2019 	334271	22.00	106.00	6.76	28.57	102958.80	1835	1	CharlieHolbrow	
558	0:05:41	1/1/2019 	334356	22.00	110.00	6.76	28.57	102958.80	3777	1	CharlieHolbrow	
559	0:05:42	1/1/2019 	335053	50.00	904.00	6.27	28.57	102967.09	49808	1	CharlieHolbrow	
560	0:05:43	1/1/2019 	336095	17.00	31.00	7.03	28.57	102973.95	49807	0	CharlieHolbrow	
561	0:05:43	1/1/2019 	336392	15.00	8.00	7.13	28.57	102973.95	1837	0	CharlieHolbrow	
562	0:05:44	1/1/2019 	336916	15.00	7.00	7.13	28.57	102977.30	49806	0	CharlieHolbrow	
563	0:05:44	1/1/2019 	337045	38.00	458.00	6.25	28.57	102980.64	1836	1	CharlieHolbrow	
564	0:05:44	1/1/2019 	337056	23.00	129.00	6.72	28.57	102980.64	3779	0	CharlieHolbrow	
565	0:05:45	1/1/2019 	337959	21.00	106.00	6.82	28.57	102983.81	49806	0	CharlieHolbrow	
566	0:05:46	1/1/2019 	339288	20.00	81.00	6.86	28.57	102993.11	49810	1	CharlieHolbrow	
567	0:05:47	1/1/2019 	339784	15.00	8.00	7.13	28.57	102995.80	49809	0	CharlieHolbrow	
568	0:05:47	1/1/2019 	340024	16.00	9.00	7.07	28.57	102995.80	2579	0	CharlieHolbrow	
569	0:05:47	1/1/2019 	340378	15.00	8.00	7.13	28.57	102998.80	1834	0	CharlieHolbrow	
570	0:05:48	1/1/2019 	341366	15.00	7.00	7.13	28.58	103004.12	51948	0	CharlieHolbrow	
571	0:05:49	1/1/2019 	342202	21.00	119.00	6.83	28.58	103008.47	49811	1	CharlieHolbrow	
572	0:05:50	1/1/2019 	342769	28.00	240.00	6.51	28.58	103010.81	49809	0	CharlieHolbrow	
573	0:05:50	1/1/2019 	342855	15.00	8.00	7.13	28.58	103010.81	1836	0	CharlieHolbrow	
574	0:05:51	1/1/2019 	344219	14.00	7.00	7.21	28.58	103017.50	49806	0	CharlieHolbrow	
575	0:05:51	1/1/2019 	344382	16.00	11.00	7.07	28.58	103017.50	1835	0	CharlieHolbrow	
576	0:05:51	1/1/2019 	344631	15.00	7.00	7.13	28.58	103019.17	51749	0	CharlieHolbrow	
577	0:05:51	1/1/2019 	344650	23.00	121.00	6.71	28.58	103019.17	1835	0	CharlieHolbrow	
578	0:05:52	1/1/2019 	345026	15.00	7.00	7.13	28.58	103019.17	1835	0	CharlieHolbrow	
579	0:05:53	1/1/2019 	345779	16.00	17.00	7.08	28.58	103022.85	49806	0	CharlieHolbrow	
580	0:05:54	1/1/2019 	347452	14.00	7.00	7.21	28.58	103029.20	49808	0	CharlieHolbrow	
581	0:05:54	1/1/2019 	347598	15.00	8.00	7.13	28.58	103031.22	49807	0	CharlieHolbrow	
582	0:05:56	1/1/2019 	349475	15.00	8.00	7.13	28.58	103036.30	51749	0	CharlieHolbrow	
583	0:05:57	1/1/2019 	350585	15.00	12.00	7.14	28.58	103040.42	97778	0	CharlieHolbrow	
584	0:05:58	1/1/2019 	351214	36.00	455.00	6.31	28.58	103041.92	2581	1	CharlieHolbrow	
585	0:05:58	1/1/2019 	351418	15.00	7.00	7.13	28.58	103041.92	1836	0	CharlieHolbrow	
586	0:06:00	1/1/2019 	352866	18.00	43.00	6.97	28.58	103043.77	97776	0	CharlieHolbrow	
587	0:06:00	1/1/2019 	352951	15.00	8.00	7.13	28.58	103043.77	1836	0	CharlieHolbrow	
588	0:06:00	1/1/2019 	353320	24.00	169.00	6.69	28.58	103044.27	3918	1	CharlieHolbrow	
589	0:06:00	1/1/2019 	353445	15.00	8.00	7.13	28.58	103044.27	1836	0	CharlieHolbrow	
590	0:06:01	1/1/2019 	353790	14.00	7.00	7.21	28.58	103044.77	49806	0	CharlieHolbrow	
591	0:06:03	1/1/2019 	355767	22.00	141.00	6.78	28.58	103047.88	97782	1	CharlieHolbrow	
592	0:06:05	1/1/2019 	357864	15.00	7.00	7.13	28.59	103049.82	97783	0	CharlieHolbrow	
593	0:06:05	1/1/2019 	358455	18.00	36.00	6.96	28.59	103050.33	1836	0	CharlieHolbrow	
594	0:06:05	1/1/2019 	358491	19.00	45.00	6.90	28.59	103050.33	3777	0	CharlieHolbrow	
595	0:06:06	1/1/2019 	358834	16.00	10.00	7.07	28.59	103050.66	49805	0	CharlieHolbrow	
596	0:06:07	1/1/2019 	360061	15.00	8.00	7.13	28.59	103051.77	49807	0	CharlieHolbrow	
597	0:06:07	1/1/2019 	360071	38.00	477.00	6.26	28.59	103051.77	2580	1	CharlieHolbrow	
598	0:06:07	1/1/2019 	360249	18.00	53.00	6.97	28.59	103052.11	1836	1	CharlieHolbrow	
599	0:06:07	1/1/2019 	360574	31.00	318.00	6.42	28.59	103052.11	49806	1	CharlieHolbrow	
600	0:06:08	1/1/2019 	360756	15.00	10.00	7.14	28.59	103052.88	3922	0	CharlieHolbrow	
601	0:06:09	1/1/2019 	361884	20.00	81.00	6.86	28.59	103053.55	49811	0	CharlieHolbrow	
602	0:06:09	1/1/2019 	361907	15.00	7.00	7.13	28.59	103053.55	1836	0	CharlieHolbrow	
603	0:06:09	1/1/2019 	362346	15.00	8.00	7.13	28.59	103053.88	1838	0	CharlieHolbrow	
604	0:06:10	1/1/2019 	362984	20.00	101.00	6.87	28.59	103054.48	49811	0	CharlieHolbrow	
605	0:06:11	1/1/2019 	364360	19.00	9.00	6.87	28.59	103055.48	49806	0	CharlieHolbrow	
606	0:06:11	1/1/2019 	364548	16.00	8.00	7.06	28.59	103055.48	51747	0	CharlieHolbrow	
607	0:06:12	1/1/2019 	365027	14.00	7.00	7.21	28.59	103055.82	1835	0	CharlieHolbrow	
608	0:06:12	1/1/2019 	365342	22.00	115.00	6.76	28.59	103056.16	1836	0	CharlieHolbrow	
609	0:06:13	1/1/2019 	366449	19.00	70.00	6.91	28.60	103056.93	49805	1	CharlieHolbrow	
610	0:06:14	1/1/2019 	367403	24.00	180.00	6.69	28.60	103057.43	49807	1	CharlieHolbrow	
611	0:06:14	1/1/2019 	367641	15.00	7.00	7.13	28.60	103057.59	51749	0	CharlieHolbrow	
612	0:06:14	1/1/2019 	367659	16.00	8.00	7.06	28.60	103057.59	1834	0	CharlieHolbrow	
613	0:06:15	1/1/2019 	367851	32.00	329.00	6.39	28.60	103057.59	1834	0	CharlieHolbrow	
614	0:06:15	1/1/2019 	368097	15.00	7.00	7.13	28.60	103057.94	1836	0	CharlieHolbrow	
615	0:06:16	1/1/2019 	368779	14.00	7.00	7.21	28.60	103058.09	49804	0	CharlieHolbrow	
616	0:06:16	1/1/2019 	368805	18.00	23.00	6.95	28.60	103058.09	1836	0	CharlieHolbrow	
617	0:06:17	1/1/2019 	369808	15.00	7.00	7.13	28.60	103058.77	51748	0	CharlieHolbrow	
618	0:06:17	1/1/2019 	369840	17.00	29.00	7.03	28.60	103058.77	2580	0	CharlieHolbrow	
619	0:06:17	1/1/2019 	369894	15.00	7.00	7.13	28.60	103058.77	1835	0	CharlieHolbrow	
620	0:06:18	1/1/2019 	370734	16.00	12.00	7.07	28.60	103060.05	49804	0	CharlieHolbrow	
621	0:06:19	1/1/2019 	371979	27.00	250.00	6.56	28.60	103060.38	49808	1	CharlieHolbrow	
622	0:06:20	1/1/2019 	372981	15.00	9.00	7.14	28.60	103060.88	49813	0	CharlieHolbrow	
623	0:06:20	1/1/2019 	373297	20.00	52.00	6.84	28.60	103061.45	7287	0	CharlieHolbrow	
624	0:06:22	1/1/2019 	374754	15.00	11.00	7.14	28.60	103062.28	97775	0	CharlieHolbrow	
625	0:06:22	1/1/2019 	374869	15.00	8.00	7.13	28.60	103062.28	1836	0	CharlieHolbrow	
626	0:06:22	1/1/2019 	375361	16.00	15.00	7.08	28.60	103062.62	1837	0	CharlieHolbrow	
627	0:06:22	1/1/2019 	375551	20.00	54.00	6.84	28.60	103062.62	49813	0	CharlieHolbrow	
628	0:06:22	1/1/2019 	375610	23.00	118.00	6.71	28.60	103063.23	1840	0	CharlieHolbrow	
629	0:06:25	1/1/2019 	378087	14.00	7.00	7.21	28.61	103065.17	99771	0	CharlieHolbrow	
630	0:06:25	1/1/2019 	378167	15.00	7.00	7.13	28.61	103065.50	1835	0	CharlieHolbrow	
631	0:06:25	1/1/2019 	378626	15.00	7.00	7.13	28.61	103065.84	49807	0	CharlieHolbrow	
632	0:06:26	1/1/2019 	379148	16.00	20.00	7.09	28.61	103066.17	1834	0	CharlieHolbrow	
633	0:06:26	1/1/2019 	379433	18.00	32.00	6.96	28.61	103066.17	1835	0	CharlieHolbrow	
634	0:06:27	1/1/2019 	380405	15.00	7.00	7.13	28.61	103067.28	49807	0	CharlieHolbrow	
635	0:06:28	1/1/2019 	381073	16.00	11.00	7.07	28.61	103067.62	52665	0	CharlieHolbrow	
636	0:06:28	1/1/2019 	381319	15.00	8.00	7.13	28.61	103067.78	1837	0	CharlieHolbrow	
637	0:06:28	1/1/2019 	381413	16.00	7.00	7.06	28.61	103067.78	1834	0	CharlieHolbrow	
638	0:06:29	1/1/2019 	382030	15.00	8.00	7.13	28.61	103068.12	49805	0	CharlieHolbrow	
639	0:06:29	1/1/2019 	382334	15.00	7.00	7.13	28.61	103068.62	1838	1	CharlieHolbrow	
640	0:06:29	1/1/2019 	382658	15.00	8.00	7.13	28.61	103068.95	49811	0	CharlieHolbrow	
641	0:06:29	1/1/2019 	382667	15.00	7.00	7.13	28.61	103068.95	3777	0	CharlieHolbrow	
642	0:06:31	1/1/2019 	384020	15.00	7.00	7.13	28.61	103070.06	49807	0	CharlieHolbrow	
643	0:06:31	1/1/2019 	384568	15.00	7.00	7.13	28.61	103070.39	49807	0	CharlieHolbrow	
644	0:06:31	1/1/2019 	384672	26.00	156.00	6.58	28.61	103070.73	1834	0	CharlieHolbrow	
645	0:06:32	1/1/2019 	385028	24.00	158.00	6.68	28.61	103070.73	1835	1	CharlieHolbrow	
646	0:06:32	1/1/2019 	385416	14.00	7.00	7.21	28.61	103071.23	1836	0	CharlieHolbrow	
647	0:06:33	1/1/2019 	386098	20.00	88.00	6.86	28.61	103071.56	51748	0	CharlieHolbrow	
648	0:06:33	1/1/2019 	386569	16.00	9.00	7.07	28.61	103072.06	49808	0	CharlieHolbrow	
649	0:06:34	1/1/2019 	387043	15.00	8.00	7.13	28.61	103073.00	1834	0	CharlieHolbrow	
650	0:06:36	1/1/2019 	389347	42.00	601.00	6.22	28.61	103074.34	97779	1	CharlieHolbrow	
651	0:06:37	1/1/2019 	389871	15.00	11.00	7.14	28.62	103075.12	49811	0	CharlieHolbrow	
652	0:06:37	1/1/2019 	389982	24.00	136.00	6.67	28.62	103075.12	2581	0	CharlieHolbrow	
653	0:06:37	1/1/2019 	390132	15.00	8.00	7.13	28.62	103075.12	3918	0	CharlieHolbrow	
654	0:06:39	1/1/2019 	391807	15.00	8.00	7.13	28.62	103076.45	97779	0	CharlieHolbrow	
655	0:06:39	1/1/2019 	392636	14.00	7.00	7.21	28.62	103076.95	49808	0	CharlieHolbrow	
656	0:06:40	1/1/2019 	392962	15.00	8.00	7.13	28.62	103077.29	1835	0	CharlieHolbrow	
657	0:06:40	1/1/2019 	393426	15.00	8.00	7.13	28.62	103077.89	1835	0	CharlieHolbrow	
658	0:06:41	1/1/2019 	394198	17.00	26.00	7.02	28.62	103078.56	49807	1	CharlieHolbrow	
659	0:06:42	1/1/2019 	394785	22.00	129.00	6.77	28.62	103079.06	51806	1	CharlieHolbrow	
660	0:06:42	1/1/2019 	394801	18.00	45.00	6.97	28.62	103079.06	1836	0	CharlieHolbrow	
661	0:06:42	1/1/2019 	394909	15.00	8.00	7.13	28.62	103079.06	1835	0	CharlieHolbrow	
662	0:06:43	1/1/2019 	396497	20.00	106.00	6.88	28.62	103080.64	49807	1	CharlieHolbrow	
663	0:06:45	1/1/2019 	397987	15.00	8.00	7.13	28.62	103081.48	97781	0	CharlieHolbrow	
664	0:06:45	1/1/2019 	398291	15.00	7.00	7.13	28.62	103081.64	1835	0	CharlieHolbrow	
665	0:06:45	1/1/2019 	398378	24.00	140.00	6.67	28.62	103081.64	3778	0	CharlieHolbrow	
666	0:06:46	1/1/2019 	398921	14.00	7.00	7.21	28.62	103082.31	49808	0	CharlieHolbrow	
667	0:06:46	1/1/2019 	399213	14.00	8.00	7.21	28.62	103082.48	1836	0	CharlieHolbrow	
668	0:06:47	1/1/2019 	400350	15.00	7.00	7.13	28.62	103083.76	49808	0	CharlieHolbrow	
669	0:06:47	1/1/2019 	400637	20.00	61.00	6.85	28.62	103083.76	50553	0	CharlieHolbrow	
670	0:06:48	1/1/2019 	400743	14.00	7.00	7.21	28.62	103084.09	1835	0	CharlieHolbrow	
671	0:06:48	1/1/2019 	401378	21.00	100.00	6.81	28.62	103084.27	3918	1	CharlieHolbrow	
672	0:06:49	1/1/2019 	402114	15.00	7.00	7.13	28.62	103084.59	49807	0	CharlieHolbrow	
673	0:06:49	1/1/2019 	402167	33.00	330.00	6.35	28.63	103085.36	1835	0	CharlieHolbrow	
674	0:06:51	1/1/2019 	404281	16.00	11.00	7.07	28.63	103086.70	97781	0	CharlieHolbrow	
675	0:06:51	1/1/2019 	404348	17.00	30.00	7.03	28.63	103086.70	1836	0	CharlieHolbrow	
676	0:06:53	1/1/2019 	405910	15.00	8.00	7.13	28.63	103088.15	97781	0	CharlieHolbrow	
677	0:06:53	1/1/2019 	406485	15.00	8.00	7.13	28.63	103088.65	3778	0	CharlieHolbrow	
678	0:06:54	1/1/2019 	406936	15.00	7.00	7.13	28.63	103088.98	49807	0	CharlieHolbrow	
679	0:06:54	1/1/2019 	406990	21.00	90.00	6.80	28.63	103088.98	1836	1	CharlieHolbrow	
680	0:06:54	1/1/2019 	407157	16.00	10.00	7.07	28.63	103088.98	1836	0	CharlieHolbrow	
681	0:06:54	1/1/2019 	407382	16.00	11.00	7.07	28.63	103089.31	1835	1	CharlieHolbrow	
682	0:06:54	1/1/2019 	407473	15.00	8.00	7.13	28.63	103089.31	1835	0	CharlieHolbrow	
683	0:06:55	1/1/2019 	407752	21.00	115.00	6.82	28.63	103090.25	51748	0	CharlieHolbrow	
684	0:06:55	1/1/2019 	408423	16.00	15.00	7.08	28.63	103090.59	1836	0	CharlieHolbrow	
685	0:06:55	1/1/2019 	408462	23.00	137.00	6.72	28.63	103090.59	1834	1	CharlieHolbrow	
686	0:06:56	1/1/2019 	408916	14.00	7.00	7.21	28.63	103090.76	49808	0	CharlieHolbrow	
687	0:06:56	1/1/2019 	409660	49.00	820.00	6.21	28.63	103091.09	49808	1	CharlieHolbrow	
688	0:06:58	1/1/2019 	410714	15.00	7.00	7.13	28.63	103092.09	50771	0	CharlieHolbrow	
689	0:07:00	1/1/2019 	412964	16.00	13.00	7.08	28.63	103093.70	99864	0	CharlieHolbrow	
690	0:07:00	1/1/2019 	413548	15.00	8.00	7.13	28.63	103094.04	49808	0	CharlieHolbrow	
691	0:07:00	1/1/2019 	413667	15.00	7.00	7.13	28.63	103094.04	1834	0	CharlieHolbrow	
692	0:07:01	1/1/2019 	413877	23.00	148.00	6.73	28.63	103094.54	1835	1	CharlieHolbrow	
693	0:07:01	1/1/2019 	414262	17.00	30.00	7.03	28.63	103094.88	1839	0	CharlieHolbrow	
694	0:07:01	1/1/2019 	414265	15.00	7.00	7.13	28.63	103094.88	1843	0	CharlieHolbrow	
695	0:07:02	1/1/2019 	414935	16.00	8.00	7.06	28.64	103095.65	55111	0	CharlieHolbrow	
696	0:07:02	1/1/2019 	415189	15.00	7.00	7.13	28.64	103095.98	1835	0	CharlieHolbrow	
697	0:07:02	1/1/2019 	415338	21.00	85.00	6.80	28.64	103095.98	1834	0	CharlieHolbrow	
698	0:07:02	1/1/2019 	415457	29.00	279.00	6.48	28.64	103095.98	1835	1	CharlieHolbrow	
699	0:07:02	1/1/2019 	415492	15.00	8.00	7.13	28.64	103095.98	1835	0	CharlieHolbrow	
700	0:07:02	1/1/2019 	415627	16.00	10.00	7.07	28.64	103095.98	49807	0	CharlieHolbrow	
701	0:07:04	1/1/2019 	416704	16.00	7.00	7.06	28.64	103096.98	51747	0	CharlieHolbrow	
702	0:07:04	1/1/2019 	417143	23.00	122.00	6.71	28.64	103096.98	1836	0	CharlieHolbrow	
703	0:07:05	1/1/2019 	418189	14.00	7.00	7.21	28.64	103098.09	49806	0	CharlieHolbrow	
704	0:07:05	1/1/2019 	418446	18.00	27.00	6.96	28.64	103098.43	1836	0	CharlieHolbrow	
705	0:07:06	1/1/2019 	419161	16.00	12.00	7.07	28.64	103098.59	49806	0	CharlieHolbrow	
706	0:07:08	1/1/2019 	421062	15.00	7.00	7.13	28.64	103099.59	97782	0	CharlieHolbrow	
707	0:07:08	1/1/2019 	421149	14.00	7.00	7.21	28.64	103099.59	4895	0	CharlieHolbrow	
708	0:07:08	1/1/2019 	421307	21.00	88.00	6.80	28.64	103100.38	1837	1	CharlieHolbrow	
709	0:07:10	1/1/2019 	422969	15.00	8.00	7.13	28.64	103101.38	97783	0	CharlieHolbrow	
710	0:07:11	1/1/2019 	423858	17.00	23.00	7.02	28.64	103102.45	49812	0	CharlieHolbrow	
711	0:07:12	1/1/2019 	425001	16.00	11.00	7.07	28.64	103103.12	49807	0	CharlieHolbrow	
712	0:07:14	1/1/2019 	426877	16.00	8.00	7.06	28.64	103104.62	99725	0	CharlieHolbrow	
713	0:07:14	1/1/2019 	427658	22.00	111.00	6.76	28.64	103104.80	49812	1	CharlieHolbrow	
714	0:07:15	1/1/2019 	427733	15.00	7.00	7.13	28.64	103105.12	1839	0	CharlieHolbrow	
715	0:07:15	1/1/2019 	427994	15.00	7.00	7.13	28.64	103105.12	1842	0	CharlieHolbrow	
716	0:07:15	1/1/2019 	428339	16.00	14.00	7.08	28.65	103106.06	1840	0	CharlieHolbrow	
717	0:07:16	1/1/2019 	428986	19.00	83.00	6.92	28.65	103106.40	49807	0	CharlieHolbrow	
718	0:07:17	1/1/2019 	429965	38.00	483.00	6.26	28.65	103107.23	51805	1	CharlieHolbrow	
719	0:07:18	1/1/2019 	431202	19.00	84.00	6.92	28.65	103107.73	50772	0	CharlieHolbrow	
720	0:07:18	1/1/2019 	431452	16.00	12.00	7.07	28.65	103108.08	1836	0	CharlieHolbrow	
721	0:07:19	1/1/2019 	431705	17.00	36.00	7.03	28.65	103108.08	49807	0	CharlieHolbrow	
722	0:07:19	1/1/2019 	431940	20.00	77.00	6.86	28.65	103108.41	1836	0	CharlieHolbrow	
723	0:07:21	1/1/2019 	433933	15.00	8.00	7.13	28.65	103110.18	97779	0	CharlieHolbrow	
724	0:07:21	1/1/2019 	434263	21.00	73.00	6.79	28.65	103111.12	3921	0	CharlieHolbrow	
725	0:07:21	1/1/2019 	434558	15.00	7.00	7.13	28.65	103111.12	49813	0	CharlieHolbrow	
726	0:07:21	1/1/2019 	434599	24.00	154.00	6.68	28.65	103111.12	1843	1	CharlieHolbrow	
727	0:07:22	1/1/2019 	435215	15.00	8.00	7.13	28.65	103111.29	1841	0	CharlieHolbrow	
728	0:07:23	1/1/2019 	435917	14.00	8.00	7.21	28.65	103111.62	49810	0	CharlieHolbrow	
729	0:07:23	1/1/2019 	436690	24.00	120.00	6.66	28.65	103111.80	49812	0	CharlieHolbrow	
730	0:07:25	1/1/2019 	437725	14.00	7.00	7.21	28.65	103112.90	51748	0	CharlieHolbrow	
731	0:07:25	1/1/2019 	437875	17.00	21.00	7.02	28.65	103113.23	1836	0	CharlieHolbrow	
732	0:07:25	1/1/2019 	438147	15.00	8.00	7.13	28.65	103113.23	1835	0	CharlieHolbrow	
733	0:07:25	1/1/2019 	438431	15.00	8.00	7.13	28.65	103113.73	1834	0	CharlieHolbrow	
734	0:07:26	1/1/2019 	439174	22.00	125.00	6.77	28.65	103114.07	49806	0	CharlieHolbrow	
735	0:07:26	1/1/2019 	439385	23.00	128.00	6.72	28.65	103114.41	1836	0	CharlieHolbrow	
736	0:07:26	1/1/2019 	439557	16.00	9.00	7.07	28.65	103114.41	51750	0	CharlieHolbrow	
737	0:07:26	1/1/2019 	439605	16.00	14.00	7.08	28.65	103114.41	2799	0	CharlieHolbrow	
738	0:07:27	1/1/2019 	440194	15.00	8.00	7.13	28.66	103115.18	1834	0	CharlieHolbrow	
739	0:07:27	1/1/2019 	440420	21.00	89.00	6.80	28.66	103115.52	1835	1	CharlieHolbrow	
740	0:07:29	1/1/2019 	441783	14.00	7.00	7.21	28.66	103116.34	97778	0	CharlieHolbrow	
741	0:07:29	1/1/2019 	441919	13.00	7.00	7.28	28.66	103116.34	1835	0	CharlieHolbrow	
742	0:07:29	1/1/2019 	442313	17.00	20.00	7.02	28.66	103116.69	3919	1	CharlieHolbrow	
743	0:07:30	1/1/2019 	443077	24.00	163.00	6.68	28.66	103117.29	49809	1	CharlieHolbrow	
744	0:07:30	1/1/2019 	443214	16.00	8.00	7.06	28.66	103117.29	1836	0	CharlieHolbrow	
745	0:07:30	1/1/2019 	443246	16.00	15.00	7.08	28.66	103117.45	1835	0	CharlieHolbrow	
746	0:07:30	1/1/2019 	443580	18.00	42.00	6.97	28.66	103117.45	49806	0	CharlieHolbrow	
747	0:07:30	1/1/2019 	443613	15.00	7.00	7.13	28.66	103117.45	1836	0	CharlieHolbrow	
748	0:07:31	1/1/2019 	444614	20.00	75.00	6.85	28.66	103117.95	51802	0	CharlieHolbrow	
749	0:07:32	1/1/2019 	444738	32.00	352.00	6.40	28.66	103117.95	1836	1	CharlieHolbrow	
750	0:07:33	1/1/2019 	445766	18.00	48.00	6.97	28.66	103119.23	49807	0	CharlieHolbrow	
751	0:07:33	1/1/2019 	446594	14.00	8.00	7.21	28.66	103119.56	49807	0	CharlieHolbrow	
752	0:07:34	1/1/2019 	446875	15.00	8.00	7.13	28.66	103119.56	1835	0	CharlieHolbrow	
753	0:07:35	1/1/2019 	448683	16.00	16.00	7.08	28.66	103120.41	97779	0	CharlieHolbrow	
754	0:07:37	1/1/2019 	449784	16.00	31.00	7.10	28.67	103121.84	51752	0	CharlieHolbrow	
755	0:07:37	1/1/2019 	450053	15.00	7.00	7.13	28.67	103121.84	2800	0	CharlieHolbrow	
756	0:07:37	1/1/2019 	450119	14.00	7.00	7.21	28.67	103121.84	1835	0	CharlieHolbrow	
757	0:07:37	1/1/2019 	450417	15.00	7.00	7.13	28.67	103122.19	1834	0	CharlieHolbrow	
758	0:07:38	1/1/2019 	450752	18.00	61.00	6.98	28.67	103122.19	49807	0	CharlieHolbrow	
759	0:07:38	1/1/2019 	451140	19.00	44.00	6.90	28.67	103122.34	1836	1	CharlieHolbrow	
760	0:07:40	1/1/2019 	452733	20.00	97.00	6.87	28.67	103123.59	99860	0	CharlieHolbrow	
761	0:07:41	1/1/2019 	453995	15.00	7.00	7.13	28.67	103124.26	49807	0	CharlieHolbrow	
762	0:07:41	1/1/2019 	454555	14.00	7.00	7.21	28.67	103124.59	49806	0	CharlieHolbrow	
763	0:07:41	1/1/2019 	454566	18.00	57.00	6.97	28.67	103124.59	1834	0	CharlieHolbrow	
764	0:07:42	1/1/2019 	455410	15.00	8.00	7.13	28.67	103125.70	1834	0	CharlieHolbrow	
765	0:07:42	1/1/2019 	455445	16.00	7.00	7.06	28.67	103125.70	1835	0	CharlieHolbrow	
766	0:07:44	1/1/2019 	456972	15.00	9.00	7.14	28.67	103126.70	99717	0	CharlieHolbrow	
767	0:07:44	1/1/2019 	457010	16.00	9.00	7.07	28.67	103126.70	1836	0	CharlieHolbrow	
768	0:07:47	1/1/2019 	460669	15.00	8.00	7.13	28.67	103129.66	193716	0	CharlieHolbrow	
769	0:07:49	1/1/2019 	462191	17.00	28.00	7.03	28.68	103130.76	50771	0	CharlieHolbrow	
770	0:07:50	1/1/2019 	463594	22.00	134.00	6.78	28.68	103131.93	97777	1	CharlieHolbrow	
771	0:07:51	1/1/2019 	464026	14.00	8.00	7.21	28.68	103132.27	1836	0	CharlieHolbrow	
772	0:07:51	1/1/2019 	464046	30.00	265.00	6.43	28.68	103132.27	3919	0	CharlieHolbrow	
773	0:07:52	1/1/2019 	465574	14.00	8.00	7.21	28.68	103133.70	97777	0	CharlieHolbrow	
774	0:07:53	1/1/2019 	465953	15.00	8.00	7.13	28.68	103134.04	1836	0	CharlieHolbrow	
775	0:07:53	1/1/2019 	466212	14.00	11.00	7.22	28.68	103134.04	1835	0	CharlieHolbrow	
776	0:07:54	1/1/2019 	467184	14.00	7.00	7.21	28.68	103135.14	49804	0	CharlieHolbrow	
777	0:07:54	1/1/2019 	467230	15.00	7.00	7.13	28.68	103135.14	1835	0	CharlieHolbrow	
778	0:07:55	1/1/2019 	468336	14.00	7.00	7.21	28.68	103135.98	51748	0	CharlieHolbrow	
779	0:07:57	1/1/2019 	470072	15.00	13.00	7.15	28.68	103137.26	97778	0	CharlieHolbrow	
780	0:07:58	1/1/2019 	471167	17.00	34.00	7.03	28.68	103137.76	50773	0	CharlieHolbrow	
781	0:08:01	1/1/2019 	473892	15.00	7.00	7.13	28.69	103139.88	145748	0	CharlieHolbrow	
782	0:08:01	1/1/2019 	474180	37.00	454.00	6.28	28.69	103139.88	1843	1	CharlieHolbrow	
783	0:08:02	1/1/2019 	475268	15.00	7.00	7.13	28.69	103140.98	49811	0	CharlieHolbrow	
784	0:08:02	1/1/2019 	475304	14.00	7.00	7.21	28.69	103140.88	3922	0	CharlieHolbrow	
785	0:08:03	1/1/2019 	475875	15.00	7.00	7.13	28.69	103141.21	49810	0	CharlieHolbrow	
786	0:08:04	1/1/2019 	476961	18.00	7.00	6.93	28.69	103142.81	49807	0	CharlieHolbrow	
787	0:08:04	1/1/2019 	477394	18.00	48.00	6.97	28.69	103143.16	1836	0	CharlieHolbrow	
788	0:08:04	1/1/2019 	477451	16.00	18.00	7.08	28.69	103143.16	1835	0	CharlieHolbrow	
789	0:08:05	1/1/2019 	477736	15.00	7.00	7.13	28.69	103143.16	49806	0	CharlieHolbrow	
790	0:08:05	1/1/2019 	478126	18.00	38.00	6.96	28.69	103143.66	3779	0	CharlieHolbrow	
791	0:08:06	1/1/2019 	478812	21.00	128.00	6.83	28.69	103144.73	49807	1	CharlieHolbrow	
792	0:08:06	1/1/2019 	478862	15.00	7.00	7.13	28.69	103144.73	1837	0	CharlieHolbrow	
793	0:08:07	1/1/2019 	479782	15.00	8.00	7.13	28.69	103145.06	49805	0	CharlieHolbrow	
794	0:08:08	1/1/2019 	480905	14.00	7.00	7.21	28.69	103147.01	50772	0	CharlieHolbrow	
795	0:08:08	1/1/2019 	481268	15.00	8.00	7.13	28.69	103147.01	1835	0	CharlieHolbrow	
796	0:08:08	1/1/2019 	481330	24.00	149.00	6.68	28.69	103148.02	3973	1	CharlieHolbrow	
797	0:08:09	1/1/2019 	482483	21.00	120.00	6.83	28.69	103150.19	49807	0	CharlieHolbrow	
798	0:08:10	1/1/2019 	482836	15.00	7.00	7.13	28.70	103151.62	49809	0	CharlieHolbrow	
799	0:08:10	1/1/2019 	483619	16.00	12.00	7.07	28.70	103152.30	49813	0	CharlieHolbrow	
800	0:08:11	1/1/2019 	483973	15.00	7.00	7.13	28.70	103153.13	1836	0	CharlieHolbrow	
801	0:08:11	1/1/2019 	484315	16.00	10.00	7.07	28.70	103153.13	1836	0	CharlieHolbrow	
802	0:08:12	1/1/2019 	484951	16.00	8.00	7.06	28.70	103154.64	51749	0	CharlieHolbrow	
803	0:08:14	1/1/2019 	486730	14.00	7.00	7.21	28.70	103156.25	97779	0	CharlieHolbrow	
804	0:08:14	1/1/2019 	487310	15.00	7.00	7.13	28.70	103156.41	1835	0	CharlieHolbrow	
805	0:08:15	1/1/2019 	488036	15.00	7.00	7.13	28.70	103157.09	49805	0	CharlieHolbrow	
806	0:08:16	1/1/2019 	489573	15.00	9.00	7.14	28.70	103158.53	97779	0	CharlieHolbrow	
807	0:08:16	1/1/2019 	489607	21.00	91.00	6.80	28.70	103158.53	2800	0	CharlieHolbrow	
808	0:08:17	1/1/2019 	490033	17.00	37.00	7.03	28.70	103159.03	3918	0	CharlieHolbrow	
809	0:08:18	1/1/2019 	491018	17.00	37.00	7.03	28.70	103160.14	49807	0	CharlieHolbrow	
810	0:08:18	1/1/2019 	491561	24.00	140.00	6.67	28.70	103160.30	49806	1	CharlieHolbrow	
811	0:08:21	1/1/2019 	493710	18.00	50.00	6.97	28.70	103161.14	97776	0	CharlieHolbrow	
812	0:08:21	1/1/2019 	494080	22.00	98.00	6.75	28.70	103161.14	1837	0	CharlieHolbrow	
813	0:08:23	1/1/2019 	495748	14.00	7.00	7.21	28.71	103162.58	99718	0	CharlieHolbrow	
814	0:08:23	1/1/2019 	495920	15.00	8.00	7.13	28.71	103162.75	1835	0	CharlieHolbrow	
815	0:08:23	1/1/2019 	496073	14.00	7.00	7.21	28.71	103162.75	1835	0	CharlieHolbrow	
816	0:08:23	1/1/2019 	496461	14.00	8.00	7.21	28.71	103163.08	1834	0	CharlieHolbrow	
817	0:08:23	1/1/2019 	496603	16.00	11.00	7.07	28.71	103163.08	49805	0	CharlieHolbrow	
818	0:08:24	1/1/2019 	497235	15.00	8.00	7.13	28.71	103163.86	1835	0	CharlieHolbrow	
819	0:08:25	1/1/2019 	497798	15.00	7.00	7.13	28.71	103163.86	51749	1	CharlieHolbrow	
820	0:08:26	1/1/2019 	498776	14.00	7.00	7.21	28.71	103164.19	49804	0	CharlieHolbrow	
821	0:08:26	1/1/2019 	499036	23.00	128.00	6.72	28.71	103164.80	1836	0	CharlieHolbrow	
822	0:08:27	1/1/2019 	499734	14.00	7.00	7.21	28.71	103165.12	49809	0	CharlieHolbrow	
823	0:08:27	1/1/2019 	499893	15.00	7.00	7.13	28.71	103165.47	2805	0	CharlieHolbrow	
824	0:08:28	1/1/2019 	501014	16.00	18.00	7.08	28.71	103166.30	49806	0	CharlieHolbrow	
825	0:08:29	1/1/2019 	501820	14.00	7.00	7.21	28.71	103166.47	51946	0	CharlieHolbrow	
826	0:08:29	1/1/2019 	502012	15.00	7.00	7.13	28.71	103166.80	1836	0	CharlieHolbrow	
827	0:08:29	1/1/2019 	502357	30.00	252.00	6.43	28.71	103167.55	1834	1	CharlieHolbrow	
828	0:08:29	1/1/2019 	502370	16.00	19.00	7.09	28.71	103167.55	1835	0	CharlieHolbrow	
829	0:08:30	1/1/2019 	503645	14.00	7.00	7.21	28.71	103168.22	97777	0	CharlieHolbrow	
830	0:08:33	1/1/2019 	505771	15.00	10.00	7.14	28.72	103169.83	97781	0	CharlieHolbrow	
831	0:08:33	1/1/2019 	506239	16.00	10.00	7.07	28.72	103170.33	3778	0	CharlieHolbrow	
832	0:08:33	1/1/2019 	506334	15.00	7.00	7.13	28.72	103170.33	1835	0	CharlieHolbrow	
833	0:08:34	1/1/2019 	506838	15.00	8.00	7.13	28.72	103170.66	49807	0	CharlieHolbrow	
834	0:08:34	1/1/2019 	507155	17.00	54.00	7.04	28.72	103171.27	1836	1	CharlieHolbrow	
835	0:08:34	1/1/2019 	507602	14.00	7.00	7.21	28.72	103171.43	49807	0	CharlieHolbrow	
836	0:08:35	1/1/2019 	508354	21.00	118.00	6.83	28.72	103171.93	1835	0	CharlieHolbrow	
837	0:08:36	1/1/2019 	508956	23.00	154.00	6.73	28.72	103172.44	55115	0	CharlieHolbrow	
838	0:08:36	1/1/2019 	509207	15.00	7.00	7.13	28.72	103172.44	1836	0	CharlieHolbrow	
839	0:08:36	1/1/2019 	509430	15.00	7.00	7.13	28.72	103173.21	1834	0	CharlieHolbrow	
840	0:08:37	1/1/2019 	509773	16.00	13.00	7.08	28.72	103173.21	49808	0	CharlieHolbrow	
841	0:08:38	1/1/2019 	511086	16.00	12.00	7.07	28.72	103174.05	50773	0	CharlieHolbrow	
842	0:08:38	1/1/2019 	511661	22.00	96.00	6.75	28.72	103174.38	49810	0	CharlieHolbrow	
843	0:08:40	1/1/2019 	513467	20.00	100.00	6.87	28.72	103175.99	51897	0	CharlieHolbrow	
844	0:08:41	1/1/2019 	513875	15.00	3.00	7.12	28.72	103175.99	49808	0	CharlieHolbrow	
845	0:08:41	1/1/2019 	514131	15.00	7.00	7.13	28.72	103176.16	1835	0	CharlieHolbrow	
846	0:08:42	1/1/2019 	514856	15.00	7.00	7.13	28.72	103176.49	49807	0	CharlieHolbrow	
847	0:08:43	1/1/2019 	515969	21.00	110.00	6.82	28.73	103177.27	49807	0	CharlieHolbrow	
848	0:08:45	1/1/2019 	518107	14.00	8.00	7.21	28.73	103178.70	97782	0	CharlieHolbrow	
849	0:08:45	1/1/2019 	518348	14.00	7.00	7.21	28.73	103178.70	3779	0	CharlieHolbrow	
850	0:08:46	1/1/2019 	519336	15.00	7.00	7.13	28.73	103179.20	49806	0	CharlieHolbrow	
851	0:08:47	1/1/2019 	519874	19.00	73.00	6.92	28.73	103179.55	49809	0	CharlieHolbrow	
852	0:08:48	1/1/2019 	520943	21.00	115.00	6.82	28.73	103180.48	50774	1	CharlieHolbrow	
853	0:08:48	1/1/2019 	521490	15.00	7.00	7.13	28.73	103180.81	1836	0	CharlieHolbrow	
854	0:08:50	1/1/2019 	523173	16.00	12.00	7.07	28.73	103181.76	97780	0	CharlieHolbrow	
855	0:08:50	1/1/2019 	523480	17.00	22.00	7.02	28.73	103182.09	3976	0	CharlieHolbrow	
856	0:08:51	1/1/2019 	523817	28.00	259.00	6.52	28.73	103182.09	49808	1	CharlieHolbrow	
857	0:08:51	1/1/2019 	523892	43.00	543.00	6.17	28.73	103182.09	1836	1	CharlieHolbrow	
858	0:08:52	1/1/2019 	525650	14.00	7.00	7.21	28.73	103183.27	97781	0	CharlieHolbrow	
859	0:08:53	1/1/2019 	526378	42.00	556.00	6.19	28.73	103183.44	1836	1	CharlieHolbrow	
860	0:08:53	1/1/2019 	526656	23.00	146.00	6.73	28.73	103183.59	49809	1	CharlieHolbrow	
861	0:08:54	1/1/2019 	526860	14.00	7.00	7.21	28.73	103183.59	3779	0	CharlieHolbrow	
862	0:08:55	1/1/2019 	528036	15.00	8.00	7.13	28.74	103184.50	49808	0	CharlieHolbrow	
863	0:08:55	1/1/2019 	528195	16.00	10.00	7.07	28.74	103184.50	1836	0	CharlieHolbrow	
864	0:08:56	1/1/2019 	528853	14.00	7.00	7.21	28.74	103184.84	49806	0	CharlieHolbrow	
865	0:08:56	1/1/2019 	529242	16.00	13.00	7.08	28.74	103184.84	1835	0	CharlieHolbrow	
866	0:08:56	1/1/2019 	529409	18.00	35.00	6.96	28.74	103185.17	1835	0	CharlieHolbrow	
867	0:08:57	1/1/2019 	530066	15.00	7.00	7.13	28.74	103185.95	51696	0	CharlieHolbrow	
868	0:08:57	1/1/2019 	530119	17.00	14.00	7.01	28.74	103185.95	2581	0	CharlieHolbrow	
869	0:08:59	1/1/2019 	532098	16.00	10.00	7.07	28.74	103187.22	97782	1	CharlieHolbrow	
870	0:09:00	1/1/2019 	532915	14.00	7.00	7.21	28.74	103187.73	49808	0	CharlieHolbrow	
871	0:09:00	1/1/2019 	533453	16.00	12.00	7.07	28.74	103187.89	1835	0	CharlieHolbrow	
872	0:09:00	1/1/2019 	533588	17.00	26.00	7.02	28.74	103187.89	49809	0	CharlieHolbrow	
873	0:09:01	1/1/2019 	533771	14.00	7.00	7.21	28.74	103187.89	5106	0	CharlieHolbrow	
874	0:09:01	1/1/2019 	533936	20.00	73.00	6.85	28.74	103188.50	1836	0	CharlieHolbrow	
875	0:09:01	1/1/2019 	534097	16.00	10.00	7.07	28.74	103188.50	1835	0	CharlieHolbrow	
876	0:09:01	1/1/2019 	534224	19.00	54.00	6.91	28.74	103188.50	1835	1	CharlieHolbrow	
877	0:09:01	1/1/2019 	534272	17.00	13.00	7.01	28.74	103188.50	1835	0	CharlieHolbrow	
878	0:09:02	1/1/2019 	534971	15.00	7.00	7.13	28.74	103189.00	49809	0	CharlieHolbrow	
879	0:09:03	1/1/2019 	536440	18.00	57.00	6.97	28.75	103190.11	51751	1	CharlieHolbrow	
880	0:09:04	1/1/2019 	537651	15.00	11.00	7.14	28.75	103190.44	97781	0	CharlieHolbrow	
881	0:09:05	1/1/2019 	537702	22.00	144.00	6.78	28.75	103190.44	1837	0	CharlieHolbrow	
882	0:09:05	1/1/2019 	538160	30.00	259.00	6.43	28.75	103190.61	1836	0	CharlieHolbrow	
883	0:09:06	1/1/2019 	539583	15.00	8.00	7.13	28.75	103191.21	97780	0	CharlieHolbrow	
884	0:09:07	1/1/2019 	540089	15.00	8.00	7.13	28.75	103191.55	2581	0	CharlieHolbrow	
885	0:09:07	1/1/2019 	540367	25.00	143.00	6.62	28.75	103191.55	3920	1	CharlieHolbrow	
886	0:09:07	1/1/2019 	540648	14.00	8.00	7.21	28.75	103192.39	49808	1	CharlieHolbrow	
887	0:09:08	1/1/2019 	540952	15.00	12.00	7.14	28.75	103192.72	1835	0	CharlieHolbrow	
888	0:09:09	1/1/2019 	542161	14.00	8.00	7.21	28.75	103193.05	49807	0	CharlieHolbrow	
889	0:09:10	1/1/2019 	542948	20.00	81.00	6.86	28.75	103195.00	49808	0	CharlieHolbrow	
890	0:09:11	1/1/2019 	544126	15.00	7.00	7.13	28.75	103196.84	49809	0	CharlieHolbrow	
891	0:09:11	1/1/2019 	544168	15.00	8.00	7.13	28.75	103196.84	3778	0	CharlieHolbrow	
892	0:09:12	1/1/2019 	545145	14.00	8.00	7.21	28.75	103198.84	49808	0	CharlieHolbrow	
893	0:09:12	1/1/2019 	545177	21.00	118.00	6.83	28.75	103198.84	1836	0	CharlieHolbrow	
894	0:09:12	1/1/2019 	545219	23.00	141.00	6.73	28.75	103198.84	1835	0	CharlieHolbrow	
895	0:09:14	1/1/2019 	546837	30.00	317.00	6.46	28.75	103201.46	97781	1	CharlieHolbrow	
896	0:09:14	1/1/2019 	546841	26.00	181.00	6.59	28.75	103201.46	1837	1	CharlieHolbrow	
897	0:09:16	1/1/2019 	549260	19.00	80.00	6.92	28.76	103205.20	99722	0	CharlieHolbrow	
898	0:09:17	1/1/2019 	549972	44.00	610.00	6.18	28.76	103207.83	49809	0	CharlieHolbrow	
899	0:09:17	1/1/2019 	550088	15.00	8.00	7.13	28.76	103207.83	2581	0	CharlieHolbrow	
900	0:09:17	1/1/2019 	550111	19.00	66.00	6.91	28.76	103207.83	1835	1	CharlieHolbrow	
901	0:09:17	1/1/2019 	550593	14.00	7.00	7.21	28.76	103209.33	49806	0	CharlieHolbrow	
902	0:09:18	1/1/2019 	550990	44.00	646.00	6.20	28.76	103211.34	1835	1	CharlieHolbrow	
903	0:09:18	1/1/2019 	551652	15.00	7.00	7.13	28.76	103213.34	51890	0	CharlieHolbrow	
904	0:09:19	1/1/2019 	551941	23.00	146.00	6.73	28.76	103213.34	1834	0	CharlieHolbrow	
905	0:09:20	1/1/2019 	552929	14.00	7.00	7.21	28.76	103216.62	49809	0	CharlieHolbrow	
906	0:09:20	1/1/2019 	552995	15.00	7.00	7.13	28.76	103217.80	1841	0	CharlieHolbrow	
907	0:09:21	1/1/2019 	554010	22.00	129.00	6.77	28.76	103219.75	49806	1	CharlieHolbrow	
908	0:09:22	1/1/2019 	555122	15.00	8.00	7.13	28.76	103220.75	51750	0	CharlieHolbrow	
909	0:09:22	1/1/2019 	555293	49.00	716.00	6.17	28.76	103220.75	1836	1	CharlieHolbrow	
910	0:09:22	1/1/2019 	555647	14.00	7.00	7.21	28.76	103220.91	49807	0	CharlieHolbrow	
911	0:09:23	1/1/2019 	556344	15.00	7.00	7.13	28.76	103221.25	1834	0	CharlieHolbrow	
912	0:09:23	1/1/2019 	556633	15.00	7.00	7.13	28.76	103221.41	49806	0	CharlieHolbrow	
913	0:09:24	1/1/2019 	556959	14.00	7.00	7.21	28.76	103221.41	1835	0	CharlieHolbrow	
914	0:09:24	1/1/2019 	557611	16.00	8.00	7.06	28.77	103222.52	51802	0	CharlieHolbrow	
915	0:09:25	1/1/2019 	557718	16.00	10.00	7.07	28.77	103222.52	1836	0	CharlieHolbrow	
916	0:09:25	1/1/2019 	558057	16.00	11.00	7.07	28.77	103222.86	1836	0	CharlieHolbrow	
917	0:09:26	1/1/2019 	559042	15.00	10.00	7.14	28.77	103223.53	49806	0	CharlieHolbrow	
918	0:09:27	1/1/2019 	559997	14.00	7.00	7.21	28.77	103224.97	49808	0	CharlieHolbrow	
919	0:09:27	1/1/2019 	560482	23.00	125.00	6.71	28.77	103225.14	2580	1	CharlieHolbrow	
920	0:09:27	1/1/2019 	560567	29.00	196.00	6.46	28.77	103225.14	51893	1	CharlieHolbrow	
921	0:09:28	1/1/2019 	561202	14.00	8.00	7.21	28.77	103225.30	1835	0	CharlieHolbrow	
922	0:09:28	1/1/2019 	561650	15.00	8.00	7.13	28.77	103226.14	49805	0	CharlieHolbrow	
923	0:09:29	1/1/2019 	561913	15.00	7.00	7.13	28.77	103226.14	1835	0	CharlieHolbrow	
924	0:09:29	1/1/2019 	562651	15.00	8.00	7.13	28.77	103226.64	49806	0	CharlieHolbrow	
925	0:09:30	1/1/2019 	562956	22.00	119.00	6.77	28.77	103226.64	1835	0	CharlieHolbrow	
926	0:09:30	1/1/2019 	563139	22.00	113.00	6.76	28.77	103226.75	3778	0	CharlieHolbrow	
927	0:09:30	1/1/2019 	563217	29.00	225.00	6.46	28.77	103226.75	1836	1	CharlieHolbrow	
928	0:09:30	1/1/2019 	563365	15.00	9.00	7.14	28.77	103226.75	1836	0	CharlieHolbrow	
929	0:09:32	1/1/2019 	565202	14.00	8.00	7.21	28.77	103224.41	97777	0	CharlieHolbrow	
930	0:09:33	1/1/2019 	566167	15.00	7.00	7.13	28.77	103223.06	49807	0	CharlieHolbrow	
931	0:09:33	1/1/2019 	566427	16.00	9.00	7.07	28.77	103223.06	1835	1	CharlieHolbrow	
932	0:09:34	1/1/2019 	566756	16.00	10.00	7.07	28.77	103222.84	51749	1	CharlieHolbrow	
933	0:09:34	1/1/2019 	567424	16.00	10.00	7.07	28.77	103222.33	1836	0	CharlieHolbrow	
934	0:09:35	1/1/2019 	567752	21.00	137.00	6.84	28.77	103221.83	49806	1	CharlieHolbrow	
935	0:09:35	1/1/2019 	568266	15.00	7.00	7.13	28.77	103221.66	1836	0	CharlieHolbrow	
936	0:09:35	1/1/2019 	568431	15.00	8.00	7.13	28.77	103221.66	1834	0	CharlieHolbrow	
937	0:09:35	1/1/2019 	568439	16.00	7.00	7.06	28.77	103221.66	1834	0	CharlieHolbrow	
938	0:09:38	1/1/2019 	571184	19.00	33.00	6.90	28.78	103224.11	147688	1	CharlieHolbrow	
939	0:09:38	1/1/2019 	571656	15.00	7.00	7.13	28.78	103224.28	50550	0	CharlieHolbrow	
940	0:09:39	1/1/2019 	572019	15.00	8.00	7.13	28.78	103224.34	1835	0	CharlieHolbrow	
941	0:09:39	1/1/2019 	572664	18.00	37.00	6.96	28.78	103224.34	49805	0	CharlieHolbrow	
942	0:09:45	1/1/2019 	577990	18.00	69.00	6.98	28.78	103219.54	241689	1	CharlieHolbrow	
943	0:09:46	1/1/2019 	578834	15.00	9.00	7.14	28.79	103219.31	49807	0	CharlieHolbrow	
944	0:09:46	1/1/2019 	578893	17.00	9.00	7.00	28.79	103219.31	3994	0	CharlieHolbrow	
945	0:09:47	1/1/2019 	579693	32.00	340.00	6.39	28.79	103218.80	49807	0	CharlieHolbrow	
946	0:09:47	1/1/2019 	579927	17.00	28.00	7.03	28.79	103218.80	2581	1	CharlieHolbrow	
947	0:09:48	1/1/2019 	581019	27.00	231.00	6.56	28.79	103217.47	49806	0	CharlieHolbrow	
948	0:09:48	1/1/2019 	581113	14.00	7.00	7.21	28.79	103217.47	1836	0	CharlieHolbrow	
949	0:09:49	1/1/2019 	581886	14.00	7.00	7.21	28.79	103217.41	49805	1	CharlieHolbrow	
950	0:09:50	1/1/2019 	582919	16.00	10.00	7.07	28.79	103216.23	51910	0	CharlieHolbrow	
951	0:09:50	1/1/2019 	583618	32.00	305.00	6.37	28.79	103215.39	49807	1	CharlieHolbrow	
952	0:09:51	1/1/2019 	583767	15.00	7.00	7.13	28.79	103215.39	1835	0	CharlieHolbrow	
953	0:09:52	1/1/2019 	585405	15.00	8.00	7.13	28.79	103215.67	49805	0	CharlieHolbrow	
954	0:09:52	1/1/2019 	585494	16.00	16.00	7.08	28.79	103215.67	1836	1	CharlieHolbrow	
955	0:09:53	1/1/2019 	585773	21.00	120.00	6.83	28.79	103216.50	49805	1	CharlieHolbrow	
956	0:09:53	1/1/2019 	586030	16.00	8.00	7.06	28.79	103217.84	3799	0	CharlieHolbrow	
957	0:09:54	1/1/2019 	586730	21.00	116.00	6.82	28.79	103219.69	49806	1	CharlieHolbrow	
958	0:09:57	1/1/2019 	590222	16.00	34.00	7.10	28.80	103229.59	145750	1	CharlieHolbrow	
959	0:10:00	1/1/2019 	593332	23.00	144.00	6.73	28.80	103233.22	146500	1	CharlieHolbrow	
960	0:10:01	1/1/2019 	594389	15.00	8.00	7.13	28.80	103236.23	49808	0	CharlieHolbrow	
961	0:10:02	1/1/2019 	594699	16.00	12.00	7.07	28.80	103237.73	49807	0	CharlieHolbrow	
962	0:10:02	1/1/2019 	594936	16.00	9.00	7.07	28.80	103237.73	3970	0	CharlieHolbrow	
963	0:10:03	1/1/2019 	596187	14.00	7.00	7.21	28.80	103240.14	49807	0	CharlieHolbrow	
964	0:10:03	1/1/2019 	596623	20.00	80.00	6.86	28.80	103240.14	49808	1	CharlieHolbrow	
965	0:10:06	1/1/2019 	599273	24.00	193.00	6.70	28.80	103239.91	97780	0	CharlieHolbrow	
966	0:10:07	1/1/2019 	601056	15.00	8.00	7.13	28.80	103240.02	97783	0	CharlieHolbrow	
967	0:10:09	1/1/2019 	603041	15.00	8.00	7.13	28.81	103238.68	98523	0	CharlieHolbrow	
968	0:10:10	1/1/2019 	603421	26.00	212.00	6.60	28.81	103238.02	3920	0	CharlieHolbrow	
969	0:10:11	1/1/2019 	605094	16.00	16.00	7.08	28.81	103236.61	97778	0	CharlieHolbrow	
970	0:10:13	1/1/2019 	607002	21.00	127.00	6.83	28.81	103236.94	97779	0	CharlieHolbrow	
971	0:10:13	1/1/2019 	607060	34.00	390.00	6.35	28.81	103236.94	1837	1	CharlieHolbrow	
972	0:10:14	1/1/2019 	607409	45.00	685.00	6.21	28.81	103238.05	1836	0	CharlieHolbrow	
973	0:10:14	1/1/2019 	607959	17.00	22.00	7.02	28.81	103239.05	49807	0	CharlieHolbrow	
974	0:10:15	1/1/2019 	608605	16.00	16.00	7.08	28.81	103239.89	51750	1	CharlieHolbrow	
975	0:10:18	1/1/2019 	612144	16.00	13.00	7.08	28.81	103242.00	145749	0	CharlieHolbrow	
976	0:10:19	1/1/2019 	612440	15.00	8.00	7.13	28.81	103242.00	2581	0	CharlieHolbrow	
977	0:10:19	1/1/2019 	612560	21.00	84.00	6.80	28.81	103242.00	49806	0	CharlieHolbrow	
978	0:10:19	1/1/2019 	612756	20.00	66.00	6.85	28.82	103242.44	1835	1	CharlieHolbrow	
979	0:10:25	1/1/2019 	618805	15.00	7.00	7.13	28.82	103244.22	289660	0	CharlieHolbrow	
980	0:10:26	1/1/2019 	619480	14.00	7.00	7.21	28.82	103244.33	3919	0	CharlieHolbrow	
981	0:10:26	1/1/2019 	620207	16.00	16.00	7.08	28.82	103244.48	49808	0	CharlieHolbrow	
982	0:10:27	1/1/2019 	620842	18.00	48.00	6.97	28.82	103244.99	50552	1	CharlieHolbrow	
983	0:10:29	1/1/2019 	622589	22.00	151.00	6.79	28.82	103247.67	97779	0	CharlieHolbrow	
984	0:10:29	1/1/2019 	622592	29.00	282.00	6.48	28.82	103247.67	1837	1	CharlieHolbrow	
985	0:10:29	1/1/2019 	623045	17.00	13.00	7.01	28.82	103248.74	3919	0	CharlieHolbrow	
986	0:10:32	1/1/2019 	625957	22.00	146.00	6.79	28.83	103252.19	145750	0	CharlieHolbrow	
987	0:10:35	1/1/2019 	629142	15.00	7.00	7.13	28.83	103251.96	145749	0	CharlieHolbrow	
988	0:10:37	1/1/2019 	631010	15.00	7.00	7.13	28.83	103250.90	97780	0	CharlieHolbrow	
989	0:10:38	1/1/2019 	631924	21.00	121.00	6.83	28.83	103250.06	50551	1	CharlieHolbrow	
990	0:10:40	1/1/2019 	633411	15.00	7.00	7.13	28.83	103248.22	49808	1	CharlieHolbrow	
991	0:10:40	1/1/2019 	633791	14.00	7.00	7.21	28.83	103248.33	51891	0	CharlieHolbrow	
992	0:10:42	1/1/2019 	635480	15.00	7.00	7.13	28.83	103247.98	49805	1	CharlieHolbrow	
993	0:10:42	1/1/2019 	635802	15.00	7.00	7.13	28.83	103248.16	49807	0	CharlieHolbrow	
994	0:10:43	1/1/2019 	636385	26.00	210.00	6.60	28.84	103248.59	1835	0	CharlieHolbrow	
995	0:10:45	1/1/2019 	638618	15.00	7.00	7.13	28.84	103248.36	145750	0	CharlieHolbrow	
996	0:10:46	1/1/2019 	639361	15.00	8.00	7.13	28.84	103247.02	1836	0	CharlieHolbrow	
997	0:10:46	1/1/2019 	639762	15.00	8.00	7.13	28.84	103246.52	51751	0	CharlieHolbrow	
998	0:10:46	1/1/2019 	639855	30.00	260.00	6.43	28.84	103246.52	2580	1	CharlieHolbrow	
999	0:10:49	1/1/2019 	642756	15.00	7.00	7.13	28.84	103242.95	145747	0	CharlieHolbrow	
1000	0:10:50	1/1/2019 	644265	15.00	8.00	7.13	28.84	103241.21	49805	0	CharlieHolbrow	
1001	0:10:51	1/1/2019 	644656	20.00	69.00	6.85	28.84	103240.88	49809	0	CharlieHolbrow	
1002	0:10:51	1/1/2019 	644833	15.00	8.00	7.13	28.84	103240.88	1843	0	CharlieHolbrow	
1003	0:10:51	1/1/2019 	645126	26.00	216.00	6.60	28.84	103240.88	3926	1	CharlieHolbrow	
1004	0:10:53	1/1/2019 	646643	48.00	806.00	6.21	28.85	103240.28	97784	1	CharlieHolbrow	
1005	0:10:54	1/1/2019 	647328	18.00	57.00	6.97	28.85	103239.27	1837	1	CharlieHolbrow	
1006	0:10:56	1/1/2019 	649921	15.00	7.00	7.13	28.85	103235.70	145750	0	CharlieHolbrow	
1007	0:10:57	1/1/2019 	650353	15.00	7.00	7.13	28.85	103235.03	2580	0	CharlieHolbrow	
1008	0:10:57	1/1/2019 	651208	22.00	119.00	6.77	28.85	103233.69	49806	1	CharlieHolbrow	
1009	0:10:59	1/1/2019 	652403	19.00	89.00	6.93	28.85	103232.62	51892	1	CharlieHolbrow	
1010	0:11:00	1/1/2019 	653844	18.00	53.00	6.97	28.85	103230.78	97784	1	CharlieHolbrow	
1011	0:11:01	1/1/2019 	654901	21.00	107.00	6.82	28.85	103230.05	49808	0	CharlieHolbrow	
1012	0:11:02	1/1/2019 	655309	17.00	40.00	7.03	28.85	103229.21	1837	1	CharlieHolbrow	
1013	0:11:02	1/1/2019 	655601	15.00	7.00	7.13	28.85	103229.21	49807	0	CharlieHolbrow	
1014	0:11:02	1/1/2019 	655753	30.00	290.00	6.45	28.85	103228.55	1835	0	CharlieHolbrow	
1015	0:11:02	1/1/2019 	656246	15.00	7.00	7.13	28.85	103227.70	3778	0	CharlieHolbrow	
1016	0:11:05	1/1/2019 	658905	14.00	7.00	7.21	28.86	103224.30	145747	0	CharlieHolbrow	
1017	0:11:05	1/1/2019 	659181	15.00	7.00	7.13	28.86	103223.96	1835	0	CharlieHolbrow	
1018	0:11:07	1/1/2019 	661207	15.00	11.00	7.14	28.86	103222.12	97780	0	CharlieHolbrow	
1019	0:11:08	1/1/2019 	661655	48.00	765.00	6.20	28.86	103222.12	50558	0	CharlieHolbrow	
1020	0:11:08	1/1/2019 	661847	16.00	8.00	7.06	28.86	103221.12	1841	0	CharlieHolbrow	
1021	0:11:09	1/1/2019 	663256	20.00	96.00	6.87	28.86	103219.22	51889	1	CharlieHolbrow	
1022	0:11:10	1/1/2019 	664186	20.00	8.00	6.80	28.86	103217.38	49809	0	CharlieHolbrow	
1023	0:11:11	1/1/2019 	664755	15.00	7.00	7.13	28.86	103216.70	49810	0	CharlieHolbrow	
1024	0:11:11	1/1/2019 	664836	15.00	7.00	7.13	28.86	103216.70	1835	1	CharlieHolbrow	
1025	0:11:12	1/1/2019 	666027	14.00	7.00	7.21	28.86	103215.20	49806	0	CharlieHolbrow	
1026	0:11:12	1/1/2019 	666030	15.00	7.00	7.13	28.86	103215.20	1835	0	CharlieHolbrow	
1027	0:11:12	1/1/2019 	666219	17.00	13.00	7.01	28.86	103214.36	3776	0	CharlieHolbrow	
1028	0:11:13	1/1/2019 	666737	16.00	14.00	7.08	28.86	103214.36	49808	0	CharlieHolbrow	
1029	0:11:13	1/1/2019 	666757	22.00	115.00	6.76	28.86	103214.36	1836	1	CharlieHolbrow	
1030	0:11:13	1/1/2019 	667258	17.00	27.00	7.02	28.86	103214.97	1835	0	CharlieHolbrow	
1031	0:11:15	1/1/2019 	668781	14.00	8.00	7.21	28.86	103216.14	97775	0	CharlieHolbrow	
1032	0:11:15	1/1/2019 	669001	15.00	7.00	7.13	28.86	103216.14	3776	0	CharlieHolbrow	
1033	0:11:15	1/1/2019 	669223	18.00	7.00	6.93	28.86	103216.30	1834	0	CharlieHolbrow	
1034	0:11:16	1/1/2019 	670016	14.00	7.00	7.21	28.86	103216.14	49805	0	CharlieHolbrow	
1035	0:11:17	1/1/2019 	670731	38.00	512.00	6.27	28.86	103215.23	50551	1	CharlieHolbrow	
1036	0:11:17	1/1/2019 	670869	16.00	12.00	7.07	28.86	103215.23	1836	0	CharlieHolbrow	
1037	0:11:17	1/1/2019 	671152	15.00	9.00	7.14	28.86	103215.23	1834	1	CharlieHolbrow	
1038	0:11:18	1/1/2019 	671822	24.00	181.00	6.69	28.86	103214.23	51888	1	CharlieHolbrow	
1039	0:11:20	1/1/2019 	673844	14.00	7.00	7.21	28.86	103211.05	97778	0	CharlieHolbrow	
1040	0:11:20	1/1/2019 	673874	17.00	32.00	7.03	28.86	103211.05	1835	0	CharlieHolbrow	
1041	0:11:20	1/1/2019 	673928	25.00	197.00	6.64	28.86	103211.05	1835	1	CharlieHolbrow	
1042	0:11:20	1/1/2019 	674068	16.00	9.00	7.07	28.86	103211.05	1835	0	CharlieHolbrow	
1043	0:11:20	1/1/2019 	674179	25.00	165.00	6.63	28.86	103211.05	1834	1	CharlieHolbrow	
1044	0:11:20	1/1/2019 	674268	15.00	7.00	7.13	28.86	103210.22	3778	0	CharlieHolbrow	
1045	0:11:21	1/1/2019 	674305	22.00	147.00	6.79	28.86	103210.22	1834	1	CharlieHolbrow	
1046	0:11:22	1/1/2019 	676230	15.00	8.00	7.13	28.87	103207.65	97777	0	CharlieHolbrow	
1047	0:11:23	1/1/2019 	676583	23.00	136.00	6.72	28.87	103207.65	49807	1	CharlieHolbrow	
1048	0:11:26	1/1/2019 	679969	15.00	7.00	7.13	28.87	103206.30	145755	0	CharlieHolbrow	
1049	0:11:27	1/1/2019 	681027	14.00	8.00	7.21	28.87	103206.14	50554	0	CharlieHolbrow	
1050	0:11:28	1/1/2019 	681965	16.00	12.00	7.07	28.87	103205.80	51891	0	CharlieHolbrow	
1051	0:11:29	1/1/2019 	682307	22.00	135.00	6.78	28.87	103205.64	1836	0	CharlieHolbrow	
1052	0:11:30	1/1/2019 	684266	15.00	7.00	7.13	28.87	103203.97	97780	0	CharlieHolbrow	
1053	0:11:32	1/1/2019 	685300	15.00	8.00	7.13	28.87	103202.29	49808	0	CharlieHolbrow	
1054	0:11:34	1/1/2019 	688149	14.00	7.00	7.21	28.87	103200.62	145750	0	CharlieHolbrow	
1055	0:11:35	1/1/2019 	688939	14.00	7.00	7.21	28.87	103200.62	49807	0	CharlieHolbrow	
1056	0:11:35	1/1/2019 	689047	17.00	24.00	7.02	28.87	103200.62	3832	1	CharlieHolbrow	
1057	0:11:37	1/1/2019 	690779	15.00	8.00	7.13	28.87	103201.19	97781	0	CharlieHolbrow	
1058	0:11:38	1/1/2019 	692003	26.00	234.00	6.60	28.87	103200.86	50773	1	CharlieHolbrow	
1059	0:11:38	1/1/2019 	692070	17.00	25.00	7.02	28.87	103200.86	1837	1	CharlieHolbrow	
1060	0:11:43	1/1/2019 	696771	14.00	7.00	7.21	28.87	103195.94	241687	0	CharlieHolbrow	
1061	0:11:43	1/1/2019 	696967	16.00	8.00	7.06	28.87	103195.94	1836	0	CharlieHolbrow	
1062	0:11:44	1/1/2019 	698159	24.00	179.00	6.69	28.87	103195.10	51888	1	CharlieHolbrow	
1063	0:11:45	1/1/2019 	698485	18.00	67.00	6.98	28.87	103195.61	1836	1	CharlieHolbrow	
1064	0:11:45	1/1/2019 	698718	14.00	7.00	7.21	28.87	103195.61	49807	0	CharlieHolbrow	
1065	0:11:45	1/1/2019 	698848	16.00	8.00	7.06	28.87	103195.94	1834	1	CharlieHolbrow	
1066	0:11:46	1/1/2019 	700196	19.00	82.00	6.92	28.87	103197.38	49806	1	CharlieHolbrow	
1067	0:11:47	1/1/2019 	700782	14.00	15.00	7.23	28.87	103198.05	50774	0	CharlieHolbrow	
1068	0:11:47	1/1/2019 	700805	14.00	7.00	7.21	28.87	103198.05	3919	0	CharlieHolbrow	
1069	0:11:49	1/1/2019 	702320	17.00	29.00	7.03	28.87	103197.88	49805	0	CharlieHolbrow	
1070	0:11:49	1/1/2019 	703185	15.00	7.00	7.13	28.87	103197.55	49807	0	CharlieHolbrow	
1071	0:11:54	1/1/2019 	708155	14.00	8.00	7.21	28.88	103194.58	241691	0	CharlieHolbrow	
1072	0:11:55	1/1/2019 	708290	14.00	7.00	7.21	28.88	103194.24	1836	0	CharlieHolbrow	
1073	0:11:55	1/1/2019 	709199	14.00	8.00	7.21	28.88	103193.91	51749	0	CharlieHolbrow	
1074	0:11:56	1/1/2019 	709957	17.00	30.00	7.03	28.88	103192.73	49805	1	CharlieHolbrow	
1075	0:11:57	1/1/2019 	711101	16.00	12.00	7.07	28.88	103191.91	50774	0	CharlieHolbrow	
1076	0:12:00	1/1/2019 	713822	32.00	343.00	6.39	28.88	103189.23	145751	1	CharlieHolbrow	
1077	0:12:01	1/1/2019 	714596	16.00	32.00	7.10	28.88	103188.55	49809	0	CharlieHolbrow	
1078	0:12:04	1/1/2019 	717469	20.00	89.00	6.86	28.88	103185.04	97778	0	CharlieHolbrow	
1079	0:12:04	1/1/2019 	717680	32.00	333.00	6.39	28.88	103185.04	51890	0	CharlieHolbrow	
1080	0:12:05	1/1/2019 	718704	22.00	140.00	6.78	28.88	103183.81	49807	0	CharlieHolbrow	
1081	0:12:05	1/1/2019 	718950	16.00	9.00	7.07	28.88	103183.14	1837	0	CharlieHolbrow	
1082	0:12:07	1/1/2019 	720828	14.00	7.00	7.21	28.88	103180.30	97777	0	CharlieHolbrow	
1083	0:12:07	1/1/2019 	721144	14.00	7.00	7.21	28.88	103180.30	2802	0	CharlieHolbrow	
1084	0:12:09	1/1/2019 	722302	15.00	8.00	7.13	28.88	103178.95	49805	0	CharlieHolbrow	
1085	0:12:09	1/1/2019 	722776	18.00	41.00	6.97	28.88	103178.79	51889	1	CharlieHolbrow	
1086	0:12:10	1/1/2019 	723902	15.00	7.00	7.13	28.88	103178.28	49808	0	CharlieHolbrow	
1087	0:12:10	1/1/2019 	724205	15.00	7.00	7.13	28.88	103178.28	1836	0	CharlieHolbrow	
1088	0:12:11	1/1/2019 	725246	15.00	10.00	7.14	28.88	103177.45	49806	0	CharlieHolbrow	
1089	0:12:12	1/1/2019 	725870	20.00	79.00	6.86	28.88	103176.95	49806	1	CharlieHolbrow	
1090	0:12:12	1/1/2019 	726119	16.00	16.00	7.08	28.88	103176.95	1836	0	CharlieHolbrow	
1091	0:12:14	1/1/2019 	727344	15.00	12.00	7.14	28.88	103175.20	51749	0	CharlieHolbrow	
1092	0:12:14	1/1/2019 	728118	44.00	603.00	6.18	28.88	103174.70	49805	1	CharlieHolbrow	
1093	0:12:16	1/1/2019 	729692	16.00	16.00	7.08	28.88	103172.59	97782	0	CharlieHolbrow	
1094	0:12:16	1/1/2019 	729882	21.00	110.00	6.82	28.88	103171.76	2802	1	CharlieHolbrow	
1095	0:12:16	1/1/2019 	730014	21.00	104.00	6.81	28.88	103171.76	1835	0	CharlieHolbrow	
1096	0:12:17	1/1/2019 	730988	15.00	8.00	7.13	28.88	103169.69	49807	0	CharlieHolbrow	
1097	0:12:18	1/1/2019 	731723	45.00	668.00	6.20	28.88	103169.02	51889	0	CharlieHolbrow	
1098	0:12:18	1/1/2019 	731938	17.00	35.00	7.03	28.88	103168.19	1836	1	CharlieHolbrow	
1099	0:12:18	1/1/2019 	732013	15.00	7.00	7.13	28.88	103168.19	1834	0	CharlieHolbrow	
1100	0:12:18	1/1/2019 	732265	18.00	35.00	6.96	28.88	103168.19	1835	0	CharlieHolbrow	
1101	0:12:19	1/1/2019 	732739	16.00	9.00	7.07	28.88	103167.68	49805	0	CharlieHolbrow	
1102	0:12:19	1/1/2019 	732894	17.00	36.00	7.03	28.88	103167.18	1835	0	CharlieHolbrow	
1103	0:12:19	1/1/2019 	733086	14.00	7.00	7.21	28.88	103167.18	3831	0	CharlieHolbrow	
1104	0:12:21	1/1/2019 	734450	14.00	7.00	7.21	28.88	103165.17	49806	0	CharlieHolbrow	
1105	0:12:21	1/1/2019 	734782	15.00	7.00	7.13	28.88	103165.17	49806	0	CharlieHolbrow	
1106	0:12:22	1/1/2019 	735895	30.00	300.00	6.45	28.88	103162.83	49805	0	CharlieHolbrow	
1107	0:12:23	1/1/2019 	736777	14.00	7.00	7.21	28.88	103162.16	49807	0	CharlieHolbrow	
1108	0:12:24	1/1/2019 	737378	15.00	8.00	7.13	28.88	103160.98	1835	0	CharlieHolbrow	
1109	0:12:24	1/1/2019 	737975	15.00	7.00	7.13	28.88	103160.66	51747	0	CharlieHolbrow	
1110	0:12:25	1/1/2019 	738486	14.00	7.00	7.21	28.88	103160.48	1834	0	CharlieHolbrow	
1111	0:12:26	1/1/2019 	739760	14.00	7.00	7.21	28.89	103160.59	97777	0	CharlieHolbrow	
1112	0:12:28	1/1/2019 	741288	16.00	16.00	7.08	28.89	103159.92	50773	0	CharlieHolbrow	
1113	0:12:29	1/1/2019 	742560	41.00	477.00	6.18	28.89	103158.75	97778	1	CharlieHolbrow	
1114	0:12:31	1/1/2019 	744417	19.00	87.00	6.93	28.89	103156.74	51891	0	CharlieHolbrow	
1115	0:12:32	1/1/2019 	745569	15.00	8.00	7.13	28.89	103155.57	97778	0	CharlieHolbrow	
1116	0:12:32	1/1/2019 	745584	15.00	7.00	7.13	28.89	103155.57	1835	0	CharlieHolbrow	
1117	0:12:32	1/1/2019 	746128	17.00	24.00	7.02	28.89	103154.90	1834	0	CharlieHolbrow	
1118	0:12:33	1/1/2019 	746936	16.00	24.00	7.09	28.89	103154.13	49804	0	CharlieHolbrow	
1119	0:12:33	1/1/2019 	747184	15.00	7.00	7.13	28.89	103154.13	1836	0	CharlieHolbrow	
1120	0:12:34	1/1/2019 	747765	39.00	510.00	6.24	28.89	103153.47	51748	1	CharlieHolbrow	
1121	0:12:34	1/1/2019 	747835	22.00	21.00	6.71	28.89	103153.47	1836	0	CharlieHolbrow	
1122	0:12:36	1/1/2019 	749436	22.00	151.00	6.79	28.89	103149.45	49805	0	CharlieHolbrow	
1123	0:12:36	1/1/2019 	749777	45.00	647.00	6.19	28.89	103149.45	49808	1	CharlieHolbrow	
1124	0:12:37	1/1/2019 	750416	25.00	175.00	6.64	28.89	103147.10	2803	1	CharlieHolbrow	
1125	0:12:37	1/1/2019 	751225	15.00	7.00	7.13	28.89	103145.94	49805	0	CharlieHolbrow	
1126	0:12:38	1/1/2019 	752108	18.00	62.00	6.98	28.89	103144.27	51888	0	CharlieHolbrow	
1127	0:12:39	1/1/2019 	753260	16.00	27.00	7.09	28.89	103142.92	49806	1	CharlieHolbrow	
1128	0:12:40	1/1/2019 	753797	28.00	261.00	6.52	28.89	103142.09	49806	1	CharlieHolbrow	
1129	0:12:41	1/1/2019 	755117	15.00	8.00	7.13	28.89	103139.08	49807	0	CharlieHolbrow	
1130	0:12:42	1/1/2019 	755605	26.00	227.00	6.60	28.89	103137.91	49807	0	CharlieHolbrow	
1131	0:12:42	1/1/2019 	755774	15.00	7.00	7.13	28.89	103137.91	1836	0	CharlieHolbrow	
1132	0:12:42	1/1/2019 	755961	23.00	140.00	6.72	28.89	103136.56	3831	1	CharlieHolbrow	
1133	0:12:44	1/1/2019 	757454	26.00	245.00	6.61	28.89	103132.38	49805	1	CharlieHolbrow	
1134	0:12:46	1/1/2019 	759623	14.00	7.00	7.21	28.89	103127.19	145750	0	CharlieHolbrow	
1135	0:12:46	1/1/2019 	760228	24.00	139.00	6.67	28.89	103125.86	2802	1	CharlieHolbrow	
1136	0:12:47	1/1/2019 	760596	16.00	11.00	7.07	28.89	103124.85	49807	0	CharlieHolbrow	
1137	0:12:47	1/1/2019 	760613	18.00	47.00	6.97	28.89	103124.85	1836	0	CharlieHolbrow	
1138	0:12:47	1/1/2019 	760961	19.00	109.00	6.94	28.89	103123.52	3919	1	CharlieHolbrow	
1139	0:12:48	1/1/2019 	761968	31.00	338.00	6.43	28.89	103121.17	49805	1	CharlieHolbrow	
1140	0:12:49	1/1/2019 	762905	14.00	7.00	7.21	28.89	103118.83	49807	0	CharlieHolbrow	
1141	0:12:50	1/1/2019 	764142	14.00	8.00	7.21	28.89	103116.08	49806	0	CharlieHolbrow	
1142	0:12:52	1/1/2019 	765950	15.00	7.00	7.13	28.89	103112.47	97775	0	CharlieHolbrow	
1143	0:12:54	1/1/2019 	767903	15.00	8.00	7.13	28.89	103108.55	97779	0	CharlieHolbrow	
1144	0:12:55	1/1/2019 	768855	15.00	7.00	7.13	28.89	103107.88	55113	0	CharlieHolbrow	
1145	0:12:57	1/1/2019 	771212	20.00	98.00	6.87	28.89	103104.53	97780	0	CharlieHolbrow	
1146	0:13:00	1/1/2019 	773756	19.00	75.00	6.92	28.89	103101.69	146717	1	CharlieHolbrow	
1147	0:13:00	1/1/2019 	774247	28.00	229.00	6.51	28.89	103101.19	1836	1	CharlieHolbrow	
1148	0:13:01	1/1/2019 	774431	26.00	221.00	6.60	28.89	103100.69	1835	1	CharlieHolbrow	
1149	0:13:01	1/1/2019 	774930	22.00	113.00	6.76	28.89	103100.52	51946	0	CharlieHolbrow	
1150	0:13:02	1/1/2019 	775680	22.00	136.00	6.78	28.89	103100.02	49807	0	CharlieHolbrow	
1151	0:13:03	1/1/2019 	776857	14.00	8.00	7.21	28.89	103099.02	49808	0	CharlieHolbrow	
1152	0:13:03	1/1/2019 	777086	24.00	180.00	6.69	28.89	103098.52	1836	1	CharlieHolbrow	
1153	0:13:04	1/1/2019 	777702	14.00	7.00	7.21	28.89	103098.17	49806	0	CharlieHolbrow	
1154	0:13:04	1/1/2019 	777813	14.00	7.00	7.21	28.89	103098.17	1835	0	CharlieHolbrow	
1155	0:13:05	1/1/2019 	778332	31.00	330.00	6.43	28.89	103097.51	3777	0	CharlieHolbrow	
1156	0:13:05	1/1/2019 	779124	16.00	8.00	7.06	28.89	103097.01	49808	0	CharlieHolbrow	
1157	0:13:07	1/1/2019 	780856	15.00	10.00	7.14	28.89	103096.00	97780	0	CharlieHolbrow	
1158	0:13:07	1/1/2019 	781182	15.00	7.00	7.13	28.89	103095.84	2803	0	CharlieHolbrow	
1159	0:13:08	1/1/2019 	781465	24.00	166.00	6.68	28.89	103095.84	1834	1	CharlieHolbrow	
1160	0:13:09	1/1/2019 	782878	15.00	8.00	7.13	28.89	103095.84	97778	0	CharlieHolbrow	
1161	0:13:10	1/1/2019 	783284	15.00	8.00	7.13	28.89	103095.34	3919	0	CharlieHolbrow	
1162	0:13:10	1/1/2019 	783931	15.00	7.00	7.13	28.89	103094.66	49807	0	CharlieHolbrow	
1163	0:13:12	1/1/2019 	786123	18.00	58.00	6.97	28.89	103092.48	97778	0	CharlieHolbrow	
1164	0:13:17	1/1/2019 	790756	15.00	8.00	7.13	28.89	103088.05	241694	0	CharlieHolbrow	
1165	0:13:18	1/1/2019 	791581	15.00	7.00	7.13	28.89	103086.63	50772	0	CharlieHolbrow	
1166	0:13:18	1/1/2019 	791661	15.00	8.00	7.13	28.89	103086.63	1835	0	CharlieHolbrow	
1167	0:13:20	1/1/2019 	793849	16.00	17.00	7.08	28.89	103083.62	99863	0	CharlieHolbrow	
1168	0:13:20	1/1/2019 	794029	12.00	7.00	7.36	28.89	103082.62	1841	0	CharlieHolbrow	
1169	0:13:20	1/1/2019 	794114	19.00	43.00	6.90	28.89	103082.62	1835	0	CharlieHolbrow	
1170	0:13:21	1/1/2019 	794288	15.00	7.00	7.13	28.89	103082.62	1834	0	CharlieHolbrow	
1171	0:13:21	1/1/2019 	794313	15.00	7.00	7.13	28.89	103082.62	1835	0	CharlieHolbrow	
1172	0:13:21	1/1/2019 	794589	22.00	100.00	6.75	28.89	103082.45	49807	1	CharlieHolbrow	
1173	0:13:21	1/1/2019 	794675	15.00	7.00	7.13	28.89	103082.45	3777	0	CharlieHolbrow	
1174	0:13:22	1/1/2019 	795927	14.00	7.00	7.21	28.89	103081.61	49806	0	CharlieHolbrow	
1175	0:13:22	1/1/2019 	796071	23.00	146.00	6.73	28.89	103081.11	1836	0	CharlieHolbrow	
1176	0:13:23	1/1/2019 	796476	15.00	8.00	7.13	28.89	103080.61	1834	0	CharlieHolbrow	
1177	0:13:24	1/1/2019 	797991	18.00	52.00	6.97	28.89	103078.94	97778	0	CharlieHolbrow	
1178	0:13:24	1/1/2019 	798235	24.00	150.00	6.68	28.89	103078.94	1836	0	CharlieHolbrow	
1179	0:13:26	1/1/2019 	799401	22.00	144.00	6.78	28.89	103078.94	51804	1	CharlieHolbrow	
1180	0:13:26	1/1/2019 	800007	16.00	22.00	7.09	28.89	103078.27	49809	0	CharlieHolbrow	
1181	0:13:27	1/1/2019 	800586	20.00	88.00	6.86	28.89	103078.09	50775	0	CharlieHolbrow	
1182	0:13:27	1/1/2019 	800887	16.00	9.00	7.07	28.89	103078.09	1835	0	CharlieHolbrow	
1183	0:13:28	1/1/2019 	801411	14.00	7.00	7.21	28.89	103078.60	1834	0	CharlieHolbrow	
1184	0:13:29	1/1/2019 	802737	19.00	7.00	6.86	28.89	103080.94	97779	0	CharlieHolbrow	
1185	0:13:30	1/1/2019 	803342	25.00	179.00	6.64	28.89	103081.44	3919	1	CharlieHolbrow	
1186	0:13:30	1/1/2019 	803962	16.00	18.00	7.08	28.89	103080.94	49808	0	CharlieHolbrow	
1187	0:13:30	1/1/2019 	803967	14.00	7.00	7.21	28.89	103080.94	1835	0	CharlieHolbrow	
1188	0:13:31	1/1/2019 	804635	20.00	78.00	6.86	28.89	103081.11	49806	0	CharlieHolbrow	
1189	0:13:32	1/1/2019 	805430	30.00	332.00	6.47	28.89	103081.95	1835	1	CharlieHolbrow	
1190	0:13:33	1/1/2019 	807191	14.00	8.00	7.21	28.89	103081.78	97780	0	CharlieHolbrow	
1191	0:13:34	1/1/2019 	808038	29.00	294.00	6.49	28.89	103082.78	51750	0	CharlieHolbrow	
1192	0:13:35	1/1/2019 	808278	15.00	8.00	7.13	28.89	103082.78	1836	0	CharlieHolbrow	
1193	0:13:35	1/1/2019 	808338	15.00	7.00	7.13	28.89	103082.78	1835	0	CharlieHolbrow	
1194	0:13:36	1/1/2019 	809928	29.00	299.00	6.49	28.89	103081.11	97779	1	CharlieHolbrow	
1195	0:13:36	1/1/2019 	810144	15.00	8.00	7.13	28.89	103080.11	2803	0	CharlieHolbrow	
1196	0:13:38	1/1/2019 	812126	45.00	647.00	6.19	28.89	103078.77	99862	1	CharlieHolbrow	
1197	0:13:39	1/1/2019 	812321	18.00	55.00	6.97	28.89	103078.77	1836	1	CharlieHolbrow	
1198	0:13:39	1/1/2019 	812732	20.00	82.00	6.86	28.89	103078.94	49808	1	CharlieHolbrow	
1199	0:13:40	1/1/2019 	813381	23.00	145.00	6.73	28.89	103078.60	1835	0	CharlieHolbrow	
1200	0:13:40	1/1/2019 	814254	16.00	8.00	7.06	28.89	103077.42	49808	0	CharlieHolbrow	
1201	0:13:42	1/1/2019 	815421	14.00	8.00	7.21	28.89	103076.09	49806	0	CharlieHolbrow	
1202	0:13:42	1/1/2019 	815595	16.00	7.00	7.06	28.89	103075.25	55105	0	CharlieHolbrow	
1203	0:13:42	1/1/2019 	816032	14.00	7.00	7.21	28.88	103073.64	1835	0	CharlieHolbrow	
1204	0:13:46	1/1/2019 	819387	20.00	103.00	6.88	28.88	103067.62	145751	1	CharlieHolbrow	
1205	0:13:46	1/1/2019 	820124	15.00	7.00	7.13	28.88	103066.12	49815	0	CharlieHolbrow	
1206	0:13:48	1/1/2019 	822129	14.00	7.00	7.21	28.88	103062.27	98743	0	CharlieHolbrow	
1207	0:13:49	1/1/2019 	822383	17.00	27.00	7.02	28.88	103062.27	1835	0	CharlieHolbrow	
1208	0:13:49	1/1/2019 	822723	17.00	15.00	7.01	28.88	103061.27	51891	0	CharlieHolbrow	
1209	0:13:50	1/1/2019 	823302	32.00	365.00	6.41	28.88	103060.26	1836	1	CharlieHolbrow	
1210	0:13:50	1/1/2019 	823551	25.00	136.00	6.62	28.88	103059.42	49807	1	CharlieHolbrow	
1211	0:13:50	1/1/2019 	823843	15.00	7.00	7.13	28.88	103059.42	1836	0	CharlieHolbrow	
1212	0:13:50	1/1/2019 	824189	26.00	187.00	6.59	28.88	103058.75	1834	0	CharlieHolbrow	
1213	0:13:51	1/1/2019 	824926	15.00	8.00	7.13	28.88	103057.92	49807	0	CharlieHolbrow	
1214	0:13:51	1/1/2019 	824933	18.00	43.00	6.97	28.88	103057.92	3778	0	CharlieHolbrow	
1215	0:13:52	1/1/2019 	825361	21.00	118.00	6.83	28.88	103057.25	1835	0	CharlieHolbrow	
1216	0:13:53	1/1/2019 	826316	15.00	7.00	7.13	28.88	103055.41	49808	0	CharlieHolbrow	
1217	0:13:53	1/1/2019 	826826	17.00	16.00	7.01	28.88	103054.73	49807	0	CharlieHolbrow	
1218	0:13:53	1/1/2019 	827171	19.00	54.00	6.91	28.88	103054.57	1835	0	CharlieHolbrow	
1219	0:13:54	1/1/2019 	827749	45.00	679.00	6.20	28.88	103054.06	49804	1	CharlieHolbrow	
1220	0:13:54	1/1/2019 	828035	25.00	169.00	6.63	28.88	103053.56	3778	1	CharlieHolbrow	
1221	0:13:55	1/1/2019 	829165	24.00	172.00	6.69	28.88	103053.40	49808	1	CharlieHolbrow	
1222	0:13:56	1/1/2019 	829843	15.00	7.00	7.13	28.88	103053.06	49810	0	CharlieHolbrow	
1223	0:13:57	1/1/2019 	830366	14.00	7.00	7.21	28.88	103052.90	2803	0	CharlieHolbrow	
1224	0:13:57	1/1/2019 	830655	28.00	222.00	6.51	28.88	103052.23	49809	0	CharlieHolbrow	
1225	0:13:57	1/1/2019 	830736	15.00	7.00	7.13	28.88	103052.23	1836	0	CharlieHolbrow	
1226	0:13:57	1/1/2019 	831217	14.00	7.00	7.21	28.88	103051.89	3918	0	CharlieHolbrow	
1227	0:13:58	1/1/2019 	831457	14.00	8.00	7.21	28.88	103051.89	1835	0	CharlieHolbrow	
1228	0:14:00	1/1/2019 	833328	17.00	41.00	7.03	28.88	103051.05	97780	0	CharlieHolbrow	
1229	0:14:02	1/1/2019 	835357	15.00	7.00	7.13	28.88	103048.38	97783	0	CharlieHolbrow	
1230	0:14:02	1/1/2019 	835574	21.00	77.00	6.80	28.88	103047.44	49815	0	CharlieHolbrow	
1231	0:14:04	1/1/2019 	838137	15.00	7.00	7.13	28.88	103043.92	99721	0	CharlieHolbrow	
1232	0:14:07	1/1/2019 	840560	28.00	265.00	6.52	28.88	103039.08	145752	1	CharlieHolbrow	
1233	0:14:08	1/1/2019 	841350	14.00	7.00	7.21	28.88	103038.07	2804	0	CharlieHolbrow	
1234	0:14:09	1/1/2019 	842475	18.00	63.00	6.98	28.88	103036.56	49805	0	CharlieHolbrow	
1235	0:14:11	1/1/2019 	844397	14.00	8.00	7.21	28.88	103033.89	97779	0	CharlieHolbrow	
1236	0:14:11	1/1/2019 	844650	15.00	8.00	7.13	28.88	103033.39	49807	0	CharlieHolbrow	
1237	0:14:11	1/1/2019 	845230	15.00	7.00	7.13	28.88	103033.05	3918	0	CharlieHolbrow	
1238	0:14:12	1/1/2019 	846088	14.00	8.00	7.21	28.88	103031.44	49806	1	CharlieHolbrow	
1239	0:14:15	1/1/2019 	848925	19.00	65.00	6.91	28.88	103034.05	145751	1	CharlieHolbrow	
1240	0:14:16	1/1/2019 	849843	18.00	70.00	6.98	28.88	103034.62	49812	1	CharlieHolbrow	
1241	0:14:20	1/1/2019 	853280	14.00	7.00	7.21	28.88	103042.98	146720	0	CharlieHolbrow	
1242	0:14:22	1/1/2019 	855733	20.00	104.00	6.88	28.88	103046.50	145750	1	CharlieHolbrow	
1243	0:14:24	1/1/2019 	858098	17.00	36.00	7.03	28.88	103043.48	99806	1	CharlieHolbrow	
1244	0:14:25	1/1/2019 	859188	21.00	120.00	6.83	28.88	103041.81	49807	0	CharlieHolbrow	
1245	0:14:27	1/1/2019 	860800	20.00	103.00	6.88	28.88	103039.54	97781	1	CharlieHolbrow	
1246	0:14:30	1/1/2019 	863786	19.00	70.00	6.91	28.88	103035.86	146495	1	CharlieHolbrow	
1247	0:14:34	1/1/2019 	867623	15.00	7.00	7.13	28.87	103027.55	193721	0	CharlieHolbrow	
1248	0:14:42	1/1/2019 	876070	21.00	114.00	6.82	28.87	103016.24	385607	1	CharlieHolbrow	
1249	0:14:44	1/1/2019 	877350	22.00	125.00	6.77	28.87	103015.07	57235	1	CharlieHolbrow	
1250	0:14:45	1/1/2019 	878273	23.00	137.00	6.72	28.87	103014.57	49809	0	CharlieHolbrow	
1251	0:14:45	1/1/2019 	878465	23.00	104.00	6.70	28.87	103014.57	1837	1	CharlieHolbrow	
1252	0:14:46	1/1/2019 	879771	18.00	54.00	6.97	28.87	103012.56	97779	1	CharlieHolbrow	
1253	0:14:50	1/1/2019 	883763	40.00	555.00	6.23	28.87	103013.12	194465	1	CharlieHolbrow	
1254	0:14:53	1/1/2019 	887182	19.00	68.00	6.91	28.87	103022.83	145754	0	CharlieHolbrow	
1255	0:14:55	1/1/2019 	888924	19.00	80.00	6.92	28.87	103024.00	99860	1	CharlieHolbrow	
1256	0:14:55	1/1/2019 	889052	36.00	396.00	6.28	28.87	103024.00	1836	1	CharlieHolbrow	
1257	0:14:55	1/1/2019 	889180	15.00	9.00	7.14	28.87	103023.67	1836	0	CharlieHolbrow	
1258	0:14:57	1/1/2019 	890450	18.00	56.00	6.97	28.87	103022.66	49807	1	CharlieHolbrow	
1259	0:14:57	1/1/2019 	890713	14.00	7.00	7.21	28.87	103021.66	50552	0	CharlieHolbrow	
1260	0:14:58	1/1/2019 	892104	39.00	510.00	6.24	28.87	103019.66	49806	0	CharlieHolbrow	
1261	0:15:00	1/1/2019 	893775	29.00	274.00	6.48	28.87	103014.47	99916	1	CharlieHolbrow	
1262	0:15:01	1/1/2019 	894982	26.00	233.00	6.60	28.87	103011.38	49806	1	CharlieHolbrow	
1263	0:15:01	1/1/2019 	895091	18.00	45.00	6.97	28.87	103011.38	1837	0	CharlieHolbrow	
1264	0:15:03	1/1/2019 	896489	30.00	338.00	6.47	28.87	103007.20	49807	1	CharlieHolbrow	
1265	0:15:03	1/1/2019 	897062	21.00	76.00	6.79	28.87	103005.86	49807	0	CharlieHolbrow	
1266	0:15:04	1/1/2019 	897776	48.00	735.00	6.19	28.87	103003.36	51748	1	CharlieHolbrow	
1267	0:15:05	1/1/2019 	899023	20.00	118.00	6.89	28.87	103002.18	49808	1	CharlieHolbrow	
1268	0:15:08	1/1/2019 	901480	21.00	115.00	6.82	28.86	102999.73	97779	0	CharlieHolbrow	
1269	0:15:12	1/1/2019 	905753	29.00	303.00	6.49	28.86	103001.91	242431	1	CharlieHolbrow	
1270	0:15:14	1/1/2019 	908317	35.00	438.00	6.33	28.86	103002.64	97776	1	CharlieHolbrow	
1271	0:15:17	1/1/2019 	911186	22.00	140.00	6.78	28.86	103003.65	145747	1	CharlieHolbrow	
1272	0:15:25	1/1/2019 	918721	38.00	480.00	6.26	28.86	103003.44	388467	1	CharlieHolbrow	
1273	0:15:31	1/1/2019 	924565	18.00	65.00	6.98	28.85	103001.84	289655	1	CharlieHolbrow	
1274	0:15:33	1/1/2019 	926840	16.00	15.00	7.08	28.85	103000.22	98521	1	CharlieHolbrow	
1275	0:15:34	1/1/2019 	927630	17.00	32.00	7.03	28.85	103000.22	49805	1	CharlieHolbrow	
1276	0:15:40	1/1/2019 	934118	30.00	326.00	6.46	28.85	102998.11	289664	1	CharlieHolbrow	
1277	0:15:41	1/1/2019 	934969	20.00	93.00	6.87	28.85	102997.78	50551	0	CharlieHolbrow	
1278	0:15:42	1/1/2019 	935587	21.00	109.00	6.82	28.85	102997.78	51890	1	CharlieHolbrow	
1279	0:15:42	1/1/2019 	936308	17.00	23.00	7.02	28.85	102997.11	1836	1	CharlieHolbrow	
1280	0:15:44	1/1/2019 	938413	18.00	58.00	6.97	28.85	102996.00	97779	1	CharlieHolbrow	
1281	0:15:45	1/1/2019 	939051	20.00	85.00	6.86	28.85	102995.67	49807	1	CharlieHolbrow	
1282	0:15:45	1/1/2019 	939197	21.00	89.00	6.80	28.85	102995.67	1836	1	CharlieHolbrow	
1283	0:15:46	1/1/2019 	939929	16.00	9.00	7.07	28.85	102995.33	49808	0	CharlieHolbrow	
1284	0:15:46	1/1/2019 	940355	22.00	91.00	6.75	28.85	102995.17	4735	0	CharlieHolbrow	
1285	0:15:50	1/1/2019 	944219	15.00	8.00	7.13	28.84	102993.76	193722	0	CharlieHolbrow	
1286	0:15:51	1/1/2019 	944776	14.00	8.00	7.21	28.84	102993.32	49807	0	CharlieHolbrow	
1287	0:15:52	1/1/2019 	945727	24.00	185.00	6.69	28.84	102992.98	49806	1	CharlieHolbrow	
1288	0:15:53	1/1/2019 	947419	51.00	903.00	6.26	28.84	102992.66	49809	1	CharlieHolbrow	
1289	0:15:57	1/1/2019 	950823	20.00	83.00	6.86	28.84	102991.71	195668	1	CharlieHolbrow	
1290	0:16:00	1/1/2019 	953594	19.00	87.00	6.93	28.84	102991.05	146498	1	CharlieHolbrow	
1291	0:16:02	1/1/2019 	955889	14.00	7.00	7.21	28.84	102989.77	97781	0	CharlieHolbrow	
1292	0:16:02	1/1/2019 	956056	18.00	49.00	6.97	28.84	102989.77	1836	1	CharlieHolbrow	
1293	0:16:07	1/1/2019 	961174	16.00	17.00	7.08	28.83	102988.33	241691	0	CharlieHolbrow	
1294	0:16:09	1/1/2019 	963344	16.00	18.00	7.08	28.83	102987.82	98520	1	CharlieHolbrow	
1295	0:16:12	1/1/2019 	966136	14.00	8.00	7.21	28.83	102986.55	147832	0	CharlieHolbrow	
1296	0:16:12	1/1/2019 	966260	21.00	89.00	6.80	28.83	102986.55	1836	0	CharlieHolbrow	
1297	0:16:14	1/1/2019 	968298	41.00	564.00	6.22	28.83	102984.61	97776	1	CharlieHolbrow	
1298	0:16:16	1/1/2019 	969722	21.00	111.00	6.82	28.83	102984.44	97778	0	CharlieHolbrow	
1299	0:16:18	1/1/2019 	972357	16.00	14.00	7.08	28.83	102999.50	98523	1	CharlieHolbrow	
1300	0:16:19	1/1/2019 	973322	23.00	160.00	6.74	28.83	102994.81	49806	0	CharlieHolbrow	
1301	0:16:28	1/1/2019 	981916	19.00	82.00	6.92	28.81	102529.75	435657	1	CharlieHolbrow	
1302	0:16:33	1/1/2019 	986774	16.00	12.00	7.07	28.78	102244.14	242439	0	CharlieHolbrow	
1303	0:16:34	1/1/2019 	987499	21.00	107.00	6.82	28.77	102185.23	1837	0	CharlieHolbrow	
1304	0:16:35	1/1/2019 	989188	18.00	54.00	6.97	28.75	102101.05	97809	0	CharlieHolbrow	
1305	0:16:36	1/1/2019 	990429	23.00	133.00	6.72	28.73	102020.59	49809	0	CharlieHolbrow	
1306	0:16:42	1/1/2019 	996428	15.00	8.00	7.13	28.62	101740.45	290411	1	CharlieHolbrow	
1307	0:16:42	1/1/2019 	996460	15.00	7.00	7.13	28.62	101740.45	3921	0	CharlieHolbrow	
1308	0:16:45	1/1/2019 	999437	18.00	57.00	6.97	28.55	101627.91	145749	1	CharlieHolbrow	
1309	0:16:47	1/1/2019 	1001156	17.00	40.00	7.03	28.51	101577.73	97779	1	CharlieHolbrow	
1310	0:16:49	1/1/2019 	1002741	16.00	18.00	7.08	28.47	101531.95	98522	0	CharlieHolbrow	
1311	0:16:50	1/1/2019 	1003889	14.00	8.00	7.21	28.43	101487.25	49808	0	CharlieHolbrow	
1312	0:16:51	1/1/2019 	1005376	14.00	7.00	7.21	28.39	101443.05	49807	0	CharlieHolbrow	
1313	0:16:52	1/1/2019 	1005589	15.00	8.00	7.13	28.39	101443.05	51891	1	CharlieHolbrow	
1314	0:16:57	1/1/2019 	1010786	20.00	88.00	6.86	28.23	101318.81	241691	0	CharlieHolbrow	
1315	0:16:58	1/1/2019 	1012180	27.00	240.00	6.56	28.18	101280.97	50553	1	CharlieHolbrow	
1316	0:17:00	1/1/2019 	1014158	21.00	117.00	6.82	28.12	101230.19	97781	1	CharlieHolbrow	
1317	0:17:02	1/1/2019 	1015953	29.00	278.00	6.48	28.05	101186.95	97778	0	CharlieHolbrow	
1318	0:17:02	1/1/2019 	1016131	21.00	109.00	6.82	28.05	101186.95	3921	1	CharlieHolbrow	
1319	0:17:02	1/1/2019 	1016425	21.00	98.00	6.81	28.04	101176.80	1836	1	CharlieHolbrow	
1320	0:17:11	1/1/2019 	1025115	21.00	131.00	6.84	27.77	101009.77	433575	1	CharlieHolbrow	
1321	0:17:16	1/1/2019 	1030118	16.00	10.00	7.07	27.61	100928.80	242434	0	CharlieHolbrow	
1322	0:17:17	1/1/2019 	1030882	20.00	85.00	6.86	27.59	100921.82	50549	0	CharlieHolbrow	
1323	0:17:18	1/1/2019 	1031901	15.00	8.00	7.13	27.55	100901.47	49805	0	CharlieHolbrow	
1324	0:17:22	1/1/2019 	1036379	22.00	121.00	6.77	27.43	100849.00	195803	1	CharlieHolbrow	
1325	0:17:23	1/1/2019 	1036683	19.00	50.00	6.90	27.41	100842.45	49808	0	CharlieHolbrow	
1326	0:17:24	1/1/2019 	1037786	45.00	653.00	6.19	27.38	100831.07	49806	1	CharlieHolbrow	
1327	0:17:30	1/1/2019 	1043883	25.00	105.00	6.59	27.20	100759.25	289663	1	CharlieHolbrow	
1328	0:17:41	1/1/2019 	1055188	19.00	61.00	6.91	26.84	100668.20	530262	0	CharlieHolbrow	
1329	0:17:42	1/1/2019 	1056391	15.00	8.00	7.13	26.81	100659.80	50553	0	CharlieHolbrow	
1330	0:17:42	1/1/2019 	1056449	15.00	7.00	7.13	26.81	100659.80	3921	0	CharlieHolbrow	
1331	0:17:45	1/1/2019 	1058861	23.00	158.00	6.74	26.74	100640.27	145748	0	CharlieHolbrow	
1332	0:17:51	1/1/2019 	1064786	15.00	7.00	7.13	26.57	100580.55	289660	0	CharlieHolbrow	
1333	0:17:51	1/1/2019 	1065446	23.00	131.00	6.72	26.55	100574.94	2583	0	CharlieHolbrow	
1334	0:17:52	1/1/2019 	1065565	15.00	7.00	7.13	26.54	100569.13	49805	0	CharlieHolbrow	
1335	0:17:55	1/1/2019 	1069457	21.00	104.00	6.81	26.45	100522.88	145749	1	CharlieHolbrow	
1336	0:17:59	1/1/2019 	1072739	15.00	8.00	7.13	26.36	100495.45	195811	0	CharlieHolbrow	
1337	0:18:02	1/1/2019 	1075781	15.00	8.00	7.13	26.29	100470.98	146495	0	CharlieHolbrow	
1338	0:18:05	1/1/2019 	1079053	21.00	77.00	6.80	26.21	100445.44	145750	1	CharlieHolbrow	
1339	0:18:10	1/1/2019 	1083784	23.00	131.00	6.72	26.10	100401.73	241696	0	CharlieHolbrow	
1340	0:18:19	1/1/2019 	1093211	21.00	93.00	6.81	25.88	100340.26	434332	1	CharlieHolbrow	
1341	0:18:19	1/1/2019 	1093369	24.00	121.00	6.66	25.88	100340.26	4717	1	CharlieHolbrow	
1342	0:18:20	1/1/2019 	1093911	23.00	140.00	6.72	25.87	100333.62	49809	1	CharlieHolbrow	
1343	0:18:22	1/1/2019 	1095695	15.00	7.00	7.13	25.82	100309.03	97784	0	CharlieHolbrow	
1344	0:18:25	1/1/2019 	1098824	15.00	8.00	7.13	25.75	100293.79	145750	0	CharlieHolbrow	
1345	0:18:28	1/1/2019 	1102331	16.00	8.00	7.06	25.68	100274.15	145751	0	CharlieHolbrow	
1346	0:18:29	1/1/2019 	1102599	17.00	14.00	7.01	25.68	100274.15	50553	1	CharlieHolbrow	
1347	0:18:31	1/1/2019 	1104925	17.00	11.00	7.00	25.62	100264.84	99863	0	CharlieHolbrow	
1348	0:18:32	1/1/2019 	1106443	28.00	232.00	6.51	25.59	100260.16	49808	1	CharlieHolbrow	
1349	0:18:42	1/1/2019 	1116333	16.00	8.00	7.06	25.36	100210.52	481542	0	CharlieHolbrow	
1350	0:18:44	1/1/2019 	1118227	21.00	85.00	6.80	25.32	100201.56	98521	0	CharlieHolbrow	
1351	0:18:48	1/1/2019 	1122390	17.00	15.00	7.01	25.23	100168.05	193721	0	CharlieHolbrow	
1352	0:18:53	1/1/2019 	1126812	39.00	506.00	6.24	25.13	100156.04	242432	0	CharlieHolbrow	
1353	0:18:53	1/1/2019 	1127124	16.00	8.00	7.06	25.13	100156.04	3923	1	CharlieHolbrow	
1354	0:18:55	1/1/2019 	1128995	18.00	36.00	6.96	25.09	100150.08	97776	1	CharlieHolbrow	
1355	0:18:56	1/1/2019 	1130317	16.00	10.00	7.07	25.06	100147.64	49808	0	CharlieHolbrow	
1356	0:18:58	1/1/2019 	1131824	21.00	85.00	6.80	25.02	100142.45	98522	1	CharlieHolbrow	
1357	0:19:00	1/1/2019 	1133691	34.00	374.00	6.34	24.99	100137.96	97777	0	CharlieHolbrow	
1358	0:19:02	1/1/2019 	1135916	16.00	8.00	7.06	24.94	100130.48	97778	1	CharlieHolbrow	
1359	0:19:02	1/1/2019 	1136002	28.00	216.00	6.50	24.94	100130.48	3923	0	CharlieHolbrow	
1360	0:19:03	1/1/2019 	1136945	22.00	135.00	6.78	24.92	100125.10	49809	1	CharlieHolbrow	
1361	0:19:03	1/1/2019 	1137366	15.00	7.00	7.13	24.91	100121.41	1836	0	CharlieHolbrow	
1362	0:19:04	1/1/2019 	1137819	20.00	67.00	6.85	24.90	100117.56	49805	1	CharlieHolbrow	
1363	0:19:06	1/1/2019 	1140178	16.00	7.00	7.06	24.86	100102.56	97782	0	CharlieHolbrow	
1364	0:19:07	1/1/2019 	1140634	28.00	239.00	6.51	24.85	100099.03	52689	1	CharlieHolbrow	
1365	0:19:08	1/1/2019 	1141738	18.00	31.00	6.96	24.82	100086.91	49807	0	CharlieHolbrow	
1366	0:19:12	1/1/2019 	1146347	22.00	104.00	6.76	24.72	100053.70	193721	1	CharlieHolbrow	
1367	0:19:13	1/1/2019 	1146872	24.00	130.00	6.66	24.71	100049.67	49811	1	CharlieHolbrow	
1368	0:19:13	1/1/2019 	1147150	21.00	74.00	6.79	24.71	100049.67	1837	0	CharlieHolbrow	
1369	0:19:20	1/1/2019 	1153599	18.00	26.00	6.96	24.58	100018.04	337638	0	CharlieHolbrow	
1370	0:19:20	1/1/2019 	1154000	17.00	8.00	6.99	24.57	100014.70	4718	0	CharlieHolbrow	
1371	0:19:21	1/1/2019 	1154553	25.00	147.00	6.62	24.57	100012.42	49807	1	CharlieHolbrow	
1372	0:19:21	1/1/2019 	1155282	26.00	124.00	6.56	24.56	100010.39	1838	1	CharlieHolbrow	
1373	0:19:21	1/1/2019 	1155405	27.00	188.00	6.54	24.55	100009.05	1836	1	CharlieHolbrow	
1374	0:19:22	1/1/2019 	1156062	20.00	79.00	6.86	24.54	100008.17	49806	0	CharlieHolbrow	
1375	0:19:25	1/1/2019 	1159373	16.00	8.00	7.06	24.46	100006.05	145748	0	CharlieHolbrow	
1376	0:19:26	1/1/2019 	1160052	16.00	8.00	7.06	24.46	100005.59	51753	0	CharlieHolbrow	
1377	0:19:29	1/1/2019 	1162484	16.00	8.00	7.06	24.40	99997.12	98526	0	CharlieHolbrow	
1378	0:19:30	1/1/2019 	1164178	16.00	8.00	7.06	24.37	99990.08	97783	0	CharlieHolbrow	
1379	0:19:33	1/1/2019 	1167253	16.00	8.00	7.06	24.32	99978.17	145751	0	CharlieHolbrow	
1380	0:19:34	1/1/2019 	1168171	35.00	367.00	6.30	24.30	99971.57	49807	0	CharlieHolbrow	
1381	0:19:37	1/1/2019 	1171324	22.00	105.00	6.76	24.24	99952.89	145754	1	CharlieHolbrow	
1382	0:19:42	1/1/2019 	1176428	28.00	241.00	6.51	24.13	99938.10	244598	1	CharlieHolbrow	
1383	0:19:46	1/1/2019 	1180143	18.00	32.00	6.96	24.06	99930.33	193725	1	CharlieHolbrow	
1384	0:19:52	1/1/2019 	1186361	17.00	9.00	7.00	23.95	99910.34	290412	0	CharlieHolbrow	
1385	0:19:53	1/1/2019 	1187383	20.00	70.00	6.85	23.93	99906.06	49809	0	CharlieHolbrow	
1386	0:19:56	1/1/2019 	1189825	22.00	96.00	6.75	23.88	99894.05	145751	1	CharlieHolbrow	
1387	0:19:57	1/1/2019 	1190579	16.00	8.00	7.06	23.86	99892.58	52690	0	CharlieHolbrow	
1388	0:19:58	1/1/2019 	1191683	40.00	455.00	6.20	23.84	99890.69	49807	0	CharlieHolbrow	
1389	0:19:58	1/1/2019 	1191770	16.00	8.00	7.06	23.84	99890.69	1836	0	CharlieHolbrow	
1390	0:19:59	1/1/2019 	1192883	16.00	8.00	7.06	23.83	99887.38	49808	0	CharlieHolbrow	
1391	0:19:59	1/1/2019 	1193372	34.00	342.00	6.32	23.82	99885.04	1839	1	CharlieHolbrow	
1392	0:20:00	1/1/2019 	1193917	25.00	168.00	6.63	23.81	99883.09	49808	0	CharlieHolbrow	
1393	0:20:06	1/1/2019 	1199494	16.00	8.00	7.06	23.70	99858.95	243636	0	CharlieHolbrow	
1394	0:20:10	1/1/2019 	1202618	27.00	226.00	6.55	23.65	99842.77	193727	1	CharlieHolbrow	
1395	0:20:10	1/1/2019 	1202765	16.00	8.00	7.06	23.65	99842.77	2582	0	CharlieHolbrow	
1396	0:20:15	1/1/2019 	1208556	21.00	89.00	6.80	23.54	99822.64	289670	1	CharlieHolbrow	
1397	0:20:17	1/1/2019 	1210241	17.00	17.00	7.01	23.52	99820.14	49809	0	CharlieHolbrow	
1398	0:20:19	1/1/2019 	1211642	22.00	116.00	6.76	23.49	99818.89	98525	1	CharlieHolbrow	
1399	0:20:19	1/1/2019 	1211869	18.00	18.00	6.95	23.49	99818.89	3978	1	CharlieHolbrow	
1400	0:20:20	1/1/2019 	1212994	16.00	8.00	7.06	23.47	99815.44	49805	0	CharlieHolbrow	
1401	0:20:20	1/1/2019 	1213586	18.00	12.00	6.94	23.46	99809.67	49806	0	CharlieHolbrow	
1402	0:20:22	1/1/2019 	1214712	17.00	8.00	6.99	23.44	99804.98	49806	0	CharlieHolbrow	
1403	0:20:22	1/1/2019 	1215551	16.00	8.00	7.06	23.42	99802.34	49807	0	CharlieHolbrow	
1404	0:20:26	1/1/2019 	1219314	29.00	247.00	6.47	23.36	99793.70	145752	1	CharlieHolbrow	
1405	0:20:28	1/1/2019 	1220890	18.00	32.00	6.96	23.34	99789.14	99727	0	CharlieHolbrow	
1406	0:20:30	1/1/2019 	1223187	34.00	376.00	6.34	23.30	99781.85	98527	1	CharlieHolbrow	
1407	0:20:33	1/1/2019 	1225781	20.00	55.00	6.84	23.25	99768.88	145760	0	CharlieHolbrow	
1408	0:20:40	1/1/2019 	1232983	16.00	8.00	7.06	23.14	99732.61	337651	0	CharlieHolbrow	
1409	0:20:43	1/1/2019 	1236088	16.00	8.00	7.06	23.09	99721.53	146499	0	CharlieHolbrow	
1410	0:20:45	1/1/2019 	1237671	26.00	179.00	6.59	23.06	99706.78	97781	0	CharlieHolbrow	
1411	0:20:48	1/1/2019 	1240629	26.00	179.00	6.59	23.01	99700.31	147841	1	CharlieHolbrow	
1412	0:20:48	1/1/2019 	1241462	24.00	98.00	6.64	23.00	99701.02	2583	0	CharlieHolbrow	
1413	0:20:51	1/1/2019 	1243880	24.00	132.00	6.66	22.96	99693.38	145752	0	CharlieHolbrow	
1414	0:20:58	1/1/2019 	1251367	17.00	9.00	7.00	22.84	99665.57	337648	0	CharlieHolbrow	
1415	0:20:59	1/1/2019 	1251903	18.00	15.00	6.94	22.83	99662.24	50554	0	CharlieHolbrow	
1416	0:21:04	1/1/2019 	1256914	20.00	52.00	6.84	22.75	99650.73	243787	0	CharlieHolbrow	
1417	0:21:05	1/1/2019 	1258328	21.00	73.00	6.79	22.73	99651.73	49808	1	CharlieHolbrow	
1418	0:21:08	1/1/2019 	1261433	17.00	9.00	7.00	22.69	99649.59	145755	0	CharlieHolbrow	
1419	0:21:09	1/1/2019 	1262583	17.00	9.00	7.00	22.67	99647.20	98523	0	CharlieHolbrow	
1420	0:21:12	1/1/2019 	1264993	23.00	119.00	6.71	22.63	99644.09	97778	1	CharlieHolbrow	
1421	0:21:16	1/1/2019 	1268899	17.00	10.00	7.00	22.56	99638.05	193720	0	CharlieHolbrow	
1422	0:21:20	1/1/2019 	1273491	17.00	10.00	7.00	22.50	99626.31	195803	0	CharlieHolbrow	
1423	0:21:21	1/1/2019 	1274293	21.00	65.00	6.79	22.48	99624.45	50552	1	CharlieHolbrow	
1424	0:21:22	1/1/2019 	1275595	32.00	316.00	6.38	22.47	99621.06	97775	1	CharlieHolbrow	
1425	0:21:23	1/1/2019 	1276179	19.00	42.00	6.90	22.46	99619.16	1836	1	CharlieHolbrow	
1426	0:21:26	1/1/2019 	1279175	19.00	42.00	6.90	22.42	99607.52	145745	0	CharlieHolbrow	
1427	0:21:29	1/1/2019 	1281928	21.00	74.00	6.79	22.37	99597.04	145747	1	CharlieHolbrow	
1428	0:21:30	1/1/2019 	1283160	25.00	150.00	6.62	22.36	99593.26	52703	0	CharlieHolbrow	
1429	0:21:32	1/1/2019 	1284700	31.00	279.00	6.40	22.34	99588.63	97777	0	CharlieHolbrow	
1430	0:21:39	1/1/2019 	1291674	17.00	8.00	6.99	22.24	99580.62	337631	0	CharlieHolbrow	
1431	0:21:39	1/1/2019 	1292494	16.00	8.00	7.06	22.22	99578.40	2826	0	CharlieHolbrow	
1432	0:21:40	1/1/2019 	1293179	19.00	25.00	6.89	22.22	99577.98	49805	0	CharlieHolbrow	
1433	0:21:42	1/1/2019 	1294833	16.00	8.00	7.06	22.19	99577.33	97777	0	CharlieHolbrow	
1434	0:21:42	1/1/2019 	1295175	49.00	690.00	6.16	22.19	99576.55	3923	1	CharlieHolbrow	
1435	0:21:43	1/1/2019 	1296163	53.00	929.00	6.31	22.17	99574.61	49808	1	CharlieHolbrow	
1436	0:21:57	1/1/2019 	1309869	21.00	77.00	6.80	21.98	99549.78	673423	0	CharlieHolbrow	
1437	0:22:00	1/1/2019 	1312655	22.00	89.00	6.74	21.95	99541.98	146737	1	CharlieHolbrow	
1438	0:22:00	1/1/2019 	1312916	27.00	182.00	6.54	21.95	99541.98	1837	1	CharlieHolbrow	
1439	0:22:02	1/1/2019 	1314819	16.00	8.00	7.06	21.92	99535.84	97777	0	CharlieHolbrow	
1440	0:22:03	1/1/2019 	1316489	51.00	811.00	6.19	21.89	99530.86	51951	0	CharlieHolbrow	
1441	0:22:07	1/1/2019 	1319753	48.00	672.00	6.16	21.85	99522.95	193722	1	CharlieHolbrow	
1442	0:22:07	1/1/2019 	1319758	31.00	260.00	6.39	21.85	99522.95	2823	1	CharlieHolbrow	
1443	0:22:15	1/1/2019 	1327724	23.00	104.00	6.70	21.75	99505.47	385614	1	CharlieHolbrow	
1444	0:22:17	1/1/2019 	1330100	20.00	50.00	6.84	21.71	99501.30	97781	1	CharlieHolbrow	
1445	0:22:20	1/1/2019 	1332760	22.00	87.00	6.74	21.68	99495.00	148823	1	CharlieHolbrow	
1446	0:22:20	1/1/2019 	1332805	26.00	159.00	6.58	21.68	99495.00	1837	1	CharlieHolbrow	
1447	0:22:23	1/1/2019 	1336440	17.00	8.00	6.99	21.64	99483.94	145749	0	CharlieHolbrow	
1448	0:22:24	1/1/2019 	1336704	17.00	8.00	6.99	21.63	99482.66	49806	0	CharlieHolbrow	
1449	0:22:24	1/1/2019 	1337254	20.00	25.00	6.83	21.62	99481.97	1835	1	CharlieHolbrow	
1450	0:22:25	1/1/2019 	1337815	19.00	35.00	6.90	21.62	99480.89	49806	0	CharlieHolbrow	
1451	0:22:25	1/1/2019 	1337840	23.00	104.00	6.70	21.62	99480.89	3783	0	CharlieHolbrow	
1452	0:22:25	1/1/2019 	1338048	30.00	221.00	6.42	21.62	99480.89	1835	1	CharlieHolbrow	
1453	0:22:25	1/1/2019 	1338442	28.00	168.00	6.49	21.61	99479.70	1836	1	CharlieHolbrow	
1454	0:22:36	1/1/2019 	1349099	25.00	155.00	6.63	21.48	99454.54	529524	1	CharlieHolbrow	
1455	0:22:38	1/1/2019 	1351327	30.00	261.00	6.43	21.44	99448.38	98768	1	CharlieHolbrow	
1456	0:22:41	1/1/2019 	1353776	23.00	115.00	6.71	21.41	99440.61	146745	1	CharlieHolbrow	
1457	0:22:42	1/1/2019 	1355163	17.00	8.00	6.99	21.39	99437.56	51897	0	CharlieHolbrow	
1458	0:22:44	1/1/2019 	1357345	21.00	69.00	6.79	21.37	99431.86	97782	1	CharlieHolbrow	
1459	0:22:50	1/1/2019 	1363005	30.00	249.00	6.43	21.30	99419.31	289666	1	CharlieHolbrow	
1460	0:22:54	1/1/2019 	1366880	22.00	82.00	6.74	21.25	99409.55	194710	1	CharlieHolbrow	
1461	0:22:54	1/1/2019 	1367058	19.00	17.00	6.88	21.25	99409.55	1838	0	CharlieHolbrow	
1462	0:22:56	1/1/2019 	1369169	29.00	225.00	6.46	21.23	99405.91	97778	0	CharlieHolbrow	
1463	0:22:56	1/1/2019 	1369447	25.00	140.00	6.62	21.22	99404.51	3946	1	CharlieHolbrow	
1464	0:22:57	1/1/2019 	1369625	19.00	29.00	6.89	21.22	99404.51	49808	1	CharlieHolbrow	
1465	0:22:59	1/1/2019 	1372592	30.00	248.00	6.43	21.18	99396.27	146740	1	CharlieHolbrow	
1466	0:23:01	1/1/2019 	1373724	22.00	60.00	6.73	21.17	99394.51	49808	0	CharlieHolbrow	
1467	0:23:03	1/1/2019 	1376595	30.00	260.00	6.43	21.14	99386.20	145754	1	CharlieHolbrow	
1468	0:23:07	1/1/2019 	1380584	21.00	62.00	6.79	21.09	99376.05	193724	0	CharlieHolbrow	
1469	0:23:12	1/1/2019 	1385282	23.00	113.00	6.71	21.04	99364.41	196828	1	CharlieHolbrow	
1470	0:23:13	1/1/2019 	1386259	27.00	159.00	6.53	21.03	99362.67	49808	0	CharlieHolbrow	
1471	0:23:16	1/1/2019 	1389404	22.00	97.00	6.75	20.99	99353.62	145752	0	CharlieHolbrow	
1472	0:23:17	1/1/2019 	1390417	24.00	132.00	6.66	20.97	99351.69	49808	0	CharlieHolbrow	
1473	0:23:20	1/1/2019 	1392777	29.00	250.00	6.47	20.95	99347.23	146744	1	CharlieHolbrow	
1474	0:23:21	1/1/2019 	1393781	30.00	255.00	6.43	20.94	99343.72	51929	0	CharlieHolbrow	
1475	0:23:21	1/1/2019 	1394198	18.00	8.00	6.93	20.93	99341.78	1837	0	CharlieHolbrow	
1476	0:23:22	1/1/2019 	1394793	18.00	9.00	6.93	20.93	99340.64	49804	0	CharlieHolbrow	
1477	0:23:26	1/1/2019 	1399366	17.00	9.00	7.00	20.88	99328.45	193715	0	CharlieHolbrow	
1478	0:23:35	1/1/2019 	1408125	23.00	115.00	6.71	20.78	99308.48	433575	0	CharlieHolbrow	
1479	0:23:35	1/1/2019 	1408450	26.00	136.00	6.57	20.77	99306.91	2823	1	CharlieHolbrow	
1480	0:23:37	1/1/2019 	1410437	17.00	8.00	6.99	20.75	99303.88	99891	0	CharlieHolbrow	
1481	0:23:38	1/1/2019 	1410886	17.00	8.00	6.99	20.75	99303.88	50801	1	CharlieHolbrow	
1482	0:23:45	1/1/2019 	1417859	17.00	8.00	6.99	20.68	99288.09	337632	0	CharlieHolbrow	
1483	0:23:45	1/1/2019 	1417999	54.00	788.00	6.17	20.67	99286.25	1836	0	CharlieHolbrow	
1484	0:23:46	1/1/2019 	1419044	35.00	383.00	6.31	20.66	99282.93	49805	1	CharlieHolbrow	
1485	0:23:48	1/1/2019 	1421492	27.00	182.00	6.54	20.63	99276.64	97779	1	CharlieHolbrow	
1486	0:23:49	1/1/2019 	1422188	29.00	237.00	6.47	20.63	99275.45	56389	1	CharlieHolbrow	
1487	0:23:53	1/1/2019 	1425880	28.00	201.00	6.50	20.59	99265.59	193721	1	CharlieHolbrow	
1488	0:23:55	1/1/2019 	1427723	22.00	83.00	6.74	20.57	99260.91	97779	0	CharlieHolbrow	
1489	0:23:58	1/1/2019 	1431168	20.00	34.00	6.83	20.53	99258.39	145755	0	CharlieHolbrow	
1490	0:23:58	1/1/2019 	1431548	25.00	142.00	6.62	20.53	99257.20	50794	1	CharlieHolbrow	
1491	0:24:01	1/1/2019 	1433981	17.00	8.00	6.99	20.51	99253.67	97779	0	CharlieHolbrow	
1492	0:24:03	1/1/2019 	1436461	17.00	8.00	6.99	20.48	99251.59	99889	0	CharlieHolbrow	
1493	0:24:04	1/1/2019 	1436829	24.00	123.00	6.66	20.48	99251.41	49807	1	CharlieHolbrow	
1494	0:24:07	1/1/2019 	1440180	21.00	51.00	6.78	20.44	99243.70	145752	1	CharlieHolbrow	
1495	0:24:20	1/1/2019 	1452869	38.00	420.00	6.24	20.31	99221.80	626453	1	CharlieHolbrow	
1496	0:24:20	1/1/2019 	1453188	26.00	124.00	6.56	20.31	99221.47	2822	0	CharlieHolbrow	
1497	0:24:31	1/1/2019 	1464124	17.00	9.00	7.00	20.20	99201.33	531627	0	CharlieHolbrow	
1498	0:24:33	1/1/2019 	1466458	18.00	13.00	6.94	20.18	99196.16	98764	1	CharlieHolbrow	
1499	0:24:36	1/1/2019 	1468814	25.00	134.00	6.61	20.15	99192.03	145753	1	CharlieHolbrow	
1500	0:24:40	1/1/2019 	1472925	24.00	131.00	6.66	20.11	99183.45	193721	1	CharlieHolbrow	
1501	0:24:41	1/1/2019 	1474246	19.00	29.00	6.89	20.10	99181.12	50798	1	CharlieHolbrow	
1502	0:24:41	1/1/2019 	1474448	19.00	24.00	6.89	20.10	99180.44	1842	1	CharlieHolbrow	
1503	0:24:45	1/1/2019 	1478233	25.00	136.00	6.62	20.06	99176.80	195830	1	CharlieHolbrow	
1504	0:24:47	1/1/2019 	1479659	25.00	139.00	6.62	20.05	99172.77	97783	1	CharlieHolbrow	
1505	0:24:54	1/1/2019 	1487181	19.00	32.00	6.90	19.98	99160.64	338623	0	CharlieHolbrow	
1506	0:24:56	1/1/2019 	1489078	17.00	9.00	7.00	19.96	99158.59	97779	0	CharlieHolbrow	
1507	0:24:59	1/1/2019 	1492179	49.00	704.00	6.17	19.93	99153.33	145752	1	CharlieHolbrow	
1508	0:24:59	1/1/2019 	1492443	20.00	25.00	6.83	19.93	99152.31	2823	1	CharlieHolbrow	
1509	0:25:00	1/1/2019 	1492962	20.00	43.00	6.84	19.92	99151.72	51971	0	CharlieHolbrow	
1510	0:25:02	1/1/2019 	1495136	24.00	120.00	6.66	19.90	99149.51	97780	1	CharlieHolbrow	
1511	0:25:02	1/1/2019 	1495236	22.00	73.00	6.73	19.90	99149.51	1836	0	CharlieHolbrow	
1512	0:25:03	1/1/2019 	1496476	27.00	185.00	6.54	19.89	99146.89	49806	1	CharlieHolbrow	
1513	0:25:04	1/1/2019 	1496877	17.00	8.00	6.99	19.89	99146.89	49809	0	CharlieHolbrow	
1514	0:25:07	1/1/2019 	1500354	30.00	272.00	6.44	19.86	99140.28	145752	1	CharlieHolbrow	
1515	0:25:09	1/1/2019 	1501650	17.00	118.00	7.09	19.85	99137.98	100876	1	CharlieHolbrow	
1516	0:25:14	1/1/2019 	1506778	23.00	97.00	6.69	19.80	99130.83	241696	0	CharlieHolbrow	
1517	0:25:14	1/1/2019 	1506957	21.00	42.00	6.78	19.80	99129.69	1838	1	CharlieHolbrow	
1518	0:25:16	1/1/2019 	1509484	24.00	112.00	6.65	19.78	99123.42	97779	1	CharlieHolbrow	
1519	0:25:16	1/1/2019 	1509723	32.00	271.00	6.36	19.78	99123.42	49811	0	CharlieHolbrow	
1520	0:25:19	1/1/2019 	1512329	17.00	9.00	7.00	19.75	99120.86	98763	0	CharlieHolbrow	
1521	0:25:20	1/1/2019 	1513284	28.00	217.00	6.51	19.74	99119.19	51917	1	CharlieHolbrow	
1522	0:25:21	1/1/2019 	1514088	24.00	120.00	6.66	19.74	99117.59	49808	0	CharlieHolbrow	
1523	0:25:22	1/1/2019 	1514940	18.00	8.00	6.93	19.73	99116.41	49808	0	CharlieHolbrow	
1524	0:25:24	1/1/2019 	1517293	34.00	332.00	6.32	19.71	99111.50	97779	1	CharlieHolbrow	
1525	0:25:30	1/1/2019 	1523117	17.00	8.00	6.99	19.66	99102.24	289664	0	CharlieHolbrow	
1526	0:25:31	1/1/2019 	1523830	17.00	8.00	6.99	19.65	99101.39	52904	0	CharlieHolbrow	
1527	0:25:38	1/1/2019 	1531600	20.00	45.00	6.84	19.58	99087.47	385609	0	CharlieHolbrow	
1528	0:25:41	1/1/2019 	1534575	34.00	354.00	6.33	19.56	99082.95	146738	0	CharlieHolbrow	
1529	0:25:41	1/1/2019 	1534767	17.00	8.00	6.99	19.56	99082.09	1836	0	CharlieHolbrow	
1530	0:25:46	1/1/2019 	1539499	28.00	201.00	6.50	19.52	99074.31	193719	1	CharlieHolbrow	
1531	0:25:47	1/1/2019 	1540016	23.00	115.00	6.71	19.52	99073.72	49837	1	CharlieHolbrow	
1532	0:25:56	1/1/2019 	1549462	18.00	16.00	6.94	19.44	99062.92	436673	1	CharlieHolbrow	
1533	0:25:58	1/1/2019 	1551146	23.00	107.00	6.70	19.43	99060.47	97779	1	CharlieHolbrow	
1534	0:26:01	1/1/2019 	1554076	17.00	8.00	6.99	19.41	99056.69	146738	0	CharlieHolbrow	
1535	0:26:04	1/1/2019 	1556942	38.00	437.00	6.24	19.38	99053.45	145752	0	CharlieHolbrow	
1536	0:26:04	1/1/2019 	1557773	23.00	99.00	6.70	19.38	99052.05	49810	1	CharlieHolbrow	
1537	0:26:10	1/1/2019 	1562961	32.00	322.00	6.38	19.34	99046.50	241694	1	CharlieHolbrow	
1538	0:26:10	1/1/2019 	1563303	19.00	17.00	6.88	19.33	99046.08	4933	0	CharlieHolbrow	
1539	0:26:10	1/1/2019 	1563768	25.00	122.00	6.61	19.33	99045.10	49807	0	CharlieHolbrow	
1540	0:26:15	1/1/2019 	1568566	19.00	12.00	6.87	19.29	99038.86	241699	1	CharlieHolbrow	
1541	0:26:19	1/1/2019 	1572449	21.00	57.00	6.78	19.26	99032.75	145752	0	CharlieHolbrow	
1542	0:26:20	1/1/2019 	1572781	22.00	74.00	6.74	19.26	99032.75	50795	1	CharlieHolbrow	
1543	0:26:23	1/1/2019 	1576097	34.00	355.00	6.33	19.24	99027.55	145751	0	CharlieHolbrow	
1544	0:26:28	1/1/2019 	1581684	34.00	351.00	6.33	19.20	99020.00	295227	0	CharlieHolbrow	
1545	0:26:29	1/1/2019 	1582655	31.00	263.00	6.39	19.19	99018.06	50797	1	CharlieHolbrow	
1546	0:26:34	1/1/2019 	1586876	19.00	31.00	6.90	19.16	99013.27	193728	0	CharlieHolbrow	
1547	0:26:35	1/1/2019 	1588748	23.00	103.00	6.70	19.15	99009.77	97784	1	CharlieHolbrow	
1548	0:26:37	1/1/2019 	1590598	21.00	66.00	6.79	19.13	99007.58	97782	1	CharlieHolbrow	
1549	0:26:41	1/1/2019 	1593999	21.00	58.00	6.79	19.11	99001.66	148850	1	CharlieHolbrow	
1550	0:26:48	1/1/2019 	1601079	24.00	131.00	6.66	19.06	98991.91	337648	0	CharlieHolbrow	
1551	0:26:51	1/1/2019 	1604706	24.00	134.00	6.67	19.03	98987.87	194712	0	CharlieHolbrow	
1552	0:26:54	1/1/2019 	1607381	22.00	103.00	6.75	19.01	98984.44	97782	1	CharlieHolbrow	
1553	0:26:56	1/1/2019 	1608840	16.00	8.00	7.06	19.00	98983.23	97780	0	CharlieHolbrow	
1554	0:26:57	1/1/2019 	1610674	46.00	608.00	6.15	18.99	98979.66	97780	1	CharlieHolbrow	
1555	0:27:00	1/1/2019 	1613730	26.00	149.00	6.57	18.97	98975.55	148849	1	CharlieHolbrow	
1556	0:27:03	1/1/2019 	1616378	17.00	9.00	7.00	18.95	98971.86	97780	0	CharlieHolbrow	
1557	0:27:04	1/1/2019 	1617603	25.00	120.00	6.61	18.94	98969.34	97778	1	CharlieHolbrow	
1558	0:27:04	1/1/2019 	1617619	19.00	12.00	6.87	18.94	98969.34	1837	0	CharlieHolbrow	
1559	0:27:06	1/1/2019 	1618810	17.00	9.00	7.00	18.93	98967.77	49807	0	CharlieHolbrow	
1560	0:27:08	1/1/2019 	1621569	25.00	145.00	6.62	18.92	98965.55	145749	1	CharlieHolbrow	
1561	0:27:13	1/1/2019 	1625957	11.00	10.00	7.46	18.88	98959.44	196818	0	CharlieHolbrow	
1562	0:27:14	1/1/2019 	1627057	17.00	8.00	6.99	18.88	98958.92	49809	0	CharlieHolbrow	
1563	0:27:23	1/1/2019 	1636074	24.00	88.00	6.63	18.82	98945.78	433577	1	CharlieHolbrow	
1564	0:27:25	1/1/2019 	1638441	22.00	77.00	6.74	18.81	98944.08	98764	1	CharlieHolbrow	
1565	0:27:26	1/1/2019 	1639347	31.00	280.00	6.40	18.80	98942.02	49809	1	CharlieHolbrow	
1566	0:27:27	1/1/2019 	1640251	24.00	119.00	6.66	18.79	98939.77	49808	1	CharlieHolbrow	
1567	0:27:29	1/1/2019 	1642682	18.00	12.00	6.94	18.78	98936.82	148846	0	CharlieHolbrow	
1568	0:27:31	1/1/2019 	1644488	21.00	46.00	6.78	18.76	98934.97	49807	1	CharlieHolbrow	
1569	0:27:32	1/1/2019 	1645083	25.00	128.00	6.61	18.76	98934.70	49808	1	CharlieHolbrow	
1570	0:27:37	1/1/2019 	1650295	24.00	121.00	6.66	18.72	98927.58	241696	1	CharlieHolbrow	
1571	0:27:38	1/1/2019 	1650831	17.00	8.00	6.99	18.72	98927.00	50796	0	CharlieHolbrow	
1572	0:27:38	1/1/2019 	1651385	24.00	209.00	6.70	18.72	98926.24	1835	0	CharlieHolbrow	
1573	0:27:40	1/1/2019 	1652896	17.00	8.00	6.99	18.71	98923.75	103373	0	CharlieHolbrow	
1574	0:27:40	1/1/2019 	1653377	25.00	124.00	6.61	18.70	98922.58	1836	1	CharlieHolbrow	
1575	0:27:48	1/1/2019 	1661683	17.00	9.00	7.00	18.65	98913.17	433581	0	CharlieHolbrow	
1576	0:27:52	1/1/2019 	1665298	24.00	109.00	6.65	18.63	98907.75	146737	1	CharlieHolbrow	
1577	0:27:53	1/1/2019 	1666363	17.00	8.00	6.99	18.62	98906.08	49809	0	CharlieHolbrow	
1578	0:27:56	1/1/2019 	1669243	30.00	241.00	6.43	18.60	98904.03	147864	0	CharlieHolbrow	
1579	0:27:58	1/1/2019 	1671104	18.00	11.00	6.94	18.59	98900.78	97784	0	CharlieHolbrow	
1580	0:28:00	1/1/2019 	1673480	24.00	119.00	6.66	18.58	98898.58	98768	1	CharlieHolbrow	
1581	0:28:02	1/1/2019 	1675242	21.00	67.00	6.79	18.57	98896.74	97783	1	CharlieHolbrow	
1582	0:28:07	1/1/2019 	1680358	17.00	8.00	6.99	18.54	98891.95	241702	0	CharlieHolbrow	
1583	0:28:08	1/1/2019 	1681026	44.00	535.00	6.15	18.53	98889.89	50795	1	CharlieHolbrow	
1584	0:28:18	1/1/2019 	1690923	32.00	257.00	6.35	18.48	98878.25	483686	0	CharlieHolbrow	
1585	0:28:21	1/1/2019 	1694687	20.00	34.00	6.83	18.46	98873.16	194714	0	CharlieHolbrow	
1586	0:28:22	1/1/2019 	1695471	22.00	89.00	6.74	18.45	98871.97	1836	1	CharlieHolbrow	
1587	0:28:26	1/1/2019 	1698996	19.00	26.00	6.89	18.43	98869.00	193728	0	CharlieHolbrow	
1588	0:28:30	1/1/2019 	1703084	24.00	124.00	6.66	18.41	98862.89	193729	1	CharlieHolbrow	
1589	0:28:31	1/1/2019 	1704047	30.00	236.00	6.43	18.40	98862.63	50795	0	CharlieHolbrow	
1590	0:28:36	1/1/2019 	1709564	18.00	11.00	6.94	18.37	98855.64	291785	0	CharlieHolbrow	
1591	0:28:39	1/1/2019 	1712727	23.00	109.00	6.70	18.35	98851.12	146742	1	CharlieHolbrow	
1592	0:28:40	1/1/2019 	1713490	18.00	13.00	6.94	18.35	98850.54	1841	0	CharlieHolbrow	
1593	0:28:41	1/1/2019 	1713966	37.00	397.00	6.26	18.35	98849.95	49808	1	CharlieHolbrow	
1594	0:28:42	1/1/2019 	1715416	36.00	359.00	6.27	18.34	98848.84	49810	1	CharlieHolbrow	
1595	0:28:43	1/1/2019 	1715925	51.00	748.00	6.17	18.33	98848.16	49810	0	CharlieHolbrow	
1596	0:28:46	1/1/2019 	1719586	21.00	71.00	6.79	18.32	98843.58	195839	1	CharlieHolbrow	
1597	0:28:54	1/1/2019 	1727210	24.00	130.00	6.66	18.27	98834.53	338625	1	CharlieHolbrow	
1598	0:28:56	1/1/2019 	1728892	32.00	289.00	6.37	18.26	98832.22	97782	1	CharlieHolbrow	
1599	0:29:01	1/1/2019 	1734005	22.00	14.00	6.70	18.24	98827.19	241699	0	CharlieHolbrow	
1600	0:29:03	1/1/2019 	1736678	32.00	286.00	6.37	18.22	98823.91	146742	1	CharlieHolbrow	
1601	0:29:04	1/1/2019 	1736919	31.00	257.00	6.39	18.22	98823.66	7366	1	CharlieHolbrow	
1602	0:29:10	1/1/2019 	1743129	23.00	86.00	6.69	18.19	98816.56	289677	1	CharlieHolbrow	
1603	0:29:11	1/1/2019 	1744445	25.00	139.00	6.62	18.18	98814.97	50795	0	CharlieHolbrow	
1604	0:29:16	1/1/2019 	1748802	17.00	9.00	7.00	18.16	98809.97	241703	0	CharlieHolbrow	
1605	0:29:31	1/1/2019 	1764296	19.00	19.00	6.88	18.08	98793.67	721422	0	CharlieHolbrow	
1606	0:29:32	1/1/2019 	1765056	18.00	13.00	6.94	18.08	98791.84	50797	0	CharlieHolbrow	
1607	0:29:35	1/1/2019 	1768684	22.00	88.00	6.74	18.06	98787.09	195842	0	CharlieHolbrow	
1608	0:29:38	1/1/2019 	1770904	44.00	558.00	6.16	18.05	98784.91	97786	1	CharlieHolbrow	
1609	0:29:45	1/1/2019 	1777841	18.00	12.00	6.94	18.02	98776.25	338633	0	CharlieHolbrow	
1610	0:29:47	1/1/2019 	1780374	17.00	9.00	7.00	18.01	98774.06	97782	0	CharlieHolbrow	
1611	0:29:48	1/1/2019 	1781128	22.00	69.00	6.73	18.00	98773.54	50794	1	CharlieHolbrow	
1612	0:29:49	1/1/2019 	1782447	24.00	113.00	6.65	18.00	98772.73	49810	0	CharlieHolbrow	
1613	0:29:50	1/1/2019 	1783416	18.00	2.00	6.91	17.99	98771.05	51867	0	CharlieHolbrow	
1614	0:29:51	1/1/2019 	1784178	18.00	8.00	6.93	17.99	98769.72	49809	0	CharlieHolbrow	
1615	0:29:51	1/1/2019 	1784773	18.00	8.00	6.93	17.98	98768.70	49809	0	CharlieHolbrow	
1616	0:29:52	1/1/2019 	1785133	38.00	436.00	6.24	17.98	98768.54	1835	1	CharlieHolbrow	
1617	0:29:57	1/1/2019 	1790016	18.00	9.00	6.93	17.96	98763.12	241701	0	CharlieHolbrow	
1618	0:30:00	1/1/2019 	1793405	38.00	439.00	6.24	17.94	98760.02	146503	0	CharlieHolbrow	
1619	0:30:02	1/1/2019 	1795600	17.00	8.00	6.99	17.93	98757.38	149116	0	CharlieHolbrow	
1620	0:30:04	1/1/2019 	1797440	20.00	28.00	6.83	17.92	98754.53	49813	1	CharlieHolbrow	
1621	0:30:06	1/1/2019 	1798861	24.00	115.00	6.65	17.91	98753.26	97784	0	CharlieHolbrow	
1622	0:30:07	1/1/2019 	1800326	22.00	78.00	6.74	17.91	98752.11	49809	1	CharlieHolbrow	
1623	0:30:08	1/1/2019 	1800941	22.00	82.00	6.74	17.90	98751.36	50557	1	CharlieHolbrow	
1624	0:30:10	1/1/2019 	1803069	21.00	55.00	6.78	17.89	98748.84	97784	1	CharlieHolbrow	
1625	0:30:13	1/1/2019 	1806242	21.00	59.00	6.79	17.88	98746.00	147866	0	CharlieHolbrow	
1626	0:30:16	1/1/2019 	1808597	22.00	71.00	6.73	17.87	98742.93	145756	0	CharlieHolbrow	
1627	0:30:21	1/1/2019 	1814071	42.00	514.00	6.18	17.84	98737.64	241698	1	CharlieHolbrow	
1628	0:30:24	1/1/2019 	1817056	32.00	278.00	6.36	17.83	98734.73	146500	1	CharlieHolbrow	
1629	0:30:28	1/1/2019 	1821584	16.00	8.00	7.06	17.81	98729.41	241698	0	CharlieHolbrow	
1630	0:30:29	1/1/2019 	1821654	22.00	70.00	6.73	17.81	98729.41	4702	1	CharlieHolbrow	
1631	0:30:29	1/1/2019 	1821922	51.00	717.00	6.16	17.81	98728.98	1836	1	CharlieHolbrow	
1632	0:30:29	1/1/2019 	1822415	28.00	145.00	6.48	17.81	98728.56	1836	1	CharlieHolbrow	
1633	0:30:30	1/1/2019 	1823421	22.00	87.00	6.74	17.80	98727.88	49810	1	CharlieHolbrow	
1634	0:30:33	1/1/2019 	1826087	22.00	69.00	6.73	17.79	98724.16	145761	0	CharlieHolbrow	
1635	0:30:34	1/1/2019 	1826738	36.00	363.00	6.27	17.79	98723.83	49810	1	CharlieHolbrow	
1636	0:30:34	1/1/2019 	1827038	23.00	76.00	6.68	17.79	98723.23	3860	1	CharlieHolbrow	
1637	0:30:37	1/1/2019 	1829929	19.00	19.00	6.88	17.77	98721.16	145753	1	CharlieHolbrow	
1638	0:30:38	1/1/2019 	1831271	19.00	20.00	6.89	17.77	98719.65	50556	0	CharlieHolbrow	
1639	0:30:41	1/1/2019 	1833837	31.00	252.00	6.39	17.76	98716.80	145755	0	CharlieHolbrow	
1640	0:30:43	1/1/2019 	1836236	20.00	45.00	6.84	17.75	98715.05	97784	1	CharlieHolbrow	
1641	0:30:45	1/1/2019 	1837732	17.00	9.00	7.00	17.74	98713.05	97783	0	CharlieHolbrow	
1642	0:30:48	1/1/2019 	1840838	21.00	52.00	6.78	17.73	98709.98	147869	1	CharlieHolbrow	
1643	0:30:48	1/1/2019 	1841030	28.00	154.00	6.48	17.73	98709.56	2583	0	CharlieHolbrow	
1644	0:30:54	1/1/2019 	1847458	17.00	9.00	7.00	17.70	98703.12	289676	0	CharlieHolbrow	
1645	0:31:01	1/1/2019 	1853877	21.00	59.00	6.79	17.67	98697.11	337656	1	CharlieHolbrow	
1646	0:31:03	1/1/2019 	1855988	17.00	2.00	6.98	17.66	98694.14	98532	0	CharlieHolbrow	
1647	0:31:05	1/1/2019 	1857956	17.00	9.00	7.00	17.66	98692.38	97786	0	CharlieHolbrow	
1648	0:31:13	1/1/2019 	1866325	22.00	55.00	6.73	17.62	98683.95	387736	0	CharlieHolbrow	
1649	0:31:15	1/1/2019 	1868306	25.00	139.00	6.62	17.61	98682.35	98530	1	CharlieHolbrow	
1650	0:31:23	1/1/2019 	1875741	47.00	647.00	6.16	17.58	98672.71	385614	1	CharlieHolbrow	
1651	0:31:24	1/1/2019 	1876881	20.00	30.00	6.83	17.58	98671.14	50555	1	CharlieHolbrow	
1652	0:31:33	1/1/2019 	1886255	25.00	113.00	6.60	17.54	98657.80	433589	1	CharlieHolbrow	
1653	0:31:34	1/1/2019 	1887345	25.00	130.00	6.61	17.53	98656.30	50557	1	CharlieHolbrow	
1654	0:31:39	1/1/2019 	1892156	32.00	270.00	6.36	17.52	98651.48	243812	1	CharlieHolbrow	
1655	0:31:42	1/1/2019 	1895022	26.00	50.00	6.52	17.51	98647.44	146500	0	CharlieHolbrow	
1656	0:31:44	1/1/2019 	1897025	33.00	294.00	6.33	17.50	98645.31	97780	1	CharlieHolbrow	
1657	0:31:45	1/1/2019 	1898442	18.00	11.00	6.94	17.49	98643.39	49808	0	CharlieHolbrow	
1658	0:31:46	1/1/2019 	1899463	18.00	10.00	6.93	17.49	98642.64	49809	0	CharlieHolbrow	
1659	0:31:50	1/1/2019 	1902670	18.00	9.00	6.93	17.48	98639.56	199287	0	CharlieHolbrow	
1660	0:31:53	1/1/2019 	1905604	28.00	180.00	6.49	17.46	98636.50	146497	1	CharlieHolbrow	
1661	0:31:55	1/1/2019 	1907748	23.00	97.00	6.69	17.46	98634.41	97779	1	CharlieHolbrow	
1662	0:31:55	1/1/2019 	1908431	27.00	144.00	6.52	17.45	98633.39	1837	0	CharlieHolbrow	
1663	0:31:57	1/1/2019 	1909658	19.00	23.00	6.89	17.45	98632.06	97779	0	CharlieHolbrow	
1664	0:31:59	1/1/2019 	1911656	19.00	15.00	6.88	17.44	98630.33	98528	1	CharlieHolbrow	
1665	0:32:03	1/1/2019 	1916043	24.00	115.00	6.65	17.42	98625.39	195838	0	CharlieHolbrow	
1666	0:32:04	1/1/2019 	1917556	17.00	9.00	7.00	17.41	98623.99	97781	0	CharlieHolbrow	
1667	0:32:10	1/1/2019 	1922700	26.00	135.00	6.57	17.40	98619.42	241698	0	CharlieHolbrow	
1668	0:32:17	1/1/2019 	1929989	18.00	10.00	6.93	17.37	98611.91	338393	0	CharlieHolbrow	
1669	0:32:18	1/1/2019 	1931025	25.00	122.00	6.61	17.36	98611.33	50556	1	CharlieHolbrow	
1670	0:32:20	1/1/2019 	1932854	44.00	565.00	6.16	17.36	98609.41	97782	1	CharlieHolbrow	
1671	0:32:23	1/1/2019 	1935852	24.00	101.00	6.64	17.35	98607.41	147866	1	CharlieHolbrow	
1672	0:32:26	1/1/2019 	1938760	18.00	11.00	6.94	17.34	98604.73	145755	0	CharlieHolbrow	
1673	0:32:33	1/1/2019 	1946214	27.00	186.00	6.54	17.30	98605.20	337651	1	CharlieHolbrow	
1674	0:32:35	1/1/2019 	1947612	34.00	332.00	6.32	17.30	98604.58	98531	1	CharlieHolbrow	
1675	0:32:36	1/1/2019 	1948631	18.00	10.00	6.93	17.29	98603.73	49809	0	CharlieHolbrow	
1676	0:32:36	1/1/2019 	1949062	20.00	32.00	6.83	17.29	98603.73	1836	1	CharlieHolbrow	
1677	0:32:38	1/1/2019 	1951266	28.00	191.00	6.50	17.28	98605.82	99892	1	CharlieHolbrow	
1678	0:32:46	1/1/2019 	1959125	20.00	29.00	6.83	17.23	98603.54	386368	1	CharlieHolbrow	
1679	0:32:51	1/1/2019 	1963652	17.00	8.00	6.99	17.21	98603.13	241700	0	CharlieHolbrow	
1680	0:32:54	1/1/2019 	1966869	27.00	166.00	6.53	17.20	98602.73	146501	1	CharlieHolbrow	
1681	0:32:54	1/1/2019 	1967163	22.00	51.00	6.72	17.20	98602.73	1837	0	CharlieHolbrow	
1682	0:32:55	1/1/2019 	1967651	21.00	65.00	6.79	17.20	98602.06	51973	1	CharlieHolbrow	
1683	0:32:56	1/1/2019 	1969474	18.00	9.00	6.93	17.19	98597.72	49809	0	CharlieHolbrow	
1684	0:32:58	1/1/2019 	1970866	13.00	28.00	7.32	17.19	98594.08	97782	1	CharlieHolbrow	
1685	0:32:59	1/1/2019 	1972186	17.00	8.00	6.99	17.18	98592.52	50555	0	CharlieHolbrow	
1686	0:33:02	1/1/2019 	1975582	24.00	114.00	6.65	17.17	98581.22	193729	0	CharlieHolbrow	
1687	0:33:14	1/1/2019 	1987040	33.00	328.00	6.35	17.11	98562.63	529540	1	CharlieHolbrow	
1688	0:33:15	1/1/2019 	1987683	51.00	702.00	6.15	17.10	98561.55	52676	0	CharlieHolbrow	
1689	0:33:20	1/1/2019 	1993141	24.00	97.00	6.64	17.07	98546.52	241696	1	CharlieHolbrow	
1690	0:33:20	1/1/2019 	1993295	24.00	96.00	6.64	17.07	98546.52	2584	1	CharlieHolbrow	
1691	0:33:24	1/1/2019 	1996759	22.00	74.00	6.74	17.05	98534.54	193725	1	CharlieHolbrow	
1692	0:33:25	1/1/2019 	1997777	22.00	92.00	6.75	17.05	98530.73	49808	1	CharlieHolbrow	
1693	0:33:29	1/1/2019 	2001869	47.00	636.00	6.16	17.02	98519.92	193728	0	CharlieHolbrow	
1694	0:33:29	1/1/2019 	2002253	18.00	8.00	6.93	17.02	98518.02	4704	1	CharlieHolbrow	
1695	0:33:30	1/1/2019 	2002958	20.00	30.00	6.83	17.02	98516.06	49809	0	CharlieHolbrow	
1696	0:33:31	1/1/2019 	2004295	21.00	49.00	6.78	17.01	98513.25	49810	1	CharlieHolbrow	
1697	0:33:36	1/1/2019 	2009118	36.00	370.00	6.27	16.98	98495.09	241704	1	CharlieHolbrow	
1698	0:33:37	1/1/2019 	2009730	18.00	14.00	6.94	16.98	98491.72	49811	0	CharlieHolbrow	
1699	0:33:37	1/1/2019 	2010557	17.00	9.00	7.00	16.97	98483.86	50557	0	CharlieHolbrow	
1700	0:33:39	1/1/2019 	2011654	24.00	112.00	6.65	16.97	98474.66	51919	1	CharlieHolbrow	
1701	0:33:39	1/1/2019 	2011904	22.00	46.00	6.72	16.97	98474.66	1837	1	CharlieHolbrow	
1702	0:33:40	1/1/2019 	2013190	28.00	198.00	6.50	16.96	98459.78	49810	1	CharlieHolbrow	
1703	0:33:44	1/1/2019 	2016705	26.00	142.00	6.57	16.94	98423.83	193728	0	CharlieHolbrow	
1704	0:33:49	1/1/2019 	2021821	20.00	41.00	6.84	16.91	98387.16	241699	0	CharlieHolbrow	
1705	0:33:49	1/1/2019 	2022216	23.00	72.00	6.68	16.91	98384.05	2584	1	CharlieHolbrow	
1706	0:33:50	1/1/2019 	2022610	18.00	13.00	6.94	16.90	98381.50	51973	0	CharlieHolbrow	
1707	0:33:51	1/1/2019 	2024387	34.00	322.00	6.31	16.90	98373.35	49809	1	CharlieHolbrow	
1708	0:33:52	1/1/2019 	2024626	17.00	9.00	7.00	16.89	98370.80	49808	0	CharlieHolbrow	
1709	0:33:54	1/1/2019 	2026925	24.00	119.00	6.66	16.88	98360.52	97780	0	CharlieHolbrow	
1710	0:33:56	1/1/2019 	2028721	25.00	120.00	6.61	16.87	98350.88	97782	0	CharlieHolbrow	
1711	0:33:56	1/1/2019 	2029089	25.00	110.00	6.60	16.87	98350.88	3813	1	CharlieHolbrow	
1712	0:33:58	1/1/2019 	2031101	26.00	136.00	6.57	16.85	98341.91	97784	1	CharlieHolbrow	
1713	0:34:00	1/1/2019 	2032872	33.00	309.00	6.34	16.84	98334.00	98526	0	CharlieHolbrow	
1714	0:34:00	1/1/2019 	2033340	18.00	8.00	6.93	16.84	98332.46	1836	0	CharlieHolbrow	
1715	0:34:03	1/1/2019 	2036114	28.00	208.00	6.50	16.83	98325.17	145748	1	CharlieHolbrow	
1716	0:34:10	1/1/2019 	2043025	25.00	113.00	6.60	16.79	98308.09	337642	0	CharlieHolbrow	
1717	0:34:15	1/1/2019 	2048117	22.00	81.00	6.74	16.76	98300.20	248080	1	CharlieHolbrow	
1718	0:34:17	1/1/2019 	2049684	27.00	195.00	6.54	16.75	98297.50	97782	0	CharlieHolbrow	
1719	0:34:23	1/1/2019 	2056160	27.00	160.00	6.53	16.72	98291.22	290410	1	CharlieHolbrow	
1720	0:34:23	1/1/2019 	2056397	18.00	9.00	6.93	16.72	98290.63	1837	0	CharlieHolbrow	
1721	0:34:27	1/1/2019 	2060347	22.00	74.00	6.74	16.70	98286.96	193720	1	CharlieHolbrow	
1722	0:34:29	1/1/2019 	2062236	32.00	291.00	6.37	16.69	98285.37	98526	1	CharlieHolbrow	
1723	0:34:31	1/1/2019 	2063616	18.00	9.00	6.93	16.68	98283.16	99893	0	CharlieHolbrow	
1724	0:34:32	1/1/2019 	2065266	18.00	18.00	6.95	16.67	98280.97	49806	1	CharlieHolbrow	
1725	0:34:37	1/1/2019 	2070148	19.00	12.00	6.87	16.65	98275.95	241694	0	CharlieHolbrow	
1726	0:34:39	1/1/2019 	2071740	17.00	9.00	7.00	16.64	98274.56	98525	0	CharlieHolbrow	
1727	0:34:39	1/1/2019 	2072060	17.00	12.00	7.00	16.64	98274.56	1835	0	CharlieHolbrow	
1728	0:34:41	1/1/2019 	2074333	25.00	131.00	6.61	16.63	98273.20	97778	1	CharlieHolbrow	
1729	0:34:41	1/1/2019 	2074448	23.00	85.00	6.69	16.63	98273.11	3949	1	CharlieHolbrow	
1730	0:34:45	1/1/2019 	2078087	20.00	36.00	6.84	16.61	98268.31	193720	1	CharlieHolbrow	
1731	0:34:45	1/1/2019 	2078199	25.00	103.00	6.59	16.61	98268.31	1837	1	CharlieHolbrow	
1732	0:34:46	1/1/2019 	2079171	17.00	8.00	6.99	16.61	98267.31	49805	1	CharlieHolbrow	
1733	0:34:47	1/1/2019 	2079818	32.00	302.00	6.37	16.61	98266.88	49807	1	CharlieHolbrow	
1734	0:34:48	1/1/2019 	2081388	20.00	26.00	6.83	16.60	98267.02	50555	1	CharlieHolbrow	
1735	0:34:49	1/1/2019 	2081861	24.00	111.00	6.65	16.60	98267.12	51923	1	CharlieHolbrow	
1736	0:34:53	1/1/2019 	2085652	17.00	8.00	6.99	16.58	98261.55	193730	0	CharlieHolbrow	
1737	0:34:53	1/1/2019 	2085913	24.00	103.00	6.64	16.58	98261.55	1836	1	CharlieHolbrow	
1738	0:34:53	1/1/2019 	2086579	22.00	57.00	6.73	16.58	98259.75	49807	1	CharlieHolbrow	
1739	0:34:58	1/1/2019 	2090742	20.00	33.00	6.83	16.56	98256.96	193723	1	CharlieHolbrow	
1740	0:34:58	1/1/2019 	2090765	21.00	48.00	6.78	16.56	98256.96	4703	1	CharlieHolbrow	
1741	0:35:01	1/1/2019 	2094074	26.00	157.00	6.58	16.54	98252.83	145751	0	CharlieHolbrow	
1742	0:35:01	1/1/2019 	2094148	24.00	97.00	6.64	16.54	98252.83	1837	1	CharlieHolbrow	
1743	0:35:07	1/1/2019 	2100552	44.00	549.00	6.15	16.52	98248.56	337638	1	CharlieHolbrow	
1744	0:35:09	1/1/2019 	2101704	46.00	592.00	6.14	16.51	98246.64	50554	0	CharlieHolbrow	
1745	0:35:09	1/1/2019 	2101904	20.00	23.00	6.83	16.51	98246.64	1837	0	CharlieHolbrow	
1746	0:35:13	1/1/2019 	2105667	26.00	140.00	6.57	16.50	98242.80	195832	0	CharlieHolbrow	
1747	0:35:13	1/1/2019 	2106588	31.00	229.00	6.38	16.49	98242.55	49809	1	CharlieHolbrow	
1748	0:35:15	1/1/2019 	2107673	46.00	614.00	6.16	16.49	98242.69	49808	1	CharlieHolbrow	
1749	0:35:16	1/1/2019 	2108780	23.00	104.00	6.70	16.48	98241.88	49810	1	CharlieHolbrow	
1750	0:35:17	1/1/2019 	2110624	48.00	675.00	6.16	16.48	98239.55	97783	1	CharlieHolbrow	
1751	0:35:18	1/1/2019 	2111204	26.00	155.00	6.58	16.47	98238.05	2583	1	CharlieHolbrow	
1752	0:35:20	1/1/2019 	2113776	25.00	129.00	6.61	16.46	98234.77	147860	1	CharlieHolbrow	
1753	0:35:24	1/1/2019 	2117624	22.00	80.00	6.74	16.45	98234.28	193715	1	CharlieHolbrow	
1754	0:35:24	1/1/2019 	2117723	27.00	114.00	6.50	16.45	98234.03	1837	0	CharlieHolbrow	
1755	0:35:27	1/1/2019 	2120711	28.00	188.00	6.50	16.44	98231.55	145747	0	CharlieHolbrow	
1756	0:35:30	1/1/2019 	2123103	44.00	555.00	6.16	16.43	98228.23	98525	1	CharlieHolbrow	
1757	0:35:32	1/1/2019 	2124836	18.00	11.00	6.94	16.42	98226.31	97779	0	CharlieHolbrow	
1758	0:35:32	1/1/2019 	2125723	22.00	57.00	6.73	16.42	98226.08	51920	0	CharlieHolbrow	
1759	0:35:33	1/1/2019 	2126450	22.00	75.00	6.74	16.42	98225.98	1836	1	CharlieHolbrow	
1760	0:35:33	1/1/2019 	2126735	32.00	253.00	6.35	16.42	98225.98	49808	1	CharlieHolbrow	
1761	0:35:34	1/1/2019 	2127694	23.00	92.00	6.69	16.41	98226.29	49806	0	CharlieHolbrow	
1762	0:35:37	1/1/2019 	2129921	17.00	8.00	6.99	16.40	98224.53	97779	0	CharlieHolbrow	
1763	0:35:37	1/1/2019 	2130770	25.00	97.00	6.59	16.40	98223.78	52671	1	CharlieHolbrow	
1764	0:35:38	1/1/2019 	2131320	18.00	11.00	6.94	16.40	98221.66	1836	0	CharlieHolbrow	
1765	0:35:43	1/1/2019 	2135852	31.00	257.00	6.39	16.38	98218.05	241697	1	CharlieHolbrow	
1766	0:35:46	1/1/2019 	2139099	22.00	75.00	6.74	16.37	98216.23	145754	1	CharlieHolbrow	
1767	0:35:49	1/1/2019 	2142169	35.00	355.00	6.30	16.35	98210.78	145754	0	CharlieHolbrow	
1768	0:35:52	1/1/2019 	2145733	17.00	8.00	6.99	16.34	98208.77	194469	0	CharlieHolbrow	
1769	0:35:53	1/1/2019 	2146157	29.00	234.00	6.47	16.34	98208.34	3948	1	CharlieHolbrow	
1770	0:35:55	1/1/2019 	2148102	43.00	516.00	6.16	16.34	98206.36	97779	1	CharlieHolbrow	
1771	0:35:58	1/1/2019 	2150824	48.00	647.00	6.15	16.33	98204.05	145755	1	CharlieHolbrow	
1772	0:36:03	1/1/2019 	2156028	21.00	49.00	6.78	16.31	98200.54	242443	0	CharlieHolbrow	
1773	0:36:04	1/1/2019 	2157083	27.00	152.00	6.53	16.30	98198.88	49812	1	CharlieHolbrow	
1774	0:36:04	1/1/2019 	2157361	29.00	165.00	6.44	16.30	98198.88	1843	1	CharlieHolbrow	
1775	0:36:05	1/1/2019 	2158598	18.00	16.00	6.94	16.30	98197.22	99900	0	CharlieHolbrow	
1776	0:36:06	1/1/2019 	2158866	30.00	245.00	6.43	16.30	98197.22	1837	1	CharlieHolbrow	
1777	0:36:06	1/1/2019 	2158890	25.00	106.00	6.60	16.30	98197.22	1837	0	CharlieHolbrow	
1778	0:36:06	1/1/2019 	2159368	18.00	9.00	6.93	16.30	98197.05	1835	0	CharlieHolbrow	
1779	0:36:07	1/1/2019 	2160630	47.00	645.00	6.16	16.29	98195.30	97780	1	CharlieHolbrow	
1780	0:36:10	1/1/2019 	2163415	29.00	106.00	6.41	16.28	98194.06	98528	1	CharlieHolbrow	
1781	0:36:13	1/1/2019 	2165893	19.00	3.00	6.85	16.27	98192.70	147869	0	CharlieHolbrow	
1782	0:36:13	1/1/2019 	2166141	25.00	115.00	6.60	16.27	98192.53	1836	1	CharlieHolbrow	
1783	0:36:16	1/1/2019 	2168835	18.00	9.00	6.93	16.26	98189.41	145756	0	CharlieHolbrow	
1784	0:36:23	1/1/2019 	2175902	23.00	86.00	6.69	16.24	98185.08	337646	1	CharlieHolbrow	
1785	0:36:23	1/1/2019 	2176273	50.00	680.00	6.15	16.24	98184.83	2584	1	CharlieHolbrow	
1786	0:36:23	1/1/2019 	2176741	18.00	9.00	6.93	16.24	98184.23	49808	1	CharlieHolbrow	
1787	0:36:24	1/1/2019 	2176890	18.00	10.00	6.93	16.24	98184.23	3947	0	CharlieHolbrow	
1788	0:36:24	1/1/2019 	2176935	39.00	396.00	6.20	16.24	98184.23	1835	1	CharlieHolbrow	
1789	0:36:24	1/1/2019 	2177027	21.00	28.00	6.77	16.24	98184.23	1835	1	CharlieHolbrow	
1790	0:36:30	1/1/2019 	2183109	17.00	8.00	6.99	16.22	98178.38	289678	0	CharlieHolbrow	
1791	0:36:30	1/1/2019 	2183208	17.00	9.00	7.00	16.22	98178.70	2588	0	CharlieHolbrow	
1792	0:36:33	1/1/2019 	2185934	24.00	106.00	6.65	16.21	98178.32	151221	0	CharlieHolbrow	
1793	0:36:35	1/1/2019 	2188436	17.00	9.00	7.00	16.20	98175.91	97783	0	CharlieHolbrow	
1794	0:36:36	1/1/2019 	2189361	18.00	4.00	6.92	16.20	98174.70	49809	0	CharlieHolbrow	
1795	0:36:37	1/1/2019 	2189800	20.00	36.00	6.84	16.20	98174.12	49810	0	CharlieHolbrow	
1796	0:36:37	1/1/2019 	2190747	33.00	296.00	6.33	16.19	98173.70	50557	1	CharlieHolbrow	
1797	0:36:37	1/1/2019 	2190773	22.00	65.00	6.73	16.19	98173.70	1836	1	CharlieHolbrow	
1798	0:36:42	1/1/2019 	2194972	33.00	283.00	6.33	16.18	98172.73	195841	1	CharlieHolbrow	
1799	0:36:43	1/1/2019 	2195870	23.00	89.00	6.69	16.18	98172.47	49810	1	CharlieHolbrow	
1800	0:36:54	1/1/2019 	2206983	19.00	19.00	6.88	16.14	98163.76	529541	0	CharlieHolbrow	
1801	0:36:58	1/1/2019 	2211256	26.00	141.00	6.57	16.13	98159.16	194672	1	CharlieHolbrow	
1802	0:36:59	1/1/2019 	2212343	24.00	115.00	6.65	16.13	98158.73	50751	0	CharlieHolbrow	
1803	0:37:01	1/1/2019 	2214282	24.00	106.00	6.65	16.12	98157.80	97783	1	CharlieHolbrow	
1804	0:37:01	1/1/2019 	2214412	34.00	305.00	6.30	16.12	98156.88	3949	1	CharlieHolbrow	
1805	0:37:03	1/1/2019 	2216203	18.00	8.00	6.93	16.11	98155.22	97782	0	CharlieHolbrow	
1806	0:37:03	1/1/2019 	2216619	28.00	165.00	6.49	16.11	98155.22	49808	0	CharlieHolbrow	
1807	0:37:05	1/1/2019 	2218320	24.00	115.00	6.65	16.11	98153.43	49808	1	CharlieHolbrow	
1808	0:37:06	1/1/2019 	2218991	24.00	110.00	6.65	16.10	98152.52	49810	1	CharlieHolbrow	
1809	0:37:07	1/1/2019 	2220167	18.00	9.00	6.93	16.10	98151.60	49809	0	CharlieHolbrow	
1810	0:37:07	1/1/2019 	2220719	25.00	107.00	6.60	16.10	98151.02	52863	0	CharlieHolbrow	
1811	0:37:11	1/1/2019 	2224694	29.00	128.00	6.43	16.09	98148.94	193726	0	CharlieHolbrow	
1812	0:37:12	1/1/2019 	2225288	22.00	77.00	6.74	16.09	98148.61	1836	1	CharlieHolbrow	
1813	0:37:12	1/1/2019 	2225452	28.00	159.00	6.48	16.09	98147.86	1836	0	CharlieHolbrow	
1814	0:37:16	1/1/2019 	2229090	23.00	95.00	6.69	16.07	98144.70	193727	1	CharlieHolbrow	
1815	0:37:19	1/1/2019 	2231827	17.00	9.00	7.00	16.07	98144.34	145754	0	CharlieHolbrow	
1816	0:37:23	1/1/2019 	2236019	24.00	113.00	6.65	16.06	98141.62	196844	1	CharlieHolbrow	
1817	0:37:25	1/1/2019 	2238150	17.00	9.00	7.00	16.05	98139.30	97786	0	CharlieHolbrow	
1818	0:37:26	1/1/2019 	2239349	22.00	83.00	6.74	16.05	98138.39	49808	0	CharlieHolbrow	
1819	0:37:27	1/1/2019 	2240265	28.00	197.00	6.50	16.04	98137.05	49810	1	CharlieHolbrow	
1820	0:37:29	1/1/2019 	2242468	53.00	888.00	6.23	16.04	98136.90	98723	0	CharlieHolbrow	
1821	0:37:32	1/1/2019 	2245603	23.00	85.00	6.69	16.03	98134.30	195840	1	CharlieHolbrow	
1822	0:37:33	1/1/2019 	2245810	26.00	128.00	6.56	16.03	98134.30	1836	1	CharlieHolbrow	
1823	0:37:33	1/1/2019 	2246085	18.00	9.00	6.93	16.03	98134.30	1837	0	CharlieHolbrow	
1824	0:37:35	1/1/2019 	2248679	17.00	8.00	6.99	16.02	98131.92	145753	0	CharlieHolbrow	
1825	0:37:37	1/1/2019 	2249967	21.00	50.00	6.78	16.02	98130.52	49809	0	CharlieHolbrow	
1826	0:37:38	1/1/2019 	2251570	24.00	111.00	6.65	16.01	98128.69	98724	1	CharlieHolbrow	
1827	0:37:43	1/1/2019 	2256736	29.00	221.00	6.46	16.00	98126.69	243814	0	CharlieHolbrow	
1828	0:37:47	1/1/2019 	2260735	23.00	82.00	6.68	15.99	98124.02	193728	1	CharlieHolbrow	
1829	0:37:49	1/1/2019 	2262420	18.00	9.00	6.93	15.98	98123.50	50749	0	CharlieHolbrow	
1830	0:37:50	1/1/2019 	2263584	21.00	66.00	6.79	15.98	98123.24	97783	1	CharlieHolbrow	
1831	0:37:58	1/1/2019 	2271568	22.00	9.00	6.69	15.96	98124.41	385619	0	CharlieHolbrow	
1832	0:38:00	1/1/2019 	2273312	18.00	12.00	6.94	15.96	98128.31	50750	0	CharlieHolbrow	
1833	0:38:04	1/1/2019 	2277082	21.00	41.00	6.78	15.95	98127.31	195838	0	CharlieHolbrow	
1834	0:38:05	1/1/2019 	2278745	23.00	110.00	6.70	15.94	98124.77	97780	1	CharlieHolbrow	
1835	0:38:09	1/1/2019 	2281869	18.00	9.00	6.93	15.93	98118.50	145754	0	CharlieHolbrow	
1836	0:38:14	1/1/2019 	2287637	17.00	9.00	7.00	15.92	98112.80	290616	0	CharlieHolbrow	
1837	0:38:16	1/1/2019 	2289197	29.00	207.00	6.46	15.91	98105.25	49809	1	CharlieHolbrow	
1838	0:38:17	1/1/2019 	2290319	17.00	9.00	7.00	15.91	98097.23	49809	0	CharlieHolbrow	
1839	0:38:19	1/1/2019 	2292380	17.00	9.00	7.00	15.90	98082.16	100855	0	CharlieHolbrow	
1840	0:38:25	1/1/2019 	2298425	52.00	864.00	6.22	15.88	98051.91	289672	0	CharlieHolbrow	
1841	0:38:31	1/1/2019 	2303974	25.00	122.00	6.61	15.86	98036.69	289676	1	CharlieHolbrow	
1842	0:38:31	1/1/2019 	2304349	24.00	90.00	6.64	15.85	98035.45	2779	1	CharlieHolbrow	
1843	0:38:32	1/1/2019 	2304849	25.00	118.00	6.60	15.85	98034.47	49809	1	CharlieHolbrow	
1844	0:38:38	1/1/2019 	2311135	24.00	121.00	6.66	15.82	98016.85	289670	0	CharlieHolbrow	
1845	0:38:40	1/1/2019 	2313300	23.00	100.00	6.70	15.81	98008.17	100866	1	CharlieHolbrow	
1846	0:38:41	1/1/2019 	2314207	23.00	101.00	6.70	15.81	98003.73	49810	1	CharlieHolbrow	
1847	0:38:41	1/1/2019 	2314318	29.00	159.00	6.44	15.81	98003.73	1837	1	CharlieHolbrow	
1848	0:38:45	1/1/2019 	2318683	22.00	79.00	6.74	15.78	97986.23	241701	0	CharlieHolbrow	
1849	0:38:46	1/1/2019 	2319181	18.00	9.00	6.93	15.78	97984.66	1836	0	CharlieHolbrow	
1850	0:38:47	1/1/2019 	2320266	48.00	642.00	6.15	15.78	97981.37	51775	1	CharlieHolbrow	
1851	0:38:49	1/1/2019 	2322409	25.00	137.00	6.62	15.77	97976.12	98726	1	CharlieHolbrow	
1852	0:38:51	1/1/2019 	2324036	25.00	119.00	6.60	15.76	97973.05	97780	1	CharlieHolbrow	
1853	0:38:59	1/1/2019 	2332632	24.00	108.00	6.65	15.72	97956.31	433583	1	CharlieHolbrow	
1854	0:39:01	1/1/2019 	2334058	18.00	9.00	6.93	15.71	97955.24	50754	0	CharlieHolbrow	
1855	0:39:01	1/1/2019 	2334318	21.00	36.00	6.78	15.71	97954.33	1836	1	CharlieHolbrow	
1856	0:39:04	1/1/2019 	2337142	22.00	78.00	6.74	15.69	97950.27	147921	0	CharlieHolbrow	
1857	0:39:11	1/1/2019 	2344110	22.00	65.00	6.73	15.66	97945.34	337647	1	CharlieHolbrow	
1858	0:39:13	1/1/2019 	2346129	18.00	9.00	6.93	15.65	97941.86	98724	0	CharlieHolbrow	
1859	0:39:14	1/1/2019 	2347372	19.00	15.00	6.88	15.64	97938.31	49808	0	CharlieHolbrow	
1860	0:39:14	1/1/2019 	2347640	27.00	162.00	6.53	15.64	97938.31	49809	1	CharlieHolbrow	
1861	0:39:15	1/1/2019 	2348347	26.00	127.00	6.56	15.64	97937.27	1835	0	CharlieHolbrow	
1862	0:39:15	1/1/2019 	2348765	24.00	92.00	6.64	15.64	97937.27	65373	1	CharlieHolbrow	
1863	0:39:19	1/1/2019 	2351981	17.00	8.00	6.99	15.62	97930.56	145749	0	CharlieHolbrow	
1864	0:39:19	1/1/2019 	2352581	36.00	357.00	6.27	15.62	97929.81	50751	1	CharlieHolbrow	
1865	0:39:19	1/1/2019 	2352618	25.00	105.00	6.59	15.62	97929.81	1836	1	CharlieHolbrow	
1866	0:39:23	1/1/2019 	2355929	23.00	62.00	6.67	15.61	97923.89	145748	0	CharlieHolbrow	
1867	0:39:28	1/1/2019 	2361073	31.00	232.00	6.38	15.58	97917.19	241693	1	CharlieHolbrow	
1868	0:39:31	1/1/2019 	2364484	23.00	106.00	6.70	15.57	97912.96	148806	1	CharlieHolbrow	
1869	0:39:37	1/1/2019 	2370112	24.00	98.00	6.64	15.54	97908.39	289668	0	CharlieHolbrow	
1870	0:39:42	1/1/2019 	2374824	26.00	132.00	6.56	15.52	97902.92	242640	1	CharlieHolbrow	
1871	0:39:42	1/1/2019 	2375412	22.00	63.00	6.73	15.52	97902.77	1836	1	CharlieHolbrow	
1872	0:40:00	1/1/2019 	2393576	21.00	51.00	6.78	15.45	97884.61	913302	1	CharlieHolbrow	
1873	0:40:01	1/1/2019 	2393886	33.00	277.00	6.33	15.45	97884.67	4893	0	CharlieHolbrow	
1874	0:40:03	1/1/2019 	2395865	25.00	121.00	6.61	15.44	97883.70	97780	1	CharlieHolbrow	
1875	0:40:05	1/1/2019 	2397864	24.00	117.00	6.65	15.43	97880.19	97784	0	CharlieHolbrow	
1876	0:40:11	1/1/2019 	2403872	27.00	183.00	6.54	15.41	97875.38	289672	0	CharlieHolbrow	
1877	0:40:11	1/1/2019 	2404252	36.00	315.00	6.25	15.41	97874.63	2780	0	CharlieHolbrow	
1878	0:40:13	1/1/2019 	2405974	36.00	391.00	6.28	15.40	97873.47	97782	1	CharlieHolbrow	
1879	0:40:24	1/1/2019 	2416707	26.00	141.00	6.57	15.36	97863.60	531636	0	CharlieHolbrow	
1880	0:40:24	1/1/2019 	2417030	26.00	120.00	6.56	15.36	97863.02	2779	1	CharlieHolbrow	
1881	0:40:36	1/1/2019 	2429232	32.00	291.00	6.37	15.32	97852.49	577508	1	CharlieHolbrow	
1882	0:40:39	1/1/2019 	2432284	24.00	115.00	6.65	15.31	97849.70	146697	1	CharlieHolbrow	
1883	0:40:40	1/1/2019 	2433314	19.00	30.00	6.89	15.30	97849.28	50754	1	CharlieHolbrow	
1884	0:40:41	1/1/2019 	2434415	17.00	9.00	7.00	15.30	97848.11	49809	0	CharlieHolbrow	
1885	0:40:42	1/1/2019 	2435097	26.00	130.00	6.56	15.30	97847.52	68202	0	CharlieHolbrow	
1886	0:40:45	1/1/2019 	2438345	17.00	8.00	6.99	15.29	97845.55	145756	0	CharlieHolbrow	
1887	0:40:48	1/1/2019 	2441075	21.00	51.00	6.78	15.28	97843.38	145757	1	CharlieHolbrow	
1888	0:40:50	1/1/2019 	2442867	23.00	74.00	6.68	15.27	97841.88	98731	1	CharlieHolbrow	
1889	0:40:58	1/1/2019 	2451281	28.00	169.00	6.49	15.24	97835.81	385619	1	CharlieHolbrow	
1890	0:41:02	1/1/2019 	2455450	25.00	139.00	6.62	15.23	97832.85	194673	1	CharlieHolbrow	
1891	0:41:06	1/1/2019 	2459044	30.00	233.00	6.42	15.22	97829.28	195846	1	CharlieHolbrow	
1892	0:41:07	1/1/2019 	2460244	52.00	773.00	6.17	15.22	97828.63	49810	1	CharlieHolbrow	
1893	0:41:08	1/1/2019 	2460785	18.00	8.00	6.93	15.21	97827.89	50752	0	CharlieHolbrow	
1894	0:41:08	1/1/2019 	2460923	21.00	35.00	6.78	15.21	97827.89	1836	0	CharlieHolbrow	
1895	0:41:22	1/1/2019 	2474759	19.00	21.00	6.89	15.17	97817.53	673442	1	CharlieHolbrow	
1896	0:41:25	1/1/2019 	2478023	24.00	109.00	6.65	15.16	97814.55	146697	1	CharlieHolbrow	
1897	0:41:29	1/1/2019 	2481833	19.00	18.00	6.88	15.15	97811.91	195840	0	CharlieHolbrow	
1898	0:41:29	1/1/2019 	2481986	28.00	151.00	6.48	15.15	97811.91	2780	1	CharlieHolbrow	
1899	0:41:31	1/1/2019 	2483870	17.00	9.00	7.00	15.14	97810.97	97780	0	CharlieHolbrow	
1900	0:41:31	1/1/2019 	2484053	18.00	9.00	6.93	15.14	97810.97	1836	0	CharlieHolbrow	
1901	0:41:31	1/1/2019 	2484457	23.00	74.00	6.68	15.14	97810.65	1834	1	CharlieHolbrow	
1902	0:41:33	1/1/2019 	2485705	25.00	139.00	6.62	15.14	97809.58	99895	0	CharlieHolbrow	
1903	0:41:34	1/1/2019 	2487023	23.00	90.00	6.69	15.14	97808.56	49811	1	CharlieHolbrow	
1904	0:41:36	1/1/2019 	2488767	31.00	238.00	6.39	15.13	97806.78	97782	0	CharlieHolbrow	
1905	0:41:49	1/1/2019 	2501947	22.00	72.00	6.73	15.09	97796.16	625477	1	CharlieHolbrow	
1906	0:41:49	1/1/2019 	2502446	23.00	52.00	6.67	15.09	97796.16	2780	1	CharlieHolbrow	
1907	0:41:49	1/1/2019 	2502606	25.00	110.00	6.60	15.09	97796.16	49807	0	CharlieHolbrow	
1908	0:41:54	1/1/2019 	2507267	30.00	241.00	6.43	15.08	97790.41	195836	1	CharlieHolbrow	
1909	0:41:55	1/1/2019 	2508162	18.00	10.00	6.93	15.07	97789.00	49810	0	CharlieHolbrow	
1910	0:41:55	1/1/2019 	2508657	25.00	105.00	6.59	15.07	97787.92	49808	1	CharlieHolbrow	
1911	0:41:57	1/1/2019 	2510056	45.00	577.00	6.15	15.07	97787.02	49810	0	CharlieHolbrow	
1912	0:41:59	1/1/2019 	2512019	21.00	190.00	6.87	15.06	97785.06	98725	1	CharlieHolbrow	
1913	0:42:07	1/1/2019 	2520585	22.00	76.00	6.74	15.04	97777.23	433586	0	CharlieHolbrow	
1914	0:42:13	1/1/2019 	2526668	50.00	736.00	6.17	15.02	97773.23	292725	1	CharlieHolbrow	
1915	0:42:19	1/1/2019 	2531854	21.00	50.00	6.78	15.01	97768.62	241701	0	CharlieHolbrow	
1916	0:42:25	1/1/2019 	2538159	23.00	85.00	6.69	14.99	97765.15	290619	1	CharlieHolbrow	
1917	0:42:27	1/1/2019 	2540183	24.00	109.00	6.65	14.99	97762.58	97781	1	CharlieHolbrow	
1918	0:42:27	1/1/2019 	2540259	23.00	57.00	6.67	14.99	97762.58	2778	1	CharlieHolbrow	
1919	0:42:36	1/1/2019 	2549387	23.00	91.00	6.69	14.96	97757.59	433594	0	CharlieHolbrow	
1920	0:42:39	1/1/2019 	2552667	27.00	186.00	6.54	14.96	97755.94	195842	1	CharlieHolbrow	
1921	0:42:41	1/1/2019 	2554574	19.00	16.00	6.88	14.95	97755.12	98727	0	CharlieHolbrow	
1922	0:42:48	1/1/2019 	2560916	22.00	60.00	6.73	14.93	97751.20	289677	1	CharlieHolbrow	
1923	0:42:50	1/1/2019 	2563113	24.00	110.00	6.65	14.93	97749.58	98723	1	CharlieHolbrow	
1924	0:42:57	1/1/2019 	2570332	24.00	102.00	6.64	14.91	97744.52	337647	1	CharlieHolbrow	
1925	0:42:59	1/1/2019 	2572047	31.00	249.00	6.39	14.91	97743.38	100839	1	CharlieHolbrow	
1926	0:43:02	1/1/2019 	2575014	19.00	16.00	6.88	14.90	97741.06	145757	1	CharlieHolbrow	
1927	0:43:04	1/1/2019 	2577586	20.00	32.00	6.83	14.89	97739.31	145751	1	CharlieHolbrow	
1928	0:43:09	1/1/2019 	2582288	27.00	162.00	6.53	14.89	97736.45	193728	1	CharlieHolbrow	
1929	0:43:10	1/1/2019 	2583616	32.00	268.00	6.36	14.88	97736.03	98726	1	CharlieHolbrow	
1930	0:43:14	1/1/2019 	2587478	22.00	78.00	6.74	14.88	97734.11	145754	0	CharlieHolbrow	
1931	0:43:15	1/1/2019 	2588292	21.00	32.00	6.77	14.87	97733.86	51922	1	CharlieHolbrow	
1932	0:43:16	1/1/2019 	2588961	23.00	81.00	6.68	14.87	97733.44	49809	1	CharlieHolbrow	
1933	0:43:16	1/1/2019 	2589033	23.00	61.00	6.67	14.87	97733.44	1836	0	CharlieHolbrow	
1934	0:43:17	1/1/2019 	2589999	25.00	114.00	6.60	14.87	97732.78	49809	0	CharlieHolbrow	
1935	0:43:18	1/1/2019 	2590729	18.00	8.00	6.93	14.87	97732.36	50752	0	CharlieHolbrow	
1936	0:43:19	1/1/2019 	2591743	29.00	195.00	6.45	14.87	97732.44	49807	1	CharlieHolbrow	
1937	0:43:22	1/1/2019 	2595438	17.00	8.00	6.99	14.86	97730.39	147863	0	CharlieHolbrow	
1938	0:43:25	1/1/2019 	2597993	25.00	122.00	6.61	14.85	97728.47	145751	0	CharlieHolbrow	
1939	0:43:25	1/1/2019 	2598173	37.00	370.00	6.24	14.85	97728.31	1836	1	CharlieHolbrow	
1940	0:43:25	1/1/2019 	2598393	27.00	131.00	6.52	14.85	97728.31	1837	0	CharlieHolbrow	
1941	0:43:28	1/1/2019 	2601023	31.00	248.00	6.39	14.84	97727.05	145753	1	CharlieHolbrow	
1942	0:43:29	1/1/2019 	2601857	19.00	18.00	6.88	14.84	97725.84	50751	1	CharlieHolbrow	
1943	0:43:29	1/1/2019 	2602166	26.00	121.00	6.56	14.84	97725.84	3949	1	CharlieHolbrow	
1944	0:43:30	1/1/2019 	2602846	22.00	57.00	6.73	14.84	97725.68	49807	0	CharlieHolbrow	
1945	0:43:30	1/1/2019 	2603078	18.00	9.00	6.93	14.84	97725.68	1836	1	CharlieHolbrow	
1946	0:43:30	1/1/2019 	2603133	34.00	284.00	6.30	14.84	97725.68	1835	1	CharlieHolbrow	
1947	0:43:31	1/1/2019 	2604600	18.00	10.00	6.93	14.84	97724.84	97780	1	CharlieHolbrow	
1948	0:43:39	1/1/2019 	2612307	22.00	75.00	6.74	14.82	97720.04	337644	1	CharlieHolbrow	
1949	0:43:42	1/1/2019 	2615015	22.00	58.00	6.73	14.81	97717.80	148817	1	CharlieHolbrow	
1950	0:43:45	1/1/2019 	2617796	21.00	61.00	6.79	14.80	97715.07	145755	1	CharlieHolbrow	
1951	0:43:47	1/1/2019 	2620373	33.00	301.00	6.34	14.80	97714.75	97780	1	CharlieHolbrow	
1952	0:43:55	1/1/2019 	2628223	20.00	36.00	6.84	14.78	97710.02	386559	1	CharlieHolbrow	
1953	0:43:56	1/1/2019 	2629570	25.00	142.00	6.62	14.78	97708.80	97781	0	CharlieHolbrow	
1954	0:44:01	1/1/2019 	2633913	30.00	205.00	6.42	14.77	97706.89	196781	1	CharlieHolbrow	
1955	0:44:02	1/1/2019 	2635697	18.00	9.00	6.93	14.77	97706.64	97784	0	CharlieHolbrow	
1956	0:44:04	1/1/2019 	2636890	24.00	109.00	6.65	14.76	97705.89	49809	1	CharlieHolbrow	
1957	0:44:04	1/1/2019 	2637238	17.00	9.00	7.00	14.76	97705.56	1837	0	CharlieHolbrow	
1958	0:44:05	1/1/2019 	2638210	25.00	138.00	6.62	14.76	97705.14	49807	1	CharlieHolbrow	
1959	0:44:10	1/1/2019 	2643569	19.00	9.00	6.87	14.75	97701.44	289671	0	CharlieHolbrow	
1960	0:44:15	1/1/2019 	2647941	25.00	129.00	6.61	14.74	97699.20	196779	1	CharlieHolbrow	
1961	0:44:15	1/1/2019 	2648389	22.00	54.00	6.73	14.74	97698.45	1837	1	CharlieHolbrow	
1962	0:44:17	1/1/2019 	2650144	18.00	9.00	6.93	14.73	97697.61	97780	0	CharlieHolbrow	
1963	0:44:20	1/1/2019 	2653317	23.00	86.00	6.69	14.73	97695.50	146692	1	CharlieHolbrow	
1964	0:44:20	1/1/2019 	2653602	36.00	337.00	6.26	14.73	97695.23	49809	1	CharlieHolbrow	
1965	0:44:25	1/1/2019 	2658672	25.00	142.00	6.62	14.72	97692.91	241691	1	CharlieHolbrow	
1966	0:44:28	1/1/2019 	2661106	25.00	126.00	6.61	14.71	97691.09	99947	0	CharlieHolbrow	
1967	0:44:30	1/1/2019 	2663327	36.00	379.00	6.28	14.71	97690.86	98721	1	CharlieHolbrow	
1968	0:44:32	1/1/2019 	2665272	18.00	9.00	6.93	14.70	97689.04	97779	0	CharlieHolbrow	
1969	0:44:36	1/1/2019 	2669405	25.00	125.00	6.61	14.69	97686.48	193723	1	CharlieHolbrow	
1970	0:44:51	1/1/2019 	2684067	26.00	146.00	6.57	14.67	97677.80	721402	1	CharlieHolbrow	
1971	0:44:53	1/1/2019 	2686362	24.00	110.00	6.65	14.66	97677.16	98721	1	CharlieHolbrow	
1972	0:44:56	1/1/2019 	2689673	22.00	72.00	6.73	14.66	97675.66	195826	0	CharlieHolbrow	
1973	0:44:57	1/1/2019 	2690345	22.00	75.00	6.74	14.66	97675.83	2778	1	CharlieHolbrow	
1974	0:45:00	1/1/2019 	2693043	18.00	9.00	6.93	14.65	97673.42	145746	0	CharlieHolbrow	
1975	0:45:01	1/1/2019 	2693864	18.00	8.00	6.93	14.65	97673.27	49806	0	CharlieHolbrow	
1976	0:45:01	1/1/2019 	2694286	52.00	660.00	6.13	14.65	97673.27	1835	1	CharlieHolbrow	
1977	0:45:04	1/1/2019 	2697240	23.00	84.00	6.69	14.64	97670.63	151233	1	CharlieHolbrow	
1978	0:45:04	1/1/2019 	2697346	33.00	186.00	6.30	14.64	97670.63	1838	1	CharlieHolbrow	
1979	0:45:09	1/1/2019 	2702098	19.00	20.00	6.89	14.63	97668.06	241689	0	CharlieHolbrow	
1980	0:45:09	1/1/2019 	2702340	23.00	77.00	6.68	14.63	97668.06	2779	1	CharlieHolbrow	
1981	0:45:12	1/1/2019 	2704734	26.00	143.00	6.57	14.63	97665.92	145749	0	CharlieHolbrow	
1982	0:45:12	1/1/2019 	2704858	22.00	49.00	6.72	14.63	97665.92	1837	1	CharlieHolbrow	
1983	0:45:14	1/1/2019 	2706874	30.00	223.00	6.42	14.63	97665.76	99835	1	CharlieHolbrow	
1984	0:45:17	1/1/2019 	2710091	26.00	155.00	6.58	14.62	97664.69	145751	1	CharlieHolbrow	
1985	0:45:17	1/1/2019 	2710662	28.00	165.00	6.49	14.62	97664.36	50554	1	CharlieHolbrow	
1986	0:45:18	1/1/2019 	2711663	25.00	129.00	6.61	14.62	97663.62	49808	1	CharlieHolbrow	
1987	0:45:22	1/1/2019 	2714897	19.00	13.00	6.88	14.61	97661.87	145750	1	CharlieHolbrow	
1988	0:45:22	1/1/2019 	2715096	26.00	34.00	6.51	14.61	97661.38	1839	1	CharlieHolbrow	
1989	0:45:24	1/1/2019 	2717024	18.00	9.00	6.93	14.61	97661.12	101091	0	CharlieHolbrow	
1990	0:45:32	1/1/2019 	2725942	33.00	300.00	6.34	14.59	97658.30	433590	0	CharlieHolbrow	
1991	0:45:33	1/1/2019 	2726886	54.00	879.00	6.22	14.59	97657.65	50558	1	CharlieHolbrow	
1992	0:45:34	1/1/2019 	2727242	33.00	292.00	6.33	14.59	97656.91	1836	1	CharlieHolbrow	
1993	0:45:36	1/1/2019 	2729246	28.00	199.00	6.50	14.59	97656.48	97783	1	CharlieHolbrow	
1994	0:45:38	1/1/2019 	2731744	25.00	127.00	6.61	14.58	97654.50	145754	1	CharlieHolbrow	
1995	0:45:41	1/1/2019 	2734135	23.00	79.00	6.68	14.58	97654.73	100649	1	CharlieHolbrow	
1996	0:45:48	1/1/2019 	2741235	20.00	34.00	6.83	14.56	97650.29	337640	1	CharlieHolbrow	
1997	0:45:50	1/1/2019 	2743570	21.00	200.00	6.87	14.56	97648.23	146500	1	CharlieHolbrow	
1998	0:45:53	1/1/2019 	2746085	19.00	19.00	6.88	14.56	97647.81	97781	0	CharlieHolbrow	
1999	0:45:58	1/1/2019 	2751239	28.00	178.00	6.49	14.55	97644.70	241697	1	CharlieHolbrow	
2000	0:45:59	1/1/2019 	2752117	22.00	66.00	6.73	14.55	97643.62	50558	0	CharlieHolbrow	
2001	0:45:59	1/1/2019 	2752697	24.00	93.00	6.64	14.55	97643.78	51926	0	CharlieHolbrow	
2002	0:46:03	1/1/2019 	2756214	23.00	90.00	6.69	14.54	97642.62	145752	1	CharlieHolbrow	
2003	0:46:04	1/1/2019 	2757258	50.00	689.00	6.15	14.54	97642.36	49813	1	CharlieHolbrow	
2004	0:46:05	1/1/2019 	2758214	23.00	90.00	6.69	14.54	97641.88	49812	1	CharlieHolbrow	
2005	0:46:11	1/1/2019 	2764180	25.00	129.00	6.61	14.53	97638.11	289672	0	CharlieHolbrow	
2006	0:46:12	1/1/2019 	2765202	18.00	8.00	6.93	14.53	97637.84	52676	0	CharlieHolbrow	
2007	0:46:13	1/1/2019 	2766765	20.00	42.00	6.84	14.52	97636.94	97779	1	CharlieHolbrow	
2008	0:46:14	1/1/2019 	2767278	24.00	110.00	6.65	14.52	97636.61	1836	1	CharlieHolbrow	
2009	0:46:16	1/1/2019 	2769275	23.00	82.00	6.68	14.52	97635.86	97780	1	CharlieHolbrow	
2010	0:46:20	1/1/2019 	2773499	28.00	200.00	6.50	14.51	97633.62	193724	1	CharlieHolbrow	
2011	0:46:24	1/1/2019 	2777605	22.00	81.00	6.74	14.51	97632.00	242447	1	CharlieHolbrow	
2012	0:46:31	1/1/2019 	2784600	41.00	453.00	6.18	14.50	97628.27	343126	1	CharlieHolbrow	
2013	0:46:35	1/1/2019 	2788187	26.00	159.00	6.58	14.49	97626.28	146500	1	CharlieHolbrow	
2014	0:46:37	1/1/2019 	2790743	18.00	9.00	6.93	14.49	97625.22	145750	0	CharlieHolbrow	
2015	0:46:42	1/1/2019 	2795073	18.00	13.00	6.94	14.48	97622.52	194467	0	CharlieHolbrow	
2016	0:46:42	1/1/2019 	2795329	33.00	279.00	6.33	14.48	97622.52	1837	1	CharlieHolbrow	
2017	0:46:44	1/1/2019 	2797495	18.00	9.00	6.93	14.48	97622.09	97780	0	CharlieHolbrow	
2018	0:46:53	1/1/2019 	2806772	19.00	19.00	6.88	14.46	97617.81	483665	0	CharlieHolbrow	
2019	0:46:54	1/1/2019 	2807038	33.00	312.00	6.34	14.46	97617.81	2584	1	CharlieHolbrow	
2020	0:46:54	1/1/2019 	2807585	31.00	197.00	6.37	14.46	97617.06	49807	1	CharlieHolbrow	
2021	0:47:00	1/1/2019 	2813956	26.00	151.00	6.57	14.45	97615.06	289665	1	CharlieHolbrow	
2022	0:47:04	1/1/2019 	2817601	24.00	93.00	6.64	14.45	97612.75	194471	1	CharlieHolbrow	
2023	0:47:05	1/1/2019 	2818276	31.00	267.00	6.40	14.45	97613.08	1836	0	CharlieHolbrow	
2024	0:47:13	1/1/2019 	2826205	26.00	147.00	6.57	14.44	97609.64	387721	0	CharlieHolbrow	
2025	0:47:18	1/1/2019 	2831492	30.00	227.00	6.42	14.43	97606.32	242439	0	CharlieHolbrow	
2026	0:47:21	1/1/2019 	2834325	29.00	225.00	6.46	14.42	97605.36	146495	0	CharlieHolbrow	
2027	0:47:26	1/1/2019 	2839129	23.00	86.00	6.69	14.41	97602.13	241685	1	CharlieHolbrow	
2028	0:47:30	1/1/2019 	2843053	24.00	105.00	6.65	14.41	97600.81	193716	0	CharlieHolbrow	
2029	0:47:33	1/1/2019 	2846498	18.00	9.00	6.93	14.40	97599.15	148617	0	CharlieHolbrow	
2030	0:47:34	1/1/2019 	2847302	32.00	280.00	6.36	14.40	97598.73	49838	1	CharlieHolbrow	
2031	0:47:34	1/1/2019 	2847850	20.00	15.00	6.82	14.40	97598.56	49808	0	CharlieHolbrow	
2032	0:47:35	1/1/2019 	2849016	24.00	103.00	6.64	14.40	97597.36	49807	1	CharlieHolbrow	
2033	0:47:39	1/1/2019 	2852075	46.00	612.00	6.16	14.39	97596.20	145750	1	CharlieHolbrow	
2034	0:47:43	1/1/2019 	2856974	30.00	238.00	6.43	14.39	97593.47	242441	1	CharlieHolbrow	
2035	0:47:44	1/1/2019 	2857496	28.00	196.00	6.50	14.39	97593.14	3949	1	CharlieHolbrow	
2036	0:47:45	1/1/2019 	2858837	23.00	88.00	6.69	14.38	97593.05	97777	0	CharlieHolbrow	
2037	0:47:46	1/1/2019 	2859661	36.00	380.00	6.28	14.38	97592.14	49807	1	CharlieHolbrow	
2038	0:47:50	1/1/2019 	2863310	18.00	9.00	6.93	14.38	97590.84	146495	0	CharlieHolbrow	
2039	0:48:03	1/1/2019 	2876707	25.00	128.00	6.61	14.36	97585.94	673435	0	CharlieHolbrow	
2040	0:48:04	1/1/2019 	2877768	30.00	260.00	6.43	14.36	97585.12	50558	1	CharlieHolbrow	
2041	0:48:12	1/1/2019 	2885252	33.00	302.00	6.34	14.35	97581.36	339761	1	CharlieHolbrow	
2042	0:48:14	1/1/2019 	2887635	17.00	9.00	7.00	14.34	97580.52	146502	0	CharlieHolbrow	
2043	0:48:15	1/1/2019 	2888752	33.00	275.00	6.33	14.34	97580.52	49809	0	CharlieHolbrow	
2044	0:48:17	1/1/2019 	2890689	24.00	110.00	6.65	14.34	97579.12	97784	1	CharlieHolbrow	
2045	0:48:22	1/1/2019 	2895234	22.00	66.00	6.73	14.33	97576.55	194476	1	CharlieHolbrow	
2046	0:48:22	1/1/2019 	2895998	23.00	92.00	6.69	14.33	97576.72	49808	1	CharlieHolbrow	
2047	0:48:25	1/1/2019 	2898597	20.00	35.00	6.84	14.33	97575.09	147865	1	CharlieHolbrow	
2048	0:48:29	1/1/2019 	2902266	27.00	143.00	6.52	14.32	97573.77	145753	1	CharlieHolbrow	
2049	0:48:32	1/1/2019 	2905382	24.00	97.00	6.64	14.32	97573.19	146503	0	CharlieHolbrow	
2050	0:48:32	1/1/2019 	2905804	34.00	286.00	6.30	14.32	97573.19	49810	1	CharlieHolbrow	
2051	0:48:37	1/1/2019 	2910484	24.00	101.00	6.64	14.31	97570.45	193726	1	CharlieHolbrow	
2052	0:48:37	1/1/2019 	2910838	22.00	43.00	6.72	14.31	97570.45	52677	0	CharlieHolbrow	
2053	0:48:42	1/1/2019 	2915840	36.00	356.00	6.27	14.31	97569.32	241696	1	CharlieHolbrow	
2054	0:48:45	1/1/2019 	2918817	31.00	257.00	6.39	14.30	97567.99	145758	1	CharlieHolbrow	
2055	0:48:46	1/1/2019 	2919921	17.00	9.00	7.00	14.30	97567.34	49810	0	CharlieHolbrow	
2056	0:48:47	1/1/2019 	2920826	18.00	9.00	6.93	14.30	97566.92	50556	0	CharlieHolbrow	
2057	0:48:48	1/1/2019 	2921966	19.00	9.00	6.87	14.30	97567.25	49808	0	CharlieHolbrow	
2058	0:48:52	1/1/2019 	2925856	21.00	40.00	6.78	14.29	97565.75	195842	0	CharlieHolbrow	
2059	0:48:54	1/1/2019 	2927284	19.00	13.00	6.88	14.29	97565.01	49810	0	CharlieHolbrow	
2060	0:48:59	1/1/2019 	2932406	51.00	717.00	6.16	14.28	97561.14	241699	1	CharlieHolbrow	
2061	0:48:59	1/1/2019 	2932644	41.00	458.00	6.18	14.28	97560.98	50557	1	CharlieHolbrow	
2062	0:48:59	1/1/2019 	2932792	18.00	9.00	6.93	14.28	97560.98	1836	0	CharlieHolbrow	
2063	0:49:04	1/1/2019 	2937028	21.00	44.00	6.78	14.28	97559.81	193728	0	CharlieHolbrow	
2064	0:49:13	1/1/2019 	2946825	27.00	131.00	6.52	14.27	97556.73	483678	0	CharlieHolbrow	
2065	0:49:20	1/1/2019 	2953806	24.00	117.00	6.65	14.26	97551.49	338393	1	CharlieHolbrow	
2066	0:49:20	1/1/2019 	2953827	39.00	409.00	6.21	14.26	97551.49	2583	0	CharlieHolbrow	
2067	0:49:24	1/1/2019 	2957471	45.00	573.00	6.15	14.25	97550.91	145752	1	CharlieHolbrow	
2068	0:49:24	1/1/2019 	2957595	33.00	258.00	6.32	14.25	97550.91	49808	0	CharlieHolbrow	
2069	0:49:25	1/1/2019 	2958288	24.00	110.00	6.65	14.25	97550.16	1835	1	CharlieHolbrow	
2070	0:49:26	1/1/2019 	2959848	28.00	168.00	6.49	14.25	97550.48	99895	1	CharlieHolbrow	
2071	0:49:28	1/1/2019 	2961455	29.00	130.00	6.43	14.25	97550.07	50557	1	CharlieHolbrow	
2072	0:49:29	1/1/2019 	2962128	19.00	13.00	6.88	14.25	97549.58	49808	1	CharlieHolbrow	
2073	0:49:36	1/1/2019 	2969737	18.00	8.00	6.93	14.24	97546.47	385618	0	CharlieHolbrow	
2074	0:49:39	1/1/2019 	2972792	25.00	129.00	6.61	14.23	97544.81	146501	1	CharlieHolbrow	
2075	0:49:41	1/1/2019 	2974081	20.00	35.00	6.84	14.23	97544.00	51922	0	CharlieHolbrow	
2076	0:49:43	1/1/2019 	2976480	32.00	277.00	6.36	14.23	97541.52	97781	1	CharlieHolbrow	
2077	0:49:46	1/1/2019 	2979985	17.00	9.00	7.00	14.22	97539.05	193727	1	CharlieHolbrow	
2078	0:49:57	1/1/2019 	2990266	26.00	128.00	6.56	14.21	97536.50	482306	1	CharlieHolbrow	
2079	0:50:05	1/1/2019 	2998135	20.00	33.00	6.83	14.20	97532.53	386366	0	CharlieHolbrow	
2080	0:50:06	1/1/2019 	2999424	21.00	47.00	6.78	14.20	97533.03	49809	0	CharlieHolbrow	
2081	0:50:13	1/1/2019 	3006299	34.00	374.00	6.34	14.19	97528.53	339817	1	CharlieHolbrow	
2082	0:50:20	1/1/2019 	3013814	18.00	8.00	6.93	14.18	97525.88	386361	0	CharlieHolbrow	
2083	0:50:22	1/1/2019 	3015230	18.00	9.00	6.93	14.18	97525.39	50559	0	CharlieHolbrow	
2084	0:50:25	1/1/2019 	3017993	34.00	327.00	6.32	14.18	97525.13	145749	1	CharlieHolbrow	
2085	0:50:30	1/1/2019 	3023194	19.00	12.00	6.87	14.18	97522.53	241701	0	CharlieHolbrow	
2086	0:50:30	1/1/2019 	3023645	18.00	8.00	6.93	14.17	97521.78	50557	1	CharlieHolbrow	
2087	0:50:31	1/1/2019 	3024648	23.00	78.00	6.68	14.17	97522.27	51920	0	CharlieHolbrow	
2088	0:50:36	1/1/2019 	3029202	29.00	195.00	6.45	14.17	97519.97	193728	0	CharlieHolbrow	
2089	0:50:36	1/1/2019 	3029425	25.00	110.00	6.60	14.17	97519.88	1838	1	CharlieHolbrow	
2090	0:50:36	1/1/2019 	3029922	37.00	380.00	6.25	14.17	97519.71	49812	1	CharlieHolbrow	
2091	0:50:38	1/1/2019 	3031081	20.00	33.00	6.83	14.17	97519.38	50555	0	CharlieHolbrow	
2092	0:50:41	1/1/2019 	3034485	19.00	14.00	6.88	14.16	97517.89	145750	0	CharlieHolbrow	
2093	0:50:42	1/1/2019 	3035226	23.00	82.00	6.68	14.16	97517.73	51921	1	CharlieHolbrow	
2094	0:50:44	1/1/2019 	3037777	36.00	356.00	6.27	14.16	97516.17	145752	1	CharlieHolbrow	
2095	0:50:45	1/1/2019 	3038983	32.00	251.00	6.35	14.16	97516.08	49808	1	CharlieHolbrow	
2096	0:50:49	1/1/2019 	3042483	18.00	9.00	6.93	14.15	97514.78	145751	0	CharlieHolbrow	
2097	0:50:50	1/1/2019 	3043945	26.00	124.00	6.56	14.15	97514.78	98526	0	CharlieHolbrow	
2098	0:50:51	1/1/2019 	3044753	19.00	17.00	6.88	14.15	97513.70	49807	0	CharlieHolbrow	
2099	0:50:55	1/1/2019 	3048324	25.00	135.00	6.61	14.15	97512.95	147865	1	CharlieHolbrow	
2100	0:50:56	1/1/2019 	3049284	22.00	70.00	6.73	14.15	97512.31	49809	1	CharlieHolbrow	
2101	0:50:59	1/1/2019 	3052061	25.00	113.00	6.60	14.14	97511.72	145752	1	CharlieHolbrow	
2102	0:51:00	1/1/2019 	3053248	19.00	14.00	6.88	14.14	97510.81	50555	0	CharlieHolbrow	
2103	0:51:04	1/1/2019 	3057565	35.00	338.00	6.29	14.14	97508.83	241694	0	CharlieHolbrow	
2104	0:51:05	1/1/2019 	3058867	33.00	301.00	6.34	14.14	97507.86	51922	1	CharlieHolbrow	
2105	0:51:10	1/1/2019 	3063897	19.00	10.00	6.87	14.13	97505.98	241694	0	CharlieHolbrow	
2106	0:51:12	1/1/2019 	3065455	24.00	96.00	6.64	14.13	97505.72	50554	0	CharlieHolbrow	
2107	0:51:14	1/1/2019 	3067620	23.00	85.00	6.69	14.13	97504.25	145752	0	CharlieHolbrow	
2108	0:51:15	1/1/2019 	3068614	20.00	60.00	6.85	14.12	97503.34	49809	1	CharlieHolbrow	
2109	0:51:17	1/1/2019 	3070325	36.00	346.00	6.26	14.12	97503.41	49808	1	CharlieHolbrow	
2110	0:51:28	1/1/2019 	3081741	19.00	18.00	6.88	14.11	97498.25	580364	0	CharlieHolbrow	
2111	0:51:31	1/1/2019 	3084262	18.00	8.00	6.93	14.11	97497.83	98530	1	CharlieHolbrow	
2112	0:51:34	1/1/2019 	3087942	26.00	165.00	6.58	14.10	97496.92	193723	1	CharlieHolbrow	
2113	0:51:35	1/1/2019 	3088425	29.00	235.00	6.47	14.10	97496.17	1836	1	CharlieHolbrow	
2114	0:51:38	1/1/2019 	3091007	31.00	254.00	6.39	14.10	97495.10	145755	1	CharlieHolbrow	
2115	0:51:45	1/1/2019 	3098478	36.00	365.00	6.27	14.09	97491.95	338383	0	CharlieHolbrow	
2116	0:51:51	1/1/2019 	3104053	27.00	73.00	6.48	14.09	97490.92	291777	0	CharlieHolbrow	
2117	0:51:53	1/1/2019 	3106203	18.00	9.00	6.93	14.08	97490.98	98525	0	CharlieHolbrow	
2118	0:51:54	1/1/2019 	3107050	31.00	264.00	6.39	14.08	97489.91	49807	0	CharlieHolbrow	
2119	0:51:54	1/1/2019 	3107103	31.00	232.00	6.38	14.08	97489.91	1836	0	CharlieHolbrow	
2120	0:52:00	1/1/2019 	3113583	23.00	102.00	6.70	14.07	97486.86	337635	1	CharlieHolbrow	
2121	0:52:01	1/1/2019 	3114000	47.00	608.00	6.14	14.07	97487.02	2583	1	CharlieHolbrow	
2122	0:52:08	1/1/2019 	3121383	36.00	397.00	6.29	14.06	97483.26	339753	0	CharlieHolbrow	
2123	0:52:09	1/1/2019 	3122773	30.00	231.00	6.42	14.06	97483.09	98528	0	CharlieHolbrow	
2124	0:52:19	1/1/2019 	3132103	18.00	9.00	6.93	14.05	97478.16	433585	0	CharlieHolbrow	
2125	0:52:27	1/1/2019 	3140001	33.00	289.00	6.33	14.04	97474.55	386356	1	CharlieHolbrow	
2126	0:52:30	1/1/2019 	3143099	18.00	9.00	6.93	14.04	97473.88	146500	0	CharlieHolbrow	
2127	0:52:31	1/1/2019 	3144652	38.00	378.00	6.22	14.04	97472.73	99898	1	CharlieHolbrow	
2128	0:52:33	1/1/2019 	3146392	25.00	124.00	6.61	14.04	97472.97	49808	1	CharlieHolbrow	
2129	0:52:34	1/1/2019 	3147882	24.00	103.00	6.64	14.03	97471.57	97781	1	CharlieHolbrow	
2130	0:52:40	1/1/2019 	3153466	26.00	142.00	6.57	14.03	97469.27	241695	1	CharlieHolbrow	
2131	0:52:42	1/1/2019 	3155960	21.00	40.00	6.78	14.03	97469.59	146498	1	CharlieHolbrow	
2132	0:52:48	1/1/2019 	3161789	22.00	62.00	6.73	14.02	97467.94	289669	0	CharlieHolbrow	
2133	0:52:48	1/1/2019 	3161971	22.00	54.00	6.73	14.02	97467.22	4706	1	CharlieHolbrow	
2134	0:53:00	1/1/2019 	3173091	18.00	9.00	6.93	14.01	97463.26	529535	0	CharlieHolbrow	
2135	0:53:01	1/1/2019 	3174134	30.00	233.00	6.42	14.01	97463.42	50557	1	CharlieHolbrow	
2136	0:53:03	1/1/2019 	3176025	20.00	30.00	6.83	14.01	97461.86	97782	1	CharlieHolbrow	
2137	0:53:05	1/1/2019 	3178261	25.00	129.00	6.61	14.01	97461.45	97782	1	CharlieHolbrow	
2138	0:53:20	1/1/2019 	3193583	34.00	302.00	6.30	13.99	97456.61	769400	0	CharlieHolbrow	
2139	0:53:24	1/1/2019 	3197784	26.00	135.00	6.57	13.99	97454.46	196594	0	CharlieHolbrow	
2140	0:53:28	1/1/2019 	3201407	24.00	103.00	6.64	13.98	97452.97	145755	1	CharlieHolbrow	
2141	0:53:28	1/1/2019 	3201712	23.00	55.00	6.67	13.98	97452.81	50556	0	CharlieHolbrow	
2142	0:53:29	1/1/2019 	3202408	53.00	843.00	6.20	13.98	97452.81	1835	1	CharlieHolbrow	
2143	0:53:29	1/1/2019 	3202484	26.00	115.00	6.55	13.98	97452.81	1837	1	CharlieHolbrow	
2144	0:53:30	1/1/2019 	3203448	25.00	130.00	6.61	13.98	97451.90	49808	1	CharlieHolbrow	
2145	0:53:31	1/1/2019 	3204343	27.00	166.00	6.53	13.98	97451.41	51924	1	CharlieHolbrow	
2146	0:53:31	1/1/2019 	3204416	26.00	137.00	6.57	13.98	97451.41	1836	1	CharlieHolbrow	
2147	0:53:32	1/1/2019 	3205399	32.00	286.00	6.37	13.98	97451.31	49809	1	CharlieHolbrow	
2148	0:53:32	1/1/2019 	3205577	20.00	24.00	6.83	13.98	97451.31	49809	1	CharlieHolbrow	
2149	0:53:33	1/1/2019 	3206762	18.00	9.00	6.93	13.98	97451.80	49808	0	CharlieHolbrow	
2150	0:53:38	1/1/2019 	3211399	26.00	134.00	6.56	13.97	97450.19	193725	1	CharlieHolbrow	
2151	0:53:41	1/1/2019 	3214761	19.00	23.00	6.89	13.97	97448.62	196673	1	CharlieHolbrow	
2152	0:53:44	1/1/2019 	3217089	23.00	88.00	6.69	13.96	97447.30	97786	1	CharlieHolbrow	
2153	0:53:45	1/1/2019 	3218878	44.00	515.00	6.14	13.96	97446.23	97779	1	CharlieHolbrow	
2154	0:53:47	1/1/2019 	3220482	21.00	70.00	6.79	13.96	97446.88	49812	1	CharlieHolbrow	
2155	0:53:50	1/1/2019 	3223200	25.00	127.00	6.61	13.96	97445.31	146506	1	CharlieHolbrow	
2156	0:53:51	1/1/2019 	3224013	23.00	74.00	6.68	13.96	97445.48	51923	0	CharlieHolbrow	
2157	0:53:51	1/1/2019 	3224310	30.00	210.00	6.42	13.96	97445.48	1836	1	CharlieHolbrow	
2158	0:53:52	1/1/2019 	3225027	25.00	119.00	6.60	13.96	97445.38	49808	0	CharlieHolbrow	
2159	0:53:52	1/1/2019 	3225931	25.00	105.00	6.59	13.96	97445.05	49808	1	CharlieHolbrow	
2160	0:53:54	1/1/2019 	3227592	30.00	229.00	6.42	13.95	97443.82	97781	1	CharlieHolbrow	
2161	0:54:06	1/1/2019 	3239024	29.00	191.00	6.45	13.94	97439.89	529541	1	CharlieHolbrow	
2162	0:54:06	1/1/2019 	3239263	18.00	9.00	6.93	13.94	97439.89	4719	0	CharlieHolbrow	
2163	0:54:15	1/1/2019 	3248045	18.00	9.00	6.93	13.94	97436.84	433590	0	CharlieHolbrow	
2164	0:54:18	1/1/2019 	3251776	24.00	84.00	6.63	13.93	97434.95	194473	0	CharlieHolbrow	
2165	0:54:19	1/1/2019 	3252905	26.00	138.00	6.57	13.93	97434.70	50555	1	CharlieHolbrow	
2166	0:54:22	1/1/2019 	3255091	18.00	9.00	6.93	13.93	97433.50	97782	1	CharlieHolbrow	
2167	0:54:23	1/1/2019 	3256923	23.00	90.00	6.69	13.93	97433.66	97781	0	CharlieHolbrow	
2168	0:54:24	1/1/2019 	3257287	48.00	663.00	6.16	13.93	97433.56	3949	1	CharlieHolbrow	
2169	0:54:25	1/1/2019 	3258593	32.00	262.00	6.36	13.93	97433.08	97781	1	CharlieHolbrow	
2170	0:54:28	1/1/2019 	3261633	19.00	18.00	6.88	13.92	97432.00	145756	0	CharlieHolbrow	
2171	0:54:28	1/1/2019 	3261931	25.00	81.00	6.58	13.92	97432.17	2779	0	CharlieHolbrow	
2172	0:54:33	1/1/2019 	3266086	17.00	9.00	7.00	13.92	97429.47	193727	0	CharlieHolbrow	
2173	0:54:35	1/1/2019 	3268622	20.00	40.00	6.84	13.92	97428.62	145758	1	CharlieHolbrow	
2174	0:54:39	1/1/2019 	3272037	31.00	244.00	6.39	13.91	97427.88	147872	1	CharlieHolbrow	
2175	0:54:44	1/1/2019 	3277409	16.00	64.00	7.12	13.91	97425.19	242645	1	CharlieHolbrow	
2176	0:54:54	1/1/2019 	3287181	24.00	109.00	6.65	13.90	97422.21	481554	0	CharlieHolbrow	
2177	0:54:56	1/1/2019 	3289148	24.00	100.00	6.64	13.90	97420.91	98723	0	CharlieHolbrow	
2178	0:54:57	1/1/2019 	3290378	31.00	230.00	6.38	13.89	97420.48	49808	1	CharlieHolbrow	
2179	0:55:01	1/1/2019 	3294338	30.00	235.00	6.42	13.89	97419.09	196803	1	CharlieHolbrow	
2180	0:55:02	1/1/2019 	3295849	25.00	133.00	6.61	13.89	97418.66	97783	1	CharlieHolbrow	
2181	0:55:08	1/1/2019 	3301923	22.00	64.00	6.73	13.88	97415.58	289675	0	CharlieHolbrow	
2182	0:55:15	1/1/2019 	3308774	22.00	78.00	6.74	13.88	97413.27	338594	1	CharlieHolbrow	
2183	0:55:17	1/1/2019 	3310418	24.00	113.00	6.65	13.88	97412.53	49812	0	CharlieHolbrow	
2184	0:55:20	1/1/2019 	3313840	27.00	140.00	6.52	13.87	97411.62	194671	1	CharlieHolbrow	
2185	0:55:21	1/1/2019 	3314880	23.00	75.00	6.68	13.87	97411.04	51919	1	CharlieHolbrow	
2186	0:55:25	1/1/2019 	3318370	44.00	561.00	6.16	13.87	97409.80	145753	1	CharlieHolbrow	
2187	0:55:30	1/1/2019 	3324004	17.00	9.00	7.00	13.86	97408.34	289677	0	CharlieHolbrow	
2188	0:55:36	1/1/2019 	3330255	31.00	239.00	6.39	13.86	97405.71	290617	1	CharlieHolbrow	
2189	0:55:41	1/1/2019 	3334959	25.00	139.00	6.62	13.85	97404.39	242644	1	CharlieHolbrow	
2190	0:55:44	1/1/2019 	3337604	30.00	246.00	6.43	13.85	97404.06	145758	1	CharlieHolbrow	
2191	0:55:47	1/1/2019 	3340601	34.00	315.00	6.31	13.85	97402.34	147868	1	CharlieHolbrow	
2192	0:55:52	1/1/2019 	3346310	18.00	9.00	6.93	13.85	97401.01	242644	0	CharlieHolbrow	
2193	0:55:53	1/1/2019 	3346876	23.00	84.00	6.69	13.85	97401.17	49809	1	CharlieHolbrow	
2194	0:55:55	1/1/2019 	3348961	18.00	8.00	6.93	13.84	97400.27	97781	1	CharlieHolbrow	
2195	0:55:58	1/1/2019 	3351458	18.00	9.00	6.93	13.84	97399.55	97781	0	CharlieHolbrow	
2196	0:56:07	1/1/2019 	3360892	20.00	32.00	6.83	13.83	97394.94	482505	1	CharlieHolbrow	
2197	0:56:08	1/1/2019 	3361788	23.00	90.00	6.69	13.83	97395.27	52873	1	CharlieHolbrow	
2198	0:56:08	1/1/2019 	3361914	23.00	46.00	6.67	13.83	97395.27	1836	1	CharlieHolbrow	
2199	0:56:13	1/1/2019 	3367108	24.00	108.00	6.65	13.83	97394.27	241697	1	CharlieHolbrow	
2200	0:56:19	1/1/2019 	3373306	22.00	69.00	6.73	13.82	97391.95	289673	1	CharlieHolbrow	
2201	0:56:27	1/1/2019 	3380892	24.00	84.00	6.63	13.81	97389.59	386557	1	CharlieHolbrow	
2202	0:56:28	1/1/2019 	3381811	22.00	61.00	6.73	13.81	97389.59	52921	1	CharlieHolbrow	
2203	0:56:29	1/1/2019 	3383120	21.00	50.00	6.78	13.81	97388.94	49810	0	CharlieHolbrow	
2204	0:56:34	1/1/2019 	3387441	29.00	195.00	6.45	13.81	97386.95	193729	0	CharlieHolbrow	
2205	0:56:38	1/1/2019 	3392212	25.00	123.00	6.61	13.80	97384.98	241700	1	CharlieHolbrow	
2206	0:56:42	1/1/2019 	3395984	35.00	299.00	6.27	13.80	97382.44	194673	1	CharlieHolbrow	
2207	0:56:45	1/1/2019 	3398973	18.00	10.00	6.93	13.80	97381.20	145757	1	CharlieHolbrow	
2208	0:56:47	1/1/2019 	3400698	18.00	9.00	6.93	13.80	97380.16	99896	0	CharlieHolbrow	
2209	0:56:50	1/1/2019 	3403568	21.00	44.00	6.78	13.79	97380.23	146697	1	CharlieHolbrow	
2210	0:56:51	1/1/2019 	3404480	23.00	84.00	6.69	13.79	97380.56	1837	1	CharlieHolbrow	
2211	0:56:51	1/1/2019 	3405345	25.00	115.00	6.60	13.79	97380.47	49810	1	CharlieHolbrow	
2212	0:56:54	1/1/2019 	3408075	26.00	126.00	6.56	13.79	97380.14	145753	1	CharlieHolbrow	
2213	0:56:55	1/1/2019 	3409089	29.00	223.00	6.46	13.79	97379.33	49811	1	CharlieHolbrow	
2214	0:56:59	1/1/2019 	3413210	31.00	259.00	6.39	13.79	97372.79	195844	1	CharlieHolbrow	
2215	0:57:03	1/1/2019 	3416890	24.00	97.00	6.64	13.78	97364.69	194674	1	CharlieHolbrow	
2216	0:57:04	1/1/2019 	3417690	24.00	104.00	6.65	13.78	97363.64	49809	1	CharlieHolbrow	
2217	0:57:06	1/1/2019 	3419746	28.00	94.00	6.45	13.77	97363.06	97782	0	CharlieHolbrow	
2218	0:57:16	1/1/2019 	3430122	27.00	167.00	6.53	13.75	97350.03	482502	1	CharlieHolbrow	
2219	0:57:18	1/1/2019 	3431969	33.00	267.00	6.32	13.75	97345.45	98723	1	CharlieHolbrow	
2220	0:57:20	1/1/2019 	3434301	19.00	8.00	6.86	13.74	97339.07	99894	0	CharlieHolbrow	
2221	0:57:24	1/1/2019 	3437548	18.00	10.00	6.93	13.73	97333.67	193722	1	CharlieHolbrow	
2222	0:57:26	1/1/2019 	3439834	17.00	9.00	7.00	13.72	97332.25	97782	0	CharlieHolbrow	
2223	0:57:34	1/1/2019 	3448185	18.00	9.00	6.93	13.70	97331.59	386555	0	CharlieHolbrow	
2224	0:57:35	1/1/2019 	3448564	23.00	86.00	6.69	13.70	97331.59	49808	1	CharlieHolbrow	
2225	0:57:38	1/1/2019 	3452199	18.00	9.00	6.93	13.68	97330.73	145752	0	CharlieHolbrow	
2226	0:57:39	1/1/2019 	3452820	27.00	171.00	6.54	13.68	97331.06	52931	0	CharlieHolbrow	
2227	0:57:39	1/1/2019 	3453099	25.00	96.00	6.59	13.68	97331.06	1836	1	CharlieHolbrow	
2228	0:57:45	1/1/2019 	3458902	23.00	91.00	6.69	13.66	97330.91	289663	1	CharlieHolbrow	
2229	0:57:46	1/1/2019 	3459702	44.00	453.00	6.12	13.66	97330.81	49809	0	CharlieHolbrow	
2230	0:57:49	1/1/2019 	3462391	29.00	198.00	6.46	13.65	97330.77	98721	1	CharlieHolbrow	
2231	0:57:53	1/1/2019 	3466590	18.00	9.00	6.93	13.63	97329.84	243809	0	CharlieHolbrow	
2232	0:57:53	1/1/2019 	3467271	22.00	54.00	6.73	13.63	97329.91	1836	1	CharlieHolbrow	
2233	0:57:54	1/1/2019 	3467801	26.00	125.00	6.56	13.63	97329.66	49808	1	CharlieHolbrow	
2234	0:58:03	1/1/2019 	3477361	29.00	217.00	6.46	13.60	97324.42	433583	1	CharlieHolbrow	
2235	0:58:05	1/1/2019 	3478915	25.00	133.00	6.61	13.59	97323.78	98727	0	CharlieHolbrow	
2236	0:58:08	1/1/2019 	3482239	23.00	74.00	6.68	13.59	97322.52	145756	1	CharlieHolbrow	
2237	0:58:12	1/1/2019 	3485858	25.00	121.00	6.61	13.58	97321.02	196786	0	CharlieHolbrow	
2238	0:58:12	1/1/2019 	3485983	33.00	256.00	6.32	13.57	97320.62	1838	1	CharlieHolbrow	
2239	0:58:13	1/1/2019 	3487285	25.00	125.00	6.61	13.57	97320.04	49815	1	CharlieHolbrow	
2240	0:58:19	1/1/2019 	3493315	19.00	9.00	6.87	13.55	97317.11	289675	0	CharlieHolbrow	
2241	0:58:20	1/1/2019 	3493850	22.00	68.00	6.73	13.55	97316.72	50751	1	CharlieHolbrow	
2242	0:58:26	1/1/2019 	3500034	18.00	9.00	6.93	13.53	97313.13	289673	0	CharlieHolbrow	
2243	0:58:29	1/1/2019 	3502916	25.00	119.00	6.60	13.53	97311.03	148813	0	CharlieHolbrow	
2244	0:58:32	1/1/2019 	3506147	44.00	552.00	6.15	13.52	97308.05	145757	1	CharlieHolbrow	
2245	0:58:32	1/1/2019 	3506275	20.00	9.00	6.81	13.52	97308.05	1836	0	CharlieHolbrow	
2246	0:58:38	1/1/2019 	3511793	18.00	9.00	6.93	13.50	97305.73	289671	0	CharlieHolbrow	
2247	0:58:38	1/1/2019 	3512048	25.00	81.00	6.58	13.50	97305.73	2780	1	CharlieHolbrow	
2248	0:58:40	1/1/2019 	3514356	19.00	19.00	6.88	13.50	97304.47	97782	1	CharlieHolbrow	
2249	0:58:43	1/1/2019 	3517200	22.00	75.00	6.74	13.49	97302.89	147869	1	CharlieHolbrow	
2250	0:58:47	1/1/2019 	3520853	35.00	364.00	6.30	13.48	97301.98	193728	1	CharlieHolbrow	
2251	0:58:49	1/1/2019 	3523004	31.00	249.00	6.39	13.48	97300.50	98723	0	CharlieHolbrow	
2252	0:58:51	1/1/2019 	3524837	34.00	317.00	6.31	13.47	97299.17	97780	1	CharlieHolbrow	
2253	0:58:55	1/1/2019 	3528998	31.00	260.00	6.39	13.46	97296.97	193726	1	CharlieHolbrow	
2254	0:58:56	1/1/2019 	3530364	39.00	431.00	6.22	13.46	97296.55	51924	1	CharlieHolbrow	
2255	0:59:03	1/1/2019 	3536977	18.00	9.00	6.93	13.45	97293.22	338584	0	CharlieHolbrow	
2256	0:59:08	1/1/2019 	3541605	25.00	107.00	6.60	13.44	97290.92	241699	1	CharlieHolbrow	
2257	0:59:09	1/1/2019 	3542749	25.00	113.00	6.60	13.43	97290.18	50755	1	CharlieHolbrow	
2258	0:59:12	1/1/2019 	3545910	24.00	114.00	6.65	13.42	97288.18	145755	0	CharlieHolbrow	
2259	0:59:15	1/1/2019 	3548957	26.00	138.00	6.57	13.42	97286.89	145756	1	CharlieHolbrow	
2260	0:59:15	1/1/2019 	3549255	38.00	348.00	6.21	13.42	97286.89	3951	1	CharlieHolbrow	
2261	0:59:16	1/1/2019 	3549955	25.00	223.00	6.65	13.42	97286.47	49809	0	CharlieHolbrow	
2262	0:59:16	1/1/2019 	3550068	30.00	212.00	6.42	13.42	97286.47	2779	1	CharlieHolbrow	
2263	0:59:17	1/1/2019 	3551294	22.00	52.00	6.73	13.41	97286.05	49809	1	CharlieHolbrow	
2264	0:59:20	1/1/2019 	3553763	29.00	202.00	6.46	13.41	97284.72	145755	1	CharlieHolbrow	
2265	0:59:27	1/1/2019 	3560812	18.00	9.00	6.93	13.40	97282.00	337643	1	CharlieHolbrow	
2266	0:59:27	1/1/2019 	3561112	24.00	93.00	6.64	13.39	97281.42	4893	1	CharlieHolbrow	
2267	0:59:35	1/1/2019 	3568863	32.00	262.00	6.36	13.38	97278.19	385623	1	CharlieHolbrow	
2268	0:59:36	1/1/2019 	3569674	27.00	156.00	6.53	13.38	97277.77	49811	0	CharlieHolbrow	
2269	0:59:36	1/1/2019 	3569883	19.00	9.00	6.87	13.38	97277.77	2779	1	CharlieHolbrow	
2270	0:59:39	1/1/2019 	3572994	25.00	121.00	6.61	13.37	97275.98	145756	1	CharlieHolbrow	
2271	0:59:44	1/1/2019 	3577800	22.00	71.00	6.73	13.37	97273.42	241705	1	CharlieHolbrow	
2272	0:59:48	1/1/2019 	3581642	38.00	411.00	6.23	13.36	97272.82	195842	1	CharlieHolbrow	
2273	0:59:52	1/1/2019 	3585375	23.00	83.00	6.69	13.35	97270.69	146698	1	CharlieHolbrow	
2274	0:59:52	1/1/2019 	3585770	27.00	149.00	6.53	13.35	97270.69	49809	1	CharlieHolbrow	
2275	0:59:54	1/1/2019 	3588311	33.00	299.00	6.34	13.35	97269.95	97782	0	CharlieHolbrow	
2276	0:59:58	1/1/2019 	3591830	18.00	10.00	6.93	13.34	97268.61	193730	0	CharlieHolbrow	
2277	1:00:08	1/1/2019 	3601466	24.00	104.00	6.65	13.33	97266.30	436658	1	CharlieHolbrow	
2278	1:00:08	1/1/2019 	3601959	27.00	140.00	6.52	13.33	97266.30	50753	1	CharlieHolbrow	
2279	1:00:18	1/1/2019 	3611385	20.00	23.00	6.83	13.31	97263.55	433593	0	CharlieHolbrow	
2280	1:00:19	1/1/2019 	3612992	23.00	69.00	6.68	13.31	97262.64	98724	0	CharlieHolbrow	
2281	1:00:20	1/1/2019 	3613594	19.00	13.00	6.88	13.31	97262.26	49808	1	CharlieHolbrow	
2282	1:00:26	1/1/2019 	3619366	21.00	38.00	6.78	13.30	97260.28	241697	1	CharlieHolbrow	
2283	1:00:37	1/1/2019 	3630562	31.00	242.00	6.39	13.29	97256.73	579625	1	CharlieHolbrow	
2284	1:00:37	1/1/2019 	3630724	33.00	234.00	6.31	13.29	97256.73	2781	0	CharlieHolbrow	
2285	1:00:37	1/1/2019 	3631148	26.00	94.00	6.54	13.29	97256.56	1836	0	CharlieHolbrow	
2286	1:00:38	1/1/2019 	3631832	38.00	389.00	6.23	13.29	97256.56	49808	1	CharlieHolbrow	
2287	1:00:40	1/1/2019 	3633391	23.00	83.00	6.69	13.28	97255.66	49809	0	CharlieHolbrow	
2288	1:00:44	1/1/2019 	3637801	24.00	107.00	6.65	13.28	97254.00	241701	1	CharlieHolbrow	
2289	1:00:45	1/1/2019 	3638418	22.00	73.00	6.73	13.28	97254.00	3950	1	CharlieHolbrow	
2290	1:00:47	1/1/2019 	3640596	22.00	62.00	6.73	13.28	97253.59	145755	1	CharlieHolbrow	
2291	1:00:48	1/1/2019 	3641912	38.00	371.00	6.22	13.27	97252.84	50753	0	CharlieHolbrow	
2292	1:00:48	1/1/2019 	3642146	19.00	9.00	6.87	13.27	97252.84	1836	0	CharlieHolbrow	
2293	1:00:54	1/1/2019 	3647629	31.00	249.00	6.39	13.27	97251.12	289673	1	CharlieHolbrow	
2294	1:01:00	1/1/2019 	3654227	53.00	810.00	6.18	13.26	97249.71	289679	0	CharlieHolbrow	
2295	1:01:01	1/1/2019 	3654691	30.00	234.00	6.42	13.26	97249.12	52869	1	CharlieHolbrow	
2296	1:01:03	1/1/2019 	3656377	25.00	128.00	6.61	13.25	97248.55	49814	1	CharlieHolbrow	
2297	1:01:04	1/1/2019 	3657915	25.00	106.00	6.60	13.25	97248.06	97781	1	CharlieHolbrow	
2298	1:01:06	1/1/2019 	3659762	20.00	28.00	6.83	13.25	97247.47	97782	0	CharlieHolbrow	
2299	1:01:06	1/1/2019 	3660282	19.00	9.00	6.87	13.25	97247.06	2779	0	CharlieHolbrow	
2300	1:01:08	1/1/2019 	3662019	22.00	60.00	6.73	13.24	97246.80	97777	0	CharlieHolbrow	
2301	1:01:13	1/1/2019 	3666927	24.00	100.00	6.64	13.24	97244.92	243811	1	CharlieHolbrow	
2302	1:01:14	1/1/2019 	3667852	22.00	69.00	6.73	13.24	97244.92	49810	1	CharlieHolbrow	
2303	1:01:16	1/1/2019 	3669940	19.00	9.00	6.87	13.23	97244.34	97782	0	CharlieHolbrow	
2304	1:01:19	1/1/2019 	3673019	18.00	9.00	6.93	13.23	97243.34	146693	1	CharlieHolbrow	
2305	1:01:24	1/1/2019 	3677435	17.00	8.00	6.99	13.22	97242.18	193724	0	CharlieHolbrow	
2306	1:01:26	1/1/2019 	3679710	28.00	164.00	6.49	13.22	97241.27	147865	0	CharlieHolbrow	
2307	1:01:31	1/1/2019 	3684552	25.00	143.00	6.62	13.22	97239.81	242639	1	CharlieHolbrow	
2308	1:01:31	1/1/2019 	3685304	25.00	88.00	6.58	13.21	97239.23	1837	1	CharlieHolbrow	
2309	1:01:33	1/1/2019 	3687272	32.00	270.00	6.36	13.21	97238.91	97780	1	CharlieHolbrow	
2310	1:01:35	1/1/2019 	3688731	25.00	128.00	6.61	13.21	97238.33	97781	0	CharlieHolbrow	
2311	1:01:37	1/1/2019 	3690751	22.00	68.00	6.73	13.21	97237.91	97782	1	CharlieHolbrow	
2312	1:01:37	1/1/2019 	3690777	18.00	9.00	6.93	13.21	97237.91	4947	0	CharlieHolbrow	
2313	1:01:37	1/1/2019 	3691286	25.00	87.00	6.58	13.21	97237.75	1835	1	CharlieHolbrow	
2314	1:01:38	1/1/2019 	3691432	24.00	105.00	6.65	13.21	97237.75	1835	1	CharlieHolbrow	
2315	1:01:41	1/1/2019 	3694466	18.00	9.00	6.93	13.20	97236.58	145754	1	CharlieHolbrow	
2316	1:01:41	1/1/2019 	3694615	18.00	9.00	6.93	13.20	97236.42	49808	0	CharlieHolbrow	
2317	1:01:42	1/1/2019 	3695939	35.00	337.00	6.29	13.20	97236.58	49808	1	CharlieHolbrow	
2318	1:01:48	1/1/2019 	3701975	29.00	206.00	6.46	13.20	97234.22	291639	1	CharlieHolbrow	
2319	1:01:49	1/1/2019 	3702566	27.00	155.00	6.53	13.19	97233.96	50752	0	CharlieHolbrow	
2320	1:01:49	1/1/2019 	3703072	37.00	378.00	6.25	13.19	97233.63	1836	1	CharlieHolbrow	
2321	1:01:51	1/1/2019 	3705077	25.00	40.00	6.56	13.19	97233.47	97779	1	CharlieHolbrow	
2322	1:01:54	1/1/2019 	3707667	31.00	260.00	6.39	13.19	97232.56	145753	1	CharlieHolbrow	
2323	1:01:56	1/1/2019 	3709615	27.00	143.00	6.52	13.19	97231.82	97781	0	CharlieHolbrow	
2324	1:02:00	1/1/2019 	3713620	20.00	32.00	6.83	13.18	97230.49	196783	1	CharlieHolbrow	
2325	1:02:05	1/1/2019 	3719168	23.00	84.00	6.69	13.18	97229.00	241699	0	CharlieHolbrow	
2326	1:02:06	1/1/2019 	3720314	39.00	422.00	6.21	13.18	97228.59	49810	0	CharlieHolbrow	
2327	1:02:11	1/1/2019 	3725226	27.00	150.00	6.53	13.17	97227.62	242646	0	CharlieHolbrow	
2328	1:02:13	1/1/2019 	3726920	26.00	131.00	6.56	13.17	97227.03	97782	1	CharlieHolbrow	
2329	1:02:19	1/1/2019 	3732986	25.00	144.00	6.62	13.16	97224.90	291842	1	CharlieHolbrow	
2330	1:02:21	1/1/2019 	3735231	23.00	74.00	6.68	13.16	97224.31	97780	0	CharlieHolbrow	
2331	1:02:22	1/1/2019 	3735881	18.00	9.00	6.93	13.16	97224.16	49808	1	CharlieHolbrow	
2332	1:02:24	1/1/2019 	3737497	24.00	117.00	6.65	13.16	97223.73	49808	1	CharlieHolbrow	
2333	1:02:32	1/1/2019 	3745588	34.00	305.00	6.30	13.15	97221.69	433589	0	CharlieHolbrow	
2334	1:02:32	1/1/2019 	3745986	39.00	362.00	6.19	13.15	97221.69	2779	1	CharlieHolbrow	
2335	1:02:33	1/1/2019 	3746423	19.00	9.00	6.87	13.15	97221.69	3950	0	CharlieHolbrow	
2336	1:02:34	1/1/2019 	3747924	18.00	9.00	6.93	13.15	97220.95	97781	0	CharlieHolbrow	
2337	1:02:38	1/1/2019 	3752354	30.00	225.00	6.42	13.14	97219.95	193728	1	CharlieHolbrow	
2338	1:02:42	1/1/2019 	3756348	19.00	5.00	6.86	13.14	97219.20	194672	0	CharlieHolbrow	
2339	1:02:44	1/1/2019 	3757498	40.00	473.00	6.21	13.14	97218.95	49808	1	CharlieHolbrow	
2340	1:02:45	1/1/2019 	3758920	22.00	74.00	6.74	13.14	97218.69	97782	1	CharlieHolbrow	
2341	1:02:45	1/1/2019 	3759013	18.00	9.00	6.93	13.14	97218.69	3951	0	CharlieHolbrow	
2342	1:02:51	1/1/2019 	3764854	23.00	100.00	6.70	13.13	97216.16	289670	1	CharlieHolbrow	
2343	1:02:55	1/1/2019 	3768914	39.00	445.00	6.22	13.12	97214.68	194671	1	CharlieHolbrow	
2344	1:02:55	1/1/2019 	3769188	42.00	437.00	6.15	13.12	97214.26	1838	1	CharlieHolbrow	
2345	1:02:56	1/1/2019 	3770152	21.00	53.00	6.78	13.12	97213.94	49808	0	CharlieHolbrow	
2346	1:02:58	1/1/2019 	3772273	25.00	122.00	6.61	13.12	97213.19	98724	1	CharlieHolbrow	
2347	1:03:00	1/1/2019 	3773385	33.00	292.00	6.33	13.12	97212.77	51922	0	CharlieHolbrow	
2348	1:03:02	1/1/2019 	3775495	19.00	13.00	6.88	13.11	97212.02	97780	0	CharlieHolbrow	
2349	1:03:02	1/1/2019 	3775601	21.00	42.00	6.78	13.11	97212.02	49808	1	CharlieHolbrow	
2350	1:03:11	1/1/2019 	3785233	22.00	60.00	6.73	13.11	97210.48	433591	1	CharlieHolbrow	
2351	1:03:13	1/1/2019 	3786823	24.00	101.00	6.64	13.10	97209.73	98726	1	CharlieHolbrow	
2352	1:03:15	1/1/2019 	3788446	24.00	95.00	6.64	13.10	97209.73	49810	1	CharlieHolbrow	
2353	1:03:16	1/1/2019 	3789964	23.00	74.00	6.68	13.10	97209.31	103327	1	CharlieHolbrow	
2354	1:03:21	1/1/2019 	3794752	27.00	165.00	6.53	13.10	97207.50	242444	1	CharlieHolbrow	
2355	1:03:28	1/1/2019 	3801374	27.00	175.00	6.54	13.09	97205.59	289667	1	CharlieHolbrow	
2356	1:03:33	1/1/2019 	3806709	18.00	9.00	6.93	13.08	97204.62	290420	0	CharlieHolbrow	
2357	1:03:38	1/1/2019 	3811691	30.00	234.00	6.42	13.08	97203.62	241704	1	CharlieHolbrow	
2358	1:03:39	1/1/2019 	3813349	31.00	237.00	6.39	13.08	97202.97	53874	1	CharlieHolbrow	
2359	1:03:44	1/1/2019 	3818056	23.00	95.00	6.69	13.08	97201.91	241706	0	CharlieHolbrow	
2360	1:03:47	1/1/2019 	3820392	34.00	327.00	6.32	13.07	97201.16	97785	1	CharlieHolbrow	
2361	1:03:50	1/1/2019 	3823595	22.00	58.00	6.73	13.07	97200.16	194473	1	CharlieHolbrow	
2362	1:03:58	1/1/2019 	3831745	34.00	327.00	6.32	13.06	97198.61	385620	0	CharlieHolbrow	
2363	1:03:59	1/1/2019 	3832722	34.00	322.00	6.31	13.06	97197.86	50558	0	CharlieHolbrow	
2364	1:04:02	1/1/2019 	3835602	19.00	10.00	6.87	13.06	97197.38	147872	0	CharlieHolbrow	
2365	1:04:12	1/1/2019 	3846104	18.00	9.00	6.93	13.05	97195.47	481566	0	CharlieHolbrow	
2366	1:04:14	1/1/2019 	3847869	32.00	245.00	6.35	13.05	97194.39	98528	1	CharlieHolbrow	
2367	1:04:19	1/1/2019 	3853298	31.00	252.00	6.39	13.05	97193.45	241695	1	CharlieHolbrow	
2368	1:04:24	1/1/2019 	3858303	18.00	9.00	6.93	13.04	97191.58	242444	0	CharlieHolbrow	
2369	1:04:27	1/1/2019 	3860934	24.00	115.00	6.65	13.04	97191.02	145753	1	CharlieHolbrow	
2370	1:04:33	1/1/2019 	3866639	20.00	33.00	6.83	13.04	97190.12	292594	0	CharlieHolbrow	
2371	1:04:33	1/1/2019 	3867274	27.00	115.00	6.51	13.04	97190.12	1837	0	CharlieHolbrow	
2372	1:04:34	1/1/2019 	3867370	33.00	297.00	6.33	13.04	97190.12	1836	0	CharlieHolbrow	
2373	1:04:37	1/1/2019 	3871060	25.00	122.00	6.61	13.03	97189.77	193726	1	CharlieHolbrow	
2374	1:04:38	1/1/2019 	3872255	30.00	112.00	6.38	13.03	97189.77	50556	0	CharlieHolbrow	
2375	1:04:38	1/1/2019 	3872274	30.00	181.00	6.41	13.03	97189.77	1836	0	CharlieHolbrow	
2376	1:04:43	1/1/2019 	3876834	20.00	2.00	6.79	13.03	97187.95	247190	0	CharlieHolbrow	
2377	1:04:44	1/1/2019 	3878354	31.00	255.00	6.39	13.03	97187.80	49810	1	CharlieHolbrow	
2378	1:04:50	1/1/2019 	3884314	25.00	129.00	6.61	13.02	97186.14	289669	1	CharlieHolbrow	
2379	1:04:50	1/1/2019 	3884348	25.00	94.00	6.59	13.02	97186.14	2584	1	CharlieHolbrow	
2380	1:04:55	1/1/2019 	3888850	22.00	66.00	6.73	13.02	97185.34	241694	1	CharlieHolbrow	
2381	1:05:10	1/1/2019 	3904291	26.00	146.00	6.57	13.01	97181.29	723545	1	CharlieHolbrow	
2382	1:05:13	1/1/2019 	3907093	32.00	243.00	6.35	13.00	97180.05	146502	1	CharlieHolbrow	
2383	1:05:14	1/1/2019 	3908055	52.00	752.00	6.16	13.00	97179.89	49810	1	CharlieHolbrow	
2384	1:05:19	1/1/2019 	3912700	21.00	32.00	6.77	13.00	97178.11	241697	0	CharlieHolbrow	
2385	1:05:20	1/1/2019 	3913794	19.00	12.00	6.87	13.00	97178.11	50556	1	CharlieHolbrow	
2386	1:05:20	1/1/2019 	3914294	26.00	115.00	6.55	13.00	97177.95	1836	1	CharlieHolbrow	
2387	1:05:31	1/1/2019 	3923482	18.00	9.00	6.93	12.99	97175.95	435703	0	CharlieHolbrow	
2388	1:05:32	1/1/2019 	3925205	22.00	50.00	6.72	12.99	97176.11	98532	1	CharlieHolbrow	
2389	1:05:36	1/1/2019 	3929403	26.00	130.00	6.56	12.98	97174.78	193730	1	CharlieHolbrow	
2390	1:05:37	1/1/2019 	3929949	38.00	390.00	6.23	12.98	97174.62	49813	0	CharlieHolbrow	
2391	1:05:38	1/1/2019 	3930752	24.00	97.00	6.64	12.98	97174.46	50562	1	CharlieHolbrow	
2392	1:05:43	1/1/2019 	3936344	25.00	109.00	6.60	12.98	97172.81	241703	1	CharlieHolbrow	
2393	1:05:43	1/1/2019 	3936417	35.00	305.00	6.27	12.98	97172.81	3951	1	CharlieHolbrow	
2394	1:05:52	1/1/2019 	3945470	23.00	98.00	6.70	12.97	97170.45	433599	1	CharlieHolbrow	
2395	1:05:53	1/1/2019 	3945602	28.00	137.00	6.47	12.97	97170.02	50558	1	CharlieHolbrow	
2396	1:05:54	1/1/2019 	3946885	24.00	99.00	6.64	12.97	97169.54	49809	1	CharlieHolbrow	
2397	1:05:55	1/1/2019 	3947730	24.00	92.00	6.64	12.97	97169.38	49811	0	CharlieHolbrow	
2398	1:05:55	1/1/2019 	3947983	24.00	220.00	6.70	12.97	97169.38	1842	1	CharlieHolbrow	
2399	1:05:55	1/1/2019 	3948108	24.00	75.00	6.63	12.97	97169.38	3958	1	CharlieHolbrow	
2400	1:05:55	1/1/2019 	3948270	37.00	323.00	6.22	12.97	97169.38	1841	1	CharlieHolbrow	
2401	1:06:00	1/1/2019 	3952918	26.00	138.00	6.57	12.97	97168.31	241704	1	CharlieHolbrow	
2402	1:06:00	1/1/2019 	3953457	24.00	101.00	6.64	12.97	97168.31	2584	1	CharlieHolbrow	
2403	1:06:02	1/1/2019 	3955191	18.00	9.00	6.93	12.96	97167.89	97784	0	CharlieHolbrow	
2404	1:06:09	1/1/2019 	3962408	26.00	159.00	6.58	12.96	97166.33	337646	0	CharlieHolbrow	
2405	1:06:19	1/1/2019 	3972452	34.00	317.00	6.31	12.95	97163.16	484455	1	CharlieHolbrow	
2406	1:06:28	1/1/2019 	3980562	20.00	32.00	6.83	12.95	97161.17	434336	0	CharlieHolbrow	
2407	1:06:28	1/1/2019 	3981078	26.00	114.00	6.55	12.95	97161.17	2585	1	CharlieHolbrow	
2408	1:06:33	1/1/2019 	3985658	27.00	140.00	6.52	12.95	97160.44	241699	0	CharlieHolbrow	
2409	1:06:42	1/1/2019 	3995096	20.00	25.00	6.83	12.94	97158.76	433588	0	CharlieHolbrow	
2410	1:06:45	1/1/2019 	3998213	40.00	425.00	6.19	12.93	97158.17	148624	1	CharlieHolbrow	
2411	1:06:46	1/1/2019 	3998979	33.00	287.00	6.33	12.93	97158.34	49809	1	CharlieHolbrow	
2412	1:06:49	1/1/2019 	4002247	22.00	63.00	6.73	12.93	97157.95	145752	1	CharlieHolbrow	
2413	1:06:50	1/1/2019 	4003084	37.00	366.00	6.24	12.93	97157.62	50559	1	CharlieHolbrow	
2414	1:06:50	1/1/2019 	4003270	46.00	538.00	6.12	12.93	97157.62	1843	1	CharlieHolbrow	
2415	1:06:53	1/1/2019 	4006090	25.00	101.00	6.59	12.93	97157.30	145757	0	CharlieHolbrow	
2416	1:06:53	1/1/2019 	4006323	26.00	105.00	6.55	12.93	97157.30	3951	1	CharlieHolbrow	
2417	1:06:56	1/1/2019 	4008808	20.00	35.00	6.84	12.93	97156.39	145750	1	CharlieHolbrow	
2418	1:06:58	1/1/2019 	4011341	27.00	139.00	6.52	12.93	97155.66	97778	1	CharlieHolbrow	
2419	1:06:59	1/1/2019 	4012283	25.00	121.00	6.61	12.93	97155.33	50555	1	CharlieHolbrow	
2420	1:07:02	1/1/2019 	4014728	18.00	9.00	6.93	12.92	97154.26	145752	0	CharlieHolbrow	
2421	1:07:14	1/1/2019 	4026775	23.00	66.00	6.68	12.92	97152.35	577499	0	CharlieHolbrow	
2422	1:07:20	1/1/2019 	4033314	19.00	10.00	6.87	12.91	97150.86	292537	0	CharlieHolbrow	
2423	1:07:23	1/1/2019 	4035935	24.00	114.00	6.65	12.91	97149.73	146498	1	CharlieHolbrow	
2424	1:07:25	1/1/2019 	4038215	24.00	95.00	6.64	12.91	97149.57	97780	1	CharlieHolbrow	
2425	1:07:28	1/1/2019 	4041227	18.00	9.00	6.93	12.90	97149.31	145750	1	CharlieHolbrow	
2426	1:07:30	1/1/2019 	4043360	44.00	525.00	6.14	12.90	97148.41	98527	1	CharlieHolbrow	
2427	1:07:31	1/1/2019 	4044214	51.00	702.00	6.15	12.90	97148.24	49808	1	CharlieHolbrow	
2428	1:07:32	1/1/2019 	4044675	20.00	27.00	6.83	12.90	97148.08	51922	0	CharlieHolbrow	
2429	1:07:32	1/1/2019 	4045042	20.00	10.00	6.81	12.90	97148.08	1836	0	CharlieHolbrow	
2430	1:07:34	1/1/2019 	4046731	25.00	119.00	6.60	12.90	97147.34	97780	0	CharlieHolbrow	
2431	1:07:34	1/1/2019 	4047067	18.00	9.00	6.93	12.90	97147.17	1836	1	CharlieHolbrow	
2432	1:07:34	1/1/2019 	4047357	23.00	67.00	6.68	12.90	97147.17	1834	1	CharlieHolbrow	
2433	1:07:35	1/1/2019 	4047880	34.00	328.00	6.32	12.90	97146.84	51833	1	CharlieHolbrow	
2434	1:07:37	1/1/2019 	4050179	20.00	29.00	6.83	12.89	97146.27	97779	0	CharlieHolbrow	
2435	1:07:41	1/1/2019 	4054017	23.00	97.00	6.69	12.89	97145.20	194469	1	CharlieHolbrow	
2436	1:07:42	1/1/2019 	4055037	23.00	82.00	6.68	12.89	97145.03	49809	0	CharlieHolbrow	
2437	1:07:44	1/1/2019 	4056935	24.00	108.00	6.65	12.89	97144.88	97783	0	CharlieHolbrow	
2438	1:07:45	1/1/2019 	4058346	27.00	158.00	6.53	12.89	97144.29	49814	1	CharlieHolbrow	
2439	1:07:47	1/1/2019 	4060164	29.00	214.00	6.46	12.89	97144.45	99895	1	CharlieHolbrow	
2440	1:07:50	1/1/2019 	4063447	25.00	125.00	6.61	12.89	97144.29	146499	0	CharlieHolbrow	
2441	1:07:51	1/1/2019 	4064406	28.00	169.00	6.49	12.89	97143.97	49808	1	CharlieHolbrow	
2442	1:07:52	1/1/2019 	4064554	18.00	9.00	6.93	12.89	97143.42	49808	0	CharlieHolbrow	
2443	1:07:52	1/1/2019 	4065152	29.00	151.00	6.44	12.89	97143.25	1835	1	CharlieHolbrow	
2444	1:07:52	1/1/2019 	4065286	19.00	10.00	6.87	12.89	97143.25	1836	1	CharlieHolbrow	
2445	1:07:54	1/1/2019 	4067432	26.00	152.00	6.57	12.89	97143.42	99894	1	CharlieHolbrow	
2446	1:08:00	1/1/2019 	4072734	29.00	188.00	6.45	12.88	97142.09	289667	0	CharlieHolbrow	
2447	1:08:00	1/1/2019 	4072893	28.00	125.00	6.47	12.88	97142.09	2585	0	CharlieHolbrow	
2448	1:08:03	1/1/2019 	4075878	18.00	9.00	6.93	12.88	97140.95	145751	0	CharlieHolbrow	
2449	1:08:04	1/1/2019 	4076553	24.00	96.00	6.64	12.88	97140.53	49808	1	CharlieHolbrow	
2450	1:08:04	1/1/2019 	4076742	28.00	128.00	6.47	12.88	97140.38	1840	0	CharlieHolbrow	
2451	1:08:08	1/1/2019 	4081366	18.00	9.00	6.93	12.88	97140.38	195846	0	CharlieHolbrow	
2452	1:08:09	1/1/2019 	4082295	23.00	79.00	6.68	12.88	97139.95	50560	1	CharlieHolbrow	
2453	1:08:10	1/1/2019 	4083352	23.00	68.00	6.68	12.88	97140.12	49810	1	CharlieHolbrow	
2454	1:08:23	1/1/2019 	4096267	27.00	139.00	6.52	12.87	97137.14	625467	0	CharlieHolbrow	
2455	1:08:23	1/1/2019 	4096357	28.00	106.00	6.45	12.87	97137.30	2584	0	CharlieHolbrow	
2456	1:08:37	1/1/2019 	4109620	20.00	33.00	6.83	12.86	97134.12	673452	1	CharlieHolbrow	
2457	1:08:38	1/1/2019 	4110834	19.00	9.00	6.87	12.86	97133.80	52762	1	CharlieHolbrow	
2458	1:08:38	1/1/2019 	4111124	24.00	77.00	6.63	12.86	97133.64	1835	0	CharlieHolbrow	
2459	1:08:40	1/1/2019 	4112868	49.00	638.00	6.14	12.86	97133.31	97781	0	CharlieHolbrow	
2460	1:08:43	1/1/2019 	4115709	50.00	661.00	6.14	12.86	97132.89	145757	0	CharlieHolbrow	
2461	1:08:49	1/1/2019 	4121757	21.00	32.00	6.77	12.85	97131.83	289673	1	CharlieHolbrow	
2462	1:08:49	1/1/2019 	4121850	19.00	9.00	6.87	12.85	97131.83	4707	0	CharlieHolbrow	
2463	1:08:52	1/1/2019 	4124605	31.00	243.00	6.39	12.85	97131.08	145754	1	CharlieHolbrow	
2464	1:08:52	1/1/2019 	4125104	40.00	377.00	6.17	12.85	97131.08	1836	0	CharlieHolbrow	
2465	1:08:56	1/1/2019 	4128657	19.00	14.00	6.88	12.85	97130.17	193724	0	CharlieHolbrow	
2466	1:08:57	1/1/2019 	4130229	18.00	9.00	6.93	12.85	97130.17	49810	0	CharlieHolbrow	
2467	1:08:58	1/1/2019 	4130931	25.00	123.00	6.61	12.85	97130.34	50556	1	CharlieHolbrow	
2468	1:09:13	1/1/2019 	4145716	27.00	151.00	6.53	12.84	97123.97	726918	0	CharlieHolbrow	
2469	1:09:18	1/1/2019 	4151355	32.00	271.00	6.36	12.84	97122.91	242448	1	CharlieHolbrow	
2470	1:09:20	1/1/2019 	4153053	24.00	88.00	6.63	12.83	97122.48	98530	1	CharlieHolbrow	
2471	1:09:32	1/1/2019 	4165322	23.00	77.00	6.68	12.83	97120.58	577503	1	CharlieHolbrow	
2472	1:09:35	1/1/2019 	4168111	29.00	180.00	6.45	12.82	97120.33	146503	1	CharlieHolbrow	
2473	1:09:37	1/1/2019 	4170441	30.00	238.00	6.43	12.82	97120.33	97782	1	CharlieHolbrow	
2474	1:09:43	1/1/2019 	4176262	18.00	9.00	6.93	12.82	97119.52	292539	0	CharlieHolbrow	
2475	1:09:47	1/1/2019 	4179936	27.00	170.00	6.54	12.82	97119.36	193724	0	CharlieHolbrow	
2476	1:09:48	1/1/2019 	4181000	21.00	44.00	6.78	12.82	97119.10	50557	0	CharlieHolbrow	
2477	1:09:51	1/1/2019 	4184011	19.00	15.00	6.88	12.82	97118.61	145752	1	CharlieHolbrow	
2478	1:10:00	1/1/2019 	4193005	19.00	13.00	6.88	12.81	97117.61	433593	0	CharlieHolbrow	
2479	1:10:11	1/1/2019 	4204090	24.00	99.00	6.64	12.81	97115.48	530284	1	CharlieHolbrow	
2480	1:10:12	1/1/2019 	4205431	24.00	97.00	6.64	12.80	97115.05	52699	1	CharlieHolbrow	
2481	1:10:16	1/1/2019 	4209123	27.00	156.00	6.53	12.80	97114.31	193730	0	CharlieHolbrow	
2482	1:10:20	1/1/2019 	4212911	50.00	684.00	6.15	12.80	97113.24	193727	1	CharlieHolbrow	
2483	1:10:27	1/1/2019 	4219937	24.00	89.00	6.64	12.80	97111.56	338379	1	CharlieHolbrow	
2484	1:10:28	1/1/2019 	4221275	48.00	644.00	6.15	12.80	97110.91	50556	1	CharlieHolbrow	
2485	1:10:29	1/1/2019 	4221749	25.00	114.00	6.60	12.79	97110.48	51976	0	CharlieHolbrow	
2486	1:10:32	1/1/2019 	4224816	24.00	94.00	6.64	12.79	97109.42	145753	1	CharlieHolbrow	
2487	1:10:33	1/1/2019 	4225909	24.00	123.00	6.66	12.79	97108.67	49810	1	CharlieHolbrow	
2488	1:10:33	1/1/2019 	4226225	22.00	41.00	6.72	12.79	97108.67	1836	1	CharlieHolbrow	
2489	1:10:35	1/1/2019 	4228380	18.00	9.00	6.93	12.79	97107.60	97779	0	CharlieHolbrow	
2490	1:10:39	1/1/2019 	4232272	35.00	322.00	6.28	12.78	97106.53	193724	1	CharlieHolbrow	
2491	1:10:44	1/1/2019 	4236909	32.00	281.00	6.36	12.78	97105.70	244566	1	CharlieHolbrow	
2492	1:10:50	1/1/2019 	4243036	34.00	332.00	6.32	12.78	97103.81	289671	1	CharlieHolbrow	
2493	1:10:51	1/1/2019 	4244012	25.00	125.00	6.61	12.78	97103.66	50556	0	CharlieHolbrow	
2494	1:10:52	1/1/2019 	4245108	27.00	164.00	6.53	12.78	97103.81	49809	1	CharlieHolbrow	
2495	1:10:54	1/1/2019 	4247214	21.00	23.00	6.77	12.78	97103.81	97782	0	CharlieHolbrow	
2496	1:10:57	1/1/2019 	4250734	25.00	121.00	6.61	12.77	97102.94	193725	0	CharlieHolbrow	
2497	1:11:06	1/1/2019 	4258838	30.00	241.00	6.43	12.77	97102.20	388481	0	CharlieHolbrow	
2498	1:11:06	1/1/2019 	4259176	23.00	66.00	6.68	12.77	97102.20	1837	1	CharlieHolbrow	
2499	1:11:14	1/1/2019 	4267277	18.00	13.00	6.94	12.77	97100.55	385595	0	CharlieHolbrow	
2500	1:11:16	1/1/2019 	4269156	24.00	98.00	6.64	12.76	97099.80	98524	0	CharlieHolbrow	
2501	1:11:17	1/1/2019 	4270652	25.00	116.00	6.60	12.76	97100.12	97779	1	CharlieHolbrow	
2502	1:11:21	1/1/2019 	4274182	26.00	142.00	6.57	12.76	97100.29	146500	1	CharlieHolbrow	
2503	1:11:25	1/1/2019 	4278698	18.00	9.00	6.93	12.76	97099.06	243821	0	CharlieHolbrow	
2504	1:11:27	1/1/2019 	4280738	26.00	118.00	6.55	12.76	97097.83	97777	0	CharlieHolbrow	
2505	1:11:28	1/1/2019 	4281703	32.00	256.00	6.35	12.76	97097.50	50555	0	CharlieHolbrow	
2506	1:11:29	1/1/2019 	4282061	35.00	323.00	6.28	12.76	97096.76	1836	1	CharlieHolbrow	
2507	1:11:33	1/1/2019 	4286471	46.00	584.00	6.14	12.75	97096.38	193721	1	CharlieHolbrow	
2508	1:11:36	1/1/2019 	4289460	20.00	39.00	6.84	12.75	97095.47	147888	1	CharlieHolbrow	
2509	1:11:37	1/1/2019 	4290636	20.00	31.00	6.83	12.75	97095.14	97779	1	CharlieHolbrow	
2510	1:11:38	1/1/2019 	4291179	23.00	90.00	6.69	12.75	97094.98	2584	1	CharlieHolbrow	
2511	1:11:43	1/1/2019 	4296343	26.00	131.00	6.56	12.75	97093.91	241689	1	CharlieHolbrow	
2512	1:11:45	1/1/2019 	4298725	23.00	79.00	6.68	12.75	97093.16	145748	0	CharlieHolbrow	
2513	1:11:48	1/1/2019 	4300917	18.00	9.00	6.93	12.75	97092.35	97778	0	CharlieHolbrow	
2514	1:11:48	1/1/2019 	4301479	18.00	8.00	6.93	12.75	97092.35	72820	0	CharlieHolbrow	
2515	1:11:52	1/1/2019 	4305002	18.00	9.00	6.93	12.74	97091.77	193715	0	CharlieHolbrow	
2516	1:11:52	1/1/2019 	4305741	22.00	42.00	6.72	12.74	97091.77	49807	0	CharlieHolbrow	
2517	1:11:54	1/1/2019 	4307136	40.00	453.00	6.20	12.74	97091.61	49805	1	CharlieHolbrow	
2518	1:11:58	1/1/2019 	4310953	23.00	91.00	6.69	12.74	97091.19	193720	1	CharlieHolbrow	
2519	1:12:00	1/1/2019 	4313200	19.00	11.00	6.87	12.74	97091.19	98521	0	CharlieHolbrow	
2520	1:12:01	1/1/2019 	4314709	26.00	137.00	6.57	12.74	97091.19	99891	0	CharlieHolbrow	
2521	1:12:04	1/1/2019 	4317811	49.00	676.00	6.16	12.74	97090.45	145744	1	CharlieHolbrow	
2522	1:12:09	1/1/2019 	4322397	22.00	46.00	6.72	12.74	97088.66	193719	1	CharlieHolbrow	
2523	1:12:11	1/1/2019 	4324356	32.00	286.00	6.37	12.74	97088.33	98527	1	CharlieHolbrow	
2524	1:12:13	1/1/2019 	4326379	27.00	140.00	6.52	12.74	97088.00	97777	1	CharlieHolbrow	
2525	1:12:16	1/1/2019 	4328910	22.00	72.00	6.73	12.74	97088.00	145750	1	CharlieHolbrow	
2526	1:12:21	1/1/2019 	4334102	24.00	99.00	6.64	12.74	97086.77	243858	1	CharlieHolbrow	
2527	1:12:21	1/1/2019 	4334140	25.00	107.00	6.60	12.74	97086.77	2585	1	CharlieHolbrow	
2528	1:12:26	1/1/2019 	4339392	19.00	24.00	6.89	12.74	97085.95	241685	0	CharlieHolbrow	
2529	1:12:28	1/1/2019 	4341574	23.00	94.00	6.69	12.74	97085.63	145747	1	CharlieHolbrow	
2530	1:12:34	1/1/2019 	4347709	20.00	26.00	6.83	12.73	97084.56	290410	0	CharlieHolbrow	
2531	1:12:37	1/1/2019 	4349835	25.00	114.00	6.60	12.73	97084.41	97778	0	CharlieHolbrow	
2532	1:12:44	1/1/2019 	4357407	41.00	492.00	6.19	12.73	97084.09	340590	1	CharlieHolbrow	
2533	1:12:49	1/1/2019 	4362260	23.00	75.00	6.68	12.73	97083.44	241695	1	CharlieHolbrow	
2534	1:12:57	1/1/2019 	4370114	27.00	171.00	6.54	12.72	97081.45	386353	1	CharlieHolbrow	
2535	1:12:57	1/1/2019 	4370457	48.00	595.00	6.12	12.72	97081.45	2584	1	CharlieHolbrow	
2536	1:12:59	1/1/2019 	4372012	24.00	93.00	6.64	12.72	97081.04	97779	1	CharlieHolbrow	
2537	1:13:00	1/1/2019 	4373685	26.00	129.00	6.56	12.72	97080.88	99895	1	CharlieHolbrow	
2538	1:13:04	1/1/2019 	4377112	42.00	473.00	6.16	12.72	97079.48	145757	1	CharlieHolbrow	
2539	1:13:05	1/1/2019 	4377846	25.00	124.00	6.61	12.72	97079.48	49808	0	CharlieHolbrow	
2540	1:13:06	1/1/2019 	4379194	32.00	286.00	6.37	12.72	97079.48	49809	1	CharlieHolbrow	
2541	1:13:07	1/1/2019 	4380054	22.00	65.00	6.73	12.72	97079.06	49808	1	CharlieHolbrow	
2542	1:13:10	1/1/2019 	4383758	24.00	108.00	6.65	12.71	97078.48	194667	1	CharlieHolbrow	
2543	1:13:11	1/1/2019 	4384635	25.00	108.00	6.60	12.71	97078.65	51925	0	CharlieHolbrow	
2544	1:13:22	1/1/2019 	4395654	21.00	48.00	6.78	12.71	97077.03	529525	1	CharlieHolbrow	
2545	1:13:24	1/1/2019 	4397497	25.00	120.00	6.61	12.71	97076.94	50753	1	CharlieHolbrow	
2546	1:13:26	1/1/2019 	4399138	20.00	19.00	6.82	12.71	97076.77	97778	0	CharlieHolbrow	
2547	1:13:29	1/1/2019 	4402459	20.00	18.00	6.82	12.70	97075.70	145751	0	CharlieHolbrow	
2548	1:13:37	1/1/2019 	4410428	23.00	84.00	6.69	12.70	97073.89	386553	1	CharlieHolbrow	
2549	1:13:40	1/1/2019 	4413216	22.00	50.00	6.72	12.70	97073.24	148810	0	CharlieHolbrow	
2550	1:13:41	1/1/2019 	4414490	16.00	9.00	7.07	12.70	97072.91	49808	0	CharlieHolbrow	
2551	1:13:43	1/1/2019 	4416480	30.00	248.00	6.43	12.70	97072.34	97780	0	CharlieHolbrow	
2552	1:13:54	1/1/2019 	4427198	26.00	133.00	6.56	12.69	97070.36	529526	0	CharlieHolbrow	
2553	1:14:03	1/1/2019 	4436666	26.00	136.00	6.57	12.69	97068.91	482501	1	CharlieHolbrow	
2554	1:14:06	1/1/2019 	4439002	18.00	9.00	6.93	12.68	97068.00	98724	0	CharlieHolbrow	
2555	1:14:08	1/1/2019 	4440970	23.00	82.00	6.68	12.68	97067.34	99895	1	CharlieHolbrow	
2556	1:14:20	1/1/2019 	4452905	20.00	25.00	6.83	12.68	97064.62	578442	0	CharlieHolbrow	
2557	1:14:20	1/1/2019 	4453232	28.00	159.00	6.48	12.68	97064.62	2786	1	CharlieHolbrow	
2558	1:14:21	1/1/2019 	4454372	34.00	327.00	6.32	12.68	97064.47	49811	1	CharlieHolbrow	
2559	1:14:26	1/1/2019 	4459044	21.00	39.00	6.78	12.68	97064.95	241692	1	CharlieHolbrow	
2560	1:14:33	1/1/2019 	4466358	24.00	101.00	6.64	12.67	97063.30	339753	0	CharlieHolbrow	
2561	1:14:34	1/1/2019 	4467435	32.00	274.00	6.36	12.67	97063.14	50752	0	CharlieHolbrow	
2562	1:14:37	1/1/2019 	4470033	19.00	13.00	6.88	12.67	97063.30	145751	1	CharlieHolbrow	
2563	1:14:49	1/1/2019 	4482790	28.00	190.00	6.50	12.66	97055.73	626410	0	CharlieHolbrow	
2564	1:14:51	1/1/2019 	4484359	30.00	219.00	6.42	12.66	97054.44	50751	1	CharlieHolbrow	
2565	1:14:52	1/1/2019 	4485112	20.00	25.00	6.83	12.66	97053.37	49808	1	CharlieHolbrow	
2566	1:14:53	1/1/2019 	4485867	19.00	16.00	6.88	12.66	97053.20	51925	1	CharlieHolbrow	
2567	1:14:53	1/1/2019 	4486439	28.00	144.00	6.48	12.66	97052.55	1836	1	CharlieHolbrow	
2568	1:14:56	1/1/2019 	4489383	18.00	9.00	6.93	12.66	97049.78	145757	0	CharlieHolbrow	
2569	1:14:57	1/1/2019 	4490381	30.00	223.00	6.42	12.66	97047.74	49810	1	CharlieHolbrow	
2570	1:15:00	1/1/2019 	4492913	18.00	9.00	6.93	12.66	97046.61	146703	0	CharlieHolbrow	
2571	1:15:02	1/1/2019 	4495695	18.00	9.00	6.93	12.66	97045.21	145757	0	CharlieHolbrow	
2572	1:15:07	1/1/2019 	4500112	23.00	89.00	6.69	12.65	97041.22	195846	1	CharlieHolbrow	
2573	1:15:07	1/1/2019 	4500183	27.00	135.00	6.52	12.65	97041.22	2779	1	CharlieHolbrow	
2574	1:15:08	1/1/2019 	4501496	20.00	17.00	6.82	12.65	97039.75	49811	0	CharlieHolbrow	
2575	1:15:10	1/1/2019 	4503385	21.00	36.00	6.78	12.65	97036.08	97784	1	CharlieHolbrow	
2576	1:15:12	1/1/2019 	4505744	22.00	57.00	6.73	12.65	97032.73	145758	0	CharlieHolbrow	
2577	1:15:14	1/1/2019 	4506998	27.00	133.00	6.52	12.65	97031.59	49810	0	CharlieHolbrow	
2578	1:15:23	1/1/2019 	4516712	24.00	108.00	6.65	12.64	97024.42	483688	0	CharlieHolbrow	
2579	1:15:24	1/1/2019 	4517689	22.00	44.00	6.72	12.64	97024.42	50753	1	CharlieHolbrow	
2580	1:15:24	1/1/2019 	4517699	32.00	241.00	6.35	12.64	97024.42	1837	0	CharlieHolbrow	
2581	1:15:27	1/1/2019 	4519949	19.00	12.00	6.87	12.64	97023.68	97782	0	CharlieHolbrow	
2582	1:15:28	1/1/2019 	4521313	25.00	125.00	6.61	12.63	97022.78	50753	1	CharlieHolbrow	
2583	1:15:28	1/1/2019 	4521422	23.00	77.00	6.68	12.63	97022.78	3951	1	CharlieHolbrow	
2584	1:15:34	1/1/2019 	4526443	23.00	68.00	6.68	12.63	97022.75	241706	1	CharlieHolbrow	
2585	1:15:36	1/1/2019 	4528621	26.00	144.00	6.57	12.63	97022.33	145759	1	CharlieHolbrow	
2586	1:15:37	1/1/2019 	4529918	22.00	57.00	6.73	12.62	97022.23	49810	1	CharlieHolbrow	
2587	1:15:39	1/1/2019 	4532063	26.00	130.00	6.56	12.62	97021.85	98727	0	CharlieHolbrow	
2588	1:15:40	1/1/2019 	4532692	24.00	85.00	6.63	12.62	97021.85	49810	1	CharlieHolbrow	
2589	1:15:46	1/1/2019 	4538918	22.00	81.00	6.74	12.61	97021.25	291795	1	CharlieHolbrow	
2590	1:15:49	1/1/2019 	4541604	18.00	9.00	6.93	12.61	97020.51	145757	0	CharlieHolbrow	
2591	1:15:50	1/1/2019 	4542708	24.00	81.00	6.63	12.61	97020.67	50754	0	CharlieHolbrow	
2592	1:15:50	1/1/2019 	4542841	25.00	106.00	6.60	12.61	97020.67	1837	1	CharlieHolbrow	
2593	1:15:53	1/1/2019 	4545940	22.00	42.00	6.72	12.61	97019.51	145757	0	CharlieHolbrow	
2594	1:15:57	1/1/2019 	4549467	22.00	57.00	6.73	12.60	97017.62	145761	1	CharlieHolbrow	
2595	1:15:57	1/1/2019 	4549713	34.00	296.00	6.30	12.60	97017.62	51932	0	CharlieHolbrow	
2596	1:15:57	1/1/2019 	4550226	27.00	136.00	6.52	12.60	97017.05	2783	0	CharlieHolbrow	
2597	1:15:57	1/1/2019 	4550407	26.00	118.00	6.55	12.60	97017.05	1835	1	CharlieHolbrow	
2598	1:15:58	1/1/2019 	4551073	18.00	9.00	6.93	12.60	97017.20	49810	0	CharlieHolbrow	
2599	1:16:00	1/1/2019 	4552792	25.00	118.00	6.60	12.60	97016.50	97782	1	CharlieHolbrow	
2600	1:16:01	1/1/2019 	4553717	28.00	186.00	6.50	12.60	97016.24	49810	0	CharlieHolbrow	
2601	1:16:03	1/1/2019 	4555477	18.00	9.00	6.93	12.60	97016.24	51925	0	CharlieHolbrow	
2602	1:16:07	1/1/2019 	4560255	25.00	124.00	6.61	12.59	97015.08	241705	1	CharlieHolbrow	
2603	1:16:08	1/1/2019 	4560605	22.00	55.00	6.73	12.59	97015.08	50754	1	CharlieHolbrow	
2604	1:16:08	1/1/2019 	4561219	36.00	328.00	6.25	12.59	97015.08	1836	1	CharlieHolbrow	
2605	1:16:09	1/1/2019 	4562401	28.00	190.00	6.50	12.59	97014.50	49809	1	CharlieHolbrow	
2606	1:16:10	1/1/2019 	4562953	27.00	164.00	6.53	12.59	97014.50	49810	1	CharlieHolbrow	
2607	1:16:21	1/1/2019 	4574031	22.00	74.00	6.74	12.58	97011.79	531665	1	CharlieHolbrow	
2608	1:16:22	1/1/2019 	4575205	39.00	434.00	6.22	12.57	97011.38	50754	1	CharlieHolbrow	
2609	1:16:24	1/1/2019 	4577279	22.00	60.00	6.73	12.57	97010.47	97788	1	CharlieHolbrow	
2610	1:16:25	1/1/2019 	4577724	22.00	47.00	6.72	12.57	97010.47	49809	0	CharlieHolbrow	
2611	1:16:28	1/1/2019 	4580760	23.00	71.00	6.68	12.57	97010.05	145757	1	CharlieHolbrow	
2612	1:16:29	1/1/2019 	4581796	23.00	76.00	6.68	12.57	97010.05	52866	0	CharlieHolbrow	
2613	1:16:32	1/1/2019 	4584459	37.00	384.00	6.25	12.57	97009.30	97784	1	CharlieHolbrow	
2614	1:16:33	1/1/2019 	4585588	25.00	111.00	6.60	12.57	97009.14	97784	1	CharlieHolbrow	
2615	1:16:33	1/1/2019 	4585676	28.00	126.00	6.47	12.57	97009.14	1836	0	CharlieHolbrow	
2616	1:16:33	1/1/2019 	4585987	19.00	9.00	6.87	12.57	97009.14	1836	1	CharlieHolbrow	
2617	1:16:37	1/1/2019 	4589933	27.00	154.00	6.53	12.56	97008.31	193734	1	CharlieHolbrow	
2618	1:16:39	1/1/2019 	4591742	19.00	9.00	6.87	12.56	97008.47	100896	0	CharlieHolbrow	
2619	1:16:42	1/1/2019 	4594768	21.00	86.00	6.80	12.56	97007.56	145757	1	CharlieHolbrow	
2620	1:16:46	1/1/2019 	4598826	22.00	71.00	6.73	12.55	97006.59	193734	0	CharlieHolbrow	
2621	1:16:50	1/1/2019 	4603411	18.00	9.00	6.93	12.55	97005.76	193732	0	CharlieHolbrow	
2622	1:16:54	1/1/2019 	4606797	24.00	105.00	6.65	12.55	97005.02	194674	1	CharlieHolbrow	
2623	1:16:56	1/1/2019 	4608984	20.00	34.00	6.83	12.55	97005.02	97784	1	CharlieHolbrow	
2624	1:17:01	1/1/2019 	4614436	38.00	427.00	6.24	12.54	97003.85	243820	1	CharlieHolbrow	
2625	1:17:02	1/1/2019 	4615160	21.00	49.00	6.78	12.54	97004.02	50754	0	CharlieHolbrow	
2626	1:17:07	1/1/2019 	4619681	21.00	39.00	6.78	12.53	97002.86	241707	0	CharlieHolbrow	
2627	1:17:10	1/1/2019 	4623112	30.00	228.00	6.42	12.53	97002.69	146701	1	CharlieHolbrow	
2628	1:17:13	1/1/2019 	4626028	22.00	62.00	6.73	12.53	97001.62	145760	1	CharlieHolbrow	
2629	1:17:15	1/1/2019 	4627751	22.00	47.00	6.72	12.53	97001.79	97785	0	CharlieHolbrow	
2630	1:17:15	1/1/2019 	4628286	23.00	74.00	6.68	12.53	97001.41	3951	1	CharlieHolbrow	
2631	1:17:22	1/1/2019 	4634646	28.00	164.00	6.49	12.52	97000.31	337646	1	CharlieHolbrow	
2632	1:17:35	1/1/2019 	4648014	23.00	83.00	6.69	12.51	96997.10	626430	1	CharlieHolbrow	
2633	1:17:36	1/1/2019 	4648739	26.00	124.00	6.56	12.51	96996.94	50755	0	CharlieHolbrow	
2634	1:17:40	1/1/2019 	4653131	24.00	108.00	6.65	12.51	96995.70	193731	1	CharlieHolbrow	
2635	1:17:41	1/1/2019 	4654070	24.00	85.00	6.63	12.51	96995.45	52867	0	CharlieHolbrow	
2636	1:17:42	1/1/2019 	4654851	32.00	250.00	6.35	12.51	96995.45	49809	0	CharlieHolbrow	
2637	1:17:43	1/1/2019 	4655883	24.00	99.00	6.64	12.51	96995.30	49811	1	CharlieHolbrow	
2638	1:17:43	1/1/2019 	4656388	18.00	9.00	6.93	12.51	96995.12	1839	0	CharlieHolbrow	
2639	1:17:45	1/1/2019 	4657474	18.00	9.00	6.93	12.51	96994.91	49812	0	CharlieHolbrow	
2640	1:17:45	1/1/2019 	4657579	24.00	84.00	6.63	12.51	96994.91	49809	0	CharlieHolbrow	
2641	1:17:49	1/1/2019 	4661732	29.00	199.00	6.46	12.50	96995.14	195753	0	CharlieHolbrow	
2642	1:17:52	1/1/2019 	4665380	39.00	423.00	6.21	12.50	96994.55	146700	1	CharlieHolbrow	
2643	1:18:03	1/1/2019 	4675673	21.00	58.00	6.79	12.49	96993.47	529540	1	CharlieHolbrow	
2644	1:18:05	1/1/2019 	4678024	21.00	43.00	6.78	12.49	96993.30	98725	1	CharlieHolbrow	
2645	1:18:10	1/1/2019 	4682855	22.00	75.00	6.74	12.49	96991.98	241705	1	CharlieHolbrow	
2646	1:18:12	1/1/2019 	4685152	22.00	70.00	6.73	12.49	96991.59	98727	1	CharlieHolbrow	
2647	1:18:16	1/1/2019 	4688967	27.00	132.00	6.52	12.48	96990.27	195845	0	CharlieHolbrow	
2648	1:18:17	1/1/2019 	4689642	23.00	74.00	6.68	12.48	96989.95	49810	1	CharlieHolbrow	
2649	1:18:18	1/1/2019 	4690942	29.00	217.00	6.46	12.48	96989.95	50753	1	CharlieHolbrow	
2650	1:18:18	1/1/2019 	4691075	53.00	724.00	6.15	12.48	96989.95	1837	1	CharlieHolbrow	
2651	1:18:21	1/1/2019 	4694214	32.00	273.00	6.36	12.48	96989.43	145757	1	CharlieHolbrow	
2652	1:18:22	1/1/2019 	4695175	18.00	9.00	6.93	12.48	96989.92	49810	0	CharlieHolbrow	
2653	1:18:25	1/1/2019 	4697785	21.00	46.00	6.78	12.48	96989.92	147868	1	CharlieHolbrow	
2654	1:18:25	1/1/2019 	4697932	25.00	90.00	6.59	12.48	96989.92	1836	1	CharlieHolbrow	
2655	1:18:27	1/1/2019 	4700027	24.00	98.00	6.64	12.47	96989.50	97781	1	CharlieHolbrow	
2656	1:18:34	1/1/2019 	4707016	22.00	73.00	6.73	12.47	96988.34	338595	1	CharlieHolbrow	
2657	1:18:35	1/1/2019 	4708324	24.00	86.00	6.63	12.47	96988.25	49810	1	CharlieHolbrow	
2658	1:18:39	1/1/2019 	4711714	32.00	267.00	6.36	12.47	96988.58	193731	0	CharlieHolbrow	
2659	1:18:39	1/1/2019 	4712002	20.00	16.00	6.82	12.46	96988.02	4903	1	CharlieHolbrow	
2660	1:18:44	1/1/2019 	4717206	18.00	9.00	6.93	12.46	96987.28	241702	0	CharlieHolbrow	
2661	1:18:45	1/1/2019 	4717551	49.00	694.00	6.16	12.46	96987.12	49807	1	CharlieHolbrow	
2662	1:18:45	1/1/2019 	4717847	25.00	104.00	6.59	12.46	96987.12	1837	1	CharlieHolbrow	
2663	1:18:47	1/1/2019 	4720434	16.00	9.00	7.07	12.46	96986.53	97784	0	CharlieHolbrow	
2664	1:18:54	1/1/2019 	4726657	28.00	193.00	6.50	12.46	96986.22	340760	1	CharlieHolbrow	
2665	1:18:59	1/1/2019 	4732220	27.00	75.00	6.48	12.45	96984.56	241703	1	CharlieHolbrow	
2666	1:19:02	1/1/2019 	4734957	19.00	17.00	6.88	12.45	96984.23	146699	1	CharlieHolbrow	
2667	1:19:02	1/1/2019 	4735024	18.00	9.00	6.93	12.45	96984.23	1837	0	CharlieHolbrow	
2668	1:19:03	1/1/2019 	4735846	18.00	13.00	6.94	12.45	96983.66	49808	0	CharlieHolbrow	
2669	1:19:06	1/1/2019 	4739334	31.00	237.00	6.39	12.45	96983.73	145758	0	CharlieHolbrow	
2670	1:19:08	1/1/2019 	4740473	46.00	196.00	6.01	12.45	96983.23	51924	1	CharlieHolbrow	
2671	1:19:12	1/1/2019 	4745023	24.00	91.00	6.64	12.45	96982.98	242646	1	CharlieHolbrow	
2672	1:19:13	1/1/2019 	4745726	19.00	13.00	6.88	12.45	96982.66	49810	0	CharlieHolbrow	
2673	1:19:20	1/1/2019 	4753097	24.00	86.00	6.63	12.44	96982.24	337644	1	CharlieHolbrow	
2674	1:19:20	1/1/2019 	4753388	19.00	9.00	6.87	12.44	96982.24	2780	0	CharlieHolbrow	
2675	1:19:21	1/1/2019 	4754033	25.00	109.00	6.60	12.44	96982.24	49809	1	CharlieHolbrow	
2676	1:19:22	1/1/2019 	4754676	32.00	273.00	6.36	12.44	96981.92	51923	1	CharlieHolbrow	
2677	1:19:25	1/1/2019 	4758048	18.00	9.00	6.93	12.44	96981.70	145752	0	CharlieHolbrow	
2678	1:19:29	1/1/2019 	4762072	22.00	47.00	6.72	12.44	96981.11	193726	0	CharlieHolbrow	
2679	1:19:30	1/1/2019 	4762655	19.00	8.00	6.86	12.44	96981.11	50753	1	CharlieHolbrow	
2680	1:19:32	1/1/2019 	4765015	20.00	32.00	6.83	12.44	96980.53	97781	0	CharlieHolbrow	
2681	1:19:38	1/1/2019 	4771014	22.00	71.00	6.73	12.43	96980.11	289674	1	CharlieHolbrow	
2682	1:19:38	1/1/2019 	4771054	33.00	276.00	6.33	12.43	96980.11	4893	1	CharlieHolbrow	
2683	1:19:41	1/1/2019 	4774001	41.00	451.00	6.18	12.43	96979.37	145753	1	CharlieHolbrow	
2684	1:19:43	1/1/2019 	4775718	35.00	314.00	6.28	12.43	96979.37	97779	0	CharlieHolbrow	
2685	1:19:46	1/1/2019 	4779202	19.00	22.00	6.89	12.43	96978.56	145750	1	CharlieHolbrow	
2686	1:19:47	1/1/2019 	4779632	21.00	52.00	6.78	12.43	96978.30	49808	1	CharlieHolbrow	
2687	1:19:48	1/1/2019 	4781183	19.00	9.00	6.87	12.43	96977.66	50752	0	CharlieHolbrow	
2688	1:19:53	1/1/2019 	4785663	30.00	213.00	6.42	12.43	96977.23	243809	1	CharlieHolbrow	
2689	1:20:03	1/1/2019 	4795935	26.00	127.00	6.56	12.42	96975.75	481563	0	CharlieHolbrow	
2690	1:20:07	1/1/2019 	4799633	22.00	61.00	6.73	12.42	96976.07	194673	1	CharlieHolbrow	
2691	1:20:08	1/1/2019 	4800554	23.00	80.00	6.68	12.42	96975.52	50754	1	CharlieHolbrow	
2692	1:20:11	1/1/2019 	4803476	32.00	274.00	6.36	12.42	96975.69	97784	1	CharlieHolbrow	
2693	1:20:15	1/1/2019 	4808351	20.00	24.00	6.83	12.41	96974.53	243817	1	CharlieHolbrow	
2694	1:20:16	1/1/2019 	4809109	30.00	206.00	6.42	12.41	96974.36	49811	1	CharlieHolbrow	
2695	1:20:17	1/1/2019 	4809792	23.00	67.00	6.68	12.41	96974.36	49811	1	CharlieHolbrow	
2696	1:20:19	1/1/2019 	4811852	21.00	35.00	6.78	12.41	96974.20	98729	1	CharlieHolbrow	
2697	1:20:21	1/1/2019 	4813600	18.00	9.00	6.93	12.41	96974.20	97782	0	CharlieHolbrow	
2698	1:20:24	1/1/2019 	4817121	24.00	93.00	6.64	12.41	96972.48	145755	1	CharlieHolbrow	
2699	1:20:26	1/1/2019 	4819176	24.00	96.00	6.64	12.41	96972.64	99898	1	CharlieHolbrow	
2700	1:20:29	1/1/2019 	4821442	21.00	42.00	6.78	12.41	96971.91	97785	0	CharlieHolbrow	
2701	1:20:30	1/1/2019 	4822484	55.00	905.00	6.25	12.41	96971.91	50754	0	CharlieHolbrow	
2702	1:20:32	1/1/2019 	4825428	24.00	87.00	6.63	12.41	96971.41	145760	1	CharlieHolbrow	
2703	1:20:36	1/1/2019 	4829117	21.00	39.00	6.78	12.41	96971.00	193733	1	CharlieHolbrow	
2704	1:20:36	1/1/2019 	4829885	23.00	68.00	6.68	12.40	96970.41	49812	0	CharlieHolbrow	
2705	1:20:37	1/1/2019 	4830328	21.00	25.00	6.77	12.40	96970.41	4892	1	CharlieHolbrow	
2706	1:20:37	1/1/2019 	4830626	18.00	9.00	6.93	12.40	96970.41	49810	0	CharlieHolbrow	
2707	1:20:37	1/1/2019 	4830924	18.00	12.00	6.94	12.40	96970.25	1834	0	CharlieHolbrow	
2708	1:20:43	1/1/2019 	4836442	29.00	195.00	6.45	12.40	96970.00	241706	1	CharlieHolbrow	
2709	1:20:48	1/1/2019 	4841366	22.00	50.00	6.72	12.40	96969.41	241706	0	CharlieHolbrow	
2710	1:20:51	1/1/2019 	4844727	33.00	282.00	6.33	12.40	96969.09	194674	0	CharlieHolbrow	
2711	1:20:52	1/1/2019 	4845879	41.00	466.00	6.18	12.40	96968.92	51927	1	CharlieHolbrow	
2712	1:20:55	1/1/2019 	4848298	33.00	288.00	6.33	12.40	96968.92	97786	1	CharlieHolbrow	
2713	1:20:55	1/1/2019 	4848424	25.00	106.00	6.60	12.40	96968.54	1836	1	CharlieHolbrow	
2714	1:21:00	1/1/2019 	4853425	22.00	62.00	6.73	12.39	96967.64	241707	1	CharlieHolbrow	
2715	1:21:01	1/1/2019 	4854498	24.00	92.00	6.64	12.39	96967.64	50754	0	CharlieHolbrow	
2716	1:21:01	1/1/2019 	4854606	27.00	120.00	6.51	12.39	96967.64	49836	1	CharlieHolbrow	
2717	1:21:04	1/1/2019 	4857284	36.00	353.00	6.27	12.39	96967.15	99899	1	CharlieHolbrow	
2718	1:21:04	1/1/2019 	4857333	18.00	8.00	6.93	12.39	96967.15	1837	0	CharlieHolbrow	
2719	1:21:08	1/1/2019 	4862062	29.00	84.00	6.40	12.39	96966.89	241702	0	CharlieHolbrow	
2720	1:21:09	1/1/2019 	4862363	34.00	319.00	6.31	12.39	96966.89	2779	0	CharlieHolbrow	
2721	1:21:09	1/1/2019 	4862862	32.00	258.00	6.36	12.39	96966.89	49811	1	CharlieHolbrow	
2722	1:21:14	1/1/2019 	4867893	27.00	153.00	6.53	12.39	96965.98	243760	1	CharlieHolbrow	
2723	1:21:20	1/1/2019 	4874064	22.00	67.00	6.73	12.39	96964.92	289674	1	CharlieHolbrow	
2724	1:21:21	1/1/2019 	4874579	23.00	80.00	6.68	12.38	96964.67	50556	1	CharlieHolbrow	
2725	1:21:26	1/1/2019 	4879749	19.00	9.00	6.87	12.38	96964.18	241696	0	CharlieHolbrow	
2726	1:21:32	1/1/2019 	4885314	23.00	78.00	6.68	12.38	96962.95	242445	1	CharlieHolbrow	
2727	1:21:32	1/1/2019 	4885373	35.00	298.00	6.27	12.38	96962.95	1836	0	CharlieHolbrow	
2728	1:21:32	1/1/2019 	4885896	22.00	37.00	6.72	12.38	96962.78	53171	0	CharlieHolbrow	
2729	1:21:36	1/1/2019 	4889354	21.00	35.00	6.78	12.38	96961.88	145757	1	CharlieHolbrow	
2730	1:21:36	1/1/2019 	4889888	18.00	9.00	6.93	12.38	96962.05	49814	0	CharlieHolbrow	
2731	1:21:42	1/1/2019 	4895558	25.00	133.00	6.61	12.38	96962.69	290419	1	CharlieHolbrow	
2732	1:21:43	1/1/2019 	4896329	24.00	80.00	6.63	12.38	96962.85	1836	1	CharlieHolbrow	
2733	1:21:45	1/1/2019 	4898783	45.00	568.00	6.15	12.38	96962.85	145751	0	CharlieHolbrow	
2734	1:21:50	1/1/2019 	4903968	39.00	440.00	6.22	12.37	96961.88	247203	1	CharlieHolbrow	
2735	1:21:52	1/1/2019 	4905799	18.00	9.00	6.93	12.37	96961.72	98530	0	CharlieHolbrow	
2736	1:21:55	1/1/2019 	4908457	27.00	156.00	6.53	12.37	96960.98	97781	0	CharlieHolbrow	
2737	1:22:03	1/1/2019 	4916626	22.00	82.00	6.74	12.37	96959.75	433593	1	CharlieHolbrow	
2738	1:22:05	1/1/2019 	4919106	23.00	75.00	6.68	12.37	96960.08	98531	1	CharlieHolbrow	
2739	1:22:06	1/1/2019 	4919583	20.00	28.00	6.83	12.37	96960.08	49809	1	CharlieHolbrow	
2740	1:22:07	1/1/2019 	4920218	28.00	201.00	6.50	12.37	96960.23	4727	0	CharlieHolbrow	
2741	1:22:08	1/1/2019 	4921175	23.00	82.00	6.68	12.37	96960.08	49810	1	CharlieHolbrow	
2742	1:22:14	1/1/2019 	4927852	23.00	70.00	6.68	12.37	96959.33	337652	0	CharlieHolbrow	
2743	1:22:17	1/1/2019 	4930699	35.00	330.00	6.28	12.36	96958.27	145759	1	CharlieHolbrow	
2744	1:22:18	1/1/2019 	4931237	19.00	18.00	6.88	12.36	96958.09	2584	0	CharlieHolbrow	
2745	1:22:19	1/1/2019 	4932338	18.00	9.00	6.93	12.36	96957.94	51922	0	CharlieHolbrow	
2746	1:22:21	1/1/2019 	4934217	32.00	270.00	6.36	12.36	96957.45	97781	1	CharlieHolbrow	
2747	1:22:25	1/1/2019 	4938251	27.00	176.00	6.54	12.36	96957.52	193727	1	CharlieHolbrow	
2748	1:22:25	1/1/2019 	4938311	19.00	9.00	6.87	12.36	96957.52	1837	0	CharlieHolbrow	
2749	1:22:29	1/1/2019 	4942264	25.00	124.00	6.61	12.36	96957.10	193728	1	CharlieHolbrow	
2750	1:22:29	1/1/2019 	4942718	27.00	143.00	6.52	12.36	96957.10	50557	0	CharlieHolbrow	
2751	1:22:29	1/1/2019 	4943096	22.00	54.00	6.73	12.36	96957.10	3950	1	CharlieHolbrow	
2752	1:22:30	1/1/2019 	4943168	18.00	9.00	6.93	12.36	96957.27	1835	0	CharlieHolbrow	
2753	1:22:30	1/1/2019 	4944014	23.00	83.00	6.69	12.36	96957.10	49809	1	CharlieHolbrow	
2754	1:22:32	1/1/2019 	4945188	22.00	52.00	6.73	12.36	96956.94	49808	1	CharlieHolbrow	
2755	1:22:34	1/1/2019 	4947266	25.00	116.00	6.60	12.36	96957.10	97780	1	CharlieHolbrow	
2756	1:22:34	1/1/2019 	4948081	26.00	117.00	6.55	12.36	96957.27	49808	0	CharlieHolbrow	
2757	1:22:36	1/1/2019 	4949765	24.00	88.00	6.63	12.36	96956.69	99752	0	CharlieHolbrow	
2758	1:22:37	1/1/2019 	4951084	32.00	260.00	6.36	12.36	96956.69	50557	1	CharlieHolbrow	
2759	1:22:41	1/1/2019 	4954359	22.00	60.00	6.73	12.35	96956.14	145752	0	CharlieHolbrow	
2760	1:22:41	1/1/2019 	4954940	19.00	9.00	6.87	12.35	96955.97	49808	1	CharlieHolbrow	
2761	1:22:42	1/1/2019 	4956073	24.00	116.00	6.65	12.35	96956.14	49806	1	CharlieHolbrow	
2762	1:22:44	1/1/2019 	4957398	48.00	593.00	6.12	12.35	96955.39	49810	1	CharlieHolbrow	
2763	1:22:44	1/1/2019 	4957869	23.00	58.00	6.67	12.35	96955.55	51923	1	CharlieHolbrow	
2764	1:22:46	1/1/2019 	4959838	31.00	228.00	6.38	12.35	96955.06	97779	0	CharlieHolbrow	
2765	1:22:47	1/1/2019 	4960198	19.00	9.00	6.87	12.35	96955.06	2583	1	CharlieHolbrow	
2766	1:22:50	1/1/2019 	4963160	19.00	9.00	6.87	12.35	96953.84	145753	0	CharlieHolbrow	
2767	1:22:54	1/1/2019 	4967817	18.00	8.00	6.93	12.35	96953.26	241699	0	CharlieHolbrow	
2768	1:22:59	1/1/2019 	4972152	18.00	8.00	6.93	12.35	96953.58	193727	0	CharlieHolbrow	
2769	1:23:01	1/1/2019 	4974155	20.00	120.00	6.89	12.35	96953.09	100672	0	CharlieHolbrow	
2770	1:23:02	1/1/2019 	4975792	30.00	228.00	6.42	12.34	96952.67	97783	1	CharlieHolbrow	
2771	1:23:03	1/1/2019 	4976706	24.00	93.00	6.64	12.34	96952.67	49809	0	CharlieHolbrow	
2772	1:23:07	1/1/2019 	4980794	22.00	72.00	6.73	12.34	96952.09	193724	1	CharlieHolbrow	
2773	1:23:09	1/1/2019 	4982335	26.00	126.00	6.56	12.34	96951.77	50557	0	CharlieHolbrow	
2774	1:23:10	1/1/2019 	4983818	23.00	84.00	6.69	12.34	96951.61	99897	1	CharlieHolbrow	
2775	1:23:12	1/1/2019 	4985269	45.00	545.00	6.14	12.34	96951.77	49809	1	CharlieHolbrow	
2776	1:23:12	1/1/2019 	4985453	20.00	11.00	6.81	12.34	96951.77	1837	0	CharlieHolbrow	
2777	1:23:16	1/1/2019 	4989118	22.00	57.00	6.73	12.34	96951.52	193727	1	CharlieHolbrow	
2778	1:23:16	1/1/2019 	4989669	24.00	70.00	6.62	12.34	96951.52	49809	1	CharlieHolbrow	
2779	1:23:18	1/1/2019 	4991471	26.00	130.00	6.56	12.34	96951.27	50556	1	CharlieHolbrow	
2780	1:23:20	1/1/2019 	4993238	27.00	166.00	6.53	12.34	96951.27	99894	1	CharlieHolbrow	
2781	1:23:21	1/1/2019 	4994179	28.00	190.00	6.50	12.34	96951.27	49811	0	CharlieHolbrow	
2782	1:23:21	1/1/2019 	4994824	37.00	314.00	6.22	12.34	96950.94	49810	1	CharlieHolbrow	
2783	1:23:21	1/1/2019 	4994850	24.00	79.00	6.63	12.34	96950.94	1835	1	CharlieHolbrow	
2784	1:23:22	1/1/2019 	4995826	22.00	61.00	6.73	12.34	96950.94	49808	1	CharlieHolbrow	
2785	1:23:22	1/1/2019 	4995928	24.00	79.00	6.63	12.34	96950.94	1835	1	CharlieHolbrow	
2786	1:23:23	1/1/2019 	4996415	24.00	101.00	6.64	12.34	96950.94	3807	1	CharlieHolbrow	
2787	1:23:23	1/1/2019 	4996699	28.00	167.00	6.49	12.34	96950.94	49809	1	CharlieHolbrow	
2788	1:23:24	1/1/2019 	4997430	24.00	111.00	6.65	12.34	96950.94	1836	1	CharlieHolbrow	
2789	1:23:25	1/1/2019 	4998625	28.00	185.00	6.50	12.34	96950.94	97779	1	CharlieHolbrow	
2790	1:23:26	1/1/2019 	4999435	51.00	760.00	6.17	12.34	96950.94	1836	0	CharlieHolbrow	
2791	1:23:26	1/1/2019 	4999832	28.00	140.00	6.48	12.34	96950.94	49808	1	CharlieHolbrow	
2792	1:23:29	1/1/2019 	5003066	18.00	8.00	6.93	12.33	96950.67	148623	0	CharlieHolbrow	
2793	1:23:31	1/1/2019 	5004562	22.00	66.00	6.73	12.33	96951.16	97780	1	CharlieHolbrow	
2794	1:23:38	1/1/2019 	5011114	25.00	105.00	6.59	12.33	96950.13	289675	1	CharlieHolbrow	
2795	1:23:38	1/1/2019 	5011126	25.00	97.00	6.59	12.33	96950.13	2585	0	CharlieHolbrow	
2796	1:23:45	1/1/2019 	5018198	32.00	254.00	6.35	12.33	96949.55	337644	1	CharlieHolbrow	
2797	1:23:45	1/1/2019 	5018244	31.00	209.00	6.38	12.33	96949.55	1836	0	CharlieHolbrow	
2798	1:23:45	1/1/2019 	5018631	25.00	85.00	6.58	12.33	96949.55	51922	1	CharlieHolbrow	
2799	1:23:46	1/1/2019 	5019719	28.00	160.00	6.49	12.33	96949.72	49808	0	CharlieHolbrow	
2800	1:23:46	1/1/2019 	5020107	32.00	230.00	6.35	12.33	96949.72	2584	0	CharlieHolbrow	
2801	1:23:47	1/1/2019 	5020757	45.00	540.00	6.13	12.33	96949.72	49807	1	CharlieHolbrow	
2802	1:23:49	1/1/2019 	5022905	18.00	9.00	6.93	12.33	96949.13	97780	0	CharlieHolbrow	
2803	1:23:55	1/1/2019 	5028795	24.00	82.00	6.63	12.33	96948.00	291787	1	CharlieHolbrow	
2804	1:23:57	1/1/2019 	5030325	23.00	84.00	6.69	12.33	96947.67	49810	1	CharlieHolbrow	
2805	1:24:00	1/1/2019 	5033565	54.00	871.00	6.22	12.32	96946.92	194475	0	CharlieHolbrow	
2806	1:24:02	1/1/2019 	5036074	43.00	499.00	6.15	12.32	96947.09	97782	1	CharlieHolbrow	
2807	1:24:03	1/1/2019 	5036978	24.00	90.00	6.64	12.32	96947.09	49810	0	CharlieHolbrow	
2808	1:24:05	1/1/2019 	5038202	44.00	548.00	6.15	12.32	96946.34	49810	1	CharlieHolbrow	
2809	1:24:05	1/1/2019 	5038609	30.00	174.00	6.41	12.32	96946.34	51926	1	CharlieHolbrow	
2810	1:24:05	1/1/2019 	5038780	30.00	198.00	6.41	12.32	96946.34	1836	1	CharlieHolbrow	
2811	1:24:05	1/1/2019 	5038794	37.00	311.00	6.22	12.32	96946.34	1835	1	CharlieHolbrow	
2812	1:24:06	1/1/2019 	5039664	18.00	9.00	6.93	12.32	96946.19	49808	1	CharlieHolbrow	
2813	1:24:11	1/1/2019 	5044892	21.00	46.00	6.78	12.32	96945.28	242449	1	CharlieHolbrow	
2814	1:24:14	1/1/2019 	5047563	19.00	18.00	6.88	12.32	96944.95	145753	0	CharlieHolbrow	
2815	1:24:15	1/1/2019 	5048258	23.00	79.00	6.68	12.32	96944.95	3951	1	CharlieHolbrow	
2816	1:24:16	1/1/2019 	5049182	27.00	157.00	6.53	12.32	96944.53	49809	1	CharlieHolbrow	
2817	1:24:22	1/1/2019 	5055393	38.00	420.00	6.24	12.32	96943.07	289672	1	CharlieHolbrow	
2818	1:24:23	1/1/2019 	5056803	24.00	86.00	6.63	12.32	96943.23	98530	1	CharlieHolbrow	
2819	1:24:24	1/1/2019 	5058073	26.00	135.00	6.57	12.32	96942.91	49808	0	CharlieHolbrow	
2820	1:24:28	1/1/2019 	5061684	24.00	109.00	6.65	12.31	96942.00	193729	1	CharlieHolbrow	
2821	1:24:31	1/1/2019 	5064402	50.00	697.00	6.16	12.31	96942.00	100707	1	CharlieHolbrow	
2822	1:24:32	1/1/2019 	5065117	26.00	143.00	6.57	12.31	96942.17	49809	1	CharlieHolbrow	
2823	1:24:33	1/1/2019 	5066277	27.00	164.00	6.53	12.31	96942.17	49810	1	CharlieHolbrow	
2824	1:24:33	1/1/2019 	5066378	31.00	219.00	6.38	12.31	96942.17	1836	1	CharlieHolbrow	
2825	1:24:38	1/1/2019 	5071971	24.00	90.00	6.64	12.31	96941.75	289670	1	CharlieHolbrow	
2826	1:24:43	1/1/2019 	5076299	46.00	576.00	6.14	12.31	96940.71	199974	1	CharlieHolbrow	
2827	1:24:43	1/1/2019 	5076304	34.00	283.00	6.30	12.31	96940.71	1837	1	CharlieHolbrow	
2828	1:24:45	1/1/2019 	5078200	52.00	715.00	6.15	12.31	96940.71	97781	1	CharlieHolbrow	
2829	1:24:45	1/1/2019 	5078327	33.00	275.00	6.33	12.31	96940.71	1837	1	CharlieHolbrow	
2830	1:24:47	1/1/2019 	5080461	23.00	97.00	6.69	12.31	96941.04	97779	1	CharlieHolbrow	
2831	1:24:48	1/1/2019 	5081820	44.00	524.00	6.14	12.31	96940.78	98528	0	CharlieHolbrow	
2832	1:24:51	1/1/2019 	5084927	26.00	136.00	6.57	12.31	96940.45	147868	1	CharlieHolbrow	
2833	1:24:53	1/1/2019 	5086549	23.00	69.00	6.68	12.31	96940.78	97780	0	CharlieHolbrow	
2834	1:24:57	1/1/2019 	5090321	31.00	257.00	6.39	12.30	96940.20	145751	1	CharlieHolbrow	
2835	1:24:57	1/1/2019 	5090807	24.00	72.00	6.63	12.30	96940.20	50558	0	CharlieHolbrow	
2836	1:25:03	1/1/2019 	5096730	29.00	249.00	6.47	12.30	96939.62	289671	0	CharlieHolbrow	
2837	1:25:04	1/1/2019 	5097692	23.00	79.00	6.68	12.30	96939.62	49809	1	CharlieHolbrow	
2838	1:25:06	1/1/2019 	5099775	18.00	9.00	6.93	12.30	96939.45	99950	0	CharlieHolbrow	
2839	1:25:08	1/1/2019 	5101966	29.00	200.00	6.46	12.30	96939.05	98529	1	CharlieHolbrow	
2840	1:25:12	1/1/2019 	5105591	33.00	291.00	6.33	12.30	96938.23	193728	1	CharlieHolbrow	
2841	1:25:13	1/1/2019 	5106228	30.00	226.00	6.42	12.30	96938.23	1837	1	CharlieHolbrow	
2842	1:25:13	1/1/2019 	5106315	26.00	101.00	6.54	12.30	96938.23	1838	1	CharlieHolbrow	
2843	1:25:14	1/1/2019 	5107598	31.00	231.00	6.38	12.30	96937.91	97780	0	CharlieHolbrow	
2844	1:25:18	1/1/2019 	5112018	36.00	371.00	6.27	12.30	96937.16	195840	1	CharlieHolbrow	
2845	1:25:20	1/1/2019 	5113194	19.00	12.00	6.87	12.30	96937.00	50556	0	CharlieHolbrow	
2846	1:25:22	1/1/2019 	5115620	26.00	119.00	6.55	12.29	96936.58	145751	1	CharlieHolbrow	
2847	1:25:25	1/1/2019 	5118648	56.00	927.00	6.30	12.29	96936.73	145752	0	CharlieHolbrow	
2848	1:25:25	1/1/2019 	5118843	18.00	8.00	6.93	12.29	96936.73	1837	0	CharlieHolbrow	
2849	1:25:28	1/1/2019 	5122020	54.00	900.00	6.24	12.29	96936.58	145750	1	CharlieHolbrow	
2850	1:25:32	1/1/2019 	5125319	29.00	195.00	6.45	12.29	96936.42	148665	1	CharlieHolbrow	
2851	1:25:33	1/1/2019 	5127003	32.00	251.00	6.35	12.29	96936.16	97780	1	CharlieHolbrow	
2852	1:25:38	1/1/2019 	5130892	22.00	73.00	6.73	12.29	96935.84	193728	1	CharlieHolbrow	
2853	1:25:41	1/1/2019 	5134832	45.00	540.00	6.13	12.29	96934.44	194475	1	CharlieHolbrow	
2854	1:25:45	1/1/2019 	5138280	34.00	323.00	6.31	12.29	96933.89	145755	1	CharlieHolbrow	
2855	1:25:46	1/1/2019 	5139815	22.00	58.00	6.73	12.29	96934.55	99917	0	CharlieHolbrow	
2856	1:25:49	1/1/2019 	5142800	57.00	904.00	6.25	12.29	96934.70	146501	1	CharlieHolbrow	
2857	1:25:50	1/1/2019 	5143499	50.00	707.00	6.16	12.29	96934.38	1836	1	CharlieHolbrow	
2858	1:25:55	1/1/2019 	5148659	30.00	215.00	6.42	12.28	96934.12	289703	1	CharlieHolbrow	
2859	1:25:56	1/1/2019 	5149352	26.00	140.00	6.57	12.28	96934.29	1842	1	CharlieHolbrow	
2860	1:25:58	1/1/2019 	5151435	25.00	109.00	6.60	12.28	96934.45	97784	0	CharlieHolbrow	
2861	1:26:00	1/1/2019 	5153252	29.00	216.00	6.46	12.28	96933.88	100653	0	CharlieHolbrow	
2862	1:26:02	1/1/2019 	5155309	25.00	129.00	6.61	12.28	96934.20	97787	1	CharlieHolbrow	
2863	1:26:05	1/1/2019 	5158496	21.00	43.00	6.78	12.28	96933.29	145756	0	CharlieHolbrow	
2864	1:26:06	1/1/2019 	5159670	30.00	220.00	6.42	12.28	96933.45	97782	1	CharlieHolbrow	
2865	1:26:08	1/1/2019 	5161131	21.00	41.00	6.78	12.28	96932.97	50557	0	CharlieHolbrow	
2866	1:26:11	1/1/2019 	5164571	29.00	207.00	6.46	12.28	96932.80	193726	1	CharlieHolbrow	
2867	1:26:12	1/1/2019 	5165200	18.00	8.00	6.93	12.28	96932.80	3952	0	CharlieHolbrow	
2868	1:26:13	1/1/2019 	5166199	19.00	10.00	6.87	12.28	96932.80	49808	1	CharlieHolbrow	
2869	1:26:15	1/1/2019 	5167914	25.00	114.00	6.60	12.28	96932.55	97783	1	CharlieHolbrow	
2870	1:26:19	1/1/2019 	5172064	22.00	70.00	6.73	12.28	96932.06	193728	1	CharlieHolbrow	
2871	1:26:23	1/1/2019 	5176680	21.00	43.00	6.78	12.28	96931.73	242444	0	CharlieHolbrow	
2872	1:26:26	1/1/2019 	5179276	45.00	540.00	6.13	12.27	96930.83	97780	1	CharlieHolbrow	
2873	1:26:26	1/1/2019 	5179342	25.00	97.00	6.59	12.27	96930.83	3951	1	CharlieHolbrow	
2874	1:26:28	1/1/2019 	5180939	24.00	100.00	6.64	12.27	96930.83	97780	1	CharlieHolbrow	
2875	1:26:39	1/1/2019 	5192038	23.00	89.00	6.69	12.27	96929.34	530285	1	CharlieHolbrow	
2876	1:26:40	1/1/2019 	5193335	25.00	112.00	6.60	12.27	96929.18	50557	0	CharlieHolbrow	
2877	1:26:40	1/1/2019 	5193627	45.00	533.00	6.13	12.27	96929.18	49809	1	CharlieHolbrow	
2878	1:26:47	1/1/2019 	5200863	26.00	117.00	6.55	12.27	96930.00	339815	1	CharlieHolbrow	
2879	1:26:48	1/1/2019 	5201342	18.00	9.00	6.93	12.27	96930.00	2584	0	CharlieHolbrow	
2880	1:26:51	1/1/2019 	5204451	22.00	63.00	6.73	12.27	96929.91	145752	1	CharlieHolbrow	
2881	1:26:53	1/1/2019 	5206196	18.00	9.00	6.93	12.27	96929.73	97782	0	CharlieHolbrow	
2882	1:27:01	1/1/2019 	5214348	23.00	74.00	6.68	12.26	96928.70	385617	1	CharlieHolbrow	
2883	1:27:05	1/1/2019 	5218481	24.00	93.00	6.64	12.26	96927.89	194473	1	CharlieHolbrow	
2884	1:27:06	1/1/2019 	5219845	49.00	643.00	6.14	12.26	96927.47	99901	1	CharlieHolbrow	
2885	1:27:07	1/1/2019 	5220578	31.00	242.00	6.39	12.26	96927.31	50557	1	CharlieHolbrow	
2886	1:27:08	1/1/2019 	5221683	31.00	223.00	6.38	12.26	96926.83	49808	1	CharlieHolbrow	
2887	1:27:12	1/1/2019 	5225685	18.00	9.00	6.93	12.26	96926.41	193729	0	CharlieHolbrow	
2888	1:27:13	1/1/2019 	5226834	47.00	592.00	6.13	12.26	96926.41	49809	1	CharlieHolbrow	
2889	1:27:16	1/1/2019 	5229366	37.00	363.00	6.24	12.26	96926.08	97782	1	CharlieHolbrow	
2890	1:27:18	1/1/2019 	5231379	25.00	102.00	6.59	12.26	96926.24	99898	0	CharlieHolbrow	
2891	1:27:18	1/1/2019 	5231551	22.00	57.00	6.73	12.26	96926.41	50556	1	CharlieHolbrow	
2892	1:27:26	1/1/2019 	5239427	23.00	95.00	6.69	12.26	96925.50	337641	1	CharlieHolbrow	
2893	1:27:26	1/1/2019 	5239459	23.00	86.00	6.69	12.26	96925.50	1837	1	CharlieHolbrow	
2894	1:27:28	1/1/2019 	5241259	23.00	79.00	6.68	12.26	96925.02	97780	1	CharlieHolbrow	
2895	1:27:29	1/1/2019 	5242644	27.00	149.00	6.53	12.25	96924.44	98529	1	CharlieHolbrow	
2896	1:27:30	1/1/2019 	5243847	38.00	409.00	6.23	12.25	96924.59	51925	1	CharlieHolbrow	
2897	1:27:30	1/1/2019 	5243859	25.00	96.00	6.59	12.25	96924.59	1837	1	CharlieHolbrow	
2898	1:27:32	1/1/2019 	5245049	25.00	115.00	6.60	12.25	96924.59	49807	1	CharlieHolbrow	
2899	1:27:35	1/1/2019 	5248435	20.00	24.00	6.83	12.25	96924.44	145753	1	CharlieHolbrow	
2900	1:27:37	1/1/2019 	5250650	18.00	3.00	6.91	12.25	96923.85	145752	0	CharlieHolbrow	
2901	1:27:40	1/1/2019 	5252908	28.00	170.00	6.49	12.25	96923.36	98526	0	CharlieHolbrow	
2902	1:27:44	1/1/2019 	5257461	28.00	230.00	6.51	12.25	96923.20	195893	1	CharlieHolbrow	
2903	1:27:45	1/1/2019 	5258803	14.00	11.00	7.22	12.25	96923.04	97781	0	CharlieHolbrow	
2904	1:27:46	1/1/2019 	5259878	33.00	302.00	6.34	12.25	96923.04	49808	1	CharlieHolbrow	
2905	1:27:49	1/1/2019 	5262296	23.00	79.00	6.68	12.25	96922.78	98526	1	CharlieHolbrow	
2906	1:27:53	1/1/2019 	5266657	24.00	90.00	6.64	12.25	96922.62	241694	1	CharlieHolbrow	
2907	1:27:55	1/1/2019 	5268124	27.00	153.00	6.53	12.25	96922.45	55323	1	CharlieHolbrow	
2908	1:27:57	1/1/2019 	5270472	19.00	9.00	6.87	12.25	96922.30	97782	0	CharlieHolbrow	
2909	1:27:57	1/1/2019 	5270617	28.00	157.00	6.48	12.25	96922.30	50753	1	CharlieHolbrow	
2910	1:27:58	1/1/2019 	5271749	26.00	127.00	6.56	12.25	96921.88	49811	0	CharlieHolbrow	
2911	1:28:05	1/1/2019 	5278673	28.00	189.00	6.50	12.24	96921.17	337657	1	CharlieHolbrow	
2912	1:28:07	1/1/2019 	5280425	25.00	124.00	6.61	12.24	96921.33	49810	1	CharlieHolbrow	
2913	1:28:10	1/1/2019 	5283008	24.00	93.00	6.64	12.24	96920.84	148816	1	CharlieHolbrow	
2914	1:28:11	1/1/2019 	5284783	52.00	773.00	6.17	12.24	96920.84	97784	0	CharlieHolbrow	
2915	1:28:12	1/1/2019 	5285670	30.00	230.00	6.42	12.24	96920.84	49811	1	CharlieHolbrow	
2916	1:28:13	1/1/2019 	5286022	23.00	91.00	6.69	12.24	96920.68	1837	1	CharlieHolbrow	
2917	1:28:13	1/1/2019 	5286696	24.00	84.00	6.63	12.24	96920.52	49810	1	CharlieHolbrow	
2918	1:28:15	1/1/2019 	5288441	20.00	34.00	6.83	12.24	96920.19	49810	1	CharlieHolbrow	
2919	1:28:18	1/1/2019 	5290890	23.00	78.00	6.68	12.24	96919.77	147783	0	CharlieHolbrow	
2920	1:28:18	1/1/2019 	5291120	30.00	186.00	6.41	12.24	96919.77	2780	1	CharlieHolbrow	
2921	1:28:18	1/1/2019 	5291732	22.00	41.00	6.72	12.24	96919.45	49809	0	CharlieHolbrow	
2922	1:28:22	1/1/2019 	5295231	24.00	87.00	6.63	12.24	96919.61	145755	0	CharlieHolbrow	
2923	1:28:26	1/1/2019 	5299420	25.00	109.00	6.60	12.24	96919.19	193729	1	CharlieHolbrow	
2924	1:28:29	1/1/2019 	5302418	40.00	430.00	6.19	12.24	96918.29	145758	1	CharlieHolbrow	
2925	1:28:31	1/1/2019 	5304489	27.00	146.00	6.52	12.24	96918.45	100853	0	CharlieHolbrow	
2926	1:28:39	1/1/2019 	5312389	19.00	13.00	6.88	12.23	96918.03	385624	1	CharlieHolbrow	
2927	1:28:40	1/1/2019 	5313792	27.00	142.00	6.52	12.23	96918.36	98724	1	CharlieHolbrow	
2928	1:28:42	1/1/2019 	5314981	26.00	126.00	6.56	12.23	96918.20	49811	0	CharlieHolbrow	
2929	1:28:50	1/1/2019 	5323661	19.00	20.00	6.89	12.23	96916.96	433592	1	CharlieHolbrow	
2930	1:28:54	1/1/2019 	5327056	18.00	9.00	6.93	12.23	96916.48	148813	0	CharlieHolbrow	
2931	1:28:59	1/1/2019 	5332390	22.00	58.00	6.73	12.23	96914.92	241702	0	CharlieHolbrow	
2932	1:28:59	1/1/2019 	5332828	31.00	191.00	6.37	12.23	96914.92	50752	1	CharlieHolbrow	
2933	1:29:14	1/1/2019 	5347430	18.00	9.00	6.93	12.23	96914.34	673453	0	CharlieHolbrow	
2934	1:29:15	1/1/2019 	5348179	38.00	392.00	6.23	12.22	96914.08	50751	1	CharlieHolbrow	
2935	1:29:17	1/1/2019 	5350089	32.00	264.00	6.36	12.22	96913.92	97784	0	CharlieHolbrow	
2936	1:29:18	1/1/2019 	5351631	24.00	100.00	6.64	12.22	96913.70	100837	1	CharlieHolbrow	
2937	1:29:18	1/1/2019 	5351715	19.00	7.00	6.86	12.22	96913.70	1836	0	CharlieHolbrow	
2938	1:29:27	1/1/2019 	5360284	30.00	232.00	6.42	12.22	96912.89	385609	1	CharlieHolbrow	
2939	1:29:27	1/1/2019 	5360784	25.00	101.00	6.59	12.22	96912.72	50753	1	CharlieHolbrow	
2940	1:29:30	1/1/2019 	5363692	24.00	107.00	6.65	12.22	96912.56	145754	1	CharlieHolbrow	
2941	1:29:30	1/1/2019 	5363844	19.00	9.00	6.87	12.22	96912.56	1837	0	CharlieHolbrow	
2942	1:29:31	1/1/2019 	5364738	32.00	257.00	6.35	12.22	96912.23	51923	0	CharlieHolbrow	
2943	1:29:34	1/1/2019 	5367169	23.00	77.00	6.68	12.22	96911.66	97783	0	CharlieHolbrow	
2944	1:29:37	1/1/2019 	5370160	24.00	101.00	6.64	12.22	96911.98	145753	1	CharlieHolbrow	
2945	1:29:39	1/1/2019 	5372755	48.00	637.00	6.15	12.22	96911.98	146698	0	CharlieHolbrow	
2946	1:29:41	1/1/2019 	5374052	50.00	705.00	6.16	12.22	96912.14	49810	1	CharlieHolbrow	
2947	1:29:41	1/1/2019 	5374760	24.00	91.00	6.64	12.22	96912.30	49809	1	CharlieHolbrow	
2948	1:29:45	1/1/2019 	5378304	26.00	131.00	6.56	12.21	96911.47	147868	0	CharlieHolbrow	
2949	1:29:45	1/1/2019 	5378751	33.00	227.00	6.31	12.21	96911.47	49809	0	CharlieHolbrow	
2950	1:29:45	1/1/2019 	5378762	29.00	137.00	6.43	12.21	96911.47	1835	1	CharlieHolbrow	
2951	1:29:46	1/1/2019 	5379331	26.00	135.00	6.57	12.21	96911.47	1836	1	CharlieHolbrow	
2952	1:29:48	1/1/2019 	5381290	18.00	9.00	6.93	12.21	96911.31	97780	1	CharlieHolbrow	
2953	1:29:52	1/1/2019 	5385381	18.00	9.00	6.93	12.21	96910.73	196783	0	CharlieHolbrow	
2954	1:29:52	1/1/2019 	5385566	26.00	129.00	6.56	12.21	96910.73	49808	1	CharlieHolbrow	
2955	1:29:54	1/1/2019 	5387166	19.00	20.00	6.89	12.21	96910.73	49808	1	CharlieHolbrow	
2956	1:29:54	1/1/2019 	5387323	33.00	247.00	6.32	12.21	96910.56	1836	1	CharlieHolbrow	
2957	1:29:57	1/1/2019 	5389915	24.00	104.00	6.65	12.21	96910.66	145753	1	CharlieHolbrow	
2958	1:30:00	1/1/2019 	5392960	18.00	9.00	6.93	12.21	96910.98	146697	1	CharlieHolbrow	
2959	1:30:04	1/1/2019 	5397239	45.00	557.00	6.14	12.21	96910.56	195844	1	CharlieHolbrow	
2960	1:30:04	1/1/2019 	5397322	19.00	9.00	6.87	12.21	96910.56	1837	0	CharlieHolbrow	
2961	1:30:04	1/1/2019 	5397393	44.00	522.00	6.14	12.21	96910.56	1834	1	CharlieHolbrow	
2962	1:30:05	1/1/2019 	5398714	20.00	22.00	6.83	12.21	96910.89	97781	0	CharlieHolbrow	
2963	1:30:11	1/1/2019 	5404366	22.00	84.00	6.74	12.21	96910.15	241700	1	CharlieHolbrow	
2964	1:30:11	1/1/2019 	5404589	25.00	69.00	6.57	12.21	96909.73	50753	1	CharlieHolbrow	
2965	1:30:11	1/1/2019 	5404801	29.00	149.00	6.44	12.21	96909.73	3951	1	CharlieHolbrow	
2966	1:30:18	1/1/2019 	5411022	37.00	393.00	6.25	12.20	96908.98	289673	1	CharlieHolbrow	
2967	1:30:19	1/1/2019 	5412178	32.00	242.00	6.35	12.21	96909.08	50752	0	CharlieHolbrow	
2968	1:30:20	1/1/2019 	5413065	24.00	82.00	6.63	12.20	96908.82	49809	0	CharlieHolbrow	
2969	1:30:23	1/1/2019 	5415892	27.00	156.00	6.53	12.20	96908.66	145753	1	CharlieHolbrow	
2970	1:30:24	1/1/2019 	5417184	24.00	87.00	6.63	12.20	96908.82	49808	1	CharlieHolbrow	
2971	1:30:26	1/1/2019 	5419481	43.00	541.00	6.17	12.20	96907.92	99896	1	CharlieHolbrow	
2972	1:30:29	1/1/2019 	5422030	23.00	80.00	6.68	12.20	96908.25	145754	1	CharlieHolbrow	
2973	1:30:29	1/1/2019 	5422117	36.00	305.00	6.24	12.20	96908.25	2780	1	CharlieHolbrow	
2974	1:30:33	1/1/2019 	5426350	18.00	9.00	6.93	12.20	96908.18	193724	0	CharlieHolbrow	
2975	1:30:35	1/1/2019 	5428467	31.00	254.00	6.39	12.20	96908.41	97780	1	CharlieHolbrow	
2976	1:30:36	1/1/2019 	5428955	30.00	220.00	6.42	12.20	96907.86	49810	1	CharlieHolbrow	
2977	1:30:40	1/1/2019 	5433348	28.00	172.00	6.49	12.20	96907.38	195847	0	CharlieHolbrow	
2978	1:30:43	1/1/2019 	5436956	25.00	127.00	6.61	12.20	96906.30	194677	1	CharlieHolbrow	
2979	1:30:48	1/1/2019 	5441831	42.00	460.00	6.16	12.19	96906.05	241699	1	CharlieHolbrow	
2980	1:30:49	1/1/2019 	5442683	42.00	515.00	6.18	12.19	96905.88	50753	1	CharlieHolbrow	
2981	1:30:50	1/1/2019 	5443350	25.00	122.00	6.61	12.19	96906.05	1837	1	CharlieHolbrow	
2982	1:30:51	1/1/2019 	5445127	42.00	478.00	6.16	12.19	96906.05	99898	1	CharlieHolbrow	
2983	1:30:58	1/1/2019 	5452069	22.00	45.00	6.72	12.19	96905.14	337648	0	CharlieHolbrow	
2984	1:31:00	1/1/2019 	5453364	25.00	100.00	6.59	12.19	96904.98	50755	1	CharlieHolbrow	
2985	1:31:01	1/1/2019 	5454408	26.00	135.00	6.57	12.19	96904.98	49811	1	CharlieHolbrow	
2986	1:31:02	1/1/2019 	5456054	30.00	228.00	6.42	12.19	96904.98	97784	1	CharlieHolbrow	
2987	1:31:04	1/1/2019 	5457636	29.00	115.00	6.42	12.19	96904.98	97781	1	CharlieHolbrow	
2988	1:31:08	1/1/2019 	5462170	19.00	9.00	6.87	12.19	96904.66	195842	1	CharlieHolbrow	
2989	1:31:13	1/1/2019 	5466927	22.00	59.00	6.73	12.19	96903.75	242639	1	CharlieHolbrow	
2990	1:31:16	1/1/2019 	5469493	23.00	87.00	6.69	12.19	96903.27	97780	1	CharlieHolbrow	
2991	1:31:21	1/1/2019 	5475097	22.00	53.00	6.73	12.19	96902.28	289667	0	CharlieHolbrow	
2992	1:31:28	1/1/2019 	5482170	41.00	477.00	6.18	12.19	96901.70	338582	0	CharlieHolbrow	
2993	1:31:29	1/1/2019 	5483096	26.00	138.00	6.57	12.19	96901.87	50752	1	CharlieHolbrow	
2994	1:31:30	1/1/2019 	5484098	29.00	195.00	6.45	12.19	96902.03	51925	1	CharlieHolbrow	
2995	1:31:30	1/1/2019 	5484237	49.00	613.00	6.12	12.19	96902.20	1836	1	CharlieHolbrow	
2996	1:31:38	1/1/2019 	5491828	24.00	105.00	6.65	12.18	96901.61	385619	1	CharlieHolbrow	
2997	1:31:38	1/1/2019 	5492212	39.00	412.00	6.21	12.18	96901.61	2780	1	CharlieHolbrow	
2998	1:31:42	1/1/2019 	5495554	29.00	222.00	6.46	12.18	96901.61	193731	1	CharlieHolbrow	
2999	1:31:44	1/1/2019 	5497582	19.00	16.00	6.88	12.18	96901.29	97783	0	CharlieHolbrow	
3000	1:31:45	1/1/2019 	5498390	19.00	10.00	6.87	12.18	96901.29	3951	1	CharlieHolbrow	
3001	1:31:45	1/1/2019 	5499220	26.00	116.00	6.55	12.18	96901.29	49809	1	CharlieHolbrow	
3002	1:31:49	1/1/2019 	5502473	38.00	387.00	6.23	12.18	96900.55	145753	1	CharlieHolbrow	
3003	1:31:58	1/1/2019 	5512092	21.00	36.00	6.78	12.18	96900.55	482509	0	CharlieHolbrow	
3004	1:32:02	1/1/2019 	5515613	31.00	237.00	6.39	12.18	96899.48	194671	1	CharlieHolbrow	
3005	1:32:03	1/1/2019 	5516965	23.00	72.00	6.68	12.18	96899.48	51981	1	CharlieHolbrow	
3006	1:32:09	1/1/2019 	5523178	18.00	9.00	6.93	12.18	96899.25	289679	0	CharlieHolbrow	
3007	1:32:17	1/1/2019 	5531322	32.00	278.00	6.36	12.17	96898.51	386572	1	CharlieHolbrow	
3008	1:32:21	1/1/2019 	5534691	24.00	101.00	6.64	12.17	96897.86	194670	0	CharlieHolbrow	
3009	1:32:24	1/1/2019 	5537498	32.00	274.00	6.36	12.17	96897.86	97782	1	CharlieHolbrow	
3010	1:32:26	1/1/2019 	5539449	24.00	94.00	6.64	12.17	96897.45	97810	1	CharlieHolbrow	
3011	1:32:26	1/1/2019 	5539618	31.00	210.00	6.38	12.17	96897.61	51925	1	CharlieHolbrow	
3012	1:32:26	1/1/2019 	5539889	33.00	242.00	6.31	12.17	96897.61	2779	1	CharlieHolbrow	
3013	1:32:27	1/1/2019 	5540961	19.00	11.00	6.87	12.17	96897.28	49811	1	CharlieHolbrow	
3014	1:32:29	1/1/2019 	5542474	39.00	427.00	6.22	12.17	96897.12	49811	1	CharlieHolbrow	
3015	1:32:29	1/1/2019 	5542857	25.00	95.00	6.59	12.17	96897.12	49810	1	CharlieHolbrow	
3016	1:32:32	1/1/2019 	5546301	18.00	9.00	6.93	12.17	96896.14	145756	0	CharlieHolbrow	
3017	1:32:33	1/1/2019 	5547095	23.00	89.00	6.69	12.17	96895.98	51926	1	CharlieHolbrow	
3018	1:32:33	1/1/2019 	5547342	19.00	9.00	6.87	12.17	96895.98	1836	0	CharlieHolbrow	
3019	1:32:34	1/1/2019 	5548051	27.00	162.00	6.53	12.17	96895.81	49810	0	CharlieHolbrow	
3020	1:32:37	1/1/2019 	5551302	24.00	116.00	6.65	12.17	96896.05	145759	1	CharlieHolbrow	
3021	1:32:40	1/1/2019 	5554310	21.00	44.00	6.78	12.17	96896.05	146701	1	CharlieHolbrow	
3022	1:32:45	1/1/2019 	5558875	26.00	126.00	6.56	12.17	96896.21	241703	1	CharlieHolbrow	
3023	1:32:47	1/1/2019 	5561213	39.00	414.00	6.21	12.17	96896.21	99899	1	CharlieHolbrow	
3024	1:32:48	1/1/2019 	5562171	23.00	65.00	6.68	12.17	96895.89	50752	1	CharlieHolbrow	
3025	1:32:51	1/1/2019 	5564814	23.00	81.00	6.68	12.17	96894.09	145758	1	CharlieHolbrow	
3026	1:32:53	1/1/2019 	5566683	23.00	52.00	6.67	12.17	96893.03	97783	0	CharlieHolbrow	
3027	1:32:58	1/1/2019 	5571431	31.00	242.00	6.39	12.17	96893.20	193728	1	CharlieHolbrow	
3028	1:32:58	1/1/2019 	5571754	40.00	406.00	6.18	12.17	96893.20	52867	0	CharlieHolbrow	
3029	1:32:59	1/1/2019 	5572944	22.00	72.00	6.73	12.17	96893.20	49809	1	CharlieHolbrow	
3030	1:33:03	1/1/2019 	5576366	27.00	140.00	6.52	12.17	96898.88	145757	1	CharlieHolbrow	
3031	1:33:09	1/1/2019 	5582769	19.00	10.00	6.87	12.16	96889.37	337650	0	CharlieHolbrow	
3032	1:33:09	1/1/2019 	5582881	23.00	62.00	6.67	12.16	96889.37	2779	0	CharlieHolbrow	
3033	1:33:09	1/1/2019 	5583312	52.00	650.00	6.12	12.16	96888.23	1835	1	CharlieHolbrow	
3034	1:33:11	1/1/2019 	5584685	18.00	8.00	6.93	12.16	96883.75	99896	0	CharlieHolbrow	
3035	1:33:11	1/1/2019 	5584778	28.00	127.00	6.47	12.16	96883.75	1835	1	CharlieHolbrow	
3036	1:33:11	1/1/2019 	5585287	34.00	306.00	6.31	12.16	96883.02	1836	0	CharlieHolbrow	
3037	1:33:13	1/1/2019 	5586439	50.00	661.00	6.14	12.16	96880.75	49810	1	CharlieHolbrow	
3038	1:33:13	1/1/2019 	5586618	19.00	9.00	6.87	12.16	96879.94	49811	0	CharlieHolbrow	
3039	1:33:14	1/1/2019 	5587549	22.00	71.00	6.73	12.16	96878.16	49807	0	CharlieHolbrow	
3040	1:33:14	1/1/2019 	5587896	22.00	32.00	6.72	12.16	96878.16	3808	1	CharlieHolbrow	
3041	1:33:14	1/1/2019 	5588025	34.00	246.00	6.28	12.16	96876.92	1834	0	CharlieHolbrow	
3042	1:33:15	1/1/2019 	5588691	44.00	544.00	6.15	12.16	96875.95	49811	1	CharlieHolbrow	
3043	1:33:19	1/1/2019 	5592622	14.00	39.00	7.25	12.16	96869.28	193730	1	CharlieHolbrow	
3044	1:33:21	1/1/2019 	5594443	20.00	22.00	6.83	12.16	96867.01	50753	1	CharlieHolbrow	
3045	1:33:22	1/1/2019 	5596213	18.00	7.00	6.93	12.16	96864.25	97781	0	CharlieHolbrow	
3046	1:33:25	1/1/2019 	5598466	30.00	233.00	6.42	12.16	96860.67	99893	1	CharlieHolbrow	
3047	1:33:25	1/1/2019 	5598604	38.00	384.00	6.22	12.16	96859.86	49809	0	CharlieHolbrow	
3048	1:33:27	1/1/2019 	5600851	33.00	265.00	6.32	12.16	96856.67	97782	0	CharlieHolbrow	
3049	1:33:28	1/1/2019 	5601951	25.00	115.00	6.60	12.16	96855.22	50751	1	CharlieHolbrow	
3050	1:33:35	1/1/2019 	5608585	24.00	85.00	6.63	12.15	96844.39	337647	1	CharlieHolbrow	
3051	1:33:38	1/1/2019 	5612072	30.00	236.00	6.43	12.15	96840.17	145755	1	CharlieHolbrow	
3052	1:33:41	1/1/2019 	5614844	33.00	321.00	6.35	12.15	96836.86	148823	1	CharlieHolbrow	
3053	1:33:41	1/1/2019 	5614982	22.00	45.00	6.72	12.15	96836.86	1836	0	CharlieHolbrow	
3054	1:33:42	1/1/2019 	5616078	33.00	294.00	6.33	12.15	96836.21	49807	1	CharlieHolbrow	
3055	1:33:43	1/1/2019 	5616862	25.00	121.00	6.61	12.15	96835.72	49809	1	CharlieHolbrow	
3056	1:33:46	1/1/2019 	5620019	26.00	130.00	6.56	12.15	96834.42	145755	1	CharlieHolbrow	
3057	1:33:47	1/1/2019 	5620607	39.00	426.00	6.21	12.15	96834.42	52869	1	CharlieHolbrow	
3058	1:33:55	1/1/2019 	5628401	21.00	40.00	6.78	12.15	96833.09	337648	1	CharlieHolbrow	
3059	1:33:55	1/1/2019 	5628442	25.00	105.00	6.59	12.15	96833.09	1837	1	CharlieHolbrow	
3060	1:33:56	1/1/2019 	5629950	25.00	120.00	6.61	12.15	96832.94	97782	1	CharlieHolbrow	
3061	1:33:57	1/1/2019 	5630582	17.00	9.00	7.00	12.15	96832.94	50753	0	CharlieHolbrow	
3062	1:33:58	1/1/2019 	5631819	47.00	615.00	6.14	12.15	96832.94	49808	1	CharlieHolbrow	
3063	1:33:59	1/1/2019 	5632352	19.00	9.00	6.87	12.14	96832.52	3951	0	CharlieHolbrow	
3064	1:33:59	1/1/2019 	5632831	26.00	119.00	6.55	12.14	96832.52	49808	1	CharlieHolbrow	
3065	1:34:05	1/1/2019 	5638405	27.00	165.00	6.53	12.14	96832.10	241704	1	CharlieHolbrow	
3066	1:34:08	1/1/2019 	5641554	22.00	60.00	6.73	12.14	96831.52	193729	1	CharlieHolbrow	
3067	1:34:16	1/1/2019 	5649391	38.00	376.00	6.22	12.14	96860.70	338585	1	CharlieHolbrow	
3068	1:34:16	1/1/2019 	5650075	24.00	87.00	6.63	12.14	96857.78	49810	1	CharlieHolbrow	
3069	1:34:17	1/1/2019 	5650554	44.00	519.00	6.14	12.14	96856.25	56259	1	CharlieHolbrow	
3070	1:34:20	1/1/2019 	5654300	25.00	104.00	6.59	12.15	96859.61	145753	1	CharlieHolbrow	
3071	1:34:25	1/1/2019 	5659325	31.00	259.00	6.39	12.16	96880.33	241693	1	CharlieHolbrow	
3072	1:34:28	1/1/2019 	5662216	19.00	9.00	6.87	12.16	96879.45	145754	1	CharlieHolbrow	
3073	1:34:29	1/1/2019 	5662643	24.00	86.00	6.63	12.16	96878.48	50752	0	CharlieHolbrow	
3074	1:34:31	1/1/2019 	5664386	33.00	278.00	6.33	12.16	96873.77	49809	0	CharlieHolbrow	
3075	1:34:33	1/1/2019 	5667010	30.00	205.00	6.42	12.16	96866.77	147869	1	CharlieHolbrow	
3076	1:34:33	1/1/2019 	5667278	24.00	75.00	6.63	12.16	96865.48	1837	1	CharlieHolbrow	
3077	1:34:35	1/1/2019 	5668853	24.00	108.00	6.65	12.16	96860.92	97780	1	CharlieHolbrow	
3078	1:34:38	1/1/2019 	5671619	27.00	160.00	6.53	12.16	96853.61	145754	0	CharlieHolbrow	
3079	1:34:38	1/1/2019 	5671878	26.00	120.00	6.56	12.16	96851.73	2780	1	CharlieHolbrow	
3080	1:34:39	1/1/2019 	5672476	29.00	205.00	6.46	12.16	96850.59	4005	0	CharlieHolbrow	
3081	1:34:39	1/1/2019 	5672598	24.00	88.00	6.63	12.16	96850.59	49810	1	CharlieHolbrow	
3082	1:34:39	1/1/2019 	5672639	38.00	368.00	6.22	12.16	96850.59	1836	1	CharlieHolbrow	
3083	1:34:40	1/1/2019 	5673788	40.00	449.00	6.20	12.16	96848.00	49808	1	CharlieHolbrow	
3084	1:34:42	1/1/2019 	5676153	32.00	262.00	6.36	12.16	96845.47	97783	1	CharlieHolbrow	
3085	1:34:42	1/1/2019 	5676267	49.00	635.00	6.13	12.16	96845.30	1836	1	CharlieHolbrow	
3086	1:34:44	1/1/2019 	5678265	29.00	183.00	6.45	12.15	96845.53	99754	0	CharlieHolbrow	
3087	1:34:48	1/1/2019 	5681398	25.00	118.00	6.60	12.15	96845.22	145756	0	CharlieHolbrow	
3088	1:34:48	1/1/2019 	5681736	20.00	11.00	6.81	12.15	96845.22	50753	0	CharlieHolbrow	
3089	1:34:50	1/1/2019 	5683592	24.00	98.00	6.64	12.15	96845.77	97780	1	CharlieHolbrow	
3090	1:34:51	1/1/2019 	5684491	25.00	122.00	6.61	12.14	96845.36	1836	1	CharlieHolbrow	
3091	1:34:51	1/1/2019 	5685003	22.00	41.00	6.72	12.14	96845.36	49809	1	CharlieHolbrow	
3092	1:34:55	1/1/2019 	5688574	32.00	243.00	6.35	12.14	96846.15	195789	1	CharlieHolbrow	
3093	1:34:58	1/1/2019 	5691399	41.00	467.00	6.18	12.14	96846.70	97784	1	CharlieHolbrow	
3094	1:34:59	1/1/2019 	5693085	18.00	66.00	6.98	12.14	96847.03	98528	1	CharlieHolbrow	
3095	1:35:02	1/1/2019 	5696013	19.00	9.00	6.87	12.13	96847.33	145755	0	CharlieHolbrow	
3096	1:35:08	1/1/2019 	5701888	25.00	134.00	6.61	12.13	96847.67	289675	1	CharlieHolbrow	
3097	1:35:09	1/1/2019 	5702383	32.00	273.00	6.36	12.13	96847.83	2585	1	CharlieHolbrow	
3098	1:35:09	1/1/2019 	5702950	23.00	46.00	6.67	12.13	96847.99	53120	0	CharlieHolbrow	
3099	1:35:12	1/1/2019 	5706258	22.00	77.00	6.74	12.12	96849.03	145756	1	CharlieHolbrow	
3100	1:35:13	1/1/2019 	5706555	42.00	483.00	6.17	12.12	96848.45	49811	1	CharlieHolbrow	
3101	1:35:16	1/1/2019 	5709577	26.00	127.00	6.56	12.12	96848.04	145757	1	CharlieHolbrow	
3102	1:35:19	1/1/2019 	5713158	57.00	923.00	6.29	12.12	96847.78	146503	1	CharlieHolbrow	
3103	1:35:20	1/1/2019 	5713369	34.00	309.00	6.31	12.12	96847.78	1836	1	CharlieHolbrow	
3104	1:35:20	1/1/2019 	5713817	42.00	476.00	6.16	12.12	96847.62	51926	1	CharlieHolbrow	
3105	1:35:20	1/1/2019 	5714032	24.00	68.00	6.62	12.12	96847.78	1840	0	CharlieHolbrow	
3106	1:35:29	1/1/2019 	5722937	11.00	9.00	7.45	12.11	96848.25	433594	0	CharlieHolbrow	
3107	1:35:30	1/1/2019 	5724233	22.00	67.00	6.73	12.11	96848.35	50557	1	CharlieHolbrow	
3108	1:35:32	1/1/2019 	5725462	22.00	80.00	6.74	12.11	96848.52	49810	1	CharlieHolbrow	
3109	1:35:32	1/1/2019 	5725886	23.00	61.00	6.67	12.11	96848.67	51925	0	CharlieHolbrow	
3110	1:35:33	1/1/2019 	5727112	18.00	9.00	6.93	12.11	96848.67	49809	0	CharlieHolbrow	
3111	1:35:34	1/1/2019 	5728329	32.00	263.00	6.36	12.11	96848.52	49809	0	CharlieHolbrow	
3112	1:35:37	1/1/2019 	5730756	18.00	9.00	6.93	12.11	96848.42	145759	0	CharlieHolbrow	
3113	1:35:38	1/1/2019 	5731451	21.00	49.00	6.78	12.11	96848.75	2584	0	CharlieHolbrow	
3114	1:35:39	1/1/2019 	5732619	25.00	130.00	6.61	12.11	96848.42	97782	1	CharlieHolbrow	
3115	1:35:41	1/1/2019 	5734049	49.00	673.00	6.15	12.11	96848.58	51925	1	CharlieHolbrow	
3116	1:35:43	1/1/2019 	5736273	22.00	63.00	6.73	12.11	96848.42	97784	0	CharlieHolbrow	
3117	1:35:43	1/1/2019 	5736381	27.00	116.00	6.51	12.11	96848.42	1836	0	CharlieHolbrow	
3118	1:35:45	1/1/2019 	5738387	24.00	104.00	6.65	12.10	96847.52	97782	1	CharlieHolbrow	
3119	1:35:48	1/1/2019 	5741260	26.00	132.00	6.56	12.10	96847.27	145757	0	CharlieHolbrow	
3120	1:35:50	1/1/2019 	5743791	25.00	125.00	6.61	12.10	96847.10	146502	1	CharlieHolbrow	
3121	1:35:50	1/1/2019 	5743978	29.00	170.00	6.45	12.10	96847.10	3954	0	CharlieHolbrow	
3122	1:35:56	1/1/2019 	5749195	25.00	130.00	6.61	12.10	96861.14	241701	0	CharlieHolbrow	
3123	1:35:56	1/1/2019 	5749343	30.00	195.00	6.41	12.10	96864.07	1836	1	CharlieHolbrow	
3124	1:35:57	1/1/2019 	5750594	25.00	110.00	6.60	12.10	96870.08	97783	1	CharlieHolbrow	
3125	1:35:57	1/1/2019 	5750691	31.00	234.00	6.39	12.10	96870.08	2583	1	CharlieHolbrow	
3126	1:35:57	1/1/2019 	5750980	27.00	126.00	6.51	12.10	96872.36	1835	1	CharlieHolbrow	
3127	1:36:01	1/1/2019 	5754373	24.00	97.00	6.64	12.10	96887.30	147874	0	CharlieHolbrow	
3128	1:36:02	1/1/2019 	5755745	24.00	89.00	6.64	12.10	96889.09	97785	0	CharlieHolbrow	
3129	1:36:05	1/1/2019 	5758353	22.00	70.00	6.73	12.10	96888.70	97784	1	CharlieHolbrow	
3130	1:36:05	1/1/2019 	5758447	24.00	84.00	6.63	12.10	96888.44	1837	1	CharlieHolbrow	
3131	1:36:05	1/1/2019 	5758815	20.00	16.00	6.82	12.10	96888.44	49811	1	CharlieHolbrow	
3132	1:36:08	1/1/2019 	5761339	25.00	118.00	6.60	12.10	96897.70	97786	1	CharlieHolbrow	
3133	1:36:12	1/1/2019 	5765170	19.00	9.00	6.87	12.10	96899.66	196626	0	CharlieHolbrow	
3134	1:36:14	1/1/2019 	5767497	24.00	95.00	6.64	12.10	96899.00	97785	1	CharlieHolbrow	
3135	1:36:16	1/1/2019 	5769379	21.00	32.00	6.77	12.10	96896.24	97782	0	CharlieHolbrow	
3136	1:36:16	1/1/2019 	5769862	29.00	158.00	6.44	12.10	96895.27	49810	1	CharlieHolbrow	
3137	1:36:17	1/1/2019 	5770437	30.00	194.00	6.41	12.10	96894.62	2586	0	CharlieHolbrow	
3138	1:36:18	1/1/2019 	5771364	19.00	15.00	6.88	12.10	96892.67	51930	0	CharlieHolbrow	
3139	1:36:19	1/1/2019 	5772639	25.00	115.00	6.60	12.10	96889.58	97782	0	CharlieHolbrow	
3140	1:36:20	1/1/2019 	5773413	18.00	9.00	6.93	12.10	96887.86	1837	0	CharlieHolbrow	
3141	1:36:23	1/1/2019 	5777035	22.00	65.00	6.73	12.10	96879.09	193728	1	CharlieHolbrow	
3142	1:36:26	1/1/2019 	5779441	24.00	95.00	6.64	12.09	96879.32	97782	0	CharlieHolbrow	
3143	1:36:27	1/1/2019 	5780081	21.00	45.00	6.78	12.09	96879.48	49809	0	CharlieHolbrow	
3144	1:36:27	1/1/2019 	5780158	20.00	16.00	6.82	12.09	96879.48	4707	1	CharlieHolbrow	
3145	1:36:27	1/1/2019 	5780178	25.00	90.00	6.59	12.09	96879.48	1835	0	CharlieHolbrow	
3146	1:36:28	1/1/2019 	5781190	21.00	36.00	6.78	12.09	96879.81	49809	0	CharlieHolbrow	
3147	1:36:28	1/1/2019 	5781681	36.00	316.00	6.25	12.09	96880.13	49809	1	CharlieHolbrow	
3148	1:36:30	1/1/2019 	5783574	24.00	106.00	6.65	12.09	96883.38	97785	0	CharlieHolbrow	
3149	1:36:30	1/1/2019 	5783784	18.00	9.00	6.93	12.09	96885.66	1836	0	CharlieHolbrow	
3150	1:36:30	1/1/2019 	5783795	18.00	9.00	6.93	12.09	96885.66	3860	0	CharlieHolbrow	
3151	1:36:31	1/1/2019 	5784259	19.00	10.00	6.87	12.09	96886.47	1834	1	CharlieHolbrow	
3152	1:36:32	1/1/2019 	5785379	18.00	9.00	6.93	12.09	96887.93	49810	0	CharlieHolbrow	
3153	1:36:33	1/1/2019 	5786469	20.00	19.00	6.82	12.09	96888.91	49810	0	CharlieHolbrow	
3154	1:36:33	1/1/2019 	5786953	18.00	8.00	6.93	12.09	96889.88	49810	0	CharlieHolbrow	
3155	1:36:36	1/1/2019 	5790043	18.00	9.00	6.93	12.09	96892.81	145756	0	CharlieHolbrow	
3156	1:36:37	1/1/2019 	5790062	25.00	113.00	6.60	12.09	96892.81	4707	0	CharlieHolbrow	
3157	1:36:37	1/1/2019 	5790121	39.00	393.00	6.20	12.09	96892.81	1836	1	CharlieHolbrow	
3158	1:36:37	1/1/2019 	5790371	19.00	10.00	6.87	12.09	96892.00	1836	0	CharlieHolbrow	
3159	1:36:37	1/1/2019 	5790380	19.00	9.00	6.87	12.09	96892.00	1835	0	CharlieHolbrow	
3160	1:36:37	1/1/2019 	5790387	19.00	10.00	6.87	12.09	96892.00	1835	0	CharlieHolbrow	
3161	1:36:38	1/1/2019 	5791654	18.00	9.00	6.93	12.09	96889.88	97781	0	CharlieHolbrow	
3162	1:36:38	1/1/2019 	5791821	55.00	792.00	6.17	12.09	96888.59	3807	1	CharlieHolbrow	
3163	1:36:39	1/1/2019 	5792370	19.00	9.00	6.87	12.09	96886.80	1836	0	CharlieHolbrow	
3164	1:36:40	1/1/2019 	5793296	18.00	9.00	6.93	12.09	96883.78	49809	0	CharlieHolbrow	
3165	1:36:40	1/1/2019 	5793641	34.00	263.00	6.29	12.09	96883.78	49809	1	CharlieHolbrow	
3166	1:36:40	1/1/2019 	5793853	25.00	91.00	6.59	12.09	96882.89	1836	1	CharlieHolbrow	
3167	1:36:41	1/1/2019 	5794826	24.00	93.00	6.64	12.09	96879.72	49809	1	CharlieHolbrow	
3168	1:36:42	1/1/2019 	5795362	25.00	122.00	6.61	12.09	96877.93	3809	1	CharlieHolbrow	
3169	1:36:42	1/1/2019 	5795944	30.00	178.00	6.41	12.09	96876.30	49811	0	CharlieHolbrow	
3170	1:36:43	1/1/2019 	5796126	19.00	13.00	6.88	12.09	96876.30	1835	0	CharlieHolbrow	
3171	1:36:43	1/1/2019 	5796670	18.00	9.00	6.93	12.09	96875.48	49810	1	CharlieHolbrow	
3172	1:36:43	1/1/2019 	5797024	19.00	9.00	6.87	12.09	96874.42	1835	0	CharlieHolbrow	
3173	1:36:44	1/1/2019 	5797084	24.00	99.00	6.64	12.09	96874.42	3808	1	CharlieHolbrow	
3174	1:36:44	1/1/2019 	5797104	19.00	9.00	6.87	12.09	96874.42	1836	0	CharlieHolbrow	
3175	1:36:45	1/1/2019 	5798421	18.00	9.00	6.93	12.09	96871.98	49808	0	CharlieHolbrow	
3176	1:36:46	1/1/2019 	5799820	29.00	185.00	6.45	12.09	96870.52	97782	0	CharlieHolbrow	
3177	1:36:47	1/1/2019 	5800211	18.00	11.00	6.94	12.09	96870.52	2585	0	CharlieHolbrow	
3178	1:36:47	1/1/2019 	5800673	18.00	9.00	6.93	12.09	96870.36	49809	0	CharlieHolbrow	
3179	1:36:48	1/1/2019 	5801090	31.00	228.00	6.38	12.09	96869.22	3949	0	CharlieHolbrow	
3180	1:36:48	1/1/2019 	5801645	52.00	716.00	6.15	12.09	96868.90	49809	1	CharlieHolbrow	
3181	1:36:48	1/1/2019 	5801739	19.00	9.00	6.87	12.09	96868.90	1836	0	CharlieHolbrow	
3182	1:36:49	1/1/2019 	5802258	18.00	9.00	6.93	12.09	96867.77	1835	0	CharlieHolbrow	
3183	1:36:49	1/1/2019 	5802310	30.00	162.00	6.40	12.09	96867.77	1836	0	CharlieHolbrow	
3184	1:36:49	1/1/2019 	5802379	18.00	9.00	6.93	12.09	96867.77	1835	0	CharlieHolbrow	
3185	1:36:49	1/1/2019 	5802684	18.00	9.00	6.93	12.09	96867.77	55173	0	CharlieHolbrow	
3186	1:36:50	1/1/2019 	5803753	30.00	234.00	6.42	12.09	96867.44	49807	0	CharlieHolbrow	
3187	1:36:50	1/1/2019 	5803894	19.00	10.00	6.87	12.09	96866.40	1836	0	CharlieHolbrow	
3188	1:36:51	1/1/2019 	5804365	18.00	9.00	6.93	12.09	96865.75	1835	0	CharlieHolbrow	
3189	1:36:52	1/1/2019 	5805997	19.00	19.00	6.88	12.09	96868.19	97782	0	CharlieHolbrow	
3190	1:36:54	1/1/2019 	5807836	19.00	13.00	6.88	12.09	96869.33	97783	0	CharlieHolbrow	
3191	1:36:56	1/1/2019 	5809493	19.00	13.00	6.88	12.09	96868.84	51782	1	CharlieHolbrow	
3192	1:36:56	1/1/2019 	5809614	22.00	47.00	6.72	12.09	96868.84	49809	1	CharlieHolbrow	
3193	1:36:57	1/1/2019 	5810725	18.00	9.00	6.93	12.08	96869.72	50556	0	CharlieHolbrow	
3194	1:36:58	1/1/2019 	5811232	19.00	16.00	6.88	12.08	96870.20	1836	0	CharlieHolbrow	
3195	1:37:01	1/1/2019 	5814679	21.00	32.00	6.77	12.08	96876.38	193731	0	CharlieHolbrow	
3196	1:37:02	1/1/2019 	5816046	19.00	12.00	6.87	12.08	96878.49	49816	0	CharlieHolbrow	
3197	1:37:03	1/1/2019 	5816370	44.00	517.00	6.14	12.08	96878.49	3952	1	CharlieHolbrow	
3198	1:37:04	1/1/2019 	5817637	24.00	99.00	6.64	12.08	96878.66	97783	1	CharlieHolbrow	
3199	1:37:06	1/1/2019 	5819935	28.00	180.00	6.49	12.08	96874.34	97785	1	CharlieHolbrow	
3200	1:37:07	1/1/2019 	5820597	19.00	9.00	6.87	12.08	96873.37	50558	0	CharlieHolbrow	
3201	1:37:08	1/1/2019 	5821798	26.00	138.00	6.57	12.08	96872.22	49808	1	CharlieHolbrow	
3202	1:37:08	1/1/2019 	5821820	20.00	15.00	6.82	12.08	96872.22	1837	0	CharlieHolbrow	
3203	1:37:09	1/1/2019 	5822181	19.00	10.00	6.87	12.08	96871.41	3950	0	CharlieHolbrow	
3204	1:37:09	1/1/2019 	5822272	18.00	9.00	6.93	12.08	96871.41	1836	0	CharlieHolbrow	
3205	1:37:09	1/1/2019 	5822969	18.00	9.00	6.93	12.08	96869.86	49808	0	CharlieHolbrow	
3206	1:37:11	1/1/2019 	5824366	19.00	10.00	6.87	12.08	96868.07	49807	0	CharlieHolbrow	
3207	1:37:11	1/1/2019 	5824773	27.00	128.00	6.51	12.08	96867.59	49809	0	CharlieHolbrow	
3208	1:37:12	1/1/2019 	5825192	25.00	104.00	6.59	12.08	96866.94	1836	0	CharlieHolbrow	
3209	1:37:12	1/1/2019 	5825287	19.00	9.00	6.87	12.08	96866.94	3808	0	CharlieHolbrow	
3210	1:37:12	1/1/2019 	5825405	23.00	46.00	6.67	12.08	96866.94	1834	0	CharlieHolbrow	
3211	1:37:15	1/1/2019 	5828064	24.00	97.00	6.64	12.08	96864.24	145753	1	CharlieHolbrow	
3212	1:37:15	1/1/2019 	5828131	52.00	651.00	6.12	12.08	96864.24	1838	0	CharlieHolbrow	
3213	1:37:16	1/1/2019 	5829487	22.00	48.00	6.72	12.08	96864.24	49809	0	CharlieHolbrow	
3214	1:37:18	1/1/2019 	5831643	28.00	189.00	6.50	12.07	96865.77	147729	0	CharlieHolbrow	
3215	1:37:19	1/1/2019 	5832288	21.00	36.00	6.78	12.07	96866.75	2584	0	CharlieHolbrow	
3216	1:37:20	1/1/2019 	5833055	18.00	9.00	6.93	12.07	96866.59	49808	0	CharlieHolbrow	
3217	1:37:20	1/1/2019 	5833321	19.00	8.00	6.86	12.07	96866.59	1835	0	CharlieHolbrow	
3218	1:37:25	1/1/2019 	5838656	18.00	9.00	6.93	12.07	96866.17	289672	0	CharlieHolbrow	
3219	1:37:28	1/1/2019 	5841131	25.00	124.00	6.61	12.07	96864.70	97782	1	CharlieHolbrow	
3220	1:37:29	1/1/2019 	5842192	32.00	261.00	6.36	12.07	96863.15	52680	1	CharlieHolbrow	
3221	1:37:30	1/1/2019 	5843845	31.00	221.00	6.38	12.07	96862.50	97783	1	CharlieHolbrow	
3222	1:37:32	1/1/2019 	5845850	18.00	9.00	6.93	12.07	96860.95	97784	0	CharlieHolbrow	
3223	1:37:35	1/1/2019 	5849026	32.00	260.00	6.36	12.07	96863.88	145759	1	CharlieHolbrow	
3224	1:37:36	1/1/2019 	5849283	18.00	9.00	6.93	12.07	96864.68	1841	0	CharlieHolbrow	
3225	1:37:36	1/1/2019 	5849565	21.00	14.00	6.76	12.07	96864.68	49809	0	CharlieHolbrow	
3226	1:37:37	1/1/2019 	5850752	24.00	95.00	6.64	12.06	96864.62	52683	0	CharlieHolbrow	
3227	1:37:38	1/1/2019 	5851172	24.00	94.00	6.64	12.06	96864.13	1840	1	CharlieHolbrow	
3228	1:37:39	1/1/2019 	5852370	18.00	9.00	6.93	12.06	96861.45	49808	0	CharlieHolbrow	
3229	1:37:41	1/1/2019 	5854645	31.00	227.00	6.38	12.06	96857.94	145756	1	CharlieHolbrow	
3230	1:37:42	1/1/2019 	5855992	23.00	65.00	6.68	12.06	96862.00	49811	0	CharlieHolbrow	
3231	1:37:43	1/1/2019 	5856437	35.00	319.00	6.28	12.06	96865.73	1837	0	CharlieHolbrow	
3232	1:37:44	1/1/2019 	5857940	31.00	252.00	6.39	12.06	96874.19	103173	1	CharlieHolbrow	
3233	1:37:45	1/1/2019 	5858586	21.00	29.00	6.77	12.06	96878.58	49810	0	CharlieHolbrow	
3234	1:37:45	1/1/2019 	5858835	20.00	23.00	6.83	12.06	96881.98	1836	1	CharlieHolbrow	
3235	1:37:46	1/1/2019 	5859071	11.00	9.00	7.45	12.06	96881.98	1835	0	CharlieHolbrow	
3236	1:37:46	1/1/2019 	5859447	19.00	9.00	6.87	12.06	96885.40	1835	1	CharlieHolbrow	
3237	1:37:47	1/1/2019 	5860168	20.00	22.00	6.83	12.06	96888.16	49807	0	CharlieHolbrow	
3238	1:37:48	1/1/2019 	5861590	18.00	9.00	6.93	12.06	96898.40	100669	0	CharlieHolbrow	
3239	1:37:49	1/1/2019 	5862284	25.00	114.00	6.60	12.06	96901.39	1837	1	CharlieHolbrow	
3240	1:37:50	1/1/2019 	5863617	17.00	9.00	7.00	12.06	96905.29	97785	0	CharlieHolbrow	
3241	1:37:50	1/1/2019 	5863624	19.00	9.00	6.87	12.06	96905.29	1836	0	CharlieHolbrow	
3242	1:37:50	1/1/2019 	5863708	19.00	9.00	6.87	12.06	96905.29	1834	0	CharlieHolbrow	
3243	1:37:51	1/1/2019 	5864770	25.00	108.00	6.60	12.06	96905.29	49808	0	CharlieHolbrow	
3244	1:37:52	1/1/2019 	5865499	19.00	11.00	6.87	12.06	96904.48	3809	0	CharlieHolbrow	
3245	1:37:52	1/1/2019 	5865549	55.00	895.00	6.23	12.06	96904.48	49836	1	CharlieHolbrow	
3246	1:37:52	1/1/2019 	5865655	18.00	9.00	6.93	12.06	96904.48	1836	0	CharlieHolbrow	
3247	1:37:54	1/1/2019 	5867242	19.00	10.00	6.87	12.05	96900.65	49809	0	CharlieHolbrow	
3248	1:37:55	1/1/2019 	5868097	20.00	19.00	6.82	12.05	96898.86	49810	0	CharlieHolbrow	
3249	1:37:56	1/1/2019 	5870037	20.00	15.00	6.82	12.05	96893.89	99756	0	CharlieHolbrow	
3250	1:37:58	1/1/2019 	5871838	35.00	320.00	6.28	12.05	96890.64	98532	1	CharlieHolbrow	
3251	1:37:59	1/1/2019 	5872467	22.00	53.00	6.73	12.05	96889.51	1836	0	CharlieHolbrow	
3252	1:37:59	1/1/2019 	5872726	54.00	847.00	6.20	12.05	96889.51	49810	0	CharlieHolbrow	
3253	1:38:00	1/1/2019 	5874036	24.00	99.00	6.64	12.05	96885.67	49809	1	CharlieHolbrow	
3254	1:38:01	1/1/2019 	5874204	18.00	9.00	6.93	12.05	96885.67	1836	0	CharlieHolbrow	
3255	1:38:01	1/1/2019 	5874639	19.00	9.00	6.87	12.05	96884.38	51928	0	CharlieHolbrow	
3256	1:38:03	1/1/2019 	5876149	22.00	73.00	6.73	12.05	96880.80	49815	0	CharlieHolbrow	
3257	1:38:06	1/1/2019 	5879226	19.00	10.00	6.87	12.05	96876.81	145758	0	CharlieHolbrow	
3258	1:38:07	1/1/2019 	5880263	29.00	205.00	6.46	12.04	96876.55	49810	1	CharlieHolbrow	
3259	1:38:07	1/1/2019 	5880832	18.00	9.00	6.93	12.04	96875.42	50560	0	CharlieHolbrow	
3260	1:38:08	1/1/2019 	5881087	18.00	9.00	6.93	12.04	96874.28	1835	0	CharlieHolbrow	
3261	1:38:09	1/1/2019 	5882891	18.00	8.00	6.93	12.04	96873.14	99898	0	CharlieHolbrow	
3262	1:38:11	1/1/2019 	5885024	18.00	8.00	6.93	12.04	96872.27	97783	0	CharlieHolbrow	
3263	1:38:13	1/1/2019 	5886982	18.00	9.00	6.93	12.04	96870.32	97784	0	CharlieHolbrow	
3264	1:38:14	1/1/2019 	5887430	18.00	9.00	6.93	12.04	96870.32	1835	0	CharlieHolbrow	
3265	1:38:16	1/1/2019 	5889350	19.00	9.00	6.87	12.04	96866.00	97783	0	CharlieHolbrow	
3266	1:38:16	1/1/2019 	5889624	26.00	122.00	6.56	12.04	96864.38	49813	1	CharlieHolbrow	
3267	1:38:17	1/1/2019 	5890431	26.00	123.00	6.56	12.04	96864.05	4709	0	CharlieHolbrow	
3268	1:38:17	1/1/2019 	5890721	27.00	118.00	6.51	12.04	96862.91	49809	0	CharlieHolbrow	
3269	1:38:18	1/1/2019 	5891121	23.00	77.00	6.68	12.04	96861.94	1836	1	CharlieHolbrow	
3270	1:38:21	1/1/2019 	5894697	18.00	9.00	6.93	12.04	96852.75	193729	0	CharlieHolbrow	
3271	1:38:23	1/1/2019 	5896736	18.00	9.00	6.93	12.04	96851.28	97784	0	CharlieHolbrow	
3272	1:38:24	1/1/2019 	5897447	37.00	380.00	6.25	12.04	96850.80	1836	1	CharlieHolbrow	
3273	1:38:25	1/1/2019 	5898620	21.00	38.00	6.78	12.03	96850.55	99810	1	CharlieHolbrow	
3274	1:38:27	1/1/2019 	5900796	19.00	9.00	6.87	12.03	96851.19	97783	0	CharlieHolbrow	
3275	1:38:27	1/1/2019 	5900927	23.00	59.00	6.67	12.03	96851.19	2583	1	CharlieHolbrow	
3276	1:38:28	1/1/2019 	5901907	18.00	9.00	6.93	12.03	96851.19	49806	0	CharlieHolbrow	
3277	1:38:29	1/1/2019 	5902749	18.00	9.00	6.93	12.03	96851.59	49808	0	CharlieHolbrow	
3278	1:38:32	1/1/2019 	5905130	20.00	13.00	6.81	12.03	96857.92	97781	0	CharlieHolbrow	
3279	1:38:33	1/1/2019 	5906280	26.00	131.00	6.56	12.03	96857.34	51925	1	CharlieHolbrow	
3280	1:38:33	1/1/2019 	5906433	21.00	28.00	6.77	12.03	96857.34	1837	1	CharlieHolbrow	
3281	1:38:36	1/1/2019 	5909413	19.00	21.00	6.89	12.03	96858.16	145756	0	CharlieHolbrow	
3282	1:38:36	1/1/2019 	5909856	20.00	17.00	6.82	12.03	96857.67	49811	0	CharlieHolbrow	
3283	1:38:37	1/1/2019 	5910238	25.00	123.00	6.61	12.03	96857.99	2778	0	CharlieHolbrow	
3284	1:38:38	1/1/2019 	5911548	18.00	9.00	6.93	12.03	96857.25	99899	0	CharlieHolbrow	
3285	1:38:39	1/1/2019 	5912477	24.00	10.00	6.59	12.03	96855.62	1839	0	CharlieHolbrow	
3286	1:38:39	1/1/2019 	5912730	21.00	24.00	6.77	12.03	96854.81	49813	0	CharlieHolbrow	
3287	1:38:39	1/1/2019 	5912758	19.00	5.00	6.86	12.03	96854.81	1836	0	CharlieHolbrow	
3288	1:38:40	1/1/2019 	5913075	22.00	65.00	6.73	12.03	96854.81	1834	1	CharlieHolbrow	
3289	1:38:41	1/1/2019 	5914571	18.00	9.00	6.93	12.02	96851.64	97782	0	CharlieHolbrow	
3290	1:38:42	1/1/2019 	5915375	20.00	30.00	6.83	12.02	96849.20	3862	0	CharlieHolbrow	
3291	1:38:42	1/1/2019 	5915893	20.00	52.00	6.84	12.02	96848.23	49810	1	CharlieHolbrow	
3292	1:38:43	1/1/2019 	5916679	20.00	18.00	6.82	12.02	96847.41	49810	0	CharlieHolbrow	
3293	1:38:43	1/1/2019 	5916853	18.00	9.00	6.93	12.02	96846.60	1837	0	CharlieHolbrow	
3294	1:38:44	1/1/2019 	5917711	18.00	10.00	6.93	12.02	96845.20	49808	0	CharlieHolbrow	
3295	1:38:45	1/1/2019 	5918270	22.00	50.00	6.72	12.02	96844.88	1836	0	CharlieHolbrow	
3296	1:38:47	1/1/2019 	5920299	18.00	9.00	6.93	12.02	96844.39	99756	0	CharlieHolbrow	
3297	1:38:47	1/1/2019 	5920344	20.00	13.00	6.81	12.02	96844.39	2779	0	CharlieHolbrow	
3298	1:38:47	1/1/2019 	5920407	46.00	554.00	6.13	12.02	96844.39	1835	0	CharlieHolbrow	
3299	1:38:47	1/1/2019 	5920609	21.00	21.00	6.77	12.02	96844.39	49810	0	CharlieHolbrow	
3300	1:38:47	1/1/2019 	5920668	43.00	466.00	6.14	12.02	96844.39	1835	0	CharlieHolbrow	
3301	1:38:48	1/1/2019 	5921691	18.00	9.00	6.93	12.02	96842.71	49809	0	CharlieHolbrow	
3302	1:38:48	1/1/2019 	5921735	18.00	106.00	7.01	12.02	96842.71	3952	0	CharlieHolbrow	
3303	1:38:48	1/1/2019 	5921935	18.00	9.00	6.93	12.02	96843.03	1835	0	CharlieHolbrow	
3304	1:38:50	1/1/2019 	5924030	25.00	113.00	6.60	12.02	96847.58	97781	0	CharlieHolbrow	
3305	1:38:51	1/1/2019 	5924329	24.00	106.00	6.65	12.02	96849.12	1836	1	CharlieHolbrow	
3306	1:38:53	1/1/2019 	5926747	19.00	9.00	6.87	12.02	96855.94	145754	0	CharlieHolbrow	
3307	1:38:53	1/1/2019 	5927043	21.00	27.00	6.77	12.02	96855.78	1836	0	CharlieHolbrow	
3308	1:38:54	1/1/2019 	5927342	30.00	214.00	6.42	12.02	96855.12	3811	0	CharlieHolbrow	
3309	1:38:55	1/1/2019 	5928103	18.00	9.00	6.93	12.02	96854.64	49813	0	CharlieHolbrow	
3310	1:38:55	1/1/2019 	5928107	18.00	9.00	6.93	12.02	96854.64	1836	0	CharlieHolbrow	
3311	1:38:55	1/1/2019 	5928317	19.00	9.00	6.87	12.01	96853.73	1835	0	CharlieHolbrow	
3312	1:38:55	1/1/2019 	5928385	19.00	9.00	6.87	12.01	96853.73	1834	0	CharlieHolbrow	
3313	1:38:55	1/1/2019 	5928548	24.00	98.00	6.64	12.01	96853.73	49808	0	CharlieHolbrow	
3314	1:38:55	1/1/2019 	5928583	19.00	9.00	6.87	12.01	96853.73	3808	0	CharlieHolbrow	
3315	1:38:55	1/1/2019 	5928866	18.00	9.00	6.93	12.01	96853.57	1835	0	CharlieHolbrow	
3316	1:38:55	1/1/2019 	5929042	18.00	9.00	6.93	12.01	96853.57	1836	0	CharlieHolbrow	
3317	1:38:57	1/1/2019 	5930588	31.00	242.00	6.39	12.01	96852.11	97782	1	CharlieHolbrow	
3318	1:38:58	1/1/2019 	5931434	18.00	9.00	6.93	12.01	96850.48	2779	0	CharlieHolbrow	
3319	1:38:59	1/1/2019 	5932158	18.00	9.00	6.93	12.01	96849.67	49808	0	CharlieHolbrow	
3320	1:38:59	1/1/2019 	5932392	20.00	15.00	6.82	12.01	96848.77	4025	0	CharlieHolbrow	
3321	1:39:03	1/1/2019 	5936099	39.00	427.00	6.22	12.01	96848.19	193728	1	CharlieHolbrow	
3322	1:39:03	1/1/2019 	5936291	18.00	9.00	6.93	12.01	96848.19	1836	0	CharlieHolbrow	
3323	1:39:07	1/1/2019 	5940468	18.00	8.00	6.93	12.01	96847.44	193730	0	CharlieHolbrow	
3324	1:39:08	1/1/2019 	5941068	18.00	9.00	6.93	12.00	96846.05	50754	0	CharlieHolbrow	
3325	1:39:08	1/1/2019 	5941989	25.00	100.00	6.59	12.00	96845.24	49810	1	CharlieHolbrow	
3326	1:39:09	1/1/2019 	5942741	19.00	13.00	6.88	12.00	96844.10	55405	0	CharlieHolbrow	
3327	1:39:10	1/1/2019 	5943078	18.00	9.00	6.93	12.00	96843.12	1839	0	CharlieHolbrow	
3328	1:39:10	1/1/2019 	5943182	18.00	9.00	6.93	12.00	96843.12	1843	0	CharlieHolbrow	
3329	1:39:10	1/1/2019 	5943217	20.00	10.00	6.81	12.00	96843.12	1841	0	CharlieHolbrow	
3330	1:39:12	1/1/2019 	5945268	18.00	9.00	6.93	12.00	96841.90	97785	0	CharlieHolbrow	
3331	1:39:12	1/1/2019 	5945722	32.00	244.00	6.35	12.00	96840.76	51801	0	CharlieHolbrow	
3332	1:39:13	1/1/2019 	5946414	41.00	444.00	6.18	12.00	96841.41	1835	1	CharlieHolbrow	
3333	1:39:14	1/1/2019 	5947282	19.00	16.00	6.88	12.00	96842.62	49811	0	CharlieHolbrow	
3334	1:39:15	1/1/2019 	5948330	18.00	10.00	6.93	12.00	96843.11	49811	0	CharlieHolbrow	
3335	1:39:15	1/1/2019 	5948571	38.00	383.00	6.22	12.00	96843.59	49811	1	CharlieHolbrow	
3336	1:39:15	1/1/2019 	5949035	19.00	9.00	6.87	12.00	96844.18	1836	0	CharlieHolbrow	
3337	1:39:17	1/1/2019 	5950837	28.00	168.00	6.49	12.00	96844.02	99775	0	CharlieHolbrow	
3338	1:39:18	1/1/2019 	5951240	27.00	182.00	6.54	12.00	96844.51	2780	1	CharlieHolbrow	
3339	1:39:19	1/1/2019 	5952306	19.00	9.00	6.87	11.99	96845.39	49809	0	CharlieHolbrow	
3340	1:39:19	1/1/2019 	5952380	18.00	9.00	6.93	11.99	96845.39	1835	0	CharlieHolbrow	
3341	1:39:19	1/1/2019 	5952489	30.00	227.00	6.42	11.99	96845.39	1834	1	CharlieHolbrow	
3342	1:39:20	1/1/2019 	5953181	23.00	73.00	6.68	11.99	96848.64	49810	0	CharlieHolbrow	
3343	1:39:20	1/1/2019 	5953913	35.00	316.00	6.28	11.99	96849.94	51922	1	CharlieHolbrow	
3344	1:39:21	1/1/2019 	5954844	26.00	148.00	6.57	11.99	96850.66	49809	1	CharlieHolbrow	
3345	1:39:22	1/1/2019 	5955685	54.00	934.00	6.33	11.99	96850.82	49811	0	CharlieHolbrow	
3346	1:39:23	1/1/2019 	5956496	24.00	97.00	6.64	11.99	96850.50	1836	0	CharlieHolbrow	
3347	1:39:25	1/1/2019 	5958630	18.00	9.00	6.93	11.99	96849.27	145756	0	CharlieHolbrow	
3348	1:39:25	1/1/2019 	5958695	26.00	124.00	6.56	11.99	96849.27	1835	0	CharlieHolbrow	
3349	1:39:26	1/1/2019 	5959172	25.00	113.00	6.60	11.99	96848.62	3859	1	CharlieHolbrow	
3350	1:39:26	1/1/2019 	5959882	18.00	9.00	6.93	11.99	96848.36	49809	0	CharlieHolbrow	
3351	1:39:27	1/1/2019 	5960089	19.00	19.00	6.88	11.99	96847.39	2778	0	CharlieHolbrow	
3352	1:39:29	1/1/2019 	5962061	18.00	9.00	6.93	11.99	96848.20	97783	0	CharlieHolbrow	
3353	1:39:29	1/1/2019 	5962368	18.00	9.00	6.93	11.98	96846.31	1835	0	CharlieHolbrow	
3354	1:39:29	1/1/2019 	5962736	23.00	72.00	6.68	11.98	96845.83	49810	0	CharlieHolbrow	
3355	1:39:30	1/1/2019 	5963416	20.00	30.00	6.83	11.98	96845.67	3951	0	CharlieHolbrow	
3356	1:39:30	1/1/2019 	5963727	19.00	9.00	6.87	11.98	96845.02	49811	0	CharlieHolbrow	
3357	1:39:31	1/1/2019 	5964078	18.00	9.00	6.93	11.98	96845.02	1834	0	CharlieHolbrow	
3358	1:39:32	1/1/2019 	5965159	21.00	44.00	6.78	11.98	96851.09	49810	1	CharlieHolbrow	
3359	1:39:32	1/1/2019 	5965344	23.00	40.00	6.67	11.98	96851.09	1836	0	CharlieHolbrow	
3360	1:39:33	1/1/2019 	5966085	22.00	50.00	6.72	11.98	96854.52	49809	0	CharlieHolbrow	
3361	1:39:33	1/1/2019 	5966261	18.00	9.00	6.93	11.98	96859.06	3809	0	CharlieHolbrow	
3362	1:39:34	1/1/2019 	5967150	18.00	9.00	6.93	11.98	96865.47	49809	0	CharlieHolbrow	
3363	1:39:41	1/1/2019 	5974983	18.00	9.00	6.93	11.97	96858.16	385622	0	CharlieHolbrow	
3364	1:39:42	1/1/2019 	5975485	20.00	21.00	6.82	11.97	96855.95	2780	0	CharlieHolbrow	
3365	1:39:42	1/1/2019 	5976044	19.00	12.00	6.87	11.97	96854.98	49810	0	CharlieHolbrow	
3366	1:39:43	1/1/2019 	5976590	18.00	9.00	6.93	11.97	96854.17	51978	0	CharlieHolbrow	
3367	1:39:44	1/1/2019 	5977423	28.00	185.00	6.50	11.97	96852.06	1835	1	CharlieHolbrow	
3368	1:39:45	1/1/2019 	5978735	18.00	9.00	6.93	11.97	96848.06	97784	0	CharlieHolbrow	
3369	1:39:47	1/1/2019 	5980389	25.00	122.00	6.61	11.97	96843.91	49811	1	CharlieHolbrow	
3370	1:39:47	1/1/2019 	5980927	26.00	129.00	6.56	11.97	96842.94	50753	1	CharlieHolbrow	
3371	1:39:52	1/1/2019 	5985065	18.00	9.00	6.93	11.96	96837.48	193731	0	CharlieHolbrow	
3372	1:39:52	1/1/2019 	5985992	18.00	9.00	6.93	11.96	96837.64	55320	0	CharlieHolbrow	
3373	1:39:53	1/1/2019 	5986240	22.00	63.00	6.73	11.96	96837.64	1834	0	CharlieHolbrow	
3374	1:39:53	1/1/2019 	5986425	19.00	9.00	6.87	11.96	96836.74	1836	0	CharlieHolbrow	
3375	1:39:53	1/1/2019 	5986995	19.00	11.00	6.87	11.96	96836.25	49808	0	CharlieHolbrow	
3376	1:39:54	1/1/2019 	5987146	19.00	11.00	6.87	11.96	96836.25	1835	0	CharlieHolbrow	
3377	1:39:54	1/1/2019 	5987205	18.00	9.00	6.93	11.96	96836.25	1835	0	CharlieHolbrow	
3378	1:39:54	1/1/2019 	5987418	36.00	326.00	6.25	11.96	96835.93	3806	0	CharlieHolbrow	
3379	1:39:54	1/1/2019 	5987789	19.00	9.00	6.87	11.96	96836.00	49809	0	CharlieHolbrow	
3380	1:39:57	1/1/2019 	5990105	24.00	93.00	6.64	11.96	96837.46	97783	0	CharlieHolbrow	
3381	1:39:59	1/1/2019 	5992120	18.00	9.00	6.93	11.96	96832.33	98728	0	CharlieHolbrow	
3382	1:40:01	1/1/2019 	5994148	18.00	9.00	6.93	11.96	96828.11	97783	0	CharlieHolbrow	
3383	1:40:02	1/1/2019 	5995762	30.00	225.00	6.42	11.96	96825.52	97784	0	CharlieHolbrow	
3384	1:40:03	1/1/2019 	5996596	14.00	9.00	7.21	11.95	96823.98	51926	0	CharlieHolbrow	
3385	1:40:05	1/1/2019 	5999007	19.00	9.00	6.87	11.95	96822.03	97783	0	CharlieHolbrow	
3386	1:40:06	1/1/2019 	5999342	28.00	169.00	6.49	11.95	96822.03	1837	0	CharlieHolbrow	
3387	1:40:06	1/1/2019 	5999850	25.00	93.00	6.59	11.95	96821.55	49811	0	CharlieHolbrow	
3388	1:40:06	1/1/2019 	5999894	18.00	9.00	6.93	11.95	96820.81	2778	0	CharlieHolbrow	
3389	1:40:06	1/1/2019 	5999898	38.00	361.00	6.21	11.95	96820.81	1836	1	CharlieHolbrow	
3390	1:40:07	1/1/2019 	6000221	24.00	103.00	6.64	11.95	96820.81	3951	1	CharlieHolbrow	
3391	1:40:08	1/1/2019 	6001086	23.00	92.00	6.69	11.95	96819.74	49810	1	CharlieHolbrow	
3392	1:40:09	1/1/2019 	6002086	18.00	9.00	6.93	11.95	96819.09	49809	0	CharlieHolbrow	
3393	1:40:09	1/1/2019 	6002162	34.00	310.00	6.31	11.95	96819.09	1835	1	CharlieHolbrow	
3394	1:40:12	1/1/2019 	6005960	21.00	39.00	6.78	11.95	96815.59	193731	1	CharlieHolbrow	
3395	1:40:13	1/1/2019 	6006174	18.00	9.00	6.93	11.95	96815.59	1836	0	CharlieHolbrow	
3396	1:40:13	1/1/2019 	6006601	18.00	9.00	6.93	11.95	96815.59	51782	0	CharlieHolbrow	
3397	1:40:13	1/1/2019 	6006614	27.00	134.00	6.52	11.95	96815.59	1834	0	CharlieHolbrow	
3398	1:40:13	1/1/2019 	6006992	19.00	9.00	6.87	11.95	96815.42	1835	0	CharlieHolbrow	
3399	1:40:14	1/1/2019 	6007499	19.00	9.00	6.87	11.95	96814.94	1834	0	CharlieHolbrow	
3400	1:40:14	1/1/2019 	6007566	20.00	10.00	6.81	11.95	96814.94	49837	0	CharlieHolbrow	
3401	1:40:18	1/1/2019 	6011050	40.00	415.00	6.19	11.94	96813.22	145759	1	CharlieHolbrow	
3402	1:40:18	1/1/2019 	6011862	33.00	300.00	6.34	11.94	96813.06	52878	1	CharlieHolbrow	
3403	1:40:19	1/1/2019 	6012336	36.00	341.00	6.26	11.94	96813.70	1836	1	CharlieHolbrow	
3404	1:40:21	1/1/2019 	6014709	32.00	268.00	6.36	11.94	96819.88	145759	0	CharlieHolbrow	
3405	1:40:22	1/1/2019 	6015136	18.00	9.00	6.93	11.94	96819.88	1844	0	CharlieHolbrow	
3406	1:40:23	1/1/2019 	6016242	49.00	621.00	6.13	11.94	96822.64	49814	1	CharlieHolbrow	
3407	1:40:23	1/1/2019 	6016439	26.00	108.00	6.55	11.94	96822.64	3810	0	CharlieHolbrow	
3408	1:40:24	1/1/2019 	6017468	18.00	9.00	6.93	11.94	96825.15	49809	0	CharlieHolbrow	
3409	1:40:24	1/1/2019 	6017863	32.00	245.00	6.35	11.94	96827.27	49808	1	CharlieHolbrow	
3410	1:40:25	1/1/2019 	6018655	18.00	9.00	6.93	11.94	96828.89	49810	0	CharlieHolbrow	
3411	1:40:25	1/1/2019 	6018831	20.00	11.00	6.81	11.94	96828.89	1835	0	CharlieHolbrow	
3412	1:40:26	1/1/2019 	6019257	26.00	122.00	6.56	11.94	96829.86	1835	1	CharlieHolbrow	
3413	1:40:26	1/1/2019 	6019683	18.00	9.00	6.93	11.94	96830.67	51782	0	CharlieHolbrow	
3414	1:40:28	1/1/2019 	6021393	18.00	9.00	6.93	11.94	96831.65	50752	0	CharlieHolbrow	
3415	1:40:28	1/1/2019 	6021488	37.00	368.00	6.24	11.94	96831.65	1836	0	CharlieHolbrow	
3416	1:40:28	1/1/2019 	6021623	19.00	9.00	6.87	11.94	96831.00	49808	0	CharlieHolbrow	
3417	1:40:29	1/1/2019 	6022759	18.00	11.00	6.94	11.94	96829.28	49807	0	CharlieHolbrow	
3418	1:40:31	1/1/2019 	6024576	19.00	15.00	6.88	11.94	96832.36	97782	0	CharlieHolbrow	
3419	1:40:32	1/1/2019 	6025276	34.00	304.00	6.30	11.94	96835.12	3953	1	CharlieHolbrow	
3420	1:40:32	1/1/2019 	6025391	46.00	545.00	6.12	11.94	96835.12	1844	1	CharlieHolbrow	
3421	1:40:32	1/1/2019 	6025703	27.00	140.00	6.52	11.94	96837.41	49814	1	CharlieHolbrow	
3422	1:40:33	1/1/2019 	6026406	24.00	88.00	6.63	11.94	96841.70	1837	0	CharlieHolbrow	
3423	1:40:33	1/1/2019 	6026590	25.00	73.00	6.58	11.94	96841.70	49810	0	CharlieHolbrow	
3424	1:40:34	1/1/2019 	6027490	21.00	50.00	6.78	11.94	96852.75	1835	1	CharlieHolbrow	
3425	1:40:34	1/1/2019 	6027588	25.00	78.00	6.58	11.94	96852.75	51782	0	CharlieHolbrow	
3426	1:40:34	1/1/2019 	6027615	18.00	9.00	6.93	11.94	96856.16	1836	0	CharlieHolbrow	
3427	1:40:34	1/1/2019 	6027626	26.00	113.00	6.55	11.94	96856.16	1836	0	CharlieHolbrow	
3428	1:40:34	1/1/2019 	6027804	20.00	13.00	6.81	11.94	96856.16	1836	0	CharlieHolbrow	
3429	1:40:35	1/1/2019 	6028443	31.00	242.00	6.39	11.93	96859.31	1834	1	CharlieHolbrow	
3430	1:40:38	1/1/2019 	6031092	18.00	9.00	6.93	11.93	96861.09	145761	0	CharlieHolbrow	
3431	1:40:40	1/1/2019 	6033493	18.00	9.00	6.93	11.93	96856.71	100843	0	CharlieHolbrow	
3432	1:40:43	1/1/2019 	6036120	19.00	17.00	6.88	11.93	96849.02	145759	0	CharlieHolbrow	
3433	1:40:43	1/1/2019 	6036402	18.00	9.00	6.93	11.93	96847.72	1836	0	CharlieHolbrow	
3434	1:40:44	1/1/2019 	6037706	26.00	130.00	6.56	11.93	96845.44	97783	1	CharlieHolbrow	
3435	1:40:44	1/1/2019 	6037775	23.00	74.00	6.68	11.93	96845.44	1837	1	CharlieHolbrow	
3436	1:40:45	1/1/2019 	6038310	40.00	436.00	6.19	11.93	96844.95	1835	1	CharlieHolbrow	
3437	1:40:46	1/1/2019 	6039330	21.00	36.00	6.78	11.93	96844.14	51783	0	CharlieHolbrow	
3438	1:40:46	1/1/2019 	6039936	18.00	9.00	6.93	11.93	96843.66	49810	0	CharlieHolbrow	
3439	1:40:50	1/1/2019 	6043977	25.00	106.00	6.60	11.93	96847.55	194673	1	CharlieHolbrow	
3440	1:40:53	1/1/2019 	6046203	47.00	578.00	6.13	11.93	96848.11	97787	0	CharlieHolbrow	
3441	1:40:54	1/1/2019 	6047144	18.00	9.00	6.93	11.93	96847.14	49811	0	CharlieHolbrow	
3442	1:40:56	1/1/2019 	6049347	25.00	113.00	6.60	11.93	96847.20	99955	1	CharlieHolbrow	
3443	1:40:56	1/1/2019 	6050033	19.00	13.00	6.88	11.93	96847.20	49811	0	CharlieHolbrow	
3444	1:40:59	1/1/2019 	6052463	18.00	9.00	6.93	11.92	96850.84	98726	0	CharlieHolbrow	
3445	1:40:59	1/1/2019 	6053098	26.00	116.00	6.55	11.92	96851.66	49809	1	CharlieHolbrow	
3446	1:41:00	1/1/2019 	6053865	18.00	9.00	6.93	11.92	96852.31	49811	0	CharlieHolbrow	
3447	1:41:01	1/1/2019 	6054594	24.00	100.00	6.64	11.92	96852.31	49810	1	CharlieHolbrow	
3448	1:41:02	1/1/2019 	6055151	19.00	13.00	6.88	11.92	96852.64	3952	0	CharlieHolbrow	
3449	1:41:02	1/1/2019 	6055490	22.00	56.00	6.73	11.92	96852.47	1835	1	CharlieHolbrow	
3450	1:41:02	1/1/2019 	6055681	22.00	46.00	6.72	11.92	96852.47	49810	0	CharlieHolbrow	
3451	1:41:04	1/1/2019 	6057488	18.00	9.00	6.93	11.92	96851.89	49810	0	CharlieHolbrow	
3452	1:41:04	1/1/2019 	6057664	26.00	116.00	6.55	11.92	96851.89	49810	0	CharlieHolbrow	
3453	1:41:04	1/1/2019 	6057814	23.00	66.00	6.68	11.92	96851.89	1836	1	CharlieHolbrow	
3454	1:41:05	1/1/2019 	6058238	18.00	9.00	6.93	11.92	96852.88	3811	0	CharlieHolbrow	
3455	1:41:05	1/1/2019 	6059002	18.00	9.00	6.93	11.92	96854.33	49815	0	CharlieHolbrow	
3456	1:41:06	1/1/2019 	6059280	18.00	9.00	6.93	11.92	96854.33	1835	0	CharlieHolbrow	
3457	1:41:06	1/1/2019 	6060051	18.00	9.00	6.93	11.92	96854.17	49810	0	CharlieHolbrow	
3458	1:41:07	1/1/2019 	6060657	18.00	9.00	6.93	11.92	96853.52	50753	0	CharlieHolbrow	
3459	1:41:08	1/1/2019 	6061293	18.00	9.00	6.93	11.92	96853.36	1835	0	CharlieHolbrow	
3460	1:41:08	1/1/2019 	6061772	18.00	9.00	6.93	11.92	96852.88	51982	0	CharlieHolbrow	
3461	1:41:09	1/1/2019 	6062784	25.00	126.00	6.61	11.92	96851.89	49814	1	CharlieHolbrow	
3462	1:41:12	1/1/2019 	6065549	21.00	48.00	6.78	11.92	96850.11	145760	0	CharlieHolbrow	
3463	1:41:12	1/1/2019 	6065846	19.00	10.00	6.87	11.92	96850.11	1837	0	CharlieHolbrow	
3464	1:41:13	1/1/2019 	6066764	20.00	54.00	6.84	11.92	96849.37	49810	0	CharlieHolbrow	
3465	1:41:14	1/1/2019 	6067431	18.00	9.00	6.93	11.92	96848.55	1836	0	CharlieHolbrow	
3466	1:41:14	1/1/2019 	6067810	37.00	354.00	6.24	11.92	96848.23	51726	0	CharlieHolbrow	
3467	1:41:16	1/1/2019 	6070088	39.00	413.00	6.21	11.92	96846.12	97784	1	CharlieHolbrow	
3468	1:41:16	1/1/2019 	6070115	19.00	9.00	6.87	11.92	96846.12	2583	0	CharlieHolbrow	
3469	1:41:16	1/1/2019 	6070117	25.00	87.00	6.58	11.92	96846.12	1834	0	CharlieHolbrow	
3470	1:41:19	1/1/2019 	6072795	18.00	9.00	6.93	11.92	96845.62	145751	0	CharlieHolbrow	
3471	1:41:21	1/1/2019 	6075084	18.00	9.00	6.93	11.92	96853.09	97784	0	CharlieHolbrow	
3472	1:41:25	1/1/2019 	6078151	18.00	9.00	6.93	11.92	96857.16	149060	0	CharlieHolbrow	
3473	1:41:25	1/1/2019 	6078683	18.00	9.00	6.93	11.92	96859.77	49808	0	CharlieHolbrow	
3474	1:41:28	1/1/2019 	6081767	19.00	11.00	6.87	11.92	96866.33	145751	0	CharlieHolbrow	
3475	1:41:29	1/1/2019 	6082691	20.00	27.00	6.83	11.92	96865.67	50558	0	CharlieHolbrow	
3476	1:41:29	1/1/2019 	6082824	32.00	254.00	6.35	11.92	96865.67	1836	1	CharlieHolbrow	
3477	1:41:30	1/1/2019 	6083566	21.00	40.00	6.78	11.92	96865.52	51924	1	CharlieHolbrow	
3478	1:41:32	1/1/2019 	6086025	18.00	9.00	6.93	11.91	96857.95	97782	0	CharlieHolbrow	
3479	1:41:36	1/1/2019 	6089444	19.00	10.00	6.87	11.91	96851.30	145755	0	CharlieHolbrow	
3480	1:41:37	1/1/2019 	6090392	18.00	9.00	6.93	11.91	96849.34	49810	0	CharlieHolbrow	
3481	1:41:37	1/1/2019 	6091097	19.00	9.00	6.87	11.91	96848.53	50556	0	CharlieHolbrow	
3482	1:41:38	1/1/2019 	6091406	30.00	228.00	6.42	11.91	96848.20	1835	1	CharlieHolbrow	
3483	1:41:38	1/1/2019 	6091599	20.00	12.00	6.81	11.91	96848.20	51924	0	CharlieHolbrow	
3484	1:41:41	1/1/2019 	6094429	22.00	62.00	6.73	11.91	96849.90	97783	1	CharlieHolbrow	
3485	1:41:41	1/1/2019 	6094720	26.00	96.00	6.54	11.91	96850.22	49808	0	CharlieHolbrow	
3486	1:41:42	1/1/2019 	6095648	18.00	9.00	6.93	11.91	96850.88	49811	0	CharlieHolbrow	
3487	1:41:42	1/1/2019 	6095870	23.00	73.00	6.68	11.91	96851.36	1840	1	CharlieHolbrow	
3488	1:41:45	1/1/2019 	6098769	18.00	10.00	6.93	11.91	96852.17	145756	0	CharlieHolbrow	
3489	1:41:45	1/1/2019 	6098852	19.00	8.00	6.86	11.91	96852.17	3809	0	CharlieHolbrow	
3490	1:41:46	1/1/2019 	6099871	23.00	62.00	6.67	11.91	96850.55	49809	1	CharlieHolbrow	
3491	1:41:46	1/1/2019 	6100075	27.00	138.00	6.52	11.91	96850.55	2584	1	CharlieHolbrow	
3492	1:41:50	1/1/2019 	6103645	26.00	128.00	6.56	11.91	96843.08	193731	0	CharlieHolbrow	
3493	1:41:51	1/1/2019 	6104993	20.00	20.00	6.82	11.91	96840.97	49810	0	CharlieHolbrow	
3494	1:41:51	1/1/2019 	6105077	20.00	12.00	6.81	11.91	96840.97	1836	0	CharlieHolbrow	
3495	1:41:52	1/1/2019 	6105140	18.00	9.00	6.93	11.91	96840.97	3950	0	CharlieHolbrow	
3496	1:41:52	1/1/2019 	6105992	28.00	138.00	6.47	11.91	96839.67	49809	0	CharlieHolbrow	
3497	1:41:52	1/1/2019 	6105995	19.00	9.00	6.87	11.91	96839.67	1836	0	CharlieHolbrow	
3498	1:41:53	1/1/2019 	6106481	28.00	179.00	6.49	11.91	96839.44	1836	0	CharlieHolbrow	
3499	1:41:55	1/1/2019 	6108183	24.00	92.00	6.64	11.91	96839.77	97782	0	CharlieHolbrow	
3500	1:41:55	1/1/2019 	6109011	19.00	9.00	6.87	11.91	96840.58	49810	0	CharlieHolbrow	
3501	1:41:55	1/1/2019 	6109095	27.00	129.00	6.51	11.91	96840.58	3808	1	CharlieHolbrow	
3502	1:41:56	1/1/2019 	6109319	21.00	46.00	6.78	11.91	96841.06	1835	0	CharlieHolbrow	
3503	1:41:57	1/1/2019 	6110617	18.00	9.00	6.93	11.91	96843.40	97783	0	CharlieHolbrow	
3504	1:41:57	1/1/2019 	6110653	22.00	49.00	6.72	11.91	96843.40	2583	0	CharlieHolbrow	
3505	1:41:59	1/1/2019 	6112372	43.00	455.00	6.14	11.91	96847.30	49810	1	CharlieHolbrow	
3506	1:42:00	1/1/2019 	6113847	18.00	9.00	6.93	11.91	96853.31	97784	0	CharlieHolbrow	
3507	1:42:03	1/1/2019 	6117070	18.00	9.00	6.93	11.91	96862.08	147926	0	CharlieHolbrow	
3508	1:42:04	1/1/2019 	6117172	19.00	22.00	6.89	11.91	96862.08	1836	0	CharlieHolbrow	
3509	1:42:04	1/1/2019 	6118108	18.00	8.00	6.93	11.91	96863.88	49812	0	CharlieHolbrow	
3510	1:42:05	1/1/2019 	6118223	22.00	47.00	6.72	11.91	96863.88	1841	0	CharlieHolbrow	
3511	1:42:05	1/1/2019 	6118492	20.00	20.00	6.82	11.91	96864.52	1840	0	CharlieHolbrow	
3512	1:42:08	1/1/2019 	6121236	19.00	15.00	6.88	11.91	96873.39	145759	0	CharlieHolbrow	
3513	1:42:09	1/1/2019 	6122466	19.00	15.00	6.88	11.91	96881.83	56187	0	CharlieHolbrow	
3514	1:42:12	1/1/2019 	6125790	20.00	21.00	6.82	11.91	96883.36	193734	0	CharlieHolbrow	
3515	1:42:13	1/1/2019 	6126879	18.00	9.00	6.93	11.91	96880.93	49813	0	CharlieHolbrow	
3516	1:42:14	1/1/2019 	6127397	25.00	126.00	6.61	11.91	96879.30	1836	1	CharlieHolbrow	
3517	1:42:14	1/1/2019 	6127706	19.00	8.00	6.86	11.91	96877.35	49810	0	CharlieHolbrow	
3518	1:42:18	1/1/2019 	6131250	18.00	9.00	6.93	11.91	96862.19	147728	0	CharlieHolbrow	
3519	1:42:18	1/1/2019 	6131882	26.00	119.00	6.55	11.91	96859.75	50556	0	CharlieHolbrow	
3520	1:42:18	1/1/2019 	6132051	20.00	15.00	6.82	11.91	96857.31	1835	0	CharlieHolbrow	
3521	1:42:19	1/1/2019 	6132226	18.00	9.00	6.93	11.91	96857.31	1834	0	CharlieHolbrow	
3522	1:42:21	1/1/2019 	6134630	20.00	21.00	6.82	11.91	96847.14	145754	0	CharlieHolbrow	
3523	1:42:22	1/1/2019 	6135153	31.00	253.00	6.39	11.90	96844.78	1836	0	CharlieHolbrow	
3524	1:42:24	1/1/2019 	6137876	19.00	9.00	6.87	11.90	96836.89	147869	0	CharlieHolbrow	
3525	1:42:24	1/1/2019 	6138116	21.00	22.00	6.77	11.90	96836.08	1835	0	CharlieHolbrow	
3526	1:42:25	1/1/2019 	6138615	20.00	15.00	6.82	11.90	96834.94	49808	0	CharlieHolbrow	
3527	1:42:27	1/1/2019 	6140363	18.00	9.00	6.93	11.90	96832.25	49809	0	CharlieHolbrow	
3528	1:42:28	1/1/2019 	6141151	19.00	11.00	6.87	11.90	96830.69	50556	0	CharlieHolbrow	
3529	1:42:29	1/1/2019 	6142157	19.00	11.00	6.87	11.90	96830.05	49809	0	CharlieHolbrow	
3530	1:42:30	1/1/2019 	6143674	21.00	57.00	6.78	11.89	96829.30	99898	0	CharlieHolbrow	
3531	1:42:32	1/1/2019 	6145811	24.00	99.00	6.64	11.89	96829.62	97784	0	CharlieHolbrow	
3532	1:42:32	1/1/2019 	6146096	18.00	9.00	6.93	11.89	96829.05	1841	0	CharlieHolbrow	
3533	1:42:33	1/1/2019 	6146218	22.00	68.00	6.73	11.89	96829.05	1835	0	CharlieHolbrow	
3534	1:42:34	1/1/2019 	6147355	18.00	8.00	6.93	11.89	96829.38	49813	0	CharlieHolbrow	
3535	1:42:34	1/1/2019 	6147672	18.00	11.00	6.94	11.89	96829.53	49813	0	CharlieHolbrow	
3536	1:42:35	1/1/2019 	6148234	33.00	272.00	6.32	11.89	96829.28	3808	1	CharlieHolbrow	
3537	1:42:38	1/1/2019 	6151240	15.00	9.00	7.14	11.89	96829.44	145758	0	CharlieHolbrow	
3538	1:42:38	1/1/2019 	6152062	18.00	9.00	6.93	11.89	96829.38	50558	0	CharlieHolbrow	
3539	1:42:39	1/1/2019 	6152186	18.00	9.00	6.93	11.89	96829.55	1835	0	CharlieHolbrow	
3540	1:42:40	1/1/2019 	6153164	42.00	474.00	6.16	11.89	96830.03	49810	0	CharlieHolbrow	
3541	1:42:41	1/1/2019 	6154843	18.00	9.00	6.93	11.88	96829.77	97784	0	CharlieHolbrow	
3542	1:42:42	1/1/2019 	6155486	21.00	44.00	6.78	11.88	96829.94	3951	1	CharlieHolbrow	
3543	1:42:42	1/1/2019 	6155696	19.00	7.00	6.86	11.88	96830.27	49810	0	CharlieHolbrow	
3544	1:42:43	1/1/2019 	6156192	18.00	9.00	6.93	11.88	96830.01	1834	0	CharlieHolbrow	
3545	1:42:43	1/1/2019 	6156456	39.00	369.00	6.19	11.88	96830.01	1835	1	CharlieHolbrow	
3546	1:42:43	1/1/2019 	6156596	18.00	9.00	6.93	11.88	96830.01	49809	0	CharlieHolbrow	
3547	1:42:43	1/1/2019 	6156705	18.00	9.00	6.93	11.88	96830.17	1835	0	CharlieHolbrow	
3548	1:42:43	1/1/2019 	6156722	18.00	9.00	6.93	11.88	96830.17	3807	0	CharlieHolbrow	
3549	1:42:43	1/1/2019 	6156863	22.00	35.00	6.72	11.88	96830.17	1834	0	CharlieHolbrow	
3550	1:42:43	1/1/2019 	6156991	18.00	9.00	6.93	11.88	96830.17	1835	0	CharlieHolbrow	
3551	1:42:44	1/1/2019 	6158017	19.00	9.00	6.87	11.88	96830.50	49807	0	CharlieHolbrow	
3552	1:42:45	1/1/2019 	6158695	18.00	9.00	6.93	11.88	96830.56	49809	0	CharlieHolbrow	
3553	1:42:46	1/1/2019 	6160093	18.00	9.00	6.93	11.88	96830.56	49808	0	CharlieHolbrow	
3554	1:42:47	1/1/2019 	6160759	22.00	62.00	6.73	11.88	96830.89	52702	0	CharlieHolbrow	
3555	1:42:47	1/1/2019 	6160912	27.00	133.00	6.52	11.88	96830.89	1837	1	CharlieHolbrow	
3556	1:42:48	1/1/2019 	6161371	22.00	65.00	6.73	11.88	96830.80	1835	1	CharlieHolbrow	
3557	1:42:48	1/1/2019 	6162021	18.00	9.00	6.93	11.88	96830.80	49807	0	CharlieHolbrow	
3558	1:42:49	1/1/2019 	6162740	20.00	29.00	6.83	11.88	96831.12	49809	0	CharlieHolbrow	
3559	1:42:50	1/1/2019 	6163651	19.00	10.00	6.87	11.88	96831.12	57524	0	CharlieHolbrow	
3560	1:42:52	1/1/2019 	6165913	18.00	9.00	6.93	11.87	96831.35	97786	0	CharlieHolbrow	
3561	1:42:53	1/1/2019 	6166688	20.00	22.00	6.83	11.87	96831.35	49808	0	CharlieHolbrow	
3562	1:42:53	1/1/2019 	6166761	18.00	9.00	6.93	11.87	96831.68	1836	0	CharlieHolbrow	
3563	1:42:53	1/1/2019 	6166887	18.00	9.00	6.93	11.87	96831.68	1834	0	CharlieHolbrow	
3564	1:42:54	1/1/2019 	6167722	18.00	9.00	6.93	11.87	96831.27	49808	0	CharlieHolbrow	
3565	1:42:54	1/1/2019 	6167944	19.00	13.00	6.88	11.87	96831.59	3807	0	CharlieHolbrow	
3566	1:42:54	1/1/2019 	6168107	19.00	13.00	6.88	11.87	96831.59	1835	0	CharlieHolbrow	
3567	1:42:56	1/1/2019 	6169199	18.00	9.00	6.93	11.87	96832.07	49809	0	CharlieHolbrow	
3568	1:42:56	1/1/2019 	6169399	18.00	7.00	6.93	11.87	96832.40	1835	0	CharlieHolbrow	
3569	1:42:56	1/1/2019 	6169486	18.00	9.00	6.93	11.87	96832.40	1834	0	CharlieHolbrow	
3570	1:42:56	1/1/2019 	6170026	18.00	9.00	6.93	11.87	96832.72	49808	0	CharlieHolbrow	
3571	1:42:56	1/1/2019 	6170044	20.00	19.00	6.82	11.87	96832.72	4706	0	CharlieHolbrow	
3572	1:42:57	1/1/2019 	6170674	18.00	9.00	6.93	11.87	96832.89	49808	0	CharlieHolbrow	
3573	1:42:57	1/1/2019 	6171049	18.00	9.00	6.93	11.87	96832.89	1835	0	CharlieHolbrow	
3574	1:42:57	1/1/2019 	6171092	18.00	9.00	6.93	11.87	96832.89	1835	0	CharlieHolbrow	
3575	1:42:58	1/1/2019 	6171284	22.00	57.00	6.73	11.87	96832.89	1834	0	CharlieHolbrow	
3576	1:42:59	1/1/2019 	6172813	18.00	9.00	6.93	11.87	96832.80	97783	0	CharlieHolbrow	
3577	1:43:01	1/1/2019 	6175060	18.00	9.00	6.93	11.87	96833.44	99754	0	CharlieHolbrow	
3578	1:43:02	1/1/2019 	6175192	18.00	9.00	6.93	11.87	96833.44	1835	0	CharlieHolbrow	
3579	1:43:03	1/1/2019 	6176632	27.00	136.00	6.52	11.87	96833.77	97783	1	CharlieHolbrow	
3580	1:43:04	1/1/2019 	6177442	18.00	9.00	6.93	11.87	96834.00	1836	0	CharlieHolbrow	
3581	1:43:05	1/1/2019 	6178370	18.00	9.00	6.93	11.87	96833.52	49807	0	CharlieHolbrow	
3582	1:43:06	1/1/2019 	6179600	18.00	9.00	6.93	11.87	96833.52	97782	0	CharlieHolbrow	
3583	1:43:07	1/1/2019 	6180567	19.00	12.00	6.87	11.87	96833.52	52679	0	CharlieHolbrow	
3584	1:43:08	1/1/2019 	6181366	18.00	9.00	6.93	11.87	96833.67	1836	0	CharlieHolbrow	
3585	1:43:08	1/1/2019 	6181491	21.00	17.00	6.76	11.87	96834.00	1836	0	CharlieHolbrow	
3586	1:43:08	1/1/2019 	6181713	19.00	9.00	6.87	11.87	96834.00	49807	0	CharlieHolbrow	
3587	1:43:10	1/1/2019 	6183250	18.00	9.00	6.93	11.87	96834.48	49808	0	CharlieHolbrow	
3588	1:43:10	1/1/2019 	6183804	18.00	6.00	6.92	11.87	96834.81	49808	0	CharlieHolbrow	
3589	1:43:11	1/1/2019 	6184996	31.00	233.00	6.38	11.87	96835.46	51780	0	CharlieHolbrow	
3590	1:43:13	1/1/2019 	6186974	26.00	120.00	6.56	11.87	96835.78	97784	0	CharlieHolbrow	
3591	1:43:17	1/1/2019 	6190922	18.00	9.00	6.93	11.86	96836.05	193729	0	CharlieHolbrow	
3592	1:43:17	1/1/2019 	6191015	18.00	9.00	6.93	11.86	96835.47	2583	0	CharlieHolbrow	
3593	1:43:18	1/1/2019 	6191477	18.00	8.00	6.93	11.86	96835.62	1836	1	CharlieHolbrow	
3594	1:43:18	1/1/2019 	6191597	19.00	9.00	6.87	11.86	96835.62	49813	0	CharlieHolbrow	
3595	1:43:22	1/1/2019 	6195953	18.00	8.00	6.93	11.86	96836.77	195844	0	CharlieHolbrow	
3596	1:43:23	1/1/2019 	6196341	20.00	23.00	6.83	11.86	96836.94	1836	1	CharlieHolbrow	
3597	1:43:23	1/1/2019 	6196694	18.00	9.00	6.93	11.86	96836.94	49809	0	CharlieHolbrow	
3598	1:43:23	1/1/2019 	6196915	18.00	9.00	6.93	11.86	96836.94	1834	0	CharlieHolbrow	
3599	1:43:25	1/1/2019 	6198158	18.00	9.00	6.93	11.86	96837.16	49806	0	CharlieHolbrow	
3600	1:43:25	1/1/2019 	6198724	20.00	9.00	6.81	11.86	96837.48	49807	0	CharlieHolbrow	
3601	1:43:26	1/1/2019 	6199426	19.00	12.00	6.87	11.86	96837.66	3808	0	CharlieHolbrow	
3602	1:43:27	1/1/2019 	6200553	19.00	9.00	6.87	11.86	96838.30	97781	0	CharlieHolbrow	
3603	1:43:29	1/1/2019 	6202175	19.00	9.00	6.87	11.86	96838.47	50555	0	CharlieHolbrow	
3604	1:43:30	1/1/2019 	6203351	22.00	72.00	6.73	11.86	96838.38	49810	1	CharlieHolbrow	
3605	1:43:30	1/1/2019 	6203708	18.00	9.00	6.93	11.86	96838.38	49817	0	CharlieHolbrow	
3606	1:43:30	1/1/2019 	6204004	26.00	121.00	6.56	11.86	96838.38	3957	0	CharlieHolbrow	
3607	1:43:31	1/1/2019 	6204775	23.00	87.00	6.69	11.86	96838.70	49812	0	CharlieHolbrow	
3608	1:43:33	1/1/2019 	6207055	19.00	9.00	6.87	11.86	96838.86	97782	0	CharlieHolbrow	
3609	1:43:35	1/1/2019 	6208186	21.00	43.00	6.78	11.85	96838.44	49807	1	CharlieHolbrow	
3610	1:43:36	1/1/2019 	6209465	18.00	8.00	6.93	11.85	96838.44	49808	0	CharlieHolbrow	
3611	1:43:36	1/1/2019 	6209642	28.00	164.00	6.49	11.85	96838.60	49808	1	CharlieHolbrow	
3612	1:43:36	1/1/2019 	6209667	28.00	119.00	6.46	11.85	96838.60	4705	0	CharlieHolbrow	
3613	1:43:36	1/1/2019 	6210090	19.00	11.00	6.87	11.85	96838.60	1836	1	CharlieHolbrow	
3614	1:43:37	1/1/2019 	6211051	32.00	244.00	6.35	11.85	96838.60	49809	0	CharlieHolbrow	
3615	1:43:38	1/1/2019 	6211365	19.00	9.00	6.87	11.85	96838.93	1837	0	CharlieHolbrow	
3616	1:43:39	1/1/2019 	6212145	19.00	11.00	6.87	11.85	96839.25	49808	0	CharlieHolbrow	
3617	1:43:39	1/1/2019 	6212171	32.00	233.00	6.35	11.85	96839.25	1835	1	CharlieHolbrow	
3618	1:43:39	1/1/2019 	6212409	24.00	59.00	6.62	11.85	96839.25	3807	1	CharlieHolbrow	
3619	1:43:39	1/1/2019 	6212683	18.00	9.00	6.93	11.85	96839.42	49807	0	CharlieHolbrow	
3620	1:43:40	1/1/2019 	6213637	18.00	9.00	6.93	11.85	96839.58	49807	0	CharlieHolbrow	
3621	1:43:40	1/1/2019 	6213698	18.00	9.00	6.93	11.85	96839.91	1835	0	CharlieHolbrow	
3622	1:43:41	1/1/2019 	6214444	18.00	9.00	6.93	11.85	96840.23	1834	0	CharlieHolbrow	
3623	1:43:42	1/1/2019 	6215270	23.00	76.00	6.68	11.85	96840.39	49807	1	CharlieHolbrow	
3624	1:43:42	1/1/2019 	6215553	25.00	97.00	6.59	11.85	96840.39	51782	1	CharlieHolbrow	
3625	1:43:42	1/1/2019 	6215593	41.00	448.00	6.18	11.85	96840.39	1837	1	CharlieHolbrow	
3626	1:43:42	1/1/2019 	6215697	39.00	375.00	6.20	11.85	96840.23	1835	1	CharlieHolbrow	
3627	1:43:43	1/1/2019 	6216152	18.00	9.00	6.93	11.85	96840.23	1836	0	CharlieHolbrow	
3628	1:43:43	1/1/2019 	6216257	25.00	96.00	6.59	11.85	96840.72	1835	0	CharlieHolbrow	
3629	1:43:43	1/1/2019 	6216810	19.00	9.00	6.87	11.85	96840.72	49807	0	CharlieHolbrow	
3630	1:43:44	1/1/2019 	6217854	53.00	788.00	6.17	11.85	96841.20	51780	0	CharlieHolbrow	
3631	1:43:46	1/1/2019 	6219961	33.00	293.00	6.33	11.85	96841.85	97782	1	CharlieHolbrow	
3632	1:43:47	1/1/2019 	6221074	24.00	96.00	6.64	11.85	96841.85	50557	0	CharlieHolbrow	
3633	1:43:48	1/1/2019 	6221858	18.00	9.00	6.93	11.85	96841.85	49809	0	CharlieHolbrow	
3634	1:43:48	1/1/2019 	6221917	33.00	228.00	6.31	11.85	96841.85	1835	0	CharlieHolbrow	
3635	1:43:53	1/1/2019 	6226339	20.00	30.00	6.83	11.85	96842.25	193727	1	CharlieHolbrow	
3636	1:43:53	1/1/2019 	6226750	35.00	278.00	6.26	11.85	96842.58	51924	0	CharlieHolbrow	
3637	1:43:54	1/1/2019 	6227123	18.00	9.00	6.93	11.85	96842.58	1835	0	CharlieHolbrow	
3638	1:43:56	1/1/2019 	6229901	19.00	4.00	6.85	11.85	96843.22	145750	0	CharlieHolbrow	
3639	1:43:57	1/1/2019 	6230189	19.00	18.00	6.88	11.85	96843.22	2582	0	CharlieHolbrow	
3640	1:43:57	1/1/2019 	6230402	18.00	8.00	6.93	11.85	96843.22	1836	0	CharlieHolbrow	
3641	1:43:57	1/1/2019 	6230459	22.00	50.00	6.72	11.85	96843.22	1836	0	CharlieHolbrow	
3642	1:43:58	1/1/2019 	6231170	27.00	151.00	6.53	11.85	96843.22	51924	1	CharlieHolbrow	
3643	1:43:58	1/1/2019 	6231235	19.00	9.00	6.87	11.85	96843.22	1835	0	CharlieHolbrow	
3644	1:43:58	1/1/2019 	6231299	18.00	9.00	6.93	11.85	96843.38	1834	0	CharlieHolbrow	
3645	1:43:58	1/1/2019 	6231876	52.00	779.00	6.17	11.85	96843.55	49808	1	CharlieHolbrow	
3646	1:43:58	1/1/2019 	6231983	19.00	9.00	6.87	11.85	96843.55	1836	0	CharlieHolbrow	
3647	1:43:59	1/1/2019 	6232487	18.00	9.00	6.93	11.85	96843.55	3806	0	CharlieHolbrow	
3648	1:44:00	1/1/2019 	6233987	19.00	9.00	6.87	11.85	96843.62	97781	0	CharlieHolbrow	
3649	1:44:01	1/1/2019 	6234449	53.00	817.00	6.18	11.85	96843.62	1835	1	CharlieHolbrow	
3650	1:44:02	1/1/2019 	6235619	19.00	10.00	6.87	11.85	96843.78	97784	0	CharlieHolbrow	
3651	1:44:03	1/1/2019 	6236385	19.00	11.00	6.87	11.85	96843.94	1837	0	CharlieHolbrow	
3652	1:44:05	1/1/2019 	6238440	18.00	9.00	6.93	11.85	96845.17	97783	0	CharlieHolbrow	
3653	1:44:06	1/1/2019 	6240069	21.00	57.00	6.78	11.85	96844.75	99756	1	CharlieHolbrow	
3654	1:44:08	1/1/2019 	6241135	18.00	8.00	6.93	11.85	96844.91	50753	0	CharlieHolbrow	
3655	1:44:08	1/1/2019 	6241174	18.00	9.00	6.93	11.85	96844.91	1835	0	CharlieHolbrow	
3656	1:44:08	1/1/2019 	6241337	18.00	9.00	6.93	11.85	96844.91	1835	0	CharlieHolbrow	
3657	1:44:08	1/1/2019 	6241776	20.00	15.00	6.82	11.85	96844.91	49806	0	CharlieHolbrow	
3658	1:44:09	1/1/2019 	6242143	18.00	8.00	6.93	11.85	96845.23	1835	0	CharlieHolbrow	
3659	1:44:09	1/1/2019 	6243000	19.00	9.00	6.87	11.85	96845.23	51923	0	CharlieHolbrow	
3660	1:44:09	1/1/2019 	6243004	19.00	8.00	6.86	11.85	96845.23	1836	0	CharlieHolbrow	
3661	1:44:10	1/1/2019 	6243219	18.00	9.00	6.93	11.85	96845.23	1835	0	CharlieHolbrow	
3662	1:44:10	1/1/2019 	6243985	20.00	25.00	6.83	11.85	96845.41	49807	0	CharlieHolbrow	
3663	1:44:10	1/1/2019 	6244026	18.00	9.00	6.93	11.85	96845.41	1835	0	CharlieHolbrow	
3664	1:44:12	1/1/2019 	6245248	18.00	9.00	6.93	11.85	96845.56	49807	0	CharlieHolbrow	
3665	1:44:12	1/1/2019 	6245646	21.00	26.00	6.77	11.85	96845.56	55156	0	CharlieHolbrow	
3666	1:44:12	1/1/2019 	6246063	18.00	9.00	6.93	11.85	96845.56	1835	0	CharlieHolbrow	
3667	1:44:13	1/1/2019 	6246659	18.00	9.00	6.93	11.85	96846.30	49806	0	CharlieHolbrow	
3668	1:44:14	1/1/2019 	6247706	19.00	13.00	6.88	11.85	96846.30	49806	0	CharlieHolbrow	
3669	1:44:16	1/1/2019 	6249465	23.00	75.00	6.68	11.85	96846.80	49808	0	CharlieHolbrow	
3670	1:44:16	1/1/2019 	6249647	19.00	9.00	6.87	11.85	96846.80	49809	0	CharlieHolbrow	
3671	1:44:18	1/1/2019 	6251195	20.00	17.00	6.82	11.85	96847.12	52866	0	CharlieHolbrow	
3672	1:44:18	1/1/2019 	6251623	24.00	63.00	6.62	11.85	96847.28	49813	0	CharlieHolbrow	
3673	1:44:19	1/1/2019 	6252157	18.00	9.00	6.93	11.85	96847.28	1835	0	CharlieHolbrow	
3674	1:44:19	1/1/2019 	6252313	20.00	17.00	6.82	11.85	96847.28	1835	0	CharlieHolbrow	
3675	1:44:20	1/1/2019 	6253638	18.00	9.00	6.93	11.85	96847.44	97779	0	CharlieHolbrow	
3676	1:44:22	1/1/2019 	6255144	19.00	12.00	6.87	11.85	96847.77	49807	0	CharlieHolbrow	
3677	1:44:23	1/1/2019 	6256373	18.00	9.00	6.93	11.85	96847.35	51781	0	CharlieHolbrow	
3678	1:44:23	1/1/2019 	6257072	22.00	42.00	6.72	11.85	96847.84	49808	0	CharlieHolbrow	
3679	1:44:24	1/1/2019 	6257262	19.00	16.00	6.88	11.85	96847.84	1836	0	CharlieHolbrow	
3680	1:44:25	1/1/2019 	6258289	19.00	9.00	6.87	11.85	96848.00	49807	0	CharlieHolbrow	
3681	1:44:26	1/1/2019 	6259183	18.00	3.00	6.91	11.85	96848.33	49807	0	CharlieHolbrow	
3682	1:44:26	1/1/2019 	6259367	19.00	9.00	6.87	11.85	96848.33	1836	0	CharlieHolbrow	
3683	1:44:27	1/1/2019 	6260577	18.00	8.00	6.93	11.85	96848.66	99752	0	CharlieHolbrow	
3684	1:44:27	1/1/2019 	6260794	25.00	86.00	6.58	11.85	96848.66	2778	1	CharlieHolbrow	
3685	1:44:27	1/1/2019 	6260830	19.00	9.00	6.87	11.85	96848.66	1834	0	CharlieHolbrow	
3686	1:44:27	1/1/2019 	6261011	20.00	11.00	6.81	11.85	96848.66	1835	0	CharlieHolbrow	
3687	1:44:28	1/1/2019 	6261171	18.00	9.00	6.93	11.85	96848.81	1835	0	CharlieHolbrow	
3688	1:44:28	1/1/2019 	6261187	18.00	9.00	6.93	11.85	96848.81	1835	0	CharlieHolbrow	
3689	1:44:28	1/1/2019 	6261305	20.00	17.00	6.82	11.85	96848.81	3948	0	CharlieHolbrow	
3690	1:44:28	1/1/2019 	6261362	18.00	9.00	6.93	11.85	96848.81	1835	0	CharlieHolbrow	
3691	1:44:29	1/1/2019 	6262439	18.00	9.00	6.93	11.85	96848.66	49808	0	CharlieHolbrow	
3692	1:44:30	1/1/2019 	6263600	18.00	8.00	6.93	11.85	96848.81	97785	0	CharlieHolbrow	
3693	1:44:30	1/1/2019 	6263708	19.00	9.00	6.87	11.85	96848.81	1836	0	CharlieHolbrow	
3694	1:44:32	1/1/2019 	6265363	26.00	167.00	6.58	11.85	96849.14	49809	1	CharlieHolbrow	
3695	1:44:33	1/1/2019 	6266875	26.00	127.00	6.56	11.85	96849.88	99756	0	CharlieHolbrow	
3696	1:44:34	1/1/2019 	6267776	26.00	159.00	6.58	11.85	96849.88	49810	0	CharlieHolbrow	
3697	1:44:34	1/1/2019 	6267927	18.00	9.00	6.93	11.85	96849.88	1836	0	CharlieHolbrow	
3698	1:44:35	1/1/2019 	6268228	21.00	41.00	6.78	11.85	96850.05	1834	1	CharlieHolbrow	
3699	1:44:35	1/1/2019 	6268866	19.00	11.00	6.87	11.85	96850.20	49810	0	CharlieHolbrow	
3700	1:44:37	1/1/2019 	6270215	20.00	15.00	6.82	11.85	96851.02	51780	0	CharlieHolbrow	
3701	1:44:39	1/1/2019 	6272825	21.00	33.00	6.77	11.85	96851.67	146697	0	CharlieHolbrow	
3702	1:44:41	1/1/2019 	6274919	20.00	13.00	6.81	11.85	96852.31	97783	0	CharlieHolbrow	
3703	1:44:43	1/1/2019 	6276148	26.00	117.00	6.55	11.85	96852.64	49811	1	CharlieHolbrow	
3704	1:44:43	1/1/2019 	6276997	19.00	9.00	6.87	11.85	96852.80	49810	1	CharlieHolbrow	
3705	1:44:45	1/1/2019 	6278817	18.00	9.00	6.93	11.85	96853.12	97783	0	CharlieHolbrow	
3706	1:44:47	1/1/2019 	6280477	18.00	9.00	6.93	11.85	96853.30	51928	0	CharlieHolbrow	
3707	1:44:47	1/1/2019 	6280824	18.00	9.00	6.93	11.85	96853.03	50751	0	CharlieHolbrow	
3708	1:44:48	1/1/2019 	6281383	18.00	9.00	6.93	11.85	96853.03	1835	0	CharlieHolbrow	
3709	1:44:48	1/1/2019 	6281393	31.00	223.00	6.38	11.85	96853.03	1835	1	CharlieHolbrow	
3710	1:44:49	1/1/2019 	6282786	18.00	9.00	6.93	11.85	96853.84	97781	0	CharlieHolbrow	
3711	1:44:49	1/1/2019 	6282922	18.00	8.00	6.93	11.85	96853.84	1835	0	CharlieHolbrow	
3712	1:44:49	1/1/2019 	6283018	22.00	39.00	6.72	11.85	96853.84	3950	0	CharlieHolbrow	
3713	1:44:49	1/1/2019 	6283093	20.00	11.00	6.81	11.85	96853.84	1835	0	CharlieHolbrow	
3714	1:44:50	1/1/2019 	6283499	19.00	9.00	6.87	11.85	96853.84	1834	0	CharlieHolbrow	
3715	1:44:51	1/1/2019 	6284337	22.00	60.00	6.73	11.85	96854.75	49836	1	CharlieHolbrow	
3716	1:44:51	1/1/2019 	6284934	24.00	65.00	6.62	11.85	96854.92	49810	1	CharlieHolbrow	
3717	1:44:52	1/1/2019 	6285891	24.00	103.00	6.64	11.85	96854.75	49811	1	CharlieHolbrow	
3718	1:44:53	1/1/2019 	6286449	18.00	9.00	6.93	11.85	96854.92	3809	0	CharlieHolbrow	
3719	1:44:54	1/1/2019 	6287377	23.00	86.00	6.69	11.85	96854.75	49811	0	CharlieHolbrow	
3720	1:44:55	1/1/2019 	6288179	22.00	59.00	6.73	11.85	96854.75	49810	0	CharlieHolbrow	
3721	1:44:55	1/1/2019 	6288786	18.00	8.00	6.93	11.85	96854.75	49811	0	CharlieHolbrow	
3722	1:44:55	1/1/2019 	6289043	20.00	9.00	6.81	11.85	96854.75	1834	0	CharlieHolbrow	
3723	1:44:57	1/1/2019 	6290460	18.00	9.00	6.93	11.85	96854.75	49808	0	CharlieHolbrow	
3724	1:44:59	1/1/2019 	6292445	19.00	10.00	6.87	11.85	96855.41	100843	0	CharlieHolbrow	
3725	1:44:59	1/1/2019 	6292468	19.00	9.00	6.87	11.85	96855.41	1836	0	CharlieHolbrow	
3726	1:44:59	1/1/2019 	6292559	20.00	26.00	6.83	11.85	96855.41	49810	0	CharlieHolbrow	
3727	1:45:00	1/1/2019 	6293563	18.00	9.00	6.93	11.85	96856.15	49810	0	CharlieHolbrow	
3728	1:45:01	1/1/2019 	6294172	18.00	9.00	6.93	11.85	96855.89	1835	0	CharlieHolbrow	
3729	1:45:01	1/1/2019 	6294401	19.00	10.00	6.87	11.85	96856.05	1836	0	CharlieHolbrow	
3730	1:45:01	1/1/2019 	6294693	41.00	432.00	6.17	11.85	96856.05	51783	1	CharlieHolbrow	
3731	1:45:01	1/1/2019 	6294959	19.00	9.00	6.87	11.85	96856.22	1836	0	CharlieHolbrow	
3732	1:45:02	1/1/2019 	6295787	26.00	130.00	6.56	11.85	96856.38	49812	1	CharlieHolbrow	
3733	1:45:02	1/1/2019 	6295895	18.00	9.00	6.93	11.85	96856.54	1842	0	CharlieHolbrow	
3734	1:45:02	1/1/2019 	6296067	37.00	364.00	6.24	11.85	96856.54	1836	0	CharlieHolbrow	
3735	1:45:04	1/1/2019 	6297310	18.00	9.00	6.93	11.85	96857.12	49810	0	CharlieHolbrow	
3736	1:45:04	1/1/2019 	6297316	28.00	159.00	6.48	11.85	96857.28	3809	1	CharlieHolbrow	
3737	1:45:06	1/1/2019 	6299639	18.00	9.00	6.93	11.85	96857.61	145758	1	CharlieHolbrow	
3738	1:45:07	1/1/2019 	6300922	18.00	8.00	6.93	11.85	96857.61	50754	0	CharlieHolbrow	
3739	1:45:09	1/1/2019 	6302994	18.00	9.00	6.93	11.85	96858.25	97783	0	CharlieHolbrow	
3740	1:45:10	1/1/2019 	6303227	24.00	110.00	6.65	11.85	96858.25	1836	1	CharlieHolbrow	
3741	1:45:10	1/1/2019 	6303452	19.00	11.00	6.87	11.85	96858.25	3951	0	CharlieHolbrow	
3742	1:45:10	1/1/2019 	6304094	18.00	8.00	6.93	11.85	96858.58	49810	0	CharlieHolbrow	
3743	1:45:11	1/1/2019 	6304388	52.00	789.00	6.18	11.85	96858.58	1835	0	CharlieHolbrow	
3744	1:45:11	1/1/2019 	6304742	19.00	9.00	6.87	11.85	96858.58	49811	0	CharlieHolbrow	
3745	1:45:11	1/1/2019 	6304971	24.00	73.00	6.63	11.85	96858.91	1834	0	CharlieHolbrow	
3746	1:45:12	1/1/2019 	6305199	28.00	153.00	6.48	11.85	96858.91	1835	0	CharlieHolbrow	
3747	1:45:13	1/1/2019 	6306178	18.00	9.00	6.93	11.85	96859.23	51783	0	CharlieHolbrow	
3748	1:45:13	1/1/2019 	6306827	19.00	9.00	6.87	11.85	96859.23	49811	0	CharlieHolbrow	
3749	1:45:14	1/1/2019 	6307442	19.00	20.00	6.89	11.85	96859.07	1834	0	CharlieHolbrow	
3750	1:45:14	1/1/2019 	6307462	18.00	9.00	6.93	11.85	96859.07	1835	0	CharlieHolbrow	
3751	1:45:14	1/1/2019 	6307575	27.00	122.00	6.51	11.85	96859.07	49809	1	CharlieHolbrow	
3752	1:45:15	1/1/2019 	6308721	30.00	211.00	6.42	11.85	96859.07	49810	0	CharlieHolbrow	
3753	1:45:15	1/1/2019 	6308925	18.00	9.00	6.93	11.85	96859.07	3810	0	CharlieHolbrow	
3754	1:45:17	1/1/2019 	6310631	26.00	112.00	6.55	11.85	96859.88	97787	1	CharlieHolbrow	
3755	1:45:19	1/1/2019 	6312378	19.00	9.00	6.87	11.85	96860.20	50757	0	CharlieHolbrow	
3756	1:45:19	1/1/2019 	6312629	20.00	9.00	6.81	11.85	96860.20	49810	0	CharlieHolbrow	
3757	1:45:19	1/1/2019 	6312726	18.00	9.00	6.93	11.85	96860.20	1835	0	CharlieHolbrow	
3758	1:45:21	1/1/2019 	6314296	25.00	119.00	6.60	11.85	96860.37	49809	1	CharlieHolbrow	
3759	1:45:21	1/1/2019 	6314868	23.00	53.00	6.67	11.85	96860.53	51926	0	CharlieHolbrow	
3760	1:45:22	1/1/2019 	6315248	19.00	18.00	6.88	11.85	96860.86	1835	0	CharlieHolbrow	
3761	1:45:22	1/1/2019 	6315457	25.00	82.00	6.58	11.85	96860.86	1835	0	CharlieHolbrow	
3762	1:45:22	1/1/2019 	6315621	18.00	9.00	6.93	11.85	96860.70	49810	0	CharlieHolbrow	
3763	1:45:24	1/1/2019 	6317285	21.00	40.00	6.78	11.85	96861.19	49809	0	CharlieHolbrow	
3764	1:45:24	1/1/2019 	6317428	29.00	143.00	6.43	11.85	96861.19	1836	0	CharlieHolbrow	
3765	1:45:25	1/1/2019 	6318956	19.00	9.00	6.87	11.86	96862.25	99809	0	CharlieHolbrow	
3766	1:45:26	1/1/2019 	6319378	25.00	113.00	6.60	11.86	96862.58	1836	0	CharlieHolbrow	
3767	1:45:27	1/1/2019 	6320934	18.00	9.00	6.93	11.86	96862.90	97785	0	CharlieHolbrow	
3768	1:45:27	1/1/2019 	6321107	32.00	250.00	6.35	11.86	96863.22	2780	1	CharlieHolbrow	
3769	1:45:29	1/1/2019 	6322157	18.00	9.00	6.93	11.86	96863.38	49809	0	CharlieHolbrow	
3770	1:45:30	1/1/2019 	6323657	21.00	42.00	6.78	11.86	96863.55	97783	0	CharlieHolbrow	
3771	1:45:30	1/1/2019 	6324053	26.00	109.00	6.55	11.86	96863.97	7334	1	CharlieHolbrow	
3772	1:45:33	1/1/2019 	6326887	18.00	9.00	6.93	11.86	96864.29	145757	0	CharlieHolbrow	
3773	1:45:35	1/1/2019 	6328496	19.00	13.00	6.88	11.86	96864.78	49809	0	CharlieHolbrow	
3774	1:45:35	1/1/2019 	6328738	19.00	10.00	6.87	11.86	96864.94	49809	0	CharlieHolbrow	
3775	1:45:36	1/1/2019 	6329972	25.00	114.00	6.60	11.86	96864.52	49809	1	CharlieHolbrow	
3776	1:45:37	1/1/2019 	6330318	18.00	9.00	6.93	11.86	96864.94	4893	0	CharlieHolbrow	
3777	1:45:40	1/1/2019 	6333291	19.00	10.00	6.87	11.86	96865.75	145754	0	CharlieHolbrow	
3778	1:45:40	1/1/2019 	6333340	18.00	9.00	6.93	11.86	96865.75	1836	0	CharlieHolbrow	
3779	1:45:40	1/1/2019 	6333829	19.00	9.00	6.87	11.86	96865.91	49807	0	CharlieHolbrow	
3780	1:45:40	1/1/2019 	6333953	28.00	127.00	6.47	11.86	96865.91	1835	0	CharlieHolbrow	
3781	1:45:41	1/1/2019 	6334193	45.00	584.00	6.15	11.86	96866.23	1835	1	CharlieHolbrow	
3782	1:45:41	1/1/2019 	6334973	28.00	131.00	6.47	11.86	96866.56	51783	0	CharlieHolbrow	
3783	1:45:41	1/1/2019 	6335057	19.00	9.00	6.87	11.86	96866.56	1835	0	CharlieHolbrow	
3784	1:45:42	1/1/2019 	6335284	19.00	11.00	6.87	11.86	96866.73	1834	0	CharlieHolbrow	
3785	1:45:42	1/1/2019 	6335744	18.00	9.00	6.93	11.86	96866.73	49810	0	CharlieHolbrow	
3786	1:45:44	1/1/2019 	6336672	50.00	713.00	6.16	11.86	96867.22	49808	1	CharlieHolbrow	
3787	1:45:44	1/1/2019 	6336936	19.00	9.00	6.87	11.86	96867.22	1837	0	CharlieHolbrow	
3788	1:45:44	1/1/2019 	6336998	18.00	9.00	6.93	11.86	96867.22	3807	0	CharlieHolbrow	
3789	1:45:46	1/1/2019 	6339599	19.00	11.00	6.87	11.86	96868.19	145756	0	CharlieHolbrow	
3790	1:45:47	1/1/2019 	6339917	24.00	81.00	6.63	11.86	96868.19	2779	0	CharlieHolbrow	
3791	1:45:47	1/1/2019 	6339947	19.00	11.00	6.87	11.86	96868.19	1835	0	CharlieHolbrow	
3792	1:45:47	1/1/2019 	6339974	20.00	13.00	6.81	11.86	96868.19	1835	0	CharlieHolbrow	
3793	1:45:47	1/1/2019 	6340076	19.00	10.00	6.87	11.86	96868.19	1834	0	CharlieHolbrow	
3794	1:45:47	1/1/2019 	6340386	25.00	101.00	6.59	11.86	96868.35	3950	0	CharlieHolbrow	
3795	1:45:47	1/1/2019 	6340392	21.00	35.00	6.78	11.86	96868.35	1835	0	CharlieHolbrow	
3796	1:45:48	1/1/2019 	6340741	27.00	73.00	6.48	11.86	96868.35	49808	0	CharlieHolbrow	
3797	1:45:49	1/1/2019 	6341749	30.00	214.00	6.42	11.86	96868.35	49809	0	CharlieHolbrow	
3798	1:45:49	1/1/2019 	6342254	25.00	85.00	6.58	11.86	96868.52	1836	1	CharlieHolbrow	
3799	1:45:49	1/1/2019 	6342298	18.00	9.00	6.93	11.86	96868.52	1835	0	CharlieHolbrow	
3800	1:45:50	1/1/2019 	6342750	18.00	9.00	6.93	11.86	96868.67	51780	0	CharlieHolbrow	
3801	1:45:50	1/1/2019 	6343562	29.00	160.00	6.44	11.86	96868.84	49809	0	CharlieHolbrow	
3802	1:45:51	1/1/2019 	6344315	18.00	9.00	6.93	11.86	96869.00	1836	0	CharlieHolbrow	
3803	1:45:52	1/1/2019 	6345376	21.00	43.00	6.78	11.86	96869.48	49808	0	CharlieHolbrow	
3804	1:45:54	1/1/2019 	6346831	18.00	9.00	6.93	11.86	96870.06	97784	0	CharlieHolbrow	
3805	1:45:54	1/1/2019 	6346990	20.00	12.00	6.81	11.86	96870.06	1836	0	CharlieHolbrow	
3806	1:45:54	1/1/2019 	6347031	24.00	68.00	6.62	11.86	96870.06	3808	0	CharlieHolbrow	
3807	1:45:54	1/1/2019 	6347157	18.00	9.00	6.93	11.86	96870.06	1835	0	CharlieHolbrow	
3808	1:45:54	1/1/2019 	6347360	39.00	369.00	6.19	11.86	96869.81	1834	0	CharlieHolbrow	
3809	1:45:55	1/1/2019 	6347764	18.00	9.00	6.93	11.86	96870.23	49808	0	CharlieHolbrow	
3810	1:45:56	1/1/2019 	6349148	18.00	9.00	6.93	11.86	96870.55	49808	0	CharlieHolbrow	
3811	1:45:57	1/1/2019 	6350615	20.00	17.00	6.82	11.86	96871.20	97782	0	CharlieHolbrow	
3812	1:45:58	1/1/2019 	6351283	18.00	9.00	6.93	11.86	96871.38	4904	0	CharlieHolbrow	
3813	1:46:02	1/1/2019 	6355343	27.00	158.00	6.53	11.86	96872.51	193731	0	CharlieHolbrow	
3814	1:46:03	1/1/2019 	6356174	18.00	8.00	6.93	11.86	96873.90	49810	0	CharlieHolbrow	
3815	1:46:04	1/1/2019 	6356861	18.00	9.00	6.93	11.86	96876.73	49809	0	CharlieHolbrow	
3816	1:46:04	1/1/2019 	6356925	19.00	11.00	6.87	11.86	96876.73	1835	0	CharlieHolbrow	
3817	1:46:05	1/1/2019 	6358248	26.00	122.00	6.56	11.86	96880.72	49808	0	CharlieHolbrow	
3818	1:46:07	1/1/2019 	6360201	23.00	74.00	6.68	11.87	96894.09	99757	0	CharlieHolbrow	
3819	1:46:07	1/1/2019 	6360429	23.00	68.00	6.68	11.87	96897.67	2780	1	CharlieHolbrow	
3820	1:46:08	1/1/2019 	6361325	18.00	9.00	6.93	11.87	96901.58	49810	0	CharlieHolbrow	
3821	1:46:08	1/1/2019 	6361668	18.00	10.00	6.93	11.87	96904.83	49809	0	CharlieHolbrow	
3822	1:46:09	1/1/2019 	6362669	20.00	28.00	6.83	11.87	96911.97	49812	0	CharlieHolbrow	
3823	1:46:10	1/1/2019 	6362711	19.00	16.00	6.88	11.87	96911.97	3951	0	CharlieHolbrow	
3824	1:46:10	1/1/2019 	6362786	24.00	80.00	6.63	11.87	96911.97	1835	1	CharlieHolbrow	
3825	1:46:12	1/1/2019 	6365337	21.00	47.00	6.78	11.87	96923.44	97783	0	CharlieHolbrow	
3826	1:46:14	1/1/2019 	6366875	19.00	10.00	6.87	11.87	96925.55	97786	0	CharlieHolbrow	
3827	1:46:15	1/1/2019 	6367776	18.00	10.00	6.93	11.87	96927.00	49810	0	CharlieHolbrow	
3828	1:46:16	1/1/2019 	6369024	18.00	8.00	6.93	11.87	96929.28	49812	0	CharlieHolbrow	
3829	1:46:16	1/1/2019 	6369118	18.00	9.00	6.93	11.87	96929.28	7223	0	CharlieHolbrow	
3830	1:46:16	1/1/2019 	6369654	25.00	98.00	6.59	11.87	96929.53	49810	0	CharlieHolbrow	
3831	1:46:17	1/1/2019 	6370405	22.00	68.00	6.73	11.87	96928.08	2780	0	CharlieHolbrow	
3832	1:46:18	1/1/2019 	6370904	26.00	148.00	6.57	11.87	96926.12	49813	0	CharlieHolbrow	
3833	1:46:18	1/1/2019 	6371165	18.00	9.00	6.93	11.87	96924.34	1841	0	CharlieHolbrow	
3834	1:46:19	1/1/2019 	6371880	18.00	9.00	6.93	11.87	96922.72	49807	0	CharlieHolbrow	
3835	1:46:19	1/1/2019 	6372222	18.00	8.00	6.93	11.87	96921.09	3950	0	CharlieHolbrow	
3836	1:46:20	1/1/2019 	6373115	26.00	121.00	6.56	11.87	96917.84	49809	0	CharlieHolbrow	
3837	1:46:21	1/1/2019 	6373849	18.00	9.00	6.93	11.87	96916.54	49810	0	CharlieHolbrow	
3838	1:46:22	1/1/2019 	6375167	29.00	200.00	6.46	11.87	96913.39	49811	0	CharlieHolbrow	
3839	1:46:22	1/1/2019 	6375262	19.00	9.00	6.87	11.87	96913.39	1836	0	CharlieHolbrow	
3840	1:46:22	1/1/2019 	6375590	19.00	9.00	6.87	11.87	96912.25	49808	0	CharlieHolbrow	
3841	1:46:23	1/1/2019 	6376014	18.00	9.00	6.93	11.87	96910.95	3779	0	CharlieHolbrow	
3842	1:46:23	1/1/2019 	6376096	18.00	9.00	6.93	11.87	96910.95	1835	0	CharlieHolbrow	
3843	1:46:23	1/1/2019 	6376430	22.00	46.00	6.72	11.87	96910.95	1835	1	CharlieHolbrow	
3844	1:46:24	1/1/2019 	6376960	25.00	123.00	6.61	11.87	96910.14	49808	0	CharlieHolbrow	
3845	1:46:26	1/1/2019 	6379445	18.00	9.00	6.93	11.87	96906.73	97782	0	CharlieHolbrow	
3846	1:46:28	1/1/2019 	6380730	19.00	14.00	6.88	11.88	96905.52	97783	0	CharlieHolbrow	
3847	1:46:28	1/1/2019 	6380792	19.00	10.00	6.87	11.88	96905.52	5901	0	CharlieHolbrow	
3848	1:46:28	1/1/2019 	6380816	37.00	325.00	6.22	11.88	96905.52	1835	0	CharlieHolbrow	
3849	1:46:29	1/1/2019 	6382224	25.00	119.00	6.60	11.88	96904.87	49809	1	CharlieHolbrow	
3850	1:46:29	1/1/2019 	6382596	20.00	17.00	6.82	11.88	96894.80	49811	0	CharlieHolbrow	
3851	1:46:30	1/1/2019 	6383249	18.00	9.00	6.93	11.88	96881.97	1835	0	CharlieHolbrow	
3852	1:46:30	1/1/2019 	6383459	20.00	15.00	6.82	11.88	96881.97	1836	0	CharlieHolbrow	
3853	1:46:31	1/1/2019 	6384396	18.00	10.00	6.93	11.88	96857.36	51782	0	CharlieHolbrow	
3854	1:46:32	1/1/2019 	6384895	18.00	11.00	6.94	11.88	96845.34	49812	0	CharlieHolbrow	
3855	1:46:32	1/1/2019 	6385044	32.00	112.00	6.30	11.88	96833.97	1836	0	CharlieHolbrow	
3856	1:46:33	1/1/2019 	6386160	15.00	9.00	7.14	11.88	96813.19	49811	0	CharlieHolbrow	
3857	1:46:33	1/1/2019 	6386340	18.00	9.00	6.93	11.88	96813.19	1834	0	CharlieHolbrow	
3858	1:46:34	1/1/2019 	6387593	18.00	8.00	6.93	11.88	96785.83	97785	0	CharlieHolbrow	
3859	1:46:38	1/1/2019 	6390734	18.00	9.00	6.93	11.88	96743.84	147732	0	CharlieHolbrow	
3860	1:46:38	1/1/2019 	6391358	20.00	15.00	6.82	11.88	96738.00	2584	0	CharlieHolbrow	
3861	1:46:39	1/1/2019 	6392020	19.00	16.00	6.88	11.88	96732.80	49809	0	CharlieHolbrow	
3862	1:46:39	1/1/2019 	6392559	27.00	157.00	6.53	11.88	96727.60	49811	1	CharlieHolbrow	
3863	1:46:41	1/1/2019 	6393862	18.00	9.00	6.93	11.89	96715.02	49812	0	CharlieHolbrow	
3864	1:46:41	1/1/2019 	6393986	23.00	66.00	6.68	11.89	96715.02	3951	1	CharlieHolbrow	
3865	1:46:41	1/1/2019 	6394036	30.00	189.00	6.41	11.89	96715.02	1835	1	CharlieHolbrow	
3866	1:46:41	1/1/2019 	6394499	20.00	16.00	6.82	11.89	96711.29	1836	0	CharlieHolbrow	
3867	1:46:42	1/1/2019 	6395042	28.00	188.00	6.50	11.89	96708.36	49837	1	CharlieHolbrow	
3868	1:46:43	1/1/2019 	6395727	25.00	114.00	6.60	11.89	96697.00	49812	0	CharlieHolbrow	
3869	1:46:44	1/1/2019 	6397263	18.00	9.00	6.93	11.89	97552.55	49812	0	CharlieHolbrow	
3870	1:46:45	1/1/2019 	6397919	23.00	72.00	6.68	11.89	97829.27	51837	1	CharlieHolbrow	
3871	1:46:46	1/1/2019 	6399558	18.00	9.00	6.93	11.89	98560.37	97786	0	CharlieHolbrow	
3872	1:46:47	1/1/2019 	6399890	23.00	83.00	6.69	11.89	98774.53	2583	1	CharlieHolbrow	
3873	1:46:49	1/1/2019 	6401862	25.00	123.00	6.61	11.90	99504.75	97785	1	CharlieHolbrow	
3874	1:46:50	1/1/2019 	6402678	18.00	9.00	6.93	11.90	99659.70	49810	0	CharlieHolbrow	
3875	1:46:50	1/1/2019 	6403007	18.00	9.00	6.93	11.90	99804.91	1836	0	CharlieHolbrow	
3876	1:46:50	1/1/2019 	6403356	41.00	431.00	6.17	11.90	99941.44	7387	1	CharlieHolbrow	
3877	1:46:52	1/1/2019 	6405375	18.00	9.00	6.93	11.90	100406.19	97783	0	CharlieHolbrow	
3878	1:46:53	1/1/2019 	6406031	18.00	9.00	6.93	11.90	100504.91	49811	0	CharlieHolbrow	
3879	1:46:53	1/1/2019 	6406281	34.00	287.00	6.30	11.90	100597.30	1836	1	CharlieHolbrow	
3880	1:46:54	1/1/2019 	6407014	22.00	76.00	6.74	11.90	100684.75	49810	1	CharlieHolbrow	
3881	1:46:54	1/1/2019 	6407165	18.00	9.00	6.93	11.90	100684.75	1836	0	CharlieHolbrow	
3882	1:46:55	1/1/2019 	6408052	19.00	11.00	6.87	11.90	100841.89	51780	1	CharlieHolbrow	
3883	1:46:55	1/1/2019 	6408369	18.00	9.00	6.93	11.90	100913.30	1836	0	CharlieHolbrow	
3884	1:46:56	1/1/2019 	6408684	25.00	101.00	6.59	11.90	100913.30	49809	0	CharlieHolbrow	
3885	1:46:56	1/1/2019 	6409019	25.00	85.00	6.58	11.90	100980.32	1836	1	CharlieHolbrow	
3886	1:46:58	1/1/2019 	6411146	18.00	9.00	6.93	11.91	101208.67	97785	0	CharlieHolbrow	
3887	1:47:00	1/1/2019 	6413100	18.00	9.00	6.93	11.91	101385.15	98532	0	CharlieHolbrow	
3888	1:47:00	1/1/2019 	6413416	20.00	13.00	6.81	11.91	101422.73	3951	0	CharlieHolbrow	
3889	1:47:02	1/1/2019 	6414963	23.00	77.00	6.68	11.91	101521.50	97785	1	CharlieHolbrow	
3890	1:47:02	1/1/2019 	6415119	19.00	9.00	6.87	11.91	101521.50	1837	0	CharlieHolbrow	
3891	1:47:04	1/1/2019 	6417377	30.00	245.00	6.43	11.91	101648.81	97783	1	CharlieHolbrow	
3892	1:47:05	1/1/2019 	6418369	18.00	9.00	6.93	11.91	101689.33	49810	0	CharlieHolbrow	
3893	1:47:06	1/1/2019 	6419108	18.00	9.00	6.93	11.91	101707.99	51783	0	CharlieHolbrow	
3894	1:47:06	1/1/2019 	6419177	25.00	81.00	6.58	11.91	101707.99	1836	0	CharlieHolbrow	
3895	1:47:07	1/1/2019 	6420056	26.00	152.00	6.57	11.91	101741.19	49811	1	CharlieHolbrow	
3896	1:47:07	1/1/2019 	6420384	19.00	9.00	6.87	11.91	101756.32	2584	0	CharlieHolbrow	
3897	1:47:08	1/1/2019 	6421214	25.00	90.00	6.59	11.91	101770.64	49809	1	CharlieHolbrow	
3898	1:47:09	1/1/2019 	6422107	22.00	45.00	6.72	11.92	101796.62	49812	0	CharlieHolbrow	
3899	1:47:09	1/1/2019 	6422599	22.00	46.00	6.72	11.92	101808.50	51931	1	CharlieHolbrow	
3900	1:47:10	1/1/2019 	6423361	23.00	86.00	6.69	11.92	101829.94	1836	0	CharlieHolbrow	
3901	1:47:10	1/1/2019 	6423566	24.00	89.00	6.64	11.92	101829.94	49810	0	CharlieHolbrow	
3902	1:47:11	1/1/2019 	6423679	33.00	274.00	6.33	11.92	101829.94	1835	1	CharlieHolbrow	
3903	1:47:11	1/1/2019 	6424573	18.00	6.00	6.92	11.92	101848.92	49812	0	CharlieHolbrow	
3904	1:47:12	1/1/2019 	6425328	23.00	88.00	6.69	11.92	101857.23	1835	0	CharlieHolbrow	
3905	1:47:14	1/1/2019 	6426862	25.00	102.00	6.59	11.92	101879.80	99758	0	CharlieHolbrow	
3906	1:47:14	1/1/2019 	6427216	33.00	284.00	6.33	11.92	101886.47	1837	0	CharlieHolbrow	
3907	1:47:14	1/1/2019 	6427356	17.00	9.00	7.00	11.92	101886.47	1835	0	CharlieHolbrow	
3908	1:47:15	1/1/2019 	6427942	18.00	9.00	6.93	11.93	101898.62	49811	0	CharlieHolbrow	
3909	1:47:16	1/1/2019 	6429199	18.00	8.00	6.93	11.93	101909.48	49815	0	CharlieHolbrow	
3910	1:47:16	1/1/2019 	6429257	18.00	9.00	6.93	11.93	101909.48	1835	0	CharlieHolbrow	
3911	1:47:16	1/1/2019 	6429629	28.00	139.00	6.47	11.93	101914.03	51781	0	CharlieHolbrow	
3912	1:47:17	1/1/2019 	6429907	18.00	9.00	6.93	11.93	101919.03	2585	0	CharlieHolbrow	
3913	1:47:17	1/1/2019 	6430106	18.00	9.00	6.93	11.93	101919.03	1835	0	CharlieHolbrow	
3914	1:47:17	1/1/2019 	6430598	34.00	281.00	6.29	11.93	101923.27	49808	1	CharlieHolbrow	
3915	1:47:17	1/1/2019 	6430651	19.00	9.00	6.87	11.93	101923.27	1835	0	CharlieHolbrow	
3916	1:47:19	1/1/2019 	6431785	18.00	9.00	6.93	11.93	101930.83	49807	0	CharlieHolbrow	
3917	1:47:19	1/1/2019 	6432492	23.00	57.00	6.67	11.93	101937.34	3951	1	CharlieHolbrow	
3918	1:47:20	1/1/2019 	6433660	25.00	109.00	6.60	11.94	101943.64	97781	1	CharlieHolbrow	
3919	1:47:21	1/1/2019 	6433822	42.00	417.00	6.15	11.94	101943.64	1837	1	CharlieHolbrow	
3920	1:47:21	1/1/2019 	6434639	18.00	9.00	6.93	11.94	101948.95	49810	0	CharlieHolbrow	
3921	1:47:23	1/1/2019 	6435910	20.00	25.00	6.83	11.94	101953.30	49808	0	CharlieHolbrow	
3922	1:47:23	1/1/2019 	6436242	19.00	10.00	6.87	11.94	101955.42	3810	0	CharlieHolbrow	
3923	1:47:24	1/1/2019 	6436684	27.00	64.00	6.48	11.94	101957.65	49808	0	CharlieHolbrow	
3924	1:47:24	1/1/2019 	6437175	19.00	9.00	6.87	11.95	101959.72	1836	0	CharlieHolbrow	
3925	1:47:26	1/1/2019 	6439085	24.00	90.00	6.64	11.95	101965.69	97781	0	CharlieHolbrow	
3926	1:47:26	1/1/2019 	6439097	18.00	9.00	6.93	11.95	101965.69	1836	0	CharlieHolbrow	
3927	1:47:29	1/1/2019 	6441736	19.00	10.00	6.87	11.95	101971.45	145754	0	CharlieHolbrow	
3928	1:47:29	1/1/2019 	6441888	23.00	54.00	6.67	11.95	101971.45	4706	1	CharlieHolbrow	
3929	1:47:29	1/1/2019 	6442219	26.00	111.00	6.55	11.96	101972.51	1837	1	CharlieHolbrow	
3930	1:47:30	1/1/2019 	6442696	21.00	47.00	6.78	11.96	101973.16	49809	0	CharlieHolbrow	
3931	1:47:31	1/1/2019 	6443958	22.00	69.00	6.73	11.96	101975.23	49811	1	CharlieHolbrow	
3932	1:47:31	1/1/2019 	6444002	18.00	9.00	6.93	11.96	101975.23	1837	0	CharlieHolbrow	
3933	1:47:31	1/1/2019 	6444114	23.00	60.00	6.67	11.96	101975.88	1838	0	CharlieHolbrow	
3934	1:47:32	1/1/2019 	6445116	19.00	13.00	6.88	11.96	101976.86	51786	0	CharlieHolbrow	
3935	1:47:33	1/1/2019 	6446277	20.00	28.00	6.83	11.96	101978.27	49810	0	CharlieHolbrow	
3936	1:47:35	1/1/2019 	6447829	19.00	8.00	6.86	11.97	101980.61	97783	0	CharlieHolbrow	
3937	1:47:35	1/1/2019 	6448371	18.00	9.00	6.93	11.97	101981.09	1836	0	CharlieHolbrow	
3938	1:47:36	1/1/2019 	6448788	19.00	11.00	6.87	11.97	101981.86	49809	0	CharlieHolbrow	
3939	1:47:36	1/1/2019 	6448812	23.00	53.00	6.67	11.97	101981.86	1838	0	CharlieHolbrow	
3940	1:47:36	1/1/2019 	6449041	18.00	9.00	6.93	11.97	101981.86	3807	0	CharlieHolbrow	
3941	1:47:38	1/1/2019 	6451200	21.00	40.00	6.78	11.97	101983.72	97782	0	CharlieHolbrow	
3942	1:47:39	1/1/2019 	6452370	21.00	52.00	6.78	11.97	101983.88	50559	1	CharlieHolbrow	
3943	1:47:40	1/1/2019 	6452734	23.00	95.00	6.69	11.98	101984.16	49810	0	CharlieHolbrow	
3944	1:47:42	1/1/2019 	6454971	25.00	124.00	6.61	11.98	101984.89	97785	1	CharlieHolbrow	
3945	1:47:42	1/1/2019 	6455493	22.00	44.00	6.72	11.98	101985.17	1836	0	CharlieHolbrow	
3946	1:47:43	1/1/2019 	6456089	21.00	38.00	6.78	11.98	101985.17	51980	0	CharlieHolbrow	
3947	1:47:43	1/1/2019 	6456345	28.00	171.00	6.49	11.98	101985.00	1836	0	CharlieHolbrow	
3948	1:47:44	1/1/2019 	6457181	19.00	18.00	6.88	11.98	101985.12	49812	0	CharlieHolbrow	
3949	1:47:44	1/1/2019 	6457266	23.00	72.00	6.68	11.98	101985.12	1844	0	CharlieHolbrow	
3950	1:47:45	1/1/2019 	6457846	18.00	9.00	6.93	11.99	101985.56	49814	0	CharlieHolbrow	
3951	1:47:45	1/1/2019 	6457942	28.00	149.00	6.48	11.99	101985.56	3807	0	CharlieHolbrow	
3952	1:47:45	1/1/2019 	6458579	19.00	9.00	6.87	11.99	101985.23	49809	0	CharlieHolbrow	
3953	1:47:46	1/1/2019 	6459201	19.00	9.00	6.87	11.99	101986.00	1835	0	CharlieHolbrow	
3954	1:47:46	1/1/2019 	6459246	21.00	30.00	6.77	11.99	101986.00	1836	0	CharlieHolbrow	
3955	1:47:46	1/1/2019 	6459276	19.00	10.00	6.87	11.99	101986.00	1836	0	CharlieHolbrow	
3956	1:47:46	1/1/2019 	6459405	25.00	94.00	6.59	11.99	101986.00	1835	0	CharlieHolbrow	
3957	1:47:48	1/1/2019 	6460786	19.00	9.00	6.87	11.99	101986.27	99756	0	CharlieHolbrow	
3958	1:47:48	1/1/2019 	6461410	20.00	12.00	6.81	11.99	101986.39	2583	0	CharlieHolbrow	
3959	1:47:49	1/1/2019 	6462023	18.00	9.00	6.93	11.99	101986.39	49809	0	CharlieHolbrow	
3960	1:47:50	1/1/2019 	6462875	18.00	9.00	6.93	12.00	101986.34	49810	0	CharlieHolbrow	
3961	1:47:50	1/1/2019 	6463094	18.00	9.00	6.93	12.00	101986.34	1836	0	CharlieHolbrow	
3962	1:47:50	1/1/2019 	6463482	18.00	9.00	6.93	12.00	101986.34	1835	0	CharlieHolbrow	
3963	1:47:51	1/1/2019 	6464654	21.00	42.00	6.78	12.00	101986.02	99897	0	CharlieHolbrow	
3964	1:47:52	1/1/2019 	6464702	32.00	277.00	6.36	12.00	101986.59	1837	0	CharlieHolbrow	
3965	1:47:52	1/1/2019 	6464954	29.00	168.00	6.45	12.00	101986.59	1837	0	CharlieHolbrow	
3966	1:47:52	1/1/2019 	6465184	23.00	76.00	6.68	12.00	101986.59	1835	1	CharlieHolbrow	
3967	1:47:52	1/1/2019 	6465222	24.00	76.00	6.63	12.00	101986.42	1835	1	CharlieHolbrow	
3968	1:47:53	1/1/2019 	6465690	29.00	218.00	6.46	12.00	101986.42	49809	0	CharlieHolbrow	
3969	1:47:53	1/1/2019 	6466196	25.00	100.00	6.59	12.00	101986.86	3809	0	CharlieHolbrow	
3970	1:47:53	1/1/2019 	6466292	27.00	124.00	6.51	12.00	101986.86	1835	1	CharlieHolbrow	
3971	1:47:53	1/1/2019 	6466574	18.00	9.00	6.93	12.00	101986.86	49810	0	CharlieHolbrow	
3972	1:47:55	1/1/2019 	6467840	18.00	9.00	6.93	12.00	101986.81	49809	0	CharlieHolbrow	
3973	1:47:56	1/1/2019 	6469187	18.00	8.00	6.93	12.01	101986.77	49810	0	CharlieHolbrow	
3974	1:47:56	1/1/2019 	6469574	21.00	25.00	6.77	12.01	101986.44	49809	0	CharlieHolbrow	
3975	1:47:57	1/1/2019 	6470492	19.00	13.00	6.88	12.01	101986.55	4781	0	CharlieHolbrow	
3976	1:47:58	1/1/2019 	6470721	24.00	95.00	6.64	12.01	101986.55	49811	0	CharlieHolbrow	
3977	1:47:58	1/1/2019 	6470741	23.00	60.00	6.67	12.01	101986.55	1836	0	CharlieHolbrow	
3978	1:47:58	1/1/2019 	6470999	25.00	94.00	6.59	12.01	101986.55	1835	1	CharlieHolbrow	
3979	1:47:58	1/1/2019 	6471613	23.00	41.00	6.67	12.01	101986.99	49808	1	CharlieHolbrow	
3980	1:47:59	1/1/2019 	6471939	19.00	16.00	6.88	12.01	101986.66	3807	0	CharlieHolbrow	
3981	1:47:59	1/1/2019 	6472268	27.00	127.00	6.51	12.01	101986.66	1837	0	CharlieHolbrow	
3982	1:48:00	1/1/2019 	6472723	18.00	9.00	6.93	12.01	101986.66	49810	0	CharlieHolbrow	
3983	1:48:01	1/1/2019 	6473893	22.00	69.00	6.73	12.02	101987.22	49810	0	CharlieHolbrow	
3984	1:48:01	1/1/2019 	6474610	26.00	117.00	6.55	12.02	101987.06	49810	0	CharlieHolbrow	
3985	1:48:02	1/1/2019 	6475333	18.00	9.00	6.93	12.02	101987.66	1837	0	CharlieHolbrow	
3986	1:48:02	1/1/2019 	6475391	20.00	16.00	6.82	12.02	101987.66	3808	0	CharlieHolbrow	
3987	1:48:02	1/1/2019 	6475420	19.00	9.00	6.87	12.02	101987.66	1836	0	CharlieHolbrow	
3988	1:48:03	1/1/2019 	6476296	18.00	9.00	6.93	12.02	101987.58	49810	0	CharlieHolbrow	
3989	1:48:03	1/1/2019 	6476331	25.00	113.00	6.60	12.02	101987.58	1836	1	CharlieHolbrow	
3990	1:48:03	1/1/2019 	6476663	20.00	10.00	6.81	12.02	101987.58	49810	0	CharlieHolbrow	
3991	1:48:04	1/1/2019 	6476838	19.00	10.00	6.87	12.02	101987.58	1835	0	CharlieHolbrow	
3992	1:48:04	1/1/2019 	6476881	23.00	74.00	6.68	12.02	101987.58	7218	1	CharlieHolbrow	
3993	1:48:04	1/1/2019 	6476977	23.00	60.00	6.67	12.02	101987.58	1836	0	CharlieHolbrow	
3994	1:48:05	1/1/2019 	6477705	19.00	16.00	6.88	12.02	101987.41	49809	0	CharlieHolbrow	
3995	1:48:05	1/1/2019 	6478005	20.00	24.00	6.83	12.02	101988.02	1836	0	CharlieHolbrow	
3996	1:48:05	1/1/2019 	6478249	23.00	67.00	6.68	12.02	101988.02	1835	0	CharlieHolbrow	
3997	1:48:05	1/1/2019 	6478471	29.00	148.00	6.44	12.02	101988.02	1836	0	CharlieHolbrow	
3998	1:48:06	1/1/2019 	6479039	18.00	9.00	6.93	12.03	101988.30	51782	0	CharlieHolbrow	
3999	1:48:07	1/1/2019 	6479887	22.00	66.00	6.73	12.03	101987.97	49811	1	CharlieHolbrow	
4000	1:48:07	1/1/2019 	6480222	18.00	9.00	6.93	12.03	101987.97	2586	0	CharlieHolbrow	
4001	1:48:07	1/1/2019 	6480251	20.00	13.00	6.81	12.03	101987.97	1836	0	CharlieHolbrow	
4002	1:48:08	1/1/2019 	6480695	25.00	125.00	6.61	12.03	101988.25	49811	1	CharlieHolbrow	
4003	1:48:08	1/1/2019 	6480838	24.00	90.00	6.64	12.03	101988.25	1836	1	CharlieHolbrow	
4004	1:48:08	1/1/2019 	6480907	20.00	12.00	6.81	12.03	101988.25	3950	0	CharlieHolbrow	
4005	1:48:09	1/1/2019 	6481804	18.00	6.00	6.92	12.03	101988.52	49810	0	CharlieHolbrow	
4006	1:48:10	1/1/2019 	6482804	18.00	8.00	6.93	12.03	101988.36	49812	0	CharlieHolbrow	
4007	1:48:10	1/1/2019 	6483582	18.00	9.00	6.93	12.03	101988.64	49811	0	CharlieHolbrow	
4008	1:48:10	1/1/2019 	6483649	19.00	9.00	6.87	12.03	101988.64	1835	0	CharlieHolbrow	
4009	1:48:11	1/1/2019 	6484159	19.00	12.00	6.87	12.04	101988.75	3809	0	CharlieHolbrow	
4010	1:48:11	1/1/2019 	6484455	19.00	9.00	6.87	12.04	101988.59	1837	0	CharlieHolbrow	
4011	1:48:12	1/1/2019 	6484720	23.00	57.00	6.67	12.04	101988.59	49810	0	CharlieHolbrow	
4012	1:48:12	1/1/2019 	6484728	18.00	9.00	6.93	12.04	101988.59	1836	0	CharlieHolbrow	
4013	1:48:12	1/1/2019 	6485215	18.00	9.00	6.93	12.04	101988.42	1835	0	CharlieHolbrow	
4014	1:48:12	1/1/2019 	6485350	32.00	261.00	6.36	12.04	101988.42	1835	1	CharlieHolbrow	
4015	1:48:14	1/1/2019 	6486766	19.00	12.00	6.87	12.04	101988.98	99813	0	CharlieHolbrow	
4016	1:48:14	1/1/2019 	6487550	18.00	9.00	6.93	12.04	101989.22	49812	0	CharlieHolbrow	
4017	1:48:15	1/1/2019 	6488325	51.00	798.00	6.19	12.04	101989.06	1835	1	CharlieHolbrow	
4018	1:48:17	1/1/2019 	6490108	19.00	11.00	6.87	12.05	101989.61	97784	0	CharlieHolbrow	
4019	1:48:17	1/1/2019 	6490178	18.00	9.00	6.93	12.05	101989.61	2584	0	CharlieHolbrow	
4020	1:48:18	1/1/2019 	6491077	24.00	89.00	6.64	12.05	101990.05	49809	0	CharlieHolbrow	
4021	1:48:18	1/1/2019 	6491197	18.00	9.00	6.93	12.05	101990.05	3951	0	CharlieHolbrow	
4022	1:48:18	1/1/2019 	6491596	18.00	9.00	6.93	12.05	101990.05	49809	0	CharlieHolbrow	
4023	1:48:20	1/1/2019 	6493022	24.00	44.00	6.61	12.05	101990.16	49809	0	CharlieHolbrow	
4024	1:48:21	1/1/2019 	6494230	20.00	30.00	6.83	12.06	101990.12	49810	0	CharlieHolbrow	
4025	1:48:22	1/1/2019 	6494802	18.00	9.00	6.93	12.06	101990.55	49811	0	CharlieHolbrow	
4026	1:48:25	1/1/2019 	6497929	16.00	9.00	7.07	12.06	101990.14	145760	0	CharlieHolbrow	
4027	1:48:25	1/1/2019 	6497935	18.00	9.00	6.93	12.06	101990.14	3809	0	CharlieHolbrow	
4028	1:48:25	1/1/2019 	6497954	31.00	209.00	6.38	12.06	101990.14	1834	0	CharlieHolbrow	
4029	1:48:25	1/1/2019 	6498452	18.00	9.00	6.93	12.06	101989.97	1836	0	CharlieHolbrow	
4030	1:48:28	1/1/2019 	6501188	19.00	14.00	6.88	12.07	101990.16	145758	0	CharlieHolbrow	
4031	1:48:28	1/1/2019 	6501667	19.00	9.00	6.87	12.07	101990.44	50755	0	CharlieHolbrow	
4032	1:48:29	1/1/2019 	6501812	19.00	13.00	6.88	12.07	101990.44	1834	0	CharlieHolbrow	
4033	1:48:29	1/1/2019 	6502296	26.00	121.00	6.56	12.07	101990.28	4006	1	CharlieHolbrow	
4034	1:48:30	1/1/2019 	6502768	18.00	9.00	6.93	12.07	101990.72	49812	0	CharlieHolbrow	
4035	1:48:30	1/1/2019 	6503260	32.00	213.00	6.34	12.07	101990.72	1836	0	CharlieHolbrow	
4036	1:48:34	1/1/2019 	6507600	23.00	84.00	6.69	12.08	101990.85	241712	1	CharlieHolbrow	
4037	1:48:35	1/1/2019 	6508417	20.00	16.00	6.82	12.08	101990.69	1836	0	CharlieHolbrow	
4038	1:48:37	1/1/2019 	6510355	37.00	398.00	6.26	12.09	101990.88	99758	1	CharlieHolbrow	
4039	1:48:37	1/1/2019 	6510607	18.00	9.00	6.93	12.09	101990.72	50754	0	CharlieHolbrow	
4040	1:48:38	1/1/2019 	6510900	26.00	135.00	6.57	12.09	101990.72	1835	0	CharlieHolbrow	
4041	1:48:38	1/1/2019 	6511333	33.00	287.00	6.33	12.09	101990.84	1836	1	CharlieHolbrow	
4042	1:48:39	1/1/2019 	6512055	18.00	9.00	6.93	12.09	101990.67	49810	0	CharlieHolbrow	
4043	1:48:39	1/1/2019 	6512190	19.00	9.00	6.87	12.09	101990.34	1836	0	CharlieHolbrow	
4044	1:48:40	1/1/2019 	6512949	44.00	518.00	6.14	12.09	101990.78	51945	1	CharlieHolbrow	
4045	1:48:40	1/1/2019 	6513166	18.00	9.00	6.93	12.09	101990.62	1839	0	CharlieHolbrow	
4046	1:48:41	1/1/2019 	6514668	18.00	8.00	6.93	12.10	101991.02	97791	0	CharlieHolbrow	
4047	1:48:42	1/1/2019 	6514949	18.00	9.00	6.93	12.10	101991.02	1836	0	CharlieHolbrow	
4048	1:48:43	1/1/2019 	6516152	18.00	9.00	6.93	12.10	101990.80	49810	0	CharlieHolbrow	
4049	1:48:44	1/1/2019 	6517378	24.00	102.00	6.64	12.10	101990.75	49812	0	CharlieHolbrow	
4050	1:48:45	1/1/2019 	6517824	32.00	268.00	6.36	12.10	101990.42	51802	1	CharlieHolbrow	
4051	1:48:45	1/1/2019 	6517933	23.00	72.00	6.68	12.10	101990.42	1837	0	CharlieHolbrow	
4052	1:48:45	1/1/2019 	6518045	20.00	22.00	6.83	12.10	101990.42	1837	0	CharlieHolbrow	
4053	1:48:46	1/1/2019 	6518826	18.00	9.00	6.93	12.11	101990.54	49811	0	CharlieHolbrow	
4054	1:48:46	1/1/2019 	6519256	29.00	187.00	6.45	12.11	101990.38	1839	1	CharlieHolbrow	
4055	1:48:47	1/1/2019 	6519873	18.00	9.00	6.93	12.11	101990.98	49816	0	CharlieHolbrow	
4056	1:48:47	1/1/2019 	6520621	21.00	27.00	6.77	12.11	101990.81	52897	0	CharlieHolbrow	
4057	1:48:48	1/1/2019 	6521198	18.00	9.00	6.93	12.11	101991.06	1836	0	CharlieHolbrow	
4058	1:48:48	1/1/2019 	6521247	18.00	9.00	6.93	12.11	101991.06	1835	0	CharlieHolbrow	
4059	1:48:49	1/1/2019 	6522106	18.00	9.00	6.93	12.11	101990.73	49809	0	CharlieHolbrow	
4060	1:48:49	1/1/2019 	6522642	23.00	63.00	6.67	12.11	101991.02	49812	0	CharlieHolbrow	
4061	1:48:50	1/1/2019 	6522672	27.00	149.00	6.53	12.11	101990.85	1835	0	CharlieHolbrow	
4062	1:48:50	1/1/2019 	6523129	19.00	11.00	6.87	12.11	101990.85	3882	0	CharlieHolbrow	
4063	1:48:51	1/1/2019 	6523731	18.00	9.00	6.93	12.12	101990.80	49810	0	CharlieHolbrow	
4064	1:48:51	1/1/2019 	6524097	27.00	121.00	6.51	12.12	101990.80	1835	1	CharlieHolbrow	
4065	1:48:52	1/1/2019 	6524744	19.00	17.00	6.88	12.12	101990.91	49811	0	CharlieHolbrow	
4066	1:48:52	1/1/2019 	6524862	19.00	9.00	6.87	12.12	101990.91	1836	0	CharlieHolbrow	
4067	1:48:52	1/1/2019 	6524920	19.00	9.00	6.87	12.12	101990.91	3828	0	CharlieHolbrow	
4068	1:48:52	1/1/2019 	6525022	20.00	10.00	6.81	12.12	101990.91	1835	0	CharlieHolbrow	
4069	1:48:54	1/1/2019 	6527115	19.00	10.00	6.87	12.12	101990.98	97786	0	CharlieHolbrow	
4070	1:48:55	1/1/2019 	6527965	19.00	10.00	6.87	12.13	101990.93	49812	0	CharlieHolbrow	
4071	1:48:55	1/1/2019 	6528050	25.00	113.00	6.60	12.13	101990.93	1836	0	CharlieHolbrow	
4072	1:48:55	1/1/2019 	6528145	25.00	102.00	6.59	12.13	101990.93	1836	0	CharlieHolbrow	
4073	1:48:56	1/1/2019 	6529386	18.00	9.00	6.93	12.13	101990.88	51804	0	CharlieHolbrow	
4074	1:48:57	1/1/2019 	6529716	19.00	15.00	6.88	12.13	101990.88	49812	1	CharlieHolbrow	
4075	1:48:57	1/1/2019 	6530326	18.00	9.00	6.93	12.13	101991.24	2779	0	CharlieHolbrow	
4076	1:48:57	1/1/2019 	6530351	18.00	9.00	6.93	12.13	101991.24	1834	0	CharlieHolbrow	
4077	1:48:57	1/1/2019 	6530499	18.00	9.00	6.93	12.13	101991.24	1835	0	CharlieHolbrow	
4078	1:48:58	1/1/2019 	6530880	18.00	9.00	6.93	12.13	101990.91	49836	0	CharlieHolbrow	
4079	1:48:58	1/1/2019 	6530967	20.00	10.00	6.81	12.13	101990.91	3947	0	CharlieHolbrow	
4080	1:48:58	1/1/2019 	6531220	19.00	9.00	6.87	12.13	101990.91	1836	0	CharlieHolbrow	
4081	1:48:58	1/1/2019 	6531570	18.00	9.00	6.93	12.14	101991.19	49808	0	CharlieHolbrow	
4082	1:48:59	1/1/2019 	6532615	20.00	25.00	6.83	12.14	101991.19	49810	0	CharlieHolbrow	
4083	1:49:01	1/1/2019 	6533688	18.00	8.00	6.93	12.14	101990.98	49812	0	CharlieHolbrow	
4084	1:49:01	1/1/2019 	6534479	23.00	46.00	6.67	12.14	101990.93	1836	0	CharlieHolbrow	
4085	1:49:02	1/1/2019 	6535032	19.00	11.00	6.87	12.14	101991.21	51780	0	CharlieHolbrow	
4086	1:49:02	1/1/2019 	6535104	22.00	38.00	6.72	12.14	101991.21	1836	0	CharlieHolbrow	
4087	1:49:02	1/1/2019 	6535619	40.00	431.00	6.19	12.14	101991.05	49812	0	CharlieHolbrow	
4088	1:49:03	1/1/2019 	6535690	18.00	9.00	6.93	12.14	101991.05	1836	0	CharlieHolbrow	
4089	1:49:03	1/1/2019 	6535902	18.00	8.00	6.93	12.15	101991.65	1836	0	CharlieHolbrow	
4090	1:49:04	1/1/2019 	6537603	25.00	122.00	6.61	12.15	101991.27	97784	0	CharlieHolbrow	
4091	1:49:05	1/1/2019 	6537949	20.00	18.00	6.82	12.15	101991.55	3808	0	CharlieHolbrow	
4092	1:49:06	1/1/2019 	6538879	22.00	58.00	6.73	12.15	101991.80	49813	0	CharlieHolbrow	
4093	1:49:06	1/1/2019 	6539160	18.00	9.00	6.93	12.15	101991.80	1836	0	CharlieHolbrow	
4094	1:49:07	1/1/2019 	6540256	21.00	42.00	6.78	12.15	101991.30	49809	0	CharlieHolbrow	
4095	1:49:07	1/1/2019 	6540353	19.00	9.00	6.87	12.16	101991.58	2779	0	CharlieHolbrow	
4096	1:49:08	1/1/2019 	6541212	19.00	10.00	6.87	12.16	101991.42	51926	0	CharlieHolbrow	
4097	1:49:09	1/1/2019 	6541899	18.00	9.00	6.93	12.16	101991.97	49811	0	CharlieHolbrow	
4098	1:49:10	1/1/2019 	6543128	19.00	11.00	6.87	12.17	101992.08	49812	0	CharlieHolbrow	
4099	1:49:10	1/1/2019 	6543568	18.00	9.00	6.93	12.17	101991.77	49811	0	CharlieHolbrow	
4100	1:49:11	1/1/2019 	6544424	18.00	9.00	6.93	12.17	101991.88	1837	0	CharlieHolbrow	
4101	1:49:12	1/1/2019 	6545132	19.00	129.00	6.96	12.17	101991.98	49816	1	CharlieHolbrow	
4102	1:49:13	1/1/2019 	6546128	20.00	20.00	6.82	12.17	101991.83	51784	0	CharlieHolbrow	
4103	1:49:14	1/1/2019 	6547301	22.00	66.00	6.73	12.17	101991.94	49813	0	CharlieHolbrow	
4104	1:49:14	1/1/2019 	6547498	19.00	9.00	6.87	12.18	101992.22	1836	0	CharlieHolbrow	
4105	1:49:15	1/1/2019 	6548342	23.00	97.00	6.69	12.18	101991.89	49809	0	CharlieHolbrow	
4106	1:49:16	1/1/2019 	6548738	18.00	9.00	6.93	12.18	101991.73	49811	0	CharlieHolbrow	
4107	1:49:16	1/1/2019 	6549266	18.00	9.00	6.93	12.18	101991.97	1836	0	CharlieHolbrow	
4108	1:49:17	1/1/2019 	6550087	18.00	13.00	6.94	12.18	101992.41	86085	0	CharlieHolbrow	
4109	1:49:18	1/1/2019 	6551270	18.00	9.00	6.93	12.18	101992.52	50753	0	CharlieHolbrow	
4110	1:49:18	1/1/2019 	6551408	18.00	9.00	6.93	12.18	101992.36	1836	0	CharlieHolbrow	
4111	1:49:19	1/1/2019 	6552056	18.00	9.00	6.93	12.18	101992.36	49808	0	CharlieHolbrow	
4112	1:49:19	1/1/2019 	6552288	19.00	9.00	6.87	12.18	101992.36	1836	0	CharlieHolbrow	
4113	1:49:20	1/1/2019 	6552828	23.00	81.00	6.68	12.19	101992.96	49809	1	CharlieHolbrow	
4114	1:49:20	1/1/2019 	6553051	23.00	53.00	6.67	12.19	101993.24	3951	0	CharlieHolbrow	
4115	1:49:20	1/1/2019 	6553389	18.00	9.00	6.93	12.19	101993.24	1835	0	CharlieHolbrow	
4116	1:49:20	1/1/2019 	6553497	19.00	9.00	6.87	12.19	101993.08	1834	1	CharlieHolbrow	
4117	1:49:21	1/1/2019 	6553798	19.00	9.00	6.87	12.19	101993.08	49810	1	CharlieHolbrow	
4118	1:49:21	1/1/2019 	6554435	17.00	9.00	7.00	12.19	101992.87	1836	0	CharlieHolbrow	
4119	1:49:22	1/1/2019 	6554717	18.00	9.00	6.93	12.19	101992.87	49808	0	CharlieHolbrow	
4120	1:49:23	1/1/2019 	6556403	18.00	9.00	6.93	12.19	101992.98	51835	0	CharlieHolbrow	
4121	1:49:23	1/1/2019 	6556459	28.00	145.00	6.48	12.19	101993.14	1836	1	CharlieHolbrow	
4122	1:49:24	1/1/2019 	6556678	18.00	9.00	6.93	12.19	101993.14	49808	0	CharlieHolbrow	
4123	1:49:26	1/1/2019 	6558897	18.00	9.00	6.93	12.20	101993.78	97781	1	CharlieHolbrow	
4124	1:49:27	1/1/2019 	6559709	19.00	10.00	6.87	12.20	101993.45	49810	0	CharlieHolbrow	
4125	1:49:27	1/1/2019 	6560363	32.00	242.00	6.35	12.20	101993.73	4893	1	CharlieHolbrow	
4126	1:49:29	1/1/2019 	6562219	35.00	324.00	6.28	12.21	101993.80	97782	1	CharlieHolbrow	
4127	1:49:30	1/1/2019 	6563172	26.00	142.00	6.57	12.21	101993.58	49811	0	CharlieHolbrow	
4128	1:49:30	1/1/2019 	6563287	22.00	47.00	6.72	12.21	101993.58	1837	0	CharlieHolbrow	
4129	1:49:31	1/1/2019 	6563768	37.00	378.00	6.25	12.21	101993.86	49811	1	CharlieHolbrow	
4130	1:49:31	1/1/2019 	6563842	21.00	27.00	6.77	12.21	101993.86	1837	0	CharlieHolbrow	
4131	1:49:31	1/1/2019 	6564078	24.00	93.00	6.64	12.22	101994.30	3807	1	CharlieHolbrow	
4132	1:49:31	1/1/2019 	6564477	18.00	9.00	6.93	12.22	101994.30	1836	0	CharlieHolbrow	
4133	1:49:32	1/1/2019 	6565657	21.00	53.00	6.78	12.22	101994.41	97786	0	CharlieHolbrow	
4134	1:49:33	1/1/2019 	6566431	18.00	8.00	6.93	12.22	101994.69	1836	0	CharlieHolbrow	
4135	1:49:34	1/1/2019 	6567000	18.00	9.00	6.93	12.22	101994.53	49810	0	CharlieHolbrow	
4136	1:49:35	1/1/2019 	6567774	18.00	9.00	6.93	12.22	101994.44	49809	0	CharlieHolbrow	
4137	1:49:36	1/1/2019 	6569311	40.00	425.00	6.19	12.23	101994.67	51782	1	CharlieHolbrow	
4138	1:49:37	1/1/2019 	6569841	19.00	10.00	6.87	12.23	101994.67	49811	0	CharlieHolbrow	
4139	1:49:37	1/1/2019 	6570167	18.00	9.00	6.93	12.23	101994.67	2779	0	CharlieHolbrow	
4140	1:49:37	1/1/2019 	6570339	18.00	9.00	6.93	12.23	101994.67	1835	0	CharlieHolbrow	
4141	1:49:37	1/1/2019 	6570350	23.00	68.00	6.68	12.23	101994.67	1835	1	CharlieHolbrow	
4142	1:49:37	1/1/2019 	6570410	18.00	9.00	6.93	12.23	101994.67	1835	0	CharlieHolbrow	
4143	1:49:37	1/1/2019 	6570667	47.00	594.00	6.13	12.23	101994.62	51927	1	CharlieHolbrow	
4144	1:49:38	1/1/2019 	6570708	20.00	23.00	6.83	12.23	101994.62	1844	0	CharlieHolbrow	
4145	1:49:38	1/1/2019 	6570816	20.00	10.00	6.81	12.23	101994.62	1844	0	CharlieHolbrow	
4146	1:49:39	1/1/2019 	6571699	18.00	9.00	6.93	12.23	101994.73	49814	0	CharlieHolbrow	
4147	1:49:39	1/1/2019 	6572126	25.00	101.00	6.59	12.23	101994.57	1837	1	CharlieHolbrow	
4148	1:49:39	1/1/2019 	6572237	18.00	9.00	6.93	12.23	101994.57	1835	0	CharlieHolbrow	
4149	1:49:39	1/1/2019 	6572266	19.00	9.00	6.87	12.23	101994.57	3861	0	CharlieHolbrow	
4150	1:49:39	1/1/2019 	6572597	17.00	9.00	7.00	12.24	101995.02	49810	0	CharlieHolbrow	
4151	1:49:40	1/1/2019 	6572849	41.00	445.00	6.18	12.24	101995.02	1835	1	CharlieHolbrow	
4152	1:49:41	1/1/2019 	6574482	18.00	9.00	6.93	12.24	101994.96	49810	0	CharlieHolbrow	
4153	1:49:42	1/1/2019 	6574831	25.00	129.00	6.61	12.24	101995.41	49811	0	CharlieHolbrow	
4154	1:49:42	1/1/2019 	6575169	19.00	9.00	6.87	12.24	101994.91	3808	0	CharlieHolbrow	
4155	1:49:43	1/1/2019 	6575719	18.00	9.00	6.93	12.24	101995.03	49809	0	CharlieHolbrow	
4156	1:49:43	1/1/2019 	6575721	24.00	82.00	6.63	12.24	101995.03	1836	0	CharlieHolbrow	
4157	1:49:43	1/1/2019 	6575964	18.00	8.00	6.93	12.24	101995.03	1836	0	CharlieHolbrow	
4158	1:49:44	1/1/2019 	6577159	18.00	9.00	6.93	12.25	101995.11	49809	0	CharlieHolbrow	
4159	1:49:45	1/1/2019 	6578005	22.00	62.00	6.73	12.25	101995.55	49811	1	CharlieHolbrow	
4160	1:49:45	1/1/2019 	6578094	26.00	125.00	6.56	12.25	101995.55	3808	0	CharlieHolbrow	
4161	1:49:46	1/1/2019 	6578764	18.00	9.00	6.93	12.25	101995.66	49811	0	CharlieHolbrow	
4162	1:49:46	1/1/2019 	6578886	22.00	44.00	6.72	12.25	101995.66	1836	0	CharlieHolbrow	
4163	1:49:47	1/1/2019 	6580039	19.00	11.00	6.87	12.25	101995.29	49810	0	CharlieHolbrow	
4164	1:49:47	1/1/2019 	6580563	23.00	73.00	6.68	12.25	101995.12	50757	1	CharlieHolbrow	
4165	1:49:48	1/1/2019 	6580689	18.00	9.00	6.93	12.26	101995.24	1841	0	CharlieHolbrow	
4166	1:49:48	1/1/2019 	6581046	33.00	213.00	6.31	12.26	101995.24	3949	0	CharlieHolbrow	
4167	1:49:48	1/1/2019 	6581283	20.00	13.00	6.81	12.26	101994.75	1836	0	CharlieHolbrow	
4168	1:49:49	1/1/2019 	6581895	18.00	8.00	6.93	12.26	101995.03	49809	0	CharlieHolbrow	
4169	1:49:49	1/1/2019 	6582018	19.00	10.00	6.87	12.26	101995.03	1836	0	CharlieHolbrow	
4170	1:49:49	1/1/2019 	6582029	18.00	9.00	6.93	12.26	101995.03	1835	0	CharlieHolbrow	
4171	1:49:50	1/1/2019 	6583436	18.00	9.00	6.93	12.26	101994.66	49809	0	CharlieHolbrow	
4172	1:49:50	1/1/2019 	6583622	26.00	111.00	6.55	12.26	101994.66	51783	0	CharlieHolbrow	
4173	1:49:51	1/1/2019 	6583916	30.00	203.00	6.42	12.26	101994.49	1835	1	CharlieHolbrow	
4174	1:49:51	1/1/2019 	6584001	18.00	9.00	6.93	12.26	101994.49	1836	0	CharlieHolbrow	
4175	1:49:53	1/1/2019 	6585882	25.00	103.00	6.59	12.27	101994.64	97783	1	CharlieHolbrow	
4176	1:49:53	1/1/2019 	6585932	18.00	9.00	6.93	12.27	101994.64	1836	0	CharlieHolbrow	
4177	1:49:53	1/1/2019 	6586170	24.00	57.00	6.62	12.27	101994.64	1835	0	CharlieHolbrow	
4178	1:49:53	1/1/2019 	6586476	18.00	9.00	6.93	12.27	101994.31	3806	0	CharlieHolbrow	
4179	1:49:54	1/1/2019 	6586884	20.00	32.00	6.83	12.27	101994.42	49809	0	CharlieHolbrow	
4180	1:49:54	1/1/2019 	6587234	18.00	9.00	6.93	12.27	101994.09	1836	0	CharlieHolbrow	
4181	1:49:54	1/1/2019 	6587372	18.00	9.00	6.93	12.27	101994.09	1834	0	CharlieHolbrow	
4182	1:49:54	1/1/2019 	6587467	23.00	55.00	6.67	12.27	101994.09	1835	1	CharlieHolbrow	
4183	1:49:54	1/1/2019 	6587582	18.00	9.00	6.93	12.27	101994.09	51782	0	CharlieHolbrow	
4184	1:49:58	1/1/2019 	6590778	38.00	383.00	6.22	12.28	101994.11	145760	1	CharlieHolbrow	
4185	1:49:58	1/1/2019 	6590976	21.00	33.00	6.77	12.28	101994.11	2779	0	CharlieHolbrow	
4186	1:49:58	1/1/2019 	6591064	18.00	9.00	6.93	12.28	101994.11	1835	0	CharlieHolbrow	
4187	1:49:58	1/1/2019 	6591498	25.00	101.00	6.59	12.28	101994.72	1835	0	CharlieHolbrow	
4188	1:49:58	1/1/2019 	6591618	38.00	371.00	6.22	12.28	101994.72	49835	1	CharlieHolbrow	
4189	1:50:00	1/1/2019 	6592720	20.00	26.00	6.83	12.28	101994.83	51927	0	CharlieHolbrow	
4190	1:50:01	1/1/2019 	6593735	23.00	106.00	6.70	12.29	101994.45	49812	0	CharlieHolbrow	
4191	1:50:01	1/1/2019 	6594265	50.00	674.00	6.15	12.29	101994.38	1840	1	CharlieHolbrow	
4192	1:50:02	1/1/2019 	6595115	18.00	9.00	6.93	12.29	101994.20	49816	0	CharlieHolbrow	
4193	1:50:02	1/1/2019 	6595484	31.00	231.00	6.38	12.29	101994.48	1837	1	CharlieHolbrow	
4194	1:50:03	1/1/2019 	6596045	18.00	8.00	6.93	12.29	101994.48	49811	0	CharlieHolbrow	
4195	1:50:04	1/1/2019 	6597226	18.00	9.00	6.93	12.29	101994.59	51783	0	CharlieHolbrow	
4196	1:50:05	1/1/2019 	6597885	18.00	9.00	6.93	12.30	101994.39	49812	0	CharlieHolbrow	
4197	1:50:05	1/1/2019 	6598051	18.00	9.00	6.93	12.30	101994.39	1836	0	CharlieHolbrow	
4198	1:50:06	1/1/2019 	6598812	22.00	51.00	6.72	12.30	101994.06	49810	0	CharlieHolbrow	
4199	1:50:06	1/1/2019 	6599321	27.00	127.00	6.51	12.30	101994.34	1836	0	CharlieHolbrow	
4200	1:50:06	1/1/2019 	6599620	24.00	84.00	6.63	12.30	101994.34	49812	1	CharlieHolbrow	
4201	1:50:08	1/1/2019 	6600876	19.00	9.00	6.87	12.30	101994.78	52868	0	CharlieHolbrow	
4202	1:50:09	1/1/2019 	6601798	29.00	193.00	6.45	12.30	101995.22	49813	0	CharlieHolbrow	
4203	1:50:09	1/1/2019 	6602284	18.00	9.00	6.93	12.30	101995.22	1838	0	CharlieHolbrow	
4204	1:50:10	1/1/2019 	6603647	18.00	8.00	6.93	12.31	101995.50	97786	0	CharlieHolbrow	
4205	1:50:11	1/1/2019 	6603989	18.00	9.00	6.93	12.31	101995.94	1836	0	CharlieHolbrow	
4206	1:50:11	1/1/2019 	6604182	19.00	9.00	6.87	12.31	101995.94	1836	0	CharlieHolbrow	
4207	1:50:11	1/1/2019 	6604221	18.00	9.00	6.93	12.31	101995.94	3806	0	CharlieHolbrow	
4208	1:50:11	1/1/2019 	6604382	18.00	7.00	6.93	12.31	101995.77	1834	0	CharlieHolbrow	
4209	1:50:12	1/1/2019 	6604707	19.00	16.00	6.88	12.31	101995.77	49810	0	CharlieHolbrow	
4210	1:50:12	1/1/2019 	6604827	18.00	9.00	6.93	12.31	101995.77	1836	0	CharlieHolbrow	
4211	1:50:13	1/1/2019 	6605981	18.00	8.00	6.93	12.31	101995.80	49810	0	CharlieHolbrow	
4212	1:50:15	1/1/2019 	6607931	18.00	9.00	6.93	12.32	101996.03	99729	0	CharlieHolbrow	
4213	1:50:15	1/1/2019 	6607995	18.00	9.00	6.93	12.32	101996.03	1836	0	CharlieHolbrow	
4214	1:50:15	1/1/2019 	6608233	19.00	9.00	6.87	12.32	101996.03	1835	0	CharlieHolbrow	
4215	1:50:17	1/1/2019 	6609936	24.00	104.00	6.65	12.32	101996.42	97783	1	CharlieHolbrow	
4216	1:50:17	1/1/2019 	6610079	12.00	9.00	7.37	12.32	101996.42	2583	0	CharlieHolbrow	
4217	1:50:19	1/1/2019 	6611758	22.00	56.00	6.73	12.33	101996.53	97781	0	CharlieHolbrow	
4218	1:50:21	1/1/2019 	6614198	19.00	10.00	6.87	12.33	101996.68	101092	0	CharlieHolbrow	
4219	1:50:21	1/1/2019 	6614215	19.00	9.00	6.87	12.33	101996.68	1836	0	CharlieHolbrow	
4220	1:50:22	1/1/2019 	6614946	18.00	9.00	6.93	12.34	101996.47	49810	0	CharlieHolbrow	
4221	1:50:22	1/1/2019 	6615667	19.00	9.00	6.87	12.34	101996.47	49810	0	CharlieHolbrow	
4222	1:50:23	1/1/2019 	6615791	25.00	116.00	6.60	12.34	101996.47	1835	1	CharlieHolbrow	
4223	1:50:23	1/1/2019 	6616085	23.00	49.00	6.67	12.34	101996.74	1837	0	CharlieHolbrow	
4224	1:50:23	1/1/2019 	6616384	24.00	74.00	6.63	12.34	101996.74	3807	0	CharlieHolbrow	
4225	1:50:24	1/1/2019 	6616942	18.00	9.00	6.93	12.34	101997.19	49810	0	CharlieHolbrow	
4226	1:50:28	1/1/2019 	6621116	18.00	9.00	6.93	12.35	101996.55	193733	0	CharlieHolbrow	
4227	1:50:28	1/1/2019 	6621339	18.00	9.00	6.93	12.35	101996.55	2584	0	CharlieHolbrow	
4228	1:50:29	1/1/2019 	6621743	22.00	56.00	6.73	12.35	101996.98	49808	0	CharlieHolbrow	
4229	1:50:29	1/1/2019 	6622119	18.00	9.00	6.93	12.35	101996.98	1838	0	CharlieHolbrow	
4230	1:50:30	1/1/2019 	6622817	18.00	9.00	6.93	12.35	101997.10	51924	0	CharlieHolbrow	
4231	1:50:30	1/1/2019 	6622856	19.00	15.00	6.88	12.35	101997.10	1837	1	CharlieHolbrow	
4232	1:50:30	1/1/2019 	6623401	18.00	9.00	6.93	12.35	101997.10	1835	0	CharlieHolbrow	
4233	1:50:30	1/1/2019 	6623595	19.00	9.00	6.87	12.36	101997.34	49810	0	CharlieHolbrow	
4234	1:50:31	1/1/2019 	6623857	19.00	11.00	6.87	12.36	101997.34	1835	0	CharlieHolbrow	
4235	1:50:33	1/1/2019 	6626116	34.00	305.00	6.30	12.36	101997.08	97787	0	CharlieHolbrow	
4236	1:50:33	1/1/2019 	6626248	21.00	33.00	6.77	12.36	101997.08	3862	1	CharlieHolbrow	
4237	1:50:34	1/1/2019 	6626796	18.00	9.00	6.93	12.36	101997.53	49811	0	CharlieHolbrow	
4238	1:50:35	1/1/2019 	6627821	18.00	9.00	6.93	12.37	101997.80	49810	0	CharlieHolbrow	
4239	1:50:35	1/1/2019 	6627829	18.00	9.00	6.93	12.37	101997.80	1837	1	CharlieHolbrow	
4240	1:50:35	1/1/2019 	6627955	21.00	35.00	6.78	12.37	101997.80	1834	1	CharlieHolbrow	
4241	1:50:35	1/1/2019 	6628181	20.00	24.00	6.83	12.37	101997.96	1835	0	CharlieHolbrow	
4242	1:50:35	1/1/2019 	6628472	20.00	11.00	6.81	12.37	101997.96	3808	0	CharlieHolbrow	
4243	1:50:37	1/1/2019 	6629714	22.00	64.00	6.73	12.37	101998.35	97786	0	CharlieHolbrow	
4244	1:50:38	1/1/2019 	6631610	18.00	9.00	6.93	12.38	101998.22	98533	0	CharlieHolbrow	
4245	1:50:39	1/1/2019 	6631755	19.00	12.00	6.87	12.38	101998.22	1836	0	CharlieHolbrow	
4246	1:50:39	1/1/2019 	6632028	24.00	116.00	6.65	12.38	101998.22	1837	1	CharlieHolbrow	
4247	1:50:40	1/1/2019 	6633134	36.00	357.00	6.27	12.38	101998.02	51926	1	CharlieHolbrow	
4248	1:50:40	1/1/2019 	6633638	18.00	8.00	6.93	12.38	101998.12	49814	0	CharlieHolbrow	
4249	1:50:41	1/1/2019 	6634665	18.00	9.00	6.93	12.38	101997.91	49816	1	CharlieHolbrow	
4250	1:50:42	1/1/2019 	6635182	18.00	9.00	6.93	12.38	101997.75	1836	0	CharlieHolbrow	
4251	1:50:43	1/1/2019 	6636094	18.00	9.00	6.93	12.39	101997.86	49811	0	CharlieHolbrow	
4252	1:50:44	1/1/2019 	6636920	18.00	9.00	6.93	12.39	101997.81	49811	0	CharlieHolbrow	
4253	1:50:44	1/1/2019 	6637092	18.00	9.00	6.93	12.39	101997.66	3808	0	CharlieHolbrow	
4254	1:50:47	1/1/2019 	6640123	20.00	27.00	6.83	12.40	101997.83	145759	1	CharlieHolbrow	
4255	1:50:47	1/1/2019 	6640644	21.00	18.00	6.76	12.40	101997.67	50559	0	CharlieHolbrow	
4256	1:50:50	1/1/2019 	6643394	21.00	12.00	6.75	12.40	101997.48	97782	0	CharlieHolbrow	
4257	1:50:51	1/1/2019 	6644318	25.00	121.00	6.61	12.41	101997.59	49811	0	CharlieHolbrow	
4258	1:50:51	1/1/2019 	6644902	18.00	9.00	6.93	12.41	101997.28	49811	1	CharlieHolbrow	
4259	1:50:52	1/1/2019 	6645476	32.00	266.00	6.36	12.41	101997.71	3950	1	CharlieHolbrow	
4260	1:50:55	1/1/2019 	6647990	18.00	9.00	6.93	12.41	101997.45	145761	0	CharlieHolbrow	
4261	1:50:55	1/1/2019 	6648322	18.00	9.00	6.93	12.42	101997.23	1836	0	CharlieHolbrow	
4262	1:50:55	1/1/2019 	6648549	18.00	9.00	6.93	12.42	101997.23	49810	0	CharlieHolbrow	
4263	1:50:56	1/1/2019 	6649237	18.00	9.00	6.93	12.42	101996.86	1835	0	CharlieHolbrow	
4264	1:50:57	1/1/2019 	6649952	20.00	19.00	6.82	12.42	101996.70	49810	0	CharlieHolbrow	
4265	1:50:57	1/1/2019 	6650147	22.00	49.00	6.72	12.42	101996.70	4725	0	CharlieHolbrow	
4266	1:50:57	1/1/2019 	6650186	18.00	9.00	6.93	12.42	101996.70	1836	0	CharlieHolbrow	
4267	1:50:57	1/1/2019 	6650354	18.00	9.00	6.93	12.42	101996.38	1836	0	CharlieHolbrow	
4268	1:50:58	1/1/2019 	6651710	18.00	9.00	6.93	12.42	101996.62	97791	0	CharlieHolbrow	
4269	1:50:59	1/1/2019 	6652197	18.00	9.00	6.93	12.42	101996.90	1836	0	CharlieHolbrow	
4270	1:50:59	1/1/2019 	6652326	37.00	350.00	6.24	12.42	101996.73	1836	0	CharlieHolbrow	
4271	1:51:00	1/1/2019 	6653145	18.00	9.00	6.93	12.43	101997.02	55226	0	CharlieHolbrow	
4272	1:51:01	1/1/2019 	6654086	19.00	9.00	6.87	12.43	101997.12	49814	0	CharlieHolbrow	
4273	1:51:01	1/1/2019 	6654833	19.00	10.00	6.87	12.43	101997.08	49816	0	CharlieHolbrow	
4274	1:51:03	1/1/2019 	6656108	20.00	26.00	6.83	12.43	101996.86	49812	0	CharlieHolbrow	
4275	1:51:04	1/1/2019 	6657146	22.00	61.00	6.73	12.44	101996.81	49812	0	CharlieHolbrow	
4276	1:51:05	1/1/2019 	6658890	18.00	9.00	6.93	12.44	101997.53	99757	0	CharlieHolbrow	
4277	1:51:05	1/1/2019 	6658910	28.00	132.00	6.47	12.44	101997.53	1837	1	CharlieHolbrow	
4278	1:51:07	1/1/2019 	6660121	18.00	9.00	6.93	12.44	101997.61	49811	0	CharlieHolbrow	
4279	1:51:07	1/1/2019 	6660580	18.00	9.00	6.93	12.45	101997.89	50558	0	CharlieHolbrow	
4280	1:51:07	1/1/2019 	6660780	18.00	9.00	6.93	12.45	101997.89	1836	0	CharlieHolbrow	
4281	1:51:08	1/1/2019 	6661215	18.00	9.00	6.93	12.45	101997.72	1836	0	CharlieHolbrow	
4282	1:51:09	1/1/2019 	6661970	18.00	9.00	6.93	12.45	101998.00	51924	0	CharlieHolbrow	
4283	1:51:09	1/1/2019 	6662270	17.00	9.00	7.00	12.45	101998.00	1836	0	CharlieHolbrow	
4284	1:51:10	1/1/2019 	6663037	22.00	62.00	6.73	12.45	101998.28	49809	0	CharlieHolbrow	
4285	1:51:10	1/1/2019 	6663046	26.00	115.00	6.55	12.45	101998.28	1838	0	CharlieHolbrow	
4286	1:51:10	1/1/2019 	6663793	28.00	168.00	6.49	12.45	101998.55	49809	1	CharlieHolbrow	
4287	1:51:11	1/1/2019 	6664263	23.00	88.00	6.69	12.45	101998.23	1836	1	CharlieHolbrow	
4288	1:51:11	1/1/2019 	6664375	28.00	63.00	6.43	12.45	101998.06	3808	1	CharlieHolbrow	
4289	1:51:12	1/1/2019 	6665585	20.00	18.00	6.82	12.46	101998.18	97782	0	CharlieHolbrow	
4290	1:51:12	1/1/2019 	6665895	23.00	63.00	6.67	12.46	101998.45	1837	0	CharlieHolbrow	
4291	1:51:13	1/1/2019 	6665955	18.00	8.00	6.93	12.46	101998.45	1835	0	CharlieHolbrow	
4292	1:51:14	1/1/2019 	6667058	27.00	179.00	6.54	12.46	101998.24	49808	1	CharlieHolbrow	
4293	1:51:14	1/1/2019 	6667498	19.00	10.00	6.87	12.46	101998.36	1837	0	CharlieHolbrow	
4294	1:51:15	1/1/2019 	6668071	22.00	60.00	6.73	12.46	101998.20	51835	1	CharlieHolbrow	
4295	1:51:15	1/1/2019 	6668587	19.00	9.00	6.87	12.47	101998.11	49811	0	CharlieHolbrow	
4296	1:51:15	1/1/2019 	6668720	18.00	9.00	6.93	12.47	101998.11	1835	0	CharlieHolbrow	
4297	1:51:15	1/1/2019 	6668774	19.00	9.00	6.87	12.47	101998.11	1835	0	CharlieHolbrow	
4298	1:51:16	1/1/2019 	6668929	18.00	9.00	6.93	12.47	101998.22	1834	0	CharlieHolbrow	
4299	1:51:16	1/1/2019 	6669834	19.00	9.00	6.87	12.47	101997.91	49810	0	CharlieHolbrow	
4300	1:51:16	1/1/2019 	6669862	20.00	14.00	6.82	12.47	101998.02	4726	0	CharlieHolbrow	
4301	1:51:17	1/1/2019 	6670067	19.00	10.00	6.87	12.47	101998.02	1835	0	CharlieHolbrow	
4302	1:51:17	1/1/2019 	6670129	19.00	9.00	6.87	12.47	101998.02	1836	0	CharlieHolbrow	
4303	1:51:17	1/1/2019 	6670833	24.00	80.00	6.63	12.47	101997.97	49808	0	CharlieHolbrow	
4304	1:51:18	1/1/2019 	6671033	21.00	44.00	6.78	12.47	101997.97	1835	1	CharlieHolbrow	
4305	1:51:18	1/1/2019 	6671237	18.00	9.00	6.93	12.47	101997.97	3808	0	CharlieHolbrow	
4306	1:51:18	1/1/2019 	6671427	18.00	9.00	6.93	12.48	101998.23	1835	0	CharlieHolbrow	
4307	1:51:18	1/1/2019 	6671792	19.00	9.00	6.87	12.48	101998.23	49806	0	CharlieHolbrow	
4308	1:51:19	1/1/2019 	6672106	22.00	77.00	6.74	12.48	101998.35	1835	1	CharlieHolbrow	
4309	1:51:19	1/1/2019 	6672485	18.00	9.00	6.93	12.48	101998.19	1836	0	CharlieHolbrow	
4310	1:51:20	1/1/2019 	6673729	18.00	9.00	6.93	12.48	101998.74	97779	0	CharlieHolbrow	
4311	1:51:20	1/1/2019 	6673799	20.00	12.00	6.81	12.48	101998.74	3808	0	CharlieHolbrow	
4312	1:51:21	1/1/2019 	6674404	17.00	9.00	7.00	12.49	101998.53	1836	0	CharlieHolbrow	
4313	1:51:22	1/1/2019 	6674935	18.00	9.00	6.93	12.49	101998.37	49808	0	CharlieHolbrow	
4314	1:51:23	1/1/2019 	6676641	18.00	8.00	6.93	12.49	101998.23	97781	1	CharlieHolbrow	
4315	1:51:25	1/1/2019 	6678621	18.00	9.00	6.93	12.50	101998.91	97783	1	CharlieHolbrow	
4316	1:51:25	1/1/2019 	6678636	19.00	12.00	6.87	12.50	101998.91	1836	0	CharlieHolbrow	
4317	1:51:26	1/1/2019 	6679338	18.00	9.00	6.93	12.50	101998.74	3807	0	CharlieHolbrow	
4318	1:51:26	1/1/2019 	6679496	18.00	8.00	6.93	12.50	101998.69	1835	0	CharlieHolbrow	
4319	1:51:26	1/1/2019 	6679659	19.00	10.00	6.87	12.50	101998.69	49808	0	CharlieHolbrow	
4320	1:51:27	1/1/2019 	6680039	18.00	10.00	6.93	12.50	101998.53	2584	0	CharlieHolbrow	
4321	1:51:28	1/1/2019 	6681099	18.00	9.00	6.93	12.50	101998.31	49811	0	CharlieHolbrow	
4322	1:51:28	1/1/2019 	6681785	18.00	9.00	6.93	12.51	101998.59	49808	0	CharlieHolbrow	
4323	1:51:28	1/1/2019 	6681886	18.00	9.00	6.93	12.51	101998.59	3950	0	CharlieHolbrow	
4324	1:51:28	1/1/2019 	6681892	32.00	240.00	6.35	12.51	101998.59	1836	0	CharlieHolbrow	
4325	1:51:29	1/1/2019 	6682407	18.00	9.00	6.93	12.51	101998.67	1836	0	CharlieHolbrow	
4326	1:51:30	1/1/2019 	6683916	24.00	79.00	6.63	12.51	101998.46	97782	0	CharlieHolbrow	
4327	1:51:31	1/1/2019 	6684067	25.00	51.00	6.57	12.51	101998.73	1837	0	CharlieHolbrow	
4328	1:51:31	1/1/2019 	6684317	18.00	8.00	6.93	12.51	101998.73	1836	0	CharlieHolbrow	
4329	1:51:31	1/1/2019 	6684570	18.00	9.00	6.93	12.51	101998.58	55226	0	CharlieHolbrow	
4330	1:51:32	1/1/2019 	6685399	18.00	9.00	6.93	12.52	101998.85	1835	0	CharlieHolbrow	
4331	1:51:33	1/1/2019 	6686585	18.00	9.00	6.93	12.52	101999.08	97783	0	CharlieHolbrow	
4332	1:51:34	1/1/2019 	6687903	22.00	48.00	6.72	12.53	101999.20	49809	0	CharlieHolbrow	
4333	1:51:35	1/1/2019 	6688173	27.00	148.00	6.52	12.53	101998.87	1836	0	CharlieHolbrow	
4334	1:51:35	1/1/2019 	6688410	18.00	9.00	6.93	12.53	101998.87	1837	0	CharlieHolbrow	
4335	1:51:36	1/1/2019 	6688919	23.00	75.00	6.68	12.53	101998.98	51780	1	CharlieHolbrow	
4336	1:51:37	1/1/2019 	6690035	18.00	9.00	6.93	12.53	101999.34	49810	0	CharlieHolbrow	
4337	1:51:38	1/1/2019 	6690920	18.00	9.00	6.93	12.53	101999.34	50558	0	CharlieHolbrow	
4338	1:51:38	1/1/2019 	6691281	20.00	13.00	6.81	12.53	101999.61	1836	0	CharlieHolbrow	
4339	1:51:38	1/1/2019 	6691605	19.00	14.00	6.88	12.53	101999.61	49808	0	CharlieHolbrow	
4340	1:51:39	1/1/2019 	6692133	20.00	31.00	6.83	12.54	101999.73	3950	0	CharlieHolbrow	
4341	1:51:39	1/1/2019 	6692312	18.00	9.00	6.93	12.54	101999.73	1836	0	CharlieHolbrow	
4342	1:51:40	1/1/2019 	6693578	18.00	9.00	6.93	12.54	101999.62	97785	0	CharlieHolbrow	
4343	1:51:40	1/1/2019 	6693884	24.00	74.00	6.63	12.54	101999.62	1843	0	CharlieHolbrow	
4344	1:51:41	1/1/2019 	6694050	18.00	9.00	6.93	12.54	101999.62	1843	0	CharlieHolbrow	
4345	1:51:42	1/1/2019 	6694974	20.00	26.00	6.83	12.54	101999.47	49813	0	CharlieHolbrow	
4346	1:51:43	1/1/2019 	6696214	22.00	61.00	6.73	12.55	101999.53	51783	0	CharlieHolbrow	
4347	1:51:43	1/1/2019 	6696426	32.00	259.00	6.36	12.55	101999.53	1836	0	CharlieHolbrow	
4348	1:51:43	1/1/2019 	6696480	18.00	9.00	6.93	12.55	101999.53	1836	0	CharlieHolbrow	
4349	1:51:44	1/1/2019 	6697429	18.00	9.00	6.93	12.55	101999.64	49808	0	CharlieHolbrow	
4350	1:51:46	1/1/2019 	6699062	21.00	48.00	6.78	12.55	101999.27	97783	1	CharlieHolbrow	
4351	1:51:46	1/1/2019 	6699348	19.00	9.00	6.87	12.56	101999.52	1836	0	CharlieHolbrow	
4352	1:51:46	1/1/2019 	6699894	28.00	149.00	6.48	12.56	101999.52	51834	0	CharlieHolbrow	
4353	1:51:47	1/1/2019 	6700217	18.00	9.00	6.93	12.56	101999.80	2583	0	CharlieHolbrow	
4354	1:51:48	1/1/2019 	6701072	18.00	9.00	6.93	12.56	101999.80	49810	0	CharlieHolbrow	
4355	1:51:50	1/1/2019 	6703424	18.00	9.00	6.93	12.57	102000.12	97784	0	CharlieHolbrow	
4356	1:51:51	1/1/2019 	6703972	18.00	9.00	6.93	12.57	101999.97	49815	0	CharlieHolbrow	
4357	1:51:51	1/1/2019 	6704779	36.00	322.00	6.25	12.57	102000.36	49809	0	CharlieHolbrow	
4358	1:51:52	1/1/2019 	6705182	18.00	9.00	6.93	12.57	102000.36	3950	0	CharlieHolbrow	
4359	1:51:52	1/1/2019 	6705560	28.00	175.00	6.49	12.57	102000.36	49811	1	CharlieHolbrow	
4360	1:51:53	1/1/2019 	6706121	19.00	9.00	6.87	12.57	102000.31	1835	0	CharlieHolbrow	
4361	1:51:54	1/1/2019 	6707125	21.00	42.00	6.78	12.58	102000.42	49807	0	CharlieHolbrow	
4362	1:51:54	1/1/2019 	6707594	18.00	9.00	6.93	12.58	102000.09	49809	0	CharlieHolbrow	
4363	1:51:55	1/1/2019 	6708107	19.00	9.00	6.87	12.58	102000.18	1835	0	CharlieHolbrow	
4364	1:51:58	1/1/2019 	6711067	17.00	9.00	7.00	12.59	102000.19	147729	0	CharlieHolbrow	
4365	1:51:58	1/1/2019 	6711366	18.00	9.00	6.93	12.59	102000.47	2583	0	CharlieHolbrow	
4366	1:51:58	1/1/2019 	6711745	19.00	15.00	6.88	12.59	102000.14	49808	0	CharlieHolbrow	
4367	1:52:00	1/1/2019 	6713294	18.00	12.00	6.94	12.59	102000.53	49809	0	CharlieHolbrow	
4368	1:52:01	1/1/2019 	6713985	18.00	8.00	6.93	12.59	102000.37	49811	0	CharlieHolbrow	
4369	1:52:01	1/1/2019 	6714599	18.00	8.00	6.93	12.60	102000.64	51925	0	CharlieHolbrow	
4370	1:52:02	1/1/2019 	6715384	18.00	8.00	6.93	12.60	102000.76	1835	0	CharlieHolbrow	
4371	1:52:03	1/1/2019 	6716024	18.00	10.00	6.93	12.60	102000.44	49810	0	CharlieHolbrow	
4372	1:52:05	1/1/2019 	6718618	18.00	9.00	6.93	12.61	102000.91	145760	0	CharlieHolbrow	
4373	1:52:05	1/1/2019 	6718637	19.00	10.00	6.87	12.61	102000.91	1837	0	CharlieHolbrow	
4374	1:52:05	1/1/2019 	6718849	18.00	9.00	6.93	12.61	102000.74	1835	0	CharlieHolbrow	
4375	1:52:05	1/1/2019 	6718908	18.00	9.00	6.93	12.61	102000.74	3807	0	CharlieHolbrow	
4376	1:52:07	1/1/2019 	6720037	18.00	8.00	6.93	12.61	102001.12	49811	0	CharlieHolbrow	
4377	1:52:08	1/1/2019 	6721189	18.00	8.00	6.93	12.61	102001.08	50563	0	CharlieHolbrow	
4378	1:52:09	1/1/2019 	6721967	18.00	9.00	6.93	12.62	102001.20	49811	0	CharlieHolbrow	
4379	1:52:09	1/1/2019 	6722576	19.00	9.00	6.87	12.62	102000.70	49811	0	CharlieHolbrow	
4380	1:52:10	1/1/2019 	6723604	18.00	9.00	6.93	12.62	102000.98	49810	0	CharlieHolbrow	
4381	1:52:10	1/1/2019 	6723886	18.00	9.00	6.93	12.62	102001.26	3951	0	CharlieHolbrow	
4382	1:52:11	1/1/2019 	6724630	18.00	9.00	6.93	12.62	102001.26	49810	0	CharlieHolbrow	
4383	1:52:12	1/1/2019 	6724971	19.00	25.00	6.89	12.62	102001.50	1836	0	CharlieHolbrow	
4384	1:52:13	1/1/2019 	6726329	19.00	11.00	6.87	12.63	102001.73	49811	0	CharlieHolbrow	
4385	1:52:13	1/1/2019 	6726866	26.00	120.00	6.56	12.63	102001.57	49812	1	CharlieHolbrow	
4386	1:52:14	1/1/2019 	6727473	24.00	83.00	6.63	12.63	102001.57	1836	0	CharlieHolbrow	
4387	1:52:15	1/1/2019 	6728380	18.00	9.00	6.93	12.63	102001.36	55230	0	CharlieHolbrow	
4388	1:52:15	1/1/2019 	6728634	18.00	8.00	6.93	12.63	102001.36	49811	0	CharlieHolbrow	
4389	1:52:16	1/1/2019 	6729612	25.00	132.00	6.61	12.63	102001.62	49813	1	CharlieHolbrow	
4390	1:52:17	1/1/2019 	6730312	18.00	9.00	6.93	12.64	102002.07	2589	0	CharlieHolbrow	
4391	1:52:19	1/1/2019 	6732088	18.00	13.00	6.94	12.64	102001.97	97784	0	CharlieHolbrow	
4392	1:52:19	1/1/2019 	6732129	25.00	102.00	6.59	12.64	102001.97	1837	1	CharlieHolbrow	
4393	1:52:20	1/1/2019 	6733022	18.00	9.00	6.93	12.65	102002.66	51923	0	CharlieHolbrow	
4394	1:52:21	1/1/2019 	6734036	20.00	30.00	6.83	12.65	102003.09	49811	1	CharlieHolbrow	
4395	1:52:21	1/1/2019 	6734842	19.00	9.00	6.87	12.65	102003.20	49811	0	CharlieHolbrow	
4396	1:52:23	1/1/2019 	6736827	24.00	86.00	6.63	12.66	102003.11	97785	0	CharlieHolbrow	
4397	1:52:24	1/1/2019 	6736968	18.00	8.00	6.93	12.66	102003.39	1836	0	CharlieHolbrow	
4398	1:52:24	1/1/2019 	6737014	39.00	405.00	6.21	12.66	102003.39	3862	0	CharlieHolbrow	
4399	1:52:24	1/1/2019 	6737386	18.00	8.00	6.93	12.66	102003.39	1835	0	CharlieHolbrow	
4400	1:52:24	1/1/2019 	6737773	19.00	9.00	6.87	12.66	102002.89	49810	0	CharlieHolbrow	
4401	1:52:25	1/1/2019 	6738310	18.00	9.00	6.93	12.66	102003.17	1835	0	CharlieHolbrow	
4402	1:52:25	1/1/2019 	6738893	19.00	9.00	6.87	12.66	102002.84	49810	0	CharlieHolbrow	
4403	1:52:26	1/1/2019 	6739732	18.00	9.00	6.93	12.66	102002.96	49810	0	CharlieHolbrow	
4404	1:52:26	1/1/2019 	6739790	18.00	8.00	6.93	12.66	102002.96	4894	0	CharlieHolbrow	
4405	1:52:27	1/1/2019 	6739975	24.00	104.00	6.65	12.67	102003.20	1835	0	CharlieHolbrow	
4406	1:52:27	1/1/2019 	6740296	18.00	9.00	6.93	12.67	102003.20	1838	0	CharlieHolbrow	
4407	1:52:28	1/1/2019 	6740924	18.00	9.00	6.93	12.67	102003.32	49812	0	CharlieHolbrow	
4408	1:52:28	1/1/2019 	6740977	18.00	9.00	6.93	12.67	102003.32	1836	0	CharlieHolbrow	
4409	1:52:28	1/1/2019 	6741376	18.00	8.00	6.93	12.67	102003.32	1835	0	CharlieHolbrow	
4410	1:52:28	1/1/2019 	6741632	30.00	216.00	6.42	12.67	102003.59	51782	1	CharlieHolbrow	
4411	1:52:29	1/1/2019 	6741964	18.00	9.00	6.93	12.67	102003.59	1836	0	CharlieHolbrow	
4412	1:52:29	1/1/2019 	6742205	31.00	228.00	6.38	12.67	102003.59	1836	1	CharlieHolbrow	
4413	1:52:29	1/1/2019 	6742708	26.00	128.00	6.56	12.67	102003.88	49814	0	CharlieHolbrow	
4414	1:52:31	1/1/2019 	6744023	19.00	12.00	6.87	12.68	102003.50	49816	0	CharlieHolbrow	
4415	1:52:32	1/1/2019 	6745182	18.00	9.00	6.93	12.68	102003.77	49812	0	CharlieHolbrow	
4416	1:52:32	1/1/2019 	6745242	18.00	8.00	6.93	12.68	102003.77	3807	0	CharlieHolbrow	
4417	1:52:33	1/1/2019 	6746433	25.00	118.00	6.60	12.68	102003.72	49809	1	CharlieHolbrow	
4418	1:52:34	1/1/2019 	6747036	25.00	110.00	6.60	12.68	102003.51	49813	0	CharlieHolbrow	
4419	1:52:34	1/1/2019 	6747049	18.00	8.00	6.93	12.68	102003.51	1836	0	CharlieHolbrow	
4420	1:52:34	1/1/2019 	6747612	18.00	8.00	6.93	12.69	102003.78	49808	0	CharlieHolbrow	
4421	1:52:34	1/1/2019 	6747867	19.00	10.00	6.87	12.69	102003.78	1836	0	CharlieHolbrow	
4422	1:52:35	1/1/2019 	6747923	18.00	9.00	6.93	12.69	102003.78	3806	0	CharlieHolbrow	
4423	1:52:35	1/1/2019 	6748266	18.00	9.00	6.93	12.69	102003.46	1835	0	CharlieHolbrow	
4424	1:52:35	1/1/2019 	6748396	19.00	8.00	6.86	12.69	102003.46	1834	0	CharlieHolbrow	
4425	1:52:36	1/1/2019 	6749053	21.00	40.00	6.78	12.69	102003.54	49811	1	CharlieHolbrow	
4426	1:52:36	1/1/2019 	6749571	18.00	9.00	6.93	12.69	102003.82	49812	0	CharlieHolbrow	
4427	1:52:36	1/1/2019 	6749595	18.00	9.00	6.93	12.69	102003.82	2778	0	CharlieHolbrow	
4428	1:52:36	1/1/2019 	6749683	18.00	9.00	6.93	12.69	102003.82	4002	0	CharlieHolbrow	
4429	1:52:36	1/1/2019 	6749839	21.00	9.00	6.75	12.69	102003.82	1835	0	CharlieHolbrow	
4430	1:52:36	1/1/2019 	6749898	16.00	71.00	7.12	12.69	102003.82	1835	0	CharlieHolbrow	
4431	1:52:38	1/1/2019 	6751009	18.00	9.00	6.93	12.69	102004.09	49811	0	CharlieHolbrow	
4432	1:52:39	1/1/2019 	6752706	18.00	9.00	6.93	12.70	102004.16	97786	0	CharlieHolbrow	
4433	1:52:39	1/1/2019 	6752868	22.00	35.00	6.72	12.70	102004.16	3807	0	CharlieHolbrow	
4434	1:52:40	1/1/2019 	6752926	18.00	9.00	6.93	12.70	102004.16	1836	0	CharlieHolbrow	
4435	1:52:41	1/1/2019 	6754021	18.00	9.00	6.93	12.70	102004.59	49809	0	CharlieHolbrow	
4436	1:52:42	1/1/2019 	6755861	18.00	9.00	6.93	12.71	102004.66	97785	0	CharlieHolbrow	
4437	1:52:44	1/1/2019 	6757405	18.00	10.00	6.93	12.71	102004.70	49811	0	CharlieHolbrow	
4438	1:52:44	1/1/2019 	6757560	19.00	10.00	6.87	12.71	102004.80	49810	0	CharlieHolbrow	
4439	1:52:44	1/1/2019 	6757857	20.00	10.00	6.81	12.71	102004.80	3807	0	CharlieHolbrow	
4440	1:52:45	1/1/2019 	6758877	44.00	512.00	6.14	12.72	102004.76	49810	1	CharlieHolbrow	
4441	1:52:46	1/1/2019 	6759141	18.00	9.00	6.93	12.72	102004.76	1837	0	CharlieHolbrow	
4442	1:52:47	1/1/2019 	6760459	18.00	9.00	6.93	12.72	102005.14	49810	0	CharlieHolbrow	
4443	1:52:47	1/1/2019 	6760466	19.00	9.00	6.87	12.72	102005.14	2779	0	CharlieHolbrow	
4444	1:52:49	1/1/2019 	6762413	18.00	9.00	6.93	12.73	102005.38	97787	0	CharlieHolbrow	
4445	1:52:49	1/1/2019 	6762873	18.00	9.00	6.93	12.73	102005.38	51933	0	CharlieHolbrow	
4446	1:52:50	1/1/2019 	6763712	18.00	8.00	6.93	12.73	102005.44	49815	0	CharlieHolbrow	
4447	1:52:51	1/1/2019 	6764686	18.00	9.00	6.93	12.73	102005.36	49811	0	CharlieHolbrow	
4448	1:52:52	1/1/2019 	6765249	18.00	9.00	6.93	12.73	102005.20	1837	0	CharlieHolbrow	
4449	1:52:52	1/1/2019 	6765798	18.00	9.00	6.93	12.74	102005.47	49810	0	CharlieHolbrow	
4450	1:52:53	1/1/2019 	6766860	27.00	133.00	6.52	12.74	102005.58	49811	1	CharlieHolbrow	
4451	1:52:54	1/1/2019 	6767807	40.00	427.00	6.19	12.74	102005.70	51784	0	CharlieHolbrow	
4452	1:52:55	1/1/2019 	6768236	18.00	8.00	6.93	12.74	102005.53	1836	0	CharlieHolbrow	
4453	1:52:57	1/1/2019 	6769966	25.00	120.00	6.61	12.75	102005.76	97785	1	CharlieHolbrow	
4454	1:52:57	1/1/2019 	6770094	19.00	9.00	6.87	12.75	102005.76	2779	0	CharlieHolbrow	
4455	1:52:57	1/1/2019 	6770392	18.00	9.00	6.93	12.75	102005.43	1835	0	CharlieHolbrow	
4456	1:52:57	1/1/2019 	6770424	18.00	9.00	6.93	12.75	102005.43	1834	0	CharlieHolbrow	
4457	1:52:57	1/1/2019 	6770637	18.00	9.00	6.93	12.75	102005.43	51978	0	CharlieHolbrow	
4458	1:52:58	1/1/2019 	6771023	44.00	540.00	6.15	12.75	102005.38	1836	1	CharlieHolbrow	
4459	1:52:58	1/1/2019 	6771390	18.00	9.00	6.93	12.75	102005.22	1836	0	CharlieHolbrow	
4460	1:53:00	1/1/2019 	6773134	18.00	9.00	6.93	12.75	102005.12	97786	0	CharlieHolbrow	
4461	1:53:00	1/1/2019 	6773814	27.00	139.00	6.52	12.76	102005.20	49815	0	CharlieHolbrow	
4462	1:53:02	1/1/2019 	6775247	18.00	9.00	6.93	12.76	102005.59	51784	0	CharlieHolbrow	
4463	1:53:02	1/1/2019 	6775362	19.00	9.00	6.87	12.76	102005.59	1836	0	CharlieHolbrow	
4464	1:53:02	1/1/2019 	6775617	20.00	14.00	6.82	12.76	102005.59	49812	0	CharlieHolbrow	
4465	1:53:03	1/1/2019 	6776342	18.00	9.00	6.93	12.77	102005.98	1835	0	CharlieHolbrow	
4466	1:53:04	1/1/2019 	6777049	24.00	103.00	6.64	12.77	102005.82	49811	1	CharlieHolbrow	
4467	1:53:04	1/1/2019 	6777390	18.00	9.00	6.93	12.77	102006.09	1837	0	CharlieHolbrow	
4468	1:53:05	1/1/2019 	6778461	19.00	12.00	6.87	12.77	102005.72	51783	0	CharlieHolbrow	
4469	1:53:06	1/1/2019 	6779143	20.00	31.00	6.83	12.77	102005.84	49811	0	CharlieHolbrow	
4470	1:53:06	1/1/2019 	6779706	18.00	9.00	6.93	12.77	102005.51	49811	0	CharlieHolbrow	
4471	1:53:06	1/1/2019 	6779875	18.00	9.00	6.93	12.78	102005.91	2778	0	CharlieHolbrow	
4472	1:53:07	1/1/2019 	6780407	18.00	9.00	6.93	12.78	102005.59	1834	0	CharlieHolbrow	
4473	1:53:07	1/1/2019 	6780445	19.00	9.00	6.87	12.78	102005.59	1835	0	CharlieHolbrow	
4474	1:53:07	1/1/2019 	6780792	21.00	27.00	6.77	12.78	102005.70	51924	0	CharlieHolbrow	
4475	1:53:08	1/1/2019 	6781622	40.00	431.00	6.19	12.78	102005.81	49810	1	CharlieHolbrow	
4476	1:53:09	1/1/2019 	6782146	18.00	9.00	6.93	12.78	102005.81	1837	0	CharlieHolbrow	
4477	1:53:09	1/1/2019 	6782175	18.00	9.00	6.93	12.78	102005.81	1837	0	CharlieHolbrow	
4478	1:53:10	1/1/2019 	6783266	18.00	9.00	6.93	12.79	102006.53	49810	0	CharlieHolbrow	
4479	1:53:10	1/1/2019 	6783382	18.00	8.00	6.93	12.79	102006.53	1836	0	CharlieHolbrow	
4480	1:53:10	1/1/2019 	6783891	18.00	9.00	6.93	12.79	102006.80	51781	0	CharlieHolbrow	
4481	1:53:11	1/1/2019 	6784041	18.00	9.00	6.93	12.79	102006.80	1836	0	CharlieHolbrow	
4482	1:53:11	1/1/2019 	6784808	26.00	119.00	6.55	12.79	102006.76	49810	1	CharlieHolbrow	
4483	1:53:12	1/1/2019 	6785696	22.00	51.00	6.72	12.79	102006.27	49812	1	CharlieHolbrow	
4484	1:53:13	1/1/2019 	6786386	18.00	10.00	6.93	12.79	102006.22	1837	0	CharlieHolbrow	
4485	1:53:14	1/1/2019 	6787425	26.00	120.00	6.56	12.80	102006.01	49811	0	CharlieHolbrow	
4486	1:53:16	1/1/2019 	6788966	18.00	8.00	6.93	12.80	102006.36	99758	0	CharlieHolbrow	
4487	1:53:16	1/1/2019 	6789346	19.00	9.00	6.87	12.80	102006.64	1835	0	CharlieHolbrow	
4488	1:53:17	1/1/2019 	6790091	24.00	102.00	6.64	12.80	102006.31	49810	0	CharlieHolbrow	
4489	1:53:17	1/1/2019 	6790256	18.00	9.00	6.93	12.80	102006.31	2779	0	CharlieHolbrow	
4490	1:53:18	1/1/2019 	6790934	18.00	9.00	6.93	12.81	102006.54	49810	0	CharlieHolbrow	
4491	1:53:18	1/1/2019 	6791595	18.00	9.00	6.93	12.81	102006.38	55389	0	CharlieHolbrow	
4492	1:53:19	1/1/2019 	6791958	26.00	129.00	6.56	12.81	102006.49	1840	1	CharlieHolbrow	
4493	1:53:19	1/1/2019 	6792228	19.00	9.00	6.87	12.81	102006.49	1837	0	CharlieHolbrow	
4494	1:53:19	1/1/2019 	6792440	23.00	50.00	6.67	12.81	102006.33	1835	0	CharlieHolbrow	
4495	1:53:19	1/1/2019 	6792589	26.00	103.00	6.54	12.81	102006.33	49810	0	CharlieHolbrow	
4496	1:53:19	1/1/2019 	6792733	18.00	9.00	6.93	12.81	102006.33	1836	0	CharlieHolbrow	
4497	1:53:20	1/1/2019 	6792931	18.00	9.00	6.93	12.81	102006.77	3806	0	CharlieHolbrow	
4498	1:53:20	1/1/2019 	6793625	18.00	8.00	6.93	12.81	102006.44	49809	0	CharlieHolbrow	
4499	1:53:21	1/1/2019 	6794683	24.00	97.00	6.64	12.82	102006.23	49809	0	CharlieHolbrow	
4500	1:53:21	1/1/2019 	6794819	21.00	27.00	6.77	12.82	102006.23	1836	0	CharlieHolbrow	
4501	1:53:22	1/1/2019 	6795117	18.00	9.00	6.93	12.82	102006.34	1835	0	CharlieHolbrow	
4502	1:53:22	1/1/2019 	6795143	18.00	9.00	6.93	12.82	102006.34	1836	0	CharlieHolbrow	
4503	1:53:22	1/1/2019 	6795446	20.00	13.00	6.81	12.82	102006.34	3806	0	CharlieHolbrow	
4504	1:53:23	1/1/2019 	6795991	26.00	125.00	6.56	12.82	102006.75	49810	0	CharlieHolbrow	
4505	1:53:25	1/1/2019 	6798623	20.00	23.00	6.83	12.83	102006.27	145758	0	CharlieHolbrow	
4506	1:53:25	1/1/2019 	6798888	22.00	42.00	6.72	12.83	102005.95	1836	0	CharlieHolbrow	
4507	1:53:26	1/1/2019 	6799159	19.00	11.00	6.87	12.83	102005.95	1836	0	CharlieHolbrow	
4508	1:53:27	1/1/2019 	6800366	17.00	9.00	7.00	12.83	102005.90	49810	0	CharlieHolbrow	
4509	1:53:27	1/1/2019 	6800821	31.00	242.00	6.39	12.83	102006.02	52868	1	CharlieHolbrow	
4510	1:53:28	1/1/2019 	6801355	18.00	9.00	6.93	12.84	102006.12	1837	0	CharlieHolbrow	
4511	1:53:30	1/1/2019 	6803081	18.00	9.00	6.93	12.84	102006.35	97791	0	CharlieHolbrow	
4512	1:53:31	1/1/2019 	6804167	18.00	9.00	6.93	12.84	102006.43	49810	0	CharlieHolbrow	
4513	1:53:33	1/1/2019 	6806876	21.00	34.00	6.77	12.85	102006.94	145761	0	CharlieHolbrow	
4514	1:53:34	1/1/2019 	6807067	22.00	73.00	6.73	12.85	102006.77	1837	1	CharlieHolbrow	
4515	1:53:35	1/1/2019 	6808194	19.00	16.00	6.88	12.86	102007.00	51838	0	CharlieHolbrow	
4516	1:53:35	1/1/2019 	6808263	26.00	62.00	6.52	12.86	102007.00	1836	1	CharlieHolbrow	
4517	1:53:35	1/1/2019 	6808580	30.00	168.00	6.40	12.86	102006.67	49810	1	CharlieHolbrow	
4518	1:53:37	1/1/2019 	6810245	17.00	9.00	7.00	12.86	102006.90	49811	0	CharlieHolbrow	
4519	1:53:38	1/1/2019 	6811560	23.00	93.00	6.69	12.87	102007.09	98728	1	CharlieHolbrow	
4520	1:53:39	1/1/2019 	6812021	18.00	8.00	6.93	12.87	102006.77	3951	0	CharlieHolbrow	
4521	1:53:39	1/1/2019 	6812698	18.00	9.00	6.93	12.87	102007.05	49811	0	CharlieHolbrow	
4522	1:53:40	1/1/2019 	6813225	19.00	15.00	6.88	12.87	102006.72	1836	1	CharlieHolbrow	
4523	1:53:40	1/1/2019 	6813691	18.00	9.00	6.93	12.87	102007.16	49810	0	CharlieHolbrow	
4524	1:53:41	1/1/2019 	6814122	18.00	9.00	6.93	12.87	102007.00	1835	0	CharlieHolbrow	
4525	1:53:41	1/1/2019 	6814600	20.00	23.00	6.83	12.87	102007.27	49811	0	CharlieHolbrow	
4526	1:53:42	1/1/2019 	6815582	18.00	9.00	6.93	12.88	102007.05	51782	0	CharlieHolbrow	
4527	1:53:43	1/1/2019 	6816297	21.00	53.00	6.78	12.88	102007.50	1836	1	CharlieHolbrow	
4528	1:53:43	1/1/2019 	6816681	22.00	40.00	6.72	12.88	102007.34	49811	0	CharlieHolbrow	
4529	1:53:44	1/1/2019 	6817130	22.00	68.00	6.73	12.88	102007.61	1837	0	CharlieHolbrow	
4530	1:53:44	1/1/2019 	6817826	20.00	10.00	6.81	12.88	102007.45	49812	0	CharlieHolbrow	
4531	1:53:44	1/1/2019 	6817882	20.00	27.00	6.83	12.88	102007.45	1835	0	CharlieHolbrow	
4532	1:53:46	1/1/2019 	6819068	19.00	10.00	6.87	12.89	102007.84	51782	0	CharlieHolbrow	
4533	1:53:46	1/1/2019 	6819297	18.00	9.00	6.93	12.89	102007.84	1838	0	CharlieHolbrow	
4534	1:53:46	1/1/2019 	6819314	19.00	9.00	6.87	12.89	102007.84	1834	0	CharlieHolbrow	
4535	1:53:46	1/1/2019 	6819473	18.00	9.00	6.93	12.89	102007.84	1835	0	CharlieHolbrow	
4536	1:53:46	1/1/2019 	6819612	19.00	9.00	6.87	12.89	102008.08	49809	0	CharlieHolbrow	
4537	1:53:46	1/1/2019 	6819668	24.00	82.00	6.63	12.89	102008.08	2778	0	CharlieHolbrow	
4538	1:53:47	1/1/2019 	6820568	22.00	59.00	6.73	12.89	102008.19	51925	1	CharlieHolbrow	
4539	1:53:47	1/1/2019 	6820890	24.00	50.00	6.62	12.89	102008.19	1836	0	CharlieHolbrow	
4540	1:53:48	1/1/2019 	6821042	38.00	412.00	6.24	12.89	102008.19	1835	1	CharlieHolbrow	
4541	1:53:48	1/1/2019 	6821281	20.00	11.00	6.81	12.89	102008.47	1837	0	CharlieHolbrow	
4542	1:53:49	1/1/2019 	6822231	18.00	9.00	6.93	12.90	102008.42	49810	0	CharlieHolbrow	
4543	1:53:50	1/1/2019 	6823494	18.00	8.00	6.93	12.90	102007.61	49811	0	CharlieHolbrow	
4544	1:53:50	1/1/2019 	6823639	22.00	47.00	6.72	12.90	102008.05	51837	0	CharlieHolbrow	
4545	1:53:53	1/1/2019 	6826844	18.00	9.00	6.93	12.91	102008.70	145760	0	CharlieHolbrow	
4546	1:53:54	1/1/2019 	6826991	20.00	26.00	6.83	12.91	102008.70	1836	0	CharlieHolbrow	
4547	1:53:54	1/1/2019 	6827398	37.00	336.00	6.23	12.91	102008.79	1837	0	CharlieHolbrow	
4548	1:53:54	1/1/2019 	6827407	20.00	11.00	6.81	12.91	102008.79	1836	0	CharlieHolbrow	
4549	1:53:54	1/1/2019 	6827492	34.00	301.00	6.30	12.91	102008.79	3807	1	CharlieHolbrow	
4550	1:53:55	1/1/2019 	6828812	18.00	8.00	6.93	12.92	102009.02	97785	0	CharlieHolbrow	
4551	1:53:56	1/1/2019 	6829497	19.00	22.00	6.89	12.92	102008.86	1837	1	CharlieHolbrow	
4552	1:53:57	1/1/2019 	6830310	23.00	74.00	6.68	12.92	102008.48	49811	1	CharlieHolbrow	
4553	1:53:57	1/1/2019 	6830752	18.00	9.00	6.93	12.92	102008.75	50753	0	CharlieHolbrow	
4554	1:53:57	1/1/2019 	6830863	24.00	75.00	6.63	12.92	102008.75	1834	0	CharlieHolbrow	
4555	1:53:59	1/1/2019 	6832117	23.00	89.00	6.69	12.92	102008.70	51924	1	CharlieHolbrow	
4556	1:53:59	1/1/2019 	6832426	28.00	127.00	6.47	12.92	102008.55	1837	1	CharlieHolbrow	
4557	1:54:00	1/1/2019 	6833142	18.00	9.00	6.93	12.93	102008.81	49810	0	CharlieHolbrow	
4558	1:54:00	1/1/2019 	6833815	19.00	11.00	6.87	12.93	102009.09	49810	0	CharlieHolbrow	
4559	1:54:01	1/1/2019 	6834332	18.00	9.00	6.93	12.93	102009.09	1835	0	CharlieHolbrow	
4560	1:54:02	1/1/2019 	6835005	21.00	33.00	6.77	12.93	102009.38	49812	0	CharlieHolbrow	
4561	1:54:02	1/1/2019 	6835168	18.00	9.00	6.93	12.93	102009.20	3814	0	CharlieHolbrow	
4562	1:54:02	1/1/2019 	6835584	19.00	10.00	6.87	12.93	102009.20	49810	0	CharlieHolbrow	
4563	1:54:02	1/1/2019 	6835588	21.00	24.00	6.77	12.93	102009.20	1836	0	CharlieHolbrow	
4564	1:54:02	1/1/2019 	6835822	18.00	9.00	6.93	12.93	102009.45	1835	0	CharlieHolbrow	
4565	1:54:03	1/1/2019 	6836032	30.00	200.00	6.42	12.93	102009.45	1835	0	CharlieHolbrow	
4566	1:54:03	1/1/2019 	6836314	19.00	9.00	6.87	12.94	102009.56	1836	0	CharlieHolbrow	
4567	1:54:03	1/1/2019 	6836714	45.00	537.00	6.13	12.94	102009.41	51781	1	CharlieHolbrow	
4568	1:54:03	1/1/2019 	6836785	21.00	32.00	6.77	12.94	102009.41	1836	0	CharlieHolbrow	
4569	1:54:04	1/1/2019 	6837420	18.00	8.00	6.93	12.94	102009.67	1836	0	CharlieHolbrow	
4570	1:54:04	1/1/2019 	6837768	20.00	16.00	6.82	12.94	102009.52	49810	0	CharlieHolbrow	
4571	1:54:04	1/1/2019 	6837786	18.00	9.00	6.93	12.94	102009.52	1836	0	CharlieHolbrow	
4572	1:54:05	1/1/2019 	6837963	18.00	9.00	6.93	12.94	102009.52	1835	0	CharlieHolbrow	
4573	1:54:05	1/1/2019 	6838087	24.00	77.00	6.63	12.94	102009.52	3807	1	CharlieHolbrow	
4574	1:54:08	1/1/2019 	6841218	20.00	28.00	6.83	12.95	102009.16	145759	0	CharlieHolbrow	
4575	1:54:09	1/1/2019 	6842249	18.00	9.00	6.93	12.95	102009.27	50754	0	CharlieHolbrow	
4576	1:54:09	1/1/2019 	6842680	52.00	752.00	6.16	12.95	102009.27	49811	1	CharlieHolbrow	
4577	1:54:10	1/1/2019 	6843749	18.00	9.00	6.93	12.95	102008.73	49811	0	CharlieHolbrow	
4578	1:54:12	1/1/2019 	6844982	19.00	9.00	6.87	12.96	102008.64	51925	0	CharlieHolbrow	
4579	1:54:12	1/1/2019 	6845361	21.00	28.00	6.77	12.96	102008.59	1836	1	CharlieHolbrow	
4580	1:54:12	1/1/2019 	6845636	24.00	87.00	6.63	12.96	102008.59	49811	1	CharlieHolbrow	
4581	1:54:12	1/1/2019 	6845786	20.00	19.00	6.82	12.96	102008.70	1835	0	CharlieHolbrow	
4582	1:54:13	1/1/2019 	6846558	50.00	680.00	6.15	12.96	102008.38	49811	1	CharlieHolbrow	
4583	1:54:13	1/1/2019 	6846893	19.00	9.00	6.87	12.96	102008.66	1838	0	CharlieHolbrow	
4584	1:54:14	1/1/2019 	6847021	18.00	9.00	6.93	12.96	102008.66	3751	0	CharlieHolbrow	
4585	1:54:15	1/1/2019 	6848200	18.00	9.00	6.93	12.97	102008.28	49809	0	CharlieHolbrow	
4586	1:54:15	1/1/2019 	6848347	21.00	33.00	6.77	12.97	102008.23	1836	1	CharlieHolbrow	
4587	1:54:16	1/1/2019 	6849824	18.00	9.00	6.93	12.97	102007.38	97788	0	CharlieHolbrow	
4588	1:54:16	1/1/2019 	6849906	18.00	9.00	6.93	12.97	102007.38	2591	0	CharlieHolbrow	
4589	1:54:17	1/1/2019 	6850573	29.00	203.00	6.46	12.97	102007.64	49814	1	CharlieHolbrow	
4590	1:54:17	1/1/2019 	6850616	18.00	9.00	6.93	12.97	102007.64	5144	0	CharlieHolbrow	
4591	1:54:17	1/1/2019 	6850896	18.00	9.00	6.93	12.97	102007.16	1835	1	CharlieHolbrow	
4592	1:54:18	1/1/2019 	6851437	23.00	9.00	6.64	12.98	102007.27	1835	0	CharlieHolbrow	
4593	1:54:18	1/1/2019 	6851462	18.00	9.00	6.93	12.98	102007.27	1835	0	CharlieHolbrow	
4594	1:54:18	1/1/2019 	6851810	18.00	9.00	6.93	12.98	102007.11	49808	0	CharlieHolbrow	
4595	1:54:20	1/1/2019 	6853569	22.00	71.00	6.73	12.98	102007.62	97785	0	CharlieHolbrow	
4596	1:54:20	1/1/2019 	6853701	25.00	101.00	6.59	12.98	102007.62	3815	0	CharlieHolbrow	
4597	1:54:21	1/1/2019 	6854170	18.00	9.00	6.93	12.98	102007.73	1841	0	CharlieHolbrow	
4598	1:54:21	1/1/2019 	6854422	22.00	37.00	6.72	12.98	102007.41	1835	0	CharlieHolbrow	
4599	1:54:23	1/1/2019 	6856199	31.00	306.00	6.41	12.99	102007.80	97783	0	CharlieHolbrow	
4600	1:54:23	1/1/2019 	6856232	18.00	9.00	6.93	12.99	102007.80	1837	0	CharlieHolbrow	
4601	1:54:23	1/1/2019 	6856388	30.00	207.00	6.42	12.99	102007.75	1835	1	CharlieHolbrow	
4602	1:54:24	1/1/2019 	6857177	18.00	9.00	6.93	12.99	102007.42	51836	0	CharlieHolbrow	
4603	1:54:24	1/1/2019 	6857498	24.00	78.00	6.63	12.99	102007.70	1836	0	CharlieHolbrow	
4604	1:54:26	1/1/2019 	6859194	18.00	9.00	6.93	13.00	102008.42	97781	0	CharlieHolbrow	
4605	1:54:26	1/1/2019 	6859266	41.00	430.00	6.17	13.00	102008.42	1836	1	CharlieHolbrow	
4606	1:54:26	1/1/2019 	6859491	28.00	171.00	6.49	13.00	102008.09	1835	0	CharlieHolbrow	
4607	1:54:26	1/1/2019 	6859838	20.00	12.00	6.81	13.00	102008.09	49810	0	CharlieHolbrow	
4608	1:54:27	1/1/2019 	6859947	22.00	62.00	6.73	13.00	102007.77	8157	1	CharlieHolbrow	
4609	1:54:27	1/1/2019 	6859969	19.00	9.00	6.87	13.00	102007.77	1837	0	CharlieHolbrow	
4610	1:54:27	1/1/2019 	6860035	18.00	9.00	6.93	13.00	102007.77	1836	0	CharlieHolbrow	
4611	1:54:27	1/1/2019 	6860173	36.00	359.00	6.27	13.00	102007.77	1836	1	CharlieHolbrow	
4612	1:54:27	1/1/2019 	6860613	19.00	10.00	6.87	13.00	102008.01	49810	0	CharlieHolbrow	
4613	1:54:28	1/1/2019 	6861280	20.00	25.00	6.83	13.00	102008.45	3806	0	CharlieHolbrow	
4614	1:54:29	1/1/2019 	6862075	18.00	8.00	6.93	13.01	102008.56	49810	0	CharlieHolbrow	
4615	1:54:29	1/1/2019 	6862764	19.00	9.00	6.87	13.01	102008.84	49810	0	CharlieHolbrow	
4616	1:54:31	1/1/2019 	6864032	18.00	9.00	6.93	13.01	102008.73	49810	0	CharlieHolbrow	
4617	1:54:31	1/1/2019 	6864660	23.00	9.00	6.64	13.01	102008.58	49810	0	CharlieHolbrow	
4618	1:54:31	1/1/2019 	6864817	18.00	9.00	6.93	13.01	102008.58	1835	0	CharlieHolbrow	
4619	1:54:32	1/1/2019 	6865866	22.00	71.00	6.73	13.02	102008.69	51781	0	CharlieHolbrow	
4620	1:54:33	1/1/2019 	6866032	19.00	12.00	6.87	13.02	102008.80	1836	0	CharlieHolbrow	
4621	1:54:33	1/1/2019 	6866370	20.00	16.00	6.82	13.02	102008.80	1836	0	CharlieHolbrow	
4622	1:54:33	1/1/2019 	6866439	23.00	46.00	6.67	13.02	102008.64	1835	0	CharlieHolbrow	
4623	1:54:33	1/1/2019 	6866890	19.00	9.00	6.87	13.02	102008.64	49812	0	CharlieHolbrow	
4624	1:54:34	1/1/2019 	6867057	20.00	22.00	6.83	13.02	102008.72	1835	0	CharlieHolbrow	
4625	1:54:34	1/1/2019 	6867412	19.00	9.00	6.87	13.02	102008.67	3807	0	CharlieHolbrow	
4626	1:54:34	1/1/2019 	6867720	19.00	9.00	6.87	13.02	102008.67	49810	0	CharlieHolbrow	
4627	1:54:36	1/1/2019 	6869093	18.00	9.00	6.93	13.03	102008.56	49811	0	CharlieHolbrow	
4628	1:54:36	1/1/2019 	6869762	18.00	9.00	6.93	13.03	102008.25	49811	0	CharlieHolbrow	
4629	1:54:36	1/1/2019 	6869906	20.00	16.00	6.82	13.03	102008.25	2582	0	CharlieHolbrow	
4630	1:54:37	1/1/2019 	6869956	23.00	89.00	6.69	13.03	102008.52	1835	1	CharlieHolbrow	
4631	1:54:37	1/1/2019 	6870224	33.00	246.00	6.32	13.03	102008.52	4004	1	CharlieHolbrow	
4632	1:54:38	1/1/2019 	6871067	24.00	91.00	6.64	13.03	102008.30	49812	0	CharlieHolbrow	
4633	1:54:39	1/1/2019 	6871945	23.00	70.00	6.68	13.04	102007.93	49810	0	CharlieHolbrow	
4634	1:54:39	1/1/2019 	6872138	26.00	91.00	6.54	13.04	102007.93	1837	1	CharlieHolbrow	
4635	1:54:39	1/1/2019 	6872210	18.00	9.00	6.93	13.04	102007.93	1835	0	CharlieHolbrow	
4636	1:54:40	1/1/2019 	6873027	25.00	112.00	6.60	13.04	102007.83	49810	1	CharlieHolbrow	
4637	1:54:40	1/1/2019 	6873262	18.00	9.00	6.93	13.04	102007.83	3807	0	CharlieHolbrow	
4638	1:54:41	1/1/2019 	6874775	22.00	86.00	6.74	13.04	102007.09	97783	1	CharlieHolbrow	
4639	1:54:42	1/1/2019 	6875257	19.00	12.00	6.87	13.05	102007.05	1836	0	CharlieHolbrow	
4640	1:54:42	1/1/2019 	6875861	19.00	9.00	6.87	13.05	102006.72	49811	0	CharlieHolbrow	
4641	1:54:42	1/1/2019 	6875870	18.00	9.00	6.93	13.05	102006.72	1835	0	CharlieHolbrow	
4642	1:54:43	1/1/2019 	6876288	30.00	232.00	6.42	13.05	102006.87	3806	0	CharlieHolbrow	
4643	1:54:43	1/1/2019 	6876360	26.00	121.00	6.56	13.05	102006.87	1837	0	CharlieHolbrow	
4644	1:54:44	1/1/2019 	6877347	22.00	67.00	6.73	13.05	102006.66	49809	0	CharlieHolbrow	
4645	1:54:44	1/1/2019 	6877494	20.00	14.00	6.82	13.05	102006.93	1837	0	CharlieHolbrow	
4646	1:54:44	1/1/2019 	6877786	19.00	9.00	6.87	13.05	102006.93	49809	0	CharlieHolbrow	
4647	1:54:45	1/1/2019 	6878389	19.00	20.00	6.89	13.05	102006.61	1835	0	CharlieHolbrow	
4648	1:54:46	1/1/2019 	6878953	19.00	9.00	6.87	13.06	102006.72	51780	0	CharlieHolbrow	
4649	1:54:46	1/1/2019 	6879246	18.00	9.00	6.93	13.06	102006.39	1836	0	CharlieHolbrow	
4650	1:54:46	1/1/2019 	6879431	18.00	9.00	6.93	13.06	102006.39	1834	0	CharlieHolbrow	
4651	1:54:48	1/1/2019 	6881409	18.00	9.00	6.93	13.06	102006.56	97781	0	CharlieHolbrow	
4652	1:54:49	1/1/2019 	6882396	18.00	9.00	6.93	13.07	102006.32	50555	0	CharlieHolbrow	
4653	1:54:50	1/1/2019 	6883024	19.00	27.00	6.89	13.07	102006.11	49809	1	CharlieHolbrow	
4654	1:54:50	1/1/2019 	6883904	18.00	9.00	6.93	13.07	102006.55	51923	0	CharlieHolbrow	
4655	1:54:51	1/1/2019 	6884352	18.00	9.00	6.93	13.07	102006.06	1834	0	CharlieHolbrow	
4656	1:54:51	1/1/2019 	6884554	26.00	127.00	6.56	13.07	102006.34	49808	0	CharlieHolbrow	
4657	1:54:52	1/1/2019 	6885870	24.00	103.00	6.64	13.08	102006.28	49809	1	CharlieHolbrow	
4658	1:54:53	1/1/2019 	6886735	18.00	9.00	6.93	13.08	102006.08	49810	0	CharlieHolbrow	
4659	1:54:54	1/1/2019 	6887494	18.00	13.00	6.94	13.08	102006.19	1836	0	CharlieHolbrow	
4660	1:54:54	1/1/2019 	6887585	18.00	9.00	6.93	13.08	102006.47	51780	0	CharlieHolbrow	
4661	1:54:54	1/1/2019 	6887846	38.00	322.00	6.20	13.08	102006.47	1836	1	CharlieHolbrow	
4662	1:54:55	1/1/2019 	6888645	18.00	9.00	6.93	13.09	102006.09	49809	1	CharlieHolbrow	
4663	1:54:55	1/1/2019 	6888812	18.00	9.00	6.93	13.09	102006.09	1836	0	CharlieHolbrow	
4664	1:54:56	1/1/2019 	6888949	18.00	9.00	6.93	13.09	102006.09	1834	0	CharlieHolbrow	
4665	1:54:56	1/1/2019 	6889211	22.00	60.00	6.73	13.09	102006.33	1835	1	CharlieHolbrow	
4666	1:54:56	1/1/2019 	6889303	19.00	10.00	6.87	13.09	102006.33	3807	0	CharlieHolbrow	
4667	1:54:56	1/1/2019 	6889822	18.00	9.00	6.93	13.09	102006.33	49809	0	CharlieHolbrow	
4668	1:54:57	1/1/2019 	6890379	18.00	9.00	6.93	13.09	102006.77	2582	0	CharlieHolbrow	
4669	1:54:57	1/1/2019 	6890418	18.00	9.00	6.93	13.09	102006.77	1835	1	CharlieHolbrow	
4670	1:54:57	1/1/2019 	6890583	29.00	184.00	6.45	13.09	102007.05	49808	1	CharlieHolbrow	
4671	1:54:57	1/1/2019 	6890626	25.00	113.00	6.60	13.09	102007.05	3951	0	CharlieHolbrow	
4672	1:54:57	1/1/2019 	6890718	18.00	9.00	6.93	13.09	102007.05	1835	0	CharlieHolbrow	
4673	1:54:59	1/1/2019 	6892237	18.00	9.00	6.93	13.10	102007.16	49808	0	CharlieHolbrow	
4674	1:54:59	1/1/2019 	6892881	28.00	143.00	6.48	13.10	102007.27	49810	0	CharlieHolbrow	
4675	1:55:00	1/1/2019 	6893009	19.00	9.00	6.87	13.10	102007.27	1836	0	CharlieHolbrow	
4676	1:55:00	1/1/2019 	6893037	17.00	8.00	6.99	13.10	102007.27	1835	0	CharlieHolbrow	
4677	1:55:00	1/1/2019 	6893107	18.00	9.00	6.93	13.10	102006.78	3808	0	CharlieHolbrow	
4678	1:55:00	1/1/2019 	6893302	19.00	9.00	6.87	13.10	102006.78	1835	0	CharlieHolbrow	
4679	1:55:01	1/1/2019 	6894168	25.00	117.00	6.60	13.10	102007.17	49810	1	CharlieHolbrow	
4680	1:55:01	1/1/2019 	6894191	18.00	9.00	6.93	13.10	102007.17	1837	0	CharlieHolbrow	
4681	1:55:01	1/1/2019 	6894796	20.00	16.00	6.82	13.10	102007.17	49809	0	CharlieHolbrow	
4682	1:55:02	1/1/2019 	6894971	27.00	159.00	6.53	13.10	102007.17	1837	0	CharlieHolbrow	
4683	1:55:02	1/1/2019 	6895225	20.00	20.00	6.82	13.11	102007.28	3808	0	CharlieHolbrow	
4684	1:55:02	1/1/2019 	6895273	20.00	25.00	6.83	13.11	102007.28	1836	0	CharlieHolbrow	
4685	1:55:02	1/1/2019 	6895614	18.00	6.00	6.92	13.11	102007.28	49810	0	CharlieHolbrow	
4686	1:55:02	1/1/2019 	6895743	41.00	410.00	6.16	13.11	102007.28	1835	0	CharlieHolbrow	
4687	1:55:04	1/1/2019 	6897622	20.00	27.00	6.83	13.11	102007.64	97784	0	CharlieHolbrow	
4688	1:55:05	1/1/2019 	6898078	18.00	9.00	6.93	13.11	102007.75	1836	0	CharlieHolbrow	
4689	1:55:06	1/1/2019 	6899812	18.00	9.00	6.93	13.12	102007.44	99754	0	CharlieHolbrow	
4690	1:55:07	1/1/2019 	6900281	18.00	9.00	6.93	13.12	102007.12	2583	0	CharlieHolbrow	
4691	1:55:08	1/1/2019 	6901794	18.00	9.00	6.93	13.13	102007.02	97785	0	CharlieHolbrow	
4692	1:55:10	1/1/2019 	6902947	18.00	9.00	6.93	13.13	102007.41	49810	0	CharlieHolbrow	
4693	1:55:10	1/1/2019 	6903290	25.00	96.00	6.59	13.13	102007.24	1837	0	CharlieHolbrow	
4694	1:55:10	1/1/2019 	6903890	20.00	24.00	6.83	13.13	102007.48	49810	0	CharlieHolbrow	
4695	1:55:12	1/1/2019 	6905120	18.00	9.00	6.93	13.14	102007.27	51923	0	CharlieHolbrow	
4696	1:55:12	1/1/2019 	6905295	20.00	13.00	6.81	13.14	102007.55	1836	0	CharlieHolbrow	
4697	1:55:12	1/1/2019 	6905650	19.00	9.00	6.87	13.14	102007.55	49809	0	CharlieHolbrow	
4698	1:55:13	1/1/2019 	6906387	18.00	9.00	6.93	13.14	102007.94	1835	0	CharlieHolbrow	
4699	1:55:13	1/1/2019 	6906471	36.00	353.00	6.27	13.14	102007.94	1835	1	CharlieHolbrow	
4700	1:55:13	1/1/2019 	6906845	23.00	50.00	6.67	13.14	102007.77	49811	0	CharlieHolbrow	
4701	1:55:14	1/1/2019 	6906943	19.00	12.00	6.87	13.14	102007.77	3807	0	CharlieHolbrow	
4702	1:55:14	1/1/2019 	6907160	18.00	9.00	6.93	13.14	102007.77	1838	0	CharlieHolbrow	
4703	1:55:14	1/1/2019 	6907728	18.00	8.00	6.93	13.15	102007.84	49808	0	CharlieHolbrow	
4704	1:55:15	1/1/2019 	6908439	17.00	9.00	7.00	13.15	102007.52	1835	0	CharlieHolbrow	
4705	1:55:16	1/1/2019 	6909618	20.00	33.00	6.83	13.15	102007.62	97786	0	CharlieHolbrow	
4706	1:55:16	1/1/2019 	6909730	23.00	60.00	6.67	13.15	102007.87	4708	0	CharlieHolbrow	
4707	1:55:17	1/1/2019 	6910412	31.00	229.00	6.38	13.15	102007.87	1836	0	CharlieHolbrow	
4708	1:55:18	1/1/2019 	6911024	18.00	8.00	6.93	13.16	102007.98	49809	0	CharlieHolbrow	
4709	1:55:18	1/1/2019 	6911685	20.00	21.00	6.82	13.16	102008.09	49808	0	CharlieHolbrow	
4710	1:55:19	1/1/2019 	6912199	24.00	87.00	6.63	13.16	102007.77	1836	0	CharlieHolbrow	
4711	1:55:19	1/1/2019 	6912270	18.00	9.00	6.93	13.16	102008.05	1836	0	CharlieHolbrow	
4712	1:55:19	1/1/2019 	6912657	24.00	80.00	6.63	13.16	102008.05	51778	1	CharlieHolbrow	
4713	1:55:21	1/1/2019 	6914377	20.00	18.00	6.82	13.17	102008.27	49809	0	CharlieHolbrow	
4714	1:55:21	1/1/2019 	6914745	18.00	9.00	6.93	13.17	102008.27	49809	0	CharlieHolbrow	
4715	1:55:21	1/1/2019 	6914776	33.00	244.00	6.32	13.17	102008.38	1836	1	CharlieHolbrow	
4716	1:55:22	1/1/2019 	6915321	19.00	13.00	6.88	13.17	102008.82	1836	0	CharlieHolbrow	
4717	1:55:22	1/1/2019 	6915555	23.00	65.00	6.68	13.17	102008.82	49811	0	CharlieHolbrow	
4718	1:55:23	1/1/2019 	6916268	21.00	40.00	6.78	13.17	102008.33	3806	0	CharlieHolbrow	
4719	1:55:23	1/1/2019 	6916658	25.00	107.00	6.60	13.17	102008.28	49811	1	CharlieHolbrow	
4720	1:55:24	1/1/2019 	6917136	18.00	9.00	6.93	13.17	102007.80	1836	0	CharlieHolbrow	
4721	1:55:25	1/1/2019 	6918033	25.00	129.00	6.61	13.18	102007.98	49808	1	CharlieHolbrow	
4722	1:55:25	1/1/2019 	6918129	18.00	9.00	6.93	13.18	102007.98	1837	0	CharlieHolbrow	
4723	1:55:26	1/1/2019 	6919835	18.00	9.00	6.93	13.18	102007.56	97781	0	CharlieHolbrow	
4724	1:55:27	1/1/2019 	6920049	24.00	100.00	6.64	13.18	102007.56	4722	0	CharlieHolbrow	
4725	1:55:27	1/1/2019 	6920137	26.00	114.00	6.55	13.18	102007.56	1837	0	CharlieHolbrow	
4726	1:55:27	1/1/2019 	6920175	20.00	14.00	6.82	13.18	102007.56	1835	0	CharlieHolbrow	
4727	1:55:27	1/1/2019 	6920315	33.00	276.00	6.33	13.18	102007.40	1836	1	CharlieHolbrow	
4728	1:55:28	1/1/2019 	6921323	20.00	32.00	6.83	13.19	102007.47	49810	0	CharlieHolbrow	
4729	1:55:28	1/1/2019 	6921456	23.00	9.00	6.64	13.19	102007.47	3806	0	CharlieHolbrow	
4730	1:55:28	1/1/2019 	6921638	25.00	109.00	6.60	13.19	102007.47	49808	0	CharlieHolbrow	
4731	1:55:29	1/1/2019 	6921934	18.00	9.00	6.93	13.19	102007.14	1835	0	CharlieHolbrow	
4732	1:55:29	1/1/2019 	6922191	18.00	9.00	6.93	13.19	102007.14	1836	0	CharlieHolbrow	
4733	1:55:30	1/1/2019 	6923225	23.00	40.00	6.67	13.19	102006.92	49809	0	CharlieHolbrow	
4734	1:55:30	1/1/2019 	6923352	17.00	11.00	7.00	13.19	102007.20	1837	0	CharlieHolbrow	
4735	1:55:31	1/1/2019 	6924162	24.00	96.00	6.64	13.19	102007.03	55207	0	CharlieHolbrow	
4736	1:55:32	1/1/2019 	6924945	18.00	9.00	6.93	13.20	102007.23	49810	0	CharlieHolbrow	
4737	1:55:34	1/1/2019 	6927176	20.00	26.00	6.83	13.20	102007.29	97785	0	CharlieHolbrow	
4738	1:55:35	1/1/2019 	6928303	25.00	116.00	6.60	13.21	102007.73	49811	1	CharlieHolbrow	
4739	1:55:38	1/1/2019 	6931054	20.00	34.00	6.83	13.22	102007.69	145763	0	CharlieHolbrow	
4740	1:55:39	1/1/2019 	6932590	18.00	9.00	6.93	13.22	102007.31	98533	0	CharlieHolbrow	
4741	1:55:40	1/1/2019 	6933214	18.00	9.00	6.93	13.22	102007.23	3951	0	CharlieHolbrow	
4742	1:55:40	1/1/2019 	6933230	21.00	31.00	6.77	13.22	102007.23	1836	1	CharlieHolbrow	
4743	1:55:40	1/1/2019 	6933678	22.00	44.00	6.72	13.22	102006.91	49811	0	CharlieHolbrow	
4744	1:55:41	1/1/2019 	6934168	19.00	7.00	6.86	13.22	102007.02	1835	0	CharlieHolbrow	
4745	1:55:41	1/1/2019 	6934565	36.00	333.00	6.26	13.23	102006.97	49811	1	CharlieHolbrow	
4746	1:55:42	1/1/2019 	6935040	18.00	9.00	6.93	13.23	102006.64	1835	0	CharlieHolbrow	
4747	1:55:42	1/1/2019 	6935316	18.00	9.00	6.93	13.23	102006.64	3806	0	CharlieHolbrow	
4748	1:55:42	1/1/2019 	6935712	19.00	10.00	6.87	13.23	102006.76	49811	0	CharlieHolbrow	
4749	1:55:43	1/1/2019 	6936885	24.00	109.00	6.65	13.23	102006.82	49811	1	CharlieHolbrow	
4750	1:55:45	1/1/2019 	6937664	19.00	16.00	6.88	13.24	102006.28	49812	0	CharlieHolbrow	
4751	1:55:45	1/1/2019 	6937718	18.00	9.00	6.93	13.24	102006.28	1836	0	CharlieHolbrow	
4752	1:55:46	1/1/2019 	6938956	18.00	10.00	6.93	13.24	102005.74	49811	0	CharlieHolbrow	
4753	1:55:46	1/1/2019 	6939460	18.00	9.00	6.93	13.24	102005.86	3808	0	CharlieHolbrow	
4754	1:55:46	1/1/2019 	6939489	18.00	9.00	6.93	13.24	102005.86	1836	0	CharlieHolbrow	
4755	1:55:47	1/1/2019 	6939742	29.00	214.00	6.46	13.24	102005.86	49809	0	CharlieHolbrow	
4756	1:55:47	1/1/2019 	6939849	19.00	12.00	6.87	13.24	102005.86	2584	0	CharlieHolbrow	
4757	1:55:47	1/1/2019 	6940185	13.00	18.00	7.31	13.24	102005.69	1835	1	CharlieHolbrow	
4758	1:55:48	1/1/2019 	6941134	25.00	126.00	6.61	13.25	102006.05	51922	1	CharlieHolbrow	
4759	1:55:48	1/1/2019 	6941319	18.00	8.00	6.93	13.25	102006.05	1836	0	CharlieHolbrow	
4760	1:55:49	1/1/2019 	6941840	18.00	9.00	6.93	13.25	102005.89	49809	0	CharlieHolbrow	
4761	1:55:49	1/1/2019 	6942581	19.00	11.00	6.87	13.25	102005.95	49811	0	CharlieHolbrow	
4762	1:55:50	1/1/2019 	6943095	18.00	9.00	6.93	13.25	102005.62	1838	0	CharlieHolbrow	
4763	1:55:50	1/1/2019 	6943109	18.00	9.00	6.93	13.25	102005.62	1843	0	CharlieHolbrow	
4764	1:55:50	1/1/2019 	6943313	20.00	11.00	6.81	13.25	102005.62	3812	0	CharlieHolbrow	
4765	1:55:51	1/1/2019 	6944011	20.00	20.00	6.82	13.26	102005.58	49816	0	CharlieHolbrow	
4766	1:55:52	1/1/2019 	6944740	18.00	9.00	6.93	13.26	102005.69	49812	0	CharlieHolbrow	
4767	1:55:52	1/1/2019 	6945117	21.00	39.00	6.78	13.26	102005.52	1836	1	CharlieHolbrow	
4768	1:55:53	1/1/2019 	6945999	18.00	9.00	6.93	13.26	102005.97	49810	0	CharlieHolbrow	
4769	1:55:53	1/1/2019 	6946152	19.00	10.00	6.87	13.26	102006.40	1835	0	CharlieHolbrow	
4770	1:55:54	1/1/2019 	6947127	51.00	710.00	6.15	13.27	102006.19	51782	1	CharlieHolbrow	
4771	1:55:55	1/1/2019 	6947961	18.00	9.00	6.93	13.27	102006.27	49810	0	CharlieHolbrow	
4772	1:55:56	1/1/2019 	6948971	19.00	9.00	6.87	13.27	102006.38	49813	0	CharlieHolbrow	
4773	1:55:56	1/1/2019 	6949366	18.00	9.00	6.93	13.27	102006.38	1844	0	CharlieHolbrow	
4774	1:55:57	1/1/2019 	6950114	24.00	104.00	6.65	13.27	102006.00	49814	0	CharlieHolbrow	
4775	1:55:58	1/1/2019 	6951332	29.00	189.00	6.45	13.28	102006.72	50754	0	CharlieHolbrow	
4776	1:56:00	1/1/2019 	6952970	19.00	11.00	6.87	13.28	102006.78	99955	0	CharlieHolbrow	
4777	1:56:01	1/1/2019 	6953687	19.00	11.00	6.87	13.29	102006.56	49811	0	CharlieHolbrow	
4778	1:56:01	1/1/2019 	6954624	18.00	9.00	6.93	13.29	102006.65	49812	0	CharlieHolbrow	
4779	1:56:02	1/1/2019 	6955027	25.00	111.00	6.60	13.29	102006.65	1835	1	CharlieHolbrow	
4780	1:56:04	1/1/2019 	6956998	22.00	68.00	6.73	13.29	102006.55	97786	1	CharlieHolbrow	
4781	1:56:04	1/1/2019 	6957376	19.00	8.00	6.86	13.30	102006.66	1837	0	CharlieHolbrow	
4782	1:56:05	1/1/2019 	6957953	31.00	253.00	6.39	13.30	102006.94	51781	1	CharlieHolbrow	
4783	1:56:05	1/1/2019 	6958466	50.00	607.00	6.11	13.30	102006.94	1838	0	CharlieHolbrow	
4784	1:56:05	1/1/2019 	6958643	18.00	9.00	6.93	13.30	102007.05	49810	0	CharlieHolbrow	
4785	1:56:06	1/1/2019 	6959340	18.00	9.00	6.93	13.30	102006.73	1835	0	CharlieHolbrow	
4786	1:56:07	1/1/2019 	6960605	23.00	93.00	6.69	13.31	102007.28	97785	1	CharlieHolbrow	
4787	1:56:08	1/1/2019 	6961012	17.00	9.00	7.00	13.31	102007.11	4891	0	CharlieHolbrow	
4788	1:56:08	1/1/2019 	6961361	18.00	9.00	6.93	13.31	102007.23	1836	0	CharlieHolbrow	
4789	1:56:09	1/1/2019 	6961926	18.00	9.00	6.93	13.31	102007.06	49809	0	CharlieHolbrow	
4790	1:56:09	1/1/2019 	6962340	19.00	9.00	6.87	13.31	102007.14	1837	0	CharlieHolbrow	
4791	1:56:10	1/1/2019 	6963069	19.00	13.00	6.88	13.31	102007.26	49809	0	CharlieHolbrow	
4792	1:56:10	1/1/2019 	6963116	18.00	9.00	6.93	13.31	102007.26	1836	0	CharlieHolbrow	
4793	1:56:10	1/1/2019 	6963324	25.00	88.00	6.58	13.32	102007.53	3806	0	CharlieHolbrow	
4794	1:56:10	1/1/2019 	6963558	19.00	11.00	6.87	13.32	102007.53	49809	0	CharlieHolbrow	
4795	1:56:11	1/1/2019 	6964376	24.00	99.00	6.64	13.32	102007.64	1836	1	CharlieHolbrow	
4796	1:56:13	1/1/2019 	6966470	17.00	8.00	6.99	13.32	102007.70	97786	0	CharlieHolbrow	
4797	1:56:14	1/1/2019 	6967357	18.00	9.00	6.93	13.33	102007.66	49810	0	CharlieHolbrow	
4798	1:56:15	1/1/2019 	6968023	24.00	91.00	6.64	13.33	102007.77	49809	0	CharlieHolbrow	
4799	1:56:15	1/1/2019 	6968563	20.00	27.00	6.83	13.33	102007.77	51784	0	CharlieHolbrow	
4800	1:56:16	1/1/2019 	6969629	18.00	8.00	6.93	13.33	102007.55	49811	0	CharlieHolbrow	
4801	1:56:17	1/1/2019 	6970040	18.00	9.00	6.93	13.33	102007.48	2779	0	CharlieHolbrow	
4802	1:56:17	1/1/2019 	6970279	20.00	13.00	6.81	13.34	102007.59	1835	0	CharlieHolbrow	
4803	1:56:17	1/1/2019 	6970401	25.00	100.00	6.59	13.34	102007.59	1836	1	CharlieHolbrow	
4804	1:56:19	1/1/2019 	6972312	26.00	147.00	6.57	13.34	102007.65	97784	1	CharlieHolbrow	
4805	1:56:19	1/1/2019 	6972452	19.00	9.00	6.87	13.34	102007.65	4005	0	CharlieHolbrow	
4806	1:56:19	1/1/2019 	6972552	19.00	12.00	6.87	13.34	102007.65	49809	0	CharlieHolbrow	
4807	1:56:20	1/1/2019 	6973017	18.00	9.00	6.93	13.34	102007.60	1835	0	CharlieHolbrow	
4808	1:56:21	1/1/2019 	6974413	19.00	19.00	6.88	13.35	102007.83	49809	0	CharlieHolbrow	
4809	1:56:22	1/1/2019 	6975119	18.00	9.00	6.93	13.35	102007.50	49810	0	CharlieHolbrow	
4810	1:56:22	1/1/2019 	6975187	18.00	9.00	6.93	13.35	102007.50	1836	0	CharlieHolbrow	
4811	1:56:23	1/1/2019 	6976631	19.00	10.00	6.87	13.35	102006.84	99754	0	CharlieHolbrow	
4812	1:56:24	1/1/2019 	6977450	17.00	8.00	6.99	13.35	102007.40	1836	0	CharlieHolbrow	
4813	1:56:27	1/1/2019 	6980584	18.00	9.00	6.93	13.36	102007.33	193731	0	CharlieHolbrow	
4814	1:56:29	1/1/2019 	6982097	22.00	69.00	6.73	13.37	102007.39	50754	0	CharlieHolbrow	
4815	1:56:29	1/1/2019 	6982207	18.00	9.00	6.93	13.37	102007.39	1836	0	CharlieHolbrow	
4816	1:56:31	1/1/2019 	6983850	20.00	18.00	6.82	13.37	102007.45	97785	0	CharlieHolbrow	
4817	1:56:31	1/1/2019 	6984066	18.00	9.00	6.93	13.37	102007.45	3952	0	CharlieHolbrow	
4818	1:56:31	1/1/2019 	6984194	20.00	17.00	6.82	13.37	102007.45	1835	0	CharlieHolbrow	
4819	1:56:32	1/1/2019 	6984715	18.00	9.00	6.93	13.38	102007.56	49811	0	CharlieHolbrow	
4820	1:56:33	1/1/2019 	6985706	20.00	25.00	6.83	13.38	102007.48	49812	0	CharlieHolbrow	
4821	1:56:33	1/1/2019 	6986635	19.00	9.00	6.87	13.38	102007.27	49810	0	CharlieHolbrow	
4822	1:56:34	1/1/2019 	6986671	18.00	9.00	6.93	13.38	102007.27	3806	0	CharlieHolbrow	
4823	1:56:34	1/1/2019 	6987184	18.00	9.00	6.93	13.38	102007.38	1836	0	CharlieHolbrow	
4824	1:56:34	1/1/2019 	6987578	19.00	9.00	6.87	13.38	102007.05	49808	0	CharlieHolbrow	
4825	1:56:35	1/1/2019 	6987816	24.00	100.00	6.64	13.38	102007.05	1836	0	CharlieHolbrow	
4826	1:56:35	1/1/2019 	6987938	22.00	42.00	6.72	13.39	102007.17	1837	0	CharlieHolbrow	
4827	1:56:36	1/1/2019 	6989090	19.00	10.00	6.87	13.39	102007.28	49809	0	CharlieHolbrow	
4828	1:56:36	1/1/2019 	6989143	20.00	10.00	6.81	13.39	102007.28	3807	0	CharlieHolbrow	
4829	1:56:36	1/1/2019 	6989169	19.00	9.00	6.87	13.39	102007.28	1835	0	CharlieHolbrow	
4830	1:56:38	1/1/2019 	6991093	21.00	41.00	6.78	13.39	102006.86	97784	1	CharlieHolbrow	
4831	1:56:39	1/1/2019 	6991710	18.00	9.00	6.93	13.40	102006.97	50754	0	CharlieHolbrow	
4832	1:56:40	1/1/2019 	6993016	19.00	12.00	6.87	13.40	102007.00	49810	0	CharlieHolbrow	
4833	1:56:40	1/1/2019 	6993087	18.00	9.00	6.93	13.40	102007.00	1837	0	CharlieHolbrow	
4834	1:56:41	1/1/2019 	6994359	19.00	14.00	6.88	13.40	102006.95	51978	0	CharlieHolbrow	
4835	1:56:42	1/1/2019 	6995124	18.00	9.00	6.93	13.41	102007.17	49811	0	CharlieHolbrow	
4836	1:56:42	1/1/2019 	6995277	18.00	9.00	6.93	13.41	102007.17	1835	0	CharlieHolbrow	
4837	1:56:42	1/1/2019 	6995466	18.00	9.00	6.93	13.41	102007.02	1835	0	CharlieHolbrow	
4838	1:56:43	1/1/2019 	6995695	21.00	33.00	6.77	13.41	102007.02	49811	0	CharlieHolbrow	
4839	1:56:43	1/1/2019 	6996079	20.00	13.00	6.81	13.41	102006.96	1836	0	CharlieHolbrow	
4840	1:56:44	1/1/2019 	6997110	18.00	9.00	6.93	13.41	102006.75	51782	0	CharlieHolbrow	
4841	1:56:45	1/1/2019 	6997750	18.00	9.00	6.93	13.42	102007.02	49811	0	CharlieHolbrow	
4842	1:56:45	1/1/2019 	6997957	25.00	99.00	6.59	13.42	102007.14	1836	1	CharlieHolbrow	
4843	1:56:46	1/1/2019 	6998715	18.00	9.00	6.93	13.42	102007.22	49810	0	CharlieHolbrow	
4844	1:56:46	1/1/2019 	6998727	22.00	63.00	6.73	13.42	102007.22	1835	0	CharlieHolbrow	
4845	1:56:46	1/1/2019 	6998999	20.00	17.00	6.82	13.42	102007.05	1835	0	CharlieHolbrow	
4846	1:56:46	1/1/2019 	6999092	18.00	9.00	6.93	13.42	102007.05	3806	0	CharlieHolbrow	
4847	1:56:46	1/1/2019 	6999200	23.00	9.00	6.64	13.42	102007.05	1834	0	CharlieHolbrow	
4848	1:56:47	1/1/2019 	6999780	19.00	17.00	6.88	13.42	102007.16	49809	0	CharlieHolbrow	
4849	1:56:48	1/1/2019 	7000675	18.00	9.00	6.93	13.43	102007.12	50754	0	CharlieHolbrow	
4850	1:56:48	1/1/2019 	7001022	20.00	16.00	6.82	13.43	102007.23	1835	0	CharlieHolbrow	
4851	1:56:50	1/1/2019 	7002865	18.00	8.00	6.93	13.43	102007.29	105542	0	CharlieHolbrow	
4852	1:56:52	1/1/2019 	7005071	19.00	17.00	6.88	13.44	102007.47	97787	0	CharlieHolbrow	
4853	1:56:53	1/1/2019 	7006190	23.00	91.00	6.69	13.44	102007.05	49812	1	CharlieHolbrow	
4854	1:56:53	1/1/2019 	7006249	29.00	197.00	6.46	13.44	102007.05	1836	0	CharlieHolbrow	
4855	1:56:54	1/1/2019 	7006761	19.00	11.00	6.87	13.45	102007.17	49810	0	CharlieHolbrow	
4856	1:56:54	1/1/2019 	7007157	25.00	113.00	6.60	13.45	102007.45	1836	1	CharlieHolbrow	
4857	1:56:54	1/1/2019 	7007494	20.00	16.00	6.82	13.45	102006.95	3970	0	CharlieHolbrow	
4858	1:56:55	1/1/2019 	7007771	25.00	215.00	6.65	13.45	102006.95	49811	0	CharlieHolbrow	
4859	1:56:55	1/1/2019 	7008315	25.00	103.00	6.59	13.45	102007.06	1837	0	CharlieHolbrow	
4860	1:56:57	1/1/2019 	7010039	19.00	13.00	6.88	13.46	102006.64	97787	0	CharlieHolbrow	
4861	1:56:57	1/1/2019 	7010374	20.00	18.00	6.82	13.46	102006.64	2779	0	CharlieHolbrow	
4862	1:56:58	1/1/2019 	7011044	25.00	111.00	6.60	13.46	102006.11	49812	0	CharlieHolbrow	
4863	1:56:59	1/1/2019 	7012620	18.00	9.00	6.93	13.46	102006.00	99896	0	CharlieHolbrow	
4864	1:57:00	1/1/2019 	7012802	18.00	8.00	6.93	13.46	102006.00	1835	0	CharlieHolbrow	
4865	1:57:00	1/1/2019 	7013041	18.00	9.00	6.93	13.47	102006.08	1835	0	CharlieHolbrow	
4866	1:57:00	1/1/2019 	7013202	18.00	9.00	6.93	13.47	102006.08	1835	0	CharlieHolbrow	
4867	1:57:00	1/1/2019 	7013221	18.00	8.00	6.93	13.47	102006.08	1836	0	CharlieHolbrow	
4868	1:57:01	1/1/2019 	7014377	24.00	45.00	6.61	13.47	102006.03	49811	1	CharlieHolbrow	
4869	1:57:03	1/1/2019 	7016033	18.00	9.00	6.93	13.47	102006.09	99754	0	CharlieHolbrow	
4870	1:57:03	1/1/2019 	7016275	21.00	27.00	6.77	13.47	102006.09	1836	0	CharlieHolbrow	
4871	1:57:03	1/1/2019 	7016456	26.00	148.00	6.57	13.47	102006.09	1836	1	CharlieHolbrow	
4872	1:57:04	1/1/2019 	7017335	26.00	147.00	6.57	13.48	102005.72	49813	1	CharlieHolbrow	
4873	1:57:06	1/1/2019 	7019194	38.00	411.00	6.23	13.48	102005.56	97785	1	CharlieHolbrow	
4874	1:57:07	1/1/2019 	7020408	21.00	57.00	6.78	13.49	102005.52	49812	0	CharlieHolbrow	
4875	1:57:07	1/1/2019 	7020630	18.00	8.00	6.93	13.49	102005.27	52880	0	CharlieHolbrow	
4876	1:57:08	1/1/2019 	7021314	18.00	9.00	6.93	13.49	102004.95	1836	0	CharlieHolbrow	
4877	1:57:08	1/1/2019 	7021594	19.00	9.00	6.87	13.49	102004.89	49808	0	CharlieHolbrow	
4878	1:57:09	1/1/2019 	7021971	26.00	142.00	6.57	13.49	102004.89	1835	1	CharlieHolbrow	
4879	1:57:09	1/1/2019 	7022459	21.00	41.00	6.78	13.49	102005.05	1837	0	CharlieHolbrow	
4880	1:57:09	1/1/2019 	7022583	19.00	9.00	6.87	13.49	102005.17	51835	0	CharlieHolbrow	
4881	1:57:11	1/1/2019 	7023822	21.00	43.00	6.78	13.50	102004.95	49811	0	CharlieHolbrow	
4882	1:57:12	1/1/2019 	7025661	23.00	79.00	6.68	13.50	102005.12	97787	1	CharlieHolbrow	
4883	1:57:15	1/1/2019 	7027686	19.00	17.00	6.88	13.51	102004.87	97787	0	CharlieHolbrow	
4884	1:57:15	1/1/2019 	7027911	18.00	9.00	6.93	13.51	102004.87	1836	0	CharlieHolbrow	
4885	1:57:16	1/1/2019 	7029242	18.00	9.00	6.93	13.51	102004.41	49808	0	CharlieHolbrow	
4886	1:57:16	1/1/2019 	7029487	17.00	9.00	7.00	13.51	102004.41	3807	0	CharlieHolbrow	
4887	1:57:17	1/1/2019 	7030617	22.00	61.00	6.73	13.52	102004.20	97781	0	CharlieHolbrow	
4888	1:57:18	1/1/2019 	7031570	18.00	9.00	6.93	13.52	102004.30	50749	0	CharlieHolbrow	
4889	1:57:19	1/1/2019 	7031850	18.00	8.00	6.93	13.52	102004.58	1836	0	CharlieHolbrow	
4890	1:57:19	1/1/2019 	7032614	24.00	93.00	6.64	13.52	102004.70	49809	0	CharlieHolbrow	
4891	1:57:20	1/1/2019 	7032760	18.00	9.00	6.93	13.52	102004.20	1835	0	CharlieHolbrow	
4892	1:57:21	1/1/2019 	7034092	18.00	9.00	6.93	13.53	102004.59	51922	0	CharlieHolbrow	
4893	1:57:22	1/1/2019 	7034723	18.00	9.00	6.93	13.53	102004.95	49808	0	CharlieHolbrow	
4894	1:57:22	1/1/2019 	7034808	30.00	196.00	6.41	13.53	102004.95	1836	1	CharlieHolbrow	
4895	1:57:22	1/1/2019 	7034971	20.00	25.00	6.83	13.53	102004.95	1836	0	CharlieHolbrow	
4896	1:57:23	1/1/2019 	7036101	19.00	22.00	6.89	13.54	102004.58	49811	0	CharlieHolbrow	
4897	1:57:23	1/1/2019 	7036436	20.00	19.00	6.82	13.54	102005.02	1836	0	CharlieHolbrow	
4898	1:57:24	1/1/2019 	7037107	22.00	61.00	6.73	13.54	102004.52	51779	0	CharlieHolbrow	
4899	1:57:24	1/1/2019 	7037160	21.00	42.00	6.78	13.54	102004.52	1836	1	CharlieHolbrow	
4900	1:57:24	1/1/2019 	7037481	18.00	9.00	6.93	13.54	102004.63	1836	0	CharlieHolbrow	
4901	1:57:26	1/1/2019 	7038898	18.00	9.00	6.93	13.55	102004.97	97781	0	CharlieHolbrow	
4902	1:57:27	1/1/2019 	7039840	18.00	9.00	6.93	13.55	102004.76	49809	0	CharlieHolbrow	
4903	1:57:27	1/1/2019 	7039882	25.00	99.00	6.59	13.55	102004.76	2778	0	CharlieHolbrow	
4904	1:57:27	1/1/2019 	7040090	18.00	9.00	6.93	13.55	102004.76	3949	0	CharlieHolbrow	
4905	1:57:27	1/1/2019 	7040135	18.00	9.00	6.93	13.55	102004.76	1834	0	CharlieHolbrow	
4906	1:57:27	1/1/2019 	7040554	24.00	95.00	6.64	13.55	102005.00	49808	0	CharlieHolbrow	
4907	1:57:28	1/1/2019 	7040746	18.00	10.00	6.93	13.55	102004.35	1835	0	CharlieHolbrow	
4908	1:57:29	1/1/2019 	7042226	18.00	9.00	6.93	13.56	102004.25	49810	0	CharlieHolbrow	
4909	1:57:30	1/1/2019 	7042796	18.00	9.00	6.93	13.56	102004.36	51835	0	CharlieHolbrow	
4910	1:57:30	1/1/2019 	7043360	26.00	103.00	6.54	13.56	102004.64	1836	0	CharlieHolbrow	
4911	1:57:31	1/1/2019 	7044075	19.00	11.00	6.87	13.56	102004.31	49811	0	CharlieHolbrow	
4912	1:57:31	1/1/2019 	7044473	19.00	9.00	6.87	13.57	102004.59	1836	0	CharlieHolbrow	
4913	1:57:31	1/1/2019 	7044568	26.00	107.00	6.55	13.57	102004.59	49809	0	CharlieHolbrow	
4914	1:57:32	1/1/2019 	7045145	18.00	9.00	6.93	13.57	102004.70	1835	1	CharlieHolbrow	
4915	1:57:33	1/1/2019 	7045916	18.00	9.00	6.93	13.57	102004.81	51780	0	CharlieHolbrow	
4916	1:57:33	1/1/2019 	7045968	22.00	59.00	6.73	13.57	102004.81	1836	0	CharlieHolbrow	
4917	1:57:33	1/1/2019 	7046224	18.00	9.00	6.93	13.57	102004.81	1835	0	CharlieHolbrow	
4918	1:57:34	1/1/2019 	7046932	21.00	48.00	6.78	13.57	102004.92	49809	1	CharlieHolbrow	
4919	1:57:35	1/1/2019 	7048029	18.00	9.00	6.93	13.58	102005.12	49811	0	CharlieHolbrow	
4920	1:57:35	1/1/2019 	7048630	18.00	9.00	6.93	13.58	102004.79	49809	0	CharlieHolbrow	
4921	1:57:37	1/1/2019 	7049975	18.00	9.00	6.93	13.58	102004.86	51780	0	CharlieHolbrow	
4922	1:57:37	1/1/2019 	7050386	17.00	9.00	7.00	13.58	102004.36	2779	0	CharlieHolbrow	
4923	1:57:38	1/1/2019 	7051553	18.00	9.00	6.93	13.59	102004.59	97783	0	CharlieHolbrow	
4924	1:57:40	1/1/2019 	7053495	18.00	9.00	6.93	13.59	102004.16	49810	0	CharlieHolbrow	
4925	1:57:42	1/1/2019 	7055483	21.00	46.00	6.78	13.60	102003.98	97784	0	CharlieHolbrow	
4926	1:57:43	1/1/2019 	7056110	17.00	8.00	6.99	13.60	102003.81	49810	0	CharlieHolbrow	
4927	1:57:44	1/1/2019 	7057209	18.00	9.00	6.93	13.61	102004.37	51923	0	CharlieHolbrow	
4928	1:57:44	1/1/2019 	7057342	18.00	9.00	6.93	13.61	102004.20	1836	0	CharlieHolbrow	
4929	1:57:45	1/1/2019 	7058151	18.00	9.00	6.93	13.61	102004.48	49808	0	CharlieHolbrow	
4930	1:57:45	1/1/2019 	7058296	18.00	9.00	6.93	13.61	102004.48	1836	0	CharlieHolbrow	
4931	1:57:45	1/1/2019 	7058408	17.00	9.00	7.00	13.61	102003.98	1835	0	CharlieHolbrow	
4932	1:57:45	1/1/2019 	7058575	18.00	9.00	6.93	13.61	102003.98	49809	0	CharlieHolbrow	
4933	1:57:46	1/1/2019 	7059478	19.00	14.00	6.88	13.62	102004.38	3808	0	CharlieHolbrow	
4934	1:57:46	1/1/2019 	7059567	19.00	9.00	6.87	13.62	102004.38	49817	0	CharlieHolbrow	
4935	1:57:47	1/1/2019 	7059831	18.00	11.00	6.94	13.62	102004.38	2785	0	CharlieHolbrow	
4936	1:57:47	1/1/2019 	7060478	18.00	9.00	6.93	13.62	102004.49	1841	0	CharlieHolbrow	
4937	1:57:47	1/1/2019 	7060571	21.00	26.00	6.77	13.62	102004.49	49809	0	CharlieHolbrow	
4938	1:57:48	1/1/2019 	7060816	18.00	9.00	6.93	13.62	102004.49	1836	0	CharlieHolbrow	
4939	1:57:48	1/1/2019 	7061032	17.00	9.00	7.00	13.62	102004.33	4003	0	CharlieHolbrow	
4940	1:57:48	1/1/2019 	7061297	34.00	294.00	6.30	13.62	102004.33	1835	0	CharlieHolbrow	
4941	1:57:48	1/1/2019 	7061560	18.00	8.00	6.93	13.62	102004.44	49808	0	CharlieHolbrow	
4942	1:57:49	1/1/2019 	7062080	21.00	43.00	6.78	13.62	102004.11	1835	0	CharlieHolbrow	
4943	1:57:49	1/1/2019 	7062358	18.00	9.00	6.93	13.62	102004.11	1836	0	CharlieHolbrow	
4944	1:57:50	1/1/2019 	7063240	18.00	9.00	6.93	13.63	102004.30	52537	0	CharlieHolbrow	
4945	1:57:50	1/1/2019 	7063284	20.00	19.00	6.82	13.63	102004.30	1836	0	CharlieHolbrow	
4946	1:57:50	1/1/2019 	7063439	25.00	98.00	6.59	13.63	102004.14	1836	0	CharlieHolbrow	
4947	1:57:51	1/1/2019 	7063848	23.00	65.00	6.68	13.63	102004.14	49808	0	CharlieHolbrow	
4948	1:57:51	1/1/2019 	7064213	28.00	161.00	6.49	13.63	102004.42	1837	0	CharlieHolbrow	
4949	1:57:51	1/1/2019 	7064402	20.00	13.00	6.81	13.63	102004.25	1836	0	CharlieHolbrow	
4950	1:57:52	1/1/2019 	7064954	17.00	9.00	7.00	13.63	102004.37	51922	0	CharlieHolbrow	
4951	1:57:52	1/1/2019 	7065116	18.00	9.00	6.93	13.63	102004.37	1836	0	CharlieHolbrow	
4952	1:57:53	1/1/2019 	7066042	27.00	150.00	6.53	13.63	102004.16	49808	0	CharlieHolbrow	
4953	1:57:54	1/1/2019 	7066935	18.00	9.00	6.93	13.64	102003.94	49810	0	CharlieHolbrow	
4954	1:57:56	1/1/2019 	7069040	42.00	488.00	6.17	13.64	102004.12	97781	0	CharlieHolbrow	
4955	1:57:56	1/1/2019 	7069049	19.00	10.00	6.87	13.64	102004.12	1837	0	CharlieHolbrow	
4956	1:57:58	1/1/2019 	7071136	29.00	173.00	6.45	13.65	102004.26	103135	0	CharlieHolbrow	
4957	1:57:59	1/1/2019 	7072224	24.00	106.00	6.65	13.65	102004.53	50557	1	CharlieHolbrow	
4958	1:58:00	1/1/2019 	7073244	18.00	9.00	6.93	13.66	102004.81	49810	0	CharlieHolbrow	
4959	1:58:00	1/1/2019 	7073332	18.00	9.00	6.93	13.66	102004.81	1836	0	CharlieHolbrow	
4960	1:58:01	1/1/2019 	7073794	18.00	9.00	6.93	13.66	102004.92	49808	0	CharlieHolbrow	
4961	1:58:01	1/1/2019 	7074128	19.00	9.00	6.87	13.66	102004.59	1836	0	CharlieHolbrow	
4962	1:58:01	1/1/2019 	7074348	18.00	9.00	6.93	13.66	102004.59	5142	0	CharlieHolbrow	
4963	1:58:01	1/1/2019 	7074425	18.00	9.00	6.93	13.66	102004.59	1835	0	CharlieHolbrow	
4964	1:58:02	1/1/2019 	7075052	18.00	9.00	6.93	13.66	102004.66	49810	0	CharlieHolbrow	
4965	1:58:02	1/1/2019 	7075298	19.00	9.00	6.87	13.66	102004.66	1836	0	CharlieHolbrow	
4966	1:58:02	1/1/2019 	7075427	17.00	9.00	7.00	13.66	102004.66	1835	0	CharlieHolbrow	
4967	1:58:03	1/1/2019 	7075814	19.00	12.00	6.87	13.66	102004.50	49810	0	CharlieHolbrow	
4968	1:58:03	1/1/2019 	7076167	19.00	10.00	6.87	13.67	102004.58	3861	0	CharlieHolbrow	
4969	1:58:04	1/1/2019 	7076831	19.00	17.00	6.88	13.67	102004.41	49810	0	CharlieHolbrow	
4970	1:58:04	1/1/2019 	7077324	18.00	9.00	6.93	13.67	102004.36	1836	0	CharlieHolbrow	
4971	1:58:04	1/1/2019 	7077338	19.00	8.00	6.86	13.67	102004.36	1835	0	CharlieHolbrow	
4972	1:58:06	1/1/2019 	7079309	20.00	27.00	6.83	13.68	102004.70	97782	0	CharlieHolbrow	
