###################################################################################################
### CosmicWatch: The Desktop Muon Detector
### Device ID: WinnieSzeto
### Launch time: 0:00:06 1/1/2019
### Questions? Email Spencer N. Axani (saxani@mit.edu)
### Event Time Date TimeStamp[ms] ADC1 ADC2 SiPM[mV] Temp[C] Pressure[Pa] DeadTime[us] Coincident ID
###################################################################################################
1	0:00:07	1/1/2019 	76	97.00	7.00	6.51	27.07	102027.09	47972	0	WinnieSzeto	
2	0:00:08	1/1/2019 	1182	175.00	8.00	8.69	27.07	102027.58	53375	0	WinnieSzeto	
3	0:00:09	1/1/2019 	2048	197.00	8.00	9.23	27.07	102027.91	49817	0	WinnieSzeto	
4	0:00:10	1/1/2019 	3252	82.00	7.00	6.17	27.07	102028.58	49817	0	WinnieSzeto	
5	0:00:10	1/1/2019 	3869	961.00	179.00	43.24	27.07	102028.58	49820	1	WinnieSzeto	
6	0:00:11	1/1/2019 	4164	102.00	8.00	6.65	27.07	102028.91	1849	0	WinnieSzeto	
7	0:00:11	1/1/2019 	4553	65.00	8.00	5.92	27.07	102029.45	49817	0	WinnieSzeto	
8	0:00:11	1/1/2019 	4677	152.00	8.00	8.07	27.07	102029.45	4348	0	WinnieSzeto	
9	0:00:12	1/1/2019 	5008	168.00	8.00	8.51	27.07	102029.45	1846	0	WinnieSzeto	
10	0:00:12	1/1/2019 	5148	133.00	8.00	7.53	27.07	102029.45	1848	0	WinnieSzeto	
11	0:00:12	1/1/2019 	5214	65.00	7.00	5.92	27.07	102029.45	1847	0	WinnieSzeto	
12	0:00:14	1/1/2019 	7365	521.00	8.00	13.00	27.08	102030.55	97786	0	WinnieSzeto	
13	0:00:15	1/1/2019 	8224	355.00	8.00	11.71	27.08	102031.08	49815	0	WinnieSzeto	
14	0:00:15	1/1/2019 	8307	688.00	11.00	15.29	27.08	102031.46	1848	0	WinnieSzeto	
15	0:00:15	1/1/2019 	8327	472.00	8.00	12.63	27.08	102031.46	4417	0	WinnieSzeto	
16	0:00:15	1/1/2019 	8467	929.00	138.00	37.28	27.08	102031.46	1847	1	WinnieSzeto	
17	0:00:15	1/1/2019 	8578	154.00	8.00	8.13	27.08	102031.46	49820	0	WinnieSzeto	
18	0:00:15	1/1/2019 	8855	124.00	8.00	7.27	27.08	102031.46	1848	0	WinnieSzeto	
19	0:00:15	1/1/2019 	8927	892.00	93.00	28.66	27.08	102031.46	1847	1	WinnieSzeto	
20	0:00:17	1/1/2019 	10630	114.00	8.00	6.98	27.09	102032.75	97787	0	WinnieSzeto	
21	0:00:17	1/1/2019 	10914	180.00	8.00	8.82	27.09	102032.75	5389	0	WinnieSzeto	
22	0:00:18	1/1/2019 	11258	88.00	7.00	6.30	27.09	102032.97	1846	0	WinnieSzeto	
23	0:00:18	1/1/2019 	11416	123.00	8.00	7.24	27.09	102032.97	1849	0	WinnieSzeto	
24	0:00:18	1/1/2019 	11884	959.00	160.00	40.80	27.10	102033.73	49814	0	WinnieSzeto	
25	0:00:19	1/1/2019 	12189	841.00	69.00	24.71	27.10	102033.77	1849	1	WinnieSzeto	
26	0:00:19	1/1/2019 	12284	812.00	51.00	22.62	27.10	102033.77	1849	0	WinnieSzeto	
27	0:00:19	1/1/2019 	12884	745.00	17.00	17.32	27.10	102034.17	52405	0	WinnieSzeto	
28	0:00:21	1/1/2019 	14022	588.00	8.00	13.70	27.11	102034.48	49817	0	WinnieSzeto	
29	0:00:22	1/1/2019 	15380	256.00	8.00	10.39	27.12	102034.80	49816	0	WinnieSzeto	
30	0:00:23	1/1/2019 	16379	207.00	8.00	9.45	27.13	102034.77	49815	0	WinnieSzeto	
31	0:00:23	1/1/2019 	16452	97.00	8.00	6.52	27.13	102034.77	1849	0	WinnieSzeto	
32	0:00:24	1/1/2019 	17071	977.00	778.00	138.70	27.13	102034.85	49816	1	WinnieSzeto	
33	0:00:24	1/1/2019 	17348	65.00	8.00	5.92	27.14	102034.94	1851	0	WinnieSzeto	
34	0:00:25	1/1/2019 	18265	801.00	42.00	21.70	27.15	102035.28	52400	1	WinnieSzeto	
35	0:00:25	1/1/2019 	18637	73.00	8.00	6.02	27.15	102035.28	49818	0	WinnieSzeto	
36	0:00:25	1/1/2019 	18671	171.00	7.00	8.58	27.15	102035.28	1846	0	WinnieSzeto	
37	0:00:25	1/1/2019 	18695	378.00	8.00	11.93	27.15	102035.28	1849	0	WinnieSzeto	
38	0:00:25	1/1/2019 	18835	77.00	7.00	6.08	27.15	102035.39	1848	0	WinnieSzeto	
39	0:00:26	1/1/2019 	19106	862.00	79.00	26.19	27.15	102035.39	1849	1	WinnieSzeto	
40	0:00:26	1/1/2019 	19645	946.00	151.00	39.45	27.16	102035.64	52385	0	WinnieSzeto	
41	0:00:27	1/1/2019 	20308	161.00	8.00	8.32	27.16	102035.55	2575	0	WinnieSzeto	
42	0:00:28	1/1/2019 	21187	90.00	8.00	6.35	27.17	102035.80	49817	0	WinnieSzeto	
43	0:00:28	1/1/2019 	21935	447.00	8.00	12.46	27.18	102035.77	49818	0	WinnieSzeto	
44	0:00:30	1/1/2019 	23047	735.00	17.00	17.31	27.21	102036.22	49817	1	WinnieSzeto	
45	0:00:30	1/1/2019 	23736	62.00	8.00	5.90	27.23	102036.07	49820	0	WinnieSzeto	
46	0:00:31	1/1/2019 	24025	486.00	8.00	12.73	27.23	102036.07	4455	0	WinnieSzeto	
47	0:00:31	1/1/2019 	24358	315.00	8.00	11.26	27.25	102036.55	1849	0	WinnieSzeto	
48	0:00:31	1/1/2019 	24803	464.00	8.00	12.58	27.27	102036.84	49819	0	WinnieSzeto	
49	0:00:31	1/1/2019 	24892	700.00	12.00	15.65	27.27	102036.84	1848	0	WinnieSzeto	
50	0:00:32	1/1/2019 	25676	545.00	8.00	13.22	27.29	102036.84	49819	0	WinnieSzeto	
51	0:00:33	1/1/2019 	26117	152.00	8.00	8.07	27.31	102037.22	1848	0	WinnieSzeto	
52	0:00:33	1/1/2019 	26227	117.00	8.00	7.06	27.31	102037.22	4437	0	WinnieSzeto	
53	0:00:33	1/1/2019 	26332	89.00	8.00	6.32	27.31	102037.22	1846	0	WinnieSzeto	
54	0:00:33	1/1/2019 	26646	832.00	66.00	24.30	27.32	102037.56	49817	0	WinnieSzeto	
55	0:00:33	1/1/2019 	26772	624.00	9.00	14.31	27.32	102037.56	1849	0	WinnieSzeto	
56	0:00:34	1/1/2019 	27027	561.00	8.00	13.39	27.34	102037.55	1849	0	WinnieSzeto	
57	0:00:34	1/1/2019 	27083	70.00	10.00	5.98	27.34	102037.55	1848	0	WinnieSzeto	
58	0:00:34	1/1/2019 	27169	84.00	8.00	6.21	27.34	102037.55	1849	0	WinnieSzeto	
59	0:00:34	1/1/2019 	27410	104.00	7.00	6.70	27.34	102037.55	4433	0	WinnieSzeto	
60	0:00:34	1/1/2019 	27416	704.00	12.00	15.66	27.34	102037.55	1848	0	WinnieSzeto	
61	0:00:34	1/1/2019 	27819	144.00	8.00	7.85	27.36	102037.21	49819	0	WinnieSzeto	
62	0:00:35	1/1/2019 	28916	954.00	166.00	41.62	27.40	102037.25	49818	0	WinnieSzeto	
63	0:00:36	1/1/2019 	29063	450.00	8.00	12.48	27.40	102037.25	1850	0	WinnieSzeto	
64	0:00:36	1/1/2019 	29416	145.00	8.00	7.87	27.41	102037.15	1848	0	WinnieSzeto	
65	0:00:36	1/1/2019 	29497	459.00	8.00	12.54	27.41	102037.15	4432	0	WinnieSzeto	
66	0:00:36	1/1/2019 	29648	62.00	7.00	5.90	27.41	102037.15	49818	0	WinnieSzeto	
67	0:00:36	1/1/2019 	29780	760.00	19.00	17.91	27.43	102037.17	2574	0	WinnieSzeto	
68	0:00:38	1/1/2019 	31095	931.00	144.00	38.31	27.46	102036.57	49821	1	WinnieSzeto	
69	0:00:38	1/1/2019 	31320	766.00	23.00	18.89	27.46	102036.57	1850	1	WinnieSzeto	
70	0:00:38	1/1/2019 	31876	110.00	8.00	6.86	27.47	102036.31	49821	0	WinnieSzeto	
71	0:00:39	1/1/2019 	32405	543.00	8.00	13.20	27.49	102036.23	4454	0	WinnieSzeto	
72	0:00:41	1/1/2019 	34568	185.00	8.00	8.95	27.53	102036.75	145770	0	WinnieSzeto	
73	0:00:41	1/1/2019 	34716	961.00	172.00	42.40	27.54	102036.88	1850	1	WinnieSzeto	
74	0:00:41	1/1/2019 	34791	678.00	10.00	14.94	27.54	102036.88	1858	0	WinnieSzeto	
75	0:00:42	1/1/2019 	35016	740.00	17.00	17.32	27.54	102036.88	1856	0	WinnieSzeto	
76	0:00:42	1/1/2019 	35451	253.00	8.00	10.34	27.55	102036.84	1855	0	WinnieSzeto	
77	0:00:42	1/1/2019 	35892	895.00	103.00	30.55	27.55	102036.62	52409	1	WinnieSzeto	
78	0:00:43	1/1/2019 	36292	703.00	12.00	15.66	27.56	102036.89	1854	1	WinnieSzeto	
79	0:00:43	1/1/2019 	36359	70.00	8.00	5.98	27.56	102036.89	1849	0	WinnieSzeto	
80	0:00:43	1/1/2019 	36381	908.00	114.00	32.73	27.56	102036.89	1846	0	WinnieSzeto	
81	0:00:43	1/1/2019 	36647	111.00	7.00	6.89	27.56	102036.89	49821	0	WinnieSzeto	
82	0:00:43	1/1/2019 	36707	382.00	8.00	11.97	27.56	102036.89	1849	0	WinnieSzeto	
83	0:00:44	1/1/2019 	37233	874.00	82.00	26.71	27.57	102036.84	4433	1	WinnieSzeto	
84	0:00:44	1/1/2019 	37795	195.00	7.00	9.17	27.57	102036.41	49822	0	WinnieSzeto	
85	0:00:45	1/1/2019 	38022	344.00	8.00	11.60	27.57	102036.47	1850	0	WinnieSzeto	
86	0:00:45	1/1/2019 	38327	534.00	4.00	12.58	27.57	102036.47	1847	0	WinnieSzeto	
87	0:00:46	1/1/2019 	39582	623.00	8.00	14.06	27.59	102037.02	97792	0	WinnieSzeto	
88	0:00:46	1/1/2019 	39595	640.00	9.00	14.45	27.59	102037.02	2573	1	WinnieSzeto	
89	0:00:46	1/1/2019 	39683	161.00	7.00	8.32	27.59	102037.02	1848	0	WinnieSzeto	
90	0:00:46	1/1/2019 	39748	652.00	10.00	14.82	27.59	102037.02	4456	0	WinnieSzeto	
91	0:00:46	1/1/2019 	39921	642.00	9.00	14.47	27.59	102037.02	1848	0	WinnieSzeto	
92	0:00:47	1/1/2019 	40245	594.00	8.00	13.77	27.59	102037.07	1849	0	WinnieSzeto	
93	0:00:47	1/1/2019 	40794	982.00	677.00	122.38	27.59	102037.09	49820	1	WinnieSzeto	
94	0:00:48	1/1/2019 	41673	966.00	290.00	55.49	27.59	102036.92	49823	0	WinnieSzeto	
95	0:00:49	1/1/2019 	42118	916.00	127.00	35.25	27.59	102037.31	1851	0	WinnieSzeto	
96	0:00:49	1/1/2019 	42783	882.00	91.00	28.27	27.59	102037.48	57050	0	WinnieSzeto	
97	0:00:49	1/1/2019 	42948	225.00	8.00	9.83	27.60	102037.70	1849	0	WinnieSzeto	
98	0:00:49	1/1/2019 	42994	441.00	7.00	12.34	27.60	102037.70	1846	0	WinnieSzeto	
99	0:00:50	1/1/2019 	43333	370.00	8.00	11.86	27.60	102037.70	1850	0	WinnieSzeto	
100	0:00:50	1/1/2019 	43792	336.00	8.00	11.51	27.60	102037.53	49822	0	WinnieSzeto	
101	0:00:51	1/1/2019 	44020	119.00	7.00	7.12	27.60	102037.70	1847	0	WinnieSzeto	
102	0:00:51	1/1/2019 	44100	392.00	8.00	12.06	27.60	102037.70	4435	0	WinnieSzeto	
103	0:00:51	1/1/2019 	44291	577.00	8.00	13.57	27.60	102037.70	1846	0	WinnieSzeto	
104	0:00:51	1/1/2019 	44398	617.00	8.00	14.01	27.60	102037.70	1846	0	WinnieSzeto	
105	0:00:51	1/1/2019 	44413	746.00	18.00	17.61	27.60	102037.70	1847	0	WinnieSzeto	
106	0:00:51	1/1/2019 	44460	973.00	358.00	67.32	27.60	102037.70	1850	0	WinnieSzeto	
107	0:00:51	1/1/2019 	44873	808.00	49.00	22.41	27.60	102037.70	49822	0	WinnieSzeto	
108	0:00:52	1/1/2019 	45400	976.00	613.00	107.93	27.60	102037.86	4435	1	WinnieSzeto	
109	0:00:52	1/1/2019 	45647	688.00	11.00	15.29	27.60	102038.41	49825	0	WinnieSzeto	
110	0:00:52	1/1/2019 	45666	430.00	8.00	12.35	27.60	102038.41	1849	0	WinnieSzeto	
111	0:00:52	1/1/2019 	45748	143.00	7.00	7.81	27.60	102038.41	1846	0	WinnieSzeto	
112	0:00:53	1/1/2019 	46826	348.00	7.00	11.59	27.60	102038.58	49822	0	WinnieSzeto	
113	0:00:54	1/1/2019 	47264	136.00	8.00	7.62	27.60	102038.41	1849	0	WinnieSzeto	
114	0:00:54	1/1/2019 	47436	453.00	8.00	12.50	27.60	102038.41	4434	0	WinnieSzeto	
115	0:00:55	1/1/2019 	48749	904.00	104.00	30.77	27.60	102038.19	97795	0	WinnieSzeto	
116	0:00:56	1/1/2019 	49176	182.00	7.00	8.86	27.60	102038.19	1850	0	WinnieSzeto	
117	0:00:56	1/1/2019 	49646	140.00	7.00	7.73	27.60	102038.52	49822	0	WinnieSzeto	
118	0:00:56	1/1/2019 	49687	846.00	58.00	23.41	27.60	102038.52	2574	0	WinnieSzeto	
119	0:00:57	1/1/2019 	50116	135.00	8.00	7.59	27.60	102038.69	1849	1	WinnieSzeto	
120	0:00:57	1/1/2019 	50933	964.00	171.00	42.27	27.60	102038.86	52431	1	WinnieSzeto	
121	0:00:58	1/1/2019 	51203	804.00	46.00	22.11	27.60	102039.02	1850	1	WinnieSzeto	
122	0:00:58	1/1/2019 	51299	946.00	151.00	39.45	27.60	102039.02	1850	0	WinnieSzeto	
123	0:00:59	1/1/2019 	52026	915.00	128.00	35.44	27.59	102038.80	49825	0	WinnieSzeto	
124	0:01:00	1/1/2019 	53469	554.00	8.00	13.32	27.59	102039.08	49822	0	WinnieSzeto	
125	0:01:00	1/1/2019 	53562	142.00	8.00	7.79	27.59	102039.08	49824	0	WinnieSzeto	
126	0:01:01	1/1/2019 	54287	114.00	7.00	6.97	27.59	102038.72	4454	0	WinnieSzeto	
127	0:01:01	1/1/2019 	54720	81.00	7.00	6.15	27.59	102038.72	49825	0	WinnieSzeto	
128	0:01:01	1/1/2019 	54826	292.00	8.00	10.95	27.59	102038.72	1849	0	WinnieSzeto	
129	0:01:01	1/1/2019 	54850	88.00	7.00	6.30	27.59	102038.72	1847	0	WinnieSzeto	
130	0:01:02	1/1/2019 	55088	456.00	8.00	12.52	27.59	102038.34	1848	0	WinnieSzeto	
131	0:01:02	1/1/2019 	55399	792.00	33.00	20.64	27.59	102038.34	1847	0	WinnieSzeto	
132	0:01:02	1/1/2019 	55458	700.00	11.00	15.30	27.59	102038.34	1850	0	WinnieSzeto	
133	0:01:03	1/1/2019 	56048	181.00	8.00	8.85	27.58	102038.31	52408	0	WinnieSzeto	
134	0:01:03	1/1/2019 	56399	138.00	6.00	7.66	27.58	102038.31	1847	0	WinnieSzeto	
135	0:01:04	1/1/2019 	57063	94.00	7.00	6.44	27.58	102038.48	49822	0	WinnieSzeto	
136	0:01:04	1/1/2019 	57440	266.00	8.00	10.56	27.58	102038.26	1849	0	WinnieSzeto	
137	0:01:04	1/1/2019 	57559	801.00	48.00	22.30	27.58	102038.26	49822	1	WinnieSzeto	
138	0:01:04	1/1/2019 	57884	173.00	7.00	8.63	27.58	102038.26	1848	0	WinnieSzeto	
139	0:01:05	1/1/2019 	58239	745.00	18.00	17.61	27.58	102038.59	4434	1	WinnieSzeto	
140	0:01:06	1/1/2019 	59259	403.00	8.00	12.14	27.58	102038.53	49825	0	WinnieSzeto	
141	0:01:06	1/1/2019 	59715	212.00	8.00	9.56	27.58	102038.86	49823	0	WinnieSzeto	
142	0:01:08	1/1/2019 	61112	104.00	7.00	6.70	27.58	102039.00	50546	0	WinnieSzeto	
143	0:01:08	1/1/2019 	61552	789.00	29.00	20.05	27.58	102039.00	49823	0	WinnieSzeto	
144	0:01:09	1/1/2019 	62204	636.00	9.00	14.42	27.58	102039.00	1849	0	WinnieSzeto	
145	0:01:09	1/1/2019 	62335	136.00	7.00	7.61	27.58	102039.00	4457	0	WinnieSzeto	
146	0:01:10	1/1/2019 	63413	975.00	605.00	105.99	27.57	102038.95	49823	1	WinnieSzeto	
147	0:01:10	1/1/2019 	63914	146.00	7.00	7.90	27.57	102039.45	49825	0	WinnieSzeto	
148	0:01:11	1/1/2019 	64083	906.00	116.00	33.11	27.57	102039.45	1848	1	WinnieSzeto	
149	0:01:12	1/1/2019 	65155	104.00	8.00	6.70	27.57	102039.23	49824	0	WinnieSzeto	
150	0:01:12	1/1/2019 	65830	125.00	8.00	7.29	27.57	102039.23	49819	0	WinnieSzeto	
151	0:01:13	1/1/2019 	66432	553.00	8.00	13.31	27.57	102039.23	4433	0	WinnieSzeto	
152	0:01:13	1/1/2019 	66606	960.00	160.00	40.80	27.57	102039.39	49821	1	WinnieSzeto	
153	0:01:13	1/1/2019 	66791	772.00	25.00	19.31	27.57	102039.39	1850	0	WinnieSzeto	
154	0:01:13	1/1/2019 	66882	278.00	8.00	10.75	27.57	102039.39	1849	0	WinnieSzeto	
155	0:01:14	1/1/2019 	67346	174.00	7.00	8.66	27.57	102039.56	1847	0	WinnieSzeto	
156	0:01:15	1/1/2019 	68205	66.00	7.00	5.93	27.57	102039.89	49823	1	WinnieSzeto	
157	0:01:15	1/1/2019 	68463	118.00	8.00	7.09	27.57	102039.89	9298	0	WinnieSzeto	
158	0:01:15	1/1/2019 	68640	230.00	7.00	9.91	27.57	102039.89	49818	0	WinnieSzeto	
159	0:01:16	1/1/2019 	69779	118.00	7.00	7.09	27.57	102039.67	49822	0	WinnieSzeto	
160	0:01:17	1/1/2019 	70550	597.00	8.00	13.80	27.57	102039.67	50549	0	WinnieSzeto	
161	0:01:17	1/1/2019 	70684	98.00	7.00	6.54	27.57	102039.67	1847	0	WinnieSzeto	
162	0:01:18	1/1/2019 	71076	272.00	8.00	10.65	27.57	102039.84	1848	0	WinnieSzeto	
163	0:01:19	1/1/2019 	72121	885.00	97.00	29.37	27.57	102039.50	52428	1	WinnieSzeto	
164	0:01:19	1/1/2019 	72358	142.00	8.00	7.79	27.57	102039.50	1849	0	WinnieSzeto	
165	0:01:20	1/1/2019 	73583	983.00	931.00	205.48	27.57	102039.17	97791	1	WinnieSzeto	
166	0:01:23	1/1/2019 	76391	344.00	7.00	11.55	27.57	102038.84	97794	0	WinnieSzeto	
167	0:01:23	1/1/2019 	76629	972.00	288.00	55.18	27.57	102038.84	49821	0	WinnieSzeto	
168	0:01:23	1/1/2019 	76650	565.00	8.00	13.44	27.57	102038.84	1851	0	WinnieSzeto	
169	0:01:24	1/1/2019 	77889	897.00	105.00	30.94	27.57	102038.48	52405	1	WinnieSzeto	
170	0:01:25	1/1/2019 	78091	561.00	8.00	13.39	27.57	102038.81	1852	0	WinnieSzeto	
171	0:01:26	1/1/2019 	79030	720.00	14.00	16.35	27.57	102038.66	49821	1	WinnieSzeto	
172	0:01:26	1/1/2019 	79444	173.00	7.00	8.63	27.56	102038.44	1850	0	WinnieSzeto	
173	0:01:27	1/1/2019 	80014	82.00	7.00	6.17	27.56	102038.27	49821	0	WinnieSzeto	
174	0:01:27	1/1/2019 	80144	119.00	7.00	7.12	27.56	102038.27	2575	0	WinnieSzeto	
175	0:01:27	1/1/2019 	80715	693.00	11.00	15.30	27.56	102038.11	52429	0	WinnieSzeto	
176	0:01:29	1/1/2019 	82814	923.00	133.00	36.37	27.56	102038.11	97795	1	WinnieSzeto	
177	0:01:30	1/1/2019 	83979	511.00	8.00	12.92	27.56	102038.27	49824	0	WinnieSzeto	
178	0:01:31	1/1/2019 	84082	85.00	7.00	6.23	27.56	102038.27	1848	0	WinnieSzeto	
179	0:01:31	1/1/2019 	84160	965.00	243.00	49.50	27.56	102038.27	1850	1	WinnieSzeto	
180	0:01:31	1/1/2019 	84204	62.00	7.00	5.90	27.56	102038.27	1850	0	WinnieSzeto	
181	0:01:31	1/1/2019 	84714	973.00	359.00	67.50	27.56	102038.11	49823	1	WinnieSzeto	
182	0:01:31	1/1/2019 	84838	84.00	7.00	6.21	27.56	102038.11	4435	0	WinnieSzeto	
183	0:01:32	1/1/2019 	85004	114.00	7.00	6.97	27.56	102038.11	1848	0	WinnieSzeto	
184	0:01:32	1/1/2019 	85117	268.00	7.00	10.56	27.56	102038.11	1850	0	WinnieSzeto	
185	0:01:35	1/1/2019 	88388	795.00	37.00	21.15	27.57	102037.99	145768	0	WinnieSzeto	
186	0:01:36	1/1/2019 	89372	190.00	7.00	9.06	27.57	102037.99	49825	0	WinnieSzeto	
187	0:01:36	1/1/2019 	89643	573.00	8.00	13.53	27.57	102037.99	49823	0	WinnieSzeto	
188	0:01:37	1/1/2019 	90400	796.00	41.00	21.59	27.57	102038.18	5430	0	WinnieSzeto	
189	0:01:37	1/1/2019 	90432	424.00	8.00	12.30	27.57	102038.18	1850	0	WinnieSzeto	
190	0:01:37	1/1/2019 	90623	235.00	8.00	10.02	27.57	102038.18	49819	0	WinnieSzeto	
191	0:01:38	1/1/2019 	91212	123.00	7.00	7.23	27.57	102038.02	1847	0	WinnieSzeto	
192	0:01:38	1/1/2019 	91869	176.00	8.00	8.72	27.57	102038.02	49822	0	WinnieSzeto	
193	0:01:38	1/1/2019 	91879	552.00	8.00	13.30	27.57	102038.02	1846	0	WinnieSzeto	
194	0:01:40	1/1/2019 	93123	164.00	7.00	8.40	27.57	102038.07	52405	0	WinnieSzeto	
195	0:01:40	1/1/2019 	93574	814.00	56.00	23.13	27.57	102037.91	49821	1	WinnieSzeto	
196	0:01:41	1/1/2019 	94613	111.00	7.00	6.89	27.57	102037.41	49822	0	WinnieSzeto	
197	0:01:41	1/1/2019 	94691	285.00	8.00	10.85	27.57	102037.41	1849	0	WinnieSzeto	
198	0:01:41	1/1/2019 	94850	66.00	7.00	5.93	27.57	102037.41	1847	0	WinnieSzeto	
199	0:01:43	1/1/2019 	96020	965.00	293.00	55.95	27.57	102037.80	49821	0	WinnieSzeto	
200	0:01:43	1/1/2019 	96567	80.00	7.00	6.13	27.57	102037.80	52410	0	WinnieSzeto	
201	0:01:43	1/1/2019 	96623	285.00	7.00	10.82	27.57	102037.80	1848	0	WinnieSzeto	
202	0:01:43	1/1/2019 	96759	534.00	8.00	13.12	27.57	102037.80	1849	0	WinnieSzeto	
203	0:01:43	1/1/2019 	96940	144.00	7.00	7.84	27.57	102037.80	1846	0	WinnieSzeto	
204	0:01:45	1/1/2019 	98192	733.00	17.00	17.30	27.57	102037.62	49824	0	WinnieSzeto	
205	0:01:45	1/1/2019 	98241	762.00	22.00	18.66	27.57	102037.62	1857	1	WinnieSzeto	
206	0:01:46	1/1/2019 	99628	426.00	8.00	12.32	27.58	102037.68	105021	0	WinnieSzeto	
207	0:01:46	1/1/2019 	99786	904.00	109.00	31.74	27.58	102037.68	2574	1	WinnieSzeto	
208	0:01:47	1/1/2019 	100926	622.00	8.00	14.05	27.58	102037.52	49820	0	WinnieSzeto	
209	0:01:48	1/1/2019 	101097	276.00	8.00	10.71	27.58	102037.35	1847	1	WinnieSzeto	
210	0:01:48	1/1/2019 	101654	895.00	98.00	29.60	27.58	102037.88	49823	1	WinnieSzeto	
211	0:01:48	1/1/2019 	101664	897.00	103.00	30.56	27.58	102037.88	1857	0	WinnieSzeto	
212	0:01:49	1/1/2019 	102866	137.00	7.00	7.64	27.58	102037.54	52432	0	WinnieSzeto	
213	0:01:49	1/1/2019 	102974	110.00	7.00	6.86	27.58	102037.54	1850	0	WinnieSzeto	
214	0:01:50	1/1/2019 	103756	171.00	7.00	8.58	27.58	102037.21	49821	0	WinnieSzeto	
215	0:01:51	1/1/2019 	104214	734.00	17.00	17.31	27.58	102037.43	1850	0	WinnieSzeto	
216	0:01:51	1/1/2019 	104922	952.00	154.00	39.91	27.58	102037.27	49823	1	WinnieSzeto	
217	0:01:51	1/1/2019 	104961	118.00	7.00	7.09	27.58	102037.27	1850	0	WinnieSzeto	
218	0:01:52	1/1/2019 	105607	921.00	131.00	36.00	27.58	102037.65	52407	0	WinnieSzeto	
219	0:01:52	1/1/2019 	105655	619.00	9.00	14.25	27.58	102037.65	1851	0	WinnieSzeto	
220	0:01:52	1/1/2019 	105666	247.00	7.00	10.22	27.58	102037.65	1849	0	WinnieSzeto	
221	0:01:53	1/1/2019 	106183	68.00	7.00	5.95	27.58	102037.65	1849	0	WinnieSzeto	
222	0:01:53	1/1/2019 	106378	394.00	8.00	12.07	27.58	102037.65	1849	0	WinnieSzeto	
223	0:01:54	1/1/2019 	107484	150.00	8.00	8.02	27.59	102081.66	49819	0	WinnieSzeto	
224	0:01:56	1/1/2019 	109700	167.00	8.00	8.48	27.59	102089.16	148349	0	WinnieSzeto	
225	0:01:57	1/1/2019 	110729	168.00	7.00	8.50	27.59	102082.73	50546	0	WinnieSzeto	
226	0:01:58	1/1/2019 	111715	107.00	7.00	6.78	27.59	102077.16	49822	0	WinnieSzeto	
227	0:01:59	1/1/2019 	112390	215.00	8.00	9.63	27.60	102074.74	1850	0	WinnieSzeto	
228	0:01:59	1/1/2019 	112460	742.00	19.00	17.88	27.60	102074.74	1848	0	WinnieSzeto	
229	0:01:59	1/1/2019 	112942	143.00	8.00	7.82	27.60	102072.64	49823	0	WinnieSzeto	
230	0:02:00	1/1/2019 	113796	70.00	7.00	5.98	27.60	102068.53	52426	0	WinnieSzeto	
231	0:02:00	1/1/2019 	113867	837.00	70.00	24.83	27.60	102068.53	1851	1	WinnieSzeto	
232	0:02:00	1/1/2019 	113990	597.00	9.00	13.99	27.60	102068.53	1849	0	WinnieSzeto	
233	0:02:01	1/1/2019 	114108	665.00	10.00	14.90	27.60	102068.53	1850	0	WinnieSzeto	
234	0:02:01	1/1/2019 	114205	587.00	8.00	13.69	27.60	102068.53	1851	0	WinnieSzeto	
235	0:02:01	1/1/2019 	114345	276.00	8.00	10.71	27.60	102066.38	1847	0	WinnieSzeto	
236	0:02:01	1/1/2019 	114800	826.00	52.00	22.75	27.60	102064.78	49819	0	WinnieSzeto	
237	0:02:02	1/1/2019 	115210	180.00	7.00	8.81	27.60	102064.78	4435	0	WinnieSzeto	
238	0:02:02	1/1/2019 	115316	782.00	28.00	19.87	27.60	102063.30	1851	0	WinnieSzeto	
239	0:02:03	1/1/2019 	116353	95.00	7.00	6.46	27.60	102061.64	49822	0	WinnieSzeto	
240	0:02:03	1/1/2019 	116356	973.00	321.00	60.64	27.60	102061.64	1849	0	WinnieSzeto	
241	0:02:03	1/1/2019 	116871	675.00	10.00	14.93	27.61	102060.20	49823	0	WinnieSzeto	
242	0:02:03	1/1/2019 	116908	471.00	8.00	12.62	27.61	102060.20	1850	0	WinnieSzeto	
243	0:02:03	1/1/2019 	116916	412.00	8.00	12.21	27.61	102060.20	4433	0	WinnieSzeto	
244	0:02:03	1/1/2019 	116928	63.00	7.00	5.91	27.61	102060.20	1847	0	WinnieSzeto	
245	0:02:04	1/1/2019 	117146	870.00	82.00	26.69	27.61	102058.55	1848	0	WinnieSzeto	
246	0:02:04	1/1/2019 	117309	276.00	7.00	10.69	27.61	102058.55	1849	0	WinnieSzeto	
247	0:02:05	1/1/2019 	118197	271.00	7.00	10.61	27.61	102056.52	49821	0	WinnieSzeto	
248	0:02:05	1/1/2019 	118225	670.00	9.00	14.59	27.61	102056.52	1851	0	WinnieSzeto	
249	0:02:05	1/1/2019 	118851	396.00	8.00	12.09	27.61	102054.86	52409	0	WinnieSzeto	
250	0:02:07	1/1/2019 	120196	606.00	9.00	14.10	27.61	102052.41	49823	0	WinnieSzeto	
251	0:02:07	1/1/2019 	120369	74.00	7.00	6.03	27.61	102051.60	2575	0	WinnieSzeto	
252	0:02:07	1/1/2019 	120780	654.00	9.00	14.54	27.61	102051.60	49823	0	WinnieSzeto	
253	0:02:07	1/1/2019 	120947	800.00	44.00	21.90	27.62	102050.66	1848	1	WinnieSzeto	
254	0:02:08	1/1/2019 	121219	916.00	125.00	34.87	27.62	102050.66	1849	1	WinnieSzeto	
255	0:02:09	1/1/2019 	122140	589.00	8.00	13.71	27.62	102049.23	57066	0	WinnieSzeto	
256	0:02:09	1/1/2019 	122174	282.00	7.00	10.77	27.62	102049.23	1848	0	WinnieSzeto	
257	0:02:09	1/1/2019 	122290	904.00	106.00	31.16	27.62	102049.23	1850	0	WinnieSzeto	
258	0:02:09	1/1/2019 	122593	553.00	8.00	13.31	27.62	102048.59	49823	0	WinnieSzeto	
259	0:02:09	1/1/2019 	122922	382.00	8.00	11.97	27.62	102048.59	1847	0	WinnieSzeto	
260	0:02:10	1/1/2019 	123388	922.00	132.00	36.19	27.62	102047.98	1848	0	WinnieSzeto	
261	0:02:10	1/1/2019 	123875	114.00	7.00	6.97	27.62	102046.98	52432	0	WinnieSzeto	
262	0:02:10	1/1/2019 	123903	258.00	7.00	10.40	27.62	102046.98	1849	0	WinnieSzeto	
263	0:02:11	1/1/2019 	124654	138.00	7.00	7.67	27.63	102045.78	49822	0	WinnieSzeto	
264	0:02:11	1/1/2019 	124801	304.00	7.00	11.08	27.63	102045.78	1849	0	WinnieSzeto	
265	0:02:12	1/1/2019 	125388	730.00	17.00	17.30	27.63	102045.33	1848	0	WinnieSzeto	
266	0:02:12	1/1/2019 	125422	526.00	8.00	13.04	27.63	102045.33	1850	0	WinnieSzeto	
267	0:02:12	1/1/2019 	125836	372.00	7.00	11.82	27.63	102044.67	52389	0	WinnieSzeto	
268	0:02:12	1/1/2019 	125886	84.00	7.00	6.21	27.63	102044.67	1849	0	WinnieSzeto	
269	0:02:13	1/1/2019 	126179	728.00	16.00	17.00	27.63	102044.67	1849	0	WinnieSzeto	
270	0:02:13	1/1/2019 	126790	266.00	7.00	10.53	27.63	102044.03	49822	0	WinnieSzeto	
271	0:02:13	1/1/2019 	126918	984.00	614.00	108.08	27.64	102043.76	1850	1	WinnieSzeto	
272	0:02:14	1/1/2019 	127245	138.00	7.00	7.67	27.64	102043.76	1849	0	WinnieSzeto	
273	0:02:14	1/1/2019 	127312	282.00	7.00	10.77	27.64	102043.76	4417	0	WinnieSzeto	
274	0:02:14	1/1/2019 	127637	521.00	8.00	13.00	27.64	102043.48	49822	0	WinnieSzeto	
275	0:02:15	1/1/2019 	128488	532.00	8.00	13.10	27.64	102042.88	1849	0	WinnieSzeto	
276	0:02:15	1/1/2019 	128656	66.00	7.00	5.93	27.64	102042.88	49830	0	WinnieSzeto	
277	0:02:15	1/1/2019 	128810	792.00	38.00	21.25	27.64	102042.88	1856	0	WinnieSzeto	
278	0:02:16	1/1/2019 	129022	537.00	8.00	13.15	27.64	102042.88	1857	0	WinnieSzeto	
279	0:02:16	1/1/2019 	129393	926.00	140.00	37.62	27.64	102042.38	4424	0	WinnieSzeto	
280	0:02:17	1/1/2019 	130175	104.00	7.00	6.70	27.65	102041.81	49827	0	WinnieSzeto	
281	0:02:17	1/1/2019 	130356	682.00	11.00	15.28	27.65	102041.81	2575	0	WinnieSzeto	
282	0:02:18	1/1/2019 	131637	745.00	19.00	17.88	27.65	102041.27	97797	0	WinnieSzeto	
283	0:02:18	1/1/2019 	131982	858.00	76.00	25.73	27.66	102041.12	1853	1	WinnieSzeto	
284	0:02:19	1/1/2019 	132001	86.00	7.00	6.26	27.66	102041.12	1857	0	WinnieSzeto	
285	0:02:19	1/1/2019 	132012	874.00	85.00	27.20	27.66	102041.12	4465	1	WinnieSzeto	
286	0:02:19	1/1/2019 	132152	128.00	7.00	7.38	27.66	102041.12	1857	0	WinnieSzeto	
287	0:02:19	1/1/2019 	132165	603.00	9.00	14.06	27.66	102041.12	1855	0	WinnieSzeto	
288	0:02:19	1/1/2019 	132386	172.00	7.00	8.61	27.66	102040.30	1854	0	WinnieSzeto	
289	0:02:19	1/1/2019 	132477	642.00	9.00	14.47	27.66	102040.30	1849	1	WinnieSzeto	
290	0:02:19	1/1/2019 	132631	70.00	7.00	5.98	27.66	102040.30	49822	0	WinnieSzeto	
291	0:02:19	1/1/2019 	132861	971.00	296.00	56.42	27.66	102040.30	4436	0	WinnieSzeto	
292	0:02:19	1/1/2019 	132916	925.00	142.00	37.96	27.66	102040.19	1849	0	WinnieSzeto	
293	0:02:20	1/1/2019 	133443	969.00	420.00	77.20	27.66	102040.08	1850	1	WinnieSzeto	
294	0:02:20	1/1/2019 	133559	316.00	7.00	11.23	27.66	102040.08	49822	0	WinnieSzeto	
295	0:02:20	1/1/2019 	133650	640.00	9.00	14.45	27.66	102040.08	1848	0	WinnieSzeto	
296	0:02:20	1/1/2019 	133948	159.00	7.00	8.26	27.66	102040.08	1848	0	WinnieSzeto	
297	0:02:21	1/1/2019 	134481	448.00	8.00	12.47	27.66	102039.80	4435	0	WinnieSzeto	
298	0:02:21	1/1/2019 	134684	172.00	7.00	8.61	27.67	102039.66	49821	0	WinnieSzeto	
299	0:02:23	1/1/2019 	136380	105.00	7.00	6.72	27.67	102039.11	49822	0	WinnieSzeto	
300	0:02:23	1/1/2019 	136834	878.00	90.00	28.08	27.67	102038.97	49823	0	WinnieSzeto	
301	0:02:24	1/1/2019 	137165	637.00	9.00	14.43	27.67	102038.97	1849	0	WinnieSzeto	
302	0:02:24	1/1/2019 	137421	68.00	7.00	5.95	27.68	102039.02	1849	0	WinnieSzeto	
303	0:02:24	1/1/2019 	137608	73.00	7.00	6.02	27.68	102039.02	52710	0	WinnieSzeto	
304	0:02:24	1/1/2019 	137923	802.00	47.00	22.20	27.68	102039.04	1850	0	WinnieSzeto	
305	0:02:25	1/1/2019 	138873	689.00	12.00	15.63	27.68	102039.09	49822	1	WinnieSzeto	
306	0:02:26	1/1/2019 	139167	802.00	46.00	22.11	27.68	102038.81	1851	0	WinnieSzeto	
307	0:02:26	1/1/2019 	139389	538.00	8.00	13.15	27.68	102038.81	1850	0	WinnieSzeto	
308	0:02:26	1/1/2019 	139476	109.00	7.00	6.83	27.69	102039.03	1846	0	WinnieSzeto	
309	0:02:26	1/1/2019 	139695	806.00	50.00	22.51	27.69	102039.03	52419	0	WinnieSzeto	
310	0:02:28	1/1/2019 	141218	937.00	150.00	39.29	27.69	102038.67	50549	0	WinnieSzeto	
311	0:02:28	1/1/2019 	141226	648.00	9.00	14.51	27.69	102038.67	1851	0	WinnieSzeto	
312	0:02:29	1/1/2019 	142155	259.00	8.00	10.44	27.70	102038.73	49824	0	WinnieSzeto	
313	0:02:29	1/1/2019 	142303	917.00	124.00	34.68	27.70	102038.62	1848	0	WinnieSzeto	
314	0:02:29	1/1/2019 	142697	732.00	16.00	17.01	27.70	102038.62	49824	0	WinnieSzeto	
315	0:02:31	1/1/2019 	144362	680.00	11.00	15.27	27.70	102038.17	57291	0	WinnieSzeto	
316	0:02:32	1/1/2019 	145320	221.00	6.00	9.72	27.71	102038.28	49825	0	WinnieSzeto	
317	0:02:32	1/1/2019 	145990	62.00	8.00	5.90	27.71	102038.30	49824	0	WinnieSzeto	
318	0:02:33	1/1/2019 	146011	807.00	50.00	22.51	27.71	102038.30	1847	0	WinnieSzeto	
319	0:02:33	1/1/2019 	146310	565.00	8.00	13.44	27.71	102038.52	1850	0	WinnieSzeto	
320	0:02:33	1/1/2019 	146601	976.00	331.00	62.43	27.72	102038.41	49820	1	WinnieSzeto	
321	0:02:33	1/1/2019 	146831	124.00	7.00	7.26	27.72	102038.41	4446	0	WinnieSzeto	
322	0:02:34	1/1/2019 	147193	182.00	6.00	8.85	27.72	102038.47	1848	0	WinnieSzeto	
323	0:02:34	1/1/2019 	147718	409.00	8.00	12.19	27.72	102038.52	49824	0	WinnieSzeto	
324	0:02:35	1/1/2019 	148146	78.00	5.00	6.09	27.72	102038.52	1847	0	WinnieSzeto	
325	0:02:35	1/1/2019 	148248	157.00	7.00	8.21	27.72	102038.70	1849	0	WinnieSzeto	
326	0:02:36	1/1/2019 	149130	920.00	138.00	37.26	27.73	102038.77	49824	1	WinnieSzeto	
327	0:02:36	1/1/2019 	149722	816.00	58.00	23.35	27.73	102038.81	52414	0	WinnieSzeto	
328	0:02:36	1/1/2019 	149858	874.00	90.00	28.06	27.73	102038.81	2575	1	WinnieSzeto	
329	0:02:37	1/1/2019 	150154	74.00	7.00	6.03	27.73	102038.53	1849	0	WinnieSzeto	
330	0:02:37	1/1/2019 	150366	117.00	7.00	7.06	27.73	102038.53	1850	0	WinnieSzeto	
331	0:02:38	1/1/2019 	151321	969.00	362.00	68.04	27.74	102038.25	49822	1	WinnieSzeto	
332	0:02:39	1/1/2019 	152019	156.00	7.00	8.18	27.74	102037.98	50000	0	WinnieSzeto	
333	0:02:39	1/1/2019 	152029	805.00	59.00	23.42	27.74	102037.98	4478	1	WinnieSzeto	
334	0:02:39	1/1/2019 	152127	319.00	7.00	11.26	27.74	102037.87	1849	0	WinnieSzeto	
335	0:02:40	1/1/2019 	153080	803.00	43.00	21.81	27.74	102037.75	49822	1	WinnieSzeto	
336	0:02:40	1/1/2019 	153228	820.00	45.00	22.04	27.75	102037.78	1852	0	WinnieSzeto	
337	0:02:41	1/1/2019 	154085	657.00	9.00	14.55	27.75	102037.84	49822	0	WinnieSzeto	
338	0:02:41	1/1/2019 	154384	70.00	7.00	5.98	27.75	102037.55	1849	0	WinnieSzeto	
339	0:02:41	1/1/2019 	154800	978.00	433.00	78.89	27.75	102037.55	49824	1	WinnieSzeto	
340	0:02:42	1/1/2019 	155870	666.00	10.00	14.90	27.76	102037.47	52411	0	WinnieSzeto	
341	0:02:43	1/1/2019 	156188	900.00	112.00	32.31	27.76	102037.69	1851	0	WinnieSzeto	
342	0:02:43	1/1/2019 	156564	436.00	12.00	12.66	27.76	102037.74	49824	0	WinnieSzeto	
343	0:02:43	1/1/2019 	156877	125.00	7.00	7.29	27.76	102037.74	1848	0	WinnieSzeto	
344	0:02:43	1/1/2019 	156935	91.00	8.00	6.37	27.76	102037.74	1849	0	WinnieSzeto	
345	0:02:44	1/1/2019 	157473	82.00	7.00	6.17	27.76	102037.93	1846	0	WinnieSzeto	
346	0:02:47	1/1/2019 	160203	392.00	8.00	12.06	27.78	102038.34	148360	0	WinnieSzeto	
347	0:02:47	1/1/2019 	160684	82.00	6.00	6.17	27.78	102038.36	50551	0	WinnieSzeto	
348	0:02:47	1/1/2019 	160970	242.00	7.00	10.13	27.78	102038.25	1848	0	WinnieSzeto	
349	0:02:48	1/1/2019 	161029	379.00	12.00	12.15	27.78	102038.25	1849	0	WinnieSzeto	
350	0:02:48	1/1/2019 	161128	608.00	8.00	13.92	27.78	102038.25	1848	0	WinnieSzeto	
351	0:02:48	1/1/2019 	161965	89.00	7.00	6.32	27.79	102038.36	49820	0	WinnieSzeto	
352	0:02:50	1/1/2019 	163091	94.00	7.00	6.44	27.79	102038.27	52438	0	WinnieSzeto	
353	0:02:50	1/1/2019 	163255	232.00	7.00	9.95	27.79	102038.27	1849	0	WinnieSzeto	
354	0:02:50	1/1/2019 	163689	530.00	8.00	13.08	27.79	102038.30	49824	0	WinnieSzeto	
355	0:02:51	1/1/2019 	164073	461.00	8.00	12.56	27.79	102038.30	1846	0	WinnieSzeto	
356	0:02:51	1/1/2019 	164368	113.00	7.00	6.95	27.80	102038.35	1848	0	WinnieSzeto	
357	0:02:51	1/1/2019 	164842	96.00	7.00	6.49	27.80	102038.23	49822	0	WinnieSzeto	
358	0:02:52	1/1/2019 	165030	69.00	7.00	5.96	27.80	102038.23	4433	0	WinnieSzeto	
359	0:02:53	1/1/2019 	166589	62.00	7.00	5.90	27.81	102038.59	97795	0	WinnieSzeto	
360	0:02:53	1/1/2019 	166903	322.00	7.00	11.30	27.81	102038.48	1850	0	WinnieSzeto	
361	0:02:54	1/1/2019 	167801	716.00	14.00	16.35	27.81	102038.50	49823	1	WinnieSzeto	
362	0:02:55	1/1/2019 	168421	959.00	194.00	44.84	27.82	102038.55	1850	1	WinnieSzeto	
363	0:02:55	1/1/2019 	168642	125.00	7.00	7.29	27.82	102038.44	49823	0	WinnieSzeto	
364	0:02:55	1/1/2019 	168978	974.00	429.00	78.38	27.82	102038.44	4661	1	WinnieSzeto	
365	0:02:56	1/1/2019 	169410	62.00	6.00	5.90	27.82	102038.50	1849	0	WinnieSzeto	
366	0:02:56	1/1/2019 	169751	78.00	7.00	6.10	27.82	102038.33	49822	1	WinnieSzeto	
367	0:02:56	1/1/2019 	169884	590.00	8.00	13.72	27.82	102038.33	2574	0	WinnieSzeto	
368	0:02:56	1/1/2019 	169921	121.00	6.00	7.17	27.82	102038.33	1846	0	WinnieSzeto	
369	0:02:56	1/1/2019 	169977	152.00	7.00	8.07	27.82	102038.33	1847	0	WinnieSzeto	
370	0:02:57	1/1/2019 	170330	62.00	7.00	5.90	27.83	102038.38	4457	0	WinnieSzeto	
371	0:03:00	1/1/2019 	173129	672.00	10.00	14.92	27.84	102038.62	145777	0	WinnieSzeto	
372	0:03:00	1/1/2019 	173203	257.00	7.00	10.39	27.84	102038.62	1857	0	WinnieSzeto	
373	0:03:00	1/1/2019 	173649	605.00	8.00	13.89	27.84	102038.34	49827	1	WinnieSzeto	
374	0:03:00	1/1/2019 	173671	153.00	7.00	8.10	27.84	102038.34	1847	0	WinnieSzeto	
375	0:03:01	1/1/2019 	174186	431.00	8.00	12.35	27.85	102038.75	1849	0	WinnieSzeto	
376	0:03:01	1/1/2019 	174413	314.00	7.00	11.20	27.85	102038.75	4661	0	WinnieSzeto	
377	0:03:02	1/1/2019 	175078	183.00	7.00	8.89	27.85	102038.64	49822	0	WinnieSzeto	
378	0:03:02	1/1/2019 	175721	599.00	8.00	13.82	27.85	102038.55	49822	0	WinnieSzeto	
379	0:03:03	1/1/2019 	176356	172.00	8.00	8.62	27.86	102038.44	1846	0	WinnieSzeto	
380	0:03:04	1/1/2019 	176999	159.00	7.00	8.26	27.86	102038.13	49821	0	WinnieSzeto	
381	0:03:04	1/1/2019 	177364	358.00	8.00	11.74	27.86	102038.02	1850	0	WinnieSzeto	
382	0:03:05	1/1/2019 	178112	574.00	8.00	13.54	27.86	102037.53	52415	0	WinnieSzeto	
383	0:03:05	1/1/2019 	178410	74.00	7.00	6.03	27.86	102037.53	1848	0	WinnieSzeto	
384	0:03:05	1/1/2019 	178437	878.00	87.00	27.55	27.87	102037.97	1849	0	WinnieSzeto	
385	0:03:06	1/1/2019 	179184	133.00	8.00	7.53	27.87	102037.66	49823	0	WinnieSzeto	
386	0:03:06	1/1/2019 	179715	970.00	279.00	53.87	27.87	102037.38	49824	0	WinnieSzeto	
387	0:03:06	1/1/2019 	179944	905.00	112.00	32.33	27.87	102037.38	2576	1	WinnieSzeto	
388	0:03:07	1/1/2019 	180222	98.00	7.00	6.54	27.87	102037.44	4683	0	WinnieSzeto	
389	0:03:07	1/1/2019 	180299	979.00	465.00	82.69	27.87	102037.44	1850	1	WinnieSzeto	
390	0:03:08	1/1/2019 	181591	128.00	8.00	7.38	27.88	102036.66	97794	0	WinnieSzeto	
391	0:03:10	1/1/2019 	183874	143.00	7.00	7.81	27.89	102037.03	97793	0	WinnieSzeto	
392	0:03:11	1/1/2019 	184405	962.00	227.00	47.93	27.89	102037.06	1850	1	WinnieSzeto	
393	0:03:11	1/1/2019 	184713	89.00	6.00	6.32	27.89	102037.11	49823	0	WinnieSzeto	
394	0:03:12	1/1/2019 	185050	94.00	7.00	6.44	27.90	102037.17	4442	0	WinnieSzeto	
395	0:03:14	1/1/2019 	187913	97.00	7.00	6.51	27.91	102036.75	145770	0	WinnieSzeto	
396	0:03:16	1/1/2019 	189325	923.00	139.00	37.44	27.91	102036.62	49825	0	WinnieSzeto	
397	0:03:16	1/1/2019 	189458	68.00	7.00	5.95	27.92	102037.07	1856	0	WinnieSzeto	
398	0:03:17	1/1/2019 	190080	71.00	7.00	5.99	27.92	102037.12	49824	0	WinnieSzeto	
399	0:03:17	1/1/2019 	190479	305.00	7.00	11.09	27.92	102037.14	2642	0	WinnieSzeto	
400	0:03:17	1/1/2019 	190906	218.00	7.00	9.67	27.92	102037.14	52426	0	WinnieSzeto	
401	0:03:19	1/1/2019 	192271	111.00	7.00	6.89	27.93	102037.30	49820	0	WinnieSzeto	
402	0:03:20	1/1/2019 	193000	193.00	7.00	9.13	27.93	102037.36	49824	0	WinnieSzeto	
403	0:03:20	1/1/2019 	193113	930.00	145.00	38.47	27.93	102037.36	1851	0	WinnieSzeto	
404	0:03:20	1/1/2019 	193291	489.00	7.00	12.65	27.93	102037.38	1849	0	WinnieSzeto	
405	0:03:20	1/1/2019 	193682	77.00	7.00	6.08	27.93	102037.38	49821	0	WinnieSzeto	
406	0:03:22	1/1/2019 	195606	959.00	194.00	44.84	27.95	102037.92	97795	1	WinnieSzeto	
407	0:03:23	1/1/2019 	196164	612.00	8.00	13.96	27.95	102038.36	4437	0	WinnieSzeto	
408	0:03:23	1/1/2019 	196289	360.00	8.00	11.76	27.95	102038.36	1847	0	WinnieSzeto	
409	0:03:23	1/1/2019 	196948	157.00	7.00	8.21	27.95	102038.25	49819	0	WinnieSzeto	
410	0:03:25	1/1/2019 	198320	780.00	30.00	20.19	27.96	102038.60	49821	0	WinnieSzeto	
411	0:03:26	1/1/2019 	198999	611.00	8.00	13.95	27.97	102038.79	49824	0	WinnieSzeto	
412	0:03:26	1/1/2019 	199326	849.00	75.00	25.56	27.97	102038.84	1849	0	WinnieSzeto	
413	0:03:26	1/1/2019 	199678	118.00	7.00	7.09	27.97	102038.84	103834	0	WinnieSzeto	
414	0:03:26	1/1/2019 	199764	74.00	7.00	6.03	27.97	102038.84	2636	0	WinnieSzeto	
415	0:03:27	1/1/2019 	200680	174.00	7.00	8.66	27.97	102038.59	49822	0	WinnieSzeto	
416	0:03:27	1/1/2019 	200824	362.00	7.00	11.73	27.97	102038.59	1850	0	WinnieSzeto	
417	0:03:28	1/1/2019 	201114	549.00	7.00	13.13	27.98	102038.81	1849	0	WinnieSzeto	
418	0:03:29	1/1/2019 	202013	325.00	8.00	11.38	27.98	102039.11	49823	0	WinnieSzeto	
419	0:03:30	1/1/2019 	203177	74.00	7.00	6.03	27.99	102039.02	52424	0	WinnieSzeto	
420	0:03:31	1/1/2019 	204309	808.00	44.00	21.92	27.99	102038.97	49824	1	WinnieSzeto	
421	0:03:31	1/1/2019 	204748	150.00	7.00	8.01	28.00	102039.23	49825	1	WinnieSzeto	
422	0:03:31	1/1/2019 	204811	195.00	7.00	9.17	28.00	102039.23	1849	0	WinnieSzeto	
423	0:03:32	1/1/2019 	205778	924.00	148.00	38.96	28.00	102039.06	49824	1	WinnieSzeto	
424	0:03:33	1/1/2019 	206471	69.00	7.00	5.96	28.01	102039.55	1851	0	WinnieSzeto	
425	0:03:34	1/1/2019 	207617	133.00	7.00	7.52	28.01	102039.30	100626	0	WinnieSzeto	
426	0:03:35	1/1/2019 	208389	510.00	8.00	12.91	28.02	102039.41	1850	0	WinnieSzeto	
427	0:03:37	1/1/2019 	210209	906.00	119.00	33.69	28.03	102039.43	97795	0	WinnieSzeto	
428	0:03:37	1/1/2019 	210266	126.00	7.00	7.32	28.03	102039.29	2638	0	WinnieSzeto	
429	0:03:37	1/1/2019 	210442	258.00	7.00	10.40	28.03	102039.29	1849	0	WinnieSzeto	
430	0:03:37	1/1/2019 	210750	850.00	72.00	25.13	28.03	102039.29	49822	1	WinnieSzeto	
431	0:03:37	1/1/2019 	210925	454.00	8.00	12.51	28.03	102039.14	4453	0	WinnieSzeto	
432	0:03:38	1/1/2019 	211768	67.00	7.00	5.94	28.04	102039.20	49820	0	WinnieSzeto	
433	0:03:39	1/1/2019 	212912	909.00	120.00	33.90	28.04	102039.53	49823	1	WinnieSzeto	
434	0:03:39	1/1/2019 	212951	676.00	10.00	14.93	28.04	102039.53	1852	0	WinnieSzeto	
435	0:03:40	1/1/2019 	213001	136.00	7.00	7.61	28.05	102039.77	1849	0	WinnieSzeto	
436	0:03:40	1/1/2019 	213237	186.00	7.00	8.96	28.05	102039.77	1850	0	WinnieSzeto	
437	0:03:40	1/1/2019 	213456	273.00	8.00	10.67	28.05	102039.77	4660	0	WinnieSzeto	
438	0:03:43	1/1/2019 	216055	71.00	7.00	5.99	28.06	102040.20	145766	0	WinnieSzeto	
439	0:03:43	1/1/2019 	216570	93.00	7.00	6.42	28.07	102040.25	49823	0	WinnieSzeto	
440	0:03:43	1/1/2019 	216886	102.00	7.00	6.64	28.07	102040.28	1848	0	WinnieSzeto	
441	0:03:44	1/1/2019 	217131	684.00	11.00	15.29	28.07	102040.28	1848	0	WinnieSzeto	
442	0:03:44	1/1/2019 	217735	98.00	6.00	6.54	28.07	102040.71	49823	0	WinnieSzeto	
443	0:03:44	1/1/2019 	217997	173.00	7.00	8.63	28.08	102040.61	4438	0	WinnieSzeto	
444	0:03:45	1/1/2019 	218112	584.00	8.00	13.65	28.08	102040.61	1849	0	WinnieSzeto	
445	0:03:45	1/1/2019 	218277	945.00	157.00	40.36	28.08	102040.61	1847	1	WinnieSzeto	
446	0:03:45	1/1/2019 	218392	853.00	76.00	25.71	28.08	102040.61	1850	0	WinnieSzeto	
447	0:03:46	1/1/2019 	219066	330.00	7.00	11.39	28.08	102040.52	49824	0	WinnieSzeto	
448	0:03:46	1/1/2019 	219205	940.00	152.00	39.60	28.08	102040.52	1850	0	WinnieSzeto	
449	0:03:47	1/1/2019 	220226	966.00	354.00	66.60	28.09	102040.84	52408	1	WinnieSzeto	
450	0:03:47	1/1/2019 	220370	91.00	7.00	6.37	28.09	102040.84	2637	0	WinnieSzeto	
451	0:03:47	1/1/2019 	220459	94.00	7.00	6.44	28.09	102040.84	1848	0	WinnieSzeto	
452	0:03:47	1/1/2019 	220794	150.00	7.00	8.01	28.09	102040.83	49823	0	WinnieSzeto	
453	0:03:48	1/1/2019 	221655	533.00	8.00	13.11	28.09	102040.72	49821	0	WinnieSzeto	
454	0:03:49	1/1/2019 	222124	424.00	8.00	12.30	28.10	102041.16	1848	0	WinnieSzeto	
455	0:03:49	1/1/2019 	222767	678.00	10.00	14.94	28.10	102041.19	52445	1	WinnieSzeto	
456	0:03:50	1/1/2019 	223864	925.00	150.00	39.28	28.11	102040.95	49824	0	WinnieSzeto	
457	0:03:50	1/1/2019 	223873	126.00	6.00	7.32	28.11	102040.95	1850	0	WinnieSzeto	
458	0:03:51	1/1/2019 	224086	320.00	7.00	11.28	28.11	102041.02	1848	0	WinnieSzeto	
459	0:03:51	1/1/2019 	224492	112.00	7.00	6.92	28.11	102041.59	1849	0	WinnieSzeto	
460	0:03:51	1/1/2019 	224897	746.00	20.00	18.14	28.11	102041.59	49821	0	WinnieSzeto	
461	0:03:52	1/1/2019 	225267	530.00	8.00	13.08	28.12	102041.61	4433	0	WinnieSzeto	
462	0:03:53	1/1/2019 	226716	530.00	8.00	13.08	28.13	102042.12	97797	0	WinnieSzeto	
463	0:03:54	1/1/2019 	227324	665.00	10.00	14.90	28.13	102042.02	1854	0	WinnieSzeto	
464	0:03:54	1/1/2019 	227717	74.00	6.00	6.03	28.13	102042.02	49824	0	WinnieSzeto	
465	0:03:55	1/1/2019 	228009	737.00	19.00	17.86	28.13	102042.45	1849	1	WinnieSzeto	
466	0:03:55	1/1/2019 	228121	979.00	600.00	104.86	28.13	102042.45	1852	1	WinnieSzeto	
467	0:03:55	1/1/2019 	228741	78.00	7.00	6.10	28.14	102042.31	52407	0	WinnieSzeto	
468	0:03:56	1/1/2019 	229312	94.00	7.00	6.44	28.14	102042.20	1848	0	WinnieSzeto	
469	0:03:56	1/1/2019 	229431	81.00	7.00	6.15	28.14	102042.64	1849	0	WinnieSzeto	
470	0:03:56	1/1/2019 	229740	98.00	7.00	6.54	28.14	102042.64	49823	0	WinnieSzeto	
471	0:03:58	1/1/2019 	231318	85.00	10.00	6.24	28.15	102042.58	50615	0	WinnieSzeto	
472	0:03:58	1/1/2019 	231362	80.00	7.00	6.13	28.15	102042.58	1850	0	WinnieSzeto	
473	0:03:58	1/1/2019 	231380	928.00	145.00	38.47	28.15	102042.58	4461	0	WinnieSzeto	
474	0:03:58	1/1/2019 	231740	413.00	7.00	12.15	28.15	102042.46	49824	0	WinnieSzeto	
475	0:03:58	1/1/2019 	231911	147.00	9.00	7.94	28.15	102042.46	1849	0	WinnieSzeto	
476	0:03:59	1/1/2019 	232754	972.00	361.00	67.86	28.16	102042.59	49823	1	WinnieSzeto	
477	0:04:00	1/1/2019 	233234	176.00	6.00	8.70	28.16	102042.59	1851	0	WinnieSzeto	
478	0:04:00	1/1/2019 	233425	81.00	8.00	6.15	28.16	102042.31	1849	0	WinnieSzeto	
479	0:04:01	1/1/2019 	234082	588.00	8.00	13.70	28.17	102042.38	52407	0	WinnieSzeto	
480	0:04:01	1/1/2019 	234180	397.00	7.00	12.03	28.17	102042.38	1856	0	WinnieSzeto	
481	0:04:01	1/1/2019 	234345	766.00	24.00	19.10	28.17	102042.38	1857	0	WinnieSzeto	
482	0:04:01	1/1/2019 	234554	106.00	7.00	6.75	28.17	102042.72	49828	0	WinnieSzeto	
483	0:04:02	1/1/2019 	235177	564.00	7.00	13.28	28.17	102043.11	1848	0	WinnieSzeto	
484	0:04:02	1/1/2019 	235593	614.00	8.00	13.98	28.17	102043.16	49825	0	WinnieSzeto	
485	0:04:02	1/1/2019 	235926	66.00	7.00	5.93	28.17	102043.16	4656	0	WinnieSzeto	
486	0:04:03	1/1/2019 	236165	538.00	8.00	13.15	28.18	102043.02	1848	0	WinnieSzeto	
487	0:04:04	1/1/2019 	237236	869.00	84.00	27.02	28.18	102043.48	49823	0	WinnieSzeto	
488	0:04:04	1/1/2019 	237445	911.00	120.00	33.90	28.18	102043.48	1851	1	WinnieSzeto	
489	0:04:04	1/1/2019 	237568	115.00	6.00	7.00	28.18	102043.48	49825	0	WinnieSzeto	
490	0:04:05	1/1/2019 	238161	288.00	7.00	10.86	28.19	102043.38	1851	0	WinnieSzeto	
491	0:04:05	1/1/2019 	238364	176.00	7.00	8.71	28.19	102043.42	1855	0	WinnieSzeto	
492	0:04:06	1/1/2019 	239112	959.00	183.00	43.69	28.19	102046.43	52413	0	WinnieSzeto	
493	0:04:06	1/1/2019 	239224	803.00	48.00	22.30	28.19	102046.43	1851	1	WinnieSzeto	
494	0:04:06	1/1/2019 	239261	581.00	8.00	13.62	28.19	102046.43	1849	0	WinnieSzeto	
495	0:04:06	1/1/2019 	239478	754.00	21.00	18.41	28.19	102052.44	1846	0	WinnieSzeto	
496	0:04:06	1/1/2019 	239574	114.00	7.00	6.97	28.19	102052.44	49825	0	WinnieSzeto	
497	0:04:07	1/1/2019 	240085	431.00	7.00	12.28	28.20	102062.75	2636	0	WinnieSzeto	
498	0:04:07	1/1/2019 	240666	92.00	7.00	6.39	28.20	102073.73	52655	0	WinnieSzeto	
499	0:04:07	1/1/2019 	240764	961.00	171.00	42.27	28.20	102073.73	1849	1	WinnieSzeto	
500	0:04:07	1/1/2019 	240827	358.00	7.00	11.69	28.20	102073.73	1850	0	WinnieSzeto	
501	0:04:08	1/1/2019 	241036	147.00	7.00	7.93	28.20	102084.08	1849	0	WinnieSzeto	
502	0:04:08	1/1/2019 	241289	702.00	13.00	15.99	28.20	102084.08	1851	1	WinnieSzeto	
503	0:04:08	1/1/2019 	241731	831.00	64.00	24.06	28.20	102093.37	49823	1	WinnieSzeto	
504	0:04:09	1/1/2019 	242562	846.00	74.00	25.40	28.21	102102.20	52414	0	WinnieSzeto	
505	0:04:10	1/1/2019 	243958	678.00	10.00	14.94	28.21	102133.28	49825	1	WinnieSzeto	
506	0:04:11	1/1/2019 	244350	421.00	7.00	12.21	28.22	102146.64	1850	0	WinnieSzeto	
507	0:04:11	1/1/2019 	244598	96.00	7.00	6.49	28.22	102146.64	49825	0	WinnieSzeto	
508	0:04:12	1/1/2019 	245606	137.00	7.00	7.64	28.22	102174.03	49822	0	WinnieSzeto	
509	0:04:12	1/1/2019 	245927	199.00	7.00	9.26	28.23	102186.00	1850	0	WinnieSzeto	
510	0:04:15	1/1/2019 	248972	646.00	7.00	13.90	28.24	102236.59	148353	0	WinnieSzeto	
511	0:04:16	1/1/2019 	249094	555.00	8.00	13.33	28.24	102236.59	1850	0	WinnieSzeto	
512	0:04:16	1/1/2019 	249319	70.00	11.00	5.98	28.25	102247.93	1849	0	WinnieSzeto	
513	0:04:16	1/1/2019 	249991	963.00	193.00	44.74	28.25	102256.93	49825	1	WinnieSzeto	
514	0:04:17	1/1/2019 	250029	966.00	276.00	53.45	28.25	102256.93	2637	0	WinnieSzeto	
515	0:04:17	1/1/2019 	250142	76.00	7.00	6.06	28.25	102256.93	1850	0	WinnieSzeto	
516	0:04:17	1/1/2019 	250483	398.00	7.00	12.04	28.25	102265.59	4451	0	WinnieSzeto	
517	0:04:17	1/1/2019 	250569	426.00	7.00	12.24	28.25	102265.59	49824	0	WinnieSzeto	
518	0:04:18	1/1/2019 	251115	721.00	15.00	16.68	28.25	102273.59	1849	1	WinnieSzeto	
519	0:04:18	1/1/2019 	251214	87.00	6.00	6.28	28.25	102273.59	1850	0	WinnieSzeto	
520	0:04:18	1/1/2019 	251622	664.00	10.00	14.89	28.26	102281.62	49821	0	WinnieSzeto	
521	0:04:18	1/1/2019 	251820	80.00	7.00	6.13	28.26	102281.62	1849	0	WinnieSzeto	
522	0:04:19	1/1/2019 	252166	123.00	7.00	7.23	28.26	102289.12	4433	0	WinnieSzeto	
523	0:04:19	1/1/2019 	252779	815.00	52.00	22.72	28.26	102296.43	49829	1	WinnieSzeto	
524	0:04:20	1/1/2019 	253199	552.00	8.00	13.30	28.27	102303.62	1852	0	WinnieSzeto	
525	0:04:20	1/1/2019 	253845	436.00	7.00	12.31	28.27	102310.30	49829	0	WinnieSzeto	
526	0:04:21	1/1/2019 	254293	381.00	7.00	11.90	28.27	102316.82	1850	0	WinnieSzeto	
527	0:04:22	1/1/2019 	255618	867.00	84.00	27.01	28.28	102328.55	97799	0	WinnieSzeto	
528	0:04:22	1/1/2019 	255633	85.00	7.00	6.23	28.28	102328.55	4454	0	WinnieSzeto	
529	0:04:22	1/1/2019 	255693	716.00	15.00	16.66	28.28	102328.55	1850	0	WinnieSzeto	
530	0:04:23	1/1/2019 	256267	98.00	7.00	6.54	28.28	102333.56	1848	0	WinnieSzeto	
531	0:04:23	1/1/2019 	256703	290.00	7.00	10.89	28.29	102338.25	49824	0	WinnieSzeto	
532	0:04:23	1/1/2019 	256804	403.00	7.00	12.08	28.29	102338.25	1850	0	WinnieSzeto	
533	0:04:24	1/1/2019 	257380	714.00	14.00	16.34	28.29	102342.59	1849	0	WinnieSzeto	
534	0:04:24	1/1/2019 	257865	658.00	10.00	14.86	28.29	102347.14	52560	1	WinnieSzeto	
535	0:04:24	1/1/2019 	257905	86.00	7.00	6.26	28.29	102347.14	1849	0	WinnieSzeto	
536	0:04:25	1/1/2019 	258098	236.00	7.00	10.02	28.30	102351.00	1848	0	WinnieSzeto	
537	0:04:25	1/1/2019 	258808	67.00	7.00	5.94	28.30	102354.70	49825	1	WinnieSzeto	
538	0:04:25	1/1/2019 	258909	542.00	8.00	13.19	28.30	102354.70	1849	0	WinnieSzeto	
539	0:04:26	1/1/2019 	259275	68.00	6.00	5.95	28.30	102359.25	1847	0	WinnieSzeto	
540	0:04:26	1/1/2019 	259376	146.00	7.00	7.90	28.30	102359.25	4437	0	WinnieSzeto	
541	0:04:26	1/1/2019 	259804	429.00	8.00	12.34	28.31	102363.27	49825	0	WinnieSzeto	
542	0:04:26	1/1/2019 	259940	126.00	7.00	7.32	28.31	102363.27	2634	0	WinnieSzeto	
543	0:04:27	1/1/2019 	260019	189.00	7.00	9.03	28.31	102363.27	1848	0	WinnieSzeto	
544	0:04:27	1/1/2019 	260078	84.00	7.00	6.21	28.31	102363.27	1850	0	WinnieSzeto	
545	0:04:27	1/1/2019 	260204	66.00	7.00	5.93	28.31	102366.97	1848	0	WinnieSzeto	
546	0:04:27	1/1/2019 	260688	77.00	7.00	6.08	28.31	102370.47	52580	0	WinnieSzeto	
547	0:04:28	1/1/2019 	261633	106.00	6.00	6.75	28.32	102375.39	49824	0	WinnieSzeto	
548	0:04:28	1/1/2019 	261635	111.00	7.00	6.89	28.32	102375.39	1848	0	WinnieSzeto	
549	0:04:29	1/1/2019 	262071	185.00	7.00	8.94	28.32	102380.24	1849	0	WinnieSzeto	
550	0:04:29	1/1/2019 	262961	913.00	124.00	34.68	28.32	102392.05	49826	1	WinnieSzeto	
551	0:04:30	1/1/2019 	263678	144.00	6.00	7.84	28.33	102397.23	49824	0	WinnieSzeto	
552	0:04:30	1/1/2019 	263968	905.00	106.00	31.16	28.33	102402.26	4439	0	WinnieSzeto	
553	0:04:31	1/1/2019 	264556	544.00	8.00	13.21	28.33	102407.80	49824	0	WinnieSzeto	
554	0:04:31	1/1/2019 	264658	271.00	7.00	10.61	28.33	102407.80	1848	0	WinnieSzeto	
555	0:04:32	1/1/2019 	265358	769.00	26.00	19.49	28.34	102413.66	1848	0	WinnieSzeto	
556	0:04:32	1/1/2019 	265711	854.00	75.00	25.57	28.34	102419.34	49827	1	WinnieSzeto	
557	0:04:33	1/1/2019 	266406	156.00	7.00	8.18	28.34	102425.02	1849	0	WinnieSzeto	
558	0:04:33	1/1/2019 	266895	673.00	10.00	14.93	28.34	102430.05	52408	0	WinnieSzeto	
559	0:04:34	1/1/2019 	267114	74.00	7.00	6.03	28.34	102430.05	1849	0	WinnieSzeto	
560	0:04:35	1/1/2019 	268423	819.00	62.00	23.80	28.35	102443.43	49823	0	WinnieSzeto	
561	0:04:36	1/1/2019 	269053	120.00	7.00	7.15	28.35	102447.59	49828	0	WinnieSzeto	
562	0:04:36	1/1/2019 	269347	80.00	7.00	6.13	28.35	102447.59	1850	0	WinnieSzeto	
563	0:04:36	1/1/2019 	269396	757.00	23.00	18.87	28.35	102447.59	1848	1	WinnieSzeto	
564	0:04:36	1/1/2019 	269692	164.00	7.00	8.40	28.36	102451.65	49825	0	WinnieSzeto	
565	0:04:37	1/1/2019 	270982	653.00	9.00	14.54	28.36	102458.55	53230	0	WinnieSzeto	
566	0:04:39	1/1/2019 	272617	918.00	131.00	36.00	28.37	102477.45	97800	0	WinnieSzeto	
567	0:04:39	1/1/2019 	272857	475.00	8.00	12.65	28.38	102487.61	1852	0	WinnieSzeto	
568	0:04:40	1/1/2019 	273384	973.00	378.00	70.81	28.38	102498.56	1847	1	WinnieSzeto	
569	0:04:41	1/1/2019 	274160	308.00	8.00	11.17	28.38	102509.72	49825	0	WinnieSzeto	
570	0:04:43	1/1/2019 	276153	526.00	11.00	13.36	28.39	102550.01	97800	0	WinnieSzeto	
571	0:04:43	1/1/2019 	276461	595.00	8.00	13.78	28.39	102550.01	4432	0	WinnieSzeto	
572	0:04:44	1/1/2019 	277018	94.00	6.00	6.44	28.40	102559.06	49821	0	WinnieSzeto	
573	0:04:44	1/1/2019 	277453	460.00	5.00	12.28	28.40	102566.88	1852	0	WinnieSzeto	
574	0:04:44	1/1/2019 	277801	969.00	278.00	53.73	28.40	102575.38	49831	0	WinnieSzeto	
575	0:04:44	1/1/2019 	277830	72.00	7.00	6.00	28.40	102575.38	1857	0	WinnieSzeto	
576	0:04:45	1/1/2019 	278189	88.00	7.00	6.30	28.40	102575.38	1855	0	WinnieSzeto	
577	0:04:46	1/1/2019 	279653	186.00	7.00	8.96	28.41	102602.38	100387	0	WinnieSzeto	
578	0:04:46	1/1/2019 	279841	652.00	9.00	14.53	28.41	102602.38	2648	0	WinnieSzeto	
579	0:04:47	1/1/2019 	280056	97.00	7.00	6.51	28.41	102609.82	1853	0	WinnieSzeto	
580	0:04:47	1/1/2019 	280767	89.00	7.00	6.32	28.42	102617.00	49825	0	WinnieSzeto	
581	0:04:48	1/1/2019 	281320	851.00	73.00	25.28	28.42	102624.01	1848	1	WinnieSzeto	
582	0:04:49	1/1/2019 	282782	359.00	7.00	11.70	28.43	102642.09	97800	0	WinnieSzeto	
583	0:04:49	1/1/2019 	282821	159.00	7.00	8.26	28.43	102642.09	4460	0	WinnieSzeto	
584	0:04:49	1/1/2019 	282920	801.00	46.00	22.10	28.43	102642.09	1849	0	WinnieSzeto	
585	0:04:50	1/1/2019 	283351	78.00	7.00	6.10	28.43	102647.28	1849	0	WinnieSzeto	
586	0:04:50	1/1/2019 	283417	428.00	7.00	12.26	28.43	102647.28	1849	0	WinnieSzeto	
587	0:04:51	1/1/2019 	284378	771.00	28.00	19.85	28.44	102657.62	49827	0	WinnieSzeto	
588	0:04:51	1/1/2019 	284387	163.00	7.00	8.37	28.44	102657.62	1857	0	WinnieSzeto	
589	0:04:51	1/1/2019 	284472	792.00	34.00	20.78	28.44	102657.62	4439	0	WinnieSzeto	
590	0:04:52	1/1/2019 	285449	721.00	16.00	16.98	28.44	102670.33	49829	0	WinnieSzeto	
591	0:04:52	1/1/2019 	285744	965.00	220.00	47.28	28.44	102670.33	49824	0	WinnieSzeto	
592	0:04:53	1/1/2019 	286069	386.00	8.00	12.00	28.45	102676.52	1850	1	WinnieSzeto	
593	0:04:54	1/1/2019 	287025	966.00	294.00	56.10	28.45	102687.22	49824	1	WinnieSzeto	
594	0:04:54	1/1/2019 	287588	897.00	104.00	30.75	28.45	102695.39	49826	1	WinnieSzeto	
595	0:04:54	1/1/2019 	287740	824.00	61.00	23.69	28.45	102695.39	4584	0	WinnieSzeto	
596	0:04:56	1/1/2019 	289204	94.00	7.00	6.44	28.46	102722.26	49824	0	WinnieSzeto	
597	0:04:56	1/1/2019 	289419	112.00	7.00	6.92	28.46	102722.26	1850	0	WinnieSzeto	
598	0:04:57	1/1/2019 	290181	460.00	7.00	12.46	28.47	102729.94	49824	0	WinnieSzeto	
599	0:04:57	1/1/2019 	290326	966.00	249.00	50.14	28.47	102737.05	2638	1	WinnieSzeto	
600	0:04:57	1/1/2019 	290398	74.00	7.00	6.03	28.47	102737.05	1849	0	WinnieSzeto	
601	0:04:58	1/1/2019 	291018	545.00	7.00	13.09	28.47	102745.88	52426	0	WinnieSzeto	
602	0:04:58	1/1/2019 	291066	341.00	7.00	11.52	28.47	102745.88	1851	0	WinnieSzeto	
603	0:04:58	1/1/2019 	291773	924.00	136.00	36.92	28.48	102755.77	49825	0	WinnieSzeto	
604	0:04:58	1/1/2019 	291784	98.00	7.00	6.54	28.48	102755.77	1850	0	WinnieSzeto	
605	0:05:00	1/1/2019 	293104	71.00	6.00	5.99	28.48	102780.43	49823	0	WinnieSzeto	
606	0:05:00	1/1/2019 	293639	310.00	10.00	11.26	28.49	102787.77	49824	0	WinnieSzeto	
607	0:05:00	1/1/2019 	293839	583.00	8.00	13.64	28.49	102787.77	4584	0	WinnieSzeto	
608	0:05:01	1/1/2019 	294680	620.00	8.00	14.03	28.49	102802.43	49821	0	WinnieSzeto	
609	0:05:01	1/1/2019 	294877	613.00	8.00	13.97	28.49	102802.43	1848	0	WinnieSzeto	
610	0:05:02	1/1/2019 	295097	96.00	7.00	6.49	28.49	102802.43	1847	0	WinnieSzeto	
611	0:05:02	1/1/2019 	295764	260.00	7.00	10.44	28.50	102816.46	49826	0	WinnieSzeto	
612	0:05:03	1/1/2019 	296203	675.00	10.00	14.93	28.50	102816.46	1850	0	WinnieSzeto	
613	0:05:03	1/1/2019 	296697	597.00	8.00	13.80	28.50	102822.78	52417	0	WinnieSzeto	
614	0:05:03	1/1/2019 	296913	228.00	7.00	9.87	28.50	102828.61	1846	0	WinnieSzeto	
615	0:05:04	1/1/2019 	297726	866.00	85.00	27.17	28.50	102834.52	49823	0	WinnieSzeto	
616	0:05:06	1/1/2019 	298826	68.00	7.00	5.95	28.51	102844.90	49827	0	WinnieSzeto	
617	0:05:06	1/1/2019 	299401	745.00	20.00	18.14	28.51	102849.90	1850	0	WinnieSzeto	
618	0:05:07	1/1/2019 	299872	228.00	7.00	9.87	28.51	102854.75	49825	0	WinnieSzeto	
619	0:05:07	1/1/2019 	299968	746.00	19.00	17.89	28.51	102854.75	5467	1	WinnieSzeto	
620	0:05:07	1/1/2019 	300703	491.00	7.00	12.66	28.52	102865.50	49825	0	WinnieSzeto	
621	0:05:07	1/1/2019 	300764	391.00	7.00	11.98	28.52	102865.50	1849	0	WinnieSzeto	
622	0:05:08	1/1/2019 	301588	698.00	12.00	15.65	28.52	102870.86	49823	0	WinnieSzeto	
623	0:05:08	1/1/2019 	301709	97.00	7.00	6.51	28.52	102870.86	1850	0	WinnieSzeto	
624	0:05:09	1/1/2019 	302071	797.00	40.00	21.48	28.53	102876.02	1849	0	WinnieSzeto	
625	0:05:09	1/1/2019 	302082	98.00	6.00	6.54	28.53	102876.02	4440	0	WinnieSzeto	
626	0:05:09	1/1/2019 	302127	269.00	7.00	10.58	28.53	102876.02	1847	0	WinnieSzeto	
627	0:05:09	1/1/2019 	302573	73.00	7.00	6.02	28.53	102880.88	49823	0	WinnieSzeto	
628	0:05:09	1/1/2019 	302689	237.00	7.00	10.04	28.53	102880.88	1849	0	WinnieSzeto	
629	0:05:10	1/1/2019 	303484	427.00	7.00	12.25	28.53	102889.41	1848	0	WinnieSzeto	
630	0:05:11	1/1/2019 	304106	967.00	245.00	49.71	28.54	102893.45	49826	1	WinnieSzeto	
631	0:05:11	1/1/2019 	304348	125.00	6.00	7.29	28.54	102893.45	4455	0	WinnieSzeto	
632	0:05:12	1/1/2019 	305039	874.00	91.00	28.24	28.54	102896.98	49824	0	WinnieSzeto	
633	0:05:12	1/1/2019 	305116	176.00	7.00	8.71	28.54	102901.18	1850	0	WinnieSzeto	
634	0:05:13	1/1/2019 	306200	693.00	12.00	15.64	28.55	102908.22	49821	0	WinnieSzeto	
635	0:05:13	1/1/2019 	306373	126.00	7.00	7.32	28.55	102908.22	1849	0	WinnieSzeto	
636	0:05:15	1/1/2019 	308168	928.00	147.00	38.80	28.55	102918.99	97798	0	WinnieSzeto	
637	0:05:15	1/1/2019 	308597	520.00	8.00	12.99	28.56	102925.02	52407	0	WinnieSzeto	
638	0:05:15	1/1/2019 	308756	404.00	8.00	12.15	28.56	102925.02	1847	0	WinnieSzeto	
639	0:05:16	1/1/2019 	308964	894.00	102.00	30.35	28.56	102930.20	1846	0	WinnieSzeto	
640	0:05:16	1/1/2019 	309382	464.00	8.00	12.58	28.56	102930.20	1850	0	WinnieSzeto	
641	0:05:16	1/1/2019 	309479	115.00	7.00	7.00	28.56	102935.06	1846	0	WinnieSzeto	
642	0:05:17	1/1/2019 	310461	88.00	7.00	6.30	28.57	102939.41	49823	0	WinnieSzeto	
643	0:05:18	1/1/2019 	311683	959.00	190.00	44.43	28.58	102956.53	101201	0	WinnieSzeto	
644	0:05:19	1/1/2019 	311928	125.00	7.00	7.29	28.58	102956.53	1850	0	WinnieSzeto	
645	0:05:19	1/1/2019 	312412	459.00	8.00	12.54	28.58	102963.02	1851	0	WinnieSzeto	
646	0:05:19	1/1/2019 	312705	896.00	103.00	30.55	28.58	102963.02	49823	1	WinnieSzeto	
647	0:05:19	1/1/2019 	312736	106.00	7.00	6.75	28.58	102963.02	1850	0	WinnieSzeto	
648	0:05:20	1/1/2019 	312925	946.00	158.00	40.51	28.58	102969.53	1848	1	WinnieSzeto	
649	0:05:20	1/1/2019 	313069	83.00	8.00	6.19	28.58	102969.53	4432	0	WinnieSzeto	
650	0:05:20	1/1/2019 	313746	547.00	7.00	13.11	28.59	102976.41	49822	0	WinnieSzeto	
651	0:05:21	1/1/2019 	314490	914.00	126.00	35.06	28.59	102988.27	1850	0	WinnieSzeto	
652	0:05:21	1/1/2019 	314681	451.00	8.00	12.49	28.59	102988.27	49825	0	WinnieSzeto	
653	0:05:22	1/1/2019 	315108	581.00	8.00	13.62	28.59	102993.78	1847	0	WinnieSzeto	
654	0:05:22	1/1/2019 	315304	62.00	6.00	5.90	28.59	102993.78	1848	0	WinnieSzeto	
655	0:05:22	1/1/2019 	315672	702.00	12.00	15.66	28.60	102998.81	52661	0	WinnieSzeto	
656	0:05:23	1/1/2019 	316015	102.00	10.00	6.65	28.60	102998.81	1848	0	WinnieSzeto	
657	0:05:23	1/1/2019 	316289	802.00	52.00	22.69	28.60	103003.70	1851	1	WinnieSzeto	
658	0:05:26	1/1/2019 	319001	823.00	66.00	24.28	28.62	103024.03	145782	0	WinnieSzeto	
659	0:05:26	1/1/2019 	319482	540.00	8.00	13.17	28.62	103027.41	1852	0	WinnieSzeto	
660	0:05:28	1/1/2019 	321054	858.00	79.00	26.18	28.63	103037.05	97804	0	WinnieSzeto	
661	0:05:28	1/1/2019 	321092	695.00	12.00	15.65	28.63	103037.05	5262	0	WinnieSzeto	
662	0:05:29	1/1/2019 	322246	117.00	7.00	7.06	28.63	103042.27	49825	0	WinnieSzeto	
663	0:05:29	1/1/2019 	322681	181.00	7.00	8.84	28.64	103044.81	49828	0	WinnieSzeto	
664	0:05:29	1/1/2019 	322701	85.00	7.00	6.23	28.64	103044.81	1848	0	WinnieSzeto	
665	0:05:30	1/1/2019 	322847	668.00	10.00	14.91	28.64	103044.81	1848	0	WinnieSzeto	
666	0:05:30	1/1/2019 	322885	681.00	11.00	15.28	28.64	103044.81	1850	0	WinnieSzeto	
667	0:05:30	1/1/2019 	322962	81.00	6.00	6.15	28.64	103044.81	1849	0	WinnieSzeto	
668	0:05:30	1/1/2019 	323095	625.00	9.00	14.32	28.64	103044.81	4685	0	WinnieSzeto	
669	0:05:30	1/1/2019 	323313	115.00	7.00	7.00	28.64	103047.38	1848	0	WinnieSzeto	
670	0:05:31	1/1/2019 	324019	209.00	6.00	9.47	28.64	103049.59	49826	0	WinnieSzeto	
671	0:05:32	1/1/2019 	324896	925.00	147.00	38.80	28.65	103053.82	49828	1	WinnieSzeto	
672	0:05:33	1/1/2019 	326370	62.00	7.00	5.90	28.66	103059.27	49827	0	WinnieSzeto	
673	0:05:33	1/1/2019 	326384	452.00	8.00	12.50	28.66	103059.27	1850	0	WinnieSzeto	
674	0:05:33	1/1/2019 	326404	378.00	7.00	11.87	28.66	103059.27	4436	0	WinnieSzeto	
675	0:05:33	1/1/2019 	326582	188.00	7.00	9.01	28.66	103061.48	49824	0	WinnieSzeto	
676	0:05:33	1/1/2019 	326821	441.00	7.00	12.34	28.66	103061.48	1848	0	WinnieSzeto	
677	0:05:34	1/1/2019 	327103	673.00	10.00	14.93	28.66	103063.36	1849	0	WinnieSzeto	
678	0:05:34	1/1/2019 	327592	151.00	7.00	8.04	28.67	103065.95	49827	0	WinnieSzeto	
679	0:05:34	1/1/2019 	327639	245.00	7.00	10.18	28.67	103065.95	1850	0	WinnieSzeto	
680	0:05:35	1/1/2019 	327829	129.00	7.00	7.41	28.67	103065.95	4431	0	WinnieSzeto	
681	0:05:35	1/1/2019 	328092	126.00	7.00	7.32	28.67	103067.97	1850	0	WinnieSzeto	
682	0:05:35	1/1/2019 	328571	115.00	7.00	7.00	28.67	103067.97	49827	0	WinnieSzeto	
683	0:05:35	1/1/2019 	328669	80.00	7.00	6.13	28.67	103070.55	1848	0	WinnieSzeto	
684	0:05:36	1/1/2019 	329195	891.00	104.00	30.73	28.68	103072.75	1849	0	WinnieSzeto	
685	0:05:37	1/1/2019 	330790	82.00	7.00	6.17	28.68	103076.82	97806	0	WinnieSzeto	
686	0:05:38	1/1/2019 	330889	84.00	6.00	6.21	28.69	103079.09	5241	0	WinnieSzeto	
687	0:05:38	1/1/2019 	330979	634.00	9.00	14.40	28.69	103079.09	1849	0	WinnieSzeto	
688	0:05:38	1/1/2019 	331086	760.00	23.00	18.87	28.69	103079.09	1849	1	WinnieSzeto	
689	0:05:40	1/1/2019 	333428	284.00	7.00	10.80	28.70	103092.05	97804	0	WinnieSzeto	
690	0:05:40	1/1/2019 	333560	607.00	8.00	13.91	28.70	103092.05	49827	0	WinnieSzeto	
691	0:05:40	1/1/2019 	333800	968.00	292.00	55.79	28.70	103097.41	1847	1	WinnieSzeto	
692	0:05:41	1/1/2019 	334032	689.00	12.00	15.63	28.70	103097.41	4432	1	WinnieSzeto	
693	0:05:41	1/1/2019 	334103	804.00	48.00	22.31	28.70	103097.41	1849	1	WinnieSzeto	
694	0:05:41	1/1/2019 	334188	819.00	59.00	23.46	28.70	103102.10	1849	1	WinnieSzeto	
695	0:05:42	1/1/2019 	334886	956.00	173.00	42.52	28.71	103106.30	49829	1	WinnieSzeto	
696	0:05:43	1/1/2019 	336345	508.00	8.00	12.89	28.71	103117.88	49830	0	WinnieSzeto	
697	0:05:43	1/1/2019 	336589	64.00	6.00	5.91	28.71	103117.88	49834	0	WinnieSzeto	
698	0:05:44	1/1/2019 	336877	564.00	8.00	13.43	28.72	103121.59	4433	1	WinnieSzeto	
699	0:05:44	1/1/2019 	337034	542.00	8.00	13.19	28.72	103121.59	1847	0	WinnieSzeto	
700	0:05:44	1/1/2019 	337646	782.00	31.00	20.34	28.72	103125.12	49827	0	WinnieSzeto	
701	0:05:45	1/1/2019 	338152	216.00	7.00	9.63	28.72	103128.33	1854	0	WinnieSzeto	
702	0:05:46	1/1/2019 	339121	728.00	16.00	17.00	28.73	103134.94	49827	1	WinnieSzeto	
703	0:05:47	1/1/2019 	340482	270.00	7.00	10.60	28.73	103141.15	49828	0	WinnieSzeto	
704	0:05:49	1/1/2019 	341927	80.00	7.00	6.13	28.74	103149.25	101206	0	WinnieSzeto	
705	0:05:49	1/1/2019 	342035	795.00	38.00	21.26	28.74	103149.25	1850	1	WinnieSzeto	
706	0:05:50	1/1/2019 	342931	425.00	7.00	12.24	28.75	103155.20	49826	0	WinnieSzeto	
707	0:05:51	1/1/2019 	344802	259.00	7.00	10.42	28.76	103162.16	97804	0	WinnieSzeto	
708	0:05:52	1/1/2019 	345552	700.00	13.00	15.99	28.76	103164.34	49827	0	WinnieSzeto	
709	0:05:52	1/1/2019 	345753	410.00	7.00	12.13	28.76	103166.52	1850	0	WinnieSzeto	
710	0:05:53	1/1/2019 	346129	454.00	7.00	12.42	28.76	103166.52	4430	0	WinnieSzeto	
711	0:05:54	1/1/2019 	346940	156.00	7.00	8.18	28.77	103171.61	49827	0	WinnieSzeto	
712	0:05:54	1/1/2019 	347229	85.00	6.00	6.23	28.77	103171.61	1850	0	WinnieSzeto	
713	0:05:55	1/1/2019 	348014	191.00	7.00	9.08	28.77	103176.50	49824	0	WinnieSzeto	
714	0:05:55	1/1/2019 	348312	432.00	7.00	12.28	28.77	103176.50	1851	0	WinnieSzeto	
715	0:05:56	1/1/2019 	348905	104.00	7.00	6.70	28.77	103178.39	49825	0	WinnieSzeto	
716	0:05:56	1/1/2019 	349296	446.00	7.00	12.37	28.78	103180.45	4583	0	WinnieSzeto	
717	0:05:56	1/1/2019 	349641	75.00	7.00	6.05	28.78	103182.17	49826	0	WinnieSzeto	
718	0:05:57	1/1/2019 	350019	98.00	6.00	6.54	28.78	103183.89	2635	0	WinnieSzeto	
719	0:05:57	1/1/2019 	350699	513.00	7.00	12.82	28.78	103185.58	49826	0	WinnieSzeto	
720	0:05:58	1/1/2019 	351033	108.00	7.00	6.81	28.78	103185.58	1849	0	WinnieSzeto	
721	0:05:58	1/1/2019 	351046	980.00	594.00	103.52	28.78	103185.58	1851	1	WinnieSzeto	
722	0:05:59	1/1/2019 	352594	764.00	26.00	19.48	28.79	103188.70	100407	0	WinnieSzeto	
723	0:06:00	1/1/2019 	352917	718.00	15.00	16.67	28.79	103189.09	1851	0	WinnieSzeto	
724	0:06:00	1/1/2019 	353152	897.00	102.00	30.36	28.79	103189.09	1851	1	WinnieSzeto	
725	0:06:02	1/1/2019 	355168	656.00	9.00	14.55	28.81	103193.16	97805	0	WinnieSzeto	
726	0:06:02	1/1/2019 	355413	86.00	6.00	6.25	28.81	103193.16	1850	0	WinnieSzeto	
727	0:06:02	1/1/2019 	355599	924.00	139.00	37.45	28.81	103193.88	49824	1	WinnieSzeto	
728	0:06:03	1/1/2019 	356042	114.00	7.00	6.97	28.81	103194.41	4584	0	WinnieSzeto	
729	0:06:03	1/1/2019 	356143	207.00	7.00	9.44	28.81	103194.41	1850	0	WinnieSzeto	
730	0:06:03	1/1/2019 	356425	113.00	7.00	6.95	28.81	103194.41	1849	0	WinnieSzeto	
731	0:06:03	1/1/2019 	356576	464.00	7.00	12.49	28.81	103194.41	49824	0	WinnieSzeto	
732	0:06:04	1/1/2019 	356930	139.00	6.00	7.69	28.81	103194.77	1848	0	WinnieSzeto	
733	0:06:04	1/1/2019 	357792	236.00	7.00	10.02	28.82	103195.88	49827	0	WinnieSzeto	
734	0:06:05	1/1/2019 	358294	695.00	12.00	15.65	28.82	103196.23	4466	0	WinnieSzeto	
735	0:06:05	1/1/2019 	358650	168.00	7.00	8.50	28.82	103196.23	49826	0	WinnieSzeto	
736	0:06:06	1/1/2019 	359563	541.00	7.00	13.06	28.83	103197.18	49827	0	WinnieSzeto	
737	0:06:06	1/1/2019 	359816	381.00	7.00	11.90	28.83	103197.18	2637	0	WinnieSzeto	
738	0:06:07	1/1/2019 	359904	978.00	590.00	102.53	28.83	103197.80	1850	1	WinnieSzeto	
739	0:06:07	1/1/2019 	360081	756.00	23.00	18.86	28.83	103197.80	1851	1	WinnieSzeto	
740	0:06:07	1/1/2019 	360403	200.00	7.00	9.29	28.83	103197.80	4603	0	WinnieSzeto	
741	0:06:07	1/1/2019 	360406	970.00	300.00	57.06	28.83	103197.80	1848	1	WinnieSzeto	
742	0:06:07	1/1/2019 	360464	777.00	31.00	20.33	28.83	103198.15	1849	0	WinnieSzeto	
743	0:06:08	1/1/2019 	361129	68.00	7.00	5.95	28.84	103198.88	49829	0	WinnieSzeto	
744	0:06:08	1/1/2019 	361349	238.00	7.00	10.06	28.84	103198.88	1858	0	WinnieSzeto	
745	0:06:10	1/1/2019 	363264	568.00	8.00	13.47	28.85	103201.20	97806	0	WinnieSzeto	
746	0:06:10	1/1/2019 	363818	591.00	8.00	13.73	28.85	103201.75	52413	0	WinnieSzeto	
747	0:06:11	1/1/2019 	363936	73.00	6.00	6.02	28.85	103201.75	1847	0	WinnieSzeto	
748	0:06:11	1/1/2019 	364267	141.00	7.00	7.76	28.85	103202.14	1848	0	WinnieSzeto	
749	0:06:12	1/1/2019 	365245	71.00	7.00	5.99	28.85	103202.69	49823	0	WinnieSzeto	
750	0:06:13	1/1/2019 	365832	586.00	8.00	13.67	28.86	103203.05	49825	0	WinnieSzeto	
751	0:06:13	1/1/2019 	366111	738.00	19.00	17.86	28.86	103203.28	1848	0	WinnieSzeto	
752	0:06:13	1/1/2019 	366282	189.00	7.00	9.03	28.86	103203.28	1848	1	WinnieSzeto	
753	0:06:13	1/1/2019 	366491	542.00	8.00	13.19	28.86	103203.66	4431	0	WinnieSzeto	
754	0:06:13	1/1/2019 	366804	62.00	7.00	5.90	28.86	103203.66	49822	0	WinnieSzeto	
755	0:06:14	1/1/2019 	367222	971.00	375.00	70.30	28.86	103204.05	1849	0	WinnieSzeto	
756	0:06:14	1/1/2019 	367235	800.00	45.00	22.00	28.86	103204.05	1850	1	WinnieSzeto	
757	0:06:16	1/1/2019 	369773	84.00	7.00	6.21	28.88	103205.94	145776	0	WinnieSzeto	
758	0:06:17	1/1/2019 	370113	138.00	7.00	7.67	28.88	103205.94	2636	0	WinnieSzeto	
759	0:06:17	1/1/2019 	370129	292.00	7.00	10.92	28.88	103205.94	4451	0	WinnieSzeto	
760	0:06:17	1/1/2019 	370152	182.00	7.00	8.86	28.88	103205.94	1849	0	WinnieSzeto	
761	0:06:17	1/1/2019 	370709	705.00	13.00	16.00	28.88	103206.11	49824	0	WinnieSzeto	
762	0:06:18	1/1/2019 	370924	564.00	7.00	13.28	28.88	103207.02	1849	0	WinnieSzeto	
763	0:06:18	1/1/2019 	371213	597.00	7.00	13.60	28.88	103207.02	1850	0	WinnieSzeto	
764	0:06:18	1/1/2019 	371564	573.00	7.00	13.37	28.88	103207.02	49824	0	WinnieSzeto	
765	0:06:18	1/1/2019 	371811	797.00	38.00	21.27	28.88	103207.02	4453	1	WinnieSzeto	
766	0:06:19	1/1/2019 	372575	909.00	118.00	33.51	28.89	103208.48	49825	0	WinnieSzeto	
767	0:06:19	1/1/2019 	372793	170.00	7.00	8.56	28.89	103208.48	1851	0	WinnieSzeto	
768	0:06:21	1/1/2019 	373976	99.00	6.00	6.56	28.89	103209.27	49824	0	WinnieSzeto	
769	0:06:21	1/1/2019 	374595	642.00	9.00	14.47	28.90	103210.05	49824	0	WinnieSzeto	
770	0:06:21	1/1/2019 	374669	883.00	97.00	29.37	28.90	103210.23	1849	0	WinnieSzeto	
771	0:06:22	1/1/2019 	375375	77.00	6.00	6.08	28.90	103210.59	4430	0	WinnieSzeto	
772	0:06:22	1/1/2019 	375557	198.00	7.00	9.24	28.90	103210.59	49824	0	WinnieSzeto	
773	0:06:22	1/1/2019 	375593	165.00	7.00	8.42	28.90	103210.59	1849	0	WinnieSzeto	
774	0:06:22	1/1/2019 	375604	243.00	8.00	10.17	28.90	103210.59	1848	0	WinnieSzeto	
775	0:06:22	1/1/2019 	375793	116.00	6.00	7.03	28.91	103210.98	1847	0	WinnieSzeto	
776	0:06:23	1/1/2019 	376436	244.00	6.00	10.14	28.91	103211.55	1848	0	WinnieSzeto	
777	0:06:24	1/1/2019 	376981	161.00	7.00	8.32	28.91	103211.91	52531	0	WinnieSzeto	
778	0:06:24	1/1/2019 	377409	362.00	7.00	11.73	28.91	103212.30	1850	0	WinnieSzeto	
779	0:06:24	1/1/2019 	377640	630.00	8.00	14.12	28.91	103212.30	49822	0	WinnieSzeto	
780	0:06:25	1/1/2019 	377836	651.00	9.00	14.53	28.91	103212.30	1846	0	WinnieSzeto	
781	0:06:26	1/1/2019 	378828	280.00	7.00	10.75	28.92	103213.62	49828	0	WinnieSzeto	
782	0:06:26	1/1/2019 	379160	114.00	7.00	6.97	28.92	103214.15	1855	0	WinnieSzeto	
783	0:06:27	1/1/2019 	380176	432.00	7.00	12.28	28.93	103215.23	52450	0	WinnieSzeto	
784	0:06:28	1/1/2019 	380983	293.00	7.00	10.93	28.93	103215.78	50552	0	WinnieSzeto	
785	0:06:28	1/1/2019 	381162	679.00	10.00	14.94	28.93	103215.78	1850	0	WinnieSzeto	
786	0:06:28	1/1/2019 	381221	85.00	6.00	6.23	28.93	103215.78	1848	0	WinnieSzeto	
787	0:06:28	1/1/2019 	381335	714.00	14.00	16.34	28.93	103216.14	1847	0	WinnieSzeto	
788	0:06:29	1/1/2019 	382166	560.00	8.00	13.38	28.94	103216.70	49825	1	WinnieSzeto	
789	0:06:29	1/1/2019 	382227	190.00	7.00	9.06	28.94	103216.70	4453	0	WinnieSzeto	
790	0:06:30	1/1/2019 	383032	118.00	7.00	7.09	28.94	103217.64	49826	0	WinnieSzeto	
791	0:06:30	1/1/2019 	383460	680.00	11.00	15.27	28.94	103218.03	1851	0	WinnieSzeto	
792	0:06:31	1/1/2019 	383836	256.00	7.00	10.37	28.94	103218.03	49826	0	WinnieSzeto	
793	0:06:31	1/1/2019 	384070	625.00	9.00	14.32	28.95	103218.55	1850	0	WinnieSzeto	
794	0:06:31	1/1/2019 	384336	704.00	13.00	16.00	28.95	103218.55	1849	0	WinnieSzeto	
795	0:06:32	1/1/2019 	384860	934.00	151.00	39.45	28.95	103218.95	52433	1	WinnieSzeto	
796	0:06:32	1/1/2019 	385285	452.00	7.00	12.41	28.95	103219.34	1850	0	WinnieSzeto	
797	0:06:33	1/1/2019 	386080	701.00	13.00	15.99	28.95	103219.73	49825	0	WinnieSzeto	
798	0:06:33	1/1/2019 	386819	84.00	7.00	6.21	28.96	103220.44	49826	0	WinnieSzeto	
799	0:06:34	1/1/2019 	387039	144.00	7.00	7.84	28.96	103220.44	1848	0	WinnieSzeto	
800	0:06:34	1/1/2019 	387773	552.00	8.00	13.30	28.96	103221.00	49823	0	WinnieSzeto	
801	0:06:36	1/1/2019 	389179	970.00	347.00	65.33	28.97	103222.64	52560	1	WinnieSzeto	
802	0:06:36	1/1/2019 	389221	510.00	8.00	12.91	28.97	103222.64	1851	0	WinnieSzeto	
803	0:06:36	1/1/2019 	389384	577.00	7.00	13.41	28.97	103222.64	1847	0	WinnieSzeto	
804	0:06:36	1/1/2019 	389468	186.00	7.00	8.96	28.97	103223.02	1849	0	WinnieSzeto	
805	0:06:39	1/1/2019 	392301	118.00	7.00	7.09	28.98	103225.44	145781	0	WinnieSzeto	
806	0:06:40	1/1/2019 	393276	835.00	68.00	24.56	28.99	103225.83	50554	0	WinnieSzeto	
807	0:06:40	1/1/2019 	393599	416.00	7.00	12.17	28.99	103226.19	52431	0	WinnieSzeto	
808	0:06:41	1/1/2019 	394030	670.00	10.00	14.92	28.99	103226.94	1849	1	WinnieSzeto	
809	0:06:41	1/1/2019 	394617	971.00	311.00	58.90	29.00	103227.33	49828	1	WinnieSzeto	
810	0:06:42	1/1/2019 	395633	659.00	9.00	14.56	29.00	103228.07	49827	0	WinnieSzeto	
811	0:06:43	1/1/2019 	395826	139.00	6.00	7.69	29.00	103228.07	1849	0	WinnieSzeto	
812	0:06:43	1/1/2019 	396329	931.00	143.00	38.14	29.00	103228.30	1849	1	WinnieSzeto	
813	0:06:43	1/1/2019 	396685	521.00	7.00	12.89	29.00	103228.46	52690	0	WinnieSzeto	
814	0:06:44	1/1/2019 	397441	740.00	19.00	17.87	29.01	103228.84	1849	0	WinnieSzeto	
815	0:06:44	1/1/2019 	397490	932.00	147.00	38.80	29.01	103228.84	1850	0	WinnieSzeto	
816	0:06:45	1/1/2019 	398497	546.00	8.00	13.23	29.01	103229.96	49827	0	WinnieSzeto	
817	0:06:45	1/1/2019 	398716	80.00	7.00	6.13	29.01	103229.96	49824	0	WinnieSzeto	
818	0:06:46	1/1/2019 	398965	291.00	7.00	10.90	29.01	103230.48	1849	0	WinnieSzeto	
819	0:06:46	1/1/2019 	399146	298.00	7.00	11.00	29.01	103230.48	4529	0	WinnieSzeto	
820	0:06:47	1/1/2019 	400019	111.00	7.00	6.89	29.02	103231.78	49828	0	WinnieSzeto	
821	0:06:47	1/1/2019 	400173	443.00	7.00	12.35	29.02	103231.78	2575	0	WinnieSzeto	
822	0:06:47	1/1/2019 	400423	139.00	7.00	7.70	29.02	103232.14	1849	0	WinnieSzeto	
823	0:06:47	1/1/2019 	400757	429.00	7.00	12.26	29.02	103232.14	49825	0	WinnieSzeto	
824	0:06:48	1/1/2019 	401210	786.00	37.00	21.13	29.03	103232.53	1851	1	WinnieSzeto	
825	0:06:48	1/1/2019 	401359	764.00	25.00	19.29	29.03	103232.53	18536	0	WinnieSzeto	
826	0:06:48	1/1/2019 	401439	469.00	8.00	12.61	29.03	103232.53	1849	0	WinnieSzeto	
827	0:06:48	1/1/2019 	401696	969.00	210.00	46.37	29.03	103233.09	49824	0	WinnieSzeto	
828	0:06:49	1/1/2019 	402000	558.00	8.00	13.36	29.03	103233.09	1849	0	WinnieSzeto	
829	0:06:49	1/1/2019 	402497	617.00	8.00	14.01	29.03	103233.48	1848	0	WinnieSzeto	
830	0:06:49	1/1/2019 	402763	556.00	7.00	13.20	29.03	103233.88	49824	0	WinnieSzeto	
831	0:06:50	1/1/2019 	403591	382.00	7.00	11.91	29.04	103234.23	52591	0	WinnieSzeto	
832	0:06:51	1/1/2019 	403912	739.00	20.00	18.12	29.04	103234.78	1851	0	WinnieSzeto	
833	0:06:51	1/1/2019 	403932	76.00	6.00	6.06	29.04	103234.78	1850	0	WinnieSzeto	
834	0:06:51	1/1/2019 	404215	758.00	24.00	19.08	29.04	103234.78	1848	0	WinnieSzeto	
835	0:06:51	1/1/2019 	404251	740.00	18.00	17.60	29.04	103235.34	1849	0	WinnieSzeto	
836	0:06:52	1/1/2019 	404905	672.00	11.00	15.24	29.04	103235.89	49826	0	WinnieSzeto	
837	0:06:53	1/1/2019 	406554	637.00	8.00	14.16	29.05	103237.33	100563	0	WinnieSzeto	
838	0:06:53	1/1/2019 	406612	280.00	7.00	10.75	29.05	103237.33	1848	0	WinnieSzeto	
839	0:06:53	1/1/2019 	406788	669.00	10.00	14.91	29.05	103237.33	1850	0	WinnieSzeto	
840	0:06:53	1/1/2019 	406822	646.00	9.00	14.50	29.05	103237.33	1849	1	WinnieSzeto	
841	0:06:54	1/1/2019 	407030	82.00	6.00	6.17	29.05	103237.72	1849	0	WinnieSzeto	
842	0:06:54	1/1/2019 	407214	896.00	107.00	31.32	29.05	103237.72	1849	1	WinnieSzeto	
843	0:06:54	1/1/2019 	407310	144.00	7.00	7.84	29.05	103237.72	1848	0	WinnieSzeto	
844	0:06:55	1/1/2019 	408101	64.00	7.00	5.91	29.06	103238.64	52585	0	WinnieSzeto	
845	0:06:55	1/1/2019 	408294	931.00	151.00	39.44	29.06	103238.64	1848	1	WinnieSzeto	
846	0:06:56	1/1/2019 	408920	65.00	7.00	5.92	29.06	103239.03	49827	0	WinnieSzeto	
847	0:06:56	1/1/2019 	409297	612.00	8.00	13.96	29.06	103239.41	1849	0	WinnieSzeto	
848	0:06:56	1/1/2019 	409301	352.00	7.00	11.63	29.06	103239.41	1847	0	WinnieSzeto	
849	0:06:56	1/1/2019 	409492	976.00	457.00	81.77	29.06	103239.41	1849	1	WinnieSzeto	
850	0:06:56	1/1/2019 	409732	178.00	7.00	8.76	29.07	103239.97	52416	0	WinnieSzeto	
851	0:06:57	1/1/2019 	409969	329.00	7.00	11.38	29.07	103239.97	2575	0	WinnieSzeto	
852	0:06:57	1/1/2019 	410289	667.00	10.00	14.91	29.07	103240.49	1850	0	WinnieSzeto	
853	0:06:57	1/1/2019 	410376	181.00	7.00	8.84	29.07	103240.49	1849	0	WinnieSzeto	
854	0:06:57	1/1/2019 	410807	560.00	7.00	13.24	29.07	103240.49	49828	0	WinnieSzeto	
855	0:06:59	1/1/2019 	412656	112.00	7.00	6.92	29.08	103242.16	97802	0	WinnieSzeto	
856	0:07:00	1/1/2019 	413709	730.00	18.00	17.57	29.08	103242.94	52435	1	WinnieSzeto	
857	0:07:00	1/1/2019 	413805	80.00	7.00	6.13	29.08	103242.94	1850	0	WinnieSzeto	
858	0:07:02	1/1/2019 	415289	886.00	101.00	30.13	29.09	103244.23	49826	1	WinnieSzeto	
859	0:07:04	1/1/2019 	417019	528.00	8.00	13.06	29.10	103245.91	97806	0	WinnieSzeto	
860	0:07:04	1/1/2019 	417129	819.00	56.00	23.14	29.10	103245.91	1848	0	WinnieSzeto	
861	0:07:05	1/1/2019 	417986	567.00	8.00	13.46	29.10	103246.62	49827	0	WinnieSzeto	
862	0:07:06	1/1/2019 	419456	954.00	162.00	41.08	29.11	103247.57	52416	0	WinnieSzeto	
863	0:07:07	1/1/2019 	420208	636.00	9.00	14.42	29.11	103248.48	49829	0	WinnieSzeto	
864	0:07:07	1/1/2019 	420705	824.00	62.00	23.81	29.11	103249.20	50552	0	WinnieSzeto	
865	0:07:07	1/1/2019 	420805	595.00	8.00	13.78	29.11	103249.20	1849	0	WinnieSzeto	
866	0:07:08	1/1/2019 	420949	670.00	10.00	14.92	29.11	103249.20	1847	0	WinnieSzeto	
867	0:07:08	1/1/2019 	421139	952.00	160.00	40.80	29.11	103249.20	1849	1	WinnieSzeto	
868	0:07:08	1/1/2019 	421567	911.00	122.00	34.29	29.12	103249.59	52432	0	WinnieSzeto	
869	0:07:09	1/1/2019 	422803	179.00	7.00	8.79	29.12	103250.34	49827	0	WinnieSzeto	
870	0:07:11	1/1/2019 	424715	96.00	8.00	6.49	29.13	103252.20	97801	0	WinnieSzeto	
871	0:07:12	1/1/2019 	425446	840.00	63.00	23.96	29.13	103252.72	1848	0	WinnieSzeto	
872	0:07:13	1/1/2019 	426224	104.00	6.00	6.70	29.14	103253.83	49826	0	WinnieSzeto	
873	0:07:13	1/1/2019 	426353	118.00	7.00	7.09	29.14	103253.83	1849	0	WinnieSzeto	
874	0:07:13	1/1/2019 	426366	548.00	8.00	13.25	29.14	103253.83	4434	0	WinnieSzeto	
875	0:07:13	1/1/2019 	426631	650.00	9.00	14.52	29.14	103253.83	49823	0	WinnieSzeto	
876	0:07:14	1/1/2019 	427490	904.00	113.00	32.52	29.14	103254.58	1850	1	WinnieSzeto	
877	0:07:14	1/1/2019 	427656	118.00	7.00	7.09	29.14	103254.58	49825	0	WinnieSzeto	
878	0:07:14	1/1/2019 	427772	473.00	8.00	12.64	29.14	103254.58	1848	0	WinnieSzeto	
879	0:07:14	1/1/2019 	427789	665.00	10.00	14.90	29.15	103254.97	1848	0	WinnieSzeto	
880	0:07:15	1/1/2019 	428417	148.00	6.00	7.95	29.15	103255.36	4435	0	WinnieSzeto	
881	0:07:15	1/1/2019 	428459	616.00	8.00	14.00	29.15	103255.36	1849	0	WinnieSzeto	
882	0:07:16	1/1/2019 	429195	134.00	7.00	7.55	29.15	103255.92	49822	0	WinnieSzeto	
883	0:07:16	1/1/2019 	429234	771.00	28.00	19.85	29.15	103255.92	1849	0	WinnieSzeto	
884	0:07:16	1/1/2019 	429272	98.00	7.00	6.54	29.15	103255.92	1848	0	WinnieSzeto	
885	0:07:16	1/1/2019 	429278	914.00	121.00	34.10	29.15	103255.92	1849	0	WinnieSzeto	
886	0:07:16	1/1/2019 	429414	122.00	6.00	7.20	29.15	103255.92	9291	0	WinnieSzeto	
887	0:07:16	1/1/2019 	429443	380.00	7.00	11.89	29.15	103256.30	1847	0	WinnieSzeto	
888	0:07:16	1/1/2019 	429499	145.00	7.00	7.87	29.15	103256.30	1849	0	WinnieSzeto	
889	0:07:16	1/1/2019 	429796	977.00	483.00	84.79	29.15	103256.30	49840	1	WinnieSzeto	
890	0:07:17	1/1/2019 	430376	165.00	7.00	8.42	29.16	103256.63	2575	0	WinnieSzeto	
891	0:07:17	1/1/2019 	430415	136.00	7.00	7.61	29.16	103256.63	1850	0	WinnieSzeto	
892	0:07:17	1/1/2019 	430464	679.00	11.00	15.27	29.16	103256.63	4456	0	WinnieSzeto	
893	0:07:18	1/1/2019 	430985	101.00	6.00	6.62	29.16	103257.03	49825	0	WinnieSzeto	
894	0:07:18	1/1/2019 	431018	763.00	25.00	19.29	29.16	103257.03	1849	0	WinnieSzeto	
895	0:07:18	1/1/2019 	431033	138.00	6.00	7.66	29.16	103257.03	1849	0	WinnieSzeto	
896	0:07:18	1/1/2019 	431737	64.00	7.00	5.91	29.16	103257.63	49825	0	WinnieSzeto	
897	0:07:19	1/1/2019 	432315	900.00	112.00	32.31	29.17	103257.83	1847	0	WinnieSzeto	
898	0:07:19	1/1/2019 	432777	65.00	7.00	5.92	29.17	103258.22	52434	0	WinnieSzeto	
899	0:07:20	1/1/2019 	433406	583.00	9.00	13.81	29.17	103258.77	1848	0	WinnieSzeto	
900	0:07:21	1/1/2019 	434374	124.00	7.00	7.26	29.18	103259.55	49826	0	WinnieSzeto	
901	0:07:21	1/1/2019 	434431	970.00	299.00	56.90	29.18	103259.55	1850	1	WinnieSzeto	
902	0:07:22	1/1/2019 	434913	108.00	7.00	6.81	29.18	103259.72	49826	0	WinnieSzeto	
903	0:07:22	1/1/2019 	435768	412.00	8.00	12.21	29.18	103260.24	49826	0	WinnieSzeto	
904	0:07:23	1/1/2019 	435882	132.00	6.00	7.49	29.18	103260.24	4433	0	WinnieSzeto	
905	0:07:23	1/1/2019 	436764	426.00	7.00	12.24	29.18	103261.02	49825	0	WinnieSzeto	
906	0:07:24	1/1/2019 	436968	112.00	6.00	6.92	29.18	103261.02	1849	0	WinnieSzeto	
907	0:07:24	1/1/2019 	437677	158.00	6.00	8.23	29.19	103261.74	49825	0	WinnieSzeto	
908	0:07:25	1/1/2019 	438147	634.00	9.00	14.40	29.19	103261.74	1849	0	WinnieSzeto	
909	0:07:25	1/1/2019 	438340	768.00	29.00	20.00	29.19	103262.46	1851	0	WinnieSzeto	
910	0:07:26	1/1/2019 	439017	200.00	7.00	9.29	29.19	103262.85	52411	0	WinnieSzeto	
911	0:07:27	1/1/2019 	440252	961.00	184.00	43.80	29.20	103263.80	49826	1	WinnieSzeto	
912	0:07:27	1/1/2019 	440299	170.00	7.00	8.56	29.20	103263.80	2576	0	WinnieSzeto	
913	0:07:28	1/1/2019 	441192	109.00	6.00	6.83	29.20	103264.71	49826	0	WinnieSzeto	
914	0:07:29	1/1/2019 	442144	686.00	11.00	15.29	29.21	103265.48	49824	1	WinnieSzeto	
915	0:07:29	1/1/2019 	442646	689.00	12.00	15.63	29.21	103265.84	49827	0	WinnieSzeto	
916	0:07:30	1/1/2019 	442839	61.00	6.00	5.89	29.21	103265.84	4454	0	WinnieSzeto	
917	0:07:30	1/1/2019 	442909	745.00	20.00	18.14	29.21	103265.84	1849	1	WinnieSzeto	
918	0:07:31	1/1/2019 	444569	962.00	245.00	49.71	29.22	103266.98	97802	1	WinnieSzeto	
919	0:07:32	1/1/2019 	445030	135.00	7.00	7.58	29.22	103267.90	1851	0	WinnieSzeto	
920	0:07:32	1/1/2019 	445102	458.00	8.00	12.54	29.22	103267.90	1850	0	WinnieSzeto	
921	0:07:32	1/1/2019 	445124	98.00	7.00	6.54	29.22	103267.90	1846	0	WinnieSzeto	
922	0:07:32	1/1/2019 	445358	84.00	7.00	6.21	29.23	103268.12	4435	0	WinnieSzeto	
923	0:07:33	1/1/2019 	445977	88.00	6.00	6.30	29.23	103268.34	49829	0	WinnieSzeto	
924	0:07:33	1/1/2019 	446402	85.00	7.00	6.23	29.23	103268.73	1849	0	WinnieSzeto	
925	0:07:33	1/1/2019 	446498	846.00	81.00	26.46	29.23	103268.73	1849	0	WinnieSzeto	
926	0:07:34	1/1/2019 	446893	220.00	7.00	9.71	29.23	103268.73	49825	0	WinnieSzeto	
927	0:07:34	1/1/2019 	446922	462.00	8.00	12.56	29.23	103268.73	1850	0	WinnieSzeto	
928	0:07:34	1/1/2019 	447310	77.00	6.00	6.08	29.23	103269.09	1847	0	WinnieSzeto	
929	0:07:34	1/1/2019 	447418	925.00	140.00	37.62	29.23	103269.09	4433	0	WinnieSzeto	
930	0:07:35	1/1/2019 	447949	216.00	6.00	9.62	29.24	103269.48	49826	0	WinnieSzeto	
931	0:07:35	1/1/2019 	448127	457.00	7.00	12.44	29.24	103269.88	1851	0	WinnieSzeto	
932	0:07:36	1/1/2019 	449311	140.00	6.00	7.72	29.24	103270.79	49831	0	WinnieSzeto	
933	0:07:37	1/1/2019 	450807	578.00	8.00	13.58	29.25	103271.92	97803	0	WinnieSzeto	
934	0:07:38	1/1/2019 	450833	177.00	7.00	8.74	29.25	103271.92	2572	0	WinnieSzeto	
935	0:07:38	1/1/2019 	450944	446.00	7.00	12.37	29.25	103271.92	9019	0	WinnieSzeto	
936	0:07:38	1/1/2019 	450972	976.00	345.00	64.97	29.25	103271.92	1849	1	WinnieSzeto	
937	0:07:38	1/1/2019 	451017	126.00	7.00	7.32	29.25	103271.92	1850	0	WinnieSzeto	
938	0:07:38	1/1/2019 	451101	458.00	7.00	12.45	29.25	103271.92	1849	0	WinnieSzeto	
939	0:07:39	1/1/2019 	452735	70.00	7.00	5.98	29.26	103273.06	97800	0	WinnieSzeto	
940	0:07:40	1/1/2019 	453564	828.00	64.00	24.05	29.26	103274.01	49826	0	WinnieSzeto	
941	0:07:40	1/1/2019 	453683	655.00	9.00	14.55	29.26	103274.01	4433	0	WinnieSzeto	
942	0:07:41	1/1/2019 	454193	405.00	7.00	12.09	29.27	103274.56	1848	0	WinnieSzeto	
943	0:07:41	1/1/2019 	454585	116.00	6.00	7.03	29.27	103274.56	49825	0	WinnieSzeto	
944	0:07:43	1/1/2019 	456051	925.00	143.00	38.13	29.27	103276.16	49824	0	WinnieSzeto	
945	0:07:43	1/1/2019 	456277	65.00	6.00	5.92	29.28	103276.75	1851	0	WinnieSzeto	
946	0:07:43	1/1/2019 	456304	797.00	43.00	21.79	29.28	103276.75	1847	0	WinnieSzeto	
947	0:07:44	1/1/2019 	457172	128.00	6.00	7.37	29.28	103277.30	52344	0	WinnieSzeto	
948	0:07:44	1/1/2019 	457241	129.00	6.00	7.40	29.28	103277.30	1848	0	WinnieSzeto	
949	0:07:45	1/1/2019 	457899	895.00	103.00	30.55	29.29	103278.09	49823	0	WinnieSzeto	
950	0:07:45	1/1/2019 	458455	305.00	6.00	11.05	29.29	103278.48	1852	0	WinnieSzeto	
951	0:07:45	1/1/2019 	458622	665.00	10.00	14.90	29.29	103278.48	49824	0	WinnieSzeto	
952	0:07:46	1/1/2019 	458922	644.00	9.00	14.48	29.29	103278.48	1849	0	WinnieSzeto	
953	0:07:46	1/1/2019 	459089	894.00	105.00	30.93	29.29	103278.84	4435	0	WinnieSzeto	
954	0:07:47	1/1/2019 	460150	114.00	7.00	6.97	29.30	103279.61	49827	0	WinnieSzeto	
955	0:07:48	1/1/2019 	461115	898.00	111.00	32.11	29.30	103280.00	50550	0	WinnieSzeto	
956	0:07:48	1/1/2019 	461657	267.00	7.00	10.55	29.30	103280.33	49825	0	WinnieSzeto	
957	0:07:48	1/1/2019 	461706	193.00	6.00	9.12	29.30	103280.33	1848	0	WinnieSzeto	
958	0:07:49	1/1/2019 	462100	431.00	7.00	12.28	29.30	103280.72	1848	0	WinnieSzeto	
959	0:07:49	1/1/2019 	462813	85.00	6.00	6.23	29.31	103281.50	52431	0	WinnieSzeto	
960	0:07:50	1/1/2019 	463422	484.00	7.00	12.62	29.31	103281.91	1848	0	WinnieSzeto	
961	0:07:50	1/1/2019 	463426	794.00	38.00	21.26	29.31	103281.91	1849	1	WinnieSzeto	
962	0:07:52	1/1/2019 	465257	223.00	7.00	9.77	29.32	103283.41	97800	0	WinnieSzeto	
963	0:07:53	1/1/2019 	466737	845.00	74.00	25.40	29.33	103284.85	97800	0	WinnieSzeto	
964	0:07:54	1/1/2019 	467114	952.00	168.00	41.89	29.33	103284.85	1851	0	WinnieSzeto	
965	0:07:56	1/1/2019 	469576	697.00	12.00	15.65	29.34	103286.94	148360	0	WinnieSzeto	
966	0:07:57	1/1/2019 	470323	130.00	7.00	7.44	29.34	103287.33	2575	0	WinnieSzeto	
967	0:07:58	1/1/2019 	471149	142.00	6.00	7.78	29.35	103287.85	49826	0	WinnieSzeto	
968	0:07:58	1/1/2019 	471197	151.00	7.00	8.04	29.35	103287.85	1849	0	WinnieSzeto	
969	0:07:58	1/1/2019 	471752	448.00	8.00	12.47	29.35	103288.23	49824	0	WinnieSzeto	
970	0:07:59	1/1/2019 	471887	722.00	16.00	16.98	29.35	103288.23	1848	0	WinnieSzeto	
971	0:07:59	1/1/2019 	471911	304.00	8.00	11.11	29.35	103288.23	4455	0	WinnieSzeto	
972	0:07:59	1/1/2019 	472088	188.00	7.00	9.01	29.35	103288.23	1847	0	WinnieSzeto	
973	0:07:59	1/1/2019 	472413	498.00	8.00	12.81	29.35	103288.80	1849	0	WinnieSzeto	
974	0:08:00	1/1/2019 	473127	418.00	7.00	12.19	29.35	103289.35	49823	0	WinnieSzeto	
975	0:08:00	1/1/2019 	473154	111.00	7.00	6.89	29.35	103289.35	1850	0	WinnieSzeto	
976	0:08:01	1/1/2019 	474012	979.00	557.00	95.78	29.36	103290.23	49823	1	WinnieSzeto	
977	0:08:02	1/1/2019 	474851	417.00	7.00	12.18	29.36	103290.79	52412	0	WinnieSzeto	
978	0:08:02	1/1/2019 	475640	198.00	7.00	9.24	29.37	103291.73	49826	0	WinnieSzeto	
979	0:08:03	1/1/2019 	476105	230.00	7.00	9.91	29.37	103292.26	1849	0	WinnieSzeto	
980	0:08:03	1/1/2019 	476552	235.00	7.00	10.00	29.37	103293.31	49826	0	WinnieSzeto	
981	0:08:05	1/1/2019 	478622	128.00	7.00	7.38	29.38	103294.42	97802	0	WinnieSzeto	
982	0:08:05	1/1/2019 	478643	850.00	73.00	25.27	29.38	103294.42	1849	1	WinnieSzeto	
983	0:08:06	1/1/2019 	479661	575.00	7.00	13.39	29.38	103295.73	52410	0	WinnieSzeto	
984	0:08:08	1/1/2019 	481161	898.00	113.00	32.50	29.39	103297.83	50553	1	WinnieSzeto	
985	0:08:10	1/1/2019 	482933	177.00	7.00	8.74	29.40	103301.16	97804	0	WinnieSzeto	
986	0:08:10	1/1/2019 	483574	548.00	8.00	13.25	29.40	103302.02	49825	0	WinnieSzeto	
987	0:08:11	1/1/2019 	483908	145.00	6.00	7.87	29.40	103302.73	1847	0	WinnieSzeto	
988	0:08:11	1/1/2019 	484591	226.00	7.00	9.83	29.40	103303.62	49825	0	WinnieSzeto	
989	0:08:12	1/1/2019 	485382	557.00	8.00	13.35	29.41	103305.06	4456	0	WinnieSzeto	
990	0:08:12	1/1/2019 	485668	122.00	6.00	7.20	29.41	103305.06	49825	0	WinnieSzeto	
991	0:08:13	1/1/2019 	485829	305.00	7.00	11.09	29.41	103305.59	1849	0	WinnieSzeto	
992	0:08:14	1/1/2019 	487246	116.00	6.00	7.03	29.42	103306.67	49828	0	WinnieSzeto	
993	0:08:14	1/1/2019 	487496	123.00	6.00	7.23	29.42	103307.39	1849	0	WinnieSzeto	
994	0:08:14	1/1/2019 	487555	622.00	8.00	14.05	29.42	103307.39	49823	0	WinnieSzeto	
995	0:08:15	1/1/2019 	488429	79.00	7.00	6.12	29.42	103307.91	4413	0	WinnieSzeto	
996	0:08:16	1/1/2019 	489428	294.00	7.00	10.94	29.43	103308.86	49826	0	WinnieSzeto	
997	0:08:16	1/1/2019 	489485	706.00	14.00	16.32	29.43	103308.86	1851	0	WinnieSzeto	
998	0:08:17	1/1/2019 	490227	195.00	7.00	9.17	29.43	103309.64	49826	0	WinnieSzeto	
999	0:08:18	1/1/2019 	491392	868.00	90.00	28.04	29.44	103310.72	50551	1	WinnieSzeto	
1000	0:08:19	1/1/2019 	492092	129.00	7.00	7.41	29.44	103310.91	49825	0	WinnieSzeto	
1001	0:08:20	1/1/2019 	493597	136.00	6.00	7.61	29.45	103312.05	100409	0	WinnieSzeto	
1002	0:08:21	1/1/2019 	493872	578.00	10.00	13.89	29.45	103312.05	1849	0	WinnieSzeto	
1003	0:08:21	1/1/2019 	494783	434.00	7.00	12.30	29.45	103312.66	49827	0	WinnieSzeto	
1004	0:08:23	1/1/2019 	495994	457.00	7.00	12.44	29.46	103313.58	49825	0	WinnieSzeto	
1005	0:08:23	1/1/2019 	496444	90.00	7.00	6.34	29.46	103313.97	1850	0	WinnieSzeto	
1006	0:08:24	1/1/2019 	496908	182.00	7.00	8.86	29.46	103314.36	49824	0	WinnieSzeto	
1007	0:08:24	1/1/2019 	497004	109.00	6.00	6.83	29.46	103314.36	4416	0	WinnieSzeto	
1008	0:08:24	1/1/2019 	497629	976.00	428.00	78.25	29.46	103314.75	49824	1	WinnieSzeto	
1009	0:08:25	1/1/2019 	497892	900.00	113.00	32.51	29.47	103315.27	1849	0	WinnieSzeto	
1010	0:08:25	1/1/2019 	498233	66.00	7.00	5.93	29.47	103315.27	1850	0	WinnieSzeto	
1011	0:08:26	1/1/2019 	499168	186.00	7.00	8.96	29.47	103316.02	49825	0	WinnieSzeto	
1012	0:08:26	1/1/2019 	499468	515.00	7.00	12.84	29.47	103316.02	1850	0	WinnieSzeto	
1013	0:08:27	1/1/2019 	500404	642.00	9.00	14.47	29.48	103316.97	52409	0	WinnieSzeto	
1014	0:08:27	1/1/2019 	500718	109.00	6.00	6.83	29.48	103317.48	50550	0	WinnieSzeto	
1015	0:08:28	1/1/2019 	500976	229.00	6.00	9.87	29.48	103317.48	1848	0	WinnieSzeto	
1016	0:08:29	1/1/2019 	502169	126.00	7.00	7.32	29.48	103318.10	49826	0	WinnieSzeto	
1017	0:08:29	1/1/2019 	502188	972.00	319.00	60.28	29.48	103318.10	1850	1	WinnieSzeto	
1018	0:08:30	1/1/2019 	502942	584.00	8.00	13.65	29.49	103318.85	49825	0	WinnieSzeto	
1019	0:08:30	1/1/2019 	503076	96.00	6.00	6.49	29.49	103318.85	4369	0	WinnieSzeto	
1020	0:08:32	1/1/2019 	504868	112.00	7.00	6.92	29.50	103320.35	97801	0	WinnieSzeto	
1021	0:08:32	1/1/2019 	505016	171.00	7.00	8.58	29.50	103320.71	1850	0	WinnieSzeto	
1022	0:08:32	1/1/2019 	505477	222.00	7.00	9.75	29.50	103320.71	1849	0	WinnieSzeto	
1023	0:08:34	1/1/2019 	506986	783.00	34.00	20.75	29.51	103321.84	97805	1	WinnieSzeto	
1024	0:08:34	1/1/2019 	507147	414.00	7.00	12.16	29.51	103321.84	1850	0	WinnieSzeto	
1025	0:08:34	1/1/2019 	507314	128.00	7.00	7.38	29.51	103322.41	4433	0	WinnieSzeto	
1026	0:08:34	1/1/2019 	507347	157.00	7.00	8.21	29.51	103322.41	1847	0	WinnieSzeto	
1027	0:08:35	1/1/2019 	508657	75.00	6.00	6.05	29.51	103322.98	97803	0	WinnieSzeto	
1028	0:08:36	1/1/2019 	509056	719.00	15.00	16.67	29.52	103323.38	1852	0	WinnieSzeto	
1029	0:08:36	1/1/2019 	509149	153.00	7.00	8.10	29.52	103323.38	1859	0	WinnieSzeto	
1030	0:08:37	1/1/2019 	510223	252.00	7.00	10.30	29.52	103323.59	49833	0	WinnieSzeto	
1031	0:08:37	1/1/2019 	510781	110.00	6.00	6.86	29.52	103324.16	57916	0	WinnieSzeto	
1032	0:08:39	1/1/2019 	512006	185.00	7.00	8.94	29.53	103325.04	49825	0	WinnieSzeto	
1033	0:08:39	1/1/2019 	512155	319.00	7.00	11.26	29.53	103325.42	1850	0	WinnieSzeto	
1034	0:08:39	1/1/2019 	512493	722.00	16.00	16.98	29.53	103325.42	1849	0	WinnieSzeto	
1035	0:08:39	1/1/2019 	512793	84.00	7.00	6.21	29.53	103326.17	49826	0	WinnieSzeto	
1036	0:08:40	1/1/2019 	512898	218.00	6.00	9.66	29.53	103326.17	1849	0	WinnieSzeto	
1037	0:08:40	1/1/2019 	512984	840.00	68.00	24.58	29.53	103326.17	4349	0	WinnieSzeto	
1038	0:08:43	1/1/2019 	516670	99.00	7.00	6.57	29.55	103328.88	193761	0	WinnieSzeto	
1039	0:08:45	1/1/2019 	518440	81.00	7.00	6.15	29.56	103329.81	49832	0	WinnieSzeto	
1040	0:08:45	1/1/2019 	518571	536.00	7.00	13.01	29.56	103329.81	49828	0	WinnieSzeto	
1041	0:08:45	1/1/2019 	518742	713.00	15.00	16.66	29.56	103330.20	1850	0	WinnieSzeto	
1042	0:08:46	1/1/2019 	519654	141.00	7.00	7.76	29.56	103330.59	49827	0	WinnieSzeto	
1043	0:08:47	1/1/2019 	520774	857.00	81.00	26.49	29.57	103331.51	53286	1	WinnieSzeto	
1044	0:08:48	1/1/2019 	521376	648.00	9.00	14.51	29.57	103331.73	1851	0	WinnieSzeto	
1045	0:08:49	1/1/2019 	522667	443.00	7.00	12.35	29.58	103333.20	97805	0	WinnieSzeto	
1046	0:08:50	1/1/2019 	523556	460.00	7.00	12.46	29.58	103333.59	49830	0	WinnieSzeto	
1047	0:08:50	1/1/2019 	523648	962.00	180.00	43.35	29.58	103333.78	1851	1	WinnieSzeto	
1048	0:08:50	1/1/2019 	523723	962.00	186.00	44.01	29.58	103333.78	1850	1	WinnieSzeto	
1049	0:08:51	1/1/2019 	524013	848.00	71.00	24.99	29.58	103333.78	4350	0	WinnieSzeto	
1050	0:08:51	1/1/2019 	524255	92.00	7.00	6.39	29.59	103334.17	1851	0	WinnieSzeto	
1051	0:08:52	1/1/2019 	524833	75.00	6.00	6.05	29.59	103334.56	49826	0	WinnieSzeto	
1052	0:08:52	1/1/2019 	525084	146.00	6.00	7.89	29.59	103334.56	1849	0	WinnieSzeto	
1053	0:08:53	1/1/2019 	525993	532.00	8.00	13.10	29.59	103335.14	49826	0	WinnieSzeto	
1054	0:08:53	1/1/2019 	526209	992.00	807.00	143.43	29.59	103335.14	1849	1	WinnieSzeto	
1055	0:08:53	1/1/2019 	526352	563.00	8.00	13.41	29.60	103335.37	4350	0	WinnieSzeto	
1056	0:08:53	1/1/2019 	526487	885.00	95.00	29.00	29.60	103335.37	1848	1	WinnieSzeto	
1057	0:08:54	1/1/2019 	526864	178.00	7.00	8.76	29.60	103335.37	49828	0	WinnieSzeto	
1058	0:08:54	1/1/2019 	526976	342.00	7.00	11.53	29.60	103335.59	1850	0	WinnieSzeto	
1059	0:08:54	1/1/2019 	527608	174.00	6.00	8.65	29.60	103335.79	49827	0	WinnieSzeto	
1060	0:08:55	1/1/2019 	528149	406.00	7.00	12.10	29.60	103336.01	1848	0	WinnieSzeto	
1061	0:08:55	1/1/2019 	528806	608.00	8.00	13.92	29.61	103336.40	52348	0	WinnieSzeto	
1062	0:08:56	1/1/2019 	529031	374.00	8.00	11.90	29.61	103336.40	1847	0	WinnieSzeto	
1063	0:08:57	1/1/2019 	530487	256.00	7.00	10.37	29.61	103337.34	49824	0	WinnieSzeto	
1064	0:08:57	1/1/2019 	530714	456.00	7.00	12.44	29.62	103337.56	50552	0	WinnieSzeto	
1065	0:08:58	1/1/2019 	531119	549.00	7.00	13.13	29.62	103337.56	1849	0	WinnieSzeto	
1066	0:08:59	1/1/2019 	531929	74.00	6.00	6.03	29.62	103338.34	49827	1	WinnieSzeto	
1067	0:09:00	1/1/2019 	533049	698.00	13.00	15.98	29.63	103339.26	52350	0	WinnieSzeto	
1068	0:09:00	1/1/2019 	533172	137.00	7.00	7.64	29.63	103339.26	1850	0	WinnieSzeto	
1069	0:09:00	1/1/2019 	533254	718.00	16.00	16.97	29.63	103339.26	1849	0	WinnieSzeto	
1070	0:09:00	1/1/2019 	533599	161.00	7.00	8.32	29.63	103339.81	49825	0	WinnieSzeto	
1071	0:09:01	1/1/2019 	534055	954.00	165.00	41.49	29.63	103340.20	1850	1	WinnieSzeto	
1072	0:09:01	1/1/2019 	534091	425.00	7.00	12.24	29.63	103340.20	1850	0	WinnieSzeto	
1073	0:09:01	1/1/2019 	534453	161.00	6.00	8.31	29.63	103340.20	4369	0	WinnieSzeto	
1074	0:09:02	1/1/2019 	535227	378.00	7.00	11.87	29.64	103340.95	49826	0	WinnieSzeto	
1075	0:09:02	1/1/2019 	535798	205.00	7.00	9.40	29.64	103341.14	49828	0	WinnieSzeto	
1076	0:09:03	1/1/2019 	536077	329.00	7.00	11.38	29.64	103341.14	1849	0	WinnieSzeto	
1077	0:09:03	1/1/2019 	536098	101.00	6.00	6.62	29.64	103341.14	1850	0	WinnieSzeto	
1078	0:09:03	1/1/2019 	536271	808.00	57.00	23.22	29.64	103341.14	1847	1	WinnieSzeto	
1079	0:09:03	1/1/2019 	536394	90.00	6.00	6.34	29.64	103341.14	4350	0	WinnieSzeto	
1080	0:09:05	1/1/2019 	538489	244.00	7.00	10.17	29.65	103342.67	97803	0	WinnieSzeto	
1081	0:09:06	1/1/2019 	538936	85.00	7.00	6.23	29.65	103343.23	49827	0	WinnieSzeto	
1082	0:09:07	1/1/2019 	540173	67.00	6.00	5.94	29.66	103344.34	49827	0	WinnieSzeto	
1083	0:09:07	1/1/2019 	540198	870.00	90.00	28.05	29.66	103344.34	2573	1	WinnieSzeto	
1084	0:09:07	1/1/2019 	540479	804.00	58.00	23.31	29.66	103344.34	1849	1	WinnieSzeto	
1085	0:09:09	1/1/2019 	542157	668.00	10.00	14.91	29.66	103345.75	100323	0	WinnieSzeto	
1086	0:09:09	1/1/2019 	542338	546.00	7.00	13.10	29.66	103346.80	1851	0	WinnieSzeto	
1087	0:09:10	1/1/2019 	543012	89.00	6.00	6.32	29.67	103347.53	49827	0	WinnieSzeto	
1088	0:09:10	1/1/2019 	543359	127.00	6.00	7.35	29.67	103348.69	1849	0	WinnieSzeto	
1089	0:09:12	1/1/2019 	545607	428.00	8.00	12.33	29.68	103353.53	145781	0	WinnieSzeto	
1090	0:09:13	1/1/2019 	545978	187.00	6.00	8.97	29.68	103353.53	1848	0	WinnieSzeto	
1091	0:09:13	1/1/2019 	545990	702.00	12.00	15.66	29.68	103353.53	4372	0	WinnieSzeto	
1092	0:09:13	1/1/2019 	546084	965.00	197.00	45.14	29.68	103354.09	1849	0	WinnieSzeto	
1093	0:09:13	1/1/2019 	546123	285.00	7.00	10.82	29.68	103354.09	1849	0	WinnieSzeto	
1094	0:09:13	1/1/2019 	546668	967.00	218.00	47.10	29.68	103354.98	49827	1	WinnieSzeto	
1095	0:09:13	1/1/2019 	546672	760.00	25.00	19.28	29.68	103354.98	1850	1	WinnieSzeto	
1096	0:09:14	1/1/2019 	546957	515.00	7.00	12.84	29.68	103354.98	1849	0	WinnieSzeto	
1097	0:09:14	1/1/2019 	547300	160.00	6.00	8.28	29.68	103356.19	4416	0	WinnieSzeto	
1098	0:09:14	1/1/2019 	547357	114.00	7.00	6.97	29.68	103356.19	1848	0	WinnieSzeto	
1099	0:09:14	1/1/2019 	547744	233.00	7.00	9.97	29.69	103356.75	49824	0	WinnieSzeto	
1100	0:09:16	1/1/2019 	549635	111.00	6.00	6.89	29.69	103359.52	97802	0	WinnieSzeto	
1101	0:09:17	1/1/2019 	549942	955.00	183.00	43.69	29.69	103360.68	2573	1	WinnieSzeto	
1102	0:09:17	1/1/2019 	549966	670.00	10.00	14.92	29.69	103360.68	1851	0	WinnieSzeto	
1103	0:09:17	1/1/2019 	550083	916.00	126.00	35.06	29.69	103360.68	4371	0	WinnieSzeto	
1104	0:09:17	1/1/2019 	550296	279.00	7.00	10.73	29.69	103360.68	1850	0	WinnieSzeto	
1105	0:09:17	1/1/2019 	550674	68.00	6.00	5.95	29.70	103362.73	49824	0	WinnieSzeto	
1106	0:09:17	1/1/2019 	550821	993.00	938.00	218.18	29.70	103362.73	1849	1	WinnieSzeto	
1107	0:09:19	1/1/2019 	551899	288.00	7.00	10.86	29.70	103366.97	49825	0	WinnieSzeto	
1108	0:09:19	1/1/2019 	552246	253.00	6.00	10.30	29.70	103369.02	1850	0	WinnieSzeto	
1109	0:09:19	1/1/2019 	552444	200.00	7.00	9.29	29.70	103369.02	4413	0	WinnieSzeto	
1110	0:09:20	1/1/2019 	553051	808.00	49.00	22.41	29.71	103370.40	49824	0	WinnieSzeto	
1111	0:09:20	1/1/2019 	553351	190.00	7.00	9.06	29.71	103371.28	1851	0	WinnieSzeto	
1112	0:09:21	1/1/2019 	553841	957.00	183.00	43.69	29.71	103371.95	49825	1	WinnieSzeto	
1113	0:09:21	1/1/2019 	554390	516.00	7.00	12.85	29.71	103372.64	1851	0	WinnieSzeto	
1114	0:09:21	1/1/2019 	554548	134.00	6.00	7.55	29.71	103372.64	49825	0	WinnieSzeto	
1115	0:09:22	1/1/2019 	555124	964.00	287.00	55.03	29.71	103373.53	4415	1	WinnieSzeto	
1116	0:09:22	1/1/2019 	555193	176.00	6.00	8.70	29.71	103373.53	1850	0	WinnieSzeto	
1117	0:09:24	1/1/2019 	557104	839.00	73.00	25.24	29.72	103375.64	97800	0	WinnieSzeto	
1118	0:09:25	1/1/2019 	558819	708.00	14.00	16.33	29.73	103376.80	97804	0	WinnieSzeto	
1119	0:09:26	1/1/2019 	559266	122.00	6.00	7.20	29.73	103378.05	1850	0	WinnieSzeto	
1120	0:09:26	1/1/2019 	559464	96.00	6.00	6.49	29.73	103378.05	1849	0	WinnieSzeto	
1121	0:09:26	1/1/2019 	559593	218.00	7.00	9.67	29.73	103378.05	52390	0	WinnieSzeto	
1122	0:09:26	1/1/2019 	559629	70.00	6.00	5.97	29.73	103378.05	2574	0	WinnieSzeto	
1123	0:09:27	1/1/2019 	560044	73.00	6.00	6.02	29.74	103378.77	1847	0	WinnieSzeto	
1124	0:09:27	1/1/2019 	560313	806.00	57.00	23.21	29.74	103378.83	1849	1	WinnieSzeto	
1125	0:09:27	1/1/2019 	560398	793.00	37.00	21.14	29.74	103378.83	1851	1	WinnieSzeto	
1126	0:09:27	1/1/2019 	560474	112.00	7.00	6.92	29.74	103378.83	1849	0	WinnieSzeto	
1127	0:09:28	1/1/2019 	561208	339.00	7.00	11.49	29.74	103379.22	52412	0	WinnieSzeto	
1128	0:09:29	1/1/2019 	562079	61.00	6.00	5.89	29.74	103379.91	49825	0	WinnieSzeto	
1129	0:09:29	1/1/2019 	562616	561.00	7.00	13.25	29.75	103379.94	49823	0	WinnieSzeto	
1130	0:09:30	1/1/2019 	563023	549.00	8.00	13.26	29.75	103379.66	1849	0	WinnieSzeto	
1131	0:09:30	1/1/2019 	563048	899.00	110.00	31.92	29.75	103379.66	1848	1	WinnieSzeto	
1132	0:09:30	1/1/2019 	563092	190.00	7.00	9.06	29.75	103379.66	1850	0	WinnieSzeto	
1133	0:09:30	1/1/2019 	563199	197.00	6.00	9.21	29.75	103379.66	4434	0	WinnieSzeto	
1134	0:09:30	1/1/2019 	563268	461.00	8.00	12.56	29.75	103379.66	1849	0	WinnieSzeto	
1135	0:09:30	1/1/2019 	563475	249.00	7.00	10.25	29.75	103379.66	1847	0	WinnieSzeto	
1136	0:09:31	1/1/2019 	564299	85.00	6.00	6.23	29.75	103378.45	49826	0	WinnieSzeto	
1137	0:09:31	1/1/2019 	564653	144.00	6.00	7.84	29.76	103377.65	49825	0	WinnieSzeto	
1138	0:09:33	1/1/2019 	566258	874.00	91.00	28.24	29.76	103376.44	49824	1	WinnieSzeto	
1139	0:09:33	1/1/2019 	566586	572.00	7.00	13.36	29.76	103376.00	57022	1	WinnieSzeto	
1140	0:09:34	1/1/2019 	567551	782.00	35.00	20.88	29.77	103375.41	49826	0	WinnieSzeto	
1141	0:09:34	1/1/2019 	567583	915.00	125.00	34.87	29.77	103375.41	1851	1	WinnieSzeto	
1142	0:09:35	1/1/2019 	567914	62.00	6.00	5.90	29.77	103375.41	1850	0	WinnieSzeto	
1143	0:09:35	1/1/2019 	568304	193.00	7.00	9.13	29.77	103375.47	1849	0	WinnieSzeto	
1144	0:09:35	1/1/2019 	568344	684.00	11.00	15.29	29.77	103375.47	1849	0	WinnieSzeto	
1145	0:09:36	1/1/2019 	569415	62.00	6.00	5.90	29.78	103376.05	52411	0	WinnieSzeto	
1146	0:09:36	1/1/2019 	569573	118.00	7.00	7.09	29.78	103376.91	49826	0	WinnieSzeto	
1147	0:09:38	1/1/2019 	571015	870.00	85.00	27.19	29.78	103377.80	50550	1	WinnieSzeto	
1148	0:09:38	1/1/2019 	571752	830.00	67.00	24.42	29.79	103378.24	49826	0	WinnieSzeto	
1149	0:09:39	1/1/2019 	572047	247.00	7.00	10.22	29.79	103378.24	1850	0	WinnieSzeto	
1150	0:09:40	1/1/2019 	573090	80.00	6.00	6.13	29.79	103377.50	49826	0	WinnieSzeto	
1151	0:09:40	1/1/2019 	573431	906.00	104.00	30.77	29.79	103377.22	4455	0	WinnieSzeto	
1152	0:09:40	1/1/2019 	573777	985.00	695.00	125.44	29.79	103377.22	49826	0	WinnieSzeto	
1153	0:09:41	1/1/2019 	574591	844.00	75.00	25.54	29.80	103376.02	49826	0	WinnieSzeto	
1154	0:09:43	1/1/2019 	576261	80.00	7.00	6.13	29.80	103374.27	49826	0	WinnieSzeto	
1155	0:09:43	1/1/2019 	576584	83.00	6.00	6.19	29.80	103374.27	49825	0	WinnieSzeto	
1156	0:09:43	1/1/2019 	576624	218.00	7.00	9.67	29.80	103374.27	1848	0	WinnieSzeto	
1157	0:09:44	1/1/2019 	577820	738.00	18.00	17.60	29.81	103372.23	52407	1	WinnieSzeto	
1158	0:09:45	1/1/2019 	578289	479.00	8.00	12.68	29.81	103372.23	1850	0	WinnieSzeto	
1159	0:09:46	1/1/2019 	579758	231.00	7.00	9.93	29.82	103371.34	97798	1	WinnieSzeto	
1160	0:09:47	1/1/2019 	580193	92.00	6.00	6.39	29.82	103371.06	2575	0	WinnieSzeto	
1161	0:09:48	1/1/2019 	581717	844.00	67.00	24.46	29.82	103368.83	97800	1	WinnieSzeto	
1162	0:09:50	1/1/2019 	583449	875.00	97.00	29.33	29.83	103367.14	49825	1	WinnieSzeto	
1163	0:09:51	1/1/2019 	584216	902.00	114.00	32.71	29.83	103366.31	52433	0	WinnieSzeto	
1164	0:09:52	1/1/2019 	585324	100.00	6.00	6.59	29.84	103366.23	49826	1	WinnieSzeto	
1165	0:09:52	1/1/2019 	585362	79.00	6.00	6.11	29.84	103366.23	1849	0	WinnieSzeto	
1166	0:09:52	1/1/2019 	585604	958.00	176.00	42.88	29.84	103367.12	49824	1	WinnieSzeto	
1167	0:09:53	1/1/2019 	586344	715.00	15.00	16.66	29.84	103369.00	1851	0	WinnieSzeto	
1168	0:09:53	1/1/2019 	586560	540.00	7.00	13.05	29.84	103371.05	49826	1	WinnieSzeto	
1169	0:09:55	1/1/2019 	587914	719.00	15.00	16.67	29.85	103375.62	52413	0	WinnieSzeto	
1170	0:09:56	1/1/2019 	589422	240.00	7.00	10.09	29.86	103379.91	49831	0	WinnieSzeto	
1171	0:09:57	1/1/2019 	590052	603.00	8.00	13.87	29.86	103380.14	49827	1	WinnieSzeto	
1172	0:09:57	1/1/2019 	590344	546.00	8.00	13.23	29.86	103380.14	2639	0	WinnieSzeto	
1173	0:09:57	1/1/2019 	590738	756.00	25.00	19.27	29.86	103379.83	49825	0	WinnieSzeto	
1174	0:09:58	1/1/2019 	591056	367.00	7.00	11.78	29.86	103379.89	1849	0	WinnieSzeto	
1175	0:09:58	1/1/2019 	591692	145.00	6.00	7.87	29.87	103380.11	57061	0	WinnieSzeto	
1176	0:09:59	1/1/2019 	591972	101.00	6.00	6.62	29.87	103380.11	1847	0	WinnieSzeto	
1177	0:10:00	1/1/2019 	593163	816.00	60.00	23.56	29.87	103385.07	49828	1	WinnieSzeto	
1178	0:10:00	1/1/2019 	593328	978.00	424.00	77.73	29.87	103385.07	1850	0	WinnieSzeto	
1179	0:10:01	1/1/2019 	593900	112.00	7.00	6.92	29.88	103386.45	49827	0	WinnieSzeto	
1180	0:10:01	1/1/2019 	593922	108.00	6.00	6.80	29.88	103386.45	1849	0	WinnieSzeto	
1181	0:10:02	1/1/2019 	595171	752.00	21.00	18.40	29.88	103389.36	52431	0	WinnieSzeto	
1182	0:10:02	1/1/2019 	595357	796.00	40.00	21.48	29.88	103390.75	1850	0	WinnieSzeto	
1183	0:10:03	1/1/2019 	596430	399.00	7.00	12.05	29.89	103391.11	49826	0	WinnieSzeto	
1184	0:10:03	1/1/2019 	596454	877.00	96.00	29.16	29.89	103391.11	1849	1	WinnieSzeto	
1185	0:10:03	1/1/2019 	596740	767.00	26.00	19.49	29.89	103391.11	49826	0	WinnieSzeto	
1186	0:10:04	1/1/2019 	597670	162.00	6.00	8.34	29.89	103390.70	49827	0	WinnieSzeto	
1187	0:10:07	1/1/2019 	599678	630.00	8.00	14.12	29.90	103390.40	100390	0	WinnieSzeto	
1188	0:10:07	1/1/2019 	599764	142.00	7.00	7.78	29.90	103390.40	2639	0	WinnieSzeto	
1189	0:10:07	1/1/2019 	600636	578.00	8.00	13.58	29.90	103390.45	49827	0	WinnieSzeto	
1190	0:10:08	1/1/2019 	600992	597.00	7.00	13.60	29.91	103390.34	1848	0	WinnieSzeto	
1191	0:10:08	1/1/2019 	601443	118.00	6.00	7.09	29.91	103390.56	1850	0	WinnieSzeto	
1192	0:10:09	1/1/2019 	602253	147.00	7.00	7.93	29.91	103389.91	49824	0	WinnieSzeto	
1193	0:10:11	1/1/2019 	603930	934.00	154.00	39.91	29.92	103389.36	100411	0	WinnieSzeto	
1194	0:10:12	1/1/2019 	605105	972.00	380.00	71.14	29.92	103388.25	49829	0	WinnieSzeto	
1195	0:10:13	1/1/2019 	605876	96.00	6.00	6.49	29.92	103387.67	49829	0	WinnieSzeto	
1196	0:10:13	1/1/2019 	605943	719.00	15.00	16.67	29.92	103387.67	1848	0	WinnieSzeto	
1197	0:10:13	1/1/2019 	606006	551.00	7.00	13.15	29.92	103387.67	1849	0	WinnieSzeto	
1198	0:10:13	1/1/2019 	606489	228.00	7.00	9.87	29.93	103388.39	1849	0	WinnieSzeto	
1199	0:10:14	1/1/2019 	606890	962.00	192.00	44.64	29.93	103389.28	52413	1	WinnieSzeto	
1200	0:10:14	1/1/2019 	607452	310.00	6.00	11.11	29.93	103390.50	1851	0	WinnieSzeto	
1201	0:10:15	1/1/2019 	608436	751.00	23.00	18.85	29.93	103391.22	49826	1	WinnieSzeto	
1202	0:10:16	1/1/2019 	608903	925.00	143.00	38.13	29.93	103391.22	49829	0	WinnieSzeto	
1203	0:10:16	1/1/2019 	609370	591.00	8.00	13.73	29.93	103391.74	1851	0	WinnieSzeto	
1204	0:10:18	1/1/2019 	611419	675.00	11.00	15.26	29.94	103392.58	97803	0	WinnieSzeto	
1205	0:10:19	1/1/2019 	611804	541.00	7.00	13.06	29.94	103392.41	53224	0	WinnieSzeto	
1206	0:10:19	1/1/2019 	612317	831.00	71.00	24.95	29.95	103392.64	1849	0	WinnieSzeto	
1207	0:10:19	1/1/2019 	612349	777.00	29.00	20.03	29.95	103392.64	1849	0	WinnieSzeto	
1208	0:10:19	1/1/2019 	612586	714.00	15.00	16.66	29.95	103392.64	49827	1	WinnieSzeto	
1209	0:10:20	1/1/2019 	613134	102.00	6.00	6.64	29.95	103392.69	1849	0	WinnieSzeto	
1210	0:10:20	1/1/2019 	613486	66.00	6.00	5.93	29.95	103392.58	1849	0	WinnieSzeto	
1211	0:10:21	1/1/2019 	614208	847.00	70.00	24.85	29.95	103392.31	52412	0	WinnieSzeto	
1212	0:10:22	1/1/2019 	614876	835.00	67.00	24.44	29.96	103392.67	49829	0	WinnieSzeto	
1213	0:10:24	1/1/2019 	617550	63.00	7.00	5.91	29.97	103395.22	145781	0	WinnieSzeto	
1214	0:10:25	1/1/2019 	617942	72.00	6.00	6.00	29.97	103395.77	1849	0	WinnieSzeto	
1215	0:10:25	1/1/2019 	618162	206.00	6.00	9.41	29.97	103395.77	1848	0	WinnieSzeto	
1216	0:10:25	1/1/2019 	618318	111.00	6.00	6.89	29.97	103395.67	1847	0	WinnieSzeto	
1217	0:10:27	1/1/2019 	620673	725.00	17.00	17.28	29.98	103396.53	148348	1	WinnieSzeto	
1218	0:10:28	1/1/2019 	620850	795.00	41.00	21.59	29.98	103396.53	2642	0	WinnieSzeto	
1219	0:10:28	1/1/2019 	621239	98.00	7.00	6.54	29.99	103397.75	1849	0	WinnieSzeto	
1220	0:10:28	1/1/2019 	621264	842.00	73.00	25.25	29.99	103397.75	1848	0	WinnieSzeto	
1221	0:10:29	1/1/2019 	622423	977.00	617.00	108.76	29.99	103399.27	49825	1	WinnieSzeto	
1222	0:10:31	1/1/2019 	624610	595.00	8.00	13.78	30.00	103402.42	145781	0	WinnieSzeto	
1223	0:10:32	1/1/2019 	624931	142.00	7.00	7.78	30.00	103402.81	9092	0	WinnieSzeto	
1224	0:10:33	1/1/2019 	626471	182.00	6.00	8.85	30.01	103404.31	49828	0	WinnieSzeto	
1225	0:10:34	1/1/2019 	627222	968.00	262.00	51.64	30.01	103404.16	49826	0	WinnieSzeto	
1226	0:10:36	1/1/2019 	628826	132.00	6.00	7.49	30.02	103403.63	97802	0	WinnieSzeto	
1227	0:10:36	1/1/2019 	629201	904.00	114.00	32.72	30.02	103403.02	1850	0	WinnieSzeto	
1228	0:10:39	1/1/2019 	631754	898.00	111.00	32.11	30.03	103400.48	145783	1	WinnieSzeto	
1229	0:10:39	1/1/2019 	632288	941.00	155.00	40.06	30.03	103399.70	5249	0	WinnieSzeto	
1230	0:10:40	1/1/2019 	632952	581.00	7.00	13.45	30.03	103399.27	49826	0	WinnieSzeto	
1231	0:10:40	1/1/2019 	633242	604.00	8.00	13.88	30.03	103398.62	1851	1	WinnieSzeto	
1232	0:10:41	1/1/2019 	634124	201.00	7.00	9.31	30.04	103398.19	49830	0	WinnieSzeto	
1233	0:10:42	1/1/2019 	635311	201.00	7.00	9.31	30.04	103398.80	49827	1	WinnieSzeto	
1234	0:10:43	1/1/2019 	636252	298.00	7.00	11.00	30.04	103399.33	49828	0	WinnieSzeto	
1235	0:10:44	1/1/2019 	637066	179.00	7.00	8.79	30.05	103399.22	52414	0	WinnieSzeto	
1236	0:10:45	1/1/2019 	638307	76.00	6.00	6.06	30.05	103399.00	49827	0	WinnieSzeto	
1237	0:10:46	1/1/2019 	638838	622.00	8.00	14.05	30.05	103398.52	49826	0	WinnieSzeto	
1238	0:10:47	1/1/2019 	639686	895.00	109.00	31.71	30.06	103397.95	49828	1	WinnieSzeto	
1239	0:10:47	1/1/2019 	640498	498.00	7.00	12.71	30.06	103397.45	2641	0	WinnieSzeto	
1240	0:10:47	1/1/2019 	640596	795.00	52.00	22.67	30.06	103397.45	49826	0	WinnieSzeto	
1241	0:10:48	1/1/2019 	641199	165.00	6.00	8.42	30.06	103397.50	4454	0	WinnieSzeto	
1242	0:10:48	1/1/2019 	641488	635.00	8.00	14.15	30.06	103397.23	1848	0	WinnieSzeto	
1243	0:10:49	1/1/2019 	642183	906.00	122.00	34.27	30.07	103396.76	49823	0	WinnieSzeto	
1244	0:10:50	1/1/2019 	643297	81.00	6.00	6.15	30.07	103395.38	49830	0	WinnieSzeto	
1245	0:10:52	1/1/2019 	644956	875.00	92.00	28.42	30.08	103393.83	97807	1	WinnieSzeto	
1246	0:10:52	1/1/2019 	645207	965.00	188.00	44.23	30.08	103393.55	1851	0	WinnieSzeto	
1247	0:10:53	1/1/2019 	645991	174.00	7.00	8.66	30.08	103393.45	52411	0	WinnieSzeto	
1248	0:10:53	1/1/2019 	646474	925.00	135.00	36.74	30.09	103393.17	1850	1	WinnieSzeto	
1249	0:10:54	1/1/2019 	647158	700.00	13.00	15.99	30.09	103392.67	49829	1	WinnieSzeto	
1250	0:10:56	1/1/2019 	649191	625.00	9.00	14.32	30.09	103389.98	97806	0	WinnieSzeto	
1251	0:10:58	1/1/2019 	651038	892.00	106.00	31.12	30.10	103387.97	97806	1	WinnieSzeto	
1252	0:10:59	1/1/2019 	652233	498.00	7.00	12.71	30.11	103385.59	50619	1	WinnieSzeto	
1253	0:11:00	1/1/2019 	653120	122.00	7.00	7.20	30.11	103384.95	52434	0	WinnieSzeto	
1254	0:11:00	1/1/2019 	653192	599.00	7.00	13.62	30.11	103384.95	1851	0	WinnieSzeto	
1255	0:11:00	1/1/2019 	653674	669.00	10.00	14.91	30.11	103383.98	49826	1	WinnieSzeto	
1256	0:11:01	1/1/2019 	653777	869.00	89.00	27.87	30.11	103383.98	1851	0	WinnieSzeto	
1257	0:11:01	1/1/2019 	654067	165.00	7.00	8.42	30.11	103382.98	1850	0	WinnieSzeto	
1258	0:11:02	1/1/2019 	655139	836.00	73.00	25.24	30.12	103381.77	49825	1	WinnieSzeto	
1259	0:11:03	1/1/2019 	656334	543.00	7.00	13.07	30.12	103380.72	52413	0	WinnieSzeto	
1260	0:11:05	1/1/2019 	658104	336.00	7.00	11.46	30.13	103378.31	97803	0	WinnieSzeto	
1261	0:11:06	1/1/2019 	658936	111.00	6.00	6.89	30.13	103377.27	49829	0	WinnieSzeto	
1262	0:11:06	1/1/2019 	659269	799.00	49.00	22.39	30.13	103377.27	1849	0	WinnieSzeto	
1263	0:11:09	1/1/2019 	661721	600.00	8.00	13.83	30.14	103374.05	145779	0	WinnieSzeto	
1264	0:11:10	1/1/2019 	663086	722.00	16.00	16.98	30.14	103372.67	50615	1	WinnieSzeto	
1265	0:11:10	1/1/2019 	663144	565.00	8.00	13.44	30.15	103371.54	4450	0	WinnieSzeto	
1266	0:11:11	1/1/2019 	663818	810.00	61.00	23.66	30.15	103370.60	49824	0	WinnieSzeto	
1267	0:11:11	1/1/2019 	663865	199.00	10.00	9.30	30.15	103370.60	1850	0	WinnieSzeto	
1268	0:11:11	1/1/2019 	664666	699.00	13.00	15.98	30.15	103369.83	49825	1	WinnieSzeto	
1269	0:11:12	1/1/2019 	665151	980.00	706.00	127.33	30.15	103368.66	1850	0	WinnieSzeto	
1270	0:11:12	1/1/2019 	665253	90.00	6.00	6.34	30.15	103368.66	1851	0	WinnieSzeto	
1271	0:11:13	1/1/2019 	666587	789.00	45.00	21.97	30.16	103366.59	100385	1	WinnieSzeto	
1272	0:11:14	1/1/2019 	667204	597.00	8.00	13.80	30.16	103366.81	1851	0	WinnieSzeto	
1273	0:11:15	1/1/2019 	667797	536.00	7.00	13.01	30.16	103367.37	49824	0	WinnieSzeto	
1274	0:11:15	1/1/2019 	667941	594.00	8.00	13.77	30.16	103367.37	1850	0	WinnieSzeto	
1275	0:11:15	1/1/2019 	668336	919.00	136.00	36.91	30.16	103368.06	1846	0	WinnieSzeto	
1276	0:11:17	1/1/2019 	670381	696.00	13.00	15.97	30.17	103366.98	97803	0	WinnieSzeto	
1277	0:11:17	1/1/2019 	670561	963.00	185.00	43.91	30.17	103366.98	53237	1	WinnieSzeto	
1278	0:11:18	1/1/2019 	670982	738.00	20.00	18.12	30.17	103366.54	1851	1	WinnieSzeto	
1279	0:11:18	1/1/2019 	671095	93.00	7.00	6.42	30.17	103366.54	1850	0	WinnieSzeto	
1280	0:11:18	1/1/2019 	671139	535.00	7.00	13.00	30.17	103366.54	1848	0	WinnieSzeto	
1281	0:11:18	1/1/2019 	671652	523.00	7.00	12.90	30.17	103366.27	49825	1	WinnieSzeto	
1282	0:11:19	1/1/2019 	671815	100.00	6.00	6.59	30.17	103366.27	1850	0	WinnieSzeto	
1283	0:11:20	1/1/2019 	673117	138.00	7.00	7.67	30.18	103364.16	52409	0	WinnieSzeto	
1284	0:11:20	1/1/2019 	673346	975.00	314.00	59.41	30.18	103364.16	1851	0	WinnieSzeto	
1285	0:11:21	1/1/2019 	673758	184.00	6.00	8.90	30.18	103363.36	49827	1	WinnieSzeto	
1286	0:11:21	1/1/2019 	674009	921.00	132.00	36.19	30.18	103363.36	1849	1	WinnieSzeto	
1287	0:11:21	1/1/2019 	674135	972.00	300.00	57.06	30.18	103362.75	1850	1	WinnieSzeto	
1288	0:11:21	1/1/2019 	674300	160.00	6.00	8.28	30.18	103362.75	1849	0	WinnieSzeto	
1289	0:11:22	1/1/2019 	675217	241.00	7.00	10.11	30.19	103361.36	52405	0	WinnieSzeto	
1290	0:11:22	1/1/2019 	675469	579.00	8.00	13.59	30.19	103361.36	1850	0	WinnieSzeto	
1291	0:11:23	1/1/2019 	676413	829.00	70.00	24.81	30.19	103360.23	49824	1	WinnieSzeto	
1292	0:11:24	1/1/2019 	677362	677.00	11.00	15.26	30.19	103360.48	49830	0	WinnieSzeto	
1293	0:11:25	1/1/2019 	678234	514.00	7.00	12.83	30.20	103360.20	49826	0	WinnieSzeto	
1294	0:11:25	1/1/2019 	678326	456.00	7.00	12.44	30.20	103360.20	4431	0	WinnieSzeto	
1295	0:11:26	1/1/2019 	679612	173.00	6.00	8.63	30.20	103358.94	97803	0	WinnieSzeto	
1296	0:11:27	1/1/2019 	679726	754.00	25.00	19.26	30.20	103358.94	2639	0	WinnieSzeto	
1297	0:11:27	1/1/2019 	680159	905.00	114.00	32.72	30.20	103359.30	1851	0	WinnieSzeto	
1298	0:11:29	1/1/2019 	682241	143.00	7.00	7.81	30.21	103359.24	97805	0	WinnieSzeto	
1299	0:11:30	1/1/2019 	683091	464.00	7.00	12.49	30.21	103358.47	49829	0	WinnieSzeto	
1300	0:11:32	1/1/2019 	685088	443.00	7.00	12.35	30.21	103354.89	100327	0	WinnieSzeto	
1301	0:11:36	1/1/2019 	688876	918.00	135.00	36.73	30.22	103352.79	193764	1	WinnieSzeto	
1302	0:11:36	1/1/2019 	689064	246.00	6.00	10.18	30.22	103352.79	1851	0	WinnieSzeto	
1303	0:11:37	1/1/2019 	690247	76.00	6.00	6.06	30.23	103353.19	49826	0	WinnieSzeto	
1304	0:11:37	1/1/2019 	690367	90.00	6.00	6.34	30.23	103353.19	2640	0	WinnieSzeto	
1305	0:11:38	1/1/2019 	690679	65.00	6.00	5.92	30.23	103353.73	49825	0	WinnieSzeto	
1306	0:11:38	1/1/2019 	691151	652.00	9.00	14.53	30.23	103353.73	4452	0	WinnieSzeto	
1307	0:11:39	1/1/2019 	691833	967.00	331.00	62.43	30.23	103353.62	49829	1	WinnieSzeto	
1308	0:11:39	1/1/2019 	691900	680.00	11.00	15.27	30.23	103353.62	1859	1	WinnieSzeto	
1309	0:11:40	1/1/2019 	693220	195.00	7.00	9.17	30.24	103352.55	49831	0	WinnieSzeto	
1310	0:11:41	1/1/2019 	694110	202.00	6.00	9.32	30.24	103351.22	49825	0	WinnieSzeto	
1311	0:11:42	1/1/2019 	695220	544.00	7.00	13.08	30.24	103351.44	49823	0	WinnieSzeto	
1312	0:11:43	1/1/2019 	696076	391.00	7.00	11.98	30.24	103350.03	52409	0	WinnieSzeto	
1313	0:11:43	1/1/2019 	696488	194.00	7.00	9.15	30.24	103348.53	1849	0	WinnieSzeto	
1314	0:11:44	1/1/2019 	697434	876.00	84.00	27.04	30.24	103347.70	49826	0	WinnieSzeto	
1315	0:11:44	1/1/2019 	697554	528.00	7.00	12.94	30.24	103347.70	49826	0	WinnieSzeto	
1316	0:11:45	1/1/2019 	697989	960.00	224.00	47.65	30.25	103347.56	1850	1	WinnieSzeto	
1317	0:11:45	1/1/2019 	698106	844.00	68.00	24.58	30.25	103348.45	1851	0	WinnieSzeto	
1318	0:11:45	1/1/2019 	698315	811.00	54.00	22.92	30.25	103348.45	4431	1	WinnieSzeto	
1319	0:11:46	1/1/2019 	698678	894.00	113.00	32.48	30.25	103349.17	49827	1	WinnieSzeto	
1320	0:11:46	1/1/2019 	698968	670.00	10.00	14.92	30.25	103349.17	1851	0	WinnieSzeto	
1321	0:11:46	1/1/2019 	699335	778.00	33.00	20.61	30.25	103349.67	1850	0	WinnieSzeto	
1322	0:11:46	1/1/2019 	699579	950.00	159.00	40.65	30.25	103349.67	49828	0	WinnieSzeto	
1323	0:11:47	1/1/2019 	700025	874.00	91.00	28.24	30.25	103350.56	2641	1	WinnieSzeto	
1324	0:11:49	1/1/2019 	701913	681.00	11.00	15.28	30.26	103350.64	100408	0	WinnieSzeto	
1325	0:11:50	1/1/2019 	703578	978.00	530.00	91.08	30.26	103348.59	97804	0	WinnieSzeto	
1326	0:11:51	1/1/2019 	703869	666.00	10.00	14.90	30.26	103348.59	1852	0	WinnieSzeto	
1327	0:11:52	1/1/2019 	705076	330.00	7.00	11.39	30.27	103347.46	49826	0	WinnieSzeto	
1328	0:11:56	1/1/2019 	708946	324.00	7.00	11.32	30.28	103343.09	193756	0	WinnieSzeto	
1329	0:11:57	1/1/2019 	709787	782.00	37.00	21.11	30.28	103341.81	49829	1	WinnieSzeto	
1330	0:11:57	1/1/2019 	710608	245.00	7.00	10.18	30.29	103341.21	53448	0	WinnieSzeto	
1331	0:12:00	1/1/2019 	713343	653.00	9.00	14.54	30.30	103338.75	97801	0	WinnieSzeto	
1332	0:12:00	1/1/2019 	713651	976.00	411.00	75.95	30.30	103337.75	49825	1	WinnieSzeto	
1333	0:12:01	1/1/2019 	714222	611.00	8.00	13.95	30.30	103337.11	1851	0	WinnieSzeto	
1334	0:12:02	1/1/2019 	715285	394.00	7.00	12.01	30.30	103335.87	49824	0	WinnieSzeto	
1335	0:12:06	1/1/2019 	718863	177.00	7.00	8.74	30.31	103331.58	193756	0	WinnieSzeto	
1336	0:12:06	1/1/2019 	719377	266.00	7.00	10.53	30.32	103331.14	4440	0	WinnieSzeto	
1337	0:12:07	1/1/2019 	719764	365.00	7.00	11.76	30.32	103330.53	49826	0	WinnieSzeto	
1338	0:12:07	1/1/2019 	720568	749.00	22.00	18.62	30.32	103329.06	50617	0	WinnieSzeto	
1339	0:12:08	1/1/2019 	721064	107.00	7.00	6.78	30.32	103329.06	1850	0	WinnieSzeto	
1340	0:12:09	1/1/2019 	722606	644.00	9.00	14.48	30.33	103328.37	97800	1	WinnieSzeto	
1341	0:12:12	1/1/2019 	725073	849.00	73.00	25.27	30.34	103327.52	97805	0	WinnieSzeto	
1342	0:12:13	1/1/2019 	725700	761.00	25.00	19.28	30.34	103327.40	52656	1	WinnieSzeto	
1343	0:12:13	1/1/2019 	726300	416.00	8.00	12.24	30.34	103326.56	1851	0	WinnieSzeto	
1344	0:12:15	1/1/2019 	727947	927.00	147.00	38.80	30.34	103325.16	97800	1	WinnieSzeto	
1345	0:12:15	1/1/2019 	728038	331.00	7.00	11.40	30.34	103325.16	1851	0	WinnieSzeto	
1346	0:12:16	1/1/2019 	728708	256.00	7.00	10.37	30.34	103324.49	49826	0	WinnieSzeto	
1347	0:12:16	1/1/2019 	729349	966.00	233.00	48.51	30.35	103323.38	1851	0	WinnieSzeto	
1348	0:12:16	1/1/2019 	729499	738.00	19.00	17.86	30.35	103323.38	4461	0	WinnieSzeto	
1349	0:12:17	1/1/2019 	729712	148.00	6.00	7.95	30.35	103323.38	49839	1	WinnieSzeto	
1350	0:12:17	1/1/2019 	729843	784.00	35.00	20.88	30.35	103322.78	2640	0	WinnieSzeto	
1351	0:12:17	1/1/2019 	730565	145.00	7.00	7.87	30.35	103321.28	49826	0	WinnieSzeto	
1352	0:12:19	1/1/2019 	731768	98.00	7.00	6.54	30.35	103319.51	49822	1	WinnieSzeto	
1353	0:12:19	1/1/2019 	732414	652.00	9.00	14.53	30.35	103318.91	1850	0	WinnieSzeto	
1354	0:12:19	1/1/2019 	732473	154.00	6.00	8.12	30.35	103318.91	4678	0	WinnieSzeto	
1355	0:12:20	1/1/2019 	732887	103.00	6.00	6.67	30.35	103318.07	49823	0	WinnieSzeto	
1356	0:12:20	1/1/2019 	732914	113.00	7.00	6.95	30.35	103318.07	1848	0	WinnieSzeto	
1357	0:12:21	1/1/2019 	734558	493.00	7.00	12.68	30.36	103315.97	97799	0	WinnieSzeto	
1358	0:12:23	1/1/2019 	736080	62.00	6.00	5.90	30.36	103313.20	49826	0	WinnieSzeto	
1359	0:12:23	1/1/2019 	736154	326.00	6.00	11.30	30.36	103313.20	1849	0	WinnieSzeto	
1360	0:12:24	1/1/2019 	737477	73.00	7.00	6.02	30.36	103311.76	52413	0	WinnieSzeto	
1361	0:12:26	1/1/2019 	739406	325.00	7.00	11.34	30.37	103311.23	97801	0	WinnieSzeto	
1362	0:12:27	1/1/2019 	739726	79.00	6.00	6.11	30.37	103310.90	49827	0	WinnieSzeto	
1363	0:12:27	1/1/2019 	740365	418.00	7.00	12.19	30.37	103310.95	2640	0	WinnieSzeto	
1364	0:12:27	1/1/2019 	740658	143.00	7.00	7.81	30.37	103310.95	49826	0	WinnieSzeto	
1365	0:12:28	1/1/2019 	741224	112.00	6.00	6.92	30.38	103311.02	1849	0	WinnieSzeto	
1366	0:12:29	1/1/2019 	742127	834.00	64.00	24.07	30.38	103310.21	52653	0	WinnieSzeto	
1367	0:12:29	1/1/2019 	742390	970.00	232.00	48.41	30.38	103310.21	1848	1	WinnieSzeto	
1368	0:12:30	1/1/2019 	743115	203.00	6.00	9.34	30.38	103309.41	49826	0	WinnieSzeto	
1369	0:12:30	1/1/2019 	743145	131.00	6.00	7.46	30.38	103309.41	1848	0	WinnieSzeto	
1370	0:12:31	1/1/2019 	743718	480.00	8.00	12.68	30.38	103308.73	49823	0	WinnieSzeto	
1371	0:12:31	1/1/2019 	744595	62.00	6.00	5.90	30.39	103308.02	49824	0	WinnieSzeto	
1372	0:12:32	1/1/2019 	745109	462.00	7.00	12.48	30.39	103308.02	4437	0	WinnieSzeto	
1373	0:12:32	1/1/2019 	745325	626.00	8.00	14.09	30.39	103307.19	1850	0	WinnieSzeto	
1374	0:12:32	1/1/2019 	745447	187.00	6.00	8.97	30.39	103307.19	1846	0	WinnieSzeto	
1375	0:12:33	1/1/2019 	745948	179.00	7.00	8.79	30.39	103306.22	49825	0	WinnieSzeto	
1376	0:12:34	1/1/2019 	747097	610.00	8.00	13.94	30.39	103305.11	49826	0	WinnieSzeto	
1377	0:12:34	1/1/2019 	747595	976.00	387.00	72.30	30.39	103304.28	49823	1	WinnieSzeto	
1378	0:12:35	1/1/2019 	748671	411.00	7.00	12.14	30.39	103302.18	52428	0	WinnieSzeto	
1379	0:12:36	1/1/2019 	748972	765.00	25.00	19.29	30.40	103300.91	1850	0	WinnieSzeto	
1380	0:12:36	1/1/2019 	749606	986.00	657.00	117.82	30.40	103299.63	49829	1	WinnieSzeto	
1381	0:12:37	1/1/2019 	750245	962.00	236.00	48.80	30.40	103298.14	2641	1	WinnieSzeto	
1382	0:12:38	1/1/2019 	751087	168.00	7.00	8.50	30.40	103297.16	49827	0	WinnieSzeto	
1383	0:12:38	1/1/2019 	751396	306.00	7.00	11.10	30.40	103296.55	1849	0	WinnieSzeto	
1384	0:12:38	1/1/2019 	751485	64.00	6.00	5.91	30.40	103296.55	4451	0	WinnieSzeto	
1385	0:12:39	1/1/2019 	751692	135.00	6.00	7.58	30.40	103296.55	49823	0	WinnieSzeto	
1386	0:12:40	1/1/2019 	752678	159.00	7.00	8.26	30.41	103295.09	49826	0	WinnieSzeto	
1387	0:12:40	1/1/2019 	752976	625.00	9.00	14.32	30.41	103294.42	1850	0	WinnieSzeto	
1388	0:12:40	1/1/2019 	753089	211.00	6.00	9.51	30.41	103294.42	1849	1	WinnieSzeto	
1389	0:12:40	1/1/2019 	753626	972.00	381.00	71.31	30.41	103293.48	49824	1	WinnieSzeto	
1390	0:12:42	1/1/2019 	755554	289.00	7.00	10.87	30.41	103288.86	100385	0	WinnieSzeto	
1391	0:12:43	1/1/2019 	755790	744.00	20.00	18.14	30.41	103288.86	1850	1	WinnieSzeto	
1392	0:12:43	1/1/2019 	755937	960.00	165.00	41.49	30.41	103288.86	1850	0	WinnieSzeto	
1393	0:12:43	1/1/2019 	756408	202.00	6.00	9.32	30.41	103287.42	1849	0	WinnieSzeto	
1394	0:12:44	1/1/2019 	757283	973.00	577.00	99.82	30.42	103284.81	49826	1	WinnieSzeto	
1395	0:12:45	1/1/2019 	758279	263.00	7.00	10.49	30.42	103281.55	49828	0	WinnieSzeto	
1396	0:12:45	1/1/2019 	758315	959.00	169.00	42.02	30.42	103281.55	4432	0	WinnieSzeto	
1397	0:12:47	1/1/2019 	759753	254.00	6.00	10.31	30.42	103278.22	97805	0	WinnieSzeto	
1398	0:12:47	1/1/2019 	760057	967.00	246.00	49.82	30.42	103277.28	2644	1	WinnieSzeto	
1399	0:12:47	1/1/2019 	760084	956.00	163.00	41.22	30.42	103277.28	1849	0	WinnieSzeto	
1400	0:12:47	1/1/2019 	760236	404.00	6.00	12.01	30.42	103277.28	1850	0	WinnieSzeto	
1401	0:12:47	1/1/2019 	760411	352.00	8.00	11.68	30.42	103277.28	1848	0	WinnieSzeto	
1402	0:12:48	1/1/2019 	760790	909.00	126.00	35.04	30.42	103275.78	52435	1	WinnieSzeto	
1403	0:12:48	1/1/2019 	761013	607.00	7.00	13.69	30.42	103274.98	1851	0	WinnieSzeto	
1404	0:12:48	1/1/2019 	761629	65.00	6.00	5.92	30.42	103273.16	49826	0	WinnieSzeto	
1405	0:12:49	1/1/2019 	761798	952.00	168.00	41.89	30.42	103273.16	1849	1	WinnieSzeto	
1406	0:12:49	1/1/2019 	762394	74.00	6.00	6.03	30.43	103272.05	1850	0	WinnieSzeto	
1407	0:12:51	1/1/2019 	764178	965.00	300.00	57.06	30.43	103267.95	97802	0	WinnieSzeto	
1408	0:12:53	1/1/2019 	766040	733.00	21.00	18.33	30.43	103262.85	100406	0	WinnieSzeto	
1409	0:12:53	1/1/2019 	766222	745.00	20.00	18.14	30.43	103262.85	1852	0	WinnieSzeto	
1410	0:12:54	1/1/2019 	766944	86.00	6.00	6.25	30.43	103261.36	49825	0	WinnieSzeto	
1411	0:12:55	1/1/2019 	768054	186.00	7.00	8.96	30.43	103259.22	49826	0	WinnieSzeto	
1412	0:12:59	1/1/2019 	771864	987.00	812.00	145.09	30.44	103253.32	193760	0	WinnieSzeto	
1413	0:12:59	1/1/2019 	772558	713.00	14.00	16.34	30.44	103251.71	50623	0	WinnieSzeto	
1414	0:13:00	1/1/2019 	772735	163.00	6.00	8.36	30.44	103251.71	4459	0	WinnieSzeto	
1415	0:13:00	1/1/2019 	772778	548.00	7.00	13.12	30.44	103251.71	1850	0	WinnieSzeto	
1416	0:13:00	1/1/2019 	773585	617.00	6.00	13.52	30.44	103250.61	49826	1	WinnieSzeto	
1417	0:13:01	1/1/2019 	773686	868.00	85.00	27.18	30.44	103250.61	1849	0	WinnieSzeto	
1418	0:13:01	1/1/2019 	774077	928.00	144.00	38.31	30.44	103250.61	1850	1	WinnieSzeto	
1419	0:13:01	1/1/2019 	774260	909.00	118.00	33.51	30.44	103249.77	1849	1	WinnieSzeto	
1420	0:13:04	1/1/2019 	776916	897.00	114.00	32.69	30.45	103247.53	148361	1	WinnieSzeto	
1421	0:13:04	1/1/2019 	777165	747.00	23.00	18.83	30.45	103247.53	1852	0	WinnieSzeto	
1422	0:13:05	1/1/2019 	778223	134.00	7.00	7.55	30.45	103246.76	49825	0	WinnieSzeto	
1423	0:13:05	1/1/2019 	778404	86.00	6.00	6.25	30.45	103246.76	1850	0	WinnieSzeto	
1424	0:13:05	1/1/2019 	778625	579.00	7.00	13.43	30.45	103246.59	49823	0	WinnieSzeto	
1425	0:13:06	1/1/2019 	779497	219.00	7.00	9.69	30.45	103246.31	1849	0	WinnieSzeto	
1426	0:13:07	1/1/2019 	780239	81.00	6.00	6.15	30.45	103244.98	52559	0	WinnieSzeto	
1427	0:13:08	1/1/2019 	781263	152.00	6.00	8.06	30.46	103244.52	50618	0	WinnieSzeto	
1428	0:13:08	1/1/2019 	781294	894.00	103.00	30.54	30.46	103244.52	1849	1	WinnieSzeto	
1429	0:13:09	1/1/2019 	781754	233.00	6.00	9.95	30.46	103244.52	49824	0	WinnieSzeto	
1430	0:13:09	1/1/2019 	781962	964.00	174.00	42.64	30.46	103244.18	1848	0	WinnieSzeto	
1431	0:13:09	1/1/2019 	782110	62.00	6.00	5.90	30.46	103244.18	1849	0	WinnieSzeto	
1432	0:13:09	1/1/2019 	782459	677.00	11.00	15.26	30.46	103244.34	4450	0	WinnieSzeto	
1433	0:13:10	1/1/2019 	782874	115.00	6.00	7.00	30.46	103244.07	49824	0	WinnieSzeto	
1434	0:13:10	1/1/2019 	782989	77.00	6.00	6.08	30.46	103244.07	1848	0	WinnieSzeto	
1435	0:13:11	1/1/2019 	784116	439.00	7.00	12.33	30.46	103243.27	49822	0	WinnieSzeto	
1436	0:13:11	1/1/2019 	784659	69.00	6.00	5.96	30.46	103242.44	49826	0	WinnieSzeto	
1437	0:13:12	1/1/2019 	785139	444.00	7.00	12.36	30.46	103241.94	1848	0	WinnieSzeto	
1438	0:13:12	1/1/2019 	785228	616.00	8.00	14.00	30.46	103241.94	4679	0	WinnieSzeto	
1439	0:13:13	1/1/2019 	785774	541.00	7.00	13.06	30.46	103241.10	49825	0	WinnieSzeto	
1440	0:13:13	1/1/2019 	786134	994.00	922.00	191.32	30.46	103241.10	1851	0	WinnieSzeto	
1441	0:13:16	1/1/2019 	789496	595.00	8.00	13.78	30.47	103236.59	145778	0	WinnieSzeto	
1442	0:13:16	1/1/2019 	789589	317.00	7.00	11.24	30.47	103236.59	49825	0	WinnieSzeto	
1443	0:13:17	1/1/2019 	789982	82.00	7.00	6.17	30.47	103236.26	2639	0	WinnieSzeto	
1444	0:13:17	1/1/2019 	790015	952.00	158.00	40.51	30.47	103236.26	4451	0	WinnieSzeto	
1445	0:13:17	1/1/2019 	790355	654.00	9.00	14.54	30.47	103236.26	1849	0	WinnieSzeto	
1446	0:13:18	1/1/2019 	790936	71.00	6.00	5.99	30.47	103235.59	49824	0	WinnieSzeto	
1447	0:13:20	1/1/2019 	793579	82.00	6.00	6.17	30.47	103231.88	145779	0	WinnieSzeto	
1448	0:13:21	1/1/2019 	794173	82.00	7.00	6.17	30.47	103230.72	1854	0	WinnieSzeto	
1449	0:13:21	1/1/2019 	794418	801.00	42.00	21.70	30.47	103230.05	1851	1	WinnieSzeto	
1450	0:13:22	1/1/2019 	794929	620.00	7.00	13.79	30.48	103229.61	52631	0	WinnieSzeto	
1451	0:13:22	1/1/2019 	795494	460.00	7.00	12.46	30.48	103229.28	1849	0	WinnieSzeto	
1452	0:13:24	1/1/2019 	796846	742.00	20.00	18.13	30.48	103228.31	97802	0	WinnieSzeto	
1453	0:13:25	1/1/2019 	797866	204.00	6.00	9.36	30.48	103226.65	49827	0	WinnieSzeto	
1454	0:13:25	1/1/2019 	798492	369.00	7.00	11.79	30.48	103226.53	1848	0	WinnieSzeto	
1455	0:13:26	1/1/2019 	798822	170.00	6.00	8.55	30.48	103226.53	49825	0	WinnieSzeto	
1456	0:13:26	1/1/2019 	799009	116.00	6.00	7.03	30.48	103226.53	4437	0	WinnieSzeto	
1457	0:13:26	1/1/2019 	799230	904.00	113.00	32.52	30.48	103226.53	1848	1	WinnieSzeto	
1458	0:13:27	1/1/2019 	799697	702.00	13.00	15.99	30.48	103226.20	49828	0	WinnieSzeto	
1459	0:13:27	1/1/2019 	799941	88.00	7.00	6.30	30.48	103225.54	2641	0	WinnieSzeto	
1460	0:13:28	1/1/2019 	801012	853.00	78.00	26.01	30.48	103226.26	49827	0	WinnieSzeto	
1461	0:13:28	1/1/2019 	801116	69.00	6.00	5.96	30.48	103226.26	1850	0	WinnieSzeto	
1462	0:13:29	1/1/2019 	801993	952.00	169.00	42.02	30.49	103228.31	52579	0	WinnieSzeto	
1463	0:13:30	1/1/2019 	802886	65.00	6.00	5.92	30.49	103228.48	49829	0	WinnieSzeto	
1464	0:13:30	1/1/2019 	803171	932.00	147.00	38.80	30.49	103228.48	1849	1	WinnieSzeto	
1465	0:13:31	1/1/2019 	803692	103.00	7.00	6.67	30.49	103228.14	49825	0	WinnieSzeto	
1466	0:13:31	1/1/2019 	803910	696.00	13.00	15.97	30.49	103228.14	1850	0	WinnieSzeto	
1467	0:13:31	1/1/2019 	804398	131.00	7.00	7.47	30.49	103228.36	1849	0	WinnieSzeto	
1468	0:13:31	1/1/2019 	804404	664.00	10.00	14.89	30.49	103228.36	4459	0	WinnieSzeto	
1469	0:13:32	1/1/2019 	805259	967.00	318.00	60.11	30.49	103229.03	49826	1	WinnieSzeto	
1470	0:13:32	1/1/2019 	805601	298.00	7.00	11.00	30.49	103229.20	49828	0	WinnieSzeto	
1471	0:13:33	1/1/2019 	806476	784.00	32.00	20.49	30.49	103228.70	1850	0	WinnieSzeto	
1472	0:13:35	1/1/2019 	807705	103.00	6.00	6.67	30.49	103229.75	97802	0	WinnieSzeto	
1473	0:13:35	1/1/2019 	808241	123.00	6.00	7.23	30.49	103229.97	1849	0	WinnieSzeto	
1474	0:13:36	1/1/2019 	809094	88.00	6.00	6.30	30.49	103229.80	52407	0	WinnieSzeto	
1475	0:13:37	1/1/2019 	809757	968.00	318.00	60.11	30.50	103227.53	49827	1	WinnieSzeto	
1476	0:13:37	1/1/2019 	809991	154.00	7.00	8.12	30.50	103227.53	2643	0	WinnieSzeto	
1477	0:13:37	1/1/2019 	810064	250.00	6.00	10.25	30.50	103227.53	1849	0	WinnieSzeto	
1478	0:13:38	1/1/2019 	810910	96.00	6.00	6.49	30.50	103226.06	49825	0	WinnieSzeto	
1479	0:13:38	1/1/2019 	811228	155.00	7.00	8.15	30.50	103226.06	1849	0	WinnieSzeto	
1480	0:13:38	1/1/2019 	811233	516.00	7.00	12.85	30.50	103226.06	4452	0	WinnieSzeto	
1481	0:13:39	1/1/2019 	811955	971.00	456.00	81.66	30.50	103225.73	49825	1	WinnieSzeto	
1482	0:13:39	1/1/2019 	812020	61.00	7.00	5.89	30.50	103225.73	1851	0	WinnieSzeto	
1483	0:13:39	1/1/2019 	812141	163.00	6.00	8.36	30.50	103225.73	1849	0	WinnieSzeto	
1484	0:13:39	1/1/2019 	812150	954.00	164.00	41.35	30.50	103225.73	1848	1	WinnieSzeto	
1485	0:13:39	1/1/2019 	812561	961.00	176.00	42.88	30.50	103226.12	49828	1	WinnieSzeto	
1486	0:13:40	1/1/2019 	813399	638.00	9.00	14.44	30.50	103225.29	4433	0	WinnieSzeto	
1487	0:13:40	1/1/2019 	813666	271.00	7.00	10.61	30.50	103224.84	49827	0	WinnieSzeto	
1488	0:13:41	1/1/2019 	814620	514.00	7.00	12.83	30.51	103223.57	49826	0	WinnieSzeto	
1489	0:13:42	1/1/2019 	815134	178.00	6.00	8.75	30.51	103222.80	1850	0	WinnieSzeto	
1490	0:13:43	1/1/2019 	815830	378.00	7.00	11.87	30.51	103221.47	49827	0	WinnieSzeto	
1491	0:13:43	1/1/2019 	816138	560.00	7.00	13.24	30.51	103221.47	1850	0	WinnieSzeto	
1492	0:13:44	1/1/2019 	816850	865.00	87.00	27.51	30.51	103219.83	52408	0	WinnieSzeto	
1493	0:13:44	1/1/2019 	817055	415.00	7.00	12.17	30.51	103219.83	1850	0	WinnieSzeto	
1494	0:13:46	1/1/2019 	818708	151.00	7.00	8.04	30.51	103216.70	97804	0	WinnieSzeto	
1495	0:13:46	1/1/2019 	819215	938.00	155.00	40.06	30.51	103215.87	1850	1	WinnieSzeto	
1496	0:13:47	1/1/2019 	819940	283.00	7.00	10.79	30.52	103215.26	49828	0	WinnieSzeto	
1497	0:13:47	1/1/2019 	820127	98.00	6.00	6.54	30.52	103214.43	2644	0	WinnieSzeto	
1498	0:13:47	1/1/2019 	820279	100.00	6.00	6.59	30.52	103214.43	4479	0	WinnieSzeto	
1499	0:13:48	1/1/2019 	820889	404.00	7.00	12.09	30.52	103213.48	49824	0	WinnieSzeto	
1500	0:13:49	1/1/2019 	821734	92.00	7.00	6.39	30.52	103211.33	49827	0	WinnieSzeto	
1501	0:13:49	1/1/2019 	822066	660.00	10.00	14.87	30.52	103211.33	1849	0	WinnieSzeto	
1502	0:13:50	1/1/2019 	822772	109.00	6.00	6.83	30.52	103209.85	49825	0	WinnieSzeto	
1503	0:13:50	1/1/2019 	822987	506.00	7.00	12.77	30.52	103209.85	1849	0	WinnieSzeto	
1504	0:13:50	1/1/2019 	823131	970.00	234.00	48.60	30.52	103209.85	4430	1	WinnieSzeto	
1505	0:13:50	1/1/2019 	823380	106.00	6.00	6.75	30.52	103208.69	1850	1	WinnieSzeto	
1506	0:13:52	1/1/2019 	824916	444.00	7.00	12.36	30.52	103207.42	97804	0	WinnieSzeto	
1507	0:13:52	1/1/2019 	825652	238.00	7.00	10.06	30.53	103205.81	49829	0	WinnieSzeto	
1508	0:13:54	1/1/2019 	826777	814.00	64.00	24.02	30.53	103204.70	49827	0	WinnieSzeto	
1509	0:13:54	1/1/2019 	827054	82.00	6.00	6.17	30.53	103204.70	1849	0	WinnieSzeto	
1510	0:13:54	1/1/2019 	827381	660.00	9.00	14.57	30.53	103204.04	4580	0	WinnieSzeto	
1511	0:13:54	1/1/2019 	827578	989.00	753.00	134.75	30.53	103204.04	49827	1	WinnieSzeto	
1512	0:13:55	1/1/2019 	827864	914.00	131.00	35.99	30.53	103203.04	1850	1	WinnieSzeto	
1513	0:13:55	1/1/2019 	828084	691.00	12.00	15.64	30.53	103203.04	1852	0	WinnieSzeto	
1514	0:13:56	1/1/2019 	828994	928.00	147.00	38.80	30.53	103202.93	49827	1	WinnieSzeto	
1515	0:13:56	1/1/2019 	829657	958.00	172.00	42.40	30.53	103202.43	49828	0	WinnieSzeto	
1516	0:13:59	1/1/2019 	831867	150.00	7.00	8.01	30.53	103200.62	101215	0	WinnieSzeto	
1517	0:13:59	1/1/2019 	831880	165.00	7.00	8.42	30.53	103200.62	1856	0	WinnieSzeto	
1518	0:14:00	1/1/2019 	833145	456.00	7.00	12.44	30.54	103200.69	49831	0	WinnieSzeto	
1519	0:14:01	1/1/2019 	833811	898.00	110.00	31.92	30.54	103199.74	49828	0	WinnieSzeto	
1520	0:14:03	1/1/2019 	835995	720.00	16.00	16.98	30.54	103196.14	97804	0	WinnieSzeto	
1521	0:14:03	1/1/2019 	836044	635.00	8.00	14.15	30.54	103196.14	1849	0	WinnieSzeto	
1522	0:14:03	1/1/2019 	836304	185.00	6.00	8.93	30.54	103196.14	4579	0	WinnieSzeto	
1523	0:14:06	1/1/2019 	839558	926.00	143.00	38.14	30.55	103190.05	193753	0	WinnieSzeto	
1524	0:14:07	1/1/2019 	840036	468.00	7.00	12.51	30.55	103189.61	2641	0	WinnieSzeto	
1525	0:14:07	1/1/2019 	840389	966.00	198.00	45.23	30.55	103188.44	1849	1	WinnieSzeto	
1526	0:14:09	1/1/2019 	841730	476.00	7.00	12.57	30.55	103186.66	97800	0	WinnieSzeto	
1527	0:14:09	1/1/2019 	841823	967.00	224.00	47.65	30.55	103186.66	4473	0	WinnieSzeto	
1528	0:14:09	1/1/2019 	841958	169.00	6.00	8.52	30.55	103185.84	1850	0	WinnieSzeto	
1529	0:14:09	1/1/2019 	842107	352.00	6.00	11.58	30.55	103185.84	1848	0	WinnieSzeto	
1530	0:14:09	1/1/2019 	842328	920.00	136.00	36.91	30.55	103185.84	1848	0	WinnieSzeto	
1531	0:14:10	1/1/2019 	842977	84.00	6.00	6.21	30.55	103185.17	49824	0	WinnieSzeto	
1532	0:14:12	1/1/2019 	844911	61.00	6.00	5.89	30.55	103181.90	97803	0	WinnieSzeto	
1533	0:14:13	1/1/2019 	845917	457.00	7.00	12.44	30.56	103181.43	52559	1	WinnieSzeto	
1534	0:14:14	1/1/2019 	846753	390.00	7.00	11.98	30.56	103180.59	49826	0	WinnieSzeto	
1535	0:14:14	1/1/2019 	847056	382.00	7.00	11.91	30.56	103180.27	1850	0	WinnieSzeto	
1536	0:14:15	1/1/2019 	848583	894.00	109.00	31.71	30.56	103183.03	97803	0	WinnieSzeto	
1537	0:14:16	1/1/2019 	848754	788.00	32.00	20.50	30.56	103183.03	1851	1	WinnieSzeto	
1538	0:14:16	1/1/2019 	849672	901.00	110.00	31.93	30.56	103183.70	49827	1	WinnieSzeto	
1539	0:14:18	1/1/2019 	851457	206.00	6.00	9.41	30.57	103186.94	53220	0	WinnieSzeto	
1540	0:14:19	1/1/2019 	851869	116.00	6.00	7.03	30.57	103188.27	49824	0	WinnieSzeto	
1541	0:14:22	1/1/2019 	855561	749.00	23.00	18.84	30.57	103194.67	193756	1	WinnieSzeto	
1542	0:14:22	1/1/2019 	855589	291.00	7.00	10.90	30.57	103194.17	1851	0	WinnieSzeto	
1543	0:14:23	1/1/2019 	856119	756.00	25.00	19.27	30.57	103193.67	1850	0	WinnieSzeto	
1544	0:14:23	1/1/2019 	856254	135.00	6.00	7.58	30.57	103193.67	1850	0	WinnieSzeto	
1545	0:14:24	1/1/2019 	856844	129.00	7.00	7.41	30.57	103193.01	52453	0	WinnieSzeto	
1546	0:14:25	1/1/2019 	857926	831.00	68.00	24.55	30.57	103191.41	49825	1	WinnieSzeto	
1547	0:14:27	1/1/2019 	859762	822.00	58.00	23.36	30.57	103188.41	97807	0	WinnieSzeto	
1548	0:14:27	1/1/2019 	860628	959.00	177.00	43.00	30.58	103187.44	50615	1	WinnieSzeto	
1549	0:14:30	1/1/2019 	863614	735.00	19.00	17.85	30.58	103183.84	145780	1	WinnieSzeto	
1550	0:14:31	1/1/2019 	864605	595.00	8.00	13.78	30.58	103180.68	49826	0	WinnieSzeto	
1551	0:14:35	1/1/2019 	867790	579.00	7.00	13.43	30.58	103176.08	148381	0	WinnieSzeto	
1552	0:14:43	1/1/2019 	875898	905.00	121.00	34.08	30.59	103164.47	385668	1	WinnieSzeto	
1553	0:14:44	1/1/2019 	877178	784.00	32.00	20.49	30.59	103163.30	50614	1	WinnieSzeto	
1554	0:14:45	1/1/2019 	878293	827.00	61.00	23.70	30.59	103162.86	49824	1	WinnieSzeto	
1555	0:14:46	1/1/2019 	879599	820.00	69.00	24.65	30.60	103161.26	97803	1	WinnieSzeto	
1556	0:14:47	1/1/2019 	880398	115.00	6.00	7.00	30.60	103159.92	2641	0	WinnieSzeto	
1557	0:14:50	1/1/2019 	883591	942.00	156.00	40.21	30.60	103160.81	196363	1	WinnieSzeto	
1558	0:14:56	1/1/2019 	888752	657.00	10.00	14.85	30.61	103170.78	241729	1	WinnieSzeto	
1559	0:14:56	1/1/2019 	888880	976.00	357.00	67.14	30.61	103170.78	1851	1	WinnieSzeto	
1560	0:14:57	1/1/2019 	890278	890.00	102.00	30.34	30.61	103169.31	49826	1	WinnieSzeto	
1561	0:15:00	1/1/2019 	892829	971.00	316.00	59.76	30.62	103162.94	146567	0	WinnieSzeto	
1562	0:15:00	1/1/2019 	893604	875.00	88.00	27.71	30.62	103161.28	49828	1	WinnieSzeto	
1563	0:15:02	1/1/2019 	894810	959.00	192.00	44.64	30.62	103158.34	52450	1	WinnieSzeto	
1564	0:15:03	1/1/2019 	896317	958.00	187.00	44.12	30.62	103154.21	49827	1	WinnieSzeto	
1565	0:15:04	1/1/2019 	897335	740.00	21.00	18.36	30.62	103151.58	49826	0	WinnieSzeto	
1566	0:15:04	1/1/2019 	897604	974.00	418.00	76.93	30.62	103151.58	49826	1	WinnieSzeto	
1567	0:15:06	1/1/2019 	898852	181.00	6.00	8.83	30.62	103148.92	49826	1	WinnieSzeto	
1568	0:15:07	1/1/2019 	899681	871.00	90.00	28.05	30.63	103148.14	49828	0	WinnieSzeto	
1569	0:15:10	1/1/2019 	903328	962.00	205.00	45.90	30.63	103147.86	149322	0	WinnieSzeto	
1570	0:15:12	1/1/2019 	905581	662.00	10.00	14.88	30.63	103148.20	145781	1	WinnieSzeto	
1571	0:15:15	1/1/2019 	908145	968.00	286.00	54.88	30.63	103149.03	97803	1	WinnieSzeto	
1572	0:15:16	1/1/2019 	909208	731.00	18.00	17.58	30.63	103149.20	49826	0	WinnieSzeto	
1573	0:15:18	1/1/2019 	911014	771.00	28.00	19.85	30.63	103149.20	97802	1	WinnieSzeto	
1574	0:15:20	1/1/2019 	913281	114.00	6.00	6.97	30.63	103149.03	98587	0	WinnieSzeto	
1575	0:15:24	1/1/2019 	917162	80.00	6.00	6.13	30.63	103148.64	196353	0	WinnieSzeto	
1576	0:15:25	1/1/2019 	918306	63.00	6.00	5.91	30.63	103148.47	49823	0	WinnieSzeto	
1577	0:15:25	1/1/2019 	918549	818.00	63.00	23.91	30.63	103148.64	49823	1	WinnieSzeto	
1578	0:15:27	1/1/2019 	920330	84.00	6.00	6.21	30.62	103147.92	49826	0	WinnieSzeto	
1579	0:15:31	1/1/2019 	924393	147.00	6.00	7.92	30.62	103146.73	194541	1	WinnieSzeto	
1580	0:15:33	1/1/2019 	926668	972.00	425.00	77.87	30.62	103146.04	145777	1	WinnieSzeto	
1581	0:15:34	1/1/2019 	927458	951.00	166.00	41.62	30.62	103145.88	4485	1	WinnieSzeto	
1582	0:15:41	1/1/2019 	933946	973.00	440.00	79.76	30.61	103142.94	337688	1	WinnieSzeto	
1583	0:15:42	1/1/2019 	935415	929.00	150.00	39.28	30.61	103142.77	50614	1	WinnieSzeto	
1584	0:15:43	1/1/2019 	936136	952.00	169.00	42.02	30.61	103142.61	49827	1	WinnieSzeto	
1585	0:15:45	1/1/2019 	938241	708.00	14.00	16.33	30.61	103141.22	97803	1	WinnieSzeto	
1586	0:15:46	1/1/2019 	938879	824.00	65.00	24.16	30.61	103141.05	49829	1	WinnieSzeto	
1587	0:15:46	1/1/2019 	939024	919.00	131.00	36.00	30.61	103141.05	4452	1	WinnieSzeto	
1588	0:15:52	1/1/2019 	945555	837.00	68.00	24.57	30.61	103138.53	337683	1	WinnieSzeto	
1589	0:15:54	1/1/2019 	947247	904.00	120.00	33.88	30.61	103137.87	50615	1	WinnieSzeto	
1590	0:15:57	1/1/2019 	950651	644.00	8.00	14.20	30.61	103137.20	193761	1	WinnieSzeto	
1591	0:15:59	1/1/2019 	951828	98.00	6.00	6.54	30.61	103136.88	50619	0	WinnieSzeto	
1592	0:16:00	1/1/2019 	953422	825.00	60.00	23.58	30.61	103136.54	52441	1	WinnieSzeto	
1593	0:16:03	1/1/2019 	955884	853.00	79.00	26.17	30.61	103136.05	145781	1	WinnieSzeto	
1594	0:16:04	1/1/2019 	957180	952.00	161.00	40.94	30.61	103135.70	49825	0	WinnieSzeto	
1595	0:16:07	1/1/2019 	960387	917.00	129.00	35.63	30.61	103134.71	145779	0	WinnieSzeto	
1596	0:16:10	1/1/2019 	963171	918.00	140.00	37.61	30.61	103133.66	146564	1	WinnieSzeto	
1597	0:16:15	1/1/2019 	968125	863.00	88.00	27.67	30.61	103132.49	241730	1	WinnieSzeto	
1598	0:16:19	1/1/2019 	972185	912.00	127.00	35.24	30.61	103145.52	196358	1	WinnieSzeto	
1599	0:16:27	1/1/2019 	980434	957.00	171.00	42.27	30.59	102791.08	386440	0	WinnieSzeto	
1600	0:16:29	1/1/2019 	981744	913.00	127.00	35.24	30.58	102723.13	98593	1	WinnieSzeto	
1601	0:16:37	1/1/2019 	989861	116.00	6.00	7.03	30.54	102237.69	385661	0	WinnieSzeto	
1602	0:16:37	1/1/2019 	990029	639.00	9.00	14.45	30.54	102237.69	2636	0	WinnieSzeto	
1603	0:16:43	1/1/2019 	996255	966.00	318.00	60.11	30.51	101925.44	289710	1	WinnieSzeto	
1604	0:16:46	1/1/2019 	999264	794.00	36.00	21.03	30.49	101819.78	148634	1	WinnieSzeto	
1605	0:16:47	1/1/2019 	999724	326.00	7.00	11.35	30.49	101800.62	49832	0	WinnieSzeto	
1606	0:16:48	1/1/2019 	1000983	888.00	102.00	30.33	30.48	101745.77	50619	1	WinnieSzeto	
1607	0:16:52	1/1/2019 	1005417	858.00	78.00	26.03	30.44	101612.36	193760	1	WinnieSzeto	
1608	0:16:55	1/1/2019 	1007891	64.00	6.00	5.91	30.42	101557.79	145778	0	WinnieSzeto	
1609	0:16:59	1/1/2019 	1012007	953.00	168.00	41.89	30.38	101444.45	193753	1	WinnieSzeto	
1610	0:17:00	1/1/2019 	1013042	138.00	7.00	7.67	30.38	101416.28	53217	0	WinnieSzeto	
1611	0:17:01	1/1/2019 	1013985	835.00	72.00	25.10	30.37	101402.78	49826	1	WinnieSzeto	
1612	0:17:03	1/1/2019 	1015958	939.00	157.00	40.36	30.36	101353.53	97802	1	WinnieSzeto	
1613	0:17:03	1/1/2019 	1016253	898.00	110.00	31.92	30.36	101353.53	1852	1	WinnieSzeto	
1614	0:17:10	1/1/2019 	1023121	924.00	144.00	38.30	30.32	101208.62	337682	0	WinnieSzeto	
1615	0:17:11	1/1/2019 	1023923	236.00	6.00	10.00	30.32	101197.62	50621	0	WinnieSzeto	
1616	0:17:12	1/1/2019 	1024942	800.00	41.00	21.60	30.31	101176.94	52586	1	WinnieSzeto	
1617	0:17:18	1/1/2019 	1031311	159.00	7.00	8.26	30.27	101070.11	289704	0	WinnieSzeto	
1618	0:17:22	1/1/2019 	1035324	101.00	6.00	6.62	30.25	101014.86	194535	0	WinnieSzeto	
1619	0:17:23	1/1/2019 	1036199	586.00	7.00	13.50	30.25	101000.61	49824	0	WinnieSzeto	
1620	0:17:23	1/1/2019 	1036206	914.00	129.00	35.62	30.25	101000.61	1850	1	WinnieSzeto	
1621	0:17:24	1/1/2019 	1037613	136.00	6.00	7.61	30.23	100980.98	97799	1	WinnieSzeto	
1622	0:17:27	1/1/2019 	1040094	646.00	9.00	14.50	30.21	100954.94	100404	0	WinnieSzeto	
1623	0:17:28	1/1/2019 	1040856	97.00	7.00	6.51	30.21	100948.73	50617	0	WinnieSzeto	
1624	0:17:31	1/1/2019 	1043710	689.00	12.00	15.63	30.18	100904.75	145777	1	WinnieSzeto	
1625	0:17:32	1/1/2019 	1045042	732.00	19.00	17.84	30.17	100893.16	49827	0	WinnieSzeto	
1626	0:17:34	1/1/2019 	1046896	666.00	10.00	14.90	30.15	100877.86	97804	0	WinnieSzeto	
1627	0:17:36	1/1/2019 	1048968	508.00	7.00	12.79	30.14	100860.48	100414	0	WinnieSzeto	
1628	0:17:41	1/1/2019 	1054213	73.00	6.00	6.02	30.10	100824.38	241736	0	WinnieSzeto	
1629	0:17:42	1/1/2019 	1054738	973.00	381.00	71.31	30.09	100819.13	50618	0	WinnieSzeto	
1630	0:17:42	1/1/2019 	1055255	965.00	181.00	43.46	30.09	100814.26	1851	0	WinnieSzeto	
1631	0:17:42	1/1/2019 	1055479	598.00	7.00	13.61	30.09	100814.26	1850	0	WinnieSzeto	
1632	0:17:43	1/1/2019 	1056310	134.00	6.00	7.55	30.08	100804.83	49826	0	WinnieSzeto	
1633	0:17:44	1/1/2019 	1057151	142.00	7.00	7.78	30.07	100800.76	52429	0	WinnieSzeto	
1634	0:17:45	1/1/2019 	1058058	95.00	6.00	6.46	30.06	100792.84	49825	0	WinnieSzeto	
1635	0:17:46	1/1/2019 	1058843	734.00	19.00	17.85	30.06	100788.27	49826	0	WinnieSzeto	
1636	0:17:47	1/1/2019 	1060213	150.00	7.00	8.01	30.04	100773.77	49828	0	WinnieSzeto	
1637	0:17:48	1/1/2019 	1061556	107.00	7.00	6.78	30.02	100763.66	98589	0	WinnieSzeto	
1638	0:17:55	1/1/2019 	1067747	349.00	7.00	11.60	29.92	100687.14	289703	0	WinnieSzeto	
1639	0:17:56	1/1/2019 	1069247	224.00	7.00	9.79	29.91	100675.23	52582	0	WinnieSzeto	
1640	0:17:56	1/1/2019 	1069284	799.00	42.00	21.70	29.91	100675.23	1849	1	WinnieSzeto	
1641	0:18:06	1/1/2019 	1078880	776.00	29.00	20.03	29.84	100597.27	481617	1	WinnieSzeto	
1642	0:18:07	1/1/2019 	1080207	517.00	7.00	12.85	29.83	100587.24	50617	0	WinnieSzeto	
1643	0:18:10	1/1/2019 	1082939	113.00	6.00	6.94	29.81	100562.56	146569	0	WinnieSzeto	
1644	0:18:10	1/1/2019 	1083230	598.00	8.00	13.81	29.81	100556.37	1849	0	WinnieSzeto	
1645	0:18:10	1/1/2019 	1083457	858.00	79.00	26.18	29.81	100556.37	4451	0	WinnieSzeto	
1646	0:18:11	1/1/2019 	1084428	424.00	7.00	12.23	29.80	100544.84	49826	0	WinnieSzeto	
1647	0:18:20	1/1/2019 	1093038	829.00	66.00	24.30	29.74	100489.55	433639	1	WinnieSzeto	
1648	0:18:20	1/1/2019 	1093195	925.00	134.00	36.56	29.74	100489.55	2639	1	WinnieSzeto	
1649	0:18:20	1/1/2019 	1093653	414.00	7.00	12.16	29.74	100483.03	49825	0	WinnieSzeto	
1650	0:18:21	1/1/2019 	1093738	908.00	119.00	33.70	29.74	100483.03	1849	1	WinnieSzeto	
1651	0:18:25	1/1/2019 	1098376	332.00	7.00	11.42	29.70	100443.42	196510	0	WinnieSzeto	
1652	0:18:29	1/1/2019 	1102330	95.00	6.00	6.46	29.68	100420.78	193754	0	WinnieSzeto	
1653	0:18:29	1/1/2019 	1102426	570.00	8.00	13.49	29.68	100420.78	2635	1	WinnieSzeto	
1654	0:18:33	1/1/2019 	1106270	969.00	381.00	71.31	29.66	100406.56	193752	1	WinnieSzeto	
1655	0:18:41	1/1/2019 	1114148	118.00	7.00	7.09	29.59	100367.16	385660	0	WinnieSzeto	
1656	0:18:41	1/1/2019 	1114254	216.00	7.00	9.63	29.59	100364.62	2640	0	WinnieSzeto	
1657	0:18:46	1/1/2019 	1119253	979.00	639.00	113.92	29.56	100340.57	244362	0	WinnieSzeto	
1658	0:18:48	1/1/2019 	1120774	802.00	50.00	22.50	29.55	100330.05	97806	0	WinnieSzeto	
1659	0:18:51	1/1/2019 	1123967	288.00	7.00	10.86	29.52	100310.77	146566	0	WinnieSzeto	
1660	0:18:52	1/1/2019 	1125351	247.00	8.00	10.24	29.50	100306.00	49828	0	WinnieSzeto	
1661	0:18:54	1/1/2019 	1126950	86.00	6.00	6.25	29.49	100302.06	97800	1	WinnieSzeto	
1662	0:18:56	1/1/2019 	1128821	760.00	26.00	19.47	29.47	100296.25	97803	1	WinnieSzeto	
1663	0:18:56	1/1/2019 	1129390	685.00	11.00	15.29	29.46	100295.34	17823	0	WinnieSzeto	
1664	0:18:58	1/1/2019 	1131651	669.00	10.00	14.91	29.43	100289.09	145778	1	WinnieSzeto	
1665	0:19:00	1/1/2019 	1133435	146.00	7.00	7.90	29.41	100282.58	50613	0	WinnieSzeto	
1666	0:19:03	1/1/2019 	1135742	746.00	21.00	18.38	29.39	100274.88	145780	1	WinnieSzeto	
1667	0:19:03	1/1/2019 	1136347	106.00	7.00	6.75	29.39	100272.02	1856	0	WinnieSzeto	
1668	0:19:04	1/1/2019 	1136771	827.00	69.00	24.67	29.38	100268.63	49827	1	WinnieSzeto	
1669	0:19:04	1/1/2019 	1137645	824.00	63.00	23.92	29.38	100264.64	52610	1	WinnieSzeto	
1670	0:19:05	1/1/2019 	1138584	480.00	8.00	12.68	29.38	100256.25	49829	0	WinnieSzeto	
1671	0:19:07	1/1/2019 	1140461	852.00	76.00	25.71	29.37	100244.33	49828	1	WinnieSzeto	
1672	0:19:10	1/1/2019 	1143301	144.00	6.00	7.84	29.34	100216.83	146565	0	WinnieSzeto	
1673	0:19:11	1/1/2019 	1144572	784.00	34.00	20.76	29.34	100208.91	97802	0	WinnieSzeto	
1674	0:19:13	1/1/2019 	1146173	858.00	79.00	26.18	29.33	100199.19	52438	1	WinnieSzeto	
1675	0:19:13	1/1/2019 	1146258	250.00	7.00	10.27	29.33	100199.19	1851	0	WinnieSzeto	
1676	0:19:14	1/1/2019 	1146698	965.00	357.00	67.14	29.32	100194.33	49827	1	WinnieSzeto	
1677	0:19:20	1/1/2019 	1153602	546.00	8.00	13.23	29.28	100159.23	337690	0	WinnieSzeto	
1678	0:19:21	1/1/2019 	1154379	970.00	457.00	81.77	29.27	100152.50	2637	1	WinnieSzeto	
1679	0:19:22	1/1/2019 	1155108	731.00	18.00	17.58	29.27	100150.12	49830	1	WinnieSzeto	
1680	0:19:22	1/1/2019 	1155231	917.00	128.00	35.44	29.27	100150.12	4490	1	WinnieSzeto	
1681	0:19:27	1/1/2019 	1160223	231.00	7.00	9.93	29.22	100143.23	241733	0	WinnieSzeto	
1682	0:19:27	1/1/2019 	1160250	703.00	13.00	16.00	29.22	100143.23	2637	0	WinnieSzeto	
1683	0:19:28	1/1/2019 	1161209	96.00	7.00	6.49	29.21	100141.78	49827	0	WinnieSzeto	
1684	0:19:29	1/1/2019 	1162031	576.00	8.00	13.56	29.18	100137.98	49826	0	WinnieSzeto	
1685	0:19:34	1/1/2019 	1167629	597.00	8.00	13.80	29.10	100111.76	289710	0	WinnieSzeto	
1686	0:19:38	1/1/2019 	1171150	719.00	14.00	16.35	29.08	100090.91	148386	1	WinnieSzeto	
1687	0:19:39	1/1/2019 	1172395	70.00	7.00	5.98	29.07	100084.81	50612	0	WinnieSzeto	
1688	0:19:41	1/1/2019 	1173772	648.00	9.00	14.51	29.07	100082.11	97800	0	WinnieSzeto	
1689	0:19:43	1/1/2019 	1176254	890.00	100.00	29.96	29.03	100075.19	97803	1	WinnieSzeto	
1690	0:19:47	1/1/2019 	1179969	673.00	10.00	14.93	28.99	100066.41	193758	1	WinnieSzeto	
1691	0:19:52	1/1/2019 	1185109	331.00	8.00	11.45	28.94	100050.95	242522	0	WinnieSzeto	
1692	0:19:54	1/1/2019 	1187326	899.00	108.00	31.53	28.91	100041.55	100392	0	WinnieSzeto	
1693	0:19:55	1/1/2019 	1187774	445.00	7.00	12.37	28.90	100039.02	49828	0	WinnieSzeto	
1694	0:19:56	1/1/2019 	1189289	714.00	14.00	16.34	28.89	100032.23	49830	0	WinnieSzeto	
1695	0:19:56	1/1/2019 	1189651	739.00	19.00	17.87	28.89	100032.23	49828	1	WinnieSzeto	
1696	0:19:59	1/1/2019 	1191695	76.00	7.00	6.06	28.88	100027.71	98593	0	WinnieSzeto	
1697	0:19:59	1/1/2019 	1191915	374.00	7.00	11.84	28.88	100027.71	1850	0	WinnieSzeto	
1698	0:20:00	1/1/2019 	1192772	827.00	61.00	23.70	28.87	100023.92	52436	0	WinnieSzeto	
1699	0:20:00	1/1/2019 	1193198	979.00	332.00	62.61	28.86	100021.75	1851	1	WinnieSzeto	
1700	0:20:09	1/1/2019 	1201688	159.00	7.00	8.26	28.81	99987.70	433632	0	WinnieSzeto	
1701	0:20:09	1/1/2019 	1202444	800.00	54.00	22.89	28.80	99982.30	2637	1	WinnieSzeto	
1702	0:20:13	1/1/2019 	1206671	791.00	36.00	21.02	28.78	99967.60	241735	0	WinnieSzeto	
1703	0:20:14	1/1/2019 	1207316	80.00	7.00	6.13	28.78	99965.93	1850	0	WinnieSzeto	
1704	0:20:15	1/1/2019 	1208382	965.00	253.00	50.58	28.78	99962.70	52433	1	WinnieSzeto	
1705	0:20:18	1/1/2019 	1211410	446.00	7.00	12.37	28.74	99958.03	145784	0	WinnieSzeto	
1706	0:20:18	1/1/2019 	1211468	872.00	86.00	27.36	28.74	99958.03	2637	1	WinnieSzeto	
1707	0:20:19	1/1/2019 	1211695	170.00	7.00	8.56	28.74	99958.03	49825	1	WinnieSzeto	
1708	0:20:20	1/1/2019 	1213213	466.00	8.00	12.59	28.73	99952.53	49827	0	WinnieSzeto	
1709	0:20:23	1/1/2019 	1216605	178.00	7.00	8.76	28.70	99939.91	193756	0	WinnieSzeto	
1710	0:20:26	1/1/2019 	1219139	917.00	133.00	36.36	28.68	99933.11	100415	1	WinnieSzeto	
1711	0:20:30	1/1/2019 	1223012	812.00	57.00	23.23	28.62	99920.04	193763	1	WinnieSzeto	
1712	0:20:34	1/1/2019 	1226724	179.00	8.00	8.80	28.56	99899.86	194549	0	WinnieSzeto	
1713	0:20:36	1/1/2019 	1229030	194.00	7.00	9.15	28.54	99887.47	97803	0	WinnieSzeto	
1714	0:20:39	1/1/2019 	1231938	80.00	7.00	6.13	28.50	99873.62	145785	0	WinnieSzeto	
1715	0:20:40	1/1/2019 	1232851	144.00	10.00	7.85	28.48	99870.22	50620	0	WinnieSzeto	
1716	0:20:41	1/1/2019 	1233698	73.00	7.00	6.02	28.47	99867.06	52435	0	WinnieSzeto	
1717	0:20:41	1/1/2019 	1233815	101.00	7.00	6.62	28.47	99867.06	1849	0	WinnieSzeto	
1718	0:20:43	1/1/2019 	1236567	984.00	942.00	230.26	28.43	99852.78	145782	0	WinnieSzeto	
1719	0:20:44	1/1/2019 	1237306	626.00	9.00	14.33	28.42	99849.38	1851	0	WinnieSzeto	
1720	0:20:45	1/1/2019 	1238341	616.00	8.00	14.00	28.41	99842.42	49827	0	WinnieSzeto	
1721	0:20:45	1/1/2019 	1238554	148.00	7.00	7.96	28.41	99842.42	52412	0	WinnieSzeto	
1722	0:20:47	1/1/2019 	1240454	758.00	24.00	19.08	28.38	99838.33	49827	1	WinnieSzeto	
1723	0:20:53	1/1/2019 	1246395	90.00	7.00	6.34	28.31	99814.69	290503	0	WinnieSzeto	
1724	0:20:54	1/1/2019 	1247345	323.00	7.00	11.31	28.29	99812.30	49827	0	WinnieSzeto	
1725	0:20:57	1/1/2019 	1249889	358.00	8.00	11.74	28.28	99808.94	145784	0	WinnieSzeto	
1726	0:20:59	1/1/2019 	1252014	794.00	42.00	21.69	28.25	99799.20	98590	0	WinnieSzeto	
1727	0:21:01	1/1/2019 	1254372	956.00	170.00	42.15	28.22	99791.59	100414	0	WinnieSzeto	
1728	0:21:05	1/1/2019 	1258153	743.00	19.00	17.88	28.17	99788.93	193763	1	WinnieSzeto	
1729	0:21:05	1/1/2019 	1258650	121.00	8.00	7.18	28.17	99789.32	49829	0	WinnieSzeto	
1730	0:21:11	1/1/2019 	1264092	422.00	7.00	12.21	28.08	99780.28	241735	0	WinnieSzeto	
1731	0:21:11	1/1/2019 	1264619	605.00	8.00	13.89	28.07	99780.34	50614	0	WinnieSzeto	
1732	0:21:12	1/1/2019 	1264819	889.00	98.00	29.58	28.07	99780.34	1846	1	WinnieSzeto	
1733	0:21:13	1/1/2019 	1265734	806.00	50.00	22.51	28.06	99780.97	52417	0	WinnieSzeto	
1734	0:21:14	1/1/2019 	1267465	63.00	7.00	5.91	28.04	99778.69	49827	0	WinnieSzeto	
1735	0:21:17	1/1/2019 	1269921	305.00	7.00	11.09	27.99	99771.48	145781	0	WinnieSzeto	
1736	0:21:17	1/1/2019 	1270224	108.00	7.00	6.81	27.99	99771.48	2637	0	WinnieSzeto	
1737	0:21:21	1/1/2019 	1274099	885.00	95.00	29.00	27.95	99762.23	193755	0	WinnieSzeto	
1738	0:21:21	1/1/2019 	1274118	899.00	103.00	30.56	27.95	99762.23	1851	1	WinnieSzeto	
1739	0:21:22	1/1/2019 	1275420	952.00	159.00	40.65	27.94	99756.99	52433	1	WinnieSzeto	
1740	0:21:23	1/1/2019 	1275898	174.00	7.00	8.66	27.94	99754.97	49827	0	WinnieSzeto	
1741	0:21:23	1/1/2019 	1276004	747.00	20.00	18.14	27.94	99754.97	1849	1	WinnieSzeto	
1742	0:21:29	1/1/2019 	1281754	974.00	525.00	90.32	27.90	99735.22	289709	1	WinnieSzeto	
1743	0:21:30	1/1/2019 	1283284	81.00	7.00	6.15	27.89	99728.36	50615	0	WinnieSzeto	
1744	0:21:32	1/1/2019 	1285285	694.00	12.00	15.64	27.89	99722.34	97803	0	WinnieSzeto	
1745	0:21:36	1/1/2019 	1289639	642.00	8.00	14.19	27.85	99720.62	244325	0	WinnieSzeto	
1746	0:21:37	1/1/2019 	1290013	101.00	7.00	6.62	27.85	99720.62	2642	0	WinnieSzeto	
1747	0:21:40	1/1/2019 	1293389	98.00	7.00	6.54	27.81	99714.50	145784	0	WinnieSzeto	
1748	0:21:42	1/1/2019 	1294780	266.00	7.00	10.53	27.80	99713.30	97804	0	WinnieSzeto	
1749	0:21:42	1/1/2019 	1295000	648.00	9.00	14.51	27.80	99713.30	1850	1	WinnieSzeto	
1750	0:21:43	1/1/2019 	1295988	978.00	656.00	117.72	27.79	99711.20	49825	1	WinnieSzeto	
1751	0:21:45	1/1/2019 	1298571	189.00	7.00	9.03	27.76	99702.77	148300	0	WinnieSzeto	
1752	0:21:45	1/1/2019 	1298585	177.00	7.00	8.74	27.76	99702.77	1849	0	WinnieSzeto	
1753	0:21:50	1/1/2019 	1302691	192.00	7.00	9.10	27.71	99695.67	193756	0	WinnieSzeto	
1754	0:21:54	1/1/2019 	1306758	109.00	7.00	6.83	27.66	99688.22	194536	0	WinnieSzeto	
1755	0:21:55	1/1/2019 	1308650	973.00	388.00	72.47	27.64	99686.78	97798	0	WinnieSzeto	
1756	0:21:59	1/1/2019 	1312480	953.00	174.00	42.64	27.60	99677.20	145779	1	WinnieSzeto	
1757	0:22:00	1/1/2019 	1312741	676.00	10.00	14.93	27.59	99675.80	53224	1	WinnieSzeto	
1758	0:22:06	1/1/2019 	1319577	976.00	690.00	124.84	27.51	99659.96	337689	1	WinnieSzeto	
1759	0:22:06	1/1/2019 	1319582	978.00	410.00	75.81	27.51	99659.96	2640	1	WinnieSzeto	
1760	0:22:07	1/1/2019 	1320446	81.00	7.00	6.15	27.50	99657.45	1849	0	WinnieSzeto	
1761	0:22:11	1/1/2019 	1324120	666.00	11.00	15.21	27.46	99649.95	193761	0	WinnieSzeto	
1762	0:22:14	1/1/2019 	1327549	544.00	8.00	13.21	27.41	99639.04	193763	1	WinnieSzeto	
1763	0:22:15	1/1/2019 	1328289	792.00	33.00	20.64	27.41	99637.99	4349	0	WinnieSzeto	
1764	0:22:17	1/1/2019 	1329924	920.00	132.00	36.19	27.39	99635.36	97806	1	WinnieSzeto	
1765	0:22:19	1/1/2019 	1332352	183.00	8.00	8.90	27.36	99629.72	98592	0	WinnieSzeto	
1766	0:22:19	1/1/2019 	1332585	802.00	41.00	21.60	27.36	99628.15	49826	1	WinnieSzeto	
1767	0:22:19	1/1/2019 	1332630	933.00	144.00	38.31	27.36	99628.15	1849	1	WinnieSzeto	
1768	0:22:20	1/1/2019 	1333218	208.00	7.00	9.46	27.35	99626.22	1849	0	WinnieSzeto	
1769	0:22:22	1/1/2019 	1335355	190.00	7.00	9.06	27.33	99619.35	100329	0	WinnieSzeto	
1770	0:22:24	1/1/2019 	1337079	865.00	77.00	25.90	27.31	99614.28	97803	1	WinnieSzeto	
1771	0:22:25	1/1/2019 	1337873	966.00	320.00	60.46	27.30	99611.64	49830	1	WinnieSzeto	
1772	0:22:25	1/1/2019 	1338267	788.00	36.00	21.01	27.30	99611.64	1852	1	WinnieSzeto	
1773	0:22:30	1/1/2019 	1343323	545.00	8.00	13.22	27.25	99598.69	241738	0	WinnieSzeto	
1774	0:22:36	1/1/2019 	1348923	725.00	15.00	16.68	27.19	99584.30	290495	1	WinnieSzeto	
1775	0:22:37	1/1/2019 	1350627	915.00	125.00	34.87	27.17	99580.61	100333	0	WinnieSzeto	
1776	0:22:38	1/1/2019 	1351152	953.00	165.00	41.49	27.17	99579.36	2638	1	WinnieSzeto	
1777	0:22:40	1/1/2019 	1353600	929.00	138.00	37.28	27.15	99572.81	145786	1	WinnieSzeto	
1778	0:22:43	1/1/2019 	1356308	604.00	8.00	13.88	27.12	99567.34	97809	0	WinnieSzeto	
1779	0:22:44	1/1/2019 	1357170	950.00	160.00	40.80	27.11	99563.89	49827	1	WinnieSzeto	
1780	0:22:49	1/1/2019 	1361834	964.00	268.00	52.39	27.07	99554.36	241739	0	WinnieSzeto	
1781	0:22:50	1/1/2019 	1362830	885.00	93.00	28.64	27.06	99551.60	53152	1	WinnieSzeto	
1782	0:22:53	1/1/2019 	1366378	115.00	7.00	7.00	27.03	99543.67	145782	0	WinnieSzeto	
1783	0:22:54	1/1/2019 	1366704	84.00	7.00	6.21	27.02	99542.09	49826	1	WinnieSzeto	
1784	0:22:54	1/1/2019 	1367122	138.00	8.00	7.67	27.02	99540.72	1850	0	WinnieSzeto	
1785	0:22:54	1/1/2019 	1367230	89.00	7.00	6.32	27.02	99540.72	1846	0	WinnieSzeto	
1786	0:22:56	1/1/2019 	1369272	969.00	296.00	56.42	27.00	99535.98	97804	1	WinnieSzeto	
1787	0:22:56	1/1/2019 	1369449	646.00	9.00	14.50	27.00	99535.98	4330	1	WinnieSzeto	
1788	0:22:57	1/1/2019 	1370122	880.00	85.00	27.22	26.99	99534.42	49827	0	WinnieSzeto	
1789	0:22:59	1/1/2019 	1371704	142.00	5.00	7.77	26.98	99529.23	98593	0	WinnieSzeto	
1790	0:22:59	1/1/2019 	1372417	973.00	385.00	71.97	26.97	99528.53	1850	1	WinnieSzeto	
1791	0:23:00	1/1/2019 	1373548	364.00	8.00	11.80	26.96	99526.41	97804	0	WinnieSzeto	
1792	0:23:01	1/1/2019 	1373847	84.00	7.00	6.21	26.96	99525.00	2083	0	WinnieSzeto	
1793	0:23:03	1/1/2019 	1376419	909.00	115.00	32.93	26.93	99517.91	100350	1	WinnieSzeto	
1794	0:23:09	1/1/2019 	1381921	253.00	8.00	10.34	26.89	99506.14	289714	0	WinnieSzeto	
1795	0:23:11	1/1/2019 	1383744	968.00	426.00	78.00	26.87	99501.48	98592	0	WinnieSzeto	
1796	0:23:11	1/1/2019 	1384250	973.00	396.00	73.72	26.87	99499.95	1851	0	WinnieSzeto	
1797	0:23:12	1/1/2019 	1384870	686.00	11.00	15.29	26.86	99498.23	49826	0	WinnieSzeto	
1798	0:23:12	1/1/2019 	1385106	891.00	97.00	29.40	26.86	99497.00	4459	1	WinnieSzeto	
1799	0:23:18	1/1/2019 	1390744	153.00	8.00	8.10	26.81	99484.72	289715	0	WinnieSzeto	
1800	0:23:19	1/1/2019 	1391716	66.00	7.00	5.93	26.80	99482.30	50612	0	WinnieSzeto	
1801	0:23:19	1/1/2019 	1392601	706.00	13.00	16.00	26.79	99480.56	49828	1	WinnieSzeto	
1802	0:23:25	1/1/2019 	1398437	873.00	84.00	27.03	26.74	99463.83	241731	0	WinnieSzeto	
1803	0:23:29	1/1/2019 	1402202	578.00	6.00	13.24	26.71	99453.98	193759	0	WinnieSzeto	
1804	0:23:30	1/1/2019 	1402873	957.00	167.00	41.76	26.71	99452.31	53203	0	WinnieSzeto	
1805	0:23:32	1/1/2019 	1404745	65.00	7.00	5.92	26.70	99447.50	97804	0	WinnieSzeto	
1806	0:23:35	1/1/2019 	1408274	839.00	70.00	24.83	26.67	99439.84	145780	1	WinnieSzeto	
1807	0:23:38	1/1/2019 	1410710	640.00	9.00	14.45	26.66	99436.52	145783	1	WinnieSzeto	
1808	0:23:42	1/1/2019 	1415266	572.00	8.00	13.51	26.63	99426.52	194540	0	WinnieSzeto	
1809	0:23:45	1/1/2019 	1417708	377.00	8.00	11.92	26.61	99418.67	145776	0	WinnieSzeto	
1810	0:23:46	1/1/2019 	1418868	967.00	417.00	76.78	26.60	99414.45	52434	1	WinnieSzeto	
1811	0:23:48	1/1/2019 	1421316	677.00	11.00	15.26	26.59	99407.37	97805	1	WinnieSzeto	
1812	0:23:49	1/1/2019 	1421781	69.00	7.00	5.96	26.59	99406.05	50613	0	WinnieSzeto	
1813	0:23:49	1/1/2019 	1422012	883.00	90.00	28.09	26.59	99404.38	1850	1	WinnieSzeto	
1814	0:23:49	1/1/2019 	1422044	530.00	8.00	13.08	26.59	99404.38	1850	0	WinnieSzeto	
1815	0:23:53	1/1/2019 	1425704	796.00	42.00	21.69	26.57	99394.50	193750	1	WinnieSzeto	
1816	0:23:56	1/1/2019 	1429285	159.00	7.00	8.26	26.55	99386.64	148367	0	WinnieSzeto	
1817	0:23:56	1/1/2019 	1429301	580.00	8.00	13.61	26.55	99386.64	1850	0	WinnieSzeto	
1818	0:23:57	1/1/2019 	1430458	62.00	7.00	5.90	26.54	99385.26	49824	0	WinnieSzeto	
1819	0:23:58	1/1/2019 	1431372	899.00	109.00	31.72	26.54	99383.55	50614	1	WinnieSzeto	
1820	0:23:59	1/1/2019 	1432300	120.00	7.00	7.15	26.53	99382.14	49826	0	WinnieSzeto	
1821	0:24:00	1/1/2019 	1432818	530.00	8.00	13.08	26.53	99381.14	49826	0	WinnieSzeto	
1822	0:24:03	1/1/2019 	1436653	754.00	21.00	18.41	26.52	99375.95	196361	1	WinnieSzeto	
1823	0:24:07	1/1/2019 	1440003	733.00	16.00	17.01	26.50	99368.97	145778	1	WinnieSzeto	
1824	0:24:08	1/1/2019 	1441305	198.00	7.00	9.24	26.49	99365.38	50613	0	WinnieSzeto	
1825	0:24:08	1/1/2019 	1441367	422.00	8.00	12.29	26.49	99365.38	1857	0	WinnieSzeto	
1826	0:24:12	1/1/2019 	1445030	155.00	7.00	8.15	26.47	99358.75	193753	0	WinnieSzeto	
1827	0:24:13	1/1/2019 	1445937	968.00	356.00	66.96	26.46	99356.92	49827	0	WinnieSzeto	
1828	0:24:15	1/1/2019 	1448407	706.00	13.00	16.00	26.45	99349.80	100392	0	WinnieSzeto	
1829	0:24:20	1/1/2019 	1452693	63.00	7.00	5.91	26.43	99345.59	241729	1	WinnieSzeto	
1830	0:24:22	1/1/2019 	1455487	83.00	7.00	6.19	26.41	99340.33	98586	0	WinnieSzeto	
1831	0:24:23	1/1/2019 	1456102	900.00	99.00	29.80	26.41	99338.95	49824	0	WinnieSzeto	
1832	0:24:25	1/1/2019 	1457959	943.00	153.00	39.76	26.40	99336.17	97802	0	WinnieSzeto	
1833	0:24:31	1/1/2019 	1464122	837.00	66.00	24.32	26.36	99325.02	289701	0	WinnieSzeto	
1834	0:24:33	1/1/2019 	1466281	688.00	11.00	15.29	26.34	99320.56	101179	1	WinnieSzeto	
1835	0:24:35	1/1/2019 	1468637	671.00	10.00	14.92	26.33	99316.70	145776	1	WinnieSzeto	
1836	0:24:36	1/1/2019 	1469576	274.00	8.00	10.68	26.33	99315.98	49826	0	WinnieSzeto	
1837	0:24:39	1/1/2019 	1472035	656.00	9.00	14.55	26.31	99310.66	98584	0	WinnieSzeto	
1838	0:24:39	1/1/2019 	1472624	85.00	7.00	6.23	26.31	99309.62	49826	0	WinnieSzeto	
1839	0:24:40	1/1/2019 	1472749	158.00	7.00	8.23	26.31	99309.62	1855	1	WinnieSzeto	
1840	0:24:41	1/1/2019 	1474069	804.00	47.00	22.21	26.30	99307.39	52439	1	WinnieSzeto	
1841	0:24:41	1/1/2019 	1474271	812.00	53.00	22.82	26.30	99306.72	1850	1	WinnieSzeto	
1842	0:24:43	1/1/2019 	1475989	677.00	10.00	14.94	26.29	99305.10	97798	0	WinnieSzeto	
1843	0:24:45	1/1/2019 	1478057	800.00	43.00	21.80	26.28	99301.15	97799	1	WinnieSzeto	
1844	0:24:46	1/1/2019 	1479482	983.00	842.00	151.92	26.27	99298.95	49825	1	WinnieSzeto	
1845	0:24:47	1/1/2019 	1480448	66.00	7.00	5.93	26.27	99297.05	49827	0	WinnieSzeto	
1846	0:24:55	1/1/2019 	1488324	131.00	7.00	7.47	26.23	99285.77	389053	0	WinnieSzeto	
1847	0:24:56	1/1/2019 	1489264	280.00	8.00	10.78	26.22	99284.87	49828	0	WinnieSzeto	
1848	0:24:56	1/1/2019 	1489313	490.00	8.00	12.76	26.22	99284.87	1848	0	WinnieSzeto	
1849	0:24:59	1/1/2019 	1491903	741.00	18.00	17.60	26.20	99280.30	145781	0	WinnieSzeto	
1850	0:24:59	1/1/2019 	1492002	967.00	220.00	47.28	26.20	99280.30	2638	1	WinnieSzeto	
1851	0:24:59	1/1/2019 	1492266	770.00	22.00	18.67	26.20	99280.30	1850	1	WinnieSzeto	
1852	0:24:59	1/1/2019 	1492625	400.00	8.00	12.12	26.20	99279.27	52436	0	WinnieSzeto	
1853	0:25:02	1/1/2019 	1494959	882.00	98.00	29.55	26.19	99276.45	97801	1	WinnieSzeto	
1854	0:25:03	1/1/2019 	1495994	286.00	8.00	10.86	26.18	99274.33	49828	0	WinnieSzeto	
1855	0:25:03	1/1/2019 	1496299	929.00	138.00	37.28	26.17	99273.09	1848	1	WinnieSzeto	
1856	0:25:07	1/1/2019 	1500177	971.00	452.00	81.20	26.15	99266.51	193761	1	WinnieSzeto	
1857	0:25:08	1/1/2019 	1501474	876.00	88.00	27.72	26.14	99264.76	50615	1	WinnieSzeto	
1858	0:25:09	1/1/2019 	1502193	974.00	587.00	101.96	26.13	99262.80	52351	0	WinnieSzeto	
1859	0:25:13	1/1/2019 	1506780	797.00	41.00	21.59	26.10	99256.14	241741	1	WinnieSzeto	
1860	0:25:14	1/1/2019 	1507349	69.00	8.00	5.97	26.10	99254.76	1851	0	WinnieSzeto	
1861	0:25:14	1/1/2019 	1507786	599.00	8.00	13.82	26.10	99253.92	49826	0	WinnieSzeto	
1862	0:25:16	1/1/2019 	1509307	970.00	362.00	68.04	26.09	99251.64	49826	1	WinnieSzeto	
1863	0:25:18	1/1/2019 	1511701	930.00	146.00	38.64	26.08	99247.81	145785	0	WinnieSzeto	
1864	0:25:19	1/1/2019 	1513107	953.00	167.00	41.76	26.07	99246.06	57885	1	WinnieSzeto	
1865	0:25:23	1/1/2019 	1517117	970.00	531.00	91.25	26.05	99237.64	193756	1	WinnieSzeto	
1866	0:25:29	1/1/2019 	1522367	228.00	8.00	9.89	26.02	99229.70	241736	0	WinnieSzeto	
1867	0:25:35	1/1/2019 	1528796	209.00	8.00	9.50	25.99	99220.50	338479	0	WinnieSzeto	
1868	0:25:44	1/1/2019 	1538033	86.00	7.00	6.26	25.94	99207.60	433647	0	WinnieSzeto	
1869	0:25:46	1/1/2019 	1539322	124.00	7.00	7.26	25.93	99205.19	53245	1	WinnieSzeto	
1870	0:25:46	1/1/2019 	1539839	973.00	328.00	61.89	25.93	99204.32	49827	1	WinnieSzeto	
1871	0:25:47	1/1/2019 	1540480	86.00	7.00	6.26	25.92	99203.62	2640	0	WinnieSzeto	
1872	0:25:49	1/1/2019 	1542565	361.00	8.00	11.77	25.91	99201.16	145785	0	WinnieSzeto	
1873	0:25:54	1/1/2019 	1547943	786.00	32.00	20.49	25.88	99192.68	241732	0	WinnieSzeto	
1874	0:25:54	1/1/2019 	1548041	73.00	7.00	6.02	25.88	99192.68	1849	0	WinnieSzeto	
1875	0:25:56	1/1/2019 	1549285	877.00	90.00	28.07	25.88	99191.77	52434	1	WinnieSzeto	
1876	0:25:57	1/1/2019 	1550969	908.00	112.00	32.34	25.87	99189.02	97804	1	WinnieSzeto	
1877	0:26:02	1/1/2019 	1555472	445.00	8.00	12.45	25.85	99184.25	194547	0	WinnieSzeto	
1878	0:26:04	1/1/2019 	1557596	922.00	136.00	36.91	25.83	99181.08	145780	1	WinnieSzeto	
1879	0:26:07	1/1/2019 	1560361	864.00	80.00	26.36	25.82	99177.72	97806	0	WinnieSzeto	
1880	0:26:08	1/1/2019 	1561861	506.00	8.00	12.88	25.81	99176.77	98591	0	WinnieSzeto	
1881	0:26:09	1/1/2019 	1562784	969.00	366.00	68.74	25.80	99174.67	52435	1	WinnieSzeto	
1882	0:26:15	1/1/2019 	1568388	127.00	7.00	7.35	25.76	99167.06	241736	1	WinnieSzeto	
1883	0:26:17	1/1/2019 	1570316	962.00	273.00	53.05	25.75	99163.58	97803	0	WinnieSzeto	
1884	0:26:19	1/1/2019 	1572604	904.00	109.00	31.74	25.74	99160.41	146571	1	WinnieSzeto	
1885	0:26:22	1/1/2019 	1575441	563.00	8.00	13.41	25.72	99155.91	97802	0	WinnieSzeto	
1886	0:26:29	1/1/2019 	1582477	924.00	138.00	37.27	25.68	99145.91	337683	1	WinnieSzeto	
1887	0:26:31	1/1/2019 	1584993	161.00	8.00	8.32	25.66	99142.88	149184	0	WinnieSzeto	
1888	0:26:33	1/1/2019 	1586271	793.00	39.00	21.37	25.65	99140.66	49830	0	WinnieSzeto	
1889	0:26:35	1/1/2019 	1588570	868.00	81.00	26.53	25.64	99135.60	145785	1	WinnieSzeto	
1890	0:26:36	1/1/2019 	1589618	133.00	8.00	7.53	25.63	99134.91	49830	0	WinnieSzeto	
1891	0:26:37	1/1/2019 	1590420	959.00	184.00	43.80	25.63	99134.51	2635	1	WinnieSzeto	
1892	0:26:40	1/1/2019 	1593822	761.00	22.00	18.65	25.61	99129.09	193762	1	WinnieSzeto	
1893	0:26:42	1/1/2019 	1595618	66.00	7.00	5.93	25.60	99127.34	100397	0	WinnieSzeto	
1894	0:26:44	1/1/2019 	1597763	734.00	16.00	17.01	25.58	99124.84	97806	0	WinnieSzeto	
1895	0:26:44	1/1/2019 	1597871	264.00	7.00	10.50	25.58	99124.84	1848	0	WinnieSzeto	
1896	0:26:45	1/1/2019 	1599087	182.00	7.00	8.86	25.57	99121.34	49827	0	WinnieSzeto	
1897	0:26:48	1/1/2019 	1601825	121.00	8.00	7.18	25.56	99117.82	145783	0	WinnieSzeto	
1898	0:26:53	1/1/2019 	1606419	97.00	7.00	6.51	25.53	99110.98	194547	0	WinnieSzeto	
1899	0:26:53	1/1/2019 	1606903	208.00	8.00	9.48	25.52	99110.47	52354	0	WinnieSzeto	
1900	0:26:53	1/1/2019 	1607041	581.00	9.00	13.78	25.52	99110.47	1846	0	WinnieSzeto	
1901	0:26:54	1/1/2019 	1607203	958.00	174.00	42.64	25.52	99110.47	1849	1	WinnieSzeto	
1902	0:26:56	1/1/2019 	1609681	86.00	8.00	6.26	25.50	99106.89	145784	0	WinnieSzeto	
1903	0:26:57	1/1/2019 	1610496	861.00	80.00	26.35	25.50	99106.19	2634	1	WinnieSzeto	
1904	0:26:57	1/1/2019 	1610821	463.00	8.00	12.57	25.50	99105.14	49828	0	WinnieSzeto	
1905	0:27:00	1/1/2019 	1613553	125.00	7.00	7.29	25.48	99101.47	148369	1	WinnieSzeto	
1906	0:27:00	1/1/2019 	1613735	873.00	84.00	27.03	25.48	99101.47	1850	0	WinnieSzeto	
1907	0:27:01	1/1/2019 	1614282	82.00	7.00	6.17	25.48	99100.92	1848	0	WinnieSzeto	
1908	0:27:04	1/1/2019 	1617425	894.00	101.00	30.16	25.46	99096.00	145780	1	WinnieSzeto	
1909	0:27:08	1/1/2019 	1621391	913.00	124.00	34.68	25.43	99092.20	193760	1	WinnieSzeto	
1910	0:27:11	1/1/2019 	1625003	280.00	7.00	10.75	25.41	99086.58	194546	0	WinnieSzeto	
1911	0:27:14	1/1/2019 	1627834	411.00	8.00	12.21	25.39	99082.88	148392	0	WinnieSzeto	
1912	0:27:14	1/1/2019 	1628184	451.00	8.00	12.49	25.39	99082.03	1852	0	WinnieSzeto	
1913	0:27:16	1/1/2019 	1629342	780.00	30.00	20.19	25.38	99079.92	49822	0	WinnieSzeto	
1914	0:27:20	1/1/2019 	1634070	616.00	9.00	14.22	25.36	99074.80	241730	0	WinnieSzeto	
1915	0:27:21	1/1/2019 	1634819	156.00	7.00	8.18	25.35	99073.05	50614	0	WinnieSzeto	
1916	0:27:22	1/1/2019 	1635896	959.00	179.00	43.24	25.34	99071.34	49825	1	WinnieSzeto	
1917	0:27:24	1/1/2019 	1637854	154.00	8.00	8.13	25.33	99070.02	100414	0	WinnieSzeto	
1918	0:27:25	1/1/2019 	1638254	921.00	132.00	36.19	25.33	99069.84	1848	0	WinnieSzeto	
1919	0:27:25	1/1/2019 	1638263	844.00	66.00	24.33	25.33	99069.84	1851	1	WinnieSzeto	
1920	0:27:25	1/1/2019 	1639169	969.00	235.00	48.70	25.33	99069.47	49826	1	WinnieSzeto	
1921	0:27:26	1/1/2019 	1640072	906.00	109.00	31.75	25.32	99067.58	49826	1	WinnieSzeto	
1922	0:27:30	1/1/2019 	1643316	662.00	10.00	14.88	25.30	99063.34	146567	0	WinnieSzeto	
1923	0:27:30	1/1/2019 	1643851	449.00	8.00	12.48	25.30	99062.62	52488	0	WinnieSzeto	
1924	0:27:31	1/1/2019 	1644309	708.00	13.00	16.01	25.30	99062.12	1851	1	WinnieSzeto	
1925	0:27:31	1/1/2019 	1644672	321.00	8.00	11.33	25.30	99062.12	49827	0	WinnieSzeto	
1926	0:27:31	1/1/2019 	1644905	802.00	43.00	21.81	25.29	99061.05	1846	1	WinnieSzeto	
1927	0:27:32	1/1/2019 	1645581	165.00	8.00	8.43	25.29	99060.17	49826	0	WinnieSzeto	
1928	0:27:36	1/1/2019 	1649869	647.00	9.00	14.50	25.26	99054.23	193754	0	WinnieSzeto	
1929	0:27:36	1/1/2019 	1650117	785.00	32.00	20.49	25.26	99054.23	5472	1	WinnieSzeto	
1930	0:27:40	1/1/2019 	1653199	960.00	223.00	47.56	25.24	99049.81	145778	1	WinnieSzeto	
1931	0:27:42	1/1/2019 	1656061	102.00	7.00	6.64	25.23	99047.38	145781	0	WinnieSzeto	
1932	0:27:42	1/1/2019 	1656066	164.00	8.00	8.40	25.23	99047.38	1857	0	WinnieSzeto	
1933	0:27:46	1/1/2019 	1660090	171.00	7.00	8.58	25.21	99041.07	193753	0	WinnieSzeto	
1934	0:27:47	1/1/2019 	1660436	474.00	8.00	12.64	25.20	99040.20	2575	0	WinnieSzeto	
1935	0:27:51	1/1/2019 	1664757	914.00	122.00	34.29	25.18	99035.24	244482	0	WinnieSzeto	
1936	0:27:51	1/1/2019 	1665037	384.00	7.00	11.93	25.18	99035.24	1851	0	WinnieSzeto	
1937	0:27:51	1/1/2019 	1665120	685.00	10.00	14.94	25.18	99034.56	1849	1	WinnieSzeto	
1938	0:27:51	1/1/2019 	1665123	599.00	8.00	13.82	25.18	99034.56	1849	0	WinnieSzeto	
1939	0:27:54	1/1/2019 	1667605	102.00	8.00	6.65	25.17	99033.08	145773	0	WinnieSzeto	
1940	0:27:58	1/1/2019 	1671415	849.00	67.00	24.47	25.14	99026.95	145778	0	WinnieSzeto	
1941	0:28:00	1/1/2019 	1673302	956.00	182.00	43.58	25.13	99025.69	101371	1	WinnieSzeto	
1942	0:28:01	1/1/2019 	1675064	858.00	73.00	25.29	25.12	99023.02	97806	1	WinnieSzeto	
1943	0:28:07	1/1/2019 	1680848	966.00	266.00	52.14	25.09	99017.01	289715	1	WinnieSzeto	
1944	0:28:09	1/1/2019 	1682793	175.00	7.00	8.69	25.07	99013.64	98535	0	WinnieSzeto	
1945	0:28:13	1/1/2019 	1686635	110.00	7.00	6.86	25.05	99009.27	193759	0	WinnieSzeto	
1946	0:28:14	1/1/2019 	1687332	220.00	8.00	9.73	25.05	99008.39	4485	0	WinnieSzeto	
1947	0:28:15	1/1/2019 	1688911	576.00	8.00	13.56	25.04	99005.62	97802	0	WinnieSzeto	
1948	0:28:16	1/1/2019 	1690059	746.00	19.00	17.89	25.04	99004.38	49827	0	WinnieSzeto	
1949	0:28:17	1/1/2019 	1690384	104.00	7.00	6.70	25.04	99004.38	2584	0	WinnieSzeto	
1950	0:28:22	1/1/2019 	1695292	958.00	213.00	46.64	25.01	98998.53	241737	1	WinnieSzeto	
1951	0:28:23	1/1/2019 	1696626	936.00	151.00	39.45	25.00	98996.97	97804	0	WinnieSzeto	
1952	0:28:29	1/1/2019 	1702906	176.00	8.00	8.72	24.97	98990.22	292318	1	WinnieSzeto	
1953	0:28:32	1/1/2019 	1706050	207.00	8.00	9.45	24.95	98986.38	146508	0	WinnieSzeto	
1954	0:28:33	1/1/2019 	1706995	438.00	8.00	12.40	24.94	98984.95	49829	0	WinnieSzeto	
1955	0:28:39	1/1/2019 	1712549	868.00	83.00	26.85	24.91	98978.26	289713	1	WinnieSzeto	
1956	0:28:40	1/1/2019 	1713787	972.00	580.00	100.40	24.90	98976.34	50560	1	WinnieSzeto	
1957	0:28:41	1/1/2019 	1714591	99.00	7.00	6.57	24.90	98976.18	49829	0	WinnieSzeto	
1958	0:28:42	1/1/2019 	1715237	964.00	343.00	64.60	24.90	98975.12	4464	1	WinnieSzeto	
1959	0:28:46	1/1/2019 	1719407	837.00	65.00	24.19	24.87	98969.14	193762	1	WinnieSzeto	
1960	0:28:51	1/1/2019 	1724773	216.00	8.00	9.65	24.84	98962.44	289705	0	WinnieSzeto	
1961	0:28:53	1/1/2019 	1727031	857.00	75.00	25.58	24.83	98960.67	98525	1	WinnieSzeto	
1962	0:28:54	1/1/2019 	1727921	435.00	8.00	12.38	24.82	98959.39	49825	0	WinnieSzeto	
1963	0:28:55	1/1/2019 	1728637	961.00	245.00	49.71	24.82	98958.72	49824	0	WinnieSzeto	
1964	0:28:55	1/1/2019 	1728713	929.00	139.00	37.45	24.82	98958.72	4457	1	WinnieSzeto	
1965	0:28:57	1/1/2019 	1730267	111.00	7.00	6.89	24.81	98956.05	49825	0	WinnieSzeto	
1966	0:29:03	1/1/2019 	1736500	923.00	133.00	36.37	24.78	98949.34	290434	1	WinnieSzeto	
1967	0:29:03	1/1/2019 	1736740	101.00	7.00	6.62	24.77	98948.27	49840	1	WinnieSzeto	
1968	0:29:08	1/1/2019 	1741239	342.00	8.00	11.57	24.75	98943.36	193757	0	WinnieSzeto	
1969	0:29:08	1/1/2019 	1741805	176.00	8.00	8.72	24.75	98942.66	50556	0	WinnieSzeto	
1970	0:29:09	1/1/2019 	1742950	622.00	9.00	14.29	24.74	98941.41	52439	1	WinnieSzeto	
1971	0:29:13	1/1/2019 	1746901	952.00	164.00	41.35	24.72	98937.23	193758	0	WinnieSzeto	
1972	0:29:24	1/1/2019 	1757614	977.00	729.00	131.27	24.66	98925.41	529588	0	WinnieSzeto	
1973	0:29:35	1/1/2019 	1769122	608.00	8.00	13.92	24.61	98912.39	530317	0	WinnieSzeto	
1974	0:29:37	1/1/2019 	1770725	593.00	9.00	13.93	24.60	98910.62	98531	1	WinnieSzeto	
1975	0:29:37	1/1/2019 	1770813	970.00	314.00	59.41	24.60	98910.62	2582	0	WinnieSzeto	
1976	0:29:38	1/1/2019 	1771251	72.00	7.00	6.00	24.59	98909.59	4460	0	WinnieSzeto	
1977	0:29:40	1/1/2019 	1773729	170.00	8.00	8.56	24.58	98905.58	145777	0	WinnieSzeto	
1978	0:29:41	1/1/2019 	1774448	192.00	8.00	9.11	24.58	98905.23	1847	0	WinnieSzeto	
1979	0:29:47	1/1/2019 	1780949	673.00	10.00	14.93	24.54	98897.01	337683	1	WinnieSzeto	
1980	0:29:47	1/1/2019 	1781071	319.00	8.00	11.31	24.54	98897.01	2577	0	WinnieSzeto	
1981	0:29:50	1/1/2019 	1783193	138.00	8.00	7.67	24.53	98893.84	97799	0	WinnieSzeto	
1982	0:29:51	1/1/2019 	1784953	961.00	210.00	46.37	24.52	98891.72	100560	1	WinnieSzeto	
1983	0:29:53	1/1/2019 	1786271	110.00	8.00	6.86	24.51	98889.97	49827	0	WinnieSzeto	
1984	0:29:56	1/1/2019 	1789211	598.00	9.00	14.00	24.49	98886.44	145781	0	WinnieSzeto	
1985	0:29:56	1/1/2019 	1789250	110.00	8.00	6.86	24.49	98886.44	1850	0	WinnieSzeto	
1986	0:29:58	1/1/2019 	1791343	528.00	8.00	13.06	24.48	98883.12	97804	0	WinnieSzeto	
1987	0:30:04	1/1/2019 	1797261	863.00	79.00	26.20	24.45	98877.45	290444	1	WinnieSzeto	
1988	0:30:05	1/1/2019 	1799171	961.00	241.00	49.30	24.44	98875.12	100413	0	WinnieSzeto	
1989	0:30:06	1/1/2019 	1800146	737.00	17.00	17.31	24.43	98874.54	49830	1	WinnieSzeto	
1990	0:30:07	1/1/2019 	1800762	956.00	177.00	43.00	24.43	98873.36	50559	1	WinnieSzeto	
1991	0:30:10	1/1/2019 	1802890	718.00	14.00	16.35	24.42	98870.70	97806	1	WinnieSzeto	
1992	0:30:18	1/1/2019 	1811166	958.00	193.00	44.74	24.38	98863.23	385662	0	WinnieSzeto	
1993	0:30:21	1/1/2019 	1813892	932.00	146.00	38.64	24.36	98860.39	146505	1	WinnieSzeto	
1994	0:30:23	1/1/2019 	1816876	974.00	643.00	114.95	24.35	98858.39	148538	1	WinnieSzeto	
1995	0:30:25	1/1/2019 	1818661	961.00	202.00	45.62	24.34	98856.98	97806	0	WinnieSzeto	
1996	0:30:28	1/1/2019 	1821475	927.00	142.00	37.97	24.33	98853.12	97808	1	WinnieSzeto	
1997	0:30:28	1/1/2019 	1821574	106.00	8.00	6.75	24.32	98852.45	50559	0	WinnieSzeto	
1998	0:30:28	1/1/2019 	1821742	903.00	102.00	30.38	24.32	98852.45	1847	1	WinnieSzeto	
1999	0:30:29	1/1/2019 	1822236	930.00	144.00	38.31	24.32	98852.25	4456	1	WinnieSzeto	
2000	0:30:30	1/1/2019 	1823241	797.00	34.00	20.78	24.32	98852.34	49828	1	WinnieSzeto	
2001	0:30:31	1/1/2019 	1824366	107.00	8.00	6.78	24.31	98850.60	49829	0	WinnieSzeto	
2002	0:30:33	1/1/2019 	1826558	950.00	158.00	40.51	24.30	98847.78	145782	1	WinnieSzeto	
2003	0:30:33	1/1/2019 	1826859	922.00	128.00	35.45	24.30	98847.78	1852	1	WinnieSzeto	
2004	0:30:36	1/1/2019 	1829750	896.00	102.00	30.36	24.28	98845.64	145780	1	WinnieSzeto	
2005	0:30:38	1/1/2019 	1830969	922.00	137.00	37.09	24.27	98843.20	53386	0	WinnieSzeto	
2006	0:30:43	1/1/2019 	1836056	890.00	96.00	29.21	24.25	98837.91	241739	1	WinnieSzeto	
2007	0:30:47	1/1/2019 	1840658	856.00	78.00	26.02	24.23	98832.31	241738	1	WinnieSzeto	
2008	0:30:55	1/1/2019 	1848248	175.00	8.00	8.69	24.19	98823.73	338415	0	WinnieSzeto	
2009	0:30:56	1/1/2019 	1849607	681.00	11.00	15.28	24.18	98822.16	97803	0	WinnieSzeto	
2010	0:31:00	1/1/2019 	1853697	690.00	11.00	15.30	24.16	98817.76	194488	1	WinnieSzeto	
2011	0:31:05	1/1/2019 	1857921	88.00	8.00	6.30	24.15	98811.97	196392	0	WinnieSzeto	
2012	0:31:07	1/1/2019 	1860000	99.00	1.00	6.55	24.14	98810.55	97804	0	WinnieSzeto	
2013	0:31:07	1/1/2019 	1860637	929.00	138.00	37.28	24.14	98809.69	50546	0	WinnieSzeto	
2014	0:31:08	1/1/2019 	1861173	148.00	8.00	7.96	24.13	98808.81	1851	0	WinnieSzeto	
2015	0:31:10	1/1/2019 	1863343	966.00	344.00	64.79	24.13	98806.25	97800	0	WinnieSzeto	
2016	0:31:10	1/1/2019 	1863378	147.00	8.00	7.93	24.13	98806.25	1851	0	WinnieSzeto	
2017	0:31:13	1/1/2019 	1866697	611.00	9.00	14.16	24.12	98803.38	196364	0	WinnieSzeto	
2018	0:31:13	1/1/2019 	1866840	892.00	97.00	29.40	24.12	98802.69	1850	0	WinnieSzeto	
2019	0:31:15	1/1/2019 	1868126	916.00	127.00	35.25	24.12	98801.33	49824	1	WinnieSzeto	
2020	0:31:16	1/1/2019 	1869861	381.00	8.00	11.96	24.12	98800.17	97802	0	WinnieSzeto	
2021	0:31:19	1/1/2019 	1872409	89.00	8.00	6.32	24.11	98796.84	98523	0	WinnieSzeto	
2022	0:31:22	1/1/2019 	1874943	241.00	8.00	10.13	24.11	98794.05	145774	0	WinnieSzeto	
2023	0:31:22	1/1/2019 	1875549	64.00	8.00	5.92	24.11	98793.23	52429	0	WinnieSzeto	
2024	0:31:22	1/1/2019 	1875561	985.00	784.00	139.42	24.11	98793.23	1846	1	WinnieSzeto	
2025	0:31:23	1/1/2019 	1876701	424.00	8.00	12.30	24.11	98790.73	49824	1	WinnieSzeto	
2026	0:31:26	1/1/2019 	1879795	966.00	315.00	59.59	24.11	98786.27	145774	0	WinnieSzeto	
2027	0:31:31	1/1/2019 	1883902	82.00	7.00	6.17	24.10	98780.44	194480	0	WinnieSzeto	
2028	0:31:31	1/1/2019 	1883912	284.00	8.00	10.83	24.10	98780.44	1851	0	WinnieSzeto	
2029	0:31:33	1/1/2019 	1886075	970.00	399.00	74.18	24.10	98777.42	100580	1	WinnieSzeto	
2030	0:31:34	1/1/2019 	1887165	824.00	58.00	23.36	24.10	98775.73	49828	1	WinnieSzeto	
2031	0:31:39	1/1/2019 	1891976	797.00	39.00	21.38	24.09	98770.52	241733	1	WinnieSzeto	
2032	0:31:43	1/1/2019 	1896175	97.00	7.00	6.51	24.08	98764.80	194482	0	WinnieSzeto	
2033	0:31:43	1/1/2019 	1896845	976.00	422.00	77.47	24.08	98764.47	49826	1	WinnieSzeto	
2034	0:31:47	1/1/2019 	1899898	292.00	8.00	10.95	24.07	98761.66	145777	0	WinnieSzeto	
2035	0:31:49	1/1/2019 	1902146	585.00	9.00	13.83	24.06	98759.75	101320	0	WinnieSzeto	
2036	0:31:52	1/1/2019 	1905423	953.00	167.00	41.76	24.05	98756.84	145778	1	WinnieSzeto	
2037	0:31:54	1/1/2019 	1907568	794.00	35.00	20.91	24.04	98754.55	145782	1	WinnieSzeto	
2038	0:31:58	1/1/2019 	1911475	666.00	10.00	14.90	24.03	98751.45	145780	1	WinnieSzeto	
2039	0:32:12	1/1/2019 	1925005	87.00	7.00	6.28	23.98	98738.48	674252	0	WinnieSzeto	
2040	0:32:12	1/1/2019 	1925496	778.00	25.00	19.32	23.98	98737.98	2581	0	WinnieSzeto	
2041	0:32:17	1/1/2019 	1930844	916.00	119.00	33.72	23.96	98732.64	292239	1	WinnieSzeto	
2042	0:32:19	1/1/2019 	1932673	968.00	393.00	73.25	23.96	98731.19	98529	1	WinnieSzeto	
2043	0:32:20	1/1/2019 	1932970	960.00	173.00	42.52	23.96	98731.02	1850	0	WinnieSzeto	
2044	0:32:20	1/1/2019 	1933855	101.00	8.00	6.62	23.95	98730.19	49825	0	WinnieSzeto	
2045	0:32:21	1/1/2019 	1934678	349.00	8.00	11.65	23.95	98729.12	49822	0	WinnieSzeto	
2046	0:32:22	1/1/2019 	1935672	181.00	8.00	8.85	23.95	98728.95	49824	1	WinnieSzeto	
2047	0:32:28	1/1/2019 	1941759	397.00	8.00	12.10	23.92	98724.28	292296	0	WinnieSzeto	
2048	0:32:29	1/1/2019 	1942581	916.00	122.00	34.30	23.92	98724.76	50551	0	WinnieSzeto	
2049	0:32:32	1/1/2019 	1945006	911.00	121.00	34.10	23.90	98727.30	97807	0	WinnieSzeto	
2050	0:32:33	1/1/2019 	1946033	896.00	99.00	29.79	23.89	98727.03	49828	1	WinnieSzeto	
2051	0:32:33	1/1/2019 	1946468	380.00	8.00	11.95	23.89	98726.83	1850	0	WinnieSzeto	
2052	0:32:33	1/1/2019 	1946858	171.00	8.00	8.59	23.89	98726.44	49824	0	WinnieSzeto	
2053	0:32:34	1/1/2019 	1947432	958.00	176.00	42.88	23.89	98726.77	4605	1	WinnieSzeto	
2054	0:32:34	1/1/2019 	1947478	722.00	13.00	16.01	23.89	98726.77	1850	0	WinnieSzeto	
2055	0:32:35	1/1/2019 	1948882	884.00	94.00	28.82	23.88	98725.70	97802	1	WinnieSzeto	
2056	0:32:37	1/1/2019 	1950416	951.00	159.00	40.65	23.87	98726.27	49826	0	WinnieSzeto	
2057	0:32:38	1/1/2019 	1951085	793.00	37.00	21.14	23.87	98726.52	50553	1	WinnieSzeto	
2058	0:32:39	1/1/2019 	1952757	172.00	7.00	8.61	23.85	98728.84	100409	0	WinnieSzeto	
2059	0:32:46	1/1/2019 	1958944	682.00	10.00	14.94	23.80	98722.27	289709	1	WinnieSzeto	
2060	0:32:53	1/1/2019 	1966688	893.00	98.00	29.59	23.71	98721.56	385664	1	WinnieSzeto	
2061	0:32:54	1/1/2019 	1967470	847.00	70.00	24.85	23.70	98720.41	2582	1	WinnieSzeto	
2062	0:32:55	1/1/2019 	1968432	554.00	8.00	13.32	23.68	98718.80	49826	0	WinnieSzeto	
2063	0:32:57	1/1/2019 	1970685	661.00	9.00	14.57	23.64	98713.88	145780	1	WinnieSzeto	
2064	0:33:00	1/1/2019 	1973439	81.00	7.00	6.15	23.62	98706.34	101496	0	WinnieSzeto	
2065	0:33:06	1/1/2019 	1979054	786.00	31.00	20.35	23.58	98691.72	289711	0	WinnieSzeto	
2066	0:33:09	1/1/2019 	1982345	727.00	15.00	16.69	23.57	98686.56	145785	0	WinnieSzeto	
2067	0:33:13	1/1/2019 	1986859	973.00	630.00	111.89	23.56	98683.77	242462	1	WinnieSzeto	
2068	0:33:20	1/1/2019 	1992960	647.00	9.00	14.50	23.54	98666.49	289708	1	WinnieSzeto	
2069	0:33:20	1/1/2019 	1993113	937.00	146.00	38.64	23.54	98665.18	2577	1	WinnieSzeto	
2070	0:33:23	1/1/2019 	1996577	814.00	49.00	22.42	23.53	98654.02	196359	1	WinnieSzeto	
2071	0:33:23	1/1/2019 	1996690	673.00	10.00	14.93	23.53	98654.02	1852	0	WinnieSzeto	
2072	0:33:24	1/1/2019 	1997595	771.00	25.00	19.31	23.53	98649.88	49827	1	WinnieSzeto	
2073	0:33:25	1/1/2019 	1997993	617.00	9.00	14.23	23.53	98649.88	1857	0	WinnieSzeto	
2074	0:33:29	1/1/2019 	2002071	633.00	9.00	14.40	23.51	98637.62	193758	1	WinnieSzeto	
2075	0:33:30	1/1/2019 	2003841	919.00	129.00	35.63	23.50	98633.08	98531	0	WinnieSzeto	
2076	0:33:31	1/1/2019 	2004113	763.00	21.00	18.42	23.50	98631.77	4610	1	WinnieSzeto	
2077	0:33:36	1/1/2019 	2008937	953.00	169.00	42.02	23.46	98616.71	241740	1	WinnieSzeto	
2078	0:33:38	1/1/2019 	2011472	812.00	48.00	22.32	23.43	98595.82	97807	1	WinnieSzeto	
2079	0:33:38	1/1/2019 	2011722	949.00	150.00	39.29	23.43	98595.82	50555	1	WinnieSzeto	
2080	0:33:40	1/1/2019 	2013009	968.00	385.00	71.97	23.42	98580.08	49828	1	WinnieSzeto	
2081	0:33:46	1/1/2019 	2019436	779.00	28.00	19.87	23.36	98526.52	289715	0	WinnieSzeto	
2082	0:33:46	1/1/2019 	2019607	391.00	9.00	12.11	23.35	98522.34	52438	0	WinnieSzeto	
2083	0:33:49	1/1/2019 	2022034	895.00	105.00	30.93	23.33	98508.18	98534	1	WinnieSzeto	
2084	0:33:49	1/1/2019 	2022423	919.00	120.00	33.92	23.32	98504.96	1851	0	WinnieSzeto	
2085	0:33:51	1/1/2019 	2024206	669.00	10.00	14.91	23.29	98495.42	97805	1	WinnieSzeto	
2086	0:33:56	1/1/2019 	2028908	897.00	100.00	29.98	23.23	98472.50	241738	1	WinnieSzeto	
2087	0:33:57	1/1/2019 	2030105	633.00	9.00	14.40	23.20	98464.77	49828	0	WinnieSzeto	
2088	0:33:58	1/1/2019 	2030919	894.00	102.00	30.35	23.19	98462.20	53522	1	WinnieSzeto	
2089	0:33:58	1/1/2019 	2031062	80.00	8.00	6.14	23.19	98462.20	1850	0	WinnieSzeto	
2090	0:34:00	1/1/2019 	2033313	245.00	8.00	10.20	23.16	98453.18	97799	0	WinnieSzeto	
2091	0:34:01	1/1/2019 	2034197	760.00	21.00	18.42	23.14	98449.62	49828	0	WinnieSzeto	
2092	0:34:02	1/1/2019 	2035819	830.00	64.00	24.06	23.12	98445.03	97810	0	WinnieSzeto	
2093	0:34:03	1/1/2019 	2035932	896.00	99.00	29.79	23.12	98445.03	1848	1	WinnieSzeto	
2094	0:34:07	1/1/2019 	2039939	120.00	8.00	7.15	23.06	98434.64	196354	0	WinnieSzeto	
2095	0:34:09	1/1/2019 	2041935	422.00	8.00	12.29	23.02	98429.59	98527	0	WinnieSzeto	
2096	0:34:10	1/1/2019 	2043462	532.00	8.00	13.10	23.00	98424.95	49826	0	WinnieSzeto	
2097	0:34:14	1/1/2019 	2047757	246.00	8.00	10.22	22.94	98417.36	241731	0	WinnieSzeto	
2098	0:34:15	1/1/2019 	2047935	836.00	63.00	23.95	22.94	98417.36	1848	1	WinnieSzeto	
2099	0:34:18	1/1/2019 	2051137	666.00	10.00	14.90	22.89	98413.00	145780	0	WinnieSzeto	
2100	0:34:23	1/1/2019 	2055979	965.00	277.00	53.59	22.84	98407.98	245314	1	WinnieSzeto	
2101	0:34:27	1/1/2019 	2060165	896.00	102.00	30.36	22.79	98404.33	193756	1	WinnieSzeto	
2102	0:34:29	1/1/2019 	2062054	960.00	206.00	45.99	22.78	98402.14	98531	1	WinnieSzeto	
2103	0:34:32	1/1/2019 	2065084	402.00	8.00	12.14	22.74	98398.05	145782	1	WinnieSzeto	
2104	0:34:33	1/1/2019 	2066212	65.00	7.00	5.92	22.73	98397.56	49826	0	WinnieSzeto	
2105	0:34:33	1/1/2019 	2066782	777.00	26.00	19.51	22.72	98396.78	49825	0	WinnieSzeto	
2106	0:34:38	1/1/2019 	2071850	171.00	8.00	8.59	22.67	98392.14	244338	0	WinnieSzeto	
2107	0:34:41	1/1/2019 	2074151	935.00	146.00	38.64	22.65	98390.69	98528	1	WinnieSzeto	
2108	0:34:41	1/1/2019 	2074266	648.00	9.00	14.51	22.65	98390.44	1851	1	WinnieSzeto	
2109	0:34:41	1/1/2019 	2074665	579.00	8.00	13.59	22.65	98390.44	49825	0	WinnieSzeto	
2110	0:34:42	1/1/2019 	2075223	161.00	8.00	8.32	22.64	98389.88	1847	0	WinnieSzeto	
2111	0:34:45	1/1/2019 	2077905	720.00	14.00	16.35	22.61	98386.38	145780	1	WinnieSzeto	
2112	0:34:45	1/1/2019 	2077910	238.00	8.00	10.08	22.61	98386.38	4618	0	WinnieSzeto	
2113	0:34:45	1/1/2019 	2078017	958.00	163.00	41.22	22.61	98386.38	1853	1	WinnieSzeto	
2114	0:34:45	1/1/2019 	2078184	664.00	9.00	14.58	22.61	98385.62	1856	0	WinnieSzeto	
2115	0:34:46	1/1/2019 	2078989	963.00	232.00	48.41	22.60	98385.41	49830	1	WinnieSzeto	
2116	0:34:46	1/1/2019 	2079636	967.00	188.00	44.23	22.60	98384.99	49829	1	WinnieSzeto	
2117	0:34:48	1/1/2019 	2081206	820.00	47.00	22.24	22.58	98384.33	53369	1	WinnieSzeto	
2118	0:34:48	1/1/2019 	2081679	753.00	19.00	17.90	22.58	98383.91	49826	1	WinnieSzeto	
2119	0:34:50	1/1/2019 	2083029	69.00	8.00	5.97	22.57	98382.61	49827	0	WinnieSzeto	
2120	0:34:52	1/1/2019 	2085731	873.00	80.00	26.38	22.55	98379.03	145780	1	WinnieSzeto	
2121	0:34:53	1/1/2019 	2086397	896.00	103.00	30.55	22.54	98377.57	1852	1	WinnieSzeto	
2122	0:34:53	1/1/2019 	2086821	97.00	8.00	6.52	22.54	98377.57	49826	0	WinnieSzeto	
2123	0:34:57	1/1/2019 	2090560	898.00	102.00	30.37	22.50	98374.66	196493	1	WinnieSzeto	
2124	0:34:57	1/1/2019 	2090583	946.00	150.00	39.29	22.50	98374.66	2578	1	WinnieSzeto	
2125	0:34:59	1/1/2019 	2092331	858.00	76.00	25.73	22.49	98373.81	49829	0	WinnieSzeto	
2126	0:35:01	1/1/2019 	2093966	818.00	57.00	23.24	22.48	98371.80	97806	1	WinnieSzeto	
2127	0:35:02	1/1/2019 	2095270	949.00	157.00	40.36	22.46	98369.64	49828	0	WinnieSzeto	
2128	0:35:06	1/1/2019 	2099612	590.00	9.00	13.90	22.43	98367.42	241739	0	WinnieSzeto	
2129	0:35:07	1/1/2019 	2100370	965.00	257.00	51.04	22.43	98366.34	5394	1	WinnieSzeto	
2130	0:35:14	1/1/2019 	2106405	962.00	251.00	50.36	22.38	98359.92	289710	1	WinnieSzeto	
2131	0:35:15	1/1/2019 	2107490	729.00	15.00	16.69	22.37	98359.84	49830	1	WinnieSzeto	
2132	0:35:16	1/1/2019 	2108598	757.00	21.00	18.41	22.36	98359.04	97804	1	WinnieSzeto	
2133	0:35:18	1/1/2019 	2110442	102.00	8.00	6.65	22.35	98357.39	49828	1	WinnieSzeto	
2134	0:35:18	1/1/2019 	2110813	382.00	8.00	11.97	22.35	98356.52	50550	0	WinnieSzeto	
2135	0:35:18	1/1/2019 	2111022	965.00	199.00	45.33	22.35	98356.52	4608	1	WinnieSzeto	
2136	0:35:20	1/1/2019 	2113132	113.00	7.00	6.95	22.33	98353.19	97799	0	WinnieSzeto	
2137	0:35:21	1/1/2019 	2113594	894.00	97.00	29.41	22.33	98352.64	49824	1	WinnieSzeto	
2138	0:35:25	1/1/2019 	2117442	803.00	47.00	22.21	22.30	98350.55	145775	1	WinnieSzeto	
2139	0:35:25	1/1/2019 	2117672	818.00	53.00	22.83	22.30	98350.55	49827	0	WinnieSzeto	
2140	0:35:25	1/1/2019 	2117981	473.00	8.00	12.64	22.29	98349.97	1850	0	WinnieSzeto	
2141	0:35:30	1/1/2019 	2122921	956.00	171.00	42.27	22.25	98344.02	244323	1	WinnieSzeto	
2142	0:35:32	1/1/2019 	2125041	609.00	9.00	14.14	22.24	98342.84	98531	0	WinnieSzeto	
2143	0:35:33	1/1/2019 	2126268	786.00	32.00	20.49	22.23	98342.53	49828	1	WinnieSzeto	
2144	0:35:34	1/1/2019 	2126553	942.00	154.00	39.91	22.23	98342.53	49827	1	WinnieSzeto	
2145	0:35:38	1/1/2019 	2130588	965.00	301.00	57.22	22.20	98340.53	193761	1	WinnieSzeto	
2146	0:35:43	1/1/2019 	2135669	964.00	281.00	54.16	22.16	98336.00	242472	1	WinnieSzeto	
2147	0:35:46	1/1/2019 	2138916	866.00	76.00	25.75	22.14	98332.91	148402	1	WinnieSzeto	
2148	0:35:52	1/1/2019 	2144772	131.00	8.00	7.47	22.11	98327.36	289715	0	WinnieSzeto	
2149	0:35:53	1/1/2019 	2145975	923.00	136.00	36.92	22.10	98327.11	50553	1	WinnieSzeto	
2150	0:35:55	1/1/2019 	2147920	977.00	582.00	100.76	22.09	98324.74	97807	1	WinnieSzeto	
2151	0:35:57	1/1/2019 	2149668	588.00	9.00	13.87	22.08	98323.82	97807	0	WinnieSzeto	
2152	0:35:58	1/1/2019 	2150642	970.00	315.00	59.59	22.07	98322.44	50557	1	WinnieSzeto	
2153	0:36:01	1/1/2019 	2153763	901.00	106.00	31.15	22.06	98320.36	148570	0	WinnieSzeto	
2154	0:36:03	1/1/2019 	2155973	600.00	9.00	14.02	22.04	98318.87	97807	0	WinnieSzeto	
2155	0:36:04	1/1/2019 	2156900	902.00	105.00	30.96	22.04	98317.63	49828	1	WinnieSzeto	
2156	0:36:04	1/1/2019 	2157178	918.00	121.00	34.11	22.03	98316.89	1851	1	WinnieSzeto	
2157	0:36:05	1/1/2019 	2158373	278.00	8.00	10.75	22.03	98316.50	49828	0	WinnieSzeto	
2158	0:36:06	1/1/2019 	2158683	978.00	617.00	108.76	22.03	98316.50	49827	1	WinnieSzeto	
2159	0:36:08	1/1/2019 	2160447	968.00	371.00	69.61	22.02	98315.20	52423	1	WinnieSzeto	
2160	0:36:08	1/1/2019 	2160599	822.00	66.00	24.28	22.01	98314.84	50556	0	WinnieSzeto	
2161	0:36:10	1/1/2019 	2162698	972.00	458.00	81.91	22.00	98313.53	97804	0	WinnieSzeto	
2162	0:36:10	1/1/2019 	2163232	702.00	12.00	15.66	22.00	98313.53	1852	1	WinnieSzeto	
2163	0:36:13	1/1/2019 	2165958	870.00	75.00	25.61	21.98	98312.30	145783	1	WinnieSzeto	
2164	0:36:14	1/1/2019 	2167344	867.00	74.00	25.46	21.97	98310.18	52442	0	WinnieSzeto	
2165	0:36:16	1/1/2019 	2169283	710.00	13.00	16.01	21.96	98307.88	97806	0	WinnieSzeto	
2166	0:36:18	1/1/2019 	2170619	973.00	454.00	81.43	21.95	98305.95	97811	0	WinnieSzeto	
2167	0:36:19	1/1/2019 	2171422	891.00	99.00	29.77	21.95	98305.08	2578	0	WinnieSzeto	
2168	0:36:23	1/1/2019 	2175720	848.00	68.00	24.59	21.92	98302.55	241736	1	WinnieSzeto	
2169	0:36:23	1/1/2019 	2176090	988.00	900.00	171.91	21.92	98302.50	1851	1	WinnieSzeto	
2170	0:36:24	1/1/2019 	2176558	960.00	177.00	43.00	21.92	98302.00	52441	1	WinnieSzeto	
2171	0:36:24	1/1/2019 	2176752	976.00	344.00	64.79	21.92	98302.00	1851	1	WinnieSzeto	
2172	0:36:24	1/1/2019 	2176844	777.00	26.00	19.51	21.92	98302.00	1849	1	WinnieSzeto	
2173	0:36:29	1/1/2019 	2182371	120.00	4.00	7.14	21.88	98297.45	241737	0	WinnieSzeto	
2174	0:36:30	1/1/2019 	2182823	388.00	8.00	12.02	21.88	98297.36	50553	0	WinnieSzeto	
2175	0:36:38	1/1/2019 	2190564	967.00	274.00	53.18	21.83	98291.97	385670	1	WinnieSzeto	
2176	0:36:38	1/1/2019 	2190590	908.00	109.00	31.75	21.83	98291.97	5397	1	WinnieSzeto	
2177	0:36:42	1/1/2019 	2194789	958.00	198.00	45.23	21.81	98290.46	193761	1	WinnieSzeto	
2178	0:36:42	1/1/2019 	2195382	801.00	33.00	20.66	21.81	98290.28	1851	0	WinnieSzeto	
2179	0:36:43	1/1/2019 	2195687	866.00	80.00	26.36	21.81	98290.28	49826	1	WinnieSzeto	
2180	0:36:45	1/1/2019 	2197436	592.00	8.00	13.74	21.80	98288.96	49828	0	WinnieSzeto	
2181	0:36:55	1/1/2019 	2207806	646.00	9.00	14.50	21.74	98281.92	529600	0	WinnieSzeto	
2182	0:36:58	1/1/2019 	2211073	837.00	65.00	24.19	21.73	98279.09	149354	1	WinnieSzeto	
2183	0:36:59	1/1/2019 	2212303	632.00	9.00	14.39	21.72	98278.17	50554	0	WinnieSzeto	
2184	0:37:01	1/1/2019 	2214099	903.00	103.00	30.57	21.71	98276.86	97805	1	WinnieSzeto	
2185	0:37:01	1/1/2019 	2214188	738.00	16.00	17.01	21.71	98276.02	1851	0	WinnieSzeto	
2186	0:37:01	1/1/2019 	2214229	591.00	9.00	13.91	21.71	98276.02	1847	1	WinnieSzeto	
2187	0:37:01	1/1/2019 	2214384	607.00	8.00	13.91	21.71	98276.02	1849	0	WinnieSzeto	
2188	0:37:02	1/1/2019 	2214613	610.00	9.00	14.15	21.71	98276.02	52437	0	WinnieSzeto	
2189	0:37:05	1/1/2019 	2218137	719.00	13.00	16.01	21.69	98272.12	145787	1	WinnieSzeto	
2190	0:37:06	1/1/2019 	2218808	889.00	97.00	29.39	21.68	98271.41	49834	1	WinnieSzeto	
2191	0:37:07	1/1/2019 	2219601	966.00	286.00	54.88	21.68	98270.88	49830	0	WinnieSzeto	
2192	0:37:07	1/1/2019 	2220337	930.00	133.00	36.38	21.67	98270.33	2584	0	WinnieSzeto	
2193	0:37:10	1/1/2019 	2223320	901.00	103.00	30.57	21.66	98267.78	145780	0	WinnieSzeto	
2194	0:37:12	1/1/2019 	2225105	206.00	8.00	9.43	21.65	98265.99	100417	1	WinnieSzeto	
2195	0:37:16	1/1/2019 	2228906	800.00	43.00	21.80	21.63	98262.59	193756	1	WinnieSzeto	
2196	0:37:18	1/1/2019 	2231325	921.00	131.00	36.00	21.61	98261.73	97806	0	WinnieSzeto	
2197	0:37:20	1/1/2019 	2232841	134.00	8.00	7.56	21.61	98261.34	98530	0	WinnieSzeto	
2198	0:37:20	1/1/2019 	2233334	974.00	289.00	55.33	21.60	98260.64	1848	0	WinnieSzeto	
2199	0:37:23	1/1/2019 	2235835	794.00	39.00	21.37	21.59	98257.78	145777	1	WinnieSzeto	
2200	0:37:26	1/1/2019 	2239399	168.00	8.00	8.51	21.57	98254.83	148413	0	WinnieSzeto	
2201	0:37:27	1/1/2019 	2240081	962.00	214.00	46.73	21.57	98254.45	49824	1	WinnieSzeto	
2202	0:37:33	1/1/2019 	2245420	852.00	71.00	25.00	21.54	98251.06	242453	1	WinnieSzeto	
2203	0:37:33	1/1/2019 	2245627	891.00	91.00	28.30	21.54	98251.06	49826	1	WinnieSzeto	
2204	0:37:36	1/1/2019 	2248416	107.00	8.00	6.78	21.53	98249.27	97799	0	WinnieSzeto	
2205	0:37:38	1/1/2019 	2251386	948.00	149.00	39.13	21.51	98246.20	145775	1	WinnieSzeto	
2206	0:37:39	1/1/2019 	2251978	897.00	100.00	29.98	21.51	98246.16	53397	0	WinnieSzeto	
2207	0:37:42	1/1/2019 	2255357	878.00	84.00	27.05	21.49	98244.67	145777	0	WinnieSzeto	
2208	0:37:46	1/1/2019 	2259342	735.00	16.00	17.01	21.48	98242.59	193758	0	WinnieSzeto	
2209	0:37:48	1/1/2019 	2260552	808.00	51.00	22.61	21.47	98241.55	97801	1	WinnieSzeto	
2210	0:37:50	1/1/2019 	2263400	801.00	40.00	21.49	21.45	98239.17	98531	1	WinnieSzeto	
2211	0:37:54	1/1/2019 	2267008	97.00	8.00	6.52	21.44	98239.52	196367	0	WinnieSzeto	
2212	0:37:58	1/1/2019 	2270699	230.00	8.00	9.93	21.44	98239.73	193755	0	WinnieSzeto	
2213	0:38:03	1/1/2019 	2276179	694.00	11.00	15.30	21.44	98243.54	242461	0	WinnieSzeto	
2214	0:38:04	1/1/2019 	2276749	700.00	11.00	15.30	21.44	98242.67	49829	0	WinnieSzeto	
2215	0:38:06	1/1/2019 	2278470	179.00	8.00	8.80	21.43	98240.50	49826	0	WinnieSzeto	
2216	0:38:06	1/1/2019 	2278561	882.00	87.00	27.57	21.43	98240.50	49825	1	WinnieSzeto	
2217	0:38:16	1/1/2019 	2289014	952.00	161.00	40.94	21.41	98221.71	484232	1	WinnieSzeto	
2218	0:38:22	1/1/2019 	2295321	917.00	124.00	34.68	21.38	98187.85	290440	0	WinnieSzeto	
2219	0:38:23	1/1/2019 	2295844	75.00	8.00	6.05	21.37	98185.36	50555	0	WinnieSzeto	
2220	0:38:28	1/1/2019 	2301215	745.00	18.00	17.61	21.35	98166.52	241733	0	WinnieSzeto	
2221	0:38:30	1/1/2019 	2303044	90.00	8.00	6.35	21.34	98161.78	98533	0	WinnieSzeto	
2222	0:38:31	1/1/2019 	2303790	800.00	40.00	21.49	21.34	98160.59	49826	1	WinnieSzeto	
2223	0:38:31	1/1/2019 	2304165	803.00	39.00	21.39	21.33	98158.70	4484	1	WinnieSzeto	
2224	0:38:32	1/1/2019 	2304665	957.00	170.00	42.15	21.33	98157.39	49827	1	WinnieSzeto	
2225	0:38:33	1/1/2019 	2305433	181.00	8.00	8.85	21.33	98155.88	1853	0	WinnieSzeto	
2226	0:38:40	1/1/2019 	2313116	719.00	13.00	16.01	21.30	98130.95	385664	1	WinnieSzeto	
2227	0:38:41	1/1/2019 	2314023	963.00	287.00	55.03	21.29	98126.15	50556	1	WinnieSzeto	
2228	0:38:41	1/1/2019 	2314134	954.00	156.00	40.21	21.29	98126.15	1851	1	WinnieSzeto	
2229	0:38:47	1/1/2019 	2320082	964.00	293.00	55.95	21.27	98103.60	292319	1	WinnieSzeto	
2230	0:38:49	1/1/2019 	2322224	813.00	58.00	23.34	21.27	98098.12	98532	1	WinnieSzeto	
2231	0:38:50	1/1/2019 	2322463	123.00	8.00	7.24	21.27	98098.12	1858	0	WinnieSzeto	
2232	0:38:51	1/1/2019 	2323852	917.00	131.00	36.00	21.26	98094.26	97804	1	WinnieSzeto	
2233	0:39:00	1/1/2019 	2332448	422.00	8.00	12.29	21.23	98077.07	385662	1	WinnieSzeto	
2234	0:39:00	1/1/2019 	2333035	806.00	58.00	23.32	21.23	98076.91	50553	0	WinnieSzeto	
2235	0:39:01	1/1/2019 	2334134	223.00	8.00	9.79	21.23	98075.54	52438	1	WinnieSzeto	
2236	0:39:03	1/1/2019 	2336196	158.00	8.00	8.24	21.22	98072.14	97802	0	WinnieSzeto	
2237	0:39:11	1/1/2019 	2343926	711.00	12.00	15.66	21.20	98066.03	385669	1	WinnieSzeto	
2238	0:39:15	1/1/2019 	2347456	953.00	168.00	41.89	21.18	98060.34	146508	1	WinnieSzeto	
2239	0:39:16	1/1/2019 	2348581	791.00	30.00	20.21	21.18	98058.62	97807	1	WinnieSzeto	
2240	0:39:19	1/1/2019 	2352397	907.00	114.00	32.72	21.16	98051.36	145786	1	WinnieSzeto	
2241	0:39:20	1/1/2019 	2352418	981.00	866.00	157.67	21.16	98051.36	5315	0	WinnieSzeto	
2242	0:39:20	1/1/2019 	2352434	746.00	17.00	17.33	21.16	98051.36	1851	1	WinnieSzeto	
2243	0:39:27	1/1/2019 	2359629	671.00	10.00	14.92	21.14	98041.02	385657	0	WinnieSzeto	
2244	0:39:28	1/1/2019 	2360888	979.00	708.00	127.73	21.13	98038.11	50556	1	WinnieSzeto	
2245	0:39:29	1/1/2019 	2362366	100.00	8.00	6.59	21.13	98038.09	49827	0	WinnieSzeto	
2246	0:39:30	1/1/2019 	2362972	152.00	8.00	8.07	21.12	98037.89	49826	0	WinnieSzeto	
2247	0:39:31	1/1/2019 	2364299	951.00	157.00	40.36	21.12	98034.84	52331	1	WinnieSzeto	
2248	0:39:39	1/1/2019 	2371486	786.00	32.00	20.49	21.09	98027.34	337694	0	WinnieSzeto	
2249	0:39:42	1/1/2019 	2374562	813.00	54.00	22.92	21.08	98022.92	194482	0	WinnieSzeto	
2250	0:39:42	1/1/2019 	2374639	925.00	128.00	35.45	21.08	98022.92	1852	1	WinnieSzeto	
2251	0:39:42	1/1/2019 	2375228	924.00	132.00	36.19	21.08	98021.23	1847	1	WinnieSzeto	
2252	0:39:47	1/1/2019 	2379979	143.00	8.00	7.82	21.06	98016.77	241731	0	WinnieSzeto	
2253	0:39:53	1/1/2019 	2386200	69.00	8.00	5.97	21.05	98009.01	293193	0	WinnieSzeto	
2254	0:39:55	1/1/2019 	2388340	833.00	64.00	24.06	21.04	98006.42	97801	0	WinnieSzeto	
2255	0:39:58	1/1/2019 	2390566	967.00	321.00	60.64	21.03	98005.05	145782	0	WinnieSzeto	
2256	0:40:00	1/1/2019 	2393391	711.00	13.00	16.01	21.02	98002.77	98532	1	WinnieSzeto	
2257	0:40:01	1/1/2019 	2393670	113.00	8.00	6.95	21.02	98002.56	49829	0	WinnieSzeto	
2258	0:40:03	1/1/2019 	2395681	915.00	124.00	34.68	21.01	98001.81	97802	1	WinnieSzeto	
2259	0:40:04	1/1/2019 	2397195	260.00	8.00	10.46	21.01	97999.27	52358	0	WinnieSzeto	
2260	0:40:13	1/1/2019 	2405789	964.00	289.00	55.33	20.97	97990.42	433653	1	WinnieSzeto	
2261	0:40:23	1/1/2019 	2415356	832.00	60.00	23.60	20.94	97982.12	434372	0	WinnieSzeto	
2262	0:40:23	1/1/2019 	2415615	109.00	8.00	6.84	20.94	97982.12	50562	0	WinnieSzeto	
2263	0:40:24	1/1/2019 	2416845	806.00	50.00	22.51	20.93	97980.73	49828	1	WinnieSzeto	
2264	0:40:36	1/1/2019 	2429047	920.00	133.00	36.37	20.89	97970.33	580188	1	WinnieSzeto	
2265	0:40:39	1/1/2019 	2432099	812.00	55.00	23.02	20.88	97967.24	146515	1	WinnieSzeto	
2266	0:40:40	1/1/2019 	2433129	789.00	34.00	20.77	20.88	97966.57	50556	1	WinnieSzeto	
2267	0:40:48	1/1/2019 	2440890	789.00	34.00	20.77	20.86	97961.17	385682	1	WinnieSzeto	
2268	0:40:50	1/1/2019 	2442682	954.00	167.00	41.76	20.85	97959.45	98534	1	WinnieSzeto	
2269	0:40:53	1/1/2019 	2445675	734.00	15.00	16.69	20.84	97956.21	145785	0	WinnieSzeto	
2270	0:40:54	1/1/2019 	2446449	109.00	8.00	6.84	20.84	97956.05	4466	0	WinnieSzeto	
2271	0:40:55	1/1/2019 	2447985	374.00	8.00	11.90	20.83	97954.98	97803	0	WinnieSzeto	
2272	0:40:56	1/1/2019 	2448627	180.00	8.00	8.82	20.83	97954.77	49827	0	WinnieSzeto	
2273	0:40:56	1/1/2019 	2448887	161.00	8.00	8.32	20.83	97954.77	1848	0	WinnieSzeto	
2274	0:40:58	1/1/2019 	2451095	921.00	134.00	36.55	20.82	97952.38	97803	1	WinnieSzeto	
2275	0:41:02	1/1/2019 	2455264	953.00	171.00	42.27	20.81	97949.48	194496	1	WinnieSzeto	
2276	0:41:06	1/1/2019 	2458858	970.00	371.00	69.61	20.79	97946.75	201029	1	WinnieSzeto	
2277	0:41:07	1/1/2019 	2460058	779.00	28.00	19.87	20.79	97946.17	49830	1	WinnieSzeto	
2278	0:41:11	1/1/2019 	2463402	64.00	8.00	5.92	20.78	97943.36	146510	0	WinnieSzeto	
2279	0:41:13	1/1/2019 	2466234	980.00	910.00	178.52	20.77	97941.14	145780	0	WinnieSzeto	
2280	0:41:22	1/1/2019 	2474574	955.00	173.00	42.52	20.74	97935.02	433647	1	WinnieSzeto	
2281	0:41:25	1/1/2019 	2477838	930.00	142.00	37.97	20.73	97932.38	146514	1	WinnieSzeto	
2282	0:41:29	1/1/2019 	2481800	948.00	153.00	39.76	20.72	97930.92	196378	1	WinnieSzeto	
2283	0:41:31	1/1/2019 	2484271	769.00	23.00	18.89	20.71	97930.00	98535	1	WinnieSzeto	
2284	0:41:32	1/1/2019 	2484762	719.00	13.00	16.01	20.71	97929.14	49830	0	WinnieSzeto	
2285	0:41:34	1/1/2019 	2486838	820.00	53.00	22.83	20.70	97927.19	97808	1	WinnieSzeto	
2286	0:41:44	1/1/2019 	2497302	188.00	8.00	9.02	20.66	97919.66	481635	0	WinnieSzeto	
2287	0:41:48	1/1/2019 	2500628	644.00	9.00	14.48	20.64	97916.64	194487	0	WinnieSzeto	
2288	0:41:49	1/1/2019 	2501761	753.00	20.00	18.16	20.64	97916.26	53375	1	WinnieSzeto	
2289	0:41:49	1/1/2019 	2502260	816.00	55.00	23.03	20.64	97916.08	1851	1	WinnieSzeto	
2290	0:41:54	1/1/2019 	2507081	964.00	286.00	54.88	20.62	97910.20	241741	1	WinnieSzeto	
2291	0:41:56	1/1/2019 	2508471	968.00	352.00	66.24	20.61	97908.84	49830	1	WinnieSzeto	
2292	0:41:59	1/1/2019 	2511833	954.00	172.00	42.40	20.60	97906.16	193768	1	WinnieSzeto	
2293	0:42:08	1/1/2019 	2520990	816.00	48.00	22.33	20.57	97898.73	434378	0	WinnieSzeto	
2294	0:42:14	1/1/2019 	2526482	924.00	138.00	37.27	20.55	97894.55	245284	1	WinnieSzeto	
2295	0:42:24	1/1/2019 	2537043	721.00	14.00	16.36	20.51	97888.66	529619	0	WinnieSzeto	
2296	0:42:25	1/1/2019 	2537972	776.00	23.00	18.90	20.51	97888.61	50557	1	WinnieSzeto	
2297	0:42:27	1/1/2019 	2539997	710.00	13.00	16.01	20.50	97885.90	97810	1	WinnieSzeto	
2298	0:42:27	1/1/2019 	2540073	751.00	19.00	17.90	20.50	97885.90	2577	1	WinnieSzeto	
2299	0:42:39	1/1/2019 	2552109	67.00	7.00	5.94	20.46	97876.61	577607	0	WinnieSzeto	
2300	0:42:40	1/1/2019 	2552480	965.00	326.00	61.53	20.46	97876.61	5426	1	WinnieSzeto	
2301	0:42:42	1/1/2019 	2555253	102.00	8.00	6.65	20.45	97874.19	145790	0	WinnieSzeto	
2302	0:42:43	1/1/2019 	2556112	145.00	8.00	7.87	20.45	97874.00	49828	0	WinnieSzeto	
2303	0:42:48	1/1/2019 	2560730	569.00	9.00	13.63	20.43	97871.34	241745	1	WinnieSzeto	
2304	0:42:50	1/1/2019 	2562927	905.00	109.00	31.74	20.42	97869.41	98595	1	WinnieSzeto	
2305	0:42:51	1/1/2019 	2564183	232.00	8.00	9.97	20.42	97868.62	49833	0	WinnieSzeto	
2306	0:42:57	1/1/2019 	2570145	803.00	44.00	21.91	20.40	97864.61	292338	1	WinnieSzeto	
2307	0:42:59	1/1/2019 	2571861	972.00	450.00	80.96	20.39	97863.23	98597	1	WinnieSzeto	
2308	0:43:02	1/1/2019 	2574828	765.00	22.00	18.66	20.38	97861.30	145789	1	WinnieSzeto	
2309	0:43:05	1/1/2019 	2577400	790.00	30.00	20.21	20.37	97860.19	97808	1	WinnieSzeto	
2310	0:43:09	1/1/2019 	2582102	910.00	118.00	33.51	20.35	97854.81	241746	1	WinnieSzeto	
2311	0:43:11	1/1/2019 	2583430	978.00	707.00	127.65	20.35	97853.82	53232	1	WinnieSzeto	
2312	0:43:15	1/1/2019 	2588106	783.00	29.00	20.04	20.33	97850.94	241745	1	WinnieSzeto	
2313	0:43:16	1/1/2019 	2588774	951.00	160.00	40.80	20.33	97850.56	49829	1	WinnieSzeto	
2314	0:43:16	1/1/2019 	2588922	97.00	8.00	6.52	20.33	97850.56	1851	0	WinnieSzeto	
2315	0:43:19	1/1/2019 	2591390	93.00	9.00	6.42	20.32	97849.48	97803	0	WinnieSzeto	
2316	0:43:19	1/1/2019 	2591557	934.00	143.00	38.14	20.32	97849.48	50616	1	WinnieSzeto	
2317	0:43:25	1/1/2019 	2597986	966.00	273.00	53.05	20.30	97844.88	292329	1	WinnieSzeto	
2318	0:43:28	1/1/2019 	2600837	968.00	365.00	68.56	20.29	97843.59	145787	1	WinnieSzeto	
2319	0:43:29	1/1/2019 	2601670	885.00	91.00	28.28	20.29	97843.27	50617	1	WinnieSzeto	
2320	0:43:29	1/1/2019 	2601980	935.00	141.00	37.80	20.28	97842.57	1852	1	WinnieSzeto	
2321	0:43:30	1/1/2019 	2602892	734.00	16.00	17.01	20.28	97842.23	49827	1	WinnieSzeto	
2322	0:43:30	1/1/2019 	2602946	981.00	567.00	97.69	20.28	97842.23	1850	1	WinnieSzeto	
2323	0:43:32	1/1/2019 	2604413	671.00	10.00	14.92	20.28	97841.66	52441	1	WinnieSzeto	
2324	0:43:39	1/1/2019 	2612120	784.00	30.00	20.20	20.25	97836.89	385676	1	WinnieSzeto	
2325	0:43:42	1/1/2019 	2614828	806.00	43.00	21.81	20.24	97835.64	146576	1	WinnieSzeto	
2326	0:43:45	1/1/2019 	2617609	778.00	27.00	19.69	20.23	97833.70	145788	1	WinnieSzeto	
2327	0:43:47	1/1/2019 	2620186	961.00	268.00	52.39	20.23	97833.09	97807	1	WinnieSzeto	
2328	0:43:55	1/1/2019 	2628036	629.00	8.00	14.11	20.20	97829.50	386461	1	WinnieSzeto	
2329	0:43:56	1/1/2019 	2629132	968.00	436.00	79.27	20.20	97828.59	52438	0	WinnieSzeto	
2330	0:43:56	1/1/2019 	2629321	844.00	65.00	24.21	20.20	97828.59	1851	0	WinnieSzeto	
2331	0:43:57	1/1/2019 	2629561	67.00	8.00	5.94	20.20	97828.59	49826	0	WinnieSzeto	
2332	0:43:58	1/1/2019 	2630475	76.00	8.00	6.07	20.20	97828.22	2636	0	WinnieSzeto	
2333	0:44:01	1/1/2019 	2633726	860.00	81.00	26.50	20.19	97826.14	193757	1	WinnieSzeto	
2334	0:44:04	1/1/2019 	2636703	787.00	29.00	20.05	20.18	97824.53	145784	1	WinnieSzeto	
2335	0:44:05	1/1/2019 	2638023	816.00	50.00	22.53	20.17	97823.49	52440	1	WinnieSzeto	
2336	0:44:06	1/1/2019 	2638878	67.00	8.00	5.94	20.17	97823.28	49828	0	WinnieSzeto	
2337	0:44:06	1/1/2019 	2639170	148.00	8.00	7.96	20.17	97822.75	1848	0	WinnieSzeto	
2338	0:44:08	1/1/2019 	2640444	230.00	8.00	9.93	20.16	97822.22	49824	0	WinnieSzeto	
2339	0:44:10	1/1/2019 	2642796	118.00	8.00	7.09	20.16	97821.14	146567	0	WinnieSzeto	
2340	0:44:15	1/1/2019 	2647754	924.00	136.00	36.92	20.14	97817.78	241730	1	WinnieSzeto	
2341	0:44:15	1/1/2019 	2648202	388.00	9.00	12.08	20.14	97817.78	4485	1	WinnieSzeto	
2342	0:44:16	1/1/2019 	2649139	964.00	271.00	52.78	20.13	97816.75	49826	0	WinnieSzeto	
2343	0:44:20	1/1/2019 	2652482	771.00	28.00	19.85	20.12	97814.64	145780	0	WinnieSzeto	
2344	0:44:20	1/1/2019 	2653130	798.00	38.00	21.27	20.12	97814.81	50618	1	WinnieSzeto	
2345	0:44:21	1/1/2019 	2653415	964.00	276.00	53.45	20.12	97814.81	1849	1	WinnieSzeto	
2346	0:44:25	1/1/2019 	2658353	745.00	18.00	17.61	20.11	97811.95	241737	0	WinnieSzeto	
2347	0:44:26	1/1/2019 	2658485	831.00	57.00	23.27	20.11	97811.78	4446	1	WinnieSzeto	
2348	0:44:30	1/1/2019 	2663139	975.00	526.00	90.49	20.09	97809.78	241740	1	WinnieSzeto	
2349	0:44:36	1/1/2019 	2669218	898.00	105.00	30.94	20.07	97806.23	290510	1	WinnieSzeto	
2350	0:44:45	1/1/2019 	2677444	702.00	11.00	15.30	20.04	97801.91	385677	0	WinnieSzeto	
2351	0:44:51	1/1/2019 	2683387	765.00	22.00	18.66	20.02	97798.02	290498	0	WinnieSzeto	
2352	0:44:51	1/1/2019 	2683879	965.00	216.00	46.92	20.02	97798.02	50617	1	WinnieSzeto	
2353	0:44:52	1/1/2019 	2685217	158.00	8.00	8.24	20.02	97797.59	52441	0	WinnieSzeto	
2354	0:44:53	1/1/2019 	2686175	852.00	67.00	24.47	20.01	97796.89	49826	1	WinnieSzeto	
2355	0:44:56	1/1/2019 	2688644	641.00	9.00	14.46	20.01	97796.14	145777	0	WinnieSzeto	
2356	0:44:57	1/1/2019 	2690157	806.00	41.00	21.61	20.00	97796.25	49825	1	WinnieSzeto	
2357	0:45:01	1/1/2019 	2694099	977.00	766.00	136.24	19.99	97793.57	194542	1	WinnieSzeto	
2358	0:45:04	1/1/2019 	2697052	857.00	74.00	25.43	19.98	97792.19	148622	1	WinnieSzeto	
2359	0:45:04	1/1/2019 	2697158	793.00	35.00	20.90	19.98	97792.19	1851	1	WinnieSzeto	
2360	0:45:09	1/1/2019 	2702153	807.00	49.00	22.41	19.96	97789.67	241738	1	WinnieSzeto	
2361	0:45:12	1/1/2019 	2704670	958.00	203.00	45.71	19.96	97787.45	146572	1	WinnieSzeto	
2362	0:45:13	1/1/2019 	2705415	669.00	10.00	14.91	19.95	97787.24	1851	0	WinnieSzeto	
2363	0:45:14	1/1/2019 	2706686	964.00	249.00	50.14	19.95	97786.16	97805	1	WinnieSzeto	
2364	0:45:14	1/1/2019 	2707352	754.00	19.00	17.90	19.95	97785.83	4466	0	WinnieSzeto	
2365	0:45:16	1/1/2019 	2709026	968.00	298.00	56.74	19.94	97785.42	97804	0	WinnieSzeto	
2366	0:45:17	1/1/2019 	2709903	979.00	802.00	142.53	19.94	97785.23	49830	1	WinnieSzeto	
2367	0:45:18	1/1/2019 	2710474	908.00	112.00	32.34	19.94	97785.08	2643	1	WinnieSzeto	
2368	0:45:19	1/1/2019 	2711448	287.00	8.00	10.88	19.93	97783.88	49832	0	WinnieSzeto	
2369	0:45:19	1/1/2019 	2711476	941.00	145.00	38.48	19.93	97783.88	1854	1	WinnieSzeto	
2370	0:45:20	1/1/2019 	2712699	751.00	19.00	17.90	19.93	97783.50	156258	0	WinnieSzeto	
2371	0:45:22	1/1/2019 	2714709	970.00	418.00	76.93	19.92	97782.42	97805	1	WinnieSzeto	
2372	0:45:22	1/1/2019 	2714908	870.00	79.00	26.22	19.92	97782.42	1851	1	WinnieSzeto	
2373	0:45:30	1/1/2019 	2722813	120.00	8.00	7.15	19.90	97777.67	385671	0	WinnieSzeto	
2374	0:45:31	1/1/2019 	2724495	668.00	10.00	14.91	19.89	97777.09	50614	0	WinnieSzeto	
2375	0:45:33	1/1/2019 	2726698	982.00	904.00	175.08	19.89	97776.50	145784	1	WinnieSzeto	
2376	0:45:34	1/1/2019 	2727055	876.00	86.00	27.38	19.89	97776.50	4461	1	WinnieSzeto	
2377	0:45:36	1/1/2019 	2729058	969.00	437.00	79.40	19.88	97775.43	97806	1	WinnieSzeto	
2378	0:45:38	1/1/2019 	2731556	980.00	709.00	128.02	19.88	97774.23	145784	1	WinnieSzeto	
2379	0:45:41	1/1/2019 	2733947	895.00	103.00	30.55	19.87	97772.78	98595	1	WinnieSzeto	
2380	0:45:41	1/1/2019 	2734668	788.00	31.00	20.36	19.87	97772.61	49829	0	WinnieSzeto	
2381	0:45:43	1/1/2019 	2736333	962.00	257.00	51.04	19.86	97771.55	49829	0	WinnieSzeto	
2382	0:45:46	1/1/2019 	2738923	668.00	10.00	14.91	19.86	97770.66	148546	0	WinnieSzeto	
2383	0:45:48	1/1/2019 	2740987	791.00	28.00	19.89	19.85	97769.92	97808	0	WinnieSzeto	
2384	0:45:48	1/1/2019 	2741048	894.00	95.00	29.03	19.85	97769.92	2638	1	WinnieSzeto	
2385	0:45:50	1/1/2019 	2743374	99.00	8.00	6.57	19.84	97768.30	97804	0	WinnieSzeto	
2386	0:45:50	1/1/2019 	2743382	843.00	67.00	24.45	19.84	97768.30	1848	1	WinnieSzeto	
2387	0:45:58	1/1/2019 	2751051	966.00	254.00	50.70	19.82	97764.52	385675	1	WinnieSzeto	
2388	0:45:59	1/1/2019 	2751979	864.00	79.00	26.20	19.82	97764.52	53226	0	WinnieSzeto	
2389	0:46:03	1/1/2019 	2756026	709.00	12.00	15.66	19.80	97762.41	193761	1	WinnieSzeto	
2390	0:46:04	1/1/2019 	2757070	820.00	60.00	23.57	19.80	97762.52	49829	1	WinnieSzeto	
2391	0:46:05	1/1/2019 	2758026	462.00	8.00	12.56	19.80	97761.62	49829	1	WinnieSzeto	
2392	0:46:11	1/1/2019 	2764130	135.00	8.00	7.59	19.78	97758.92	289712	0	WinnieSzeto	
2393	0:46:12	1/1/2019 	2765193	905.00	111.00	32.13	19.78	97759.23	50614	0	WinnieSzeto	
2394	0:46:13	1/1/2019 	2766577	807.00	51.00	22.61	19.77	97758.20	100642	1	WinnieSzeto	
2395	0:46:14	1/1/2019 	2767090	749.00	19.00	17.89	19.77	97757.66	1851	1	WinnieSzeto	
2396	0:46:15	1/1/2019 	2768126	838.00	66.00	24.32	19.77	97757.12	49830	0	WinnieSzeto	
2397	0:46:16	1/1/2019 	2769087	64.00	8.00	5.92	19.76	97757.25	49832	1	WinnieSzeto	
2398	0:46:17	1/1/2019 	2770351	969.00	403.00	74.78	19.76	97756.05	49824	0	WinnieSzeto	
2399	0:46:20	1/1/2019 	2772951	117.00	8.00	7.06	19.75	97754.61	146569	0	WinnieSzeto	
2400	0:46:20	1/1/2019 	2773310	396.00	8.00	12.09	19.75	97754.27	4480	1	WinnieSzeto	
2401	0:46:24	1/1/2019 	2777417	882.00	86.00	27.40	19.74	97751.80	193757	1	WinnieSzeto	
2402	0:46:26	1/1/2019 	2779241	215.00	8.00	9.63	19.73	97750.22	97806	0	WinnieSzeto	
2403	0:46:31	1/1/2019 	2784412	927.00	140.00	37.62	19.71	97747.48	241742	1	WinnieSzeto	
2404	0:46:35	1/1/2019 	2787998	968.00	305.00	57.88	19.70	97745.17	194558	1	WinnieSzeto	
2405	0:46:37	1/1/2019 	2790748	576.00	8.00	13.56	19.69	97744.28	148402	0	WinnieSzeto	
2406	0:46:41	1/1/2019 	2794313	919.00	127.00	35.26	19.68	97742.83	146569	0	WinnieSzeto	
2407	0:46:42	1/1/2019 	2795141	962.00	296.00	56.42	19.67	97741.60	49830	1	WinnieSzeto	
2408	0:46:48	1/1/2019 	2801050	361.00	8.00	11.77	19.66	97739.56	289722	0	WinnieSzeto	
2409	0:46:51	1/1/2019 	2804372	892.00	97.00	29.40	19.65	97738.15	146572	0	WinnieSzeto	
2410	0:46:54	1/1/2019 	2806850	959.00	234.00	48.60	19.64	97737.23	145786	1	WinnieSzeto	
2411	0:46:54	1/1/2019 	2807397	937.00	146.00	38.64	19.64	97736.38	4464	1	WinnieSzeto	
2412	0:47:00	1/1/2019 	2813767	729.00	14.00	16.36	19.62	97735.14	337700	1	WinnieSzeto	
2413	0:47:04	1/1/2019 	2817413	796.00	41.00	21.59	19.61	97733.85	146579	1	WinnieSzeto	
2414	0:47:07	1/1/2019 	2820142	669.00	10.00	14.91	19.60	97732.28	145784	0	WinnieSzeto	
2415	0:47:25	1/1/2019 	2838658	858.00	76.00	25.73	19.55	97721.70	914205	0	WinnieSzeto	
2416	0:47:26	1/1/2019 	2838940	707.00	11.00	15.30	19.55	97721.54	2642	1	WinnieSzeto	
2417	0:47:30	1/1/2019 	2843770	942.00	147.00	38.81	19.53	97719.22	244352	0	WinnieSzeto	
2418	0:47:32	1/1/2019 	2845363	185.00	8.00	8.95	19.53	97718.84	50616	0	WinnieSzeto	
2419	0:47:34	1/1/2019 	2847114	950.00	155.00	40.06	19.52	97718.09	97805	1	WinnieSzeto	
2420	0:47:36	1/1/2019 	2848828	838.00	67.00	24.44	19.52	97716.40	97806	1	WinnieSzeto	
2421	0:47:37	1/1/2019 	2850267	173.00	8.00	8.64	19.51	97716.47	49827	0	WinnieSzeto	
2422	0:47:39	1/1/2019 	2851886	877.00	88.00	27.72	19.51	97715.77	98589	1	WinnieSzeto	
2423	0:47:39	1/1/2019 	2852351	63.00	8.00	5.91	19.51	97715.59	4461	0	WinnieSzeto	
2424	0:47:43	1/1/2019 	2856786	964.00	245.00	49.71	19.50	97713.78	241735	1	WinnieSzeto	
2425	0:47:44	1/1/2019 	2857307	787.00	30.00	20.20	19.49	97713.41	1851	1	WinnieSzeto	
2426	0:47:46	1/1/2019 	2859472	966.00	278.00	53.73	19.49	97713.19	97806	1	WinnieSzeto	
2427	0:48:04	1/1/2019 	2877579	958.00	214.00	46.73	19.44	97705.42	913430	1	WinnieSzeto	
2428	0:48:12	1/1/2019 	2885063	965.00	318.00	60.11	19.42	97702.36	338487	1	WinnieSzeto	
2429	0:48:17	1/1/2019 	2890500	810.00	50.00	22.51	19.40	97699.50	245293	1	WinnieSzeto	
2430	0:48:19	1/1/2019 	2892742	391.00	6.00	11.92	19.40	97699.25	146574	0	WinnieSzeto	
2431	0:48:19	1/1/2019 	2892750	63.00	8.00	5.91	19.40	97699.25	1849	0	WinnieSzeto	
2432	0:48:22	1/1/2019 	2895045	110.00	8.00	6.86	19.39	97697.38	97803	1	WinnieSzeto	
2433	0:48:22	1/1/2019 	2895809	521.00	8.00	13.00	19.39	97697.87	49830	1	WinnieSzeto	
2434	0:48:25	1/1/2019 	2898408	731.00	15.00	16.69	19.38	97695.60	97802	1	WinnieSzeto	
2435	0:48:29	1/1/2019 	2902077	972.00	638.00	113.65	19.37	97693.83	196377	1	WinnieSzeto	
2436	0:48:32	1/1/2019 	2905614	925.00	141.00	37.79	19.36	97692.86	194560	1	WinnieSzeto	
2437	0:48:37	1/1/2019 	2910295	94.00	8.00	6.44	19.35	97690.76	193765	1	WinnieSzeto	
2438	0:48:37	1/1/2019 	2910339	687.00	10.00	14.94	19.35	97689.92	2636	0	WinnieSzeto	
2439	0:48:42	1/1/2019 	2915651	962.00	262.00	51.64	19.33	97687.94	289724	1	WinnieSzeto	
2440	0:48:45	1/1/2019 	2918628	931.00	142.00	37.97	19.33	97687.48	145792	1	WinnieSzeto	
2441	0:48:46	1/1/2019 	2919595	226.00	8.00	9.85	19.32	97686.66	52595	0	WinnieSzeto	
2442	0:48:53	1/1/2019 	2926351	648.00	10.00	14.79	19.31	97684.77	290510	0	WinnieSzeto	
2443	0:48:55	1/1/2019 	2928248	178.00	8.00	8.77	19.30	97683.25	97807	0	WinnieSzeto	
2444	0:48:59	1/1/2019 	2932216	913.00	121.00	34.10	19.29	97682.12	193764	1	WinnieSzeto	
2445	0:48:59	1/1/2019 	2932455	971.00	326.00	61.53	19.29	97682.12	2647	1	WinnieSzeto	
2446	0:48:59	1/1/2019 	2932673	556.00	9.00	13.47	19.29	97681.96	49832	0	WinnieSzeto	
2447	0:49:02	1/1/2019 	2935164	762.00	22.00	18.66	19.28	97681.50	100418	0	WinnieSzeto	
2448	0:49:04	1/1/2019 	2937615	74.00	8.00	6.03	19.28	97680.09	145787	0	WinnieSzeto	
2449	0:49:12	1/1/2019 	2944926	688.00	11.00	15.29	19.26	97676.75	337695	0	WinnieSzeto	
2450	0:49:20	1/1/2019 	2953616	797.00	33.00	20.65	19.24	97673.47	434442	1	WinnieSzeto	
2451	0:49:24	1/1/2019 	2957281	973.00	460.00	82.12	19.23	97672.19	146577	1	WinnieSzeto	
2452	0:49:25	1/1/2019 	2958099	833.00	62.00	23.83	19.22	97671.55	52448	1	WinnieSzeto	
2453	0:49:26	1/1/2019 	2959659	188.00	8.00	9.02	19.22	97671.66	97807	1	WinnieSzeto	
2454	0:49:28	1/1/2019 	2961266	793.00	34.00	20.78	19.22	97670.59	50615	1	WinnieSzeto	
2455	0:49:29	1/1/2019 	2961938	943.00	147.00	38.81	19.22	97670.44	49829	1	WinnieSzeto	
2456	0:49:34	1/1/2019 	2966851	855.00	73.00	25.29	19.20	97667.30	241742	0	WinnieSzeto	
2457	0:49:36	1/1/2019 	2969456	782.00	28.00	19.87	19.19	97666.67	97807	0	WinnieSzeto	
2458	0:49:39	1/1/2019 	2972602	961.00	270.00	52.65	19.19	97666.25	196373	1	WinnieSzeto	
2459	0:49:41	1/1/2019 	2974368	111.00	8.00	6.89	19.18	97665.18	50618	0	WinnieSzeto	
2460	0:49:43	1/1/2019 	2976290	959.00	207.00	46.09	19.18	97664.17	97804	1	WinnieSzeto	
2461	0:49:44	1/1/2019 	2977426	944.00	148.00	38.97	19.17	97663.97	49831	0	WinnieSzeto	
2462	0:49:46	1/1/2019 	2979795	949.00	154.00	39.91	19.16	97661.70	145787	1	WinnieSzeto	
2463	0:49:48	1/1/2019 	2980812	723.00	14.00	16.36	19.16	97661.86	50622	0	WinnieSzeto	
2464	0:49:56	1/1/2019 	2988849	734.00	15.00	16.69	19.14	97657.12	388299	0	WinnieSzeto	
2465	0:49:57	1/1/2019 	2990076	966.00	387.00	72.30	19.14	97657.41	49833	1	WinnieSzeto	
2466	0:49:59	1/1/2019 	2991970	952.00	165.00	41.49	19.13	97655.86	98596	0	WinnieSzeto	
2467	0:50:02	1/1/2019 	2995394	978.00	634.00	112.65	19.12	97654.91	145785	0	WinnieSzeto	
2468	0:50:09	1/1/2019 	3002325	957.00	188.00	44.23	19.10	97651.84	337700	0	WinnieSzeto	
2469	0:50:13	1/1/2019 	3006109	966.00	429.00	78.38	19.10	97650.94	194553	1	WinnieSzeto	
2470	0:50:24	1/1/2019 	3017802	959.00	176.00	42.88	19.06	97646.84	580188	1	WinnieSzeto	
2471	0:50:26	1/1/2019 	3019437	190.00	8.00	9.07	19.06	97646.13	50620	0	WinnieSzeto	
2472	0:50:31	1/1/2019 	3023455	912.00	117.00	33.32	19.05	97644.34	193760	1	WinnieSzeto	
2473	0:50:32	1/1/2019 	3025353	211.00	8.00	9.54	19.04	97643.77	98597	0	WinnieSzeto	
2474	0:50:34	1/1/2019 	3027101	220.00	8.00	9.73	19.04	97642.74	97806	0	WinnieSzeto	
2475	0:50:35	1/1/2019 	3028196	968.00	383.00	71.64	19.03	97641.70	49826	0	WinnieSzeto	
2476	0:50:36	1/1/2019 	3029235	800.00	46.00	22.10	19.03	97641.50	52593	1	WinnieSzeto	
2477	0:50:37	1/1/2019 	3029732	928.00	142.00	37.97	19.03	97641.34	49829	1	WinnieSzeto	
2478	0:50:37	1/1/2019 	3029849	693.00	11.00	15.30	19.03	97641.34	2641	0	WinnieSzeto	
2479	0:50:39	1/1/2019 	3031845	437.00	9.00	12.47	19.03	97640.31	97802	0	WinnieSzeto	
2480	0:50:39	1/1/2019 	3031933	562.00	8.00	13.40	19.03	97640.31	1850	0	WinnieSzeto	
2481	0:50:40	1/1/2019 	3032802	82.00	8.00	6.17	19.03	97640.11	49823	0	WinnieSzeto	
2482	0:50:41	1/1/2019 	3034223	312.00	8.00	11.22	19.02	97640.21	52434	0	WinnieSzeto	
2483	0:50:42	1/1/2019 	3035035	801.00	47.00	22.20	19.02	97639.84	49824	1	WinnieSzeto	
2484	0:50:45	1/1/2019 	3037587	954.00	164.00	41.35	19.01	97638.80	145783	1	WinnieSzeto	
2485	0:50:46	1/1/2019 	3038793	971.00	518.00	89.29	19.01	97638.27	49828	1	WinnieSzeto	
2486	0:50:54	1/1/2019 	3047152	796.00	39.00	21.37	18.99	97635.40	385670	0	WinnieSzeto	
2487	0:50:55	1/1/2019 	3047802	780.00	27.00	19.70	18.99	97635.03	50620	0	WinnieSzeto	
2488	0:50:55	1/1/2019 	3048134	898.00	101.00	30.18	18.99	97634.49	4469	1	WinnieSzeto	
2489	0:50:56	1/1/2019 	3048938	913.00	119.00	33.71	18.98	97633.80	49829	0	WinnieSzeto	
2490	0:50:56	1/1/2019 	3049093	804.00	38.00	21.28	18.98	97633.80	1850	1	WinnieSzeto	
2491	0:50:59	1/1/2019 	3051870	959.00	194.00	44.84	18.98	97633.25	145782	1	WinnieSzeto	
2492	0:50:59	1/1/2019 	3052127	900.00	101.00	30.18	18.98	97632.88	2642	0	WinnieSzeto	
2493	0:51:02	1/1/2019 	3055094	576.00	9.00	13.72	18.97	97630.98	148396	0	WinnieSzeto	
2494	0:51:06	1/1/2019 	3058608	564.00	9.00	13.57	18.96	97629.41	193759	0	WinnieSzeto	
2495	0:51:06	1/1/2019 	3058676	950.00	150.00	39.29	18.96	97629.41	1850	1	WinnieSzeto	
2496	0:51:15	1/1/2019 	3068423	796.00	40.00	21.48	18.94	97626.63	433641	1	WinnieSzeto	
2497	0:51:17	1/1/2019 	3070134	924.00	133.00	36.38	18.93	97626.25	98593	1	WinnieSzeto	
2498	0:51:19	1/1/2019 	3071548	654.00	53.00	19.78	18.93	97625.06	98596	0	WinnieSzeto	
2499	0:51:21	1/1/2019 	3074017	829.00	61.00	23.71	18.93	97625.14	100658	0	WinnieSzeto	
2500	0:51:25	1/1/2019 	3078342	170.00	8.00	8.56	18.92	97623.55	193761	0	WinnieSzeto	
2501	0:51:28	1/1/2019 	3080474	565.00	9.00	13.58	18.91	97621.70	97803	0	WinnieSzeto	
2502	0:51:28	1/1/2019 	3081178	904.00	105.00	30.96	18.91	97621.00	50617	0	WinnieSzeto	
2503	0:51:31	1/1/2019 	3083809	786.00	28.00	19.88	18.90	97620.58	145783	0	WinnieSzeto	
2504	0:51:31	1/1/2019 	3083941	147.00	8.00	7.93	18.90	97620.58	1851	0	WinnieSzeto	
2505	0:51:31	1/1/2019 	3084071	974.00	479.00	84.30	18.90	97620.58	4457	1	WinnieSzeto	
2506	0:51:32	1/1/2019 	3084457	762.00	22.00	18.66	18.90	97620.04	1850	0	WinnieSzeto	
2507	0:51:35	1/1/2019 	3087751	956.00	189.00	44.33	18.89	97618.31	193758	1	WinnieSzeto	
2508	0:51:35	1/1/2019 	3088234	968.00	339.00	63.88	18.89	97618.31	1852	1	WinnieSzeto	
2509	0:51:38	1/1/2019 	3090816	512.00	9.00	13.03	18.89	97616.80	145783	1	WinnieSzeto	
2510	0:51:41	1/1/2019 	3094449	744.00	17.00	17.32	18.88	97614.70	146566	0	WinnieSzeto	
2511	0:51:58	1/1/2019 	3111381	658.00	10.00	14.86	18.84	97607.70	820236	0	WinnieSzeto	
2512	0:52:00	1/1/2019 	3113392	141.00	8.00	7.76	18.83	97606.52	98593	1	WinnieSzeto	
2513	0:52:01	1/1/2019 	3113809	894.00	97.00	29.41	18.83	97606.83	49827	1	WinnieSzeto	
2514	0:52:18	1/1/2019 	3130583	124.00	8.00	7.27	18.79	97599.45	817472	0	WinnieSzeto	
2515	0:52:27	1/1/2019 	3139632	765.00	23.00	18.88	18.77	97595.92	434430	0	WinnieSzeto	
2516	0:52:27	1/1/2019 	3139810	689.00	10.00	14.94	18.77	97595.55	2640	1	WinnieSzeto	
2517	0:52:30	1/1/2019 	3143346	899.00	103.00	30.56	18.76	97594.75	148393	0	WinnieSzeto	
2518	0:52:32	1/1/2019 	3144460	954.00	169.00	42.02	18.76	97593.55	49827	1	WinnieSzeto	
2519	0:52:33	1/1/2019 	3146200	894.00	95.00	29.03	18.75	97593.84	97807	1	WinnieSzeto	
2520	0:52:35	1/1/2019 	3147690	809.00	51.00	22.61	18.75	97592.56	97805	1	WinnieSzeto	
2521	0:52:40	1/1/2019 	3152668	509.00	8.00	12.90	18.74	97591.67	241739	0	WinnieSzeto	
2522	0:52:40	1/1/2019 	3153275	893.00	93.00	28.66	18.74	97591.52	2641	1	WinnieSzeto	
2523	0:52:43	1/1/2019 	3155769	925.00	138.00	37.27	18.73	97591.57	148398	1	WinnieSzeto	
2524	0:52:45	1/1/2019 	3158202	102.00	8.00	6.65	18.73	97589.53	97805	0	WinnieSzeto	
2525	0:52:49	1/1/2019 	3161780	830.00	54.00	22.95	18.72	97588.94	193756	1	WinnieSzeto	
2526	0:52:57	1/1/2019 	3170233	663.00	10.00	14.89	18.70	97585.56	386457	0	WinnieSzeto	
2527	0:53:01	1/1/2019 	3173942	958.00	174.00	42.64	18.69	97583.98	194551	1	WinnieSzeto	
2528	0:53:03	1/1/2019 	3175833	914.00	122.00	34.29	18.69	97581.48	97808	1	WinnieSzeto	
2529	0:53:05	1/1/2019 	3178070	859.00	72.00	25.16	18.68	97581.72	100417	1	WinnieSzeto	
2530	0:53:06	1/1/2019 	3178616	135.00	9.00	7.59	18.68	97581.50	49828	0	WinnieSzeto	
2531	0:53:06	1/1/2019 	3178803	968.00	220.00	47.28	18.68	97581.50	1851	0	WinnieSzeto	
2532	0:53:10	1/1/2019 	3183166	682.00	12.00	15.60	18.67	97579.41	193760	0	WinnieSzeto	
2533	0:53:15	1/1/2019 	3188143	337.00	9.00	11.56	18.66	97578.64	242529	0	WinnieSzeto	
2534	0:53:15	1/1/2019 	3188318	718.00	13.00	16.01	18.66	97578.64	1851	0	WinnieSzeto	
2535	0:53:18	1/1/2019 	3191402	160.00	8.00	8.30	18.66	97576.92	148424	0	WinnieSzeto	
2536	0:53:19	1/1/2019 	3191671	841.00	64.00	24.08	18.66	97576.92	50613	0	WinnieSzeto	
2537	0:53:21	1/1/2019 	3193584	548.00	9.00	13.38	18.65	97575.67	97803	0	WinnieSzeto	
2538	0:53:28	1/1/2019 	3200706	806.00	46.00	22.11	18.63	97573.30	337695	0	WinnieSzeto	
2539	0:53:28	1/1/2019 	3201215	913.00	114.00	32.74	18.63	97573.42	2639	1	WinnieSzeto	
2540	0:53:29	1/1/2019 	3202216	834.00	60.00	23.60	18.63	97572.89	52437	1	WinnieSzeto	
2541	0:53:29	1/1/2019 	3202292	970.00	285.00	54.73	18.63	97572.89	1851	1	WinnieSzeto	
2542	0:53:30	1/1/2019 	3203256	916.00	124.00	34.68	18.63	97571.75	49828	1	WinnieSzeto	
2543	0:53:31	1/1/2019 	3203862	84.00	8.00	6.21	18.63	97571.42	49828	0	WinnieSzeto	
2544	0:53:31	1/1/2019 	3204151	517.00	9.00	13.07	18.63	97571.42	1847	1	WinnieSzeto	
2545	0:53:31	1/1/2019 	3204224	874.00	81.00	26.55	18.62	97571.08	1849	1	WinnieSzeto	
2546	0:53:32	1/1/2019 	3205207	85.00	8.00	6.24	18.62	97570.88	52572	1	WinnieSzeto	
2547	0:53:32	1/1/2019 	3205385	158.00	8.00	8.24	18.63	97571.91	1852	1	WinnieSzeto	
2548	0:53:38	1/1/2019 	3211207	750.00	18.00	17.62	18.61	97569.42	289714	1	WinnieSzeto	
2549	0:53:42	1/1/2019 	3214569	580.00	9.00	13.77	18.60	97568.02	194549	1	WinnieSzeto	
2550	0:53:44	1/1/2019 	3216897	890.00	93.00	28.66	18.60	97567.80	97806	1	WinnieSzeto	
2551	0:53:46	1/1/2019 	3218686	979.00	883.00	165.11	18.60	97567.47	97805	1	WinnieSzeto	
2552	0:53:47	1/1/2019 	3220290	798.00	39.00	21.38	18.59	97567.38	52464	1	WinnieSzeto	
2553	0:53:50	1/1/2019 	3223008	954.00	165.00	41.49	18.59	97566.02	146576	1	WinnieSzeto	
2554	0:53:51	1/1/2019 	3224118	86.00	8.00	6.26	18.59	97566.30	49830	1	WinnieSzeto	
2555	0:53:52	1/1/2019 	3224494	702.00	11.00	15.30	18.59	97566.79	1848	0	WinnieSzeto	
2556	0:53:53	1/1/2019 	3225739	783.00	28.00	19.88	18.58	97566.91	97807	1	WinnieSzeto	
2557	0:53:54	1/1/2019 	3227400	921.00	134.00	36.55	18.58	97565.55	49829	1	WinnieSzeto	
2558	0:54:03	1/1/2019 	3235490	593.00	9.00	13.93	18.56	97561.72	388298	0	WinnieSzeto	
2559	0:54:06	1/1/2019 	3238831	802.00	47.00	22.20	18.56	97561.50	194554	1	WinnieSzeto	
2560	0:54:20	1/1/2019 	3252712	957.00	211.00	46.46	18.52	97554.59	673543	1	WinnieSzeto	
2561	0:54:22	1/1/2019 	3254899	739.00	17.00	17.32	18.51	97552.55	98595	1	WinnieSzeto	
2562	0:54:22	1/1/2019 	3255344	963.00	214.00	46.73	18.51	97552.72	1851	0	WinnieSzeto	
2563	0:54:24	1/1/2019 	3257095	952.00	152.00	39.60	18.51	97552.98	97806	1	WinnieSzeto	
2564	0:54:25	1/1/2019 	3258401	952.00	167.00	41.76	18.51	97552.12	52443	1	WinnieSzeto	
2565	0:54:27	1/1/2019 	3259458	911.00	114.00	32.73	18.50	97550.94	49835	0	WinnieSzeto	
2566	0:54:28	1/1/2019 	3261431	63.00	8.00	5.91	18.50	97551.41	97808	0	WinnieSzeto	
2567	0:54:32	1/1/2019 	3264894	183.00	8.00	8.90	18.49	97548.95	194551	0	WinnieSzeto	
2568	0:54:35	1/1/2019 	3268429	678.00	10.00	14.94	18.49	97548.57	145783	1	WinnieSzeto	
2569	0:54:39	1/1/2019 	3271845	952.00	162.00	41.08	18.48	97547.16	193765	1	WinnieSzeto	
2570	0:54:43	1/1/2019 	3276327	770.00	23.00	18.89	18.47	97545.55	197171	0	WinnieSzeto	
2571	0:54:43	1/1/2019 	3276431	563.00	9.00	13.56	18.47	97545.21	1851	0	WinnieSzeto	
2572	0:54:44	1/1/2019 	3277217	789.00	33.00	20.64	18.47	97544.88	49828	1	WinnieSzeto	
2573	0:54:57	1/1/2019 	3290185	904.00	110.00	31.94	18.44	97540.83	625558	1	WinnieSzeto	
2574	0:55:01	1/1/2019 	3294145	957.00	225.00	47.75	18.43	97537.95	194553	1	WinnieSzeto	
2575	0:55:03	1/1/2019 	3295657	909.00	116.00	33.12	18.42	97538.23	97809	1	WinnieSzeto	
2576	0:55:04	1/1/2019 	3297224	206.00	9.00	9.44	18.42	97537.02	52447	0	WinnieSzeto	
2577	0:55:07	1/1/2019 	3299653	211.00	8.00	9.54	18.42	97537.47	145783	0	WinnieSzeto	
2578	0:55:16	1/1/2019 	3308581	904.00	109.00	31.74	18.40	97532.45	434441	1	WinnieSzeto	
2579	0:55:20	1/1/2019 	3312938	66.00	8.00	5.93	18.39	97530.73	193764	0	WinnieSzeto	
2580	0:55:21	1/1/2019 	3313647	948.00	153.00	39.76	18.39	97530.72	50615	1	WinnieSzeto	
2581	0:55:22	1/1/2019 	3314687	955.00	212.00	46.55	18.39	97530.35	49828	1	WinnieSzeto	
2582	0:55:24	1/1/2019 	3316807	465.00	8.00	12.58	18.39	97528.89	100419	0	WinnieSzeto	
2583	0:55:25	1/1/2019 	3318177	961.00	252.00	50.47	18.38	97528.80	49825	1	WinnieSzeto	
2584	0:55:28	1/1/2019 	3321182	810.00	52.00	22.71	18.38	97528.44	145786	0	WinnieSzeto	
2585	0:55:31	1/1/2019 	3323497	408.00	9.00	12.25	18.37	97528.31	98595	0	WinnieSzeto	
2586	0:55:35	1/1/2019 	3327595	912.00	117.00	33.32	18.36	97526.91	241741	0	WinnieSzeto	
2587	0:55:35	1/1/2019 	3328162	78.00	8.00	6.10	18.36	97527.19	1851	0	WinnieSzeto	
2588	0:55:35	1/1/2019 	3328328	968.00	309.00	58.56	18.36	97527.19	4462	0	WinnieSzeto	
2589	0:55:37	1/1/2019 	3330063	965.00	305.00	57.88	18.36	97526.16	97808	1	WinnieSzeto	
2590	0:55:41	1/1/2019 	3334345	742.00	16.00	17.02	18.34	97523.39	194551	0	WinnieSzeto	
2591	0:55:42	1/1/2019 	3334766	943.00	146.00	38.64	18.34	97523.23	49828	1	WinnieSzeto	
2592	0:55:44	1/1/2019 	3337134	958.00	213.00	46.64	18.34	97522.16	97806	0	WinnieSzeto	
2593	0:55:44	1/1/2019 	3337411	962.00	182.00	43.58	18.34	97522.16	4488	1	WinnieSzeto	
2594	0:55:47	1/1/2019 	3340408	962.00	306.00	58.05	18.33	97520.14	145780	1	WinnieSzeto	
2595	0:55:54	1/1/2019 	3346683	881.00	88.00	27.74	18.32	97518.33	338472	1	WinnieSzeto	
2596	0:55:54	1/1/2019 	3347159	946.00	152.00	39.60	18.32	97517.80	1852	0	WinnieSzeto	
2597	0:55:56	1/1/2019 	3348768	956.00	181.00	43.46	18.31	97517.09	97803	1	WinnieSzeto	
2598	0:55:56	1/1/2019 	3349098	887.00	89.00	27.93	18.31	97517.09	1851	0	WinnieSzeto	
2599	0:55:59	1/1/2019 	3351965	527.00	9.00	13.16	18.31	97516.66	148394	0	WinnieSzeto	
2600	0:56:00	1/1/2019 	3352907	638.00	9.00	14.44	18.30	97516.12	50616	0	WinnieSzeto	
2601	0:56:00	1/1/2019 	3353352	449.00	8.00	12.48	18.30	97515.64	1854	0	WinnieSzeto	
2602	0:56:08	1/1/2019 	3360699	704.00	12.00	15.66	18.29	97514.50	385660	1	WinnieSzeto	
2603	0:56:09	1/1/2019 	3361595	797.00	37.00	21.15	18.29	97514.33	50615	1	WinnieSzeto	
2604	0:56:09	1/1/2019 	3361721	121.00	8.00	7.18	18.29	97514.33	1850	1	WinnieSzeto	
2605	0:56:13	1/1/2019 	3366227	128.00	8.00	7.38	18.28	97510.56	196366	0	WinnieSzeto	
2606	0:56:14	1/1/2019 	3366915	950.00	163.00	41.22	18.28	97510.41	49823	1	WinnieSzeto	
2607	0:56:15	1/1/2019 	3367584	424.00	9.00	12.37	18.28	97509.91	49827	0	WinnieSzeto	
2608	0:56:20	1/1/2019 	3373113	633.00	9.00	14.40	18.27	97507.49	241735	1	WinnieSzeto	
2609	0:56:28	1/1/2019 	3380699	758.00	21.00	18.41	18.26	97505.33	386455	1	WinnieSzeto	
2610	0:56:29	1/1/2019 	3381617	366.00	9.00	11.87	18.25	97505.28	50617	1	WinnieSzeto	
2611	0:56:39	1/1/2019 	3392019	733.00	15.00	16.69	18.24	97499.99	484237	1	WinnieSzeto	
2612	0:56:40	1/1/2019 	3392784	814.00	54.00	22.92	18.23	97499.48	50617	0	WinnieSzeto	
2613	0:56:43	1/1/2019 	3395791	872.00	80.00	26.38	18.23	97497.28	145788	1	WinnieSzeto	
2614	0:56:46	1/1/2019 	3398780	910.00	119.00	33.71	18.22	97495.55	145787	1	WinnieSzeto	
2615	0:56:50	1/1/2019 	3403374	918.00	125.00	34.88	18.22	97495.39	193766	1	WinnieSzeto	
2616	0:56:51	1/1/2019 	3403914	909.00	114.00	32.73	18.22	97495.39	50619	0	WinnieSzeto	
2617	0:56:51	1/1/2019 	3404286	312.00	8.00	11.22	18.22	97495.39	4488	1	WinnieSzeto	
2618	0:56:52	1/1/2019 	3405152	815.00	50.00	22.53	18.22	97495.39	49827	1	WinnieSzeto	
2619	0:56:55	1/1/2019 	3407881	796.00	39.00	21.37	18.22	97494.81	145786	1	WinnieSzeto	
2620	0:56:56	1/1/2019 	3408896	798.00	44.00	21.90	18.21	97494.12	49829	1	WinnieSzeto	
2621	0:56:56	1/1/2019 	3409325	964.00	194.00	44.84	18.21	97493.30	1851	0	WinnieSzeto	
2622	0:56:57	1/1/2019 	3410176	432.00	8.00	12.36	18.21	97492.27	49829	0	WinnieSzeto	
2623	0:57:00	1/1/2019 	3413016	743.00	17.00	17.32	18.20	97487.27	149186	1	WinnieSzeto	
2624	0:57:03	1/1/2019 	3416091	816.00	54.00	22.93	18.19	97482.25	145790	0	WinnieSzeto	
2625	0:57:04	1/1/2019 	3416696	800.00	47.00	22.20	18.19	97481.06	49831	1	WinnieSzeto	
2626	0:57:05	1/1/2019 	3417496	884.00	85.00	27.23	18.18	97480.20	1850	1	WinnieSzeto	
2627	0:57:17	1/1/2019 	3429928	957.00	182.00	43.58	18.15	97467.45	625565	1	WinnieSzeto	
2628	0:57:19	1/1/2019 	3431775	957.00	176.00	42.88	18.14	97462.97	98596	1	WinnieSzeto	
2629	0:57:24	1/1/2019 	3437354	824.00	58.00	23.36	18.11	97451.84	249009	1	WinnieSzeto	
2630	0:57:24	1/1/2019 	3437430	178.00	9.00	8.78	18.11	97451.84	1851	0	WinnieSzeto	
2631	0:57:30	1/1/2019 	3442852	702.00	12.00	15.66	18.09	97450.39	289718	0	WinnieSzeto	
2632	0:57:35	1/1/2019 	3448370	914.00	119.00	33.72	18.07	97449.94	242528	1	WinnieSzeto	
2633	0:57:40	1/1/2019 	3452905	964.00	258.00	51.16	18.05	97449.38	241745	1	WinnieSzeto	
2634	0:57:46	1/1/2019 	3458708	728.00	15.00	16.69	18.03	97448.73	293120	1	WinnieSzeto	
2635	0:57:49	1/1/2019 	3461926	156.00	8.00	8.19	18.02	97447.77	145784	0	WinnieSzeto	
2636	0:57:49	1/1/2019 	3462197	941.00	145.00	38.48	18.02	97447.94	2637	1	WinnieSzeto	
2637	0:57:50	1/1/2019 	3462664	858.00	73.00	25.29	18.02	97447.43	49827	0	WinnieSzeto	
2638	0:57:54	1/1/2019 	3467077	919.00	131.00	36.00	18.01	97445.80	193763	1	WinnieSzeto	
2639	0:57:55	1/1/2019 	3467607	826.00	51.00	22.65	18.01	97445.96	49830	1	WinnieSzeto	
2640	0:57:59	1/1/2019 	3472402	962.00	310.00	58.73	18.00	97443.50	196379	0	WinnieSzeto	
2641	0:58:02	1/1/2019 	3475134	811.00	54.00	22.92	17.99	97442.41	146576	0	WinnieSzeto	
2642	0:58:04	1/1/2019 	3477167	776.00	25.00	19.32	17.98	97440.98	97810	1	WinnieSzeto	
2643	0:58:09	1/1/2019 	3482044	817.00	58.00	23.35	17.97	97440.55	241744	1	WinnieSzeto	
2644	0:58:09	1/1/2019 	3482208	918.00	122.00	34.30	17.97	97440.38	2642	0	WinnieSzeto	
2645	0:58:13	1/1/2019 	3485789	962.00	340.00	64.06	17.97	97439.66	193770	1	WinnieSzeto	
2646	0:58:14	1/1/2019 	3487090	904.00	105.00	30.96	17.96	97439.12	52447	1	WinnieSzeto	
2647	0:58:16	1/1/2019 	3488602	803.00	48.00	22.30	17.96	97438.06	97814	0	WinnieSzeto	
2648	0:58:21	1/1/2019 	3493656	784.00	31.00	20.35	17.95	97435.69	241741	1	WinnieSzeto	
2649	0:58:25	1/1/2019 	3497956	329.00	8.00	11.43	17.94	97433.30	194550	0	WinnieSzeto	
2650	0:58:33	1/1/2019 	3505953	971.00	528.00	90.75	17.93	97427.20	385680	1	WinnieSzeto	
2651	0:58:39	1/1/2019 	3511854	696.00	12.00	15.65	17.91	97425.88	290513	1	WinnieSzeto	
2652	0:58:41	1/1/2019 	3514162	716.00	13.00	16.01	17.91	97425.50	101132	1	WinnieSzeto	
2653	0:58:42	1/1/2019 	3514752	75.00	9.00	6.05	17.91	97425.16	49829	0	WinnieSzeto	
2654	0:58:44	1/1/2019 	3517006	358.00	8.00	11.74	17.91	97424.30	97807	1	WinnieSzeto	
2655	0:58:45	1/1/2019 	3518135	848.00	73.00	25.27	17.90	97424.09	49825	0	WinnieSzeto	
2656	0:58:47	1/1/2019 	3519749	885.00	87.00	27.58	17.90	97423.40	97807	0	WinnieSzeto	
2657	0:58:48	1/1/2019 	3520659	957.00	184.00	43.80	17.90	97422.57	50617	1	WinnieSzeto	
2658	0:58:51	1/1/2019 	3524420	106.00	8.00	6.75	17.89	97420.37	148312	0	WinnieSzeto	
2659	0:58:52	1/1/2019 	3524643	68.00	8.00	5.95	17.89	97420.37	49825	1	WinnieSzeto	
2660	0:58:53	1/1/2019 	3526337	931.00	142.00	37.97	17.89	97418.98	49826	0	WinnieSzeto	
2661	0:58:56	1/1/2019 	3528804	861.00	78.00	26.04	17.89	97418.15	145785	1	WinnieSzeto	
2662	0:58:57	1/1/2019 	3530169	972.00	652.00	116.92	17.88	97417.09	49829	1	WinnieSzeto	
2663	0:59:04	1/1/2019 	3536695	957.00	195.00	44.94	17.87	97413.67	338487	0	WinnieSzeto	
2664	0:59:08	1/1/2019 	3541410	798.00	40.00	21.49	17.86	97411.25	196296	1	WinnieSzeto	
2665	0:59:10	1/1/2019 	3542554	949.00	163.00	41.22	17.86	97411.09	98595	1	WinnieSzeto	
2666	0:59:10	1/1/2019 	3543220	917.00	119.00	33.72	17.86	97410.55	1851	0	WinnieSzeto	
2667	0:59:11	1/1/2019 	3544310	773.00	23.00	18.90	17.86	97410.23	49828	0	WinnieSzeto	
2668	0:59:12	1/1/2019 	3544659	871.00	79.00	26.22	17.86	97409.56	49828	0	WinnieSzeto	
2669	0:59:14	1/1/2019 	3546922	804.00	46.00	22.11	17.85	97409.03	97807	0	WinnieSzeto	
2670	0:59:16	1/1/2019 	3548762	949.00	155.00	40.06	17.85	97408.50	100403	1	WinnieSzeto	
2671	0:59:16	1/1/2019 	3549060	956.00	166.00	41.62	17.85	97408.17	1852	1	WinnieSzeto	
2672	0:59:17	1/1/2019 	3549873	957.00	184.00	43.80	17.85	97407.97	49829	1	WinnieSzeto	
2673	0:59:18	1/1/2019 	3551099	916.00	126.00	35.06	17.85	97406.95	50617	1	WinnieSzeto	
2674	0:59:21	1/1/2019 	3553569	914.00	121.00	34.10	17.84	97405.95	145788	1	WinnieSzeto	
2675	0:59:25	1/1/2019 	3558046	604.00	9.00	14.07	17.83	97403.40	196249	0	WinnieSzeto	
2676	0:59:26	1/1/2019 	3559055	923.00	136.00	36.92	17.83	97402.70	49829	0	WinnieSzeto	
2677	0:59:27	1/1/2019 	3560330	225.00	8.00	9.83	17.83	97402.17	49827	0	WinnieSzeto	
2678	0:59:28	1/1/2019 	3560618	901.00	105.00	30.95	17.83	97402.01	50554	1	WinnieSzeto	
2679	0:59:28	1/1/2019 	3560917	550.00	9.00	13.40	17.83	97402.01	1851	1	WinnieSzeto	
2680	0:59:36	1/1/2019 	3568669	960.00	277.00	53.59	17.81	97397.38	385678	1	WinnieSzeto	
2681	0:59:37	1/1/2019 	3569688	739.00	17.00	17.32	17.81	97396.55	52480	1	WinnieSzeto	
2682	0:59:37	1/1/2019 	3570146	764.00	21.00	18.42	17.81	97396.55	2579	0	WinnieSzeto	
2683	0:59:40	1/1/2019 	3572799	767.00	23.00	18.89	17.80	97395.45	145786	1	WinnieSzeto	
2684	0:59:44	1/1/2019 	3577194	66.00	8.00	5.93	17.80	97394.20	193766	0	WinnieSzeto	
2685	0:59:45	1/1/2019 	3577605	929.00	140.00	37.62	17.79	97393.84	49827	1	WinnieSzeto	
2686	0:59:48	1/1/2019 	3581447	916.00	122.00	34.30	17.79	97392.75	145788	1	WinnieSzeto	
2687	0:59:52	1/1/2019 	3584551	648.00	9.00	14.51	17.78	97391.56	201981	0	WinnieSzeto	
2688	0:59:52	1/1/2019 	3585180	794.00	33.00	20.65	17.78	97391.03	1850	1	WinnieSzeto	
2689	0:59:53	1/1/2019 	3585575	849.00	71.00	24.99	17.78	97391.03	49828	1	WinnieSzeto	
2690	0:59:53	1/1/2019 	3586470	926.00	134.00	36.56	17.78	97390.70	1851	0	WinnieSzeto	
2691	1:00:00	1/1/2019 	3592591	967.00	409.00	75.66	17.77	97388.75	337704	0	WinnieSzeto	
2692	1:00:04	1/1/2019 	3596708	95.00	8.00	6.47	17.76	97386.66	194495	0	WinnieSzeto	
2693	1:00:08	1/1/2019 	3601271	964.00	330.00	62.25	17.75	97385.10	196378	1	WinnieSzeto	
2694	1:00:09	1/1/2019 	3601764	902.00	106.00	31.15	17.75	97384.56	50554	1	WinnieSzeto	
2695	1:00:09	1/1/2019 	3602374	981.00	577.00	99.82	17.75	97384.41	1851	0	WinnieSzeto	
2696	1:00:19	1/1/2019 	3611789	835.00	66.00	24.31	17.73	97380.78	481626	0	WinnieSzeto	
2697	1:00:20	1/1/2019 	3613398	857.00	72.00	25.15	17.73	97380.28	50556	1	WinnieSzeto	
2698	1:00:26	1/1/2019 	3619170	514.00	9.00	13.04	17.72	97378.66	289717	1	WinnieSzeto	
2699	1:00:37	1/1/2019 	3629406	174.00	8.00	8.67	17.71	97375.18	484241	0	WinnieSzeto	
2700	1:00:37	1/1/2019 	3630367	916.00	121.00	34.11	17.70	97374.81	50556	1	WinnieSzeto	
2701	1:00:39	1/1/2019 	3631636	875.00	83.00	26.87	17.70	97374.48	98534	1	WinnieSzeto	
2702	1:00:45	1/1/2019 	3637605	976.00	628.00	111.24	17.69	97371.88	289715	1	WinnieSzeto	
2703	1:00:45	1/1/2019 	3638222	654.00	10.00	14.83	17.69	97371.88	1853	1	WinnieSzeto	
2704	1:00:47	1/1/2019 	3639669	753.00	18.00	17.62	17.69	97371.38	97807	0	WinnieSzeto	
2705	1:00:47	1/1/2019 	3640401	235.00	8.00	10.02	17.69	97371.38	5442	1	WinnieSzeto	
2706	1:00:52	1/1/2019 	3644971	195.00	8.00	9.18	17.68	97370.27	241734	0	WinnieSzeto	
2707	1:00:55	1/1/2019 	3647434	804.00	44.00	21.91	17.68	97368.75	97800	1	WinnieSzeto	
2708	1:00:57	1/1/2019 	3649759	855.00	73.00	25.29	17.67	97367.52	145779	0	WinnieSzeto	
2709	1:01:01	1/1/2019 	3653758	213.00	8.00	9.58	17.67	97366.00	194488	0	WinnieSzeto	
2710	1:01:02	1/1/2019 	3654495	979.00	760.00	136.10	17.66	97365.47	1850	1	WinnieSzeto	
2711	1:01:03	1/1/2019 	3656182	888.00	91.00	28.29	17.66	97364.94	100418	1	WinnieSzeto	
2712	1:01:04	1/1/2019 	3656704	104.00	8.00	6.70	17.66	97364.94	49828	0	WinnieSzeto	
2713	1:01:05	1/1/2019 	3657719	878.00	85.00	27.21	17.66	97364.73	49826	1	WinnieSzeto	
2714	1:01:06	1/1/2019 	3658780	174.00	8.00	8.67	17.66	97364.36	49827	0	WinnieSzeto	
2715	1:01:07	1/1/2019 	3659566	790.00	30.00	20.21	17.66	97364.36	49825	0	WinnieSzeto	
2716	1:01:14	1/1/2019 	3666732	852.00	72.00	25.14	17.64	97362.27	338408	1	WinnieSzeto	
2717	1:01:15	1/1/2019 	3667656	791.00	32.00	20.51	17.64	97362.60	52440	1	WinnieSzeto	
2718	1:01:16	1/1/2019 	3669376	883.00	93.00	28.63	17.64	97362.39	49825	0	WinnieSzeto	
2719	1:01:20	1/1/2019 	3672823	764.00	22.00	18.66	17.64	97361.98	193754	1	WinnieSzeto	
2720	1:01:30	1/1/2019 	3682852	655.00	10.00	14.84	17.62	97359.12	482341	0	WinnieSzeto	
2721	1:01:31	1/1/2019 	3684356	905.00	107.00	31.35	17.62	97358.76	50559	1	WinnieSzeto	
2722	1:01:32	1/1/2019 	3685109	715.00	14.00	16.35	17.62	97358.92	52442	1	WinnieSzeto	
2723	1:01:34	1/1/2019 	3687077	687.00	11.00	15.29	17.61	97358.02	97802	1	WinnieSzeto	
2724	1:01:38	1/1/2019 	3690555	828.00	61.00	23.70	17.61	97357.14	193757	1	WinnieSzeto	
2725	1:01:38	1/1/2019 	3691090	820.00	54.00	22.94	17.60	97356.78	2578	1	WinnieSzeto	
2726	1:01:38	1/1/2019 	3691236	913.00	117.00	33.32	17.60	97356.78	1849	1	WinnieSzeto	
2727	1:01:40	1/1/2019 	3693113	922.00	130.00	35.82	17.60	97356.08	97803	0	WinnieSzeto	
2728	1:01:41	1/1/2019 	3694270	645.00	10.00	14.76	17.60	97355.94	52438	1	WinnieSzeto	
2729	1:01:43	1/1/2019 	3695743	980.00	874.00	160.93	17.60	97355.56	97803	1	WinnieSzeto	
2730	1:01:49	1/1/2019 	3701779	976.00	687.00	124.14	17.59	97354.11	289708	1	WinnieSzeto	
2731	1:01:50	1/1/2019 	3702876	979.00	921.00	190.82	17.58	97353.75	50557	1	WinnieSzeto	
2732	1:01:52	1/1/2019 	3704881	646.00	9.00	14.50	17.58	97352.69	97805	1	WinnieSzeto	
2733	1:01:55	1/1/2019 	3707470	961.00	317.00	59.93	17.58	97352.02	97802	1	WinnieSzeto	
2734	1:01:55	1/1/2019 	3708121	548.00	9.00	13.38	17.57	97351.48	52439	0	WinnieSzeto	
2735	1:02:01	1/1/2019 	3713424	799.00	42.00	21.70	17.57	97349.89	241734	1	WinnieSzeto	
2736	1:02:03	1/1/2019 	3715442	457.00	9.00	12.61	17.56	97349.71	98534	0	WinnieSzeto	
2737	1:02:05	1/1/2019 	3718125	735.00	16.00	17.01	17.56	97348.81	145782	0	WinnieSzeto	
2738	1:02:07	1/1/2019 	3719644	297.00	8.00	11.02	17.56	97348.81	97804	0	WinnieSzeto	
2739	1:02:14	1/1/2019 	3726724	953.00	168.00	41.89	17.55	97346.05	338412	1	WinnieSzeto	
2740	1:02:20	1/1/2019 	3732790	910.00	117.00	33.32	17.54	97343.62	292327	1	WinnieSzeto	
2741	1:02:22	1/1/2019 	3734492	232.00	8.00	9.97	17.53	97343.25	50558	0	WinnieSzeto	
2742	1:02:23	1/1/2019 	3735684	955.00	172.00	42.40	17.53	97342.75	97801	1	WinnieSzeto	
2743	1:02:24	1/1/2019 	3737301	915.00	122.00	34.30	17.53	97342.22	49827	1	WinnieSzeto	
2744	1:02:33	1/1/2019 	3745790	962.00	316.00	59.76	17.51	97340.20	433643	1	WinnieSzeto	
2745	1:02:39	1/1/2019 	3752158	896.00	98.00	29.60	17.50	97338.08	290440	1	WinnieSzeto	
2746	1:02:40	1/1/2019 	3752424	819.00	58.00	23.35	17.50	97338.08	5413	0	WinnieSzeto	
2747	1:02:43	1/1/2019 	3755825	582.00	9.00	13.79	17.49	97337.16	193762	0	WinnieSzeto	
2748	1:02:44	1/1/2019 	3757301	915.00	119.00	33.72	17.49	97336.62	49831	1	WinnieSzeto	
2749	1:02:46	1/1/2019 	3758723	956.00	168.00	41.89	17.49	97335.76	97812	1	WinnieSzeto	
2750	1:02:47	1/1/2019 	3759725	974.00	631.00	112.01	17.49	97335.59	49828	0	WinnieSzeto	
2751	1:02:47	1/1/2019 	3760271	807.00	47.00	22.21	17.49	97335.59	2579	0	WinnieSzeto	
2752	1:02:52	1/1/2019 	3764657	766.00	23.00	18.89	17.48	97333.95	244344	1	WinnieSzeto	
2753	1:02:54	1/1/2019 	3766443	626.00	10.00	14.56	17.47	97333.61	49830	0	WinnieSzeto	
2754	1:02:56	1/1/2019 	3768717	902.00	106.00	31.15	17.47	97333.41	145784	1	WinnieSzeto	
2755	1:02:56	1/1/2019 	3768991	973.00	540.00	92.72	17.47	97333.41	1852	1	WinnieSzeto	
2756	1:02:59	1/1/2019 	3772076	914.00	121.00	34.10	17.47	97332.19	145782	1	WinnieSzeto	
2757	1:03:03	1/1/2019 	3775405	185.00	8.00	8.95	17.46	97331.27	146509	1	WinnieSzeto	
2758	1:03:05	1/1/2019 	3777574	828.00	58.00	23.37	17.46	97330.90	148393	0	WinnieSzeto	
2759	1:03:06	1/1/2019 	3779111	583.00	9.00	13.81	17.45	97330.38	49831	0	WinnieSzeto	
2760	1:03:12	1/1/2019 	3785037	793.00	32.00	20.51	17.44	97328.44	289717	1	WinnieSzeto	
2761	1:03:14	1/1/2019 	3786626	575.00	9.00	13.70	17.44	97328.08	98531	1	WinnieSzeto	
2762	1:03:15	1/1/2019 	3788250	796.00	36.00	21.03	17.44	97327.86	49828	1	WinnieSzeto	
2763	1:03:17	1/1/2019 	3789767	807.00	51.00	22.61	17.43	97327.33	100418	1	WinnieSzeto	
2764	1:03:22	1/1/2019 	3794555	905.00	107.00	31.35	17.43	97326.09	242460	1	WinnieSzeto	
2765	1:03:28	1/1/2019 	3801177	939.00	144.00	38.31	17.42	97324.32	289709	1	WinnieSzeto	
2766	1:03:35	1/1/2019 	3808033	149.00	8.00	7.99	17.41	97322.22	338418	0	WinnieSzeto	
2767	1:03:35	1/1/2019 	3808197	650.00	10.00	14.80	17.41	97322.22	1849	0	WinnieSzeto	
2768	1:03:36	1/1/2019 	3808409	115.00	8.00	7.01	17.41	97321.72	1849	0	WinnieSzeto	
2769	1:03:39	1/1/2019 	3811494	954.00	172.00	42.40	17.40	97321.52	148392	1	WinnieSzeto	
2770	1:03:40	1/1/2019 	3813152	962.00	249.00	50.14	17.40	97321.30	98533	1	WinnieSzeto	
2771	1:03:47	1/1/2019 	3820194	849.00	65.00	24.22	17.39	97320.00	337696	1	WinnieSzeto	
2772	1:03:50	1/1/2019 	3823104	669.00	10.00	14.91	17.38	97319.42	146509	0	WinnieSzeto	
2773	1:03:50	1/1/2019 	3823398	334.00	8.00	11.48	17.38	97319.42	1851	1	WinnieSzeto	
2774	1:03:52	1/1/2019 	3825342	970.00	540.00	92.72	17.38	97318.73	97803	0	WinnieSzeto	
2775	1:03:53	1/1/2019 	3825951	955.00	178.00	43.12	17.38	97318.73	52507	0	WinnieSzeto	
2776	1:03:59	1/1/2019 	3831486	865.00	77.00	25.90	17.37	97317.12	241740	0	WinnieSzeto	
2777	1:04:02	1/1/2019 	3834656	897.00	102.00	30.36	17.37	97316.58	194498	0	WinnieSzeto	
2778	1:04:02	1/1/2019 	3834695	753.00	18.00	17.62	17.37	97316.58	1853	0	WinnieSzeto	
2779	1:04:02	1/1/2019 	3835274	250.00	8.00	10.29	17.37	97316.41	1849	0	WinnieSzeto	
2780	1:04:15	1/1/2019 	3847672	924.00	139.00	37.45	17.35	97313.08	625549	1	WinnieSzeto	
2781	1:04:20	1/1/2019 	3853100	949.00	156.00	40.21	17.34	97310.97	245522	1	WinnieSzeto	
2782	1:04:23	1/1/2019 	3856290	952.00	159.00	40.65	17.33	97310.23	146509	0	WinnieSzeto	
2783	1:04:28	1/1/2019 	3860736	801.00	50.00	22.49	17.33	97309.32	241732	1	WinnieSzeto	
2784	1:04:29	1/1/2019 	3861676	276.00	9.00	10.74	17.33	97309.16	50555	0	WinnieSzeto	
2785	1:04:35	1/1/2019 	3868255	600.00	9.00	14.02	17.32	97306.92	289711	0	WinnieSzeto	
2786	1:04:38	1/1/2019 	3870862	902.00	106.00	31.15	17.31	97306.19	145781	1	WinnieSzeto	
2787	1:04:45	1/1/2019 	3878157	951.00	158.00	40.51	17.30	97304.89	341247	1	WinnieSzeto	
2788	1:04:51	1/1/2019 	3884117	896.00	97.00	29.41	17.29	97303.45	289713	1	WinnieSzeto	
2789	1:04:51	1/1/2019 	3884150	770.00	23.00	18.89	17.29	97303.45	2583	1	WinnieSzeto	
2790	1:04:54	1/1/2019 	3887367	166.00	8.00	8.46	17.29	97302.58	145781	0	WinnieSzeto	
2791	1:04:56	1/1/2019 	3888652	67.00	8.00	5.94	17.29	97302.26	97802	1	WinnieSzeto	
2792	1:05:01	1/1/2019 	3894267	904.00	110.00	31.94	17.28	97300.64	241734	0	WinnieSzeto	
2793	1:05:07	1/1/2019 	3900168	556.00	9.00	13.47	17.26	97299.67	293529	0	WinnieSzeto	
2794	1:05:11	1/1/2019 	3904093	811.00	55.00	23.02	17.26	97299.09	194490	1	WinnieSzeto	
2795	1:05:14	1/1/2019 	3906896	954.00	168.00	41.89	17.25	97298.70	145783	1	WinnieSzeto	
2796	1:05:15	1/1/2019 	3907858	963.00	297.00	56.58	17.25	97298.70	49829	1	WinnieSzeto	
2797	1:05:15	1/1/2019 	3908130	109.00	8.00	6.84	17.25	97298.70	1851	0	WinnieSzeto	
2798	1:05:18	1/1/2019 	3910641	910.00	110.00	31.95	17.25	97297.80	145782	0	WinnieSzeto	
2799	1:05:19	1/1/2019 	3912332	403.00	9.00	12.21	17.25	97297.27	53413	0	WinnieSzeto	
2800	1:05:21	1/1/2019 	3913597	857.00	74.00	25.43	17.24	97296.58	97805	1	WinnieSzeto	
2801	1:05:21	1/1/2019 	3914096	433.00	8.00	12.37	17.24	97296.58	1852	1	WinnieSzeto	
2802	1:05:31	1/1/2019 	3923706	410.00	8.00	12.20	17.23	97294.95	481620	0	WinnieSzeto	
2803	1:05:32	1/1/2019 	3925007	858.00	73.00	25.29	17.23	97294.26	50552	1	WinnieSzeto	
2804	1:05:36	1/1/2019 	3929205	901.00	107.00	31.34	17.22	97293.48	196598	1	WinnieSzeto	
2805	1:05:36	1/1/2019 	3929388	143.00	8.00	7.82	17.22	97293.48	1851	0	WinnieSzeto	
2806	1:05:38	1/1/2019 	3930554	838.00	65.00	24.19	17.22	97293.13	97801	1	WinnieSzeto	
2807	1:05:42	1/1/2019 	3935227	216.00	8.00	9.65	17.21	97291.89	194488	0	WinnieSzeto	
2808	1:05:43	1/1/2019 	3936146	804.00	50.00	22.50	17.21	97291.89	49825	1	WinnieSzeto	
2809	1:05:43	1/1/2019 	3936219	963.00	203.00	45.71	17.21	97291.89	1851	1	WinnieSzeto	
2810	1:05:52	1/1/2019 	3944696	548.00	9.00	13.38	17.20	97289.75	436261	0	WinnieSzeto	
2811	1:05:52	1/1/2019 	3945272	980.00	732.00	131.39	17.20	97289.58	2583	1	WinnieSzeto	
2812	1:05:52	1/1/2019 	3945404	795.00	30.00	20.22	17.20	97289.58	1851	1	WinnieSzeto	
2813	1:05:53	1/1/2019 	3945616	968.00	306.00	58.05	17.20	97289.58	49828	0	WinnieSzeto	
2814	1:05:54	1/1/2019 	3946687	764.00	23.00	18.88	17.20	97289.73	49828	1	WinnieSzeto	
2815	1:05:55	1/1/2019 	3947784	958.00	228.00	48.03	17.19	97289.37	49829	1	WinnieSzeto	
2816	1:05:55	1/1/2019 	3947910	804.00	44.00	21.91	17.19	97289.37	4469	1	WinnieSzeto	
2817	1:05:55	1/1/2019 	3948072	954.00	162.00	41.08	17.19	97289.20	1850	1	WinnieSzeto	
2818	1:06:00	1/1/2019 	3952720	946.00	149.00	39.13	17.19	97286.98	241737	1	WinnieSzeto	
2819	1:06:00	1/1/2019 	3953259	716.00	13.00	16.01	17.18	97286.62	2582	1	WinnieSzeto	
2820	1:06:03	1/1/2019 	3956010	85.00	9.00	6.24	17.18	97286.20	145789	0	WinnieSzeto	
2821	1:06:12	1/1/2019 	3964933	128.00	8.00	7.38	17.16	97283.22	433641	0	WinnieSzeto	
2822	1:06:19	1/1/2019 	3972254	184.00	8.00	8.92	17.15	97281.41	341243	1	WinnieSzeto	
2823	1:06:19	1/1/2019 	3972402	808.00	42.00	21.72	17.15	97281.41	2579	0	WinnieSzeto	
2824	1:06:28	1/1/2019 	3980880	940.00	145.00	38.48	17.13	97278.89	433635	1	WinnieSzeto	
2825	1:06:32	1/1/2019 	3985159	641.00	13.00	15.43	17.13	97277.86	194481	0	WinnieSzeto	
2826	1:06:44	1/1/2019 	3996848	618.00	9.00	14.24	17.11	97275.49	577563	0	WinnieSzeto	
2827	1:06:45	1/1/2019 	3998014	964.00	301.00	57.22	17.11	97274.80	50557	1	WinnieSzeto	
2828	1:06:46	1/1/2019 	3998781	960.00	293.00	55.95	17.11	97274.80	52447	1	WinnieSzeto	
2829	1:06:49	1/1/2019 	4002048	752.00	20.00	18.16	17.10	97274.25	145777	1	WinnieSzeto	
2830	1:06:50	1/1/2019 	4002886	956.00	204.00	45.81	17.10	97274.25	50554	1	WinnieSzeto	
2831	1:06:50	1/1/2019 	4003071	971.00	380.00	71.14	17.10	97274.25	1852	1	WinnieSzeto	
2832	1:06:53	1/1/2019 	4006124	942.00	145.00	38.48	17.10	97273.35	145775	1	WinnieSzeto	
2833	1:06:56	1/1/2019 	4008610	763.00	21.00	18.42	17.10	97272.84	145777	1	WinnieSzeto	
2834	1:06:56	1/1/2019 	4009109	98.00	8.00	6.54	17.10	97272.84	4463	0	WinnieSzeto	
2835	1:06:58	1/1/2019 	4011142	932.00	142.00	37.97	17.09	97272.31	97794	1	WinnieSzeto	
2836	1:06:59	1/1/2019 	4012084	926.00	137.00	37.10	17.09	97272.11	50553	1	WinnieSzeto	
2837	1:07:00	1/1/2019 	4013093	660.00	10.00	14.87	17.09	97272.11	49826	0	WinnieSzeto	
2838	1:07:07	1/1/2019 	4019682	134.00	8.00	7.56	17.08	97270.66	337675	0	WinnieSzeto	
2839	1:07:23	1/1/2019 	4035736	861.00	72.00	25.16	17.06	97267.42	770193	1	WinnieSzeto	
2840	1:07:24	1/1/2019 	4037321	952.00	183.00	43.69	17.06	97267.27	53542	0	WinnieSzeto	
2841	1:07:25	1/1/2019 	4038016	138.00	8.00	7.67	17.06	97267.09	49827	1	WinnieSzeto	
2842	1:07:28	1/1/2019 	4041029	925.00	136.00	36.92	17.05	97266.04	145778	1	WinnieSzeto	
2843	1:07:30	1/1/2019 	4043161	976.00	858.00	155.77	17.05	97265.16	98533	1	WinnieSzeto	
2844	1:07:31	1/1/2019 	4044015	958.00	172.00	42.40	17.05	97265.00	49830	1	WinnieSzeto	
2845	1:07:32	1/1/2019 	4045210	626.00	9.00	14.33	17.05	97264.15	49828	0	WinnieSzeto	
2846	1:07:34	1/1/2019 	4046869	911.00	118.00	33.51	17.04	97263.62	100414	1	WinnieSzeto	
2847	1:07:34	1/1/2019 	4047159	86.00	8.00	6.26	17.04	97263.29	1851	1	WinnieSzeto	
2848	1:07:35	1/1/2019 	4047681	920.00	130.00	35.82	17.04	97263.12	49825	1	WinnieSzeto	
2849	1:07:35	1/1/2019 	4048330	936.00	142.00	37.97	17.04	97262.79	1855	0	WinnieSzeto	
2850	1:07:39	1/1/2019 	4052047	606.00	9.00	14.10	17.04	97262.75	193752	0	WinnieSzeto	
2851	1:07:40	1/1/2019 	4053036	465.00	9.00	12.67	17.04	97262.38	50560	0	WinnieSzeto	
2852	1:07:40	1/1/2019 	4053152	72.00	8.00	6.00	17.04	97262.38	4476	0	WinnieSzeto	
2853	1:07:41	1/1/2019 	4053818	963.00	282.00	54.30	17.03	97262.01	49828	1	WinnieSzeto	
2854	1:07:42	1/1/2019 	4054763	728.00	15.00	16.69	17.03	97262.01	49828	0	WinnieSzeto	
2855	1:07:42	1/1/2019 	4055378	380.00	8.00	11.95	17.03	97262.01	1851	0	WinnieSzeto	
2856	1:07:45	1/1/2019 	4058147	239.00	8.00	10.10	17.03	97261.48	145775	1	WinnieSzeto	
2857	1:07:47	1/1/2019 	4059965	816.00	54.00	22.93	17.03	97260.60	100411	1	WinnieSzeto	
2858	1:07:48	1/1/2019 	4060644	385.00	9.00	12.05	17.03	97260.44	50560	0	WinnieSzeto	
2859	1:07:51	1/1/2019 	4064207	931.00	140.00	37.63	17.02	97259.73	145779	1	WinnieSzeto	
2860	1:07:52	1/1/2019 	4064953	593.00	9.00	13.93	17.02	97259.39	49827	1	WinnieSzeto	
2861	1:07:52	1/1/2019 	4065087	665.00	9.00	14.58	17.02	97259.39	1851	1	WinnieSzeto	
2862	1:07:54	1/1/2019 	4067233	617.00	9.00	14.23	17.02	97258.70	97800	1	WinnieSzeto	
2863	1:08:02	1/1/2019 	4074715	385.00	9.00	12.05	17.01	97257.58	388279	0	WinnieSzeto	
2864	1:08:03	1/1/2019 	4076129	255.00	9.00	10.40	17.01	97257.04	50554	0	WinnieSzeto	
2865	1:08:03	1/1/2019 	4076354	811.00	50.00	22.52	17.01	97257.04	1850	1	WinnieSzeto	
2866	1:08:09	1/1/2019 	4082096	899.00	101.00	30.18	17.00	97255.48	289710	1	WinnieSzeto	
2867	1:08:10	1/1/2019 	4083152	790.00	32.00	20.50	17.00	97254.95	50556	1	WinnieSzeto	
2868	1:08:18	1/1/2019 	4090967	971.00	428.00	78.25	16.99	97254.33	385657	0	WinnieSzeto	
2869	1:08:19	1/1/2019 	4091564	272.00	9.00	10.68	16.99	97253.82	53386	0	WinnieSzeto	
2870	1:08:21	1/1/2019 	4094347	953.00	164.00	41.35	16.98	97253.45	97802	0	WinnieSzeto	
2871	1:08:36	1/1/2019 	4109421	827.00	58.00	23.37	16.96	97249.89	721494	1	WinnieSzeto	
2872	1:08:38	1/1/2019 	4110635	716.00	17.00	17.24	16.96	97249.69	98535	1	WinnieSzeto	
2873	1:08:38	1/1/2019 	4111003	973.00	455.00	81.54	16.96	97249.69	2582	0	WinnieSzeto	
2874	1:08:46	1/1/2019 	4119376	628.00	9.00	14.35	16.95	97248.56	385668	0	WinnieSzeto	
2875	1:08:48	1/1/2019 	4121353	151.00	8.00	8.05	16.95	97248.19	100423	0	WinnieSzeto	
2876	1:08:49	1/1/2019 	4121558	870.00	79.00	26.22	16.95	97248.19	50552	1	WinnieSzeto	
2877	1:08:51	1/1/2019 	4124406	953.00	176.00	42.88	16.94	97247.66	97805	1	WinnieSzeto	
2878	1:08:53	1/1/2019 	4126433	385.00	9.00	12.05	16.94	97246.99	97804	0	WinnieSzeto	
2879	1:08:55	1/1/2019 	4128310	966.00	432.00	78.77	16.94	97246.99	97803	0	WinnieSzeto	
2880	1:08:58	1/1/2019 	4130732	908.00	115.00	32.92	16.94	97245.93	145781	1	WinnieSzeto	
2881	1:08:58	1/1/2019 	4131152	717.00	13.00	16.01	16.94	97245.93	5412	0	WinnieSzeto	
2882	1:08:58	1/1/2019 	4131262	86.00	8.00	6.26	16.94	97245.93	1849	0	WinnieSzeto	
2883	1:09:18	1/1/2019 	4151155	962.00	330.00	62.25	16.91	97242.00	961384	1	WinnieSzeto	
2884	1:09:20	1/1/2019 	4152853	885.00	86.00	27.41	16.91	97241.82	98534	1	WinnieSzeto	
2885	1:09:31	1/1/2019 	4163785	511.00	9.00	13.02	16.89	97238.83	529593	0	WinnieSzeto	
2886	1:09:32	1/1/2019 	4165123	789.00	32.00	20.50	16.89	97239.15	50556	1	WinnieSzeto	
2887	1:09:33	1/1/2019 	4165628	93.00	8.00	6.42	16.89	97238.78	52665	0	WinnieSzeto	
2888	1:09:35	1/1/2019 	4167911	957.00	228.00	48.03	16.89	97238.09	97802	1	WinnieSzeto	
2889	1:09:37	1/1/2019 	4170241	970.00	559.00	96.14	16.89	97238.08	97807	1	WinnieSzeto	
2890	1:09:41	1/1/2019 	4173936	418.00	9.00	12.33	16.88	97238.19	194485	0	WinnieSzeto	
2891	1:09:42	1/1/2019 	4175215	360.00	9.00	11.81	16.88	97237.66	49826	0	WinnieSzeto	
2892	1:09:51	1/1/2019 	4183811	873.00	82.00	26.70	16.87	97236.20	433640	1	WinnieSzeto	
2893	1:10:08	1/1/2019 	4200757	976.00	611.00	107.46	16.84	97231.42	821027	0	WinnieSzeto	
2894	1:10:11	1/1/2019 	4203890	794.00	38.00	21.26	16.84	97230.72	146508	1	WinnieSzeto	
2895	1:10:12	1/1/2019 	4205231	648.00	10.00	14.79	16.84	97230.34	49828	1	WinnieSzeto	
2896	1:10:12	1/1/2019 	4205474	113.00	8.00	6.95	16.84	97230.34	1851	0	WinnieSzeto	
2897	1:10:15	1/1/2019 	4208188	711.00	12.00	15.66	16.83	97230.46	145779	0	WinnieSzeto	
2898	1:10:20	1/1/2019 	4212710	965.00	405.00	75.08	16.83	97229.78	241736	1	WinnieSzeto	
2899	1:10:24	1/1/2019 	4217180	964.00	241.00	49.30	16.82	97228.72	197356	0	WinnieSzeto	
2900	1:10:27	1/1/2019 	4219736	70.00	8.00	5.98	16.82	97227.84	145778	1	WinnieSzeto	
2901	1:10:28	1/1/2019 	4221075	958.00	203.00	45.71	16.82	97228.02	50554	1	WinnieSzeto	
2902	1:10:32	1/1/2019 	4224616	782.00	27.00	19.70	16.81	97227.27	193759	1	WinnieSzeto	
2903	1:10:33	1/1/2019 	4225708	779.00	25.00	19.32	16.81	97227.27	49829	1	WinnieSzeto	
2904	1:10:33	1/1/2019 	4226025	963.00	220.00	47.28	16.81	97227.06	4460	1	WinnieSzeto	
2905	1:10:34	1/1/2019 	4227313	965.00	345.00	64.97	16.81	97226.91	49828	0	WinnieSzeto	
2906	1:10:37	1/1/2019 	4230276	919.00	126.00	35.07	16.81	97226.03	145785	0	WinnieSzeto	
2907	1:10:39	1/1/2019 	4232071	955.00	202.00	45.62	16.80	97225.17	98534	1	WinnieSzeto	
2908	1:10:40	1/1/2019 	4233472	213.00	8.00	9.58	16.80	97224.64	49829	0	WinnieSzeto	
2909	1:10:43	1/1/2019 	4236709	972.00	575.00	99.36	16.80	97223.28	193756	1	WinnieSzeto	
2910	1:10:49	1/1/2019 	4242835	794.00	40.00	21.48	16.79	97223.03	292556	1	WinnieSzeto	
2911	1:10:51	1/1/2019 	4244908	913.00	124.00	34.68	16.79	97222.98	98533	1	WinnieSzeto	
2912	1:11:01	1/1/2019 	4254339	948.00	158.00	40.51	16.78	97221.05	433648	0	WinnieSzeto	
2913	1:11:05	1/1/2019 	4258976	951.00	162.00	41.08	16.77	97219.19	242468	1	WinnieSzeto	
2914	1:11:08	1/1/2019 	4261788	814.00	52.00	22.72	16.77	97218.98	145778	0	WinnieSzeto	
2915	1:11:08	1/1/2019 	4261934	969.00	342.00	64.42	16.77	97218.98	2578	0	WinnieSzeto	
2916	1:11:17	1/1/2019 	4270451	850.00	71.00	25.00	16.76	97217.22	388259	1	WinnieSzeto	
2917	1:11:20	1/1/2019 	4273981	158.00	8.00	8.24	16.75	97216.31	194483	1	WinnieSzeto	
2918	1:11:28	1/1/2019 	4281860	959.00	273.00	53.05	16.75	97215.56	385648	1	WinnieSzeto	
2919	1:11:33	1/1/2019 	4286270	960.00	278.00	53.73	16.74	97214.20	194479	1	WinnieSzeto	
2920	1:11:36	1/1/2019 	4289260	862.00	71.00	25.03	16.74	97213.30	145776	1	WinnieSzeto	
2921	1:11:37	1/1/2019 	4290435	814.00	54.00	22.92	16.74	97213.46	49828	1	WinnieSzeto	
2922	1:11:37	1/1/2019 	4290978	916.00	117.00	33.33	16.74	97213.46	53402	1	WinnieSzeto	
2923	1:11:40	1/1/2019 	4294026	324.00	9.00	11.41	16.73	97213.05	145776	0	WinnieSzeto	
2924	1:11:43	1/1/2019 	4296142	163.00	8.00	8.38	16.73	97213.22	97802	1	WinnieSzeto	
2925	1:11:50	1/1/2019 	4303809	878.00	86.00	27.38	16.72	97211.29	385654	0	WinnieSzeto	
2926	1:11:51	1/1/2019 	4305052	956.00	166.00	41.62	16.72	97211.29	50554	0	WinnieSzeto	
2927	1:11:51	1/1/2019 	4305062	82.00	8.00	6.17	16.72	97211.24	1851	0	WinnieSzeto	
2928	1:11:53	1/1/2019 	4306935	973.00	548.00	94.15	16.72	97211.08	100410	1	WinnieSzeto	
2929	1:11:57	1/1/2019 	4310752	958.00	209.00	46.27	16.71	97209.86	193753	1	WinnieSzeto	
2930	1:12:03	1/1/2019 	4316247	960.00	189.00	44.33	16.71	97208.50	242450	0	WinnieSzeto	
2931	1:12:04	1/1/2019 	4317609	962.00	278.00	53.73	16.71	97208.66	97799	1	WinnieSzeto	
2932	1:12:05	1/1/2019 	4318430	82.00	10.00	6.18	16.71	97208.66	1851	0	WinnieSzeto	
2933	1:12:09	1/1/2019 	4322195	754.00	20.00	18.16	16.70	97208.09	193751	1	WinnieSzeto	
2934	1:12:11	1/1/2019 	4324155	956.00	180.00	43.35	16.70	97207.39	101422	1	WinnieSzeto	
2935	1:12:13	1/1/2019 	4326178	886.00	93.00	28.64	16.70	97207.05	97801	1	WinnieSzeto	
2936	1:12:13	1/1/2019 	4326552	702.00	11.00	15.30	16.69	97206.52	49827	0	WinnieSzeto	
2937	1:12:15	1/1/2019 	4328709	839.00	67.00	24.45	16.69	97206.52	97802	1	WinnieSzeto	
2938	1:12:18	1/1/2019 	4331779	584.00	9.00	13.82	16.69	97206.11	145774	0	WinnieSzeto	
2939	1:12:20	1/1/2019 	4333901	901.00	106.00	31.15	16.69	97205.91	98528	1	WinnieSzeto	
2940	1:12:20	1/1/2019 	4333938	962.00	198.00	45.23	16.69	97205.91	4462	1	WinnieSzeto	
2941	1:12:24	1/1/2019 	4337812	577.00	9.00	13.73	16.68	97205.35	193749	0	WinnieSzeto	
2942	1:12:26	1/1/2019 	4339100	703.00	12.00	15.66	16.68	97204.84	49826	0	WinnieSzeto	
2943	1:12:28	1/1/2019 	4341373	880.00	83.00	26.89	16.68	97204.31	97800	1	WinnieSzeto	
2944	1:12:34	1/1/2019 	4347898	134.00	8.00	7.56	16.67	97202.91	338406	0	WinnieSzeto	
2945	1:12:41	1/1/2019 	4354177	866.00	80.00	26.36	16.66	97202.50	292573	0	WinnieSzeto	
2946	1:12:44	1/1/2019 	4357205	958.00	253.00	50.58	16.66	97201.67	146505	1	WinnieSzeto	
2947	1:12:46	1/1/2019 	4359075	92.00	8.00	6.39	16.66	97201.47	97802	0	WinnieSzeto	
2948	1:12:48	1/1/2019 	4362059	898.00	97.00	29.42	16.65	97200.89	145776	1	WinnieSzeto	
2949	1:12:53	1/1/2019 	4366937	889.00	93.00	28.65	16.65	97200.51	242454	0	WinnieSzeto	
2950	1:12:55	1/1/2019 	4368138	944.00	149.00	39.13	16.65	97199.98	49827	0	WinnieSzeto	
2951	1:12:56	1/1/2019 	4369912	959.00	223.00	47.56	16.64	97199.61	100416	1	WinnieSzeto	
2952	1:12:57	1/1/2019 	4370256	968.00	515.00	88.85	16.64	97199.61	2578	1	WinnieSzeto	
2953	1:12:58	1/1/2019 	4371811	916.00	125.00	34.87	16.64	97199.28	97802	1	WinnieSzeto	
2954	1:12:59	1/1/2019 	4372453	90.00	8.00	6.35	16.64	97198.75	1850	0	WinnieSzeto	
2955	1:13:00	1/1/2019 	4373484	955.00	168.00	41.89	16.64	97198.91	49823	1	WinnieSzeto	
2956	1:13:03	1/1/2019 	4376910	963.00	336.00	63.33	16.64	97197.55	193755	1	WinnieSzeto	
2957	1:13:05	1/1/2019 	4378992	965.00	371.00	69.61	16.63	97197.02	100696	1	WinnieSzeto	
2958	1:13:06	1/1/2019 	4379852	758.00	21.00	18.41	16.63	97196.86	49828	1	WinnieSzeto	
2959	1:13:10	1/1/2019 	4383496	965.00	382.00	71.48	16.63	97195.98	146506	0	WinnieSzeto	
2960	1:13:10	1/1/2019 	4383557	576.00	9.00	13.72	16.63	97195.98	49828	1	WinnieSzeto	
2961	1:13:11	1/1/2019 	4384625	163.00	8.00	8.38	16.63	97195.98	49825	0	WinnieSzeto	
2962	1:13:15	1/1/2019 	4388850	757.00	20.00	18.17	16.62	97195.12	193750	0	WinnieSzeto	
2963	1:13:17	1/1/2019 	4390334	917.00	128.00	35.44	16.62	97194.42	52462	0	WinnieSzeto	
2964	1:13:22	1/1/2019 	4395453	797.00	41.00	21.59	16.62	97193.55	242450	1	WinnieSzeto	
2965	1:13:24	1/1/2019 	4397295	884.00	91.00	28.27	16.61	97193.19	97802	1	WinnieSzeto	
2966	1:13:32	1/1/2019 	4405675	160.00	8.00	8.30	16.61	97192.11	433626	0	WinnieSzeto	
2967	1:13:37	1/1/2019 	4410226	961.00	233.00	48.51	16.60	97191.05	194476	1	WinnieSzeto	
2968	1:13:39	1/1/2019 	4412934	907.00	113.00	32.53	16.60	97189.98	146507	0	WinnieSzeto	
2969	1:13:40	1/1/2019 	4413208	809.00	50.00	22.51	16.60	97189.98	4465	0	WinnieSzeto	
2970	1:13:49	1/1/2019 	4422735	183.00	8.00	8.90	16.58	97188.47	481605	0	WinnieSzeto	
2971	1:13:58	1/1/2019 	4431151	212.00	8.00	9.56	16.57	97186.08	386386	0	WinnieSzeto	
2972	1:14:00	1/1/2019 	4433349	619.00	9.00	14.25	16.57	97185.71	98528	0	WinnieSzeto	
2973	1:14:01	1/1/2019 	4434422	890.00	90.00	28.12	16.57	97185.18	49828	0	WinnieSzeto	
2974	1:14:03	1/1/2019 	4436464	131.00	8.00	7.47	16.57	97185.50	97804	1	WinnieSzeto	
2975	1:14:05	1/1/2019 	4438789	662.00	10.00	14.88	16.57	97185.62	148391	0	WinnieSzeto	
2976	1:14:07	1/1/2019 	4440768	748.00	19.00	17.89	16.56	97185.28	97805	1	WinnieSzeto	
2977	1:14:19	1/1/2019 	4453029	899.00	105.00	30.95	16.55	97182.77	578292	1	WinnieSzeto	
2978	1:14:21	1/1/2019 	4454169	963.00	249.00	50.14	16.55	97182.61	50555	1	WinnieSzeto	
2979	1:14:21	1/1/2019 	4454858	965.00	245.00	49.71	16.55	97182.61	49828	0	WinnieSzeto	
2980	1:14:25	1/1/2019 	4458842	670.00	10.00	14.92	16.54	97181.88	193758	1	WinnieSzeto	
2981	1:14:26	1/1/2019 	4459886	967.00	363.00	68.21	16.54	97181.88	52447	0	WinnieSzeto	
2982	1:14:36	1/1/2019 	4469830	954.00	165.00	41.49	16.53	97180.38	482348	1	WinnieSzeto	
2983	1:14:37	1/1/2019 	4470282	599.00	9.00	14.01	16.53	97180.22	2583	0	WinnieSzeto	
2984	1:14:51	1/1/2019 	4484156	961.00	235.00	48.70	16.51	97171.30	673521	1	WinnieSzeto	
2985	1:14:51	1/1/2019 	4484910	788.00	30.00	20.21	16.51	97171.30	50555	1	WinnieSzeto	
2986	1:14:52	1/1/2019 	4485665	682.00	10.00	14.94	16.50	97170.27	52442	1	WinnieSzeto	
2987	1:14:53	1/1/2019 	4486236	920.00	131.00	36.00	16.50	97169.95	1850	1	WinnieSzeto	
2988	1:14:57	1/1/2019 	4490179	867.00	75.00	25.61	16.50	97165.97	193766	1	WinnieSzeto	
2989	1:15:02	1/1/2019 	4495719	787.00	31.00	20.35	16.49	97163.15	290458	0	WinnieSzeto	
2990	1:15:06	1/1/2019 	4499909	805.00	48.00	22.31	16.49	97159.70	193768	1	WinnieSzeto	
2991	1:15:06	1/1/2019 	4499980	873.00	82.00	26.70	16.49	97159.70	2577	1	WinnieSzeto	
2992	1:15:10	1/1/2019 	4503182	600.00	9.00	14.02	16.49	97154.79	148399	1	WinnieSzeto	
2993	1:15:16	1/1/2019 	4509959	330.00	9.00	11.48	16.48	97146.20	337708	0	WinnieSzeto	
2994	1:15:24	1/1/2019 	4517487	770.00	25.00	19.31	16.46	97143.59	338431	1	WinnieSzeto	
2995	1:15:27	1/1/2019 	4520962	801.00	46.00	22.10	16.46	97142.70	193764	0	WinnieSzeto	
2996	1:15:28	1/1/2019 	4521110	959.00	181.00	43.46	16.46	97142.70	2578	1	WinnieSzeto	
2997	1:15:28	1/1/2019 	4521219	190.00	8.00	9.07	16.46	97142.70	1850	1	WinnieSzeto	
2998	1:15:33	1/1/2019 	4526240	851.00	70.00	24.86	16.45	97141.62	244355	1	WinnieSzeto	
2999	1:15:35	1/1/2019 	4528418	964.00	290.00	55.49	16.45	97141.41	97809	1	WinnieSzeto	
3000	1:15:36	1/1/2019 	4529716	748.00	18.00	17.62	16.45	97140.88	97809	1	WinnieSzeto	
3001	1:15:40	1/1/2019 	4532489	959.00	263.00	51.76	16.44	97139.84	98539	1	WinnieSzeto	
3002	1:15:40	1/1/2019 	4532727	299.00	9.00	11.08	16.44	97139.84	49830	0	WinnieSzeto	
3003	1:15:46	1/1/2019 	4538715	888.00	92.00	28.47	16.43	97137.61	289722	1	WinnieSzeto	
3004	1:15:50	1/1/2019 	4542638	962.00	236.00	48.80	16.43	97136.89	196399	1	WinnieSzeto	
3005	1:15:51	1/1/2019 	4544413	856.00	70.00	24.88	16.43	97136.39	50558	0	WinnieSzeto	
3006	1:15:54	1/1/2019 	4547297	795.00	37.00	21.15	16.42	97135.70	145787	0	WinnieSzeto	
3007	1:15:56	1/1/2019 	4549264	773.00	26.00	19.50	16.42	97134.34	97808	1	WinnieSzeto	
3008	1:15:57	1/1/2019 	4550204	808.00	49.00	22.41	16.42	97134.18	49830	1	WinnieSzeto	
3009	1:15:59	1/1/2019 	4552106	127.00	8.00	7.35	16.42	97133.97	98535	0	WinnieSzeto	
3010	1:16:00	1/1/2019 	4552589	922.00	134.00	36.55	16.42	97134.14	52438	1	WinnieSzeto	
3011	1:16:05	1/1/2019 	4558337	954.00	161.00	40.94	16.41	97133.03	241747	0	WinnieSzeto	
3012	1:16:07	1/1/2019 	4560051	960.00	212.00	46.55	16.41	97132.52	97810	1	WinnieSzeto	
3013	1:16:07	1/1/2019 	4560402	886.00	89.00	27.93	16.41	97132.36	2579	1	WinnieSzeto	
3014	1:16:08	1/1/2019 	4561016	961.00	288.00	55.18	16.40	97132.00	49829	1	WinnieSzeto	
3015	1:16:09	1/1/2019 	4562059	971.00	392.00	73.10	16.40	97132.32	49830	0	WinnieSzeto	
3016	1:16:09	1/1/2019 	4562198	983.00	818.00	146.20	16.40	97132.32	4463	1	WinnieSzeto	
3017	1:16:10	1/1/2019 	4562750	916.00	120.00	33.91	16.40	97131.95	49829	1	WinnieSzeto	
3018	1:16:14	1/1/2019 	4567372	871.00	82.00	26.70	16.40	97131.09	193767	0	WinnieSzeto	
3019	1:16:18	1/1/2019 	4571413	627.00	9.00	14.34	16.39	97129.90	193767	0	WinnieSzeto	
3020	1:16:21	1/1/2019 	4573827	820.00	58.00	23.35	16.39	97128.88	146514	1	WinnieSzeto	
3021	1:16:21	1/1/2019 	4574215	396.00	9.00	12.15	16.39	97128.88	1851	0	WinnieSzeto	
3022	1:16:22	1/1/2019 	4575002	568.00	9.00	13.62	16.39	97128.72	52440	1	WinnieSzeto	
3023	1:16:22	1/1/2019 	4575032	296.00	8.00	11.00	16.39	97128.72	1850	0	WinnieSzeto	
3024	1:16:24	1/1/2019 	4576717	258.00	9.00	10.45	16.39	97128.35	97806	0	WinnieSzeto	
3025	1:16:24	1/1/2019 	4577076	890.00	93.00	28.66	16.39	97128.35	1850	1	WinnieSzeto	
3026	1:16:25	1/1/2019 	4577840	66.00	8.00	5.93	16.39	97127.66	49826	0	WinnieSzeto	
3027	1:16:26	1/1/2019 	4578976	64.00	8.00	5.92	16.39	97127.50	49827	0	WinnieSzeto	
3028	1:16:28	1/1/2019 	4580557	791.00	32.00	20.51	16.38	97126.99	100395	1	WinnieSzeto	
3029	1:16:31	1/1/2019 	4583941	110.00	8.00	6.86	16.38	97126.95	146513	0	WinnieSzeto	
3030	1:16:31	1/1/2019 	4584255	972.00	312.00	59.07	16.38	97126.95	1849	1	WinnieSzeto	
3031	1:16:32	1/1/2019 	4584494	668.00	10.00	14.91	16.38	97126.95	1849	0	WinnieSzeto	
3032	1:16:32	1/1/2019 	4585385	789.00	32.00	20.50	16.38	97126.74	49828	1	WinnieSzeto	
3033	1:16:33	1/1/2019 	4585783	964.00	278.00	53.73	16.38	97126.91	49828	1	WinnieSzeto	
3034	1:16:35	1/1/2019 	4587663	198.00	8.00	9.25	16.38	97126.58	100421	0	WinnieSzeto	
3035	1:16:36	1/1/2019 	4589090	305.00	8.00	11.13	16.38	97126.08	49828	0	WinnieSzeto	
3036	1:16:37	1/1/2019 	4589601	961.00	278.00	53.73	16.38	97125.92	49828	0	WinnieSzeto	
3037	1:16:37	1/1/2019 	4589730	970.00	360.00	67.68	16.38	97125.92	2578	1	WinnieSzeto	
3038	1:16:39	1/1/2019 	4592398	740.00	17.00	17.32	16.37	97125.25	97806	0	WinnieSzeto	
3039	1:16:42	1/1/2019 	4594565	907.00	115.00	32.92	16.37	97124.72	148420	1	WinnieSzeto	
3040	1:16:48	1/1/2019 	4600991	961.00	228.00	48.03	16.36	97122.97	289731	0	WinnieSzeto	
3041	1:16:54	1/1/2019 	4606594	839.00	64.00	24.08	16.36	97121.61	290453	1	WinnieSzeto	
3042	1:16:54	1/1/2019 	4606858	952.00	152.00	39.60	16.36	97121.61	1849	0	WinnieSzeto	
3043	1:16:54	1/1/2019 	4607327	984.00	709.00	128.02	16.36	97121.08	1849	0	WinnieSzeto	
3044	1:16:56	1/1/2019 	4608780	917.00	127.00	35.25	16.36	97120.91	97809	1	WinnieSzeto	
3045	1:17:01	1/1/2019 	4614233	957.00	244.00	49.61	16.35	97119.55	244275	1	WinnieSzeto	
3046	1:17:04	1/1/2019 	4616951	98.00	8.00	6.54	16.35	97118.87	146516	0	WinnieSzeto	
3047	1:17:10	1/1/2019 	4622909	912.00	118.00	33.52	16.34	97117.92	289721	1	WinnieSzeto	
3048	1:17:13	1/1/2019 	4625824	718.00	12.00	15.66	16.34	97117.58	146517	1	WinnieSzeto	
3049	1:17:14	1/1/2019 	4626819	728.00	14.00	16.36	16.34	97117.22	49828	0	WinnieSzeto	
3050	1:17:15	1/1/2019 	4628083	718.00	13.00	16.01	16.34	97117.22	49828	1	WinnieSzeto	
3051	1:17:19	1/1/2019 	4631777	72.00	8.00	6.00	16.33	97116.96	196294	0	WinnieSzeto	
3052	1:17:21	1/1/2019 	4634442	895.00	97.00	29.41	16.33	97116.80	98601	1	WinnieSzeto	
3053	1:17:35	1/1/2019 	4647810	777.00	26.00	19.51	16.32	97113.53	673546	1	WinnieSzeto	
3054	1:17:40	1/1/2019 	4652927	900.00	108.00	31.53	16.31	97112.96	242543	1	WinnieSzeto	
3055	1:17:40	1/1/2019 	4653109	568.00	9.00	13.62	16.31	97112.96	2650	0	WinnieSzeto	
3056	1:17:42	1/1/2019 	4655331	559.00	9.00	13.51	16.31	97112.59	97805	0	WinnieSzeto	
3057	1:17:43	1/1/2019 	4655679	893.00	101.00	30.16	16.31	97112.59	52422	1	WinnieSzeto	
3058	1:17:44	1/1/2019 	4656598	963.00	285.00	54.73	16.31	97112.43	49830	0	WinnieSzeto	
3059	1:17:45	1/1/2019 	4657952	154.00	9.00	8.13	16.31	97112.41	49828	0	WinnieSzeto	
3060	1:17:51	1/1/2019 	4663939	163.00	8.00	8.38	16.30	97112.97	289721	0	WinnieSzeto	
3061	1:17:51	1/1/2019 	4664422	646.00	9.00	14.50	16.30	97113.13	2647	0	WinnieSzeto	
3062	1:17:52	1/1/2019 	4665176	953.00	171.00	42.27	16.30	97112.92	49828	1	WinnieSzeto	
3063	1:17:54	1/1/2019 	4667107	945.00	145.00	38.48	16.30	97112.23	100402	0	WinnieSzeto	
3064	1:17:56	1/1/2019 	4668755	880.00	81.00	26.56	16.30	97112.23	97808	0	WinnieSzeto	
3065	1:17:59	1/1/2019 	4671880	678.00	10.00	14.94	16.29	97111.89	145788	0	WinnieSzeto	
3066	1:18:02	1/1/2019 	4675469	874.00	82.00	26.71	16.29	97111.32	146588	1	WinnieSzeto	
3067	1:18:04	1/1/2019 	4677211	907.00	112.00	32.33	16.29	97111.32	97810	0	WinnieSzeto	
3068	1:18:05	1/1/2019 	4677820	685.00	11.00	15.29	16.29	97111.16	49830	1	WinnieSzeto	
3069	1:18:10	1/1/2019 	4682651	873.00	84.00	27.03	16.28	97109.75	244358	1	WinnieSzeto	
3070	1:18:12	1/1/2019 	4684948	549.00	8.00	13.26	16.28	97109.92	98609	1	WinnieSzeto	
3071	1:18:12	1/1/2019 	4685135	960.00	159.00	40.65	16.28	97109.92	1850	0	WinnieSzeto	
3072	1:18:16	1/1/2019 	4689438	714.00	13.00	16.01	16.28	97109.20	193765	1	WinnieSzeto	
3073	1:18:17	1/1/2019 	4689642	136.00	9.00	7.62	16.28	97109.20	49830	0	WinnieSzeto	
3074	1:18:18	1/1/2019 	4690738	873.00	79.00	26.23	16.27	97108.68	50628	1	WinnieSzeto	
3075	1:18:18	1/1/2019 	4690871	976.00	605.00	105.99	16.27	97108.84	4462	1	WinnieSzeto	
3076	1:18:19	1/1/2019 	4691795	473.00	9.00	12.72	16.27	97108.84	49831	0	WinnieSzeto	
3077	1:18:21	1/1/2019 	4694010	952.00	156.00	40.21	16.27	97108.50	97811	1	WinnieSzeto	
3078	1:18:22	1/1/2019 	4695218	647.00	9.00	14.50	16.27	97108.50	49830	0	WinnieSzeto	
3079	1:18:25	1/1/2019 	4697580	717.00	13.00	16.01	16.27	97107.97	145787	1	WinnieSzeto	
3080	1:18:25	1/1/2019 	4697727	853.00	71.00	25.00	16.27	97107.97	1851	1	WinnieSzeto	
3081	1:18:25	1/1/2019 	4698001	701.00	12.00	15.66	16.27	97107.97	4438	0	WinnieSzeto	
3082	1:18:26	1/1/2019 	4699104	958.00	207.00	46.09	16.27	97107.59	49828	0	WinnieSzeto	
3083	1:18:27	1/1/2019 	4699823	673.00	10.00	14.93	16.27	97107.44	49830	1	WinnieSzeto	
3084	1:18:34	1/1/2019 	4706812	887.00	89.00	27.93	16.26	97106.23	338506	1	WinnieSzeto	
3085	1:18:35	1/1/2019 	4708120	951.00	158.00	40.51	16.26	97105.71	49831	1	WinnieSzeto	
3086	1:18:36	1/1/2019 	4708720	810.00	45.00	22.02	16.26	97105.55	52443	0	WinnieSzeto	
3087	1:18:39	1/1/2019 	4711798	878.00	84.00	27.05	16.26	97105.50	145790	1	WinnieSzeto	
3088	1:18:39	1/1/2019 	4712316	913.00	113.00	32.54	16.26	97105.67	2650	0	WinnieSzeto	
3089	1:18:40	1/1/2019 	4713281	361.00	9.00	11.82	16.25	97105.62	49830	0	WinnieSzeto	
3090	1:18:43	1/1/2019 	4716283	112.00	8.00	6.92	16.25	97104.12	145791	0	WinnieSzeto	
3091	1:18:43	1/1/2019 	4716349	811.00	52.00	22.72	16.25	97104.12	1848	0	WinnieSzeto	
3092	1:18:44	1/1/2019 	4717118	103.00	8.00	6.67	16.25	97103.95	52440	0	WinnieSzeto	
3093	1:18:44	1/1/2019 	4717347	925.00	130.00	35.82	16.25	97103.95	1848	1	WinnieSzeto	
3094	1:18:45	1/1/2019 	4717643	773.00	24.00	19.11	16.25	97103.78	49831	1	WinnieSzeto	
3095	1:18:53	1/1/2019 	4726453	933.00	142.00	37.97	16.24	97101.70	385688	1	WinnieSzeto	
3096	1:18:59	1/1/2019 	4732016	860.00	76.00	25.73	16.24	97101.31	290527	1	WinnieSzeto	
3097	1:19:02	1/1/2019 	4734752	817.00	54.00	22.93	16.23	97101.11	146586	1	WinnieSzeto	
3098	1:19:07	1/1/2019 	4740186	411.00	8.00	12.21	16.23	97101.02	244361	0	WinnieSzeto	
3099	1:19:07	1/1/2019 	4740268	1004.00	165.00	41.49	16.23	97101.02	2647	1	WinnieSzeto	
3100	1:19:08	1/1/2019 	4741467	77.00	8.00	6.08	16.23	97100.84	49830	0	WinnieSzeto	
3101	1:19:10	1/1/2019 	4742741	518.00	9.00	13.08	16.22	97100.63	97806	0	WinnieSzeto	
3102	1:19:12	1/1/2019 	4744818	951.00	150.00	39.29	16.22	97100.30	97809	1	WinnieSzeto	
3103	1:19:12	1/1/2019 	4745463	910.00	112.00	32.34	16.22	97100.45	1850	0	WinnieSzeto	
3104	1:19:20	1/1/2019 	4752893	908.00	114.00	32.73	16.21	97099.38	388293	1	WinnieSzeto	
3105	1:19:21	1/1/2019 	4753828	742.00	17.00	17.32	16.21	97099.38	50634	1	WinnieSzeto	
3106	1:19:21	1/1/2019 	4754472	956.00	164.00	41.35	16.21	97098.84	1855	1	WinnieSzeto	
3107	1:19:27	1/1/2019 	4759735	549.00	8.00	13.26	16.21	97098.11	289719	0	WinnieSzeto	
3108	1:19:29	1/1/2019 	4762450	920.00	125.00	34.88	16.20	97097.44	98604	1	WinnieSzeto	
3109	1:19:34	1/1/2019 	4767076	799.00	41.00	21.59	16.20	97096.22	241748	0	WinnieSzeto	
3110	1:19:37	1/1/2019 	4769763	629.00	9.00	14.36	16.20	97095.85	148402	0	WinnieSzeto	
3111	1:19:38	1/1/2019 	4770810	781.00	26.00	19.52	16.20	97095.85	50630	1	WinnieSzeto	
3112	1:19:38	1/1/2019 	4770850	960.00	175.00	42.76	16.20	97095.85	1850	1	WinnieSzeto	
3113	1:19:41	1/1/2019 	4773797	975.00	674.00	121.49	16.19	97095.19	145789	1	WinnieSzeto	
3114	1:19:46	1/1/2019 	4778997	697.00	11.00	15.30	16.19	97094.45	241743	1	WinnieSzeto	
3115	1:19:46	1/1/2019 	4779427	557.00	8.00	13.35	16.19	97094.45	1852	1	WinnieSzeto	
3116	1:19:48	1/1/2019 	4781197	958.00	235.00	48.70	16.19	97094.12	100418	0	WinnieSzeto	
3117	1:19:49	1/1/2019 	4782135	129.00	9.00	7.41	16.19	97093.76	50633	0	WinnieSzeto	
3118	1:19:52	1/1/2019 	4785458	968.00	470.00	83.26	16.19	97094.56	145787	1	WinnieSzeto	
3119	1:19:58	1/1/2019 	4791316	164.00	8.00	8.40	16.18	97093.65	289725	0	WinnieSzeto	
3120	1:19:59	1/1/2019 	4792316	958.00	183.00	43.69	16.18	97093.81	50626	0	WinnieSzeto	
3121	1:20:00	1/1/2019 	4793001	903.00	109.00	31.74	16.18	97093.61	49830	0	WinnieSzeto	
3122	1:20:06	1/1/2019 	4799428	921.00	131.00	36.00	16.17	97093.58	292336	1	WinnieSzeto	
3123	1:20:07	1/1/2019 	4800349	657.00	10.00	14.85	16.17	97093.05	49830	1	WinnieSzeto	
3124	1:20:10	1/1/2019 	4803271	894.00	97.00	29.41	16.17	97092.72	146588	1	WinnieSzeto	
3125	1:20:12	1/1/2019 	4804638	976.00	753.00	134.75	16.17	97092.35	97810	0	WinnieSzeto	
3126	1:20:15	1/1/2019 	4808146	801.00	37.00	21.16	16.16	97092.14	145789	1	WinnieSzeto	
3127	1:20:16	1/1/2019 	4808903	952.00	168.00	41.89	16.16	97092.14	52443	1	WinnieSzeto	
3128	1:20:16	1/1/2019 	4808950	201.00	9.00	9.33	16.16	97092.14	1851	0	WinnieSzeto	
3129	1:20:17	1/1/2019 	4809587	771.00	24.00	19.11	16.16	97092.14	49828	1	WinnieSzeto	
3130	1:20:18	1/1/2019 	4810838	675.00	11.00	15.26	16.16	97091.80	50628	0	WinnieSzeto	
3131	1:20:19	1/1/2019 	4811647	899.00	105.00	30.95	16.16	97091.64	49831	1	WinnieSzeto	
3132	1:20:23	1/1/2019 	4816421	78.00	8.00	6.10	16.16	97091.06	193768	0	WinnieSzeto	
3133	1:20:24	1/1/2019 	4816916	788.00	30.00	20.21	16.16	97091.06	52439	1	WinnieSzeto	
3134	1:20:24	1/1/2019 	4817112	784.00	29.00	20.04	16.16	97091.06	1850	0	WinnieSzeto	
3135	1:20:26	1/1/2019 	4818971	940.00	146.00	38.64	16.15	97090.86	97808	1	WinnieSzeto	
3136	1:20:31	1/1/2019 	4824238	136.00	8.00	7.62	16.15	97090.00	241752	0	WinnieSzeto	
3137	1:20:32	1/1/2019 	4825222	856.00	74.00	25.43	16.15	97090.16	50627	1	WinnieSzeto	
3138	1:20:36	1/1/2019 	4828912	863.00	74.00	25.45	16.15	97089.13	193772	1	WinnieSzeto	
3139	1:20:37	1/1/2019 	4830123	920.00	132.00	36.19	16.15	97089.45	52442	1	WinnieSzeto	
3140	1:20:38	1/1/2019 	4830771	579.00	9.00	13.75	16.15	97089.13	50630	0	WinnieSzeto	
3141	1:20:43	1/1/2019 	4836236	935.00	142.00	37.97	16.14	97089.05	241751	1	WinnieSzeto	
3142	1:20:52	1/1/2019 	4845673	960.00	202.00	45.62	16.13	97087.80	481650	1	WinnieSzeto	
3143	1:20:54	1/1/2019 	4848093	956.00	207.00	46.09	16.13	97087.11	98612	1	WinnieSzeto	
3144	1:20:54	1/1/2019 	4848219	527.00	9.00	13.16	16.13	97087.11	1851	1	WinnieSzeto	
3145	1:20:56	1/1/2019 	4849800	825.00	51.00	22.64	16.13	97086.74	100420	0	WinnieSzeto	
3146	1:20:56	1/1/2019 	4850116	185.00	8.00	8.95	16.13	97086.74	2650	0	WinnieSzeto	
3147	1:20:59	1/1/2019 	4853220	798.00	35.00	20.91	16.13	97087.05	145788	1	WinnieSzeto	
3148	1:21:00	1/1/2019 	4853699	81.00	8.00	6.15	16.13	97087.21	49830	0	WinnieSzeto	
3149	1:21:01	1/1/2019 	4854400	888.00	94.00	28.83	16.13	97087.05	1848	1	WinnieSzeto	
3150	1:21:03	1/1/2019 	4857079	948.00	156.00	40.21	16.13	97086.69	145792	1	WinnieSzeto	
3151	1:21:05	1/1/2019 	4858775	79.00	8.00	6.12	16.13	97087.00	100422	0	WinnieSzeto	
3152	1:21:06	1/1/2019 	4859726	275.00	9.00	10.73	16.13	97087.00	49829	0	WinnieSzeto	
3153	1:21:09	1/1/2019 	4862656	973.00	698.00	125.88	16.12	97086.64	146586	1	WinnieSzeto	
3154	1:21:10	1/1/2019 	4864032	557.00	9.00	13.48	16.12	97086.11	49831	0	WinnieSzeto	
3155	1:21:14	1/1/2019 	4867687	941.00	143.00	38.14	16.12	97085.31	193766	1	WinnieSzeto	
3156	1:21:17	1/1/2019 	4870422	76.00	8.00	6.07	16.12	97084.82	97809	0	WinnieSzeto	
3157	1:21:19	1/1/2019 	4872605	200.00	9.00	9.31	16.12	97084.30	149194	0	WinnieSzeto	
3158	1:21:20	1/1/2019 	4873858	571.00	9.00	13.65	16.12	97084.30	49829	1	WinnieSzeto	
3159	1:21:21	1/1/2019 	4874373	750.00	19.00	17.89	16.11	97083.92	1851	1	WinnieSzeto	
3160	1:21:31	1/1/2019 	4884304	800.00	47.00	22.20	16.11	97083.19	481632	0	WinnieSzeto	
3161	1:21:31	1/1/2019 	4885108	959.00	190.00	44.43	16.11	97082.69	50628	1	WinnieSzeto	
3162	1:21:35	1/1/2019 	4888858	960.00	256.00	50.93	16.10	97082.11	193767	0	WinnieSzeto	
3163	1:21:35	1/1/2019 	4889148	681.00	10.00	14.94	16.10	97082.11	4482	1	WinnieSzeto	
3164	1:21:37	1/1/2019 	4890877	253.00	9.00	10.37	16.10	97081.78	97808	0	WinnieSzeto	
3165	1:21:37	1/1/2019 	4890942	864.00	70.00	24.90	16.10	97081.78	2648	0	WinnieSzeto	
3166	1:21:42	1/1/2019 	4895352	967.00	545.00	93.60	16.10	97080.59	193768	1	WinnieSzeto	
3167	1:21:42	1/1/2019 	4896123	819.00	54.00	22.93	16.10	97080.91	49831	1	WinnieSzeto	
3168	1:21:49	1/1/2019 	4902791	82.00	8.00	6.17	16.09	97079.16	337697	0	WinnieSzeto	
3169	1:21:50	1/1/2019 	4903762	918.00	128.00	35.44	16.09	97079.16	53250	1	WinnieSzeto	
3170	1:21:50	1/1/2019 	4903775	656.00	9.00	14.55	16.09	97079.16	1849	0	WinnieSzeto	
3171	1:22:01	1/1/2019 	4914900	705.00	11.00	15.30	16.08	97079.21	529613	0	WinnieSzeto	
3172	1:22:03	1/1/2019 	4916420	882.00	86.00	27.40	16.08	97078.84	50629	1	WinnieSzeto	
3173	1:22:05	1/1/2019 	4918900	712.00	13.00	16.01	16.08	97078.52	145785	1	WinnieSzeto	
3174	1:22:06	1/1/2019 	4919377	673.00	10.00	14.93	16.08	97078.16	1851	1	WinnieSzeto	
3175	1:22:07	1/1/2019 	4920969	759.00	21.00	18.42	16.08	97078.48	100418	1	WinnieSzeto	
3176	1:22:13	1/1/2019 	4926349	114.00	8.00	6.98	16.07	97077.12	242543	0	WinnieSzeto	
3177	1:22:17	1/1/2019 	4930493	894.00	99.00	29.78	16.07	97077.11	193765	1	WinnieSzeto	
3178	1:22:20	1/1/2019 	4934011	816.00	52.00	22.73	16.07	97077.38	194557	1	WinnieSzeto	
3179	1:22:23	1/1/2019 	4936869	68.00	8.00	5.95	16.06	97077.02	145782	0	WinnieSzeto	
3180	1:22:24	1/1/2019 	4938045	957.00	216.00	46.92	16.06	97076.67	52664	1	WinnieSzeto	
3181	1:22:28	1/1/2019 	4942058	852.00	70.00	24.87	16.06	97075.81	193761	1	WinnieSzeto	
3182	1:22:29	1/1/2019 	4942890	753.00	20.00	18.16	16.06	97075.66	50626	1	WinnieSzeto	
3183	1:22:30	1/1/2019 	4943808	770.00	24.00	19.11	16.06	97075.81	49826	1	WinnieSzeto	
3184	1:22:31	1/1/2019 	4944982	956.00	190.00	44.43	16.06	97075.77	49826	1	WinnieSzeto	
3185	1:22:33	1/1/2019 	4947060	961.00	276.00	53.45	16.06	97075.61	97803	1	WinnieSzeto	
3186	1:22:37	1/1/2019 	4950878	301.00	9.00	11.11	16.05	97074.09	196368	1	WinnieSzeto	
3187	1:22:41	1/1/2019 	4954733	909.00	115.00	32.93	16.05	97073.73	194557	1	WinnieSzeto	
3188	1:22:42	1/1/2019 	4955867	969.00	581.00	100.66	16.05	97074.05	49828	1	WinnieSzeto	
3189	1:22:43	1/1/2019 	4957192	961.00	173.00	42.52	16.05	97074.53	49828	1	WinnieSzeto	
3190	1:22:44	1/1/2019 	4957663	907.00	114.00	32.72	16.05	97074.00	49827	1	WinnieSzeto	
3191	1:22:46	1/1/2019 	4959992	786.00	27.00	19.71	16.04	97074.12	97806	1	WinnieSzeto	
3192	1:22:47	1/1/2019 	4960945	889.00	92.00	28.47	16.04	97073.96	53469	0	WinnieSzeto	
3193	1:22:47	1/1/2019 	4960965	962.00	234.00	48.60	16.04	97073.96	1850	0	WinnieSzeto	
3194	1:23:02	1/1/2019 	4975442	75.00	8.00	6.05	16.03	97070.89	673531	0	WinnieSzeto	
3195	1:23:02	1/1/2019 	4975585	915.00	118.00	33.52	16.03	97070.89	50625	1	WinnieSzeto	
3196	1:23:04	1/1/2019 	4977559	580.00	9.00	13.77	16.03	97070.69	97804	0	WinnieSzeto	
3197	1:23:06	1/1/2019 	4979284	301.00	9.00	11.11	16.03	97071.01	49827	0	WinnieSzeto	
3198	1:23:07	1/1/2019 	4980587	778.00	30.00	20.19	16.03	97071.01	100419	1	WinnieSzeto	
3199	1:23:10	1/1/2019 	4983612	958.00	201.00	45.52	16.03	97070.30	146588	1	WinnieSzeto	
3200	1:23:11	1/1/2019 	4985062	900.00	104.00	30.76	16.03	97069.98	49830	1	WinnieSzeto	
3201	1:23:15	1/1/2019 	4988912	795.00	34.00	20.78	16.02	97069.61	193763	1	WinnieSzeto	
3202	1:23:16	1/1/2019 	4989462	790.00	31.00	20.36	16.02	97069.08	1851	1	WinnieSzeto	
3203	1:23:16	1/1/2019 	4989964	459.00	9.00	12.62	16.02	97069.23	49828	0	WinnieSzeto	
3204	1:23:18	1/1/2019 	4991265	891.00	93.00	28.66	16.02	97069.40	53465	1	WinnieSzeto	
3205	1:23:19	1/1/2019 	4993031	973.00	526.00	90.49	16.02	97069.22	97806	1	WinnieSzeto	
3206	1:23:21	1/1/2019 	4994618	973.00	706.00	127.33	16.02	97069.06	97807	1	WinnieSzeto	
3207	1:23:21	1/1/2019 	4994643	707.00	12.00	15.66	16.02	97069.06	1852	1	WinnieSzeto	
3208	1:23:22	1/1/2019 	4995619	524.00	9.00	13.13	16.02	97069.05	49828	1	WinnieSzeto	
3209	1:23:22	1/1/2019 	4995722	932.00	138.00	37.28	16.02	97069.05	1850	1	WinnieSzeto	
3210	1:23:22	1/1/2019 	4996208	949.00	148.00	38.97	16.02	97068.72	4447	1	WinnieSzeto	
3211	1:23:23	1/1/2019 	4996493	927.00	139.00	37.45	16.02	97068.56	1850	1	WinnieSzeto	
3212	1:23:23	1/1/2019 	4997223	809.00	43.00	21.82	16.02	97068.72	49828	1	WinnieSzeto	
3213	1:23:24	1/1/2019 	4997892	663.00	10.00	14.89	16.02	97068.56	49829	0	WinnieSzeto	
3214	1:23:25	1/1/2019 	4998418	948.00	150.00	39.29	16.02	97068.23	1850	1	WinnieSzeto	
3215	1:23:26	1/1/2019 	4999625	867.00	74.00	25.46	16.01	97068.19	97807	1	WinnieSzeto	
3216	1:23:31	1/1/2019 	5004355	721.00	13.00	16.01	16.01	97066.97	197412	1	WinnieSzeto	
3217	1:23:36	1/1/2019 	5009903	635.00	9.00	14.41	16.00	97065.94	289725	0	WinnieSzeto	
3218	1:23:37	1/1/2019 	5010907	933.00	142.00	37.97	16.00	97065.94	50628	1	WinnieSzeto	
3219	1:23:44	1/1/2019 	5017991	956.00	212.00	46.55	16.00	97065.52	337702	1	WinnieSzeto	
3220	1:23:45	1/1/2019 	5018424	886.00	91.00	28.28	16.00	97065.69	1852	1	WinnieSzeto	
3221	1:23:47	1/1/2019 	5020550	960.00	296.00	56.42	16.00	97065.64	145785	1	WinnieSzeto	
3222	1:23:47	1/1/2019 	5020664	212.00	9.00	9.58	16.00	97065.64	5275	0	WinnieSzeto	
3223	1:23:48	1/1/2019 	5021606	769.00	24.00	19.10	16.00	97065.48	49827	0	WinnieSzeto	
3224	1:23:48	1/1/2019 	5021657	235.00	9.00	10.04	16.00	97065.48	1850	0	WinnieSzeto	
3225	1:23:49	1/1/2019 	5022341	958.00	232.00	48.41	16.00	97065.48	1849	0	WinnieSzeto	
3226	1:23:50	1/1/2019 	5023762	184.00	8.00	8.92	15.99	97064.97	97808	0	WinnieSzeto	
3227	1:23:52	1/1/2019 	5026035	389.00	9.00	12.09	15.99	97065.62	100397	0	WinnieSzeto	
3228	1:23:55	1/1/2019 	5028588	483.00	9.00	12.79	15.99	97065.41	145790	1	WinnieSzeto	
3229	1:23:56	1/1/2019 	5030118	812.00	54.00	22.92	15.99	97065.05	49830	1	WinnieSzeto	
3230	1:23:59	1/1/2019 	5032355	220.00	8.00	9.73	15.99	97064.35	98605	0	WinnieSzeto	
3231	1:24:00	1/1/2019 	5033897	677.00	10.00	14.94	15.99	97063.70	97805	0	WinnieSzeto	
3232	1:24:02	1/1/2019 	5035348	932.00	141.00	37.80	15.99	97063.70	49830	0	WinnieSzeto	
3233	1:24:02	1/1/2019 	5035867	965.00	296.00	56.42	15.98	97063.20	52440	1	WinnieSzeto	
3234	1:24:02	1/1/2019 	5036015	798.00	41.00	21.59	15.98	97063.20	1850	0	WinnieSzeto	
3235	1:24:04	1/1/2019 	5037995	973.00	675.00	121.59	15.98	97063.36	97807	1	WinnieSzeto	
3236	1:24:05	1/1/2019 	5038402	960.00	292.00	55.79	15.98	97063.36	1852	1	WinnieSzeto	
3237	1:24:05	1/1/2019 	5038573	975.00	437.00	79.40	15.98	97063.36	49830	1	WinnieSzeto	
3238	1:24:05	1/1/2019 	5038587	971.00	335.00	63.15	15.98	97063.36	1850	1	WinnieSzeto	
3239	1:24:06	1/1/2019 	5039457	793.00	34.00	20.78	15.98	97062.99	4439	1	WinnieSzeto	
3240	1:24:07	1/1/2019 	5041143	943.00	148.00	38.97	15.98	97063.48	97808	0	WinnieSzeto	
3241	1:24:11	1/1/2019 	5044685	768.00	22.00	18.67	15.98	97062.62	194567	1	WinnieSzeto	
3242	1:24:13	1/1/2019 	5046757	942.00	144.00	38.31	15.98	97062.42	97811	0	WinnieSzeto	
3243	1:24:14	1/1/2019 	5048051	691.00	10.00	14.94	15.98	97062.42	49828	1	WinnieSzeto	
3244	1:24:15	1/1/2019 	5048975	950.00	160.00	40.80	15.98	97062.42	49830	1	WinnieSzeto	
3245	1:24:17	1/1/2019 	5051148	636.00	9.00	14.42	15.97	97062.22	100421	0	WinnieSzeto	
3246	1:24:21	1/1/2019 	5055186	966.00	468.00	83.05	15.97	97061.71	194562	1	WinnieSzeto	
3247	1:24:23	1/1/2019 	5056596	803.00	42.00	21.71	15.97	97061.39	97808	1	WinnieSzeto	
3248	1:24:24	1/1/2019 	5057757	618.00	9.00	14.24	15.97	97061.39	49828	0	WinnieSzeto	
3249	1:24:24	1/1/2019 	5057903	75.00	9.00	6.05	15.97	97061.55	1850	0	WinnieSzeto	
3250	1:24:28	1/1/2019 	5061477	904.00	109.00	31.74	15.97	97060.81	145785	1	WinnieSzeto	
3251	1:24:30	1/1/2019 	5064195	886.00	90.00	28.10	15.96	97060.47	149209	1	WinnieSzeto	
3252	1:24:31	1/1/2019 	5064909	903.00	108.00	31.54	15.96	97060.64	49830	1	WinnieSzeto	
3253	1:24:32	1/1/2019 	5066070	950.00	150.00	39.29	15.96	97060.80	49829	1	WinnieSzeto	
3254	1:24:32	1/1/2019 	5066171	901.00	92.00	28.50	15.96	97060.80	1852	1	WinnieSzeto	
3255	1:24:33	1/1/2019 	5066893	697.00	11.00	15.30	15.96	97060.80	49828	0	WinnieSzeto	
3256	1:24:38	1/1/2019 	5071764	677.00	10.00	14.94	15.96	97060.41	241740	1	WinnieSzeto	
3257	1:24:41	1/1/2019 	5074966	66.00	8.00	5.93	15.96	97060.20	149213	0	WinnieSzeto	
3258	1:24:42	1/1/2019 	5076092	837.00	64.00	24.07	15.96	97060.20	49826	1	WinnieSzeto	
3259	1:24:42	1/1/2019 	5076097	963.00	266.00	52.14	15.96	97060.20	1849	1	WinnieSzeto	
3260	1:24:42	1/1/2019 	5076177	596.00	9.00	13.97	15.96	97060.20	1849	0	WinnieSzeto	
3261	1:24:44	1/1/2019 	5077993	953.00	163.00	41.22	15.96	97060.37	97804	1	WinnieSzeto	
3262	1:24:44	1/1/2019 	5078119	965.00	258.00	51.16	15.96	97060.37	1852	1	WinnieSzeto	
3263	1:24:47	1/1/2019 	5080253	934.00	142.00	37.97	15.95	97060.48	100396	1	WinnieSzeto	
3264	1:24:51	1/1/2019 	5084719	911.00	117.00	33.32	15.95	97059.45	242541	1	WinnieSzeto	
3265	1:24:54	1/1/2019 	5087559	282.00	9.00	10.83	15.95	97059.45	145783	0	WinnieSzeto	
3266	1:24:56	1/1/2019 	5090113	930.00	139.00	37.45	15.95	97059.25	97805	1	WinnieSzeto	
3267	1:25:04	1/1/2019 	5097303	742.00	17.00	17.32	15.94	97057.70	338497	0	WinnieSzeto	
3268	1:25:04	1/1/2019 	5097484	665.00	10.00	14.90	15.94	97057.36	1850	1	WinnieSzeto	
3269	1:25:08	1/1/2019 	5101758	951.00	168.00	41.89	15.94	97056.66	244349	1	WinnieSzeto	
3270	1:25:12	1/1/2019 	5105384	809.00	54.00	22.91	15.93	97057.43	146586	1	WinnieSzeto	
3271	1:25:12	1/1/2019 	5106021	764.00	22.00	18.66	15.93	97057.43	49829	1	WinnieSzeto	
3272	1:25:12	1/1/2019 	5106108	880.00	83.00	26.89	15.93	97057.43	1850	1	WinnieSzeto	
3273	1:25:13	1/1/2019 	5106400	548.00	9.00	13.38	15.93	97057.59	1849	0	WinnieSzeto	
3274	1:25:17	1/1/2019 	5111085	62.00	9.00	5.90	15.93	97057.06	244378	0	WinnieSzeto	
3275	1:25:18	1/1/2019 	5111811	955.00	162.00	41.08	15.93	97057.02	50625	1	WinnieSzeto	
3276	1:25:20	1/1/2019 	5113476	602.00	9.00	14.05	15.93	97057.17	49827	0	WinnieSzeto	
3277	1:25:21	1/1/2019 	5114916	948.00	152.00	39.60	15.93	97057.34	97805	0	WinnieSzeto	
3278	1:25:22	1/1/2019 	5115412	968.00	442.00	79.99	15.93	97057.34	1852	1	WinnieSzeto	
3279	1:25:26	1/1/2019 	5119904	516.00	9.00	13.06	15.93	97056.52	241737	0	WinnieSzeto	
3280	1:25:28	1/1/2019 	5121812	961.00	308.00	58.39	15.92	97056.14	101215	1	WinnieSzeto	
3281	1:25:28	1/1/2019 	5121935	127.00	9.00	7.36	15.92	97056.14	1851	0	WinnieSzeto	
3282	1:25:31	1/1/2019 	5125111	974.00	576.00	99.58	15.92	97055.61	145783	1	WinnieSzeto	
3283	1:25:33	1/1/2019 	5126796	957.00	184.00	43.80	15.92	97054.92	97806	1	WinnieSzeto	
3284	1:25:37	1/1/2019 	5130684	762.00	21.00	18.42	15.92	97055.23	193764	1	WinnieSzeto	
3285	1:25:41	1/1/2019 	5134624	965.00	383.00	71.64	15.91	97055.05	194567	1	WinnieSzeto	
3286	1:25:45	1/1/2019 	5138072	244.00	8.00	10.19	15.91	97055.01	148408	1	WinnieSzeto	
3287	1:25:45	1/1/2019 	5138790	972.00	444.00	80.25	15.91	97055.01	49828	0	WinnieSzeto	
3288	1:25:49	1/1/2019 	5142592	974.00	658.00	118.18	15.91	97055.28	193762	1	WinnieSzeto	
3289	1:25:49	1/1/2019 	5142731	513.00	9.00	13.03	15.91	97054.75	2651	0	WinnieSzeto	
3290	1:25:50	1/1/2019 	5143291	963.00	277.00	53.59	15.91	97054.75	1849	1	WinnieSzeto	
3291	1:25:55	1/1/2019 	5148452	920.00	128.00	35.45	15.90	97053.92	241742	1	WinnieSzeto	
3292	1:25:56	1/1/2019 	5149145	82.00	8.00	6.17	15.90	97053.77	52438	1	WinnieSzeto	
3293	1:26:02	1/1/2019 	5155101	948.00	149.00	39.13	15.90	97053.63	289723	1	WinnieSzeto	
3294	1:26:02	1/1/2019 	5155946	532.00	9.00	13.21	15.90	97053.63	50629	0	WinnieSzeto	
3295	1:26:03	1/1/2019 	5156949	67.00	8.00	5.94	15.89	97053.45	49828	0	WinnieSzeto	
3296	1:26:04	1/1/2019 	5157905	98.00	8.00	6.54	15.89	97053.29	49825	0	WinnieSzeto	
3297	1:26:06	1/1/2019 	5159462	960.00	216.00	46.92	15.89	97053.29	49827	1	WinnieSzeto	
3298	1:26:11	1/1/2019 	5164363	696.00	12.00	15.65	15.89	97053.04	244504	1	WinnieSzeto	
3299	1:26:12	1/1/2019 	5165991	946.00	152.00	39.60	15.89	97053.04	98607	1	WinnieSzeto	
3300	1:26:14	1/1/2019 	5167706	316.00	9.00	11.31	15.89	97052.67	97807	1	WinnieSzeto	
3301	1:26:18	1/1/2019 	5171563	617.00	9.00	14.23	15.88	97051.84	193761	0	WinnieSzeto	
3302	1:26:18	1/1/2019 	5171856	799.00	34.00	20.79	15.88	97051.31	2649	1	WinnieSzeto	
3303	1:26:25	1/1/2019 	5179068	945.00	148.00	38.97	15.87	97050.05	337688	1	WinnieSzeto	
3304	1:26:26	1/1/2019 	5179134	627.00	9.00	14.34	15.87	97050.05	4462	1	WinnieSzeto	
3305	1:26:27	1/1/2019 	5180731	857.00	71.00	25.01	15.87	97049.56	97804	1	WinnieSzeto	
3306	1:26:28	1/1/2019 	5181304	831.00	60.00	23.60	15.87	97049.22	2650	0	WinnieSzeto	
3307	1:26:28	1/1/2019 	5181364	129.00	9.00	7.41	15.87	97049.22	1850	0	WinnieSzeto	
3308	1:26:33	1/1/2019 	5186690	471.00	9.00	12.71	15.87	97048.37	289715	0	WinnieSzeto	
3309	1:26:35	1/1/2019 	5188565	795.00	34.00	20.78	15.86	97047.80	97805	0	WinnieSzeto	
3310	1:26:37	1/1/2019 	5190332	836.00	64.00	24.07	15.86	97047.80	52592	0	WinnieSzeto	
3311	1:26:38	1/1/2019 	5191830	883.00	89.00	27.92	15.86	97047.61	98600	1	WinnieSzeto	
3312	1:26:39	1/1/2019 	5192169	855.00	70.00	24.87	15.86	97047.61	1851	0	WinnieSzeto	
3313	1:26:39	1/1/2019 	5192322	974.00	380.00	71.14	15.86	97047.61	1850	0	WinnieSzeto	
3314	1:26:40	1/1/2019 	5193419	961.00	284.00	54.59	15.86	97047.77	49827	1	WinnieSzeto	
3315	1:26:47	1/1/2019 	5200655	946.00	144.00	38.31	15.86	97047.06	385667	1	WinnieSzeto	
3316	1:26:48	1/1/2019 	5201313	94.00	8.00	6.44	15.86	97046.91	5294	0	WinnieSzeto	
3317	1:26:50	1/1/2019 	5203090	561.00	9.00	13.53	15.86	97046.74	97799	0	WinnieSzeto	
3318	1:26:51	1/1/2019 	5204242	774.00	23.00	18.90	15.86	97046.58	49826	1	WinnieSzeto	
3319	1:26:54	1/1/2019 	5207293	945.00	148.00	38.97	15.85	97046.21	145784	0	WinnieSzeto	
3320	1:27:01	1/1/2019 	5214139	737.00	16.00	17.01	15.85	97044.97	337702	1	WinnieSzeto	
3321	1:27:01	1/1/2019 	5214477	538.00	9.00	13.27	15.85	97044.97	2648	0	WinnieSzeto	
3322	1:27:02	1/1/2019 	5215484	966.00	348.00	65.52	15.85	97045.30	52592	0	WinnieSzeto	
3323	1:27:05	1/1/2019 	5218272	805.00	46.00	22.11	15.84	97044.60	145788	1	WinnieSzeto	
3324	1:27:06	1/1/2019 	5219636	958.00	193.00	44.74	15.84	97044.28	97812	1	WinnieSzeto	
3325	1:27:07	1/1/2019 	5220370	967.00	414.00	76.38	15.84	97043.91	2649	1	WinnieSzeto	
3326	1:27:07	1/1/2019 	5220911	70.00	12.00	5.98	15.84	97044.07	49831	0	WinnieSzeto	
3327	1:27:08	1/1/2019 	5221475	875.00	84.00	27.04	15.84	97044.23	4459	1	WinnieSzeto	
3328	1:27:08	1/1/2019 	5221736	656.00	13.00	15.65	15.84	97044.23	49828	0	WinnieSzeto	
3329	1:27:09	1/1/2019 	5222373	952.00	160.00	40.80	15.84	97044.40	1849	0	WinnieSzeto	
3330	1:27:13	1/1/2019 	5226626	967.00	453.00	81.31	15.84	97044.23	241744	1	WinnieSzeto	
3331	1:27:16	1/1/2019 	5229157	973.00	744.00	133.15	15.84	97043.41	97808	1	WinnieSzeto	
3332	1:27:18	1/1/2019 	5231343	910.00	114.00	32.73	15.84	97042.92	97810	1	WinnieSzeto	
3333	1:27:22	1/1/2019 	5235403	142.00	9.00	7.79	15.83	97041.54	197209	0	WinnieSzeto	
3334	1:27:24	1/1/2019 	5237263	328.00	8.00	11.41	15.83	97041.38	97811	0	WinnieSzeto	
3335	1:27:26	1/1/2019 	5239218	956.00	164.00	41.35	15.83	97041.01	97809	1	WinnieSzeto	
3336	1:27:26	1/1/2019 	5239251	903.00	103.00	30.57	15.83	97041.01	1852	1	WinnieSzeto	
3337	1:27:26	1/1/2019 	5239338	904.00	100.00	30.00	15.83	97041.01	1849	0	WinnieSzeto	
3338	1:27:27	1/1/2019 	5241050	822.00	57.00	23.25	15.83	97041.01	97806	1	WinnieSzeto	
3339	1:27:29	1/1/2019 	5242435	757.00	20.00	18.17	15.83	97041.17	53241	1	WinnieSzeto	
3340	1:27:29	1/1/2019 	5242934	86.00	8.00	6.26	15.83	97040.80	49829	0	WinnieSzeto	
3341	1:27:30	1/1/2019 	5243638	965.00	353.00	66.42	15.83	97040.80	49826	1	WinnieSzeto	
3342	1:27:30	1/1/2019 	5243650	895.00	94.00	28.85	15.83	97040.80	1851	1	WinnieSzeto	
3343	1:27:31	1/1/2019 	5244841	582.00	9.00	13.79	15.83	97040.96	49827	1	WinnieSzeto	
3344	1:27:35	1/1/2019 	5248226	726.00	14.00	16.36	15.83	97041.77	145785	1	WinnieSzeto	
3345	1:27:43	1/1/2019 	5256840	205.00	9.00	9.42	15.82	97040.20	436242	0	WinnieSzeto	
3346	1:27:44	1/1/2019 	5257252	951.00	154.00	39.91	15.82	97040.20	2649	1	WinnieSzeto	
3347	1:27:44	1/1/2019 	5257685	964.00	181.00	43.46	15.82	97040.20	49829	0	WinnieSzeto	
3348	1:27:46	1/1/2019 	5259670	775.00	26.00	19.51	15.82	97040.05	97806	1	WinnieSzeto	
3349	1:27:48	1/1/2019 	5262036	925.00	136.00	36.92	15.82	97040.00	98608	0	WinnieSzeto	
3350	1:27:49	1/1/2019 	5262087	770.00	25.00	19.31	15.82	97040.00	1851	1	WinnieSzeto	
3351	1:27:53	1/1/2019 	5266448	906.00	110.00	31.94	15.82	97040.16	196394	1	WinnieSzeto	
3352	1:27:54	1/1/2019 	5267915	960.00	239.00	49.10	15.82	97039.98	97808	1	WinnieSzeto	
3353	1:27:57	1/1/2019 	5270408	827.00	59.00	23.48	15.82	97039.66	97807	1	WinnieSzeto	
3354	1:28:02	1/1/2019 	5275730	82.00	8.00	6.17	15.81	97038.59	290531	0	WinnieSzeto	
3355	1:28:05	1/1/2019 	5278464	956.00	212.00	46.55	15.81	97038.09	97807	1	WinnieSzeto	
3356	1:28:07	1/1/2019 	5280217	905.00	110.00	31.94	15.81	97038.09	97810	1	WinnieSzeto	
3357	1:28:09	1/1/2019 	5282257	335.00	8.00	11.50	15.81	97037.41	101479	0	WinnieSzeto	
3358	1:28:09	1/1/2019 	5282799	884.00	86.00	27.40	15.81	97037.41	49828	1	WinnieSzeto	
3359	1:28:12	1/1/2019 	5285461	906.00	112.00	32.33	15.81	97037.41	97808	1	WinnieSzeto	
3360	1:28:12	1/1/2019 	5285813	884.00	88.00	27.75	15.81	97037.41	49831	1	WinnieSzeto	
3361	1:28:13	1/1/2019 	5286487	947.00	148.00	38.97	15.80	97037.06	1849	1	WinnieSzeto	
3362	1:28:14	1/1/2019 	5287378	698.00	11.00	15.30	15.80	97037.06	49829	0	WinnieSzeto	
3363	1:28:15	1/1/2019 	5288232	746.00	17.00	17.33	15.80	97036.91	52427	1	WinnieSzeto	
3364	1:28:17	1/1/2019 	5290911	869.00	77.00	25.91	15.80	97036.53	145788	1	WinnieSzeto	
3365	1:28:26	1/1/2019 	5299211	754.00	18.00	17.62	15.80	97036.12	386485	1	WinnieSzeto	
3366	1:28:29	1/1/2019 	5302209	952.00	165.00	41.49	15.80	97036.61	145794	1	WinnieSzeto	
3367	1:28:30	1/1/2019 	5303761	179.00	9.00	8.80	15.80	97036.61	98614	0	WinnieSzeto	
3368	1:28:39	1/1/2019 	5312180	838.00	64.00	24.07	15.79	97035.73	385685	1	WinnieSzeto	
3369	1:28:40	1/1/2019 	5313582	896.00	96.00	29.23	15.79	97035.20	101383	1	WinnieSzeto	
3370	1:28:41	1/1/2019 	5314797	176.00	9.00	8.73	15.79	97034.88	49828	0	WinnieSzeto	
3371	1:28:50	1/1/2019 	5323299	811.00	47.00	22.22	15.78	97033.81	385678	0	WinnieSzeto	
3372	1:28:50	1/1/2019 	5323452	725.00	13.00	16.01	15.78	97033.81	2650	1	WinnieSzeto	
3373	1:28:54	1/1/2019 	5327331	905.00	105.00	30.96	15.78	97033.31	193763	0	WinnieSzeto	
3374	1:28:59	1/1/2019 	5332619	740.00	17.00	17.32	15.78	97033.76	292336	1	WinnieSzeto	
3375	1:29:13	1/1/2019 	5346568	949.00	154.00	39.91	15.77	97033.45	674355	0	WinnieSzeto	
3376	1:29:14	1/1/2019 	5347095	83.00	8.00	6.19	15.77	97033.45	2649	0	WinnieSzeto	
3377	1:29:14	1/1/2019 	5347969	779.00	29.00	20.03	15.77	97033.12	49828	1	WinnieSzeto	
3378	1:29:17	1/1/2019 	5350731	966.00	275.00	53.32	15.77	97033.08	145791	0	WinnieSzeto	
3379	1:29:18	1/1/2019 	5351422	75.00	8.00	6.05	15.77	97033.08	2654	1	WinnieSzeto	
3380	1:29:20	1/1/2019 	5353212	701.00	11.00	15.30	15.77	97033.08	100423	0	WinnieSzeto	
3381	1:29:20	1/1/2019 	5353923	398.00	9.00	12.17	15.77	97032.91	49828	0	WinnieSzeto	
3382	1:29:27	1/1/2019 	5360074	903.00	104.00	30.77	15.76	97032.02	289718	1	WinnieSzeto	
3383	1:29:27	1/1/2019 	5360575	284.00	8.00	10.83	15.76	97031.86	50631	1	WinnieSzeto	
3384	1:29:30	1/1/2019 	5363483	709.00	12.00	15.66	15.76	97031.19	97804	1	WinnieSzeto	
3385	1:29:31	1/1/2019 	5364245	789.00	28.00	19.89	15.76	97031.35	49828	0	WinnieSzeto	
3386	1:29:32	1/1/2019 	5365683	105.00	8.00	6.73	15.76	97031.35	100420	0	WinnieSzeto	
3387	1:29:36	1/1/2019 	5369950	955.00	165.00	41.49	15.76	97030.66	193764	1	WinnieSzeto	
3388	1:29:39	1/1/2019 	5372996	80.00	9.00	6.14	15.75	97030.64	146587	0	WinnieSzeto	
3389	1:29:40	1/1/2019 	5373843	962.00	241.00	49.30	15.75	97030.64	49829	1	WinnieSzeto	
3390	1:29:41	1/1/2019 	5374550	815.00	56.00	23.13	15.75	97030.64	49829	1	WinnieSzeto	
3391	1:29:45	1/1/2019 	5378553	394.00	9.00	12.13	15.75	97030.44	193766	1	WinnieSzeto	
3392	1:29:46	1/1/2019 	5379121	289.00	9.00	10.94	15.75	97030.59	4644	1	WinnieSzeto	
3393	1:29:48	1/1/2019 	5381080	960.00	317.00	59.93	15.75	97029.94	97808	1	WinnieSzeto	
3394	1:29:49	1/1/2019 	5382923	98.00	9.00	6.54	15.75	97029.61	98607	0	WinnieSzeto	
3395	1:29:50	1/1/2019 	5383345	600.00	9.00	14.02	15.75	97029.61	1850	0	WinnieSzeto	
3396	1:29:52	1/1/2019 	5385356	960.00	229.00	48.12	15.75	97029.24	97807	1	WinnieSzeto	
3397	1:29:53	1/1/2019 	5386956	783.00	26.00	19.52	15.75	97028.91	97808	1	WinnieSzeto	
3398	1:29:54	1/1/2019 	5387113	944.00	148.00	38.97	15.75	97028.91	4462	1	WinnieSzeto	
3399	1:29:56	1/1/2019 	5389705	767.00	26.00	19.49	15.74	97028.23	145787	1	WinnieSzeto	
3400	1:29:59	1/1/2019 	5392750	963.00	299.00	56.90	15.74	97028.06	146590	1	WinnieSzeto	
3401	1:30:03	1/1/2019 	5396939	64.00	9.00	5.92	15.74	97027.70	193768	0	WinnieSzeto	
3402	1:30:03	1/1/2019 	5397029	975.00	613.00	107.93	15.74	97027.70	1850	1	WinnieSzeto	
3403	1:30:04	1/1/2019 	5397183	970.00	710.00	128.05	15.74	97027.16	1850	1	WinnieSzeto	
3404	1:30:04	1/1/2019 	5397249	90.00	8.00	6.35	15.74	97027.16	4472	0	WinnieSzeto	
3405	1:30:11	1/1/2019 	5404156	778.00	25.00	19.32	15.74	97026.98	337697	1	WinnieSzeto	
3406	1:30:11	1/1/2019 	5404379	778.00	26.00	19.51	15.74	97026.83	2651	1	WinnieSzeto	
3407	1:30:11	1/1/2019 	5404591	969.00	391.00	72.94	15.74	97026.83	49828	1	WinnieSzeto	
3408	1:30:12	1/1/2019 	5406045	155.00	8.00	8.16	15.73	97026.12	49831	0	WinnieSzeto	
3409	1:30:14	1/1/2019 	5407608	241.00	8.00	10.13	15.73	97026.12	97811	0	WinnieSzeto	
3410	1:30:17	1/1/2019 	5410812	962.00	237.00	48.90	15.73	97026.09	148402	1	WinnieSzeto	
3411	1:30:22	1/1/2019 	5415682	972.00	629.00	111.60	15.73	97026.89	242543	1	WinnieSzeto	
3412	1:30:23	1/1/2019 	5416974	799.00	36.00	21.04	15.73	97026.52	49829	1	WinnieSzeto	
3413	1:30:26	1/1/2019 	5419271	977.00	657.00	117.82	15.73	97026.36	97808	1	WinnieSzeto	
3414	1:30:28	1/1/2019 	5421080	954.00	177.00	43.00	15.73	97026.36	97809	0	WinnieSzeto	
3415	1:30:28	1/1/2019 	5421820	818.00	50.00	22.53	15.73	97025.86	50633	1	WinnieSzeto	
3416	1:30:28	1/1/2019 	5421907	965.00	237.00	48.90	15.73	97025.86	4493	1	WinnieSzeto	
3417	1:30:29	1/1/2019 	5422913	488.00	9.00	12.83	15.73	97025.86	49828	0	WinnieSzeto	
3418	1:30:35	1/1/2019 	5428257	959.00	276.00	53.45	15.72	97025.49	241742	1	WinnieSzeto	
3419	1:30:35	1/1/2019 	5428301	706.00	12.00	15.66	15.72	97025.49	1852	0	WinnieSzeto	
3420	1:30:35	1/1/2019 	5428745	924.00	131.00	36.01	15.72	97025.49	49828	1	WinnieSzeto	
3421	1:30:39	1/1/2019 	5432150	119.00	8.00	7.12	15.72	97025.12	145790	0	WinnieSzeto	
3422	1:30:43	1/1/2019 	5436746	907.00	112.00	32.33	15.72	97024.92	245357	1	WinnieSzeto	
3423	1:30:46	1/1/2019 	5438916	731.00	15.00	16.69	15.72	97024.55	97810	0	WinnieSzeto	
3424	1:30:46	1/1/2019 	5439160	879.00	85.00	27.22	15.72	97024.23	1851	0	WinnieSzeto	
3425	1:30:48	1/1/2019 	5441620	94.00	8.00	6.44	15.72	97024.23	145784	1	WinnieSzeto	
3426	1:30:49	1/1/2019 	5442472	937.00	143.00	38.14	15.71	97023.72	2647	1	WinnieSzeto	
3427	1:30:50	1/1/2019 	5443140	912.00	115.00	32.93	15.71	97023.56	52340	1	WinnieSzeto	
3428	1:30:52	1/1/2019 	5444917	964.00	396.00	73.72	15.71	97023.88	97810	1	WinnieSzeto	
3429	1:30:53	1/1/2019 	5445972	217.00	9.00	9.68	15.71	97023.72	49831	0	WinnieSzeto	
3430	1:30:56	1/1/2019 	5449909	717.00	12.00	15.66	15.71	97022.87	193767	0	WinnieSzeto	
3431	1:31:00	1/1/2019 	5453154	825.00	60.00	23.58	15.71	97022.34	146517	1	WinnieSzeto	
3432	1:31:01	1/1/2019 	5454198	914.00	122.00	34.29	15.71	97022.66	49831	1	WinnieSzeto	
3433	1:31:02	1/1/2019 	5455843	906.00	110.00	31.94	15.71	97022.66	100482	1	WinnieSzeto	
3434	1:31:04	1/1/2019 	5457425	912.00	113.00	32.54	15.71	97022.34	49830	1	WinnieSzeto	
3435	1:31:04	1/1/2019 	5457614	177.00	8.00	8.75	15.71	97022.34	49831	0	WinnieSzeto	
3436	1:31:05	1/1/2019 	5457981	673.00	10.00	14.93	15.71	97022.34	1847	0	WinnieSzeto	
3437	1:31:05	1/1/2019 	5458005	292.00	9.00	10.98	15.71	97022.34	1850	0	WinnieSzeto	
3438	1:31:09	1/1/2019 	5461959	907.00	116.00	33.12	15.71	97022.62	193762	1	WinnieSzeto	
3439	1:31:10	1/1/2019 	5463208	843.00	66.00	24.33	15.71	97022.94	53393	0	WinnieSzeto	
3440	1:31:10	1/1/2019 	5463722	852.00	70.00	24.87	15.70	97022.77	49829	0	WinnieSzeto	
3441	1:31:13	1/1/2019 	5466717	946.00	146.00	38.64	15.70	97022.77	145783	1	WinnieSzeto	
3442	1:31:16	1/1/2019 	5469282	890.00	95.00	29.02	15.70	97022.56	97806	1	WinnieSzeto	
3443	1:31:17	1/1/2019 	5470283	208.00	8.00	9.48	15.70	97022.40	49829	0	WinnieSzeto	
3444	1:31:24	1/1/2019 	5477028	886.00	90.00	28.10	15.70	97021.69	338418	0	WinnieSzeto	
3445	1:31:25	1/1/2019 	5478901	212.00	8.00	9.56	15.70	97021.53	100420	0	WinnieSzeto	
3446	1:31:26	1/1/2019 	5479847	900.00	102.00	30.37	15.70	97021.36	49825	0	WinnieSzeto	
3447	1:31:29	1/1/2019 	5482484	422.00	9.00	12.36	15.69	97021.31	98535	0	WinnieSzeto	
3448	1:31:29	1/1/2019 	5482886	856.00	72.00	25.15	15.69	97021.31	49829	1	WinnieSzeto	
3449	1:31:30	1/1/2019 	5483887	801.00	43.00	21.80	15.69	97021.48	49828	1	WinnieSzeto	
3450	1:31:31	1/1/2019 	5484026	964.00	286.00	54.88	15.69	97021.48	1851	1	WinnieSzeto	
3451	1:31:31	1/1/2019 	5484260	466.00	9.00	12.67	15.69	97021.48	4487	0	WinnieSzeto	
3452	1:31:34	1/1/2019 	5487381	960.00	229.00	48.12	15.69	97021.46	145783	0	WinnieSzeto	
3453	1:31:34	1/1/2019 	5487635	608.00	9.00	14.12	15.69	97021.46	49829	0	WinnieSzeto	
3454	1:31:38	1/1/2019 	5491618	858.00	74.00	25.44	15.69	97021.09	193760	1	WinnieSzeto	
3455	1:31:39	1/1/2019 	5492002	976.00	898.00	171.87	15.69	97021.09	2579	1	WinnieSzeto	
3456	1:31:42	1/1/2019 	5495344	919.00	133.00	36.37	15.69	97021.26	145790	1	WinnieSzeto	
3457	1:31:45	1/1/2019 	5498180	913.00	120.00	33.91	15.69	97020.56	148399	1	WinnieSzeto	
3458	1:31:46	1/1/2019 	5499009	894.00	97.00	29.41	15.69	97020.41	49829	1	WinnieSzeto	
3459	1:31:49	1/1/2019 	5502262	918.00	127.00	35.25	15.68	97019.55	145784	1	WinnieSzeto	
3460	1:31:50	1/1/2019 	5503471	124.00	9.00	7.27	15.68	97019.39	50555	0	WinnieSzeto	
3461	1:31:55	1/1/2019 	5508084	221.00	9.00	9.76	15.68	97018.89	241740	0	WinnieSzeto	
3462	1:31:55	1/1/2019 	5508711	344.00	9.00	11.64	15.68	97018.19	49828	0	WinnieSzeto	
3463	1:31:55	1/1/2019 	5508887	911.00	109.00	31.76	15.68	97018.19	4464	0	WinnieSzeto	
3464	1:31:58	1/1/2019 	5511294	795.00	36.00	21.03	15.68	97018.19	97806	0	WinnieSzeto	
3465	1:32:00	1/1/2019 	5512962	946.00	151.00	39.45	15.68	97018.03	98533	0	WinnieSzeto	
3466	1:32:02	1/1/2019 	5515402	736.00	16.00	17.01	15.68	97017.02	97807	1	WinnieSzeto	
3467	1:32:03	1/1/2019 	5516755	239.00	8.00	10.10	15.68	97016.53	97805	1	WinnieSzeto	
3468	1:32:18	1/1/2019 	5531111	876.00	82.00	26.71	15.67	97015.62	673554	1	WinnieSzeto	
3469	1:32:21	1/1/2019 	5534152	1019.00	886.00	164.43	15.67	97015.61	149379	0	WinnieSzeto	
3470	1:32:24	1/1/2019 	5537287	974.00	763.00	136.01	15.67	97016.27	145786	1	WinnieSzeto	
3471	1:32:25	1/1/2019 	5537933	977.00	817.00	145.39	15.67	97016.05	49831	0	WinnieSzeto	
3472	1:32:26	1/1/2019 	5539238	956.00	189.00	44.33	15.67	97016.38	49833	1	WinnieSzeto	
3473	1:32:26	1/1/2019 	5539407	803.00	44.00	21.91	15.67	97016.21	1855	1	WinnieSzeto	
3474	1:32:26	1/1/2019 	5539678	937.00	141.00	37.80	15.67	97016.21	52418	1	WinnieSzeto	
3475	1:32:27	1/1/2019 	5540750	882.00	87.00	27.57	15.67	97016.21	50556	1	WinnieSzeto	
3476	1:32:29	1/1/2019 	5542263	963.00	364.00	68.39	15.67	97016.05	49830	1	WinnieSzeto	
3477	1:32:29	1/1/2019 	5542302	527.00	8.00	13.05	15.67	97016.05	1851	0	WinnieSzeto	
3478	1:32:29	1/1/2019 	5542646	774.00	24.00	19.11	15.67	97016.05	49826	1	WinnieSzeto	
3479	1:32:30	1/1/2019 	5543324	869.00	82.00	26.69	15.67	97016.05	1849	0	WinnieSzeto	
3480	1:32:30	1/1/2019 	5543846	920.00	118.00	33.53	15.67	97016.05	52440	0	WinnieSzeto	
3481	1:32:32	1/1/2019 	5545700	682.00	10.00	14.94	15.67	97016.54	97809	0	WinnieSzeto	
3482	1:32:33	1/1/2019 	5546884	809.00	50.00	22.51	15.67	97016.01	49829	1	WinnieSzeto	
3483	1:32:35	1/1/2019 	5548132	534.00	9.00	13.23	15.67	97015.69	49830	0	WinnieSzeto	
3484	1:32:38	1/1/2019 	5551091	865.00	74.00	25.46	15.67	97015.52	145789	1	WinnieSzeto	
3485	1:32:41	1/1/2019 	5554098	791.00	30.00	20.21	15.66	97014.83	146517	1	WinnieSzeto	
3486	1:32:45	1/1/2019 	5558663	917.00	126.00	35.06	15.66	97014.66	244378	1	WinnieSzeto	
3487	1:32:48	1/1/2019 	5561002	970.00	462.00	82.34	15.66	97013.96	97809	1	WinnieSzeto	
3488	1:32:49	1/1/2019 	5561960	913.00	121.00	34.10	15.66	97013.48	50556	1	WinnieSzeto	
3489	1:32:51	1/1/2019 	5564602	960.00	299.00	56.90	15.66	97012.13	145790	1	WinnieSzeto	
3490	1:32:53	1/1/2019 	5566651	352.00	9.00	11.73	15.65	97011.28	97810	0	WinnieSzeto	
3491	1:32:56	1/1/2019 	5569038	236.00	8.00	10.04	15.65	97011.92	97806	0	WinnieSzeto	
3492	1:32:57	1/1/2019 	5570648	823.00	56.00	23.15	15.65	97010.78	100418	0	WinnieSzeto	
3493	1:32:58	1/1/2019 	5571220	933.00	142.00	37.97	15.65	97010.45	2578	1	WinnieSzeto	
3494	1:32:58	1/1/2019 	5571706	160.00	9.00	8.30	15.65	97010.45	49830	0	WinnieSzeto	
3495	1:32:59	1/1/2019 	5572733	700.00	12.00	15.65	15.65	97010.61	49828	1	WinnieSzeto	
3496	1:33:02	1/1/2019 	5575190	958.00	253.00	50.58	15.65	97015.31	97808	0	WinnieSzeto	
3497	1:33:03	1/1/2019 	5576154	806.00	48.00	22.31	15.65	97016.61	49830	1	WinnieSzeto	
3498	1:33:04	1/1/2019 	5577422	456.00	9.00	12.60	15.65	97018.06	52440	0	WinnieSzeto	
3499	1:33:08	1/1/2019 	5581318	808.00	52.00	22.71	15.65	97010.07	193767	0	WinnieSzeto	
3500	1:33:08	1/1/2019 	5581675	97.00	6.00	6.51	15.65	97010.07	50556	0	WinnieSzeto	
3501	1:33:10	1/1/2019 	5583100	970.00	532.00	91.42	15.64	97006.46	49828	1	WinnieSzeto	
3502	1:33:11	1/1/2019 	5584567	186.00	9.00	8.98	15.64	97003.83	97809	1	WinnieSzeto	
3503	1:33:13	1/1/2019 	5586228	970.00	415.00	76.51	15.64	97000.91	49831	1	WinnieSzeto	
3504	1:33:14	1/1/2019 	5587684	742.00	16.00	17.02	15.64	96997.98	100442	1	WinnieSzeto	
3505	1:33:15	1/1/2019 	5588480	974.00	623.00	110.17	15.64	96997.17	1850	1	WinnieSzeto	
3506	1:33:19	1/1/2019 	5592410	829.00	59.00	23.48	15.63	96990.77	193767	1	WinnieSzeto	
3507	1:33:20	1/1/2019 	5592995	901.00	109.00	31.73	15.63	96990.28	50557	0	WinnieSzeto	
3508	1:33:21	1/1/2019 	5594232	795.00	41.00	21.59	15.63	96988.30	49829	1	WinnieSzeto	
3509	1:33:25	1/1/2019 	5598255	967.00	409.00	75.66	15.63	96983.05	193759	1	WinnieSzeto	
3510	1:33:26	1/1/2019 	5599441	602.00	9.00	14.05	15.63	96981.44	52439	0	WinnieSzeto	
3511	1:33:26	1/1/2019 	5599574	805.00	41.00	21.61	15.63	96981.44	49826	0	WinnieSzeto	
3512	1:33:28	1/1/2019 	5601740	844.00	66.00	24.33	15.63	96978.68	98533	1	WinnieSzeto	
3513	1:33:35	1/1/2019 	5608373	959.00	215.00	46.82	15.62	96969.69	289721	1	WinnieSzeto	
3514	1:33:37	1/1/2019 	5610323	965.00	422.00	77.47	15.62	96967.22	97806	0	WinnieSzeto	
3515	1:33:38	1/1/2019 	5611860	949.00	161.00	40.94	15.62	96966.24	101369	1	WinnieSzeto	
3516	1:33:39	1/1/2019 	5612121	206.00	9.00	9.44	15.62	96965.75	1852	0	WinnieSzeto	
3517	1:33:40	1/1/2019 	5613317	923.00	129.00	35.64	15.62	96964.62	49830	0	WinnieSzeto	
3518	1:33:41	1/1/2019 	5614633	745.00	17.00	17.32	15.62	96963.98	97811	1	WinnieSzeto	
3519	1:33:42	1/1/2019 	5615867	932.00	140.00	37.63	15.62	96962.83	49829	1	WinnieSzeto	
3520	1:33:43	1/1/2019 	5616650	896.00	96.00	29.23	15.62	96962.50	49829	1	WinnieSzeto	
3521	1:33:45	1/1/2019 	5618297	237.00	8.00	10.06	15.61	96961.16	52437	0	WinnieSzeto	
3522	1:33:46	1/1/2019 	5619807	963.00	363.00	68.21	15.61	96960.67	97804	1	WinnieSzeto	
3523	1:33:47	1/1/2019 	5620395	899.00	102.00	30.37	15.61	96960.35	2578	1	WinnieSzeto	
3524	1:33:52	1/1/2019 	5625710	925.00	135.00	36.74	15.61	96959.50	289722	0	WinnieSzeto	
3525	1:33:55	1/1/2019 	5627991	434.00	10.00	12.52	15.61	96958.64	97808	0	WinnieSzeto	
3526	1:33:55	1/1/2019 	5628190	794.00	32.00	20.51	15.61	96958.48	1852	1	WinnieSzeto	
3527	1:33:55	1/1/2019 	5628230	842.00	63.00	23.96	15.61	96958.48	4376	1	WinnieSzeto	
3528	1:33:56	1/1/2019 	5628960	763.00	21.00	18.42	15.61	96958.48	49827	0	WinnieSzeto	
3529	1:33:56	1/1/2019 	5629739	938.00	142.00	37.97	15.61	96957.95	49830	1	WinnieSzeto	
3530	1:33:58	1/1/2019 	5631607	967.00	526.00	90.49	15.61	96958.28	98534	1	WinnieSzeto	
3531	1:33:59	1/1/2019 	5632619	962.00	278.00	53.73	15.60	96957.77	49830	1	WinnieSzeto	
3532	1:33:59	1/1/2019 	5632890	556.00	9.00	13.47	15.60	96957.77	1851	0	WinnieSzeto	
3533	1:34:00	1/1/2019 	5633903	723.00	13.00	16.01	15.60	96957.61	52356	0	WinnieSzeto	
3534	1:34:01	1/1/2019 	5634705	584.00	9.00	13.82	15.60	96957.45	49829	0	WinnieSzeto	
3535	1:34:05	1/1/2019 	5638193	906.00	110.00	31.94	15.60	96956.96	145787	1	WinnieSzeto	
3536	1:34:05	1/1/2019 	5638499	154.00	8.00	8.13	15.60	96956.96	1851	0	WinnieSzeto	
3537	1:34:08	1/1/2019 	5641343	781.00	25.00	19.33	15.60	96956.92	145798	1	WinnieSzeto	
3538	1:34:13	1/1/2019 	5645966	802.00	40.00	21.50	15.60	96978.88	242470	0	WinnieSzeto	
3539	1:34:16	1/1/2019 	5649180	958.00	238.00	49.00	15.60	96981.32	148338	1	WinnieSzeto	
3540	1:34:16	1/1/2019 	5649863	862.00	74.00	25.45	15.60	96980.56	49830	1	WinnieSzeto	
3541	1:34:17	1/1/2019 	5650342	917.00	125.00	34.87	15.60	96979.27	2576	1	WinnieSzeto	
3542	1:34:19	1/1/2019 	5652303	890.00	92.00	28.47	15.61	96977.05	97809	0	WinnieSzeto	
3543	1:34:21	1/1/2019 	5654088	682.00	10.00	14.94	15.61	96981.15	97807	1	WinnieSzeto	
3544	1:34:24	1/1/2019 	5657714	911.00	121.00	34.10	15.61	96997.38	193762	0	WinnieSzeto	
3545	1:34:25	1/1/2019 	5658459	964.00	364.00	68.39	15.61	96999.00	4444	0	WinnieSzeto	
3546	1:34:26	1/1/2019 	5659113	970.00	418.00	76.93	15.61	97000.14	49828	1	WinnieSzeto	
3547	1:34:29	1/1/2019 	5662004	785.00	29.00	20.04	15.61	97000.37	145786	1	WinnieSzeto	
3548	1:34:33	1/1/2019 	5666798	960.00	193.00	44.74	15.59	96989.22	242473	1	WinnieSzeto	
3549	1:34:34	1/1/2019 	5667066	640.00	9.00	14.45	15.59	96989.22	1851	1	WinnieSzeto	
3550	1:34:35	1/1/2019 	5668640	881.00	86.00	27.39	15.59	96985.12	97809	1	WinnieSzeto	
3551	1:34:36	1/1/2019 	5669838	961.00	310.00	58.73	15.59	96982.49	52427	0	WinnieSzeto	
3552	1:34:38	1/1/2019 	5671665	956.00	194.00	44.84	15.58	96976.77	98536	1	WinnieSzeto	
3553	1:34:39	1/1/2019 	5672386	880.00	87.00	27.56	15.58	96975.95	1851	1	WinnieSzeto	
3554	1:34:39	1/1/2019 	5672427	978.00	588.00	102.10	15.58	96975.95	1851	1	WinnieSzeto	
3555	1:34:40	1/1/2019 	5673313	968.00	414.00	76.38	15.58	96975.31	49829	0	WinnieSzeto	
3556	1:34:40	1/1/2019 	5673576	959.00	173.00	42.52	15.58	96974.50	52463	1	WinnieSzeto	
3557	1:34:43	1/1/2019 	5675941	960.00	228.00	48.03	15.58	96972.30	97808	1	WinnieSzeto	
3558	1:34:43	1/1/2019 	5676055	954.00	149.00	39.13	15.58	96972.30	1851	1	WinnieSzeto	
3559	1:34:50	1/1/2019 	5683379	878.00	86.00	27.38	15.57	96971.79	337695	1	WinnieSzeto	
3560	1:34:51	1/1/2019 	5684279	858.00	72.00	25.15	15.57	96971.95	50555	1	WinnieSzeto	
3561	1:34:51	1/1/2019 	5684652	961.00	169.00	42.02	15.56	96971.74	49829	0	WinnieSzeto	
3562	1:34:51	1/1/2019 	5684790	813.00	52.00	22.72	15.56	96971.74	4461	1	WinnieSzeto	
3563	1:34:54	1/1/2019 	5687324	918.00	122.00	34.30	15.56	96972.70	97803	0	WinnieSzeto	
3564	1:34:55	1/1/2019 	5688362	956.00	161.00	40.94	15.56	96972.49	49828	1	WinnieSzeto	
3565	1:34:58	1/1/2019 	5691187	768.00	23.00	18.89	15.56	96972.73	145784	1	WinnieSzeto	
3566	1:34:59	1/1/2019 	5692873	711.00	12.00	15.66	15.55	96972.68	98532	1	WinnieSzeto	
3567	1:35:08	1/1/2019 	5701676	744.00	17.00	17.32	15.54	96972.05	433650	1	WinnieSzeto	
3568	1:35:09	1/1/2019 	5702170	964.00	397.00	73.88	15.54	96972.38	5412	1	WinnieSzeto	
3569	1:35:13	1/1/2019 	5706046	709.00	12.00	15.66	15.53	96972.41	193763	1	WinnieSzeto	
3570	1:35:13	1/1/2019 	5706342	935.00	143.00	38.14	15.53	96972.41	1850	1	WinnieSzeto	
3571	1:35:14	1/1/2019 	5707327	961.00	205.00	45.90	15.53	96972.41	49828	0	WinnieSzeto	
3572	1:35:15	1/1/2019 	5708303	908.00	112.00	32.34	15.53	96972.36	49830	0	WinnieSzeto	
3573	1:35:16	1/1/2019 	5709364	916.00	123.00	34.49	15.53	96973.02	49829	1	WinnieSzeto	
3574	1:35:17	1/1/2019 	5709936	699.00	12.00	15.65	15.53	96972.83	52443	0	WinnieSzeto	
3575	1:35:18	1/1/2019 	5711660	801.00	46.00	22.10	15.52	96972.79	98531	0	WinnieSzeto	
3576	1:35:19	1/1/2019 	5712165	825.00	59.00	23.47	15.52	96972.95	1850	0	WinnieSzeto	
3577	1:35:20	1/1/2019 	5712945	975.00	760.00	136.10	15.52	96972.95	49826	1	WinnieSzeto	
3578	1:35:20	1/1/2019 	5713157	958.00	163.00	41.22	15.52	96973.11	1851	1	WinnieSzeto	
3579	1:35:20	1/1/2019 	5713363	610.00	8.00	13.94	15.52	96973.11	1851	0	WinnieSzeto	
3580	1:35:20	1/1/2019 	5713605	922.00	123.00	34.50	15.52	96973.06	52436	1	WinnieSzeto	
3581	1:35:23	1/1/2019 	5716192	798.00	35.00	20.91	15.52	96973.51	97807	0	WinnieSzeto	
3582	1:35:23	1/1/2019 	5716288	962.00	177.00	43.00	15.52	96973.51	1850	0	WinnieSzeto	
3583	1:35:24	1/1/2019 	5717106	147.00	8.00	7.93	15.52	96973.33	49827	0	WinnieSzeto	
3584	1:35:31	1/1/2019 	5724021	807.00	44.00	21.92	15.51	96973.03	337694	1	WinnieSzeto	
3585	1:35:31	1/1/2019 	5724820	66.00	8.00	5.93	15.51	96973.03	50555	0	WinnieSzeto	
3586	1:35:32	1/1/2019 	5725249	673.00	10.00	14.93	15.51	96972.83	4458	1	WinnieSzeto	
3587	1:35:34	1/1/2019 	5727459	958.00	188.00	44.23	15.50	96972.81	97807	0	WinnieSzeto	
3588	1:35:39	1/1/2019 	5732406	943.00	146.00	38.64	15.50	96973.20	241742	1	WinnieSzeto	
3589	1:35:39	1/1/2019 	5732819	793.00	32.00	20.51	15.50	96973.05	50558	0	WinnieSzeto	
3590	1:35:40	1/1/2019 	5733837	972.00	518.00	89.29	15.50	96972.52	49826	1	WinnieSzeto	
3591	1:35:45	1/1/2019 	5738174	848.00	69.00	24.72	15.49	96971.84	193763	1	WinnieSzeto	
3592	1:35:51	1/1/2019 	5743578	918.00	125.00	34.88	15.48	96971.05	292349	1	WinnieSzeto	
3593	1:35:51	1/1/2019 	5743847	965.00	233.00	48.51	15.48	96971.05	2579	0	WinnieSzeto	
3594	1:35:52	1/1/2019 	5744843	610.00	10.00	14.35	15.48	96970.55	49828	0	WinnieSzeto	
3595	1:35:56	1/1/2019 	5749130	978.00	811.00	143.82	15.48	96984.06	193763	1	WinnieSzeto	
3596	1:35:57	1/1/2019 	5750382	844.00	64.00	24.09	15.47	96992.59	49829	1	WinnieSzeto	
3597	1:35:57	1/1/2019 	5750478	917.00	121.00	34.11	15.47	96992.59	5409	1	WinnieSzeto	
3598	1:35:58	1/1/2019 	5750767	915.00	121.00	34.10	15.47	96992.59	49829	1	WinnieSzeto	
3599	1:35:58	1/1/2019 	5751018	665.00	10.00	14.90	15.47	96995.02	1852	0	WinnieSzeto	
3600	1:35:59	1/1/2019 	5752191	63.00	8.00	5.91	15.47	97000.36	49827	0	WinnieSzeto	
3601	1:36:00	1/1/2019 	5753477	90.00	8.00	6.35	15.47	97005.06	49826	0	WinnieSzeto	
3602	1:36:05	1/1/2019 	5757682	107.00	12.00	6.79	15.48	97009.15	241743	0	WinnieSzeto	
3603	1:36:05	1/1/2019 	5758140	958.00	158.00	40.51	15.48	97009.15	4439	1	WinnieSzeto	
3604	1:36:05	1/1/2019 	5758234	956.00	166.00	41.62	15.48	97008.98	1851	1	WinnieSzeto	
3605	1:36:06	1/1/2019 	5758602	892.00	90.00	28.12	15.48	97008.98	49828	1	WinnieSzeto	
3606	1:36:08	1/1/2019 	5761095	62.00	8.00	5.90	15.48	97019.11	97808	0	WinnieSzeto	
3607	1:36:08	1/1/2019 	5761126	197.00	8.00	9.23	15.48	97019.11	2575	1	WinnieSzeto	
3608	1:36:13	1/1/2019 	5765874	125.00	8.00	7.29	15.48	97019.92	241735	0	WinnieSzeto	
3609	1:36:13	1/1/2019 	5766401	970.00	326.00	61.53	15.48	97019.44	4482	0	WinnieSzeto	
3610	1:36:14	1/1/2019 	5767284	927.00	136.00	36.92	15.48	97020.09	49828	1	WinnieSzeto	
3611	1:36:15	1/1/2019 	5767958	956.00	161.00	40.94	15.48	97019.29	49829	0	WinnieSzeto	
3612	1:36:15	1/1/2019 	5768073	306.00	8.00	11.14	15.48	97019.29	1850	0	WinnieSzeto	
3613	1:36:17	1/1/2019 	5769649	731.00	18.00	17.58	15.48	97016.38	97804	1	WinnieSzeto	
3614	1:36:21	1/1/2019 	5773990	745.00	17.00	17.32	15.48	97006.81	194494	0	WinnieSzeto	
3615	1:36:21	1/1/2019 	5774054	584.00	9.00	13.82	15.48	97006.81	4462	0	WinnieSzeto	
3616	1:36:21	1/1/2019 	5774457	105.00	9.00	6.73	15.48	97005.03	1848	0	WinnieSzeto	
3617	1:36:23	1/1/2019 	5775646	961.00	290.00	55.49	15.48	97002.56	97802	0	WinnieSzeto	
3618	1:36:24	1/1/2019 	5776822	872.00	81.00	26.54	15.48	97000.61	49830	1	WinnieSzeto	
3619	1:36:24	1/1/2019 	5777011	413.00	8.00	12.22	15.48	97000.61	1850	0	WinnieSzeto	
3620	1:36:25	1/1/2019 	5778203	603.00	9.00	14.06	15.48	97000.66	49823	0	WinnieSzeto	
3621	1:36:27	1/1/2019 	5779723	549.00	3.00	12.51	15.48	97001.95	100393	0	WinnieSzeto	
3622	1:36:27	1/1/2019 	5779896	164.00	8.00	8.40	15.48	97001.95	2577	0	WinnieSzeto	
3623	1:36:27	1/1/2019 	5779945	955.00	159.00	40.65	15.48	97001.80	1848	1	WinnieSzeto	
3624	1:36:27	1/1/2019 	5780240	114.00	8.00	6.98	15.48	97001.80	1849	0	WinnieSzeto	
3625	1:36:28	1/1/2019 	5781327	964.00	254.00	50.70	15.48	97002.11	49824	0	WinnieSzeto	
3626	1:36:28	1/1/2019 	5781468	897.00	104.00	30.75	15.48	97002.11	1851	1	WinnieSzeto	
3627	1:36:29	1/1/2019 	5781676	85.00	9.00	6.24	15.48	97002.60	52438	0	WinnieSzeto	
3628	1:36:29	1/1/2019 	5782432	923.00	125.00	34.88	15.48	97003.58	1850	0	WinnieSzeto	
3629	1:36:30	1/1/2019 	5783113	515.00	9.00	13.05	15.48	97004.66	49828	0	WinnieSzeto	
3630	1:36:31	1/1/2019 	5783603	158.00	8.00	8.24	15.48	97006.93	49828	0	WinnieSzeto	
3631	1:36:31	1/1/2019 	5784046	952.00	156.00	40.21	15.48	97008.27	1847	1	WinnieSzeto	
3632	1:36:32	1/1/2019 	5784644	512.00	9.00	13.03	15.48	97009.08	49829	0	WinnieSzeto	
3633	1:36:32	1/1/2019 	5784706	86.00	8.00	6.26	15.48	97009.08	4439	0	WinnieSzeto	
3634	1:36:32	1/1/2019 	5784741	293.00	9.00	10.99	15.48	97009.08	1846	0	WinnieSzeto	
3635	1:36:32	1/1/2019 	5785253	554.00	9.00	13.45	15.48	97009.40	1848	0	WinnieSzeto	
3636	1:36:33	1/1/2019 	5786276	229.00	9.00	9.92	15.48	97010.39	49825	0	WinnieSzeto	
3637	1:36:34	1/1/2019 	5787286	201.00	8.00	9.32	15.48	97012.17	49826	0	WinnieSzeto	
3638	1:36:37	1/1/2019 	5789908	979.00	812.00	145.09	15.49	97013.51	145779	1	WinnieSzeto	
3639	1:36:37	1/1/2019 	5790352	965.00	233.00	48.51	15.48	97012.49	5411	0	WinnieSzeto	
3640	1:36:39	1/1/2019 	5791608	951.00	155.00	40.06	15.48	97010.23	97802	1	WinnieSzeto	
3641	1:36:39	1/1/2019 	5791963	66.00	8.00	5.93	15.48	97008.61	1851	0	WinnieSzeto	
3642	1:36:39	1/1/2019 	5792298	223.00	8.00	9.79	15.48	97006.98	1846	0	WinnieSzeto	
3643	1:36:40	1/1/2019 	5792929	61.00	8.00	5.90	15.48	97005.70	49823	0	WinnieSzeto	
3644	1:36:40	1/1/2019 	5793428	737.00	16.00	17.01	15.48	97004.72	1848	1	WinnieSzeto	
3645	1:36:41	1/1/2019 	5793640	68.00	8.00	5.95	15.48	97004.72	52415	1	WinnieSzeto	
3646	1:36:42	1/1/2019 	5794612	879.00	82.00	26.72	15.48	97001.48	49825	1	WinnieSzeto	
3647	1:36:42	1/1/2019 	5794727	531.00	8.00	13.09	15.48	97001.48	1850	0	WinnieSzeto	
3648	1:36:42	1/1/2019 	5795149	839.00	61.00	23.73	15.48	96999.53	1847	1	WinnieSzeto	
3649	1:36:42	1/1/2019 	5795554	879.00	82.00	26.72	15.48	96999.53	49827	0	WinnieSzeto	
3650	1:36:43	1/1/2019 	5796185	911.00	114.00	32.73	15.48	96997.42	1850	0	WinnieSzeto	
3651	1:36:43	1/1/2019 	5796211	538.00	9.00	13.27	15.48	96997.42	4439	0	WinnieSzeto	
3652	1:36:43	1/1/2019 	5796457	404.00	9.00	12.22	15.48	96997.42	1849	1	WinnieSzeto	
3653	1:36:44	1/1/2019 	5796871	842.00	61.00	23.73	15.48	96996.61	49827	1	WinnieSzeto	
3654	1:36:44	1/1/2019 	5796926	748.00	18.00	17.62	15.48	96996.61	1851	0	WinnieSzeto	
3655	1:36:45	1/1/2019 	5797684	150.00	8.00	8.02	15.48	96995.48	49826	0	WinnieSzeto	
3656	1:36:45	1/1/2019 	5798059	681.00	10.00	14.94	15.48	96994.51	1848	0	WinnieSzeto	
3657	1:36:48	1/1/2019 	5801017	78.00	8.00	6.10	15.48	96990.73	148370	0	WinnieSzeto	
3658	1:36:48	1/1/2019 	5801432	716.00	12.00	15.66	15.48	96989.93	2576	1	WinnieSzeto	
3659	1:36:49	1/1/2019 	5801845	645.00	9.00	14.49	15.48	96989.12	49828	0	WinnieSzeto	
3660	1:36:52	1/1/2019 	5804898	624.00	9.00	14.31	15.48	96987.45	145785	0	WinnieSzeto	
3661	1:36:53	1/1/2019 	5806328	131.00	8.00	7.47	15.48	96990.05	49828	0	WinnieSzeto	
3662	1:36:54	1/1/2019 	5807201	239.00	9.00	10.11	15.48	96990.53	49824	0	WinnieSzeto	
3663	1:36:54	1/1/2019 	5807210	981.00	702.00	127.07	15.48	96990.53	4463	0	WinnieSzeto	
3664	1:36:55	1/1/2019 	5808049	156.00	8.00	8.19	15.47	96991.14	49827	0	WinnieSzeto	
3665	1:36:55	1/1/2019 	5808098	700.00	11.00	15.30	15.47	96991.14	1848	0	WinnieSzeto	
3666	1:36:56	1/1/2019 	5809171	230.00	8.00	9.93	15.47	96990.81	49826	0	WinnieSzeto	
3667	1:36:56	1/1/2019 	5809279	537.00	9.00	13.26	15.47	96990.81	1847	1	WinnieSzeto	
3668	1:36:56	1/1/2019 	5809400	800.00	38.00	21.27	15.47	96990.81	1849	1	WinnieSzeto	
3669	1:36:57	1/1/2019 	5809701	634.00	9.00	14.40	15.47	96990.80	52439	0	WinnieSzeto	
3670	1:37:03	1/1/2019 	5816031	311.00	9.00	11.24	15.47	97000.46	290438	0	WinnieSzeto	
3671	1:37:03	1/1/2019 	5816156	965.00	276.00	53.45	15.47	97000.46	1851	1	WinnieSzeto	
3672	1:37:04	1/1/2019 	5817424	719.00	13.00	16.01	15.47	97000.58	49828	1	WinnieSzeto	
3673	1:37:05	1/1/2019 	5817729	621.00	9.00	14.28	15.47	97000.58	49829	0	WinnieSzeto	
3674	1:37:05	1/1/2019 	5818062	128.00	9.00	7.39	15.47	97000.26	1850	0	WinnieSzeto	
3675	1:37:07	1/1/2019 	5819634	451.00	9.00	12.57	15.46	96997.78	100415	0	WinnieSzeto	
3676	1:37:07	1/1/2019 	5819721	929.00	136.00	36.92	15.46	96997.78	2578	1	WinnieSzeto	
3677	1:37:09	1/1/2019 	5821585	960.00	270.00	52.65	15.46	96995.19	97802	1	WinnieSzeto	
3678	1:37:09	1/1/2019 	5822174	400.00	8.00	12.12	15.46	96994.38	1850	0	WinnieSzeto	
3679	1:37:10	1/1/2019 	5823180	630.00	9.00	14.37	15.46	96992.88	49824	0	WinnieSzeto	
3680	1:37:10	1/1/2019 	5823258	69.00	8.00	5.97	15.46	96992.88	1850	0	WinnieSzeto	
3681	1:37:12	1/1/2019 	5825136	878.00	86.00	27.38	15.46	96990.60	100410	0	WinnieSzeto	
3682	1:37:13	1/1/2019 	5826051	75.00	8.00	6.05	15.46	96989.79	49828	0	WinnieSzeto	
3683	1:37:14	1/1/2019 	5827014	592.00	9.00	13.92	15.46	96988.12	49827	0	WinnieSzeto	
3684	1:37:15	1/1/2019 	5827851	784.00	27.00	19.71	15.46	96988.28	49831	1	WinnieSzeto	
3685	1:37:22	1/1/2019 	5834936	100.00	8.00	6.59	15.44	96988.70	337689	0	WinnieSzeto	
3686	1:37:22	1/1/2019 	5835077	957.00	157.00	40.36	15.44	96988.70	2577	0	WinnieSzeto	
3687	1:37:26	1/1/2019 	5838793	678.00	10.00	14.94	15.44	96990.43	196390	0	WinnieSzeto	
3688	1:37:26	1/1/2019 	5839293	157.00	9.00	8.22	15.44	96990.09	1851	0	WinnieSzeto	
3689	1:37:27	1/1/2019 	5840173	954.00	179.00	43.24	15.44	96989.92	49826	0	WinnieSzeto	
3690	1:37:28	1/1/2019 	5840918	959.00	245.00	49.71	15.43	96988.27	50559	1	WinnieSzeto	
3691	1:37:29	1/1/2019 	5841978	952.00	155.00	40.06	15.43	96987.13	49830	1	WinnieSzeto	
3692	1:37:29	1/1/2019 	5842144	350.00	9.00	11.71	15.43	96987.13	1851	0	WinnieSzeto	
3693	1:37:30	1/1/2019 	5843113	147.00	8.00	7.93	15.43	96986.31	52438	0	WinnieSzeto	
3694	1:37:31	1/1/2019 	5843631	652.00	10.00	14.82	15.43	96986.14	49827	1	WinnieSzeto	
3695	1:37:32	1/1/2019 	5845024	216.00	8.00	9.65	15.43	96984.97	49828	0	WinnieSzeto	
3696	1:37:36	1/1/2019 	5848812	953.00	175.00	42.76	15.42	96987.50	193760	1	WinnieSzeto	
3697	1:37:37	1/1/2019 	5850020	388.00	9.00	12.08	15.42	96988.09	49830	0	WinnieSzeto	
3698	1:37:38	1/1/2019 	5850860	82.00	8.00	6.17	15.42	96986.92	50556	0	WinnieSzeto	
3699	1:37:38	1/1/2019 	5850959	968.00	320.00	60.46	15.42	96986.92	4460	1	WinnieSzeto	
3700	1:37:38	1/1/2019 	5851073	190.00	9.00	9.08	15.42	96986.92	1849	0	WinnieSzeto	
3701	1:37:39	1/1/2019 	5851596	220.00	8.00	9.73	15.42	96985.95	49826	0	WinnieSzeto	
3702	1:37:39	1/1/2019 	5852023	75.00	8.00	6.05	15.42	96984.61	1848	0	WinnieSzeto	
3703	1:37:41	1/1/2019 	5854431	878.00	86.00	27.38	15.41	96980.87	97802	1	WinnieSzeto	
3704	1:37:43	1/1/2019 	5855855	961.00	191.00	44.54	15.41	96983.25	97807	0	WinnieSzeto	
3705	1:37:43	1/1/2019 	5856165	171.00	8.00	8.59	15.41	96986.33	4440	0	WinnieSzeto	
3706	1:37:45	1/1/2019 	5857726	957.00	200.00	45.43	15.41	96994.79	97803	1	WinnieSzeto	
3707	1:37:45	1/1/2019 	5858225	128.00	8.00	7.38	15.41	96998.34	1851	0	WinnieSzeto	
3708	1:37:45	1/1/2019 	5858250	90.00	8.00	6.35	15.41	96998.34	1845	0	WinnieSzeto	
3709	1:37:46	1/1/2019 	5858622	963.00	305.00	57.88	15.41	96998.34	49825	1	WinnieSzeto	
3710	1:37:46	1/1/2019 	5859233	251.00	9.00	10.33	15.41	97004.98	1851	1	WinnieSzeto	
3711	1:37:49	1/1/2019 	5862070	942.00	145.00	38.48	15.41	97018.58	148373	1	WinnieSzeto	
3712	1:37:50	1/1/2019 	5863460	465.00	9.00	12.67	15.41	97022.30	50559	0	WinnieSzeto	
3713	1:37:52	1/1/2019 	5864742	97.00	8.00	6.52	15.42	97023.12	97809	0	WinnieSzeto	
3714	1:37:52	1/1/2019 	5865335	940.00	143.00	38.14	15.41	97022.47	1852	1	WinnieSzeto	
3715	1:37:52	1/1/2019 	5865347	971.00	384.00	71.80	15.41	97022.47	1849	0	WinnieSzeto	
3716	1:37:53	1/1/2019 	5866270	644.00	9.00	14.48	15.41	97021.17	49827	0	WinnieSzeto	
3717	1:37:56	1/1/2019 	5868667	892.00	94.00	28.84	15.41	97017.24	148397	0	WinnieSzeto	
3718	1:37:58	1/1/2019 	5871245	105.00	8.00	6.73	15.41	97012.66	97808	0	WinnieSzeto	
3719	1:37:59	1/1/2019 	5871624	966.00	384.00	71.80	15.41	97012.02	50554	1	WinnieSzeto	
3720	1:38:00	1/1/2019 	5872665	62.00	9.00	5.90	15.41	97010.03	49829	0	WinnieSzeto	
3721	1:38:01	1/1/2019 	5873763	515.00	9.00	13.05	15.40	97007.59	49827	0	WinnieSzeto	
3722	1:38:01	1/1/2019 	5873822	927.00	135.00	36.74	15.40	97007.59	1850	1	WinnieSzeto	
3723	1:38:01	1/1/2019 	5874192	436.00	9.00	12.46	15.40	97007.59	4461	0	WinnieSzeto	
3724	1:38:02	1/1/2019 	5875048	103.00	8.00	6.67	15.40	97004.62	49828	0	WinnieSzeto	
3725	1:38:05	1/1/2019 	5877864	73.00	8.00	6.02	15.40	97001.14	145788	0	WinnieSzeto	
3726	1:38:06	1/1/2019 	5879381	83.00	8.00	6.19	15.39	97000.12	49829	0	WinnieSzeto	
3727	1:38:07	1/1/2019 	5880049	945.00	146.00	38.64	15.39	96999.30	49831	1	WinnieSzeto	
3728	1:38:09	1/1/2019 	5881629	72.00	8.00	6.00	15.39	96995.86	101369	0	WinnieSzeto	
3729	1:38:09	1/1/2019 	5882126	765.00	21.00	18.43	15.39	96996.02	1848	0	WinnieSzeto	
3730	1:38:10	1/1/2019 	5882601	68.00	8.00	5.95	15.39	96996.02	49827	0	WinnieSzeto	
3731	1:38:10	1/1/2019 	5883078	761.00	21.00	18.42	15.39	96996.34	1848	0	WinnieSzeto	
3732	1:38:11	1/1/2019 	5883768	130.00	8.00	7.44	15.39	96995.81	49828	0	WinnieSzeto	
3733	1:38:11	1/1/2019 	5884113	593.00	9.00	13.93	15.39	96995.16	1849	0	WinnieSzeto	
3734	1:38:11	1/1/2019 	5884350	69.00	11.00	5.97	15.39	96994.67	4742	0	WinnieSzeto	
3735	1:38:12	1/1/2019 	5885122	129.00	8.00	7.41	15.39	96995.00	49827	0	WinnieSzeto	
3736	1:38:13	1/1/2019 	5886359	901.00	105.00	30.95	15.38	96994.14	49826	0	WinnieSzeto	
3737	1:38:15	1/1/2019 	5887634	340.00	9.00	11.60	15.38	96992.04	97808	0	WinnieSzeto	
3738	1:38:16	1/1/2019 	5889410	920.00	124.00	34.69	15.38	96986.66	49830	1	WinnieSzeto	
3739	1:38:18	1/1/2019 	5890879	600.00	9.00	14.02	15.38	96984.52	97806	0	WinnieSzeto	
3740	1:38:18	1/1/2019 	5890907	687.00	10.00	14.94	15.38	96984.52	5503	1	WinnieSzeto	
3741	1:38:18	1/1/2019 	5891569	414.00	9.00	12.30	15.38	96983.22	49827	0	WinnieSzeto	
3742	1:38:19	1/1/2019 	5892435	913.00	118.00	33.52	15.37	96980.42	1849	0	WinnieSzeto	
3743	1:38:21	1/1/2019 	5894183	86.00	9.00	6.26	15.37	96976.87	97808	0	WinnieSzeto	
3744	1:38:24	1/1/2019 	5897233	957.00	184.00	43.80	15.37	96974.22	145784	1	WinnieSzeto	
3745	1:38:25	1/1/2019 	5897665	797.00	40.00	21.48	15.37	96974.22	49829	0	WinnieSzeto	
3746	1:38:25	1/1/2019 	5898406	899.00	99.00	29.80	15.37	96975.52	4699	1	WinnieSzeto	
3747	1:38:26	1/1/2019 	5899462	149.00	8.00	7.99	15.37	96975.79	49827	0	WinnieSzeto	
3748	1:38:28	1/1/2019 	5900713	778.00	26.00	19.51	15.37	96975.47	97806	1	WinnieSzeto	
3749	1:38:29	1/1/2019 	5902215	461.00	9.00	12.64	15.36	96975.05	50556	0	WinnieSzeto	
3750	1:38:31	1/1/2019 	5903876	579.00	10.00	13.91	15.36	96976.67	97805	0	WinnieSzeto	
3751	1:38:31	1/1/2019 	5904373	430.00	8.00	12.35	15.36	96978.61	1851	0	WinnieSzeto	
3752	1:38:33	1/1/2019 	5905872	91.00	8.00	6.37	15.36	96980.39	100415	0	WinnieSzeto	
3753	1:38:33	1/1/2019 	5906066	916.00	115.00	32.94	15.36	96980.39	1847	1	WinnieSzeto	
3754	1:38:33	1/1/2019 	5906219	798.00	36.00	21.04	15.36	96979.56	1850	1	WinnieSzeto	
3755	1:38:34	1/1/2019 	5906997	227.00	9.00	9.88	15.36	96980.05	49827	0	WinnieSzeto	
3756	1:38:35	1/1/2019 	5907866	104.00	9.00	6.70	15.36	96979.84	49827	0	WinnieSzeto	
3757	1:38:36	1/1/2019 	5909033	404.00	8.00	12.15	15.35	96979.80	49830	0	WinnieSzeto	
3758	1:38:36	1/1/2019 	5909295	605.00	9.00	14.09	15.35	96979.80	4666	0	WinnieSzeto	
3759	1:38:37	1/1/2019 	5909580	894.00	95.00	29.03	15.35	96979.64	49828	0	WinnieSzeto	
3760	1:38:37	1/1/2019 	5910557	817.00	56.00	23.14	15.35	96979.80	50557	0	WinnieSzeto	
3761	1:38:38	1/1/2019 	5910725	680.00	10.00	14.94	15.35	96979.27	1850	0	WinnieSzeto	
3762	1:38:38	1/1/2019 	5910781	967.00	197.00	45.14	15.35	96979.27	1850	0	WinnieSzeto	
3763	1:38:38	1/1/2019 	5911032	594.00	9.00	13.95	15.35	96979.27	1849	0	WinnieSzeto	
3764	1:38:38	1/1/2019 	5911561	82.00	8.00	6.17	15.35	96978.62	52440	0	WinnieSzeto	
3765	1:38:39	1/1/2019 	5912156	410.00	9.00	12.26	15.35	96977.77	1851	0	WinnieSzeto	
3766	1:38:40	1/1/2019 	5912861	903.00	109.00	31.74	15.35	96975.97	49828	1	WinnieSzeto	
3767	1:38:40	1/1/2019 	5913309	952.00	146.00	38.64	15.35	96975.97	1852	0	WinnieSzeto	
3768	1:38:42	1/1/2019 	5914770	185.00	8.00	8.95	15.34	96973.17	97805	0	WinnieSzeto	
3769	1:38:42	1/1/2019 	5914879	81.00	9.00	6.16	15.34	96973.17	1847	0	WinnieSzeto	
3770	1:38:43	1/1/2019 	5915679	337.00	8.00	11.52	15.34	96971.19	52644	1	WinnieSzeto	
3771	1:38:44	1/1/2019 	5917574	520.00	9.00	13.10	15.34	96968.53	97803	0	WinnieSzeto	
3772	1:38:45	1/1/2019 	5918335	64.00	8.00	5.92	15.34	96968.22	1851	0	WinnieSzeto	
3773	1:38:47	1/1/2019 	5920053	129.00	8.00	7.41	15.33	96966.67	97802	0	WinnieSzeto	
3774	1:38:47	1/1/2019 	5920116	155.00	8.00	8.16	15.33	96966.67	2576	0	WinnieSzeto	
3775	1:38:48	1/1/2019 	5920654	152.00	8.00	8.07	15.33	96965.66	49823	0	WinnieSzeto	
3776	1:38:48	1/1/2019 	5921297	806.00	49.00	22.41	15.33	96965.33	4459	0	WinnieSzeto	
3777	1:38:49	1/1/2019 	5921970	778.00	26.00	19.51	15.33	96966.14	49825	0	WinnieSzeto	
3778	1:38:49	1/1/2019 	5922295	93.00	8.00	6.42	15.33	96966.14	1850	0	WinnieSzeto	
3779	1:38:50	1/1/2019 	5922739	738.00	16.00	17.01	15.33	96966.78	49823	0	WinnieSzeto	
3780	1:38:51	1/1/2019 	5924114	622.00	9.00	14.29	15.33	96970.67	49826	1	WinnieSzeto	
3781	1:38:51	1/1/2019 	5924307	977.00	639.00	113.92	15.33	96970.67	1851	0	WinnieSzeto	
3782	1:38:51	1/1/2019 	5924395	99.00	8.00	6.57	15.33	96970.67	4667	0	WinnieSzeto	
3783	1:38:52	1/1/2019 	5924674	344.00	8.00	11.60	15.33	96973.26	49823	0	WinnieSzeto	
3784	1:38:53	1/1/2019 	5925724	290.00	9.00	10.95	15.33	96976.17	49826	0	WinnieSzeto	
3785	1:38:53	1/1/2019 	5926120	248.00	9.00	10.28	15.33	96976.17	1851	0	WinnieSzeto	
3786	1:38:55	1/1/2019 	5928021	66.00	8.00	5.93	15.33	96974.05	97803	0	WinnieSzeto	
3787	1:38:55	1/1/2019 	5928200	454.00	9.00	12.59	15.33	96974.05	1847	0	WinnieSzeto	
3788	1:38:56	1/1/2019 	5929396	558.00	9.00	13.50	15.33	96973.41	52424	0	WinnieSzeto	
3789	1:38:56	1/1/2019 	5929554	84.00	9.00	6.22	15.33	96973.41	49828	0	WinnieSzeto	
3790	1:38:57	1/1/2019 	5929585	960.00	273.00	53.05	15.32	96972.25	2575	0	WinnieSzeto	
3791	1:38:57	1/1/2019 	5929678	642.00	9.00	14.47	15.32	96972.25	1850	0	WinnieSzeto	
3792	1:38:57	1/1/2019 	5930267	72.00	8.00	6.00	15.32	96972.09	2341	0	WinnieSzeto	
3793	1:38:57	1/1/2019 	5930374	916.00	119.00	33.72	15.32	96972.09	1847	1	WinnieSzeto	
3794	1:39:00	1/1/2019 	5932631	811.00	50.00	22.52	15.32	96969.30	148619	0	WinnieSzeto	
3795	1:39:00	1/1/2019 	5933308	587.00	9.00	13.86	15.32	96969.30	1851	0	WinnieSzeto	
3796	1:39:01	1/1/2019 	5934087	730.00	15.00	16.69	15.32	96968.77	49826	0	WinnieSzeto	
3797	1:39:02	1/1/2019 	5934870	585.00	9.00	13.83	15.32	96968.40	49827	0	WinnieSzeto	
3798	1:39:02	1/1/2019 	5934932	102.00	8.00	6.65	15.32	96968.40	1850	0	WinnieSzeto	
3799	1:39:03	1/1/2019 	5935885	851.00	69.00	24.73	15.31	96968.06	49825	1	WinnieSzeto	
3800	1:39:04	1/1/2019 	5936845	451.00	9.00	12.57	15.31	96967.37	52426	0	WinnieSzeto	
3801	1:39:05	1/1/2019 	5937857	92.00	9.00	6.39	15.31	96967.85	49827	0	WinnieSzeto	
3802	1:39:06	1/1/2019 	5939301	275.00	8.00	10.70	15.31	96967.92	49828	0	WinnieSzeto	
3803	1:39:08	1/1/2019 	5940641	127.00	8.00	7.35	15.30	96967.05	97804	0	WinnieSzeto	
3804	1:39:08	1/1/2019 	5940711	662.00	10.00	14.88	15.30	96967.05	2575	0	WinnieSzeto	
3805	1:39:08	1/1/2019 	5941156	370.00	9.00	11.91	15.30	96966.41	1851	0	WinnieSzeto	
3806	1:39:09	1/1/2019 	5941774	803.00	47.00	22.21	15.30	96965.88	52669	1	WinnieSzeto	
3807	1:39:09	1/1/2019 	5942374	95.00	8.00	6.47	15.30	96965.72	1855	0	WinnieSzeto	
3808	1:39:12	1/1/2019 	5944818	919.00	127.00	35.26	15.29	96962.70	145778	0	WinnieSzeto	
3809	1:39:13	1/1/2019 	5945811	921.00	130.00	35.82	15.29	96962.37	49829	0	WinnieSzeto	
3810	1:39:13	1/1/2019 	5945931	417.00	9.00	12.32	15.29	96962.37	1851	0	WinnieSzeto	
3811	1:39:13	1/1/2019 	5945999	65.00	8.00	5.92	15.29	96962.37	1849	0	WinnieSzeto	
3812	1:39:13	1/1/2019 	5946200	972.00	406.00	75.23	15.29	96962.37	4444	1	WinnieSzeto	
3813	1:39:14	1/1/2019 	5946674	634.00	10.00	14.65	15.29	96963.34	49829	0	WinnieSzeto	
3814	1:39:15	1/1/2019 	5948357	959.00	224.00	47.65	15.29	96963.13	49828	1	WinnieSzeto	
3815	1:39:16	1/1/2019 	5949290	794.00	35.00	20.91	15.29	96964.06	49828	0	WinnieSzeto	
3816	1:39:17	1/1/2019 	5949972	68.00	8.00	5.95	15.29	96964.55	49827	0	WinnieSzeto	
3817	1:39:17	1/1/2019 	5950565	796.00	33.00	20.65	15.29	96964.06	50625	0	WinnieSzeto	
3818	1:39:18	1/1/2019 	5950647	639.00	9.00	14.45	15.29	96964.06	4461	0	WinnieSzeto	
3819	1:39:18	1/1/2019 	5951026	968.00	292.00	55.79	15.29	96964.55	1851	1	WinnieSzeto	
3820	1:39:19	1/1/2019 	5952274	925.00	138.00	37.27	15.28	96965.80	49826	1	WinnieSzeto	
3821	1:39:19	1/1/2019 	5952333	144.00	8.00	7.85	15.28	96965.80	1851	0	WinnieSzeto	
3822	1:39:19	1/1/2019 	5952354	788.00	29.00	20.05	15.28	96965.80	1848	0	WinnieSzeto	
3823	1:39:20	1/1/2019 	5953346	566.00	9.00	13.59	15.28	96968.38	49827	0	WinnieSzeto	
3824	1:39:21	1/1/2019 	5953699	961.00	309.00	58.56	15.28	96969.20	52417	1	WinnieSzeto	
3825	1:39:22	1/1/2019 	5954630	881.00	87.00	27.56	15.28	96969.34	49828	1	WinnieSzeto	
3826	1:39:22	1/1/2019 	5955441	664.00	9.00	14.58	15.28	96969.50	1850	0	WinnieSzeto	
3827	1:39:23	1/1/2019 	5955856	330.00	8.00	11.44	15.28	96968.80	49826	0	WinnieSzeto	
3828	1:39:25	1/1/2019 	5957812	416.00	9.00	12.31	15.28	96968.44	97804	0	WinnieSzeto	
3829	1:39:26	1/1/2019 	5958957	864.00	73.00	25.31	15.28	96968.12	49828	1	WinnieSzeto	
3830	1:39:27	1/1/2019 	5959995	630.00	9.00	14.37	15.27	96967.42	52646	0	WinnieSzeto	
3831	1:39:27	1/1/2019 	5960249	916.00	119.00	33.72	15.27	96967.42	2649	0	WinnieSzeto	
3832	1:39:27	1/1/2019 	5960327	985.00	782.00	139.25	15.27	96967.42	1850	0	WinnieSzeto	
3833	1:39:28	1/1/2019 	5960711	960.00	229.00	48.12	15.27	96967.42	49829	0	WinnieSzeto	
3834	1:39:28	1/1/2019 	5960813	92.00	8.00	6.39	15.27	96967.42	1851	0	WinnieSzeto	
3835	1:39:28	1/1/2019 	5960939	363.00	9.00	11.84	15.27	96967.91	1847	0	WinnieSzeto	
3836	1:39:28	1/1/2019 	5960954	784.00	27.00	19.71	15.27	96967.91	4462	0	WinnieSzeto	
3837	1:39:28	1/1/2019 	5961094	178.00	8.00	8.77	15.27	96967.91	1850	0	WinnieSzeto	
3838	1:39:29	1/1/2019 	5961648	665.00	10.00	14.90	15.27	96968.23	49825	0	WinnieSzeto	
3839	1:39:30	1/1/2019 	5963080	142.00	9.00	7.79	15.27	96966.12	49830	0	WinnieSzeto	
3840	1:39:30	1/1/2019 	5963380	88.00	8.00	6.30	15.27	96966.12	1856	0	WinnieSzeto	
3841	1:39:31	1/1/2019 	5963847	964.00	336.00	63.33	15.27	96966.29	49830	0	WinnieSzeto	
3842	1:39:32	1/1/2019 	5964945	696.00	11.00	15.30	15.27	96970.82	52668	1	WinnieSzeto	
3843	1:39:32	1/1/2019 	5965093	451.00	9.00	12.57	15.27	96970.82	1851	0	WinnieSzeto	
3844	1:39:35	1/1/2019 	5967995	647.00	10.00	14.78	15.27	96985.67	145784	0	WinnieSzeto	
3845	1:39:37	1/1/2019 	5970318	836.00	61.00	23.72	15.26	96987.04	97806	0	WinnieSzeto	
3846	1:39:37	1/1/2019 	5970431	415.00	9.00	12.30	15.26	96986.19	2649	0	WinnieSzeto	
3847	1:39:38	1/1/2019 	5970594	120.00	9.00	7.15	15.26	96986.19	49827	0	WinnieSzeto	
3848	1:39:38	1/1/2019 	5970643	658.00	10.00	14.86	15.26	96986.19	4462	0	WinnieSzeto	
3849	1:39:39	1/1/2019 	5971804	403.00	9.00	12.21	15.26	96984.88	49828	0	WinnieSzeto	
3850	1:39:41	1/1/2019 	5974499	798.00	38.00	21.27	15.25	96978.11	97809	0	WinnieSzeto	
3851	1:39:43	1/1/2019 	5975827	966.00	305.00	57.88	15.25	96975.20	97818	0	WinnieSzeto	
3852	1:39:43	1/1/2019 	5976464	183.00	8.00	8.90	15.25	96974.18	1851	0	WinnieSzeto	
3853	1:39:44	1/1/2019 	5977209	937.00	143.00	38.14	15.25	96971.57	49825	1	WinnieSzeto	
3854	1:39:44	1/1/2019 	5977407	468.00	9.00	12.69	15.25	96971.57	4668	0	WinnieSzeto	
3855	1:39:45	1/1/2019 	5978213	692.00	11.00	15.30	15.24	96969.42	49826	0	WinnieSzeto	
3856	1:39:45	1/1/2019 	5978289	70.00	8.00	5.98	15.24	96969.42	1851	0	WinnieSzeto	
3857	1:39:46	1/1/2019 	5978763	75.00	9.00	6.05	15.24	96968.45	49824	0	WinnieSzeto	
3858	1:39:46	1/1/2019 	5978839	961.00	176.00	42.88	15.24	96968.45	1851	0	WinnieSzeto	
3859	1:39:46	1/1/2019 	5979168	357.00	3.00	11.44	15.24	96968.45	1850	0	WinnieSzeto	
3860	1:39:47	1/1/2019 	5979838	362.00	8.00	11.78	15.24	96965.34	52425	0	WinnieSzeto	
3861	1:39:47	1/1/2019 	5980174	951.00	153.00	39.76	15.24	96965.34	2646	1	WinnieSzeto	
3862	1:39:48	1/1/2019 	5980712	899.00	103.00	30.56	15.24	96964.05	49828	1	WinnieSzeto	
3863	1:39:48	1/1/2019 	5980889	117.00	8.00	7.06	15.24	96964.05	1851	0	WinnieSzeto	
3864	1:39:48	1/1/2019 	5981157	189.00	8.00	9.04	15.24	96963.88	1849	0	WinnieSzeto	
3865	1:39:49	1/1/2019 	5982170	275.00	8.00	10.70	15.24	96962.05	49830	0	WinnieSzeto	
3866	1:39:50	1/1/2019 	5982803	731.00	15.00	16.69	15.24	96960.74	52666	0	WinnieSzeto	
3867	1:39:50	1/1/2019 	5983197	68.00	8.00	5.95	15.24	96959.29	1850	0	WinnieSzeto	
3868	1:39:50	1/1/2019 	5983484	800.00	43.00	21.80	15.24	96959.29	1846	0	WinnieSzeto	
3869	1:39:51	1/1/2019 	5983795	87.00	8.00	6.28	15.24	96957.98	49827	0	WinnieSzeto	
3870	1:39:51	1/1/2019 	5983815	717.00	13.00	16.01	15.24	96957.98	1847	0	WinnieSzeto	
3871	1:39:51	1/1/2019 	5983939	192.00	8.00	9.11	15.24	96957.98	1849	0	WinnieSzeto	
3872	1:39:51	1/1/2019 	5984425	690.00	11.00	15.30	15.24	96957.83	4466	0	WinnieSzeto	
3873	1:39:55	1/1/2019 	5988490	333.00	9.00	11.51	15.23	96956.81	193762	0	WinnieSzeto	
3874	1:39:57	1/1/2019 	5989626	162.00	8.00	8.35	15.23	96957.78	97808	0	WinnieSzeto	
3875	1:39:57	1/1/2019 	5990308	532.00	9.00	13.21	15.23	96956.93	2647	0	WinnieSzeto	
3876	1:39:58	1/1/2019 	5991075	874.00	76.00	25.77	15.23	96954.62	49830	0	WinnieSzeto	
3877	1:39:58	1/1/2019 	5991429	121.00	8.00	7.18	15.23	96954.62	1858	0	WinnieSzeto	
3878	1:39:59	1/1/2019 	5991581	611.00	9.00	14.16	15.23	96953.12	52670	0	WinnieSzeto	
3879	1:40:00	1/1/2019 	5992587	732.00	13.00	16.01	15.23	96952.15	49832	0	WinnieSzeto	
3880	1:40:00	1/1/2019 	5993188	209.00	9.00	9.51	15.23	96950.84	1850	0	WinnieSzeto	
3881	1:40:01	1/1/2019 	5994187	148.00	8.00	7.96	15.22	96949.02	49827	0	WinnieSzeto	
3882	1:40:01	1/1/2019 	5994275	149.00	8.00	7.99	15.22	96949.02	1848	0	WinnieSzeto	
3883	1:40:02	1/1/2019 	5994815	191.00	8.00	9.09	15.22	96948.16	49825	0	WinnieSzeto	
3884	1:40:02	1/1/2019 	5995499	491.00	9.00	12.86	15.22	96946.84	4446	0	WinnieSzeto	
3885	1:40:03	1/1/2019 	5995867	704.00	12.00	15.66	15.22	96946.84	49841	0	WinnieSzeto	
3886	1:40:05	1/1/2019 	5997588	673.00	10.00	14.93	15.21	96945.01	97808	0	WinnieSzeto	
3887	1:40:05	1/1/2019 	5998212	797.00	40.00	21.48	15.21	96944.16	1851	0	WinnieSzeto	
3888	1:40:07	1/1/2019 	5999684	972.00	606.00	106.22	15.21	96942.94	97808	1	WinnieSzeto	
3889	1:40:07	1/1/2019 	6000006	575.00	9.00	13.70	15.20	96942.43	2651	1	WinnieSzeto	
3890	1:40:07	1/1/2019 	6000352	403.00	8.00	12.14	15.20	96942.43	4688	0	WinnieSzeto	
3891	1:40:08	1/1/2019 	6000872	856.00	69.00	24.74	15.20	96941.91	49826	1	WinnieSzeto	
3892	1:40:08	1/1/2019 	6000892	290.00	9.00	10.95	15.20	96941.91	1850	0	WinnieSzeto	
3893	1:40:08	1/1/2019 	6001107	85.00	8.00	6.24	15.20	96941.58	1847	0	WinnieSzeto	
3894	1:40:08	1/1/2019 	6001282	106.00	8.00	6.75	15.20	96941.58	1846	0	WinnieSzeto	
3895	1:40:09	1/1/2019 	6001948	962.00	217.00	47.01	15.20	96941.20	49824	1	WinnieSzeto	
3896	1:40:09	1/1/2019 	6002166	574.00	9.00	13.69	15.20	96940.84	4449	0	WinnieSzeto	
3897	1:40:09	1/1/2019 	6002557	630.00	9.00	14.37	15.20	96940.84	49827	0	WinnieSzeto	
3898	1:40:10	1/1/2019 	6003245	378.00	9.00	11.99	15.19	96940.66	1849	0	WinnieSzeto	
3899	1:40:10	1/1/2019 	6003281	120.00	9.00	7.15	15.19	96940.12	1851	0	WinnieSzeto	
3900	1:40:12	1/1/2019 	6004975	166.00	8.00	8.46	15.19	96938.75	97809	0	WinnieSzeto	
3901	1:40:13	1/1/2019 	6005745	616.00	9.00	14.22	15.18	96938.22	49826	1	WinnieSzeto	
3902	1:40:13	1/1/2019 	6006177	80.00	8.00	6.14	15.18	96937.88	4465	0	WinnieSzeto	
3903	1:40:14	1/1/2019 	6007261	411.00	9.00	12.27	15.18	96937.19	49829	0	WinnieSzeto	
3904	1:40:15	1/1/2019 	6007810	65.00	8.00	5.92	15.18	96936.98	49827	0	WinnieSzeto	
3905	1:40:15	1/1/2019 	6008035	426.00	9.00	12.39	15.18	96936.98	1847	0	WinnieSzeto	
3906	1:40:16	1/1/2019 	6008612	646.00	10.00	14.77	15.17	96936.61	49826	0	WinnieSzeto	
3907	1:40:17	1/1/2019 	6010134	134.00	8.00	7.56	15.17	96936.06	49828	0	WinnieSzeto	
3908	1:40:18	1/1/2019 	6010779	432.00	9.00	12.43	15.17	96936.22	53248	0	WinnieSzeto	
3909	1:40:18	1/1/2019 	6010835	970.00	282.00	54.30	15.17	96936.22	1850	1	WinnieSzeto	
3910	1:40:18	1/1/2019 	6011206	768.00	23.00	18.89	15.17	96936.34	1850	0	WinnieSzeto	
3911	1:40:19	1/1/2019 	6011648	971.00	655.00	117.52	15.17	96936.34	49826	1	WinnieSzeto	
3912	1:40:19	1/1/2019 	6012121	944.00	145.00	38.48	15.17	96936.98	1851	1	WinnieSzeto	
3913	1:40:21	1/1/2019 	6014399	660.00	10.00	14.87	15.16	96941.83	97808	0	WinnieSzeto	
3914	1:40:23	1/1/2019 	6016027	954.00	165.00	41.49	15.16	96944.25	100399	1	WinnieSzeto	
3915	1:40:23	1/1/2019 	6016117	526.00	9.00	13.15	15.16	96944.25	1851	0	WinnieSzeto	
3916	1:40:25	1/1/2019 	6017648	446.00	9.00	12.53	15.16	96949.59	97806	1	WinnieSzeto	
3917	1:40:25	1/1/2019 	6017804	73.00	8.00	6.02	15.16	96950.88	1850	0	WinnieSzeto	
3918	1:40:26	1/1/2019 	6018675	699.00	11.00	15.30	15.16	96951.53	49826	0	WinnieSzeto	
3919	1:40:26	1/1/2019 	6019042	961.00	194.00	44.84	15.16	96952.66	4440	1	WinnieSzeto	
3920	1:40:26	1/1/2019 	6019062	183.00	8.00	8.90	15.16	96952.66	1850	0	WinnieSzeto	
3921	1:40:26	1/1/2019 	6019496	657.00	9.00	14.55	15.16	96953.31	1847	0	WinnieSzeto	
3922	1:40:28	1/1/2019 	6020979	966.00	322.00	60.81	15.16	96954.44	97807	0	WinnieSzeto	
3923	1:40:30	1/1/2019 	6022658	122.00	8.00	7.21	15.16	96952.66	98611	0	WinnieSzeto	
3924	1:40:32	1/1/2019 	6025061	897.00	103.00	30.56	15.17	96957.58	97805	1	WinnieSzeto	
3925	1:40:32	1/1/2019 	6025176	974.00	541.00	92.84	15.17	96957.58	4471	1	WinnieSzeto	
3926	1:40:32	1/1/2019 	6025206	926.00	125.00	34.89	15.17	96957.58	1849	0	WinnieSzeto	
3927	1:40:32	1/1/2019 	6025488	966.00	305.00	57.88	15.17	96957.58	1849	1	WinnieSzeto	
3928	1:40:33	1/1/2019 	6025706	550.00	9.00	13.40	15.17	96960.70	49828	0	WinnieSzeto	
3929	1:40:34	1/1/2019 	6027275	891.00	94.00	28.84	15.17	96971.70	49829	1	WinnieSzeto	
3930	1:40:35	1/1/2019 	6028228	825.00	60.00	23.58	15.17	96978.98	49830	1	WinnieSzeto	
3931	1:40:38	1/1/2019 	6030649	698.00	11.00	15.30	15.17	96980.06	148399	0	WinnieSzeto	
3932	1:40:39	1/1/2019 	6031836	119.00	7.00	7.12	15.17	96978.45	50634	0	WinnieSzeto	
3933	1:40:41	1/1/2019 	6033653	122.00	8.00	7.21	15.17	96975.66	97808	0	WinnieSzeto	
3934	1:40:41	1/1/2019 	6033708	70.00	8.00	5.98	15.17	96975.66	1847	0	WinnieSzeto	
3935	1:40:43	1/1/2019 	6035692	964.00	298.00	56.74	15.16	96969.98	97805	0	WinnieSzeto	
3936	1:40:44	1/1/2019 	6037129	962.00	277.00	53.59	15.16	96967.39	49830	0	WinnieSzeto	
3937	1:40:44	1/1/2019 	6037491	919.00	124.00	34.69	15.16	96966.73	4470	1	WinnieSzeto	
3938	1:40:44	1/1/2019 	6037560	958.00	159.00	40.65	15.16	96966.73	49827	1	WinnieSzeto	
3939	1:40:45	1/1/2019 	6037743	827.00	56.00	23.16	15.16	96966.73	1851	0	WinnieSzeto	
3940	1:40:45	1/1/2019 	6038095	948.00	148.00	38.97	15.16	96965.94	1851	1	WinnieSzeto	
3941	1:40:45	1/1/2019 	6038552	76.00	8.00	6.07	15.16	96965.28	49828	0	WinnieSzeto	
3942	1:40:46	1/1/2019 	6038875	740.00	17.00	17.32	15.16	96965.28	1846	0	WinnieSzeto	
3943	1:40:47	1/1/2019 	6039812	647.00	9.00	14.50	15.16	96964.47	52418	0	WinnieSzeto	
3944	1:40:47	1/1/2019 	6039910	666.00	10.00	14.90	15.16	96964.47	2653	0	WinnieSzeto	
3945	1:40:47	1/1/2019 	6040013	797.00	29.00	20.06	15.16	96964.47	1850	0	WinnieSzeto	
3946	1:40:47	1/1/2019 	6040149	719.00	13.00	16.01	15.16	96965.61	1849	0	WinnieSzeto	
3947	1:40:48	1/1/2019 	6041032	707.00	12.00	15.66	15.16	96965.45	49828	0	WinnieSzeto	
3948	1:40:49	1/1/2019 	6042409	524.00	13.00	13.51	15.16	96965.61	49827	0	WinnieSzeto	
3949	1:40:50	1/1/2019 	6043271	67.00	8.00	5.94	15.16	96965.61	52450	0	WinnieSzeto	
3950	1:40:51	1/1/2019 	6043762	962.00	365.00	68.56	15.17	96966.59	49828	1	WinnieSzeto	
3951	1:40:51	1/1/2019 	6044023	158.00	8.00	8.24	15.17	96966.59	1851	0	WinnieSzeto	
3952	1:40:51	1/1/2019 	6044707	798.00	38.00	21.27	15.17	96967.56	49825	0	WinnieSzeto	
3953	1:40:52	1/1/2019 	6045141	801.00	45.00	22.00	15.17	96967.56	1849	0	WinnieSzeto	
3954	1:40:53	1/1/2019 	6046043	610.00	9.00	14.15	15.17	96967.24	49830	0	WinnieSzeto	
3955	1:40:55	1/1/2019 	6048455	571.00	9.00	13.65	15.17	96965.50	100399	0	WinnieSzeto	
3956	1:40:56	1/1/2019 	6048858	952.00	171.00	42.27	15.17	96965.83	49832	0	WinnieSzeto	
3957	1:40:56	1/1/2019 	6049131	833.00	64.00	24.06	15.17	96966.36	1851	1	WinnieSzeto	
3958	1:40:56	1/1/2019 	6049344	633.00	9.00	14.40	15.17	96966.36	1847	0	WinnieSzeto	
3959	1:40:57	1/1/2019 	6049902	420.00	8.00	12.27	15.17	96966.20	49826	0	WinnieSzeto	
3960	1:40:58	1/1/2019 	6050874	138.00	8.00	7.67	15.17	96965.55	50632	0	WinnieSzeto	
3961	1:40:58	1/1/2019 	6051168	803.00	40.00	21.50	15.17	96965.55	4467	0	WinnieSzeto	
3962	1:40:58	1/1/2019 	6051609	594.00	9.00	13.95	15.17	96966.36	49828	0	WinnieSzeto	
3963	1:40:59	1/1/2019 	6052350	782.00	26.00	19.52	15.17	96968.47	1850	0	WinnieSzeto	
3964	1:40:59	1/1/2019 	6052420	962.00	194.00	44.84	15.17	96968.47	1851	0	WinnieSzeto	
3965	1:41:00	1/1/2019 	6052883	693.00	11.00	15.30	15.17	96969.59	49828	1	WinnieSzeto	
3966	1:41:00	1/1/2019 	6052917	276.00	9.00	10.74	15.17	96969.59	1852	0	WinnieSzeto	
3967	1:41:00	1/1/2019 	6052969	260.00	8.00	10.46	15.17	96969.59	4439	0	WinnieSzeto	
3968	1:41:01	1/1/2019 	6053947	891.00	91.00	28.30	15.17	96970.59	49828	0	WinnieSzeto	
3969	1:41:01	1/1/2019 	6054379	705.00	11.00	15.30	15.17	96970.42	1850	1	WinnieSzeto	
3970	1:41:02	1/1/2019 	6055275	717.00	13.00	16.01	15.17	96970.59	49829	1	WinnieSzeto	
3971	1:41:04	1/1/2019 	6057599	770.00	26.00	19.50	15.17	96970.59	145788	1	WinnieSzeto	
3972	1:41:05	1/1/2019 	6057931	189.00	9.00	9.05	15.17	96970.59	1851	0	WinnieSzeto	
3973	1:41:05	1/1/2019 	6057940	560.00	9.00	13.52	15.17	96970.59	4592	0	WinnieSzeto	
3974	1:41:05	1/1/2019 	6058616	685.00	10.00	14.94	15.17	96972.20	49829	0	WinnieSzeto	
3975	1:41:06	1/1/2019 	6059096	832.00	60.00	23.60	15.17	96972.20	1850	0	WinnieSzeto	
3976	1:41:06	1/1/2019 	6059193	597.00	9.00	13.99	15.18	96972.41	1850	0	WinnieSzeto	
3977	1:41:07	1/1/2019 	6060345	123.00	8.00	7.24	15.17	96971.23	49828	0	WinnieSzeto	
3978	1:41:07	1/1/2019 	6060728	136.00	8.00	7.62	15.17	96971.23	50626	0	WinnieSzeto	
3979	1:41:09	1/1/2019 	6062569	909.00	114.00	32.73	15.17	96969.94	100413	1	WinnieSzeto	
3980	1:41:09	1/1/2019 	6062644	86.00	8.00	6.26	15.17	96969.94	1851	0	WinnieSzeto	
3981	1:41:10	1/1/2019 	6062831	437.00	8.00	12.39	15.17	96969.94	1847	0	WinnieSzeto	
3982	1:41:11	1/1/2019 	6064160	78.00	8.00	6.10	15.17	96968.97	49825	0	WinnieSzeto	
3983	1:41:11	1/1/2019 	6064253	213.00	8.00	9.58	15.17	96968.97	1847	0	WinnieSzeto	
3984	1:41:11	1/1/2019 	6064361	964.00	174.00	42.64	15.17	96968.97	1847	0	WinnieSzeto	
3985	1:41:12	1/1/2019 	6065718	433.00	9.00	12.44	15.17	96968.95	100547	0	WinnieSzeto	
3986	1:41:14	1/1/2019 	6066784	433.00	9.00	12.44	15.17	96968.47	49828	0	WinnieSzeto	
3987	1:41:14	1/1/2019 	6066801	123.00	8.00	7.24	15.17	96968.47	1850	0	WinnieSzeto	
3988	1:41:14	1/1/2019 	6067611	250.00	9.00	10.31	15.17	96967.81	49823	0	WinnieSzeto	
3989	1:41:15	1/1/2019 	6068306	969.00	365.00	68.56	15.17	96968.14	1849	0	WinnieSzeto	
3990	1:41:16	1/1/2019 	6068831	231.00	8.00	9.95	15.17	96967.98	49828	0	WinnieSzeto	
3991	1:41:16	1/1/2019 	6069152	414.00	9.00	12.30	15.17	96967.98	4468	0	WinnieSzeto	
3992	1:41:16	1/1/2019 	6069199	454.00	9.00	12.59	15.17	96966.97	1850	0	WinnieSzeto	
3993	1:41:17	1/1/2019 	6069872	798.00	43.00	21.80	15.17	96965.99	49826	1	WinnieSzeto	
3994	1:41:17	1/1/2019 	6070316	476.00	9.00	12.74	15.17	96966.69	2650	0	WinnieSzeto	
3995	1:41:17	1/1/2019 	6070669	73.00	8.00	6.02	15.17	96966.69	49824	0	WinnieSzeto	
3996	1:41:18	1/1/2019 	6071384	99.00	8.00	6.57	15.17	96965.99	1846	0	WinnieSzeto	
3997	1:41:18	1/1/2019 	6071414	452.00	9.00	12.57	15.17	96965.99	4612	0	WinnieSzeto	
3998	1:41:19	1/1/2019 	6071978	378.00	9.00	11.99	15.17	96965.02	49825	0	WinnieSzeto	
3999	1:41:20	1/1/2019 	6072910	74.00	8.00	6.03	15.17	96966.31	49826	0	WinnieSzeto	
4000	1:41:20	1/1/2019 	6073472	107.00	8.00	6.78	15.17	96967.94	1847	0	WinnieSzeto	
4001	1:41:21	1/1/2019 	6073882	99.00	8.00	6.57	15.17	96968.58	49822	0	WinnieSzeto	
4002	1:41:22	1/1/2019 	6074850	568.00	9.00	13.62	15.17	96970.84	49823	0	WinnieSzeto	
4003	1:41:22	1/1/2019 	6075208	186.00	9.00	8.98	15.17	96970.84	4448	0	WinnieSzeto	
4004	1:41:23	1/1/2019 	6076337	728.00	14.00	16.36	15.17	96972.34	49824	0	WinnieSzeto	
4005	1:41:23	1/1/2019 	6076573	735.00	15.00	16.70	15.17	96971.70	49827	0	WinnieSzeto	
4006	1:41:24	1/1/2019 	6076817	904.00	106.00	31.16	15.17	96971.70	1849	0	WinnieSzeto	
4007	1:41:24	1/1/2019 	6077124	833.00	66.00	24.31	15.17	96972.36	1850	0	WinnieSzeto	
4008	1:41:25	1/1/2019 	6077834	894.00	96.00	29.22	15.17	96974.30	49826	0	WinnieSzeto	
4009	1:41:26	1/1/2019 	6079021	884.00	85.00	27.23	15.18	96979.69	52417	0	WinnieSzeto	
4010	1:41:26	1/1/2019 	6079571	474.00	9.00	12.73	15.18	96982.28	49826	0	WinnieSzeto	
4011	1:41:27	1/1/2019 	6079912	299.00	9.00	11.08	15.18	96983.73	2649	0	WinnieSzeto	
4012	1:41:29	1/1/2019 	6081866	69.00	8.00	5.97	15.17	96983.05	97803	0	WinnieSzeto	
4013	1:41:29	1/1/2019 	6082078	264.00	9.00	10.55	15.17	96982.72	1847	0	WinnieSzeto	
4014	1:41:29	1/1/2019 	6082467	663.00	10.00	14.89	15.17	96982.72	1849	0	WinnieSzeto	
4015	1:41:29	1/1/2019 	6082605	126.00	8.00	7.32	15.17	96982.72	52437	0	WinnieSzeto	
4016	1:41:29	1/1/2019 	6082609	956.00	163.00	41.22	15.17	96982.72	1848	1	WinnieSzeto	
4017	1:41:30	1/1/2019 	6082889	183.00	9.00	8.90	15.17	96982.72	1849	0	WinnieSzeto	
4018	1:41:30	1/1/2019 	6083296	775.00	23.00	18.90	15.17	96982.22	1849	0	WinnieSzeto	
4019	1:41:30	1/1/2019 	6083351	88.00	8.00	6.30	15.17	96982.22	1849	1	WinnieSzeto	
4020	1:41:31	1/1/2019 	6084486	933.00	141.00	37.80	15.17	96979.79	49825	0	WinnieSzeto	
4021	1:41:33	1/1/2019 	6086263	192.00	9.00	9.12	15.17	96976.25	100417	0	WinnieSzeto	
4022	1:41:33	1/1/2019 	6086290	964.00	228.00	48.03	15.17	96976.25	1850	0	WinnieSzeto	
4023	1:41:33	1/1/2019 	6086321	963.00	193.00	44.74	15.17	96976.25	1849	0	WinnieSzeto	
4024	1:41:34	1/1/2019 	6087080	656.00	9.00	14.55	15.17	96974.45	49826	0	WinnieSzeto	
4025	1:41:35	1/1/2019 	6088064	792.00	32.00	20.51	15.17	96973.48	49827	0	WinnieSzeto	
4026	1:41:35	1/1/2019 	6088321	617.00	9.00	14.23	15.17	96972.51	1849	0	WinnieSzeto	
4027	1:41:37	1/1/2019 	6090745	651.00	10.00	14.81	15.17	96967.98	148371	0	WinnieSzeto	
4028	1:41:38	1/1/2019 	6091191	963.00	276.00	53.45	15.17	96967.49	2653	1	WinnieSzeto	
4029	1:41:40	1/1/2019 	6092861	62.00	8.00	5.90	15.17	96966.84	97805	0	WinnieSzeto	
4030	1:41:41	1/1/2019 	6094010	809.00	50.00	22.51	15.17	96968.64	49825	0	WinnieSzeto	
4031	1:41:41	1/1/2019 	6094214	960.00	196.00	45.04	15.17	96968.64	1851	1	WinnieSzeto	
4032	1:41:41	1/1/2019 	6094279	136.00	9.00	7.62	15.17	96968.64	1849	0	WinnieSzeto	
4033	1:41:42	1/1/2019 	6095655	691.00	10.00	14.94	15.18	96970.30	100423	1	WinnieSzeto	
4034	1:41:43	1/1/2019 	6096156	327.00	9.00	11.44	15.18	96970.95	1850	0	WinnieSzeto	
4035	1:41:45	1/1/2019 	6098091	187.00	9.00	9.00	15.18	96971.44	97804	0	WinnieSzeto	
4036	1:41:45	1/1/2019 	6098632	609.00	9.00	14.14	15.18	96971.11	49826	0	WinnieSzeto	
4037	1:41:46	1/1/2019 	6098819	590.00	9.00	13.90	15.17	96970.42	1849	0	WinnieSzeto	
4038	1:41:46	1/1/2019 	6099656	813.00	50.00	22.52	15.17	96969.77	49828	1	WinnieSzeto	
4039	1:41:46	1/1/2019 	6099734	83.00	9.00	6.20	15.17	96969.77	5271	0	WinnieSzeto	
4040	1:41:47	1/1/2019 	6099859	964.00	255.00	50.81	15.17	96969.77	1850	1	WinnieSzeto	
4041	1:41:47	1/1/2019 	6099870	83.00	8.00	6.19	15.17	96969.77	1850	0	WinnieSzeto	
4042	1:41:47	1/1/2019 	6100394	83.00	9.00	6.20	15.17	96968.80	1846	0	WinnieSzeto	
4043	1:41:48	1/1/2019 	6100865	86.00	8.00	6.26	15.17	96968.00	49825	0	WinnieSzeto	
4044	1:41:48	1/1/2019 	6100963	218.00	8.00	9.69	15.17	96968.00	1847	0	WinnieSzeto	
4045	1:41:49	1/1/2019 	6102101	156.00	9.00	8.19	15.17	96965.72	52412	0	WinnieSzeto	
4046	1:41:50	1/1/2019 	6103291	208.00	9.00	9.49	15.17	96962.64	49826	0	WinnieSzeto	
4047	1:41:52	1/1/2019 	6105364	140.00	8.00	7.73	15.17	96960.86	97802	0	WinnieSzeto	
4048	1:41:55	1/1/2019 	6108066	800.00	44.00	21.90	15.17	96960.39	145779	0	WinnieSzeto	
4049	1:41:56	1/1/2019 	6108879	957.00	179.00	43.24	15.18	96961.24	49827	1	WinnieSzeto	
4050	1:41:58	1/1/2019 	6111252	783.00	25.00	19.33	15.18	96964.36	97805	0	WinnieSzeto	
4051	1:41:59	1/1/2019 	6112040	98.00	8.00	6.54	15.18	96965.38	53274	0	WinnieSzeto	
4052	1:41:59	1/1/2019 	6112157	886.00	88.00	27.75	15.18	96965.38	1855	1	WinnieSzeto	
4053	1:42:04	1/1/2019 	6117051	177.00	9.00	8.75	15.19	96979.77	241739	0	WinnieSzeto	
4054	1:42:04	1/1/2019 	6117165	160.00	8.00	8.30	15.19	96979.77	1848	0	WinnieSzeto	
4055	1:42:05	1/1/2019 	6118621	148.00	9.00	7.97	15.19	96982.08	97801	0	WinnieSzeto	
4056	1:42:07	1/1/2019 	6120376	512.00	9.00	13.03	15.20	96986.62	49829	0	WinnieSzeto	
4057	1:42:08	1/1/2019 	6120854	790.00	29.00	20.05	15.20	96989.38	53513	0	WinnieSzeto	
4058	1:42:09	1/1/2019 	6122372	388.00	9.00	12.08	15.20	96998.64	49833	0	WinnieSzeto	
4059	1:42:10	1/1/2019 	6123640	404.00	8.00	12.15	15.20	97001.23	97806	0	WinnieSzeto	
4060	1:42:11	1/1/2019 	6124182	456.00	9.00	12.60	15.20	97001.55	1849	0	WinnieSzeto	
4061	1:42:11	1/1/2019 	6124228	590.00	9.00	13.90	15.20	97001.55	1851	0	WinnieSzeto	
4062	1:42:13	1/1/2019 	6125763	635.00	9.00	14.41	15.20	97000.59	97807	0	WinnieSzeto	
4063	1:42:13	1/1/2019 	6126714	145.00	8.00	7.87	15.20	96997.67	52426	0	WinnieSzeto	
4064	1:42:14	1/1/2019 	6127173	773.00	24.00	19.11	15.20	96997.67	1848	0	WinnieSzeto	
4065	1:42:14	1/1/2019 	6127181	884.00	91.00	28.27	15.20	96997.67	1849	1	WinnieSzeto	
4066	1:42:14	1/1/2019 	6127626	677.00	10.00	14.94	15.20	96995.89	49827	0	WinnieSzeto	
4067	1:42:15	1/1/2019 	6128367	147.00	8.00	7.93	15.20	96993.91	1848	0	WinnieSzeto	
4068	1:42:15	1/1/2019 	6128448	820.00	55.00	23.04	15.20	96991.97	1848	0	WinnieSzeto	
4069	1:42:16	1/1/2019 	6129102	82.00	8.00	6.17	15.20	96990.02	52415	0	WinnieSzeto	
4070	1:42:17	1/1/2019 	6130376	70.00	8.00	5.98	15.20	96985.81	49826	0	WinnieSzeto	
4071	1:42:18	1/1/2019 	6130887	140.00	8.00	7.73	15.20	96983.55	50625	0	WinnieSzeto	
4072	1:42:18	1/1/2019 	6131737	259.00	8.00	10.44	15.20	96981.12	49827	0	WinnieSzeto	
4073	1:42:21	1/1/2019 	6134487	732.00	15.00	16.69	15.20	96970.93	97808	0	WinnieSzeto	
4074	1:42:21	1/1/2019 	6134684	754.00	18.00	17.62	15.20	96969.16	49828	0	WinnieSzeto	
4075	1:42:22	1/1/2019 	6135733	102.00	8.00	6.65	15.20	96965.27	52438	0	WinnieSzeto	
4076	1:42:23	1/1/2019 	6136242	591.00	9.00	13.91	15.20	96963.65	1848	0	WinnieSzeto	
4077	1:42:24	1/1/2019 	6136946	387.00	9.00	12.07	15.20	96962.03	49827	0	WinnieSzeto	
4078	1:42:24	1/1/2019 	6137558	423.00	9.00	12.37	15.20	96960.73	49827	0	WinnieSzeto	
4079	1:42:24	1/1/2019 	6137688	919.00	121.00	34.11	15.20	96960.73	1850	0	WinnieSzeto	
4080	1:42:26	1/1/2019 	6139020	167.00	8.00	8.48	15.20	96957.83	49826	0	WinnieSzeto	
4081	1:42:27	1/1/2019 	6140390	882.00	89.00	27.91	15.20	96956.53	52414	0	WinnieSzeto	
4082	1:42:28	1/1/2019 	6141056	608.00	9.00	14.12	15.20	96956.05	50627	0	WinnieSzeto	
4083	1:42:28	1/1/2019 	6141758	110.00	8.00	6.86	15.20	96955.56	49828	0	WinnieSzeto	
4084	1:42:29	1/1/2019 	6141760	699.00	11.00	15.30	15.20	96955.56	1847	0	WinnieSzeto	
4085	1:42:29	1/1/2019 	6142302	712.00	12.00	15.66	15.20	96955.08	1850	0	WinnieSzeto	
4086	1:42:29	1/1/2019 	6142558	67.00	8.00	5.94	15.20	96954.75	49826	0	WinnieSzeto	
4087	1:42:29	1/1/2019 	6142737	154.00	8.00	8.13	15.20	96954.75	4458	0	WinnieSzeto	
4088	1:42:29	1/1/2019 	6142750	135.00	8.00	7.59	15.20	96954.75	1847	0	WinnieSzeto	
4089	1:42:31	1/1/2019 	6144060	169.00	8.00	8.54	15.20	96954.11	49823	0	WinnieSzeto	
4090	1:42:32	1/1/2019 	6145593	189.00	9.00	9.05	15.20	96954.31	97803	0	WinnieSzeto	
4091	1:42:32	1/1/2019 	6145709	103.00	8.00	6.67	15.20	96954.16	1849	0	WinnieSzeto	
4092	1:42:33	1/1/2019 	6145935	98.00	8.00	6.54	15.20	96954.16	1846	0	WinnieSzeto	
4093	1:42:35	1/1/2019 	6148018	946.00	150.00	39.29	15.20	96953.34	100393	1	WinnieSzeto	
4094	1:42:35	1/1/2019 	6148091	796.00	34.00	20.78	15.20	96953.34	1852	0	WinnieSzeto	
4095	1:42:37	1/1/2019 	6149806	394.00	8.00	12.07	15.20	96952.86	97806	0	WinnieSzeto	
4096	1:42:38	1/1/2019 	6151596	169.00	8.00	8.54	15.20	96953.06	98602	0	WinnieSzeto	
4097	1:42:39	1/1/2019 	6152737	694.00	11.00	15.30	15.20	96952.69	49825	0	WinnieSzeto	
4098	1:42:40	1/1/2019 	6152775	630.00	9.00	14.37	15.20	96952.69	1850	0	WinnieSzeto	
4099	1:42:40	1/1/2019 	6152998	956.00	163.00	41.22	15.20	96952.53	4482	0	WinnieSzeto	
4100	1:42:40	1/1/2019 	6153059	109.00	8.00	6.84	15.20	96952.53	1850	0	WinnieSzeto	
4101	1:42:41	1/1/2019 	6153808	128.00	9.00	7.39	15.20	96952.69	49824	0	WinnieSzeto	
4102	1:42:42	1/1/2019 	6155270	879.00	82.00	26.72	15.20	96952.74	49827	1	WinnieSzeto	
4103	1:42:43	1/1/2019 	6156240	967.00	343.00	64.60	15.20	96952.91	49828	1	WinnieSzeto	
4104	1:42:44	1/1/2019 	6156832	420.00	9.00	12.34	15.20	96952.91	49830	0	WinnieSzeto	
4105	1:42:44	1/1/2019 	6157471	602.00	9.00	14.05	15.20	96953.02	4440	0	WinnieSzeto	
4106	1:42:45	1/1/2019 	6158260	144.00	8.00	7.85	15.20	96953.18	49826	0	WinnieSzeto	
4107	1:42:46	1/1/2019 	6159433	407.00	9.00	12.24	15.20	96953.70	49825	0	WinnieSzeto	
4108	1:42:46	1/1/2019 	6159686	420.00	9.00	12.34	15.20	96953.88	49830	0	WinnieSzeto	
4109	1:42:47	1/1/2019 	6160696	916.00	119.00	33.72	15.20	96953.34	50630	1	WinnieSzeto	
4110	1:42:48	1/1/2019 	6161016	959.00	241.00	49.30	15.20	96953.34	1851	0	WinnieSzeto	
4111	1:42:48	1/1/2019 	6161155	830.00	59.00	23.48	15.20	96953.34	4463	1	WinnieSzeto	
4112	1:42:48	1/1/2019 	6161225	730.00	15.00	16.69	15.20	96953.34	1849	0	WinnieSzeto	
4113	1:42:49	1/1/2019 	6161893	91.00	8.00	6.37	15.20	96953.50	49824	0	WinnieSzeto	
4114	1:42:50	1/1/2019 	6163152	217.00	9.00	9.68	15.20	96954.03	49823	0	WinnieSzeto	
4115	1:42:50	1/1/2019 	6163728	327.00	9.00	11.44	15.20	96954.20	49826	0	WinnieSzeto	
4116	1:42:51	1/1/2019 	6164729	152.00	8.00	8.07	15.20	96954.03	52416	0	WinnieSzeto	
4117	1:42:52	1/1/2019 	6164979	284.00	9.00	10.86	15.20	96954.03	1848	0	WinnieSzeto	
4118	1:42:55	1/1/2019 	6167874	109.00	8.00	6.84	15.20	96954.36	145782	0	WinnieSzeto	
4119	1:42:56	1/1/2019 	6168808	130.00	8.00	7.44	15.20	96954.84	49826	0	WinnieSzeto	
4120	1:42:56	1/1/2019 	6168815	144.00	8.00	7.85	15.20	96954.84	1848	0	WinnieSzeto	
4121	1:42:56	1/1/2019 	6168883	546.00	9.00	13.36	15.20	96954.84	1847	0	WinnieSzeto	
4122	1:42:57	1/1/2019 	6170100	488.00	9.00	12.83	15.20	96955.17	49826	0	WinnieSzeto	
4123	1:42:57	1/1/2019 	6170293	73.00	8.00	6.02	15.20	96955.33	5276	0	WinnieSzeto	
4124	1:42:58	1/1/2019 	6171724	433.00	9.00	12.44	15.20	96955.66	97801	0	WinnieSzeto	
4125	1:43:00	1/1/2019 	6173318	182.00	8.00	8.87	15.20	96956.30	49828	0	WinnieSzeto	
4126	1:43:03	1/1/2019 	6176416	910.00	117.00	33.32	15.20	96957.27	145782	1	WinnieSzeto	
4127	1:43:04	1/1/2019 	6177074	160.00	8.00	8.30	15.20	96957.43	49829	0	WinnieSzeto	
4128	1:43:04	1/1/2019 	6177609	213.00	8.00	9.58	15.20	96957.43	52436	0	WinnieSzeto	
4129	1:43:06	1/1/2019 	6179028	80.00	8.00	6.14	15.20	96957.59	49824	0	WinnieSzeto	
4130	1:43:07	1/1/2019 	6180336	518.00	9.00	13.08	15.20	96957.76	49825	0	WinnieSzeto	
4131	1:43:08	1/1/2019 	6181551	387.00	9.00	12.07	15.20	96958.08	98603	0	WinnieSzeto	
4132	1:43:09	1/1/2019 	6182312	408.00	9.00	12.25	15.20	96958.23	1850	0	WinnieSzeto	
4133	1:43:12	1/1/2019 	6184882	480.00	9.00	12.77	15.20	96958.36	145781	0	WinnieSzeto	
4134	1:43:13	1/1/2019 	6185901	414.00	9.00	12.30	15.20	96958.36	52439	0	WinnieSzeto	
4135	1:43:13	1/1/2019 	6185932	148.00	8.00	7.96	15.20	96958.36	1850	0	WinnieSzeto	
4136	1:43:13	1/1/2019 	6186438	175.00	8.00	8.69	15.20	96958.36	1847	0	WinnieSzeto	
4137	1:43:15	1/1/2019 	6187809	962.00	255.00	50.81	15.20	96958.68	97801	0	WinnieSzeto	
4138	1:43:15	1/1/2019 	6187963	687.00	11.00	15.29	15.20	96958.68	1851	0	WinnieSzeto	
4139	1:43:15	1/1/2019 	6188120	214.00	8.00	9.60	15.20	96958.68	1850	0	WinnieSzeto	
4140	1:43:15	1/1/2019 	6188317	72.00	8.00	6.00	15.20	96958.52	4437	0	WinnieSzeto	
4141	1:43:16	1/1/2019 	6188821	161.00	9.00	8.33	15.20	96958.52	49824	0	WinnieSzeto	
4142	1:43:16	1/1/2019 	6189228	316.00	9.00	11.31	15.20	96958.52	1849	0	WinnieSzeto	
4143	1:43:17	1/1/2019 	6190110	250.00	8.00	10.29	15.20	96958.52	49827	0	WinnieSzeto	
4144	1:43:17	1/1/2019 	6190171	75.00	8.00	6.05	15.20	96958.52	2648	0	WinnieSzeto	
4145	1:43:18	1/1/2019 	6191261	182.00	8.00	8.87	15.20	96958.52	49824	1	WinnieSzeto	
4146	1:43:18	1/1/2019 	6191718	246.00	2.00	10.08	15.20	96958.68	49825	0	WinnieSzeto	
4147	1:43:19	1/1/2019 	6191904	109.00	9.00	6.84	15.20	96958.68	4459	0	WinnieSzeto	
4148	1:43:19	1/1/2019 	6192328	867.00	75.00	25.61	15.20	96958.68	1849	0	WinnieSzeto	
4149	1:43:19	1/1/2019 	6192431	107.00	8.00	6.78	15.20	96958.68	1849	0	WinnieSzeto	
4150	1:43:19	1/1/2019 	6192455	192.00	9.00	9.12	15.20	96958.68	1846	0	WinnieSzeto	
4151	1:43:20	1/1/2019 	6193174	122.00	8.00	7.21	15.20	96958.68	49826	0	WinnieSzeto	
4152	1:43:20	1/1/2019 	6193464	432.00	9.00	12.43	15.20	96958.68	1848	0	WinnieSzeto	
4153	1:43:20	1/1/2019 	6193756	801.00	36.00	21.04	15.20	96958.68	52419	0	WinnieSzeto	
4154	1:43:21	1/1/2019 	6194016	134.00	8.00	7.56	15.20	96958.68	1849	0	WinnieSzeto	
4155	1:43:21	1/1/2019 	6194666	112.00	8.00	6.92	15.20	96959.01	49827	0	WinnieSzeto	
4156	1:43:22	1/1/2019 	6195007	584.00	9.00	13.82	15.20	96959.01	1847	0	WinnieSzeto	
4157	1:43:23	1/1/2019 	6196125	931.00	140.00	37.63	15.20	96959.48	49828	1	WinnieSzeto	
4158	1:43:23	1/1/2019 	6196212	626.00	9.00	14.33	15.20	96959.48	1851	0	WinnieSzeto	
4159	1:43:23	1/1/2019 	6196378	680.00	10.00	14.94	15.20	96959.48	4485	0	WinnieSzeto	
4160	1:43:24	1/1/2019 	6196819	395.00	9.00	12.14	15.20	96959.81	49826	0	WinnieSzeto	
4161	1:43:25	1/1/2019 	6198576	901.00	104.00	30.76	15.20	96960.46	97805	0	WinnieSzeto	
4162	1:43:26	1/1/2019 	6198898	675.00	10.00	14.93	15.20	96960.62	1853	0	WinnieSzeto	
4163	1:43:27	1/1/2019 	6200239	106.00	11.00	6.76	15.20	96960.95	49832	0	WinnieSzeto	
4164	1:43:28	1/1/2019 	6201046	733.00	15.00	16.69	15.20	96961.27	53253	0	WinnieSzeto	
4165	1:43:28	1/1/2019 	6201434	69.00	8.00	5.97	15.20	96961.27	1852	0	WinnieSzeto	
4166	1:43:28	1/1/2019 	6201706	268.00	9.00	10.62	15.20	96961.44	49824	0	WinnieSzeto	
4167	1:43:29	1/1/2019 	6202590	288.00	8.00	10.89	15.20	96961.75	49826	0	WinnieSzeto	
4168	1:43:30	1/1/2019 	6203135	848.00	67.00	24.47	15.20	96962.08	1848	1	WinnieSzeto	
4169	1:43:30	1/1/2019 	6203255	186.00	9.00	8.98	15.20	96962.08	1850	0	WinnieSzeto	
4170	1:43:31	1/1/2019 	6204262	155.00	9.00	8.16	15.20	96962.08	52416	0	WinnieSzeto	
4171	1:43:32	1/1/2019 	6205235	732.00	15.00	16.69	15.20	96962.23	49828	0	WinnieSzeto	
4172	1:43:34	1/1/2019 	6207665	576.00	9.00	13.72	15.20	96962.73	145783	0	WinnieSzeto	
4173	1:43:35	1/1/2019 	6207969	978.00	846.00	152.53	15.20	96962.89	1851	1	WinnieSzeto	
4174	1:43:36	1/1/2019 	6208850	159.00	9.00	8.27	15.20	96962.89	49829	0	WinnieSzeto	
4175	1:43:36	1/1/2019 	6209426	974.00	515.00	88.85	15.20	96963.05	1850	1	WinnieSzeto	
4176	1:43:37	1/1/2019 	6209873	681.00	11.00	15.28	15.20	96963.05	52702	1	WinnieSzeto	
4177	1:43:39	1/1/2019 	6211954	818.00	56.00	23.14	15.20	96963.53	98605	1	WinnieSzeto	
4178	1:43:39	1/1/2019 	6212193	866.00	76.00	25.75	15.20	96963.53	1851	1	WinnieSzeto	
4179	1:43:41	1/1/2019 	6214190	428.00	9.00	12.40	15.20	96963.21	97806	0	WinnieSzeto	
4180	1:43:42	1/1/2019 	6215054	811.00	50.00	22.52	15.20	96963.53	49828	1	WinnieSzeto	
4181	1:43:42	1/1/2019 	6215336	907.00	106.00	31.16	15.20	96963.53	1850	1	WinnieSzeto	
4182	1:43:42	1/1/2019 	6215377	964.00	255.00	50.81	15.20	96963.53	4553	1	WinnieSzeto	
4183	1:43:42	1/1/2019 	6215481	958.00	171.00	42.27	15.20	96963.53	1850	1	WinnieSzeto	
4184	1:43:43	1/1/2019 	6216591	771.00	23.00	18.90	15.20	96963.38	97807	0	WinnieSzeto	
4185	1:43:45	1/1/2019 	6218125	356.00	8.00	11.72	15.20	96963.53	49834	0	WinnieSzeto	
4186	1:43:45	1/1/2019 	6218710	691.00	10.00	14.94	15.20	96963.86	49827	0	WinnieSzeto	
4187	1:43:46	1/1/2019 	6219065	194.00	8.00	9.16	15.20	96964.02	1850	0	WinnieSzeto	
4188	1:43:46	1/1/2019 	6219745	833.00	60.00	23.60	15.20	96964.02	61404	1	WinnieSzeto	
4189	1:43:47	1/1/2019 	6220182	201.00	8.00	9.32	15.20	96964.34	2577	0	WinnieSzeto	
4190	1:43:47	1/1/2019 	6220469	70.00	8.00	5.98	15.20	96964.34	1848	0	WinnieSzeto	
4191	1:43:48	1/1/2019 	6221084	574.00	9.00	13.69	15.20	96964.50	49824	0	WinnieSzeto	
4192	1:43:48	1/1/2019 	6221331	202.00	8.00	9.34	15.20	96964.50	1850	0	WinnieSzeto	
4193	1:43:49	1/1/2019 	6221908	204.00	9.00	9.40	15.20	96964.67	49824	0	WinnieSzeto	
4194	1:43:49	1/1/2019 	6221979	190.00	8.00	9.07	15.20	96964.67	4498	0	WinnieSzeto	
4195	1:43:49	1/1/2019 	6221990	120.00	9.00	7.15	15.20	96964.67	1846	0	WinnieSzeto	
4196	1:43:50	1/1/2019 	6222878	458.00	8.00	12.54	15.20	96964.67	49826	0	WinnieSzeto	
4197	1:43:50	1/1/2019 	6223694	287.00	9.00	10.91	15.20	96964.67	49825	0	WinnieSzeto	
4198	1:43:53	1/1/2019 	6226036	953.00	152.00	39.60	15.20	96964.88	97807	0	WinnieSzeto	
4199	1:43:53	1/1/2019 	6226123	545.00	9.00	13.35	15.20	96964.88	1859	1	WinnieSzeto	
4200	1:43:54	1/1/2019 	6226767	111.00	8.00	6.89	15.20	96964.50	52422	0	WinnieSzeto	
4201	1:43:55	1/1/2019 	6227919	440.00	9.00	12.49	15.20	96964.02	49824	0	WinnieSzeto	
4202	1:43:55	1/1/2019 	6228490	254.00	8.00	10.36	15.20	96964.19	1851	0	WinnieSzeto	
4203	1:43:55	1/1/2019 	6228640	151.00	8.00	8.05	15.20	96964.19	49822	0	WinnieSzeto	
4204	1:43:57	1/1/2019 	6230203	150.00	8.00	8.02	15.20	96964.19	49822	0	WinnieSzeto	
4205	1:43:58	1/1/2019 	6230953	827.00	60.00	23.59	15.20	96964.50	50553	1	WinnieSzeto	
4206	1:43:58	1/1/2019 	6231127	518.00	9.00	13.08	15.20	96964.50	4486	0	WinnieSzeto	
4207	1:43:58	1/1/2019 	6231192	69.00	8.00	5.97	15.20	96964.67	1848	0	WinnieSzeto	
4208	1:43:58	1/1/2019 	6231620	793.00	33.00	20.65	15.20	96964.67	49823	0	WinnieSzeto	
4209	1:43:58	1/1/2019 	6231659	964.00	235.00	48.70	15.20	96964.67	1850	1	WinnieSzeto	
4210	1:43:59	1/1/2019 	6232067	363.00	9.00	11.84	15.20	96964.83	1849	0	WinnieSzeto	
4211	1:44:00	1/1/2019 	6232880	658.00	9.00	14.56	15.20	96965.31	49825	0	WinnieSzeto	
4212	1:44:00	1/1/2019 	6232906	98.00	8.00	6.54	15.20	96965.31	4441	0	WinnieSzeto	
4213	1:44:01	1/1/2019 	6233836	516.00	9.00	13.06	15.20	96965.31	49821	0	WinnieSzeto	
4214	1:44:01	1/1/2019 	6234157	425.00	9.00	12.38	15.20	96965.48	1851	0	WinnieSzeto	
4215	1:44:01	1/1/2019 	6234233	963.00	263.00	51.76	15.20	96965.48	1850	1	WinnieSzeto	
4216	1:44:01	1/1/2019 	6234610	161.00	8.00	8.32	15.20	96966.00	49825	0	WinnieSzeto	
4217	1:44:04	1/1/2019 	6236763	546.00	8.00	13.23	15.20	96966.49	97800	0	WinnieSzeto	
4218	1:44:04	1/1/2019 	6236970	900.00	99.00	29.80	15.20	96966.49	4440	0	WinnieSzeto	
4219	1:44:05	1/1/2019 	6238226	852.00	64.00	24.10	15.20	96966.81	49826	0	WinnieSzeto	
4220	1:44:07	1/1/2019 	6239853	696.00	11.00	15.30	15.20	96966.98	97802	1	WinnieSzeto	
4221	1:44:07	1/1/2019 	6240411	188.00	8.00	9.02	15.20	96967.14	2578	0	WinnieSzeto	
4222	1:44:07	1/1/2019 	6240751	378.00	9.00	11.99	15.20	96967.14	49822	0	WinnieSzeto	
4223	1:44:08	1/1/2019 	6241682	136.00	8.00	7.62	15.20	96967.30	49824	0	WinnieSzeto	
4224	1:44:09	1/1/2019 	6242148	285.00	9.00	10.88	15.20	96967.47	4461	0	WinnieSzeto	
4225	1:44:09	1/1/2019 	6242488	712.00	12.00	15.66	15.20	96967.47	1850	0	WinnieSzeto	
4226	1:44:10	1/1/2019 	6243587	65.00	8.00	5.92	15.20	96967.78	97800	0	WinnieSzeto	
4227	1:44:10	1/1/2019 	6243685	242.00	9.00	10.17	15.20	96967.78	1848	0	WinnieSzeto	
4228	1:44:12	1/1/2019 	6245498	599.00	9.00	14.01	15.20	96967.95	49825	0	WinnieSzeto	
4229	1:44:14	1/1/2019 	6247034	697.00	11.00	15.30	15.20	96968.27	97800	0	WinnieSzeto	
4230	1:44:15	1/1/2019 	6248095	458.00	9.00	12.62	15.20	96968.43	52418	0	WinnieSzeto	
4231	1:44:15	1/1/2019 	6248145	959.00	165.00	41.49	15.20	96968.43	1850	0	WinnieSzeto	
4232	1:44:15	1/1/2019 	6248714	364.00	9.00	11.85	15.20	96968.76	49824	0	WinnieSzeto	
4233	1:44:17	1/1/2019 	6250090	521.00	9.00	13.11	15.20	96968.55	49823	0	WinnieSzeto	
4234	1:44:17	1/1/2019 	6250574	66.00	8.00	5.93	15.20	96968.72	50552	0	WinnieSzeto	
4235	1:44:18	1/1/2019 	6250902	557.00	9.00	13.48	15.20	96969.24	1847	0	WinnieSzeto	
4236	1:44:20	1/1/2019 	6253453	183.00	8.00	8.90	15.20	96969.52	100433	0	WinnieSzeto	
4237	1:44:21	1/1/2019 	6253862	267.00	9.00	10.60	15.20	96969.68	49823	0	WinnieSzeto	
4238	1:44:21	1/1/2019 	6254132	199.00	8.00	9.28	15.20	96970.22	1850	0	WinnieSzeto	
4239	1:44:21	1/1/2019 	6254284	542.00	9.00	13.32	15.20	96970.22	1846	0	WinnieSzeto	
4240	1:44:21	1/1/2019 	6254364	67.00	8.00	5.94	15.20	96970.22	1849	0	WinnieSzeto	
4241	1:44:21	1/1/2019 	6254729	926.00	129.00	35.64	15.20	96970.01	49821	0	WinnieSzeto	
4242	1:44:24	1/1/2019 	6256926	824.00	48.00	22.34	15.20	96970.70	100391	0	WinnieSzeto	
4243	1:44:24	1/1/2019 	6257263	177.00	8.00	8.75	15.20	96970.70	1850	0	WinnieSzeto	
4244	1:44:24	1/1/2019 	6257364	610.00	9.00	14.15	15.20	96970.70	1847	0	WinnieSzeto	
4245	1:44:26	1/1/2019 	6259090	564.00	9.00	13.57	15.20	96971.34	97799	0	WinnieSzeto	
4246	1:44:27	1/1/2019 	6260198	204.00	8.00	9.39	15.20	96971.34	49825	0	WinnieSzeto	
4247	1:44:27	1/1/2019 	6260258	803.00	38.00	21.28	15.20	96971.34	2575	0	WinnieSzeto	
4248	1:44:27	1/1/2019 	6260578	84.00	8.00	6.21	15.20	96971.34	52437	1	WinnieSzeto	
4249	1:44:29	1/1/2019 	6262018	289.00	9.00	10.94	15.20	96971.67	49823	0	WinnieSzeto	
4250	1:44:29	1/1/2019 	6262175	787.00	27.00	19.71	15.20	96971.67	1850	0	WinnieSzeto	
4251	1:44:29	1/1/2019 	6262557	95.00	8.00	6.47	15.20	96971.67	49825	0	WinnieSzeto	
4252	1:44:30	1/1/2019 	6263280	148.00	8.00	7.96	15.20	96971.67	1846	0	WinnieSzeto	
4253	1:44:31	1/1/2019 	6264731	871.00	79.00	26.22	15.20	96972.48	97801	0	WinnieSzeto	
4254	1:44:31	1/1/2019 	6264742	757.00	20.00	18.17	15.20	96972.48	4441	0	WinnieSzeto	
4255	1:44:32	1/1/2019 	6265146	851.00	73.00	25.28	15.20	96972.48	1849	1	WinnieSzeto	
4256	1:44:32	1/1/2019 	6265423	956.00	151.00	39.45	15.20	96972.64	1849	0	WinnieSzeto	
4257	1:44:32	1/1/2019 	6265715	459.00	9.00	12.62	15.20	96972.64	49826	0	WinnieSzeto	
4258	1:44:33	1/1/2019 	6266651	666.00	10.00	14.90	15.20	96972.97	49825	0	WinnieSzeto	
4259	1:44:34	1/1/2019 	6266926	264.00	8.00	10.53	15.20	96972.59	1850	0	WinnieSzeto	
4260	1:44:34	1/1/2019 	6266937	98.00	8.00	6.54	15.20	96972.59	4438	0	WinnieSzeto	
4261	1:44:34	1/1/2019 	6267618	97.00	9.00	6.52	15.20	96972.76	49822	0	WinnieSzeto	
4262	1:44:34	1/1/2019 	6267632	252.00	9.00	10.35	15.20	96972.76	1848	0	WinnieSzeto	
4263	1:44:35	1/1/2019 	6268011	818.00	55.00	23.03	15.20	96973.08	1849	1	WinnieSzeto	
4264	1:44:35	1/1/2019 	6268367	85.00	8.00	6.24	15.20	96973.08	1850	0	WinnieSzeto	
4265	1:44:36	1/1/2019 	6269111	93.00	9.00	6.42	15.20	96972.92	49823	0	WinnieSzeto	
4266	1:44:38	1/1/2019 	6270974	288.00	8.00	10.89	15.20	96973.94	100393	0	WinnieSzeto	
4267	1:44:38	1/1/2019 	6271441	72.00	8.00	6.00	15.20	96973.94	2575	0	WinnieSzeto	
4268	1:44:38	1/1/2019 	6271443	529.00	9.00	13.18	15.20	96973.94	1846	0	WinnieSzeto	
4269	1:44:39	1/1/2019 	6272014	629.00	9.00	14.36	15.20	96974.42	49824	0	WinnieSzeto	
4270	1:44:39	1/1/2019 	6272424	962.00	165.00	41.49	15.20	96974.42	1850	0	WinnieSzeto	
4271	1:44:39	1/1/2019 	6272707	148.00	8.00	7.96	15.20	96974.42	49825	0	WinnieSzeto	
4272	1:44:41	1/1/2019 	6274284	394.00	9.00	12.13	15.20	96974.91	57342	0	WinnieSzeto	
4273	1:44:42	1/1/2019 	6274833	96.00	8.00	6.49	15.20	96975.06	49825	0	WinnieSzeto	
4274	1:44:42	1/1/2019 	6275300	626.00	9.00	14.33	15.20	96975.06	1848	0	WinnieSzeto	
4275	1:44:43	1/1/2019 	6275931	948.00	154.00	39.91	15.20	96975.06	49826	1	WinnieSzeto	
4276	1:44:44	1/1/2019 	6276780	665.00	10.00	14.90	15.20	96975.23	49827	1	WinnieSzeto	
4277	1:44:44	1/1/2019 	6277583	417.00	9.00	12.32	15.20	96975.23	49827	0	WinnieSzeto	
4278	1:44:45	1/1/2019 	6277906	179.00	9.00	8.80	15.20	96975.23	4440	0	WinnieSzeto	
4279	1:44:46	1/1/2019 	6278945	101.00	8.00	6.62	15.20	96975.39	49826	0	WinnieSzeto	
4280	1:44:46	1/1/2019 	6278953	86.00	8.00	6.26	15.20	96975.39	1848	0	WinnieSzeto	
4281	1:44:46	1/1/2019 	6279457	63.00	8.00	5.91	15.20	96975.55	1846	0	WinnieSzeto	
4282	1:44:48	1/1/2019 	6281176	64.00	8.00	5.92	15.20	96976.04	97798	1	WinnieSzeto	
4283	1:44:48	1/1/2019 	6281415	744.00	16.00	17.02	15.20	96976.04	2574	0	WinnieSzeto	
4284	1:44:50	1/1/2019 	6282928	121.00	9.00	7.18	15.20	96976.04	100410	0	WinnieSzeto	
4285	1:44:50	1/1/2019 	6283143	224.00	9.00	9.82	15.20	96976.20	1850	0	WinnieSzeto	
4286	1:44:51	1/1/2019 	6283825	767.00	23.00	18.89	15.20	96976.36	49825	0	WinnieSzeto	
4287	1:44:51	1/1/2019 	6284121	879.00	87.00	27.56	15.20	96976.36	1850	1	WinnieSzeto	
4288	1:44:51	1/1/2019 	6284717	845.00	61.00	23.74	15.20	96976.52	49825	1	WinnieSzeto	
4289	1:44:52	1/1/2019 	6284846	816.00	55.00	23.03	15.20	96976.52	1849	0	WinnieSzeto	
4290	1:44:52	1/1/2019 	6285674	898.00	97.00	29.42	15.20	96976.84	52417	1	WinnieSzeto	
4291	1:44:53	1/1/2019 	6286211	107.00	8.00	6.78	15.20	96976.84	1850	0	WinnieSzeto	
4292	1:44:54	1/1/2019 	6287124	261.00	8.00	10.48	15.20	96977.50	49826	0	WinnieSzeto	
4293	1:44:55	1/1/2019 	6288203	107.00	8.00	6.78	15.20	96978.14	49825	0	WinnieSzeto	
4294	1:44:56	1/1/2019 	6289118	70.00	8.00	5.98	15.20	96978.52	49824	0	WinnieSzeto	
4295	1:44:57	1/1/2019 	6290564	92.00	8.00	6.39	15.20	96978.99	97802	0	WinnieSzeto	
4296	1:44:58	1/1/2019 	6291206	508.00	9.00	12.99	15.20	96978.99	5432	0	WinnieSzeto	
4297	1:44:58	1/1/2019 	6291303	898.00	96.00	29.23	15.20	96978.99	1850	0	WinnieSzeto	
4298	1:45:00	1/1/2019 	6293328	67.00	8.00	5.94	15.20	96979.44	97802	0	WinnieSzeto	
4299	1:45:01	1/1/2019 	6294476	957.00	191.00	44.54	15.20	96980.29	49825	1	WinnieSzeto	
4300	1:45:02	1/1/2019 	6295570	838.00	66.00	24.32	15.20	96980.61	97804	1	WinnieSzeto	
4301	1:45:04	1/1/2019 	6296858	768.00	20.00	18.18	15.20	96980.78	49829	0	WinnieSzeto	
4302	1:45:04	1/1/2019 	6297099	973.00	436.00	79.27	15.20	96981.09	4442	1	WinnieSzeto	
4303	1:45:04	1/1/2019 	6297164	372.00	8.00	11.88	15.20	96981.09	1850	0	WinnieSzeto	
4304	1:45:04	1/1/2019 	6297170	902.00	98.00	29.62	15.20	96981.09	1847	0	WinnieSzeto	
4305	1:45:04	1/1/2019 	6297255	162.00	9.00	8.36	15.20	96981.09	1849	0	WinnieSzeto	
4306	1:45:04	1/1/2019 	6297394	680.00	10.00	14.94	15.20	96981.09	1849	0	WinnieSzeto	
4307	1:45:04	1/1/2019 	6297644	538.00	9.00	13.27	15.20	96980.94	49826	0	WinnieSzeto	
4308	1:45:04	1/1/2019 	6297724	730.00	14.00	16.36	15.20	96980.94	4439	0	WinnieSzeto	
4309	1:45:05	1/1/2019 	6298444	246.00	8.00	10.22	15.20	96981.09	1849	0	WinnieSzeto	
4310	1:45:05	1/1/2019 	6298475	105.00	8.00	6.73	15.20	96981.09	1848	0	WinnieSzeto	
4311	1:45:05	1/1/2019 	6298486	500.00	9.00	12.93	15.20	96981.09	1847	0	WinnieSzeto	
4312	1:45:06	1/1/2019 	6299098	221.00	9.00	9.76	15.20	96981.09	49828	0	WinnieSzeto	
4313	1:45:06	1/1/2019 	6299422	815.00	52.00	22.72	15.20	96981.26	1850	1	WinnieSzeto	
4314	1:45:07	1/1/2019 	6300173	361.00	8.00	11.77	15.20	96981.26	52418	0	WinnieSzeto	
4315	1:45:07	1/1/2019 	6300188	255.00	9.00	10.40	15.20	96981.26	2575	0	WinnieSzeto	
4316	1:45:10	1/1/2019 	6303006	626.00	9.00	14.33	15.20	96981.58	145780	0	WinnieSzeto	
4317	1:45:10	1/1/2019 	6303010	719.00	13.00	16.01	15.20	96981.58	1850	1	WinnieSzeto	
4318	1:45:10	1/1/2019 	6303039	532.00	9.00	13.21	15.20	96981.58	1849	0	WinnieSzeto	
4319	1:45:11	1/1/2019 	6304401	257.00	4.00	10.31	15.20	96981.58	49825	0	WinnieSzeto	
4320	1:45:12	1/1/2019 	6305339	143.00	8.00	7.82	15.20	96981.58	52438	0	WinnieSzeto	
4321	1:45:13	1/1/2019 	6306325	939.00	143.00	38.14	15.20	96981.58	49825	0	WinnieSzeto	
4322	1:45:14	1/1/2019 	6307358	972.00	540.00	92.72	15.20	96981.91	49827	1	WinnieSzeto	
4323	1:45:15	1/1/2019 	6308074	428.00	9.00	12.40	15.20	96982.07	49828	0	WinnieSzeto	
4324	1:45:15	1/1/2019 	6308181	64.00	8.00	5.92	15.20	96982.07	1850	0	WinnieSzeto	
4325	1:45:15	1/1/2019 	6308423	166.00	8.00	8.46	15.20	96982.07	1845	0	WinnieSzeto	
4326	1:45:15	1/1/2019 	6308496	334.00	9.00	11.53	15.20	96982.07	4438	0	WinnieSzeto	
4327	1:45:17	1/1/2019 	6310413	744.00	17.00	17.32	15.20	96982.07	97805	1	WinnieSzeto	
4328	1:45:18	1/1/2019 	6311060	569.00	9.00	13.63	15.20	96982.39	50556	0	WinnieSzeto	
4329	1:45:21	1/1/2019 	6314079	884.00	88.00	27.75	15.20	96983.20	145779	1	WinnieSzeto	
4330	1:45:25	1/1/2019 	6318048	734.00	15.00	16.69	15.20	96983.84	193759	0	WinnieSzeto	
4331	1:45:25	1/1/2019 	6318584	115.00	8.00	7.01	15.20	96984.01	49828	0	WinnieSzeto	
4332	1:45:27	1/1/2019 	6319769	210.00	8.00	9.52	15.20	96984.66	52435	0	WinnieSzeto	
4333	1:45:27	1/1/2019 	6319887	180.00	9.00	8.83	15.20	96984.66	2574	0	WinnieSzeto	
4334	1:45:28	1/1/2019 	6320890	959.00	244.00	49.61	15.20	96985.14	49827	1	WinnieSzeto	
4335	1:45:28	1/1/2019 	6321446	124.00	8.00	7.27	15.20	96985.47	1851	0	WinnieSzeto	
4336	1:45:29	1/1/2019 	6322384	441.00	9.00	12.50	15.20	96985.95	49825	0	WinnieSzeto	
4337	1:45:29	1/1/2019 	6322565	648.00	9.00	14.51	15.20	96985.95	49828	0	WinnieSzeto	
4338	1:45:31	1/1/2019 	6323836	951.00	152.00	39.60	15.21	96986.78	52439	1	WinnieSzeto	
4339	1:45:32	1/1/2019 	6325019	69.00	8.00	5.97	15.21	96987.42	49828	0	WinnieSzeto	
4340	1:45:33	1/1/2019 	6326288	137.00	8.00	7.64	15.21	96987.91	49825	0	WinnieSzeto	
4341	1:45:33	1/1/2019 	6326315	97.00	8.00	6.52	15.21	96987.91	1848	0	WinnieSzeto	
4342	1:45:33	1/1/2019 	6326476	979.00	610.00	107.07	15.21	96987.91	1846	0	WinnieSzeto	
4343	1:45:34	1/1/2019 	6327643	767.00	22.00	18.67	15.21	96988.08	97805	0	WinnieSzeto	
4344	1:45:35	1/1/2019 	6328664	64.00	8.00	5.92	15.21	96988.56	52419	0	WinnieSzeto	
4345	1:45:35	1/1/2019 	6328711	664.00	10.00	14.89	15.21	96988.56	1847	0	WinnieSzeto	
4346	1:45:36	1/1/2019 	6328855	379.00	8.00	11.94	15.21	96988.56	1848	0	WinnieSzeto	
4347	1:45:36	1/1/2019 	6329443	131.00	8.00	7.47	15.21	96988.88	1848	0	WinnieSzeto	
4348	1:45:36	1/1/2019 	6329755	868.00	74.00	25.46	15.21	96988.88	49825	1	WinnieSzeto	
4349	1:45:37	1/1/2019 	6330196	761.00	20.00	18.17	15.21	96989.05	2577	0	WinnieSzeto	
4350	1:45:37	1/1/2019 	6330614	960.00	162.00	41.08	15.21	96989.20	52439	0	WinnieSzeto	
4351	1:45:38	1/1/2019 	6330764	69.00	9.00	5.97	15.21	96989.20	1850	0	WinnieSzeto	
4352	1:45:38	1/1/2019 	6330917	637.00	9.00	14.43	15.21	96989.20	1850	0	WinnieSzeto	
4353	1:45:38	1/1/2019 	6331073	90.00	8.00	6.35	15.21	96989.20	1849	0	WinnieSzeto	
4354	1:45:38	1/1/2019 	6331486	864.00	72.00	25.17	15.21	96989.53	1848	0	WinnieSzeto	
4355	1:45:38	1/1/2019 	6331637	427.00	9.00	12.39	15.21	96989.53	49825	0	WinnieSzeto	
4356	1:45:39	1/1/2019 	6331823	315.00	9.00	11.29	15.21	96989.37	4460	0	WinnieSzeto	
4357	1:45:39	1/1/2019 	6331939	72.00	8.00	6.00	15.21	96989.37	1849	0	WinnieSzeto	
4358	1:45:41	1/1/2019 	6333976	960.00	273.00	53.05	15.21	96989.69	97799	1	WinnieSzeto	
4359	1:45:42	1/1/2019 	6334875	195.00	8.00	9.18	15.21	96989.85	49826	0	WinnieSzeto	
4360	1:45:42	1/1/2019 	6335074	460.00	9.00	12.63	15.21	96989.85	1847	0	WinnieSzeto	
4361	1:45:42	1/1/2019 	6335397	386.00	9.00	12.06	15.21	96989.85	1848	0	WinnieSzeto	
4362	1:45:42	1/1/2019 	6335674	145.00	8.00	7.87	15.21	96990.38	52418	0	WinnieSzeto	
4363	1:45:43	1/1/2019 	6336104	310.00	10.00	11.26	15.21	96990.38	1847	0	WinnieSzeto	
4364	1:45:43	1/1/2019 	6336455	954.00	156.00	40.21	15.21	96990.38	1851	1	WinnieSzeto	
4365	1:45:43	1/1/2019 	6336701	93.00	8.00	6.42	15.21	96990.55	49826	0	WinnieSzeto	
4366	1:45:44	1/1/2019 	6336997	65.00	8.00	5.92	15.21	96990.55	1847	0	WinnieSzeto	
4367	1:45:44	1/1/2019 	6337681	211.00	9.00	9.55	15.21	96990.87	49824	0	WinnieSzeto	
4368	1:45:46	1/1/2019 	6339154	721.00	13.00	16.01	15.21	96991.14	52331	0	WinnieSzeto	
4369	1:45:46	1/1/2019 	6339671	155.00	8.00	8.16	15.21	96991.52	49827	0	WinnieSzeto	
4370	1:45:49	1/1/2019 	6342036	791.00	31.00	20.36	15.21	96991.80	98527	1	WinnieSzeto	
4371	1:45:52	1/1/2019 	6344659	90.00	8.00	6.35	15.21	96992.48	145782	0	WinnieSzeto	
4372	1:45:52	1/1/2019 	6345295	131.00	8.00	7.47	15.21	96992.81	1848	0	WinnieSzeto	
4373	1:45:53	1/1/2019 	6345911	578.00	9.00	13.74	15.21	96992.97	49823	0	WinnieSzeto	
4374	1:45:53	1/1/2019 	6346564	905.00	103.00	30.58	15.21	96993.13	52421	0	WinnieSzeto	
4375	1:45:56	1/1/2019 	6349105	858.00	72.00	25.15	15.21	96993.62	97806	0	WinnieSzeto	
4376	1:45:58	1/1/2019 	6351206	764.00	21.00	18.42	15.21	96993.78	97811	0	WinnieSzeto	
4377	1:45:59	1/1/2019 	6351778	328.00	9.00	11.45	15.21	96993.45	50554	0	WinnieSzeto	
4378	1:46:00	1/1/2019 	6353273	655.00	10.00	14.84	15.21	96993.62	49830	0	WinnieSzeto	
4379	1:46:00	1/1/2019 	6353549	277.00	8.00	10.73	15.21	96993.62	49834	0	WinnieSzeto	
4380	1:46:01	1/1/2019 	6353786	82.00	8.00	6.17	15.21	96993.62	4448	0	WinnieSzeto	
4381	1:46:01	1/1/2019 	6354288	376.00	8.00	11.92	15.21	96993.30	1853	0	WinnieSzeto	
4382	1:46:01	1/1/2019 	6354609	528.00	9.00	13.17	15.21	96993.45	49825	0	WinnieSzeto	
4383	1:46:01	1/1/2019 	6354643	203.00	8.00	9.37	15.21	96993.45	1849	0	WinnieSzeto	
4384	1:46:02	1/1/2019 	6354959	124.00	8.00	7.27	15.21	96993.45	1846	0	WinnieSzeto	
4385	1:46:02	1/1/2019 	6355362	177.00	9.00	8.75	15.21	96994.27	1848	0	WinnieSzeto	
4386	1:46:03	1/1/2019 	6356037	604.00	9.00	14.07	15.21	96995.28	52354	0	WinnieSzeto	
4387	1:46:05	1/1/2019 	6357918	900.00	100.00	29.99	15.21	97002.20	97804	0	WinnieSzeto	
4388	1:46:06	1/1/2019 	6359057	79.00	8.00	6.12	15.21	97009.48	49829	0	WinnieSzeto	
4389	1:46:06	1/1/2019 	6359162	829.00	60.00	23.59	15.21	97009.48	1849	0	WinnieSzeto	
4390	1:46:07	1/1/2019 	6360068	94.00	8.00	6.44	15.21	97013.64	49826	0	WinnieSzeto	
4391	1:46:07	1/1/2019 	6360212	735.00	16.00	17.01	15.21	97018.01	2576	1	WinnieSzeto	
4392	1:46:08	1/1/2019 	6360670	532.00	9.00	13.21	15.21	97018.01	52353	0	WinnieSzeto	
4393	1:46:08	1/1/2019 	6361161	194.00	9.00	9.17	15.21	97022.21	1851	0	WinnieSzeto	
4394	1:46:09	1/1/2019 	6361814	109.00	9.00	6.84	15.21	97026.25	49825	0	WinnieSzeto	
4395	1:46:09	1/1/2019 	6361982	98.00	8.00	6.54	15.20	97029.64	1850	0	WinnieSzeto	
4396	1:46:09	1/1/2019 	6362569	909.00	111.00	32.14	15.20	97033.52	49823	1	WinnieSzeto	
4397	1:46:10	1/1/2019 	6362876	707.00	12.00	15.66	15.20	97033.52	1850	0	WinnieSzeto	
4398	1:46:10	1/1/2019 	6363365	714.00	12.00	15.66	15.20	97036.92	4440	0	WinnieSzeto	
4399	1:46:11	1/1/2019 	6363976	553.00	9.00	13.44	15.20	97040.00	49825	0	WinnieSzeto	
4400	1:46:11	1/1/2019 	6364301	442.00	9.00	12.50	15.20	97042.26	1851	0	WinnieSzeto	
4401	1:46:11	1/1/2019 	6364337	574.00	9.00	13.69	15.20	97042.26	1850	0	WinnieSzeto	
4402	1:46:12	1/1/2019 	6364664	74.00	8.00	6.03	15.20	97043.39	49826	0	WinnieSzeto	
4403	1:46:13	1/1/2019 	6365795	113.00	8.00	6.95	15.20	97044.16	49824	0	WinnieSzeto	
4404	1:46:14	1/1/2019 	6367248	954.00	157.00	40.36	15.20	97045.94	52397	0	WinnieSzeto	
4405	1:46:15	1/1/2019 	6368591	287.00	7.00	10.85	15.20	97048.69	97806	0	WinnieSzeto	
4406	1:46:18	1/1/2019 	6371354	380.00	9.00	12.01	15.20	97042.98	97805	0	WinnieSzeto	
4407	1:46:19	1/1/2019 	6372225	108.00	8.00	6.81	15.20	97041.68	50554	0	WinnieSzeto	
4408	1:46:19	1/1/2019 	6372249	660.00	10.00	14.87	15.20	97041.68	1847	0	WinnieSzeto	
4409	1:46:20	1/1/2019 	6373318	805.00	39.00	21.39	15.20	97038.41	49827	0	WinnieSzeto	
4410	1:46:21	1/1/2019 	6374037	97.00	8.00	6.52	15.20	97037.27	52420	0	WinnieSzeto	
4411	1:46:22	1/1/2019 	6374829	582.00	9.00	13.79	15.20	97035.00	49824	0	WinnieSzeto	
4412	1:46:22	1/1/2019 	6375019	229.00	8.00	9.91	15.20	97035.00	1849	0	WinnieSzeto	
4413	1:46:23	1/1/2019 	6376043	393.00	3.00	11.71	15.19	97032.56	49824	0	WinnieSzeto	
4414	1:46:23	1/1/2019 	6376212	859.00	72.00	25.16	15.19	97032.56	1849	1	WinnieSzeto	
4415	1:46:23	1/1/2019 	6376646	143.00	4.00	7.80	15.19	97031.75	49826	0	WinnieSzeto	
4416	1:46:24	1/1/2019 	6376926	172.00	9.00	8.62	15.19	97031.10	4458	0	WinnieSzeto	
4417	1:46:24	1/1/2019 	6376931	83.00	8.00	6.19	15.19	97031.10	1850	0	WinnieSzeto	
4418	1:46:24	1/1/2019 	6377305	129.00	9.00	7.41	15.19	97031.10	1847	0	WinnieSzeto	
4419	1:46:25	1/1/2019 	6377885	734.00	15.00	16.69	15.19	97030.30	49825	0	WinnieSzeto	
4420	1:46:25	1/1/2019 	6378383	125.00	8.00	7.29	15.19	97029.97	1851	0	WinnieSzeto	
4421	1:46:26	1/1/2019 	6379612	78.00	9.00	6.10	15.19	97028.84	97800	0	WinnieSzeto	
4422	1:46:27	1/1/2019 	6379955	831.00	62.00	23.82	15.19	97028.35	5412	0	WinnieSzeto	
4423	1:46:28	1/1/2019 	6380924	147.00	8.00	7.93	15.19	97027.38	49830	0	WinnieSzeto	
4424	1:46:28	1/1/2019 	6381153	113.00	8.00	6.95	15.19	97027.38	1854	0	WinnieSzeto	
4425	1:46:29	1/1/2019 	6381822	608.00	3.00	12.70	15.19	97027.22	49828	0	WinnieSzeto	
4426	1:46:29	1/1/2019 	6382006	924.00	133.00	36.38	15.19	97027.22	1849	1	WinnieSzeto	
4427	1:46:29	1/1/2019 	6382107	144.00	9.00	7.85	15.19	97027.22	1849	0	WinnieSzeto	
4428	1:46:29	1/1/2019 	6382222	149.00	8.00	7.99	15.19	97027.22	4439	0	WinnieSzeto	
4429	1:46:29	1/1/2019 	6382577	435.00	9.00	12.45	15.19	97015.41	49824	0	WinnieSzeto	
4430	1:46:31	1/1/2019 	6383852	143.00	8.00	7.82	15.19	96989.84	49827	0	WinnieSzeto	
4431	1:46:31	1/1/2019 	6384339	196.00	8.00	9.21	15.19	96977.39	1848	0	WinnieSzeto	
4432	1:46:32	1/1/2019 	6385026	140.00	8.00	7.73	15.19	96965.90	49825	0	WinnieSzeto	
4433	1:46:32	1/1/2019 	6385051	108.00	8.00	6.81	15.19	96965.90	1848	0	WinnieSzeto	
4434	1:46:33	1/1/2019 	6385699	213.00	8.00	9.58	15.19	96954.73	52413	0	WinnieSzeto	
4435	1:46:35	1/1/2019 	6387950	88.00	8.00	6.30	15.19	96915.91	97802	0	WinnieSzeto	
4436	1:46:35	1/1/2019 	6388573	173.00	9.00	8.65	15.19	96907.50	49826	0	WinnieSzeto	
4437	1:46:36	1/1/2019 	6389579	99.00	8.00	6.57	15.19	96891.80	49825	0	WinnieSzeto	
4438	1:46:36	1/1/2019 	6389604	231.00	9.00	9.96	15.19	96891.80	2575	0	WinnieSzeto	
4439	1:46:37	1/1/2019 	6390365	805.00	33.00	20.67	15.19	96877.84	1848	0	WinnieSzeto	
4440	1:46:38	1/1/2019 	6390955	205.00	9.00	9.42	15.19	96871.53	52439	0	WinnieSzeto	
4441	1:46:39	1/1/2019 	6391742	709.00	12.00	15.66	15.19	96866.08	49828	0	WinnieSzeto	
4442	1:46:39	1/1/2019 	6391952	416.00	8.00	12.24	15.19	96866.08	1849	0	WinnieSzeto	
4443	1:46:39	1/1/2019 	6392270	922.00	125.00	34.88	15.19	96860.53	1846	0	WinnieSzeto	
4444	1:46:39	1/1/2019 	6392342	877.00	80.00	26.40	15.19	96860.53	1850	1	WinnieSzeto	
4445	1:46:40	1/1/2019 	6393244	578.00	9.00	13.74	15.19	96851.03	49827	0	WinnieSzeto	
4446	1:46:41	1/1/2019 	6393768	909.00	109.00	31.75	15.19	96846.50	52441	1	WinnieSzeto	
4447	1:46:41	1/1/2019 	6393819	943.00	142.00	37.97	15.19	96846.50	1851	1	WinnieSzeto	
4448	1:46:42	1/1/2019 	6394690	80.00	8.00	6.14	15.19	96842.78	49827	0	WinnieSzeto	
4449	1:46:42	1/1/2019 	6394824	825.00	54.00	22.95	15.19	96839.55	1848	1	WinnieSzeto	
4450	1:46:42	1/1/2019 	6395250	165.00	8.00	8.43	15.19	96839.55	1849	0	WinnieSzeto	
4451	1:46:42	1/1/2019 	6395652	171.00	8.00	8.59	15.19	96829.19	49825	0	WinnieSzeto	
4452	1:46:43	1/1/2019 	6395663	525.00	8.00	13.03	15.19	96829.19	4437	0	WinnieSzeto	
4453	1:46:43	1/1/2019 	6396068	126.00	8.00	7.32	15.19	97071.55	1848	0	WinnieSzeto	
4454	1:46:43	1/1/2019 	6396263	419.00	9.00	12.33	15.19	97071.55	1847	0	WinnieSzeto	
4455	1:46:44	1/1/2019 	6397402	924.00	137.00	37.09	15.20	97676.75	49828	0	WinnieSzeto	
4456	1:46:44	1/1/2019 	6397474	966.00	225.00	47.75	15.20	97676.75	1850	0	WinnieSzeto	
4457	1:46:45	1/1/2019 	6397701	750.00	19.00	17.89	15.20	97953.50	49828	1	WinnieSzeto	
4458	1:46:45	1/1/2019 	6398195	257.00	9.00	10.43	15.20	98212.95	4440	0	WinnieSzeto	
4459	1:46:47	1/1/2019 	6399672	749.00	17.00	17.33	15.20	98684.49	97806	1	WinnieSzeto	
4460	1:46:47	1/1/2019 	6400352	120.00	9.00	7.15	15.19	98897.84	2578	0	WinnieSzeto	
4461	1:46:48	1/1/2019 	6400696	842.00	65.00	24.20	15.19	99098.45	49825	0	WinnieSzeto	
4462	1:46:48	1/1/2019 	6401256	96.00	8.00	6.49	15.19	99286.27	1850	0	WinnieSzeto	
4463	1:46:48	1/1/2019 	6401644	969.00	319.00	60.28	15.19	99462.77	49823	1	WinnieSzeto	
4464	1:46:50	1/1/2019 	6402662	63.00	8.00	5.91	15.19	99783.41	52439	0	WinnieSzeto	
4465	1:46:50	1/1/2019 	6402825	169.00	8.00	8.54	15.19	99783.41	1847	0	WinnieSzeto	
4466	1:46:50	1/1/2019 	6402980	961.00	173.00	42.52	15.19	99783.41	1846	0	WinnieSzeto	
4467	1:46:50	1/1/2019 	6403139	972.00	325.00	61.35	15.19	99783.41	1849	1	WinnieSzeto	
4468	1:46:50	1/1/2019 	6403247	440.00	9.00	12.49	15.19	99928.68	1850	0	WinnieSzeto	
4469	1:46:50	1/1/2019 	6403641	187.00	8.00	8.99	15.19	99928.68	49825	0	WinnieSzeto	
4470	1:46:51	1/1/2019 	6403692	69.00	8.00	5.97	15.19	99928.68	4437	0	WinnieSzeto	
4471	1:46:51	1/1/2019 	6403754	65.00	8.00	5.92	15.19	100065.05	1848	0	WinnieSzeto	
4472	1:46:51	1/1/2019 	6404280	155.00	8.00	8.16	15.19	100192.30	1846	0	WinnieSzeto	
4473	1:46:52	1/1/2019 	6404911	639.00	10.00	14.70	15.19	100312.16	49824	0	WinnieSzeto	
4474	1:46:52	1/1/2019 	6405214	461.00	9.00	12.64	15.19	100312.16	1851	0	WinnieSzeto	
4475	1:46:53	1/1/2019 	6406063	942.00	145.00	38.48	15.19	100529.64	49826	1	WinnieSzeto	
4476	1:46:53	1/1/2019 	6406222	171.00	9.00	8.60	15.19	100529.64	4442	0	WinnieSzeto	
4477	1:46:54	1/1/2019 	6406796	749.00	18.00	17.62	15.19	100628.45	49826	1	WinnieSzeto	
4478	1:46:54	1/1/2019 	6406946	145.00	8.00	7.87	15.19	100628.45	1851	0	WinnieSzeto	
4479	1:46:54	1/1/2019 	6406992	223.00	8.00	9.79	15.19	100628.45	1847	0	WinnieSzeto	
4480	1:46:54	1/1/2019 	6406995	237.00	8.00	10.06	15.19	100628.45	1846	0	WinnieSzeto	
4481	1:46:54	1/1/2019 	6407040	93.00	8.00	6.42	15.19	100628.45	1847	0	WinnieSzeto	
4482	1:46:55	1/1/2019 	6407671	179.00	8.00	8.80	15.19	100807.79	52414	0	WinnieSzeto	
4483	1:46:55	1/1/2019 	6407834	802.00	38.00	21.28	15.19	100807.79	1848	1	WinnieSzeto	
4484	1:46:56	1/1/2019 	6408801	833.00	60.00	23.60	15.19	100965.75	49826	1	WinnieSzeto	
4485	1:46:56	1/1/2019 	6408809	240.00	8.00	10.11	15.19	100965.75	1852	0	WinnieSzeto	
4486	1:46:56	1/1/2019 	6408850	192.00	8.00	9.11	15.19	100965.75	1846	0	WinnieSzeto	
4487	1:46:57	1/1/2019 	6409946	432.00	9.00	12.43	15.19	101104.27	49823	0	WinnieSzeto	
4488	1:46:57	1/1/2019 	6410144	187.00	8.00	8.99	15.19	101104.27	5411	0	WinnieSzeto	
4489	1:46:57	1/1/2019 	6410253	68.00	8.00	5.95	15.19	101104.27	1847	0	WinnieSzeto	
4490	1:46:57	1/1/2019 	6410570	425.00	8.00	12.31	15.19	101166.98	49823	0	WinnieSzeto	
4491	1:47:00	1/1/2019 	6412806	81.00	8.00	6.15	15.19	101380.86	97802	0	WinnieSzeto	
4492	1:47:00	1/1/2019 	6413316	683.00	10.00	14.94	15.19	101426.23	1847	0	WinnieSzeto	
4493	1:47:01	1/1/2019 	6414041	95.00	9.00	6.47	15.19	101469.00	49827	0	WinnieSzeto	
4494	1:47:01	1/1/2019 	6414053	113.00	8.00	6.95	15.19	101469.00	4440	0	WinnieSzeto	
4495	1:47:01	1/1/2019 	6414628	745.00	16.00	17.02	15.19	101509.03	49825	0	WinnieSzeto	
4496	1:47:02	1/1/2019 	6414745	756.00	20.00	18.16	15.19	101509.03	1849	1	WinnieSzeto	
4497	1:47:02	1/1/2019 	6414939	673.00	10.00	14.93	15.19	101546.46	1850	0	WinnieSzeto	
4498	1:47:02	1/1/2019 	6415272	359.00	9.00	11.80	15.19	101546.46	1849	0	WinnieSzeto	
4499	1:47:02	1/1/2019 	6415373	78.00	8.00	6.10	15.19	101546.46	1849	0	WinnieSzeto	
4500	1:47:03	1/1/2019 	6415780	199.00	9.00	9.29	15.19	101581.78	52413	0	WinnieSzeto	
4501	1:47:04	1/1/2019 	6417159	895.00	97.00	29.41	15.19	101673.19	49826	1	WinnieSzeto	
4502	1:47:05	1/1/2019 	6418128	454.00	9.00	12.59	15.19	101700.48	49828	0	WinnieSzeto	
4503	1:47:05	1/1/2019 	6418217	347.00	8.00	11.63	15.19	101700.48	1851	0	WinnieSzeto	
4504	1:47:05	1/1/2019 	6418276	512.00	9.00	13.03	15.19	101726.30	1847	0	WinnieSzeto	
4505	1:47:05	1/1/2019 	6418580	160.00	8.00	8.30	15.19	101726.30	49826	0	WinnieSzeto	
4506	1:47:07	1/1/2019 	6419838	979.00	703.00	126.96	15.20	101772.53	52415	1	WinnieSzeto	
4507	1:47:08	1/1/2019 	6420996	953.00	173.00	42.52	15.20	101813.33	50557	1	WinnieSzeto	
4508	1:47:08	1/1/2019 	6421017	212.00	9.00	9.58	15.20	101813.33	1851	0	WinnieSzeto	
4509	1:47:08	1/1/2019 	6421296	544.00	9.00	13.34	15.20	101832.03	1849	0	WinnieSzeto	
4510	1:47:08	1/1/2019 	6421430	71.00	8.00	5.99	15.20	101832.03	1849	0	WinnieSzeto	
4511	1:47:09	1/1/2019 	6422381	739.00	17.00	17.32	15.21	101865.52	52434	1	WinnieSzeto	
4512	1:47:10	1/1/2019 	6422702	746.00	17.00	17.33	15.21	101881.05	49828	0	WinnieSzeto	
4513	1:47:10	1/1/2019 	6423119	587.00	9.00	13.86	15.21	101881.05	1851	0	WinnieSzeto	
4514	1:47:10	1/1/2019 	6423443	168.00	8.00	8.51	15.22	101895.38	1851	0	WinnieSzeto	
4515	1:47:10	1/1/2019 	6423461	715.00	13.00	16.01	15.22	101895.38	1855	1	WinnieSzeto	
4516	1:47:12	1/1/2019 	6424962	400.00	8.00	12.12	15.23	101933.38	97811	0	WinnieSzeto	
4517	1:47:12	1/1/2019 	6425056	603.00	9.00	14.06	15.23	101933.38	4467	0	WinnieSzeto	
4518	1:47:12	1/1/2019 	6425653	982.00	343.00	64.60	15.23	101944.30	49833	0	WinnieSzeto	
4519	1:47:13	1/1/2019 	6426439	423.00	9.00	12.37	15.23	101954.74	1851	0	WinnieSzeto	
4520	1:47:14	1/1/2019 	6427239	674.00	10.00	14.93	15.24	101974.42	49828	0	WinnieSzeto	
4521	1:47:14	1/1/2019 	6427399	704.00	12.00	15.66	15.24	101974.42	1852	0	WinnieSzeto	
4522	1:47:14	1/1/2019 	6427417	525.00	9.00	13.14	15.24	101974.42	1848	0	WinnieSzeto	
4523	1:47:16	1/1/2019 	6428873	785.00	28.00	19.88	15.25	101999.04	100392	0	WinnieSzeto	
4524	1:47:17	1/1/2019 	6430379	955.00	167.00	41.76	15.26	102013.38	49831	1	WinnieSzeto	
4525	1:47:18	1/1/2019 	6431284	86.00	8.00	6.26	15.27	102025.54	50561	0	WinnieSzeto	
4526	1:47:19	1/1/2019 	6432274	728.00	16.00	17.00	15.28	102036.08	49822	1	WinnieSzeto	
4527	1:47:19	1/1/2019 	6432377	171.00	8.00	8.59	15.28	102036.08	1849	0	WinnieSzeto	
4528	1:47:20	1/1/2019 	6433442	812.00	48.00	22.32	15.29	102045.72	49823	1	WinnieSzeto	
4529	1:47:20	1/1/2019 	6433604	968.00	351.00	66.06	15.29	102045.72	52438	1	WinnieSzeto	
4530	1:47:21	1/1/2019 	6433753	551.00	9.00	13.41	15.29	102045.72	1850	0	WinnieSzeto	
4531	1:47:21	1/1/2019 	6434140	386.00	8.00	12.00	15.29	102049.88	1853	0	WinnieSzeto	
4532	1:47:23	1/1/2019 	6436018	938.00	141.00	37.80	15.30	102060.67	97805	0	WinnieSzeto	
4533	1:47:23	1/1/2019 	6436363	576.00	13.00	14.26	15.31	102064.18	1852	0	WinnieSzeto	
4534	1:47:23	1/1/2019 	6436606	293.00	8.00	10.96	15.31	102064.18	49825	0	WinnieSzeto	
4535	1:47:24	1/1/2019 	6436980	78.00	8.00	6.10	15.31	102067.55	4437	0	WinnieSzeto	
4536	1:47:27	1/1/2019 	6440420	97.00	8.00	6.52	15.34	102082.43	145778	0	WinnieSzeto	
4537	1:47:29	1/1/2019 	6441670	657.00	10.00	14.85	15.35	102086.16	98528	1	WinnieSzeto	
4538	1:47:29	1/1/2019 	6442001	960.00	175.00	42.76	15.35	102087.69	1852	1	WinnieSzeto	
4539	1:47:29	1/1/2019 	6442131	576.00	9.00	13.72	15.35	102087.69	1850	0	WinnieSzeto	
4540	1:47:29	1/1/2019 	6442387	70.00	8.00	5.98	15.36	102089.28	1849	0	WinnieSzeto	
4541	1:47:29	1/1/2019 	6442442	157.00	9.00	8.22	15.36	102089.28	4457	0	WinnieSzeto	
4542	1:47:31	1/1/2019 	6443740	79.00	8.00	6.12	15.36	102092.04	97803	1	WinnieSzeto	
4543	1:47:31	1/1/2019 	6443835	194.00	8.00	9.16	15.36	102092.04	1848	0	WinnieSzeto	
4544	1:47:31	1/1/2019 	6444335	865.00	71.00	25.03	15.37	102093.63	1848	0	WinnieSzeto	
4545	1:47:32	1/1/2019 	6444898	562.00	9.00	13.54	15.37	102095.03	49826	0	WinnieSzeto	
4546	1:47:33	1/1/2019 	6446225	481.00	9.00	12.78	15.38	102097.67	49827	0	WinnieSzeto	
4547	1:47:33	1/1/2019 	6446613	77.00	8.00	6.08	15.38	102097.67	52837	0	WinnieSzeto	
4548	1:47:34	1/1/2019 	6446990	715.00	12.00	15.66	15.39	102098.77	1847	0	WinnieSzeto	
4549	1:47:34	1/1/2019 	6447039	530.00	9.00	13.19	15.39	102098.77	1850	0	WinnieSzeto	
4550	1:47:34	1/1/2019 	6447426	709.00	12.00	15.66	15.39	102099.33	1849	0	WinnieSzeto	
4551	1:47:34	1/1/2019 	6447639	699.00	11.00	15.30	15.39	102099.33	49825	0	WinnieSzeto	
4552	1:47:36	1/1/2019 	6449123	132.00	8.00	7.50	15.40	102102.22	49826	0	WinnieSzeto	
4553	1:47:39	1/1/2019 	6451823	192.00	9.00	9.12	15.42	102105.70	148369	0	WinnieSzeto	
4554	1:47:39	1/1/2019 	6452067	512.00	9.00	13.03	15.42	102105.70	2577	0	WinnieSzeto	
4555	1:47:39	1/1/2019 	6452152	766.00	21.00	18.43	15.42	102105.70	1849	1	WinnieSzeto	
4556	1:47:39	1/1/2019 	6452420	526.00	9.00	13.15	15.43	102106.48	1849	0	WinnieSzeto	
4557	1:47:40	1/1/2019 	6452949	348.00	8.00	11.64	15.43	102107.23	49826	0	WinnieSzeto	
4558	1:47:41	1/1/2019 	6453698	606.00	9.00	14.10	15.43	102107.59	49825	0	WinnieSzeto	
4559	1:47:42	1/1/2019 	6454753	145.00	8.00	7.87	15.44	102108.41	52439	1	WinnieSzeto	
4560	1:47:42	1/1/2019 	6454925	90.00	8.00	6.35	15.44	102108.41	1848	0	WinnieSzeto	
4561	1:47:42	1/1/2019 	6455499	341.00	8.00	11.56	15.45	102108.88	1848	0	WinnieSzeto	
4562	1:47:44	1/1/2019 	6457159	616.00	9.00	14.22	15.46	102109.59	97818	0	WinnieSzeto	
4563	1:47:44	1/1/2019 	6457198	134.00	8.00	7.56	15.46	102109.59	1851	0	WinnieSzeto	
4564	1:47:45	1/1/2019 	6457842	129.00	8.00	7.41	15.46	102110.02	49824	0	WinnieSzeto	
4565	1:47:45	1/1/2019 	6458569	64.00	8.00	5.92	15.47	102110.16	52415	0	WinnieSzeto	
4566	1:47:46	1/1/2019 	6459155	956.00	175.00	42.76	15.47	102110.77	1845	0	WinnieSzeto	
4567	1:47:47	1/1/2019 	6460308	576.00	9.00	13.72	15.48	102111.27	49829	0	WinnieSzeto	
4568	1:47:48	1/1/2019 	6460876	76.00	8.00	6.07	15.48	102111.69	50554	0	WinnieSzeto	
4569	1:47:48	1/1/2019 	6460920	113.00	8.00	6.95	15.48	102111.69	1847	0	WinnieSzeto	
4570	1:47:48	1/1/2019 	6460994	216.00	9.00	9.66	15.48	102111.69	1846	0	WinnieSzeto	
4571	1:47:48	1/1/2019 	6461388	80.00	9.00	6.14	15.49	102111.59	4461	0	WinnieSzeto	
4572	1:47:48	1/1/2019 	6461483	673.00	10.00	14.93	15.49	102111.59	1848	0	WinnieSzeto	
4573	1:47:49	1/1/2019 	6461819	110.00	8.00	6.86	15.49	102112.05	49826	0	WinnieSzeto	
4574	1:47:49	1/1/2019 	6462080	148.00	8.00	7.96	15.49	102112.05	1849	0	WinnieSzeto	
4575	1:47:49	1/1/2019 	6462226	790.00	29.00	20.05	15.49	102112.05	1847	0	WinnieSzeto	
4576	1:47:50	1/1/2019 	6463279	181.00	8.00	8.85	15.50	102111.80	49827	0	WinnieSzeto	
4577	1:47:50	1/1/2019 	6463425	407.00	9.00	12.24	15.50	102111.80	4460	0	WinnieSzeto	
4578	1:47:51	1/1/2019 	6464139	157.00	8.00	8.21	15.50	102112.16	49827	0	WinnieSzeto	
4579	1:47:51	1/1/2019 	6464630	170.00	8.00	8.56	15.51	102112.20	49825	0	WinnieSzeto	
4580	1:47:52	1/1/2019 	6464965	780.00	24.00	19.12	15.51	102112.20	1847	1	WinnieSzeto	
4581	1:47:52	1/1/2019 	6465003	960.00	194.00	44.84	15.51	102112.20	1849	1	WinnieSzeto	
4582	1:47:52	1/1/2019 	6465350	891.00	97.00	29.40	15.51	102112.48	1851	0	WinnieSzeto	
4583	1:47:52	1/1/2019 	6465378	252.00	9.00	10.35	15.51	102112.48	4439	0	WinnieSzeto	
4584	1:47:53	1/1/2019 	6466074	940.00	143.00	38.14	15.51	102112.55	49827	1	WinnieSzeto	
4585	1:47:53	1/1/2019 	6466077	134.00	8.00	7.56	15.51	102112.55	1853	0	WinnieSzeto	
4586	1:47:54	1/1/2019 	6466709	372.00	8.00	11.88	15.52	102112.46	49824	0	WinnieSzeto	
4587	1:47:54	1/1/2019 	6466914	85.00	9.00	6.24	15.52	102112.88	1849	0	WinnieSzeto	
4588	1:47:54	1/1/2019 	6467032	801.00	37.00	21.16	15.52	102112.88	4438	0	WinnieSzeto	
4589	1:47:55	1/1/2019 	6468328	972.00	505.00	87.53	15.53	102113.55	49827	0	WinnieSzeto	
4590	1:47:56	1/1/2019 	6468670	958.00	185.00	43.91	15.53	102113.61	49829	0	WinnieSzeto	
4591	1:47:56	1/1/2019 	6469149	565.00	9.00	13.58	15.53	102113.67	1852	0	WinnieSzeto	
4592	1:47:57	1/1/2019 	6470083	124.00	8.00	7.27	15.54	102113.97	49826	0	WinnieSzeto	
4593	1:47:58	1/1/2019 	6470781	744.00	21.00	18.38	15.55	102114.11	50624	1	WinnieSzeto	
4594	1:47:58	1/1/2019 	6471025	162.00	8.00	8.35	15.55	102114.11	4462	0	WinnieSzeto	
4595	1:47:58	1/1/2019 	6471272	62.00	9.00	5.90	15.55	102114.01	1847	0	WinnieSzeto	
4596	1:47:58	1/1/2019 	6471395	712.00	12.00	15.66	15.55	102114.01	1849	1	WinnieSzeto	
4597	1:47:59	1/1/2019 	6471846	816.00	56.00	23.13	15.55	102114.59	49827	0	WinnieSzeto	
4598	1:47:59	1/1/2019 	6471910	70.00	8.00	5.98	15.55	102114.59	1852	0	WinnieSzeto	
4599	1:47:59	1/1/2019 	6472309	921.00	120.00	33.92	15.55	102114.59	1847	0	WinnieSzeto	
4600	1:48:00	1/1/2019 	6473336	920.00	130.00	35.82	15.56	102114.41	52418	0	WinnieSzeto	
4601	1:48:01	1/1/2019 	6473750	893.00	94.00	28.85	15.56	102114.51	49830	0	WinnieSzeto	
4602	1:48:01	1/1/2019 	6474599	954.00	151.00	39.45	15.57	102114.73	49830	0	WinnieSzeto	
4603	1:48:02	1/1/2019 	6474669	222.00	8.00	9.77	15.57	102114.80	1851	0	WinnieSzeto	
4604	1:48:03	1/1/2019 	6475735	178.00	8.00	8.77	15.58	102114.97	49826	0	WinnieSzeto	
4605	1:48:03	1/1/2019 	6476112	920.00	124.00	34.69	15.58	102114.97	1849	1	WinnieSzeto	
4606	1:48:04	1/1/2019 	6476663	912.00	117.00	33.32	15.58	102115.43	52437	1	WinnieSzeto	
4607	1:48:04	1/1/2019 	6477149	154.00	8.00	8.13	15.58	102115.17	1852	0	WinnieSzeto	
4608	1:48:05	1/1/2019 	6477698	571.00	9.00	13.65	15.59	102115.05	49824	0	WinnieSzeto	
4609	1:48:06	1/1/2019 	6478992	88.00	8.00	6.30	15.59	102114.92	49829	0	WinnieSzeto	
4610	1:48:06	1/1/2019 	6479210	70.00	8.00	5.98	15.60	102114.80	1848	0	WinnieSzeto	
4611	1:48:07	1/1/2019 	6479669	777.00	24.00	19.12	15.60	102114.98	49825	1	WinnieSzeto	
4612	1:48:07	1/1/2019 	6479675	126.00	8.00	7.32	15.60	102114.98	5259	0	WinnieSzeto	
4613	1:48:07	1/1/2019 	6479978	970.00	378.00	70.81	15.60	102114.98	1848	0	WinnieSzeto	
4614	1:48:07	1/1/2019 	6480476	909.00	110.00	31.95	15.60	102114.73	1851	1	WinnieSzeto	
4615	1:48:07	1/1/2019 	6480620	898.00	100.00	29.98	15.60	102114.73	49828	1	WinnieSzeto	
4616	1:48:08	1/1/2019 	6480733	601.00	9.00	14.04	15.60	102114.73	1851	0	WinnieSzeto	
4617	1:48:08	1/1/2019 	6481043	147.00	8.00	7.93	15.61	102115.16	1849	0	WinnieSzeto	
4618	1:48:10	1/1/2019 	6482831	804.00	47.00	22.21	15.62	102115.26	100392	0	WinnieSzeto	
4619	1:48:10	1/1/2019 	6483015	754.00	18.00	17.62	15.62	102114.97	1852	0	WinnieSzeto	
4620	1:48:11	1/1/2019 	6484499	728.00	14.00	16.36	15.63	102114.84	49829	0	WinnieSzeto	
4621	1:48:12	1/1/2019 	6484695	562.00	9.00	13.54	15.63	102114.56	49841	0	WinnieSzeto	
4622	1:48:12	1/1/2019 	6484873	802.00	41.00	21.60	15.63	102114.56	1851	0	WinnieSzeto	
4623	1:48:12	1/1/2019 	6484980	962.00	211.00	46.46	15.63	102114.56	1849	0	WinnieSzeto	
4624	1:48:12	1/1/2019 	6485131	933.00	140.00	37.63	15.63	102114.56	4440	1	WinnieSzeto	
4625	1:48:13	1/1/2019 	6485683	555.00	9.00	13.46	15.63	102114.46	49829	0	WinnieSzeto	
4626	1:48:13	1/1/2019 	6486604	720.00	13.00	16.01	15.64	102114.66	49830	0	WinnieSzeto	
4627	1:48:15	1/1/2019 	6488106	981.00	910.00	178.52	15.65	102114.57	49829	1	WinnieSzeto	
4628	1:48:16	1/1/2019 	6488987	131.00	8.00	7.47	15.65	102114.28	49829	0	WinnieSzeto	
4629	1:48:17	1/1/2019 	6489770	583.00	9.00	13.81	15.66	102114.29	49825	0	WinnieSzeto	
4630	1:48:19	1/1/2019 	6491732	279.00	8.00	10.76	15.67	102114.20	101225	0	WinnieSzeto	
4631	1:48:19	1/1/2019 	6492625	140.00	8.00	7.73	15.68	102114.20	49826	0	WinnieSzeto	
4632	1:48:21	1/1/2019 	6493704	908.00	112.00	32.34	15.68	102114.17	49826	0	WinnieSzeto	
4633	1:48:21	1/1/2019 	6493917	84.00	8.00	6.21	15.68	102114.17	1851	0	WinnieSzeto	
4634	1:48:21	1/1/2019 	6494026	91.00	8.00	6.37	15.68	102114.17	1847	0	WinnieSzeto	
4635	1:48:21	1/1/2019 	6494284	504.00	9.00	12.96	15.68	102114.44	1847	0	WinnieSzeto	
4636	1:48:22	1/1/2019 	6494857	172.00	8.00	8.62	15.69	102114.50	52436	0	WinnieSzeto	
4637	1:48:22	1/1/2019 	6495083	89.00	8.00	6.32	15.69	102114.50	1847	0	WinnieSzeto	
4638	1:48:22	1/1/2019 	6495637	684.00	10.00	14.94	15.69	102114.57	49823	0	WinnieSzeto	
4639	1:48:23	1/1/2019 	6496420	590.00	9.00	13.90	15.69	102114.51	1850	0	WinnieSzeto	
4640	1:48:24	1/1/2019 	6496752	164.00	8.00	8.40	15.69	102114.51	49827	0	WinnieSzeto	
4641	1:48:24	1/1/2019 	6497238	96.00	8.00	6.49	15.70	102114.58	1848	0	WinnieSzeto	
4642	1:48:24	1/1/2019 	6497324	968.00	247.00	49.93	15.70	102114.58	4418	0	WinnieSzeto	
4643	1:48:24	1/1/2019 	6497411	137.00	8.00	7.64	15.70	102114.58	1850	0	WinnieSzeto	
4644	1:48:25	1/1/2019 	6497824	715.00	12.00	15.66	15.70	102114.84	49825	0	WinnieSzeto	
4645	1:48:27	1/1/2019 	6499875	353.00	8.00	11.69	15.71	102114.81	97805	0	WinnieSzeto	
4646	1:48:27	1/1/2019 	6499954	616.00	9.00	14.22	15.71	102114.81	2649	0	WinnieSzeto	
4647	1:48:28	1/1/2019 	6500794	433.00	9.00	12.44	15.72	102114.69	52439	0	WinnieSzeto	
4648	1:48:28	1/1/2019 	6500989	267.00	8.00	10.57	15.72	102114.43	1850	0	WinnieSzeto	
4649	1:48:29	1/1/2019 	6501989	509.00	9.00	13.00	15.73	102114.47	49824	0	WinnieSzeto	
4650	1:48:29	1/1/2019 	6502077	521.00	8.00	13.00	15.73	102114.47	1850	1	WinnieSzeto	
4651	1:48:31	1/1/2019 	6504644	552.00	9.00	13.43	15.74	102114.38	145787	0	WinnieSzeto	
4652	1:48:32	1/1/2019 	6504877	529.00	9.00	13.18	15.74	102114.96	1856	0	WinnieSzeto	
4653	1:48:32	1/1/2019 	6505268	915.00	118.00	33.52	15.74	102114.96	4442	0	WinnieSzeto	
4654	1:48:33	1/1/2019 	6506226	628.00	9.00	14.35	15.75	102115.25	49830	0	WinnieSzeto	
4655	1:48:34	1/1/2019 	6506718	156.00	9.00	8.19	15.75	102115.48	49828	0	WinnieSzeto	
4656	1:48:34	1/1/2019 	6506920	396.00	9.00	12.15	15.75	102115.48	1849	0	WinnieSzeto	
4657	1:48:34	1/1/2019 	6506996	71.00	8.00	5.99	15.75	102115.36	1848	0	WinnieSzeto	
4658	1:48:34	1/1/2019 	6507076	106.00	8.00	6.75	15.75	102115.36	1846	0	WinnieSzeto	
4659	1:48:34	1/1/2019 	6507378	268.00	8.00	10.59	15.75	102115.36	4437	0	WinnieSzeto	
4660	1:48:34	1/1/2019 	6507381	656.00	9.00	14.55	15.75	102115.36	1847	1	WinnieSzeto	
4661	1:48:34	1/1/2019 	6507387	861.00	72.00	25.16	15.75	102115.36	1849	0	WinnieSzeto	
4662	1:48:34	1/1/2019 	6507413	555.00	9.00	13.46	15.75	102115.36	1849	0	WinnieSzeto	
4663	1:48:35	1/1/2019 	6508104	177.00	8.00	8.75	15.75	102115.27	49827	0	WinnieSzeto	
4664	1:48:35	1/1/2019 	6508348	145.00	8.00	7.87	15.76	102115.30	1848	0	WinnieSzeto	
4665	1:48:36	1/1/2019 	6509624	617.00	9.00	14.23	15.76	102115.95	100395	0	WinnieSzeto	
4666	1:48:37	1/1/2019 	6510071	762.00	23.00	18.88	15.77	102116.19	2649	0	WinnieSzeto	
4667	1:48:37	1/1/2019 	6510136	969.00	242.00	49.40	15.77	102116.19	1851	1	WinnieSzeto	
4668	1:48:37	1/1/2019 	6510615	208.00	8.00	9.48	15.77	102116.25	49829	0	WinnieSzeto	
4669	1:48:38	1/1/2019 	6510854	540.00	9.00	13.29	15.77	102116.25	1848	0	WinnieSzeto	
4670	1:48:38	1/1/2019 	6511114	926.00	129.00	35.64	15.77	102116.15	1851	1	WinnieSzeto	
4671	1:48:39	1/1/2019 	6511967	147.00	8.00	7.93	15.77	102116.19	52529	0	WinnieSzeto	
4672	1:48:39	1/1/2019 	6512039	192.00	8.00	9.11	15.78	102116.09	1848	0	WinnieSzeto	
4673	1:48:39	1/1/2019 	6512647	567.00	9.00	13.60	15.78	102116.16	49824	0	WinnieSzeto	
4674	1:48:40	1/1/2019 	6512657	740.00	15.00	16.70	15.78	102116.16	1848	0	WinnieSzeto	
4675	1:48:40	1/1/2019 	6512730	878.00	82.00	26.72	15.78	102116.16	1851	1	WinnieSzeto	
4676	1:48:40	1/1/2019 	6512737	915.00	108.00	31.57	15.78	102116.16	1850	0	WinnieSzeto	
4677	1:48:40	1/1/2019 	6512857	526.00	8.00	13.04	15.78	102116.16	4530	0	WinnieSzeto	
4678	1:48:40	1/1/2019 	6512986	744.00	16.00	17.02	15.78	102116.16	1847	0	WinnieSzeto	
4679	1:48:40	1/1/2019 	6513486	108.00	9.00	6.81	15.78	102116.22	1847	0	WinnieSzeto	
4680	1:48:42	1/1/2019 	6514721	150.00	8.00	8.02	15.79	102116.48	97807	0	WinnieSzeto	
4681	1:48:42	1/1/2019 	6514748	835.00	62.00	23.83	15.79	102116.48	1849	0	WinnieSzeto	
4682	1:48:42	1/1/2019 	6514851	574.00	9.00	13.69	15.79	102116.39	1849	0	WinnieSzeto	
4683	1:48:44	1/1/2019 	6516861	663.00	10.00	14.89	15.80	102116.62	100490	0	WinnieSzeto	
4684	1:48:44	1/1/2019 	6517370	195.00	9.00	9.19	15.80	102116.36	1857	0	WinnieSzeto	
4685	1:48:44	1/1/2019 	6517572	64.00	9.00	5.92	15.80	102116.36	49829	0	WinnieSzeto	
4686	1:48:44	1/1/2019 	6517605	926.00	126.00	35.08	15.80	102116.27	1848	1	WinnieSzeto	
4687	1:48:46	1/1/2019 	6518688	527.00	9.00	13.16	15.81	102115.98	49830	0	WinnieSzeto	
4688	1:48:46	1/1/2019 	6519037	878.00	82.00	26.72	15.81	102116.05	1851	1	WinnieSzeto	
4689	1:48:46	1/1/2019 	6519150	651.00	9.00	14.53	15.81	102116.05	4698	0	WinnieSzeto	
4690	1:48:47	1/1/2019 	6519918	814.00	49.00	22.42	15.81	102115.66	49829	0	WinnieSzeto	
4691	1:48:47	1/1/2019 	6520552	641.00	9.00	14.46	15.82	102115.56	50629	0	WinnieSzeto	
4692	1:48:48	1/1/2019 	6520706	788.00	28.00	19.89	15.82	102115.56	1849	0	WinnieSzeto	
4693	1:48:49	1/1/2019 	6521799	945.00	146.00	38.64	15.82	102115.89	49829	0	WinnieSzeto	
4694	1:48:49	1/1/2019 	6522198	125.00	8.00	7.29	15.83	102115.80	1852	0	WinnieSzeto	
4695	1:48:50	1/1/2019 	6522983	633.00	9.00	14.40	15.83	102115.47	52439	0	WinnieSzeto	
4696	1:48:51	1/1/2019 	6523700	460.00	8.00	12.55	15.83	102116.06	49828	0	WinnieSzeto	
4697	1:48:51	1/1/2019 	6523878	977.00	611.00	107.46	15.83	102115.90	1849	1	WinnieSzeto	
4698	1:48:51	1/1/2019 	6524286	712.00	12.00	15.66	15.83	102115.90	1850	0	WinnieSzeto	
4699	1:48:52	1/1/2019 	6525471	691.00	11.00	15.30	15.84	102116.45	49827	0	WinnieSzeto	
4700	1:48:53	1/1/2019 	6525743	174.00	8.00	8.67	15.84	102116.45	49830	0	WinnieSzeto	
4701	1:48:53	1/1/2019 	6526463	74.00	8.00	6.03	15.84	102116.52	4665	0	WinnieSzeto	
4702	1:48:54	1/1/2019 	6527211	208.00	8.00	9.48	15.85	102116.98	49826	0	WinnieSzeto	
4703	1:48:55	1/1/2019 	6527714	72.00	8.00	6.00	15.85	102117.02	49827	0	WinnieSzeto	
4704	1:48:55	1/1/2019 	6528401	208.00	9.00	9.49	15.86	102117.47	1848	0	WinnieSzeto	
4705	1:48:56	1/1/2019 	6528760	65.00	8.00	5.92	15.86	102117.53	49829	0	WinnieSzeto	
4706	1:48:56	1/1/2019 	6529007	189.00	8.00	9.04	15.86	102117.53	1849	0	WinnieSzeto	
4707	1:48:56	1/1/2019 	6529497	162.00	8.00	8.35	15.86	102117.58	4465	1	WinnieSzeto	
4708	1:48:56	1/1/2019 	6529556	621.00	10.00	14.49	15.86	102117.58	49826	0	WinnieSzeto	
4709	1:48:57	1/1/2019 	6530430	577.00	9.00	13.73	15.87	102117.67	2649	0	WinnieSzeto	
4710	1:48:58	1/1/2019 	6531046	62.00	9.00	5.90	15.87	102117.73	49831	0	WinnieSzeto	
4711	1:48:59	1/1/2019 	6531737	440.00	9.00	12.49	15.87	102118.33	49828	0	WinnieSzeto	
4712	1:48:59	1/1/2019 	6532321	699.00	12.00	15.65	15.88	102118.39	1851	0	WinnieSzeto	
4713	1:48:59	1/1/2019 	6532571	403.00	9.00	12.21	15.88	102118.39	52668	0	WinnieSzeto	
4714	1:49:00	1/1/2019 	6532661	320.00	8.00	11.32	15.88	102118.46	1849	0	WinnieSzeto	
4715	1:49:01	1/1/2019 	6534296	208.00	9.00	9.49	15.88	102118.42	49828	0	WinnieSzeto	
4716	1:49:01	1/1/2019 	6534457	81.00	8.00	6.15	15.89	102118.47	1850	0	WinnieSzeto	
4717	1:49:03	1/1/2019 	6536615	324.00	8.00	11.37	15.90	102118.92	145787	0	WinnieSzeto	
4718	1:49:04	1/1/2019 	6536697	203.00	8.00	9.37	15.90	102118.92	1850	0	WinnieSzeto	
4719	1:49:04	1/1/2019 	6537407	249.00	8.00	10.28	15.90	102118.66	4445	0	WinnieSzeto	
4720	1:49:04	1/1/2019 	6537418	731.00	15.00	16.69	15.90	102118.66	1847	0	WinnieSzeto	
4721	1:49:05	1/1/2019 	6537845	664.00	10.00	14.89	15.90	102118.58	49830	0	WinnieSzeto	
4722	1:49:07	1/1/2019 	6540368	225.00	8.00	9.83	15.92	102119.16	97810	0	WinnieSzeto	
4723	1:49:09	1/1/2019 	6542391	108.00	8.00	6.81	15.93	102119.40	98606	0	WinnieSzeto	
4724	1:49:10	1/1/2019 	6542809	339.00	9.00	11.58	15.93	102119.59	52666	0	WinnieSzeto	
4725	1:49:11	1/1/2019 	6544427	148.00	8.00	7.96	15.94	102119.47	49829	0	WinnieSzeto	
4726	1:49:12	1/1/2019 	6544913	962.00	365.00	68.56	15.94	102119.47	49828	1	WinnieSzeto	
4727	1:49:12	1/1/2019 	6545367	261.00	9.00	10.50	15.94	102119.21	1852	0	WinnieSzeto	
4728	1:49:13	1/1/2019 	6545905	73.00	8.00	6.02	15.94	102119.25	49828	0	WinnieSzeto	
4729	1:49:14	1/1/2019 	6546762	151.00	8.00	8.05	15.95	102119.22	49826	0	WinnieSzeto	
4730	1:49:14	1/1/2019 	6546773	810.00	49.00	22.42	15.95	102119.22	4445	0	WinnieSzeto	
4731	1:49:14	1/1/2019 	6546962	212.00	8.00	9.56	15.95	102119.22	1850	0	WinnieSzeto	
4732	1:49:14	1/1/2019 	6547083	362.00	9.00	11.83	15.95	102119.22	1846	0	WinnieSzeto	
4733	1:49:14	1/1/2019 	6547142	97.00	8.00	6.52	15.95	102119.22	1849	0	WinnieSzeto	
4734	1:49:15	1/1/2019 	6548419	652.00	10.00	14.82	15.95	102119.55	49824	0	WinnieSzeto	
4735	1:49:15	1/1/2019 	6548551	426.00	9.00	12.39	15.95	102119.55	49829	0	WinnieSzeto	
4736	1:49:16	1/1/2019 	6549320	65.00	8.00	5.92	15.96	102119.45	4460	0	WinnieSzeto	
4737	1:49:17	1/1/2019 	6549831	238.00	8.00	10.08	15.96	102119.52	49826	0	WinnieSzeto	
4738	1:49:19	1/1/2019 	6551984	106.00	9.00	6.76	15.97	102119.39	98603	0	WinnieSzeto	
4739	1:49:19	1/1/2019 	6552017	138.00	8.00	7.67	15.97	102119.39	1849	0	WinnieSzeto	
4740	1:49:19	1/1/2019 	6552209	405.00	9.00	12.22	15.97	102119.30	1847	0	WinnieSzeto	
4741	1:49:19	1/1/2019 	6552362	800.00	36.00	21.04	15.97	102119.30	1850	0	WinnieSzeto	
4742	1:49:19	1/1/2019 	6552609	258.00	9.00	10.45	15.97	102119.30	52438	1	WinnieSzeto	
4743	1:49:20	1/1/2019 	6552667	171.00	9.00	8.60	15.97	102119.30	1850	0	WinnieSzeto	
4744	1:49:20	1/1/2019 	6553110	458.00	9.00	12.62	15.97	102119.33	1850	0	WinnieSzeto	
4745	1:49:20	1/1/2019 	6553239	395.00	8.00	12.08	15.97	102119.33	1849	0	WinnieSzeto	
4746	1:49:20	1/1/2019 	6553278	895.00	93.00	28.67	15.97	102119.33	1847	1	WinnieSzeto	
4747	1:49:20	1/1/2019 	6553302	166.00	8.00	8.46	15.97	102119.33	1850	0	WinnieSzeto	
4748	1:49:20	1/1/2019 	6553579	592.00	9.00	13.92	15.98	102119.39	52416	1	WinnieSzeto	
4749	1:49:21	1/1/2019 	6553927	65.00	8.00	5.92	15.98	102119.30	1849	0	WinnieSzeto	
4750	1:49:21	1/1/2019 	6554127	161.00	9.00	8.33	15.98	102119.30	1847	0	WinnieSzeto	
4751	1:49:21	1/1/2019 	6554191	118.00	8.00	7.09	15.98	102119.30	1848	0	WinnieSzeto	
4752	1:49:22	1/1/2019 	6554977	696.00	11.00	15.30	15.98	102119.37	49825	0	WinnieSzeto	
4753	1:49:23	1/1/2019 	6556239	896.00	99.00	29.79	15.99	102119.60	49828	1	WinnieSzeto	
4754	1:49:23	1/1/2019 	6556418	711.00	12.00	15.66	15.99	102119.60	4441	0	WinnieSzeto	
4755	1:49:24	1/1/2019 	6556778	793.00	36.00	21.03	15.99	102119.50	49827	0	WinnieSzeto	
4756	1:49:25	1/1/2019 	6557973	950.00	157.00	40.36	16.00	102119.44	49829	0	WinnieSzeto	
4757	1:49:26	1/1/2019 	6558678	108.00	8.00	6.81	16.00	102119.34	49829	1	WinnieSzeto	
4758	1:49:26	1/1/2019 	6558845	143.00	8.00	7.82	16.00	102119.34	1848	0	WinnieSzeto	
4759	1:49:26	1/1/2019 	6559099	148.00	8.00	7.96	16.00	102119.25	1846	0	WinnieSzeto	
4760	1:49:26	1/1/2019 	6559653	423.00	9.00	12.37	16.01	102119.31	52642	0	WinnieSzeto	
4761	1:49:27	1/1/2019 	6559913	423.00	9.00	12.37	16.01	102119.31	2648	0	WinnieSzeto	
4762	1:49:27	1/1/2019 	6560144	785.00	26.00	19.52	16.01	102119.35	1851	1	WinnieSzeto	
4763	1:49:29	1/1/2019 	6562000	910.00	115.00	32.93	16.02	102119.22	97807	1	WinnieSzeto	
4764	1:49:29	1/1/2019 	6562005	208.00	8.00	9.48	16.02	102119.22	1851	0	WinnieSzeto	
4765	1:49:30	1/1/2019 	6562760	954.00	158.00	40.51	16.02	102119.26	49825	0	WinnieSzeto	
4766	1:49:30	1/1/2019 	6562787	172.00	9.00	8.62	16.02	102119.26	4483	0	WinnieSzeto	
4767	1:49:30	1/1/2019 	6563010	741.00	16.00	17.02	16.02	102119.30	1849	0	WinnieSzeto	
4768	1:49:30	1/1/2019 	6563343	176.00	8.00	8.72	16.02	102119.30	1848	0	WinnieSzeto	
4769	1:49:30	1/1/2019 	6563549	963.00	241.00	49.30	16.02	102119.20	49825	1	WinnieSzeto	
4770	1:49:31	1/1/2019 	6563859	710.00	12.00	15.66	16.02	102119.20	1850	1	WinnieSzeto	
4771	1:49:31	1/1/2019 	6563981	114.00	8.00	6.98	16.03	102119.10	1850	0	WinnieSzeto	
4772	1:49:32	1/1/2019 	6564729	752.00	19.00	17.90	16.03	102119.16	52671	0	WinnieSzeto	
4773	1:49:33	1/1/2019 	6565710	747.00	17.00	17.33	16.04	102119.50	49831	0	WinnieSzeto	
4774	1:49:33	1/1/2019 	6565883	176.00	8.00	8.72	16.04	102119.50	1851	0	WinnieSzeto	
4775	1:49:33	1/1/2019 	6566267	70.00	8.00	5.98	16.04	102119.40	1847	0	WinnieSzeto	
4776	1:49:35	1/1/2019 	6567889	155.00	8.00	8.16	16.05	102119.24	97804	0	WinnieSzeto	
4777	1:49:35	1/1/2019 	6568329	142.00	8.00	7.79	16.05	102119.24	1847	0	WinnieSzeto	
4778	1:49:36	1/1/2019 	6569042	420.00	9.00	12.34	16.05	102118.72	52423	0	WinnieSzeto	
4779	1:49:36	1/1/2019 	6569092	922.00	127.00	35.26	16.05	102118.72	1851	1	WinnieSzeto	
4780	1:49:36	1/1/2019 	6569301	372.00	8.00	11.88	16.05	102118.72	1850	0	WinnieSzeto	
4781	1:49:37	1/1/2019 	6570130	790.00	30.00	20.21	16.05	102118.11	49825	1	WinnieSzeto	
4782	1:49:37	1/1/2019 	6570448	907.00	106.00	31.16	16.05	102118.11	2650	1	WinnieSzeto	
4783	1:49:37	1/1/2019 	6570615	928.00	133.00	36.38	16.06	102118.02	49830	0	WinnieSzeto	
4784	1:49:38	1/1/2019 	6571143	758.00	19.00	17.91	16.06	102118.02	4688	0	WinnieSzeto	
4785	1:49:38	1/1/2019 	6571423	88.00	8.00	6.30	16.06	102117.91	1850	0	WinnieSzeto	
4786	1:49:38	1/1/2019 	6571557	144.00	8.00	7.85	16.06	102117.91	49825	0	WinnieSzeto	
4787	1:49:39	1/1/2019 	6571907	925.00	132.00	36.19	16.06	102118.14	1848	1	WinnieSzeto	
4788	1:49:39	1/1/2019 	6572577	120.00	8.00	7.15	16.06	102118.34	49829	0	WinnieSzeto	
4789	1:49:39	1/1/2019 	6572630	965.00	282.00	54.30	16.06	102118.34	1846	1	WinnieSzeto	
4790	1:49:40	1/1/2019 	6573000	197.00	8.00	9.23	16.07	102118.25	4448	0	WinnieSzeto	
4791	1:49:40	1/1/2019 	6573379	461.00	9.00	12.64	16.07	102118.25	1847	0	WinnieSzeto	
4792	1:49:41	1/1/2019 	6573827	121.00	8.00	7.18	16.07	102118.47	49828	0	WinnieSzeto	
4793	1:49:42	1/1/2019 	6574915	654.00	9.00	14.54	16.07	102118.41	49826	0	WinnieSzeto	
4794	1:49:42	1/1/2019 	6575605	138.00	8.00	7.67	16.08	102118.28	49829	0	WinnieSzeto	
4795	1:49:43	1/1/2019 	6576095	854.00	73.00	25.28	16.08	102118.52	1848	0	WinnieSzeto	
4796	1:49:43	1/1/2019 	6576560	380.00	8.00	11.95	16.08	102118.74	52418	0	WinnieSzeto	
4797	1:49:44	1/1/2019 	6577053	253.00	9.00	10.37	16.08	102118.97	1847	0	WinnieSzeto	
4798	1:49:45	1/1/2019 	6577786	926.00	139.00	37.45	16.08	102118.80	49829	1	WinnieSzeto	
4799	1:49:47	1/1/2019 	6580343	872.00	81.00	26.54	16.10	102119.11	97810	1	WinnieSzeto	
4800	1:49:49	1/1/2019 	6581874	347.00	9.00	11.67	16.10	102118.95	98607	0	WinnieSzeto	
4801	1:49:49	1/1/2019 	6582149	151.00	8.00	8.05	16.10	102118.95	4461	0	WinnieSzeto	
4802	1:49:49	1/1/2019 	6582361	298.00	8.00	11.03	16.11	102118.85	1848	0	WinnieSzeto	
4803	1:49:51	1/1/2019 	6583697	840.00	66.00	24.32	16.11	102119.11	97805	1	WinnieSzeto	
4804	1:49:51	1/1/2019 	6584107	367.00	9.00	11.88	16.11	102119.11	1851	0	WinnieSzeto	
4805	1:49:52	1/1/2019 	6584928	336.00	8.00	11.51	16.11	102119.02	49828	0	WinnieSzeto	
4806	1:49:53	1/1/2019 	6585663	886.00	92.00	28.46	16.12	102119.47	49827	1	WinnieSzeto	
4807	1:49:53	1/1/2019 	6585981	730.00	14.00	16.36	16.12	102119.47	4441	0	WinnieSzeto	
4808	1:49:53	1/1/2019 	6586008	153.00	9.00	8.11	16.12	102119.47	1849	0	WinnieSzeto	
4809	1:49:54	1/1/2019 	6586747	565.00	9.00	13.58	16.12	102119.48	49828	0	WinnieSzeto	
4810	1:49:54	1/1/2019 	6586836	596.00	9.00	13.97	16.12	102119.55	1850	0	WinnieSzeto	
4811	1:49:54	1/1/2019 	6587247	554.00	9.00	13.45	16.12	102119.55	1849	1	WinnieSzeto	
4812	1:49:54	1/1/2019 	6587595	200.00	8.00	9.30	16.13	102119.61	49828	0	WinnieSzeto	
4813	1:49:55	1/1/2019 	6588224	972.00	584.00	101.23	16.13	102119.67	4437	0	WinnieSzeto	
4814	1:49:55	1/1/2019 	6588392	145.00	8.00	7.87	16.13	102119.67	1852	0	WinnieSzeto	
4815	1:49:57	1/1/2019 	6589816	292.00	9.00	10.98	16.13	102119.84	97806	0	WinnieSzeto	
4816	1:49:57	1/1/2019 	6590301	328.00	8.00	11.41	16.13	102119.52	2653	0	WinnieSzeto	
4817	1:49:57	1/1/2019 	6590558	963.00	224.00	47.65	16.13	102119.52	49827	1	WinnieSzeto	
4818	1:49:58	1/1/2019 	6591017	172.00	8.00	8.62	16.14	102119.59	1850	0	WinnieSzeto	
4819	1:49:58	1/1/2019 	6591398	867.00	78.00	26.05	16.14	102120.34	4466	1	WinnieSzeto	
4820	1:50:00	1/1/2019 	6593089	255.00	9.00	10.40	16.15	102120.37	97807	0	WinnieSzeto	
4821	1:50:00	1/1/2019 	6593339	637.00	9.00	14.43	16.15	102120.37	1851	0	WinnieSzeto	
4822	1:50:01	1/1/2019 	6594045	793.00	34.00	20.78	16.15	102120.47	49828	1	WinnieSzeto	
4823	1:50:02	1/1/2019 	6595216	94.00	8.00	6.44	16.16	102120.44	49830	0	WinnieSzeto	
4824	1:50:02	1/1/2019 	6595264	923.00	128.00	35.45	16.16	102120.44	1848	1	WinnieSzeto	
4825	1:50:03	1/1/2019 	6596487	821.00	55.00	23.04	16.16	102120.54	52418	0	WinnieSzeto	
4826	1:50:05	1/1/2019 	6597947	692.00	11.00	15.30	16.17	102120.57	97809	0	WinnieSzeto	
4827	1:50:05	1/1/2019 	6598040	727.00	14.00	16.36	16.17	102120.57	1852	0	WinnieSzeto	
4828	1:50:05	1/1/2019 	6598189	574.00	9.00	13.69	16.17	102120.57	1849	0	WinnieSzeto	
4829	1:50:05	1/1/2019 	6598347	217.00	9.00	9.68	16.17	102120.57	1850	0	WinnieSzeto	
4830	1:50:05	1/1/2019 	6598452	92.00	8.00	6.39	16.17	102120.57	1849	0	WinnieSzeto	
4831	1:50:06	1/1/2019 	6598744	457.00	9.00	12.61	16.17	102120.25	52642	0	WinnieSzeto	
4832	1:50:06	1/1/2019 	6598855	189.00	8.00	9.04	16.17	102120.25	1851	0	WinnieSzeto	
4833	1:50:06	1/1/2019 	6599400	870.00	80.00	26.37	16.17	102120.58	1848	1	WinnieSzeto	
4834	1:50:07	1/1/2019 	6599874	655.00	9.00	14.55	16.18	102120.64	49826	0	WinnieSzeto	
4835	1:50:08	1/1/2019 	6600763	168.00	8.00	8.51	16.18	102120.61	50629	0	WinnieSzeto	
4836	1:50:09	1/1/2019 	6601669	645.00	9.00	14.49	16.18	102120.52	49826	0	WinnieSzeto	
4837	1:50:09	1/1/2019 	6601828	77.00	8.00	6.08	16.18	102120.52	4462	0	WinnieSzeto	
4838	1:50:09	1/1/2019 	6602058	611.00	9.00	14.16	16.19	102120.55	1848	0	WinnieSzeto	
4839	1:50:09	1/1/2019 	6602283	912.00	113.00	32.54	16.19	102120.55	1850	0	WinnieSzeto	
4840	1:50:10	1/1/2019 	6602872	540.00	9.00	13.29	16.19	102121.01	49828	0	WinnieSzeto	
4841	1:50:10	1/1/2019 	6602889	104.00	9.00	6.70	16.19	102121.01	1852	0	WinnieSzeto	
4842	1:50:11	1/1/2019 	6603814	741.00	16.00	17.02	16.20	102121.11	49827	0	WinnieSzeto	
4843	1:50:11	1/1/2019 	6604176	384.00	9.00	12.04	16.20	102121.17	4666	0	WinnieSzeto	
4844	1:50:11	1/1/2019 	6604365	609.00	9.00	14.14	16.20	102121.17	1849	0	WinnieSzeto	
4845	1:50:12	1/1/2019 	6604830	151.00	8.00	8.05	16.20	102120.85	49827	0	WinnieSzeto	
4846	1:50:12	1/1/2019 	6605166	74.00	8.00	6.03	16.20	102120.85	1849	0	WinnieSzeto	
4847	1:50:12	1/1/2019 	6605551	442.00	9.00	12.50	16.20	102120.75	49826	0	WinnieSzeto	
4848	1:50:13	1/1/2019 	6605854	956.00	173.00	42.52	16.20	102120.81	1850	0	WinnieSzeto	
4849	1:50:14	1/1/2019 	6606697	65.00	8.00	5.92	16.21	102120.69	52427	0	WinnieSzeto	
4850	1:50:14	1/1/2019 	6606978	963.00	166.00	41.62	16.21	102121.31	1847	0	WinnieSzeto	
4851	1:50:14	1/1/2019 	6607230	110.00	8.00	6.86	16.21	102121.31	1851	0	WinnieSzeto	
4852	1:50:16	1/1/2019 	6608747	196.00	8.00	9.21	16.22	102120.79	97804	0	WinnieSzeto	
4853	1:50:17	1/1/2019 	6609716	783.00	29.00	20.04	16.22	102121.05	49826	1	WinnieSzeto	
4854	1:50:17	1/1/2019 	6609748	180.00	8.00	8.82	16.22	102121.05	2650	0	WinnieSzeto	
4855	1:50:17	1/1/2019 	6609888	689.00	11.00	15.30	16.22	102121.05	4611	0	WinnieSzeto	
4856	1:50:17	1/1/2019 	6610036	110.00	8.00	6.86	16.22	102121.05	1849	0	WinnieSzeto	
4857	1:50:18	1/1/2019 	6611231	129.00	8.00	7.41	16.23	102121.31	49826	0	WinnieSzeto	
4858	1:50:19	1/1/2019 	6611742	959.00	213.00	46.64	16.23	102121.36	49827	0	WinnieSzeto	
4859	1:50:20	1/1/2019 	6612968	400.00	9.00	12.18	16.23	102121.65	49830	0	WinnieSzeto	
4860	1:50:20	1/1/2019 	6613164	554.00	9.00	13.45	16.24	102121.55	1851	0	WinnieSzeto	
4861	1:50:21	1/1/2019 	6614185	435.00	9.00	12.45	16.24	102121.81	52424	0	WinnieSzeto	
4862	1:50:21	1/1/2019 	6614365	178.00	9.00	8.78	16.24	102121.81	1850	0	WinnieSzeto	
4863	1:50:21	1/1/2019 	6614577	162.00	8.00	8.35	16.24	102121.81	49826	0	WinnieSzeto	
4864	1:50:22	1/1/2019 	6614803	622.00	9.00	14.29	16.24	102121.72	1847	0	WinnieSzeto	
4865	1:50:22	1/1/2019 	6615571	891.00	91.00	28.30	16.25	102121.78	49829	1	WinnieSzeto	
4866	1:50:23	1/1/2019 	6615858	629.00	9.00	14.36	16.25	102122.02	1850	0	WinnieSzeto	
4867	1:50:23	1/1/2019 	6616021	104.00	8.00	6.70	16.25	102122.02	4460	0	WinnieSzeto	
4868	1:50:24	1/1/2019 	6616816	804.00	35.00	20.92	16.25	102121.69	49826	0	WinnieSzeto	
4869	1:50:24	1/1/2019 	6616823	118.00	8.00	7.09	16.25	102121.69	1851	0	WinnieSzeto	
4870	1:50:24	1/1/2019 	6617354	320.00	8.00	11.32	16.25	102121.72	1847	0	WinnieSzeto	
4871	1:50:25	1/1/2019 	6618172	612.00	9.00	14.17	16.26	102121.85	49825	0	WinnieSzeto	
4872	1:50:26	1/1/2019 	6618999	531.00	9.00	13.20	16.26	102122.24	52418	0	WinnieSzeto	
4873	1:50:26	1/1/2019 	6619387	81.00	8.00	6.15	16.26	102122.30	1850	0	WinnieSzeto	
4874	1:50:26	1/1/2019 	6619457	410.00	9.00	12.26	16.26	102122.30	1847	0	WinnieSzeto	
4875	1:50:27	1/1/2019 	6620209	403.00	9.00	12.21	16.26	102122.34	49827	0	WinnieSzeto	
4876	1:50:27	1/1/2019 	6620382	951.00	149.00	39.13	16.27	102122.73	2653	0	WinnieSzeto	
4877	1:50:27	1/1/2019 	6620610	165.00	8.00	8.43	16.27	102122.73	49830	0	WinnieSzeto	
4878	1:50:28	1/1/2019 	6621071	113.00	12.00	6.96	16.27	102122.64	4467	0	WinnieSzeto	
4879	1:50:28	1/1/2019 	6621198	347.00	9.00	11.67	16.27	102122.64	1849	0	WinnieSzeto	
4880	1:50:29	1/1/2019 	6621794	129.00	8.00	7.41	16.27	102122.47	49828	0	WinnieSzeto	
4881	1:50:29	1/1/2019 	6622294	668.00	10.00	14.91	16.27	102122.70	1849	0	WinnieSzeto	
4882	1:50:29	1/1/2019 	6622369	148.00	8.00	7.96	16.27	102122.70	1850	0	WinnieSzeto	
4883	1:50:29	1/1/2019 	6622585	432.00	9.00	12.43	16.27	102122.58	49826	0	WinnieSzeto	
4884	1:50:29	1/1/2019 	6622636	954.00	146.00	38.64	16.27	102122.58	4440	1	WinnieSzeto	
4885	1:50:32	1/1/2019 	6624708	71.00	8.00	5.99	16.28	102122.16	97808	0	WinnieSzeto	
4886	1:50:32	1/1/2019 	6625224	672.00	10.00	14.92	16.28	102122.16	1848	0	WinnieSzeto	
4887	1:50:33	1/1/2019 	6626028	774.00	24.00	19.11	16.29	102122.09	49829	1	WinnieSzeto	
4888	1:50:33	1/1/2019 	6626163	715.00	12.00	15.66	16.29	102122.09	1851	0	WinnieSzeto	
4889	1:50:34	1/1/2019 	6627008	110.00	8.00	6.86	16.29	102121.52	49828	0	WinnieSzeto	
4890	1:50:34	1/1/2019 	6627609	203.00	8.00	9.37	16.29	102121.74	52644	1	WinnieSzeto	
4891	1:50:35	1/1/2019 	6627735	802.00	41.00	21.60	16.29	102121.74	1847	1	WinnieSzeto	
4892	1:50:35	1/1/2019 	6627900	131.00	8.00	7.47	16.29	102121.74	1850	0	WinnieSzeto	
4893	1:50:35	1/1/2019 	6628452	745.00	16.00	17.02	16.30	102121.94	1848	0	WinnieSzeto	
4894	1:50:36	1/1/2019 	6629573	427.00	9.00	12.39	16.30	102121.91	97804	0	WinnieSzeto	
4895	1:50:37	1/1/2019 	6630125	424.00	9.00	12.37	16.30	102122.30	2649	0	WinnieSzeto	
4896	1:50:37	1/1/2019 	6630569	794.00	31.00	20.37	16.31	102122.20	52462	0	WinnieSzeto	
4897	1:50:38	1/1/2019 	6630975	640.00	9.00	14.45	16.31	102122.07	1850	0	WinnieSzeto	
4898	1:50:38	1/1/2019 	6631335	68.00	8.00	5.95	16.31	102122.07	1849	0	WinnieSzeto	
4899	1:50:38	1/1/2019 	6631423	114.00	8.00	6.98	16.31	102122.30	1846	0	WinnieSzeto	
4900	1:50:39	1/1/2019 	6631808	870.00	79.00	26.22	16.31	102122.30	49825	1	WinnieSzeto	
4901	1:50:40	1/1/2019 	6632914	950.00	161.00	40.94	16.32	102122.43	49830	1	WinnieSzeto	
4902	1:50:40	1/1/2019 	6633081	197.00	8.00	9.23	16.32	102121.94	4592	0	WinnieSzeto	
4903	1:50:40	1/1/2019 	6633573	771.00	22.00	18.67	16.32	102121.94	49826	0	WinnieSzeto	
4904	1:50:41	1/1/2019 	6633976	157.00	9.00	8.22	16.32	102121.98	1850	0	WinnieSzeto	
4905	1:50:41	1/1/2019 	6634445	966.00	202.00	45.62	16.32	102122.20	1850	1	WinnieSzeto	
4906	1:50:41	1/1/2019 	6634472	151.00	9.00	8.05	16.32	102122.20	1850	0	WinnieSzeto	
4907	1:50:41	1/1/2019 	6634497	475.00	8.00	12.65	16.32	102122.20	1848	0	WinnieSzeto	
4908	1:50:42	1/1/2019 	6634960	71.00	8.00	5.99	16.32	102122.44	52422	0	WinnieSzeto	
4909	1:50:43	1/1/2019 	6635744	456.00	9.00	12.60	16.33	102122.34	49828	0	WinnieSzeto	
4910	1:50:45	1/1/2019 	6638252	181.00	8.00	8.85	16.34	102122.38	97812	0	WinnieSzeto	
4911	1:50:46	1/1/2019 	6638661	377.00	8.00	11.92	16.34	102122.61	49832	0	WinnieSzeto	
4912	1:50:46	1/1/2019 	6638765	718.00	13.00	16.01	16.34	102122.61	1849	0	WinnieSzeto	
4913	1:50:46	1/1/2019 	6638786	842.00	65.00	24.20	16.34	102122.61	1851	0	WinnieSzeto	
4914	1:50:46	1/1/2019 	6639051	332.00	7.00	11.42	16.34	102122.61	4438	0	WinnieSzeto	
4915	1:50:46	1/1/2019 	6639228	634.00	10.00	14.65	16.34	102122.80	1850	0	WinnieSzeto	
4916	1:50:46	1/1/2019 	6639404	446.00	9.00	12.53	16.34	102122.80	1849	0	WinnieSzeto	
4917	1:50:47	1/1/2019 	6639903	702.00	12.00	15.66	16.34	102122.87	49829	1	WinnieSzeto	
4918	1:50:47	1/1/2019 	6640068	66.00	8.00	5.93	16.34	102122.87	2649	0	WinnieSzeto	
4919	1:50:47	1/1/2019 	6640332	633.00	9.00	14.40	16.35	102122.94	1846	0	WinnieSzeto	
4920	1:50:48	1/1/2019 	6640819	957.00	206.00	45.99	16.35	102122.94	52440	0	WinnieSzeto	
4921	1:50:48	1/1/2019 	6641306	89.00	8.00	6.32	16.35	102123.16	1851	0	WinnieSzeto	
4922	1:50:48	1/1/2019 	6641608	453.00	9.00	12.58	16.35	102123.39	49825	0	WinnieSzeto	
4923	1:50:49	1/1/2019 	6642138	126.00	8.00	7.32	16.35	102123.22	1851	0	WinnieSzeto	
4924	1:50:50	1/1/2019 	6643550	533.00	9.00	13.22	16.36	102123.49	97809	0	WinnieSzeto	
4925	1:50:50	1/1/2019 	6643587	449.00	9.00	12.55	16.36	102123.49	1850	0	WinnieSzeto	
4926	1:50:50	1/1/2019 	6643634	99.00	6.00	6.56	16.36	102123.49	4438	0	WinnieSzeto	
4927	1:50:51	1/1/2019 	6643827	201.00	8.00	9.32	16.36	102123.72	1848	0	WinnieSzeto	
4928	1:50:52	1/1/2019 	6644682	430.00	9.00	12.42	16.36	102123.78	49826	1	WinnieSzeto	
4929	1:50:52	1/1/2019 	6645035	424.00	9.00	12.37	16.36	102123.81	1852	0	WinnieSzeto	
4930	1:50:52	1/1/2019 	6645256	897.00	98.00	29.60	16.36	102123.81	1850	1	WinnieSzeto	
4931	1:50:53	1/1/2019 	6646098	594.00	9.00	13.95	16.37	102124.11	49829	0	WinnieSzeto	
4932	1:50:53	1/1/2019 	6646456	241.00	8.00	10.13	16.37	102124.34	4438	0	WinnieSzeto	
4933	1:50:54	1/1/2019 	6646694	110.00	8.00	6.86	16.37	102124.34	49826	0	WinnieSzeto	
4934	1:50:54	1/1/2019 	6646798	295.00	8.00	10.99	16.37	102124.34	1848	0	WinnieSzeto	
4935	1:50:54	1/1/2019 	6647095	198.00	8.00	9.25	16.37	102124.41	1847	0	WinnieSzeto	
4936	1:50:54	1/1/2019 	6647407	680.00	10.00	14.94	16.37	102124.41	1848	0	WinnieSzeto	
4937	1:50:54	1/1/2019 	6647623	95.00	8.00	6.47	16.37	102124.08	49828	0	WinnieSzeto	
4938	1:50:56	1/1/2019 	6648811	756.00	19.00	17.90	16.38	102124.16	52589	0	WinnieSzeto	
4939	1:50:56	1/1/2019 	6648919	138.00	8.00	7.67	16.38	102124.16	1851	0	WinnieSzeto	
4940	1:50:56	1/1/2019 	6649044	457.00	9.00	12.61	16.38	102124.16	1847	0	WinnieSzeto	
4941	1:50:56	1/1/2019 	6649124	105.00	8.00	6.73	16.38	102124.16	1848	0	WinnieSzeto	
4942	1:50:57	1/1/2019 	6649782	71.00	8.00	5.99	16.38	102124.38	49827	0	WinnieSzeto	
4943	1:50:58	1/1/2019 	6650683	605.00	9.00	14.09	16.38	102124.44	50632	0	WinnieSzeto	
4944	1:50:58	1/1/2019 	6651101	673.00	10.00	14.93	16.39	102124.48	4460	0	WinnieSzeto	
4945	1:50:58	1/1/2019 	6651285	649.00	9.00	14.52	16.39	102124.48	1848	0	WinnieSzeto	
4946	1:50:58	1/1/2019 	6651586	450.00	9.00	12.56	16.39	102124.70	49828	0	WinnieSzeto	
4947	1:50:59	1/1/2019 	6652565	141.00	9.00	7.76	16.39	102124.94	49829	0	WinnieSzeto	
4948	1:51:01	1/1/2019 	6654011	419.00	12.00	12.52	16.40	102125.42	49830	0	WinnieSzeto	
4949	1:51:01	1/1/2019 	6654578	726.00	14.00	16.36	16.40	102124.94	49831	0	WinnieSzeto	
4950	1:51:02	1/1/2019 	6655389	392.00	8.00	12.06	16.40	102125.23	4487	0	WinnieSzeto	
4951	1:51:02	1/1/2019 	6655594	767.00	21.00	18.43	16.40	102125.23	49829	0	WinnieSzeto	
4952	1:51:04	1/1/2019 	6657382	820.00	56.00	23.14	16.41	102125.17	49830	0	WinnieSzeto	
4953	1:51:05	1/1/2019 	6658597	548.00	9.00	13.38	16.41	102125.62	97813	0	WinnieSzeto	
4954	1:51:05	1/1/2019 	6658644	629.00	9.00	14.36	16.41	102125.62	1858	0	WinnieSzeto	
4955	1:51:06	1/1/2019 	6658690	821.00	60.00	23.58	16.41	102125.62	4488	1	WinnieSzeto	
4956	1:51:06	1/1/2019 	6659156	549.00	8.00	13.26	16.42	102125.69	1856	0	WinnieSzeto	
4957	1:51:06	1/1/2019 	6659264	89.00	8.00	6.32	16.42	102125.69	1847	0	WinnieSzeto	
4958	1:51:07	1/1/2019 	6660633	624.00	9.00	14.31	16.42	102126.02	97807	0	WinnieSzeto	
4959	1:51:09	1/1/2019 	6662135	232.00	8.00	9.97	16.43	102125.80	50556	0	WinnieSzeto	
4960	1:51:09	1/1/2019 	6662234	188.00	9.00	9.03	16.43	102125.80	1848	0	WinnieSzeto	
4961	1:51:09	1/1/2019 	6662559	590.00	9.00	13.90	16.43	102125.80	52437	0	WinnieSzeto	
4962	1:51:10	1/1/2019 	6662974	568.00	9.00	13.62	16.43	102125.83	1849	0	WinnieSzeto	
4963	1:51:10	1/1/2019 	6663573	923.00	129.00	35.64	16.43	102125.57	49829	1	WinnieSzeto	
4964	1:51:11	1/1/2019 	6663976	200.00	8.00	9.30	16.43	102125.57	1850	0	WinnieSzeto	
4965	1:51:11	1/1/2019 	6664043	801.00	37.00	21.16	16.43	102125.57	1848	1	WinnieSzeto	
4966	1:51:11	1/1/2019 	6664155	803.00	46.00	22.11	16.43	102125.57	1849	1	WinnieSzeto	
4967	1:51:11	1/1/2019 	6664497	246.00	8.00	10.22	16.44	102125.80	4439	0	WinnieSzeto	
4968	1:51:11	1/1/2019 	6664676	108.00	8.00	6.81	16.44	102125.80	49825	0	WinnieSzeto	
4969	1:51:12	1/1/2019 	6665340	165.00	8.00	8.43	16.44	102125.86	1846	0	WinnieSzeto	
4970	1:51:14	1/1/2019 	6666837	696.00	11.00	15.30	16.45	102125.38	97805	1	WinnieSzeto	
4971	1:51:14	1/1/2019 	6666936	368.00	9.00	11.89	16.45	102125.38	1851	0	WinnieSzeto	
4972	1:51:14	1/1/2019 	6667005	384.00	8.00	11.99	16.45	102125.38	1849	0	WinnieSzeto	
4973	1:51:14	1/1/2019 	6667078	746.00	18.00	17.61	16.46	102125.42	4587	0	WinnieSzeto	
4974	1:51:14	1/1/2019 	6667273	552.00	9.00	13.43	16.46	102125.42	1849	0	WinnieSzeto	
4975	1:51:15	1/1/2019 	6667695	157.00	9.00	8.22	16.47	102125.35	49826	0	WinnieSzeto	
4976	1:51:15	1/1/2019 	6667851	841.00	59.00	23.51	16.47	102125.35	1850	1	WinnieSzeto	
4977	1:51:16	1/1/2019 	6669312	105.00	8.00	6.73	16.48	102124.97	49829	0	WinnieSzeto	
4978	1:51:17	1/1/2019 	6669809	229.00	8.00	9.91	16.48	102124.97	49827	0	WinnieSzeto	
4979	1:51:17	1/1/2019 	6669817	334.00	9.00	11.53	16.48	102124.97	5411	0	WinnieSzeto	
4980	1:51:18	1/1/2019 	6670813	908.00	117.00	33.31	16.49	102125.20	49828	1	WinnieSzeto	
4981	1:51:18	1/1/2019 	6671387	817.00	46.00	22.14	16.49	102124.94	1851	0	WinnieSzeto	
4982	1:51:19	1/1/2019 	6671886	818.00	56.00	23.14	16.50	102125.40	49826	1	WinnieSzeto	
4983	1:51:20	1/1/2019 	6672822	423.00	8.00	12.30	16.50	102125.17	49829	0	WinnieSzeto	
4984	1:51:20	1/1/2019 	6673318	91.00	8.00	6.37	16.51	102125.30	1848	0	WinnieSzeto	
4985	1:51:20	1/1/2019 	6673474	636.00	9.00	14.42	16.51	102125.30	4588	0	WinnieSzeto	
4986	1:51:21	1/1/2019 	6673782	970.00	477.00	84.08	16.51	102125.17	49827	0	WinnieSzeto	
4987	1:51:21	1/1/2019 	6674090	845.00	66.00	24.33	16.51	102125.17	1851	0	WinnieSzeto	
4988	1:51:21	1/1/2019 	6674216	881.00	84.00	27.06	16.51	102125.17	1851	0	WinnieSzeto	
4989	1:51:21	1/1/2019 	6674584	151.00	8.00	8.05	16.51	102124.92	49826	0	WinnieSzeto	
4990	1:51:22	1/1/2019 	6674910	83.00	8.00	6.19	16.51	102124.98	1847	0	WinnieSzeto	
4991	1:51:22	1/1/2019 	6675141	231.00	8.00	9.95	16.51	102124.98	4445	0	WinnieSzeto	
4992	1:51:22	1/1/2019 	6675632	415.00	8.00	12.24	16.52	102125.28	49825	0	WinnieSzeto	
4993	1:51:23	1/1/2019 	6676026	123.00	8.00	7.24	16.52	102125.15	1848	0	WinnieSzeto	
4994	1:51:23	1/1/2019 	6676421	79.00	8.00	6.12	16.52	102125.15	1847	1	WinnieSzeto	
4995	1:51:24	1/1/2019 	6676714	943.00	148.00	38.97	16.52	102125.21	49825	0	WinnieSzeto	
4996	1:51:24	1/1/2019 	6676766	88.00	8.00	6.30	16.52	102125.21	1851	0	WinnieSzeto	
4997	1:51:24	1/1/2019 	6676951	477.00	9.00	12.75	16.52	102125.21	4458	0	WinnieSzeto	
4998	1:51:24	1/1/2019 	6677073	647.00	9.00	14.50	16.52	102125.21	1849	0	WinnieSzeto	
4999	1:51:24	1/1/2019 	6677139	297.00	9.00	11.05	16.53	102125.11	1848	0	WinnieSzeto	
5000	1:51:25	1/1/2019 	6678231	373.00	9.00	11.94	16.53	102125.34	49826	0	WinnieSzeto	
5001	1:51:25	1/1/2019 	6678401	797.00	36.00	21.03	16.53	102125.34	1851	1	WinnieSzeto	
5002	1:51:27	1/1/2019 	6679762	107.00	8.00	6.78	16.54	102125.16	97804	0	WinnieSzeto	
5003	1:51:27	1/1/2019 	6680205	155.00	8.00	8.16	16.54	102125.22	5412	0	WinnieSzeto	
5004	1:51:28	1/1/2019 	6681418	118.00	8.00	7.09	16.55	102125.55	49824	0	WinnieSzeto	
5005	1:51:29	1/1/2019 	6682052	136.00	8.00	7.62	16.55	102125.06	49825	0	WinnieSzeto	
5006	1:51:29	1/1/2019 	6682331	238.00	12.00	10.14	16.55	102124.96	1848	0	WinnieSzeto	
5007	1:51:29	1/1/2019 	6682399	158.00	8.00	8.24	16.55	102124.96	1848	0	WinnieSzeto	
5008	1:51:30	1/1/2019 	6682842	694.00	11.00	15.30	16.55	102125.39	49827	0	WinnieSzeto	
5009	1:51:30	1/1/2019 	6683575	916.00	116.00	33.13	16.56	102125.30	52418	0	WinnieSzeto	
5010	1:51:32	1/1/2019 	6684698	88.00	8.00	6.30	16.56	102125.42	49829	0	WinnieSzeto	
5011	1:51:32	1/1/2019 	6685074	537.00	9.00	13.26	16.56	102125.16	1848	0	WinnieSzeto	
5012	1:51:32	1/1/2019 	6685222	74.00	8.00	6.03	16.56	102125.16	1848	0	WinnieSzeto	
5013	1:51:33	1/1/2019 	6685843	155.00	8.00	8.16	16.57	102125.36	49824	0	WinnieSzeto	
5014	1:51:33	1/1/2019 	6686230	693.00	11.00	15.30	16.57	102125.27	1847	0	WinnieSzeto	
5015	1:51:33	1/1/2019 	6686267	445.00	9.00	12.52	16.57	102125.27	4438	0	WinnieSzeto	
5016	1:51:36	1/1/2019 	6688699	633.00	9.00	14.40	16.58	102125.62	145786	1	WinnieSzeto	
5017	1:51:36	1/1/2019 	6688871	629.00	13.00	15.23	16.58	102125.85	1856	0	WinnieSzeto	
5018	1:51:37	1/1/2019 	6689754	901.00	106.00	31.15	16.58	102126.08	49827	0	WinnieSzeto	
5019	1:51:39	1/1/2019 	6691906	599.00	9.00	14.01	16.59	102126.41	98537	0	WinnieSzeto	
5020	1:51:40	1/1/2019 	6692848	78.00	8.00	6.10	16.59	102126.86	49828	0	WinnieSzeto	
5021	1:51:41	1/1/2019 	6693897	516.00	9.00	13.06	16.60	102126.80	52444	0	WinnieSzeto	
5022	1:51:41	1/1/2019 	6694294	90.00	8.00	6.35	16.60	102126.80	1851	0	WinnieSzeto	
5023	1:51:44	1/1/2019 	6697593	246.00	8.00	10.22	16.61	102126.55	193759	0	WinnieSzeto	
5024	1:51:45	1/1/2019 	6697972	209.00	8.00	9.50	16.61	102126.77	1848	0	WinnieSzeto	
5025	1:51:45	1/1/2019 	6698058	404.00	9.00	12.22	16.61	102126.77	1848	0	WinnieSzeto	
5026	1:51:46	1/1/2019 	6698842	575.00	9.00	13.70	16.61	102127.16	49827	1	WinnieSzeto	
5027	1:51:46	1/1/2019 	6698881	171.00	8.00	8.59	16.62	102127.39	4462	0	WinnieSzeto	
5028	1:51:46	1/1/2019 	6699115	163.00	8.00	8.38	16.62	102127.39	1847	0	WinnieSzeto	
5029	1:51:46	1/1/2019 	6699590	96.00	8.00	6.49	16.62	102127.42	49825	0	WinnieSzeto	
5030	1:51:47	1/1/2019 	6699940	132.00	8.00	7.50	16.62	102127.42	2577	0	WinnieSzeto	
5031	1:51:47	1/1/2019 	6700659	654.00	9.00	14.54	16.62	102127.72	49827	0	WinnieSzeto	
5032	1:51:48	1/1/2019 	6700805	71.00	8.00	5.99	16.62	102127.72	1849	0	WinnieSzeto	
5033	1:51:48	1/1/2019 	6701218	442.00	8.00	12.43	16.62	102127.56	4467	0	WinnieSzeto	
5034	1:51:50	1/1/2019 	6702694	690.00	5.00	12.84	16.63	102127.66	97804	0	WinnieSzeto	
5035	1:51:50	1/1/2019 	6702936	980.00	590.00	102.53	16.63	102127.69	1851	0	WinnieSzeto	
5036	1:51:50	1/1/2019 	6703126	285.00	8.00	10.85	16.63	102127.69	1850	0	WinnieSzeto	
5037	1:51:50	1/1/2019 	6703336	194.00	8.00	9.16	16.63	102128.08	1847	0	WinnieSzeto	
5038	1:51:51	1/1/2019 	6703819	449.00	9.00	12.55	16.63	102128.08	49824	0	WinnieSzeto	
5039	1:51:51	1/1/2019 	6703945	856.00	73.00	25.29	16.64	102128.31	4438	0	WinnieSzeto	
5040	1:51:52	1/1/2019 	6705071	63.00	9.00	5.91	16.64	102128.05	49828	0	WinnieSzeto	
5041	1:51:52	1/1/2019 	6705340	676.00	10.00	14.93	16.64	102128.05	1850	1	WinnieSzeto	
5042	1:51:53	1/1/2019 	6706218	136.00	8.00	7.62	16.64	102128.31	49826	0	WinnieSzeto	
5043	1:51:53	1/1/2019 	6706620	930.00	140.00	37.63	16.64	102128.31	49826	0	WinnieSzeto	
5044	1:51:54	1/1/2019 	6706816	451.00	9.00	12.57	16.65	102128.22	4667	0	WinnieSzeto	
5045	1:51:54	1/1/2019 	6707068	802.00	40.00	21.50	16.65	102128.22	1850	0	WinnieSzeto	
5046	1:51:55	1/1/2019 	6708339	231.00	8.00	9.95	16.65	102128.22	49826	0	WinnieSzeto	
5047	1:51:56	1/1/2019 	6708938	397.00	8.00	12.10	16.65	102127.73	49826	0	WinnieSzeto	
5048	1:51:56	1/1/2019 	6709120	142.00	8.00	7.79	16.65	102127.73	1848	0	WinnieSzeto	
5049	1:51:56	1/1/2019 	6709158	155.00	8.00	8.16	16.65	102127.73	1846	0	WinnieSzeto	
5050	1:51:57	1/1/2019 	6710202	583.00	9.00	13.81	16.66	102127.70	52423	0	WinnieSzeto	
5051	1:51:58	1/1/2019 	6710786	235.00	8.00	10.02	16.66	102127.77	50556	0	WinnieSzeto	
5052	1:51:58	1/1/2019 	6710942	815.00	48.00	22.33	16.66	102127.77	1848	0	WinnieSzeto	
5053	1:51:58	1/1/2019 	6711153	210.00	8.00	9.52	16.66	102127.80	1848	0	WinnieSzeto	
5054	1:51:58	1/1/2019 	6711221	695.00	11.00	15.30	16.66	102127.80	1847	0	WinnieSzeto	
5055	1:51:59	1/1/2019 	6712291	573.00	9.00	13.68	16.67	102127.38	49830	0	WinnieSzeto	
5056	1:51:59	1/1/2019 	6712439	821.00	50.00	22.54	16.67	102127.38	4717	0	WinnieSzeto	
5057	1:52:00	1/1/2019 	6713474	235.00	8.00	10.02	16.67	102127.50	49835	0	WinnieSzeto	
5058	1:52:01	1/1/2019 	6714658	203.00	9.00	9.38	16.68	102127.77	97804	0	WinnieSzeto	
5059	1:52:02	1/1/2019 	6715448	615.00	9.00	14.21	16.68	102127.45	1850	0	WinnieSzeto	
5060	1:52:04	1/1/2019 	6717669	914.00	123.00	34.49	16.68	102127.45	145786	0	WinnieSzeto	
5061	1:52:05	1/1/2019 	6717984	365.00	9.00	11.86	16.69	102127.81	1852	0	WinnieSzeto	
5062	1:52:06	1/1/2019 	6719497	612.00	9.00	14.17	16.69	102127.78	52425	0	WinnieSzeto	
5063	1:52:06	1/1/2019 	6719650	81.00	8.00	6.15	16.69	102127.78	49828	0	WinnieSzeto	
5064	1:52:07	1/1/2019 	6719868	62.00	8.00	5.90	16.69	102127.78	2574	0	WinnieSzeto	
5065	1:52:07	1/1/2019 	6720471	115.00	8.00	7.01	16.69	102127.84	1849	0	WinnieSzeto	
5066	1:52:08	1/1/2019 	6721177	389.00	8.00	12.03	16.70	102127.42	49826	0	WinnieSzeto	
5067	1:52:08	1/1/2019 	6721300	648.00	9.00	14.51	16.70	102127.42	1848	0	WinnieSzeto	
5068	1:52:10	1/1/2019 	6723136	108.00	9.00	6.81	16.70	102127.19	100568	0	WinnieSzeto	
5069	1:52:10	1/1/2019 	6723326	238.00	8.00	10.08	16.70	102127.19	1851	0	WinnieSzeto	
5070	1:52:10	1/1/2019 	6723432	452.00	9.00	12.57	16.70	102127.42	1847	0	WinnieSzeto	
5071	1:52:10	1/1/2019 	6723626	214.00	9.00	9.62	16.70	102127.42	49827	0	WinnieSzeto	
5072	1:52:11	1/1/2019 	6723920	592.00	9.00	13.92	16.70	102127.42	1849	0	WinnieSzeto	
5073	1:52:12	1/1/2019 	6724793	674.00	10.00	14.93	16.71	102127.33	49829	0	WinnieSzeto	
5074	1:52:12	1/1/2019 	6725062	579.00	9.00	13.75	16.71	102127.36	4449	0	WinnieSzeto	
5075	1:52:13	1/1/2019 	6726202	76.00	8.00	6.07	16.71	102127.26	49827	0	WinnieSzeto	
5076	1:52:13	1/1/2019 	6726257	740.00	17.00	17.32	16.71	102127.26	1848	0	WinnieSzeto	
5077	1:52:13	1/1/2019 	6726645	881.00	84.00	27.06	16.71	102127.26	49828	1	WinnieSzeto	
5078	1:52:14	1/1/2019 	6726898	588.00	9.00	13.87	16.71	102127.66	1851	0	WinnieSzeto	
5079	1:52:15	1/1/2019 	6727968	235.00	8.00	10.02	16.72	102127.72	49828	0	WinnieSzeto	
5080	1:52:15	1/1/2019 	6728071	117.00	8.00	7.06	16.72	102127.72	4437	0	WinnieSzeto	
5081	1:52:15	1/1/2019 	6728081	101.00	8.00	6.62	16.72	102127.72	1847	0	WinnieSzeto	
5082	1:52:16	1/1/2019 	6728910	716.00	13.00	16.01	16.72	102127.95	49826	0	WinnieSzeto	
5083	1:52:16	1/1/2019 	6729017	222.00	9.00	9.78	16.72	102127.78	1851	0	WinnieSzeto	
5084	1:52:16	1/1/2019 	6729025	980.00	750.00	134.27	16.72	102127.78	1849	0	WinnieSzeto	
5085	1:52:16	1/1/2019 	6729289	191.00	8.00	9.09	16.72	102127.78	1850	0	WinnieSzeto	
5086	1:52:16	1/1/2019 	6729392	944.00	145.00	38.48	16.72	102127.78	4437	1	WinnieSzeto	
5087	1:52:17	1/1/2019 	6730650	149.00	8.00	7.99	16.72	102127.72	97808	0	WinnieSzeto	
5088	1:52:18	1/1/2019 	6731250	628.00	9.00	14.35	16.73	102128.11	2579	0	WinnieSzeto	
5089	1:52:19	1/1/2019 	6731908	882.00	83.00	26.89	16.73	102127.95	49827	1	WinnieSzeto	
5090	1:52:19	1/1/2019 	6732078	281.00	9.00	10.82	16.73	102127.95	1851	0	WinnieSzeto	
5091	1:52:19	1/1/2019 	6732187	85.00	8.00	6.24	16.73	102127.95	1849	0	WinnieSzeto	
5092	1:52:20	1/1/2019 	6732713	127.00	8.00	7.35	16.73	102128.17	52443	0	WinnieSzeto	
5093	1:52:20	1/1/2019 	6732952	123.00	8.00	7.24	16.73	102128.34	1848	0	WinnieSzeto	
5094	1:52:20	1/1/2019 	6733121	162.00	8.00	8.35	16.73	102128.34	1847	0	WinnieSzeto	
5095	1:52:21	1/1/2019 	6733815	833.00	65.00	24.18	16.73	102128.34	49826	1	WinnieSzeto	
5096	1:52:21	1/1/2019 	6734059	302.00	9.00	11.12	16.73	102128.41	1851	0	WinnieSzeto	
5097	1:52:21	1/1/2019 	6734607	687.00	11.00	15.29	16.74	102128.47	49829	0	WinnieSzeto	
5098	1:52:22	1/1/2019 	6734844	794.00	32.00	20.51	16.74	102128.47	4438	0	WinnieSzeto	
5099	1:52:22	1/1/2019 	6735328	207.00	11.00	9.49	16.74	102128.15	1850	0	WinnieSzeto	
5100	1:52:23	1/1/2019 	6736300	235.00	8.00	10.02	16.74	102128.21	49828	0	WinnieSzeto	
5101	1:52:23	1/1/2019 	6736322	807.00	49.00	22.41	16.74	102128.21	1849	0	WinnieSzeto	
5102	1:52:23	1/1/2019 	6736477	878.00	83.00	26.88	16.74	102128.21	1849	0	WinnieSzeto	
5103	1:52:25	1/1/2019 	6738192	592.00	9.00	13.92	16.74	102128.47	97808	0	WinnieSzeto	
5104	1:52:25	1/1/2019 	6738316	602.00	9.00	14.05	16.74	102128.47	4590	0	WinnieSzeto	
5105	1:52:26	1/1/2019 	6738833	248.00	9.00	10.28	16.75	102128.70	49828	0	WinnieSzeto	
5106	1:52:26	1/1/2019 	6738838	574.00	9.00	13.69	16.75	102128.70	1851	0	WinnieSzeto	
5107	1:52:27	1/1/2019 	6740076	188.00	8.00	9.02	16.75	102128.44	49828	0	WinnieSzeto	
5108	1:52:27	1/1/2019 	6740369	465.00	8.00	12.58	16.75	102128.50	2575	0	WinnieSzeto	
5109	1:52:28	1/1/2019 	6741411	920.00	130.00	35.82	16.75	102128.55	49827	1	WinnieSzeto	
5110	1:52:28	1/1/2019 	6741641	733.00	15.00	16.69	16.75	102128.55	52442	0	WinnieSzeto	
5111	1:52:29	1/1/2019 	6741903	162.00	8.00	8.35	16.76	102128.61	1850	0	WinnieSzeto	
5112	1:52:29	1/1/2019 	6741985	910.00	112.00	32.34	16.76	102128.61	1847	1	WinnieSzeto	
5113	1:52:31	1/1/2019 	6744098	80.00	8.00	6.14	16.76	102128.58	97808	0	WinnieSzeto	
5114	1:52:31	1/1/2019 	6744160	590.00	9.00	13.90	16.76	102128.58	1848	0	WinnieSzeto	
5115	1:52:31	1/1/2019 	6744313	83.00	8.00	6.19	16.76	102128.58	1849	0	WinnieSzeto	
5116	1:52:31	1/1/2019 	6744633	585.00	9.00	13.83	16.76	102128.80	52568	0	WinnieSzeto	
5117	1:52:32	1/1/2019 	6745130	159.00	8.00	8.27	16.77	102129.00	1850	0	WinnieSzeto	
5118	1:52:32	1/1/2019 	6745550	724.00	13.00	16.01	16.77	102129.00	49828	0	WinnieSzeto	
5119	1:52:33	1/1/2019 	6746212	577.00	9.00	13.73	16.77	102128.67	1851	1	WinnieSzeto	
5120	1:52:34	1/1/2019 	6747233	115.00	9.00	7.01	16.77	102128.58	49829	0	WinnieSzeto	
5121	1:52:34	1/1/2019 	6747265	157.00	8.00	8.21	16.77	102128.58	1850	0	WinnieSzeto	
5122	1:52:35	1/1/2019 	6748617	234.00	8.00	10.00	16.77	102129.03	100402	0	WinnieSzeto	
5123	1:52:36	1/1/2019 	6748833	782.00	28.00	19.87	16.77	102129.03	1849	1	WinnieSzeto	
5124	1:52:36	1/1/2019 	6749160	730.00	14.00	16.36	16.78	102129.20	1851	0	WinnieSzeto	
5125	1:52:37	1/1/2019 	6749774	437.00	9.00	12.47	16.78	102129.59	49828	0	WinnieSzeto	
5126	1:52:37	1/1/2019 	6749916	455.00	9.00	12.59	16.78	102129.59	2579	0	WinnieSzeto	
5127	1:52:37	1/1/2019 	6750594	162.00	8.00	8.35	16.78	102129.43	52592	0	WinnieSzeto	
5128	1:52:39	1/1/2019 	6752208	612.00	9.00	14.17	16.78	102129.72	49826	0	WinnieSzeto	
5129	1:52:39	1/1/2019 	6752398	178.00	9.00	8.78	16.79	102129.78	1852	0	WinnieSzeto	
5130	1:52:39	1/1/2019 	6752607	344.00	8.00	11.60	16.79	102129.78	49829	0	WinnieSzeto	
5131	1:52:40	1/1/2019 	6753158	557.00	9.00	13.48	16.79	102129.82	1847	0	WinnieSzeto	
5132	1:52:40	1/1/2019 	6753239	397.00	8.00	12.10	16.79	102129.82	1851	0	WinnieSzeto	
5133	1:52:40	1/1/2019 	6753646	180.00	8.00	8.82	16.79	102129.66	52425	0	WinnieSzeto	
5134	1:52:41	1/1/2019 	6754106	732.00	15.00	16.69	16.79	102129.72	1848	0	WinnieSzeto	
5135	1:52:41	1/1/2019 	6754307	536.00	9.00	13.25	16.79	102129.72	1850	0	WinnieSzeto	
5136	1:52:42	1/1/2019 	6754778	146.00	8.00	7.90	16.79	102129.95	49830	0	WinnieSzeto	
5137	1:52:42	1/1/2019 	6755037	921.00	126.00	35.07	16.79	102129.95	1849	0	WinnieSzeto	
5138	1:52:42	1/1/2019 	6755312	667.00	10.00	14.91	16.79	102129.62	1853	0	WinnieSzeto	
5139	1:52:43	1/1/2019 	6756452	238.00	8.00	10.08	16.80	102129.85	52424	0	WinnieSzeto	
5140	1:52:44	1/1/2019 	6757485	600.00	9.00	14.02	16.80	102130.11	49828	0	WinnieSzeto	
5141	1:52:45	1/1/2019 	6757937	386.00	9.00	12.06	16.80	102129.80	49829	0	WinnieSzeto	
5142	1:52:45	1/1/2019 	6758657	983.00	656.00	117.72	16.80	102130.02	49832	1	WinnieSzeto	
5143	1:52:46	1/1/2019 	6758691	453.00	8.00	12.50	16.80	102130.02	1852	0	WinnieSzeto	
5144	1:52:46	1/1/2019 	6758870	490.00	9.00	12.85	16.80	102130.02	1848	0	WinnieSzeto	
5145	1:52:46	1/1/2019 	6759359	509.00	9.00	13.00	16.80	102129.69	4438	0	WinnieSzeto	
5146	1:52:48	1/1/2019 	6760701	898.00	98.00	29.61	16.81	102129.80	97809	0	WinnieSzeto	
5147	1:52:48	1/1/2019 	6760855	601.00	9.00	14.04	16.81	102129.80	2583	0	WinnieSzeto	
5148	1:52:48	1/1/2019 	6760881	927.00	133.00	36.38	16.81	102129.80	1849	0	WinnieSzeto	
5149	1:52:49	1/1/2019 	6761795	712.00	12.00	15.66	16.81	102130.02	49830	0	WinnieSzeto	
5150	1:52:50	1/1/2019 	6763067	743.00	16.00	17.02	16.82	102130.31	49830	0	WinnieSzeto	
5151	1:52:50	1/1/2019 	6763180	572.00	9.00	13.67	16.82	102130.31	4470	0	WinnieSzeto	
5152	1:52:50	1/1/2019 	6763563	214.00	8.00	9.60	16.82	102129.98	49829	0	WinnieSzeto	
5153	1:52:50	1/1/2019 	6763617	296.00	9.00	11.04	16.82	102129.98	1848	0	WinnieSzeto	
5154	1:52:53	1/1/2019 	6766459	475.00	9.00	12.74	16.82	102130.64	97809	0	WinnieSzeto	
5155	1:52:53	1/1/2019 	6766639	159.00	8.00	8.27	16.82	102130.64	49831	1	WinnieSzeto	
5156	1:52:54	1/1/2019 	6766934	92.00	8.00	6.39	16.83	102130.87	1847	0	WinnieSzeto	
5157	1:52:54	1/1/2019 	6767083	456.00	8.00	12.52	16.83	102130.87	4460	0	WinnieSzeto	
5158	1:52:54	1/1/2019 	6767159	129.00	8.00	7.41	16.83	102130.87	1847	0	WinnieSzeto	
5159	1:52:56	1/1/2019 	6768824	632.00	9.00	14.39	16.83	102130.77	97807	0	WinnieSzeto	
5160	1:52:56	1/1/2019 	6769016	133.00	8.00	7.53	16.83	102130.77	1850	0	WinnieSzeto	
5161	1:52:56	1/1/2019 	6769419	102.00	8.00	6.65	16.83	102130.84	1847	0	WinnieSzeto	
5162	1:52:56	1/1/2019 	6769660	117.00	8.00	7.06	16.84	102131.06	49826	0	WinnieSzeto	
5163	1:52:57	1/1/2019 	6769721	318.00	8.00	11.29	16.84	102131.06	5428	0	WinnieSzeto	
5164	1:52:57	1/1/2019 	6769745	863.00	75.00	25.59	16.84	102131.06	1848	1	WinnieSzeto	
5165	1:52:58	1/1/2019 	6770802	971.00	421.00	77.33	16.84	102131.36	49830	1	WinnieSzeto	
5166	1:52:58	1/1/2019 	6771342	106.00	8.00	6.75	16.84	102131.39	1851	0	WinnieSzeto	
5167	1:52:58	1/1/2019 	6771428	177.00	8.00	8.75	16.84	102131.39	1847	0	WinnieSzeto	
5168	1:52:58	1/1/2019 	6771462	680.00	11.00	15.27	16.84	102131.39	1847	0	WinnieSzeto	
5169	1:52:58	1/1/2019 	6771496	695.00	11.00	15.30	16.84	102131.39	4440	0	WinnieSzeto	
5170	1:52:59	1/1/2019 	6771838	692.00	11.00	15.30	16.84	102131.39	49831	0	WinnieSzeto	
5171	1:53:00	1/1/2019 	6772719	702.00	12.00	15.66	16.85	102131.30	49832	0	WinnieSzeto	
5172	1:53:01	1/1/2019 	6774609	934.00	141.00	37.80	16.85	102131.62	97813	0	WinnieSzeto	
5173	1:53:02	1/1/2019 	6775065	94.00	8.00	6.44	16.86	102131.85	1856	0	WinnieSzeto	
5174	1:53:04	1/1/2019 	6776828	813.00	57.00	23.23	16.86	102131.98	97807	1	WinnieSzeto	
5175	1:53:04	1/1/2019 	6776978	441.00	9.00	12.50	16.86	102132.21	4722	0	WinnieSzeto	
5176	1:53:05	1/1/2019 	6778089	912.00	117.00	33.32	16.87	102132.24	49830	0	WinnieSzeto	
5177	1:53:06	1/1/2019 	6778957	453.00	9.00	12.58	16.87	102132.47	49832	0	WinnieSzeto	
5178	1:53:06	1/1/2019 	6779085	71.00	8.00	5.99	16.87	102132.47	1850	0	WinnieSzeto	
5179	1:53:06	1/1/2019 	6779610	81.00	8.00	6.15	16.87	102132.38	49830	0	WinnieSzeto	
5180	1:53:07	1/1/2019 	6779682	71.00	8.00	5.99	16.87	102132.77	2578	0	WinnieSzeto	
5181	1:53:07	1/1/2019 	6779971	289.00	8.00	10.91	16.87	102132.77	4483	0	WinnieSzeto	
5182	1:53:07	1/1/2019 	6779973	697.00	11.00	15.30	16.87	102132.77	1847	0	WinnieSzeto	
5183	1:53:07	1/1/2019 	6780068	914.00	117.00	33.33	16.87	102132.77	1851	0	WinnieSzeto	
5184	1:53:07	1/1/2019 	6780105	793.00	31.00	20.37	16.87	102132.77	1851	0	WinnieSzeto	
5185	1:53:07	1/1/2019 	6780591	877.00	83.00	26.88	16.87	102132.44	49829	0	WinnieSzeto	
5186	1:53:08	1/1/2019 	6781401	152.00	7.00	8.07	16.88	102133.16	1850	1	WinnieSzeto	
5187	1:53:08	1/1/2019 	6781428	163.00	9.00	8.38	16.88	102133.16	18188	0	WinnieSzeto	
5188	1:53:09	1/1/2019 	6781747	844.00	67.00	24.46	16.88	102133.16	49830	0	WinnieSzeto	
5189	1:53:09	1/1/2019 	6782028	220.00	8.00	9.73	16.88	102133.22	1851	0	WinnieSzeto	
5190	1:53:09	1/1/2019 	6782553	881.00	82.00	26.73	16.88	102132.90	49827	0	WinnieSzeto	
5191	1:53:10	1/1/2019 	6782768	93.00	8.00	6.42	16.88	102132.90	1850	0	WinnieSzeto	
5192	1:53:11	1/1/2019 	6783804	298.00	8.00	11.03	16.89	102132.87	49828	0	WinnieSzeto	
5193	1:53:11	1/1/2019 	6784587	853.00	69.00	24.74	16.89	102132.90	52598	1	WinnieSzeto	
5194	1:53:12	1/1/2019 	6784783	669.00	10.00	14.91	16.89	102132.58	1850	0	WinnieSzeto	
5195	1:53:12	1/1/2019 	6784919	106.00	8.00	6.75	16.89	102132.58	1851	0	WinnieSzeto	
5196	1:53:12	1/1/2019 	6785475	632.00	9.00	14.39	16.89	102132.64	1846	1	WinnieSzeto	
5197	1:53:13	1/1/2019 	6785899	723.00	13.00	16.01	16.89	102132.70	49828	0	WinnieSzeto	
5198	1:53:14	1/1/2019 	6787259	149.00	8.00	7.99	16.90	102132.45	52599	0	WinnieSzeto	
5199	1:53:15	1/1/2019 	6787861	799.00	52.00	22.68	16.90	102132.64	49827	0	WinnieSzeto	
5200	1:53:15	1/1/2019 	6788670	157.00	8.00	8.21	16.90	102132.22	49831	0	WinnieSzeto	
5201	1:53:16	1/1/2019 	6788872	78.00	8.00	6.10	16.90	102132.22	1846	0	WinnieSzeto	
5202	1:53:16	1/1/2019 	6789158	769.00	22.00	18.67	16.90	102132.45	1849	0	WinnieSzeto	
5203	1:53:16	1/1/2019 	6789405	160.00	8.00	8.30	16.90	102132.45	1849	0	WinnieSzeto	
5204	1:53:17	1/1/2019 	6789745	262.00	8.00	10.49	16.91	102132.67	52593	0	WinnieSzeto	
5205	1:53:17	1/1/2019 	6790179	594.00	9.00	13.95	16.91	102132.67	2576	0	WinnieSzeto	
5206	1:53:17	1/1/2019 	6790257	427.00	9.00	12.39	16.91	102132.52	1849	0	WinnieSzeto	
5207	1:53:17	1/1/2019 	6790299	82.00	8.00	6.17	16.91	102132.52	1848	0	WinnieSzeto	
5208	1:53:17	1/1/2019 	6790312	973.00	516.00	89.03	16.91	102132.52	1848	0	WinnieSzeto	
5209	1:53:18	1/1/2019 	6791569	116.00	8.00	7.03	16.91	102132.94	97808	0	WinnieSzeto	
5210	1:53:19	1/1/2019 	6791737	160.00	8.00	8.30	16.91	102132.94	4464	1	WinnieSzeto	
5211	1:53:19	1/1/2019 	6792086	646.00	10.00	14.77	16.91	102132.45	1848	0	WinnieSzeto	
5212	1:53:19	1/1/2019 	6792156	437.00	9.00	12.47	16.91	102132.45	1849	0	WinnieSzeto	
5213	1:53:19	1/1/2019 	6792636	619.00	9.00	14.25	16.91	102132.35	49828	0	WinnieSzeto	
5214	1:53:19	1/1/2019 	6792678	796.00	45.00	21.99	16.91	102132.35	1850	0	WinnieSzeto	
5215	1:53:21	1/1/2019 	6793893	366.00	9.00	11.87	16.92	102132.09	49829	0	WinnieSzeto	
5216	1:53:21	1/1/2019 	6794114	157.00	8.00	8.21	16.92	102132.09	4445	0	WinnieSzeto	
5217	1:53:21	1/1/2019 	6794498	76.00	11.00	6.07	16.92	102131.99	1848	0	WinnieSzeto	
5218	1:53:22	1/1/2019 	6795097	755.00	20.00	18.16	16.92	102131.67	49840	0	WinnieSzeto	
5219	1:53:22	1/1/2019 	6795339	966.00	208.00	46.18	16.92	102131.87	1850	0	WinnieSzeto	
5220	1:53:24	1/1/2019 	6796723	193.00	9.00	9.15	16.93	102132.64	97810	0	WinnieSzeto	
5221	1:53:25	1/1/2019 	6797809	726.00	14.00	16.36	16.93	102132.55	49829	0	WinnieSzeto	
5222	1:53:26	1/1/2019 	6799005	696.00	11.00	15.30	16.93	102132.42	52425	0	WinnieSzeto	
5223	1:53:26	1/1/2019 	6799123	164.00	8.00	8.40	16.93	102132.42	1852	0	WinnieSzeto	
5224	1:53:26	1/1/2019 	6799299	908.00	105.00	30.97	16.93	102132.62	1848	0	WinnieSzeto	
5225	1:53:26	1/1/2019 	6799301	165.00	8.00	8.43	16.93	102132.62	1850	0	WinnieSzeto	
5226	1:53:26	1/1/2019 	6799449	69.00	8.00	5.97	16.93	102132.62	1847	0	WinnieSzeto	
5227	1:53:27	1/1/2019 	6800286	144.00	8.00	7.85	16.94	102132.52	49827	0	WinnieSzeto	
5228	1:53:27	1/1/2019 	6800437	903.00	100.00	30.00	16.94	102132.52	5418	0	WinnieSzeto	
5229	1:53:27	1/1/2019 	6800600	980.00	705.00	127.17	16.94	102132.52	49831	1	WinnieSzeto	
5230	1:53:28	1/1/2019 	6801076	91.00	8.00	6.37	16.94	102132.42	1850	0	WinnieSzeto	
5231	1:53:28	1/1/2019 	6801310	143.00	8.00	7.82	16.94	102132.42	1848	0	WinnieSzeto	
5232	1:53:28	1/1/2019 	6801415	569.00	9.00	13.63	16.94	102132.65	1848	0	WinnieSzeto	
5233	1:53:29	1/1/2019 	6801768	76.00	8.00	6.07	16.94	102132.65	49829	0	WinnieSzeto	
5234	1:53:29	1/1/2019 	6801859	84.00	9.00	6.22	16.94	102132.65	4440	0	WinnieSzeto	
5235	1:53:30	1/1/2019 	6803173	591.00	9.00	13.91	16.95	102132.91	49827	0	WinnieSzeto	
5236	1:53:30	1/1/2019 	6803655	379.00	8.00	11.94	16.95	102132.98	49829	0	WinnieSzeto	
5237	1:53:31	1/1/2019 	6804268	70.00	8.00	5.98	16.95	102132.66	1847	0	WinnieSzeto	
5238	1:53:32	1/1/2019 	6805344	153.00	8.00	8.10	16.95	102132.95	49826	0	WinnieSzeto	
5239	1:53:32	1/1/2019 	6805485	698.00	11.00	15.30	16.95	102132.95	1849	0	WinnieSzeto	
5240	1:53:34	1/1/2019 	6806846	675.00	10.00	14.93	16.96	102132.66	100403	1	WinnieSzeto	
5241	1:53:34	1/1/2019 	6807087	140.00	8.00	7.73	16.96	102132.72	1851	0	WinnieSzeto	
5242	1:53:34	1/1/2019 	6807152	71.00	8.00	5.99	16.96	102132.72	1846	0	WinnieSzeto	
5243	1:53:35	1/1/2019 	6808042	757.00	20.00	18.17	16.96	102132.95	49826	1	WinnieSzeto	
5244	1:53:35	1/1/2019 	6808351	286.00	9.00	10.89	16.96	102133.17	1851	0	WinnieSzeto	
5245	1:53:35	1/1/2019 	6808359	826.00	59.00	23.48	16.96	102133.17	1850	1	WinnieSzeto	
5246	1:53:35	1/1/2019 	6808425	709.00	12.00	15.66	16.96	102133.17	9088	0	WinnieSzeto	
5247	1:53:38	1/1/2019 	6811083	491.00	9.00	12.86	16.97	102132.85	145782	0	WinnieSzeto	
5248	1:53:38	1/1/2019 	6811338	81.00	8.00	6.15	16.97	102132.85	2579	1	WinnieSzeto	
5249	1:53:39	1/1/2019 	6811825	820.00	56.00	23.14	16.97	102133.08	49824	0	WinnieSzeto	
5250	1:53:39	1/1/2019 	6812140	710.00	12.00	15.66	16.98	102133.11	1851	0	WinnieSzeto	
5251	1:53:40	1/1/2019 	6812898	158.00	8.00	8.24	16.98	102132.78	49827	0	WinnieSzeto	
5252	1:53:40	1/1/2019 	6812947	972.00	326.00	61.53	16.98	102132.78	4464	0	WinnieSzeto	
5253	1:53:40	1/1/2019 	6813004	660.00	9.00	14.57	16.98	102132.78	1850	1	WinnieSzeto	
5254	1:53:40	1/1/2019 	6813299	470.00	9.00	12.70	16.98	102132.83	1849	0	WinnieSzeto	
5255	1:53:40	1/1/2019 	6813397	528.00	9.00	13.17	16.98	102132.83	1849	0	WinnieSzeto	
5256	1:53:41	1/1/2019 	6813858	129.00	8.00	7.41	16.98	102132.89	49828	0	WinnieSzeto	
5257	1:53:42	1/1/2019 	6815384	197.00	8.00	9.23	16.99	102133.02	49827	0	WinnieSzeto	
5258	1:53:42	1/1/2019 	6815646	62.00	8.00	5.90	16.99	102133.02	52441	0	WinnieSzeto	
5259	1:53:43	1/1/2019 	6816075	520.00	8.00	12.99	16.99	102133.22	1847	1	WinnieSzeto	
5260	1:53:44	1/1/2019 	6816740	212.00	6.00	9.53	16.99	102133.28	49827	0	WinnieSzeto	
5261	1:53:45	1/1/2019 	6817946	81.00	8.00	6.15	16.99	102133.34	49828	0	WinnieSzeto	
5262	1:53:45	1/1/2019 	6818576	544.00	9.00	13.34	17.00	102133.73	49828	0	WinnieSzeto	
5263	1:53:47	1/1/2019 	6820271	641.00	9.00	14.46	17.00	102134.00	49829	0	WinnieSzeto	
5264	1:53:47	1/1/2019 	6820347	667.00	14.00	16.03	17.00	102134.00	5441	1	WinnieSzeto	
5265	1:53:47	1/1/2019 	6820485	105.00	8.00	6.73	17.00	102134.00	1849	0	WinnieSzeto	
5266	1:53:48	1/1/2019 	6820820	968.00	372.00	69.78	17.00	102134.00	49825	1	WinnieSzeto	
5267	1:53:48	1/1/2019 	6820928	704.00	12.00	15.66	17.00	102134.06	1851	0	WinnieSzeto	
5268	1:53:49	1/1/2019 	6822104	65.00	7.00	5.92	17.01	102133.97	49828	0	WinnieSzeto	
5269	1:53:50	1/1/2019 	6822953	93.00	8.00	6.42	17.01	102134.19	49829	0	WinnieSzeto	
5270	1:53:51	1/1/2019 	6824495	117.00	8.00	7.06	17.01	102134.45	52420	0	WinnieSzeto	
5271	1:53:52	1/1/2019 	6825238	72.00	8.00	6.00	17.02	102134.52	49826	0	WinnieSzeto	
5272	1:53:52	1/1/2019 	6825367	510.00	9.00	13.01	17.02	102134.59	1848	0	WinnieSzeto	
5273	1:53:53	1/1/2019 	6825944	82.00	8.00	6.17	17.02	102134.81	49828	0	WinnieSzeto	
5274	1:53:54	1/1/2019 	6826732	519.00	9.00	13.09	17.02	102135.01	49828	0	WinnieSzeto	
5275	1:53:54	1/1/2019 	6827271	976.00	460.00	82.12	17.02	102135.01	1850	1	WinnieSzeto	
5276	1:53:55	1/1/2019 	6827902	682.00	10.00	14.94	17.02	102135.05	52420	0	WinnieSzeto	
5277	1:53:55	1/1/2019 	6828076	429.00	9.00	12.41	17.02	102135.05	1850	0	WinnieSzeto	
5278	1:53:55	1/1/2019 	6828272	387.00	9.00	12.07	17.03	102135.11	1849	0	WinnieSzeto	
5279	1:53:56	1/1/2019 	6829233	131.00	8.00	7.47	17.03	102135.01	49828	0	WinnieSzeto	
5280	1:53:56	1/1/2019 	6829276	186.00	8.00	8.97	17.03	102135.01	1848	1	WinnieSzeto	
5281	1:53:56	1/1/2019 	6829612	918.00	122.00	34.30	17.03	102135.01	49826	0	WinnieSzeto	
5282	1:53:57	1/1/2019 	6830089	912.00	117.00	33.32	17.03	102135.20	5444	1	WinnieSzeto	
5283	1:53:57	1/1/2019 	6830312	106.00	8.00	6.75	17.03	102135.20	1851	0	WinnieSzeto	
5284	1:53:59	1/1/2019 	6831896	747.00	18.00	17.62	17.04	102135.56	97806	1	WinnieSzeto	
5285	1:53:59	1/1/2019 	6832204	783.00	28.00	19.88	17.04	102135.41	1851	1	WinnieSzeto	
5286	1:53:59	1/1/2019 	6832208	427.00	8.00	12.32	17.04	102135.41	1850	0	WinnieSzeto	
5287	1:53:59	1/1/2019 	6832617	434.00	8.00	12.37	17.04	102135.47	52439	0	WinnieSzeto	
5288	1:54:01	1/1/2019 	6833699	64.00	9.00	5.92	17.04	102135.50	49827	0	WinnieSzeto	
5289	1:54:01	1/1/2019 	6834190	398.00	9.00	12.17	17.04	102135.50	1849	0	WinnieSzeto	
5290	1:54:02	1/1/2019 	6834749	794.00	35.00	20.91	17.05	102135.73	49828	0	WinnieSzeto	
5291	1:54:02	1/1/2019 	6835279	548.00	9.00	13.38	17.05	102135.95	1851	0	WinnieSzeto	
5292	1:54:03	1/1/2019 	6836493	967.00	423.00	77.60	17.05	102136.55	49829	1	WinnieSzeto	
5293	1:54:04	1/1/2019 	6836865	781.00	27.00	19.70	17.05	102136.55	57209	0	WinnieSzeto	
5294	1:54:05	1/1/2019 	6837865	959.00	253.00	50.58	17.06	102136.28	49831	1	WinnieSzeto	
5295	1:54:05	1/1/2019 	6837978	610.00	9.00	14.15	17.06	102136.28	1851	0	WinnieSzeto	
5296	1:54:05	1/1/2019 	6838587	315.00	9.00	11.29	17.06	102136.19	49827	0	WinnieSzeto	
5297	1:54:06	1/1/2019 	6839055	267.00	8.00	10.57	17.06	102136.02	1850	0	WinnieSzeto	
5298	1:54:07	1/1/2019 	6840174	755.00	20.00	18.16	17.06	102136.16	49828	0	WinnieSzeto	
5299	1:54:07	1/1/2019 	6840408	798.00	40.00	21.49	17.07	102136.35	5421	0	WinnieSzeto	
5300	1:54:07	1/1/2019 	6840461	501.00	8.00	12.84	17.07	102136.35	1850	0	WinnieSzeto	
5301	1:54:07	1/1/2019 	6840595	237.00	11.00	10.11	17.07	102136.35	49826	0	WinnieSzeto	
5302	1:54:08	1/1/2019 	6841000	557.00	9.00	13.48	17.07	102136.02	1850	0	WinnieSzeto	
5303	1:54:09	1/1/2019 	6842458	948.00	156.00	40.21	17.07	102136.16	49829	1	WinnieSzeto	
5304	1:54:10	1/1/2019 	6843228	89.00	8.00	6.32	17.08	102136.22	49830	0	WinnieSzeto	
5305	1:54:12	1/1/2019 	6845139	829.00	54.00	22.95	17.08	102135.87	100399	1	WinnieSzeto	
5306	1:54:12	1/1/2019 	6845187	94.00	8.00	6.44	17.08	102135.87	1851	0	WinnieSzeto	
5307	1:54:12	1/1/2019 	6845277	598.00	9.00	14.00	17.08	102135.87	1847	0	WinnieSzeto	
5308	1:54:12	1/1/2019 	6845408	82.00	8.00	6.17	17.08	102135.92	1849	0	WinnieSzeto	
5309	1:54:12	1/1/2019 	6845414	776.00	25.00	19.32	17.08	102135.92	1847	1	WinnieSzeto	
5310	1:54:13	1/1/2019 	6845837	959.00	189.00	44.33	17.08	102135.92	49829	0	WinnieSzeto	
5311	1:54:13	1/1/2019 	6846336	973.00	139.00	37.46	17.09	102135.83	4444	1	WinnieSzeto	
5312	1:54:14	1/1/2019 	6847617	627.00	9.00	14.34	17.09	102135.61	97808	0	WinnieSzeto	
5313	1:54:14	1/1/2019 	6847635	704.00	11.00	15.30	17.09	102135.61	1851	0	WinnieSzeto	
5314	1:54:15	1/1/2019 	6848125	637.00	9.00	14.43	17.09	102135.61	1850	1	WinnieSzeto	
5315	1:54:15	1/1/2019 	6848172	674.00	10.00	14.93	17.09	102135.44	1850	0	WinnieSzeto	
5316	1:54:15	1/1/2019 	6848495	956.00	174.00	42.64	17.09	102135.44	1849	0	WinnieSzeto	
5317	1:54:16	1/1/2019 	6849007	175.00	9.00	8.70	17.09	102135.67	52422	0	WinnieSzeto	
5318	1:54:17	1/1/2019 	6850095	65.00	8.00	5.92	17.10	102135.73	49828	0	WinnieSzeto	
5319	1:54:17	1/1/2019 	6850162	226.00	8.00	9.85	17.10	102135.73	2576	0	WinnieSzeto	
5320	1:54:17	1/1/2019 	6850351	978.00	567.00	97.69	17.10	102135.73	1847	1	WinnieSzeto	
5321	1:54:17	1/1/2019 	6850421	153.00	8.00	8.10	17.10	102135.93	1851	0	WinnieSzeto	
5322	1:54:17	1/1/2019 	6850609	779.00	25.00	19.32	17.10	102135.93	49825	0	WinnieSzeto	
5323	1:54:17	1/1/2019 	6850675	219.00	8.00	9.71	17.10	102135.93	4465	1	WinnieSzeto	
5324	1:54:18	1/1/2019 	6850736	605.00	9.00	14.09	17.10	102135.93	1847	0	WinnieSzeto	
5325	1:54:18	1/1/2019 	6850916	204.00	8.00	9.39	17.10	102135.93	1850	0	WinnieSzeto	
5326	1:54:18	1/1/2019 	6851138	935.00	141.00	37.80	17.10	102135.77	1848	0	WinnieSzeto	
5327	1:54:19	1/1/2019 	6851705	380.00	8.00	11.95	17.10	102135.84	49828	0	WinnieSzeto	
5328	1:54:19	1/1/2019 	6851810	108.00	8.00	6.81	17.10	102135.84	1849	0	WinnieSzeto	
5329	1:54:19	1/1/2019 	6851854	410.00	8.00	12.20	17.10	102135.84	4440	0	WinnieSzeto	
5330	1:54:19	1/1/2019 	6851929	174.00	8.00	8.67	17.10	102135.84	1847	0	WinnieSzeto	
5331	1:54:20	1/1/2019 	6852719	513.00	9.00	13.03	17.10	102135.90	49826	0	WinnieSzeto	
5332	1:54:20	1/1/2019 	6853019	450.00	9.00	12.56	17.10	102135.90	1851	0	WinnieSzeto	
5333	1:54:20	1/1/2019 	6853345	134.00	8.00	7.56	17.11	102136.12	1852	0	WinnieSzeto	
5334	1:54:20	1/1/2019 	6853576	844.00	65.00	24.21	17.11	102136.12	49832	0	WinnieSzeto	
5335	1:54:21	1/1/2019 	6853789	66.00	8.00	5.93	17.11	102135.80	4446	0	WinnieSzeto	
5336	1:54:21	1/1/2019 	6853812	121.00	8.00	7.18	17.11	102135.80	1848	0	WinnieSzeto	
5337	1:54:22	1/1/2019 	6854820	175.00	8.00	8.69	17.11	102135.84	49825	0	WinnieSzeto	
5338	1:54:22	1/1/2019 	6855262	552.00	9.00	13.43	17.11	102135.91	1848	0	WinnieSzeto	
5339	1:54:22	1/1/2019 	6855283	794.00	35.00	20.91	17.11	102135.91	1848	0	WinnieSzeto	
5340	1:54:22	1/1/2019 	6855386	424.00	9.00	12.37	17.11	102135.91	1849	0	WinnieSzeto	
5341	1:54:22	1/1/2019 	6855492	715.00	13.00	16.01	17.11	102135.58	4441	0	WinnieSzeto	
5342	1:54:22	1/1/2019 	6855617	599.00	9.00	14.01	17.11	102135.58	49828	0	WinnieSzeto	
5343	1:54:23	1/1/2019 	6855807	184.00	8.00	8.92	17.11	102135.58	1850	0	WinnieSzeto	
5344	1:54:23	1/1/2019 	6855838	441.00	8.00	12.42	17.11	102135.58	1848	0	WinnieSzeto	
5345	1:54:23	1/1/2019 	6856167	974.00	479.00	84.30	17.11	102135.64	1848	1	WinnieSzeto	
5346	1:54:23	1/1/2019 	6856213	443.00	9.00	12.51	17.11	102135.64	1851	0	WinnieSzeto	
5347	1:54:24	1/1/2019 	6857089	967.00	462.00	82.34	17.12	102135.38	52423	0	WinnieSzeto	
5348	1:54:25	1/1/2019 	6857894	116.00	8.00	7.03	17.12	102135.41	49834	0	WinnieSzeto	
5349	1:54:25	1/1/2019 	6858001	307.00	8.00	11.15	17.12	102135.41	1849	0	WinnieSzeto	
5350	1:54:25	1/1/2019 	6858269	116.00	8.00	7.03	17.12	102135.09	1847	0	WinnieSzeto	
5351	1:54:26	1/1/2019 	6859044	793.00	32.00	20.51	17.12	102135.12	49828	1	WinnieSzeto	
5352	1:54:26	1/1/2019 	6859343	796.00	35.00	20.91	17.12	102135.35	59112	0	WinnieSzeto	
5353	1:54:26	1/1/2019 	6859623	72.00	9.00	6.01	17.12	102135.35	49829	0	WinnieSzeto	
5354	1:54:27	1/1/2019 	6859726	794.00	33.00	20.65	17.12	102135.35	2653	1	WinnieSzeto	
5355	1:54:27	1/1/2019 	6859951	235.00	8.00	10.02	17.12	102134.86	1850	1	WinnieSzeto	
5356	1:54:27	1/1/2019 	6860046	158.00	7.00	8.23	17.12	102134.86	1847	0	WinnieSzeto	
5357	1:54:27	1/1/2019 	6860401	134.00	8.00	7.56	17.12	102134.86	1849	0	WinnieSzeto	
5358	1:54:27	1/1/2019 	6860593	87.00	8.00	6.28	17.13	102134.77	52438	0	WinnieSzeto	
5359	1:54:28	1/1/2019 	6861035	137.00	8.00	7.64	17.13	102134.44	1847	0	WinnieSzeto	
5360	1:54:29	1/1/2019 	6861734	74.00	8.00	6.03	17.13	102134.50	49827	0	WinnieSzeto	
5361	1:54:29	1/1/2019 	6862140	169.00	8.00	8.54	17.13	102134.87	1848	0	WinnieSzeto	
5362	1:54:29	1/1/2019 	6862456	436.00	9.00	12.46	17.13	102134.87	1847	0	WinnieSzeto	
5363	1:54:30	1/1/2019 	6862899	917.00	131.00	36.00	17.13	102134.93	49830	0	WinnieSzeto	
5364	1:54:30	1/1/2019 	6863351	916.00	119.00	33.72	17.14	102135.31	4422	0	WinnieSzeto	
5365	1:54:31	1/1/2019 	6863985	64.00	6.00	5.91	17.14	102135.38	49830	0	WinnieSzeto	
5366	1:54:31	1/1/2019 	6864430	142.00	8.00	7.79	17.14	102135.45	1848	0	WinnieSzeto	
5367	1:54:32	1/1/2019 	6864710	621.00	9.00	14.28	17.14	102135.45	49827	0	WinnieSzeto	
5368	1:54:32	1/1/2019 	6865024	152.00	8.00	8.07	17.14	102135.12	1851	0	WinnieSzeto	
5369	1:54:32	1/1/2019 	6865464	324.00	9.00	11.41	17.14	102135.16	1852	0	WinnieSzeto	
5370	1:54:34	1/1/2019 	6866907	728.00	14.00	16.36	17.15	102135.28	100399	0	WinnieSzeto	
5371	1:54:37	1/1/2019 	6869734	868.00	82.00	26.69	17.16	102136.06	145791	1	WinnieSzeto	
5372	1:54:37	1/1/2019 	6869864	432.00	9.00	12.43	17.16	102136.06	2654	0	WinnieSzeto	
5373	1:54:37	1/1/2019 	6870002	895.00	92.00	28.49	17.16	102136.13	1849	1	WinnieSzeto	
5374	1:54:38	1/1/2019 	6871558	113.00	8.00	6.95	17.17	102136.20	97808	0	WinnieSzeto	
5375	1:54:39	1/1/2019 	6871916	875.00	84.00	27.04	17.17	102136.20	1848	1	WinnieSzeto	
5376	1:54:39	1/1/2019 	6872316	75.00	8.00	6.05	17.17	102136.59	4443	0	WinnieSzeto	
5377	1:54:40	1/1/2019 	6872805	843.00	69.00	24.71	17.17	102136.66	49827	1	WinnieSzeto	
5378	1:54:41	1/1/2019 	6874014	632.00	9.00	14.39	17.18	102136.37	49831	0	WinnieSzeto	
5379	1:54:41	1/1/2019 	6874356	81.00	8.00	6.15	17.18	102136.59	1850	0	WinnieSzeto	
5380	1:54:41	1/1/2019 	6874553	937.00	143.00	38.14	17.18	102136.59	49826	1	WinnieSzeto	
5381	1:54:41	1/1/2019 	6874590	119.00	8.00	7.12	17.18	102136.59	1851	0	WinnieSzeto	
5382	1:54:43	1/1/2019 	6875802	208.00	8.00	9.48	17.18	102136.50	52415	0	WinnieSzeto	
5383	1:54:43	1/1/2019 	6875971	158.00	8.00	8.24	17.18	102136.50	1848	0	WinnieSzeto	
5384	1:54:43	1/1/2019 	6876454	517.00	9.00	13.07	17.18	102136.73	1847	0	WinnieSzeto	
5385	1:54:44	1/1/2019 	6876719	565.00	9.00	13.58	17.19	102136.62	49832	0	WinnieSzeto	
5386	1:54:44	1/1/2019 	6876842	192.00	8.00	9.11	17.19	102136.62	1858	0	WinnieSzeto	
5387	1:54:45	1/1/2019 	6877945	65.00	8.00	5.92	17.19	102136.34	49831	0	WinnieSzeto	
5388	1:54:46	1/1/2019 	6879439	376.00	8.00	11.92	17.19	102136.79	52438	0	WinnieSzeto	
5389	1:54:47	1/1/2019 	6880455	399.00	10.00	12.23	17.20	102136.86	49828	0	WinnieSzeto	
5390	1:54:50	1/1/2019 	6882802	730.00	14.00	16.36	17.20	102137.02	146594	1	WinnieSzeto	
5391	1:54:51	1/1/2019 	6884285	774.00	26.00	19.50	17.21	102137.15	49831	0	WinnieSzeto	
5392	1:54:52	1/1/2019 	6884775	130.00	8.00	7.44	17.21	102136.82	49830	0	WinnieSzeto	
5393	1:54:52	1/1/2019 	6885648	912.00	109.00	31.76	17.21	102137.41	49829	1	WinnieSzeto	
5394	1:54:53	1/1/2019 	6885863	140.00	8.00	7.73	17.21	102137.41	4377	0	WinnieSzeto	
5395	1:54:53	1/1/2019 	6886296	798.00	37.00	21.15	17.22	102137.64	1849	0	WinnieSzeto	
5396	1:54:53	1/1/2019 	6886566	587.00	9.00	13.86	17.22	102137.64	49828	0	WinnieSzeto	
5397	1:54:54	1/1/2019 	6887081	86.00	8.00	6.26	17.22	102137.48	1849	0	WinnieSzeto	
5398	1:54:54	1/1/2019 	6887625	966.00	201.00	45.52	17.22	102137.83	49828	1	WinnieSzeto	
5399	1:54:55	1/1/2019 	6887680	672.00	10.00	14.92	17.22	102137.83	1851	0	WinnieSzeto	
5400	1:54:55	1/1/2019 	6887685	116.00	8.00	7.03	17.22	102137.83	4354	0	WinnieSzeto	
5401	1:54:55	1/1/2019 	6887703	64.00	8.00	5.92	17.22	102138.03	1847	0	WinnieSzeto	
5402	1:54:55	1/1/2019 	6887762	612.00	8.00	13.96	17.22	102138.03	1846	0	WinnieSzeto	
5403	1:54:55	1/1/2019 	6888423	703.00	12.00	15.66	17.22	102138.03	1848	1	WinnieSzeto	
5404	1:54:56	1/1/2019 	6888989	961.00	255.00	50.81	17.22	102138.26	49829	1	WinnieSzeto	
5405	1:54:57	1/1/2019 	6890033	165.00	8.00	8.43	17.23	102138.71	49831	0	WinnieSzeto	
5406	1:54:57	1/1/2019 	6890196	105.00	8.00	6.73	17.23	102138.71	5153	1	WinnieSzeto	
5407	1:54:57	1/1/2019 	6890361	965.00	197.00	45.14	17.23	102138.71	1846	1	WinnieSzeto	
5408	1:55:00	1/1/2019 	6893110	240.00	9.00	10.13	17.24	102139.04	145790	0	WinnieSzeto	
5409	1:55:00	1/1/2019 	6893172	206.00	9.00	9.44	17.24	102139.04	1851	0	WinnieSzeto	
5410	1:55:01	1/1/2019 	6893946	943.00	147.00	38.81	17.24	102139.11	49829	1	WinnieSzeto	
5411	1:55:01	1/1/2019 	6894066	605.00	9.00	14.09	17.24	102139.11	1852	0	WinnieSzeto	
5412	1:55:01	1/1/2019 	6894402	622.00	9.00	14.29	17.24	102139.17	4355	0	WinnieSzeto	
5413	1:55:02	1/1/2019 	6894964	388.00	9.00	12.08	17.24	102138.84	49828	0	WinnieSzeto	
5414	1:55:02	1/1/2019 	6895265	197.00	8.00	9.23	17.24	102138.84	1851	0	WinnieSzeto	
5415	1:55:03	1/1/2019 	6895768	165.00	8.00	8.43	17.24	102139.04	49827	0	WinnieSzeto	
5416	1:55:03	1/1/2019 	6895935	660.00	10.00	14.87	17.24	102139.04	1847	0	WinnieSzeto	
5417	1:55:03	1/1/2019 	6896351	86.00	8.00	6.26	17.24	102138.88	1851	0	WinnieSzeto	
5418	1:55:03	1/1/2019 	6896657	94.00	8.00	6.44	17.25	102138.94	52358	0	WinnieSzeto	
5419	1:55:04	1/1/2019 	6897465	432.00	9.00	12.43	17.25	102139.17	1848	0	WinnieSzeto	
5420	1:55:05	1/1/2019 	6898281	274.00	8.00	10.68	17.25	102138.58	49829	0	WinnieSzeto	
5421	1:55:05	1/1/2019 	6898393	183.00	8.00	8.90	17.25	102138.58	1849	0	WinnieSzeto	
5422	1:55:06	1/1/2019 	6898856	450.00	9.00	12.56	17.25	102138.81	49826	0	WinnieSzeto	
5423	1:55:06	1/1/2019 	6899636	209.00	8.00	9.50	17.25	102138.65	49830	0	WinnieSzeto	
5424	1:55:07	1/1/2019 	6899687	406.00	9.00	12.23	17.25	102138.65	5188	0	WinnieSzeto	
5425	1:55:07	1/1/2019 	6899792	320.00	9.00	11.36	17.25	102138.65	1850	0	WinnieSzeto	
5426	1:55:08	1/1/2019 	6901178	917.00	121.00	34.11	17.26	102138.75	49829	0	WinnieSzeto	
5427	1:55:08	1/1/2019 	6901400	109.00	8.00	6.84	17.26	102138.75	1851	0	WinnieSzeto	
5428	1:55:09	1/1/2019 	6902616	849.00	66.00	24.34	17.26	102138.81	97807	0	WinnieSzeto	
5429	1:55:09	1/1/2019 	6902622	317.00	8.00	11.28	17.26	102138.81	1852	0	WinnieSzeto	
5430	1:55:09	1/1/2019 	6902628	263.00	8.00	10.51	17.26	102138.81	4351	0	WinnieSzeto	
5431	1:55:10	1/1/2019 	6903366	174.00	8.00	8.67	17.27	102139.08	1847	0	WinnieSzeto	
5432	1:55:10	1/1/2019 	6903493	595.00	10.00	14.13	17.27	102139.08	1848	0	WinnieSzeto	
5433	1:55:11	1/1/2019 	6904419	91.00	6.00	6.37	17.27	102139.50	49829	0	WinnieSzeto	
5434	1:55:12	1/1/2019 	6904769	413.00	8.00	12.22	17.27	102139.50	49829	0	WinnieSzeto	
5435	1:55:12	1/1/2019 	6904780	218.00	8.00	9.69	17.27	102139.50	4353	0	WinnieSzeto	
5436	1:55:13	1/1/2019 	6905875	909.00	112.00	32.34	17.27	102139.56	49827	0	WinnieSzeto	
5437	1:55:13	1/1/2019 	6905905	811.00	49.00	22.42	17.27	102139.56	1852	0	WinnieSzeto	
5438	1:55:13	1/1/2019 	6906012	79.00	8.00	6.12	17.27	102139.56	1849	0	WinnieSzeto	
5439	1:55:13	1/1/2019 	6906067	846.00	67.00	24.46	17.27	102139.56	1847	0	WinnieSzeto	
5440	1:55:13	1/1/2019 	6906249	969.00	236.00	48.80	17.28	102139.62	1852	1	WinnieSzeto	
5441	1:55:13	1/1/2019 	6906549	142.00	8.00	7.79	17.28	102139.62	52407	0	WinnieSzeto	
5442	1:55:15	1/1/2019 	6907907	139.00	8.00	7.70	17.28	102139.56	49831	0	WinnieSzeto	
5443	1:55:15	1/1/2019 	6908135	913.00	109.00	31.76	17.28	102139.56	1849	0	WinnieSzeto	
5444	1:55:15	1/1/2019 	6908218	838.00	62.00	23.84	17.28	102139.56	1851	0	WinnieSzeto	
5445	1:55:16	1/1/2019 	6908689	378.00	9.00	11.99	17.28	102139.80	49828	0	WinnieSzeto	
5446	1:55:16	1/1/2019 	6908691	511.00	12.00	13.29	17.28	102139.80	1850	0	WinnieSzeto	
5447	1:55:16	1/1/2019 	6909013	579.00	9.00	13.75	17.28	102139.47	4420	0	WinnieSzeto	
5448	1:55:16	1/1/2019 	6909284	956.00	154.00	39.91	17.28	102139.47	1850	0	WinnieSzeto	
5449	1:55:17	1/1/2019 	6909701	794.00	38.00	21.26	17.29	102139.69	49830	0	WinnieSzeto	
5450	1:55:18	1/1/2019 	6910962	61.00	8.00	5.90	17.29	102139.73	50633	0	WinnieSzeto	
5451	1:55:18	1/1/2019 	6911469	215.00	9.00	9.64	17.29	102140.12	1851	0	WinnieSzeto	
5452	1:55:18	1/1/2019 	6911657	591.00	9.00	13.91	17.29	102140.19	49832	0	WinnieSzeto	
5453	1:55:19	1/1/2019 	6912115	113.00	8.00	6.95	17.29	102140.19	4441	0	WinnieSzeto	
5454	1:55:19	1/1/2019 	6912435	854.00	69.00	24.74	17.30	102140.57	1847	1	WinnieSzeto	
5455	1:55:20	1/1/2019 	6912697	694.00	11.00	15.30	17.30	102140.57	49830	0	WinnieSzeto	
5456	1:55:20	1/1/2019 	6912875	697.00	11.00	15.30	17.30	102140.25	1851	0	WinnieSzeto	
5457	1:55:20	1/1/2019 	6912959	539.00	9.00	13.28	17.30	102140.25	1850	0	WinnieSzeto	
5458	1:55:20	1/1/2019 	6913000	792.00	57.00	23.17	17.30	102140.25	1848	0	WinnieSzeto	
5459	1:55:20	1/1/2019 	6913093	119.00	8.00	7.12	17.30	102140.25	4420	0	WinnieSzeto	
5460	1:55:20	1/1/2019 	6913279	538.00	8.00	13.15	17.30	102140.25	1846	0	WinnieSzeto	
5461	1:55:21	1/1/2019 	6914027	95.00	8.00	6.47	17.30	102140.52	49825	0	WinnieSzeto	
5462	1:55:21	1/1/2019 	6914335	146.00	8.00	7.90	17.30	102140.52	1848	0	WinnieSzeto	
5463	1:55:21	1/1/2019 	6914554	970.00	314.00	59.41	17.30	102140.58	49826	1	WinnieSzeto	
5464	1:55:22	1/1/2019 	6915149	239.00	8.00	10.10	17.30	102140.25	1850	0	WinnieSzeto	
5465	1:55:22	1/1/2019 	6915392	835.00	64.00	24.07	17.30	102140.25	4417	0	WinnieSzeto	
5466	1:55:23	1/1/2019 	6916436	948.00	153.00	39.76	17.31	102139.89	49827	1	WinnieSzeto	
5467	1:55:24	1/1/2019 	6916761	727.00	14.00	16.36	17.31	102139.77	49830	0	WinnieSzeto	
5468	1:55:24	1/1/2019 	6916932	231.00	8.00	9.95	17.31	102139.77	1851	0	WinnieSzeto	
5469	1:55:24	1/1/2019 	6917136	395.00	8.00	12.08	17.31	102139.77	1846	0	WinnieSzeto	
5470	1:55:25	1/1/2019 	6917680	797.00	42.00	21.69	17.31	102138.95	49825	0	WinnieSzeto	
5471	1:55:25	1/1/2019 	6917811	924.00	121.00	34.12	17.31	102138.69	4356	1	WinnieSzeto	
5472	1:55:26	1/1/2019 	6919003	407.00	8.00	12.18	17.32	102138.30	49829	0	WinnieSzeto	
5473	1:55:27	1/1/2019 	6920093	929.00	141.00	37.80	17.32	102137.71	49828	1	WinnieSzeto	
5474	1:55:27	1/1/2019 	6920223	81.00	8.00	6.15	17.32	102137.71	2653	0	WinnieSzeto	
5475	1:55:28	1/1/2019 	6920783	162.00	8.00	8.35	17.32	102137.39	49826	0	WinnieSzeto	
5476	1:55:28	1/1/2019 	6920878	84.00	8.00	6.21	17.32	102137.39	1848	0	WinnieSzeto	
5477	1:55:28	1/1/2019 	6921180	277.00	9.00	10.76	17.32	102137.26	4457	0	WinnieSzeto	
5478	1:55:30	1/1/2019 	6923624	614.00	9.00	14.20	17.33	102136.64	145788	0	WinnieSzeto	
5479	1:55:31	1/1/2019 	6923911	924.00	138.00	37.27	17.33	102136.31	1850	0	WinnieSzeto	
5480	1:55:31	1/1/2019 	6924436	200.00	8.00	9.30	17.33	102136.31	1851	0	WinnieSzeto	
5481	1:55:32	1/1/2019 	6925022	171.00	9.00	8.60	17.33	102136.02	49827	0	WinnieSzeto	
5482	1:55:32	1/1/2019 	6925331	462.00	9.00	12.64	17.33	102136.02	1850	0	WinnieSzeto	
5483	1:55:32	1/1/2019 	6925621	600.00	9.00	14.02	17.34	102136.09	52400	0	WinnieSzeto	
5484	1:55:32	1/1/2019 	6925628	119.00	8.00	7.12	17.34	102136.09	1850	0	WinnieSzeto	
5485	1:55:33	1/1/2019 	6925824	153.00	8.00	8.10	17.34	102136.09	1848	0	WinnieSzeto	
5486	1:55:33	1/1/2019 	6926586	216.00	8.00	9.65	17.34	102136.16	49828	0	WinnieSzeto	
5487	1:55:34	1/1/2019 	6927123	139.00	8.00	7.70	17.34	102135.99	1847	0	WinnieSzeto	
5488	1:55:35	1/1/2019 	6927905	88.00	9.00	6.30	17.34	102136.12	49828	0	WinnieSzeto	
5489	1:55:35	1/1/2019 	6928081	957.00	160.00	40.80	17.34	102136.12	4450	1	WinnieSzeto	
5490	1:55:35	1/1/2019 	6928121	175.00	8.00	8.69	17.34	102136.12	1857	0	WinnieSzeto	
5491	1:55:35	1/1/2019 	6928394	64.00	8.00	5.92	17.34	102135.62	1855	0	WinnieSzeto	
5492	1:55:35	1/1/2019 	6928662	575.00	9.00	13.70	17.34	102135.62	49835	0	WinnieSzeto	
5493	1:55:36	1/1/2019 	6929407	888.00	89.00	27.93	17.35	102135.66	1854	0	WinnieSzeto	
5494	1:55:37	1/1/2019 	6929813	765.00	22.00	18.66	17.35	102135.73	49832	0	WinnieSzeto	
5495	1:55:37	1/1/2019 	6929858	787.00	32.00	20.50	17.35	102135.73	5276	0	WinnieSzeto	
5496	1:55:37	1/1/2019 	6930070	76.00	8.00	6.07	17.35	102135.41	1847	0	WinnieSzeto	
5497	1:55:37	1/1/2019 	6930122	84.00	8.00	6.21	17.35	102135.41	1847	0	WinnieSzeto	
5498	1:55:38	1/1/2019 	6930810	536.00	8.00	13.14	17.35	102135.47	49829	0	WinnieSzeto	
5499	1:55:38	1/1/2019 	6931096	551.00	9.00	13.41	17.35	102135.47	1849	0	WinnieSzeto	
5500	1:55:38	1/1/2019 	6931393	901.00	101.00	30.18	17.35	102135.21	1850	0	WinnieSzeto	
5501	1:55:39	1/1/2019 	6931725	65.00	8.00	5.92	17.35	102134.88	52419	0	WinnieSzeto	
5502	1:55:39	1/1/2019 	6932073	82.00	9.00	6.18	17.35	102134.88	1848	0	WinnieSzeto	
5503	1:55:39	1/1/2019 	6932294	694.00	10.00	14.94	17.36	102134.59	1849	0	WinnieSzeto	
5504	1:55:40	1/1/2019 	6932749	204.00	8.00	9.39	17.36	102134.59	49831	0	WinnieSzeto	
5505	1:55:40	1/1/2019 	6933007	858.00	75.00	25.58	17.36	102134.49	1848	1	WinnieSzeto	
5506	1:55:41	1/1/2019 	6934343	915.00	123.00	34.49	17.36	102134.39	49829	1	WinnieSzeto	
5507	1:55:41	1/1/2019 	6934629	798.00	42.00	21.70	17.36	102134.07	52420	0	WinnieSzeto	
5508	1:55:42	1/1/2019 	6934833	465.00	8.00	12.58	17.36	102134.07	1850	0	WinnieSzeto	
5509	1:55:42	1/1/2019 	6935287	204.00	8.00	9.39	17.36	102134.27	1849	0	WinnieSzeto	
5510	1:55:43	1/1/2019 	6935683	112.00	9.00	6.92	17.37	102134.33	49827	0	WinnieSzeto	
5511	1:55:43	1/1/2019 	6936488	557.00	9.00	13.48	17.37	102134.01	1850	0	WinnieSzeto	
5512	1:55:43	1/1/2019 	6936663	828.00	60.00	23.59	17.37	102134.01	49830	1	WinnieSzeto	
5513	1:55:44	1/1/2019 	6937124	898.00	104.00	30.75	17.37	102133.88	4441	0	WinnieSzeto	
5514	1:55:44	1/1/2019 	6937324	452.00	9.00	12.57	17.37	102133.95	1856	0	WinnieSzeto	
5515	1:55:44	1/1/2019 	6937383	742.00	16.00	17.02	17.37	102133.95	1850	0	WinnieSzeto	
5516	1:55:44	1/1/2019 	6937608	93.00	8.00	6.42	17.37	102133.95	49826	0	WinnieSzeto	
5517	1:55:46	1/1/2019 	6939160	103.00	8.00	6.67	17.38	102133.91	49827	0	WinnieSzeto	
5518	1:55:47	1/1/2019 	6939962	136.00	8.00	7.62	17.38	102134.11	52417	1	WinnieSzeto	
5519	1:55:47	1/1/2019 	6940058	504.00	9.00	12.96	17.38	102134.11	2650	0	WinnieSzeto	
5520	1:55:47	1/1/2019 	6940310	625.00	9.00	14.32	17.38	102134.11	1849	0	WinnieSzeto	
5521	1:55:47	1/1/2019 	6940564	960.00	164.00	41.35	17.38	102134.11	49830	0	WinnieSzeto	
5522	1:55:48	1/1/2019 	6940848	567.00	8.00	13.46	17.38	102134.17	1850	0	WinnieSzeto	
5523	1:55:48	1/1/2019 	6940912	770.00	22.00	18.67	17.38	102134.17	1847	1	WinnieSzeto	
5524	1:55:49	1/1/2019 	6942011	604.00	9.00	14.07	17.38	102134.23	52440	0	WinnieSzeto	
5525	1:55:49	1/1/2019 	6942431	956.00	163.00	41.22	17.39	102134.30	1851	0	WinnieSzeto	
5526	1:55:49	1/1/2019 	6942663	655.00	10.00	14.84	17.39	102134.30	49830	0	WinnieSzeto	
5527	1:55:51	1/1/2019 	6944208	84.00	8.00	6.21	17.39	102134.08	49829	0	WinnieSzeto	
5528	1:55:51	1/1/2019 	6944499	692.00	11.00	15.30	17.39	102133.75	1849	0	WinnieSzeto	
5529	1:55:52	1/1/2019 	6944895	714.00	13.00	16.01	17.39	102133.75	49840	1	WinnieSzeto	
5530	1:55:52	1/1/2019 	6945150	70.00	8.00	5.98	17.39	102133.81	4441	0	WinnieSzeto	
5531	1:55:52	1/1/2019 	6945792	84.00	8.00	6.21	17.40	102133.72	49827	0	WinnieSzeto	
5532	1:55:53	1/1/2019 	6946197	655.00	9.00	14.55	17.40	102133.78	1846	0	WinnieSzeto	
5533	1:55:54	1/1/2019 	6946905	925.00	134.00	36.56	17.40	102133.81	49830	1	WinnieSzeto	
5534	1:55:54	1/1/2019 	6947289	229.00	8.00	9.91	17.40	102133.48	1852	0	WinnieSzeto	
5535	1:55:55	1/1/2019 	6948010	930.00	144.00	38.31	17.40	102133.55	49827	0	WinnieSzeto	
5536	1:55:57	1/1/2019 	6949925	161.00	8.00	8.32	17.41	102133.98	100399	0	WinnieSzeto	
5537	1:55:58	1/1/2019 	6951087	718.00	13.00	16.01	17.41	102134.02	50632	0	WinnieSzeto	
5538	1:55:58	1/1/2019 	6951706	185.00	9.00	8.95	17.41	102134.23	49831	0	WinnieSzeto	
5539	1:55:58	1/1/2019 	6951765	223.00	8.00	9.79	17.42	102134.30	1849	0	WinnieSzeto	
5540	1:55:59	1/1/2019 	6952140	61.00	8.00	5.90	17.42	102134.30	1847	0	WinnieSzeto	
5541	1:55:59	1/1/2019 	6952245	94.00	8.00	6.44	17.42	102134.30	1848	0	WinnieSzeto	
5542	1:56:00	1/1/2019 	6953225	913.00	123.00	34.48	17.42	102134.20	52438	0	WinnieSzeto	
5543	1:56:00	1/1/2019 	6953787	649.00	10.00	14.80	17.42	102134.27	49832	0	WinnieSzeto	
5544	1:56:01	1/1/2019 	6954029	741.00	16.00	17.02	17.42	102134.30	1850	0	WinnieSzeto	
5545	1:56:01	1/1/2019 	6954137	95.00	8.00	6.47	17.42	102134.30	1849	0	WinnieSzeto	
5546	1:56:01	1/1/2019 	6954617	97.00	8.00	6.52	17.43	102134.53	49827	0	WinnieSzeto	
5547	1:56:01	1/1/2019 	6954672	139.00	8.00	7.70	17.43	102134.53	1847	0	WinnieSzeto	
5548	1:56:01	1/1/2019 	6954804	805.00	40.00	21.50	17.43	102134.53	4435	1	WinnieSzeto	
5549	1:56:02	1/1/2019 	6954959	152.00	8.00	8.07	17.43	102134.53	1849	0	WinnieSzeto	
5550	1:56:02	1/1/2019 	6955707	774.00	24.00	19.11	17.43	102134.43	49829	0	WinnieSzeto	
5551	1:56:02	1/1/2019 	6955892	274.00	9.00	10.71	17.43	102134.43	1849	0	WinnieSzeto	
5552	1:56:03	1/1/2019 	6956385	526.00	9.00	13.15	17.43	102134.34	1850	0	WinnieSzeto	
5553	1:56:03	1/1/2019 	6956460	198.00	9.00	9.26	17.43	102134.34	1850	0	WinnieSzeto	
5554	1:56:03	1/1/2019 	6956776	697.00	11.00	15.30	17.43	102134.01	52399	1	WinnieSzeto	
5555	1:56:04	1/1/2019 	6957061	122.00	8.00	7.21	17.43	102134.01	1850	0	WinnieSzeto	
5556	1:56:04	1/1/2019 	6957730	658.00	9.00	14.56	17.43	102134.20	49828	1	WinnieSzeto	
5557	1:56:05	1/1/2019 	6958583	926.00	134.00	36.56	17.43	102134.11	49832	0	WinnieSzeto	
5558	1:56:06	1/1/2019 	6959238	167.00	8.00	8.48	17.44	102134.34	1851	0	WinnieSzeto	
5559	1:56:06	1/1/2019 	6959261	414.00	9.00	12.30	17.44	102134.34	1848	0	WinnieSzeto	
5560	1:56:06	1/1/2019 	6959589	604.00	9.00	14.07	17.44	102134.56	52438	0	WinnieSzeto	
5561	1:56:06	1/1/2019 	6959661	620.00	9.00	14.26	17.44	102134.56	2653	0	WinnieSzeto	
5562	1:56:07	1/1/2019 	6960382	917.00	121.00	34.11	17.44	102134.95	1850	1	WinnieSzeto	
5563	1:56:08	1/1/2019 	6961036	87.00	9.00	6.28	17.44	102134.62	49834	0	WinnieSzeto	
5564	1:56:08	1/1/2019 	6961115	193.00	8.00	9.14	17.44	102134.62	1858	0	WinnieSzeto	
5565	1:56:08	1/1/2019 	6961204	87.00	8.00	6.28	17.44	102134.83	1852	0	WinnieSzeto	
5566	1:56:10	1/1/2019 	6963143	553.00	9.00	13.44	17.45	102134.73	100414	0	WinnieSzeto	
5567	1:56:10	1/1/2019 	6963162	102.00	7.00	6.64	17.45	102134.73	1851	0	WinnieSzeto	
5568	1:56:10	1/1/2019 	6963255	186.00	8.00	8.97	17.45	102134.73	1849	0	WinnieSzeto	
5569	1:56:11	1/1/2019 	6964154	722.00	13.00	16.01	17.45	102135.17	49825	1	WinnieSzeto	
5570	1:56:11	1/1/2019 	6964580	789.00	29.00	20.05	17.45	102134.86	49831	0	WinnieSzeto	
5571	1:56:12	1/1/2019 	6964931	278.00	8.00	10.75	17.45	102134.86	1850	0	WinnieSzeto	
5572	1:56:12	1/1/2019 	6965306	641.00	10.00	14.72	17.45	102134.89	4438	0	WinnieSzeto	
5573	1:56:12	1/1/2019 	6965650	186.00	8.00	8.97	17.45	102134.89	49829	0	WinnieSzeto	
5574	1:56:13	1/1/2019 	6965935	706.00	12.00	15.66	17.46	102135.09	1847	0	WinnieSzeto	
5575	1:56:13	1/1/2019 	6966009	957.00	161.00	40.94	17.46	102135.09	1849	0	WinnieSzeto	
5576	1:56:13	1/1/2019 	6966234	341.00	8.00	11.56	17.46	102134.76	1850	0	WinnieSzeto	
5577	1:56:13	1/1/2019 	6966766	246.00	9.00	10.24	17.46	102134.43	49827	0	WinnieSzeto	
5578	1:56:14	1/1/2019 	6967829	99.00	8.00	6.57	17.46	102134.89	52416	0	WinnieSzeto	
5579	1:56:16	1/1/2019 	6969091	202.00	8.00	9.34	17.47	102134.98	49827	0	WinnieSzeto	
5580	1:56:17	1/1/2019 	6970178	804.00	50.00	22.50	17.47	102135.28	49829	1	WinnieSzeto	
5581	1:56:17	1/1/2019 	6970424	674.00	10.00	14.93	17.47	102135.28	2655	0	WinnieSzeto	
5582	1:56:18	1/1/2019 	6971183	277.00	8.00	10.73	17.47	102134.95	49828	0	WinnieSzeto	
5583	1:56:18	1/1/2019 	6971302	161.00	8.00	8.32	17.47	102135.18	1848	0	WinnieSzeto	
5584	1:56:19	1/1/2019 	6972089	898.00	100.00	29.98	17.48	102135.22	52436	1	WinnieSzeto	
5585	1:56:19	1/1/2019 	6972252	95.00	8.00	6.47	17.48	102135.22	1851	0	WinnieSzeto	
5586	1:56:20	1/1/2019 	6972921	63.00	8.00	5.91	17.48	102135.44	49825	0	WinnieSzeto	
5587	1:56:20	1/1/2019 	6973736	164.00	8.00	8.40	17.48	102135.67	49826	0	WinnieSzeto	
5588	1:56:20	1/1/2019 	6973770	811.00	49.00	22.42	17.48	102135.67	1847	0	WinnieSzeto	
5589	1:56:21	1/1/2019 	6974048	74.00	8.00	6.03	17.48	102135.73	1849	0	WinnieSzeto	
5590	1:56:21	1/1/2019 	6974391	112.00	8.00	6.92	17.48	102135.73	4459	0	WinnieSzeto	
5591	1:56:22	1/1/2019 	6974965	733.00	15.00	16.69	17.48	102135.41	49826	0	WinnieSzeto	
5592	1:56:22	1/1/2019 	6975386	220.00	8.00	9.73	17.49	102135.63	1851	0	WinnieSzeto	
5593	1:56:25	1/1/2019 	6978133	229.00	8.00	9.91	17.49	102135.80	145783	0	WinnieSzeto	
5594	1:56:25	1/1/2019 	6978413	589.00	9.00	13.88	17.49	102135.80	1848	0	WinnieSzeto	
5595	1:56:27	1/1/2019 	6980561	122.00	8.00	7.21	17.50	102135.89	148375	0	WinnieSzeto	
5596	1:56:28	1/1/2019 	6981768	162.00	8.00	8.35	17.50	102135.86	49828	0	WinnieSzeto	
5597	1:56:29	1/1/2019 	6982724	872.00	74.00	25.47	17.51	102135.73	49829	0	WinnieSzeto	
5598	1:56:30	1/1/2019 	6982930	511.00	8.00	12.92	17.51	102135.57	1852	0	WinnieSzeto	
5599	1:56:31	1/1/2019 	6984203	718.00	13.00	16.01	17.51	102135.80	49828	0	WinnieSzeto	
5600	1:56:31	1/1/2019 	6984443	802.00	44.00	21.91	17.51	102135.80	1851	0	WinnieSzeto	
5601	1:56:31	1/1/2019 	6984609	961.00	175.00	42.76	17.51	102136.16	52417	0	WinnieSzeto	
5602	1:56:31	1/1/2019 	6984624	191.00	8.00	9.09	17.51	102136.16	1850	0	WinnieSzeto	
5603	1:56:33	1/1/2019 	6986384	868.00	80.00	26.37	17.52	102136.12	49829	0	WinnieSzeto	
5604	1:56:34	1/1/2019 	6987380	78.00	8.00	6.10	17.52	102136.19	49835	0	WinnieSzeto	
5605	1:56:34	1/1/2019 	6987429	880.00	82.00	26.72	17.52	102136.19	1848	0	WinnieSzeto	
5606	1:56:36	1/1/2019 	6989002	66.00	8.00	5.93	17.52	102136.39	97808	0	WinnieSzeto	
5607	1:56:36	1/1/2019 	6989280	840.00	57.00	23.29	17.52	102136.45	4437	0	WinnieSzeto	
5608	1:56:36	1/1/2019 	6989399	91.00	8.00	6.37	17.52	102136.45	1850	0	WinnieSzeto	
5609	1:56:36	1/1/2019 	6989434	326.00	8.00	11.39	17.52	102136.45	1847	0	WinnieSzeto	
5610	1:56:37	1/1/2019 	6990324	974.00	444.00	80.25	17.53	102136.52	49827	0	WinnieSzeto	
5611	1:56:37	1/1/2019 	6990870	721.00	13.00	16.01	17.53	102136.74	50635	1	WinnieSzeto	
5612	1:56:38	1/1/2019 	6991054	911.00	118.00	33.51	17.53	102136.74	1850	0	WinnieSzeto	
5613	1:56:38	1/1/2019 	6991092	92.00	8.00	6.39	17.53	102136.74	4461	0	WinnieSzeto	
5614	1:56:38	1/1/2019 	6991252	157.00	9.00	8.22	17.53	102136.74	1846	0	WinnieSzeto	
5615	1:56:39	1/1/2019 	6991899	746.00	18.00	17.61	17.53	102136.80	49829	0	WinnieSzeto	
5616	1:56:39	1/1/2019 	6992046	128.00	8.00	7.38	17.53	102136.80	1851	0	WinnieSzeto	
5617	1:56:39	1/1/2019 	6992553	543.00	8.00	13.20	17.53	102137.16	49826	0	WinnieSzeto	
5618	1:56:39	1/1/2019 	6992714	62.00	8.00	5.90	17.53	102137.16	1847	0	WinnieSzeto	
5619	1:56:40	1/1/2019 	6993298	115.00	8.00	7.01	17.53	102137.00	4435	0	WinnieSzeto	
5620	1:56:40	1/1/2019 	6993765	969.00	330.00	62.25	17.54	102137.06	49829	0	WinnieSzeto	
5621	1:56:41	1/1/2019 	6994034	804.00	47.00	22.21	17.54	102137.06	1850	0	WinnieSzeto	
5622	1:56:41	1/1/2019 	6994414	178.00	8.00	8.77	17.54	102137.13	1850	0	WinnieSzeto	
5623	1:56:42	1/1/2019 	6995280	685.00	10.00	14.94	17.54	102137.19	49826	0	WinnieSzeto	
5624	1:56:42	1/1/2019 	6995661	701.00	11.00	15.30	17.54	102137.19	49831	0	WinnieSzeto	
5625	1:56:43	1/1/2019 	6996030	927.00	133.00	36.38	17.54	102137.23	4461	0	WinnieSzeto	
5626	1:56:43	1/1/2019 	6996467	75.00	8.00	6.05	17.54	102136.91	1851	0	WinnieSzeto	
5627	1:56:43	1/1/2019 	6996787	82.00	8.00	6.17	17.54	102136.91	49827	0	WinnieSzeto	
5628	1:56:44	1/1/2019 	6997193	210.00	8.00	9.52	17.55	102137.13	1847	0	WinnieSzeto	
5629	1:56:44	1/1/2019 	6997734	418.00	8.00	12.26	17.55	102137.20	49828	1	WinnieSzeto	
5630	1:56:45	1/1/2019 	6998448	573.00	9.00	13.68	17.55	102137.20	1847	0	WinnieSzeto	
5631	1:56:45	1/1/2019 	6998616	100.00	8.00	6.59	17.55	102137.42	52418	0	WinnieSzeto	
5632	1:56:46	1/1/2019 	6999163	278.00	9.00	10.77	17.55	102137.65	1848	0	WinnieSzeto	
5633	1:56:46	1/1/2019 	6999169	176.00	8.00	8.72	17.55	102137.65	1850	0	WinnieSzeto	
5634	1:56:47	1/1/2019 	7000134	134.00	8.00	7.56	17.55	102137.32	49826	0	WinnieSzeto	
5635	1:56:47	1/1/2019 	7000618	126.00	8.00	7.32	17.56	102137.16	50633	0	WinnieSzeto	
5636	1:56:48	1/1/2019 	7001729	304.00	9.00	11.15	17.56	102137.06	49826	0	WinnieSzeto	
5637	1:56:50	1/1/2019 	7003148	386.00	9.00	12.06	17.56	102137.03	52440	0	WinnieSzeto	
5638	1:56:50	1/1/2019 	7003435	62.00	8.00	5.90	17.56	102137.03	1850	0	WinnieSzeto	
5639	1:56:51	1/1/2019 	7004046	821.00	45.00	22.04	17.56	102136.88	49829	0	WinnieSzeto	
5640	1:56:52	1/1/2019 	7005288	729.00	13.00	16.01	17.57	102136.97	49835	0	WinnieSzeto	
5641	1:56:52	1/1/2019 	7005398	944.00	145.00	38.48	17.57	102136.97	1852	0	WinnieSzeto	
5642	1:56:53	1/1/2019 	7005967	836.00	63.00	23.95	17.57	102137.03	49831	1	WinnieSzeto	
5643	1:56:53	1/1/2019 	7006123	151.00	8.00	8.05	17.57	102137.03	4441	0	WinnieSzeto	
5644	1:56:53	1/1/2019 	7006834	539.00	9.00	13.28	17.57	102137.27	49827	0	WinnieSzeto	
5645	1:56:54	1/1/2019 	7006934	880.00	85.00	27.22	17.57	102137.09	1850	1	WinnieSzeto	
5646	1:56:54	1/1/2019 	7007130	705.00	12.00	15.66	17.57	102137.09	1850	0	WinnieSzeto	
5647	1:56:54	1/1/2019 	7007253	104.00	8.00	6.70	17.57	102137.09	1848	0	WinnieSzeto	
5648	1:56:54	1/1/2019 	7007388	71.00	8.00	5.99	17.57	102137.09	1847	0	WinnieSzeto	
5649	1:56:54	1/1/2019 	7007832	581.00	9.00	13.78	17.58	102137.00	52415	0	WinnieSzeto	
5650	1:56:55	1/1/2019 	7007923	519.00	9.00	13.09	17.58	102137.00	1848	0	WinnieSzeto	
5651	1:56:56	1/1/2019 	7009856	104.00	9.00	6.70	17.58	102136.77	97810	0	WinnieSzeto	
5652	1:56:57	1/1/2019 	7010118	620.00	9.00	14.26	17.58	102136.77	2652	0	WinnieSzeto	
5653	1:56:57	1/1/2019 	7010195	380.00	8.00	11.95	17.58	102137.00	1850	0	WinnieSzeto	
5654	1:56:58	1/1/2019 	7011436	67.00	8.00	5.94	17.59	102136.73	49826	0	WinnieSzeto	
5655	1:56:59	1/1/2019 	7012132	958.00	225.00	47.75	17.59	102136.94	52459	0	WinnieSzeto	
5656	1:56:59	1/1/2019 	7012214	376.00	8.00	11.92	17.59	102136.94	1851	0	WinnieSzeto	
5657	1:56:59	1/1/2019 	7012335	368.00	9.00	11.89	17.59	102136.94	1847	0	WinnieSzeto	
5658	1:57:01	1/1/2019 	7014005	782.00	29.00	20.04	17.59	102136.91	97808	0	WinnieSzeto	
5659	1:57:01	1/1/2019 	7014154	897.00	99.00	29.79	17.60	102136.97	1852	1	WinnieSzeto	
5660	1:57:02	1/1/2019 	7015116	117.00	8.00	7.06	17.60	102136.80	49829	0	WinnieSzeto	
5661	1:57:02	1/1/2019 	7015577	716.00	13.00	16.01	17.60	102137.03	52418	0	WinnieSzeto	
5662	1:57:02	1/1/2019 	7015890	93.00	8.00	6.42	17.60	102136.70	1851	0	WinnieSzeto	
5663	1:57:03	1/1/2019 	7016226	70.00	8.00	5.98	17.60	102136.70	1847	0	WinnieSzeto	
5664	1:57:03	1/1/2019 	7016233	88.00	8.00	6.30	17.60	102136.70	1848	1	WinnieSzeto	
5665	1:57:03	1/1/2019 	7016355	784.00	28.00	19.88	17.60	102136.70	1848	0	WinnieSzeto	
5666	1:57:04	1/1/2019 	7016960	129.00	8.00	7.41	17.60	102136.77	49831	0	WinnieSzeto	
5667	1:57:04	1/1/2019 	7017112	969.00	329.00	62.07	17.60	102136.77	4437	1	WinnieSzeto	
5668	1:57:04	1/1/2019 	7017143	184.00	8.00	8.92	17.60	102136.77	1850	0	WinnieSzeto	
5669	1:57:05	1/1/2019 	7018285	964.00	284.00	54.59	17.61	102136.52	49826	0	WinnieSzeto	
5670	1:57:05	1/1/2019 	7018746	72.00	8.00	6.00	17.61	102136.58	49831	0	WinnieSzeto	
5671	1:57:06	1/1/2019 	7018971	896.00	98.00	29.60	17.61	102136.58	1846	1	WinnieSzeto	
5672	1:57:06	1/1/2019 	7019116	352.00	8.00	11.68	17.61	102136.25	1851	0	WinnieSzeto	
5673	1:57:06	1/1/2019 	7019721	281.00	8.00	10.79	17.61	102136.09	52414	0	WinnieSzeto	
5674	1:57:08	1/1/2019 	7020986	112.00	8.00	6.92	17.61	102136.35	50629	0	WinnieSzeto	
5675	1:57:08	1/1/2019 	7021032	580.00	9.00	13.77	17.61	102136.35	1848	0	WinnieSzeto	
5676	1:57:08	1/1/2019 	7021163	65.00	8.00	5.92	17.61	102136.35	1850	0	WinnieSzeto	
5677	1:57:08	1/1/2019 	7021599	967.00	277.00	53.59	17.61	102136.02	49826	0	WinnieSzeto	
5678	1:57:08	1/1/2019 	7021616	191.00	8.00	9.09	17.61	102136.02	4460	0	WinnieSzeto	
5679	1:57:08	1/1/2019 	7021748	176.00	8.00	8.72	17.61	102136.02	1846	1	WinnieSzeto	
5680	1:57:09	1/1/2019 	7022390	125.00	8.00	7.29	17.62	102135.92	1847	0	WinnieSzeto	
5681	1:57:09	1/1/2019 	7022736	158.00	8.00	8.24	17.62	102135.60	49827	0	WinnieSzeto	
5682	1:57:10	1/1/2019 	7022997	77.00	8.00	6.08	17.62	102135.83	1847	0	WinnieSzeto	
5683	1:57:10	1/1/2019 	7023407	140.00	8.00	7.73	17.62	102135.83	1849	0	WinnieSzeto	
5684	1:57:11	1/1/2019 	7024248	161.00	8.00	8.32	17.62	102135.41	52415	0	WinnieSzeto	
5685	1:57:12	1/1/2019 	7025438	902.00	104.00	30.76	17.62	102135.44	49827	1	WinnieSzeto	
5686	1:57:12	1/1/2019 	7025593	169.00	9.00	8.54	17.62	102135.44	49830	0	WinnieSzeto	
5687	1:57:13	1/1/2019 	7026202	149.00	8.00	7.99	17.63	102135.34	1849	0	WinnieSzeto	
5688	1:57:14	1/1/2019 	7027175	160.00	8.00	8.30	17.63	102134.91	49826	0	WinnieSzeto	
5689	1:57:14	1/1/2019 	7027688	565.00	9.00	13.58	17.63	102134.98	49827	0	WinnieSzeto	
5690	1:57:15	1/1/2019 	7028229	184.00	8.00	8.92	17.63	102134.69	4438	0	WinnieSzeto	
5691	1:57:15	1/1/2019 	7028808	466.00	9.00	12.67	17.63	102134.36	49826	0	WinnieSzeto	
5692	1:57:16	1/1/2019 	7029003	696.00	12.00	15.65	17.63	102134.36	1849	0	WinnieSzeto	
5693	1:57:16	1/1/2019 	7029011	528.00	9.00	13.17	17.63	102134.36	1850	0	WinnieSzeto	
5694	1:57:16	1/1/2019 	7029413	216.00	8.00	9.65	17.64	102134.27	1849	0	WinnieSzeto	
5695	1:57:16	1/1/2019 	7029622	220.00	8.00	9.73	17.64	102134.27	49826	0	WinnieSzeto	
5696	1:57:17	1/1/2019 	7030403	82.00	8.00	6.17	17.64	102134.16	5242	0	WinnieSzeto	
5697	1:57:17	1/1/2019 	7030678	520.00	9.00	13.10	17.64	102134.16	49826	0	WinnieSzeto	
5698	1:57:17	1/1/2019 	7030839	91.00	9.00	6.37	17.64	102134.39	1849	0	WinnieSzeto	
5699	1:57:18	1/1/2019 	7030927	637.00	9.00	14.43	17.64	102134.39	1848	0	WinnieSzeto	
5700	1:57:18	1/1/2019 	7031180	656.00	9.00	14.55	17.64	102134.39	1850	0	WinnieSzeto	
5701	1:57:18	1/1/2019 	7031202	410.00	8.00	12.20	17.64	102134.39	1849	0	WinnieSzeto	
5702	1:57:18	1/1/2019 	7031229	101.00	8.00	6.62	17.64	102134.39	4419	0	WinnieSzeto	
5703	1:57:18	1/1/2019 	7031319	754.00	22.00	18.64	17.64	102134.39	1847	0	WinnieSzeto	
5704	1:57:18	1/1/2019 	7031703	695.00	8.00	14.15	17.64	102134.45	49827	0	WinnieSzeto	
5705	1:57:19	1/1/2019 	7031929	95.00	8.00	6.47	17.64	102133.97	1847	0	WinnieSzeto	
5706	1:57:19	1/1/2019 	7032192	963.00	192.00	44.64	17.64	102133.97	1848	0	WinnieSzeto	
5707	1:57:20	1/1/2019 	7033224	591.00	9.00	13.91	17.65	102134.20	49828	0	WinnieSzeto	
5708	1:57:20	1/1/2019 	7033604	693.00	11.00	15.30	17.65	102133.71	52297	0	WinnieSzeto	
5709	1:57:20	1/1/2019 	7033855	645.00	9.00	14.49	17.65	102133.71	1850	0	WinnieSzeto	
5710	1:57:21	1/1/2019 	7034282	461.00	9.00	12.64	17.65	102133.77	1849	0	WinnieSzeto	
5711	1:57:21	1/1/2019 	7034491	776.00	24.00	19.12	17.65	102133.77	1851	0	WinnieSzeto	
5712	1:57:21	1/1/2019 	7034585	794.00	40.00	21.48	17.65	102133.77	49827	1	WinnieSzeto	
5713	1:57:21	1/1/2019 	7034638	869.00	77.00	25.91	17.65	102133.77	1850	0	WinnieSzeto	
5714	1:57:21	1/1/2019 	7034721	184.00	8.00	8.92	17.65	102133.84	4476	0	WinnieSzeto	
5715	1:57:21	1/1/2019 	7034817	302.00	9.00	11.12	17.65	102133.84	1847	0	WinnieSzeto	
5716	1:57:22	1/1/2019 	7035283	742.00	17.00	17.32	17.65	102133.52	1848	0	WinnieSzeto	
5717	1:57:22	1/1/2019 	7035885	113.00	9.00	6.95	17.66	102133.88	49833	0	WinnieSzeto	
5718	1:57:23	1/1/2019 	7036280	223.00	8.00	9.79	17.66	102133.88	1857	0	WinnieSzeto	
5719	1:57:23	1/1/2019 	7036581	754.00	18.00	17.62	17.66	102133.94	49831	0	WinnieSzeto	
5720	1:57:23	1/1/2019 	7036600	473.00	9.00	12.72	17.66	102133.94	4426	0	WinnieSzeto	
5721	1:57:24	1/1/2019 	7036937	601.00	9.00	14.04	17.66	102133.94	1849	1	WinnieSzeto	
5722	1:57:26	1/1/2019 	7039219	727.00	13.00	16.01	17.67	102134.29	97806	0	WinnieSzeto	
5723	1:57:26	1/1/2019 	7039492	717.00	13.00	16.01	17.67	102134.29	1852	0	WinnieSzeto	
5724	1:57:26	1/1/2019 	7039596	959.00	162.00	41.08	17.67	102134.29	49829	0	WinnieSzeto	
5725	1:57:26	1/1/2019 	7039796	662.00	9.00	14.57	17.67	102133.97	2577	0	WinnieSzeto	
5726	1:57:28	1/1/2019 	7041032	578.00	9.00	13.74	17.67	102133.52	52427	0	WinnieSzeto	
5727	1:57:28	1/1/2019 	7041131	170.00	8.00	8.56	17.67	102133.52	1850	0	WinnieSzeto	
5728	1:57:29	1/1/2019 	7042417	761.00	21.00	18.42	17.67	102133.25	49827	0	WinnieSzeto	
5729	1:57:29	1/1/2019 	7042630	679.00	10.00	14.94	17.67	102133.48	49831	0	WinnieSzeto	
5730	1:57:29	1/1/2019 	7042653	410.00	8.00	12.20	17.67	102133.48	1850	0	WinnieSzeto	
5731	1:57:29	1/1/2019 	7042672	63.00	8.00	5.91	17.67	102133.48	1846	0	WinnieSzeto	
5732	1:57:30	1/1/2019 	7043173	864.00	77.00	25.89	17.67	102133.48	4423	0	WinnieSzeto	
5733	1:57:31	1/1/2019 	7044820	204.00	8.00	9.39	17.68	102133.58	97808	0	WinnieSzeto	
5734	1:57:32	1/1/2019 	7044922	960.00	164.00	41.35	17.68	102133.58	1848	1	WinnieSzeto	
5735	1:57:32	1/1/2019 	7044950	167.00	8.00	8.48	17.68	102133.58	1852	0	WinnieSzeto	
5736	1:57:32	1/1/2019 	7045803	85.00	8.00	6.24	17.68	102133.64	49826	0	WinnieSzeto	
5737	1:57:33	1/1/2019 	7046343	180.00	8.00	8.82	17.68	102133.31	1847	0	WinnieSzeto	
5738	1:57:33	1/1/2019 	7046709	62.00	8.00	5.90	17.68	102133.38	52634	1	WinnieSzeto	
5739	1:57:34	1/1/2019 	7047276	188.00	8.00	9.02	17.68	102133.22	1851	0	WinnieSzeto	
5740	1:57:34	1/1/2019 	7047705	67.00	8.00	5.94	17.69	102133.12	49827	0	WinnieSzeto	
5741	1:57:35	1/1/2019 	7047955	401.00	9.00	12.19	17.69	102133.12	1846	0	WinnieSzeto	
5742	1:57:35	1/1/2019 	7048797	528.00	9.00	13.17	17.69	102133.02	49829	0	WinnieSzeto	
5743	1:57:36	1/1/2019 	7048931	201.00	8.00	9.32	17.69	102133.02	1849	0	WinnieSzeto	
5744	1:57:36	1/1/2019 	7048954	745.00	17.00	17.32	17.69	102133.02	4433	0	WinnieSzeto	
5745	1:57:36	1/1/2019 	7049008	234.00	8.00	10.00	17.69	102133.02	1849	0	WinnieSzeto	
5746	1:57:36	1/1/2019 	7049605	665.00	9.00	14.58	17.69	102133.05	49827	0	WinnieSzeto	
5747	1:57:37	1/1/2019 	7050838	215.00	8.00	9.63	17.69	102132.62	50558	0	WinnieSzeto	
5748	1:57:37	1/1/2019 	7050892	180.00	8.00	8.82	17.69	102132.62	1855	0	WinnieSzeto	
5749	1:57:38	1/1/2019 	7051648	843.00	67.00	24.45	17.70	102132.66	49832	0	WinnieSzeto	
5750	1:57:39	1/1/2019 	7051897	738.00	16.00	17.01	17.70	102132.66	4674	0	WinnieSzeto	
5751	1:57:39	1/1/2019 	7051992	504.00	9.00	12.96	17.70	102132.89	1849	0	WinnieSzeto	
5752	1:57:39	1/1/2019 	7052744	570.00	9.00	13.64	17.70	102133.09	49830	0	WinnieSzeto	
5753	1:57:40	1/1/2019 	7053569	654.00	4.00	12.80	17.70	102132.92	49830	0	WinnieSzeto	
5754	1:57:40	1/1/2019 	7053627	868.00	76.00	25.76	17.70	102132.98	1849	0	WinnieSzeto	
5755	1:57:41	1/1/2019 	7054149	735.00	15.00	16.70	17.70	102132.98	1849	0	WinnieSzeto	
5756	1:57:42	1/1/2019 	7055233	969.00	525.00	90.32	17.71	102133.22	52434	0	WinnieSzeto	
5757	1:57:42	1/1/2019 	7055704	191.00	8.00	9.09	17.71	102133.28	49832	0	WinnieSzeto	
5758	1:57:42	1/1/2019 	7055868	112.00	8.00	6.92	17.71	102132.95	1847	0	WinnieSzeto	
5759	1:57:43	1/1/2019 	7056331	789.00	30.00	20.21	17.71	102132.95	1847	0	WinnieSzeto	
5760	1:57:43	1/1/2019 	7056833	666.00	9.00	14.58	17.71	102133.15	49832	0	WinnieSzeto	
5761	1:57:44	1/1/2019 	7056971	512.00	12.00	13.30	17.71	102133.05	1849	0	WinnieSzeto	
5762	1:57:45	1/1/2019 	7058488	409.00	9.00	12.26	17.72	102132.95	52402	0	WinnieSzeto	
5763	1:57:46	1/1/2019 	7059696	651.00	9.00	14.53	17.72	102133.02	97809	0	WinnieSzeto	
5764	1:57:47	1/1/2019 	7060181	163.00	8.00	8.38	17.72	102132.86	2577	0	WinnieSzeto	
5765	1:57:47	1/1/2019 	7060293	231.00	8.00	9.95	17.72	102132.92	1847	0	WinnieSzeto	
5766	1:57:47	1/1/2019 	7060779	79.00	8.00	6.12	17.72	102132.92	49827	0	WinnieSzeto	
5767	1:57:48	1/1/2019 	7061839	130.00	8.00	7.44	17.73	102133.34	49826	0	WinnieSzeto	
5768	1:57:49	1/1/2019 	7062087	250.00	8.00	10.29	17.73	102132.86	4443	0	WinnieSzeto	
5769	1:57:49	1/1/2019 	7062827	680.00	11.00	15.27	17.73	102133.08	49828	0	WinnieSzeto	
5770	1:57:50	1/1/2019 	7062981	657.00	9.00	14.55	17.73	102133.08	1850	0	WinnieSzeto	
5771	1:57:50	1/1/2019 	7063262	69.00	8.00	5.97	17.73	102133.47	1849	0	WinnieSzeto	
5772	1:57:50	1/1/2019 	7063290	310.00	8.00	11.19	17.73	102133.47	1846	0	WinnieSzeto	
5773	1:57:50	1/1/2019 	7063664	86.00	9.00	6.26	17.73	102133.83	52400	0	WinnieSzeto	
5774	1:57:50	1/1/2019 	7063832	224.00	8.00	9.81	17.73	102133.83	1849	0	WinnieSzeto	
5775	1:57:50	1/1/2019 	7063866	972.00	368.00	69.09	17.73	102133.83	1848	0	WinnieSzeto	
5776	1:57:50	1/1/2019 	7063880	172.00	9.00	8.62	17.73	102133.83	1850	0	WinnieSzeto	
5777	1:57:51	1/1/2019 	7064497	201.00	8.00	9.32	17.73	102133.50	1848	0	WinnieSzeto	
5778	1:57:51	1/1/2019 	7064884	176.00	8.00	8.72	17.74	102133.73	49827	0	WinnieSzeto	
5779	1:57:52	1/1/2019 	7065324	179.00	8.00	8.80	17.74	102133.96	4421	0	WinnieSzeto	
5780	1:57:53	1/1/2019 	7066255	677.00	10.00	14.94	17.74	102133.63	49827	0	WinnieSzeto	
5781	1:57:53	1/1/2019 	7066812	67.00	8.00	5.94	17.74	102133.67	49829	0	WinnieSzeto	
5782	1:57:54	1/1/2019 	7067042	621.00	9.00	14.28	17.74	102133.89	1846	0	WinnieSzeto	
5783	1:57:54	1/1/2019 	7067368	376.00	9.00	11.97	17.74	102133.89	1849	0	WinnieSzeto	
5784	1:57:54	1/1/2019 	7067659	642.00	9.00	14.47	17.75	102133.92	49827	0	WinnieSzeto	
5785	1:57:55	1/1/2019 	7068127	129.00	8.00	7.41	17.75	102133.92	4651	0	WinnieSzeto	
5786	1:57:55	1/1/2019 	7068183	206.00	8.00	9.43	17.75	102133.92	1847	0	WinnieSzeto	
5787	1:57:55	1/1/2019 	7068381	260.00	9.00	10.48	17.75	102133.92	1846	0	WinnieSzeto	
5788	1:57:56	1/1/2019 	7068998	72.00	8.00	6.00	17.75	102134.16	49828	0	WinnieSzeto	
5789	1:57:56	1/1/2019 	7069173	448.00	9.00	12.55	17.75	102134.16	1847	0	WinnieSzeto	
5790	1:57:57	1/1/2019 	7069975	69.00	8.00	5.97	17.75	102134.05	49827	0	WinnieSzeto	
5791	1:57:57	1/1/2019 	7070441	65.00	8.00	5.92	17.75	102133.96	5392	0	WinnieSzeto	
5792	1:57:58	1/1/2019 	7071635	106.00	8.00	6.75	17.76	102133.83	97806	0	WinnieSzeto	
5793	1:57:58	1/1/2019 	7071742	119.00	8.00	7.12	17.76	102133.83	1849	0	WinnieSzeto	
5794	1:57:59	1/1/2019 	7072000	892.00	96.00	29.21	17.76	102133.66	1848	1	WinnieSzeto	
5795	1:57:59	1/1/2019 	7072248	804.00	46.00	22.11	17.76	102133.66	1850	0	WinnieSzeto	
5796	1:57:59	1/1/2019 	7072769	712.00	12.00	15.66	17.76	102133.89	49829	0	WinnieSzeto	
5797	1:58:00	1/1/2019 	7073303	82.00	8.00	6.17	17.76	102133.96	4652	0	WinnieSzeto	
5798	1:58:00	1/1/2019 	7073720	443.00	8.00	12.43	17.76	102134.02	49827	0	WinnieSzeto	
5799	1:58:00	1/1/2019 	7073745	256.00	8.00	10.39	17.76	102134.02	1848	0	WinnieSzeto	
5800	1:58:01	1/1/2019 	7074583	689.00	11.00	15.30	17.77	102134.09	49826	0	WinnieSzeto	
5801	1:58:02	1/1/2019 	7075762	203.00	8.00	9.37	17.77	102134.34	49830	0	WinnieSzeto	
5802	1:58:02	1/1/2019 	7075890	115.00	8.00	7.01	17.77	102134.58	1847	0	WinnieSzeto	
5803	1:58:03	1/1/2019 	7075976	706.00	17.00	17.19	17.77	102134.58	4429	0	WinnieSzeto	
5804	1:58:03	1/1/2019 	7076046	214.00	8.00	9.60	17.77	102134.58	1851	0	WinnieSzeto	
5805	1:58:04	1/1/2019 	7077185	155.00	8.00	8.16	17.78	102134.48	49826	0	WinnieSzeto	
5806	1:58:04	1/1/2019 	7077836	220.00	8.00	9.73	17.78	102134.51	49828	0	WinnieSzeto	
5807	1:58:05	1/1/2019 	7078330	207.00	8.00	9.45	17.78	102134.58	1847	0	WinnieSzeto	
5808	1:58:05	1/1/2019 	7078427	155.00	8.00	8.16	17.78	102134.58	1848	0	WinnieSzeto	
5809	1:58:05	1/1/2019 	7078475	125.00	8.00	7.29	17.78	102134.58	4421	0	WinnieSzeto	
5810	1:58:05	1/1/2019 	7078605	239.00	8.00	10.10	17.78	102134.58	49827	0	WinnieSzeto	
