###################################################################################################
### CosmicWatch: The Desktop Muon Detector
### Device ID: CharlieHolbrow
### Launch time: 0:00:06 1/1/2019
### Questions? Email Spencer N. Axani (saxani@mit.edu)
### Event Time Date TimeStamp[ms] ADC1 ADC2 SiPM[mV] Temp[C] Pressure[Pa] DeadTime[us] Coincident ID
###################################################################################################
1	0:00:07	1/1/2019 	861	23.00	69.00	6.68	25.22	100472.12	95942	0	CharlieHolbrow	
2	0:00:08	1/1/2019 	1297	17.00	8.00	6.99	25.22	100472.62	4889	0	CharlieHolbrow	
3	0:00:08	1/1/2019 	1420	16.00	8.00	7.06	25.22	100472.95	1839	0	CharlieHolbrow	
4	0:00:08	1/1/2019 	1914	24.00	111.00	6.65	25.22	100473.28	49799	0	CharlieHolbrow	
5	0:00:09	1/1/2019 	2232	18.00	14.00	6.94	25.22	100473.28	1834	0	CharlieHolbrow	
6	0:00:09	1/1/2019 	2407	17.00	8.00	6.99	25.22	100473.28	1834	0	CharlieHolbrow	
7	0:00:09	1/1/2019 	2754	16.00	8.00	7.06	25.22	100473.12	49805	0	CharlieHolbrow	
8	0:00:12	1/1/2019 	5196	16.00	9.00	7.07	25.22	100473.62	99688	0	CharlieHolbrow	
9	0:00:12	1/1/2019 	5332	17.00	9.00	7.00	25.22	100473.62	1841	0	CharlieHolbrow	
10	0:00:12	1/1/2019 	5735	21.00	45.00	6.78	25.22	100474.05	49806	0	CharlieHolbrow	
11	0:00:14	1/1/2019 	7442	17.00	10.00	7.00	25.22	100474.21	49802	0	CharlieHolbrow	
12	0:00:16	1/1/2019 	9361	17.00	8.00	6.99	25.22	100475.30	97771	0	CharlieHolbrow	
13	0:00:16	1/1/2019 	9660	17.00	8.00	6.99	25.22	100475.14	49804	0	CharlieHolbrow	
14	0:00:17	1/1/2019 	10055	17.00	8.00	6.99	25.22	100475.14	5885	0	CharlieHolbrow	
15	0:00:17	1/1/2019 	10058	21.00	57.00	6.78	25.22	100475.14	1834	0	CharlieHolbrow	
16	0:00:17	1/1/2019 	10113	18.00	11.00	6.94	25.22	100475.14	1834	1	CharlieHolbrow	
17	0:00:17	1/1/2019 	10244	17.00	8.00	6.99	25.22	100475.14	1834	0	CharlieHolbrow	
18	0:00:17	1/1/2019 	10726	17.00	8.00	6.99	25.22	100474.97	49797	0	CharlieHolbrow	
19	0:00:17	1/1/2019 	10918	17.00	8.00	6.99	25.22	100474.97	1833	0	CharlieHolbrow	
20	0:00:18	1/1/2019 	11260	21.00	74.00	6.79	25.22	100475.20	1834	0	CharlieHolbrow	
21	0:00:18	1/1/2019 	11409	20.00	20.00	6.82	25.22	100475.20	3802	0	CharlieHolbrow	
22	0:00:18	1/1/2019 	11918	17.00	9.00	7.00	25.22	100474.87	49800	0	CharlieHolbrow	
23	0:00:19	1/1/2019 	12272	16.00	8.00	7.06	25.22	100474.70	1833	0	CharlieHolbrow	
24	0:00:20	1/1/2019 	13257	17.00	8.00	6.99	25.23	100475.13	49803	0	CharlieHolbrow	
25	0:00:20	1/1/2019 	13706	17.00	8.00	6.99	25.23	100475.23	49801	0	CharlieHolbrow	
26	0:00:20	1/1/2019 	13721	17.00	8.00	6.99	25.23	100475.23	1833	0	CharlieHolbrow	
27	0:00:20	1/1/2019 	13765	16.00	8.00	7.06	25.23	100475.23	3800	0	CharlieHolbrow	
28	0:00:20	1/1/2019 	13854	17.00	8.00	6.99	25.23	100475.23	1834	0	CharlieHolbrow	
29	0:00:20	1/1/2019 	13976	25.00	135.00	6.61	25.23	100475.06	1834	1	CharlieHolbrow	
30	0:00:21	1/1/2019 	14586	17.00	10.00	7.00	25.23	100474.90	49799	0	CharlieHolbrow	
31	0:00:22	1/1/2019 	15158	16.00	8.00	7.06	25.23	100475.33	1834	1	CharlieHolbrow	
32	0:00:22	1/1/2019 	15563	38.00	430.00	6.24	25.23	100475.16	49801	1	CharlieHolbrow	
33	0:00:22	1/1/2019 	15883	20.00	49.00	6.84	25.23	100475.16	3801	0	CharlieHolbrow	
34	0:00:23	1/1/2019 	16601	16.00	8.00	7.06	25.23	100475.42	49801	0	CharlieHolbrow	
35	0:00:23	1/1/2019 	16646	17.00	8.00	6.99	25.23	100475.42	1835	0	CharlieHolbrow	
36	0:00:25	1/1/2019 	18328	16.00	8.00	7.06	25.24	100475.19	49798	0	CharlieHolbrow	
37	0:00:25	1/1/2019 	18431	17.00	8.00	6.99	25.24	100475.19	1834	0	CharlieHolbrow	
38	0:00:25	1/1/2019 	18461	17.00	8.00	6.99	25.24	100475.19	1834	0	CharlieHolbrow	
39	0:00:25	1/1/2019 	18624	17.00	8.00	6.99	25.24	100475.45	51766	0	CharlieHolbrow	
40	0:00:25	1/1/2019 	18971	17.00	8.00	6.99	25.24	100475.45	1834	0	CharlieHolbrow	
41	0:00:25	1/1/2019 	18991	16.00	8.00	7.06	25.24	100475.11	1833	0	CharlieHolbrow	
42	0:00:26	1/1/2019 	19283	16.00	8.00	7.06	25.24	100475.11	1833	0	CharlieHolbrow	
43	0:00:27	1/1/2019 	20491	17.00	8.00	6.99	25.24	100475.47	49801	0	CharlieHolbrow	
44	0:00:27	1/1/2019 	20572	17.00	8.00	6.99	25.24	100475.47	50547	0	CharlieHolbrow	
45	0:00:27	1/1/2019 	20991	17.00	8.00	6.99	25.24	100475.31	3941	0	CharlieHolbrow	
46	0:00:29	1/1/2019 	22453	38.00	417.00	6.24	25.25	100475.37	49800	0	CharlieHolbrow	
47	0:00:30	1/1/2019 	23119	16.00	8.00	7.06	25.25	100475.63	49803	0	CharlieHolbrow	
48	0:00:30	1/1/2019 	23371	20.00	42.00	6.84	25.25	100475.63	1833	0	CharlieHolbrow	
49	0:00:30	1/1/2019 	23550	17.00	10.00	7.00	25.25	100475.89	49801	0	CharlieHolbrow	
50	0:00:30	1/1/2019 	23563	17.00	10.00	7.00	25.25	100475.89	1833	0	CharlieHolbrow	
51	0:00:31	1/1/2019 	24627	16.00	8.00	7.06	25.25	100476.16	51822	0	CharlieHolbrow	
52	0:00:31	1/1/2019 	24682	17.00	8.00	6.99	25.25	100476.16	1833	0	CharlieHolbrow	
53	0:00:32	1/1/2019 	25137	46.00	691.00	6.20	25.25	100476.16	1834	1	CharlieHolbrow	
54	0:00:33	1/1/2019 	26348	17.00	9.00	7.00	25.26	100476.09	49804	0	CharlieHolbrow	
55	0:00:33	1/1/2019 	26853	17.00	8.00	6.99	25.26	100476.34	49802	0	CharlieHolbrow	
56	0:00:34	1/1/2019 	27463	16.00	8.00	7.06	25.26	100476.61	1834	0	CharlieHolbrow	
57	0:00:34	1/1/2019 	27736	21.00	54.00	6.78	25.26	100476.61	51769	0	CharlieHolbrow	
58	0:00:35	1/1/2019 	28488	16.00	8.00	7.06	25.26	100476.70	1834	0	CharlieHolbrow	
59	0:00:37	1/1/2019 	30295	17.00	10.00	7.00	25.27	100476.70	97773	0	CharlieHolbrow	
60	0:00:37	1/1/2019 	30750	26.00	152.00	6.57	25.27	100476.96	50547	1	CharlieHolbrow	
61	0:00:38	1/1/2019 	31106	25.00	141.00	6.62	25.27	100476.89	1835	0	CharlieHolbrow	
62	0:00:38	1/1/2019 	31742	17.00	8.00	6.99	25.28	100477.16	49804	0	CharlieHolbrow	
63	0:00:39	1/1/2019 	32700	21.00	61.00	6.79	25.28	100477.52	51910	1	CharlieHolbrow	
64	0:00:40	1/1/2019 	33056	20.00	58.00	6.85	25.28	100477.61	1834	0	CharlieHolbrow	
65	0:00:40	1/1/2019 	33425	18.00	10.00	6.93	25.28	100477.61	1835	0	CharlieHolbrow	
66	0:00:41	1/1/2019 	34106	31.00	298.00	6.41	25.29	100478.03	49802	0	CharlieHolbrow	
67	0:00:41	1/1/2019 	34231	23.00	89.00	6.69	25.29	100478.03	1836	1	CharlieHolbrow	
68	0:00:41	1/1/2019 	34605	22.00	81.00	6.74	25.29	100478.12	49806	0	CharlieHolbrow	
69	0:00:41	1/1/2019 	34870	16.00	8.00	7.06	25.29	100478.12	3807	0	CharlieHolbrow	
70	0:00:42	1/1/2019 	35045	16.00	9.00	7.07	25.30	100478.65	1838	0	CharlieHolbrow	
71	0:00:43	1/1/2019 	36128	16.00	8.00	7.06	25.30	100478.51	49805	0	CharlieHolbrow	
72	0:00:43	1/1/2019 	36253	18.00	13.00	6.94	25.30	100478.51	1835	0	CharlieHolbrow	
73	0:00:44	1/1/2019 	37724	16.00	8.00	7.06	25.32	100479.62	97774	0	CharlieHolbrow	
74	0:00:44	1/1/2019 	37958	17.00	9.00	7.00	25.32	100479.62	1842	0	CharlieHolbrow	
75	0:00:45	1/1/2019 	38593	24.00	139.00	6.67	25.32	100479.91	51774	0	CharlieHolbrow	
76	0:00:45	1/1/2019 	38922	19.00	36.00	6.90	25.32	100479.91	1836	0	CharlieHolbrow	
77	0:00:46	1/1/2019 	39154	24.00	152.00	6.68	25.33	100479.67	1833	1	CharlieHolbrow	
78	0:00:47	1/1/2019 	40404	16.00	8.00	7.06	25.33	100480.09	49804	0	CharlieHolbrow	
79	0:00:47	1/1/2019 	40702	28.00	186.00	6.50	25.34	100480.02	50549	0	CharlieHolbrow	
80	0:00:48	1/1/2019 	41027	16.00	8.00	7.06	25.34	100480.02	1833	0	CharlieHolbrow	
81	0:00:49	1/1/2019 	42344	23.00	122.00	6.71	25.35	100480.41	51985	0	CharlieHolbrow	
82	0:00:49	1/1/2019 	42592	17.00	9.00	7.00	25.35	100480.77	49803	0	CharlieHolbrow	
83	0:00:49	1/1/2019 	42597	17.00	8.00	6.99	25.35	100480.77	1834	0	CharlieHolbrow	
84	0:00:49	1/1/2019 	42994	26.00	148.00	6.57	25.35	100480.77	1834	0	CharlieHolbrow	
85	0:00:50	1/1/2019 	43808	18.00	23.00	6.95	25.36	100480.77	49802	0	CharlieHolbrow	
86	0:00:50	1/1/2019 	43839	16.00	8.00	7.06	25.36	100480.77	1835	0	CharlieHolbrow	
87	0:00:51	1/1/2019 	44473	17.00	8.00	6.99	25.36	100480.86	1833	1	CharlieHolbrow	
88	0:00:53	1/1/2019 	46072	16.00	8.00	7.06	25.37	100481.41	99760	0	CharlieHolbrow	
89	0:00:53	1/1/2019 	46630	16.00	8.00	7.06	25.37	100481.67	49804	0	CharlieHolbrow	
90	0:00:54	1/1/2019 	47002	26.00	162.00	6.58	25.37	100481.67	1834	1	CharlieHolbrow	
91	0:00:54	1/1/2019 	47274	16.00	8.00	7.06	25.37	100482.09	1835	0	CharlieHolbrow	
92	0:00:54	1/1/2019 	47357	16.00	8.00	7.06	25.37	100482.09	1834	0	CharlieHolbrow	
93	0:00:54	1/1/2019 	47893	17.00	10.00	7.00	25.38	100482.36	49801	0	CharlieHolbrow	
94	0:00:54	1/1/2019 	47974	17.00	8.00	6.99	25.38	100482.36	9486	0	CharlieHolbrow	
95	0:00:55	1/1/2019 	48829	16.00	7.00	7.06	25.38	100482.42	49803	0	CharlieHolbrow	
96	0:00:55	1/1/2019 	48899	20.00	53.00	6.84	25.38	100482.42	1835	1	CharlieHolbrow	
97	0:00:56	1/1/2019 	49357	20.00	49.00	6.84	25.38	100482.52	1835	0	CharlieHolbrow	
98	0:00:57	1/1/2019 	50035	29.00	239.00	6.47	25.38	100482.36	49806	1	CharlieHolbrow	
99	0:00:57	1/1/2019 	50767	24.00	126.00	6.66	25.39	100482.71	50745	1	CharlieHolbrow	
100	0:00:57	1/1/2019 	50782	16.00	8.00	7.06	25.39	100482.71	3992	0	CharlieHolbrow	
101	0:00:58	1/1/2019 	51235	16.00	8.00	7.06	25.39	100482.98	1832	0	CharlieHolbrow	
102	0:00:58	1/1/2019 	51315	56.00	946.00	6.39	25.39	100482.98	1834	1	CharlieHolbrow	
103	0:00:58	1/1/2019 	51371	18.00	11.00	6.94	25.39	100482.98	1834	0	CharlieHolbrow	
104	0:00:59	1/1/2019 	52943	17.00	8.00	6.99	25.40	100483.92	97774	0	CharlieHolbrow	
105	0:01:01	1/1/2019 	54107	17.00	10.00	7.00	25.40	100483.92	49805	0	CharlieHolbrow	
106	0:01:01	1/1/2019 	54638	18.00	25.00	6.96	25.40	100484.02	51712	0	CharlieHolbrow	
107	0:01:02	1/1/2019 	55791	16.00	8.00	7.06	25.41	100483.78	49805	0	CharlieHolbrow	
108	0:01:03	1/1/2019 	56563	30.00	266.00	6.44	25.41	100484.21	49805	1	CharlieHolbrow	
109	0:01:03	1/1/2019 	56922	17.00	8.00	6.99	25.41	100484.47	1836	0	CharlieHolbrow	
110	0:01:04	1/1/2019 	57029	21.00	81.00	6.80	25.41	100484.47	1833	0	CharlieHolbrow	
111	0:01:04	1/1/2019 	57154	25.00	125.00	6.61	25.41	100484.14	1835	0	CharlieHolbrow	
112	0:01:04	1/1/2019 	57626	18.00	18.00	6.95	25.41	100484.23	52954	0	CharlieHolbrow	
113	0:01:04	1/1/2019 	57750	16.00	8.00	7.06	25.41	100484.23	1835	0	CharlieHolbrow	
114	0:01:05	1/1/2019 	58213	16.00	8.00	7.06	25.42	100484.50	1834	0	CharlieHolbrow	
115	0:01:05	1/1/2019 	58222	16.00	8.00	7.06	25.42	100484.50	1835	0	CharlieHolbrow	
116	0:01:07	1/1/2019 	60074	29.00	221.00	6.46	25.42	100484.66	97775	1	CharlieHolbrow	
117	0:01:07	1/1/2019 	60184	23.00	121.00	6.71	25.42	100485.12	2581	1	CharlieHolbrow	
118	0:01:07	1/1/2019 	60564	17.00	9.00	7.00	25.42	100485.12	51911	0	CharlieHolbrow	
119	0:01:07	1/1/2019 	60925	17.00	9.00	7.00	25.42	100484.78	1835	0	CharlieHolbrow	
120	0:01:08	1/1/2019 	61196	16.00	8.00	7.06	25.43	100485.05	1834	0	CharlieHolbrow	
121	0:01:08	1/1/2019 	61243	46.00	651.00	6.18	25.43	100485.05	1835	1	CharlieHolbrow	
122	0:01:08	1/1/2019 	61957	22.00	89.00	6.74	25.43	100484.88	49805	1	CharlieHolbrow	
123	0:01:09	1/1/2019 	62450	16.00	8.00	7.06	25.43	100484.98	1840	0	CharlieHolbrow	
124	0:01:10	1/1/2019 	63870	16.00	8.00	7.06	25.43	100485.17	99741	0	CharlieHolbrow	
125	0:01:10	1/1/2019 	63955	16.00	8.00	7.06	25.43	100485.17	1835	0	CharlieHolbrow	
126	0:01:11	1/1/2019 	64077	28.00	216.00	6.50	25.43	100485.17	1834	1	CharlieHolbrow	
127	0:01:11	1/1/2019 	64761	22.00	87.00	6.74	25.44	100485.09	49803	1	CharlieHolbrow	
128	0:01:12	1/1/2019 	65418	16.00	8.00	7.06	25.44	100484.93	1834	0	CharlieHolbrow	
129	0:01:12	1/1/2019 	65455	16.00	8.00	7.06	25.44	100484.93	1835	0	CharlieHolbrow	
130	0:01:14	1/1/2019 	67584	17.00	9.00	7.00	25.44	100485.85	147707	0	CharlieHolbrow	
131	0:01:14	1/1/2019 	67642	28.00	208.00	6.50	25.44	100485.85	1835	1	CharlieHolbrow	
132	0:01:16	1/1/2019 	69103	18.00	28.00	6.96	25.45	100486.11	49803	0	CharlieHolbrow	
133	0:01:16	1/1/2019 	69285	23.00	117.00	6.71	25.45	100485.95	1835	1	CharlieHolbrow	
134	0:01:17	1/1/2019 	70112	16.00	8.00	7.06	25.45	100486.54	49805	0	CharlieHolbrow	
135	0:01:19	1/1/2019 	72965	17.00	18.00	7.01	25.46	100487.00	146480	0	CharlieHolbrow	
136	0:01:20	1/1/2019 	73014	16.00	8.00	7.06	25.46	100487.00	3943	0	CharlieHolbrow	
137	0:01:20	1/1/2019 	73199	19.00	34.00	6.90	25.46	100486.83	1834	0	CharlieHolbrow	
138	0:01:20	1/1/2019 	73634	19.00	35.00	6.90	25.46	100486.83	49801	0	CharlieHolbrow	
139	0:01:21	1/1/2019 	74130	24.00	142.00	6.67	25.46	100487.26	1833	0	CharlieHolbrow	
140	0:01:21	1/1/2019 	74193	16.00	6.00	7.06	25.46	100487.09	1834	0	CharlieHolbrow	
141	0:01:21	1/1/2019 	74757	18.00	13.00	6.94	25.46	100487.36	49803	0	CharlieHolbrow	
142	0:01:22	1/1/2019 	75282	16.00	8.00	7.06	25.46	100487.02	3801	0	CharlieHolbrow	
143	0:01:22	1/1/2019 	75396	17.00	9.00	7.00	25.46	100487.02	1834	0	CharlieHolbrow	
144	0:01:22	1/1/2019 	75430	16.00	8.00	7.06	25.46	100487.02	1834	0	CharlieHolbrow	
145	0:01:22	1/1/2019 	75661	16.00	8.00	7.06	25.46	100487.02	49803	0	CharlieHolbrow	
146	0:01:23	1/1/2019 	76288	16.00	8.00	7.06	25.47	100487.45	1834	0	CharlieHolbrow	
147	0:01:23	1/1/2019 	76293	17.00	10.00	7.00	25.47	100487.45	1835	0	CharlieHolbrow	
148	0:01:24	1/1/2019 	77224	17.00	9.00	7.00	25.47	100487.52	51769	0	CharlieHolbrow	
149	0:01:24	1/1/2019 	77391	16.00	8.00	7.06	25.47	100487.52	1835	0	CharlieHolbrow	
150	0:01:25	1/1/2019 	78225	16.00	8.00	7.06	25.47	100487.77	49802	0	CharlieHolbrow	
151	0:01:25	1/1/2019 	78593	16.00	8.00	7.06	25.47	100487.77	49804	0	CharlieHolbrow	
152	0:01:25	1/1/2019 	78767	18.00	23.00	6.95	25.47	100487.61	1834	0	CharlieHolbrow	
153	0:01:26	1/1/2019 	79198	18.00	31.00	6.96	25.47	100488.03	1834	0	CharlieHolbrow	
154	0:01:26	1/1/2019 	79616	16.00	7.00	7.06	25.47	100488.03	51771	0	CharlieHolbrow	
155	0:01:27	1/1/2019 	80100	20.00	60.00	6.85	25.47	100488.03	2578	0	CharlieHolbrow	
156	0:01:28	1/1/2019 	81411	16.00	8.00	7.06	25.48	100488.73	49805	0	CharlieHolbrow	
157	0:01:28	1/1/2019 	81579	27.00	144.00	6.52	25.48	100488.73	49803	0	CharlieHolbrow	
158	0:01:29	1/1/2019 	82063	33.00	319.00	6.35	25.48	100488.56	1834	1	CharlieHolbrow	
159	0:01:29	1/1/2019 	82630	16.00	8.00	7.06	25.48	100488.99	49805	0	CharlieHolbrow	
160	0:01:30	1/1/2019 	83001	23.00	130.00	6.72	25.48	100488.83	3942	1	CharlieHolbrow	
161	0:01:30	1/1/2019 	83555	24.00	125.00	6.66	25.48	100489.25	49806	1	CharlieHolbrow	
162	0:01:31	1/1/2019 	84310	17.00	12.00	7.00	25.49	100489.52	1834	0	CharlieHolbrow	
163	0:01:31	1/1/2019 	84995	16.00	8.00	7.06	25.49	100489.34	49804	0	CharlieHolbrow	
164	0:01:33	1/1/2019 	86196	19.00	38.00	6.90	25.49	100489.61	49804	0	CharlieHolbrow	
165	0:01:34	1/1/2019 	87079	16.00	8.00	7.06	25.49	100489.84	49805	0	CharlieHolbrow	
166	0:01:34	1/1/2019 	87233	28.00	189.00	6.50	25.49	100490.10	3801	0	CharlieHolbrow	
167	0:01:35	1/1/2019 	88111	18.00	44.00	6.97	25.49	100489.94	49803	0	CharlieHolbrow	
168	0:01:35	1/1/2019 	88181	16.00	8.00	7.06	25.49	100489.94	1835	0	CharlieHolbrow	
169	0:01:35	1/1/2019 	88382	23.00	110.00	6.70	25.49	100489.60	1834	0	CharlieHolbrow	
170	0:01:36	1/1/2019 	89314	16.00	8.00	7.06	25.50	100489.70	49804	0	CharlieHolbrow	
171	0:01:37	1/1/2019 	90216	28.00	254.00	6.52	25.50	100489.96	49804	1	CharlieHolbrow	
172	0:01:37	1/1/2019 	90329	17.00	9.00	7.00	25.50	100489.96	4697	0	CharlieHolbrow	
173	0:01:38	1/1/2019 	91585	16.00	8.00	7.06	25.50	100490.22	97773	0	CharlieHolbrow	
174	0:01:38	1/1/2019 	91717	41.00	498.00	6.19	25.50	100490.22	1834	0	CharlieHolbrow	
175	0:01:39	1/1/2019 	92285	17.00	25.00	7.02	25.50	100490.32	1834	0	CharlieHolbrow	
176	0:01:39	1/1/2019 	92923	16.00	8.00	7.06	25.51	100490.58	49802	0	CharlieHolbrow	
177	0:01:40	1/1/2019 	93272	17.00	9.00	7.00	25.51	100491.02	1833	0	CharlieHolbrow	
178	0:01:41	1/1/2019 	94595	25.00	172.00	6.63	25.51	100491.11	99740	0	CharlieHolbrow	
179	0:01:42	1/1/2019 	95054	16.00	12.00	7.07	25.51	100490.77	1834	0	CharlieHolbrow	
180	0:01:43	1/1/2019 	96240	21.00	91.00	6.80	25.52	100491.43	49805	1	CharlieHolbrow	
181	0:01:43	1/1/2019 	96930	16.00	8.00	7.06	25.52	100491.69	49803	0	CharlieHolbrow	
182	0:01:44	1/1/2019 	97176	21.00	101.00	6.81	25.52	100491.69	1834	1	CharlieHolbrow	
183	0:01:44	1/1/2019 	97217	17.00	8.00	6.99	25.52	100491.69	1834	0	CharlieHolbrow	
184	0:01:44	1/1/2019 	97435	16.00	8.00	7.06	25.52	100491.79	3801	0	CharlieHolbrow	
185	0:01:44	1/1/2019 	97853	16.00	7.00	7.06	25.52	100491.62	49804	0	CharlieHolbrow	
186	0:01:44	1/1/2019 	97948	20.00	17.00	6.82	25.52	100491.62	1840	0	CharlieHolbrow	
187	0:01:45	1/1/2019 	98639	16.00	8.00	7.06	25.52	100491.89	49808	0	CharlieHolbrow	
188	0:01:46	1/1/2019 	99611	16.00	8.00	7.06	25.53	100492.24	49806	0	CharlieHolbrow	
189	0:01:47	1/1/2019 	100899	16.00	8.00	7.06	25.53	100492.41	50547	0	CharlieHolbrow	
190	0:01:48	1/1/2019 	101032	16.00	8.00	7.06	25.53	100492.41	10136	0	CharlieHolbrow	
191	0:01:48	1/1/2019 	101434	16.00	8.00	7.06	25.54	100492.50	1835	0	CharlieHolbrow	
192	0:01:48	1/1/2019 	101468	25.00	119.00	6.60	25.54	100492.50	1834	1	CharlieHolbrow	
193	0:01:48	1/1/2019 	101610	17.00	7.00	6.99	25.54	100492.50	49802	0	CharlieHolbrow	
194	0:01:49	1/1/2019 	102610	17.00	8.00	6.99	25.54	100492.52	49801	0	CharlieHolbrow	
195	0:01:50	1/1/2019 	103147	18.00	22.00	6.95	25.54	100492.19	1835	0	CharlieHolbrow	
196	0:01:51	1/1/2019 	104593	16.00	8.00	7.06	25.55	100492.81	99865	0	CharlieHolbrow	
197	0:01:51	1/1/2019 	104969	16.00	8.00	7.06	25.55	100493.23	1834	0	CharlieHolbrow	
198	0:01:52	1/1/2019 	105039	19.00	40.00	6.90	25.55	100493.23	1834	0	CharlieHolbrow	
199	0:01:52	1/1/2019 	105382	17.00	13.00	7.01	25.55	100492.73	1836	1	CharlieHolbrow	
200	0:01:52	1/1/2019 	105812	20.00	43.00	6.84	25.56	100493.23	49803	0	CharlieHolbrow	
201	0:01:52	1/1/2019 	105882	22.00	90.00	6.75	25.56	100493.23	1835	1	CharlieHolbrow	
202	0:01:52	1/1/2019 	105902	16.00	8.00	7.06	25.56	100493.23	3789	0	CharlieHolbrow	
203	0:01:53	1/1/2019 	106024	16.00	8.00	7.06	25.56	100493.23	1833	0	CharlieHolbrow	
204	0:01:53	1/1/2019 	106749	35.00	355.00	6.30	25.56	100492.73	49802	1	CharlieHolbrow	
205	0:01:55	1/1/2019 	108216	16.00	8.00	7.06	25.56	100493.02	49805	0	CharlieHolbrow	
206	0:01:55	1/1/2019 	108954	18.00	15.00	6.94	25.57	100493.38	49805	0	CharlieHolbrow	
207	0:01:57	1/1/2019 	110711	21.00	86.00	6.80	25.58	100493.67	97779	0	CharlieHolbrow	
208	0:01:57	1/1/2019 	110808	16.00	8.00	7.06	25.58	100493.73	4898	0	CharlieHolbrow	
209	0:01:58	1/1/2019 	111562	16.00	8.00	7.06	25.58	100493.66	49803	0	CharlieHolbrow	
210	0:01:59	1/1/2019 	112031	16.00	8.00	7.06	25.58	100493.75	1835	0	CharlieHolbrow	
211	0:02:00	1/1/2019 	113469	16.00	8.00	7.06	25.59	100493.61	49803	1	CharlieHolbrow	
212	0:02:01	1/1/2019 	114269	16.00	9.00	7.07	25.59	100493.71	49805	0	CharlieHolbrow	
213	0:02:02	1/1/2019 	115625	27.00	205.00	6.55	25.60	100494.16	97775	0	CharlieHolbrow	
214	0:02:04	1/1/2019 	117246	21.00	87.00	6.80	25.61	100494.25	51758	0	CharlieHolbrow	
215	0:02:04	1/1/2019 	117474	17.00	10.00	7.00	25.61	100494.34	1835	0	CharlieHolbrow	
216	0:02:04	1/1/2019 	117724	21.00	88.00	6.80	25.61	100494.34	49802	1	CharlieHolbrow	
217	0:02:05	1/1/2019 	118487	16.00	8.00	7.06	25.61	100494.28	1835	0	CharlieHolbrow	
218	0:02:05	1/1/2019 	118970	16.00	7.00	7.06	25.61	100494.55	49803	0	CharlieHolbrow	
219	0:02:06	1/1/2019 	119236	15.00	8.00	7.13	25.61	100494.55	1833	0	CharlieHolbrow	
220	0:02:06	1/1/2019 	119451	16.00	8.00	7.06	25.62	100494.63	3816	0	CharlieHolbrow	
221	0:02:06	1/1/2019 	119587	17.00	9.00	7.00	25.62	100494.63	49803	0	CharlieHolbrow	
222	0:02:06	1/1/2019 	119823	26.00	149.00	6.57	25.62	100494.90	2802	0	CharlieHolbrow	
223	0:02:07	1/1/2019 	120993	34.00	388.00	6.34	25.62	100494.89	49805	0	CharlieHolbrow	
224	0:02:09	1/1/2019 	122201	16.00	8.00	7.06	25.63	100495.08	49804	0	CharlieHolbrow	
225	0:02:09	1/1/2019 	122244	16.00	8.00	7.06	25.63	100495.08	1834	0	CharlieHolbrow	
226	0:02:10	1/1/2019 	122999	16.00	8.00	7.06	25.63	100495.44	51901	1	CharlieHolbrow	
227	0:02:12	1/1/2019 	125264	20.00	68.00	6.85	25.64	100495.83	97772	0	CharlieHolbrow	
228	0:02:12	1/1/2019 	125334	16.00	7.00	7.06	25.64	100495.83	1835	0	CharlieHolbrow	
229	0:02:12	1/1/2019 	125383	21.00	72.00	6.79	25.65	100495.88	1834	1	CharlieHolbrow	
230	0:02:12	1/1/2019 	125463	24.00	114.00	6.65	25.65	100495.88	1834	0	CharlieHolbrow	
231	0:02:13	1/1/2019 	126234	26.00	201.00	6.59	25.65	100495.72	49804	0	CharlieHolbrow	
232	0:02:13	1/1/2019 	126499	16.00	7.00	7.06	25.65	100495.65	3790	0	CharlieHolbrow	
233	0:02:13	1/1/2019 	126725	17.00	11.00	7.00	25.65	100495.65	49835	0	CharlieHolbrow	
234	0:02:13	1/1/2019 	126755	16.00	8.00	7.06	25.65	100495.65	1834	0	CharlieHolbrow	
235	0:02:16	1/1/2019 	129639	16.00	13.00	7.08	25.66	100495.62	145744	0	CharlieHolbrow	
236	0:02:18	1/1/2019 	131492	16.00	8.00	7.06	25.67	100495.81	50779	0	CharlieHolbrow	
237	0:02:18	1/1/2019 	131864	17.00	16.00	7.01	25.67	100495.91	51900	0	CharlieHolbrow	
238	0:02:20	1/1/2019 	133909	17.00	23.00	7.02	25.68	100496.45	97774	0	CharlieHolbrow	
239	0:02:21	1/1/2019 	134001	16.00	8.00	7.06	25.68	100496.45	1835	0	CharlieHolbrow	
240	0:02:21	1/1/2019 	134638	22.00	82.00	6.74	25.69	100496.39	49803	1	CharlieHolbrow	
241	0:02:22	1/1/2019 	135084	16.00	8.00	7.06	25.69	100496.28	1836	0	CharlieHolbrow	
242	0:02:23	1/1/2019 	136794	21.00	84.00	6.80	25.70	100496.41	97773	1	CharlieHolbrow	
243	0:02:23	1/1/2019 	136887	18.00	23.00	6.95	25.70	100496.50	3790	0	CharlieHolbrow	
244	0:02:23	1/1/2019 	136970	16.00	7.00	7.06	25.70	100496.50	1835	0	CharlieHolbrow	
245	0:02:24	1/1/2019 	137149	19.00	12.00	6.87	25.70	100496.50	1834	1	CharlieHolbrow	
246	0:02:24	1/1/2019 	137552	21.00	82.00	6.80	25.70	100496.17	49805	1	CharlieHolbrow	
247	0:02:24	1/1/2019 	137595	17.00	10.00	7.00	25.70	100496.17	1835	0	CharlieHolbrow	
248	0:02:25	1/1/2019 	138383	23.00	136.00	6.72	25.70	100496.20	1835	1	CharlieHolbrow	
249	0:02:25	1/1/2019 	138695	17.00	9.00	7.00	25.70	100496.20	51788	0	CharlieHolbrow	
250	0:02:25	1/1/2019 	138899	16.00	7.00	7.06	25.71	100496.30	1835	0	CharlieHolbrow	
251	0:02:26	1/1/2019 	139716	16.00	18.00	7.08	25.71	100496.22	49804	0	CharlieHolbrow	
252	0:02:26	1/1/2019 	139766	32.00	297.00	6.37	25.71	100496.22	2804	0	CharlieHolbrow	
253	0:02:27	1/1/2019 	140202	15.00	8.00	7.13	25.71	100496.11	1834	0	CharlieHolbrow	
254	0:02:27	1/1/2019 	140975	18.00	12.00	6.94	25.71	100496.05	49804	0	CharlieHolbrow	
255	0:02:27	1/1/2019 	140986	17.00	11.00	7.00	25.71	100496.05	3930	0	CharlieHolbrow	
256	0:02:28	1/1/2019 	141172	24.00	161.00	6.68	25.71	100496.05	1834	1	CharlieHolbrow	
257	0:02:28	1/1/2019 	141251	16.00	8.00	7.06	25.71	100496.05	1835	0	CharlieHolbrow	
258	0:02:28	1/1/2019 	141858	16.00	8.00	7.06	25.72	100496.14	49803	0	CharlieHolbrow	
259	0:02:28	1/1/2019 	141937	16.00	7.00	7.06	25.72	100496.07	1834	0	CharlieHolbrow	
260	0:02:29	1/1/2019 	142270	17.00	12.00	7.00	25.72	100496.07	1834	0	CharlieHolbrow	
261	0:02:30	1/1/2019 	143665	23.00	137.00	6.72	25.73	100496.36	99727	0	CharlieHolbrow	
262	0:02:30	1/1/2019 	143799	21.00	11.00	6.75	25.73	100496.36	1836	0	CharlieHolbrow	
263	0:02:31	1/1/2019 	144053	16.00	8.00	7.06	25.73	100496.45	1834	0	CharlieHolbrow	
264	0:02:31	1/1/2019 	144261	50.00	794.00	6.19	25.73	100496.45	1835	1	CharlieHolbrow	
265	0:02:31	1/1/2019 	144586	15.00	8.00	7.13	25.73	100496.72	49804	0	CharlieHolbrow	
266	0:02:32	1/1/2019 	145059	16.00	8.00	7.06	25.73	100496.55	1834	0	CharlieHolbrow	
267	0:02:32	1/1/2019 	145149	23.00	111.00	6.70	25.73	100496.55	3790	1	CharlieHolbrow	
268	0:02:32	1/1/2019 	145602	21.00	59.00	6.79	25.73	100496.61	49803	0	CharlieHolbrow	
269	0:02:33	1/1/2019 	146959	16.00	8.00	7.06	25.74	100496.73	49804	0	CharlieHolbrow	
270	0:02:34	1/1/2019 	147018	17.00	21.00	7.02	25.74	100496.73	1835	0	CharlieHolbrow	
271	0:02:34	1/1/2019 	147098	16.00	8.00	7.06	25.74	100496.73	1835	0	CharlieHolbrow	
272	0:02:34	1/1/2019 	147201	30.00	256.00	6.43	25.74	100496.73	1834	0	CharlieHolbrow	
273	0:02:34	1/1/2019 	147310	16.00	8.00	7.06	25.74	100496.73	3790	0	CharlieHolbrow	
274	0:02:34	1/1/2019 	147470	19.00	35.00	6.90	25.74	100496.66	1833	1	CharlieHolbrow	
275	0:02:34	1/1/2019 	147688	18.00	10.00	6.93	25.74	100496.66	49802	0	CharlieHolbrow	
276	0:02:36	1/1/2019 	149096	16.00	8.00	7.06	25.75	100496.52	49803	1	CharlieHolbrow	
277	0:02:37	1/1/2019 	150885	15.00	7.00	7.13	25.76	100496.77	97773	0	CharlieHolbrow	
278	0:02:38	1/1/2019 	151686	22.00	111.00	6.76	25.76	100496.80	50772	1	CharlieHolbrow	
279	0:02:38	1/1/2019 	151803	19.00	35.00	6.90	25.76	100496.80	3960	0	CharlieHolbrow	
280	0:02:38	1/1/2019 	151915	22.00	96.00	6.75	25.76	100496.80	1834	1	CharlieHolbrow	
281	0:02:39	1/1/2019 	152250	15.00	8.00	7.13	25.76	100496.89	1835	0	CharlieHolbrow	
282	0:02:39	1/1/2019 	152313	16.00	7.00	7.06	25.76	100496.89	1835	0	CharlieHolbrow	
283	0:02:39	1/1/2019 	152560	21.00	79.00	6.80	25.77	100496.99	49803	1	CharlieHolbrow	
284	0:02:39	1/1/2019 	152962	16.00	8.00	7.06	25.77	100496.66	1835	0	CharlieHolbrow	
285	0:02:41	1/1/2019 	154272	11.00	8.00	7.45	25.77	100497.02	52512	0	CharlieHolbrow	
286	0:02:42	1/1/2019 	155066	19.00	36.00	6.90	25.78	100497.20	49802	0	CharlieHolbrow	
287	0:02:42	1/1/2019 	155462	25.00	132.00	6.61	25.78	100497.44	1834	0	CharlieHolbrow	
288	0:02:42	1/1/2019 	155574	16.00	8.00	7.06	25.78	100497.44	49803	0	CharlieHolbrow	
289	0:02:42	1/1/2019 	155806	16.00	8.00	7.06	25.78	100497.44	1834	0	CharlieHolbrow	
290	0:02:42	1/1/2019 	155988	25.00	132.00	6.61	25.78	100497.27	1834	1	CharlieHolbrow	
291	0:02:44	1/1/2019 	157071	44.00	610.00	6.18	25.78	100497.12	51905	1	CharlieHolbrow	
292	0:02:44	1/1/2019 	157275	16.00	8.00	7.06	25.78	100497.12	1843	0	CharlieHolbrow	
293	0:02:45	1/1/2019 	158004	16.00	8.00	7.06	25.79	100497.48	49808	0	CharlieHolbrow	
294	0:02:45	1/1/2019 	158317	16.00	8.00	7.06	25.79	100497.48	1835	0	CharlieHolbrow	
295	0:02:45	1/1/2019 	158720	30.00	265.00	6.43	25.79	100497.58	49804	0	CharlieHolbrow	
296	0:02:46	1/1/2019 	159385	32.00	336.00	6.39	25.79	100497.84	1835	1	CharlieHolbrow	
297	0:02:46	1/1/2019 	159448	16.00	8.00	7.06	25.79	100497.84	3734	0	CharlieHolbrow	
298	0:02:47	1/1/2019 	160006	20.00	45.00	6.84	25.80	100498.17	49804	0	CharlieHolbrow	
299	0:02:47	1/1/2019 	160142	24.00	134.00	6.67	25.80	100498.17	2581	1	CharlieHolbrow	
300	0:02:47	1/1/2019 	160360	15.00	8.00	7.13	25.80	100498.17	1835	0	CharlieHolbrow	
301	0:02:47	1/1/2019 	160487	53.00	842.00	6.20	25.80	100497.67	1834	1	CharlieHolbrow	
302	0:02:48	1/1/2019 	161002	16.00	7.00	7.06	25.80	100497.94	49804	0	CharlieHolbrow	
303	0:02:48	1/1/2019 	161182	18.00	26.00	6.96	25.80	100497.94	5120	0	CharlieHolbrow	
304	0:02:48	1/1/2019 	161219	17.00	8.00	6.99	25.80	100497.94	1834	0	CharlieHolbrow	
305	0:02:49	1/1/2019 	162613	16.00	8.00	7.06	25.81	100498.05	97770	0	CharlieHolbrow	
306	0:02:49	1/1/2019 	162900	26.00	131.00	6.56	25.81	100498.05	1835	1	CharlieHolbrow	
307	0:02:49	1/1/2019 	162943	19.00	50.00	6.90	25.81	100498.05	1835	0	CharlieHolbrow	
308	0:02:50	1/1/2019 	163558	15.00	8.00	7.13	25.81	100498.25	49802	0	CharlieHolbrow	
309	0:02:51	1/1/2019 	164154	17.00	11.00	7.00	25.81	100498.08	3789	1	CharlieHolbrow	
310	0:02:51	1/1/2019 	164700	20.00	71.00	6.85	25.82	100498.17	49804	1	CharlieHolbrow	
311	0:02:52	1/1/2019 	165587	19.00	53.00	6.91	25.82	100498.50	49803	0	CharlieHolbrow	
312	0:02:52	1/1/2019 	165820	22.00	92.00	6.75	25.82	100498.50	1835	0	CharlieHolbrow	
313	0:02:53	1/1/2019 	166426	19.00	48.00	6.90	25.82	100498.59	1834	0	CharlieHolbrow	
314	0:02:54	1/1/2019 	167019	21.00	96.00	6.81	25.83	100498.78	49804	0	CharlieHolbrow	
315	0:02:54	1/1/2019 	167105	16.00	7.00	7.06	25.83	100498.78	3817	0	CharlieHolbrow	
316	0:02:54	1/1/2019 	167161	23.00	95.00	6.69	25.83	100498.78	1834	1	CharlieHolbrow	
317	0:02:54	1/1/2019 	167604	16.00	8.00	7.06	25.83	100498.28	49802	0	CharlieHolbrow	
318	0:02:54	1/1/2019 	167776	16.00	8.00	7.06	25.83	100498.28	1833	0	CharlieHolbrow	
319	0:02:56	1/1/2019 	169024	15.00	7.00	7.13	25.84	100498.58	49803	0	CharlieHolbrow	
320	0:02:56	1/1/2019 	169096	16.00	8.00	7.06	25.84	100498.58	1834	0	CharlieHolbrow	
321	0:02:56	1/1/2019 	169645	20.00	46.00	6.84	25.84	100498.84	51758	0	CharlieHolbrow	
322	0:02:56	1/1/2019 	169667	20.00	58.00	6.85	25.84	100498.84	2580	1	CharlieHolbrow	
323	0:02:57	1/1/2019 	170129	15.00	8.00	7.13	25.84	100498.94	1834	0	CharlieHolbrow	
324	0:02:57	1/1/2019 	170433	16.00	8.00	7.06	25.84	100498.94	1834	0	CharlieHolbrow	
325	0:02:58	1/1/2019 	171446	17.00	29.00	7.03	25.85	100499.25	49804	0	CharlieHolbrow	
326	0:02:58	1/1/2019 	171870	16.00	8.00	7.06	25.85	100499.35	49804	0	CharlieHolbrow	
327	0:02:59	1/1/2019 	172803	20.00	83.00	6.86	25.85	100499.28	51900	0	CharlieHolbrow	
328	0:02:59	1/1/2019 	172862	15.00	8.00	7.13	25.85	100499.28	1836	0	CharlieHolbrow	
329	0:03:00	1/1/2019 	173648	16.00	8.00	7.06	25.86	100499.31	49801	0	CharlieHolbrow	
330	0:03:00	1/1/2019 	173699	33.00	320.00	6.35	25.86	100499.31	1834	1	CharlieHolbrow	
331	0:03:00	1/1/2019 	173705	17.00	17.00	7.01	25.86	100499.31	1833	0	CharlieHolbrow	
332	0:03:01	1/1/2019 	174640	22.00	122.00	6.77	25.86	100500.00	49805	1	CharlieHolbrow	
333	0:03:02	1/1/2019 	175064	16.00	8.00	7.06	25.87	100500.26	3791	0	CharlieHolbrow	
334	0:03:04	1/1/2019 	177928	26.00	192.00	6.59	25.88	100500.11	145744	0	CharlieHolbrow	
335	0:03:05	1/1/2019 	178484	15.00	8.00	7.13	25.88	100500.38	1838	0	CharlieHolbrow	
336	0:03:06	1/1/2019 	179599	20.00	70.00	6.85	25.89	100500.99	97779	0	CharlieHolbrow	
337	0:03:06	1/1/2019 	179630	16.00	8.00	7.06	25.89	100500.99	2581	0	CharlieHolbrow	
338	0:03:08	1/1/2019 	181237	16.00	9.00	7.07	25.89	100500.81	51899	0	CharlieHolbrow	
339	0:03:08	1/1/2019 	181680	16.00	8.00	7.06	25.89	100500.91	49804	0	CharlieHolbrow	
340	0:03:08	1/1/2019 	181809	17.00	10.00	7.00	25.89	100500.91	1834	0	CharlieHolbrow	
341	0:03:09	1/1/2019 	182098	16.00	11.00	7.07	25.90	100500.67	1834	0	CharlieHolbrow	
342	0:03:09	1/1/2019 	182782	17.00	9.00	7.00	25.90	100500.44	49804	0	CharlieHolbrow	
343	0:03:11	1/1/2019 	184423	19.00	60.00	6.91	25.91	100500.55	49804	1	CharlieHolbrow	
344	0:03:11	1/1/2019 	184563	15.00	8.00	7.13	25.91	100500.48	51786	0	CharlieHolbrow	
345	0:03:11	1/1/2019 	184631	16.00	8.00	7.06	25.91	100500.48	1834	0	CharlieHolbrow	
346	0:03:11	1/1/2019 	184995	16.00	8.00	7.06	25.91	100500.48	1833	0	CharlieHolbrow	
347	0:03:12	1/1/2019 	185423	20.00	54.00	6.84	25.91	100500.38	1834	0	CharlieHolbrow	
348	0:03:12	1/1/2019 	185450	16.00	7.00	7.06	25.91	100500.38	1836	0	CharlieHolbrow	
349	0:03:13	1/1/2019 	186736	16.00	7.00	7.06	25.92	100500.08	97775	0	CharlieHolbrow	
350	0:03:14	1/1/2019 	187680	16.00	8.00	7.06	25.92	100500.43	51760	0	CharlieHolbrow	
351	0:03:15	1/1/2019 	188104	17.00	9.00	7.00	25.92	100500.70	1835	0	CharlieHolbrow	
352	0:03:15	1/1/2019 	188419	18.00	13.00	6.94	25.92	100500.70	1834	0	CharlieHolbrow	
353	0:03:15	1/1/2019 	188762	16.00	8.00	7.06	25.93	100500.79	49803	0	CharlieHolbrow	
354	0:03:16	1/1/2019 	189263	16.00	8.00	7.06	25.93	100501.05	1832	0	CharlieHolbrow	
355	0:03:16	1/1/2019 	189279	15.00	8.00	7.13	25.93	100501.05	1834	0	CharlieHolbrow	
356	0:03:17	1/1/2019 	190223	16.00	9.00	7.07	25.93	100500.81	51760	0	CharlieHolbrow	
357	0:03:17	1/1/2019 	190583	15.00	8.00	7.13	25.93	100500.88	50551	0	CharlieHolbrow	
358	0:03:17	1/1/2019 	190744	17.00	9.00	7.00	25.93	100500.88	1841	0	CharlieHolbrow	
359	0:03:18	1/1/2019 	191784	17.00	8.00	6.99	25.94	100501.07	49806	0	CharlieHolbrow	
360	0:03:19	1/1/2019 	192121	15.00	8.00	7.13	25.94	100501.16	1835	0	CharlieHolbrow	
361	0:03:19	1/1/2019 	192559	20.00	7.00	6.80	25.94	100501.16	49803	0	CharlieHolbrow	
362	0:03:20	1/1/2019 	193065	16.00	8.00	7.06	25.95	100501.02	3931	0	CharlieHolbrow	
363	0:03:20	1/1/2019 	193714	16.00	8.00	7.06	25.95	100501.12	49802	0	CharlieHolbrow	
364	0:03:21	1/1/2019 	194058	22.00	119.00	6.77	25.95	100501.12	1834	1	CharlieHolbrow	
365	0:03:21	1/1/2019 	194803	16.00	7.00	7.06	25.95	100501.14	49804	0	CharlieHolbrow	
366	0:03:22	1/1/2019 	195572	17.00	13.00	7.01	25.96	100501.14	49803	0	CharlieHolbrow	
367	0:03:23	1/1/2019 	196244	16.00	11.00	7.07	25.96	100501.06	1836	0	CharlieHolbrow	
368	0:03:24	1/1/2019 	197446	16.00	7.00	7.06	25.97	100501.09	51758	0	CharlieHolbrow	
369	0:03:24	1/1/2019 	197866	15.00	8.00	7.13	25.97	100501.19	49804	0	CharlieHolbrow	
370	0:03:25	1/1/2019 	198058	21.00	85.00	6.80	25.97	100501.19	1833	0	CharlieHolbrow	
371	0:03:25	1/1/2019 	198079	16.00	8.00	7.06	25.97	100501.19	1834	0	CharlieHolbrow	
372	0:03:25	1/1/2019 	198094	25.00	173.00	6.63	25.97	100501.28	1833	1	CharlieHolbrow	
373	0:03:25	1/1/2019 	198273	16.00	8.00	7.06	25.97	100501.28	1835	0	CharlieHolbrow	
374	0:03:25	1/1/2019 	198602	30.00	255.00	6.43	25.97	100500.78	51758	0	CharlieHolbrow	
375	0:03:25	1/1/2019 	198622	16.00	8.00	7.06	25.97	100500.78	1835	0	CharlieHolbrow	
376	0:03:26	1/1/2019 	199037	22.00	125.00	6.77	25.97	100500.78	1834	0	CharlieHolbrow	
377	0:03:26	1/1/2019 	199255	21.00	77.00	6.80	25.97	100500.71	1835	0	CharlieHolbrow	
378	0:03:26	1/1/2019 	199833	23.00	102.00	6.70	25.97	100499.36	49804	0	CharlieHolbrow	
379	0:03:27	1/1/2019 	200711	15.00	8.00	7.13	25.97	100499.38	50552	0	CharlieHolbrow	
380	0:03:27	1/1/2019 	200954	16.00	8.00	7.06	25.97	100499.38	3938	0	CharlieHolbrow	
381	0:03:28	1/1/2019 	201567	15.00	8.00	7.13	25.98	100499.48	49809	0	CharlieHolbrow	
382	0:03:28	1/1/2019 	201834	23.00	95.00	6.69	25.98	100499.80	1834	0	CharlieHolbrow	
383	0:03:29	1/1/2019 	202455	15.00	8.00	7.13	25.98	100499.73	1833	0	CharlieHolbrow	
384	0:03:31	1/1/2019 	204767	20.00	73.00	6.85	26.00	100500.20	145742	0	CharlieHolbrow	
385	0:03:32	1/1/2019 	205560	15.00	7.00	7.13	26.00	100500.30	49805	0	CharlieHolbrow	
386	0:03:34	1/1/2019 	207392	16.00	9.00	7.07	26.01	100500.32	51760	0	CharlieHolbrow	
387	0:03:34	1/1/2019 	207624	16.00	8.00	7.06	26.01	100500.58	49804	0	CharlieHolbrow	
388	0:03:34	1/1/2019 	207719	15.00	7.00	7.13	26.01	100500.58	1834	0	CharlieHolbrow	
389	0:03:36	1/1/2019 	209121	16.00	8.00	7.06	26.02	100500.87	49803	0	CharlieHolbrow	
390	0:03:36	1/1/2019 	209706	22.00	86.00	6.74	26.02	100500.97	49806	1	CharlieHolbrow	
391	0:03:38	1/1/2019 	211631	16.00	11.00	7.07	26.03	100500.55	98519	0	CharlieHolbrow	
392	0:03:38	1/1/2019 	211986	15.00	7.00	7.13	26.03	100500.55	3932	0	CharlieHolbrow	
393	0:03:39	1/1/2019 	212040	15.00	8.00	7.13	26.03	100500.55	1833	0	CharlieHolbrow	
394	0:03:39	1/1/2019 	212099	15.00	7.00	7.13	26.03	100500.55	1835	0	CharlieHolbrow	
395	0:03:39	1/1/2019 	212179	29.00	241.00	6.47	26.03	100500.64	1833	1	CharlieHolbrow	
396	0:03:39	1/1/2019 	212476	16.00	8.00	7.06	26.03	100500.64	1834	0	CharlieHolbrow	
397	0:03:39	1/1/2019 	212946	19.00	44.00	6.90	26.03	100500.74	49804	0	CharlieHolbrow	
398	0:03:40	1/1/2019 	213259	15.00	8.00	7.13	26.04	100501.00	3789	0	CharlieHolbrow	
399	0:03:41	1/1/2019 	214345	15.00	8.00	7.13	26.04	100501.36	49803	0	CharlieHolbrow	
400	0:03:42	1/1/2019 	215496	17.00	28.00	7.03	26.05	100501.52	49804	0	CharlieHolbrow	
401	0:03:42	1/1/2019 	215607	33.00	360.00	6.37	26.05	100501.52	49807	0	CharlieHolbrow	
402	0:03:44	1/1/2019 	217819	16.00	10.00	7.07	26.06	100502.40	97774	0	CharlieHolbrow	
403	0:03:45	1/1/2019 	218089	37.00	451.00	6.28	26.06	100502.40	1836	1	CharlieHolbrow	
404	0:03:45	1/1/2019 	218669	24.00	140.00	6.67	26.06	100502.42	51788	1	CharlieHolbrow	
405	0:03:46	1/1/2019 	219316	16.00	8.00	7.06	26.06	100502.52	1834	0	CharlieHolbrow	
406	0:03:46	1/1/2019 	219793	16.00	8.00	7.06	26.06	100502.19	49803	0	CharlieHolbrow	
407	0:03:46	1/1/2019 	219979	16.00	8.00	7.06	26.06	100502.19	2578	0	CharlieHolbrow	
408	0:03:47	1/1/2019 	220332	15.00	8.00	7.13	26.07	100502.25	1833	0	CharlieHolbrow	
409	0:03:47	1/1/2019 	220740	15.00	8.00	7.13	26.07	100502.34	49806	0	CharlieHolbrow	
410	0:03:48	1/1/2019 	221148	20.00	74.00	6.85	26.07	100502.34	3931	1	CharlieHolbrow	
411	0:03:48	1/1/2019 	221922	34.00	362.00	6.33	26.07	100502.70	49805	1	CharlieHolbrow	
412	0:03:48	1/1/2019 	221938	26.00	169.00	6.58	26.07	100502.70	1836	1	CharlieHolbrow	
413	0:03:49	1/1/2019 	222108	16.00	8.00	7.06	26.07	100502.70	1834	0	CharlieHolbrow	
414	0:03:50	1/1/2019 	223310	16.00	9.00	7.07	26.08	100502.66	49804	0	CharlieHolbrow	
415	0:03:50	1/1/2019 	223346	15.00	8.00	7.13	26.08	100502.66	1835	0	CharlieHolbrow	
416	0:03:50	1/1/2019 	223793	22.00	71.00	6.73	26.08	100502.75	51759	0	CharlieHolbrow	
417	0:03:52	1/1/2019 	225392	35.00	394.00	6.31	26.09	100502.94	49805	1	CharlieHolbrow	
418	0:03:52	1/1/2019 	225492	16.00	8.00	7.06	26.09	100502.94	1835	0	CharlieHolbrow	
419	0:03:52	1/1/2019 	225612	16.00	8.00	7.06	26.09	100502.94	49803	0	CharlieHolbrow	
420	0:03:52	1/1/2019 	225971	16.00	7.00	7.06	26.09	100503.53	1834	0	CharlieHolbrow	
421	0:03:52	1/1/2019 	225993	17.00	13.00	7.01	26.09	100503.53	1833	0	CharlieHolbrow	
422	0:03:53	1/1/2019 	226765	15.00	8.00	7.13	26.10	100503.39	51758	0	CharlieHolbrow	
423	0:03:54	1/1/2019 	227007	15.00	7.00	7.13	26.10	100503.39	1835	0	CharlieHolbrow	
424	0:03:55	1/1/2019 	228610	15.00	8.00	7.13	26.10	100503.84	97775	0	CharlieHolbrow	
425	0:03:55	1/1/2019 	228791	15.00	7.00	7.13	26.11	100511.27	1835	0	CharlieHolbrow	
426	0:03:56	1/1/2019 	229304	15.00	8.00	7.13	26.11	100519.92	1833	0	CharlieHolbrow	
427	0:03:57	1/1/2019 	230414	16.00	16.00	7.08	26.11	100536.89	49806	0	CharlieHolbrow	
428	0:03:58	1/1/2019 	231259	17.00	13.00	7.01	26.12	100551.23	52697	0	CharlieHolbrow	
429	0:03:58	1/1/2019 	231406	16.00	8.00	7.06	26.12	100551.23	1836	0	CharlieHolbrow	
430	0:04:01	1/1/2019 	234229	28.00	243.00	6.51	26.13	100587.48	145743	1	CharlieHolbrow	
431	0:04:01	1/1/2019 	234651	16.00	8.00	7.06	26.13	100587.48	49806	0	CharlieHolbrow	
432	0:04:02	1/1/2019 	235318	15.00	8.00	7.13	26.13	100597.80	1834	0	CharlieHolbrow	
433	0:04:02	1/1/2019 	235845	15.00	7.00	7.13	26.14	100602.39	49806	0	CharlieHolbrow	
434	0:04:03	1/1/2019 	236129	15.00	8.00	7.13	26.14	100602.39	3816	0	CharlieHolbrow	
435	0:04:04	1/1/2019 	237680	15.00	8.00	7.13	26.14	100620.06	97773	0	CharlieHolbrow	
436	0:04:05	1/1/2019 	238200	16.00	8.00	7.06	26.14	100637.97	1835	0	CharlieHolbrow	
437	0:04:06	1/1/2019 	239129	15.00	7.00	7.13	26.15	100667.95	49805	0	CharlieHolbrow	
438	0:04:06	1/1/2019 	239257	17.00	9.00	7.00	26.15	100688.42	1835	0	CharlieHolbrow	
439	0:04:06	1/1/2019 	239642	18.00	24.00	6.95	26.15	100688.42	49806	0	CharlieHolbrow	
440	0:04:06	1/1/2019 	239699	16.00	8.00	7.06	26.15	100688.42	4746	0	CharlieHolbrow	
441	0:04:08	1/1/2019 	241046	16.00	8.00	7.06	26.16	100748.10	49807	0	CharlieHolbrow	
442	0:04:08	1/1/2019 	241303	29.00	256.00	6.47	26.16	100770.34	1835	1	CharlieHolbrow	
443	0:04:08	1/1/2019 	241407	30.00	289.00	6.44	26.16	100770.34	1835	1	CharlieHolbrow	
444	0:04:08	1/1/2019 	241428	22.00	112.00	6.76	26.16	100770.34	1835	1	CharlieHolbrow	
445	0:04:08	1/1/2019 	241592	16.00	8.00	7.06	26.16	100770.34	49805	0	CharlieHolbrow	
446	0:04:09	1/1/2019 	242384	12.00	8.00	7.37	26.16	100812.14	3788	0	CharlieHolbrow	
447	0:04:11	1/1/2019 	244007	16.00	8.00	7.06	26.17	100879.76	97776	0	CharlieHolbrow	
448	0:04:13	1/1/2019 	246447	15.00	7.00	7.13	26.18	100973.27	97773	0	CharlieHolbrow	
449	0:04:13	1/1/2019 	246452	29.00	248.00	6.47	26.18	100973.27	1835	1	CharlieHolbrow	
450	0:04:14	1/1/2019 	247246	17.00	21.00	7.02	26.19	101003.09	49805	0	CharlieHolbrow	
451	0:04:16	1/1/2019 	249631	16.00	7.00	7.06	26.20	101063.59	145747	0	CharlieHolbrow	
452	0:04:16	1/1/2019 	249803	20.00	67.00	6.85	26.20	101076.08	4751	0	CharlieHolbrow	
453	0:04:16	1/1/2019 	249897	16.00	8.00	7.06	26.20	101076.08	1835	0	CharlieHolbrow	
454	0:04:16	1/1/2019 	249928	15.00	16.00	7.15	26.20	101076.08	1833	0	CharlieHolbrow	
455	0:04:17	1/1/2019 	250473	23.00	139.00	6.72	26.20	101088.30	1834	1	CharlieHolbrow	
456	0:04:20	1/1/2019 	253302	25.00	125.00	6.61	26.21	101154.55	145747	0	CharlieHolbrow	
457	0:04:20	1/1/2019 	253306	24.00	114.00	6.65	26.21	101154.55	3790	1	CharlieHolbrow	
458	0:04:21	1/1/2019 	254281	26.00	214.00	6.60	26.22	101179.55	49804	1	CharlieHolbrow	
459	0:04:21	1/1/2019 	254690	16.00	8.00	7.06	26.22	101179.55	49807	0	CharlieHolbrow	
460	0:04:22	1/1/2019 	255904	22.00	135.00	6.78	26.22	101217.01	49804	1	CharlieHolbrow	
461	0:04:23	1/1/2019 	256046	15.00	7.00	7.13	26.22	101217.01	1835	0	CharlieHolbrow	
462	0:04:23	1/1/2019 	256193	16.00	8.00	7.06	26.22	101217.01	1834	0	CharlieHolbrow	
463	0:04:23	1/1/2019 	256608	15.00	8.00	7.13	26.23	101227.93	51786	0	CharlieHolbrow	
464	0:04:24	1/1/2019 	257434	15.00	8.00	7.13	26.23	101247.51	1834	0	CharlieHolbrow	
465	0:04:24	1/1/2019 	257977	17.00	14.00	7.01	26.23	101256.59	49804	0	CharlieHolbrow	
466	0:04:25	1/1/2019 	258108	15.00	8.00	7.13	26.23	101256.59	1835	0	CharlieHolbrow	
467	0:04:25	1/1/2019 	258249	24.00	50.00	6.62	26.23	101256.59	1835	0	CharlieHolbrow	
468	0:04:25	1/1/2019 	258720	16.00	8.00	7.06	26.23	101265.02	49803	0	CharlieHolbrow	
469	0:04:26	1/1/2019 	259749	16.00	8.00	7.06	26.24	101280.20	51760	0	CharlieHolbrow	
470	0:04:26	1/1/2019 	259904	15.00	7.00	7.13	26.24	101287.03	2579	0	CharlieHolbrow	
471	0:04:26	1/1/2019 	259981	19.00	38.00	6.90	26.24	101287.03	1834	0	CharlieHolbrow	
472	0:04:27	1/1/2019 	260010	20.00	81.00	6.86	26.24	101287.03	1834	1	CharlieHolbrow	
473	0:04:28	1/1/2019 	261447	15.00	7.00	7.13	26.25	101308.44	49805	0	CharlieHolbrow	
474	0:04:28	1/1/2019 	261816	16.00	8.00	7.06	26.25	101314.44	49805	0	CharlieHolbrow	
475	0:04:29	1/1/2019 	262735	16.00	8.00	7.06	26.25	101320.80	51899	0	CharlieHolbrow	
476	0:04:30	1/1/2019 	263193	15.00	8.00	7.13	26.25	101326.22	1835	0	CharlieHolbrow	
477	0:04:32	1/1/2019 	265089	15.00	8.00	7.13	26.26	101344.83	97775	0	CharlieHolbrow	
478	0:04:32	1/1/2019 	265278	15.00	8.00	7.13	26.26	101344.83	1834	0	CharlieHolbrow	
479	0:04:33	1/1/2019 	266017	16.00	8.00	7.06	26.27	101352.36	49804	0	CharlieHolbrow	
480	0:04:34	1/1/2019 	267680	15.00	7.00	7.13	26.27	101362.02	97775	0	CharlieHolbrow	
481	0:04:35	1/1/2019 	268029	16.00	10.00	7.07	26.27	101365.11	3789	0	CharlieHolbrow	
482	0:04:35	1/1/2019 	268920	17.00	9.00	7.00	26.28	101370.80	49806	1	CharlieHolbrow	
483	0:04:36	1/1/2019 	269409	16.00	8.00	7.06	26.28	101373.14	1834	0	CharlieHolbrow	
484	0:04:37	1/1/2019 	270987	15.00	8.00	7.13	26.28	101379.66	97778	0	CharlieHolbrow	
485	0:04:39	1/1/2019 	272224	21.00	11.00	6.75	26.29	101383.52	50551	0	CharlieHolbrow	
486	0:04:39	1/1/2019 	272886	15.00	8.00	7.13	26.29	101387.19	49806	0	CharlieHolbrow	
487	0:04:40	1/1/2019 	273017	22.00	111.00	6.76	26.29	101387.19	3930	1	CharlieHolbrow	
488	0:04:40	1/1/2019 	273493	16.00	7.00	7.06	26.30	101388.95	1836	0	CharlieHolbrow	
489	0:04:41	1/1/2019 	274972	16.00	15.00	7.08	26.30	101393.81	97775	0	CharlieHolbrow	
490	0:04:42	1/1/2019 	275453	15.00	8.00	7.13	26.30	101395.23	1836	0	CharlieHolbrow	
491	0:04:43	1/1/2019 	276090	15.00	8.00	7.13	26.31	101396.67	49806	0	CharlieHolbrow	
492	0:04:43	1/1/2019 	276129	16.00	8.00	7.06	26.31	101396.67	1835	1	CharlieHolbrow	
493	0:04:44	1/1/2019 	277266	22.00	102.00	6.75	26.31	101398.94	51758	0	CharlieHolbrow	
494	0:04:44	1/1/2019 	277269	16.00	7.00	7.06	26.31	101398.94	1836	0	CharlieHolbrow	
495	0:04:44	1/1/2019 	277666	15.00	7.00	7.13	26.31	101400.66	49803	0	CharlieHolbrow	
496	0:04:44	1/1/2019 	277768	17.00	21.00	7.02	26.31	101400.66	1833	0	CharlieHolbrow	
497	0:04:44	1/1/2019 	277910	16.00	8.00	7.06	26.31	101402.43	1834	0	CharlieHolbrow	
498	0:04:45	1/1/2019 	278015	22.00	105.00	6.76	26.31	101402.43	1833	0	CharlieHolbrow	
499	0:04:45	1/1/2019 	278720	18.00	19.00	6.95	26.32	101404.19	51760	0	CharlieHolbrow	
500	0:04:46	1/1/2019 	279744	17.00	10.00	7.00	26.32	101407.39	49806	0	CharlieHolbrow	
501	0:04:46	1/1/2019 	279784	25.00	137.00	6.62	26.32	101407.39	2819	1	CharlieHolbrow	
502	0:04:48	1/1/2019 	281121	19.00	65.00	6.91	26.33	101411.25	49805	0	CharlieHolbrow	
503	0:04:48	1/1/2019 	281201	16.00	8.00	7.06	26.33	101411.25	1834	0	CharlieHolbrow	
504	0:04:50	1/1/2019 	283632	15.00	8.00	7.13	26.34	101418.54	145745	0	CharlieHolbrow	
505	0:04:51	1/1/2019 	284353	16.00	8.00	7.06	26.34	101419.38	3934	0	CharlieHolbrow	
506	0:04:51	1/1/2019 	284470	16.00	8.00	7.06	26.34	101420.80	1840	0	CharlieHolbrow	
507	0:04:52	1/1/2019 	285114	29.00	197.00	6.46	26.34	101421.73	49804	1	CharlieHolbrow	
508	0:04:52	1/1/2019 	285443	17.00	9.00	7.00	26.35	101422.34	1836	0	CharlieHolbrow	
509	0:04:53	1/1/2019 	286056	18.00	47.00	6.97	26.35	101423.27	49805	1	CharlieHolbrow	
510	0:04:53	1/1/2019 	286461	16.00	8.00	7.06	26.35	101424.53	1836	0	CharlieHolbrow	
511	0:04:53	1/1/2019 	286660	31.00	253.00	6.39	26.35	101424.53	51759	0	CharlieHolbrow	
512	0:04:53	1/1/2019 	286703	18.00	42.00	6.97	26.35	101424.53	1834	0	CharlieHolbrow	
513	0:04:53	1/1/2019 	286726	16.00	8.00	7.06	26.35	101424.53	1833	0	CharlieHolbrow	
514	0:04:53	1/1/2019 	286777	15.00	8.00	7.13	26.35	101424.53	1834	0	CharlieHolbrow	
515	0:04:55	1/1/2019 	288105	15.00	8.00	7.13	26.36	101428.36	49805	0	CharlieHolbrow	
516	0:04:55	1/1/2019 	288630	16.00	8.00	7.06	26.36	101429.79	49805	0	CharlieHolbrow	
517	0:04:55	1/1/2019 	288732	16.00	7.00	7.06	26.36	101429.79	3789	0	CharlieHolbrow	
518	0:04:57	1/1/2019 	290309	16.00	13.00	7.08	26.36	101433.66	49806	0	CharlieHolbrow	
519	0:04:58	1/1/2019 	291123	19.00	60.00	6.91	26.37	101435.52	50789	0	CharlieHolbrow	
520	0:04:59	1/1/2019 	292114	29.00	278.00	6.48	26.37	101437.72	49806	0	CharlieHolbrow	
521	0:04:59	1/1/2019 	292696	15.00	8.00	7.13	26.38	101438.81	49807	0	CharlieHolbrow	
522	0:05:00	1/1/2019 	293471	34.00	402.00	6.35	26.38	101440.71	1834	1	CharlieHolbrow	
523	0:05:01	1/1/2019 	294550	15.00	7.00	7.13	26.38	101444.91	99870	0	CharlieHolbrow	
524	0:05:02	1/1/2019 	295181	15.00	8.00	7.13	26.39	101447.34	1834	0	CharlieHolbrow	
525	0:05:02	1/1/2019 	295384	16.00	7.00	7.06	26.39	101447.34	1834	0	CharlieHolbrow	
526	0:05:02	1/1/2019 	295919	38.00	459.00	6.25	26.39	101451.60	49804	1	CharlieHolbrow	
527	0:05:04	1/1/2019 	297057	22.00	134.00	6.78	26.39	101456.13	49804	1	CharlieHolbrow	
528	0:05:05	1/1/2019 	298441	33.00	328.00	6.35	26.40	101461.72	49807	0	CharlieHolbrow	
529	0:05:06	1/1/2019 	299455	15.00	8.00	7.13	26.40	101464.48	51762	0	CharlieHolbrow	
530	0:05:06	1/1/2019 	299758	25.00	152.00	6.62	26.40	101464.48	49806	1	CharlieHolbrow	
531	0:05:07	1/1/2019 	300471	15.00	8.00	7.13	26.41	101467.69	2819	0	CharlieHolbrow	
532	0:05:08	1/1/2019 	301243	15.00	8.00	7.13	26.41	101469.12	49805	0	CharlieHolbrow	
533	0:05:10	1/1/2019 	303336	16.00	8.00	7.06	26.42	101473.91	97775	0	CharlieHolbrow	
534	0:05:10	1/1/2019 	303640	15.00	8.00	7.13	26.42	101475.17	49805	0	CharlieHolbrow	
535	0:05:10	1/1/2019 	303817	15.00	8.00	7.13	26.42	101475.17	3931	0	CharlieHolbrow	
536	0:05:10	1/1/2019 	303936	21.00	89.00	6.80	26.42	101476.41	1834	1	CharlieHolbrow	
537	0:05:12	1/1/2019 	305120	15.00	8.00	7.13	26.43	101477.84	49806	0	CharlieHolbrow	
538	0:05:12	1/1/2019 	305206	18.00	28.00	6.96	26.43	101477.84	1835	0	CharlieHolbrow	
539	0:05:12	1/1/2019 	305240	16.00	8.00	7.06	26.43	101477.84	1834	0	CharlieHolbrow	
540	0:05:12	1/1/2019 	305917	16.00	8.00	7.06	26.43	101478.61	49805	0	CharlieHolbrow	
541	0:05:14	1/1/2019 	307091	15.00	8.00	7.13	26.44	101481.23	51760	0	CharlieHolbrow	
542	0:05:14	1/1/2019 	307170	15.00	7.00	7.13	26.44	101481.23	1835	0	CharlieHolbrow	
543	0:05:14	1/1/2019 	308025	16.00	8.00	7.06	26.44	101482.66	49805	0	CharlieHolbrow	
544	0:05:15	1/1/2019 	308826	20.00	47.00	6.84	26.44	101483.43	49806	1	CharlieHolbrow	
545	0:05:16	1/1/2019 	310033	15.00	8.00	7.13	26.45	101485.59	49805	0	CharlieHolbrow	
546	0:05:18	1/1/2019 	311129	15.00	7.00	7.13	26.45	101487.12	50791	0	CharlieHolbrow	
547	0:05:18	1/1/2019 	311613	22.00	104.00	6.76	26.45	101487.89	51906	0	CharlieHolbrow	
548	0:05:18	1/1/2019 	312035	16.00	8.00	7.06	26.46	101488.33	1834	0	CharlieHolbrow	
549	0:05:19	1/1/2019 	312207	15.00	7.00	7.13	26.46	101488.33	1833	0	CharlieHolbrow	
550	0:05:19	1/1/2019 	312830	15.00	8.00	7.13	26.46	101488.66	49805	0	CharlieHolbrow	
551	0:05:20	1/1/2019 	313426	16.00	8.00	7.06	26.46	101489.26	1835	0	CharlieHolbrow	
552	0:05:20	1/1/2019 	313757	24.00	126.00	6.66	26.46	101489.85	49805	0	CharlieHolbrow	
553	0:05:20	1/1/2019 	313903	15.00	7.00	7.13	26.46	101489.85	3789	0	CharlieHolbrow	
554	0:05:20	1/1/2019 	313983	16.00	8.00	7.06	26.46	101490.45	1834	0	CharlieHolbrow	
555	0:05:22	1/1/2019 	315212	18.00	36.00	6.96	26.47	101491.35	49804	0	CharlieHolbrow	
556	0:05:23	1/1/2019 	316678	15.00	8.00	7.13	26.47	101492.72	97774	0	CharlieHolbrow	
557	0:05:24	1/1/2019 	317233	16.00	8.00	7.06	26.47	101493.16	1835	0	CharlieHolbrow	
558	0:05:24	1/1/2019 	318017	23.00	125.00	6.71	26.48	101494.68	49805	1	CharlieHolbrow	
559	0:05:25	1/1/2019 	318445	15.00	8.00	7.13	26.48	101494.68	3789	0	CharlieHolbrow	
560	0:05:28	1/1/2019 	321904	17.00	32.00	7.03	26.49	101498.91	193713	0	CharlieHolbrow	
561	0:05:29	1/1/2019 	323019	16.00	8.00	7.06	26.50	101500.27	50787	0	CharlieHolbrow	
562	0:05:31	1/1/2019 	324413	30.00	268.00	6.44	26.50	101500.88	49807	1	CharlieHolbrow	
563	0:05:33	1/1/2019 	326702	15.00	7.00	7.13	26.51	101505.06	145748	0	CharlieHolbrow	
564	0:05:33	1/1/2019 	326889	24.00	137.00	6.67	26.51	101505.06	3932	1	CharlieHolbrow	
565	0:05:34	1/1/2019 	327765	17.00	10.00	7.00	26.51	101507.00	49804	0	CharlieHolbrow	
566	0:05:35	1/1/2019 	328786	15.00	8.00	7.13	26.52	101509.20	49804	0	CharlieHolbrow	
567	0:05:36	1/1/2019 	329907	18.00	39.00	6.96	26.52	101510.46	49804	0	CharlieHolbrow	
568	0:05:37	1/1/2019 	330108	16.00	15.00	7.08	26.52	101511.39	2820	0	CharlieHolbrow	
569	0:05:37	1/1/2019 	330380	16.00	7.00	7.06	26.52	101511.39	1835	0	CharlieHolbrow	
570	0:05:37	1/1/2019 	330422	16.00	8.00	7.06	26.52	101511.39	3958	0	CharlieHolbrow	
571	0:05:37	1/1/2019 	330852	17.00	15.00	7.01	26.53	101512.33	49804	0	CharlieHolbrow	
572	0:05:38	1/1/2019 	331174	15.00	7.00	7.13	26.53	101512.92	1834	0	CharlieHolbrow	
573	0:05:38	1/1/2019 	331416	16.00	9.00	7.07	26.53	101512.92	1835	0	CharlieHolbrow	
574	0:05:38	1/1/2019 	331567	15.00	7.00	7.13	26.53	101513.25	49803	0	CharlieHolbrow	
575	0:05:38	1/1/2019 	331584	15.00	8.00	7.13	26.53	101513.25	1833	0	CharlieHolbrow	
576	0:05:39	1/1/2019 	332631	15.00	8.00	7.13	26.53	101514.59	51759	0	CharlieHolbrow	
577	0:05:40	1/1/2019 	333301	19.00	62.00	6.91	26.54	101515.36	1835	0	CharlieHolbrow	
578	0:05:40	1/1/2019 	333363	16.00	7.00	7.06	26.54	101515.36	1834	0	CharlieHolbrow	
579	0:05:40	1/1/2019 	333749	20.00	62.00	6.85	26.54	101515.95	49803	1	CharlieHolbrow	
580	0:05:40	1/1/2019 	333808	25.00	152.00	6.62	26.54	101515.95	1835	1	CharlieHolbrow	
581	0:05:40	1/1/2019 	333839	16.00	8.00	7.06	26.54	101515.95	1835	0	CharlieHolbrow	
582	0:05:40	1/1/2019 	333916	20.00	87.00	6.86	26.54	101515.95	3789	0	CharlieHolbrow	
583	0:05:41	1/1/2019 	334882	16.00	8.00	7.06	26.54	101516.88	49805	0	CharlieHolbrow	
584	0:05:42	1/1/2019 	335140	26.00	220.00	6.60	26.54	101517.48	1835	1	CharlieHolbrow	
585	0:05:42	1/1/2019 	335171	15.00	8.00	7.13	26.54	101517.48	1835	0	CharlieHolbrow	
586	0:05:42	1/1/2019 	335362	15.00	7.00	7.13	26.54	101517.48	1832	0	CharlieHolbrow	
587	0:05:42	1/1/2019 	335990	15.00	8.00	7.13	26.54	101517.81	49806	0	CharlieHolbrow	
588	0:05:43	1/1/2019 	336132	17.00	16.00	7.01	26.55	101518.25	3789	0	CharlieHolbrow	
589	0:05:43	1/1/2019 	336280	22.00	98.00	6.75	26.55	101518.25	1835	0	CharlieHolbrow	
590	0:05:43	1/1/2019 	336410	16.00	8.00	7.06	26.55	101518.25	1834	0	CharlieHolbrow	
591	0:05:43	1/1/2019 	336763	18.00	25.00	6.96	26.55	101518.68	49807	1	CharlieHolbrow	
592	0:05:45	1/1/2019 	338677	21.00	109.00	6.82	26.56	101520.28	97780	1	CharlieHolbrow	
593	0:05:47	1/1/2019 	340145	17.00	20.00	7.02	26.56	101521.48	49808	1	CharlieHolbrow	
594	0:05:48	1/1/2019 	341464	16.00	8.00	7.06	26.57	101523.52	52889	0	CharlieHolbrow	
595	0:05:48	1/1/2019 	341639	15.00	7.00	7.13	26.57	101523.67	49806	0	CharlieHolbrow	
596	0:05:49	1/1/2019 	342173	15.00	7.00	7.13	26.57	101524.27	1833	0	CharlieHolbrow	
597	0:05:49	1/1/2019 	342304	19.00	48.00	6.90	26.57	101524.27	1834	0	CharlieHolbrow	
598	0:05:49	1/1/2019 	342373	15.00	7.00	7.13	26.57	101524.27	1834	0	CharlieHolbrow	
599	0:05:49	1/1/2019 	342446	23.00	132.00	6.72	26.57	101524.27	1834	1	CharlieHolbrow	
600	0:05:49	1/1/2019 	342675	17.00	9.00	7.00	26.57	101525.04	51789	0	CharlieHolbrow	
601	0:05:49	1/1/2019 	342830	15.00	7.00	7.13	26.57	101525.04	1834	0	CharlieHolbrow	
602	0:05:49	1/1/2019 	342906	45.00	589.00	6.16	26.57	101525.04	1834	1	CharlieHolbrow	
603	0:05:50	1/1/2019 	343727	45.00	630.00	6.18	26.58	101525.80	49806	0	CharlieHolbrow	
604	0:05:51	1/1/2019 	344716	20.00	66.00	6.85	26.58	101526.80	49807	0	CharlieHolbrow	
605	0:05:51	1/1/2019 	344980	21.00	60.00	6.79	26.58	101526.80	1835	0	CharlieHolbrow	
606	0:05:52	1/1/2019 	345758	15.00	7.00	7.13	26.58	101527.73	51760	0	CharlieHolbrow	
607	0:05:53	1/1/2019 	346293	15.00	7.00	7.13	26.59	101528.34	1833	1	CharlieHolbrow	
608	0:05:53	1/1/2019 	346812	16.00	9.00	7.07	26.59	101528.94	49808	0	CharlieHolbrow	
609	0:05:54	1/1/2019 	347457	15.00	8.00	7.13	26.59	101529.10	1834	0	CharlieHolbrow	
610	0:05:54	1/1/2019 	347629	22.00	118.00	6.77	26.59	101529.87	49808	1	CharlieHolbrow	
611	0:05:55	1/1/2019 	348073	24.00	158.00	6.68	26.59	101530.47	1835	1	CharlieHolbrow	
612	0:05:55	1/1/2019 	348273	16.00	8.00	7.06	26.59	101530.47	3791	0	CharlieHolbrow	
613	0:05:56	1/1/2019 	349321	15.00	8.00	7.13	26.60	101531.56	49806	0	CharlieHolbrow	
614	0:05:58	1/1/2019 	351111	16.00	8.00	7.06	26.60	101534.16	97780	0	CharlieHolbrow	
615	0:05:58	1/1/2019 	351197	15.00	7.00	7.13	26.60	101534.16	2819	0	CharlieHolbrow	
616	0:05:59	1/1/2019 	352845	27.00	233.00	6.56	26.61	101535.36	97776	1	CharlieHolbrow	
617	0:06:02	1/1/2019 	355868	16.00	8.00	7.06	26.62	101538.76	145745	0	CharlieHolbrow	
618	0:06:03	1/1/2019 	356088	17.00	15.00	7.01	26.62	101539.35	3932	0	CharlieHolbrow	
619	0:06:03	1/1/2019 	356204	24.00	144.00	6.67	26.62	101539.35	1835	1	CharlieHolbrow	
620	0:06:03	1/1/2019 	356249	15.00	7.00	7.13	26.62	101539.35	1835	0	CharlieHolbrow	
621	0:06:04	1/1/2019 	357451	15.00	8.00	7.13	26.62	101540.42	49805	0	CharlieHolbrow	
622	0:06:05	1/1/2019 	358217	15.00	7.00	7.13	26.63	101541.95	49806	0	CharlieHolbrow	
623	0:06:05	1/1/2019 	358301	24.00	144.00	6.67	26.63	101541.95	1835	1	CharlieHolbrow	
624	0:06:05	1/1/2019 	358408	17.00	19.00	7.02	26.63	101541.95	3789	0	CharlieHolbrow	
625	0:06:05	1/1/2019 	358941	20.00	59.00	6.85	26.63	101542.72	49805	0	CharlieHolbrow	
626	0:06:06	1/1/2019 	359732	31.00	322.00	6.42	26.64	101544.08	49807	0	CharlieHolbrow	
627	0:06:07	1/1/2019 	360655	16.00	8.00	7.06	26.64	101545.02	50790	0	CharlieHolbrow	
628	0:06:08	1/1/2019 	362008	15.00	8.00	7.13	26.64	101546.38	49807	0	CharlieHolbrow	
629	0:06:09	1/1/2019 	363019	15.00	8.00	7.13	26.65	101547.55	49810	0	CharlieHolbrow	
630	0:06:10	1/1/2019 	363765	35.00	405.00	6.32	26.65	101548.48	51930	1	CharlieHolbrow	
631	0:06:12	1/1/2019 	365219	16.00	16.00	7.08	26.66	101549.67	49807	0	CharlieHolbrow	
632	0:06:12	1/1/2019 	365334	20.00	53.00	6.84	26.66	101549.67	1835	1	CharlieHolbrow	
633	0:06:12	1/1/2019 	365349	16.00	7.00	7.06	26.66	101549.67	1834	0	CharlieHolbrow	
634	0:06:13	1/1/2019 	366438	15.00	7.00	7.13	26.66	101550.88	49807	0	CharlieHolbrow	
635	0:06:13	1/1/2019 	366830	16.00	8.00	7.06	26.66	101551.20	49811	0	CharlieHolbrow	
636	0:06:14	1/1/2019 	367090	18.00	56.00	6.97	26.66	101551.20	3788	0	CharlieHolbrow	
637	0:06:14	1/1/2019 	367290	20.00	58.00	6.85	26.66	101551.80	1835	0	CharlieHolbrow	
638	0:06:14	1/1/2019 	367463	15.00	8.00	7.13	26.66	101551.80	1835	0	CharlieHolbrow	
639	0:06:14	1/1/2019 	367730	16.00	8.00	7.06	26.67	101552.41	49805	0	CharlieHolbrow	
640	0:06:14	1/1/2019 	367931	17.00	18.00	7.01	26.67	101552.41	1834	0	CharlieHolbrow	
641	0:06:16	1/1/2019 	369558	15.00	8.00	7.13	26.67	101554.41	97779	0	CharlieHolbrow	
642	0:06:16	1/1/2019 	370055	16.00	9.00	7.07	26.67	101555.00	4914	0	CharlieHolbrow	
643	0:06:17	1/1/2019 	370264	15.00	8.00	7.13	26.67	101555.34	1834	0	CharlieHolbrow	
644	0:06:19	1/1/2019 	372236	19.00	53.00	6.91	26.68	101558.12	97779	0	CharlieHolbrow	
645	0:06:19	1/1/2019 	372593	16.00	8.00	7.06	26.68	101558.12	49815	0	CharlieHolbrow	
646	0:06:19	1/1/2019 	372781	27.00	169.00	6.53	26.68	101558.73	1839	1	CharlieHolbrow	
647	0:06:20	1/1/2019 	373300	15.00	7.00	7.13	26.69	101559.50	1835	0	CharlieHolbrow	
648	0:06:21	1/1/2019 	374704	27.00	238.00	6.56	26.69	101561.16	99731	1	CharlieHolbrow	
649	0:06:22	1/1/2019 	375236	16.00	9.00	7.07	26.69	101561.77	1836	0	CharlieHolbrow	
650	0:06:22	1/1/2019 	375927	15.00	7.00	7.13	26.69	101562.27	49806	0	CharlieHolbrow	
651	0:06:23	1/1/2019 	376157	21.00	112.00	6.82	26.70	101562.86	1834	0	CharlieHolbrow	
652	0:06:24	1/1/2019 	377123	15.00	8.00	7.13	26.70	101563.46	49806	0	CharlieHolbrow	
653	0:06:24	1/1/2019 	377326	16.00	7.00	7.06	26.70	101564.23	1834	0	CharlieHolbrow	
654	0:06:24	1/1/2019 	378000	16.00	7.00	7.06	26.70	101564.73	51759	0	CharlieHolbrow	
655	0:06:25	1/1/2019 	378877	16.00	9.00	7.07	26.71	101566.09	49805	0	CharlieHolbrow	
656	0:06:26	1/1/2019 	379668	15.00	7.00	7.13	26.71	101566.86	49806	0	CharlieHolbrow	
657	0:06:27	1/1/2019 	380192	21.00	113.00	6.82	26.71	101567.26	2819	1	CharlieHolbrow	
658	0:06:27	1/1/2019 	380745	15.00	8.00	7.13	26.71	101568.02	49807	0	CharlieHolbrow	
659	0:06:29	1/1/2019 	382865	22.00	106.00	6.76	26.72	101570.32	97777	0	CharlieHolbrow	
660	0:06:31	1/1/2019 	384171	9.00	8.00	7.62	26.73	101571.35	51929	0	CharlieHolbrow	
661	0:06:32	1/1/2019 	385230	25.00	172.00	6.63	26.73	101572.72	49807	1	CharlieHolbrow	
662	0:06:32	1/1/2019 	385786	15.00	8.00	7.13	26.73	101573.31	49808	0	CharlieHolbrow	
663	0:06:33	1/1/2019 	386740	20.00	73.00	6.85	26.74	101574.08	49807	0	CharlieHolbrow	
664	0:06:34	1/1/2019 	387778	15.00	7.00	7.13	26.74	101575.28	49808	0	CharlieHolbrow	
665	0:06:34	1/1/2019 	387791	16.00	7.00	7.06	26.74	101575.28	1835	0	CharlieHolbrow	
666	0:06:34	1/1/2019 	388032	16.00	7.00	7.06	26.74	101575.28	3788	0	CharlieHolbrow	
667	0:06:35	1/1/2019 	388764	23.00	130.00	6.72	26.74	101576.21	49807	0	CharlieHolbrow	
668	0:06:36	1/1/2019 	389353	15.00	7.00	7.13	26.74	101576.55	1836	0	CharlieHolbrow	
669	0:06:36	1/1/2019 	389567	35.00	368.00	6.30	26.74	101576.55	49809	1	CharlieHolbrow	
670	0:06:38	1/1/2019 	391296	15.00	8.00	7.13	26.75	101578.84	50792	0	CharlieHolbrow	
671	0:06:38	1/1/2019 	391892	15.00	8.00	7.13	26.75	101579.77	51904	0	CharlieHolbrow	
672	0:06:38	1/1/2019 	392042	17.00	12.00	7.00	26.75	101579.77	1833	0	CharlieHolbrow	
673	0:06:39	1/1/2019 	392156	15.00	8.00	7.13	26.75	101579.77	1834	0	CharlieHolbrow	
674	0:06:39	1/1/2019 	392476	16.00	8.00	7.06	26.76	101580.51	1834	0	CharlieHolbrow	
675	0:06:39	1/1/2019 	392634	15.00	7.00	7.13	26.76	101580.51	49806	0	CharlieHolbrow	
676	0:06:39	1/1/2019 	392863	16.00	8.00	7.06	26.76	101581.27	1834	0	CharlieHolbrow	
677	0:06:39	1/1/2019 	393047	18.00	25.00	6.96	26.76	101581.27	3733	0	CharlieHolbrow	
678	0:06:40	1/1/2019 	393464	16.00	15.00	7.08	26.76	101581.45	1834	0	CharlieHolbrow	
679	0:06:40	1/1/2019 	393602	21.00	72.00	6.79	26.76	101581.45	49807	0	CharlieHolbrow	
680	0:06:41	1/1/2019 	394324	17.00	33.00	7.03	26.76	101582.80	1835	1	CharlieHolbrow	
681	0:06:41	1/1/2019 	394872	26.00	266.00	6.62	26.76	101582.98	49806	1	CharlieHolbrow	
682	0:06:43	1/1/2019 	396105	21.00	106.00	6.82	26.77	101584.17	49808	1	CharlieHolbrow	
683	0:06:43	1/1/2019 	396254	17.00	8.00	6.99	26.77	101584.34	5152	1	CharlieHolbrow	
684	0:06:44	1/1/2019 	397596	15.00	8.00	7.13	26.77	101585.38	97780	0	CharlieHolbrow	
685	0:06:45	1/1/2019 	398057	15.00	7.00	7.13	26.77	101585.70	1840	0	CharlieHolbrow	
686	0:06:46	1/1/2019 	399151	21.00	105.00	6.82	26.78	101587.03	49807	0	CharlieHolbrow	
687	0:06:47	1/1/2019 	400181	15.00	8.00	7.13	26.78	101587.80	49806	0	CharlieHolbrow	
688	0:06:48	1/1/2019 	401413	16.00	8.00	7.06	26.79	101589.17	50553	0	CharlieHolbrow	
689	0:06:49	1/1/2019 	402126	34.00	394.00	6.35	26.79	101589.33	51915	0	CharlieHolbrow	
690	0:06:49	1/1/2019 	402230	18.00	30.00	6.96	26.79	101589.77	1835	1	CharlieHolbrow	
691	0:06:49	1/1/2019 	402997	15.00	7.00	7.13	26.79	101590.36	49806	0	CharlieHolbrow	
692	0:06:50	1/1/2019 	403813	22.00	129.00	6.77	26.79	101590.80	49807	0	CharlieHolbrow	
693	0:06:51	1/1/2019 	404267	15.00	8.00	7.13	26.80	101591.40	1836	0	CharlieHolbrow	
694	0:06:51	1/1/2019 	404709	30.00	263.00	6.43	26.80	101591.40	49808	1	CharlieHolbrow	
695	0:06:52	1/1/2019 	405288	18.00	33.00	6.96	26.80	101592.16	3802	0	CharlieHolbrow	
696	0:06:52	1/1/2019 	405740	16.00	8.00	7.06	26.80	101592.89	49810	0	CharlieHolbrow	
697	0:06:54	1/1/2019 	407584	24.00	176.00	6.69	26.81	101594.43	97779	0	CharlieHolbrow	
698	0:06:55	1/1/2019 	408276	16.00	7.00	7.06	26.81	101595.20	1836	0	CharlieHolbrow	
699	0:06:56	1/1/2019 	409680	15.00	8.00	7.13	26.81	101595.80	97781	0	CharlieHolbrow	
700	0:06:56	1/1/2019 	409748	15.00	7.00	7.13	26.81	101595.80	2579	0	CharlieHolbrow	
701	0:06:56	1/1/2019 	409821	15.00	7.00	7.13	26.81	101595.80	3942	0	CharlieHolbrow	
702	0:06:56	1/1/2019 	410033	16.00	25.00	7.09	26.81	101595.80	1834	0	CharlieHolbrow	
703	0:06:59	1/1/2019 	412069	15.00	7.00	7.13	26.82	101597.76	97779	0	CharlieHolbrow	
704	0:06:59	1/1/2019 	412275	15.00	8.00	7.13	26.82	101598.33	1833	0	CharlieHolbrow	
705	0:06:59	1/1/2019 	412311	13.00	8.00	7.29	26.82	101598.33	1833	0	CharlieHolbrow	
706	0:07:01	1/1/2019 	414279	22.00	108.00	6.76	26.83	101599.86	97780	0	CharlieHolbrow	
707	0:07:01	1/1/2019 	414454	16.00	8.00	7.06	26.83	101599.86	3802	0	CharlieHolbrow	
708	0:07:02	1/1/2019 	415670	15.00	7.00	7.13	26.83	101601.22	97778	0	CharlieHolbrow	
709	0:07:03	1/1/2019 	416091	16.00	14.00	7.08	26.83	101601.39	1835	0	CharlieHolbrow	
710	0:07:04	1/1/2019 	417137	15.00	7.00	7.13	26.84	101602.75	49807	0	CharlieHolbrow	
711	0:07:04	1/1/2019 	417816	21.00	71.00	6.79	26.84	101603.35	49806	0	CharlieHolbrow	
712	0:07:04	1/1/2019 	417917	16.00	8.00	7.06	26.84	101603.35	1834	0	CharlieHolbrow	
713	0:07:05	1/1/2019 	418689	15.00	7.00	7.13	26.84	101603.95	51772	0	CharlieHolbrow	
714	0:07:08	1/1/2019 	421279	20.00	101.00	6.87	26.85	101606.05	97778	0	CharlieHolbrow	
715	0:07:09	1/1/2019 	422315	16.00	8.00	7.06	26.85	101607.25	50552	0	CharlieHolbrow	
716	0:07:09	1/1/2019 	422773	16.00	7.00	7.06	26.85	101607.25	49807	0	CharlieHolbrow	
717	0:07:11	1/1/2019 	424185	15.00	7.00	7.13	26.86	101608.45	49805	0	CharlieHolbrow	
718	0:07:11	1/1/2019 	424261	16.00	8.00	7.06	26.86	101608.45	1835	0	CharlieHolbrow	
719	0:07:11	1/1/2019 	424500	37.00	408.00	6.26	26.86	101609.22	3941	0	CharlieHolbrow	
720	0:07:12	1/1/2019 	425078	18.00	43.00	6.97	26.86	101609.22	49836	0	CharlieHolbrow	
721	0:07:13	1/1/2019 	427029	15.00	8.00	7.13	26.87	101610.98	97777	0	CharlieHolbrow	
722	0:07:14	1/1/2019 	427171	15.00	8.00	7.13	26.87	101610.98	1834	0	CharlieHolbrow	
723	0:07:14	1/1/2019 	427364	26.00	132.00	6.56	26.87	101611.31	1835	0	CharlieHolbrow	
724	0:07:15	1/1/2019 	428130	16.00	10.00	7.07	26.87	101611.91	49805	0	CharlieHolbrow	
725	0:07:15	1/1/2019 	428927	24.00	141.00	6.67	26.87	101612.52	51775	0	CharlieHolbrow	
726	0:07:16	1/1/2019 	429233	20.00	89.00	6.86	26.87	101612.52	1835	1	CharlieHolbrow	
727	0:07:16	1/1/2019 	429912	15.00	8.00	7.13	26.88	101613.11	49806	0	CharlieHolbrow	
728	0:07:17	1/1/2019 	430429	15.00	8.00	7.13	26.88	101613.71	2578	0	CharlieHolbrow	
729	0:07:17	1/1/2019 	430559	20.00	71.00	6.85	26.88	101613.71	49805	1	CharlieHolbrow	
730	0:07:17	1/1/2019 	430858	15.00	8.00	7.13	26.88	101614.31	1835	0	CharlieHolbrow	
731	0:07:18	1/1/2019 	431365	15.00	8.00	7.13	26.88	101614.48	3942	0	CharlieHolbrow	
732	0:07:18	1/1/2019 	431608	19.00	41.00	6.90	26.88	101614.48	49803	0	CharlieHolbrow	
733	0:07:19	1/1/2019 	432095	16.00	14.00	7.08	26.88	101614.91	1835	0	CharlieHolbrow	
734	0:07:19	1/1/2019 	433040	10.00	7.00	7.53	26.89	101615.84	49804	0	CharlieHolbrow	
735	0:07:20	1/1/2019 	433370	16.00	8.00	7.06	26.89	101616.41	1834	0	CharlieHolbrow	
736	0:07:21	1/1/2019 	434423	16.00	9.00	7.07	26.89	101617.34	49805	0	CharlieHolbrow	
737	0:07:22	1/1/2019 	435088	24.00	150.00	6.68	26.89	101617.94	51771	1	CharlieHolbrow	
738	0:07:22	1/1/2019 	435132	22.00	97.00	6.75	26.89	101617.94	1835	0	CharlieHolbrow	
739	0:07:22	1/1/2019 	435848	17.00	24.00	7.02	26.90	101618.70	49803	0	CharlieHolbrow	
740	0:07:23	1/1/2019 	436412	47.00	745.00	6.20	26.90	101619.30	1835	1	CharlieHolbrow	
741	0:07:23	1/1/2019 	436492	15.00	8.00	7.13	26.90	101619.30	1836	0	CharlieHolbrow	
742	0:07:23	1/1/2019 	436614	27.00	206.00	6.55	26.90	101619.30	49805	0	CharlieHolbrow	
743	0:07:24	1/1/2019 	437314	17.00	25.00	7.02	26.90	101619.47	3801	0	CharlieHolbrow	
744	0:07:25	1/1/2019 	438128	15.00	7.00	7.13	26.90	101620.23	49804	0	CharlieHolbrow	
745	0:07:25	1/1/2019 	438178	16.00	7.00	7.06	26.90	101620.23	1835	0	CharlieHolbrow	
746	0:07:25	1/1/2019 	438434	23.00	114.00	6.71	26.91	101621.00	1833	1	CharlieHolbrow	
747	0:07:25	1/1/2019 	438475	16.00	12.00	7.07	26.91	101621.00	1835	0	CharlieHolbrow	
748	0:07:25	1/1/2019 	438993	15.00	7.00	7.13	26.91	101621.17	49804	0	CharlieHolbrow	
749	0:07:27	1/1/2019 	440301	15.00	8.00	7.13	26.91	101622.10	51770	0	CharlieHolbrow	
750	0:07:29	1/1/2019 	442848	15.00	8.00	7.13	26.92	101625.04	146490	0	CharlieHolbrow	
751	0:07:30	1/1/2019 	443594	15.00	7.00	7.13	26.92	101625.80	49804	0	CharlieHolbrow	
752	0:07:31	1/1/2019 	444549	16.00	14.00	7.08	26.92	101626.40	49805	0	CharlieHolbrow	
753	0:07:31	1/1/2019 	444938	18.00	31.00	6.96	26.92	101626.73	1836	0	CharlieHolbrow	
754	0:07:32	1/1/2019 	445782	15.00	9.00	7.14	26.92	101627.17	49804	0	CharlieHolbrow	
755	0:07:32	1/1/2019 	445992	15.00	7.00	7.13	26.93	101627.77	3942	0	CharlieHolbrow	
756	0:07:33	1/1/2019 	446143	15.00	8.00	7.13	26.93	101627.77	1834	0	CharlieHolbrow	
757	0:07:33	1/1/2019 	446882	15.00	8.00	7.13	26.93	101628.70	49806	0	CharlieHolbrow	
758	0:07:33	1/1/2019 	446976	26.00	173.00	6.58	26.93	101628.70	1834	1	CharlieHolbrow	
759	0:07:34	1/1/2019 	447298	16.00	10.00	7.07	26.93	101628.70	1834	0	CharlieHolbrow	
760	0:07:34	1/1/2019 	447493	26.00	216.00	6.60	26.93	101629.03	1835	1	CharlieHolbrow	
761	0:07:34	1/1/2019 	447786	16.00	8.00	7.06	26.93	101629.03	51770	0	CharlieHolbrow	
762	0:07:34	1/1/2019 	447853	34.00	379.00	6.34	26.93	101629.03	1834	1	CharlieHolbrow	
763	0:07:36	1/1/2019 	449402	15.00	8.00	7.13	26.93	101630.90	49806	0	CharlieHolbrow	
764	0:07:36	1/1/2019 	449474	17.00	18.00	7.01	26.93	101630.90	1835	0	CharlieHolbrow	
765	0:07:36	1/1/2019 	449632	18.00	33.00	6.96	26.93	101630.90	49805	0	CharlieHolbrow	
766	0:07:37	1/1/2019 	450622	22.00	109.00	6.76	26.94	101631.63	52687	0	CharlieHolbrow	
767	0:07:38	1/1/2019 	451088	16.00	8.00	7.06	26.94	101632.23	1836	0	CharlieHolbrow	
768	0:07:38	1/1/2019 	451667	15.00	8.00	7.13	26.94	101632.23	49805	0	CharlieHolbrow	
769	0:07:39	1/1/2019 	452467	15.00	7.00	7.13	26.94	101633.00	1834	0	CharlieHolbrow	
770	0:07:39	1/1/2019 	452857	20.00	76.00	6.86	26.94	101633.00	49804	0	CharlieHolbrow	
771	0:07:39	1/1/2019 	452908	15.00	7.00	7.13	26.94	101633.59	1835	0	CharlieHolbrow	
772	0:07:40	1/1/2019 	453221	15.00	7.00	7.13	26.94	101633.59	3854	0	CharlieHolbrow	
773	0:07:40	1/1/2019 	453963	15.00	7.00	7.13	26.95	101634.53	49805	0	CharlieHolbrow	
774	0:07:41	1/1/2019 	454155	20.00	100.00	6.87	26.95	101634.53	1834	0	CharlieHolbrow	
775	0:07:41	1/1/2019 	454753	11.00	24.00	7.49	26.95	101635.12	49808	0	CharlieHolbrow	
776	0:07:42	1/1/2019 	455324	16.00	8.00	7.06	26.95	101635.89	1839	0	CharlieHolbrow	
777	0:07:42	1/1/2019 	455751	15.00	8.00	7.13	26.95	101636.23	49805	0	CharlieHolbrow	
778	0:07:42	1/1/2019 	455989	17.00	15.00	7.01	26.95	101636.66	3800	0	CharlieHolbrow	
779	0:07:43	1/1/2019 	456186	16.00	13.00	7.08	26.95	101636.66	1834	0	CharlieHolbrow	
780	0:07:43	1/1/2019 	456456	22.00	103.00	6.75	26.95	101636.83	1834	1	CharlieHolbrow	
781	0:07:43	1/1/2019 	456730	29.00	140.00	6.43	26.95	101636.83	49806	1	CharlieHolbrow	
782	0:07:44	1/1/2019 	457385	16.00	8.00	7.06	26.96	101637.39	1835	0	CharlieHolbrow	
783	0:07:46	1/1/2019 	459068	24.00	157.00	6.68	26.96	101639.36	97775	1	CharlieHolbrow	
784	0:07:46	1/1/2019 	459470	32.00	314.00	6.38	26.96	101639.53	3802	1	CharlieHolbrow	
785	0:07:47	1/1/2019 	460401	14.00	8.00	7.21	26.97	101640.30	49806	0	CharlieHolbrow	
786	0:07:48	1/1/2019 	461315	15.00	8.00	7.13	26.97	101640.89	50550	0	CharlieHolbrow	
787	0:07:48	1/1/2019 	461319	16.00	8.00	7.06	26.97	101640.89	1835	0	CharlieHolbrow	
788	0:07:48	1/1/2019 	461915	15.00	8.00	7.13	26.97	101641.49	49803	0	CharlieHolbrow	
789	0:07:49	1/1/2019 	462093	22.00	135.00	6.78	26.97	101641.49	1833	1	CharlieHolbrow	
790	0:07:51	1/1/2019 	464372	20.00	77.00	6.86	26.98	101643.36	99883	0	CharlieHolbrow	
791	0:07:51	1/1/2019 	464480	16.00	7.00	7.06	26.98	101644.09	1835	0	CharlieHolbrow	
792	0:07:51	1/1/2019 	464953	22.00	116.00	6.76	26.98	101644.52	49805	1	CharlieHolbrow	
793	0:07:52	1/1/2019 	465659	17.00	15.00	7.01	26.98	101644.69	49805	0	CharlieHolbrow	
794	0:07:52	1/1/2019 	465762	15.00	7.00	7.13	26.98	101644.69	1835	0	CharlieHolbrow	
795	0:07:53	1/1/2019 	466076	18.00	30.00	6.96	26.98	101645.12	1835	0	CharlieHolbrow	
796	0:07:54	1/1/2019 	467592	15.00	7.00	7.13	26.99	101646.48	99744	0	CharlieHolbrow	
797	0:07:55	1/1/2019 	468474	14.00	8.00	7.21	26.99	101647.25	1834	0	CharlieHolbrow	
798	0:07:55	1/1/2019 	468597	15.00	8.00	7.13	26.99	101647.25	49804	0	CharlieHolbrow	
799	0:07:56	1/1/2019 	469153	15.00	7.00	7.13	26.99	101647.42	1834	0	CharlieHolbrow	
800	0:07:57	1/1/2019 	470203	16.00	10.00	7.07	27.00	101648.78	49806	0	CharlieHolbrow	
801	0:07:57	1/1/2019 	470577	16.00	9.00	7.07	27.00	101648.95	50552	0	CharlieHolbrow	
802	0:07:57	1/1/2019 	470621	17.00	9.00	7.00	27.00	101648.95	3995	0	CharlieHolbrow	
803	0:07:58	1/1/2019 	471452	15.00	8.00	7.13	27.00	101649.78	1833	0	CharlieHolbrow	
804	0:08:01	1/1/2019 	474262	16.00	10.00	7.07	27.01	101652.08	145748	0	CharlieHolbrow	
805	0:08:01	1/1/2019 	474897	16.00	8.00	7.06	27.01	101652.42	49806	0	CharlieHolbrow	
806	0:08:02	1/1/2019 	475266	15.00	7.00	7.13	27.01	101653.02	1834	0	CharlieHolbrow	
807	0:08:02	1/1/2019 	475376	16.00	7.00	7.06	27.01	101653.02	1835	0	CharlieHolbrow	
808	0:08:02	1/1/2019 	475668	15.00	7.00	7.13	27.01	101653.19	51770	0	CharlieHolbrow	
809	0:08:03	1/1/2019 	476192	16.00	11.00	7.07	27.01	101653.95	1834	0	CharlieHolbrow	
810	0:08:03	1/1/2019 	476985	29.00	273.00	6.48	27.02	101654.72	49806	1	CharlieHolbrow	
811	0:08:03	1/1/2019 	476990	16.00	8.00	7.06	27.02	101654.72	1835	0	CharlieHolbrow	
812	0:08:04	1/1/2019 	477613	15.00	8.00	7.13	27.02	101654.72	49803	0	CharlieHolbrow	
813	0:08:06	1/1/2019 	479889	15.00	8.00	7.13	27.02	101656.42	97776	0	CharlieHolbrow	
814	0:08:06	1/1/2019 	479984	21.00	68.00	6.79	27.02	101657.16	4717	0	CharlieHolbrow	
815	0:08:07	1/1/2019 	480418	15.00	8.00	7.13	27.02	101657.16	1835	0	CharlieHolbrow	
816	0:08:08	1/1/2019 	481830	15.00	8.00	7.13	27.03	101658.52	97780	0	CharlieHolbrow	
817	0:08:08	1/1/2019 	481854	38.00	470.00	6.25	27.03	101658.52	1835	1	CharlieHolbrow	
818	0:08:10	1/1/2019 	483229	15.00	7.00	7.13	27.03	101659.45	49807	0	CharlieHolbrow	
819	0:08:11	1/1/2019 	484223	16.00	15.00	7.08	27.03	101660.05	49806	0	CharlieHolbrow	
820	0:08:11	1/1/2019 	484294	18.00	34.00	6.96	27.03	101660.05	3802	0	CharlieHolbrow	
821	0:08:11	1/1/2019 	484647	15.00	8.00	7.13	27.04	101660.48	49807	0	CharlieHolbrow	
822	0:08:11	1/1/2019 	484675	15.00	8.00	7.13	27.04	101660.48	1834	0	CharlieHolbrow	
823	0:08:12	1/1/2019 	485069	15.00	7.00	7.13	27.04	101661.08	1834	0	CharlieHolbrow	
824	0:08:12	1/1/2019 	485480	16.00	8.00	7.06	27.04	101661.08	1835	0	CharlieHolbrow	
825	0:08:12	1/1/2019 	485487	16.00	9.00	7.07	27.04	101661.08	1833	0	CharlieHolbrow	
826	0:08:12	1/1/2019 	485766	19.00	49.00	6.90	27.04	101661.08	51774	0	CharlieHolbrow	
827	0:08:12	1/1/2019 	486045	26.00	151.00	6.57	27.04	101661.52	1834	0	CharlieHolbrow	
828	0:08:13	1/1/2019 	486139	15.00	7.00	7.13	27.04	101661.52	1835	0	CharlieHolbrow	
829	0:08:13	1/1/2019 	486620	15.00	8.00	7.13	27.04	101661.84	49806	0	CharlieHolbrow	
830	0:08:13	1/1/2019 	486979	17.00	19.00	7.02	27.04	101662.45	1834	0	CharlieHolbrow	
831	0:08:14	1/1/2019 	488053	35.00	397.00	6.32	27.05	101663.34	49806	1	CharlieHolbrow	
832	0:08:15	1/1/2019 	488465	15.00	8.00	7.13	27.05	101663.34	3802	0	CharlieHolbrow	
833	0:08:16	1/1/2019 	489647	15.00	8.00	7.13	27.05	101664.72	97782	0	CharlieHolbrow	
834	0:08:17	1/1/2019 	490856	15.00	7.00	7.13	27.05	101665.31	50551	0	CharlieHolbrow	
835	0:08:18	1/1/2019 	491251	15.00	7.00	7.13	27.06	101666.08	1835	0	CharlieHolbrow	
836	0:08:18	1/1/2019 	491775	16.00	8.00	7.06	27.06	101666.67	49805	0	CharlieHolbrow	
837	0:08:18	1/1/2019 	492033	23.00	132.00	6.72	27.06	101666.84	1834	1	CharlieHolbrow	
838	0:08:19	1/1/2019 	492313	16.00	10.00	7.07	27.06	101666.84	3943	0	CharlieHolbrow	
839	0:08:19	1/1/2019 	492432	21.00	64.00	6.79	27.06	101666.84	1834	0	CharlieHolbrow	
840	0:08:19	1/1/2019 	492795	17.00	22.00	7.02	27.06	101667.28	49806	0	CharlieHolbrow	
841	0:08:21	1/1/2019 	494256	15.00	7.00	7.13	27.06	101668.20	49807	0	CharlieHolbrow	
842	0:08:21	1/1/2019 	494576	21.00	62.00	6.79	27.07	101668.81	49806	0	CharlieHolbrow	
843	0:08:21	1/1/2019 	495010	15.00	7.00	7.13	27.07	101669.55	1834	0	CharlieHolbrow	
844	0:08:23	1/1/2019 	496496	16.00	10.00	7.07	27.07	101670.31	51771	0	CharlieHolbrow	
845	0:08:24	1/1/2019 	497348	15.00	8.00	7.13	27.07	101671.08	49807	0	CharlieHolbrow	
846	0:08:24	1/1/2019 	497925	15.00	7.00	7.13	27.07	101671.41	49805	0	CharlieHolbrow	
847	0:08:25	1/1/2019 	498408	27.00	226.00	6.55	27.08	101672.02	1834	1	CharlieHolbrow	
848	0:08:25	1/1/2019 	498741	16.00	7.00	7.06	27.08	101672.02	49807	0	CharlieHolbrow	
849	0:08:26	1/1/2019 	499279	15.00	7.00	7.13	27.08	101672.78	1834	0	CharlieHolbrow	
850	0:08:26	1/1/2019 	499284	23.00	113.00	6.71	27.08	101672.78	3801	1	CharlieHolbrow	
851	0:08:29	1/1/2019 	502156	22.00	101.00	6.75	27.09	101675.08	145752	0	CharlieHolbrow	
852	0:08:30	1/1/2019 	503071	19.00	56.00	6.91	27.09	101675.81	50553	0	CharlieHolbrow	
853	0:08:31	1/1/2019 	504217	16.00	10.00	7.07	27.09	101676.84	49807	0	CharlieHolbrow	
854	0:08:31	1/1/2019 	504819	28.00	225.00	6.51	27.09	101677.17	49807	0	CharlieHolbrow	
855	0:08:32	1/1/2019 	505685	15.00	8.00	7.13	27.10	101678.20	49807	0	CharlieHolbrow	
856	0:08:33	1/1/2019 	506394	16.00	15.00	7.08	27.10	101678.38	3945	0	CharlieHolbrow	
857	0:08:33	1/1/2019 	506477	15.00	7.00	7.13	27.10	101678.38	1843	0	CharlieHolbrow	
858	0:08:33	1/1/2019 	506818	15.00	8.00	7.13	27.10	101678.38	49813	0	CharlieHolbrow	
859	0:08:34	1/1/2019 	507453	21.00	115.00	6.82	27.10	101679.14	1840	0	CharlieHolbrow	
860	0:08:34	1/1/2019 	507466	24.00	138.00	6.67	27.10	101679.14	1836	0	CharlieHolbrow	
861	0:08:35	1/1/2019 	508892	14.00	7.00	7.21	27.11	101680.34	97777	0	CharlieHolbrow	
862	0:08:35	1/1/2019 	508936	24.00	148.00	6.67	27.11	101680.34	3801	1	CharlieHolbrow	
863	0:08:35	1/1/2019 	508995	32.00	339.00	6.39	27.11	101680.34	1834	1	CharlieHolbrow	
864	0:08:36	1/1/2019 	509120	19.00	54.00	6.91	27.11	101680.34	1835	0	CharlieHolbrow	
865	0:08:37	1/1/2019 	510081	15.00	7.00	7.13	27.11	101681.11	49809	0	CharlieHolbrow	
866	0:08:37	1/1/2019 	510362	34.00	354.00	6.33	27.11	101681.11	2580	1	CharlieHolbrow	
867	0:08:37	1/1/2019 	510709	16.00	9.00	7.07	27.11	101681.67	51915	0	CharlieHolbrow	
868	0:08:37	1/1/2019 	510870	16.00	8.00	7.06	27.11	101681.67	1833	0	CharlieHolbrow	
869	0:08:39	1/1/2019 	512396	26.00	200.00	6.59	27.11	101682.27	49805	1	CharlieHolbrow	
870	0:08:40	1/1/2019 	513086	16.00	7.00	7.06	27.12	101683.14	49808	0	CharlieHolbrow	
871	0:08:41	1/1/2019 	514121	21.00	96.00	6.81	27.12	101684.06	49807	0	CharlieHolbrow	
872	0:08:41	1/1/2019 	514800	20.00	69.00	6.85	27.12	101684.57	49809	0	CharlieHolbrow	
873	0:08:41	1/1/2019 	515005	15.00	7.00	7.13	27.12	101684.57	3799	0	CharlieHolbrow	
874	0:08:43	1/1/2019 	516069	14.00	7.00	7.21	27.13	101685.94	49807	0	CharlieHolbrow	
875	0:08:44	1/1/2019 	517764	16.00	8.00	7.06	27.13	101686.70	97781	0	CharlieHolbrow	
876	0:08:44	1/1/2019 	517788	24.00	145.00	6.67	27.13	101686.70	1835	0	CharlieHolbrow	
877	0:08:44	1/1/2019 	518031	16.00	8.00	7.06	27.13	101686.70	1835	0	CharlieHolbrow	
878	0:08:45	1/1/2019 	518114	15.00	7.00	7.13	27.13	101687.47	1833	0	CharlieHolbrow	
879	0:08:46	1/1/2019 	519187	15.00	7.00	7.13	27.13	101688.20	51774	0	CharlieHolbrow	
880	0:08:46	1/1/2019 	519744	20.00	71.00	6.85	27.14	101688.64	49809	1	CharlieHolbrow	
881	0:08:46	1/1/2019 	519753	17.00	14.00	7.01	27.14	101688.64	2799	0	CharlieHolbrow	
882	0:08:46	1/1/2019 	519912	24.00	131.00	6.66	27.14	101688.64	1834	0	CharlieHolbrow	
883	0:08:47	1/1/2019 	520861	15.00	7.00	7.13	27.14	101689.41	49805	0	CharlieHolbrow	
884	0:08:49	1/1/2019 	522304	22.00	118.00	6.77	27.14	101690.17	49807	1	CharlieHolbrow	
885	0:08:49	1/1/2019 	522381	25.00	133.00	6.61	27.14	101690.17	3943	0	CharlieHolbrow	
886	0:08:49	1/1/2019 	522895	16.00	10.00	7.07	27.14	101690.17	49807	0	CharlieHolbrow	
887	0:08:49	1/1/2019 	522975	29.00	267.00	6.48	27.14	101690.17	1833	0	CharlieHolbrow	
888	0:08:50	1/1/2019 	523395	16.00	8.00	7.06	27.14	101690.60	1835	0	CharlieHolbrow	
889	0:08:50	1/1/2019 	523874	36.00	370.00	6.27	27.14	101690.94	49808	1	CharlieHolbrow	
890	0:08:51	1/1/2019 	524109	16.00	8.00	7.06	27.15	101691.53	1835	0	CharlieHolbrow	
891	0:08:51	1/1/2019 	524582	15.00	8.00	7.13	27.15	101691.53	51828	0	CharlieHolbrow	
892	0:08:51	1/1/2019 	524650	16.00	10.00	7.07	27.15	101691.53	1835	0	CharlieHolbrow	
893	0:08:51	1/1/2019 	524675	19.00	43.00	6.90	27.15	101691.53	1834	1	CharlieHolbrow	
894	0:08:52	1/1/2019 	525244	15.00	11.00	7.14	27.15	101691.97	1835	0	CharlieHolbrow	
895	0:08:52	1/1/2019 	525635	16.00	7.00	7.06	27.15	101691.97	49807	0	CharlieHolbrow	
896	0:08:52	1/1/2019 	525803	15.00	8.00	7.13	27.15	101691.97	1834	0	CharlieHolbrow	
897	0:08:52	1/1/2019 	526016	17.00	11.00	7.00	27.15	101691.97	3799	0	CharlieHolbrow	
898	0:08:54	1/1/2019 	527478	15.00	8.00	7.13	27.15	101693.33	49807	0	CharlieHolbrow	
899	0:08:54	1/1/2019 	527832	15.00	8.00	7.13	27.16	101693.90	49808	0	CharlieHolbrow	
900	0:08:56	1/1/2019 	529210	25.00	184.00	6.64	27.16	101694.83	49807	1	CharlieHolbrow	
901	0:08:56	1/1/2019 	529259	16.00	8.00	7.06	27.16	101694.83	1836	0	CharlieHolbrow	
902	0:08:56	1/1/2019 	529312	16.00	8.00	7.06	27.16	101694.83	1833	0	CharlieHolbrow	
903	0:08:56	1/1/2019 	529652	23.00	133.00	6.72	27.16	101695.27	51774	0	CharlieHolbrow	
904	0:08:56	1/1/2019 	529726	21.00	81.00	6.80	27.16	101695.27	2800	0	CharlieHolbrow	
905	0:08:56	1/1/2019 	529834	22.00	96.00	6.75	27.16	101695.27	1834	0	CharlieHolbrow	
906	0:08:56	1/1/2019 	529911	22.00	34.00	6.72	27.16	101695.27	1834	0	CharlieHolbrow	
907	0:08:59	1/1/2019 	532350	16.00	8.00	7.06	27.17	101697.23	97780	0	CharlieHolbrow	
908	0:08:59	1/1/2019 	532853	15.00	8.00	7.13	27.17	101697.56	49807	0	CharlieHolbrow	
909	0:08:59	1/1/2019 	532963	36.00	348.00	6.26	27.17	101697.56	3961	0	CharlieHolbrow	
910	0:09:00	1/1/2019 	533132	32.00	352.00	6.40	27.17	101698.33	1835	1	CharlieHolbrow	
911	0:09:00	1/1/2019 	533261	17.00	26.00	7.02	27.17	101698.33	1836	0	CharlieHolbrow	
912	0:09:00	1/1/2019 	533614	21.00	73.00	6.79	27.17	101698.50	49808	0	CharlieHolbrow	
913	0:09:01	1/1/2019 	534137	16.00	8.00	7.06	27.17	101699.10	1834	0	CharlieHolbrow	
914	0:09:02	1/1/2019 	535296	16.00	10.00	7.07	27.18	101699.87	49808	0	CharlieHolbrow	
915	0:09:02	1/1/2019 	535689	16.00	8.00	7.06	27.18	101700.20	51796	0	CharlieHolbrow	
916	0:09:03	1/1/2019 	536204	16.00	9.00	7.07	27.18	101700.77	1834	0	CharlieHolbrow	
917	0:09:03	1/1/2019 	536594	17.00	16.00	7.01	27.18	101700.77	49807	0	CharlieHolbrow	
918	0:09:04	1/1/2019 	537096	16.00	14.00	7.08	27.18	101700.93	1834	0	CharlieHolbrow	
919	0:09:04	1/1/2019 	537763	17.00	13.00	7.01	27.18	101701.70	49808	0	CharlieHolbrow	
920	0:09:05	1/1/2019 	538186	22.00	133.00	6.78	27.18	101702.30	1834	1	CharlieHolbrow	
921	0:09:06	1/1/2019 	539189	17.00	21.00	7.02	27.18	101702.80	51795	0	CharlieHolbrow	
922	0:09:06	1/1/2019 	539207	24.00	141.00	6.67	27.18	101702.80	1836	0	CharlieHolbrow	
923	0:09:06	1/1/2019 	539649	16.00	8.00	7.06	27.19	101703.40	49808	0	CharlieHolbrow	
924	0:09:06	1/1/2019 	539671	16.00	8.00	7.06	27.19	101703.40	2799	0	CharlieHolbrow	
925	0:09:06	1/1/2019 	539949	15.00	9.00	7.14	27.19	101703.40	1834	0	CharlieHolbrow	
926	0:09:07	1/1/2019 	540138	15.00	8.00	7.13	27.19	101703.56	1834	0	CharlieHolbrow	
927	0:09:07	1/1/2019 	540203	15.00	7.00	7.13	27.19	101703.56	3962	0	CharlieHolbrow	
928	0:09:07	1/1/2019 	540858	15.00	7.00	7.13	27.19	101704.50	49807	0	CharlieHolbrow	
929	0:09:08	1/1/2019 	541092	16.00	15.00	7.08	27.19	101704.50	1834	1	CharlieHolbrow	
930	0:09:08	1/1/2019 	541345	15.00	7.00	7.13	27.19	101704.50	1835	0	CharlieHolbrow	
931	0:09:10	1/1/2019 	543202	15.00	8.00	7.13	27.19	101705.70	97779	0	CharlieHolbrow	
932	0:09:10	1/1/2019 	543363	16.00	10.00	7.07	27.19	101705.70	1835	0	CharlieHolbrow	
933	0:09:10	1/1/2019 	543393	21.00	92.00	6.81	27.19	101705.70	3821	0	CharlieHolbrow	
934	0:09:11	1/1/2019 	544897	15.00	8.00	7.13	27.20	101706.62	97782	0	CharlieHolbrow	
935	0:09:12	1/1/2019 	545261	37.00	472.00	6.28	27.20	101707.03	1839	0	CharlieHolbrow	
936	0:09:12	1/1/2019 	545449	16.00	8.00	7.06	27.20	101707.03	1836	0	CharlieHolbrow	
937	0:09:12	1/1/2019 	546006	15.00	8.00	7.13	27.20	101707.20	49807	0	CharlieHolbrow	
938	0:09:15	1/1/2019 	548591	14.00	8.00	7.21	27.21	101709.00	145755	0	CharlieHolbrow	
939	0:09:16	1/1/2019 	549133	24.00	153.00	6.68	27.20	101707.86	149832	0	CharlieHolbrow	
940	0:09:16	1/1/2019 	549596	24.00	150.00	6.68	27.20	101708.47	49811	0	CharlieHolbrow	
941	0:09:17	1/1/2019 	550833	27.00	217.00	6.55	27.20	101709.39	50774	0	CharlieHolbrow	
942	0:09:17	1/1/2019 	550993	16.00	8.00	7.06	27.20	101709.39	1836	0	CharlieHolbrow	
943	0:09:18	1/1/2019 	551162	17.00	16.00	7.01	27.21	101710.00	1834	0	CharlieHolbrow	
944	0:09:18	1/1/2019 	551257	16.00	10.00	7.07	27.21	101710.00	1835	0	CharlieHolbrow	
945	0:09:18	1/1/2019 	551755	15.00	7.00	7.13	27.21	101710.59	51908	0	CharlieHolbrow	
946	0:09:19	1/1/2019 	552457	15.00	7.00	7.13	27.21	101710.59	1833	0	CharlieHolbrow	
947	0:09:21	1/1/2019 	554204	17.00	31.00	7.03	27.22	101712.73	97780	0	CharlieHolbrow	
948	0:09:22	1/1/2019 	555800	15.00	11.00	7.14	27.22	101713.73	97780	0	CharlieHolbrow	
949	0:09:23	1/1/2019 	556365	15.00	20.00	7.16	27.22	101713.89	1835	0	CharlieHolbrow	
950	0:09:23	1/1/2019 	556673	23.00	125.00	6.71	27.22	101714.33	49807	1	CharlieHolbrow	
951	0:09:23	1/1/2019 	556828	16.00	12.00	7.07	27.22	101714.33	3801	0	CharlieHolbrow	
952	0:09:24	1/1/2019 	557299	15.00	7.00	7.13	27.22	101714.50	1835	0	CharlieHolbrow	
953	0:09:24	1/1/2019 	557773	29.00	236.00	6.47	27.23	101714.92	49806	0	CharlieHolbrow	
954	0:09:24	1/1/2019 	558003	16.00	8.00	7.06	27.23	101714.92	1834	0	CharlieHolbrow	
955	0:09:25	1/1/2019 	558121	23.00	148.00	6.73	27.23	101714.92	1833	0	CharlieHolbrow	
956	0:09:25	1/1/2019 	559021	19.00	54.00	6.91	27.23	101715.70	49808	0	CharlieHolbrow	
957	0:09:27	1/1/2019 	560769	15.00	8.00	7.13	27.23	101716.73	99746	0	CharlieHolbrow	
958	0:09:27	1/1/2019 	560847	18.00	24.00	6.95	27.23	101716.73	2800	0	CharlieHolbrow	
959	0:09:28	1/1/2019 	561930	18.00	54.00	6.97	27.24	101717.92	49807	0	CharlieHolbrow	
960	0:09:29	1/1/2019 	562138	20.00	90.00	6.87	27.24	101717.92	1836	0	CharlieHolbrow	
961	0:09:30	1/1/2019 	563874	15.00	8.00	7.13	27.24	101719.03	97781	0	CharlieHolbrow	
962	0:09:31	1/1/2019 	564464	16.00	8.00	7.06	27.24	101719.42	3940	0	CharlieHolbrow	
963	0:09:33	1/1/2019 	566203	16.00	18.00	7.08	27.25	101720.80	97778	0	CharlieHolbrow	
964	0:09:33	1/1/2019 	566639	18.00	26.00	6.96	27.25	101720.80	49808	0	CharlieHolbrow	
965	0:09:34	1/1/2019 	567748	15.00	8.00	7.13	27.25	101721.73	49806	0	CharlieHolbrow	
966	0:09:34	1/1/2019 	567932	15.00	7.00	7.13	27.25	101721.73	1835	0	CharlieHolbrow	
967	0:09:34	1/1/2019 	568045	25.00	143.00	6.62	27.25	101721.73	1834	0	CharlieHolbrow	
968	0:09:35	1/1/2019 	568484	36.00	415.00	6.29	27.25	101722.33	3799	1	CharlieHolbrow	
969	0:09:36	1/1/2019 	569602	15.00	7.00	7.13	27.25	101722.49	97783	0	CharlieHolbrow	
970	0:09:36	1/1/2019 	569821	21.00	71.00	6.79	27.26	101723.09	2799	0	CharlieHolbrow	
971	0:09:38	1/1/2019 	571342	21.00	96.00	6.81	27.26	101724.02	49808	1	CharlieHolbrow	
972	0:09:38	1/1/2019 	571849	19.00	48.00	6.90	27.26	101724.62	49808	0	CharlieHolbrow	
973	0:09:39	1/1/2019 	572738	20.00	84.00	6.86	27.27	101725.23	49811	1	CharlieHolbrow	
974	0:09:41	1/1/2019 	574731	20.00	80.00	6.86	27.27	101726.73	99886	1	CharlieHolbrow	
975	0:09:42	1/1/2019 	575225	15.00	8.00	7.13	27.27	101727.33	1836	0	CharlieHolbrow	
976	0:09:43	1/1/2019 	576682	34.00	401.00	6.35	27.28	101727.92	97779	1	CharlieHolbrow	
977	0:09:45	1/1/2019 	578678	16.00	8.00	7.06	27.28	101729.12	97781	0	CharlieHolbrow	
978	0:09:46	1/1/2019 	579766	15.00	8.00	7.13	27.28	101729.73	49812	0	CharlieHolbrow	
979	0:09:46	1/1/2019 	579820	24.00	169.00	6.69	27.28	101729.73	2798	1	CharlieHolbrow	
980	0:09:46	1/1/2019 	579997	15.00	8.00	7.13	27.28	101729.73	3941	0	CharlieHolbrow	
981	0:09:47	1/1/2019 	580443	16.00	8.00	7.06	27.29	101730.16	1834	0	CharlieHolbrow	
982	0:09:48	1/1/2019 	581606	19.00	61.00	6.91	27.29	101730.92	97779	0	CharlieHolbrow	
983	0:09:49	1/1/2019 	582276	16.00	9.00	7.07	27.29	101731.66	1836	0	CharlieHolbrow	
984	0:09:52	1/1/2019 	585142	16.00	16.00	7.08	27.30	101733.80	145749	0	CharlieHolbrow	
985	0:09:52	1/1/2019 	585354	26.00	194.00	6.59	27.30	101734.12	1838	1	CharlieHolbrow	
986	0:09:52	1/1/2019 	585901	15.00	7.00	7.13	27.30	101734.89	178806	0	CharlieHolbrow	
987	0:09:53	1/1/2019 	586465	15.00	7.00	7.13	27.30	101735.22	1835	0	CharlieHolbrow	
988	0:09:53	1/1/2019 	586744	19.00	47.00	6.90	27.30	101735.22	49805	1	CharlieHolbrow	
989	0:09:53	1/1/2019 	586779	15.00	7.00	7.13	27.30	101735.66	1833	0	CharlieHolbrow	
990	0:09:54	1/1/2019 	587913	15.00	7.00	7.13	27.31	101736.59	49804	0	CharlieHolbrow	
991	0:09:55	1/1/2019 	588690	15.00	7.00	7.13	27.31	101736.59	49806	0	CharlieHolbrow	
992	0:09:56	1/1/2019 	589295	15.00	8.00	7.13	27.31	101737.53	3798	0	CharlieHolbrow	
993	0:09:57	1/1/2019 	590494	23.00	155.00	6.73	27.31	101738.12	49809	0	CharlieHolbrow	
994	0:09:57	1/1/2019 	590658	16.00	7.00	7.06	27.31	101738.12	50780	0	CharlieHolbrow	
995	0:09:57	1/1/2019 	590737	15.00	7.00	7.13	27.31	101738.12	1841	1	CharlieHolbrow	
996	0:09:58	1/1/2019 	591377	21.00	98.00	6.81	27.31	101739.03	1840	0	CharlieHolbrow	
997	0:09:58	1/1/2019 	591882	15.00	8.00	7.13	27.32	101739.46	49807	0	CharlieHolbrow	
998	0:09:59	1/1/2019 	592708	18.00	45.00	6.97	27.32	101739.62	51914	0	CharlieHolbrow	
999	0:09:59	1/1/2019 	592834	16.00	8.00	7.06	27.32	101740.23	1840	0	CharlieHolbrow	
1000	0:10:00	1/1/2019 	593305	15.00	7.00	7.13	27.32	101740.23	1833	0	CharlieHolbrow	
1001	0:10:00	1/1/2019 	593981	15.00	7.00	7.13	27.32	101740.66	49807	0	CharlieHolbrow	
1002	0:10:01	1/1/2019 	594577	15.00	8.00	7.13	27.32	101740.83	49806	0	CharlieHolbrow	
1003	0:10:02	1/1/2019 	595397	15.00	8.00	7.13	27.32	101741.26	1835	0	CharlieHolbrow	
1004	0:10:02	1/1/2019 	595591	16.00	8.00	7.06	27.32	101741.26	51772	0	CharlieHolbrow	
1005	0:10:02	1/1/2019 	595767	15.00	7.00	7.13	27.32	101741.26	1834	0	CharlieHolbrow	
1006	0:10:06	1/1/2019 	599068	19.00	83.00	6.92	27.33	101743.46	145748	1	CharlieHolbrow	
1007	0:10:09	1/1/2019 	602873	23.00	127.00	6.72	27.34	101746.42	193724	1	CharlieHolbrow	
1008	0:10:09	1/1/2019 	602944	16.00	8.00	7.06	27.34	101746.42	2802	0	CharlieHolbrow	
1009	0:10:10	1/1/2019 	603464	15.00	7.00	7.13	27.34	101746.86	1834	0	CharlieHolbrow	
1010	0:10:11	1/1/2019 	604131	15.00	8.00	7.13	27.34	101747.02	51912	0	CharlieHolbrow	
1011	0:10:11	1/1/2019 	604379	14.00	7.00	7.21	27.35	101747.62	1837	0	CharlieHolbrow	
1012	0:10:11	1/1/2019 	604846	15.00	7.00	7.13	27.35	101747.80	49811	0	CharlieHolbrow	
1013	0:10:12	1/1/2019 	605250	23.00	155.00	6.73	27.35	101747.80	1833	0	CharlieHolbrow	
1014	0:10:12	1/1/2019 	605828	27.00	226.00	6.55	27.35	101748.39	49808	0	CharlieHolbrow	
1015	0:10:13	1/1/2019 	606985	39.00	488.00	6.23	27.35	101748.83	49807	0	CharlieHolbrow	
1016	0:10:13	1/1/2019 	607022	15.00	7.00	7.13	27.35	101748.83	3854	0	CharlieHolbrow	
1017	0:10:13	1/1/2019 	607025	16.00	8.00	7.06	27.35	101748.83	1834	0	CharlieHolbrow	
1018	0:10:14	1/1/2019 	607274	15.00	8.00	7.13	27.35	101748.83	1833	0	CharlieHolbrow	
1019	0:10:15	1/1/2019 	608448	20.00	93.00	6.87	27.35	101749.42	49806	1	CharlieHolbrow	
1020	0:10:16	1/1/2019 	609203	15.00	8.00	7.13	27.36	101749.83	49807	0	CharlieHolbrow	
1021	0:10:16	1/1/2019 	609774	16.00	9.00	7.07	27.36	101749.99	49806	0	CharlieHolbrow	
1022	0:10:16	1/1/2019 	609895	17.00	13.00	7.01	27.36	101750.30	4915	0	CharlieHolbrow	
1023	0:10:17	1/1/2019 	610698	16.00	15.00	7.08	27.36	101750.30	49805	0	CharlieHolbrow	
1024	0:10:20	1/1/2019 	613199	16.00	8.00	7.06	27.37	101752.59	97774	0	CharlieHolbrow	
1025	0:10:22	1/1/2019 	615415	25.00	182.00	6.64	27.37	101754.62	97776	0	CharlieHolbrow	
1026	0:10:23	1/1/2019 	616182	19.00	54.00	6.91	27.37	101754.80	49810	0	CharlieHolbrow	
1027	0:10:23	1/1/2019 	616209	16.00	8.00	7.06	27.37	101754.80	3800	0	CharlieHolbrow	
1028	0:10:23	1/1/2019 	616889	21.00	94.00	6.81	27.37	101755.56	49804	1	CharlieHolbrow	
1029	0:10:24	1/1/2019 	617383	18.00	57.00	6.97	27.38	101756.33	1834	0	CharlieHolbrow	
1030	0:10:24	1/1/2019 	617709	37.00	414.00	6.26	27.38	101756.33	49805	1	CharlieHolbrow	
1031	0:10:24	1/1/2019 	617782	15.00	8.00	7.13	27.38	101756.33	1835	0	CharlieHolbrow	
1032	0:10:25	1/1/2019 	618093	15.00	8.00	7.13	27.38	101756.33	1833	0	CharlieHolbrow	
1033	0:10:25	1/1/2019 	618302	16.00	9.00	7.07	27.38	101756.33	3800	0	CharlieHolbrow	
1034	0:10:25	1/1/2019 	618433	22.00	112.00	6.76	27.38	101756.49	1834	1	CharlieHolbrow	
1035	0:10:25	1/1/2019 	618435	16.00	9.00	7.07	27.38	101756.49	1834	0	CharlieHolbrow	
1036	0:10:25	1/1/2019 	618454	17.00	23.00	7.02	27.38	101756.49	1834	0	CharlieHolbrow	
1037	0:10:25	1/1/2019 	618594	15.00	7.00	7.13	27.38	101756.49	49805	0	CharlieHolbrow	
1038	0:10:26	1/1/2019 	619580	15.00	7.00	7.13	27.38	101756.89	49805	0	CharlieHolbrow	
1039	0:10:26	1/1/2019 	619615	15.00	8.00	7.13	27.38	101756.89	4906	0	CharlieHolbrow	
1040	0:10:27	1/1/2019 	620093	15.00	8.00	7.13	27.38	101757.49	1833	0	CharlieHolbrow	
1041	0:10:27	1/1/2019 	620883	15.00	8.00	7.13	27.38	101758.09	49806	0	CharlieHolbrow	
1042	0:10:28	1/1/2019 	621359	15.00	8.00	7.13	27.38	101758.09	1834	0	CharlieHolbrow	
1043	0:10:29	1/1/2019 	622276	15.00	7.00	7.13	27.38	101758.09	49806	0	CharlieHolbrow	
1044	0:10:30	1/1/2019 	623076	18.00	54.00	6.97	27.39	101758.86	49807	0	CharlieHolbrow	
1045	0:10:30	1/1/2019 	623990	25.00	168.00	6.63	27.39	101759.46	176352	1	CharlieHolbrow	
1046	0:10:32	1/1/2019 	625821	15.00	8.00	7.13	27.39	101760.56	97778	0	CharlieHolbrow	
1047	0:10:32	1/1/2019 	625942	19.00	33.00	6.90	27.39	101761.16	1833	0	CharlieHolbrow	
1048	0:10:33	1/1/2019 	626277	15.00	7.00	7.13	27.39	101761.16	1834	0	CharlieHolbrow	
1049	0:10:33	1/1/2019 	626616	16.00	8.00	7.06	27.39	101761.33	49807	0	CharlieHolbrow	
1050	0:10:34	1/1/2019 	627187	21.00	113.00	6.82	27.40	101761.92	1834	1	CharlieHolbrow	
1051	0:10:34	1/1/2019 	627367	19.00	53.00	6.91	27.40	101762.09	3800	1	CharlieHolbrow	
1052	0:10:34	1/1/2019 	627914	15.00	7.00	7.13	27.40	101762.86	49806	0	CharlieHolbrow	
1053	0:10:35	1/1/2019 	628402	21.00	107.00	6.82	27.40	101762.86	1834	0	CharlieHolbrow	
1054	0:10:35	1/1/2019 	628686	15.00	7.00	7.13	27.40	101762.86	49805	0	CharlieHolbrow	
1055	0:10:36	1/1/2019 	629816	15.00	8.00	7.13	27.40	101763.59	49805	0	CharlieHolbrow	
1056	0:10:37	1/1/2019 	630141	23.00	162.00	6.74	27.40	101763.59	2800	1	CharlieHolbrow	
1057	0:10:37	1/1/2019 	631031	16.00	8.00	7.06	27.40	101764.36	51859	0	CharlieHolbrow	
1058	0:10:38	1/1/2019 	631693	19.00	80.00	6.92	27.41	101764.95	49804	0	CharlieHolbrow	
1059	0:10:38	1/1/2019 	632016	15.00	7.00	7.13	27.41	101765.56	1834	0	CharlieHolbrow	
1060	0:10:39	1/1/2019 	632290	15.00	8.00	7.13	27.41	101765.56	1834	0	CharlieHolbrow	
1061	0:10:39	1/1/2019 	632493	15.00	8.00	7.13	27.41	101765.56	1833	0	CharlieHolbrow	
1062	0:10:40	1/1/2019 	633097	15.00	8.00	7.13	27.41	101766.00	49805	0	CharlieHolbrow	
1063	0:10:40	1/1/2019 	633629	15.00	8.00	7.13	27.41	101766.16	53165	0	CharlieHolbrow	
1064	0:10:41	1/1/2019 	634093	17.00	11.00	7.00	27.41	101766.77	1834	0	CharlieHolbrow	
1065	0:10:41	1/1/2019 	634096	21.00	85.00	6.80	27.41	101766.77	1835	0	CharlieHolbrow	
1066	0:10:41	1/1/2019 	634722	16.00	8.00	7.06	27.41	101766.92	49804	0	CharlieHolbrow	
1067	0:10:41	1/1/2019 	634740	16.00	9.00	7.07	27.41	101766.92	1834	1	CharlieHolbrow	
1068	0:10:41	1/1/2019 	634905	23.00	106.00	6.70	27.42	101767.53	1835	0	CharlieHolbrow	
1069	0:10:42	1/1/2019 	635099	19.00	75.00	6.92	27.42	101767.53	3800	1	CharlieHolbrow	
1070	0:10:42	1/1/2019 	635936	16.00	7.00	7.06	27.42	101768.12	49809	0	CharlieHolbrow	
1071	0:10:43	1/1/2019 	636083	15.00	8.00	7.13	27.42	101768.12	1841	0	CharlieHolbrow	
1072	0:10:43	1/1/2019 	636867	15.00	8.00	7.13	27.42	101768.46	49811	0	CharlieHolbrow	
1073	0:10:45	1/1/2019 	638135	15.00	8.00	7.13	27.42	101769.96	49805	0	CharlieHolbrow	
1074	0:10:45	1/1/2019 	638303	35.00	378.00	6.31	27.42	101769.96	1834	1	CharlieHolbrow	
1075	0:10:45	1/1/2019 	638350	18.00	24.00	6.95	27.42	101769.96	3853	0	CharlieHolbrow	
1076	0:10:47	1/1/2019 	640364	16.00	11.00	7.07	27.43	101770.73	97775	0	CharlieHolbrow	
1077	0:10:48	1/1/2019 	641272	26.00	186.00	6.59	27.43	101771.33	50552	1	CharlieHolbrow	
1078	0:10:48	1/1/2019 	641571	17.00	21.00	7.02	27.43	101771.59	49807	0	CharlieHolbrow	
1079	0:10:49	1/1/2019 	642450	22.00	121.00	6.77	27.43	101772.20	1835	0	CharlieHolbrow	
1080	0:10:49	1/1/2019 	642486	16.00	8.00	7.06	27.43	101772.20	3941	0	CharlieHolbrow	
1081	0:10:49	1/1/2019 	642853	16.00	8.00	7.06	27.43	101772.20	49805	0	CharlieHolbrow	
1082	0:10:50	1/1/2019 	643462	15.00	8.00	7.13	27.44	101772.80	1834	0	CharlieHolbrow	
1083	0:10:50	1/1/2019 	643787	15.00	8.00	7.13	27.44	101772.80	49804	0	CharlieHolbrow	
1084	0:10:51	1/1/2019 	644277	15.00	7.00	7.13	27.44	101772.62	1836	0	CharlieHolbrow	
1085	0:10:51	1/1/2019 	644406	15.00	7.00	7.13	27.44	101772.62	1843	0	CharlieHolbrow	
1086	0:10:52	1/1/2019 	645837	21.00	113.00	6.82	27.44	101773.66	99746	0	CharlieHolbrow	
1087	0:10:52	1/1/2019 	645869	16.00	8.00	7.06	27.44	101773.66	1836	0	CharlieHolbrow	
1088	0:10:53	1/1/2019 	646142	18.00	46.00	6.97	27.44	101773.66	1834	0	CharlieHolbrow	
1089	0:10:53	1/1/2019 	646340	21.00	74.00	6.79	27.44	101773.66	1835	0	CharlieHolbrow	
1090	0:10:54	1/1/2019 	647432	28.00	246.00	6.51	27.45	101774.66	49804	1	CharlieHolbrow	
1091	0:10:55	1/1/2019 	648266	24.00	170.00	6.69	27.45	101774.49	49807	1	CharlieHolbrow	
1092	0:10:55	1/1/2019 	648849	16.00	8.00	7.06	27.45	101774.66	51772	0	CharlieHolbrow	
1093	0:10:56	1/1/2019 	649095	16.00	10.00	7.07	27.45	101775.09	1834	0	CharlieHolbrow	
1094	0:10:56	1/1/2019 	650002	29.00	225.00	6.46	27.45	101775.70	49806	1	CharlieHolbrow	
1095	0:10:57	1/1/2019 	650340	15.00	7.00	7.13	27.45	101775.70	2580	0	CharlieHolbrow	
1096	0:10:58	1/1/2019 	651307	20.00	8.00	6.80	27.45	101776.30	49807	0	CharlieHolbrow	
1097	0:10:58	1/1/2019 	651449	15.00	7.00	7.13	27.45	101776.46	1835	0	CharlieHolbrow	
1098	0:10:59	1/1/2019 	652499	21.00	94.00	6.81	27.46	101777.06	51911	0	CharlieHolbrow	
1099	0:10:59	1/1/2019 	652590	24.00	108.00	6.65	27.46	101777.06	49835	0	CharlieHolbrow	
1100	0:11:00	1/1/2019 	653138	17.00	32.00	7.03	27.46	101777.66	1835	0	CharlieHolbrow	
1101	0:11:01	1/1/2019 	655053	15.00	7.00	7.13	27.46	101778.59	97777	0	CharlieHolbrow	
1102	0:11:02	1/1/2019 	655155	15.00	8.00	7.13	27.46	101778.59	1834	0	CharlieHolbrow	
1103	0:11:02	1/1/2019 	655486	25.00	110.00	6.60	27.46	101779.03	1835	0	CharlieHolbrow	
1104	0:11:03	1/1/2019 	656295	15.00	7.00	7.13	27.46	101779.19	179795	0	CharlieHolbrow	
1105	0:11:05	1/1/2019 	659003	23.00	147.00	6.73	27.47	101781.62	145751	0	CharlieHolbrow	
1106	0:11:08	1/1/2019 	661730	18.00	8.00	6.93	27.47	101782.06	145757	0	CharlieHolbrow	
1107	0:11:08	1/1/2019 	662026	16.00	8.00	7.06	27.48	101782.50	2580	0	CharlieHolbrow	
1108	0:11:09	1/1/2019 	662230	23.00	131.00	6.72	27.48	101782.50	1834	0	CharlieHolbrow	
1109	0:11:10	1/1/2019 	663120	15.00	7.00	7.13	27.48	101783.09	49807	0	CharlieHolbrow	
1110	0:11:10	1/1/2019 	663224	15.00	8.00	7.13	27.48	101783.09	3941	0	CharlieHolbrow	
1111	0:11:10	1/1/2019 	663336	20.00	8.00	6.80	27.48	101783.09	1834	0	CharlieHolbrow	
1112	0:11:10	1/1/2019 	663421	16.00	7.00	7.06	27.48	101783.09	1832	0	CharlieHolbrow	
1113	0:11:11	1/1/2019 	664273	15.00	8.00	7.13	27.48	101783.27	49805	0	CharlieHolbrow	
1114	0:11:12	1/1/2019 	665494	26.00	213.00	6.60	27.48	101784.80	49805	1	CharlieHolbrow	
1115	0:11:12	1/1/2019 	665832	15.00	7.00	7.13	27.48	101784.80	49807	0	CharlieHolbrow	
1116	0:11:12	1/1/2019 	666020	23.00	134.00	6.72	27.48	101784.80	3798	0	CharlieHolbrow	
1117	0:11:13	1/1/2019 	666421	17.00	42.00	7.03	27.48	101784.80	1835	0	CharlieHolbrow	
1118	0:11:13	1/1/2019 	666712	15.00	8.00	7.13	27.48	101784.62	49808	0	CharlieHolbrow	
1119	0:11:13	1/1/2019 	666795	25.00	131.00	6.61	27.48	101784.62	1841	1	CharlieHolbrow	
1120	0:11:14	1/1/2019 	667765	20.00	86.00	6.86	27.49	101785.40	49810	0	CharlieHolbrow	
1121	0:11:14	1/1/2019 	667797	15.00	6.00	7.13	27.49	101785.40	3799	0	CharlieHolbrow	
1122	0:11:14	1/1/2019 	668024	15.00	7.00	7.13	27.49	101785.40	1833	0	CharlieHolbrow	
1123	0:11:15	1/1/2019 	668150	18.00	46.00	6.97	27.49	101785.40	1834	0	CharlieHolbrow	
1124	0:11:15	1/1/2019 	668601	19.00	44.00	6.90	27.49	101785.96	49806	0	CharlieHolbrow	
1125	0:11:15	1/1/2019 	668918	21.00	76.00	6.79	27.49	101785.96	1834	1	CharlieHolbrow	
1126	0:11:17	1/1/2019 	670672	16.00	8.00	7.06	27.49	101786.73	97777	0	CharlieHolbrow	
1127	0:11:17	1/1/2019 	671063	15.00	7.00	7.13	27.49	101787.50	4719	0	CharlieHolbrow	
1128	0:11:18	1/1/2019 	671175	16.00	9.00	7.07	27.49	101787.50	1834	0	CharlieHolbrow	
1129	0:11:20	1/1/2019 	673363	16.00	15.00	7.08	27.50	101789.20	97775	0	CharlieHolbrow	
1130	0:11:20	1/1/2019 	673921	15.00	8.00	7.13	27.50	101789.36	49806	0	CharlieHolbrow	
1131	0:11:21	1/1/2019 	674798	15.00	6.00	7.13	27.50	101790.12	49805	0	CharlieHolbrow	
1132	0:11:21	1/1/2019 	674826	15.00	7.00	7.13	27.50	101790.12	1842	0	CharlieHolbrow	
1133	0:11:22	1/1/2019 	675468	15.00	8.00	7.13	27.50	101790.89	3858	0	CharlieHolbrow	
1134	0:11:22	1/1/2019 	675648	15.00	7.00	7.13	27.50	101791.06	49804	0	CharlieHolbrow	
1135	0:11:22	1/1/2019 	675710	23.00	116.00	6.71	27.50	101791.06	1834	1	CharlieHolbrow	
1136	0:11:22	1/1/2019 	675748	17.00	19.00	7.02	27.50	101791.06	1835	0	CharlieHolbrow	
1137	0:11:22	1/1/2019 	675792	23.00	135.00	6.72	27.50	101791.06	1834	1	CharlieHolbrow	
1138	0:11:23	1/1/2019 	676107	19.00	53.00	6.91	27.51	101791.50	1834	0	CharlieHolbrow	
1139	0:11:23	1/1/2019 	676186	15.00	7.00	7.13	27.51	101791.50	3800	0	CharlieHolbrow	
1140	0:11:23	1/1/2019 	676746	15.00	8.00	7.13	27.51	101791.50	49804	0	CharlieHolbrow	
1141	0:11:25	1/1/2019 	678108	27.00	255.00	6.56	27.51	101793.33	49803	1	CharlieHolbrow	
1142	0:11:25	1/1/2019 	679048	15.00	7.00	7.13	27.51	101794.10	49805	0	CharlieHolbrow	
1143	0:11:27	1/1/2019 	680500	15.00	8.00	7.13	27.52	101794.70	49803	0	CharlieHolbrow	
1144	0:11:27	1/1/2019 	680997	28.00	255.00	6.52	27.52	101795.03	50549	1	CharlieHolbrow	
1145	0:11:30	1/1/2019 	683456	15.00	8.00	7.13	27.52	101796.73	99881	0	CharlieHolbrow	
1146	0:11:30	1/1/2019 	683479	15.00	7.00	7.13	27.52	101796.73	1834	0	CharlieHolbrow	
1147	0:11:31	1/1/2019 	684111	15.00	11.00	7.14	27.52	101797.17	49805	0	CharlieHolbrow	
1148	0:11:31	1/1/2019 	684706	19.00	50.00	6.90	27.53	101797.94	49806	0	CharlieHolbrow	
1149	0:11:32	1/1/2019 	685774	31.00	321.00	6.42	27.53	101798.70	49805	1	CharlieHolbrow	
1150	0:11:33	1/1/2019 	686606	15.00	7.00	7.13	27.53	101799.20	49805	0	CharlieHolbrow	
1151	0:11:33	1/1/2019 	686653	15.00	7.00	7.13	27.53	101799.20	3800	0	CharlieHolbrow	
1152	0:11:33	1/1/2019 	686851	31.00	299.00	6.41	27.53	101799.20	1834	1	CharlieHolbrow	
1153	0:11:33	1/1/2019 	686870	20.00	56.00	6.84	27.53	101799.20	1834	0	CharlieHolbrow	
1154	0:11:34	1/1/2019 	687085	15.00	8.00	7.13	27.53	101799.80	1834	0	CharlieHolbrow	
1155	0:11:34	1/1/2019 	687412	15.00	7.00	7.13	27.53	101799.80	1835	0	CharlieHolbrow	
1156	0:11:35	1/1/2019 	688454	15.00	8.00	7.13	27.53	101800.53	49804	0	CharlieHolbrow	
1157	0:11:35	1/1/2019 	688917	18.00	37.00	6.96	27.53	101800.70	51769	0	CharlieHolbrow	
1158	0:11:35	1/1/2019 	689014	20.00	50.00	6.84	27.53	101800.70	1834	0	CharlieHolbrow	
1159	0:11:36	1/1/2019 	689685	15.00	8.00	7.13	27.54	101801.30	49804	0	CharlieHolbrow	
1160	0:11:36	1/1/2019 	689697	15.00	7.00	7.13	27.54	101801.30	2579	0	CharlieHolbrow	
1161	0:11:37	1/1/2019 	690350	15.00	8.00	7.13	27.54	101801.47	1833	0	CharlieHolbrow	
1162	0:11:37	1/1/2019 	690720	21.00	108.00	6.82	27.54	101801.30	49805	1	CharlieHolbrow	
1163	0:11:37	1/1/2019 	690946	16.00	10.00	7.07	27.54	101801.30	3942	0	CharlieHolbrow	
1164	0:11:39	1/1/2019 	692639	18.00	43.00	6.97	27.54	101802.67	97772	0	CharlieHolbrow	
1165	0:11:40	1/1/2019 	693240	17.00	45.00	7.04	27.54	101802.67	1836	0	CharlieHolbrow	
1166	0:11:40	1/1/2019 	693808	16.00	8.00	7.06	27.54	101803.27	49804	0	CharlieHolbrow	
1167	0:11:40	1/1/2019 	693940	17.00	24.00	7.02	27.54	101803.27	1833	0	CharlieHolbrow	
1168	0:11:41	1/1/2019 	694205	15.00	7.00	7.13	27.54	101803.10	3800	0	CharlieHolbrow	
1169	0:11:41	1/1/2019 	694247	15.00	7.00	7.13	27.54	101803.10	1835	0	CharlieHolbrow	
1170	0:11:41	1/1/2019 	694801	14.00	7.00	7.21	27.54	101803.27	49804	0	CharlieHolbrow	
1171	0:11:44	1/1/2019 	697339	34.00	384.00	6.34	27.55	101804.64	97775	0	CharlieHolbrow	
1172	0:11:45	1/1/2019 	698072	15.00	8.00	7.13	27.55	101805.73	49806	0	CharlieHolbrow	
1173	0:11:46	1/1/2019 	699970	28.00	242.00	6.51	27.55	101806.50	97776	1	CharlieHolbrow	
1174	0:11:47	1/1/2019 	701040	15.00	8.00	7.13	27.56	101807.23	52690	0	CharlieHolbrow	
1175	0:11:48	1/1/2019 	701151	15.00	7.00	7.13	27.56	101807.41	1834	0	CharlieHolbrow	
1176	0:11:48	1/1/2019 	701169	22.00	98.00	6.75	27.56	101807.41	1834	1	CharlieHolbrow	
1177	0:11:49	1/1/2019 	702155	14.00	8.00	7.21	27.56	101808.34	49804	0	CharlieHolbrow	
1178	0:11:49	1/1/2019 	702464	15.00	8.00	7.13	27.56	101808.34	1835	0	CharlieHolbrow	
1179	0:11:49	1/1/2019 	702968	15.00	8.00	7.13	27.56	101808.50	49803	0	CharlieHolbrow	
1180	0:11:50	1/1/2019 	703479	16.00	12.00	7.07	27.56	101809.11	3800	0	CharlieHolbrow	
1181	0:11:50	1/1/2019 	703959	17.00	26.00	7.02	27.56	101809.27	49804	0	CharlieHolbrow	
1182	0:11:51	1/1/2019 	704203	21.00	103.00	6.81	27.56	101809.44	1834	1	CharlieHolbrow	
1183	0:11:51	1/1/2019 	704361	27.00	221.00	6.55	27.56	101809.44	1835	1	CharlieHolbrow	
1184	0:11:51	1/1/2019 	704473	24.00	148.00	6.67	27.56	101809.44	1834	1	CharlieHolbrow	
1185	0:11:51	1/1/2019 	704490	18.00	23.00	6.95	27.56	101809.44	1835	0	CharlieHolbrow	
1186	0:11:51	1/1/2019 	704634	16.00	8.00	7.06	27.56	101809.88	51772	0	CharlieHolbrow	
1187	0:11:52	1/1/2019 	705203	14.00	8.00	7.21	27.56	101810.20	1839	0	CharlieHolbrow	
1188	0:11:52	1/1/2019 	705286	19.00	68.00	6.91	27.56	101810.20	1834	0	CharlieHolbrow	
1189	0:11:54	1/1/2019 	707143	15.00	10.00	7.14	27.57	101811.64	97775	0	CharlieHolbrow	
1190	0:11:54	1/1/2019 	707158	17.00	7.00	6.99	27.57	101811.64	1836	0	CharlieHolbrow	
1191	0:11:54	1/1/2019 	707162	15.00	7.00	7.13	27.57	101811.64	1832	0	CharlieHolbrow	
1192	0:11:54	1/1/2019 	707333	15.00	8.00	7.13	27.57	101811.64	3854	0	CharlieHolbrow	
1193	0:11:54	1/1/2019 	707459	19.00	50.00	6.90	27.57	101811.64	1834	0	CharlieHolbrow	
1194	0:11:55	1/1/2019 	708149	15.00	9.00	7.14	27.57	101812.41	49806	0	CharlieHolbrow	
1195	0:11:55	1/1/2019 	708862	24.00	121.00	6.66	27.57	101812.24	49804	0	CharlieHolbrow	
1196	0:11:56	1/1/2019 	710046	31.00	325.00	6.42	27.57	101813.17	49806	0	CharlieHolbrow	
1197	0:11:57	1/1/2019 	710199	28.00	260.00	6.52	27.57	101813.17	2581	1	CharlieHolbrow	
1198	0:11:57	1/1/2019 	710434	17.00	13.00	7.01	27.57	101813.17	3941	0	CharlieHolbrow	
1199	0:11:59	1/1/2019 	712935	20.00	97.00	6.87	27.58	101814.55	145744	0	CharlieHolbrow	
1200	0:11:59	1/1/2019 	713010	15.00	7.00	7.13	27.58	101814.55	1835	0	CharlieHolbrow	
1201	0:12:00	1/1/2019 	713631	15.00	7.00	7.13	27.58	101815.11	49802	0	CharlieHolbrow	
1202	0:12:01	1/1/2019 	714860	16.00	10.00	7.07	27.58	101815.44	49803	0	CharlieHolbrow	
1203	0:12:02	1/1/2019 	715592	23.00	159.00	6.74	27.58	101815.78	49805	0	CharlieHolbrow	
1204	0:12:02	1/1/2019 	715754	17.00	12.00	7.00	27.58	101816.21	3801	0	CharlieHolbrow	
1205	0:12:03	1/1/2019 	716754	19.00	71.00	6.92	27.58	101816.55	49803	0	CharlieHolbrow	
1206	0:12:06	1/1/2019 	719671	16.00	9.00	7.07	27.59	101818.84	145745	0	CharlieHolbrow	
1207	0:12:06	1/1/2019 	719993	15.00	7.00	7.13	27.59	101818.84	2579	0	CharlieHolbrow	
1208	0:12:07	1/1/2019 	720111	37.00	455.00	6.28	27.59	101818.84	1834	1	CharlieHolbrow	
1209	0:12:07	1/1/2019 	720219	16.00	9.00	7.07	27.59	101818.84	1834	0	CharlieHolbrow	
1210	0:12:08	1/1/2019 	721385	24.00	157.00	6.68	27.59	101819.78	51912	1	CharlieHolbrow	
1211	0:12:09	1/1/2019 	722861	16.00	10.00	7.07	27.59	101820.55	97777	0	CharlieHolbrow	
1212	0:12:10	1/1/2019 	723562	15.00	8.00	7.13	27.59	101820.55	49807	0	CharlieHolbrow	
1213	0:12:10	1/1/2019 	724030	25.00	125.00	6.61	27.59	101820.72	1835	0	CharlieHolbrow	
1214	0:12:10	1/1/2019 	724062	24.00	134.00	6.67	27.59	101820.72	1835	0	CharlieHolbrow	
1215	0:12:14	1/1/2019 	727873	16.00	8.00	7.06	27.60	101823.15	195684	0	CharlieHolbrow	
1216	0:12:15	1/1/2019 	728436	15.00	7.00	7.13	27.60	101823.81	1835	0	CharlieHolbrow	
1217	0:12:15	1/1/2019 	729044	16.00	8.00	7.06	27.60	101825.09	49806	0	CharlieHolbrow	
1218	0:12:18	1/1/2019 	732027	16.00	15.00	7.08	27.60	101826.83	145750	0	CharlieHolbrow	
1219	0:12:19	1/1/2019 	732630	15.00	8.00	7.13	27.60	101827.42	50553	0	CharlieHolbrow	
1220	0:12:19	1/1/2019 	732898	17.00	9.00	7.00	27.60	101827.42	1835	0	CharlieHolbrow	
1221	0:12:22	1/1/2019 	735491	18.00	54.00	6.97	27.61	101828.22	130534	1	CharlieHolbrow	
1222	0:12:22	1/1/2019 	735969	15.00	7.00	7.13	27.61	101828.05	49808	0	CharlieHolbrow	
1223	0:12:23	1/1/2019 	736821	16.00	11.00	7.07	27.62	101828.31	49806	0	CharlieHolbrow	
1224	0:12:24	1/1/2019 	737193	22.00	137.00	6.78	27.62	101828.59	1835	1	CharlieHolbrow	
1225	0:12:24	1/1/2019 	737454	16.00	11.00	7.07	27.62	101828.59	1836	0	CharlieHolbrow	
1226	0:12:25	1/1/2019 	738498	17.00	26.00	7.02	27.62	101827.92	49806	0	CharlieHolbrow	
1227	0:12:26	1/1/2019 	739171	15.00	8.00	7.13	27.62	101827.85	82416	0	CharlieHolbrow	
1228	0:12:28	1/1/2019 	741399	15.00	8.00	7.13	27.63	101827.35	97781	1	CharlieHolbrow	
1229	0:12:28	1/1/2019 	741831	15.00	7.00	7.13	27.63	101827.02	50553	0	CharlieHolbrow	
1230	0:12:29	1/1/2019 	742773	20.00	78.00	6.86	27.63	101827.28	49806	0	CharlieHolbrow	
1231	0:12:29	1/1/2019 	742951	23.00	118.00	6.71	27.63	101827.28	1836	0	CharlieHolbrow	
1232	0:12:30	1/1/2019 	743207	19.00	86.00	6.93	27.63	101827.72	1835	0	CharlieHolbrow	
1233	0:12:33	1/1/2019 	746286	20.00	96.00	6.87	27.64	101832.85	178510	0	CharlieHolbrow	
1234	0:12:34	1/1/2019 	747383	16.00	12.00	7.07	27.64	101836.30	49809	0	CharlieHolbrow	
1235	0:12:34	1/1/2019 	747955	17.00	17.00	7.01	27.64	101837.62	49809	0	CharlieHolbrow	
1236	0:12:35	1/1/2019 	748074	15.00	8.00	7.13	27.64	101837.62	1842	0	CharlieHolbrow	
1237	0:12:35	1/1/2019 	748395	21.00	90.00	6.80	27.64	101838.46	1840	1	CharlieHolbrow	
1238	0:12:36	1/1/2019 	749302	17.00	28.00	7.03	27.64	101840.06	49806	0	CharlieHolbrow	
1239	0:12:36	1/1/2019 	749477	19.00	46.00	6.90	27.64	101840.06	34465	0	CharlieHolbrow	
1240	0:12:36	1/1/2019 	749691	8.00	7.00	7.71	27.64	101840.06	49807	0	CharlieHolbrow	
1241	0:12:38	1/1/2019 	751560	28.00	251.00	6.52	27.64	101843.80	98520	1	CharlieHolbrow	
1242	0:12:39	1/1/2019 	752113	15.00	7.00	7.13	27.64	101845.91	1835	0	CharlieHolbrow	
1243	0:12:40	1/1/2019 	753131	26.00	192.00	6.59	27.65	101849.14	49807	0	CharlieHolbrow	
1244	0:12:43	1/1/2019 	756095	15.00	8.00	7.13	27.65	101852.61	145750	0	CharlieHolbrow	
1245	0:12:44	1/1/2019 	757764	19.00	57.00	6.91	27.66	101852.81	99887	0	CharlieHolbrow	
1246	0:12:45	1/1/2019 	758074	20.00	67.00	6.85	27.66	101852.81	1836	1	CharlieHolbrow	
1247	0:12:50	1/1/2019 	763081	16.00	20.00	7.09	27.67	101850.34	241696	1	CharlieHolbrow	
1248	0:12:51	1/1/2019 	764927	15.00	7.00	7.13	27.67	101848.70	98747	0	CharlieHolbrow	
1249	0:12:52	1/1/2019 	765418	16.00	8.00	7.06	27.67	101848.53	1835	0	CharlieHolbrow	
1250	0:12:52	1/1/2019 	765650	16.00	12.00	7.07	27.67	101848.53	51913	0	CharlieHolbrow	
1251	0:12:52	1/1/2019 	765720	15.00	7.00	7.13	27.67	101848.53	1835	0	CharlieHolbrow	
1252	0:12:53	1/1/2019 	766281	15.00	7.00	7.13	27.68	101848.64	1834	0	CharlieHolbrow	
1253	0:12:53	1/1/2019 	766813	16.00	9.00	7.07	27.68	101848.73	49806	0	CharlieHolbrow	
1254	0:12:53	1/1/2019 	766929	21.00	78.00	6.80	27.68	101848.73	1834	0	CharlieHolbrow	
1255	0:12:56	1/1/2019 	769160	21.00	113.00	6.82	27.68	101846.83	97778	0	CharlieHolbrow	
1256	0:12:56	1/1/2019 	769992	15.00	7.00	7.13	27.68	101846.59	51772	0	CharlieHolbrow	
1257	0:12:57	1/1/2019 	770403	16.00	13.00	7.08	27.68	101846.77	2800	0	CharlieHolbrow	
1258	0:12:59	1/1/2019 	772153	15.00	7.00	7.13	27.69	101847.36	97779	0	CharlieHolbrow	
1259	0:12:59	1/1/2019 	772851	15.00	7.00	7.13	27.69	101847.12	49808	0	CharlieHolbrow	
1260	0:13:02	1/1/2019 	775476	15.00	8.00	7.13	27.69	101846.45	97781	0	CharlieHolbrow	
1261	0:13:02	1/1/2019 	775552	15.00	8.00	7.13	27.69	101846.45	49807	0	CharlieHolbrow	
1262	0:13:02	1/1/2019 	775664	19.00	57.00	6.91	27.69	101846.45	3940	0	CharlieHolbrow	
1263	0:13:03	1/1/2019 	776272	16.00	11.00	7.07	27.69	101846.30	1834	0	CharlieHolbrow	
1264	0:13:04	1/1/2019 	777702	16.00	8.00	7.06	27.70	101847.06	97777	0	CharlieHolbrow	
1265	0:13:06	1/1/2019 	779753	15.00	7.00	7.13	27.70	101849.27	97779	0	CharlieHolbrow	
1266	0:13:07	1/1/2019 	780370	16.00	8.00	7.06	27.70	101850.20	2802	0	CharlieHolbrow	
1267	0:13:08	1/1/2019 	781809	26.00	228.00	6.60	27.71	101851.13	97779	0	CharlieHolbrow	
1268	0:13:16	1/1/2019 	789110	29.00	293.00	6.49	27.72	101852.16	339744	0	CharlieHolbrow	
1269	0:13:16	1/1/2019 	789472	14.00	7.00	7.21	27.72	101852.09	1835	0	CharlieHolbrow	
1270	0:13:23	1/1/2019 	796473	15.00	7.00	7.13	27.73	101850.26	337628	0	CharlieHolbrow	
1271	0:13:25	1/1/2019 	798968	15.00	8.00	7.13	27.74	101850.09	146711	0	CharlieHolbrow	
1272	0:13:26	1/1/2019 	799310	31.00	316.00	6.42	27.74	101850.09	1835	1	CharlieHolbrow	
1273	0:13:26	1/1/2019 	799652	16.00	9.00	7.07	27.74	101849.92	49803	0	CharlieHolbrow	
1274	0:13:28	1/1/2019 	802023	16.00	11.00	7.07	27.74	101851.62	100903	0	CharlieHolbrow	
1275	0:13:29	1/1/2019 	802146	16.00	18.00	7.08	27.74	101851.62	1844	0	CharlieHolbrow	
1276	0:13:29	1/1/2019 	802475	26.00	189.00	6.59	27.74	101852.12	1842	0	CharlieHolbrow	
1277	0:13:29	1/1/2019 	802953	15.00	8.00	7.13	27.74	101852.72	49809	0	CharlieHolbrow	
1278	0:13:31	1/1/2019 	804173	14.00	7.00	7.21	27.74	101853.56	49800	0	CharlieHolbrow	
1279	0:13:32	1/1/2019 	805970	23.00	136.00	6.72	27.75	101853.75	97773	1	CharlieHolbrow	
1280	0:13:33	1/1/2019 	807012	15.00	8.00	7.13	27.75	101853.42	51770	0	CharlieHolbrow	
1281	0:13:35	1/1/2019 	808128	15.00	8.00	7.13	27.75	101853.69	49804	0	CharlieHolbrow	
1282	0:13:36	1/1/2019 	809388	15.00	7.00	7.13	27.75	101853.79	49804	0	CharlieHolbrow	
1283	0:13:37	1/1/2019 	810377	45.00	320.00	6.06	27.76	101854.36	49805	1	CharlieHolbrow	
1284	0:13:39	1/1/2019 	812558	15.00	7.00	7.13	27.76	101857.80	146712	0	CharlieHolbrow	
1285	0:13:40	1/1/2019 	813579	19.00	63.00	6.91	27.76	101859.80	49805	0	CharlieHolbrow	
1286	0:13:41	1/1/2019 	814605	20.00	94.00	6.87	27.76	101861.91	51913	0	CharlieHolbrow	
1287	0:13:42	1/1/2019 	815198	15.00	8.00	7.13	27.76	101862.41	1835	0	CharlieHolbrow	
1288	0:13:42	1/1/2019 	815896	15.00	8.00	7.13	27.76	101863.67	49804	0	CharlieHolbrow	
1289	0:13:43	1/1/2019 	816948	16.00	23.00	7.09	27.76	101864.00	49805	0	CharlieHolbrow	
1290	0:13:45	1/1/2019 	818737	19.00	66.00	6.91	27.77	101864.94	97777	0	CharlieHolbrow	
1291	0:13:47	1/1/2019 	820412	15.00	8.00	7.13	27.77	101865.38	51773	0	CharlieHolbrow	
1292	0:13:47	1/1/2019 	820481	27.00	214.00	6.55	27.77	101865.38	2810	1	CharlieHolbrow	
1293	0:13:47	1/1/2019 	820573	19.00	49.00	6.90	27.77	101865.38	49814	0	CharlieHolbrow	
1294	0:13:50	1/1/2019 	823576	21.00	106.00	6.82	27.77	101869.41	145749	1	CharlieHolbrow	
1295	0:13:52	1/1/2019 	825549	26.00	197.00	6.59	27.78	101871.18	97778	0	CharlieHolbrow	
1296	0:13:52	1/1/2019 	825860	16.00	8.00	7.06	27.78	101871.18	1836	0	CharlieHolbrow	
1297	0:13:52	1/1/2019 	826002	37.00	410.00	6.26	27.78	101871.52	3939	1	CharlieHolbrow	
1298	0:13:55	1/1/2019 	828478	15.00	8.00	7.13	27.78	101872.84	97775	0	CharlieHolbrow	
1299	0:13:56	1/1/2019 	829444	15.00	7.00	7.13	27.78	101873.19	49805	0	CharlieHolbrow	
1300	0:13:59	1/1/2019 	832463	14.00	7.00	7.21	27.79	101873.38	145750	0	CharlieHolbrow	
1301	0:14:00	1/1/2019 	833354	15.00	7.00	7.13	27.79	101873.22	50778	0	CharlieHolbrow	
1302	0:14:00	1/1/2019 	833490	15.00	7.00	7.13	27.79	101872.88	1837	0	CharlieHolbrow	
1303	0:14:02	1/1/2019 	835689	17.00	26.00	7.02	27.79	101873.58	147857	0	CharlieHolbrow	
1304	0:14:03	1/1/2019 	836123	17.00	19.00	7.02	27.79	101874.08	1836	0	CharlieHolbrow	
1305	0:14:05	1/1/2019 	838835	23.00	144.00	6.73	27.79	101875.85	145747	1	CharlieHolbrow	
1306	0:14:07	1/1/2019 	840855	15.00	8.00	7.13	27.80	101876.55	97777	0	CharlieHolbrow	
1307	0:14:08	1/1/2019 	841481	15.00	7.00	7.13	27.80	101876.38	2802	0	CharlieHolbrow	
1308	0:14:08	1/1/2019 	841666	16.00	7.00	7.06	27.80	101876.38	49805	0	CharlieHolbrow	
1309	0:14:09	1/1/2019 	842408	16.00	18.00	7.08	27.80	101876.62	3941	0	CharlieHolbrow	
1310	0:14:09	1/1/2019 	843060	15.00	7.00	7.13	27.80	101876.95	49806	0	CharlieHolbrow	
1311	0:14:10	1/1/2019 	843912	14.00	7.00	7.21	27.80	101877.72	49805	0	CharlieHolbrow	
1312	0:14:11	1/1/2019 	844920	15.00	7.00	7.13	27.80	101878.39	49805	0	CharlieHolbrow	
1313	0:14:12	1/1/2019 	845354	15.00	8.00	7.13	27.81	101878.81	1834	0	CharlieHolbrow	
1314	0:14:12	1/1/2019 	845812	21.00	104.00	6.81	27.81	101878.66	49806	1	CharlieHolbrow	
1315	0:14:12	1/1/2019 	845934	15.00	7.00	7.13	27.81	101878.66	3800	0	CharlieHolbrow	
1316	0:14:13	1/1/2019 	846759	18.00	49.00	6.97	27.81	101879.25	49805	0	CharlieHolbrow	
1317	0:14:13	1/1/2019 	846900	15.00	7.00	7.13	27.81	101879.25	1834	0	CharlieHolbrow	
1318	0:14:14	1/1/2019 	847674	19.00	61.00	6.91	27.81	101879.08	49803	1	CharlieHolbrow	
1319	0:14:17	1/1/2019 	850480	33.00	366.00	6.37	27.81	101880.62	97781	1	CharlieHolbrow	
1320	0:14:17	1/1/2019 	851055	15.00	7.00	7.13	27.81	101880.62	50783	0	CharlieHolbrow	
1321	0:14:18	1/1/2019 	851716	17.00	26.00	7.02	27.82	101880.89	51969	0	CharlieHolbrow	
1322	0:14:19	1/1/2019 	852750	15.00	8.00	7.13	27.82	101880.72	49807	0	CharlieHolbrow	
1323	0:14:20	1/1/2019 	853123	15.00	8.00	7.13	27.82	101880.98	1835	0	CharlieHolbrow	
1324	0:14:20	1/1/2019 	853754	22.00	154.00	6.79	27.82	101880.66	49806	1	CharlieHolbrow	
1325	0:14:23	1/1/2019 	856229	16.00	14.00	7.08	27.82	101878.25	97775	0	CharlieHolbrow	
1326	0:14:26	1/1/2019 	860053	36.00	455.00	6.31	27.83	101877.08	193716	1	CharlieHolbrow	
1327	0:14:28	1/1/2019 	861327	25.00	177.00	6.64	27.83	101876.84	52893	0	CharlieHolbrow	
1328	0:14:30	1/1/2019 	863085	14.00	7.00	7.21	27.83	101876.94	97777	0	CharlieHolbrow	
1329	0:14:30	1/1/2019 	863314	44.00	612.00	6.19	27.83	101876.94	1834	1	CharlieHolbrow	
1330	0:14:30	1/1/2019 	863868	19.00	47.00	6.90	27.83	101877.38	49809	0	CharlieHolbrow	
1331	0:14:32	1/1/2019 	865922	26.00	187.00	6.59	27.84	101878.31	97781	1	CharlieHolbrow	
1332	0:14:35	1/1/2019 	868461	24.00	165.00	6.68	27.84	101877.74	99742	1	CharlieHolbrow	
1333	0:14:35	1/1/2019 	869046	27.00	236.00	6.56	27.84	101876.73	49807	1	CharlieHolbrow	
1334	0:14:36	1/1/2019 	869775	18.00	42.00	6.97	27.84	101877.01	49806	1	CharlieHolbrow	
1335	0:14:37	1/1/2019 	870684	15.00	7.00	7.13	27.84	101876.50	50773	0	CharlieHolbrow	
1336	0:14:39	1/1/2019 	872257	44.00	673.00	6.22	27.84	101876.23	49804	1	CharlieHolbrow	
1337	0:14:39	1/1/2019 	872710	20.00	63.00	6.85	27.84	101876.07	49807	1	CharlieHolbrow	
1338	0:14:40	1/1/2019 	873337	17.00	31.00	7.03	27.85	101876.17	10951	0	CharlieHolbrow	
1339	0:14:41	1/1/2019 	874162	15.00	7.00	7.13	27.85	101876.00	49805	0	CharlieHolbrow	
1340	0:14:41	1/1/2019 	874807	16.00	8.00	7.06	27.85	101875.67	49804	0	CharlieHolbrow	
1341	0:14:42	1/1/2019 	875364	16.00	22.00	7.09	27.85	101875.94	1834	0	CharlieHolbrow	
1342	0:14:47	1/1/2019 	880907	26.00	210.00	6.60	27.86	101873.89	289661	0	CharlieHolbrow	
1343	0:14:49	1/1/2019 	882457	15.00	8.00	7.13	27.86	101872.89	50775	0	CharlieHolbrow	
1344	0:14:49	1/1/2019 	882492	24.00	116.00	6.65	27.86	101872.89	3941	1	CharlieHolbrow	
1345	0:14:49	1/1/2019 	883063	15.00	8.00	7.13	27.86	101872.83	49805	0	CharlieHolbrow	
1346	0:14:51	1/1/2019 	884732	16.00	15.00	7.08	27.86	101872.59	97776	1	CharlieHolbrow	
1347	0:14:52	1/1/2019 	885358	15.00	8.00	7.13	27.86	101872.26	1836	0	CharlieHolbrow	
1348	0:14:53	1/1/2019 	886254	47.00	710.00	6.19	27.86	101871.86	49805	1	CharlieHolbrow	
1349	0:14:53	1/1/2019 	886417	17.00	16.00	7.01	27.86	101871.86	1835	0	CharlieHolbrow	
1350	0:14:53	1/1/2019 	886583	28.00	206.00	6.50	27.86	101871.52	51770	0	CharlieHolbrow	
1351	0:14:54	1/1/2019 	887596	15.00	8.00	7.13	27.86	101870.69	49805	0	CharlieHolbrow	
1352	0:14:54	1/1/2019 	887666	18.00	32.00	6.96	27.86	101870.69	1833	1	CharlieHolbrow	
1353	0:14:55	1/1/2019 	888569	15.00	7.00	7.13	27.86	101870.52	49804	0	CharlieHolbrow	
1354	0:14:56	1/1/2019 	889283	15.00	7.00	7.13	27.87	101869.92	1835	0	CharlieHolbrow	
1355	0:14:58	1/1/2019 	891751	20.00	93.00	6.87	27.87	101868.69	145748	0	CharlieHolbrow	
1356	0:14:58	1/1/2019 	891758	39.00	498.00	6.24	27.87	101868.69	4917	1	CharlieHolbrow	
1357	0:15:01	1/1/2019 	894872	15.00	7.00	7.13	27.87	101867.45	145746	0	CharlieHolbrow	
1358	0:15:02	1/1/2019 	895356	15.00	8.00	7.13	27.87	101867.71	1836	0	CharlieHolbrow	
1359	0:15:03	1/1/2019 	896099	26.00	213.00	6.60	27.87	101866.88	49809	0	CharlieHolbrow	
1360	0:15:03	1/1/2019 	896155	45.00	610.00	6.17	27.87	101866.88	1844	1	CharlieHolbrow	
1361	0:15:03	1/1/2019 	896969	21.00	105.00	6.82	27.88	101866.98	49812	1	CharlieHolbrow	
1362	0:15:04	1/1/2019 	897337	35.00	433.00	6.33	27.88	101866.47	3798	1	CharlieHolbrow	
1363	0:15:06	1/1/2019 	899160	15.00	8.00	7.13	27.88	101866.41	97777	0	CharlieHolbrow	
1364	0:15:07	1/1/2019 	900651	21.00	93.00	6.81	27.88	101866.51	97778	1	CharlieHolbrow	
1365	0:15:07	1/1/2019 	900705	16.00	8.00	7.06	27.88	101866.51	2804	0	CharlieHolbrow	
1366	0:15:07	1/1/2019 	901119	15.00	7.00	7.13	27.88	101866.77	1834	0	CharlieHolbrow	
1367	0:15:08	1/1/2019 	901385	17.00	38.00	7.03	27.88	101866.77	3940	1	CharlieHolbrow	
1368	0:15:08	1/1/2019 	901472	10.00	7.00	7.53	27.88	101866.77	1835	0	CharlieHolbrow	
1369	0:15:08	1/1/2019 	901940	20.00	51.00	6.84	27.88	101866.11	49806	0	CharlieHolbrow	
1370	0:15:09	1/1/2019 	903132	18.00	36.00	6.96	27.89	101865.03	49807	0	CharlieHolbrow	
1371	0:15:12	1/1/2019 	905294	21.00	117.00	6.82	27.89	101863.10	97780	1	CharlieHolbrow	
1372	0:15:12	1/1/2019 	905577	17.00	13.00	7.01	27.89	101863.10	49809	0	CharlieHolbrow	
1373	0:15:14	1/1/2019 	907260	17.00	26.00	7.02	27.89	101862.03	51771	1	CharlieHolbrow	
1374	0:15:15	1/1/2019 	908771	33.00	377.00	6.37	27.89	101862.46	97778	1	CharlieHolbrow	
1375	0:15:16	1/1/2019 	909210	16.00	22.00	7.09	27.89	101862.46	1836	0	CharlieHolbrow	
1376	0:15:16	1/1/2019 	909457	21.00	89.00	6.80	27.89	101862.46	1835	1	CharlieHolbrow	
1377	0:15:16	1/1/2019 	909645	18.00	32.00	6.96	27.89	101862.30	49807	0	CharlieHolbrow	
1378	0:15:16	1/1/2019 	910082	33.00	356.00	6.36	27.89	101862.30	2801	1	CharlieHolbrow	
1379	0:15:17	1/1/2019 	910323	15.00	8.00	7.13	27.89	101862.12	3942	0	CharlieHolbrow	
1380	0:15:18	1/1/2019 	911360	15.00	8.00	7.13	27.89	101861.97	49812	0	CharlieHolbrow	
1381	0:15:18	1/1/2019 	911581	22.00	102.00	6.75	27.89	101861.97	49806	0	CharlieHolbrow	
1382	0:15:18	1/1/2019 	911662	15.00	7.00	7.13	27.89	101861.97	1835	0	CharlieHolbrow	
1383	0:15:19	1/1/2019 	912784	19.00	42.00	6.90	27.90	101862.23	49806	0	CharlieHolbrow	
1384	0:15:20	1/1/2019 	913407	18.00	8.00	6.93	27.90	101862.06	1836	0	CharlieHolbrow	
1385	0:15:20	1/1/2019 	913752	17.00	11.00	7.00	27.90	101862.16	51770	0	CharlieHolbrow	
1386	0:15:21	1/1/2019 	914819	15.00	8.00	7.13	27.90	101861.16	49805	0	CharlieHolbrow	
1387	0:15:22	1/1/2019 	915163	14.00	7.00	7.21	27.90	101860.66	1835	0	CharlieHolbrow	
1388	0:15:23	1/1/2019 	916182	16.00	9.00	7.07	27.90	101860.26	49806	0	CharlieHolbrow	
1389	0:15:23	1/1/2019 	916213	22.00	101.00	6.75	27.90	101860.26	1835	0	CharlieHolbrow	
1390	0:15:23	1/1/2019 	916902	34.00	370.00	6.34	27.90	101859.59	49805	1	CharlieHolbrow	
1391	0:15:24	1/1/2019 	917756	14.00	8.00	7.21	27.90	101859.02	51770	0	CharlieHolbrow	
1392	0:15:26	1/1/2019 	919359	24.00	171.00	6.69	27.90	101857.35	49806	0	CharlieHolbrow	
1393	0:15:27	1/1/2019 	920212	15.00	7.00	7.13	27.91	101856.61	49806	0	CharlieHolbrow	
1394	0:15:28	1/1/2019 	921549	15.00	7.00	7.13	27.91	101855.28	98747	0	CharlieHolbrow	
1395	0:15:29	1/1/2019 	922369	16.00	8.00	7.06	27.91	101854.20	1834	0	CharlieHolbrow	
1396	0:15:30	1/1/2019 	923693	49.00	753.00	6.18	27.91	101852.88	97782	0	CharlieHolbrow	
1397	0:15:32	1/1/2019 	925369	20.00	83.00	6.86	27.91	101851.77	51919	1	CharlieHolbrow	
1398	0:15:32	1/1/2019 	925759	14.00	7.00	7.21	27.91	101851.44	49809	0	CharlieHolbrow	
1399	0:15:32	1/1/2019 	925821	18.00	32.00	6.96	27.91	101851.44	1834	0	CharlieHolbrow	
1400	0:15:33	1/1/2019 	926604	15.00	8.00	7.13	27.91	101850.77	49805	0	CharlieHolbrow	
1401	0:15:33	1/1/2019 	926906	15.00	8.00	7.13	27.91	101850.59	1834	0	CharlieHolbrow	
1402	0:15:34	1/1/2019 	927383	15.00	8.00	7.13	27.91	101850.70	1834	0	CharlieHolbrow	
1403	0:15:34	1/1/2019 	927908	16.00	10.00	7.07	27.91	101850.53	51772	0	CharlieHolbrow	
1404	0:15:37	1/1/2019 	930357	15.00	8.00	7.13	27.92	101850.30	97779	0	CharlieHolbrow	
1405	0:15:38	1/1/2019 	931649	14.00	7.00	7.21	27.92	101850.13	98745	0	CharlieHolbrow	
1406	0:15:38	1/1/2019 	931782	19.00	62.00	6.91	27.92	101849.97	1835	1	CharlieHolbrow	
1407	0:15:38	1/1/2019 	931924	16.00	17.00	7.08	27.92	101849.97	1835	0	CharlieHolbrow	
1408	0:15:39	1/1/2019 	932620	16.00	8.00	7.06	27.92	101850.23	51912	0	CharlieHolbrow	
1409	0:15:40	1/1/2019 	933425	20.00	84.00	6.86	27.92	101849.90	1835	1	CharlieHolbrow	
1410	0:15:40	1/1/2019 	933676	15.00	7.00	7.13	27.92	101849.90	49808	0	CharlieHolbrow	
1411	0:15:41	1/1/2019 	935033	15.00	8.00	7.13	27.92	101849.50	49807	0	CharlieHolbrow	
1412	0:15:42	1/1/2019 	936078	22.00	136.00	6.78	27.92	101848.83	49807	1	CharlieHolbrow	
1413	0:15:45	1/1/2019 	938925	17.00	32.00	7.03	27.93	101847.02	145750	0	CharlieHolbrow	
1414	0:15:46	1/1/2019 	939364	14.00	8.00	7.21	27.93	101846.36	3800	0	CharlieHolbrow	
1415	0:15:48	1/1/2019 	941671	19.00	87.00	6.93	27.93	101844.95	145750	1	CharlieHolbrow	
1416	0:15:49	1/1/2019 	942878	14.00	7.00	7.21	27.93	101842.95	50775	0	CharlieHolbrow	
1417	0:15:51	1/1/2019 	944279	15.00	8.00	7.13	27.93	101842.05	49808	0	CharlieHolbrow	
1418	0:15:52	1/1/2019 	945432	16.00	16.00	7.08	27.93	101840.88	49809	0	CharlieHolbrow	
1419	0:15:53	1/1/2019 	946861	19.00	56.00	6.91	27.93	101839.94	97784	0	CharlieHolbrow	
1420	0:15:54	1/1/2019 	948135	15.00	7.00	7.13	27.93	101839.27	51914	0	CharlieHolbrow	
1421	0:15:55	1/1/2019 	949134	23.00	155.00	6.73	27.94	101838.53	49807	1	CharlieHolbrow	
1422	0:15:56	1/1/2019 	949650	15.00	8.00	7.13	27.94	101838.37	49806	0	CharlieHolbrow	
1423	0:15:57	1/1/2019 	950719	46.00	768.00	6.22	27.94	101838.13	50775	1	CharlieHolbrow	
1424	0:15:57	1/1/2019 	950797	15.00	7.00	7.13	27.94	101837.80	1836	0	CharlieHolbrow	
1425	0:15:58	1/1/2019 	951625	15.00	10.00	7.14	27.94	101837.62	49807	0	CharlieHolbrow	
1426	0:15:59	1/1/2019 	952179	15.00	7.00	7.13	27.94	101837.30	3946	0	CharlieHolbrow	
1427	0:15:59	1/1/2019 	952901	26.00	199.00	6.59	27.94	101837.23	49805	1	CharlieHolbrow	
1428	0:15:59	1/1/2019 	952981	16.00	9.00	7.07	27.94	101837.23	1835	1	CharlieHolbrow	
1429	0:16:00	1/1/2019 	953370	25.00	202.00	6.65	27.94	101836.90	1835	1	CharlieHolbrow	
1430	0:16:02	1/1/2019 	955337	16.00	16.00	7.08	27.95	101836.42	97780	0	CharlieHolbrow	
1431	0:16:04	1/1/2019 	957265	16.00	11.00	7.07	27.95	101835.69	97779	0	CharlieHolbrow	
1432	0:16:05	1/1/2019 	958693	15.00	7.00	7.13	27.95	101835.45	99687	0	CharlieHolbrow	
1433	0:16:05	1/1/2019 	958929	19.00	55.00	6.91	27.95	101834.95	1835	0	CharlieHolbrow	
1434	0:16:06	1/1/2019 	960102	16.00	16.00	7.08	27.95	101834.39	49807	0	CharlieHolbrow	
1435	0:16:08	1/1/2019 	961267	21.00	124.00	6.83	27.95	101833.05	50553	1	CharlieHolbrow	
1436	0:16:08	1/1/2019 	961396	15.00	8.00	7.13	27.95	101833.05	1836	0	CharlieHolbrow	
1437	0:16:08	1/1/2019 	961566	16.00	7.00	7.06	27.95	101833.05	49805	0	CharlieHolbrow	
1438	0:16:08	1/1/2019 	961633	22.00	109.00	6.76	27.95	101833.05	5129	1	CharlieHolbrow	
1439	0:16:09	1/1/2019 	963046	20.00	88.00	6.86	27.96	101832.28	49807	1	CharlieHolbrow	
1440	0:16:12	1/1/2019 	965942	19.00	64.00	6.91	27.96	101830.55	145751	0	CharlieHolbrow	
1441	0:16:14	1/1/2019 	967422	15.00	7.00	7.13	27.96	101829.30	49807	0	CharlieHolbrow	
1442	0:16:15	1/1/2019 	968877	16.00	10.00	7.07	27.96	101828.41	97775	0	CharlieHolbrow	
1443	0:16:16	1/1/2019 	969790	15.00	7.00	7.13	27.96	101827.23	51771	0	CharlieHolbrow	
1444	0:16:17	1/1/2019 	970799	16.00	13.00	7.08	27.97	101826.50	49807	0	CharlieHolbrow	
1445	0:16:19	1/1/2019 	972192	15.00	8.00	7.13	27.97	101825.16	49805	0	CharlieHolbrow	
1446	0:16:19	1/1/2019 	972211	15.00	8.00	7.13	27.97	101825.16	1834	0	CharlieHolbrow	
1447	0:16:19	1/1/2019 	972234	30.00	272.00	6.44	27.97	101825.16	1834	1	CharlieHolbrow	
1448	0:16:21	1/1/2019 	974659	17.00	40.00	7.03	27.97	101822.75	145746	0	CharlieHolbrow	
1449	0:16:21	1/1/2019 	974945	23.00	130.00	6.72	27.97	101822.25	3800	1	CharlieHolbrow	
1450	0:16:22	1/1/2019 	975481	21.00	108.00	6.82	27.97	101821.59	1835	1	CharlieHolbrow	
1451	0:16:23	1/1/2019 	976698	19.00	74.00	6.92	27.97	101820.19	97776	1	CharlieHolbrow	
1452	0:16:24	1/1/2019 	977339	17.00	23.00	7.02	27.98	101819.78	1835	0	CharlieHolbrow	
1453	0:16:24	1/1/2019 	978108	15.00	7.00	7.13	27.98	101819.28	49805	0	CharlieHolbrow	
1454	0:16:25	1/1/2019 	979047	15.00	7.00	7.13	27.98	101818.45	49805	0	CharlieHolbrow	
1455	0:16:26	1/1/2019 	979567	33.00	354.00	6.36	27.98	101817.95	51770	0	CharlieHolbrow	
1456	0:16:28	1/1/2019 	981557	16.00	10.00	7.07	27.98	101815.88	98525	0	CharlieHolbrow	
1457	0:16:30	1/1/2019 	983867	30.00	288.00	6.44	27.98	101813.20	97781	1	CharlieHolbrow	
1458	0:16:32	1/1/2019 	985701	16.00	8.00	7.06	27.98	101811.47	97776	0	CharlieHolbrow	
1459	0:16:32	1/1/2019 	986104	15.00	8.00	7.13	27.98	101811.12	1837	0	CharlieHolbrow	
1460	0:16:34	1/1/2019 	987616	15.00	8.00	7.13	27.98	101809.80	97779	0	CharlieHolbrow	
1461	0:16:34	1/1/2019 	987843	15.00	7.00	7.13	27.98	101809.29	3940	0	CharlieHolbrow	
1462	0:16:35	1/1/2019 	988760	22.00	118.00	6.77	27.98	101808.96	49805	0	CharlieHolbrow	
1463	0:16:35	1/1/2019 	989049	21.00	113.00	6.82	27.98	101809.06	1836	1	CharlieHolbrow	
1464	0:16:36	1/1/2019 	989210	15.00	7.00	7.13	27.98	101809.06	1833	0	CharlieHolbrow	
1465	0:16:37	1/1/2019 	991012	32.00	370.00	6.41	27.98	101806.22	97777	1	CharlieHolbrow	
1466	0:16:41	1/1/2019 	994984	15.00	7.00	7.13	27.99	101801.64	194462	0	CharlieHolbrow	
1467	0:16:42	1/1/2019 	995198	15.00	7.00	7.13	27.99	101801.64	3941	0	CharlieHolbrow	
1468	0:16:42	1/1/2019 	995471	15.00	7.00	7.13	27.99	101801.58	1835	0	CharlieHolbrow	
1469	0:16:43	1/1/2019 	996349	15.00	8.00	7.13	27.99	101800.91	49805	1	CharlieHolbrow	
1470	0:16:43	1/1/2019 	997131	16.00	13.00	7.08	27.99	101799.56	49806	0	CharlieHolbrow	
1471	0:16:44	1/1/2019 	997666	21.00	113.00	6.82	27.99	101798.91	49805	1	CharlieHolbrow	
1472	0:16:44	1/1/2019 	998135	24.00	133.00	6.67	27.99	101798.40	1835	1	CharlieHolbrow	
1473	0:16:45	1/1/2019 	998193	35.00	402.00	6.32	27.99	101798.40	3799	1	CharlieHolbrow	
1474	0:16:47	1/1/2019 	1000572	16.00	25.00	7.09	27.99	101795.83	145752	0	CharlieHolbrow	
1475	0:16:49	1/1/2019 	1002285	48.00	739.00	6.19	27.99	101793.98	50552	0	CharlieHolbrow	
1476	0:16:49	1/1/2019 	1002765	19.00	58.00	6.91	27.99	101793.66	49808	0	CharlieHolbrow	
1477	0:16:49	1/1/2019 	1002981	23.00	123.00	6.71	27.99	101793.16	1834	0	CharlieHolbrow	
1478	0:16:52	1/1/2019 	1005351	16.00	17.00	7.08	27.99	101791.08	99884	0	CharlieHolbrow	
1479	0:16:54	1/1/2019 	1007786	24.00	190.00	6.69	27.99	101788.08	145748	1	CharlieHolbrow	
1480	0:16:55	1/1/2019 	1008658	15.00	8.00	7.13	28.00	101787.00	49807	0	CharlieHolbrow	
1481	0:16:56	1/1/2019 	1009641	17.00	33.00	7.03	28.00	101785.34	49809	0	CharlieHolbrow	
1482	0:16:57	1/1/2019 	1010183	24.00	164.00	6.68	28.00	101784.33	2581	0	CharlieHolbrow	
1483	0:16:57	1/1/2019 	1010849	43.00	596.00	6.19	28.00	101783.67	49807	1	CharlieHolbrow	
1484	0:16:57	1/1/2019 	1010918	33.00	342.00	6.36	28.00	101782.83	7357	0	CharlieHolbrow	
1485	0:16:58	1/1/2019 	1011956	22.00	137.00	6.78	28.00	101781.50	49805	1	CharlieHolbrow	
1486	0:17:01	1/1/2019 	1014731	23.00	155.00	6.73	28.00	101777.09	145750	0	CharlieHolbrow	
1487	0:17:02	1/1/2019 	1015436	16.00	8.00	7.06	28.00	101775.31	1835	0	CharlieHolbrow	
1488	0:17:02	1/1/2019 	1015455	26.00	147.00	6.57	28.00	101775.31	1835	1	CharlieHolbrow	
1489	0:17:02	1/1/2019 	1015861	30.00	300.00	6.45	28.00	101775.31	49808	1	CharlieHolbrow	
1490	0:17:02	1/1/2019 	1016118	27.00	192.00	6.54	28.00	101774.64	3799	0	CharlieHolbrow	
1491	0:17:03	1/1/2019 	1016314	16.00	8.00	7.06	28.00	101774.64	1835	0	CharlieHolbrow	
1492	0:17:03	1/1/2019 	1016706	16.00	9.00	7.07	28.00	101774.31	49806	0	CharlieHolbrow	
1493	0:17:03	1/1/2019 	1016791	18.00	39.00	6.96	28.00	101774.31	1835	1	CharlieHolbrow	
1494	0:17:05	1/1/2019 	1018756	14.00	8.00	7.21	28.00	101771.07	97777	0	CharlieHolbrow	
1495	0:17:06	1/1/2019 	1019163	15.00	7.00	7.13	28.00	101770.23	1835	0	CharlieHolbrow	
1496	0:17:06	1/1/2019 	1019182	18.00	38.00	6.96	28.00	101770.23	3799	1	CharlieHolbrow	
1497	0:17:06	1/1/2019 	1019279	16.00	8.00	7.06	28.00	101770.23	1835	0	CharlieHolbrow	
1498	0:17:06	1/1/2019 	1019745	25.00	157.00	6.63	28.00	101769.23	49807	0	CharlieHolbrow	
1499	0:17:09	1/1/2019 	1022711	19.00	85.00	6.92	28.01	101764.99	146493	0	CharlieHolbrow	
1500	0:17:09	1/1/2019 	1022902	25.00	155.00	6.63	28.01	101764.99	1837	0	CharlieHolbrow	
1501	0:17:10	1/1/2019 	1024059	15.00	9.00	7.14	28.01	101762.66	49805	0	CharlieHolbrow	
1502	0:17:11	1/1/2019 	1024797	15.00	7.00	7.13	28.01	101761.98	51911	0	CharlieHolbrow	
1503	0:17:11	1/1/2019 	1024925	23.00	128.00	6.72	28.01	101761.98	1836	0	CharlieHolbrow	
1504	0:17:12	1/1/2019 	1025598	18.00	45.00	6.97	28.01	101761.15	49806	0	CharlieHolbrow	
1505	0:17:14	1/1/2019 	1027660	15.00	7.00	7.13	28.01	101760.08	97777	0	CharlieHolbrow	
1506	0:17:15	1/1/2019 	1028161	17.00	37.00	7.03	28.01	101759.58	1836	1	CharlieHolbrow	
1507	0:17:15	1/1/2019 	1028179	16.00	13.00	7.08	28.01	101759.58	3800	0	CharlieHolbrow	
1508	0:17:16	1/1/2019 	1029806	28.00	262.00	6.52	28.01	101758.08	97775	1	CharlieHolbrow	
1509	0:17:16	1/1/2019 	1029902	17.00	19.00	7.02	28.01	101758.08	2582	0	CharlieHolbrow	
1510	0:17:16	1/1/2019 	1029908	22.00	90.00	6.75	28.01	101758.08	1834	0	CharlieHolbrow	
1511	0:17:17	1/1/2019 	1030564	16.00	9.00	7.07	28.01	101756.91	49806	1	CharlieHolbrow	
1512	0:17:17	1/1/2019 	1031153	15.00	7.00	7.13	28.01	101756.67	1836	1	CharlieHolbrow	
1513	0:17:19	1/1/2019 	1032682	16.00	10.00	7.07	28.01	101755.00	99937	0	CharlieHolbrow	
1514	0:17:22	1/1/2019 	1035647	15.00	8.00	7.13	28.01	101751.66	145747	0	CharlieHolbrow	
1515	0:17:23	1/1/2019 	1037012	15.00	8.00	7.13	28.01	101750.59	49806	0	CharlieHolbrow	
1516	0:17:24	1/1/2019 	1037177	45.00	697.00	6.21	28.01	101750.59	1835	1	CharlieHolbrow	
1517	0:17:26	1/1/2019 	1039362	15.00	7.00	7.13	28.01	101748.31	97775	0	CharlieHolbrow	
1518	0:17:26	1/1/2019 	1039778	24.00	153.00	6.68	28.01	101747.66	49807	1	CharlieHolbrow	
1519	0:17:28	1/1/2019 	1042017	16.00	8.00	7.06	28.01	101746.58	100679	0	CharlieHolbrow	
1520	0:17:32	1/1/2019 	1045272	15.00	7.00	7.13	28.01	101746.25	145749	0	CharlieHolbrow	
1521	0:17:32	1/1/2019 	1046024	17.00	13.00	7.01	28.01	101745.75	49808	0	CharlieHolbrow	
1522	0:17:34	1/1/2019 	1047923	15.00	7.00	7.13	28.01	101744.24	97774	0	CharlieHolbrow	
1523	0:17:38	1/1/2019 	1051402	21.00	122.00	6.83	28.02	101739.16	145750	0	CharlieHolbrow	
1524	0:17:39	1/1/2019 	1052641	15.00	7.00	7.13	28.02	101736.66	98523	0	CharlieHolbrow	
1525	0:17:39	1/1/2019 	1052659	22.00	83.00	6.74	28.02	101736.66	3943	0	CharlieHolbrow	
1526	0:17:39	1/1/2019 	1053125	23.00	136.00	6.72	28.02	101735.98	1835	0	CharlieHolbrow	
1527	0:17:40	1/1/2019 	1053303	45.00	627.00	6.18	28.02	101735.98	1835	0	CharlieHolbrow	
1528	0:17:40	1/1/2019 	1053705	15.00	7.00	7.13	28.02	101735.33	49807	0	CharlieHolbrow	
1529	0:17:41	1/1/2019 	1054747	13.00	12.00	7.30	28.02	101733.98	49806	0	CharlieHolbrow	
1530	0:17:42	1/1/2019 	1055196	21.00	101.00	6.81	28.02	101733.16	7216	0	CharlieHolbrow	
1531	0:17:42	1/1/2019 	1055327	19.00	61.00	6.91	28.02	101733.16	1836	1	CharlieHolbrow	
1532	0:17:43	1/1/2019 	1056233	16.00	21.00	7.09	28.02	101731.81	49806	0	CharlieHolbrow	
1533	0:17:46	1/1/2019 	1059683	22.00	136.00	6.78	28.02	101727.91	193721	1	CharlieHolbrow	
1534	0:17:48	1/1/2019 	1061261	48.00	777.00	6.20	28.02	101726.73	50553	0	CharlieHolbrow	
1535	0:17:48	1/1/2019 	1061477	15.00	7.00	7.13	28.02	101726.73	1836	0	CharlieHolbrow	
1536	0:17:48	1/1/2019 	1061569	15.00	7.00	7.13	28.02	101726.23	51911	0	CharlieHolbrow	
1537	0:17:48	1/1/2019 	1061680	48.00	741.00	6.19	28.02	101726.23	1834	1	CharlieHolbrow	
1538	0:17:49	1/1/2019 	1062615	15.00	7.00	7.13	28.02	101725.07	49806	0	CharlieHolbrow	
1539	0:17:56	1/1/2019 	1069654	23.00	149.00	6.73	28.02	101717.55	337630	1	CharlieHolbrow	
1540	0:17:57	1/1/2019 	1070568	15.00	8.00	7.13	28.02	101716.55	50551	1	CharlieHolbrow	
1541	0:17:57	1/1/2019 	1070696	25.00	150.00	6.62	28.02	101716.55	1835	0	CharlieHolbrow	
1542	0:17:59	1/1/2019 	1072293	24.00	162.00	6.68	28.02	101714.88	51914	0	CharlieHolbrow	
1543	0:17:59	1/1/2019 	1072457	23.00	112.00	6.71	28.02	101714.88	1844	0	CharlieHolbrow	
1544	0:18:01	1/1/2019 	1074270	20.00	88.00	6.86	28.03	101715.14	97780	1	CharlieHolbrow	
1545	0:18:03	1/1/2019 	1076898	15.00	9.00	7.14	28.03	101712.47	145750	0	CharlieHolbrow	
1546	0:18:03	1/1/2019 	1077062	32.00	329.00	6.39	28.03	101712.47	1835	0	CharlieHolbrow	
1547	0:18:03	1/1/2019 	1077107	23.00	101.00	6.70	28.03	101711.63	1835	0	CharlieHolbrow	
1548	0:18:04	1/1/2019 	1077177	15.00	7.00	7.13	28.03	101711.63	3800	0	CharlieHolbrow	
1549	0:18:04	1/1/2019 	1077637	40.00	492.00	6.21	28.03	101711.40	49806	0	CharlieHolbrow	
1550	0:18:04	1/1/2019 	1077950	15.00	7.00	7.13	28.03	101711.40	1836	0	CharlieHolbrow	
1551	0:18:06	1/1/2019 	1080034	22.00	157.00	6.79	28.03	101709.06	97775	0	CharlieHolbrow	
1552	0:18:07	1/1/2019 	1080159	20.00	58.00	6.85	28.03	101708.56	2581	0	CharlieHolbrow	
1553	0:18:07	1/1/2019 	1080340	22.00	113.00	6.76	28.03	101708.56	3941	0	CharlieHolbrow	
1554	0:18:08	1/1/2019 	1082095	17.00	33.00	7.03	28.03	101707.83	97777	0	CharlieHolbrow	
1555	0:18:09	1/1/2019 	1082480	15.00	7.00	7.13	28.03	101707.83	1836	1	CharlieHolbrow	
1556	0:18:09	1/1/2019 	1082841	18.00	36.00	6.96	28.03	101707.33	49808	0	CharlieHolbrow	
1557	0:18:10	1/1/2019 	1083319	15.00	7.00	7.13	28.03	101706.83	1835	0	CharlieHolbrow	
1558	0:18:11	1/1/2019 	1085123	20.00	91.00	6.87	28.03	101704.98	97776	0	CharlieHolbrow	
1559	0:18:12	1/1/2019 	1085677	15.00	7.00	7.13	28.03	101704.48	51772	0	CharlieHolbrow	
1560	0:18:13	1/1/2019 	1086921	22.00	125.00	6.77	28.03	101703.81	49806	1	CharlieHolbrow	
1561	0:18:14	1/1/2019 	1087357	15.00	7.00	7.13	28.03	101703.31	1836	0	CharlieHolbrow	
1562	0:18:15	1/1/2019 	1089088	32.00	353.00	6.40	28.03	101703.15	97779	1	CharlieHolbrow	
1563	0:18:16	1/1/2019 	1089604	16.00	8.00	7.06	28.03	101702.48	49808	0	CharlieHolbrow	
1564	0:18:17	1/1/2019 	1090287	15.00	7.00	7.13	28.03	101702.41	2580	0	CharlieHolbrow	
1565	0:18:17	1/1/2019 	1090604	35.00	405.00	6.32	28.03	101701.91	51910	0	CharlieHolbrow	
1566	0:18:20	1/1/2019 	1093889	16.00	17.00	7.08	28.03	101698.41	145745	0	CharlieHolbrow	
1567	0:18:21	1/1/2019 	1094169	15.00	8.00	7.13	28.03	101697.56	1836	0	CharlieHolbrow	
1568	0:18:21	1/1/2019 	1094384	28.00	213.00	6.50	28.03	101697.56	1835	1	CharlieHolbrow	
1569	0:18:23	1/1/2019 	1096687	15.00	8.00	7.13	28.03	101694.23	145749	1	CharlieHolbrow	
1570	0:18:23	1/1/2019 	1096701	22.00	106.00	6.76	28.03	101694.23	1835	1	CharlieHolbrow	
1571	0:18:25	1/1/2019 	1098369	33.00	368.00	6.37	28.03	101692.39	51772	1	CharlieHolbrow	
1572	0:18:25	1/1/2019 	1098800	15.00	7.00	7.13	28.03	101692.06	49808	0	CharlieHolbrow	
1573	0:18:29	1/1/2019 	1102276	18.00	61.00	6.98	28.03	101687.88	145752	1	CharlieHolbrow	
1574	0:18:29	1/1/2019 	1102334	15.00	8.00	7.13	28.03	101687.88	2581	1	CharlieHolbrow	
1575	0:18:29	1/1/2019 	1102810	14.00	7.00	7.21	28.03	101687.21	49807	0	CharlieHolbrow	
1576	0:18:30	1/1/2019 	1104141	15.00	8.00	7.13	28.03	101685.55	49806	0	CharlieHolbrow	
1577	0:18:32	1/1/2019 	1105231	15.00	7.00	7.13	28.03	101684.54	57679	0	CharlieHolbrow	
1578	0:18:33	1/1/2019 	1106435	17.00	28.00	7.03	28.04	101683.97	49807	0	CharlieHolbrow	
1579	0:18:34	1/1/2019 	1107355	15.00	7.00	7.13	28.04	101682.80	49808	0	CharlieHolbrow	
1580	0:18:34	1/1/2019 	1107593	21.00	81.00	6.80	28.04	101682.80	49806	0	CharlieHolbrow	
1581	0:18:34	1/1/2019 	1107810	15.00	8.00	7.13	28.04	101682.14	1834	0	CharlieHolbrow	
1582	0:18:36	1/1/2019 	1109307	29.00	267.00	6.48	28.04	101680.63	51769	1	CharlieHolbrow	
1583	0:18:39	1/1/2019 	1112177	15.00	7.00	7.13	28.04	101677.12	145756	0	CharlieHolbrow	
1584	0:18:40	1/1/2019 	1113226	21.00	89.00	6.80	28.04	101676.12	50561	0	CharlieHolbrow	
1585	0:18:40	1/1/2019 	1113443	24.00	146.00	6.67	28.04	101676.12	1844	1	CharlieHolbrow	
1586	0:18:41	1/1/2019 	1114637	17.00	32.00	7.03	28.04	101675.29	97786	0	CharlieHolbrow	
1587	0:18:44	1/1/2019 	1117224	15.00	7.00	7.13	28.03	101670.68	97782	0	CharlieHolbrow	
1588	0:18:44	1/1/2019 	1117367	25.00	135.00	6.61	28.03	101670.68	3942	1	CharlieHolbrow	
1589	0:18:45	1/1/2019 	1118489	19.00	76.00	6.92	28.03	101669.67	49807	0	CharlieHolbrow	
1590	0:18:46	1/1/2019 	1119832	19.00	67.00	6.91	28.03	101668.51	97781	0	CharlieHolbrow	
1591	0:18:48	1/1/2019 	1121842	23.00	151.00	6.73	28.03	101666.17	98525	0	CharlieHolbrow	
1592	0:18:48	1/1/2019 	1122064	14.00	7.00	7.21	28.03	101666.17	1835	0	CharlieHolbrow	
1593	0:18:49	1/1/2019 	1122602	21.00	105.00	6.82	28.03	101665.67	49805	0	CharlieHolbrow	
1594	0:18:50	1/1/2019 	1124134	15.00	8.00	7.13	28.04	101664.43	51914	0	CharlieHolbrow	
1595	0:18:51	1/1/2019 	1124922	15.00	7.00	7.13	28.04	101663.77	49806	0	CharlieHolbrow	
1596	0:18:53	1/1/2019 	1126242	19.00	69.00	6.91	28.04	101662.09	49806	0	CharlieHolbrow	
1597	0:18:53	1/1/2019 	1126894	23.00	128.00	6.72	28.04	101661.59	49807	1	CharlieHolbrow	
1598	0:18:55	1/1/2019 	1128555	27.00	257.00	6.56	28.04	101660.42	97777	1	CharlieHolbrow	
1599	0:18:56	1/1/2019 	1129299	15.00	9.00	7.14	28.03	101659.48	1836	0	CharlieHolbrow	
1600	0:18:56	1/1/2019 	1129889	16.00	8.00	7.06	28.03	101659.48	51772	0	CharlieHolbrow	
1601	0:18:58	1/1/2019 	1131650	12.00	7.00	7.36	28.03	101657.82	98521	0	CharlieHolbrow	
1602	0:18:59	1/1/2019 	1132481	14.00	7.00	7.21	28.03	101656.48	1834	0	CharlieHolbrow	
1603	0:18:59	1/1/2019 	1132792	16.00	8.00	7.06	28.03	101655.98	49806	0	CharlieHolbrow	
1604	0:18:59	1/1/2019 	1132952	18.00	43.00	6.97	28.03	101655.98	1834	0	CharlieHolbrow	
1605	0:19:01	1/1/2019 	1134438	15.00	8.00	7.13	28.03	101654.65	49806	0	CharlieHolbrow	
1606	0:19:01	1/1/2019 	1134665	30.00	248.00	6.43	28.03	101654.65	51913	1	CharlieHolbrow	
1607	0:19:01	1/1/2019 	1134890	16.00	9.00	7.07	28.03	101654.48	1836	0	CharlieHolbrow	
1608	0:19:01	1/1/2019 	1135018	21.00	82.00	6.80	28.03	101654.48	1834	1	CharlieHolbrow	
1609	0:19:03	1/1/2019 	1136258	19.00	65.00	6.91	28.03	101653.48	49808	0	CharlieHolbrow	
1610	0:19:03	1/1/2019 	1136983	22.00	119.00	6.77	28.03	101652.97	49807	1	CharlieHolbrow	
1611	0:19:06	1/1/2019 	1139389	14.00	8.00	7.21	28.03	101650.14	99742	0	CharlieHolbrow	
1612	0:19:07	1/1/2019 	1140719	19.00	85.00	6.92	28.03	101649.30	97780	1	CharlieHolbrow	
1613	0:19:07	1/1/2019 	1140856	39.00	458.00	6.22	28.03	101648.80	2581	0	CharlieHolbrow	
1614	0:19:08	1/1/2019 	1142102	20.00	89.00	6.86	28.03	101647.80	49806	0	CharlieHolbrow	
1615	0:19:09	1/1/2019 	1142785	19.00	84.00	6.92	28.03	101646.62	49811	1	CharlieHolbrow	
1616	0:19:09	1/1/2019 	1143049	30.00	267.00	6.44	28.03	101646.62	1844	0	CharlieHolbrow	
1617	0:19:13	1/1/2019 	1146288	15.00	9.00	7.14	28.03	101642.52	147881	0	CharlieHolbrow	
1618	0:19:13	1/1/2019 	1146345	15.00	8.00	7.13	28.03	101642.52	1836	0	CharlieHolbrow	
1619	0:19:14	1/1/2019 	1147835	15.00	7.00	7.13	28.03	101640.02	97775	0	CharlieHolbrow	
1620	0:19:15	1/1/2019 	1148259	17.00	26.00	7.02	28.03	101639.52	1835	0	CharlieHolbrow	
1621	0:19:15	1/1/2019 	1148933	17.00	24.00	7.02	28.03	101638.84	49807	0	CharlieHolbrow	
1622	0:19:19	1/1/2019 	1152566	15.00	7.00	7.13	28.03	101635.11	193716	0	CharlieHolbrow	
1623	0:19:20	1/1/2019 	1153446	15.00	8.00	7.13	28.03	101633.44	4945	0	CharlieHolbrow	
1624	0:19:21	1/1/2019 	1154407	21.00	98.00	6.81	28.03	101632.27	49804	1	CharlieHolbrow	
1625	0:19:21	1/1/2019 	1155072	17.00	25.00	7.02	28.03	101631.77	49805	0	CharlieHolbrow	
1626	0:19:22	1/1/2019 	1155963	22.00	128.00	6.77	28.03	101630.43	49805	0	CharlieHolbrow	
1627	0:19:23	1/1/2019 	1156282	23.00	139.00	6.72	28.03	101629.92	1837	1	CharlieHolbrow	
1628	0:19:23	1/1/2019 	1156804	16.00	11.00	7.07	28.03	101629.42	49807	0	CharlieHolbrow	
1629	0:19:23	1/1/2019 	1157114	18.00	40.00	6.97	28.03	101629.42	3820	1	CharlieHolbrow	
1630	0:19:25	1/1/2019 	1158220	22.00	108.00	6.76	28.03	101628.09	49805	0	CharlieHolbrow	
1631	0:19:27	1/1/2019 	1160304	15.00	8.00	7.13	28.03	101624.59	97777	0	CharlieHolbrow	
1632	0:19:27	1/1/2019 	1160560	20.00	77.00	6.86	28.03	101624.59	50791	0	CharlieHolbrow	
1633	0:19:27	1/1/2019 	1160789	29.00	262.00	6.48	28.03	101623.58	1835	1	CharlieHolbrow	
1634	0:19:27	1/1/2019 	1161153	22.00	96.00	6.75	28.03	101623.58	3937	1	CharlieHolbrow	
1635	0:19:31	1/1/2019 	1164383	14.00	8.00	7.21	28.03	101617.57	145745	0	CharlieHolbrow	
1636	0:19:32	1/1/2019 	1165242	15.00	7.00	7.13	28.03	101616.73	49806	0	CharlieHolbrow	
1637	0:19:32	1/1/2019 	1165813	47.00	731.00	6.20	28.03	101615.40	49806	1	CharlieHolbrow	
1638	0:19:34	1/1/2019 	1168127	14.00	8.00	7.21	28.03	101614.23	97776	0	CharlieHolbrow	
1639	0:19:35	1/1/2019 	1168938	24.00	141.00	6.67	28.03	101613.23	49806	1	CharlieHolbrow	
1640	0:19:36	1/1/2019 	1169237	21.00	109.00	6.82	28.03	101613.23	3798	0	CharlieHolbrow	
1641	0:19:39	1/1/2019 	1172376	15.00	7.00	7.13	28.03	101610.12	145750	1	CharlieHolbrow	
1642	0:19:41	1/1/2019 	1174168	22.00	136.00	6.78	28.03	101609.29	98767	1	CharlieHolbrow	
1643	0:19:44	1/1/2019 	1177176	19.00	79.00	6.92	28.03	101609.05	145748	0	CharlieHolbrow	
1644	0:19:44	1/1/2019 	1177318	17.00	20.00	7.02	28.03	101607.95	1836	0	CharlieHolbrow	
1645	0:19:46	1/1/2019 	1179253	22.00	114.00	6.76	28.03	101606.11	97775	1	CharlieHolbrow	
1646	0:19:46	1/1/2019 	1179753	20.00	65.00	6.85	28.03	101605.45	51914	0	CharlieHolbrow	
1647	0:19:46	1/1/2019 	1180113	14.00	7.00	7.21	28.03	101604.78	2819	0	CharlieHolbrow	
1648	0:19:51	1/1/2019 	1184472	15.00	7.00	7.13	28.03	101603.78	193712	0	CharlieHolbrow	
1649	0:19:52	1/1/2019 	1185288	18.00	52.00	6.97	28.03	101603.44	49805	1	CharlieHolbrow	
1650	0:19:52	1/1/2019 	1185745	37.00	412.00	6.26	28.03	101603.28	49807	1	CharlieHolbrow	
1651	0:19:52	1/1/2019 	1185857	32.00	326.00	6.38	28.03	101603.28	1835	1	CharlieHolbrow	
1652	0:19:53	1/1/2019 	1186934	29.00	304.00	6.49	28.03	101602.78	51913	0	CharlieHolbrow	
1653	0:19:54	1/1/2019 	1188044	15.00	8.00	7.13	28.03	101602.44	49805	0	CharlieHolbrow	
1654	0:19:55	1/1/2019 	1188285	40.00	518.00	6.22	28.03	101602.44	1835	0	CharlieHolbrow	
1655	0:19:56	1/1/2019 	1189641	21.00	128.00	6.83	28.03	101601.61	97780	1	CharlieHolbrow	
1656	0:19:57	1/1/2019 	1190345	20.00	100.00	6.87	28.03	101600.51	2820	1	CharlieHolbrow	
1657	0:19:58	1/1/2019 	1191346	14.00	7.00	7.21	28.03	101599.84	51915	0	CharlieHolbrow	
1658	0:20:01	1/1/2019 	1194842	16.00	11.00	7.07	28.03	101597.84	193721	0	CharlieHolbrow	
1659	0:20:04	1/1/2019 	1197469	21.00	116.00	6.82	28.03	101595.90	97780	1	CharlieHolbrow	
1660	0:20:08	1/1/2019 	1201448	29.00	272.00	6.48	28.03	101594.89	193724	1	CharlieHolbrow	
1661	0:20:08	1/1/2019 	1202205	22.00	111.00	6.76	28.03	101594.73	50791	1	CharlieHolbrow	
1662	0:20:08	1/1/2019 	1202305	18.00	33.00	6.96	28.03	101594.73	1835	1	CharlieHolbrow	
1663	0:20:08	1/1/2019 	1202434	16.00	8.00	7.06	28.02	101593.97	3941	0	CharlieHolbrow	
1664	0:20:09	1/1/2019 	1202993	24.00	193.00	6.70	28.02	101593.62	49810	0	CharlieHolbrow	
1665	0:20:10	1/1/2019 	1203500	20.00	93.00	6.87	28.02	101593.62	1843	0	CharlieHolbrow	
1666	0:20:10	1/1/2019 	1204243	29.00	243.00	6.47	28.02	101593.30	49836	1	CharlieHolbrow	
1667	0:20:13	1/1/2019 	1207005	15.00	8.00	7.13	28.02	101591.80	145753	0	CharlieHolbrow	
1668	0:20:14	1/1/2019 	1207960	15.00	8.00	7.13	28.02	101591.45	49807	0	CharlieHolbrow	
1669	0:20:15	1/1/2019 	1209075	15.00	7.00	7.13	28.02	101591.30	51773	0	CharlieHolbrow	
1670	0:20:15	1/1/2019 	1209181	27.00	182.00	6.54	28.02	101591.30	1835	1	CharlieHolbrow	
1671	0:20:16	1/1/2019 	1209794	23.00	128.00	6.72	28.02	101590.56	49809	0	CharlieHolbrow	
1672	0:20:18	1/1/2019 	1211952	19.00	66.00	6.91	28.02	101589.56	98764	1	CharlieHolbrow	
1673	0:20:19	1/1/2019 	1212924	30.00	318.00	6.46	28.02	101588.89	49808	1	CharlieHolbrow	
1674	0:20:20	1/1/2019 	1214001	20.00	74.00	6.85	28.02	101588.39	49807	1	CharlieHolbrow	
1675	0:20:23	1/1/2019 	1217363	18.00	39.00	6.96	28.02	101586.89	147856	0	CharlieHolbrow	
1676	0:20:24	1/1/2019 	1217819	46.00	710.00	6.20	28.02	101586.55	49805	1	CharlieHolbrow	
1677	0:20:25	1/1/2019 	1218714	21.00	108.00	6.82	28.02	101585.78	49808	0	CharlieHolbrow	
1678	0:20:34	1/1/2019 	1227601	21.00	101.00	6.81	28.02	101582.94	433587	0	CharlieHolbrow	
1679	0:20:37	1/1/2019 	1230963	24.00	153.00	6.68	28.02	101581.52	146739	1	CharlieHolbrow	
1680	0:20:38	1/1/2019 	1231884	17.00	28.00	7.03	28.02	101581.34	52899	1	CharlieHolbrow	
1681	0:20:41	1/1/2019 	1234883	29.00	270.00	6.48	28.02	101580.84	145752	1	CharlieHolbrow	
1682	0:20:43	1/1/2019 	1236873	16.00	18.00	7.08	28.02	101580.67	97782	1	CharlieHolbrow	
1683	0:20:45	1/1/2019 	1239446	15.00	7.00	7.13	28.01	101579.58	97781	0	CharlieHolbrow	
1684	0:20:48	1/1/2019 	1242186	24.00	171.00	6.69	28.01	101579.08	145754	0	CharlieHolbrow	
1685	0:20:48	1/1/2019 	1242267	22.00	112.00	6.76	28.01	101579.08	2820	1	CharlieHolbrow	
1686	0:20:49	1/1/2019 	1243398	20.00	88.00	6.86	28.01	101578.58	51914	1	CharlieHolbrow	
1687	0:20:51	1/1/2019 	1244562	15.00	7.00	7.13	28.01	101578.08	97782	0	CharlieHolbrow	
1688	0:20:51	1/1/2019 	1245192	16.00	8.00	7.06	28.01	101577.91	1835	0	CharlieHolbrow	
1689	0:20:54	1/1/2019 	1248213	17.00	28.00	7.03	28.01	101575.80	145751	0	CharlieHolbrow	
1690	0:20:58	1/1/2019 	1252140	23.00	147.00	6.73	28.01	101574.13	193728	1	CharlieHolbrow	
1691	0:20:59	1/1/2019 	1252685	17.00	30.00	7.03	28.01	101573.97	50794	0	CharlieHolbrow	
1692	0:20:59	1/1/2019 	1253178	17.00	17.00	7.01	28.01	101573.80	3942	1	CharlieHolbrow	
1693	0:21:01	1/1/2019 	1254950	14.00	7.00	7.21	28.01	101572.70	97781	0	CharlieHolbrow	
1694	0:21:01	1/1/2019 	1255259	14.00	7.00	7.21	28.01	101572.36	1835	0	CharlieHolbrow	
1695	0:21:02	1/1/2019 	1256328	29.00	273.00	6.48	28.01	101572.36	49807	1	CharlieHolbrow	
1696	0:21:03	1/1/2019 	1257005	22.00	125.00	6.77	28.01	101572.36	49809	1	CharlieHolbrow	
1697	0:21:03	1/1/2019 	1257346	18.00	32.00	6.96	28.01	101572.36	1837	1	CharlieHolbrow	
1698	0:21:09	1/1/2019 	1263026	15.00	7.00	7.13	28.01	101571.36	291630	0	CharlieHolbrow	
1699	0:21:09	1/1/2019 	1263402	30.00	262.00	6.43	28.01	101571.36	2820	0	CharlieHolbrow	
1700	0:21:16	1/1/2019 	1270092	15.00	7.00	7.13	28.01	101569.09	337633	0	CharlieHolbrow	
1701	0:21:16	1/1/2019 	1270367	25.00	150.00	6.62	28.01	101569.09	2820	1	CharlieHolbrow	
1702	0:21:17	1/1/2019 	1270639	42.00	572.00	6.20	28.01	101568.92	49807	1	CharlieHolbrow	
1703	0:21:17	1/1/2019 	1270843	15.00	7.00	7.13	28.01	101568.92	3942	0	CharlieHolbrow	
1704	0:21:18	1/1/2019 	1271717	15.00	8.00	7.13	28.01	101568.59	49804	0	CharlieHolbrow	
1705	0:21:18	1/1/2019 	1271841	27.00	215.00	6.55	28.01	101568.59	1835	1	CharlieHolbrow	
1706	0:21:19	1/1/2019 	1272451	18.00	45.00	6.97	28.01	101568.42	1836	0	CharlieHolbrow	
1707	0:21:20	1/1/2019 	1273456	28.00	239.00	6.51	28.01	101567.92	49807	1	CharlieHolbrow	
1708	0:21:20	1/1/2019 	1273991	16.00	10.00	7.07	28.01	101567.92	49805	0	CharlieHolbrow	
1709	0:21:21	1/1/2019 	1275100	35.00	410.00	6.32	28.01	101567.59	51769	1	CharlieHolbrow	
1710	0:21:23	1/1/2019 	1277136	21.00	104.00	6.81	28.00	101566.66	97777	0	CharlieHolbrow	
1711	0:21:23	1/1/2019 	1277408	15.00	8.00	7.13	28.00	101566.66	1836	0	CharlieHolbrow	
1712	0:21:25	1/1/2019 	1278857	44.00	624.00	6.19	28.00	101566.33	97774	1	CharlieHolbrow	
1713	0:21:26	1/1/2019 	1279959	15.00	9.00	7.14	28.01	101566.76	49807	0	CharlieHolbrow	
1714	0:21:28	1/1/2019 	1281851	16.00	11.00	7.07	28.01	101565.75	98761	0	CharlieHolbrow	
1715	0:21:30	1/1/2019 	1283489	21.00	131.00	6.84	28.01	101565.42	51913	0	CharlieHolbrow	
1716	0:21:33	1/1/2019 	1286801	37.00	468.00	6.28	28.00	101563.66	193724	1	CharlieHolbrow	
1717	0:21:33	1/1/2019 	1287148	20.00	79.00	6.86	28.00	101563.66	1836	0	CharlieHolbrow	
1718	0:21:39	1/1/2019 	1293100	16.00	8.00	7.06	28.00	101560.22	289669	0	CharlieHolbrow	
1719	0:21:39	1/1/2019 	1293223	40.00	396.00	6.18	28.00	101560.22	2819	0	CharlieHolbrow	
1720	0:21:40	1/1/2019 	1293630	22.00	124.00	6.77	28.00	101560.64	49808	0	CharlieHolbrow	
1721	0:21:45	1/1/2019 	1298937	21.00	106.00	6.82	28.00	101558.81	243803	0	CharlieHolbrow	
1722	0:21:48	1/1/2019 	1301740	23.00	141.00	6.73	28.00	101557.64	145752	0	CharlieHolbrow	
1723	0:21:49	1/1/2019 	1302756	26.00	225.00	6.60	28.00	101557.14	50792	1	CharlieHolbrow	
1724	0:21:49	1/1/2019 	1303294	23.00	122.00	6.71	28.00	101556.80	1837	1	CharlieHolbrow	
1725	0:21:54	1/1/2019 	1307927	19.00	82.00	6.92	28.00	101553.47	241694	1	CharlieHolbrow	
1726	0:22:00	1/1/2019 	1313766	36.00	446.00	6.30	28.00	101551.46	291776	1	CharlieHolbrow	
1727	0:22:04	1/1/2019 	1317801	19.00	61.00	6.91	28.00	101549.69	194705	1	CharlieHolbrow	
1728	0:22:04	1/1/2019 	1318075	16.00	8.00	7.06	28.00	101549.69	1836	0	CharlieHolbrow	
1729	0:22:04	1/1/2019 	1318378	30.00	284.00	6.44	28.00	101549.86	1834	1	CharlieHolbrow	
1730	0:22:05	1/1/2019 	1318476	15.00	7.00	7.13	28.00	101549.86	1836	0	CharlieHolbrow	
1731	0:22:08	1/1/2019 	1322287	17.00	33.00	7.03	28.00	101558.48	193725	1	CharlieHolbrow	
1732	0:22:11	1/1/2019 	1325058	33.00	400.00	6.38	28.00	101562.16	148844	1	CharlieHolbrow	
1733	0:22:12	1/1/2019 	1325761	15.00	7.00	7.13	28.00	101562.83	49808	1	CharlieHolbrow	
1734	0:22:12	1/1/2019 	1326402	22.00	96.00	6.75	28.00	101562.83	1836	1	CharlieHolbrow	
1735	0:22:13	1/1/2019 	1326610	20.00	104.00	6.88	28.00	101562.83	49808	0	CharlieHolbrow	
1736	0:22:13	1/1/2019 	1326934	22.00	95.00	6.75	28.00	101562.66	1836	1	CharlieHolbrow	
1737	0:22:14	1/1/2019 	1327707	23.00	162.00	6.74	28.00	101561.66	49806	1	CharlieHolbrow	
1738	0:22:15	1/1/2019 	1328777	16.00	14.00	7.08	28.00	101559.88	51773	0	CharlieHolbrow	
1739	0:22:16	1/1/2019 	1329823	20.00	101.00	6.87	28.00	101558.98	49808	1	CharlieHolbrow	
1740	0:22:20	1/1/2019 	1334209	20.00	87.00	6.86	28.00	101552.03	194704	1	CharlieHolbrow	
1741	0:22:21	1/1/2019 	1334738	18.00	45.00	6.97	28.00	101551.20	49808	1	CharlieHolbrow	
1742	0:22:22	1/1/2019 	1335976	21.00	99.00	6.81	28.00	101550.03	49807	0	CharlieHolbrow	
1743	0:22:23	1/1/2019 	1337053	17.00	19.00	7.02	28.00	101548.86	51914	0	CharlieHolbrow	
1744	0:22:27	1/1/2019 	1340860	15.00	8.00	7.13	28.00	101545.36	193722	0	CharlieHolbrow	
1745	0:22:27	1/1/2019 	1341109	14.00	7.00	7.21	28.00	101545.36	2819	0	CharlieHolbrow	
1746	0:22:28	1/1/2019 	1342165	20.00	85.00	6.86	28.00	101544.02	49805	0	CharlieHolbrow	
1747	0:22:28	1/1/2019 	1342325	27.00	219.00	6.55	28.00	101543.69	1835	0	CharlieHolbrow	
1748	0:22:31	1/1/2019 	1344673	27.00	223.00	6.55	28.00	101543.52	145753	1	CharlieHolbrow	
1749	0:22:33	1/1/2019 	1347044	15.00	13.00	7.15	28.00	101544.36	99888	1	CharlieHolbrow	
1750	0:22:33	1/1/2019 	1347390	49.00	665.00	6.15	28.00	101544.19	1836	1	CharlieHolbrow	
1751	0:22:35	1/1/2019 	1349023	31.00	313.00	6.42	28.00	101543.35	97780	1	CharlieHolbrow	
1752	0:22:36	1/1/2019 	1349876	29.00	288.00	6.49	28.00	101542.85	49811	1	CharlieHolbrow	
1753	0:22:39	1/1/2019 	1352487	28.00	271.00	6.52	27.99	101541.75	98765	1	CharlieHolbrow	
1754	0:22:39	1/1/2019 	1353195	19.00	43.00	6.90	28.00	101541.69	49808	0	CharlieHolbrow	
1755	0:22:39	1/1/2019 	1353370	20.00	66.00	6.85	28.00	101541.34	3942	0	CharlieHolbrow	
1756	0:22:40	1/1/2019 	1353854	20.00	79.00	6.86	28.00	101540.84	49805	1	CharlieHolbrow	
1757	0:22:41	1/1/2019 	1354740	20.00	85.00	6.86	28.00	101540.68	49807	1	CharlieHolbrow	
1758	0:22:41	1/1/2019 	1355094	21.00	101.00	6.81	28.00	101540.18	1835	1	CharlieHolbrow	
1759	0:22:42	1/1/2019 	1355455	23.00	148.00	6.73	28.00	101539.84	1835	1	CharlieHolbrow	
1760	0:22:47	1/1/2019 	1360956	33.00	394.00	6.38	27.99	101537.08	289667	1	CharlieHolbrow	
1761	0:22:50	1/1/2019 	1363624	13.00	10.00	7.29	27.99	101536.41	148848	0	CharlieHolbrow	
1762	0:22:52	1/1/2019 	1366140	15.00	8.00	7.13	27.99	101536.81	97782	0	CharlieHolbrow	
1763	0:22:54	1/1/2019 	1367741	28.00	260.00	6.52	27.99	101535.48	97779	1	CharlieHolbrow	
1764	0:22:55	1/1/2019 	1369140	25.00	167.00	6.63	27.99	101534.98	49808	1	CharlieHolbrow	
1765	0:22:56	1/1/2019 	1369981	15.00	7.00	7.13	27.99	101534.64	49809	0	CharlieHolbrow	
1766	0:22:56	1/1/2019 	1370247	35.00	382.00	6.31	27.99	101534.64	4924	1	CharlieHolbrow	
1767	0:22:57	1/1/2019 	1370644	42.00	595.00	6.21	27.99	101534.73	49808	1	CharlieHolbrow	
1768	0:22:58	1/1/2019 	1371821	25.00	189.00	6.64	27.99	101534.30	49809	1	CharlieHolbrow	
1769	0:23:00	1/1/2019 	1373803	15.00	8.00	7.13	27.99	101537.08	97780	0	CharlieHolbrow	
1770	0:23:02	1/1/2019 	1375738	18.00	49.00	6.97	27.99	101538.41	97781	1	CharlieHolbrow	
1771	0:23:05	1/1/2019 	1378723	16.00	15.00	7.08	27.99	101541.59	145754	1	CharlieHolbrow	
1772	0:23:05	1/1/2019 	1379407	21.00	85.00	6.80	27.99	101542.48	3801	1	CharlieHolbrow	
1773	0:23:06	1/1/2019 	1379887	17.00	42.00	7.03	27.99	101543.16	49808	1	CharlieHolbrow	
1774	0:23:15	1/1/2019 	1388576	29.00	317.00	6.50	27.99	101537.14	434574	1	CharlieHolbrow	
1775	0:23:15	1/1/2019 	1388663	16.00	11.00	7.07	27.99	101537.14	1836	0	CharlieHolbrow	
1776	0:23:15	1/1/2019 	1388860	17.00	11.00	7.00	27.99	101536.64	1835	0	CharlieHolbrow	
1777	0:23:17	1/1/2019 	1390478	17.00	30.00	7.03	27.99	101535.31	49808	0	CharlieHolbrow	
1778	0:23:17	1/1/2019 	1391160	21.00	104.00	6.81	27.99	101534.80	52899	1	CharlieHolbrow	
1779	0:23:18	1/1/2019 	1391912	16.00	118.00	7.16	27.99	101533.97	49805	0	CharlieHolbrow	
1780	0:23:19	1/1/2019 	1393153	29.00	308.00	6.50	27.99	101533.97	49807	1	CharlieHolbrow	
1781	0:23:23	1/1/2019 	1396571	15.00	11.00	7.14	27.99	101530.37	193725	0	CharlieHolbrow	
1782	0:23:24	1/1/2019 	1397602	23.00	149.00	6.73	27.99	101530.03	49807	0	CharlieHolbrow	
1783	0:23:25	1/1/2019 	1398859	22.00	144.00	6.78	27.99	101529.87	49807	1	CharlieHolbrow	
1784	0:23:27	1/1/2019 	1401309	15.00	8.00	7.13	27.99	101528.36	99747	0	CharlieHolbrow	
1785	0:23:28	1/1/2019 	1401751	42.00	584.00	6.21	27.99	101528.03	50792	1	CharlieHolbrow	
1786	0:23:28	1/1/2019 	1402181	27.00	199.00	6.55	27.99	101526.93	1836	0	CharlieHolbrow	
1787	0:23:29	1/1/2019 	1402648	22.00	141.00	6.78	27.99	101526.43	49808	1	CharlieHolbrow	
1788	0:23:29	1/1/2019 	1402908	22.00	105.00	6.76	27.99	101525.93	1836	1	CharlieHolbrow	
1789	0:23:31	1/1/2019 	1404747	15.00	7.00	7.13	27.99	101524.25	99886	0	CharlieHolbrow	
1790	0:23:31	1/1/2019 	1405117	24.00	117.00	6.65	27.99	101523.76	1835	0	CharlieHolbrow	
1791	0:23:33	1/1/2019 	1406637	30.00	281.00	6.44	27.99	101522.25	97779	1	CharlieHolbrow	
1792	0:23:36	1/1/2019 	1409806	15.00	7.00	7.13	27.98	101518.15	145752	0	CharlieHolbrow	
1793	0:23:38	1/1/2019 	1411447	15.00	7.00	7.13	27.98	101516.31	50792	0	CharlieHolbrow	
1794	0:23:39	1/1/2019 	1413178	45.00	657.00	6.19	27.98	101514.88	97783	1	CharlieHolbrow	
1795	0:23:44	1/1/2019 	1418092	26.00	277.00	6.62	27.98	101510.50	243806	1	CharlieHolbrow	
1796	0:23:44	1/1/2019 	1418306	15.00	7.00	7.13	27.98	101510.50	1836	0	CharlieHolbrow	
1797	0:23:45	1/1/2019 	1419370	15.00	8.00	7.13	27.98	101510.00	49806	0	CharlieHolbrow	
1798	0:23:48	1/1/2019 	1421605	41.00	576.00	6.22	27.98	101508.84	145751	0	CharlieHolbrow	
1799	0:23:49	1/1/2019 	1423337	29.00	302.00	6.49	27.97	101507.57	50791	1	CharlieHolbrow	
1800	0:23:50	1/1/2019 	1424288	17.00	33.00	7.03	27.97	101506.91	49809	1	CharlieHolbrow	
1801	0:23:51	1/1/2019 	1424568	20.00	100.00	6.87	27.97	101506.56	51857	1	CharlieHolbrow	
1802	0:23:54	1/1/2019 	1427794	17.00	19.00	7.02	27.97	101505.14	145750	1	CharlieHolbrow	
1803	0:23:54	1/1/2019 	1428276	22.00	92.00	6.75	27.97	101504.97	1835	1	CharlieHolbrow	
1804	0:23:57	1/1/2019 	1430612	23.00	159.00	6.74	27.97	101503.53	145753	0	CharlieHolbrow	
1805	0:23:58	1/1/2019 	1432181	22.00	117.00	6.77	27.97	101502.70	50553	0	CharlieHolbrow	
1806	0:24:01	1/1/2019 	1434622	22.00	110.00	6.76	27.96	101501.27	145753	0	CharlieHolbrow	
1807	0:24:04	1/1/2019 	1438217	14.00	8.00	7.21	27.96	101500.09	149048	0	CharlieHolbrow	
1808	0:24:04	1/1/2019 	1438236	24.00	151.00	6.68	27.96	101500.09	1835	1	CharlieHolbrow	
1809	0:24:07	1/1/2019 	1440606	45.00	671.00	6.20	27.96	101498.00	145751	0	CharlieHolbrow	
1810	0:24:08	1/1/2019 	1441488	24.00	90.00	6.64	27.96	101497.56	2581	1	CharlieHolbrow	
1811	0:24:10	1/1/2019 	1443453	16.00	9.00	7.07	27.96	101498.40	97778	0	CharlieHolbrow	
1812	0:24:10	1/1/2019 	1443577	15.00	7.00	7.13	27.96	101498.73	51914	0	CharlieHolbrow	
1813	0:24:11	1/1/2019 	1444748	15.00	7.00	7.13	27.96	101499.73	49807	0	CharlieHolbrow	
1814	0:24:11	1/1/2019 	1444897	21.00	79.00	6.80	27.96	101499.73	1835	0	CharlieHolbrow	
1815	0:24:11	1/1/2019 	1445310	24.00	149.00	6.68	27.96	101500.06	1835	1	CharlieHolbrow	
1816	0:24:12	1/1/2019 	1445650	21.00	78.00	6.80	27.96	101500.23	49807	1	CharlieHolbrow	
1817	0:24:14	1/1/2019 	1447614	31.00	322.00	6.42	27.96	101503.58	97778	0	CharlieHolbrow	
1818	0:24:16	1/1/2019 	1449455	21.00	111.00	6.82	27.96	101507.25	51774	1	CharlieHolbrow	
1819	0:24:19	1/1/2019 	1452892	21.00	109.00	6.82	27.96	101510.83	193722	1	CharlieHolbrow	
1820	0:24:19	1/1/2019 	1453005	35.00	373.00	6.31	27.96	101510.83	2581	1	CharlieHolbrow	
1821	0:24:20	1/1/2019 	1453969	15.00	7.00	7.13	27.96	101511.49	49805	0	CharlieHolbrow	
1822	0:24:21	1/1/2019 	1455120	19.00	52.00	6.91	27.96	101510.83	49806	0	CharlieHolbrow	
1823	0:24:23	1/1/2019 	1456634	21.00	106.00	6.82	27.96	101510.33	97777	0	CharlieHolbrow	
1824	0:24:25	1/1/2019 	1458581	20.00	69.00	6.85	27.96	101507.98	99882	0	CharlieHolbrow	
1825	0:24:27	1/1/2019 	1461361	50.00	820.00	6.20	27.96	101503.91	97776	1	CharlieHolbrow	
1826	0:24:28	1/1/2019 	1461597	29.00	257.00	6.47	27.96	101502.48	50552	0	CharlieHolbrow	
1827	0:24:29	1/1/2019 	1463053	15.00	10.00	7.14	27.96	101499.30	49807	0	CharlieHolbrow	
1828	0:24:29	1/1/2019 	1463202	16.00	8.00	7.06	27.96	101499.30	1836	0	CharlieHolbrow	
1829	0:24:33	1/1/2019 	1466557	15.00	8.00	7.13	27.96	101491.45	193717	0	CharlieHolbrow	
1830	0:24:34	1/1/2019 	1468350	15.00	7.00	7.13	27.95	101488.22	51912	0	CharlieHolbrow	
1831	0:24:35	1/1/2019 	1469038	16.00	18.00	7.08	27.95	101487.22	49806	0	CharlieHolbrow	
1832	0:24:35	1/1/2019 	1469148	26.00	212.00	6.60	27.95	101486.21	1835	1	CharlieHolbrow	
1833	0:24:35	1/1/2019 	1469235	46.00	682.00	6.19	27.95	101486.21	1836	1	CharlieHolbrow	
1834	0:24:39	1/1/2019 	1473199	22.00	152.00	6.79	27.95	101480.03	193718	1	CharlieHolbrow	
1835	0:24:40	1/1/2019 	1473740	19.00	74.00	6.92	27.95	101479.20	52688	1	CharlieHolbrow	
1836	0:24:43	1/1/2019 	1476887	15.00	7.00	7.13	27.95	101474.42	145745	0	CharlieHolbrow	
1837	0:24:43	1/1/2019 	1477067	25.00	174.00	6.64	27.95	101474.42	1836	1	CharlieHolbrow	
1838	0:24:44	1/1/2019 	1478010	16.00	12.00	7.07	27.95	101473.27	49805	0	CharlieHolbrow	
1839	0:24:45	1/1/2019 	1478790	16.00	8.00	7.06	27.95	101471.76	49805	0	CharlieHolbrow	
1840	0:24:45	1/1/2019 	1478804	18.00	47.00	6.97	27.95	101471.76	1835	0	CharlieHolbrow	
1841	0:24:47	1/1/2019 	1481220	17.00	19.00	7.02	27.95	101468.48	103151	0	CharlieHolbrow	
1842	0:24:48	1/1/2019 	1482370	21.00	105.00	6.82	27.95	101467.31	50550	1	CharlieHolbrow	
1843	0:24:49	1/1/2019 	1483009	15.00	7.00	7.13	27.95	101466.98	49806	0	CharlieHolbrow	
1844	0:24:49	1/1/2019 	1483282	32.00	290.00	6.37	27.95	101466.48	1835	1	CharlieHolbrow	
1845	0:24:49	1/1/2019 	1483334	17.00	20.00	7.02	27.95	101466.48	1835	0	CharlieHolbrow	
1846	0:24:51	1/1/2019 	1485024	15.00	9.00	7.14	27.95	101464.55	97775	0	CharlieHolbrow	
1847	0:24:54	1/1/2019 	1487706	17.00	35.00	7.03	27.95	101463.05	147856	1	CharlieHolbrow	
1848	0:24:55	1/1/2019 	1489319	14.00	7.00	7.21	27.95	101464.22	49807	0	CharlieHolbrow	
1849	0:24:56	1/1/2019 	1489894	21.00	113.00	6.82	27.94	101464.62	49808	1	CharlieHolbrow	
1850	0:24:57	1/1/2019 	1490799	37.00	477.00	6.28	27.94	101466.45	50552	1	CharlieHolbrow	
1851	0:24:59	1/1/2019 	1493211	17.00	22.00	7.02	27.94	101463.95	97778	0	CharlieHolbrow	
1852	0:25:02	1/1/2019 	1495550	14.00	7.00	7.21	27.94	101461.61	145752	0	CharlieHolbrow	
1853	0:25:02	1/1/2019 	1495748	21.00	84.00	6.80	27.94	101460.77	3942	1	CharlieHolbrow	
1854	0:25:02	1/1/2019 	1495894	19.00	67.00	6.91	27.94	101460.77	1835	1	CharlieHolbrow	
1855	0:25:09	1/1/2019 	1501731	23.00	154.00	6.73	27.94	101448.92	289675	1	CharlieHolbrow	
1856	0:25:10	1/1/2019 	1503130	22.00	130.00	6.78	27.94	101447.09	50553	1	CharlieHolbrow	
1857	0:25:10	1/1/2019 	1503621	15.00	8.00	7.13	27.94	101446.41	49809	0	CharlieHolbrow	
1858	0:25:11	1/1/2019 	1503863	27.00	246.00	6.56	27.94	101445.58	3995	1	CharlieHolbrow	
1859	0:25:13	1/1/2019 	1506303	32.00	371.00	6.41	27.94	101441.23	97782	1	CharlieHolbrow	
1860	0:25:13	1/1/2019 	1506328	17.00	28.00	7.03	27.94	101441.23	1836	1	CharlieHolbrow	
1861	0:25:13	1/1/2019 	1506390	27.00	211.00	6.55	27.94	101441.23	1835	0	CharlieHolbrow	
1862	0:25:14	1/1/2019 	1506908	24.00	173.00	6.69	27.94	101440.57	49808	1	CharlieHolbrow	
1863	0:25:15	1/1/2019 	1508456	18.00	54.00	6.97	27.94	101438.06	49809	0	CharlieHolbrow	
1864	0:25:16	1/1/2019 	1509116	25.00	186.00	6.64	27.94	101437.40	51773	1	CharlieHolbrow	
1865	0:25:16	1/1/2019 	1509408	28.00	248.00	6.51	27.94	101436.73	1836	1	CharlieHolbrow	
1866	0:25:17	1/1/2019 	1510138	26.00	243.00	6.61	27.94	101435.89	49811	1	CharlieHolbrow	
1867	0:25:19	1/1/2019 	1511941	21.00	115.00	6.82	27.94	101433.05	98524	0	CharlieHolbrow	
1868	0:25:19	1/1/2019 	1512632	15.00	7.00	7.13	27.94	101432.39	49808	0	CharlieHolbrow	
1869	0:25:22	1/1/2019 	1515110	20.00	84.00	6.86	27.94	101429.55	97778	1	CharlieHolbrow	
1870	0:25:24	1/1/2019 	1517158	21.00	97.00	6.81	27.94	101427.22	99886	1	CharlieHolbrow	
1871	0:25:25	1/1/2019 	1517798	17.00	24.00	7.02	27.94	101426.21	49807	1	CharlieHolbrow	
1872	0:25:29	1/1/2019 	1522705	15.00	8.00	7.13	27.94	101421.61	241697	0	CharlieHolbrow	
1873	0:25:30	1/1/2019 	1522756	22.00	124.00	6.77	27.94	101421.61	2580	1	CharlieHolbrow	
1874	0:25:30	1/1/2019 	1523102	18.00	28.00	6.96	27.94	101421.61	1836	1	CharlieHolbrow	
1875	0:25:30	1/1/2019 	1523477	20.00	93.00	6.87	27.94	101421.27	1835	1	CharlieHolbrow	
1876	0:25:32	1/1/2019 	1524888	26.00	204.00	6.60	27.94	101420.11	99885	1	CharlieHolbrow	
1877	0:25:33	1/1/2019 	1526001	16.00	13.00	7.08	27.94	101419.27	49808	1	CharlieHolbrow	
1878	0:25:33	1/1/2019 	1526706	17.00	13.00	7.01	27.94	101418.94	49807	0	CharlieHolbrow	
1879	0:25:38	1/1/2019 	1531459	23.00	141.00	6.73	27.94	101414.59	193721	1	CharlieHolbrow	
1880	0:25:40	1/1/2019 	1533465	21.00	118.00	6.83	27.94	101412.49	98524	1	CharlieHolbrow	
1881	0:25:41	1/1/2019 	1534246	24.00	137.00	6.67	27.94	101411.83	51916	1	CharlieHolbrow	
1882	0:25:46	1/1/2019 	1539638	20.00	83.00	6.86	27.94	101407.48	289671	0	CharlieHolbrow	
1883	0:25:49	1/1/2019 	1542474	26.00	236.00	6.61	27.94	101404.64	98525	1	CharlieHolbrow	
1884	0:25:50	1/1/2019 	1542835	15.00	7.00	7.13	27.94	101404.31	49807	1	CharlieHolbrow	
1885	0:25:50	1/1/2019 	1543331	16.00	8.00	7.06	27.94	101403.98	1834	0	CharlieHolbrow	
1886	0:25:52	1/1/2019 	1545333	18.00	40.00	6.97	27.94	101401.88	97780	0	CharlieHolbrow	
1887	0:25:54	1/1/2019 	1546970	19.00	74.00	6.92	27.94	101400.70	99890	0	CharlieHolbrow	
1888	0:25:59	1/1/2019 	1552105	48.00	848.00	6.24	27.94	101397.37	241696	1	CharlieHolbrow	
1889	0:25:59	1/1/2019 	1552202	16.00	16.00	7.08	27.94	101397.37	2581	0	CharlieHolbrow	
1890	0:26:01	1/1/2019 	1553818	22.00	128.00	6.77	27.94	101396.03	97778	1	CharlieHolbrow	
1891	0:26:01	1/1/2019 	1553856	30.00	270.00	6.44	27.94	101396.03	1836	1	CharlieHolbrow	
1892	0:26:02	1/1/2019 	1555594	20.00	91.00	6.87	27.94	101395.20	97780	0	CharlieHolbrow	
1893	0:26:07	1/1/2019 	1559928	15.00	7.00	7.13	27.93	101392.59	195882	0	CharlieHolbrow	
1894	0:26:07	1/1/2019 	1560170	21.00	88.00	6.80	27.93	101392.59	2581	0	CharlieHolbrow	
1895	0:26:08	1/1/2019 	1561261	20.00	84.00	6.86	27.93	101392.09	49807	1	CharlieHolbrow	
1896	0:26:09	1/1/2019 	1561807	34.00	401.00	6.35	27.93	101391.59	49806	1	CharlieHolbrow	
1897	0:26:09	1/1/2019 	1561940	30.00	281.00	6.44	27.93	101391.59	1836	1	CharlieHolbrow	
1898	0:26:10	1/1/2019 	1563578	16.00	9.00	7.07	27.93	101390.59	99887	1	CharlieHolbrow	
1899	0:26:11	1/1/2019 	1564316	15.00	5.00	7.13	27.93	101390.42	1834	0	CharlieHolbrow	
1900	0:26:11	1/1/2019 	1564470	22.00	114.00	6.76	27.93	101390.42	1834	0	CharlieHolbrow	
1901	0:26:12	1/1/2019 	1565640	15.00	8.00	7.13	27.93	101389.76	97780	0	CharlieHolbrow	
1902	0:26:13	1/1/2019 	1566134	16.00	10.00	7.07	27.93	101389.26	1836	1	CharlieHolbrow	
1903	0:26:15	1/1/2019 	1567830	23.00	150.00	6.73	27.93	101387.92	97781	1	CharlieHolbrow	
1904	0:26:16	1/1/2019 	1569013	19.00	62.00	6.91	27.93	101387.08	51772	1	CharlieHolbrow	
1905	0:26:16	1/1/2019 	1569062	22.00	114.00	6.76	27.93	101387.08	1837	1	CharlieHolbrow	
1906	0:26:16	1/1/2019 	1569319	17.00	14.00	7.01	27.93	101387.08	1835	1	CharlieHolbrow	
1907	0:26:16	1/1/2019 	1569609	18.00	28.00	6.96	27.93	101386.75	49808	0	CharlieHolbrow	
1908	0:26:17	1/1/2019 	1570488	33.00	375.00	6.37	27.93	101386.25	2580	0	CharlieHolbrow	
1909	0:26:17	1/1/2019 	1570728	19.00	58.00	6.91	27.93	101386.25	49809	1	CharlieHolbrow	
1910	0:26:18	1/1/2019 	1571293	18.00	33.00	6.96	27.93	101385.69	3941	0	CharlieHolbrow	
1911	0:26:21	1/1/2019 	1573876	15.00	8.00	7.13	27.93	101384.02	145751	0	CharlieHolbrow	
1912	0:26:23	1/1/2019 	1576472	22.00	125.00	6.77	27.93	101382.84	97778	1	CharlieHolbrow	
1913	0:26:23	1/1/2019 	1576671	15.00	7.00	7.13	27.93	101382.84	49808	0	CharlieHolbrow	
1914	0:26:24	1/1/2019 	1577324	21.00	102.00	6.81	27.93	101382.52	1834	1	CharlieHolbrow	
1915	0:26:27	1/1/2019 	1579927	46.00	697.00	6.20	27.93	101380.75	145748	1	CharlieHolbrow	
1916	0:26:27	1/1/2019 	1580578	16.00	21.00	7.09	27.93	101380.41	52690	1	CharlieHolbrow	
1917	0:26:30	1/1/2019 	1582846	15.00	8.00	7.13	27.93	101379.41	97778	0	CharlieHolbrow	
1918	0:26:31	1/1/2019 	1584313	22.00	127.00	6.77	27.93	101378.91	49807	1	CharlieHolbrow	
1919	0:26:31	1/1/2019 	1584727	23.00	124.00	6.71	27.93	101378.41	49808	1	CharlieHolbrow	
1920	0:26:32	1/1/2019 	1584905	15.00	7.00	7.13	27.93	101378.08	1835	0	CharlieHolbrow	
1921	0:26:33	1/1/2019 	1585842	15.00	9.00	7.14	27.93	101377.73	49806	0	CharlieHolbrow	
1922	0:26:33	1/1/2019 	1586549	22.00	108.00	6.76	27.93	101377.41	51771	1	CharlieHolbrow	
1923	0:26:34	1/1/2019 	1586975	15.00	7.00	7.13	27.93	101377.23	1836	0	CharlieHolbrow	
1924	0:26:34	1/1/2019 	1587668	16.00	8.00	7.06	27.93	101376.91	49806	0	CharlieHolbrow	
1925	0:26:36	1/1/2019 	1589179	15.00	7.00	7.13	27.93	101375.91	49806	0	CharlieHolbrow	
1926	0:26:38	1/1/2019 	1590855	20.00	97.00	6.87	27.93	101375.07	97779	0	CharlieHolbrow	
1927	0:26:39	1/1/2019 	1592031	20.00	92.00	6.87	27.93	101374.56	52689	1	CharlieHolbrow	
1928	0:26:39	1/1/2019 	1592175	23.00	121.00	6.71	27.93	101374.56	1836	1	CharlieHolbrow	
1929	0:26:39	1/1/2019 	1592324	15.00	7.00	7.13	27.93	101374.56	1834	0	CharlieHolbrow	
1930	0:26:40	1/1/2019 	1593407	18.00	39.00	6.96	27.93	101373.73	49805	0	CharlieHolbrow	
1931	0:26:41	1/1/2019 	1594670	27.00	229.00	6.55	27.93	101373.40	97779	1	CharlieHolbrow	
1932	0:26:43	1/1/2019 	1596140	15.00	7.00	7.13	27.93	101372.56	49808	0	CharlieHolbrow	
1933	0:26:44	1/1/2019 	1597247	18.00	85.00	6.99	27.93	101372.23	51771	1	CharlieHolbrow	
1934	0:26:45	1/1/2019 	1598674	30.00	284.00	6.44	27.93	101371.80	97777	1	CharlieHolbrow	
1935	0:26:46	1/1/2019 	1598772	21.00	112.00	6.82	27.93	101371.80	1837	1	CharlieHolbrow	
1936	0:26:47	1/1/2019 	1600608	24.00	165.00	6.68	27.93	101373.97	97780	0	CharlieHolbrow	
1937	0:26:48	1/1/2019 	1601153	25.00	213.00	6.65	27.93	101374.47	2581	1	CharlieHolbrow	
1938	0:26:48	1/1/2019 	1601317	16.00	8.00	7.06	27.93	101374.47	1835	0	CharlieHolbrow	
1939	0:26:50	1/1/2019 	1602735	21.00	105.00	6.82	27.93	101375.81	99937	0	CharlieHolbrow	
1940	0:26:50	1/1/2019 	1603552	15.00	7.00	7.13	27.92	101375.88	49809	0	CharlieHolbrow	
1941	0:26:51	1/1/2019 	1603772	42.00	588.00	6.21	27.92	101375.88	1842	0	CharlieHolbrow	
1942	0:26:51	1/1/2019 	1604602	25.00	166.00	6.63	27.92	101375.88	49816	0	CharlieHolbrow	
1943	0:26:53	1/1/2019 	1606196	22.00	118.00	6.77	27.92	101375.38	49815	0	CharlieHolbrow	
1944	0:26:53	1/1/2019 	1606315	16.00	7.00	7.06	27.92	101375.38	1844	0	CharlieHolbrow	
1945	0:26:56	1/1/2019 	1608944	24.00	174.00	6.69	27.92	101378.55	147719	1	CharlieHolbrow	
1946	0:26:58	1/1/2019 	1611617	19.00	53.00	6.91	27.92	101377.55	145750	0	CharlieHolbrow	
1947	0:27:00	1/1/2019 	1613481	27.00	252.00	6.56	27.92	101376.05	50551	1	CharlieHolbrow	
1948	0:27:03	1/1/2019 	1615851	16.00	26.00	7.09	27.92	101373.44	145749	1	CharlieHolbrow	
1949	0:27:03	1/1/2019 	1615891	14.00	7.00	7.21	27.92	101373.44	1836	0	CharlieHolbrow	
1950	0:27:05	1/1/2019 	1618012	19.00	77.00	6.92	27.92	101369.94	99882	0	CharlieHolbrow	
1951	0:27:06	1/1/2019 	1619300	21.00	111.00	6.82	27.92	101368.27	49808	1	CharlieHolbrow	
1952	0:27:07	1/1/2019 	1620228	16.00	37.00	7.10	27.92	101365.92	49808	1	CharlieHolbrow	
1953	0:27:09	1/1/2019 	1621739	15.00	8.00	7.13	27.92	101363.42	98523	0	CharlieHolbrow	
1954	0:27:09	1/1/2019 	1622330	27.00	196.00	6.54	27.92	101363.42	1837	0	CharlieHolbrow	
1955	0:27:10	1/1/2019 	1622914	15.00	11.00	7.14	27.92	101363.92	49808	1	CharlieHolbrow	
1956	0:27:10	1/1/2019 	1623031	38.00	469.00	6.25	27.92	101362.33	3942	1	CharlieHolbrow	
1957	0:27:11	1/1/2019 	1623867	20.00	84.00	6.86	27.92	101360.92	49807	0	CharlieHolbrow	
1958	0:27:13	1/1/2019 	1626300	44.00	592.00	6.17	27.92	101362.92	97778	0	CharlieHolbrow	
1959	0:27:14	1/1/2019 	1627683	18.00	53.00	6.97	27.92	101364.92	97779	0	CharlieHolbrow	
1960	0:27:14	1/1/2019 	1627693	23.00	121.00	6.71	27.92	101364.92	1835	1	CharlieHolbrow	
1961	0:27:15	1/1/2019 	1627824	27.00	233.00	6.56	27.92	101364.92	1835	1	CharlieHolbrow	
1962	0:27:15	1/1/2019 	1628198	15.00	7.00	7.13	27.92	101364.16	3801	1	CharlieHolbrow	
1963	0:27:16	1/1/2019 	1629022	25.00	192.00	6.64	27.92	101362.16	49805	1	CharlieHolbrow	
1964	0:27:17	1/1/2019 	1629773	15.00	8.00	7.13	27.92	101361.98	49808	0	CharlieHolbrow	
1965	0:27:18	1/1/2019 	1631104	20.00	92.00	6.87	27.92	101359.32	50551	1	CharlieHolbrow	
1966	0:27:19	1/1/2019 	1631885	15.00	7.00	7.13	27.92	101358.31	49805	0	CharlieHolbrow	
1967	0:27:19	1/1/2019 	1632120	25.00	162.00	6.63	27.92	101357.65	1835	1	CharlieHolbrow	
1968	0:27:21	1/1/2019 	1634058	21.00	107.00	6.82	27.92	101353.98	99881	1	CharlieHolbrow	
1969	0:27:27	1/1/2019 	1639849	22.00	117.00	6.77	27.92	101365.16	289655	0	CharlieHolbrow	
1970	0:27:28	1/1/2019 	1640992	30.00	298.00	6.45	27.92	101366.40	50553	1	CharlieHolbrow	
1971	0:27:28	1/1/2019 	1641130	17.00	20.00	7.02	27.92	101367.00	1836	0	CharlieHolbrow	
1972	0:27:28	1/1/2019 	1641439	21.00	95.00	6.81	27.92	101367.00	1835	1	CharlieHolbrow	
1973	0:27:30	1/1/2019 	1643407	39.00	513.00	6.24	27.92	101364.73	99884	1	CharlieHolbrow	
1974	0:27:33	1/1/2019 	1646377	15.00	7.00	7.13	27.91	101358.45	145748	0	CharlieHolbrow	
1975	0:27:39	1/1/2019 	1652187	13.00	7.00	7.28	27.91	101357.02	289661	0	CharlieHolbrow	
1976	0:27:39	1/1/2019 	1652562	26.00	202.00	6.59	27.91	101355.62	50554	1	CharlieHolbrow	
1977	0:27:42	1/1/2019 	1654832	15.00	9.00	7.14	27.91	101354.79	97782	0	CharlieHolbrow	
1978	0:27:44	1/1/2019 	1656929	22.00	123.00	6.77	27.91	101352.36	97777	1	CharlieHolbrow	
1979	0:27:49	1/1/2019 	1662248	23.00	152.00	6.73	27.90	101355.77	243800	1	CharlieHolbrow	
1980	0:27:50	1/1/2019 	1663373	22.00	133.00	6.78	27.90	101357.34	50552	0	CharlieHolbrow	
1981	0:27:53	1/1/2019 	1665781	23.00	145.00	6.73	27.90	101358.23	145750	1	CharlieHolbrow	
1982	0:27:54	1/1/2019 	1666991	17.00	18.00	7.01	27.90	101355.73	49806	0	CharlieHolbrow	
1983	0:27:54	1/1/2019 	1667400	22.00	81.00	6.74	27.90	101354.23	1835	1	CharlieHolbrow	
1984	0:27:56	1/1/2019 	1669491	35.00	417.00	6.32	27.90	101346.78	97776	1	CharlieHolbrow	
1985	0:27:58	1/1/2019 	1670945	22.00	130.00	6.78	27.89	101340.52	99885	0	CharlieHolbrow	
1986	0:27:58	1/1/2019 	1671315	17.00	21.00	7.02	27.89	101338.84	2801	0	CharlieHolbrow	
1987	0:27:59	1/1/2019 	1672381	17.00	30.00	7.03	27.89	101335.17	49805	0	CharlieHolbrow	
1988	0:28:01	1/1/2019 	1674722	15.00	7.00	7.13	27.89	101325.39	145751	0	CharlieHolbrow	
1989	0:28:02	1/1/2019 	1674980	24.00	142.00	6.67	27.89	101325.39	1835	1	CharlieHolbrow	
1990	0:28:04	1/1/2019 	1677083	15.00	7.00	7.13	27.89	101318.28	97779	0	CharlieHolbrow	
1991	0:28:05	1/1/2019 	1678641	22.00	121.00	6.77	27.89	101312.71	99884	1	CharlieHolbrow	
1992	0:28:06	1/1/2019 	1678787	18.00	54.00	6.97	27.89	101312.71	1837	1	CharlieHolbrow	
1993	0:28:07	1/1/2019 	1679859	15.00	9.00	7.14	27.88	101310.28	49806	0	CharlieHolbrow	
1994	0:28:07	1/1/2019 	1680580	33.00	320.00	6.35	27.88	101309.27	50772	1	CharlieHolbrow	
1995	0:28:08	1/1/2019 	1681150	19.00	73.00	6.92	27.88	101307.44	1835	1	CharlieHolbrow	
1996	0:28:09	1/1/2019 	1681855	16.00	13.00	7.08	27.88	101306.60	51913	0	CharlieHolbrow	
1997	0:28:09	1/1/2019 	1681914	16.00	8.00	7.06	27.88	101306.60	1836	0	CharlieHolbrow	
1998	0:28:09	1/1/2019 	1682257	29.00	277.00	6.48	27.88	101305.94	1834	1	CharlieHolbrow	
1999	0:28:11	1/1/2019 	1684187	29.00	262.00	6.48	27.88	101302.66	97777	0	CharlieHolbrow	
2000	0:28:11	1/1/2019 	1684631	24.00	120.00	6.66	27.88	101302.66	49807	0	CharlieHolbrow	
2001	0:28:12	1/1/2019 	1685147	15.00	7.00	7.13	27.88	101301.33	1835	0	CharlieHolbrow	
2002	0:28:16	1/1/2019 	1689033	20.00	92.00	6.87	27.88	101296.62	195687	1	CharlieHolbrow	
2003	0:28:19	1/1/2019 	1692438	26.00	226.00	6.60	27.87	101292.26	145751	1	CharlieHolbrow	
2004	0:28:20	1/1/2019 	1693146	15.00	8.00	7.13	27.87	101291.92	50772	0	CharlieHolbrow	
2005	0:28:22	1/1/2019 	1695568	45.00	666.00	6.20	27.87	101289.33	145748	0	CharlieHolbrow	
2006	0:28:23	1/1/2019 	1695916	15.00	8.00	7.13	27.87	101289.16	1835	0	CharlieHolbrow	
2007	0:28:23	1/1/2019 	1696161	24.00	112.00	6.65	27.87	101289.16	1834	1	CharlieHolbrow	
2008	0:28:23	1/1/2019 	1696457	15.00	7.00	7.13	27.87	101288.99	3942	0	CharlieHolbrow	
2009	0:28:23	1/1/2019 	1696617	33.00	349.00	6.36	27.87	101288.99	49804	0	CharlieHolbrow	
2010	0:28:24	1/1/2019 	1696863	24.00	159.00	6.68	27.87	101288.22	1835	1	CharlieHolbrow	
2011	0:28:27	1/1/2019 	1700717	20.00	89.00	6.86	27.86	101284.99	193721	1	CharlieHolbrow	
2012	0:28:28	1/1/2019 	1701252	17.00	34.00	7.03	27.86	101284.48	2802	0	CharlieHolbrow	
2013	0:28:30	1/1/2019 	1703064	20.00	86.00	6.86	27.86	101283.39	97779	1	CharlieHolbrow	
2014	0:28:31	1/1/2019 	1704076	22.00	125.00	6.77	27.86	101282.55	51914	1	CharlieHolbrow	
2015	0:28:31	1/1/2019 	1704293	23.00	122.00	6.71	27.86	101282.05	1836	0	CharlieHolbrow	
2016	0:28:31	1/1/2019 	1704550	20.00	83.00	6.86	27.86	101282.05	49807	1	CharlieHolbrow	
2017	0:28:40	1/1/2019 	1713478	22.00	118.00	6.77	27.85	101274.75	385610	0	CharlieHolbrow	
2018	0:28:43	1/1/2019 	1716619	21.00	89.00	6.80	27.85	101271.81	194689	0	CharlieHolbrow	
2019	0:28:45	1/1/2019 	1718157	16.00	12.00	7.07	27.85	101270.39	51914	0	CharlieHolbrow	
2020	0:28:45	1/1/2019 	1718657	31.00	305.00	6.41	27.85	101269.88	49809	1	CharlieHolbrow	
2021	0:28:52	1/1/2019 	1725398	15.00	6.00	7.13	27.84	101263.78	289661	0	CharlieHolbrow	
2022	0:28:53	1/1/2019 	1726332	15.00	7.00	7.13	27.84	101262.78	50772	0	CharlieHolbrow	
2023	0:28:54	1/1/2019 	1726947	25.00	183.00	6.64	27.84	101262.45	49808	1	CharlieHolbrow	
2024	0:28:54	1/1/2019 	1727160	23.00	144.00	6.73	27.84	101262.45	1836	0	CharlieHolbrow	
2025	0:28:55	1/1/2019 	1728214	24.00	177.00	6.69	27.84	101261.34	51913	1	CharlieHolbrow	
2026	0:28:56	1/1/2019 	1728792	17.00	28.00	7.03	27.84	101260.52	49808	0	CharlieHolbrow	
2027	0:29:02	1/1/2019 	1734968	21.00	97.00	6.81	27.83	101254.55	289666	0	CharlieHolbrow	
2028	0:29:04	1/1/2019 	1737165	20.00	95.00	6.87	27.83	101253.38	98750	1	CharlieHolbrow	
2029	0:29:04	1/1/2019 	1737204	20.00	24.00	6.83	27.83	101253.38	1842	1	CharlieHolbrow	
2030	0:29:04	1/1/2019 	1737386	27.00	184.00	6.54	27.83	101253.05	1840	0	CharlieHolbrow	
2031	0:29:04	1/1/2019 	1737451	20.00	64.00	6.85	27.83	101253.05	3942	1	CharlieHolbrow	
2032	0:29:05	1/1/2019 	1738108	38.00	467.00	6.25	27.83	101252.28	49804	1	CharlieHolbrow	
2033	0:29:05	1/1/2019 	1738338	16.00	7.00	7.06	27.83	101251.95	1835	0	CharlieHolbrow	
2034	0:29:07	1/1/2019 	1739911	22.00	138.00	6.78	27.83	101250.78	97774	1	CharlieHolbrow	
2035	0:29:07	1/1/2019 	1740080	18.00	28.00	6.96	27.83	101250.78	2802	0	CharlieHolbrow	
2036	0:29:07	1/1/2019 	1740365	15.00	7.00	7.13	27.83	101250.02	1834	0	CharlieHolbrow	
2037	0:29:08	1/1/2019 	1740933	27.00	228.00	6.55	27.83	101249.68	51911	1	CharlieHolbrow	
2038	0:29:08	1/1/2019 	1741206	18.00	43.00	6.97	27.83	101249.68	1837	1	CharlieHolbrow	
2039	0:29:08	1/1/2019 	1741338	15.00	7.00	7.13	27.83	101249.34	1834	0	CharlieHolbrow	
2040	0:29:12	1/1/2019 	1744995	19.00	71.00	6.92	27.82	101247.58	193716	1	CharlieHolbrow	
2041	0:29:13	1/1/2019 	1746151	15.00	8.00	7.13	27.82	101246.84	49806	0	CharlieHolbrow	
2042	0:29:13	1/1/2019 	1746256	21.00	85.00	6.80	27.82	101246.84	3800	1	CharlieHolbrow	
2043	0:29:13	1/1/2019 	1746263	16.00	7.00	7.06	27.82	101246.84	1834	0	CharlieHolbrow	
2044	0:29:14	1/1/2019 	1746837	16.00	9.00	7.07	27.82	101246.19	49805	0	CharlieHolbrow	
2045	0:29:16	1/1/2019 	1748809	17.00	19.00	7.02	27.82	101245.52	97777	0	CharlieHolbrow	
2046	0:29:16	1/1/2019 	1749282	23.00	119.00	6.71	27.82	101245.34	1836	1	CharlieHolbrow	
2047	0:29:21	1/1/2019 	1754579	33.00	380.00	6.38	27.81	101242.05	289655	1	CharlieHolbrow	
2048	0:29:21	1/1/2019 	1754630	16.00	13.00	7.08	27.81	101242.05	4907	0	CharlieHolbrow	
2049	0:29:22	1/1/2019 	1755587	17.00	34.00	7.03	27.81	101241.12	49806	0	CharlieHolbrow	
2050	0:29:24	1/1/2019 	1757341	19.00	56.00	6.91	27.81	101240.11	49807	1	CharlieHolbrow	
2051	0:29:25	1/1/2019 	1757890	16.00	8.00	7.06	27.81	101239.78	49806	0	CharlieHolbrow	
2052	0:29:25	1/1/2019 	1758412	16.00	8.00	7.06	27.81	101239.62	1835	0	CharlieHolbrow	
2053	0:29:26	1/1/2019 	1759126	15.00	7.00	7.13	27.81	101239.28	49805	0	CharlieHolbrow	
2054	0:29:27	1/1/2019 	1760133	24.00	163.00	6.68	27.81	101238.19	51770	1	CharlieHolbrow	
2055	0:29:28	1/1/2019 	1760938	18.00	40.00	6.97	27.81	101237.69	50774	0	CharlieHolbrow	
2056	0:29:29	1/1/2019 	1761970	10.00	12.00	7.55	27.81	101237.02	49807	0	CharlieHolbrow	
2057	0:29:30	1/1/2019 	1762942	20.00	91.00	6.87	27.81	101235.58	49808	0	CharlieHolbrow	
2058	0:29:30	1/1/2019 	1763201	30.00	257.00	6.43	27.81	101235.58	1835	1	CharlieHolbrow	
2059	0:29:31	1/1/2019 	1764694	19.00	57.00	6.91	27.81	101234.75	97779	0	CharlieHolbrow	
2060	0:29:32	1/1/2019 	1765034	15.00	8.00	7.13	27.81	101234.41	3942	0	CharlieHolbrow	
2061	0:29:32	1/1/2019 	1765113	25.00	122.00	6.61	27.81	101234.41	1835	1	CharlieHolbrow	
2062	0:29:34	1/1/2019 	1767083	26.00	199.00	6.59	27.80	101232.98	97778	1	CharlieHolbrow	
2063	0:29:34	1/1/2019 	1767475	20.00	68.00	6.85	27.80	101232.65	1836	1	CharlieHolbrow	
2064	0:29:35	1/1/2019 	1767983	22.00	116.00	6.76	27.80	101232.31	49807	0	CharlieHolbrow	
2065	0:29:35	1/1/2019 	1768662	24.00	128.00	6.66	27.80	101232.15	51773	1	CharlieHolbrow	
2066	0:29:36	1/1/2019 	1768860	24.00	140.00	6.67	27.80	101232.15	1835	0	CharlieHolbrow	
2067	0:29:36	1/1/2019 	1769644	33.00	350.00	6.36	27.80	101231.22	49807	0	CharlieHolbrow	
2068	0:29:37	1/1/2019 	1770615	15.00	8.00	7.13	27.80	101230.88	50771	0	CharlieHolbrow	
2069	0:29:38	1/1/2019 	1770848	18.00	56.00	6.97	27.80	101230.88	1835	1	CharlieHolbrow	
2070	0:29:39	1/1/2019 	1772482	28.00	261.00	6.52	27.80	101229.65	49806	1	CharlieHolbrow	
2071	0:29:40	1/1/2019 	1773412	26.00	215.00	6.60	27.80	101229.31	51914	1	CharlieHolbrow	
2072	0:29:44	1/1/2019 	1776860	15.00	8.00	7.13	27.80	101227.05	193723	0	CharlieHolbrow	
2073	0:29:46	1/1/2019 	1779657	15.00	7.00	7.13	27.79	101225.11	145748	0	CharlieHolbrow	
2074	0:29:47	1/1/2019 	1779732	15.00	8.00	7.13	27.79	101225.11	2799	0	CharlieHolbrow	
2075	0:29:51	1/1/2019 	1783738	25.00	159.00	6.63	27.79	101222.42	193721	1	CharlieHolbrow	
2076	0:29:51	1/1/2019 	1784262	20.00	48.00	6.84	27.79	101222.42	1836	1	CharlieHolbrow	
2077	0:29:56	1/1/2019 	1789430	29.00	275.00	6.48	27.79	101219.31	243795	0	CharlieHolbrow	
2078	0:29:58	1/1/2019 	1790812	29.00	272.00	6.48	27.78	101218.39	97780	1	CharlieHolbrow	
2079	0:29:59	1/1/2019 	1792004	20.00	96.00	6.87	27.78	101217.55	50772	1	CharlieHolbrow	
2080	0:30:02	1/1/2019 	1795187	15.00	8.00	7.13	27.78	101215.69	145747	0	CharlieHolbrow	
2081	0:30:02	1/1/2019 	1795432	15.00	10.00	7.14	27.78	101215.69	1835	0	CharlieHolbrow	
2082	0:30:02	1/1/2019 	1795484	17.00	15.00	7.01	27.78	101215.36	1834	0	CharlieHolbrow	
2083	0:30:03	1/1/2019 	1795741	22.00	143.00	6.78	27.78	101215.36	51913	1	CharlieHolbrow	
2084	0:30:04	1/1/2019 	1796850	20.00	85.00	6.86	27.78	101214.86	49808	1	CharlieHolbrow	
2085	0:30:04	1/1/2019 	1797130	45.00	637.00	6.18	27.78	101214.52	1836	1	CharlieHolbrow	
2086	0:30:04	1/1/2019 	1797247	16.00	14.00	7.08	27.78	101214.52	1835	1	CharlieHolbrow	
2087	0:30:06	1/1/2019 	1799309	16.00	17.00	7.08	27.78	101213.12	97781	1	CharlieHolbrow	
2088	0:30:09	1/1/2019 	1802219	20.00	91.00	6.87	27.77	101211.36	147721	1	CharlieHolbrow	
2089	0:30:09	1/1/2019 	1802572	15.00	6.00	7.13	27.77	101211.02	50773	0	CharlieHolbrow	
2090	0:30:09	1/1/2019 	1802618	18.00	44.00	6.97	27.77	101211.02	1834	0	CharlieHolbrow	
2091	0:30:09	1/1/2019 	1802633	23.00	92.00	6.69	27.77	101211.02	1834	0	CharlieHolbrow	
2092	0:30:09	1/1/2019 	1802888	25.00	138.00	6.62	27.77	101211.02	1835	1	CharlieHolbrow	
2093	0:30:09	1/1/2019 	1803215	20.00	71.00	6.85	27.77	101210.69	1835	1	CharlieHolbrow	
2094	0:30:10	1/1/2019 	1804038	15.00	7.00	7.13	27.77	101209.59	51913	0	CharlieHolbrow	
2095	0:30:10	1/1/2019 	1804097	51.00	720.00	6.16	27.77	101209.59	1835	0	CharlieHolbrow	
2096	0:30:12	1/1/2019 	1805494	16.00	9.00	7.07	27.77	101208.25	49807	0	CharlieHolbrow	
2097	0:30:15	1/1/2019 	1808280	20.00	81.00	6.86	27.77	101206.32	145749	1	CharlieHolbrow	
2098	0:30:18	1/1/2019 	1811319	15.00	8.00	7.13	27.77	101203.89	145750	0	CharlieHolbrow	
2099	0:30:19	1/1/2019 	1813034	23.00	150.00	6.73	27.76	101201.95	98744	1	CharlieHolbrow	
2100	0:30:20	1/1/2019 	1813619	16.00	8.00	7.06	27.76	101201.19	51913	0	CharlieHolbrow	
2101	0:30:20	1/1/2019 	1813926	22.00	101.00	6.75	27.76	101201.19	1835	1	CharlieHolbrow	
2102	0:30:21	1/1/2019 	1814339	21.00	121.00	6.83	27.76	101200.86	1835	1	CharlieHolbrow	
2103	0:30:23	1/1/2019 	1816298	29.00	296.00	6.49	27.76	101199.52	97777	0	CharlieHolbrow	
2104	0:30:28	1/1/2019 	1821779	17.00	39.00	7.03	27.76	101195.48	289657	0	CharlieHolbrow	
2105	0:30:32	1/1/2019 	1826162	16.00	21.00	7.09	27.75	101190.72	194687	0	CharlieHolbrow	
2106	0:30:33	1/1/2019 	1826315	21.00	117.00	6.82	27.75	101190.72	3942	1	CharlieHolbrow	
2107	0:30:34	1/1/2019 	1827435	28.00	234.00	6.51	27.75	101190.06	49807	1	CharlieHolbrow	
2108	0:30:35	1/1/2019 	1829157	20.00	86.00	6.86	27.75	101188.45	97779	1	CharlieHolbrow	
2109	0:30:36	1/1/2019 	1829577	17.00	30.00	7.03	27.75	101188.30	49807	0	CharlieHolbrow	
2110	0:30:36	1/1/2019 	1829877	24.00	144.00	6.67	27.75	101188.30	2801	1	CharlieHolbrow	
2111	0:30:37	1/1/2019 	1830708	19.00	70.00	6.91	27.74	101187.36	51914	1	CharlieHolbrow	
2112	0:30:40	1/1/2019 	1834008	18.00	8.00	6.93	27.74	101185.69	145746	0	CharlieHolbrow	
2113	0:30:41	1/1/2019 	1834388	33.00	375.00	6.37	27.74	101185.09	1835	1	CharlieHolbrow	
2114	0:30:42	1/1/2019 	1835655	16.00	12.00	7.07	27.74	101184.92	97777	0	CharlieHolbrow	
2115	0:30:42	1/1/2019 	1835937	37.00	361.00	6.24	27.74	101184.92	1836	1	CharlieHolbrow	
2116	0:30:45	1/1/2019 	1838941	20.00	78.00	6.86	27.74	101182.66	145747	1	CharlieHolbrow	
2117	0:30:48	1/1/2019 	1841559	22.00	118.00	6.77	27.74	101179.39	151124	0	CharlieHolbrow	
2118	0:30:48	1/1/2019 	1841800	34.00	369.00	6.34	27.73	101178.30	2802	1	CharlieHolbrow	
2119	0:30:50	1/1/2019 	1843788	15.00	7.00	7.13	27.73	101176.12	97780	1	CharlieHolbrow	
2120	0:30:50	1/1/2019 	1843863	20.00	67.00	6.85	27.73	101176.12	1842	1	CharlieHolbrow	
2121	0:30:50	1/1/2019 	1844078	20.00	62.00	6.85	27.73	101176.12	1843	1	CharlieHolbrow	
2122	0:30:51	1/1/2019 	1844320	15.00	7.00	7.13	27.73	101175.62	1842	1	CharlieHolbrow	
2123	0:30:52	1/1/2019 	1845276	23.00	65.00	6.68	27.73	101174.06	51918	1	CharlieHolbrow	
2124	0:30:52	1/1/2019 	1845917	16.00	11.00	7.07	27.73	101173.56	49808	0	CharlieHolbrow	
2125	0:30:53	1/1/2019 	1846467	20.00	67.00	6.85	27.73	101172.89	1834	1	CharlieHolbrow	
2126	0:30:53	1/1/2019 	1846974	28.00	248.00	6.51	27.73	101171.80	49808	1	CharlieHolbrow	
2127	0:31:00	1/1/2019 	1853317	19.00	63.00	6.91	27.72	101166.26	289669	0	CharlieHolbrow	
2128	0:31:00	1/1/2019 	1853452	16.00	7.00	7.06	27.72	101166.26	2802	0	CharlieHolbrow	
2129	0:31:01	1/1/2019 	1854616	15.00	7.00	7.13	27.72	101164.83	99884	0	CharlieHolbrow	
2130	0:31:02	1/1/2019 	1855898	28.00	253.00	6.52	27.72	101164.16	49808	0	CharlieHolbrow	
2131	0:31:04	1/1/2019 	1857370	42.00	551.00	6.19	27.72	101162.56	49808	1	CharlieHolbrow	
2132	0:31:04	1/1/2019 	1857584	15.00	7.00	7.13	27.72	101162.56	49809	0	CharlieHolbrow	
2133	0:31:05	1/1/2019 	1859188	23.00	130.00	6.72	27.72	101161.12	49810	0	CharlieHolbrow	
2134	0:31:08	1/1/2019 	1861946	33.00	373.00	6.37	27.71	101159.20	147722	1	CharlieHolbrow	
2135	0:31:08	1/1/2019 	1862077	15.00	7.00	7.13	27.71	101159.20	2802	0	CharlieHolbrow	
2136	0:31:11	1/1/2019 	1864308	22.00	117.00	6.77	27.71	101156.62	97779	1	CharlieHolbrow	
2137	0:31:13	1/1/2019 	1866296	16.00	17.00	7.08	27.71	101154.70	97785	0	CharlieHolbrow	
2138	0:31:13	1/1/2019 	1866815	15.00	8.00	7.13	27.71	101154.20	49808	0	CharlieHolbrow	
2139	0:31:17	1/1/2019 	1870218	28.00	254.00	6.52	27.70	101150.83	145750	1	CharlieHolbrow	
2140	0:31:18	1/1/2019 	1871485	15.00	8.00	7.13	27.70	101150.00	52882	0	CharlieHolbrow	
2141	0:31:23	1/1/2019 	1876840	16.00	13.00	7.08	27.70	101144.20	289661	0	CharlieHolbrow	
2142	0:31:24	1/1/2019 	1877468	40.00	534.00	6.23	27.70	101143.86	1836	1	CharlieHolbrow	
2143	0:31:24	1/1/2019 	1877649	25.00	171.00	6.63	27.70	101143.86	49806	1	CharlieHolbrow	
2144	0:31:24	1/1/2019 	1877818	17.00	20.00	7.02	27.70	101143.53	1835	0	CharlieHolbrow	
2145	0:31:25	1/1/2019 	1878384	15.00	8.00	7.13	27.69	101142.59	1834	0	CharlieHolbrow	
2146	0:31:25	1/1/2019 	1878859	17.00	13.00	7.01	27.69	101142.27	51771	0	CharlieHolbrow	
2147	0:31:26	1/1/2019 	1879831	15.00	7.00	7.13	27.69	101141.44	49807	0	CharlieHolbrow	
2148	0:31:28	1/1/2019 	1881423	24.00	141.00	6.67	27.69	101139.67	50774	1	CharlieHolbrow	
2149	0:31:28	1/1/2019 	1882084	22.00	113.00	6.76	27.69	101139.33	49808	1	CharlieHolbrow	
2150	0:31:30	1/1/2019 	1883240	16.00	8.00	7.06	27.69	101137.77	49806	0	CharlieHolbrow	
2151	0:31:30	1/1/2019 	1883413	20.00	61.00	6.85	27.69	101137.77	1835	1	CharlieHolbrow	
2152	0:31:30	1/1/2019 	1884161	15.00	8.00	7.13	27.69	101137.27	51912	0	CharlieHolbrow	
2153	0:31:30	1/1/2019 	1884173	20.00	54.00	6.84	27.69	101137.27	1834	0	CharlieHolbrow	
2154	0:31:31	1/1/2019 	1884497	19.00	57.00	6.91	27.69	101136.94	1834	1	CharlieHolbrow	
2155	0:31:31	1/1/2019 	1885057	16.00	10.00	7.07	27.69	101136.43	49808	0	CharlieHolbrow	
2156	0:31:36	1/1/2019 	1889980	18.00	60.00	6.98	27.68	101131.64	241692	1	CharlieHolbrow	
2157	0:31:37	1/1/2019 	1890709	17.00	16.00	7.01	27.68	101130.97	50771	0	CharlieHolbrow	
2158	0:31:37	1/1/2019 	1891200	23.00	114.00	6.71	27.68	101130.97	3964	1	CharlieHolbrow	
2159	0:31:38	1/1/2019 	1891856	24.00	180.00	6.69	27.68	101130.30	49806	1	CharlieHolbrow	
2160	0:31:43	1/1/2019 	1896624	41.00	563.00	6.22	27.67	101125.17	241693	0	CharlieHolbrow	
2161	0:31:43	1/1/2019 	1897006	25.00	157.00	6.63	27.67	101124.84	1837	1	CharlieHolbrow	
2162	0:31:47	1/1/2019 	1900914	40.00	537.00	6.23	27.67	101120.58	193719	1	CharlieHolbrow	
2163	0:31:47	1/1/2019 	1901068	22.00	116.00	6.76	27.67	101120.58	4928	0	CharlieHolbrow	
2164	0:31:48	1/1/2019 	1902105	25.00	193.00	6.64	27.67	101119.91	49805	1	CharlieHolbrow	
2165	0:31:50	1/1/2019 	1904124	20.00	59.00	6.85	27.66	101117.98	97778	1	CharlieHolbrow	
2166	0:31:51	1/1/2019 	1904565	22.00	127.00	6.77	27.66	101117.48	49807	1	CharlieHolbrow	
2167	0:31:51	1/1/2019 	1904646	16.00	8.00	7.06	27.66	101117.48	1836	1	CharlieHolbrow	
2168	0:31:52	1/1/2019 	1905893	32.00	347.00	6.40	27.66	101115.55	49804	1	CharlieHolbrow	
2169	0:31:53	1/1/2019 	1906717	20.00	71.00	6.85	27.66	101114.28	51737	1	CharlieHolbrow	
2170	0:31:55	1/1/2019 	1908799	24.00	138.00	6.67	27.66	101111.52	97777	0	CharlieHolbrow	
2171	0:31:57	1/1/2019 	1910899	15.00	8.00	7.13	27.65	101109.41	97778	0	CharlieHolbrow	
2172	0:31:59	1/1/2019 	1912406	15.00	8.00	7.13	27.65	101107.81	50551	0	CharlieHolbrow	
2173	0:31:59	1/1/2019 	1912789	17.00	10.00	7.00	27.65	101107.15	49805	0	CharlieHolbrow	
2174	0:32:00	1/1/2019 	1914205	18.00	37.00	6.96	27.65	101106.05	49806	1	CharlieHolbrow	
2175	0:32:01	1/1/2019 	1915148	19.00	77.00	6.92	27.65	101105.05	53098	1	CharlieHolbrow	
2176	0:32:03	1/1/2019 	1916728	17.00	15.00	7.01	27.65	101103.45	97780	0	CharlieHolbrow	
2177	0:32:07	1/1/2019 	1920706	16.00	23.00	7.09	27.64	101098.52	193720	1	CharlieHolbrow	
2178	0:32:09	1/1/2019 	1923096	16.00	18.00	7.08	27.63	101095.49	98525	1	CharlieHolbrow	
2179	0:32:11	1/1/2019 	1924319	15.00	8.00	7.13	27.63	101093.89	49808	0	CharlieHolbrow	
2180	0:32:11	1/1/2019 	1924634	19.00	55.00	6.91	27.63	101093.89	51914	0	CharlieHolbrow	
2181	0:32:12	1/1/2019 	1925423	37.00	466.00	6.28	27.63	101092.89	1835	1	CharlieHolbrow	
2182	0:32:14	1/1/2019 	1927461	17.00	24.00	7.02	27.63	101090.36	97781	0	CharlieHolbrow	
2183	0:32:14	1/1/2019 	1927647	15.00	7.00	7.13	27.63	101090.36	49806	0	CharlieHolbrow	
2184	0:32:14	1/1/2019 	1928144	52.00	872.00	6.22	27.63	101089.86	1836	1	CharlieHolbrow	
2185	0:32:15	1/1/2019 	1928233	34.00	360.00	6.33	27.63	101089.86	1836	0	CharlieHolbrow	
2186	0:32:15	1/1/2019 	1928466	22.00	118.00	6.77	27.63	101089.36	3801	1	CharlieHolbrow	
2187	0:32:15	1/1/2019 	1928587	16.00	8.00	7.06	27.63	101089.36	49808	0	CharlieHolbrow	
2188	0:32:20	1/1/2019 	1933841	15.00	7.00	7.13	27.62	101084.50	241692	0	CharlieHolbrow	
2189	0:32:20	1/1/2019 	1933972	26.00	202.00	6.59	27.62	101084.50	2580	1	CharlieHolbrow	
2190	0:32:22	1/1/2019 	1935616	20.00	97.00	6.87	27.61	101083.41	97776	0	CharlieHolbrow	
2191	0:32:22	1/1/2019 	1936021	21.00	84.00	6.80	27.61	101083.07	1835	1	CharlieHolbrow	
2192	0:32:23	1/1/2019 	1936573	20.00	88.00	6.86	27.61	101082.58	51913	1	CharlieHolbrow	
2193	0:32:26	1/1/2019 	1939270	22.00	130.00	6.78	27.61	101079.54	97779	1	CharlieHolbrow	
2194	0:32:26	1/1/2019 	1939893	22.00	107.00	6.76	27.61	101078.38	49810	1	CharlieHolbrow	
2195	0:32:31	1/1/2019 	1945157	18.00	61.00	6.98	27.60	101072.41	242444	0	CharlieHolbrow	
2196	0:32:33	1/1/2019 	1946552	17.00	24.00	7.02	27.60	101070.68	97782	1	CharlieHolbrow	
2197	0:32:35	1/1/2019 	1948443	19.00	62.00	6.91	27.59	101068.66	49807	1	CharlieHolbrow	
2198	0:32:35	1/1/2019 	1948744	16.00	9.00	7.07	27.59	101068.66	51914	1	CharlieHolbrow	
2199	0:32:35	1/1/2019 	1949192	34.00	377.00	6.34	27.59	101068.16	1835	1	CharlieHolbrow	
2200	0:32:38	1/1/2019 	1951548	21.00	123.00	6.83	27.59	101065.79	145749	1	CharlieHolbrow	
2201	0:32:38	1/1/2019 	1951748	21.00	85.00	6.80	27.59	101065.79	2683	0	CharlieHolbrow	
2202	0:32:38	1/1/2019 	1952016	25.00	163.00	6.63	27.59	101065.45	1835	1	CharlieHolbrow	
2203	0:32:39	1/1/2019 	1952222	15.00	8.00	7.13	27.59	101065.45	3941	0	CharlieHolbrow	
2204	0:32:43	1/1/2019 	1956615	28.00	272.00	6.52	27.58	101059.83	241691	0	CharlieHolbrow	
2205	0:32:46	1/1/2019 	1959693	22.00	134.00	6.78	27.57	101055.91	145752	1	CharlieHolbrow	
2206	0:32:47	1/1/2019 	1961007	29.00	268.00	6.48	27.57	101054.47	50553	0	CharlieHolbrow	
2207	0:32:48	1/1/2019 	1961680	17.00	16.00	7.01	27.57	101054.14	49808	0	CharlieHolbrow	
2208	0:32:51	1/1/2019 	1964349	15.00	8.00	7.13	27.56	101051.44	97780	0	CharlieHolbrow	
2209	0:32:54	1/1/2019 	1967595	19.00	58.00	6.91	27.56	101047.91	195830	0	CharlieHolbrow	
2210	0:32:55	1/1/2019 	1969022	21.00	104.00	6.81	27.56	101046.14	49810	1	CharlieHolbrow	
2211	0:32:56	1/1/2019 	1969760	15.00	8.00	7.13	27.56	101045.81	49809	0	CharlieHolbrow	
2212	0:32:59	1/1/2019 	1972940	17.00	22.00	7.02	27.55	101042.48	146496	1	CharlieHolbrow	
2213	0:33:00	1/1/2019 	1973356	20.00	75.00	6.85	27.55	101041.72	1836	1	CharlieHolbrow	
2214	0:33:01	1/1/2019 	1974674	15.00	8.00	7.13	27.55	101040.62	97779	0	CharlieHolbrow	
2215	0:33:03	1/1/2019 	1976354	20.00	64.00	6.85	27.54	101038.86	51913	1	CharlieHolbrow	
2216	0:33:05	1/1/2019 	1978738	21.00	113.00	6.82	27.54	101035.66	145754	0	CharlieHolbrow	
2217	0:33:12	1/1/2019 	1985551	20.00	81.00	6.86	27.53	101028.88	337641	1	CharlieHolbrow	
2218	0:33:12	1/1/2019 	1985610	14.00	8.00	7.21	27.53	101028.88	2588	0	CharlieHolbrow	
2219	0:33:12	1/1/2019 	1986030	21.00	96.00	6.81	27.53	101028.38	1841	0	CharlieHolbrow	
2220	0:33:15	1/1/2019 	1988689	20.00	75.00	6.85	27.52	101026.11	145755	0	CharlieHolbrow	
2221	0:33:17	1/1/2019 	1990280	16.00	12.00	7.07	27.52	101024.08	51914	0	CharlieHolbrow	
2222	0:33:17	1/1/2019 	1990781	15.00	7.00	7.13	27.52	101023.58	50549	0	CharlieHolbrow	
2223	0:33:18	1/1/2019 	1992147	16.00	19.00	7.09	27.52	101021.65	49805	0	CharlieHolbrow	
2224	0:33:19	1/1/2019 	1992588	23.00	160.00	6.74	27.52	101021.31	49805	1	CharlieHolbrow	
2225	0:33:20	1/1/2019 	1993234	16.00	16.00	7.08	27.51	101020.38	1836	0	CharlieHolbrow	
2226	0:33:20	1/1/2019 	1993461	22.00	92.00	6.75	27.51	101020.38	3942	0	CharlieHolbrow	
2227	0:33:20	1/1/2019 	1993989	16.00	8.00	7.06	27.51	101020.05	49805	0	CharlieHolbrow	
2228	0:33:22	1/1/2019 	1995752	22.00	140.00	6.78	27.51	101017.39	97776	1	CharlieHolbrow	
2229	0:33:23	1/1/2019 	1996648	18.00	50.00	6.97	27.51	101016.39	49807	1	CharlieHolbrow	
2230	0:33:24	1/1/2019 	1997968	30.00	266.00	6.44	27.51	101015.12	49809	1	CharlieHolbrow	
2231	0:33:24	1/1/2019 	1998017	15.00	7.00	7.13	27.50	101014.02	1841	0	CharlieHolbrow	
2232	0:33:28	1/1/2019 	2001494	27.00	245.00	6.56	27.50	101010.50	151122	1	CharlieHolbrow	
2233	0:33:29	1/1/2019 	2003176	32.00	364.00	6.40	27.50	101008.06	98524	1	CharlieHolbrow	
2234	0:33:34	1/1/2019 	2007593	22.00	124.00	6.77	27.49	101001.38	241692	0	CharlieHolbrow	
2235	0:33:35	1/1/2019 	2008567	36.00	428.00	6.30	27.48	100999.77	49812	1	CharlieHolbrow	
2236	0:33:35	1/1/2019 	2008651	26.00	168.00	6.58	27.48	100999.77	1836	1	CharlieHolbrow	
2237	0:33:37	1/1/2019 	2010611	19.00	57.00	6.91	27.48	100997.25	97776	0	CharlieHolbrow	
2238	0:33:39	1/1/2019 	2012839	21.00	115.00	6.82	27.48	100995.15	100660	0	CharlieHolbrow	
2239	0:33:43	1/1/2019 	2016956	20.00	81.00	6.86	27.47	100991.19	193719	0	CharlieHolbrow	
2240	0:33:47	1/1/2019 	2020867	24.00	173.00	6.69	27.46	100988.86	193719	1	CharlieHolbrow	
2241	0:33:48	1/1/2019 	2021974	30.00	292.00	6.45	27.46	100987.93	50550	0	CharlieHolbrow	
2242	0:33:50	1/1/2019 	2023887	16.00	8.00	7.06	27.46	100985.23	97775	0	CharlieHolbrow	
2243	0:33:51	1/1/2019 	2024281	20.00	107.00	6.88	27.46	100984.73	1835	1	CharlieHolbrow	
2244	0:33:52	1/1/2019 	2026111	26.00	215.00	6.60	27.45	100982.38	99885	1	CharlieHolbrow	
2245	0:33:53	1/1/2019 	2026225	30.00	318.00	6.46	27.45	100982.38	1843	0	CharlieHolbrow	
2246	0:33:53	1/1/2019 	2026703	31.00	289.00	6.40	27.45	100982.04	49811	1	CharlieHolbrow	
2247	0:33:53	1/1/2019 	2026848	16.00	8.00	7.06	27.45	100982.04	1835	0	CharlieHolbrow	
2248	0:33:55	1/1/2019 	2028858	31.00	337.00	6.43	27.45	100980.18	97775	1	CharlieHolbrow	
2249	0:33:57	1/1/2019 	2031138	24.00	174.00	6.69	27.44	100977.85	99802	1	CharlieHolbrow	
2250	0:33:58	1/1/2019 	2031693	20.00	98.00	6.87	27.44	100977.35	50552	1	CharlieHolbrow	
2251	0:33:59	1/1/2019 	2032715	23.00	128.00	6.72	27.44	100976.25	49809	1	CharlieHolbrow	
2252	0:34:00	1/1/2019 	2033611	28.00	238.00	6.51	27.44	100975.49	49809	0	CharlieHolbrow	
2253	0:34:01	1/1/2019 	2034947	17.00	24.00	7.02	27.43	100974.39	49809	1	CharlieHolbrow	
2254	0:34:02	1/1/2019 	2035319	23.00	153.00	6.73	27.43	100974.23	1836	1	CharlieHolbrow	
2255	0:34:02	1/1/2019 	2035342	25.00	130.00	6.61	27.43	100974.23	3943	1	CharlieHolbrow	
2256	0:34:02	1/1/2019 	2035700	45.00	630.00	6.18	27.43	100973.62	49810	0	CharlieHolbrow	
2257	0:34:02	1/1/2019 	2035966	21.00	75.00	6.79	27.43	100973.62	1844	1	CharlieHolbrow	
2258	0:34:04	1/1/2019 	2037330	20.00	73.00	6.85	27.43	100972.20	49810	1	CharlieHolbrow	
2259	0:34:05	1/1/2019 	2038385	16.00	10.00	7.07	27.43	100971.27	49808	0	CharlieHolbrow	
2260	0:34:09	1/1/2019 	2042866	22.00	95.00	6.75	27.42	100967.68	241695	1	CharlieHolbrow	
2261	0:34:09	1/1/2019 	2042956	22.00	95.00	6.75	27.42	100967.68	4722	1	CharlieHolbrow	
2262	0:34:13	1/1/2019 	2046268	32.00	353.00	6.40	27.41	100964.05	145750	1	CharlieHolbrow	
2263	0:34:13	1/1/2019 	2047029	19.00	44.00	6.90	27.41	100964.05	49807	1	CharlieHolbrow	
2264	0:34:15	1/1/2019 	2049161	22.00	118.00	6.77	27.41	100962.36	97778	1	CharlieHolbrow	
2265	0:34:16	1/1/2019 	2049285	16.00	7.00	7.06	27.41	100961.86	1837	0	CharlieHolbrow	
2266	0:34:16	1/1/2019 	2049436	18.00	29.00	6.96	27.41	100961.86	1834	0	CharlieHolbrow	
2267	0:34:16	1/1/2019 	2049723	31.00	306.00	6.41	27.40	100961.09	55190	1	CharlieHolbrow	
2268	0:34:17	1/1/2019 	2050871	16.00	14.00	7.08	27.40	100959.84	50551	0	CharlieHolbrow	
2269	0:34:19	1/1/2019 	2052594	20.00	82.00	6.86	27.40	100958.44	97776	0	CharlieHolbrow	
2270	0:34:19	1/1/2019 	2052906	22.00	90.00	6.75	27.40	100958.10	1836	1	CharlieHolbrow	
2271	0:34:20	1/1/2019 	2053719	24.00	182.00	6.69	27.40	100957.00	49806	1	CharlieHolbrow	
2272	0:34:21	1/1/2019 	2054611	15.00	9.00	7.14	27.40	100956.84	51914	0	CharlieHolbrow	
2273	0:34:24	1/1/2019 	2057764	15.00	7.00	7.13	27.39	100953.88	145747	0	CharlieHolbrow	
2274	0:34:26	1/1/2019 	2059699	22.00	114.00	6.76	27.39	100952.12	97779	1	CharlieHolbrow	
2275	0:34:28	1/1/2019 	2061745	16.00	13.00	7.08	27.38	100949.92	98527	0	CharlieHolbrow	
2276	0:34:30	1/1/2019 	2063933	16.00	9.00	7.07	27.38	100947.83	97776	0	CharlieHolbrow	
2277	0:34:41	1/1/2019 	2074578	19.00	78.00	6.92	27.36	100937.62	529513	1	CharlieHolbrow	
2278	0:34:41	1/1/2019 	2075162	31.00	296.00	6.41	27.36	100937.12	4727	1	CharlieHolbrow	
2279	0:34:42	1/1/2019 	2076125	28.00	253.00	6.52	27.35	100935.89	49812	0	CharlieHolbrow	
2280	0:34:47	1/1/2019 	2080253	20.00	85.00	6.86	27.35	100931.94	193720	1	CharlieHolbrow	
2281	0:34:49	1/1/2019 	2082733	40.00	534.00	6.23	27.34	100930.24	146496	1	CharlieHolbrow	
2282	0:34:55	1/1/2019 	2088926	28.00	265.00	6.52	27.33	100923.19	289658	1	CharlieHolbrow	
2283	0:34:59	1/1/2019 	2092970	17.00	35.00	7.03	27.32	100918.80	193720	0	CharlieHolbrow	
2284	0:34:59	1/1/2019 	2093153	17.00	24.00	7.02	27.32	100918.80	4721	1	CharlieHolbrow	
2285	0:35:01	1/1/2019 	2094615	37.00	453.00	6.28	27.31	100916.98	97777	0	CharlieHolbrow	
2286	0:35:02	1/1/2019 	2095684	16.00	11.00	7.07	27.31	100916.05	49807	0	CharlieHolbrow	
2287	0:35:05	1/1/2019 	2099097	15.00	7.00	7.13	27.30	100912.83	145747	0	CharlieHolbrow	
2288	0:35:06	1/1/2019 	2099395	15.00	8.00	7.13	27.30	100912.66	1836	1	CharlieHolbrow	
2289	0:35:13	1/1/2019 	2106096	17.00	28.00	7.03	27.28	100906.95	337632	0	CharlieHolbrow	
2290	0:35:14	1/1/2019 	2107795	24.00	147.00	6.67	27.28	100905.69	100689	0	CharlieHolbrow	
2291	0:35:15	1/1/2019 	2108927	15.00	7.00	7.13	27.28	100903.83	49806	0	CharlieHolbrow	
2292	0:35:19	1/1/2019 	2112146	25.00	194.00	6.64	27.27	100900.80	145746	0	CharlieHolbrow	
2293	0:35:19	1/1/2019 	2112727	15.00	7.00	7.13	27.27	100900.03	50550	0	CharlieHolbrow	
2294	0:35:21	1/1/2019 	2114377	15.00	7.00	7.13	27.27	100898.14	49804	1	CharlieHolbrow	
2295	0:35:21	1/1/2019 	2114667	25.00	138.00	6.62	27.27	100898.14	51912	0	CharlieHolbrow	
2296	0:35:24	1/1/2019 	2117993	22.00	117.00	6.77	27.25	100894.59	145746	1	CharlieHolbrow	
2297	0:35:25	1/1/2019 	2118984	44.00	660.00	6.21	27.25	100893.66	49807	1	CharlieHolbrow	
2298	0:35:26	1/1/2019 	2119417	24.00	144.00	6.67	27.25	100893.33	1836	1	CharlieHolbrow	
2299	0:35:27	1/1/2019 	2120697	15.00	7.00	7.13	27.25	100892.06	97777	0	CharlieHolbrow	
2300	0:35:31	1/1/2019 	2124113	22.00	136.00	6.78	27.24	100886.80	146493	1	CharlieHolbrow	
2301	0:35:35	1/1/2019 	2128412	30.00	286.00	6.44	27.23	100879.41	195829	1	CharlieHolbrow	
2302	0:35:37	1/1/2019 	2130309	18.00	40.00	6.97	27.23	100876.82	97780	1	CharlieHolbrow	
2303	0:35:38	1/1/2019 	2131563	25.00	182.00	6.64	27.22	100874.45	98525	0	CharlieHolbrow	
2304	0:35:39	1/1/2019 	2133038	15.00	7.00	7.13	27.22	100872.36	49808	0	CharlieHolbrow	
2305	0:35:41	1/1/2019 	2134696	15.00	7.00	7.13	27.22	100870.62	97778	0	CharlieHolbrow	
2306	0:35:42	1/1/2019 	2135230	20.00	90.00	6.87	27.22	100870.30	1840	1	CharlieHolbrow	
2307	0:35:44	1/1/2019 	2137457	31.00	324.00	6.42	27.21	100866.77	99885	1	CharlieHolbrow	
2308	0:35:46	1/1/2019 	2139936	15.00	8.00	7.13	27.21	100863.91	145752	0	CharlieHolbrow	
2309	0:35:46	1/1/2019 	2140071	15.00	7.00	7.13	27.21	100863.91	2580	0	CharlieHolbrow	
2310	0:35:47	1/1/2019 	2140571	23.00	136.00	6.72	27.21	100863.15	49805	1	CharlieHolbrow	
2311	0:35:48	1/1/2019 	2141565	15.00	8.00	7.13	27.21	100862.15	49807	0	CharlieHolbrow	
2312	0:35:49	1/1/2019 	2142178	26.00	197.00	6.59	27.20	100861.38	3943	0	CharlieHolbrow	
2313	0:35:49	1/1/2019 	2142830	39.00	448.00	6.22	27.20	100860.88	49807	0	CharlieHolbrow	
2314	0:35:50	1/1/2019 	2143551	16.00	8.00	7.06	27.20	100859.62	49808	0	CharlieHolbrow	
2315	0:35:50	1/1/2019 	2143922	16.00	8.00	7.06	27.20	100859.62	1843	0	CharlieHolbrow	
2316	0:35:50	1/1/2019 	2144022	19.00	37.00	6.90	27.20	100859.28	1839	1	CharlieHolbrow	
2317	0:35:51	1/1/2019 	2144814	24.00	153.00	6.68	27.20	100858.36	49806	1	CharlieHolbrow	
2318	0:35:53	1/1/2019 	2146191	20.00	86.00	6.86	27.20	100857.12	51777	1	CharlieHolbrow	
2319	0:35:53	1/1/2019 	2146719	22.00	96.00	6.75	27.20	100856.80	49813	0	CharlieHolbrow	
2320	0:35:53	1/1/2019 	2146911	22.00	106.00	6.76	27.20	100856.80	1835	1	CharlieHolbrow	
2321	0:35:56	1/1/2019 	2149920	17.00	25.00	7.02	27.19	100852.51	145749	0	CharlieHolbrow	
2322	0:36:00	1/1/2019 	2153231	18.00	39.00	6.96	27.18	100849.31	146496	1	CharlieHolbrow	
2323	0:36:00	1/1/2019 	2153919	16.00	8.00	7.06	27.18	100848.72	49807	1	CharlieHolbrow	
2324	0:36:02	1/1/2019 	2155714	15.00	8.00	7.13	27.18	100845.95	99886	1	CharlieHolbrow	
2325	0:36:02	1/1/2019 	2155914	22.00	100.00	6.75	27.18	100845.95	1836	0	CharlieHolbrow	
2326	0:36:03	1/1/2019 	2156651	19.00	59.00	6.91	27.18	100844.05	49806	1	CharlieHolbrow	
2327	0:36:04	1/1/2019 	2157358	22.00	118.00	6.77	27.18	100843.72	1836	1	CharlieHolbrow	
2328	0:36:04	1/1/2019 	2157795	16.00	9.00	7.07	27.17	100842.79	49807	0	CharlieHolbrow	
2329	0:36:06	1/1/2019 	2159179	24.00	141.00	6.67	27.17	100841.70	49806	1	CharlieHolbrow	
2330	0:36:06	1/1/2019 	2159704	25.00	166.00	6.63	27.17	100841.53	51773	1	CharlieHolbrow	
2331	0:36:06	1/1/2019 	2159961	21.00	79.00	6.80	27.17	100841.53	2580	1	CharlieHolbrow	
2332	0:36:07	1/1/2019 	2160564	16.00	15.00	7.08	27.17	100840.60	49807	0	CharlieHolbrow	
2333	0:36:09	1/1/2019 	2162104	22.00	122.00	6.77	27.17	100838.67	49807	0	CharlieHolbrow	
2334	0:36:12	1/1/2019 	2165198	22.00	108.00	6.76	27.16	100834.88	145752	0	CharlieHolbrow	
2335	0:36:12	1/1/2019 	2165964	15.00	8.00	7.13	27.16	100835.05	55324	0	CharlieHolbrow	
2336	0:36:14	1/1/2019 	2167474	28.00	252.00	6.52	27.15	100834.05	49807	1	CharlieHolbrow	
2337	0:36:15	1/1/2019 	2168101	43.00	577.00	6.18	27.15	100833.89	49807	1	CharlieHolbrow	
2338	0:36:17	1/1/2019 	2170140	23.00	123.00	6.71	27.15	100832.03	97780	1	CharlieHolbrow	
2339	0:36:17	1/1/2019 	2170655	28.00	239.00	6.51	27.15	100831.70	50553	1	CharlieHolbrow	
2340	0:36:18	1/1/2019 	2171829	19.00	56.00	6.91	27.15	100830.60	49808	1	CharlieHolbrow	
2341	0:36:20	1/1/2019 	2173356	37.00	454.00	6.28	27.14	100829.34	51913	1	CharlieHolbrow	
2342	0:36:21	1/1/2019 	2174273	16.00	7.00	7.06	27.14	100828.41	49807	0	CharlieHolbrow	
2343	0:36:21	1/1/2019 	2174449	26.00	173.00	6.58	27.14	100828.41	1836	0	CharlieHolbrow	
2344	0:36:26	1/1/2019 	2179227	19.00	62.00	6.91	27.13	100821.96	241689	1	CharlieHolbrow	
2345	0:36:26	1/1/2019 	2179268	17.00	20.00	7.02	27.13	100821.96	1836	1	CharlieHolbrow	
2346	0:36:28	1/1/2019 	2182055	17.00	22.00	7.02	27.12	100818.27	145748	1	CharlieHolbrow	
2347	0:36:28	1/1/2019 	2182090	29.00	232.00	6.47	27.12	100818.27	4734	1	CharlieHolbrow	
2348	0:36:30	1/1/2019 	2183808	27.00	258.00	6.56	27.12	100816.50	97777	1	CharlieHolbrow	
2349	0:36:33	1/1/2019 	2186360	15.00	7.00	7.13	27.12	100813.14	97779	0	CharlieHolbrow	
2350	0:36:34	1/1/2019 	2187741	30.00	301.00	6.45	27.11	100810.38	97776	1	CharlieHolbrow	
2351	0:36:35	1/1/2019 	2188181	22.00	127.00	6.77	27.11	100809.28	1836	1	CharlieHolbrow	
2352	0:36:35	1/1/2019 	2188418	23.00	129.00	6.72	27.11	100809.28	1837	1	CharlieHolbrow	
2353	0:36:40	1/1/2019 	2193460	21.00	111.00	6.82	27.10	100801.86	243713	1	CharlieHolbrow	
2354	0:36:40	1/1/2019 	2194029	37.00	340.00	6.23	27.10	100801.36	50775	1	CharlieHolbrow	
2355	0:36:42	1/1/2019 	2195115	22.00	128.00	6.77	27.10	100798.94	49807	1	CharlieHolbrow	
2356	0:36:42	1/1/2019 	2195898	24.00	150.00	6.68	27.10	100798.17	49808	1	CharlieHolbrow	
2357	0:36:43	1/1/2019 	2196628	15.00	7.00	7.13	27.10	100796.74	49808	0	CharlieHolbrow	
2358	0:36:47	1/1/2019 	2200753	42.00	587.00	6.21	27.09	100792.88	195829	1	CharlieHolbrow	
2359	0:36:49	1/1/2019 	2202562	23.00	150.00	6.73	27.09	100790.72	98749	1	CharlieHolbrow	
2360	0:36:50	1/1/2019 	2203242	27.00	243.00	6.56	27.09	100789.56	1837	1	CharlieHolbrow	
2361	0:36:50	1/1/2019 	2204090	15.00	6.00	7.13	27.08	100788.80	49808	0	CharlieHolbrow	
2362	0:36:52	1/1/2019 	2205282	22.00	133.00	6.78	27.08	100786.96	49806	0	CharlieHolbrow	
2363	0:36:55	1/1/2019 	2208761	22.00	112.00	6.76	27.08	100780.34	193721	1	CharlieHolbrow	
2364	0:36:58	1/1/2019 	2211268	22.00	119.00	6.77	27.07	100775.98	99887	1	CharlieHolbrow	
2365	0:36:58	1/1/2019 	2211680	15.00	8.00	7.13	27.07	100775.14	50775	0	CharlieHolbrow	
2366	0:37:03	1/1/2019 	2216285	16.00	8.00	7.06	27.06	100767.46	193722	0	CharlieHolbrow	
2367	0:37:04	1/1/2019 	2217901	22.00	139.00	6.78	27.06	100765.03	97779	1	CharlieHolbrow	
2368	0:37:04	1/1/2019 	2217991	47.00	631.00	6.15	27.06	100765.03	1836	1	CharlieHolbrow	
2369	0:37:04	1/1/2019 	2218006	24.00	103.00	6.64	27.06	100765.03	1835	1	CharlieHolbrow	
2370	0:37:07	1/1/2019 	2220727	16.00	7.00	7.06	27.06	100760.94	151275	0	CharlieHolbrow	
2371	0:37:07	1/1/2019 	2220756	24.00	122.00	6.66	27.06	100760.94	2803	1	CharlieHolbrow	
2372	0:37:09	1/1/2019 	2222410	15.00	8.00	7.13	27.05	100758.84	49806	1	CharlieHolbrow	
2373	0:37:12	1/1/2019 	2225632	15.00	7.00	7.13	27.05	100755.31	193720	0	CharlieHolbrow	
2374	0:37:14	1/1/2019 	2227593	22.00	132.00	6.78	27.04	100752.82	97779	1	CharlieHolbrow	
2375	0:37:15	1/1/2019 	2228107	22.00	105.00	6.76	27.04	100752.48	1836	1	CharlieHolbrow	
2376	0:37:18	1/1/2019 	2231729	25.00	179.00	6.64	27.04	100747.53	195828	1	CharlieHolbrow	
2377	0:37:19	1/1/2019 	2232432	22.00	116.00	6.76	27.03	100746.61	2804	1	CharlieHolbrow	
2378	0:37:19	1/1/2019 	2233093	31.00	232.00	6.38	27.03	100745.94	49807	0	CharlieHolbrow	
2379	0:37:25	1/1/2019 	2238380	25.00	218.00	6.65	27.03	100739.15	241689	1	CharlieHolbrow	
2380	0:37:31	1/1/2019 	2244961	24.00	169.00	6.69	27.01	100731.88	337632	1	CharlieHolbrow	
2381	0:37:32	1/1/2019 	2245705	21.00	105.00	6.82	27.01	100731.54	52886	1	CharlieHolbrow	
2382	0:37:36	1/1/2019 	2249275	15.00	7.00	7.13	27.01	100726.84	145746	0	CharlieHolbrow	
2383	0:37:36	1/1/2019 	2250039	28.00	217.00	6.51	27.01	100725.92	49805	1	CharlieHolbrow	
2384	0:37:39	1/1/2019 	2252198	36.00	453.00	6.30	27.00	100723.48	98744	0	CharlieHolbrow	
2385	0:37:40	1/1/2019 	2253842	22.00	135.00	6.78	27.00	100721.17	97777	1	CharlieHolbrow	
2386	0:37:42	1/1/2019 	2255453	20.00	95.00	6.87	27.00	100719.23	49806	1	CharlieHolbrow	
2387	0:37:42	1/1/2019 	2255594	15.00	7.00	7.13	27.00	100719.23	51914	0	CharlieHolbrow	
2388	0:37:42	1/1/2019 	2255602	16.00	8.00	7.06	27.00	100719.23	1834	0	CharlieHolbrow	
2389	0:37:42	1/1/2019 	2256010	22.00	87.00	6.74	27.00	100718.91	1834	1	CharlieHolbrow	
2390	0:37:46	1/1/2019 	2259824	29.00	265.00	6.48	26.99	100714.12	193717	0	CharlieHolbrow	
2391	0:37:47	1/1/2019 	2260840	21.00	99.00	6.81	26.99	100712.69	50775	1	CharlieHolbrow	
2392	0:37:47	1/1/2019 	2260975	15.00	8.00	7.13	26.99	100712.69	1835	0	CharlieHolbrow	
2393	0:37:50	1/1/2019 	2263278	15.00	8.00	7.13	26.98	100710.76	99881	0	CharlieHolbrow	
2394	0:37:52	1/1/2019 	2265344	29.00	256.00	6.47	26.98	100707.56	97775	1	CharlieHolbrow	
2395	0:37:52	1/1/2019 	2265910	21.00	98.00	6.81	26.98	100706.90	49805	1	CharlieHolbrow	
2396	0:37:53	1/1/2019 	2266117	21.00	92.00	6.81	26.98	100706.90	1836	0	CharlieHolbrow	
2397	0:37:53	1/1/2019 	2266722	16.00	8.00	7.06	26.98	100706.56	49805	0	CharlieHolbrow	
2398	0:37:54	1/1/2019 	2267948	24.00	140.00	6.67	26.98	100704.84	49804	1	CharlieHolbrow	
2399	0:37:55	1/1/2019 	2268611	21.00	102.00	6.81	26.97	100703.74	51771	0	CharlieHolbrow	
2400	0:37:57	1/1/2019 	2270252	31.00	307.00	6.41	26.97	100701.65	49806	1	CharlieHolbrow	
2401	0:37:57	1/1/2019 	2270292	9.00	8.00	7.62	26.97	100701.65	2803	0	CharlieHolbrow	
2402	0:38:00	1/1/2019 	2273966	20.00	72.00	6.85	26.97	100694.79	193713	1	CharlieHolbrow	
2403	0:38:02	1/1/2019 	2275659	24.00	178.00	6.69	26.96	100695.69	97774	1	CharlieHolbrow	
2404	0:38:04	1/1/2019 	2277467	23.00	138.00	6.72	26.96	100695.77	55330	1	CharlieHolbrow	
2405	0:38:05	1/1/2019 	2278104	16.00	8.00	7.06	26.96	100695.00	49806	0	CharlieHolbrow	
2406	0:38:05	1/1/2019 	2278600	19.00	45.00	6.90	26.96	100694.67	49805	0	CharlieHolbrow	
2407	0:38:05	1/1/2019 	2278634	17.00	28.00	7.03	26.96	100694.67	1835	0	CharlieHolbrow	
2408	0:38:07	1/1/2019 	2280723	23.00	138.00	6.72	26.96	100693.57	97775	1	CharlieHolbrow	
2409	0:38:08	1/1/2019 	2281269	18.00	53.00	6.97	26.96	100694.07	2805	0	CharlieHolbrow	
2410	0:38:09	1/1/2019 	2282726	29.00	287.00	6.49	26.95	100697.17	99883	1	CharlieHolbrow	
2411	0:38:15	1/1/2019 	2288907	23.00	126.00	6.72	26.95	100698.89	289660	1	CharlieHolbrow	
2412	0:38:18	1/1/2019 	2291184	20.00	81.00	6.86	26.94	100694.80	97779	1	CharlieHolbrow	
2413	0:38:18	1/1/2019 	2291195	23.00	136.00	6.72	26.94	100694.80	2804	1	CharlieHolbrow	
2414	0:38:20	1/1/2019 	2293413	22.00	125.00	6.77	26.94	100640.70	97777	1	CharlieHolbrow	
2415	0:38:22	1/1/2019 	2295252	21.00	103.00	6.81	26.94	100596.84	97779	1	CharlieHolbrow	
2416	0:38:23	1/1/2019 	2297025	16.00	8.00	7.06	26.93	100533.36	99886	1	CharlieHolbrow	
2417	0:38:25	1/1/2019 	2298862	16.00	7.00	7.06	26.93	100482.18	97776	0	CharlieHolbrow	
2418	0:38:26	1/1/2019 	2299129	27.00	229.00	6.55	26.93	100465.52	1835	1	CharlieHolbrow	
2419	0:38:31	1/1/2019 	2304736	25.00	155.00	6.63	26.89	100279.45	289665	1	CharlieHolbrow	
2420	0:38:31	1/1/2019 	2304742	15.00	7.00	7.13	26.89	100279.45	2804	0	CharlieHolbrow	
2421	0:38:33	1/1/2019 	2306258	19.00	75.00	6.92	26.89	100231.38	51967	1	CharlieHolbrow	
2422	0:38:40	1/1/2019 	2313729	23.00	139.00	6.72	26.82	100019.52	385610	1	CharlieHolbrow	
2423	0:38:41	1/1/2019 	2314720	22.00	120.00	6.77	26.81	99997.11	50777	1	CharlieHolbrow	
2424	0:38:43	1/1/2019 	2316674	22.00	114.00	6.76	26.79	99955.16	97781	1	CharlieHolbrow	
2425	0:38:43	1/1/2019 	2316811	22.00	100.00	6.75	26.79	99955.16	1836	1	CharlieHolbrow	
2426	0:38:45	1/1/2019 	2318162	36.00	455.00	6.31	26.77	99919.30	49806	0	CharlieHolbrow	
2427	0:38:51	1/1/2019 	2325044	20.00	77.00	6.86	26.68	99781.08	339747	0	CharlieHolbrow	
2428	0:38:55	1/1/2019 	2328240	15.00	7.00	7.13	26.64	99690.25	146721	0	CharlieHolbrow	
2429	0:38:57	1/1/2019 	2330863	23.00	138.00	6.72	26.60	99639.80	145755	1	CharlieHolbrow	
2430	0:39:00	1/1/2019 	2333135	18.00	17.00	6.95	26.57	99624.93	98749	0	CharlieHolbrow	
2431	0:39:00	1/1/2019 	2333793	44.00	613.00	6.19	26.56	99620.66	49808	1	CharlieHolbrow	
2432	0:39:00	1/1/2019 	2333847	44.00	556.00	6.16	26.56	99620.66	1836	1	CharlieHolbrow	
2433	0:39:01	1/1/2019 	2334589	29.00	259.00	6.47	26.54	99610.90	51916	0	CharlieHolbrow	
2434	0:39:05	1/1/2019 	2338640	30.00	291.00	6.45	26.48	99567.42	193722	0	CharlieHolbrow	
2435	0:39:05	1/1/2019 	2338961	21.00	70.00	6.79	26.48	99567.42	1837	1	CharlieHolbrow	
2436	0:39:07	1/1/2019 	2340710	22.00	136.00	6.78	26.45	99546.80	97781	1	CharlieHolbrow	
2437	0:39:08	1/1/2019 	2341790	16.00	8.00	7.06	26.43	99536.70	50777	0	CharlieHolbrow	
2438	0:39:08	1/1/2019 	2341955	25.00	141.00	6.62	26.43	99536.70	1836	0	CharlieHolbrow	
2439	0:39:09	1/1/2019 	2342317	18.00	26.00	6.96	26.42	99531.96	3943	0	CharlieHolbrow	
2440	0:39:10	1/1/2019 	2343277	16.00	10.00	7.07	26.40	99522.50	49808	1	CharlieHolbrow	
2441	0:39:12	1/1/2019 	2345418	15.00	8.00	7.13	26.37	99506.41	97781	0	CharlieHolbrow	
2442	0:39:16	1/1/2019 	2349778	15.00	7.00	7.13	26.30	99474.56	241695	0	CharlieHolbrow	
2443	0:39:17	1/1/2019 	2350817	16.00	9.00	7.07	26.28	99468.39	50775	0	CharlieHolbrow	
2444	0:39:18	1/1/2019 	2351662	24.00	139.00	6.67	26.27	99461.64	49805	1	CharlieHolbrow	
2445	0:39:20	1/1/2019 	2353730	18.00	29.00	6.96	26.24	99449.76	99888	1	CharlieHolbrow	
2446	0:39:21	1/1/2019 	2354330	22.00	112.00	6.76	26.23	99446.98	1835	1	CharlieHolbrow	
2447	0:39:23	1/1/2019 	2356633	16.00	8.00	7.06	26.19	99432.45	145749	0	CharlieHolbrow	
2448	0:39:24	1/1/2019 	2357568	22.00	96.00	6.75	26.18	99429.09	49806	1	CharlieHolbrow	
2449	0:39:25	1/1/2019 	2358868	22.00	116.00	6.76	26.15	99421.52	49808	1	CharlieHolbrow	
2450	0:39:26	1/1/2019 	2359337	30.00	298.00	6.45	26.15	99418.92	3802	1	CharlieHolbrow	
2451	0:39:27	1/1/2019 	2360948	22.00	111.00	6.76	26.12	99411.55	97781	0	CharlieHolbrow	
2452	0:39:28	1/1/2019 	2361974	36.00	441.00	6.30	26.11	99407.05	50776	1	CharlieHolbrow	
2453	0:39:30	1/1/2019 	2363842	28.00	276.00	6.53	26.07	99397.72	97781	1	CharlieHolbrow	
2454	0:39:32	1/1/2019 	2365180	21.00	85.00	6.80	26.05	99391.11	49808	1	CharlieHolbrow	
2455	0:39:33	1/1/2019 	2366100	17.00	10.00	7.00	26.04	99388.84	49808	0	CharlieHolbrow	
2456	0:39:34	1/1/2019 	2367920	16.00	8.00	7.06	26.01	99379.83	99885	0	CharlieHolbrow	
2457	0:39:35	1/1/2019 	2368373	16.00	8.00	7.06	26.01	99377.89	1835	0	CharlieHolbrow	
2458	0:39:37	1/1/2019 	2370736	21.00	109.00	6.82	25.97	99368.61	145752	1	CharlieHolbrow	
2459	0:39:40	1/1/2019 	2373704	25.00	151.00	6.62	25.92	99358.72	146721	1	CharlieHolbrow	
2460	0:39:41	1/1/2019 	2374932	16.00	8.00	7.06	25.91	99356.27	49808	0	CharlieHolbrow	
2461	0:39:42	1/1/2019 	2375726	31.00	309.00	6.41	25.89	99352.84	49807	1	CharlieHolbrow	
2462	0:39:42	1/1/2019 	2376000	25.00	136.00	6.62	25.89	99352.84	3944	1	CharlieHolbrow	
2463	0:39:45	1/1/2019 	2378499	16.00	8.00	7.06	25.86	99345.64	97775	0	CharlieHolbrow	
2464	0:39:45	1/1/2019 	2378619	19.00	41.00	6.90	25.86	99345.64	49835	0	CharlieHolbrow	
2465	0:39:49	1/1/2019 	2382827	15.00	7.00	7.13	25.79	99332.41	193719	0	CharlieHolbrow	
2466	0:39:50	1/1/2019 	2383629	16.00	7.00	7.06	25.78	99330.64	50776	0	CharlieHolbrow	
2467	0:39:51	1/1/2019 	2384176	49.00	746.00	6.18	25.78	99329.23	1835	1	CharlieHolbrow	
2468	0:39:56	1/1/2019 	2389878	21.00	84.00	6.80	25.69	99311.94	291780	1	CharlieHolbrow	
2469	0:39:56	1/1/2019 	2390015	18.00	30.00	6.96	25.69	99311.94	2804	1	CharlieHolbrow	
2470	0:39:59	1/1/2019 	2393089	16.00	8.00	7.06	25.65	99302.31	145751	0	CharlieHolbrow	
2471	0:40:00	1/1/2019 	2393981	26.00	219.00	6.60	25.63	99298.97	49808	1	CharlieHolbrow	
2472	0:40:01	1/1/2019 	2394152	18.00	28.00	6.96	25.63	99298.97	1836	1	CharlieHolbrow	
2473	0:40:04	1/1/2019 	2397974	24.00	144.00	6.67	25.58	99286.33	193724	0	CharlieHolbrow	
2474	0:40:05	1/1/2019 	2398343	17.00	12.00	7.00	25.57	99284.75	3944	0	CharlieHolbrow	
2475	0:40:06	1/1/2019 	2399918	21.00	106.00	6.82	25.55	99280.23	97781	1	CharlieHolbrow	
2476	0:40:07	1/1/2019 	2400593	22.00	107.00	6.76	25.55	99278.64	50778	1	CharlieHolbrow	
2477	0:40:08	1/1/2019 	2401286	23.00	137.00	6.72	25.53	99275.69	1836	0	CharlieHolbrow	
2478	0:40:09	1/1/2019 	2402567	24.00	149.00	6.68	25.52	99272.35	97778	1	CharlieHolbrow	
2479	0:40:09	1/1/2019 	2402650	18.00	17.00	6.95	25.52	99272.35	3944	1	CharlieHolbrow	
2480	0:40:12	1/1/2019 	2405482	22.00	107.00	6.76	25.48	99263.48	97778	1	CharlieHolbrow	
2481	0:40:12	1/1/2019 	2405786	22.00	89.00	6.74	25.47	99262.05	49808	1	CharlieHolbrow	
2482	0:40:14	1/1/2019 	2406629	42.00	562.00	6.20	25.46	99260.47	49808	0	CharlieHolbrow	
2483	0:40:15	1/1/2019 	2407939	16.00	8.00	7.06	25.44	99255.79	49808	0	CharlieHolbrow	
2484	0:40:15	1/1/2019 	2408002	45.00	557.00	6.14	25.44	99255.79	1834	1	CharlieHolbrow	
2485	0:40:16	1/1/2019 	2409287	18.00	40.00	6.97	25.42	99251.21	51774	1	CharlieHolbrow	
2486	0:40:19	1/1/2019 	2411949	22.00	111.00	6.76	25.39	99243.02	145753	1	CharlieHolbrow	
2487	0:40:21	1/1/2019 	2413811	32.00	221.00	6.34	25.36	99237.50	98748	1	CharlieHolbrow	
2488	0:40:22	1/1/2019 	2415232	16.00	8.00	7.06	25.35	99234.58	49808	0	CharlieHolbrow	
2489	0:40:29	1/1/2019 	2422327	23.00	129.00	6.72	25.25	99211.98	337638	0	CharlieHolbrow	
2490	0:40:30	1/1/2019 	2422958	18.00	29.00	6.96	25.25	99210.80	50776	1	CharlieHolbrow	
2491	0:40:35	1/1/2019 	2428615	18.00	22.00	6.95	25.18	99193.91	291775	0	CharlieHolbrow	
2492	0:40:38	1/1/2019 	2431108	17.00	9.00	7.00	25.15	99186.07	97780	1	CharlieHolbrow	
2493	0:40:39	1/1/2019 	2431762	24.00	151.00	6.68	25.14	99184.30	50775	1	CharlieHolbrow	
2494	0:40:41	1/1/2019 	2433846	18.00	28.00	6.96	25.11	99186.41	97778	1	CharlieHolbrow	
2495	0:40:41	1/1/2019 	2433879	22.00	85.00	6.74	25.11	99190.25	1836	1	CharlieHolbrow	
2496	0:40:43	1/1/2019 	2436601	20.00	71.00	6.85	25.08	99194.67	145749	0	CharlieHolbrow	
2497	0:40:44	1/1/2019 	2436847	23.00	115.00	6.71	25.08	99194.67	3945	1	CharlieHolbrow	
2498	0:40:45	1/1/2019 	2438106	22.00	110.00	6.76	25.06	99190.42	49807	1	CharlieHolbrow	
2499	0:40:46	1/1/2019 	2438756	24.00	126.00	6.66	25.05	99188.48	49808	0	CharlieHolbrow	
2500	0:40:50	1/1/2019 	2443613	20.00	58.00	6.85	24.99	99138.58	241695	0	CharlieHolbrow	
2501	0:40:53	1/1/2019 	2446328	21.00	69.00	6.79	24.97	99112.37	98745	1	CharlieHolbrow	
2502	0:41:00	1/1/2019 	2452785	27.00	203.00	6.55	24.89	99047.00	337630	0	CharlieHolbrow	
2503	0:41:01	1/1/2019 	2454067	19.00	49.00	6.90	24.87	99031.42	52890	1	CharlieHolbrow	
2504	0:41:04	1/1/2019 	2457434	34.00	341.00	6.32	24.83	99002.41	145744	1	CharlieHolbrow	
2505	0:41:10	1/1/2019 	2463324	47.00	709.00	6.19	24.75	98963.01	289656	1	CharlieHolbrow	
2506	0:41:23	1/1/2019 	2475789	21.00	81.00	6.80	24.57	99063.56	626415	1	CharlieHolbrow	
2507	0:41:23	1/1/2019 	2475929	22.00	76.00	6.74	24.57	99063.56	2805	1	CharlieHolbrow	
2508	0:41:32	1/1/2019 	2485045	23.00	113.00	6.71	24.46	99251.85	435675	1	CharlieHolbrow	
2509	0:41:33	1/1/2019 	2485786	21.00	72.00	6.79	24.45	99265.16	50776	1	CharlieHolbrow	
2510	0:41:34	1/1/2019 	2487276	17.00	9.00	7.00	24.43	99287.11	49805	0	CharlieHolbrow	
2511	0:41:39	1/1/2019 	2491730	16.00	8.00	7.06	24.38	99351.20	241683	0	CharlieHolbrow	
2512	0:41:40	1/1/2019 	2493554	16.00	8.00	7.06	24.37	99365.12	98743	0	CharlieHolbrow	
2513	0:41:54	1/1/2019 	2506658	23.00	124.00	6.71	24.23	99398.78	625439	1	CharlieHolbrow	
2514	0:41:57	1/1/2019 	2509831	47.00	662.00	6.17	24.19	99404.92	148824	0	CharlieHolbrow	
2515	0:42:00	1/1/2019 	2512928	21.00	70.00	6.79	24.16	99410.05	146718	0	CharlieHolbrow	
2516	0:42:05	1/1/2019 	2517716	17.00	8.00	6.99	24.10	99414.33	241690	0	CharlieHolbrow	
2517	0:42:08	1/1/2019 	2520765	23.00	123.00	6.71	24.07	99410.09	145748	1	CharlieHolbrow	
2518	0:42:13	1/1/2019 	2526288	18.00	9.00	6.93	24.01	99408.61	242662	0	CharlieHolbrow	
2519	0:42:18	1/1/2019 	2530921	55.00	943.00	6.38	23.97	99404.84	241690	1	CharlieHolbrow	
2520	0:42:21	1/1/2019 	2534238	18.00	16.00	6.94	23.94	99401.38	148829	1	CharlieHolbrow	
2521	0:42:25	1/1/2019 	2538108	25.00	128.00	6.61	23.90	99401.61	193720	0	CharlieHolbrow	
2522	0:42:27	1/1/2019 	2539872	16.00	8.00	7.06	23.88	99401.40	97776	0	CharlieHolbrow	
2523	0:42:37	1/1/2019 	2550440	39.00	459.00	6.22	23.78	99399.14	482511	1	CharlieHolbrow	
2524	0:42:43	1/1/2019 	2556448	23.00	123.00	6.71	23.73	99395.12	290635	1	CharlieHolbrow	
2525	0:42:46	1/1/2019 	2558821	29.00	225.00	6.46	23.71	99393.77	145756	1	CharlieHolbrow	
2526	0:42:50	1/1/2019 	2562806	24.00	140.00	6.67	23.68	99389.61	195831	1	CharlieHolbrow	
2527	0:42:52	1/1/2019 	2565007	19.00	43.00	6.90	23.66	99387.58	98747	1	CharlieHolbrow	
2528	0:42:53	1/1/2019 	2565664	17.00	8.00	6.99	23.65	99387.31	49805	0	CharlieHolbrow	
2529	0:42:55	1/1/2019 	2567982	24.00	138.00	6.67	23.64	99385.54	97775	0	CharlieHolbrow	
2530	0:42:55	1/1/2019 	2568047	17.00	8.00	6.99	23.64	99385.54	1835	0	CharlieHolbrow	
2531	0:42:59	1/1/2019 	2571944	17.00	8.00	6.99	23.61	99381.89	195823	0	CharlieHolbrow	
2532	0:43:00	1/1/2019 	2573450	16.00	8.00	7.06	23.60	99380.03	50776	0	CharlieHolbrow	
2533	0:43:05	1/1/2019 	2578609	17.00	11.00	7.00	23.56	99376.31	289658	0	CharlieHolbrow	
2534	0:43:15	1/1/2019 	2588625	24.00	113.00	6.65	23.50	99374.48	481549	0	CharlieHolbrow	
2535	0:43:17	1/1/2019 	2589898	16.00	8.00	7.06	23.49	99374.30	50777	1	CharlieHolbrow	
2536	0:43:20	1/1/2019 	2593395	17.00	8.00	6.99	23.47	99373.06	146716	0	CharlieHolbrow	
2537	0:43:21	1/1/2019 	2593990	20.00	50.00	6.84	23.47	99373.14	51861	0	CharlieHolbrow	
2538	0:43:22	1/1/2019 	2595157	16.00	8.00	7.06	23.46	99372.80	49805	0	CharlieHolbrow	
2539	0:43:25	1/1/2019 	2597834	17.00	8.00	6.99	23.44	99372.11	145746	0	CharlieHolbrow	
2540	0:43:29	1/1/2019 	2601648	17.00	9.00	7.00	23.41	99369.45	193716	0	CharlieHolbrow	
2541	0:43:31	1/1/2019 	2603904	22.00	109.00	6.76	23.40	99367.50	98523	0	CharlieHolbrow	
2542	0:43:33	1/1/2019 	2605654	16.00	8.00	7.06	23.39	99365.25	97777	0	CharlieHolbrow	
2543	0:43:33	1/1/2019 	2606591	26.00	128.00	6.56	23.39	99364.66	53104	1	CharlieHolbrow	
2544	0:43:35	1/1/2019 	2607926	18.00	19.00	6.95	23.38	99362.49	49804	0	CharlieHolbrow	
2545	0:43:35	1/1/2019 	2608329	17.00	8.00	6.99	23.37	99361.91	1836	0	CharlieHolbrow	
2546	0:43:35	1/1/2019 	2608461	16.00	8.00	7.06	23.37	99361.91	1834	0	CharlieHolbrow	
2547	0:43:35	1/1/2019 	2608591	36.00	374.00	6.28	23.37	99361.91	49806	1	CharlieHolbrow	
2548	0:43:38	1/1/2019 	2611371	18.00	26.00	6.96	23.36	99357.61	97778	1	CharlieHolbrow	
2549	0:43:42	1/1/2019 	2615421	17.00	8.00	6.99	23.33	99351.24	196625	0	CharlieHolbrow	
2550	0:43:43	1/1/2019 	2615992	16.00	8.00	7.06	23.33	99350.98	49807	0	CharlieHolbrow	
2551	0:43:48	1/1/2019 	2620946	24.00	123.00	6.66	23.30	99346.84	241690	1	CharlieHolbrow	
2552	0:43:49	1/1/2019 	2622210	27.00	186.00	6.54	23.29	99345.64	50552	0	CharlieHolbrow	
2553	0:43:50	1/1/2019 	2622628	17.00	8.00	6.99	23.29	99345.64	49807	0	CharlieHolbrow	
2554	0:43:51	1/1/2019 	2623844	26.00	176.00	6.59	23.28	99345.06	49805	1	CharlieHolbrow	
2555	0:43:52	1/1/2019 	2624964	16.00	8.00	7.06	23.28	99344.88	51918	0	CharlieHolbrow	
2556	0:43:56	1/1/2019 	2628928	18.00	16.00	6.94	23.26	99343.34	193720	0	CharlieHolbrow	
2557	0:44:05	1/1/2019 	2637668	18.00	28.00	6.96	23.21	99339.50	433574	0	CharlieHolbrow	
2558	0:44:06	1/1/2019 	2639111	38.00	437.00	6.24	23.21	99338.72	50553	1	CharlieHolbrow	
2559	0:44:08	1/1/2019 	2640694	41.00	492.00	6.19	23.20	99338.14	97779	1	CharlieHolbrow	
2560	0:44:08	1/1/2019 	2641492	16.00	8.00	7.06	23.20	99338.05	2582	0	CharlieHolbrow	
2561	0:44:11	1/1/2019 	2643944	17.00	10.00	7.00	23.18	99336.92	147855	0	CharlieHolbrow	
2562	0:44:11	1/1/2019 	2644433	27.00	170.00	6.54	23.18	99336.66	1836	0	CharlieHolbrow	
2563	0:44:14	1/1/2019 	2647299	29.00	243.00	6.47	23.17	99335.73	145747	0	CharlieHolbrow	
2564	0:44:17	1/1/2019 	2650389	16.00	9.00	7.07	23.16	99334.27	145744	0	CharlieHolbrow	
2565	0:44:18	1/1/2019 	2650765	22.00	97.00	6.75	23.16	99334.27	50551	1	CharlieHolbrow	
2566	0:44:19	1/1/2019 	2651906	17.00	8.00	6.99	23.15	99333.37	55337	0	CharlieHolbrow	
2567	0:44:24	1/1/2019 	2657200	16.00	8.00	7.06	23.13	99331.16	241684	0	CharlieHolbrow	
2568	0:44:31	1/1/2019 	2663925	31.00	248.00	6.39	23.10	99327.50	337625	0	CharlieHolbrow	
2569	0:44:33	1/1/2019 	2665734	17.00	8.00	6.99	23.09	99326.16	98523	0	CharlieHolbrow	
2570	0:44:34	1/1/2019 	2667150	18.00	11.00	6.94	23.08	99325.98	49805	0	CharlieHolbrow	
2571	0:44:35	1/1/2019 	2667756	16.00	8.00	7.06	23.08	99325.72	49804	0	CharlieHolbrow	
2572	0:44:37	1/1/2019 	2669756	16.00	8.00	7.06	23.07	99324.77	99884	0	CharlieHolbrow	
2573	0:44:38	1/1/2019 	2671213	24.00	129.00	6.66	23.06	99323.86	50551	0	CharlieHolbrow	
2574	0:44:39	1/1/2019 	2672089	23.00	109.00	6.70	23.06	99323.19	49804	1	CharlieHolbrow	
2575	0:44:42	1/1/2019 	2675369	27.00	180.00	6.54	23.05	99322.38	145746	0	CharlieHolbrow	
2576	0:44:43	1/1/2019 	2675729	17.00	8.00	6.99	23.04	99321.99	49806	0	CharlieHolbrow	
2577	0:44:45	1/1/2019 	2678603	17.00	8.00	6.99	23.03	99319.94	145743	0	CharlieHolbrow	
2578	0:44:52	1/1/2019 	2685006	17.00	10.00	7.00	23.00	99316.08	291764	0	CharlieHolbrow	
2579	0:44:53	1/1/2019 	2686226	17.00	9.00	7.00	22.99	99315.39	50552	0	CharlieHolbrow	
2580	0:44:54	1/1/2019 	2687559	23.00	107.00	6.70	22.98	99314.12	97773	1	CharlieHolbrow	
2581	0:44:56	1/1/2019 	2689469	19.00	36.00	6.90	22.98	99313.34	49805	0	CharlieHolbrow	
2582	0:44:57	1/1/2019 	2690008	30.00	246.00	6.43	22.98	99312.95	49804	1	CharlieHolbrow	
2583	0:45:04	1/1/2019 	2697223	17.00	8.00	6.99	22.94	99308.79	338378	0	CharlieHolbrow	
2584	0:45:08	1/1/2019 	2700844	31.00	291.00	6.41	22.92	99306.34	195829	0	CharlieHolbrow	
2585	0:45:12	1/1/2019 	2704852	17.00	8.00	6.99	22.90	99304.31	194464	0	CharlieHolbrow	
2586	0:45:15	1/1/2019 	2708141	31.00	283.00	6.40	22.89	99302.92	145752	1	CharlieHolbrow	
2587	0:45:17	1/1/2019 	2710673	18.00	17.00	6.95	22.88	99301.49	145752	0	CharlieHolbrow	
2588	0:45:18	1/1/2019 	2711895	17.00	8.00	6.99	22.87	99300.81	50553	0	CharlieHolbrow	
2589	0:45:36	1/1/2019 	2730072	16.00	7.00	7.06	22.79	99288.66	865329	0	CharlieHolbrow	
2590	0:45:40	1/1/2019 	2733678	25.00	170.00	6.63	22.77	99286.30	200080	1	CharlieHolbrow	
2591	0:45:44	1/1/2019 	2737902	24.00	133.00	6.67	22.75	99283.52	193729	0	CharlieHolbrow	
2592	0:45:50	1/1/2019 	2743299	16.00	8.00	7.06	22.73	99280.56	241702	0	CharlieHolbrow	
2593	0:45:51	1/1/2019 	2744287	18.00	16.00	6.94	22.72	99279.88	50556	0	CharlieHolbrow	
2594	0:45:53	1/1/2019 	2746805	25.00	168.00	6.63	22.71	99277.95	145759	1	CharlieHolbrow	
2595	0:45:55	1/1/2019 	2748782	18.00	14.00	6.94	22.70	99276.84	99889	0	CharlieHolbrow	
2596	0:45:57	1/1/2019 	2750759	17.00	8.00	6.99	22.69	99275.08	97780	0	CharlieHolbrow	
2597	0:45:57	1/1/2019 	2750923	17.00	8.00	6.99	22.69	99275.08	2581	0	CharlieHolbrow	
2598	0:45:58	1/1/2019 	2752105	18.00	20.00	6.95	22.69	99274.06	49806	0	CharlieHolbrow	
2599	0:46:01	1/1/2019 	2754636	17.00	9.00	7.00	22.68	99272.06	145751	0	CharlieHolbrow	
2600	0:46:04	1/1/2019 	2757407	18.00	12.00	6.94	22.67	99270.48	97779	0	CharlieHolbrow	
2601	0:46:04	1/1/2019 	2757857	17.00	8.00	6.99	22.67	99270.31	51938	0	CharlieHolbrow	
2602	0:46:06	1/1/2019 	2759176	25.00	147.00	6.62	22.66	99269.30	49806	1	CharlieHolbrow	
2603	0:46:09	1/1/2019 	2763027	24.00	107.00	6.65	22.64	99266.19	193727	0	CharlieHolbrow	
2604	0:46:14	1/1/2019 	2767455	17.00	8.00	6.99	22.63	99263.06	194470	0	CharlieHolbrow	
2605	0:46:36	1/1/2019 	2789793	29.00	248.00	6.47	22.53	99254.33	1105197	1	CharlieHolbrow	
2606	0:46:36	1/1/2019 	2789846	21.00	51.00	6.78	22.53	99254.33	2583	0	CharlieHolbrow	
2607	0:46:37	1/1/2019 	2790385	32.00	285.00	6.37	22.53	99254.11	3965	0	CharlieHolbrow	
2608	0:46:40	1/1/2019 	2793780	18.00	10.00	6.93	22.52	99252.64	193724	0	CharlieHolbrow	
2609	0:46:42	1/1/2019 	2796073	28.00	128.00	6.47	22.51	99251.14	97781	1	CharlieHolbrow	
2610	0:46:43	1/1/2019 	2796195	17.00	13.00	7.01	22.51	99251.14	1836	0	CharlieHolbrow	
2611	0:46:46	1/1/2019 	2799338	17.00	9.00	7.00	22.49	99248.59	145752	0	CharlieHolbrow	
2612	0:46:50	1/1/2019 	2803155	18.00	14.00	6.94	22.48	99246.75	193724	0	CharlieHolbrow	
2613	0:46:54	1/1/2019 	2808047	21.00	63.00	6.79	22.46	99242.96	244620	1	CharlieHolbrow	
2614	0:46:58	1/1/2019 	2811363	17.00	10.00	7.00	22.45	99241.92	145752	0	CharlieHolbrow	
2615	0:46:59	1/1/2019 	2812350	23.00	106.00	6.70	22.44	99241.28	50552	0	CharlieHolbrow	
2616	0:47:00	1/1/2019 	2814027	17.00	9.00	7.00	22.44	99240.42	97780	0	CharlieHolbrow	
2617	0:47:02	1/1/2019 	2815205	17.00	8.00	6.99	22.43	99239.58	49806	0	CharlieHolbrow	
2618	0:47:04	1/1/2019 	2817705	18.00	10.00	6.93	22.42	99237.91	145748	1	CharlieHolbrow	
2619	0:47:06	1/1/2019 	2819387	19.00	22.00	6.89	22.42	99237.06	51916	0	CharlieHolbrow	
2620	0:47:08	1/1/2019 	2822089	17.00	8.00	6.99	22.41	99235.03	145750	0	CharlieHolbrow	
2621	0:47:10	1/1/2019 	2823687	16.00	8.00	7.06	22.40	99234.36	98523	0	CharlieHolbrow	
2622	0:47:12	1/1/2019 	2826106	17.00	8.00	6.99	22.39	99233.02	97779	0	CharlieHolbrow	
2623	0:47:13	1/1/2019 	2826141	31.00	268.00	6.40	22.39	99233.02	1835	1	CharlieHolbrow	
2624	0:47:14	1/1/2019 	2827186	17.00	8.00	6.99	22.39	99232.44	51916	0	CharlieHolbrow	
2625	0:47:16	1/1/2019 	2829757	16.00	8.00	7.06	22.38	99230.57	145748	0	CharlieHolbrow	
2626	0:47:18	1/1/2019 	2832052	24.00	121.00	6.66	22.37	99229.49	98521	0	CharlieHolbrow	
2627	0:47:22	1/1/2019 	2835253	22.00	102.00	6.75	22.36	99227.20	145749	1	CharlieHolbrow	
2628	0:47:24	1/1/2019 	2837409	16.00	8.00	7.06	22.35	99225.80	97780	0	CharlieHolbrow	
2629	0:47:25	1/1/2019 	2838450	20.00	50.00	6.84	22.35	99224.88	49805	0	CharlieHolbrow	
2630	0:47:30	1/1/2019 	2843432	18.00	15.00	6.94	22.33	99220.29	243803	0	CharlieHolbrow	
2631	0:47:37	1/1/2019 	2850727	22.00	85.00	6.74	22.31	99215.67	386354	1	CharlieHolbrow	
2632	0:47:39	1/1/2019 	2852275	41.00	516.00	6.20	22.30	99214.50	50553	0	CharlieHolbrow	
2633	0:47:40	1/1/2019 	2853175	27.00	197.00	6.55	22.30	99214.23	49809	1	CharlieHolbrow	
2634	0:47:48	1/1/2019 	2862080	16.00	8.00	7.06	22.27	99209.34	433578	0	CharlieHolbrow	
2635	0:47:49	1/1/2019 	2862284	39.00	479.00	6.23	22.27	99209.19	2581	1	CharlieHolbrow	
2636	0:47:55	1/1/2019 	2868794	22.00	87.00	6.74	22.25	99204.66	339743	1	CharlieHolbrow	
2637	0:47:56	1/1/2019 	2869322	17.00	8.00	6.99	22.24	99203.65	1835	0	CharlieHolbrow	
2638	0:48:01	1/1/2019 	2875069	17.00	9.00	7.00	22.23	99201.38	289666	0	CharlieHolbrow	
2639	0:48:04	1/1/2019 	2877339	21.00	80.00	6.80	22.22	99200.19	98530	1	CharlieHolbrow	
2640	0:48:04	1/1/2019 	2877750	17.00	8.00	6.99	22.22	99199.80	49808	0	CharlieHolbrow	
2641	0:48:05	1/1/2019 	2878985	17.00	8.00	6.99	22.21	99198.95	49806	0	CharlieHolbrow	
2642	0:48:10	1/1/2019 	2883491	17.00	9.00	7.00	22.20	99196.50	195834	0	CharlieHolbrow	
2643	0:48:14	1/1/2019 	2887851	22.00	85.00	6.74	22.19	99194.41	242441	1	CharlieHolbrow	
2644	0:48:16	1/1/2019 	2889378	18.00	26.00	6.96	22.18	99193.56	49808	1	CharlieHolbrow	
2645	0:48:24	1/1/2019 	2897284	21.00	85.00	6.80	22.15	99187.88	385609	1	CharlieHolbrow	
2646	0:48:24	1/1/2019 	2898074	17.00	8.00	6.99	22.15	99187.30	50551	0	CharlieHolbrow	
2647	0:48:25	1/1/2019 	2898696	26.00	151.00	6.57	22.15	99186.70	49807	1	CharlieHolbrow	
2648	0:48:25	1/1/2019 	2898741	27.00	154.00	6.53	22.15	99186.70	3946	0	CharlieHolbrow	
2649	0:48:27	1/1/2019 	2900790	18.00	21.00	6.95	22.14	99185.27	97777	0	CharlieHolbrow	
2650	0:48:28	1/1/2019 	2901286	48.00	706.00	6.18	22.14	99184.67	2582	1	CharlieHolbrow	
2651	0:48:29	1/1/2019 	2902765	26.00	158.00	6.58	22.13	99183.83	97780	0	CharlieHolbrow	
2652	0:48:34	1/1/2019 	2907961	22.00	82.00	6.74	22.12	99180.66	241696	0	CharlieHolbrow	
2653	0:48:38	1/1/2019 	2911362	20.00	46.00	6.84	22.11	99178.56	147864	0	CharlieHolbrow	
2654	0:48:42	1/1/2019 	2915379	16.00	8.00	7.06	22.09	99176.52	194471	0	CharlieHolbrow	
2655	0:48:43	1/1/2019 	2916325	20.00	60.00	6.85	22.09	99176.26	49808	1	CharlieHolbrow	
2656	0:48:43	1/1/2019 	2916961	11.00	8.00	7.45	22.09	99176.26	49807	0	CharlieHolbrow	
2657	0:48:54	1/1/2019 	2927560	37.00	409.00	6.26	22.06	99169.48	529532	0	CharlieHolbrow	
2658	0:48:55	1/1/2019 	2928420	21.00	65.00	6.79	22.05	99169.23	2582	0	CharlieHolbrow	
2659	0:49:02	1/1/2019 	2936108	17.00	12.00	7.00	22.03	99166.53	387778	0	CharlieHolbrow	
2660	0:49:04	1/1/2019 	2937425	23.00	98.00	6.70	22.03	99166.11	50553	0	CharlieHolbrow	
2661	0:49:12	1/1/2019 	2946097	16.00	8.00	7.06	22.01	99161.89	433588	0	CharlieHolbrow	
2662	0:49:15	1/1/2019 	2948674	27.00	174.00	6.54	22.00	99160.55	146500	0	CharlieHolbrow	
2663	0:49:16	1/1/2019 	2949281	23.00	109.00	6.70	22.00	99160.06	1836	1	CharlieHolbrow	
2664	0:49:27	1/1/2019 	2960603	29.00	240.00	6.47	21.96	99153.27	577508	0	CharlieHolbrow	
2665	0:49:39	1/1/2019 	2972571	17.00	9.00	7.00	21.94	99147.31	580413	0	CharlieHolbrow	
2666	0:49:39	1/1/2019 	2972604	14.00	8.00	7.21	21.94	99147.31	2580	0	CharlieHolbrow	
2667	0:49:40	1/1/2019 	2973487	24.00	112.00	6.65	21.94	99147.14	1834	0	CharlieHolbrow	
2668	0:49:42	1/1/2019 	2975798	18.00	9.00	6.93	21.93	99146.00	145754	0	CharlieHolbrow	
2669	0:49:44	1/1/2019 	2977432	21.00	72.00	6.79	21.93	99144.66	49808	0	CharlieHolbrow	
2670	0:49:45	1/1/2019 	2978367	17.00	8.00	6.99	21.92	99143.90	49808	0	CharlieHolbrow	
2671	0:49:52	1/1/2019 	2985286	17.00	8.00	6.99	21.91	99139.57	339755	0	CharlieHolbrow	
2672	0:49:52	1/1/2019 	2985326	24.00	112.00	6.65	21.91	99139.57	2582	1	CharlieHolbrow	
2673	0:49:55	1/1/2019 	2988805	30.00	261.00	6.43	21.90	99137.64	193723	1	CharlieHolbrow	
2674	0:49:58	1/1/2019 	2991597	20.00	42.00	6.84	21.89	99136.12	145757	0	CharlieHolbrow	
2675	0:50:01	1/1/2019 	2994179	21.00	51.00	6.78	21.89	99134.39	98534	0	CharlieHolbrow	
2676	0:50:01	1/1/2019 	2994833	18.00	9.00	6.93	21.88	99133.97	49808	0	CharlieHolbrow	
2677	0:50:05	1/1/2019 	2998487	16.00	8.00	7.06	21.88	99132.03	147864	0	CharlieHolbrow	
2678	0:50:13	1/1/2019 	3006453	27.00	190.00	6.54	21.86	99128.11	385625	0	CharlieHolbrow	
2679	0:50:17	1/1/2019 	3009598	18.00	22.00	6.95	21.85	99125.92	194478	0	CharlieHolbrow	
2680	0:50:22	1/1/2019 	3015355	30.00	259.00	6.43	21.83	99122.09	242447	0	CharlieHolbrow	
2681	0:50:23	1/1/2019 	3016036	16.00	8.00	7.06	21.83	99121.83	49809	0	CharlieHolbrow	
2682	0:50:26	1/1/2019 	3018658	24.00	132.00	6.66	21.82	99119.70	147864	1	CharlieHolbrow	
2683	0:50:26	1/1/2019 	3019323	27.00	78.00	6.48	21.82	99119.70	1836	1	CharlieHolbrow	
2684	0:50:30	1/1/2019 	3022847	18.00	9.00	6.93	21.81	99117.70	193727	0	CharlieHolbrow	
2685	0:50:31	1/1/2019 	3024304	17.00	8.00	6.99	21.81	99117.11	50555	0	CharlieHolbrow	
2686	0:50:32	1/1/2019 	3025245	25.00	151.00	6.62	21.81	99116.85	49807	1	CharlieHolbrow	
2687	0:50:32	1/1/2019 	3025318	37.00	387.00	6.25	21.81	99116.85	1836	1	CharlieHolbrow	
2688	0:50:34	1/1/2019 	3026896	35.00	360.00	6.30	21.80	99116.00	99891	0	CharlieHolbrow	
2689	0:50:39	1/1/2019 	3031785	16.00	8.00	7.06	21.79	99112.41	241702	0	CharlieHolbrow	
2690	0:50:40	1/1/2019 	3032783	24.00	118.00	6.66	21.78	99111.98	50554	1	CharlieHolbrow	
2691	0:50:40	1/1/2019 	3033215	18.00	11.00	6.94	21.78	99111.98	1836	0	CharlieHolbrow	
2692	0:50:41	1/1/2019 	3034235	26.00	161.00	6.58	21.78	99111.72	49806	0	CharlieHolbrow	
2693	0:50:46	1/1/2019 	3038776	31.00	291.00	6.41	21.77	99109.99	241700	1	CharlieHolbrow	
2694	0:50:46	1/1/2019 	3039475	21.00	44.00	6.78	21.77	99109.41	3946	1	CharlieHolbrow	
2695	0:50:48	1/1/2019 	3041009	21.00	66.00	6.79	21.77	99108.48	97781	0	CharlieHolbrow	
2696	0:50:51	1/1/2019 	3044314	17.00	9.00	7.00	21.76	99106.88	146501	0	CharlieHolbrow	
2697	0:50:52	1/1/2019 	3045408	17.00	8.00	6.99	21.76	99106.45	49813	0	CharlieHolbrow	
2698	0:50:53	1/1/2019 	3046237	24.00	125.00	6.66	21.76	99106.03	49808	1	CharlieHolbrow	
2699	0:50:53	1/1/2019 	3046322	17.00	8.00	6.99	21.76	99106.03	1835	0	CharlieHolbrow	
2700	0:51:00	1/1/2019 	3052780	18.00	21.00	6.95	21.74	99102.78	339758	1	CharlieHolbrow	
2701	0:51:08	1/1/2019 	3061134	17.00	8.00	6.99	21.73	99098.86	386367	0	CharlieHolbrow	
2702	0:51:10	1/1/2019 	3062678	24.00	137.00	6.67	21.72	99097.69	98525	0	CharlieHolbrow	
2703	0:51:15	1/1/2019 	3068329	17.00	11.00	7.00	21.71	99095.10	241699	0	CharlieHolbrow	
2704	0:51:24	1/1/2019 	3077074	20.00	27.00	6.83	21.69	99091.48	433583	0	CharlieHolbrow	
2705	0:51:25	1/1/2019 	3077800	25.00	163.00	6.63	21.69	99091.21	50553	1	CharlieHolbrow	
2706	0:51:35	1/1/2019 	3088152	17.00	9.00	7.00	21.67	99086.27	483727	0	CharlieHolbrow	
2707	0:51:35	1/1/2019 	3088166	17.00	8.00	6.99	21.67	99086.27	2581	0	CharlieHolbrow	
2708	0:51:36	1/1/2019 	3088852	16.00	8.00	7.06	21.67	99086.11	49807	0	CharlieHolbrow	
2709	0:51:38	1/1/2019 	3091135	17.00	8.00	6.99	21.66	99085.12	97783	0	CharlieHolbrow	
2710	0:51:41	1/1/2019 	3094193	23.00	108.00	6.70	21.65	99083.53	146503	1	CharlieHolbrow	
2711	0:51:44	1/1/2019 	3097319	17.00	8.00	6.99	21.65	99081.76	147865	0	CharlieHolbrow	
2712	0:51:47	1/1/2019 	3100488	44.00	551.00	6.15	21.64	99079.86	145751	1	CharlieHolbrow	
2713	0:51:48	1/1/2019 	3100894	20.00	42.00	6.84	21.64	99079.86	50553	0	CharlieHolbrow	
2714	0:51:55	1/1/2019 	3108558	35.00	369.00	6.30	21.62	99076.98	385612	1	CharlieHolbrow	
2715	0:51:56	1/1/2019 	3108679	17.00	8.00	6.99	21.62	99076.98	1836	0	CharlieHolbrow	
2716	0:51:57	1/1/2019 	3110335	17.00	9.00	7.00	21.62	99076.17	49806	0	CharlieHolbrow	
2717	0:51:58	1/1/2019 	3110675	17.00	8.00	6.99	21.62	99076.34	52726	0	CharlieHolbrow	
2718	0:52:05	1/1/2019 	3118074	16.00	8.00	7.06	21.60	99072.80	337640	0	CharlieHolbrow	
2719	0:52:06	1/1/2019 	3119103	17.00	8.00	6.99	21.60	99072.21	49808	0	CharlieHolbrow	
2720	0:52:08	1/1/2019 	3121258	19.00	28.00	6.89	21.60	99070.73	97781	0	CharlieHolbrow	
2721	0:52:11	1/1/2019 	3124204	17.00	9.00	7.00	21.59	99069.56	146499	0	CharlieHolbrow	
2722	0:52:13	1/1/2019 	3126392	25.00	139.00	6.62	21.59	99068.88	97781	0	CharlieHolbrow	
2723	0:52:17	1/1/2019 	3130022	16.00	8.00	7.06	21.58	99067.22	195841	0	CharlieHolbrow	
2724	0:52:18	1/1/2019 	3130948	17.00	8.00	6.99	21.57	99066.79	50794	0	CharlieHolbrow	
2725	0:52:19	1/1/2019 	3132223	52.00	818.00	6.19	21.57	99066.20	49805	1	CharlieHolbrow	
2726	0:52:19	1/1/2019 	3132412	17.00	8.00	6.99	21.57	99066.20	1835	0	CharlieHolbrow	
2727	0:52:25	1/1/2019 	3137773	23.00	116.00	6.71	21.56	99063.69	289664	1	CharlieHolbrow	
2728	0:52:33	1/1/2019 	3145897	22.00	62.00	6.73	21.54	99059.69	385608	1	CharlieHolbrow	
2729	0:52:34	1/1/2019 	3146694	17.00	8.00	6.99	21.54	99059.42	52905	0	CharlieHolbrow	
2730	0:52:41	1/1/2019 	3153731	18.00	12.00	6.94	21.53	99056.34	337642	0	CharlieHolbrow	
2731	0:52:42	1/1/2019 	3154662	26.00	155.00	6.58	21.53	99056.09	50794	1	CharlieHolbrow	
2732	0:52:42	1/1/2019 	3155234	17.00	8.00	6.99	21.52	99055.67	1837	0	CharlieHolbrow	
2733	0:52:43	1/1/2019 	3155762	18.00	21.00	6.95	21.52	99055.67	49807	0	CharlieHolbrow	
2734	0:52:45	1/1/2019 	3157895	33.00	342.00	6.36	21.52	99054.48	97780	1	CharlieHolbrow	
2735	0:52:45	1/1/2019 	3158217	17.00	8.00	6.99	21.52	99054.48	3946	0	CharlieHolbrow	
2736	0:52:46	1/1/2019 	3159282	17.00	8.00	6.99	21.52	99053.90	49806	0	CharlieHolbrow	
2737	0:52:50	1/1/2019 	3162710	32.00	324.00	6.38	21.51	99052.33	193723	1	CharlieHolbrow	
2738	0:52:57	1/1/2019 	3169959	17.00	8.00	6.99	21.50	99049.88	338627	0	CharlieHolbrow	
2739	0:53:02	1/1/2019 	3174690	22.00	84.00	6.74	21.49	99047.72	242685	1	CharlieHolbrow	
2740	0:53:02	1/1/2019 	3174965	22.00	50.00	6.72	21.49	99047.72	34668	0	CharlieHolbrow	
2741	0:53:06	1/1/2019 	3179494	17.00	8.00	6.99	21.48	99047.28	193725	0	CharlieHolbrow	
2742	0:53:07	1/1/2019 	3179661	17.00	9.00	7.00	21.48	99047.28	49809	0	CharlieHolbrow	
2743	0:53:07	1/1/2019 	3180576	17.00	8.00	6.99	21.48	99046.52	50793	0	CharlieHolbrow	
2744	0:53:08	1/1/2019 	3180728	20.00	41.00	6.84	21.48	99046.52	1834	0	CharlieHolbrow	
2745	0:53:09	1/1/2019 	3182148	17.00	8.00	6.99	21.47	99045.61	49807	0	CharlieHolbrow	
2746	0:53:18	1/1/2019 	3190899	29.00	241.00	6.47	21.46	99041.34	466416	1	CharlieHolbrow	
2747	0:53:20	1/1/2019 	3192740	28.00	206.00	6.50	21.45	99040.77	98766	0	CharlieHolbrow	
2748	0:53:26	1/1/2019 	3198683	18.00	16.00	6.94	21.44	99038.02	289664	0	CharlieHolbrow	
2749	0:53:33	1/1/2019 	3206069	18.00	9.00	6.93	21.42	99034.05	337637	0	CharlieHolbrow	
2750	0:53:38	1/1/2019 	3210662	17.00	9.00	7.00	21.42	99031.83	242681	0	CharlieHolbrow	
2751	0:53:42	1/1/2019 	3215261	17.00	9.00	7.00	21.41	99029.56	194709	0	CharlieHolbrow	
2752	0:53:45	1/1/2019 	3217731	17.00	8.00	6.99	21.41	99028.81	147863	0	CharlieHolbrow	
2753	0:53:45	1/1/2019 	3218439	17.00	8.00	6.99	21.40	99028.39	1835	1	CharlieHolbrow	
2754	0:53:47	1/1/2019 	3219914	17.00	8.00	6.99	21.40	99027.97	97778	0	CharlieHolbrow	
2755	0:53:49	1/1/2019 	3222068	17.00	8.00	6.99	21.40	99026.82	98765	0	CharlieHolbrow	
2756	0:53:50	1/1/2019 	3223144	17.00	8.00	6.99	21.40	99026.82	49807	0	CharlieHolbrow	
2757	0:53:59	1/1/2019 	3231989	16.00	8.00	7.06	21.38	99022.30	433589	0	CharlieHolbrow	
2758	0:54:07	1/1/2019 	3239976	18.00	9.00	6.93	21.37	99019.71	388709	0	CharlieHolbrow	
2759	0:54:11	1/1/2019 	3244050	19.00	25.00	6.89	21.36	99018.11	194711	0	CharlieHolbrow	
2760	0:54:12	1/1/2019 	3245086	17.00	8.00	6.99	21.36	99017.36	49808	0	CharlieHolbrow	
2761	0:54:21	1/1/2019 	3254281	18.00	10.00	6.93	21.34	99013.03	433583	0	CharlieHolbrow	
2762	0:54:25	1/1/2019 	3257668	17.00	12.00	7.00	21.34	99011.52	194709	0	CharlieHolbrow	
2763	0:54:26	1/1/2019 	3259080	22.00	78.00	6.74	21.34	99011.36	49807	0	CharlieHolbrow	
2764	0:54:35	1/1/2019 	3268577	18.00	9.00	6.93	21.32	99005.62	483667	0	CharlieHolbrow	
2765	0:54:36	1/1/2019 	3269289	17.00	8.00	6.99	21.32	99005.62	2821	0	CharlieHolbrow	
2766	0:54:39	1/1/2019 	3271636	17.00	8.00	6.99	21.32	99004.77	145752	0	CharlieHolbrow	
2767	0:54:39	1/1/2019 	3272312	26.00	138.00	6.57	21.32	99004.77	2822	1	CharlieHolbrow	
2768	0:54:46	1/1/2019 	3278810	24.00	124.00	6.66	21.31	99002.12	337643	1	CharlieHolbrow	
2769	0:54:53	1/1/2019 	3286085	17.00	8.00	6.99	21.29	98998.84	337637	0	CharlieHolbrow	
2770	0:54:53	1/1/2019 	3286552	21.00	60.00	6.79	21.29	98998.26	52914	1	CharlieHolbrow	
2771	0:54:54	1/1/2019 	3287467	49.00	639.00	6.14	21.29	98998.42	1834	1	CharlieHolbrow	
2772	0:54:58	1/1/2019 	3291220	21.00	62.00	6.79	21.28	98996.52	193724	0	CharlieHolbrow	
2773	0:54:58	1/1/2019 	3291399	18.00	9.00	6.93	21.28	98996.52	2822	0	CharlieHolbrow	
2774	0:54:59	1/1/2019 	3292068	19.00	38.00	6.90	21.28	98996.27	49805	0	CharlieHolbrow	
2775	0:55:00	1/1/2019 	3293218	16.00	8.00	7.06	21.28	98996.10	51918	0	CharlieHolbrow	
2776	0:55:02	1/1/2019 	3295476	16.00	8.00	7.06	21.28	98994.92	97779	0	CharlieHolbrow	
2777	0:55:04	1/1/2019 	3296729	18.00	17.00	6.95	21.27	98994.66	97779	0	CharlieHolbrow	
2778	0:55:06	1/1/2019 	3299040	18.00	61.00	6.98	21.27	98993.75	97780	1	CharlieHolbrow	
2779	0:55:09	1/1/2019 	3301862	23.00	104.00	6.70	21.27	98992.83	145753	0	CharlieHolbrow	
2780	0:55:13	1/1/2019 	3306108	24.00	138.00	6.67	21.26	98990.77	194713	1	CharlieHolbrow	
2781	0:55:15	1/1/2019 	3307846	26.00	145.00	6.57	21.26	98990.17	99893	1	CharlieHolbrow	
2782	0:55:23	1/1/2019 	3315924	18.00	24.00	6.95	21.25	98987.89	385611	0	CharlieHolbrow	
2783	0:55:26	1/1/2019 	3319135	23.00	101.00	6.70	21.24	98987.17	146739	1	CharlieHolbrow	
2784	0:55:29	1/1/2019 	3322061	18.00	16.00	6.94	21.24	98985.83	145756	1	CharlieHolbrow	
2785	0:55:29	1/1/2019 	3322109	23.00	82.00	6.68	21.24	98985.83	2822	0	CharlieHolbrow	
2786	0:55:30	1/1/2019 	3323156	17.00	8.00	6.99	21.24	98985.08	49808	0	CharlieHolbrow	
2787	0:55:34	1/1/2019 	3327774	19.00	28.00	6.89	21.23	98982.98	243812	0	CharlieHolbrow	
2788	0:55:35	1/1/2019 	3328424	18.00	12.00	6.94	21.23	98982.81	1836	0	CharlieHolbrow	
2789	0:55:38	1/1/2019 	3330963	23.00	10.00	6.64	21.23	98981.56	145755	0	CharlieHolbrow	
2790	0:55:42	1/1/2019 	3335291	17.00	8.00	6.99	21.22	98980.16	194713	0	CharlieHolbrow	
2791	0:55:42	1/1/2019 	3335826	17.00	8.00	6.99	21.22	98980.16	49808	0	CharlieHolbrow	
2792	0:55:49	1/1/2019 	3342915	24.00	140.00	6.67	21.21	98977.38	337647	0	CharlieHolbrow	
2793	0:55:56	1/1/2019 	3349100	23.00	78.00	6.68	21.20	98976.31	292771	1	CharlieHolbrow	
2794	0:55:56	1/1/2019 	3349209	46.00	580.00	6.14	21.20	98976.48	1836	1	CharlieHolbrow	
2795	0:55:56	1/1/2019 	3349398	17.00	12.00	7.00	21.20	98976.48	1834	0	CharlieHolbrow	
2796	0:55:59	1/1/2019 	3352033	42.00	515.00	6.18	21.19	98975.47	145755	1	CharlieHolbrow	
2797	0:56:00	1/1/2019 	3353224	17.00	9.00	7.00	21.19	98974.88	50798	0	CharlieHolbrow	
2798	0:56:00	1/1/2019 	3353797	18.00	12.00	6.94	21.19	98974.28	49813	1	CharlieHolbrow	
2799	0:56:01	1/1/2019 	3354550	19.00	32.00	6.90	21.19	98974.28	51918	0	CharlieHolbrow	
2800	0:56:07	1/1/2019 	3360591	17.00	8.00	6.99	21.18	98971.77	289673	0	CharlieHolbrow	
2801	0:56:07	1/1/2019 	3360865	19.00	15.00	6.88	21.18	98971.21	2822	0	CharlieHolbrow	
2802	0:56:12	1/1/2019 	3365351	17.00	8.00	6.99	21.17	98969.11	193723	0	CharlieHolbrow	
2803	0:56:14	1/1/2019 	3367559	20.00	56.00	6.84	21.16	98968.53	145753	0	CharlieHolbrow	
2804	0:56:17	1/1/2019 	3370625	17.00	8.00	6.99	21.16	98967.52	147866	0	CharlieHolbrow	
2805	0:56:18	1/1/2019 	3371482	105.00	625.00	7.11	21.16	98967.34	2821	1	CharlieHolbrow	
2806	0:56:20	1/1/2019 	3373623	24.00	124.00	6.66	21.16	98966.92	145756	0	CharlieHolbrow	
2807	0:56:21	1/1/2019 	3374706	17.00	8.00	6.99	21.15	98966.50	49809	0	CharlieHolbrow	
2808	0:56:22	1/1/2019 	3375844	16.00	8.00	7.06	21.15	98966.28	49808	0	CharlieHolbrow	
2809	0:56:25	1/1/2019 	3378178	17.00	9.00	7.00	21.15	98965.36	97780	0	CharlieHolbrow	
2810	0:56:26	1/1/2019 	3379623	15.00	5.00	7.13	21.15	98964.94	99891	0	CharlieHolbrow	
2811	0:56:29	1/1/2019 	3382270	22.00	96.00	6.75	21.14	98964.34	98767	1	CharlieHolbrow	
2812	0:56:35	1/1/2019 	3388653	31.00	274.00	6.40	21.13	98961.33	337645	1	CharlieHolbrow	
2813	0:56:47	1/1/2019 	3400035	33.00	329.00	6.35	21.12	98957.83	529540	1	CharlieHolbrow	
2814	0:56:49	1/1/2019 	3402598	18.00	13.00	6.94	21.12	98957.24	146738	0	CharlieHolbrow	
2815	0:56:50	1/1/2019 	3403049	30.00	264.00	6.43	21.12	98956.91	1836	1	CharlieHolbrow	
2816	0:56:59	1/1/2019 	3412068	23.00	112.00	6.71	21.10	98953.84	435709	1	CharlieHolbrow	
2817	0:57:09	1/1/2019 	3422699	20.00	53.00	6.84	21.09	98949.48	530533	0	CharlieHolbrow	
2818	0:57:14	1/1/2019 	3427583	17.00	9.00	7.00	21.08	98947.67	242691	0	CharlieHolbrow	
2819	0:57:20	1/1/2019 	3433487	22.00	85.00	6.74	21.08	98945.25	241703	1	CharlieHolbrow	
2820	0:57:21	1/1/2019 	3434593	17.00	11.00	7.00	21.07	98944.66	98769	0	CharlieHolbrow	
2821	0:57:23	1/1/2019 	3436484	20.00	47.00	6.84	21.07	98944.07	49809	1	CharlieHolbrow	
2822	0:57:28	1/1/2019 	3441474	31.00	253.00	6.39	21.07	98942.23	243812	0	CharlieHolbrow	
2823	0:57:28	1/1/2019 	3441701	18.00	10.00	6.93	21.06	98941.84	50794	0	CharlieHolbrow	
2824	0:57:33	1/1/2019 	3446011	16.00	8.00	7.06	21.06	98941.26	193728	0	CharlieHolbrow	
2825	0:57:34	1/1/2019 	3447829	17.00	9.00	7.00	21.06	98940.34	97781	0	CharlieHolbrow	
2826	0:57:39	1/1/2019 	3452602	17.00	8.00	6.99	21.05	98938.58	241702	0	CharlieHolbrow	
2827	0:57:45	1/1/2019 	3458590	18.00	19.00	6.95	21.04	98936.80	290661	0	CharlieHolbrow	
2828	0:57:47	1/1/2019 	3460038	17.00	9.00	7.00	21.04	98936.09	51973	0	CharlieHolbrow	
2829	0:57:48	1/1/2019 	3461573	18.00	15.00	6.94	21.04	98935.33	98765	1	CharlieHolbrow	
2830	0:57:58	1/1/2019 	3471338	17.00	9.00	7.00	21.03	98932.20	433598	0	CharlieHolbrow	
2831	0:58:06	1/1/2019 	3479470	17.00	8.00	6.99	21.02	98929.70	386609	0	CharlieHolbrow	
2832	0:58:08	1/1/2019 	3481124	17.00	8.00	6.99	21.02	98929.21	97784	0	CharlieHolbrow	
2833	0:58:14	1/1/2019 	3487727	24.00	130.00	6.66	21.01	98926.36	340749	1	CharlieHolbrow	
2834	0:58:18	1/1/2019 	3490979	17.00	9.00	7.00	21.00	98925.45	145757	0	CharlieHolbrow	
2835	0:58:23	1/1/2019 	3496292	16.00	8.00	7.06	21.00	98923.64	242682	0	CharlieHolbrow	
2836	0:58:30	1/1/2019 	3503674	19.00	40.00	6.90	20.99	98921.71	385617	1	CharlieHolbrow	
2837	0:58:30	1/1/2019 	3503726	23.00	85.00	6.69	20.99	98921.71	2822	1	CharlieHolbrow	
2838	0:58:31	1/1/2019 	3504118	21.00	88.00	6.80	20.99	98921.28	1834	1	CharlieHolbrow	
2839	0:58:31	1/1/2019 	3504913	23.00	93.00	6.69	20.99	98921.28	51919	0	CharlieHolbrow	
2840	0:58:32	1/1/2019 	3505016	22.00	73.00	6.73	20.99	98921.12	1837	1	CharlieHolbrow	
2841	0:58:42	1/1/2019 	3515290	18.00	16.00	6.94	20.97	98917.78	481563	0	CharlieHolbrow	
2842	0:58:45	1/1/2019 	3518439	29.00	241.00	6.47	20.97	98917.20	146739	1	CharlieHolbrow	
2843	0:58:52	1/1/2019 	3525801	39.00	458.00	6.22	20.96	98914.02	385625	1	CharlieHolbrow	
2844	0:58:59	1/1/2019 	3532286	17.00	8.00	6.99	20.95	98912.12	290663	0	CharlieHolbrow	
2845	0:58:59	1/1/2019 	3532773	31.00	231.00	6.38	20.95	98912.12	52911	1	CharlieHolbrow	
2846	0:59:02	1/1/2019 	3535373	49.00	671.00	6.15	20.95	98911.37	97787	0	CharlieHolbrow	
2847	0:59:04	1/1/2019 	3537306	21.00	60.00	6.79	20.95	98910.95	97782	1	CharlieHolbrow	
2848	0:59:06	1/1/2019 	3539750	18.00	20.00	6.95	20.95	98910.36	145756	0	CharlieHolbrow	
2849	0:59:12	1/1/2019 	3545707	32.00	304.00	6.37	20.94	98908.69	290665	0	CharlieHolbrow	
2850	0:59:13	1/1/2019 	3546285	25.00	148.00	6.62	20.94	98908.27	1836	0	CharlieHolbrow	
2851	0:59:25	1/1/2019 	3558136	20.00	32.00	6.83	20.93	98905.36	579623	0	CharlieHolbrow	
2852	0:59:26	1/1/2019 	3559689	27.00	177.00	6.54	20.93	98905.36	98769	1	CharlieHolbrow	
2853	0:59:29	1/1/2019 	3562904	26.00	179.00	6.59	20.92	98904.67	146744	1	CharlieHolbrow	
2854	0:59:31	1/1/2019 	3564865	22.00	72.00	6.73	20.92	98904.58	97781	1	CharlieHolbrow	
2855	0:59:33	1/1/2019 	3566691	22.00	98.00	6.75	20.92	98904.41	97784	1	CharlieHolbrow	
2856	0:59:36	1/1/2019 	3569759	17.00	13.00	7.01	20.92	98903.83	145755	0	CharlieHolbrow	
2857	0:59:37	1/1/2019 	3570194	17.00	10.00	7.00	20.91	98903.41	4944	0	CharlieHolbrow	
2858	0:59:37	1/1/2019 	3570821	17.00	9.00	7.00	20.91	98903.41	49809	0	CharlieHolbrow	
2859	0:59:38	1/1/2019 	3571041	20.00	47.00	6.84	20.91	98903.41	1833	1	CharlieHolbrow	
2860	0:59:39	1/1/2019 	3571934	17.00	8.00	6.99	20.91	98903.41	49809	0	CharlieHolbrow	
2861	0:59:40	1/1/2019 	3573436	20.00	48.00	6.84	20.91	98902.98	49809	0	CharlieHolbrow	
2862	0:59:41	1/1/2019 	3574064	19.00	38.00	6.90	20.91	98902.42	51778	0	CharlieHolbrow	
2863	0:59:42	1/1/2019 	3575624	17.00	8.00	6.99	20.91	98902.59	97783	0	CharlieHolbrow	
2864	0:59:43	1/1/2019 	3576203	17.00	8.00	6.99	20.91	98902.42	1835	0	CharlieHolbrow	
2865	0:59:58	1/1/2019 	3591897	17.00	8.00	6.99	20.89	98895.90	769417	0	CharlieHolbrow	
2866	1:00:03	1/1/2019 	3596312	24.00	138.00	6.67	20.89	98894.19	194720	1	CharlieHolbrow	
2867	1:00:09	1/1/2019 	3602092	20.00	48.00	6.84	20.88	98892.27	289677	0	CharlieHolbrow	
2868	1:00:12	1/1/2019 	3605441	19.00	27.00	6.89	20.88	98891.34	148849	0	CharlieHolbrow	
2869	1:00:12	1/1/2019 	3605921	19.00	28.00	6.89	20.88	98891.18	49809	0	CharlieHolbrow	
2870	1:00:13	1/1/2019 	3606808	13.00	8.00	7.29	20.87	98890.42	49807	0	CharlieHolbrow	
2871	1:00:16	1/1/2019 	3609661	17.00	8.00	6.99	20.87	98888.59	145750	0	CharlieHolbrow	
2872	1:00:22	1/1/2019 	3615067	29.00	243.00	6.47	20.86	98886.86	242680	1	CharlieHolbrow	
2873	1:00:22	1/1/2019 	3615230	17.00	8.00	6.99	20.86	98886.86	1837	0	CharlieHolbrow	
2874	1:00:22	1/1/2019 	3615448	29.00	234.00	6.47	20.86	98886.86	3944	1	CharlieHolbrow	
2875	1:00:28	1/1/2019 	3620755	22.00	86.00	6.74	20.85	98884.92	289669	0	CharlieHolbrow	
2876	1:00:38	1/1/2019 	3631677	17.00	8.00	6.99	20.84	98880.79	530528	0	CharlieHolbrow	
2877	1:00:45	1/1/2019 	3638226	24.00	117.00	6.65	20.83	98877.88	290665	1	CharlieHolbrow	
2878	1:00:51	1/1/2019 	3643813	19.00	25.00	6.89	20.83	98877.85	289680	0	CharlieHolbrow	
2879	1:01:01	1/1/2019 	3654436	23.00	120.00	6.71	20.82	98873.62	482559	1	CharlieHolbrow	
2880	1:01:04	1/1/2019 	3657414	17.00	8.00	6.99	20.81	98872.21	148860	1	CharlieHolbrow	
2881	1:01:13	1/1/2019 	3666459	17.00	8.00	6.99	20.81	98868.47	433595	0	CharlieHolbrow	
2882	1:01:16	1/1/2019 	3668801	26.00	166.00	6.58	20.80	98868.54	146740	1	CharlieHolbrow	
2883	1:01:16	1/1/2019 	3669436	20.00	26.00	6.83	20.80	98868.70	1836	1	CharlieHolbrow	
2884	1:01:17	1/1/2019 	3670566	17.00	8.00	6.99	20.80	98868.44	97779	0	CharlieHolbrow	
2885	1:01:20	1/1/2019 	3672771	18.00	9.00	6.93	20.80	98868.28	98763	0	CharlieHolbrow	
2886	1:01:22	1/1/2019 	3675030	21.00	71.00	6.79	20.80	98868.45	99889	0	CharlieHolbrow	
2887	1:01:22	1/1/2019 	3675244	31.00	258.00	6.39	20.80	98868.45	1836	1	CharlieHolbrow	
2888	1:01:26	1/1/2019 	3678854	18.00	11.00	6.94	20.79	98872.32	193722	0	CharlieHolbrow	
2889	1:01:26	1/1/2019 	3679443	19.00	34.00	6.90	20.79	98871.66	1836	1	CharlieHolbrow	
2890	1:01:27	1/1/2019 	3680075	17.00	8.00	6.99	20.79	98871.33	49808	0	CharlieHolbrow	
2891	1:01:31	1/1/2019 	3683999	23.00	99.00	6.70	20.79	98867.09	196822	1	CharlieHolbrow	
2892	1:01:34	1/1/2019 	3687400	22.00	86.00	6.74	20.79	98870.89	145752	1	CharlieHolbrow	
2893	1:01:39	1/1/2019 	3692013	20.00	52.00	6.84	20.78	98867.97	241700	1	CharlieHolbrow	
2894	1:01:41	1/1/2019 	3694285	25.00	128.00	6.61	20.78	98867.38	98771	1	CharlieHolbrow	
2895	1:01:42	1/1/2019 	3695041	24.00	136.00	6.67	20.77	98868.14	49813	0	CharlieHolbrow	
2896	1:01:49	1/1/2019 	3701923	25.00	133.00	6.61	20.76	98891.68	337641	1	CharlieHolbrow	
2897	1:01:49	1/1/2019 	3702550	20.00	33.00	6.83	20.76	98899.10	52907	1	CharlieHolbrow	
2898	1:01:51	1/1/2019 	3704611	32.00	315.00	6.38	20.76	98917.80	97783	0	CharlieHolbrow	
2899	1:01:54	1/1/2019 	3707258	25.00	136.00	6.62	20.76	98946.24	97782	1	CharlieHolbrow	
2900	1:01:58	1/1/2019 	3710953	25.00	129.00	6.61	20.76	98982.27	193726	1	CharlieHolbrow	
2901	1:01:59	1/1/2019 	3712367	25.00	152.00	6.62	20.75	98992.23	50796	1	CharlieHolbrow	
2902	1:02:00	1/1/2019 	3712835	17.00	8.00	6.99	20.75	98994.38	49811	0	CharlieHolbrow	
2903	1:02:00	1/1/2019 	3712952	26.00	132.00	6.56	20.75	98994.38	3952	0	CharlieHolbrow	
2904	1:02:05	1/1/2019 	3718489	18.00	10.00	6.93	20.75	98960.41	241705	0	CharlieHolbrow	
2905	1:02:06	1/1/2019 	3719557	21.00	72.00	6.79	20.75	98944.32	97783	0	CharlieHolbrow	
2906	1:02:09	1/1/2019 	3722147	21.00	57.00	6.78	20.74	98893.44	98768	0	CharlieHolbrow	
2907	1:02:14	1/1/2019 	3727733	17.00	9.00	7.00	20.74	98795.53	289674	0	CharlieHolbrow	
2908	1:02:18	1/1/2019 	3730921	34.00	326.00	6.31	20.73	98749.12	145755	0	CharlieHolbrow	
2909	1:02:18	1/1/2019 	3731364	37.00	389.00	6.25	20.73	98742.36	4874	1	CharlieHolbrow	
2910	1:02:18	1/1/2019 	3731638	37.00	377.00	6.25	20.73	98742.36	49806	0	CharlieHolbrow	
2911	1:02:21	1/1/2019 	3733967	25.00	149.00	6.62	20.72	98702.59	97782	1	CharlieHolbrow	
2912	1:02:23	1/1/2019 	3735858	36.00	393.00	6.28	20.72	98677.86	97782	1	CharlieHolbrow	
2913	1:02:25	1/1/2019 	3738496	17.00	8.00	6.99	20.72	98641.89	97781	0	CharlieHolbrow	
2914	1:02:26	1/1/2019 	3739213	21.00	68.00	6.79	20.72	98622.52	49808	1	CharlieHolbrow	
2915	1:02:29	1/1/2019 	3741833	32.00	300.00	6.37	20.71	98575.83	149083	1	CharlieHolbrow	
2916	1:02:39	1/1/2019 	3751966	20.00	55.00	6.84	20.71	98446.08	482308	1	CharlieHolbrow	
2917	1:02:41	1/1/2019 	3753882	22.00	92.00	6.75	20.71	98449.80	98529	1	CharlieHolbrow	
2918	1:02:41	1/1/2019 	3754424	48.00	592.00	6.12	20.71	98449.48	1836	1	CharlieHolbrow	
2919	1:02:46	1/1/2019 	3758968	15.00	9.00	7.14	20.70	98434.44	241697	0	CharlieHolbrow	
2920	1:02:47	1/1/2019 	3760630	17.00	9.00	7.00	20.70	98429.06	99890	0	CharlieHolbrow	
2921	1:02:50	1/1/2019 	3763586	34.00	348.00	6.33	20.69	98421.97	146496	1	CharlieHolbrow	
2922	1:02:53	1/1/2019 	3766149	20.00	46.00	6.84	20.68	98417.31	97782	1	CharlieHolbrow	
2923	1:02:53	1/1/2019 	3766605	18.00	7.00	6.93	20.67	98416.56	49808	0	CharlieHolbrow	
2924	1:02:54	1/1/2019 	3766867	19.00	38.00	6.90	20.67	98415.48	1834	1	CharlieHolbrow	
2925	1:02:54	1/1/2019 	3767021	19.00	25.00	6.89	20.67	98415.48	1835	1	CharlieHolbrow	
2926	1:02:55	1/1/2019 	3768495	25.00	137.00	6.62	20.67	98419.59	51936	0	CharlieHolbrow	
2927	1:02:59	1/1/2019 	3772311	18.00	27.00	6.96	20.65	98410.66	193720	1	CharlieHolbrow	
2928	1:03:02	1/1/2019 	3775442	22.00	94.00	6.75	20.64	98394.58	146498	1	CharlieHolbrow	
2929	1:03:04	1/1/2019 	3777103	31.00	248.00	6.39	20.63	98387.63	97781	0	CharlieHolbrow	
2930	1:03:08	1/1/2019 	3780856	20.00	52.00	6.84	20.62	98372.28	193725	1	CharlieHolbrow	
2931	1:03:09	1/1/2019 	3781907	37.00	399.00	6.26	20.62	98368.40	50554	1	CharlieHolbrow	
2932	1:03:09	1/1/2019 	3782740	22.00	52.00	6.73	20.61	98364.59	51940	0	CharlieHolbrow	
2933	1:03:10	1/1/2019 	3782816	22.00	86.00	6.74	20.61	98364.59	1835	0	CharlieHolbrow	
2934	1:03:10	1/1/2019 	3782891	29.00	215.00	6.46	20.61	98364.59	1835	1	CharlieHolbrow	
2935	1:03:15	1/1/2019 	3787817	22.00	86.00	6.74	20.59	98349.05	241698	1	CharlieHolbrow	
2936	1:03:15	1/1/2019 	3788366	26.00	120.00	6.56	20.59	98348.23	1836	1	CharlieHolbrow	
2937	1:03:17	1/1/2019 	3789902	26.00	165.00	6.58	20.58	98344.00	97781	0	CharlieHolbrow	
2938	1:03:20	1/1/2019 	3792958	17.00	8.00	6.99	20.57	98337.73	152025	0	CharlieHolbrow	
2939	1:03:26	1/1/2019 	3799372	17.00	9.00	7.00	20.55	98324.16	289664	0	CharlieHolbrow	
2940	1:03:28	1/1/2019 	3801399	40.00	453.00	6.20	20.54	98320.09	97779	1	CharlieHolbrow	
2941	1:03:29	1/1/2019 	3802101	23.00	96.00	6.69	20.54	98317.60	50553	0	CharlieHolbrow	
2942	1:03:29	1/1/2019 	3802665	17.00	8.00	6.99	20.53	98316.52	49807	0	CharlieHolbrow	
2943	1:03:31	1/1/2019 	3804432	17.00	8.00	6.99	20.53	98313.56	49805	0	CharlieHolbrow	
2944	1:03:33	1/1/2019 	3806346	18.00	17.00	6.95	20.52	98309.01	99944	0	CharlieHolbrow	
2945	1:03:34	1/1/2019 	3806759	17.00	8.00	6.99	20.52	98308.09	49808	1	CharlieHolbrow	
2946	1:03:39	1/1/2019 	3812490	16.00	93.00	7.14	20.50	98297.44	241698	1	CharlieHolbrow	
2947	1:03:43	1/1/2019 	3816407	18.00	11.00	6.94	20.49	98289.50	194470	0	CharlieHolbrow	
2948	1:03:44	1/1/2019 	3817340	18.00	9.00	6.93	20.48	98287.59	49808	0	CharlieHolbrow	
2949	1:03:46	1/1/2019 	3819624	24.00	123.00	6.66	20.47	98282.95	147861	0	CharlieHolbrow	
2950	1:03:48	1/1/2019 	3820825	24.00	122.00	6.66	20.47	98281.05	50553	1	CharlieHolbrow	
2951	1:03:48	1/1/2019 	3821702	17.00	8.00	6.99	20.47	98278.91	49808	0	CharlieHolbrow	
2952	1:03:50	1/1/2019 	3823612	25.00	145.00	6.62	20.46	98276.42	97779	0	CharlieHolbrow	
2953	1:03:51	1/1/2019 	3823810	32.00	297.00	6.37	20.46	98275.77	1836	1	CharlieHolbrow	
2954	1:03:52	1/1/2019 	3825629	32.00	297.00	6.37	20.45	98273.28	97780	0	CharlieHolbrow	
2955	1:03:52	1/1/2019 	3825729	29.00	228.00	6.46	20.45	98272.20	3948	1	CharlieHolbrow	
2956	1:03:54	1/1/2019 	3826904	31.00	283.00	6.40	20.45	98270.78	49808	1	CharlieHolbrow	
2957	1:03:54	1/1/2019 	3827644	17.00	8.00	6.99	20.45	98269.88	49810	0	CharlieHolbrow	
2958	1:03:54	1/1/2019 	3827746	32.00	271.00	6.36	20.44	98268.79	1838	1	CharlieHolbrow	
2959	1:03:55	1/1/2019 	3828147	23.00	108.00	6.70	20.44	98268.79	1835	0	CharlieHolbrow	
2960	1:03:57	1/1/2019 	3829780	52.00	803.00	6.18	20.44	98265.67	97782	1	CharlieHolbrow	
2961	1:03:57	1/1/2019 	3830225	22.00	68.00	6.73	20.44	98264.76	4779	0	CharlieHolbrow	
2962	1:03:57	1/1/2019 	3830722	18.00	9.00	6.93	20.44	98263.77	49808	0	CharlieHolbrow	
2963	1:04:00	1/1/2019 	3833595	36.00	409.00	6.29	20.43	98259.45	145751	1	CharlieHolbrow	
2964	1:04:04	1/1/2019 	3837301	25.00	123.00	6.61	20.41	98252.27	145756	1	CharlieHolbrow	
2965	1:04:05	1/1/2019 	3838370	21.00	73.00	6.79	20.41	98250.37	49809	0	CharlieHolbrow	
2966	1:04:11	1/1/2019 	3843911	17.00	8.00	6.99	20.39	98241.85	289673	0	CharlieHolbrow	
2967	1:04:11	1/1/2019 	3844356	21.00	36.00	6.78	20.39	98241.10	4745	1	CharlieHolbrow	
2968	1:04:13	1/1/2019 	3845970	31.00	262.00	6.39	20.39	98239.86	97781	1	CharlieHolbrow	
2969	1:04:13	1/1/2019 	3846446	25.00	137.00	6.62	20.39	98239.11	1835	0	CharlieHolbrow	
2970	1:04:13	1/1/2019 	3846716	28.00	183.00	6.49	20.39	98239.11	49808	1	CharlieHolbrow	
2971	1:04:14	1/1/2019 	3847618	24.00	121.00	6.66	20.38	98238.19	49807	0	CharlieHolbrow	
2972	1:04:15	1/1/2019 	3848174	42.00	516.00	6.18	20.38	98237.44	1836	1	CharlieHolbrow	
2973	1:04:17	1/1/2019 	3849886	20.00	45.00	6.84	20.38	98235.94	99751	0	CharlieHolbrow	
2974	1:04:17	1/1/2019 	3850692	38.00	413.00	6.24	20.37	98235.22	50553	1	CharlieHolbrow	
2975	1:04:17	1/1/2019 	3850747	31.00	239.00	6.39	20.37	98235.22	1835	1	CharlieHolbrow	
2976	1:04:18	1/1/2019 	3851500	17.00	8.00	6.99	20.37	98234.64	1835	0	CharlieHolbrow	
2977	1:04:19	1/1/2019 	3851830	17.00	8.00	6.99	20.37	98233.89	49837	0	CharlieHolbrow	
2978	1:04:20	1/1/2019 	3852862	31.00	258.00	6.39	20.37	98233.47	51918	1	CharlieHolbrow	
2979	1:04:21	1/1/2019 	3853880	46.00	588.00	6.14	20.36	98232.39	49808	1	CharlieHolbrow	
2980	1:04:24	1/1/2019 	3857116	21.00	67.00	6.79	20.36	98228.98	145750	1	CharlieHolbrow	
2981	1:04:24	1/1/2019 	3857549	45.00	575.00	6.15	20.35	98228.27	49807	1	CharlieHolbrow	
2982	1:04:26	1/1/2019 	3859093	43.00	545.00	6.17	20.35	98226.93	49808	1	CharlieHolbrow	
2983	1:04:28	1/1/2019 	3860848	22.00	89.00	6.74	20.34	98224.94	97781	0	CharlieHolbrow	
2984	1:04:28	1/1/2019 	3861099	25.00	138.00	6.62	20.34	98224.94	4723	1	CharlieHolbrow	
2985	1:04:28	1/1/2019 	3861266	31.00	221.00	6.38	20.34	98224.94	1835	0	CharlieHolbrow	
2986	1:04:28	1/1/2019 	3861289	24.00	86.00	6.63	20.34	98224.94	1835	0	CharlieHolbrow	
2987	1:04:28	1/1/2019 	3861443	25.00	117.00	6.60	20.34	98224.34	1834	1	CharlieHolbrow	
2988	1:04:30	1/1/2019 	3863333	16.00	8.00	7.06	20.34	98223.51	97778	0	CharlieHolbrow	
2989	1:04:31	1/1/2019 	3864086	22.00	85.00	6.74	20.33	98222.27	49807	1	CharlieHolbrow	
2990	1:04:32	1/1/2019 	3865365	24.00	113.00	6.65	20.33	98221.22	51777	1	CharlieHolbrow	
2991	1:04:35	1/1/2019 	3867875	23.00	86.00	6.69	20.32	98218.30	145751	1	CharlieHolbrow	
2992	1:04:35	1/1/2019 	3868186	17.00	8.00	6.99	20.32	98218.30	1836	0	CharlieHolbrow	
2993	1:04:35	1/1/2019 	3868575	24.00	89.00	6.64	20.32	98217.23	49806	1	CharlieHolbrow	
2994	1:04:37	1/1/2019 	3869803	18.00	20.00	6.95	20.32	98215.66	49807	0	CharlieHolbrow	
2995	1:04:38	1/1/2019 	3870757	23.00	102.00	6.70	20.32	98213.75	50553	0	CharlieHolbrow	
2996	1:04:41	1/1/2019 	3874454	22.00	73.00	6.73	20.31	98205.02	147862	1	CharlieHolbrow	
2997	1:04:42	1/1/2019 	3875016	43.00	550.00	6.17	20.31	98204.03	49807	1	CharlieHolbrow	
2998	1:04:43	1/1/2019 	3875882	23.00	110.00	6.70	20.30	98202.61	49809	1	CharlieHolbrow	
2999	1:04:46	1/1/2019 	3879200	47.00	618.00	6.15	20.29	98194.34	145753	1	CharlieHolbrow	
3000	1:04:46	1/1/2019 	3879744	20.00	35.00	6.84	20.29	98192.94	49809	1	CharlieHolbrow	
3001	1:04:48	1/1/2019 	3881341	19.00	28.00	6.89	20.29	98189.48	50553	0	CharlieHolbrow	
3002	1:04:50	1/1/2019 	3883338	30.00	251.00	6.43	20.28	98185.52	99890	0	CharlieHolbrow	
3003	1:04:51	1/1/2019 	3884102	25.00	133.00	6.61	20.28	98183.78	49808	1	CharlieHolbrow	
3004	1:04:54	1/1/2019 	3887046	23.00	110.00	6.70	20.27	98177.91	145755	1	CharlieHolbrow	
3005	1:04:55	1/1/2019 	3888306	20.00	9.00	6.81	20.27	98176.00	49808	0	CharlieHolbrow	
3006	1:04:57	1/1/2019 	3890215	32.00	271.00	6.36	20.26	98172.56	97780	1	CharlieHolbrow	
3007	1:04:57	1/1/2019 	3890444	35.00	345.00	6.29	20.26	98172.56	4724	0	CharlieHolbrow	
3008	1:04:58	1/1/2019 	3890869	26.00	168.00	6.58	20.26	98171.64	49807	1	CharlieHolbrow	
3009	1:04:59	1/1/2019 	3892401	21.00	38.00	6.78	20.26	98169.08	49808	1	CharlieHolbrow	
3010	1:05:01	1/1/2019 	3893856	20.00	44.00	6.84	20.25	98166.27	97780	1	CharlieHolbrow	
3011	1:05:03	1/1/2019 	3896046	32.00	300.00	6.37	20.25	98163.28	97779	0	CharlieHolbrow	
3012	1:05:04	1/1/2019 	3896965	30.00	260.00	6.43	20.25	98162.37	49809	1	CharlieHolbrow	
3013	1:05:04	1/1/2019 	3897418	20.00	46.00	6.84	20.25	98161.88	3809	1	CharlieHolbrow	
3014	1:05:05	1/1/2019 	3898363	17.00	9.00	7.00	20.24	98160.46	49811	0	CharlieHolbrow	
3015	1:05:06	1/1/2019 	3898877	21.00	70.00	6.79	20.24	98159.58	49807	1	CharlieHolbrow	
3016	1:05:07	1/1/2019 	3899901	25.00	130.00	6.61	20.24	98158.34	49810	1	CharlieHolbrow	
3017	1:05:13	1/1/2019 	3906609	31.00	289.00	6.40	20.22	98149.08	338388	0	CharlieHolbrow	
3018	1:05:15	1/1/2019 	3908223	25.00	165.00	6.63	20.21	98147.08	49809	1	CharlieHolbrow	
3019	1:05:17	1/1/2019 	3909798	32.00	308.00	6.38	20.21	98147.48	99894	1	CharlieHolbrow	
3020	1:05:18	1/1/2019 	3910900	23.00	106.00	6.70	20.21	98148.05	50556	1	CharlieHolbrow	
3021	1:05:20	1/1/2019 	3912790	23.00	110.00	6.70	20.20	98148.66	97780	1	CharlieHolbrow	
3022	1:05:21	1/1/2019 	3914030	17.00	8.00	6.99	20.20	98148.23	49809	0	CharlieHolbrow	
3023	1:05:23	1/1/2019 	3916470	21.00	66.00	6.79	20.19	98145.86	97780	1	CharlieHolbrow	
3024	1:05:25	1/1/2019 	3918113	23.00	117.00	6.71	20.19	98143.95	97780	1	CharlieHolbrow	
3025	1:05:26	1/1/2019 	3919109	20.00	42.00	6.84	20.18	98142.03	51918	1	CharlieHolbrow	
3026	1:05:29	1/1/2019 	3922145	35.00	377.00	6.31	20.18	98137.73	145755	1	CharlieHolbrow	
3027	1:05:30	1/1/2019 	3923475	27.00	193.00	6.54	20.18	98136.20	50556	1	CharlieHolbrow	
3028	1:05:31	1/1/2019 	3924326	25.00	135.00	6.61	20.17	98134.12	49811	1	CharlieHolbrow	
3029	1:05:33	1/1/2019 	3926849	29.00	140.00	6.43	20.17	98130.81	145757	0	CharlieHolbrow	
3030	1:05:34	1/1/2019 	3927740	28.00	187.00	6.50	20.17	98129.33	51920	0	CharlieHolbrow	
3031	1:05:36	1/1/2019 	3929969	23.00	122.00	6.71	20.16	98126.02	97780	1	CharlieHolbrow	
3032	1:05:37	1/1/2019 	3930148	19.00	31.00	6.90	20.16	98126.02	2582	1	CharlieHolbrow	
3033	1:05:37	1/1/2019 	3930337	17.00	8.00	6.99	20.16	98125.53	1835	0	CharlieHolbrow	
3034	1:05:37	1/1/2019 	3931037	17.00	8.00	6.99	20.16	98125.36	49806	0	CharlieHolbrow	
3035	1:05:39	1/1/2019 	3933035	22.00	101.00	6.75	20.16	98122.70	97779	1	CharlieHolbrow	
3036	1:05:41	1/1/2019 	3934732	22.00	92.00	6.75	20.16	98120.64	99890	1	CharlieHolbrow	
3037	1:05:42	1/1/2019 	3935817	29.00	249.00	6.47	20.15	98119.59	49808	1	CharlieHolbrow	
3038	1:05:43	1/1/2019 	3936283	33.00	344.00	6.36	20.15	98118.68	1836	1	CharlieHolbrow	
3039	1:05:54	1/1/2019 	3948114	17.00	9.00	7.00	20.12	98105.20	577485	0	CharlieHolbrow	
3040	1:05:58	1/1/2019 	3951660	18.00	12.00	6.94	20.11	98102.45	194473	0	CharlieHolbrow	
3041	1:05:58	1/1/2019 	3951877	21.00	43.00	6.78	20.11	98102.03	2582	0	CharlieHolbrow	
3042	1:05:59	1/1/2019 	3952966	20.00	35.00	6.84	20.11	98102.20	51918	0	CharlieHolbrow	
3043	1:06:01	1/1/2019 	3954313	34.00	341.00	6.32	20.11	98101.55	49808	0	CharlieHolbrow	
3044	1:06:03	1/1/2019 	3956883	28.00	213.00	6.50	20.10	98101.78	145753	0	CharlieHolbrow	
3045	1:06:09	1/1/2019 	3962478	17.00	8.00	6.99	20.09	98102.51	241701	0	CharlieHolbrow	
3046	1:06:09	1/1/2019 	3962676	19.00	27.00	6.89	20.09	98102.51	50553	1	CharlieHolbrow	
3047	1:06:13	1/1/2019 	3966837	27.00	159.00	6.53	20.08	98101.31	193730	0	CharlieHolbrow	
3048	1:06:16	1/1/2019 	3969226	30.00	231.00	6.42	20.07	98099.98	99896	1	CharlieHolbrow	
3049	1:06:17	1/1/2019 	3970379	25.00	153.00	6.63	20.07	98101.05	49810	1	CharlieHolbrow	
3050	1:06:17	1/1/2019 	3970694	32.00	279.00	6.36	20.07	98102.11	50556	1	CharlieHolbrow	
3051	1:06:17	1/1/2019 	3970860	30.00	239.00	6.43	20.07	98102.11	1835	0	CharlieHolbrow	
3052	1:06:18	1/1/2019 	3971678	23.00	119.00	6.71	20.06	98104.52	49807	1	CharlieHolbrow	
3053	1:06:24	1/1/2019 	3977958	18.00	19.00	6.95	20.05	98098.47	289676	1	CharlieHolbrow	
3054	1:06:27	1/1/2019 	3980155	39.00	473.00	6.23	20.05	98089.06	99893	1	CharlieHolbrow	
3055	1:06:27	1/1/2019 	3980876	32.00	262.00	6.36	20.05	98087.42	50556	1	CharlieHolbrow	
3056	1:06:28	1/1/2019 	3981279	29.00	238.00	6.47	20.04	98085.19	1836	1	CharlieHolbrow	
3057	1:06:31	1/1/2019 	3985105	18.00	11.00	6.94	20.04	98073.91	193728	0	CharlieHolbrow	
3058	1:06:34	1/1/2019 	3987918	37.00	400.00	6.26	20.03	98069.45	145757	1	CharlieHolbrow	
3059	1:06:36	1/1/2019 	3989924	24.00	130.00	6.66	20.02	98064.40	99893	1	CharlieHolbrow	
3060	1:06:37	1/1/2019 	3990585	24.00	124.00	6.66	20.02	98062.50	50555	1	CharlieHolbrow	
3061	1:06:37	1/1/2019 	3990778	23.00	80.00	6.68	20.02	98062.50	1836	1	CharlieHolbrow	
3062	1:06:42	1/1/2019 	3995620	17.00	8.00	6.99	20.01	98053.27	241699	0	CharlieHolbrow	
3063	1:06:43	1/1/2019 	3996390	21.00	53.00	6.78	20.01	98052.52	1835	1	CharlieHolbrow	
3064	1:06:46	1/1/2019 	3999883	20.00	51.00	6.84	20.00	98048.47	193725	1	CharlieHolbrow	
3065	1:06:48	1/1/2019 	4001298	23.00	104.00	6.70	20.00	98046.23	52751	1	CharlieHolbrow	
3066	1:06:48	1/1/2019 	4001847	46.00	588.00	6.14	20.00	98045.52	49808	1	CharlieHolbrow	
3067	1:06:49	1/1/2019 	4002349	23.00	91.00	6.69	20.00	98045.35	1835	0	CharlieHolbrow	
3068	1:06:49	1/1/2019 	4002633	49.00	665.00	6.15	19.99	98044.60	49808	0	CharlieHolbrow	
3069	1:06:50	1/1/2019 	4004086	18.00	9.00	6.93	19.99	98043.28	49807	0	CharlieHolbrow	
3070	1:06:52	1/1/2019 	4006007	36.00	404.00	6.29	19.99	98041.12	97783	1	CharlieHolbrow	
3071	1:06:55	1/1/2019 	4008815	21.00	57.00	6.78	19.98	98037.07	147729	0	CharlieHolbrow	
3072	1:06:56	1/1/2019 	4009649	19.00	18.00	6.88	19.98	98036.48	49809	0	CharlieHolbrow	
3073	1:06:59	1/1/2019 	4013126	44.00	545.00	6.15	19.97	98030.98	146501	0	CharlieHolbrow	
3074	1:07:05	1/1/2019 	4019115	17.00	9.00	7.00	19.96	98028.55	289675	0	CharlieHolbrow	
3075	1:07:06	1/1/2019 	4019696	24.00	119.00	6.66	19.96	98028.05	49810	1	CharlieHolbrow	
3076	1:07:06	1/1/2019 	4019742	35.00	315.00	6.28	19.96	98026.81	2582	1	CharlieHolbrow	
3077	1:07:08	1/1/2019 	4021817	17.00	8.00	6.99	19.95	98022.88	103266	0	CharlieHolbrow	
3078	1:07:13	1/1/2019 	4026654	18.00	8.00	6.93	19.94	98016.42	241699	0	CharlieHolbrow	
3079	1:07:15	1/1/2019 	4028570	22.00	93.00	6.75	19.94	98013.20	97779	1	CharlieHolbrow	
3080	1:07:18	1/1/2019 	4031221	27.00	180.00	6.54	19.94	98009.98	97780	0	CharlieHolbrow	
3081	1:07:19	1/1/2019 	4032344	21.00	58.00	6.79	19.93	98007.86	50554	1	CharlieHolbrow	
3082	1:07:19	1/1/2019 	4032958	25.00	93.00	6.59	19.93	98007.53	49807	1	CharlieHolbrow	
3083	1:07:19	1/1/2019 	4033020	17.00	8.00	6.99	19.93	98007.53	4000	0	CharlieHolbrow	
3084	1:07:21	1/1/2019 	4035138	25.00	130.00	6.61	19.93	98004.88	97783	0	CharlieHolbrow	
3085	1:07:22	1/1/2019 	4035431	23.00	94.00	6.69	19.93	98004.05	1841	1	CharlieHolbrow	
3086	1:07:22	1/1/2019 	4035549	22.00	83.00	6.74	19.93	98004.05	49809	1	CharlieHolbrow	
3087	1:07:23	1/1/2019 	4036474	24.00	123.00	6.66	19.92	98002.48	1835	0	CharlieHolbrow	
3088	1:07:25	1/1/2019 	4038991	38.00	448.00	6.25	19.92	97999.83	147728	0	CharlieHolbrow	
3089	1:07:25	1/1/2019 	4039030	17.00	9.00	7.00	19.92	97999.83	1836	0	CharlieHolbrow	
3090	1:07:27	1/1/2019 	4040172	24.00	111.00	6.65	19.92	97998.59	49807	0	CharlieHolbrow	
3091	1:07:27	1/1/2019 	4040214	25.00	121.00	6.61	19.92	97998.59	2582	0	CharlieHolbrow	
3092	1:07:27	1/1/2019 	4041030	23.00	81.00	6.68	19.92	97998.42	49810	0	CharlieHolbrow	
3093	1:07:28	1/1/2019 	4041498	35.00	351.00	6.29	19.91	97997.51	1835	1	CharlieHolbrow	
3094	1:07:28	1/1/2019 	4041616	36.00	331.00	6.25	19.91	97997.51	51921	0	CharlieHolbrow	
3095	1:07:30	1/1/2019 	4043472	30.00	246.00	6.43	19.91	97993.41	49810	1	CharlieHolbrow	
3096	1:07:30	1/1/2019 	4044109	28.00	196.00	6.50	19.91	97992.25	49811	1	CharlieHolbrow	
3097	1:07:35	1/1/2019 	4048699	32.00	310.00	6.38	19.90	97979.95	241709	1	CharlieHolbrow	
3098	1:07:36	1/1/2019 	4049185	25.00	151.00	6.62	19.90	97978.63	1836	1	CharlieHolbrow	
3099	1:07:36	1/1/2019 	4049567	36.00	319.00	6.25	19.89	97977.55	49811	0	CharlieHolbrow	
3100	1:07:37	1/1/2019 	4050202	17.00	8.00	6.99	19.89	97977.39	4967	1	CharlieHolbrow	
3101	1:07:37	1/1/2019 	4051077	17.00	8.00	6.99	19.89	97975.48	49809	0	CharlieHolbrow	
3102	1:07:40	1/1/2019 	4053697	39.00	440.00	6.22	19.89	97978.62	145761	1	CharlieHolbrow	
3103	1:07:45	1/1/2019 	4058417	26.00	151.00	6.57	19.88	97981.23	193740	1	CharlieHolbrow	
3104	1:07:48	1/1/2019 	4061576	24.00	133.00	6.67	19.87	97980.47	193735	1	CharlieHolbrow	
3105	1:07:48	1/1/2019 	4061758	23.00	108.00	6.70	19.87	97980.47	2804	1	CharlieHolbrow	
3106	1:07:53	1/1/2019 	4066942	21.00	71.00	6.79	19.85	97965.63	243816	1	CharlieHolbrow	
3107	1:07:57	1/1/2019 	4070417	17.00	8.00	6.99	19.84	97940.36	145757	1	CharlieHolbrow	
3108	1:07:57	1/1/2019 	4070913	24.00	107.00	6.65	19.84	97935.82	50777	1	CharlieHolbrow	
3109	1:07:59	1/1/2019 	4072277	26.00	175.00	6.59	19.83	97922.97	49809	1	CharlieHolbrow	
3110	1:08:02	1/1/2019 	4076122	22.00	84.00	6.74	19.82	97895.72	193732	1	CharlieHolbrow	
3111	1:08:03	1/1/2019 	4077138	17.00	8.00	6.99	19.82	97891.34	55292	0	CharlieHolbrow	
3112	1:08:04	1/1/2019 	4077720	18.00	10.00	6.93	19.82	97889.28	49808	0	CharlieHolbrow	
3113	1:08:08	1/1/2019 	4081317	27.00	85.00	6.49	19.80	97882.41	145760	0	CharlieHolbrow	
3114	1:08:10	1/1/2019 	4083148	17.00	8.00	6.99	19.80	97886.78	98750	0	CharlieHolbrow	
3115	1:08:11	1/1/2019 	4084726	39.00	470.00	6.23	19.79	97894.99	97783	1	CharlieHolbrow	
3116	1:08:17	1/1/2019 	4090173	17.00	8.00	6.99	19.77	97940.72	241711	0	CharlieHolbrow	
3117	1:08:17	1/1/2019 	4090752	50.00	704.00	6.16	19.77	97945.89	52888	1	CharlieHolbrow	
3118	1:08:19	1/1/2019 	4092834	24.00	124.00	6.66	19.76	97968.99	97783	1	CharlieHolbrow	
3119	1:08:20	1/1/2019 	4093461	25.00	142.00	6.62	19.76	97975.48	1836	0	CharlieHolbrow	
3120	1:08:20	1/1/2019 	4093679	17.00	8.00	6.99	19.76	97982.73	49810	0	CharlieHolbrow	
3121	1:08:20	1/1/2019 	4094087	17.00	8.00	6.99	19.76	97982.73	1833	0	CharlieHolbrow	
3122	1:08:21	1/1/2019 	4094978	18.00	11.00	6.94	19.75	97996.90	49809	0	CharlieHolbrow	
3123	1:08:21	1/1/2019 	4095074	29.00	195.00	6.45	19.75	97996.90	3804	1	CharlieHolbrow	
3124	1:08:24	1/1/2019 	4097932	23.00	90.00	6.69	19.74	98038.75	145758	0	CharlieHolbrow	
3125	1:08:25	1/1/2019 	4098748	44.00	559.00	6.16	19.73	98052.22	49809	1	CharlieHolbrow	
3126	1:08:28	1/1/2019 	4102117	17.00	8.00	6.99	19.72	98089.91	145762	0	CharlieHolbrow	
3127	1:08:30	1/1/2019 	4104079	34.00	332.00	6.32	19.72	98112.69	98753	1	CharlieHolbrow	
3128	1:08:40	1/1/2019 	4113942	56.00	937.00	6.34	19.69	98212.05	481587	1	CharlieHolbrow	
3129	1:08:50	1/1/2019 	4123311	21.00	65.00	6.79	19.69	98316.73	436686	1	CharlieHolbrow	
3130	1:08:57	1/1/2019 	4130329	25.00	135.00	6.61	19.69	98370.05	338621	0	CharlieHolbrow	
3131	1:08:59	1/1/2019 	4132402	25.00	139.00	6.62	19.69	98372.52	98752	1	CharlieHolbrow	
3132	1:09:02	1/1/2019 	4135489	16.00	8.00	7.06	19.69	98354.97	145757	0	CharlieHolbrow	
3133	1:09:08	1/1/2019 	4141930	28.00	198.00	6.50	19.68	98271.84	337651	1	CharlieHolbrow	
3134	1:09:10	1/1/2019 	4143594	25.00	143.00	6.62	19.67	98248.12	98756	1	CharlieHolbrow	
3135	1:09:11	1/1/2019 	4144759	28.00	205.00	6.50	19.67	98232.73	55288	1	CharlieHolbrow	
3136	1:09:12	1/1/2019 	4145681	21.00	67.00	6.79	19.67	98216.51	49811	1	CharlieHolbrow	
3137	1:09:14	1/1/2019 	4147606	17.00	8.00	6.99	19.66	98185.42	97784	0	CharlieHolbrow	
3138	1:09:15	1/1/2019 	4148159	23.00	96.00	6.69	19.66	98178.08	1835	1	CharlieHolbrow	
3139	1:09:15	1/1/2019 	4148870	22.00	36.00	6.72	19.66	98171.17	49809	0	CharlieHolbrow	
3140	1:09:16	1/1/2019 	4149750	26.00	139.00	6.57	19.66	98157.09	51777	1	CharlieHolbrow	
3141	1:09:20	1/1/2019 	4153634	26.00	147.00	6.57	19.65	98109.33	194698	0	CharlieHolbrow	
3142	1:09:20	1/1/2019 	4154026	33.00	299.00	6.34	19.65	98104.46	1836	1	CharlieHolbrow	
3143	1:09:22	1/1/2019 	4155893	30.00	262.00	6.43	19.64	98088.24	97784	1	CharlieHolbrow	
3144	1:09:24	1/1/2019 	4157378	39.00	469.00	6.23	19.64	98071.73	49810	0	CharlieHolbrow	
3145	1:09:26	1/1/2019 	4159214	17.00	8.00	6.99	19.64	98055.58	97781	0	CharlieHolbrow	
3146	1:09:29	1/1/2019 	4162288	50.00	742.00	6.17	19.63	98029.88	147872	0	CharlieHolbrow	
3147	1:09:30	1/1/2019 	4163652	21.00	44.00	6.78	19.62	98019.25	98756	0	CharlieHolbrow	
3148	1:09:30	1/1/2019 	4163880	26.00	127.00	6.56	19.62	98019.25	1835	0	CharlieHolbrow	
3149	1:09:31	1/1/2019 	4164567	17.00	8.00	6.99	19.62	98009.29	49809	0	CharlieHolbrow	
3150	1:09:31	1/1/2019 	4164834	53.00	795.00	6.17	19.62	98009.29	1835	0	CharlieHolbrow	
3151	1:09:33	1/1/2019 	4166864	29.00	247.00	6.47	19.62	97989.89	97783	0	CharlieHolbrow	
3152	1:09:34	1/1/2019 	4167608	17.00	9.00	7.00	19.61	97980.58	51920	0	CharlieHolbrow	
3153	1:09:34	1/1/2019 	4167693	38.00	406.00	6.23	19.61	97980.58	1835	1	CharlieHolbrow	
3154	1:09:35	1/1/2019 	4168570	30.00	258.00	6.43	19.61	97973.91	49810	1	CharlieHolbrow	
3155	1:09:38	1/1/2019 	4171345	18.00	20.00	6.95	19.61	97969.11	97785	0	CharlieHolbrow	
3156	1:09:38	1/1/2019 	4171890	24.00	98.00	6.64	19.61	97969.11	50777	1	CharlieHolbrow	
3157	1:09:43	1/1/2019 	4176946	21.00	57.00	6.78	19.59	97949.09	241702	1	CharlieHolbrow	
3158	1:09:44	1/1/2019 	4178102	19.00	24.00	6.89	19.58	97940.27	51921	0	CharlieHolbrow	
3159	1:09:45	1/1/2019 	4178170	34.00	353.00	6.33	19.58	97940.27	1836	0	CharlieHolbrow	
3160	1:09:45	1/1/2019 	4178182	18.00	11.00	6.94	19.58	97940.27	1836	0	CharlieHolbrow	
3161	1:09:45	1/1/2019 	4178820	47.00	575.00	6.12	19.58	97937.22	49809	1	CharlieHolbrow	
3162	1:09:46	1/1/2019 	4179731	22.00	86.00	6.74	19.57	97930.30	49810	1	CharlieHolbrow	
3163	1:09:47	1/1/2019 	4180950	24.00	115.00	6.65	19.56	97924.53	50779	1	CharlieHolbrow	
3164	1:09:48	1/1/2019 	4181575	26.00	158.00	6.58	19.56	97922.55	51920	0	CharlieHolbrow	
3165	1:09:49	1/1/2019 	4182405	39.00	473.00	6.23	19.56	97918.09	1836	1	CharlieHolbrow	
3166	1:09:51	1/1/2019 	4184396	25.00	136.00	6.62	19.55	97910.03	97783	1	CharlieHolbrow	
3167	1:09:53	1/1/2019 	4186734	17.00	8.00	6.99	19.54	97901.68	145758	0	CharlieHolbrow	
3168	1:09:57	1/1/2019 	4190281	19.00	34.00	6.90	19.52	97890.39	145758	0	CharlieHolbrow	
3169	1:09:57	1/1/2019 	4190557	17.00	9.00	7.00	19.52	97890.39	52889	1	CharlieHolbrow	
3170	1:09:59	1/1/2019 	4192749	20.00	50.00	6.84	19.51	97883.55	97782	1	CharlieHolbrow	
3171	1:09:59	1/1/2019 	4193122	18.00	9.00	6.93	19.51	97883.55	1836	0	CharlieHolbrow	
3172	1:10:04	1/1/2019 	4197917	23.00	116.00	6.71	19.48	97872.08	241707	1	CharlieHolbrow	
3173	1:10:06	1/1/2019 	4199840	21.00	78.00	6.80	19.47	97868.75	97785	1	CharlieHolbrow	
3174	1:10:06	1/1/2019 	4199886	18.00	9.00	6.93	19.47	97868.75	2802	0	CharlieHolbrow	
3175	1:10:07	1/1/2019 	4200648	19.00	31.00	6.90	19.47	97868.16	51919	0	CharlieHolbrow	
3176	1:10:08	1/1/2019 	4201684	35.00	352.00	6.30	19.47	97866.83	49808	1	CharlieHolbrow	
3177	1:10:10	1/1/2019 	4203158	22.00	82.00	6.74	19.46	97863.97	49811	1	CharlieHolbrow	
3178	1:10:12	1/1/2019 	4205651	24.00	120.00	6.66	19.45	97858.66	145758	0	CharlieHolbrow	
3179	1:10:13	1/1/2019 	4206254	30.00	241.00	6.43	19.44	97857.20	1836	1	CharlieHolbrow	
3180	1:10:14	1/1/2019 	4208081	23.00	99.00	6.70	19.44	97854.95	97785	1	CharlieHolbrow	
3181	1:10:15	1/1/2019 	4208172	17.00	9.00	7.00	19.44	97854.95	3805	0	CharlieHolbrow	
3182	1:10:20	1/1/2019 	4213755	17.00	9.00	7.00	19.41	97847.34	289674	0	CharlieHolbrow	
3183	1:10:21	1/1/2019 	4214822	26.00	154.00	6.58	19.40	97844.92	50776	1	CharlieHolbrow	
3184	1:10:22	1/1/2019 	4215927	26.00	137.00	6.57	19.40	97843.80	49811	1	CharlieHolbrow	
3185	1:10:24	1/1/2019 	4217226	17.00	8.00	6.99	19.40	97843.70	49809	0	CharlieHolbrow	
3186	1:10:27	1/1/2019 	4220260	18.00	9.00	6.93	19.38	97840.36	145754	0	CharlieHolbrow	
3187	1:10:30	1/1/2019 	4222667	27.00	198.00	6.55	19.37	97835.83	148836	1	CharlieHolbrow	
3188	1:10:31	1/1/2019 	4224079	23.00	99.00	6.70	19.36	97834.83	49810	1	CharlieHolbrow	
3189	1:10:32	1/1/2019 	4225249	22.00	79.00	6.74	19.36	97833.66	49809	1	CharlieHolbrow	
3190	1:10:33	1/1/2019 	4225871	23.00	98.00	6.70	19.35	97832.36	49808	1	CharlieHolbrow	
3191	1:10:34	1/1/2019 	4226923	32.00	304.00	6.37	19.35	97831.19	49809	1	CharlieHolbrow	
3192	1:10:34	1/1/2019 	4227193	17.00	8.00	6.99	19.35	97831.19	1836	0	CharlieHolbrow	
3193	1:10:34	1/1/2019 	4227550	27.00	141.00	6.52	19.35	97830.70	51777	1	CharlieHolbrow	
3194	1:10:35	1/1/2019 	4228576	24.00	110.00	6.65	19.34	97829.50	49809	1	CharlieHolbrow	
3195	1:10:37	1/1/2019 	4230189	18.00	9.00	6.93	19.33	97827.25	49809	0	CharlieHolbrow	
3196	1:10:43	1/1/2019 	4235845	28.00	206.00	6.50	19.31	97821.21	290647	1	CharlieHolbrow	
3197	1:10:46	1/1/2019 	4238957	22.00	81.00	6.74	19.30	97817.99	145754	0	CharlieHolbrow	
3198	1:10:47	1/1/2019 	4240210	22.00	67.00	6.73	19.29	97816.66	51920	1	CharlieHolbrow	
3199	1:10:47	1/1/2019 	4240360	25.00	119.00	6.60	19.29	97816.66	2803	1	CharlieHolbrow	
3200	1:10:50	1/1/2019 	4242916	31.00	266.00	6.40	19.28	97813.86	145755	0	CharlieHolbrow	
3201	1:10:50	1/1/2019 	4242964	23.00	61.00	6.67	19.28	97813.28	1836	0	CharlieHolbrow	
3202	1:10:51	1/1/2019 	4243999	18.00	9.00	6.93	19.28	97812.70	49807	0	CharlieHolbrow	
3203	1:10:51	1/1/2019 	4244467	19.00	11.00	6.87	19.28	97812.11	1833	0	CharlieHolbrow	
3204	1:10:54	1/1/2019 	4246691	21.00	61.00	6.79	19.27	97809.70	147865	0	CharlieHolbrow	
3205	1:10:54	1/1/2019 	4247340	32.00	272.00	6.36	19.27	97808.80	1835	1	CharlieHolbrow	
3206	1:10:56	1/1/2019 	4249657	18.00	15.00	6.94	19.26	97806.49	145755	0	CharlieHolbrow	
3207	1:10:57	1/1/2019 	4250661	23.00	105.00	6.70	19.25	97805.48	50775	0	CharlieHolbrow	
3208	1:10:58	1/1/2019 	4250816	18.00	8.00	6.93	19.25	97805.48	1835	0	CharlieHolbrow	
3209	1:11:00	1/1/2019 	4252929	34.00	311.00	6.31	19.24	97803.90	97782	1	CharlieHolbrow	
3210	1:11:01	1/1/2019 	4254046	33.00	295.00	6.33	19.24	97801.85	51922	1	CharlieHolbrow	
3211	1:11:05	1/1/2019 	4258571	24.00	119.00	6.66	19.22	97796.32	241704	1	CharlieHolbrow	
3212	1:11:06	1/1/2019 	4259559	28.00	177.00	6.49	19.21	97795.48	49809	0	CharlieHolbrow	
3213	1:11:07	1/1/2019 	4259787	38.00	423.00	6.24	19.21	97795.48	2803	1	CharlieHolbrow	
3214	1:11:07	1/1/2019 	4260413	18.00	9.00	6.93	19.21	97794.89	1836	0	CharlieHolbrow	
3215	1:11:08	1/1/2019 	4260891	17.00	9.00	7.00	19.21	97795.06	49807	0	CharlieHolbrow	
3216	1:11:09	1/1/2019 	4261817	18.00	9.00	6.93	19.21	97793.56	51918	0	CharlieHolbrow	
3217	1:11:10	1/1/2019 	4262723	20.00	44.00	6.84	19.20	97792.23	49807	1	CharlieHolbrow	
3218	1:11:10	1/1/2019 	4263107	32.00	273.00	6.36	19.20	97792.06	1835	1	CharlieHolbrow	
3219	1:11:11	1/1/2019 	4263808	22.00	88.00	6.74	19.20	97791.35	49807	1	CharlieHolbrow	
3220	1:11:11	1/1/2019 	4264152	20.00	14.00	6.82	19.20	97790.60	1836	0	CharlieHolbrow	
3221	1:11:13	1/1/2019 	4266006	25.00	141.00	6.62	19.19	97789.27	97779	1	CharlieHolbrow	
3222	1:11:16	1/1/2019 	4269349	24.00	125.00	6.66	19.18	97786.12	147724	1	CharlieHolbrow	
3223	1:11:17	1/1/2019 	4269992	18.00	15.00	6.94	19.18	97785.20	49809	0	CharlieHolbrow	
3224	1:11:20	1/1/2019 	4272744	28.00	221.00	6.51	19.17	97783.06	146718	1	CharlieHolbrow	
3225	1:11:22	1/1/2019 	4274707	24.00	112.00	6.65	19.16	97780.98	97779	1	CharlieHolbrow	
3226	1:11:23	1/1/2019 	4275936	27.00	181.00	6.54	19.16	97780.23	49808	0	CharlieHolbrow	
3227	1:11:23	1/1/2019 	4276660	33.00	241.00	6.31	19.15	97778.77	51919	0	CharlieHolbrow	
3228	1:11:27	1/1/2019 	4280381	23.00	108.00	6.70	19.14	97774.80	145750	1	CharlieHolbrow	
3229	1:11:28	1/1/2019 	4281229	21.00	68.00	6.79	19.14	97773.46	50777	0	CharlieHolbrow	
3230	1:11:28	1/1/2019 	4281396	27.00	165.00	6.53	19.14	97773.46	1834	1	CharlieHolbrow	
3231	1:11:30	1/1/2019 	4282989	22.00	85.00	6.74	19.13	97771.97	97778	1	CharlieHolbrow	
3232	1:11:30	1/1/2019 	4283402	23.00	75.00	6.68	19.13	97772.30	1835	1	CharlieHolbrow	
3233	1:11:33	1/1/2019 	4286146	20.00	40.00	6.84	19.12	97776.08	147864	0	CharlieHolbrow	
3234	1:11:33	1/1/2019 	4286343	17.00	8.00	6.99	19.12	97776.89	1836	0	CharlieHolbrow	
3235	1:11:35	1/1/2019 	4288352	24.00	107.00	6.65	19.12	97776.72	97779	1	CharlieHolbrow	
3236	1:11:36	1/1/2019 	4288771	20.00	38.00	6.84	19.12	97776.95	49809	1	CharlieHolbrow	
3237	1:11:37	1/1/2019 	4290042	17.00	8.00	6.99	19.11	97777.69	49807	1	CharlieHolbrow	
3238	1:11:39	1/1/2019 	4291841	18.00	12.00	6.94	19.11	97775.30	98748	0	CharlieHolbrow	
3239	1:11:43	1/1/2019 	4296312	22.00	70.00	6.73	19.10	97760.58	195841	1	CharlieHolbrow	
3240	1:11:50	1/1/2019 	4303192	22.00	75.00	6.74	19.08	97733.59	337646	0	CharlieHolbrow	
3241	1:11:51	1/1/2019 	4304137	18.00	11.00	6.94	19.08	97730.22	50776	0	CharlieHolbrow	
3242	1:11:51	1/1/2019 	4304571	26.00	107.00	6.55	19.08	97729.39	49808	1	CharlieHolbrow	
3243	1:11:53	1/1/2019 	4306459	22.00	72.00	6.73	19.08	97729.38	49810	0	CharlieHolbrow	
3244	1:11:55	1/1/2019 	4307686	45.00	584.00	6.15	19.07	97732.73	97785	1	CharlieHolbrow	
3245	1:11:57	1/1/2019 	4310008	26.00	131.00	6.56	19.07	97752.39	99894	1	CharlieHolbrow	
3246	1:11:58	1/1/2019 	4311478	20.00	38.00	6.84	19.06	97770.71	50777	1	CharlieHolbrow	
3247	1:12:00	1/1/2019 	4313586	38.00	438.00	6.24	19.06	97798.97	145753	1	CharlieHolbrow	
3248	1:12:04	1/1/2019 	4316942	36.00	369.00	6.27	19.05	97858.30	145756	1	CharlieHolbrow	
3249	1:12:09	1/1/2019 	4321708	40.00	453.00	6.20	19.04	97936.45	241701	1	CharlieHolbrow	
3250	1:12:10	1/1/2019 	4323497	17.00	8.00	6.99	19.04	97970.31	50778	0	CharlieHolbrow	
3251	1:12:11	1/1/2019 	4324410	23.00	98.00	6.70	19.04	97977.98	51920	1	CharlieHolbrow	
3252	1:12:13	1/1/2019 	4326254	31.00	263.00	6.39	19.04	98009.39	97780	1	CharlieHolbrow	
3253	1:12:17	1/1/2019 	4330112	18.00	14.00	6.94	19.04	98067.00	193729	0	CharlieHolbrow	
3254	1:12:32	1/1/2019 	4345437	18.00	9.00	6.93	19.03	98231.13	722404	0	CharlieHolbrow	
3255	1:12:33	1/1/2019 	4345772	17.00	9.00	7.00	19.03	98235.25	50775	0	CharlieHolbrow	
3256	1:12:33	1/1/2019 	4346630	20.00	21.00	6.82	19.03	98243.63	51921	0	CharlieHolbrow	
3257	1:12:38	1/1/2019 	4350797	24.00	122.00	6.66	19.03	98274.54	193729	1	CharlieHolbrow	
3258	1:12:40	1/1/2019 	4353308	26.00	136.00	6.57	19.03	98291.72	98750	0	CharlieHolbrow	
3259	1:12:44	1/1/2019 	4356674	25.00	128.00	6.61	19.03	98313.58	193730	1	CharlieHolbrow	
3260	1:12:46	1/1/2019 	4358683	17.00	9.00	7.00	19.03	98324.92	97780	0	CharlieHolbrow	
3261	1:12:46	1/1/2019 	4359262	27.00	171.00	6.54	19.03	98327.72	1834	1	CharlieHolbrow	
3262	1:12:50	1/1/2019 	4363162	17.00	8.00	6.99	19.03	98349.09	195892	0	CharlieHolbrow	
3263	1:12:51	1/1/2019 	4363730	22.00	91.00	6.75	19.03	98351.89	50776	1	CharlieHolbrow	
3264	1:12:58	1/1/2019 	4371050	21.00	54.00	6.78	19.03	98384.12	337645	0	CharlieHolbrow	
3265	1:13:11	1/1/2019 	4384553	24.00	134.00	6.67	19.03	98437.22	674435	1	CharlieHolbrow	
3266	1:13:13	1/1/2019 	4385898	20.00	48.00	6.84	19.03	98442.48	50776	1	CharlieHolbrow	
3267	1:13:14	1/1/2019 	4387195	17.00	8.00	6.99	19.03	98445.52	49810	0	CharlieHolbrow	
3268	1:13:17	1/1/2019 	4389792	49.00	650.00	6.14	19.03	98454.16	147869	1	CharlieHolbrow	
3269	1:13:17	1/1/2019 	4389869	25.00	116.00	6.60	19.03	98455.97	2803	0	CharlieHolbrow	
3270	1:13:18	1/1/2019 	4390676	18.00	11.00	6.94	19.03	98457.19	49808	0	CharlieHolbrow	
3271	1:13:20	1/1/2019 	4392840	20.00	35.00	6.84	19.03	98464.92	97781	0	CharlieHolbrow	
3272	1:13:22	1/1/2019 	4395003	17.00	9.00	7.00	19.03	98470.67	97780	1	CharlieHolbrow	
3273	1:13:29	1/1/2019 	4402248	22.00	74.00	6.74	19.03	98489.34	337646	0	CharlieHolbrow	
3274	1:13:33	1/1/2019 	4405727	33.00	317.00	6.34	19.03	98498.32	196808	1	CharlieHolbrow	
3275	1:13:37	1/1/2019 	4410061	17.00	8.00	6.99	19.03	98509.59	193725	0	CharlieHolbrow	
3276	1:13:41	1/1/2019 	4414064	24.00	110.00	6.65	19.03	98518.14	194688	1	CharlieHolbrow	
3277	1:13:44	1/1/2019 	4417359	18.00	9.00	6.93	19.03	98524.06	145752	0	CharlieHolbrow	
3278	1:13:45	1/1/2019 	4417936	37.00	424.00	6.27	19.03	98525.22	49807	1	CharlieHolbrow	
3279	1:13:47	1/1/2019 	4420319	17.00	9.00	7.00	19.04	98531.06	97779	0	CharlieHolbrow	
3280	1:13:49	1/1/2019 	4422096	42.00	496.00	6.17	19.04	98535.02	100814	1	CharlieHolbrow	
3281	1:13:51	1/1/2019 	4424238	19.00	21.00	6.89	19.04	98540.11	97781	0	CharlieHolbrow	
3282	1:13:55	1/1/2019 	4428492	18.00	8.00	6.93	19.04	98551.39	193727	0	CharlieHolbrow	
3283	1:14:10	1/1/2019 	4443294	19.00	28.00	6.89	19.05	98587.97	721420	0	CharlieHolbrow	
3284	1:14:11	1/1/2019 	4444107	18.00	9.00	6.93	19.05	98589.22	50553	0	CharlieHolbrow	
3285	1:14:14	1/1/2019 	4446877	25.00	130.00	6.61	19.05	98595.14	149052	1	CharlieHolbrow	
3286	1:14:20	1/1/2019 	4452764	21.00	59.00	6.79	19.06	98606.84	289663	0	CharlieHolbrow	
3287	1:14:22	1/1/2019 	4455044	25.00	122.00	6.61	19.06	98610.22	98524	1	CharlieHolbrow	
3288	1:14:23	1/1/2019 	4455851	18.00	10.00	6.93	19.06	98611.86	49807	0	CharlieHolbrow	
3289	1:14:26	1/1/2019 	4459439	19.00	28.00	6.89	19.06	98618.62	145751	0	CharlieHolbrow	
3290	1:14:28	1/1/2019 	4461063	17.00	8.00	6.99	19.06	98620.77	97784	0	CharlieHolbrow	
3291	1:14:28	1/1/2019 	4461256	18.00	9.00	6.93	19.06	98621.42	4781	0	CharlieHolbrow	
3292	1:14:31	1/1/2019 	4463926	25.00	121.00	6.61	19.07	98625.14	145750	0	CharlieHolbrow	
3293	1:14:33	1/1/2019 	4465675	21.00	66.00	6.79	19.07	98627.11	97780	1	CharlieHolbrow	
3294	1:14:35	1/1/2019 	4467756	28.00	206.00	6.50	19.07	98630.30	97778	0	CharlieHolbrow	
3295	1:14:39	1/1/2019 	4471746	22.00	98.00	6.75	19.07	98635.48	193721	0	CharlieHolbrow	
3296	1:14:40	1/1/2019 	4473313	20.00	45.00	6.84	19.07	98638.70	50555	1	CharlieHolbrow	
3297	1:14:43	1/1/2019 	4475826	24.00	118.00	6.66	19.08	98642.75	147863	1	CharlieHolbrow	
3298	1:14:45	1/1/2019 	4478039	24.00	121.00	6.66	19.08	98645.64	97780	1	CharlieHolbrow	
3299	1:14:45	1/1/2019 	4478423	17.00	8.00	6.99	19.08	98646.13	1835	0	CharlieHolbrow	
3300	1:14:47	1/1/2019 	4480186	19.00	15.00	6.88	19.08	98648.36	97776	1	CharlieHolbrow	
3301	1:15:00	1/1/2019 	4493014	38.00	437.00	6.24	19.09	98663.77	626194	0	CharlieHolbrow	
3302	1:15:02	1/1/2019 	4495336	24.00	125.00	6.66	19.10	98666.33	98525	1	CharlieHolbrow	
3303	1:15:07	1/1/2019 	4500276	35.00	344.00	6.29	19.10	98671.95	243807	1	CharlieHolbrow	
3304	1:15:08	1/1/2019 	4500716	17.00	8.00	6.99	19.10	98672.44	50555	0	CharlieHolbrow	
3305	1:15:12	1/1/2019 	4504762	17.00	9.00	7.00	19.10	98677.47	193723	0	CharlieHolbrow	
3306	1:15:14	1/1/2019 	4506918	17.00	8.00	6.99	19.11	98679.86	97780	0	CharlieHolbrow	
3307	1:15:16	1/1/2019 	4509080	18.00	10.00	6.93	19.11	98682.42	97779	0	CharlieHolbrow	
3308	1:15:19	1/1/2019 	4512355	18.00	13.00	6.94	19.11	98685.44	145749	0	CharlieHolbrow	
3309	1:15:20	1/1/2019 	4513620	20.00	44.00	6.84	19.11	98687.34	100694	0	CharlieHolbrow	
3310	1:15:25	1/1/2019 	4517785	24.00	113.00	6.65	19.12	98692.30	193719	0	CharlieHolbrow	
3311	1:15:29	1/1/2019 	4522300	18.00	14.00	6.94	19.12	98696.02	193723	0	CharlieHolbrow	
3312	1:15:38	1/1/2019 	4530770	22.00	99.00	6.75	19.13	98702.97	434331	0	CharlieHolbrow	
3313	1:15:38	1/1/2019 	4530918	23.00	87.00	6.69	19.13	98702.97	2582	1	CharlieHolbrow	
3314	1:15:41	1/1/2019 	4534764	25.00	135.00	6.61	19.13	98706.16	195887	1	CharlieHolbrow	
3315	1:15:46	1/1/2019 	4538886	29.00	213.00	6.46	19.14	98710.30	193727	1	CharlieHolbrow	
3316	1:15:47	1/1/2019 	4540656	17.00	9.00	7.00	19.14	98711.28	97782	0	CharlieHolbrow	
3317	1:15:48	1/1/2019 	4541135	24.00	113.00	6.65	19.14	98711.77	2581	1	CharlieHolbrow	
3318	1:15:53	1/1/2019 	4546688	18.00	10.00	6.93	19.15	98717.16	289666	1	CharlieHolbrow	
3319	1:15:54	1/1/2019 	4547382	18.00	15.00	6.94	19.15	98717.65	1835	0	CharlieHolbrow	
3320	1:15:54	1/1/2019 	4547682	40.00	419.00	6.19	19.15	98717.65	51919	1	CharlieHolbrow	
3321	1:15:58	1/1/2019 	4550868	25.00	142.00	6.62	19.15	98720.64	145754	1	CharlieHolbrow	
3322	1:15:58	1/1/2019 	4551174	32.00	263.00	6.36	19.15	98720.64	2582	1	CharlieHolbrow	
3323	1:16:02	1/1/2019 	4555597	50.00	763.00	6.18	19.16	98724.17	241698	0	CharlieHolbrow	
3324	1:16:03	1/1/2019 	4556363	24.00	121.00	6.66	19.16	98724.67	1836	1	CharlieHolbrow	
3325	1:16:08	1/1/2019 	4561340	22.00	64.00	6.73	19.16	98727.48	241699	1	CharlieHolbrow	
3326	1:16:10	1/1/2019 	4563112	17.00	8.00	6.99	19.17	98728.23	100672	0	CharlieHolbrow	
3327	1:16:14	1/1/2019 	4567243	31.00	255.00	6.39	19.17	98731.88	193726	0	CharlieHolbrow	
3328	1:16:15	1/1/2019 	4568492	17.00	8.00	6.99	19.17	98733.45	49808	0	CharlieHolbrow	
3329	1:16:19	1/1/2019 	4572276	32.00	294.00	6.37	19.18	98736.08	193726	0	CharlieHolbrow	
3330	1:16:21	1/1/2019 	4574172	23.00	126.00	6.72	19.18	98737.49	98529	1	CharlieHolbrow	
3331	1:16:24	1/1/2019 	4577343	20.00	46.00	6.84	19.18	98738.57	145753	1	CharlieHolbrow	
3332	1:16:31	1/1/2019 	4584134	22.00	87.00	6.74	19.19	98742.80	339758	1	CharlieHolbrow	
3333	1:16:38	1/1/2019 	4591020	20.00	41.00	6.84	19.20	98746.87	338392	0	CharlieHolbrow	
3334	1:16:39	1/1/2019 	4592070	18.00	8.00	6.93	19.20	98747.42	50553	0	CharlieHolbrow	
3335	1:16:45	1/1/2019 	4597920	18.00	14.00	6.94	19.21	98750.08	289672	0	CharlieHolbrow	
3336	1:16:48	1/1/2019 	4601716	24.00	117.00	6.65	19.21	98751.75	193727	1	CharlieHolbrow	
3337	1:16:50	1/1/2019 	4603185	17.00	9.00	7.00	19.21	98752.66	52754	0	CharlieHolbrow	
3338	1:16:52	1/1/2019 	4605107	24.00	135.00	6.67	19.22	98754.08	97779	1	CharlieHolbrow	
3339	1:16:54	1/1/2019 	4607220	18.00	12.00	6.94	19.22	98755.16	97782	0	CharlieHolbrow	
3340	1:16:58	1/1/2019 	4611124	21.00	53.00	6.78	19.22	98756.63	193727	0	CharlieHolbrow	
3341	1:16:59	1/1/2019 	4612156	20.00	38.00	6.84	19.22	98756.95	50556	1	CharlieHolbrow	
3342	1:17:02	1/1/2019 	4615326	19.00	17.00	6.88	19.23	98758.46	145753	0	CharlieHolbrow	
3343	1:17:03	1/1/2019 	4616464	29.00	225.00	6.46	19.23	98758.89	51920	1	CharlieHolbrow	
3344	1:17:06	1/1/2019 	4618823	22.00	77.00	6.74	19.23	98759.22	145756	0	CharlieHolbrow	
3345	1:17:07	1/1/2019 	4620321	17.00	8.00	6.99	19.23	98760.12	49811	0	CharlieHolbrow	
3346	1:17:10	1/1/2019 	4623285	19.00	14.00	6.88	19.24	98762.12	146506	1	CharlieHolbrow	
3347	1:17:14	1/1/2019 	4627402	21.00	64.00	6.79	19.24	98764.09	193725	1	CharlieHolbrow	
3348	1:17:16	1/1/2019 	4629235	46.00	893.00	6.30	19.25	98765.18	97779	0	CharlieHolbrow	
3349	1:17:20	1/1/2019 	4633011	21.00	52.00	6.78	19.25	98766.84	195831	0	CharlieHolbrow	
3350	1:17:21	1/1/2019 	4633883	17.00	9.00	7.00	19.25	98767.02	50552	0	CharlieHolbrow	
3351	1:17:22	1/1/2019 	4634865	17.00	8.00	6.99	19.25	98767.77	49806	0	CharlieHolbrow	
3352	1:17:28	1/1/2019 	4641699	23.00	106.00	6.70	19.26	98769.53	337635	1	CharlieHolbrow	
3353	1:17:29	1/1/2019 	4641875	26.00	145.00	6.57	19.26	98770.12	2582	1	CharlieHolbrow	
3354	1:17:30	1/1/2019 	4642939	17.00	9.00	7.00	19.26	98770.61	49807	0	CharlieHolbrow	
3355	1:17:33	1/1/2019 	4646173	17.00	8.00	6.99	19.27	98772.41	147883	0	CharlieHolbrow	
3356	1:17:34	1/1/2019 	4646804	17.00	8.00	6.99	19.27	98772.58	49807	0	CharlieHolbrow	
3357	1:17:35	1/1/2019 	4648446	24.00	108.00	6.65	19.27	98773.66	49806	1	CharlieHolbrow	
3358	1:17:38	1/1/2019 	4650916	17.00	8.00	6.99	19.28	98775.00	145753	0	CharlieHolbrow	
3359	1:17:38	1/1/2019 	4650947	18.00	9.00	6.93	19.28	98775.00	2581	0	CharlieHolbrow	
3360	1:17:40	1/1/2019 	4653214	22.00	69.00	6.73	19.28	98775.75	97778	0	CharlieHolbrow	
3361	1:17:44	1/1/2019 	4657123	20.00	50.00	6.84	19.28	98777.58	195855	1	CharlieHolbrow	
3362	1:17:47	1/1/2019 	4660644	18.00	12.00	6.94	19.29	98778.99	193723	0	CharlieHolbrow	
3363	1:17:48	1/1/2019 	4661323	17.00	8.00	6.99	19.29	98779.33	2583	0	CharlieHolbrow	
3364	1:17:55	1/1/2019 	4668362	31.00	259.00	6.39	19.30	98782.13	337639	1	CharlieHolbrow	
3365	1:17:55	1/1/2019 	4668394	19.00	20.00	6.89	19.30	98782.13	1837	0	CharlieHolbrow	
3366	1:17:57	1/1/2019 	4669969	17.00	8.00	6.99	19.30	98782.30	99886	0	CharlieHolbrow	
3367	1:17:59	1/1/2019 	4671993	29.00	292.00	6.49	19.30	98782.56	98526	1	CharlieHolbrow	
3368	1:18:00	1/1/2019 	4673179	22.00	77.00	6.74	19.30	98783.14	49809	0	CharlieHolbrow	
3369	1:18:02	1/1/2019 	4675123	37.00	377.00	6.25	19.30	98783.48	97781	1	CharlieHolbrow	
3370	1:18:07	1/1/2019 	4680615	20.00	34.00	6.83	19.31	98785.41	289673	0	CharlieHolbrow	
3371	1:18:08	1/1/2019 	4680775	25.00	128.00	6.61	19.31	98785.41	2582	1	CharlieHolbrow	
3372	1:18:09	1/1/2019 	4682089	20.00	46.00	6.84	19.31	98785.73	51920	0	CharlieHolbrow	
3373	1:18:10	1/1/2019 	4683204	21.00	56.00	6.78	19.31	98786.62	49810	1	CharlieHolbrow	
3374	1:18:12	1/1/2019 	4685379	30.00	246.00	6.43	19.31	98787.20	97780	1	CharlieHolbrow	
3375	1:18:21	1/1/2019 	4693825	17.00	8.00	6.99	19.32	98790.28	433587	0	CharlieHolbrow	
3376	1:18:23	1/1/2019 	4696277	22.00	79.00	6.74	19.32	98791.04	98526	0	CharlieHolbrow	
3377	1:18:28	1/1/2019 	4701405	17.00	8.00	6.99	19.33	98793.62	241702	0	CharlieHolbrow	
3378	1:18:33	1/1/2019 	4706196	16.00	9.00	7.07	19.34	98794.77	244594	0	CharlieHolbrow	
3379	1:18:34	1/1/2019 	4707295	26.00	147.00	6.57	19.34	98794.94	49808	1	CharlieHolbrow	
3380	1:18:35	1/1/2019 	4707853	18.00	9.00	6.93	19.34	98795.36	49809	0	CharlieHolbrow	
3381	1:18:35	1/1/2019 	4708128	17.00	9.00	7.00	19.34	98795.36	1834	0	CharlieHolbrow	
3382	1:18:35	1/1/2019 	4708637	25.00	134.00	6.61	19.34	98795.36	49807	0	CharlieHolbrow	
3383	1:18:36	1/1/2019 	4708882	26.00	157.00	6.58	19.34	98795.36	1835	1	CharlieHolbrow	
3384	1:18:38	1/1/2019 	4711428	33.00	328.00	6.35	19.34	98795.95	99752	1	CharlieHolbrow	
3385	1:18:39	1/1/2019 	4712128	18.00	8.00	6.93	19.34	98796.53	50555	0	CharlieHolbrow	
3386	1:18:39	1/1/2019 	4712268	17.00	8.00	6.99	19.34	98796.70	1835	0	CharlieHolbrow	
3387	1:18:47	1/1/2019 	4720043	17.00	8.00	6.99	19.35	98799.22	385618	0	CharlieHolbrow	
3388	1:18:48	1/1/2019 	4721660	17.00	8.00	6.99	19.36	98799.97	98525	0	CharlieHolbrow	
3389	1:18:50	1/1/2019 	4723344	24.00	115.00	6.65	19.36	98800.39	49808	0	CharlieHolbrow	
3390	1:18:53	1/1/2019 	4725787	20.00	62.00	6.85	19.36	98800.81	147866	1	CharlieHolbrow	
3391	1:18:53	1/1/2019 	4726360	31.00	212.00	6.38	19.36	98800.81	1836	1	CharlieHolbrow	
3392	1:18:55	1/1/2019 	4728298	20.00	54.00	6.84	19.36	98801.40	97779	0	CharlieHolbrow	
3393	1:19:00	1/1/2019 	4733088	16.00	8.00	7.06	19.37	98802.74	241699	0	CharlieHolbrow	
3394	1:19:01	1/1/2019 	4733947	28.00	96.00	6.45	19.37	98802.91	50554	1	CharlieHolbrow	
3395	1:19:06	1/1/2019 	4739405	17.00	8.00	6.99	19.38	98804.58	243813	0	CharlieHolbrow	
3396	1:19:15	1/1/2019 	4747887	33.00	325.00	6.35	19.38	98807.13	433590	1	CharlieHolbrow	
3397	1:19:19	1/1/2019 	4752200	18.00	9.00	6.93	19.39	98808.73	194473	0	CharlieHolbrow	
3398	1:19:22	1/1/2019 	4754933	17.00	8.00	6.99	19.39	98809.16	146497	0	CharlieHolbrow	
3399	1:19:24	1/1/2019 	4757710	20.00	42.00	6.84	19.40	98810.66	145750	1	CharlieHolbrow	
3400	1:19:24	1/1/2019 	4757732	48.00	665.00	6.16	19.40	98810.66	1836	1	CharlieHolbrow	
3401	1:19:26	1/1/2019 	4759141	27.00	177.00	6.54	19.40	98810.83	51918	1	CharlieHolbrow	
3402	1:19:29	1/1/2019 	4762597	17.00	8.00	6.99	19.40	98811.05	193728	0	CharlieHolbrow	
3403	1:19:30	1/1/2019 	4762951	17.00	8.00	6.99	19.40	98811.05	2581	0	CharlieHolbrow	
3404	1:19:30	1/1/2019 	4763073	36.00	343.00	6.26	19.40	98811.64	1835	1	CharlieHolbrow	
3405	1:19:31	1/1/2019 	4764576	17.00	8.00	6.99	19.40	98811.48	97782	0	CharlieHolbrow	
3406	1:19:44	1/1/2019 	4777264	22.00	75.00	6.74	19.42	98815.66	577501	1	CharlieHolbrow	
3407	1:19:45	1/1/2019 	4777822	23.00	100.00	6.70	19.42	98815.66	52699	1	CharlieHolbrow	
3408	1:19:48	1/1/2019 	4781648	29.00	226.00	6.46	19.42	98816.80	193727	0	CharlieHolbrow	
3409	1:19:51	1/1/2019 	4784125	17.00	9.00	7.00	19.42	98816.97	98527	0	CharlieHolbrow	
3410	1:19:57	1/1/2019 	4790686	22.00	96.00	6.75	19.43	98819.06	337641	1	CharlieHolbrow	
3411	1:19:58	1/1/2019 	4791582	19.00	30.00	6.89	19.43	98819.06	50554	0	CharlieHolbrow	
3412	1:19:59	1/1/2019 	4792632	22.00	75.00	6.74	19.43	98818.89	49808	0	CharlieHolbrow	
3413	1:20:00	1/1/2019 	4793141	18.00	8.00	6.93	19.43	98819.32	3947	0	CharlieHolbrow	
3414	1:20:01	1/1/2019 	4794500	24.00	126.00	6.66	19.43	98819.32	49806	1	CharlieHolbrow	
3415	1:20:02	1/1/2019 	4794817	50.00	752.00	6.18	19.44	98819.74	49836	0	CharlieHolbrow	
3416	1:20:04	1/1/2019 	4797291	26.00	134.00	6.56	19.44	98820.99	97780	1	CharlieHolbrow	
3417	1:20:05	1/1/2019 	4798492	17.00	9.00	7.00	19.44	98821.16	49808	0	CharlieHolbrow	
3418	1:20:06	1/1/2019 	4799322	18.00	9.00	6.93	19.44	98821.32	49808	0	CharlieHolbrow	
3419	1:20:07	1/1/2019 	4800230	17.00	8.00	6.99	19.44	98821.74	51831	0	CharlieHolbrow	
3420	1:20:07	1/1/2019 	4800662	21.00	22.00	6.77	19.44	98821.74	50555	0	CharlieHolbrow	
3421	1:20:09	1/1/2019 	4801956	17.00	8.00	6.99	19.44	98822.08	49808	0	CharlieHolbrow	
3422	1:20:16	1/1/2019 	4808833	29.00	244.00	6.47	19.45	98824.13	337648	1	CharlieHolbrow	
3423	1:20:18	1/1/2019 	4811181	17.00	8.00	6.99	19.45	98824.47	97783	0	CharlieHolbrow	
3424	1:20:19	1/1/2019 	4812608	17.00	8.00	6.99	19.45	98824.72	98526	0	CharlieHolbrow	
3425	1:20:26	1/1/2019 	4819155	17.00	9.00	7.00	19.46	98825.99	291781	0	CharlieHolbrow	
3426	1:20:29	1/1/2019 	4822738	26.00	146.00	6.57	19.46	98826.84	193728	0	CharlieHolbrow	
3427	1:20:30	1/1/2019 	4823709	22.00	81.00	6.74	19.46	98827.00	50555	0	CharlieHolbrow	
3428	1:20:36	1/1/2019 	4828802	50.00	784.00	6.19	19.47	98828.57	241699	1	CharlieHolbrow	
3429	1:20:37	1/1/2019 	4830199	34.00	353.00	6.33	19.47	98829.16	49809	0	CharlieHolbrow	
3430	1:20:40	1/1/2019 	4833405	29.00	235.00	6.47	19.48	98829.58	148643	0	CharlieHolbrow	
3431	1:20:40	1/1/2019 	4833698	18.00	14.00	6.94	19.48	98829.58	49809	1	CharlieHolbrow	
3432	1:20:43	1/1/2019 	4836997	18.00	13.00	6.94	19.48	98830.59	145750	0	CharlieHolbrow	
3433	1:20:45	1/1/2019 	4839072	17.00	8.00	6.99	19.48	98830.43	97779	0	CharlieHolbrow	
3434	1:20:52	1/1/2019 	4846157	21.00	45.00	6.78	19.49	98832.09	337641	1	CharlieHolbrow	
3435	1:20:55	1/1/2019 	4849075	19.00	25.00	6.89	19.49	98832.33	146501	0	CharlieHolbrow	
3436	1:20:56	1/1/2019 	4849607	17.00	9.00	7.00	19.49	98832.49	51920	0	CharlieHolbrow	
3437	1:20:59	1/1/2019 	4852635	23.00	93.00	6.69	19.49	98832.91	146499	0	CharlieHolbrow	
3438	1:21:00	1/1/2019 	4854158	17.00	9.00	7.00	19.49	98832.59	49810	0	CharlieHolbrow	
3439	1:21:02	1/1/2019 	4855631	17.00	8.00	6.99	19.49	98833.34	97781	0	CharlieHolbrow	
3440	1:21:06	1/1/2019 	4859485	22.00	94.00	6.75	19.50	98833.59	145755	1	CharlieHolbrow	
3441	1:21:07	1/1/2019 	4860834	17.00	8.00	6.99	19.50	98834.09	97782	0	CharlieHolbrow	
3442	1:21:12	1/1/2019 	4865676	17.00	7.00	6.99	19.50	98835.02	244641	0	CharlieHolbrow	
3443	1:21:13	1/1/2019 	4867226	44.00	565.00	6.16	19.50	98835.77	49807	1	CharlieHolbrow	
3444	1:21:18	1/1/2019 	4872130	17.00	9.00	7.00	19.51	98836.78	241692	0	CharlieHolbrow	
3445	1:21:20	1/1/2019 	4873668	36.00	393.00	6.28	19.51	98836.78	98524	1	CharlieHolbrow	
3446	1:21:21	1/1/2019 	4874847	17.00	9.00	7.00	19.51	98836.78	49807	0	CharlieHolbrow	
3447	1:21:28	1/1/2019 	4882068	35.00	378.00	6.31	19.51	98837.84	337632	1	CharlieHolbrow	
3448	1:21:35	1/1/2019 	4888591	21.00	62.00	6.79	19.52	98838.36	340550	1	CharlieHolbrow	
3449	1:21:40	1/1/2019 	4893999	17.00	8.00	6.99	19.52	98839.21	241690	0	CharlieHolbrow	
3450	1:21:41	1/1/2019 	4894598	17.00	8.00	6.99	19.53	98839.63	50553	0	CharlieHolbrow	
3451	1:21:45	1/1/2019 	4898906	26.00	163.00	6.58	19.53	98841.14	193716	1	CharlieHolbrow	
3452	1:21:45	1/1/2019 	4899143	17.00	8.00	6.99	19.53	98841.14	1836	0	CharlieHolbrow	
3453	1:21:47	1/1/2019 	4900970	17.00	8.00	6.99	19.53	98841.14	97776	1	CharlieHolbrow	
3454	1:21:47	1/1/2019 	4900976	28.00	142.00	6.48	19.53	98841.14	4751	0	CharlieHolbrow	
3455	1:21:57	1/1/2019 	4910813	18.00	13.00	6.94	19.54	98842.55	481547	1	CharlieHolbrow	
3456	1:21:57	1/1/2019 	4911219	33.00	269.00	6.32	19.54	98842.80	2583	0	CharlieHolbrow	
3457	1:22:02	1/1/2019 	4916196	17.00	8.00	6.99	19.54	98843.06	241694	0	CharlieHolbrow	
3458	1:22:03	1/1/2019 	4917152	17.00	9.00	7.00	19.55	98843.48	49807	0	CharlieHolbrow	
3459	1:22:05	1/1/2019 	4918685	17.00	8.00	6.99	19.55	98843.65	103257	0	CharlieHolbrow	
3460	1:22:06	1/1/2019 	4919608	26.00	167.00	6.58	19.55	98844.41	49808	0	CharlieHolbrow	
3461	1:22:06	1/1/2019 	4919650	27.00	161.00	6.53	19.55	98844.41	2582	0	CharlieHolbrow	
3462	1:22:08	1/1/2019 	4921451	17.00	8.00	6.99	19.55	98844.56	49808	0	CharlieHolbrow	
3463	1:22:08	1/1/2019 	4921583	27.00	142.00	6.52	19.55	98844.56	49808	1	CharlieHolbrow	
3464	1:22:09	1/1/2019 	4923106	35.00	353.00	6.30	19.55	98844.83	49807	1	CharlieHolbrow	
3465	1:22:18	1/1/2019 	4931489	17.00	9.00	7.00	19.56	98845.97	387782	0	CharlieHolbrow	
3466	1:22:18	1/1/2019 	4931758	25.00	119.00	6.60	19.56	98845.97	50776	1	CharlieHolbrow	
3467	1:22:22	1/1/2019 	4935951	20.00	9.00	6.81	19.56	98846.81	193722	0	CharlieHolbrow	
3468	1:22:24	1/1/2019 	4937799	17.00	8.00	6.99	19.56	98847.15	97778	0	CharlieHolbrow	
3469	1:22:24	1/1/2019 	4937888	33.00	275.00	6.33	19.56	98847.15	1835	1	CharlieHolbrow	
3470	1:22:43	1/1/2019 	4956999	23.00	109.00	6.70	19.58	98850.83	913306	1	CharlieHolbrow	
3471	1:22:46	1/1/2019 	4959877	17.00	8.00	6.99	19.58	98851.42	148831	0	CharlieHolbrow	
3472	1:22:57	1/1/2019 	4970624	23.00	106.00	6.70	19.59	98852.79	530498	0	CharlieHolbrow	
3473	1:22:57	1/1/2019 	4970806	22.00	73.00	6.73	19.59	98853.11	2805	0	CharlieHolbrow	
3474	1:23:01	1/1/2019 	4975303	17.00	10.00	7.00	19.60	98854.03	193725	1	CharlieHolbrow	
3475	1:23:02	1/1/2019 	4976360	18.00	16.00	6.94	19.60	98853.87	49809	0	CharlieHolbrow	
3476	1:23:04	1/1/2019 	4977860	17.00	2.00	6.98	19.60	98853.87	97780	0	CharlieHolbrow	
3477	1:23:06	1/1/2019 	4979660	25.00	126.00	6.61	19.60	98854.09	99890	0	CharlieHolbrow	
3478	1:23:08	1/1/2019 	4982004	17.00	9.00	7.00	19.60	98854.19	98749	0	CharlieHolbrow	
3479	1:23:09	1/1/2019 	4983324	22.00	86.00	6.74	19.60	98854.45	49808	0	CharlieHolbrow	
3480	1:23:12	1/1/2019 	4985894	17.00	8.00	6.99	19.61	98855.20	145753	0	CharlieHolbrow	
3481	1:23:19	1/1/2019 	4992455	17.00	8.00	6.99	19.61	98854.97	289666	0	CharlieHolbrow	
3482	1:23:23	1/1/2019 	4996583	18.00	8.00	6.93	19.61	98855.48	242663	0	CharlieHolbrow	
3483	1:23:23	1/1/2019 	4996695	45.00	574.00	6.15	19.61	98855.48	7315	1	CharlieHolbrow	
3484	1:23:27	1/1/2019 	5001041	21.00	37.00	6.78	19.62	98855.91	193720	0	CharlieHolbrow	
3485	1:23:28	1/1/2019 	5001710	17.00	8.00	6.99	19.62	98855.91	50776	0	CharlieHolbrow	
3486	1:23:31	1/1/2019 	5004412	17.00	8.00	6.99	19.62	98856.33	97778	0	CharlieHolbrow	
3487	1:23:35	1/1/2019 	5008485	17.00	8.00	6.99	19.62	98856.72	193718	0	CharlieHolbrow	
3488	1:23:35	1/1/2019 	5008740	31.00	243.00	6.39	19.62	98856.72	51971	0	CharlieHolbrow	
3489	1:23:36	1/1/2019 	5009593	28.00	181.00	6.49	19.62	98856.72	49806	1	CharlieHolbrow	
3490	1:23:38	1/1/2019 	5011442	18.00	17.00	6.95	19.62	98857.14	50777	0	CharlieHolbrow	
3491	1:23:38	1/1/2019 	5012403	17.00	9.00	7.00	19.62	98857.14	49806	0	CharlieHolbrow	
3492	1:23:39	1/1/2019 	5012641	20.00	54.00	6.84	19.62	98857.14	49806	0	CharlieHolbrow	
3493	1:23:40	1/1/2019 	5013854	17.00	9.00	7.00	19.63	98857.73	49808	0	CharlieHolbrow	
3494	1:23:44	1/1/2019 	5017861	18.00	10.00	6.93	19.63	98858.33	195832	0	CharlieHolbrow	
3495	1:23:47	1/1/2019 	5020559	18.00	10.00	6.93	19.63	98857.99	145752	0	CharlieHolbrow	
3496	1:23:55	1/1/2019 	5028844	23.00	113.00	6.71	19.64	98858.77	386577	1	CharlieHolbrow	
3497	1:23:57	1/1/2019 	5030573	24.00	119.00	6.66	19.64	98859.52	97778	1	CharlieHolbrow	
3498	1:23:58	1/1/2019 	5031486	17.00	8.00	6.99	19.64	98859.52	2804	1	CharlieHolbrow	
3499	1:23:58	1/1/2019 	5031668	18.00	12.00	6.94	19.64	98859.20	49806	0	CharlieHolbrow	
3500	1:23:59	1/1/2019 	5032752	22.00	86.00	6.74	19.64	98859.45	51917	0	CharlieHolbrow	
3501	1:24:00	1/1/2019 	5033459	17.00	8.00	6.99	19.64	98859.45	1835	0	CharlieHolbrow	
3502	1:24:01	1/1/2019 	5034592	34.00	327.00	6.32	19.64	98859.78	97779	1	CharlieHolbrow	
3503	1:24:08	1/1/2019 	5041722	18.00	13.00	6.94	19.65	98862.01	337639	0	CharlieHolbrow	
3504	1:24:11	1/1/2019 	5044663	21.00	55.00	6.78	19.65	98862.59	146720	0	CharlieHolbrow	
3505	1:24:12	1/1/2019 	5045928	31.00	287.00	6.40	19.65	98862.77	49808	1	CharlieHolbrow	
3506	1:24:14	1/1/2019 	5047979	22.00	9.00	6.69	19.65	98863.19	99889	0	CharlieHolbrow	
3507	1:24:15	1/1/2019 	5049172	27.00	176.00	6.54	19.65	98862.86	49807	1	CharlieHolbrow	
3508	1:24:22	1/1/2019 	5055672	18.00	18.00	6.95	19.66	98863.54	337636	0	CharlieHolbrow	
3509	1:24:29	1/1/2019 	5062796	20.00	45.00	6.84	19.66	98863.89	338610	0	CharlieHolbrow	
3510	1:24:30	1/1/2019 	5063903	17.00	8.00	6.99	19.66	98863.73	50776	0	CharlieHolbrow	
3511	1:24:33	1/1/2019 	5066731	23.00	94.00	6.69	19.66	98863.56	145753	1	CharlieHolbrow	
3512	1:24:39	1/1/2019 	5072761	19.00	32.00	6.90	19.67	98864.38	291784	0	CharlieHolbrow	
3513	1:24:40	1/1/2019 	5074128	17.00	9.00	7.00	19.67	98864.64	50782	0	CharlieHolbrow	
3514	1:24:41	1/1/2019 	5075176	22.00	79.00	6.74	19.67	98864.64	49807	0	CharlieHolbrow	
3515	1:24:44	1/1/2019 	5077871	24.00	130.00	6.66	19.67	98865.72	145755	1	CharlieHolbrow	
3516	1:24:51	1/1/2019 	5085046	18.00	10.00	6.93	19.68	98866.90	337645	0	CharlieHolbrow	
3517	1:24:51	1/1/2019 	5085251	20.00	49.00	6.84	19.68	98866.90	4915	1	CharlieHolbrow	
3518	1:24:55	1/1/2019 	5089019	17.00	8.00	6.99	19.68	98867.98	193721	0	CharlieHolbrow	
3519	1:24:57	1/1/2019 	5090696	24.00	114.00	6.65	19.68	98868.23	97778	1	CharlieHolbrow	
3520	1:24:59	1/1/2019 	5093393	24.00	127.00	6.66	19.68	98868.41	98750	1	CharlieHolbrow	
3521	1:25:01	1/1/2019 	5094853	27.00	177.00	6.54	19.69	98868.83	97781	0	CharlieHolbrow	
3522	1:25:03	1/1/2019 	5096611	36.00	392.00	6.28	19.69	98868.33	97782	1	CharlieHolbrow	
3523	1:25:07	1/1/2019 	5100673	24.00	129.00	6.66	19.69	98868.72	195839	1	CharlieHolbrow	
3524	1:25:08	1/1/2019 	5102150	17.00	9.00	7.00	19.69	98869.15	50777	1	CharlieHolbrow	
3525	1:25:23	1/1/2019 	5116891	19.00	35.00	6.90	19.70	98870.11	721428	0	CharlieHolbrow	
3526	1:25:24	1/1/2019 	5117604	18.00	10.00	6.93	19.70	98870.11	50777	0	CharlieHolbrow	
3527	1:25:24	1/1/2019 	5117709	19.00	15.00	6.88	19.70	98870.11	1835	0	CharlieHolbrow	
3528	1:25:24	1/1/2019 	5118071	24.00	97.00	6.64	19.70	98870.28	1834	1	CharlieHolbrow	
3529	1:25:29	1/1/2019 	5122822	18.00	18.00	6.95	19.71	98870.86	243810	0	CharlieHolbrow	
3530	1:25:30	1/1/2019 	5124160	30.00	264.00	6.43	19.71	98871.12	50782	0	CharlieHolbrow	
3531	1:25:39	1/1/2019 	5133312	21.00	57.00	6.78	19.71	98871.61	433597	1	CharlieHolbrow	
3532	1:25:40	1/1/2019 	5133408	23.00	104.00	6.70	19.71	98871.61	2804	0	CharlieHolbrow	
3533	1:25:40	1/1/2019 	5134122	22.00	77.00	6.74	19.72	98872.20	49809	1	CharlieHolbrow	
3534	1:25:47	1/1/2019 	5141055	17.00	9.00	7.00	19.72	98872.30	337644	0	CharlieHolbrow	
3535	1:25:51	1/1/2019 	5145381	22.00	100.00	6.75	19.72	98873.30	196859	1	CharlieHolbrow	
3536	1:25:56	1/1/2019 	5149696	23.00	101.00	6.70	19.72	98873.30	241700	1	CharlieHolbrow	
3537	1:25:57	1/1/2019 	5151198	17.00	8.00	6.99	19.72	98873.30	50779	0	CharlieHolbrow	
3538	1:25:57	1/1/2019 	5151228	17.00	9.00	7.00	19.72	98873.30	1834	0	CharlieHolbrow	
3539	1:26:00	1/1/2019 	5153565	17.00	8.00	6.99	19.73	98873.73	145750	0	CharlieHolbrow	
3540	1:26:01	1/1/2019 	5154693	36.00	397.00	6.29	19.73	98873.56	49807	1	CharlieHolbrow	
3541	1:26:02	1/1/2019 	5156260	24.00	109.00	6.65	19.73	98873.49	51919	1	CharlieHolbrow	
3542	1:26:03	1/1/2019 	5157100	20.00	46.00	6.84	19.73	98873.33	49809	1	CharlieHolbrow	
3543	1:26:07	1/1/2019 	5161086	25.00	120.00	6.61	19.73	98873.23	193734	0	CharlieHolbrow	
3544	1:26:11	1/1/2019 	5165003	17.00	8.00	6.99	19.73	98874.14	194700	0	CharlieHolbrow	
3545	1:26:13	1/1/2019 	5167199	21.00	77.00	6.80	19.74	98874.08	97783	0	CharlieHolbrow	
3546	1:26:14	1/1/2019 	5168174	34.00	344.00	6.32	19.74	98873.91	51921	1	CharlieHolbrow	
3547	1:26:15	1/1/2019 	5169294	26.00	180.00	6.59	19.74	98873.74	49810	1	CharlieHolbrow	
3548	1:26:17	1/1/2019 	5171222	17.00	8.00	6.99	19.74	98873.67	97783	0	CharlieHolbrow	
3549	1:26:17	1/1/2019 	5171380	24.00	107.00	6.65	19.74	98873.67	2804	1	CharlieHolbrow	
3550	1:26:20	1/1/2019 	5173635	15.00	8.00	7.13	19.74	98874.09	145754	0	CharlieHolbrow	
3551	1:26:20	1/1/2019 	5174160	17.00	8.00	6.99	19.74	98873.94	1835	0	CharlieHolbrow	
3552	1:26:24	1/1/2019 	5177861	17.00	9.00	7.00	19.74	98874.27	195836	0	CharlieHolbrow	
3553	1:26:25	1/1/2019 	5179286	17.00	8.00	6.99	19.74	98874.52	49808	0	CharlieHolbrow	
3554	1:26:26	1/1/2019 	5179909	17.00	8.00	6.99	19.74	98874.69	49808	0	CharlieHolbrow	
3555	1:26:30	1/1/2019 	5183639	48.00	692.00	6.17	19.75	98875.44	194697	0	CharlieHolbrow	
3556	1:26:33	1/1/2019 	5186796	17.00	8.00	6.99	19.75	98875.60	145754	0	CharlieHolbrow	
3557	1:26:39	1/1/2019 	5192932	48.00	664.00	6.16	19.75	98876.62	289671	1	CharlieHolbrow	
3558	1:26:40	1/1/2019 	5193672	19.00	23.00	6.89	19.75	98876.62	52887	0	CharlieHolbrow	
3559	1:26:47	1/1/2019 	5200785	30.00	133.00	6.39	19.76	98877.59	337649	1	CharlieHolbrow	
3560	1:26:48	1/1/2019 	5202365	24.00	112.00	6.65	19.76	98877.59	50780	0	CharlieHolbrow	
3561	1:26:55	1/1/2019 	5208776	30.00	250.00	6.43	19.76	98878.28	337650	0	CharlieHolbrow	
3562	1:26:57	1/1/2019 	5211360	17.00	9.00	7.00	19.76	98877.95	97783	0	CharlieHolbrow	
3563	1:26:59	1/1/2019 	5212560	22.00	86.00	6.74	19.76	98877.78	98751	1	CharlieHolbrow	
3564	1:27:05	1/1/2019 	5218487	25.00	154.00	6.63	19.77	98878.20	243813	1	CharlieHolbrow	
3565	1:27:05	1/1/2019 	5218801	39.00	388.00	6.20	19.77	98878.05	49809	0	CharlieHolbrow	
3566	1:27:06	1/1/2019 	5220173	17.00	9.00	7.00	19.77	98878.47	49809	0	CharlieHolbrow	
3567	1:27:08	1/1/2019 	5221645	22.00	74.00	6.74	19.77	98878.80	98749	0	CharlieHolbrow	
3568	1:27:10	1/1/2019 	5224360	17.00	8.00	6.99	19.77	98879.38	97779	0	CharlieHolbrow	
3569	1:27:15	1/1/2019 	5229148	30.00	268.00	6.44	19.78	98880.23	241697	1	CharlieHolbrow	
3570	1:27:17	1/1/2019 	5231167	17.00	9.00	7.00	19.78	98879.91	99892	0	CharlieHolbrow	
3571	1:27:18	1/1/2019 	5231460	17.00	9.00	7.00	19.78	98879.91	2804	0	CharlieHolbrow	
3572	1:27:19	1/1/2019 	5233365	30.00	241.00	6.43	19.78	98879.58	97779	1	CharlieHolbrow	
3573	1:27:22	1/1/2019 	5236071	17.00	9.00	7.00	19.78	98879.97	145752	0	CharlieHolbrow	
3574	1:27:23	1/1/2019 	5236829	23.00	99.00	6.70	19.78	98879.80	49808	1	CharlieHolbrow	
3575	1:27:25	1/1/2019 	5239068	17.00	13.00	7.01	19.78	98880.22	99943	0	CharlieHolbrow	
3576	1:27:30	1/1/2019 	5243599	18.00	12.00	6.94	19.78	98880.98	241693	0	CharlieHolbrow	
3577	1:27:31	1/1/2019 	5244801	18.00	13.00	6.94	19.78	98881.14	50777	0	CharlieHolbrow	
3578	1:27:31	1/1/2019 	5245045	25.00	124.00	6.61	19.78	98881.14	1835	0	CharlieHolbrow	
3579	1:27:32	1/1/2019 	5246067	17.00	8.00	6.99	19.79	98881.56	49807	0	CharlieHolbrow	
3580	1:27:35	1/1/2019 	5248557	18.00	8.00	6.93	19.79	98881.73	145750	0	CharlieHolbrow	
3581	1:27:37	1/1/2019 	5250707	51.00	720.00	6.16	19.79	98881.56	99890	0	CharlieHolbrow	
3582	1:27:37	1/1/2019 	5251160	18.00	9.00	6.93	19.79	98881.73	2804	0	CharlieHolbrow	
3583	1:27:39	1/1/2019 	5252802	17.00	9.00	7.00	19.79	98881.98	97777	0	CharlieHolbrow	
3584	1:27:40	1/1/2019 	5253728	24.00	126.00	6.66	19.79	98881.98	49807	1	CharlieHolbrow	
3585	1:27:40	1/1/2019 	5254357	31.00	262.00	6.39	19.79	98881.83	1836	1	CharlieHolbrow	
3586	1:27:42	1/1/2019 	5256259	17.00	9.00	7.00	19.79	98881.83	97778	0	CharlieHolbrow	
3587	1:27:51	1/1/2019 	5265218	24.00	102.00	6.64	19.80	98882.77	439055	0	CharlieHolbrow	
3588	1:27:52	1/1/2019 	5265462	18.00	9.00	6.93	19.80	98882.60	2805	0	CharlieHolbrow	
3589	1:27:52	1/1/2019 	5265947	18.00	9.00	6.93	19.80	98882.60	49806	0	CharlieHolbrow	
3590	1:28:03	1/1/2019 	5277243	17.00	8.00	6.99	19.80	98883.09	529520	0	CharlieHolbrow	
3591	1:28:07	1/1/2019 	5280494	17.00	9.00	7.00	19.80	98883.52	146720	0	CharlieHolbrow	
3592	1:28:13	1/1/2019 	5286721	18.00	9.00	6.93	19.81	98884.69	338609	0	CharlieHolbrow	
3593	1:28:13	1/1/2019 	5286825	24.00	91.00	6.64	19.81	98884.69	3946	0	CharlieHolbrow	
3594	1:28:23	1/1/2019 	5297066	21.00	58.00	6.79	19.81	98885.53	481546	0	CharlieHolbrow	
3595	1:28:24	1/1/2019 	5298052	16.00	8.00	7.06	19.81	98885.70	50774	0	CharlieHolbrow	
3596	1:28:25	1/1/2019 	5298429	24.00	116.00	6.65	19.81	98885.70	1834	1	CharlieHolbrow	
3597	1:28:25	1/1/2019 	5299097	17.00	8.00	6.99	19.81	98885.53	49807	0	CharlieHolbrow	
3598	1:28:26	1/1/2019 	5300184	26.00	160.00	6.58	19.82	98885.80	49805	1	CharlieHolbrow	
3599	1:28:30	1/1/2019 	5303676	27.00	176.00	6.54	19.82	98886.22	196862	1	CharlieHolbrow	
3600	1:28:31	1/1/2019 	5305071	19.00	20.00	6.89	19.82	98886.22	49807	0	CharlieHolbrow	
3601	1:28:35	1/1/2019 	5309274	18.00	9.00	6.93	19.82	98886.80	193720	0	CharlieHolbrow	
3602	1:28:38	1/1/2019 	5312395	17.00	9.00	7.00	19.82	98887.20	145750	0	CharlieHolbrow	
3603	1:28:42	1/1/2019 	5315863	17.00	8.00	6.99	19.82	98887.03	194692	0	CharlieHolbrow	
3604	1:28:42	1/1/2019 	5316006	26.00	148.00	6.57	19.82	98887.03	3946	0	CharlieHolbrow	
3605	1:28:42	1/1/2019 	5316184	17.00	8.00	6.99	19.83	98887.45	1834	0	CharlieHolbrow	
3606	1:28:44	1/1/2019 	5317949	18.00	14.00	6.94	19.83	98887.95	97778	1	CharlieHolbrow	
3607	1:28:45	1/1/2019 	5318907	22.00	92.00	6.75	19.83	98888.12	49808	0	CharlieHolbrow	
3608	1:28:47	1/1/2019 	5321249	17.00	8.00	6.99	19.83	98888.88	97780	0	CharlieHolbrow	
3609	1:28:48	1/1/2019 	5322044	17.00	8.00	6.99	19.83	98888.88	50783	0	CharlieHolbrow	
3610	1:28:48	1/1/2019 	5322142	17.00	8.00	6.99	19.83	98888.88	7320	0	CharlieHolbrow	
3611	1:28:51	1/1/2019 	5325072	17.00	9.00	7.00	19.83	98888.54	145755	1	CharlieHolbrow	
3612	1:28:52	1/1/2019 	5325557	16.00	8.00	7.06	19.83	98888.70	49807	0	CharlieHolbrow	
3613	1:28:54	1/1/2019 	5327949	17.00	9.00	7.00	19.83	98889.12	97779	0	CharlieHolbrow	
3614	1:28:55	1/1/2019 	5329133	22.00	72.00	6.73	19.83	98889.12	49813	1	CharlieHolbrow	
3615	1:28:56	1/1/2019 	5329916	37.00	403.00	6.26	19.83	98889.05	49812	0	CharlieHolbrow	
3616	1:28:56	1/1/2019 	5329937	19.00	9.00	6.87	19.83	98889.05	4969	0	CharlieHolbrow	
3617	1:28:56	1/1/2019 	5329954	33.00	268.00	6.32	19.83	98889.05	1834	1	CharlieHolbrow	
3618	1:28:58	1/1/2019 	5331691	18.00	10.00	6.93	19.83	98889.22	97778	0	CharlieHolbrow	
3619	1:28:58	1/1/2019 	5332354	18.00	8.00	6.93	19.83	98889.05	1835	0	CharlieHolbrow	
3620	1:28:59	1/1/2019 	5332598	18.00	9.00	6.93	19.83	98889.05	49805	0	CharlieHolbrow	
3621	1:29:01	1/1/2019 	5334473	18.00	19.00	6.95	19.83	98889.05	49807	0	CharlieHolbrow	
3622	1:29:03	1/1/2019 	5337151	17.00	8.00	6.99	19.83	98888.56	147722	0	CharlieHolbrow	
3623	1:29:05	1/1/2019 	5339180	17.00	9.00	7.00	19.84	98888.66	97780	0	CharlieHolbrow	
3624	1:29:13	1/1/2019 	5346500	17.00	8.00	6.99	19.84	98889.17	337643	0	CharlieHolbrow	
3625	1:29:15	1/1/2019 	5349188	22.00	84.00	6.74	19.84	98889.34	146722	1	CharlieHolbrow	
3626	1:29:18	1/1/2019 	5351465	25.00	148.00	6.62	19.84	98889.59	97783	0	CharlieHolbrow	
3627	1:29:22	1/1/2019 	5355585	17.00	8.00	6.99	19.85	98890.32	242667	0	CharlieHolbrow	
3628	1:29:28	1/1/2019 	5362161	19.00	17.00	6.88	19.85	98890.84	291785	0	CharlieHolbrow	
3629	1:29:40	1/1/2019 	5373572	22.00	90.00	6.75	19.86	98890.70	578480	0	CharlieHolbrow	
3630	1:29:44	1/1/2019 	5377622	50.00	690.00	6.15	19.86	98891.45	194697	0	CharlieHolbrow	
3631	1:29:45	1/1/2019 	5378850	23.00	96.00	6.69	19.86	98892.04	49809	0	CharlieHolbrow	
3632	1:29:52	1/1/2019 	5386089	25.00	138.00	6.62	19.87	98892.52	337649	1	CharlieHolbrow	
3633	1:29:55	1/1/2019 	5388970	21.00	58.00	6.79	19.87	98892.36	146725	0	CharlieHolbrow	
3634	1:29:59	1/1/2019 	5393247	17.00	11.00	7.00	19.87	98892.71	195839	0	CharlieHolbrow	
3635	1:30:03	1/1/2019 	5396722	17.00	9.00	7.00	19.87	98893.30	194699	0	CharlieHolbrow	
3636	1:30:05	1/1/2019 	5399297	17.00	8.00	6.99	19.88	98893.56	97782	0	CharlieHolbrow	
3637	1:30:10	1/1/2019 	5403824	17.00	9.00	7.00	19.88	98894.14	241704	0	CharlieHolbrow	
3638	1:30:12	1/1/2019 	5406371	47.00	645.00	6.16	19.88	98894.41	98752	0	CharlieHolbrow	
3639	1:30:14	1/1/2019 	5408403	17.00	8.00	6.99	19.88	98894.67	99948	0	CharlieHolbrow	
3640	1:30:16	1/1/2019 	5410025	40.00	474.00	6.21	19.89	98894.76	97782	1	CharlieHolbrow	
3641	1:30:16	1/1/2019 	5410175	23.00	86.00	6.69	19.89	98894.83	2805	0	CharlieHolbrow	
3642	1:30:21	1/1/2019 	5415281	18.00	10.00	6.93	19.89	98893.53	241701	0	CharlieHolbrow	
3643	1:30:22	1/1/2019 	5415652	17.00	8.00	6.99	19.89	98893.53	49809	0	CharlieHolbrow	
3644	1:30:22	1/1/2019 	5416160	18.00	8.00	6.93	19.90	98893.62	1837	0	CharlieHolbrow	
3645	1:30:27	1/1/2019 	5421182	17.00	8.00	6.99	19.90	98888.12	243817	0	CharlieHolbrow	
3646	1:30:30	1/1/2019 	5423875	16.00	8.00	7.06	19.90	98884.02	146728	0	CharlieHolbrow	
3647	1:30:33	1/1/2019 	5426974	17.00	9.00	7.00	19.91	98880.99	145754	0	CharlieHolbrow	
3648	1:30:36	1/1/2019 	5429574	17.00	8.00	6.99	19.91	98880.27	145754	0	CharlieHolbrow	
3649	1:30:38	1/1/2019 	5431810	17.00	8.00	6.99	19.91	98880.33	98749	0	CharlieHolbrow	
3650	1:30:38	1/1/2019 	5432176	20.00	28.00	6.83	19.91	98880.33	1835	1	CharlieHolbrow	
3651	1:30:42	1/1/2019 	5435079	23.00	103.00	6.70	19.92	98880.34	147807	1	CharlieHolbrow	
3652	1:30:42	1/1/2019 	5435770	49.00	619.00	6.13	19.92	98880.02	49809	1	CharlieHolbrow	
3653	1:30:50	1/1/2019 	5443550	19.00	23.00	6.89	19.92	98880.30	385624	0	CharlieHolbrow	
3654	1:30:53	1/1/2019 	5446559	24.00	128.00	6.66	19.93	98881.97	146504	1	CharlieHolbrow	
3655	1:30:57	1/1/2019 	5450141	25.00	132.00	6.61	19.93	98889.48	145755	1	CharlieHolbrow	
3656	1:30:59	1/1/2019 	5452162	31.00	265.00	6.40	19.93	98895.30	98530	1	CharlieHolbrow	
3657	1:31:04	1/1/2019 	5457277	23.00	94.00	6.69	19.93	98907.49	248374	1	CharlieHolbrow	
3658	1:31:18	1/1/2019 	5471640	23.00	98.00	6.70	19.92	98906.16	721429	0	CharlieHolbrow	
3659	1:31:18	1/1/2019 	5471677	21.00	51.00	6.78	19.92	98906.16	2582	1	CharlieHolbrow	
3660	1:31:18	1/1/2019 	5471768	24.00	96.00	6.64	19.92	98906.16	1834	1	CharlieHolbrow	
3661	1:31:20	1/1/2019 	5473955	18.00	9.00	6.93	19.92	98905.66	97776	0	CharlieHolbrow	
3662	1:31:22	1/1/2019 	5475636	38.00	447.00	6.25	19.92	98905.08	97777	0	CharlieHolbrow	
3663	1:31:29	1/1/2019 	5482315	48.00	659.00	6.16	19.92	98904.48	291831	1	CharlieHolbrow	
3664	1:31:30	1/1/2019 	5484066	52.00	887.00	6.23	19.92	98904.39	98530	1	CharlieHolbrow	
3665	1:31:32	1/1/2019 	5485084	33.00	304.00	6.34	19.92	98904.23	49809	0	CharlieHolbrow	
3666	1:31:33	1/1/2019 	5486175	25.00	154.00	6.63	19.92	98903.56	49809	1	CharlieHolbrow	
3667	1:31:34	1/1/2019 	5487169	19.00	35.00	6.90	19.92	98902.91	49809	1	CharlieHolbrow	
3668	1:31:42	1/1/2019 	5495492	17.00	8.00	6.99	19.91	98900.67	387729	0	CharlieHolbrow	
3669	1:31:42	1/1/2019 	5496052	26.00	117.00	6.55	19.91	98900.51	50554	1	CharlieHolbrow	
3670	1:31:42	1/1/2019 	5496070	44.00	552.00	6.15	19.91	98900.51	1835	0	CharlieHolbrow	
3671	1:31:46	1/1/2019 	5499371	34.00	343.00	6.32	19.91	98902.65	145754	1	CharlieHolbrow	
3672	1:31:48	1/1/2019 	5501124	24.00	107.00	6.65	19.91	98903.97	97780	1	CharlieHolbrow	
3673	1:31:48	1/1/2019 	5501170	27.00	150.00	6.53	19.91	98903.97	2582	1	CharlieHolbrow	
3674	1:31:48	1/1/2019 	5501201	31.00	237.00	6.39	19.91	98904.30	3945	1	CharlieHolbrow	
3675	1:31:51	1/1/2019 	5504336	27.00	203.00	6.55	19.91	98905.62	145751	1	CharlieHolbrow	
3676	1:31:51	1/1/2019 	5504940	27.00	134.00	6.52	19.91	98906.77	49807	0	CharlieHolbrow	
3677	1:31:54	1/1/2019 	5508029	24.00	108.00	6.65	19.91	98906.60	145750	0	CharlieHolbrow	
3678	1:31:55	1/1/2019 	5509040	18.00	15.00	6.94	19.91	98906.11	49808	0	CharlieHolbrow	
3679	1:31:56	1/1/2019 	5509371	47.00	648.00	6.16	19.91	98905.84	1835	0	CharlieHolbrow	
3680	1:31:59	1/1/2019 	5512659	30.00	253.00	6.43	19.91	98915.66	195745	0	CharlieHolbrow	
3681	1:31:59	1/1/2019 	5512805	26.00	146.00	6.57	19.91	98917.80	2582	1	CharlieHolbrow	
3682	1:32:01	1/1/2019 	5514418	17.00	8.00	6.99	19.91	98923.07	49807	0	CharlieHolbrow	
3683	1:32:06	1/1/2019 	5519329	22.00	84.00	6.74	19.91	98916.32	241699	0	CharlieHolbrow	
3684	1:32:07	1/1/2019 	5520951	24.00	122.00	6.66	19.91	98909.90	97782	0	CharlieHolbrow	
3685	1:32:14	1/1/2019 	5528009	17.00	9.00	7.00	19.92	98849.91	338393	0	CharlieHolbrow	
3686	1:32:16	1/1/2019 	5529583	23.00	105.00	6.70	19.92	98840.94	99892	1	CharlieHolbrow	
3687	1:32:17	1/1/2019 	5530322	23.00	103.00	6.70	19.92	98838.97	2580	1	CharlieHolbrow	
3688	1:32:19	1/1/2019 	5532954	40.00	464.00	6.20	19.93	98841.62	145753	1	CharlieHolbrow	
3689	1:32:19	1/1/2019 	5532979	33.00	301.00	6.34	19.93	98841.62	1843	1	CharlieHolbrow	
3690	1:32:20	1/1/2019 	5533948	36.00	376.00	6.28	19.93	98846.00	49811	0	CharlieHolbrow	
3691	1:32:21	1/1/2019 	5534714	16.00	8.00	7.06	19.93	98847.16	51919	0	CharlieHolbrow	
3692	1:32:24	1/1/2019 	5537297	36.00	368.00	6.27	19.93	98851.83	97780	1	CharlieHolbrow	
3693	1:32:24	1/1/2019 	5537415	17.00	8.00	6.99	19.93	98851.83	1836	0	CharlieHolbrow	
3694	1:32:25	1/1/2019 	5538622	25.00	149.00	6.62	19.93	98851.66	97778	0	CharlieHolbrow	
3695	1:32:28	1/1/2019 	5542011	17.00	8.00	6.99	19.93	98847.88	145754	1	CharlieHolbrow	
3696	1:32:31	1/1/2019 	5544103	31.00	261.00	6.39	19.94	98845.00	98531	1	CharlieHolbrow	
3697	1:32:33	1/1/2019 	5546774	24.00	124.00	6.66	19.93	98840.46	147863	1	CharlieHolbrow	
3698	1:32:34	1/1/2019 	5547793	17.00	9.00	7.00	19.93	98838.81	49809	0	CharlieHolbrow	
3699	1:32:35	1/1/2019 	5548932	20.00	47.00	6.84	19.93	98837.33	49807	0	CharlieHolbrow	
3700	1:32:36	1/1/2019 	5549284	42.00	514.00	6.18	19.93	98836.51	1836	1	CharlieHolbrow	
3701	1:32:36	1/1/2019 	5549725	19.00	12.00	6.87	19.93	98835.69	49809	0	CharlieHolbrow	
3702	1:32:38	1/1/2019 	5551685	21.00	76.00	6.79	19.93	98831.67	98525	1	CharlieHolbrow	
3703	1:32:40	1/1/2019 	5553178	25.00	130.00	6.61	19.93	98829.37	51920	1	CharlieHolbrow	
3704	1:32:41	1/1/2019 	5554359	23.00	107.00	6.70	19.93	98827.72	49810	1	CharlieHolbrow	
3705	1:32:44	1/1/2019 	5557433	17.00	8.00	6.99	19.93	98822.78	145756	0	CharlieHolbrow	
3706	1:32:47	1/1/2019 	5560111	25.00	124.00	6.61	19.93	98816.42	145754	1	CharlieHolbrow	
3707	1:32:47	1/1/2019 	5560614	24.00	98.00	6.64	19.93	98815.60	50555	0	CharlieHolbrow	
3708	1:32:47	1/1/2019 	5560985	27.00	161.00	6.53	19.93	98815.60	1835	0	CharlieHolbrow	
3709	1:32:50	1/1/2019 	5563232	21.00	69.00	6.79	19.93	98810.73	99892	0	CharlieHolbrow	
3710	1:32:51	1/1/2019 	5564687	33.00	320.00	6.35	19.92	98807.51	97782	1	CharlieHolbrow	
3711	1:32:52	1/1/2019 	5565297	31.00	275.00	6.40	19.92	98806.69	1836	1	CharlieHolbrow	
3712	1:32:52	1/1/2019 	5566061	34.00	220.00	6.28	19.92	98805.04	49810	1	CharlieHolbrow	
3713	1:32:54	1/1/2019 	5567283	25.00	140.00	6.62	19.92	98803.23	49808	1	CharlieHolbrow	
3714	1:32:54	1/1/2019 	5567309	24.00	116.00	6.65	19.92	98803.23	1835	1	CharlieHolbrow	
3715	1:32:56	1/1/2019 	5569118	17.00	8.00	6.99	19.92	98799.61	99805	0	CharlieHolbrow	
3716	1:32:56	1/1/2019 	5569627	24.00	100.00	6.64	19.92	98798.78	49808	0	CharlieHolbrow	
3717	1:32:56	1/1/2019 	5569717	24.00	75.00	6.63	19.92	98798.78	2580	1	CharlieHolbrow	
3718	1:32:57	1/1/2019 	5570235	17.00	8.00	6.99	19.92	98798.29	1834	1	CharlieHolbrow	
3719	1:32:58	1/1/2019 	5571611	25.00	149.00	6.62	19.92	98796.47	97782	0	CharlieHolbrow	
3720	1:33:00	1/1/2019 	5573175	31.00	284.00	6.40	19.92	98794.01	49810	1	CharlieHolbrow	
3721	1:33:01	1/1/2019 	5574479	29.00	220.00	6.46	19.92	98792.69	51921	1	CharlieHolbrow	
3722	1:33:01	1/1/2019 	5574817	20.00	37.00	6.84	19.92	98792.19	49809	0	CharlieHolbrow	
3723	1:33:06	1/1/2019 	5579797	18.00	20.00	6.95	19.93	98786.36	241703	1	CharlieHolbrow	
3724	1:33:07	1/1/2019 	5580296	37.00	424.00	6.27	19.93	98785.86	2582	1	CharlieHolbrow	
3725	1:33:07	1/1/2019 	5580982	30.00	198.00	6.41	19.93	98785.38	49812	0	CharlieHolbrow	
3726	1:33:09	1/1/2019 	5582668	22.00	64.00	6.73	19.93	98783.23	126150	0	CharlieHolbrow	
3727	1:33:09	1/1/2019 	5582993	22.00	75.00	6.74	19.93	98783.23	1836	1	CharlieHolbrow	
3728	1:33:10	1/1/2019 	5583448	17.00	8.00	6.99	19.93	98782.73	1835	0	CharlieHolbrow	
3729	1:33:10	1/1/2019 	5583746	30.00	219.00	6.42	19.93	98782.24	49808	0	CharlieHolbrow	
3730	1:33:12	1/1/2019 	5585729	18.00	12.00	6.94	19.93	98780.27	97781	0	CharlieHolbrow	
3731	1:33:12	1/1/2019 	5586048	21.00	49.00	6.78	19.93	98780.27	1836	1	CharlieHolbrow	
3732	1:33:13	1/1/2019 	5586295	25.00	136.00	6.62	19.93	98779.61	3824	1	CharlieHolbrow	
3733	1:33:13	1/1/2019 	5586354	44.00	536.00	6.15	19.93	98779.61	1836	1	CharlieHolbrow	
3734	1:33:14	1/1/2019 	5587491	18.00	12.00	6.94	19.92	98777.86	49808	1	CharlieHolbrow	
3735	1:33:14	1/1/2019 	5587973	25.00	122.00	6.61	19.92	98777.38	49810	1	CharlieHolbrow	
3736	1:33:19	1/1/2019 	5592277	21.00	51.00	6.78	19.93	98771.70	193733	1	CharlieHolbrow	
3737	1:33:20	1/1/2019 	5593485	17.00	8.00	6.99	19.93	98770.05	50556	0	CharlieHolbrow	
3738	1:33:20	1/1/2019 	5593767	27.00	145.00	6.52	19.93	98769.73	67364	0	CharlieHolbrow	
3739	1:33:21	1/1/2019 	5594232	34.00	338.00	6.32	19.93	98768.73	1835	1	CharlieHolbrow	
3740	1:33:24	1/1/2019 	5597209	21.00	62.00	6.79	19.93	98765.94	145752	0	CharlieHolbrow	
3741	1:33:25	1/1/2019 	5598209	35.00	352.00	6.30	19.93	98764.62	49809	1	CharlieHolbrow	
3742	1:33:27	1/1/2019 	5600269	47.00	629.00	6.15	19.93	98761.66	97784	0	CharlieHolbrow	
3743	1:33:29	1/1/2019 	5602111	21.00	77.00	6.80	19.93	98759.34	98527	0	CharlieHolbrow	
3744	1:33:29	1/1/2019 	5602315	26.00	136.00	6.57	19.93	98758.69	3943	1	CharlieHolbrow	
3745	1:33:30	1/1/2019 	5603227	40.00	476.00	6.21	19.93	98758.03	49808	1	CharlieHolbrow	
3746	1:33:33	1/1/2019 	5606803	33.00	333.00	6.35	19.93	98752.92	193724	0	CharlieHolbrow	
3747	1:33:37	1/1/2019 	5610085	21.00	66.00	6.79	19.93	98749.30	145752	0	CharlieHolbrow	
3748	1:33:38	1/1/2019 	5611127	24.00	132.00	6.66	19.93	98748.16	50553	1	CharlieHolbrow	
3749	1:33:39	1/1/2019 	5612730	31.00	273.00	6.40	19.93	98746.34	99892	1	CharlieHolbrow	
3750	1:33:43	1/1/2019 	5616196	25.00	147.00	6.62	19.93	98741.41	145753	1	CharlieHolbrow	
3751	1:33:47	1/1/2019 	5620166	32.00	314.00	6.38	19.93	98735.14	193731	1	CharlieHolbrow	
3752	1:33:47	1/1/2019 	5620483	34.00	292.00	6.30	19.93	98734.48	2583	1	CharlieHolbrow	
3753	1:33:48	1/1/2019 	5621197	17.00	8.00	6.99	19.93	98733.66	49809	0	CharlieHolbrow	
3754	1:33:53	1/1/2019 	5626106	18.00	10.00	6.93	19.93	98727.08	241700	0	CharlieHolbrow	
3755	1:33:54	1/1/2019 	5627806	23.00	93.00	6.69	19.93	98724.77	99945	1	CharlieHolbrow	
3756	1:33:56	1/1/2019 	5629768	18.00	16.00	6.94	19.93	98721.47	97782	0	CharlieHolbrow	
3757	1:33:57	1/1/2019 	5630823	39.00	457.00	6.22	19.93	98720.48	50556	1	CharlieHolbrow	
3758	1:33:58	1/1/2019 	5631757	17.00	8.00	6.99	19.93	98719.17	49808	0	CharlieHolbrow	
3759	1:34:00	1/1/2019 	5633142	26.00	177.00	6.59	19.93	98717.52	49809	0	CharlieHolbrow	
3760	1:34:01	1/1/2019 	5634268	18.00	9.00	6.93	19.93	98716.53	49809	0	CharlieHolbrow	
3761	1:34:02	1/1/2019 	5635240	17.00	9.00	7.00	19.93	98715.88	91710	0	CharlieHolbrow	
3762	1:34:03	1/1/2019 	5636289	32.00	306.00	6.37	19.93	98714.89	49813	1	CharlieHolbrow	
3763	1:34:11	1/1/2019 	5644196	17.00	8.00	6.99	19.92	98705.41	385624	0	CharlieHolbrow	
3764	1:34:12	1/1/2019 	5645567	28.00	186.00	6.50	19.92	98703.77	98528	1	CharlieHolbrow	
3765	1:34:13	1/1/2019 	5646185	28.00	224.00	6.51	19.92	98702.94	1835	1	CharlieHolbrow	
3766	1:34:18	1/1/2019 	5651739	30.00	259.00	6.43	19.92	98693.29	289666	1	CharlieHolbrow	
3767	1:34:20	1/1/2019 	5653706	26.00	150.00	6.57	19.92	98690.42	100688	1	CharlieHolbrow	
3768	1:34:20	1/1/2019 	5653737	25.00	84.00	6.58	19.92	98690.42	1836	0	CharlieHolbrow	
3769	1:34:21	1/1/2019 	5654911	24.00	126.00	6.66	19.92	98688.35	49807	0	CharlieHolbrow	
3770	1:34:23	1/1/2019 	5656243	17.00	8.00	6.99	19.92	98686.70	49808	0	CharlieHolbrow	
3771	1:34:25	1/1/2019 	5658190	17.00	9.00	7.00	19.92	98683.73	97778	0	CharlieHolbrow	
3772	1:34:27	1/1/2019 	5660428	17.00	9.00	7.00	19.92	98681.27	97779	0	CharlieHolbrow	
3773	1:34:27	1/1/2019 	5660831	45.00	538.00	6.13	19.92	98680.61	52737	0	CharlieHolbrow	
3774	1:34:28	1/1/2019 	5661574	17.00	9.00	7.00	19.92	98680.54	49807	0	CharlieHolbrow	
3775	1:34:32	1/1/2019 	5665783	17.00	9.00	7.00	19.92	98676.26	193724	0	CharlieHolbrow	
3776	1:34:33	1/1/2019 	5666234	18.00	24.00	6.95	19.92	98675.60	1835	0	CharlieHolbrow	
3777	1:34:35	1/1/2019 	5668618	35.00	355.00	6.30	19.92	98673.46	145751	0	CharlieHolbrow	
3778	1:34:36	1/1/2019 	5669314	30.00	245.00	6.43	19.92	98672.31	3805	1	CharlieHolbrow	
3779	1:34:37	1/1/2019 	5670416	40.00	445.00	6.20	19.92	98671.32	49809	0	CharlieHolbrow	
3780	1:34:38	1/1/2019 	5671381	27.00	160.00	6.53	19.92	98669.84	50555	1	CharlieHolbrow	
3781	1:34:41	1/1/2019 	5674684	18.00	24.00	6.95	19.92	98665.06	193721	1	CharlieHolbrow	
3782	1:34:41	1/1/2019 	5674849	17.00	8.00	6.99	19.92	98665.06	1836	0	CharlieHolbrow	
3783	1:34:47	1/1/2019 	5680630	19.00	32.00	6.90	19.92	98658.38	289669	0	CharlieHolbrow	
3784	1:34:52	1/1/2019 	5685098	17.00	9.00	7.00	19.92	98653.77	196633	0	CharlieHolbrow	
3785	1:34:54	1/1/2019 	5688026	31.00	265.00	6.40	19.92	98650.31	145753	0	CharlieHolbrow	
3786	1:34:55	1/1/2019 	5688478	21.00	65.00	6.79	19.92	98649.66	1835	0	CharlieHolbrow	
3787	1:34:56	1/1/2019 	5689322	17.00	8.00	6.99	19.92	98648.34	49808	1	CharlieHolbrow	
3788	1:34:57	1/1/2019 	5691063	17.00	9.00	7.00	19.92	98646.36	97781	0	CharlieHolbrow	
3789	1:34:58	1/1/2019 	5691619	24.00	127.00	6.66	19.92	98645.86	50553	1	CharlieHolbrow	
3790	1:34:59	1/1/2019 	5692137	24.00	116.00	6.65	19.92	98644.78	3947	1	CharlieHolbrow	
3791	1:34:59	1/1/2019 	5692239	42.00	506.00	6.17	19.92	98644.78	1835	1	CharlieHolbrow	
3792	1:34:59	1/1/2019 	5692653	35.00	345.00	6.29	19.92	98644.12	49810	0	CharlieHolbrow	
3793	1:34:59	1/1/2019 	5692751	29.00	189.00	6.45	19.92	98644.12	1842	1	CharlieHolbrow	
3794	1:35:01	1/1/2019 	5694839	31.00	281.00	6.40	19.92	98641.16	97783	1	CharlieHolbrow	
3795	1:35:04	1/1/2019 	5697774	23.00	96.00	6.69	19.92	98638.36	145754	1	CharlieHolbrow	
3796	1:35:04	1/1/2019 	5697790	17.00	8.00	6.99	19.92	98638.36	7159	1	CharlieHolbrow	
3797	1:35:06	1/1/2019 	5699671	25.00	141.00	6.62	19.92	98634.98	97780	0	CharlieHolbrow	
3798	1:35:13	1/1/2019 	5706262	17.00	8.00	6.99	19.91	98625.66	290423	0	CharlieHolbrow	
3799	1:35:14	1/1/2019 	5707718	22.00	69.00	6.73	19.91	98623.36	97783	1	CharlieHolbrow	
3800	1:35:15	1/1/2019 	5709067	46.00	588.00	6.14	19.91	98621.21	49809	1	CharlieHolbrow	
3801	1:35:18	1/1/2019 	5711943	26.00	138.00	6.57	19.91	98617.59	145756	1	CharlieHolbrow	
3802	1:35:19	1/1/2019 	5712457	24.00	151.00	6.68	19.91	98616.51	4765	1	CharlieHolbrow	
3803	1:35:24	1/1/2019 	5717861	16.00	8.00	7.06	19.91	98609.20	289674	0	CharlieHolbrow	
3804	1:35:27	1/1/2019 	5720160	34.00	346.00	6.32	19.91	98605.91	97781	0	CharlieHolbrow	
3805	1:35:27	1/1/2019 	5720654	23.00	93.00	6.69	19.91	98605.00	50556	0	CharlieHolbrow	
3806	1:35:27	1/1/2019 	5720769	26.00	132.00	6.56	19.91	98605.00	1834	0	CharlieHolbrow	
3807	1:35:28	1/1/2019 	5721435	24.00	123.00	6.66	19.91	98603.67	3945	0	CharlieHolbrow	
3808	1:35:29	1/1/2019 	5722185	22.00	93.00	6.75	19.91	98603.19	49809	1	CharlieHolbrow	
3809	1:35:30	1/1/2019 	5723849	19.00	22.00	6.89	19.91	98601.38	97786	0	CharlieHolbrow	
3810	1:35:31	1/1/2019 	5724758	23.00	90.00	6.69	19.91	98599.73	49814	1	CharlieHolbrow	
3811	1:35:32	1/1/2019 	5725959	29.00	228.00	6.46	19.91	98597.75	49809	1	CharlieHolbrow	
3812	1:35:33	1/1/2019 	5726092	22.00	94.00	6.75	19.91	98597.75	1835	1	CharlieHolbrow	
3813	1:35:33	1/1/2019 	5726630	17.00	8.00	6.99	19.91	98597.25	51777	0	CharlieHolbrow	
3814	1:35:35	1/1/2019 	5728372	26.00	75.00	6.53	19.90	98595.52	49806	1	CharlieHolbrow	
3815	1:35:37	1/1/2019 	5730825	46.00	615.00	6.16	19.90	98593.05	145755	1	CharlieHolbrow	
3816	1:35:38	1/1/2019 	5731271	20.00	45.00	6.84	19.90	98592.55	2582	0	CharlieHolbrow	
3817	1:35:38	1/1/2019 	5731428	23.00	88.00	6.69	19.90	98592.55	1834	1	CharlieHolbrow	
3818	1:35:39	1/1/2019 	5732307	24.00	103.00	6.64	19.90	98591.56	49805	0	CharlieHolbrow	
3819	1:35:39	1/1/2019 	5732582	20.00	48.00	6.84	19.90	98591.07	51918	0	CharlieHolbrow	
3820	1:35:39	1/1/2019 	5732710	18.00	10.00	6.93	19.90	98591.07	1835	1	CharlieHolbrow	
3821	1:35:40	1/1/2019 	5733699	23.00	83.00	6.69	19.90	98589.75	49805	0	CharlieHolbrow	
3822	1:35:42	1/1/2019 	5735383	40.00	474.00	6.21	19.90	98587.52	49806	0	CharlieHolbrow	
3823	1:35:45	1/1/2019 	5738802	32.00	292.00	6.37	19.90	98583.07	193719	1	CharlieHolbrow	
3824	1:35:46	1/1/2019 	5739680	45.00	574.00	6.15	19.90	98581.59	49808	0	CharlieHolbrow	
3825	1:35:48	1/1/2019 	5742220	24.00	127.00	6.66	19.90	98577.55	100686	1	CharlieHolbrow	
3826	1:35:50	1/1/2019 	5743627	23.00	107.00	6.70	19.90	98575.23	97778	0	CharlieHolbrow	
3827	1:35:51	1/1/2019 	5744727	25.00	139.00	6.62	19.90	98573.34	49807	1	CharlieHolbrow	
3828	1:35:52	1/1/2019 	5745789	30.00	250.00	6.43	19.90	98572.02	49808	1	CharlieHolbrow	
3829	1:35:56	1/1/2019 	5749788	19.00	25.00	6.89	19.89	98564.77	193719	0	CharlieHolbrow	
3830	1:35:57	1/1/2019 	5750746	36.00	394.00	6.28	19.89	98563.28	50554	0	CharlieHolbrow	
3831	1:35:57	1/1/2019 	5750833	21.00	44.00	6.78	19.89	98563.28	3946	1	CharlieHolbrow	
3832	1:35:59	1/1/2019 	5753312	20.00	54.00	6.84	19.89	98560.16	97775	1	CharlieHolbrow	
3833	1:36:01	1/1/2019 	5754650	20.00	38.00	6.84	19.89	98558.50	97776	0	CharlieHolbrow	
3834	1:36:01	1/1/2019 	5754968	18.00	8.00	6.93	19.89	98558.50	1836	0	CharlieHolbrow	
3835	1:36:02	1/1/2019 	5755643	38.00	453.00	6.25	19.89	98557.35	49805	0	CharlieHolbrow	
3836	1:36:02	1/1/2019 	5756103	19.00	14.00	6.88	19.89	98557.35	3805	0	CharlieHolbrow	
3837	1:36:03	1/1/2019 	5757108	27.00	158.00	6.53	19.89	98555.88	49807	0	CharlieHolbrow	
3838	1:36:03	1/1/2019 	5757235	39.00	408.00	6.21	19.89	98554.88	1841	1	CharlieHolbrow	
3839	1:36:04	1/1/2019 	5757558	24.00	145.00	6.67	19.89	98554.88	49806	1	CharlieHolbrow	
3840	1:36:04	1/1/2019 	5758326	17.00	8.00	6.99	19.89	98553.56	1835	1	CharlieHolbrow	
3841	1:36:06	1/1/2019 	5759564	23.00	95.00	6.69	19.89	98552.41	97778	1	CharlieHolbrow	
3842	1:36:08	1/1/2019 	5762237	18.00	9.00	6.93	19.88	98547.70	100875	0	CharlieHolbrow	
3843	1:36:09	1/1/2019 	5762493	22.00	85.00	6.74	19.88	98547.70	1836	1	CharlieHolbrow	
3844	1:36:10	1/1/2019 	5763670	17.00	9.00	7.00	19.88	98545.31	97780	0	CharlieHolbrow	
3845	1:36:12	1/1/2019 	5766091	29.00	239.00	6.47	19.88	98542.67	97781	1	CharlieHolbrow	
3846	1:36:13	1/1/2019 	5766425	35.00	364.00	6.30	19.88	98542.61	1836	1	CharlieHolbrow	
3847	1:36:18	1/1/2019 	5771620	35.00	377.00	6.31	19.88	98535.44	289671	1	CharlieHolbrow	
3848	1:36:19	1/1/2019 	5772618	24.00	109.00	6.65	19.88	98533.69	52904	0	CharlieHolbrow	
3849	1:36:19	1/1/2019 	5773128	54.00	872.00	6.22	19.88	98532.87	1835	0	CharlieHolbrow	
3850	1:36:22	1/1/2019 	5775437	24.00	113.00	6.65	19.88	98529.58	97779	0	CharlieHolbrow	
3851	1:36:26	1/1/2019 	5780158	21.00	79.00	6.80	19.87	98522.64	241692	0	CharlieHolbrow	
3852	1:36:28	1/1/2019 	5781438	22.00	96.00	6.75	19.87	98520.34	50794	0	CharlieHolbrow	
3853	1:36:28	1/1/2019 	5781808	20.00	35.00	6.84	19.87	98519.42	49806	1	CharlieHolbrow	
3854	1:36:28	1/1/2019 	5782380	30.00	212.00	6.42	19.87	98518.92	3946	1	CharlieHolbrow	
3855	1:36:31	1/1/2019 	5785257	16.00	8.00	7.06	19.87	98516.12	145754	0	CharlieHolbrow	
3856	1:36:32	1/1/2019 	5785836	31.00	270.00	6.40	19.87	98514.88	49815	0	CharlieHolbrow	
3857	1:36:36	1/1/2019 	5789998	17.00	8.00	6.99	19.87	98509.35	193728	1	CharlieHolbrow	
3858	1:36:39	1/1/2019 	5792950	30.00	273.00	6.44	19.86	98505.51	146736	1	CharlieHolbrow	
3859	1:36:39	1/1/2019 	5793087	34.00	318.00	6.31	19.86	98505.51	1836	1	CharlieHolbrow	
3860	1:36:41	1/1/2019 	5794930	22.00	74.00	6.74	19.86	98503.03	99889	1	CharlieHolbrow	
3861	1:36:43	1/1/2019 	5797165	34.00	337.00	6.32	19.86	98501.23	97780	1	CharlieHolbrow	
3862	1:36:46	1/1/2019 	5800132	50.00	792.00	6.19	19.86	98497.84	145752	1	CharlieHolbrow	
3863	1:36:47	1/1/2019 	5800923	28.00	205.00	6.50	19.86	98496.69	50794	1	CharlieHolbrow	
3864	1:36:48	1/1/2019 	5801713	19.00	14.00	6.88	19.86	98496.03	49807	0	CharlieHolbrow	
3865	1:36:48	1/1/2019 	5801858	33.00	267.00	6.32	19.86	98496.03	8169	1	CharlieHolbrow	
3866	1:36:52	1/1/2019 	5806017	21.00	69.00	6.79	19.86	98491.33	193725	0	CharlieHolbrow	
3867	1:36:55	1/1/2019 	5808860	24.00	130.00	6.66	19.86	98488.11	145753	0	CharlieHolbrow	
3868	1:36:57	1/1/2019 	5810699	22.00	80.00	6.74	19.86	98486.12	97784	1	CharlieHolbrow	
3869	1:36:57	1/1/2019 	5810996	30.00	244.00	6.43	19.85	98485.22	2826	1	CharlieHolbrow	
3870	1:36:59	1/1/2019 	5812661	47.00	652.00	6.16	19.85	98483.56	97781	0	CharlieHolbrow	
3871	1:37:02	1/1/2019 	5815474	28.00	230.00	6.51	19.85	98479.20	99894	0	CharlieHolbrow	
3872	1:37:02	1/1/2019 	5815584	26.00	138.00	6.57	19.85	98479.20	49810	1	CharlieHolbrow	
3873	1:37:02	1/1/2019 	5815687	22.00	65.00	6.73	19.85	98479.20	1835	1	CharlieHolbrow	
3874	1:37:03	1/1/2019 	5816448	34.00	349.00	6.33	19.85	98478.37	1834	1	CharlieHolbrow	
3875	1:37:04	1/1/2019 	5817451	34.00	355.00	6.33	19.85	98477.05	49808	1	CharlieHolbrow	
3876	1:37:05	1/1/2019 	5819320	36.00	378.00	6.28	19.85	98473.99	97780	1	CharlieHolbrow	
3877	1:37:10	1/1/2019 	5823667	17.00	9.00	7.00	19.85	98468.80	243664	0	CharlieHolbrow	
3878	1:37:10	1/1/2019 	5824093	19.00	12.00	6.87	19.85	98468.30	2821	0	CharlieHolbrow	
3879	1:37:11	1/1/2019 	5824574	29.00	236.00	6.47	19.84	98467.42	49805	1	CharlieHolbrow	
3880	1:37:11	1/1/2019 	5824850	26.00	161.00	6.58	19.84	98467.42	1836	1	CharlieHolbrow	
3881	1:37:13	1/1/2019 	5826672	33.00	329.00	6.35	19.84	98465.28	97779	0	CharlieHolbrow	
3882	1:37:13	1/1/2019 	5827085	26.00	140.00	6.57	19.84	98464.20	1836	1	CharlieHolbrow	
3883	1:37:18	1/1/2019 	5831801	22.00	95.00	6.75	19.84	98458.51	243804	1	CharlieHolbrow	
3884	1:37:20	1/1/2019 	5833776	44.00	568.00	6.16	19.84	98455.29	98763	0	CharlieHolbrow	
3885	1:37:22	1/1/2019 	5835550	25.00	138.00	6.62	19.84	98453.16	97778	1	CharlieHolbrow	
3886	1:37:24	1/1/2019 	5838020	22.00	93.00	6.75	19.83	98449.60	97779	1	CharlieHolbrow	
3887	1:37:27	1/1/2019 	5841342	22.00	77.00	6.74	19.83	98444.89	145753	1	CharlieHolbrow	
3888	1:37:33	1/1/2019 	5847048	27.00	195.00	6.54	19.83	98436.97	290660	1	CharlieHolbrow	
3889	1:37:35	1/1/2019 	5848739	24.00	117.00	6.65	19.83	98434.83	99890	0	CharlieHolbrow	
3890	1:37:39	1/1/2019 	5852856	18.00	8.00	6.93	19.82	98428.81	193723	0	CharlieHolbrow	
3891	1:37:40	1/1/2019 	5853548	31.00	276.00	6.40	19.82	98428.16	50793	1	CharlieHolbrow	
3892	1:37:42	1/1/2019 	5856273	19.00	22.00	6.89	19.82	98423.72	97780	1	CharlieHolbrow	
3893	1:37:43	1/1/2019 	5856787	21.00	83.00	6.80	19.82	98423.23	49809	0	CharlieHolbrow	
3894	1:37:44	1/1/2019 	5857855	18.00	18.00	6.95	19.82	98421.75	51918	1	CharlieHolbrow	
3895	1:37:46	1/1/2019 	5859700	25.00	139.00	6.62	19.82	98420.10	97781	0	CharlieHolbrow	
3896	1:37:46	1/1/2019 	5859819	21.00	41.00	6.78	19.82	98419.02	2821	0	CharlieHolbrow	
3897	1:37:48	1/1/2019 	5861591	24.00	104.00	6.65	19.82	98417.87	97779	1	CharlieHolbrow	
3898	1:37:48	1/1/2019 	5861991	29.00	214.00	6.46	19.82	98417.21	1836	1	CharlieHolbrow	
3899	1:37:49	1/1/2019 	5863341	30.00	238.00	6.43	19.81	98416.13	49808	0	CharlieHolbrow	
3900	1:37:50	1/1/2019 	5864008	18.00	11.00	6.94	19.81	98415.80	66377	0	CharlieHolbrow	
3901	1:37:51	1/1/2019 	5865236	33.00	299.00	6.34	19.81	98414.98	49808	1	CharlieHolbrow	
3902	1:37:52	1/1/2019 	5865827	20.00	38.00	6.84	19.81	98413.90	49808	1	CharlieHolbrow	
3903	1:37:57	1/1/2019 	5870416	23.00	116.00	6.71	19.81	98407.05	193726	1	CharlieHolbrow	
3904	1:37:59	1/1/2019 	5872597	21.00	61.00	6.79	19.81	98404.16	146740	1	CharlieHolbrow	
3905	1:38:01	1/1/2019 	5875134	32.00	285.00	6.37	19.80	98400.95	97782	1	CharlieHolbrow	
3906	1:38:03	1/1/2019 	5877343	19.00	31.00	6.90	19.80	98398.97	99893	1	CharlieHolbrow	
3907	1:38:05	1/1/2019 	5878831	17.00	8.00	6.99	19.80	98397.66	97781	0	CharlieHolbrow	
3908	1:38:05	1/1/2019 	5878874	17.00	9.00	7.00	19.80	98397.66	1834	0	CharlieHolbrow	
3909	1:38:08	1/1/2019 	5881756	17.00	8.00	6.99	19.80	98393.44	145754	1	CharlieHolbrow	
3910	1:38:10	1/1/2019 	5884183	32.00	286.00	6.37	19.80	98389.77	98768	1	CharlieHolbrow	
3911	1:38:11	1/1/2019 	5885303	16.00	61.00	7.11	19.80	98388.52	49809	1	CharlieHolbrow	
3912	1:38:12	1/1/2019 	5886259	52.00	665.00	6.13	19.80	98387.86	51921	1	CharlieHolbrow	
3913	1:38:12	1/1/2019 	5886306	24.00	77.00	6.63	19.80	98387.86	1835	1	CharlieHolbrow	
3914	1:38:12	1/1/2019 	5886343	23.00	93.00	6.69	19.80	98387.86	1834	0	CharlieHolbrow	
3915	1:38:14	1/1/2019 	5887795	21.00	71.00	6.79	19.79	98386.61	97780	1	CharlieHolbrow	
3916	1:38:16	1/1/2019 	5889590	39.00	436.00	6.22	19.79	98384.80	97783	1	CharlieHolbrow	
3917	1:38:17	1/1/2019 	5890759	37.00	374.00	6.25	19.79	98383.06	50794	1	CharlieHolbrow	
3918	1:38:19	1/1/2019 	5892815	17.00	9.00	7.00	19.79	98379.84	99892	0	CharlieHolbrow	
3919	1:38:22	1/1/2019 	5896061	20.00	36.00	6.84	19.79	98376.45	145753	0	CharlieHolbrow	
3920	1:38:23	1/1/2019 	5896384	17.00	8.00	6.99	19.79	98376.45	1836	0	CharlieHolbrow	
3921	1:38:24	1/1/2019 	5897956	24.00	129.00	6.66	19.78	98374.22	97779	1	CharlieHolbrow	
3922	1:38:25	1/1/2019 	5898680	33.00	335.00	6.35	19.78	98373.41	49808	1	CharlieHolbrow	
3923	1:38:28	1/1/2019 	5902107	21.00	52.00	6.78	19.78	98367.72	147777	0	CharlieHolbrow	
3924	1:38:30	1/1/2019 	5903714	18.00	124.00	7.02	19.78	98366.30	98767	0	CharlieHolbrow	
3925	1:38:30	1/1/2019 	5904099	39.00	416.00	6.21	19.78	98365.98	1836	1	CharlieHolbrow	
3926	1:38:36	1/1/2019 	5909947	17.00	12.00	7.00	19.77	98358.41	289673	0	CharlieHolbrow	
3927	1:38:36	1/1/2019 	5909953	30.00	190.00	6.41	19.77	98358.41	2821	0	CharlieHolbrow	
3928	1:38:36	1/1/2019 	5910041	28.00	185.00	6.50	19.77	98357.33	1835	0	CharlieHolbrow	
3929	1:38:38	1/1/2019 	5911459	25.00	123.00	6.61	19.77	98356.19	51919	1	CharlieHolbrow	
3930	1:38:40	1/1/2019 	5913829	17.00	8.00	6.99	19.77	98353.30	145753	0	CharlieHolbrow	
3931	1:38:42	1/1/2019 	5915697	18.00	27.00	6.96	19.77	98350.73	97779	1	CharlieHolbrow	
3932	1:38:43	1/1/2019 	5916563	17.00	8.00	6.99	19.77	98349.91	49809	0	CharlieHolbrow	
3933	1:38:48	1/1/2019 	5921827	21.00	48.00	6.78	19.76	98345.94	241697	1	CharlieHolbrow	
3934	1:38:48	1/1/2019 	5922121	22.00	70.00	6.73	19.76	98345.28	2822	1	CharlieHolbrow	
3935	1:38:49	1/1/2019 	5922868	18.00	38.00	6.96	19.76	98344.45	51918	0	CharlieHolbrow	
3936	1:38:50	1/1/2019 	5923816	24.00	121.00	6.66	19.76	98342.88	49810	1	CharlieHolbrow	
3937	1:38:50	1/1/2019 	5924145	17.00	8.00	6.99	19.76	98342.39	1840	0	CharlieHolbrow	
3938	1:38:51	1/1/2019 	5925313	17.00	9.00	7.00	19.75	98341.31	49807	0	CharlieHolbrow	
3939	1:38:52	1/1/2019 	5926291	31.00	273.00	6.40	19.75	98340.66	49808	1	CharlieHolbrow	
3940	1:38:53	1/1/2019 	5927104	35.00	349.00	6.29	19.75	98340.48	49808	1	CharlieHolbrow	
3941	1:38:53	1/1/2019 	5927228	21.00	53.00	6.78	19.75	98340.32	3804	1	CharlieHolbrow	
3942	1:38:58	1/1/2019 	5932365	17.00	9.00	7.00	19.75	98336.05	241697	0	CharlieHolbrow	
3943	1:38:59	1/1/2019 	5932575	30.00	243.00	6.43	19.75	98336.05	50795	1	CharlieHolbrow	
3944	1:39:00	1/1/2019 	5933500	25.00	128.00	6.61	19.75	98334.64	1836	0	CharlieHolbrow	
3945	1:39:01	1/1/2019 	5934454	23.00	94.00	6.69	19.74	98333.56	49835	1	CharlieHolbrow	
3946	1:39:02	1/1/2019 	5936317	25.00	126.00	6.61	19.74	98332.91	97784	0	CharlieHolbrow	
3947	1:39:03	1/1/2019 	5937219	25.00	140.00	6.62	19.74	98332.48	51921	1	CharlieHolbrow	
3948	1:39:06	1/1/2019 	5940256	17.00	9.00	7.00	19.74	98331.08	145758	0	CharlieHolbrow	
3949	1:39:08	1/1/2019 	5942009	23.00	105.00	6.70	19.74	98329.17	98769	1	CharlieHolbrow	
3950	1:39:08	1/1/2019 	5942268	17.00	9.00	7.00	19.74	98328.52	1836	0	CharlieHolbrow	
3951	1:39:09	1/1/2019 	5942934	18.00	12.00	6.94	19.73	98327.59	49808	1	CharlieHolbrow	
3952	1:39:12	1/1/2019 	5945406	23.00	96.00	6.69	19.73	98324.63	99893	0	CharlieHolbrow	
3953	1:39:12	1/1/2019 	5945634	21.00	44.00	6.78	19.73	98324.63	49810	0	CharlieHolbrow	
3954	1:39:14	1/1/2019 	5947763	23.00	103.00	6.70	19.73	98321.69	97782	1	CharlieHolbrow	
3955	1:39:16	1/1/2019 	5950193	31.00	293.00	6.41	19.73	98319.95	97782	1	CharlieHolbrow	
3956	1:39:19	1/1/2019 	5952561	26.00	148.00	6.57	19.72	98318.12	146740	1	CharlieHolbrow	
3957	1:39:19	1/1/2019 	5953368	26.00	143.00	6.57	19.72	98317.45	1836	1	CharlieHolbrow	
3958	1:39:22	1/1/2019 	5955936	40.00	454.00	6.20	19.72	98315.95	147867	1	CharlieHolbrow	
3959	1:39:23	1/1/2019 	5956865	18.00	18.00	6.95	19.72	98315.62	49810	0	CharlieHolbrow	
3960	1:39:25	1/1/2019 	5959251	21.00	75.00	6.79	19.71	98314.30	97785	1	CharlieHolbrow	
3961	1:39:28	1/1/2019 	5962248	20.00	41.00	6.84	19.71	98312.82	145756	0	CharlieHolbrow	
3962	1:39:31	1/1/2019 	5965254	22.00	113.00	6.76	19.70	98312.41	146742	1	CharlieHolbrow	
3963	1:39:41	1/1/2019 	5974381	32.00	279.00	6.36	19.69	98306.91	433595	1	CharlieHolbrow	
3964	1:39:45	1/1/2019 	5979075	24.00	145.00	6.67	19.68	98304.69	244797	1	CharlieHolbrow	
3965	1:39:46	1/1/2019 	5979935	38.00	442.00	6.25	19.68	98304.69	49809	1	CharlieHolbrow	
3966	1:39:47	1/1/2019 	5980575	18.00	15.00	6.94	19.68	98304.44	50794	0	CharlieHolbrow	
3967	1:39:48	1/1/2019 	5982136	30.00	278.00	6.44	19.68	98303.84	49808	1	CharlieHolbrow	
3968	1:39:51	1/1/2019 	5984591	29.00	237.00	6.47	19.67	98302.68	145754	1	CharlieHolbrow	
3969	1:39:51	1/1/2019 	5984765	23.00	82.00	6.68	19.67	98302.68	1835	0	CharlieHolbrow	
3970	1:39:52	1/1/2019 	5985988	18.00	9.00	6.93	19.67	98302.25	51918	0	CharlieHolbrow	
3971	1:39:52	1/1/2019 	5986049	23.00	70.00	6.68	19.67	98302.25	1835	1	CharlieHolbrow	
3972	1:39:53	1/1/2019 	5986705	17.00	8.00	6.99	19.67	98302.09	49807	0	CharlieHolbrow	
3973	1:39:53	1/1/2019 	5986797	17.00	8.00	6.99	19.67	98302.09	1835	0	CharlieHolbrow	
3974	1:39:53	1/1/2019 	5986833	19.00	12.00	6.87	19.67	98302.09	1834	0	CharlieHolbrow	
3975	1:39:54	1/1/2019 	5987720	25.00	134.00	6.61	19.67	98301.84	49807	1	CharlieHolbrow	
3976	1:39:54	1/1/2019 	5987850	25.00	135.00	6.61	19.67	98301.84	3805	1	CharlieHolbrow	
3977	1:39:55	1/1/2019 	5988454	17.00	8.00	6.99	19.67	98301.84	1834	0	CharlieHolbrow	
3978	1:39:55	1/1/2019 	5988942	25.00	113.00	6.60	19.66	98301.61	49808	1	CharlieHolbrow	
3979	1:39:57	1/1/2019 	5990812	17.00	9.00	7.00	19.66	98300.94	97782	0	CharlieHolbrow	
3980	1:39:59	1/1/2019 	5992417	23.00	95.00	6.69	19.66	98300.94	50793	1	CharlieHolbrow	
3981	1:39:59	1/1/2019 	5993028	17.00	8.00	6.99	19.66	98300.34	51919	1	CharlieHolbrow	
3982	1:40:00	1/1/2019 	5994022	24.00	127.00	6.66	19.65	98299.44	49806	1	CharlieHolbrow	
3983	1:40:02	1/1/2019 	5995983	18.00	13.00	6.94	19.65	98298.52	97784	0	CharlieHolbrow	
3984	1:40:03	1/1/2019 	5997062	35.00	382.00	6.31	19.65	98297.60	49809	1	CharlieHolbrow	
3985	1:40:08	1/1/2019 	6001807	29.00	224.00	6.46	19.64	98295.38	241701	0	CharlieHolbrow	
3986	1:40:11	1/1/2019 	6005186	26.00	154.00	6.58	19.63	98292.31	146744	1	CharlieHolbrow	
3987	1:40:12	1/1/2019 	6005779	19.00	34.00	6.90	19.63	98292.14	51921	1	CharlieHolbrow	
3988	1:40:12	1/1/2019 	6006312	33.00	272.00	6.32	19.63	98291.39	1835	0	CharlieHolbrow	
3989	1:40:13	1/1/2019 	6006833	19.00	20.00	6.89	19.63	98291.23	49808	0	CharlieHolbrow	
3990	1:40:14	1/1/2019 	6007566	24.00	129.00	6.66	19.63	98291.06	49808	0	CharlieHolbrow	
3991	1:40:15	1/1/2019 	6008805	18.00	10.00	6.93	19.63	98290.31	49808	0	CharlieHolbrow	
3992	1:40:15	1/1/2019 	6008812	22.00	59.00	6.73	19.63	98290.31	1836	0	CharlieHolbrow	
3993	1:40:17	1/1/2019 	6010708	24.00	134.00	6.67	19.62	98289.14	99803	1	CharlieHolbrow	
3994	1:40:18	1/1/2019 	6012280	19.00	28.00	6.89	19.62	98288.81	50794	0	CharlieHolbrow	
3995	1:40:20	1/1/2019 	6013749	20.00	56.00	6.84	19.62	98287.34	97778	0	CharlieHolbrow	
3996	1:40:23	1/1/2019 	6016954	29.00	246.00	6.47	19.62	98285.94	145755	1	CharlieHolbrow	
3997	1:40:24	1/1/2019 	6017833	23.00	111.00	6.70	19.61	98284.69	49807	1	CharlieHolbrow	
3998	1:40:25	1/1/2019 	6018838	30.00	255.00	6.43	19.61	98284.36	49807	1	CharlieHolbrow	
3999	1:40:26	1/1/2019 	6020007	20.00	33.00	6.83	19.61	98283.61	51918	0	CharlieHolbrow	
4000	1:40:27	1/1/2019 	6020493	18.00	10.00	6.93	19.61	98283.45	2821	0	CharlieHolbrow	
4001	1:40:27	1/1/2019 	6020656	19.00	13.00	6.88	19.61	98283.45	49806	0	CharlieHolbrow	
4002	1:40:27	1/1/2019 	6020669	29.00	173.00	6.45	19.61	98282.95	1833	0	CharlieHolbrow	
4003	1:40:27	1/1/2019 	6021342	32.00	244.00	6.35	19.61	98282.37	1835	0	CharlieHolbrow	
4004	1:40:36	1/1/2019 	6029419	24.00	128.00	6.66	19.60	98276.67	385611	0	CharlieHolbrow	
4005	1:40:38	1/1/2019 	6031661	27.00	200.00	6.55	19.59	98275.77	147867	0	CharlieHolbrow	
4006	1:40:44	1/1/2019 	6036683	26.00	182.00	6.59	19.58	98268.15	242684	1	CharlieHolbrow	
4007	1:40:48	1/1/2019 	6041230	20.00	52.00	6.84	19.58	98261.33	193727	1	CharlieHolbrow	
4008	1:40:51	1/1/2019 	6044291	25.00	140.00	6.62	19.57	98259.92	146738	1	CharlieHolbrow	
4009	1:40:52	1/1/2019 	6044953	23.00	102.00	6.70	19.57	98260.97	49807	1	CharlieHolbrow	
4010	1:40:54	1/1/2019 	6047287	24.00	107.00	6.65	19.57	98260.65	99893	1	CharlieHolbrow	
4011	1:40:55	1/1/2019 	6047867	22.00	65.00	6.73	19.57	98258.41	49807	1	CharlieHolbrow	
4012	1:40:55	1/1/2019 	6047915	24.00	85.00	6.63	19.57	98258.41	1836	1	CharlieHolbrow	
4013	1:40:56	1/1/2019 	6048738	27.00	166.00	6.53	19.57	98257.59	49807	0	CharlieHolbrow	
4014	1:40:56	1/1/2019 	6049201	28.00	158.00	6.48	19.57	98256.94	1836	1	CharlieHolbrow	
4015	1:40:58	1/1/2019 	6051120	17.00	9.00	7.00	19.57	98254.30	97779	0	CharlieHolbrow	
4016	1:40:59	1/1/2019 	6052157	21.00	54.00	6.78	19.57	98252.66	52903	1	CharlieHolbrow	
4017	1:40:59	1/1/2019 	6052391	22.00	73.00	6.73	19.57	98251.41	1836	1	CharlieHolbrow	
4018	1:41:02	1/1/2019 	6055591	22.00	100.00	6.75	19.57	98247.13	193726	1	CharlieHolbrow	
4019	1:41:05	1/1/2019 	6057819	24.00	120.00	6.66	19.56	98244.08	97781	1	CharlieHolbrow	
4020	1:41:07	1/1/2019 	6060488	25.00	146.00	6.62	19.56	98240.04	97782	1	CharlieHolbrow	
4021	1:41:15	1/1/2019 	6067984	18.00	10.00	6.93	19.55	98231.41	386595	1	CharlieHolbrow	
4022	1:41:16	1/1/2019 	6068739	21.00	66.00	6.79	19.55	98231.08	51864	0	CharlieHolbrow	
4023	1:41:17	1/1/2019 	6069871	21.00	9.00	6.75	19.55	98229.83	49808	0	CharlieHolbrow	
4024	1:41:18	1/1/2019 	6070952	17.00	9.00	7.00	19.55	98229.17	50551	0	CharlieHolbrow	
4025	1:41:20	1/1/2019 	6073237	18.00	11.00	6.94	19.55	98226.84	97774	1	CharlieHolbrow	
4026	1:41:25	1/1/2019 	6078485	26.00	168.00	6.58	19.54	98221.73	241686	1	CharlieHolbrow	
4027	1:41:26	1/1/2019 	6079288	26.00	167.00	6.58	19.54	98220.48	49807	1	CharlieHolbrow	
4028	1:41:26	1/1/2019 	6079643	24.00	77.00	6.63	19.54	98220.16	53107	0	CharlieHolbrow	
4029	1:41:27	1/1/2019 	6080352	17.00	8.00	6.99	19.54	98219.83	2580	0	CharlieHolbrow	
4030	1:41:30	1/1/2019 	6083558	17.00	8.00	6.99	19.53	98217.02	193721	0	CharlieHolbrow	
4031	1:41:31	1/1/2019 	6084224	17.00	8.00	6.99	19.53	98216.84	1835	0	CharlieHolbrow	
4032	1:41:32	1/1/2019 	6084836	27.00	166.00	6.53	19.53	98216.52	49806	0	CharlieHolbrow	
4033	1:41:34	1/1/2019 	6086714	38.00	457.00	6.25	19.53	98214.81	97778	1	CharlieHolbrow	
4034	1:41:35	1/1/2019 	6087780	17.00	9.00	7.00	19.53	98213.89	51918	0	CharlieHolbrow	
4035	1:41:37	1/1/2019 	6090429	28.00	233.00	6.51	19.53	98211.50	97778	0	CharlieHolbrow	
4036	1:41:37	1/1/2019 	6090453	26.00	127.00	6.56	19.53	98211.50	2583	1	CharlieHolbrow	
4037	1:41:37	1/1/2019 	6090643	27.00	140.00	6.52	19.53	98211.17	49806	0	CharlieHolbrow	
4038	1:41:39	1/1/2019 	6092324	27.00	196.00	6.54	19.52	98209.77	49805	1	CharlieHolbrow	
4039	1:41:43	1/1/2019 	6095979	27.00	180.00	6.54	19.52	98206.45	195831	1	CharlieHolbrow	
4040	1:41:48	1/1/2019 	6101379	37.00	409.00	6.26	19.51	98201.66	241691	1	CharlieHolbrow	
4041	1:41:52	1/1/2019 	6104711	26.00	146.00	6.57	19.51	98199.38	194466	0	CharlieHolbrow	
4042	1:41:56	1/1/2019 	6109443	23.00	99.00	6.70	19.50	98196.23	193724	1	CharlieHolbrow	
4043	1:41:57	1/1/2019 	6109691	17.00	8.00	6.99	19.50	98195.90	49808	0	CharlieHolbrow	
4044	1:41:57	1/1/2019 	6110607	18.00	12.00	6.94	19.50	98195.73	50553	0	CharlieHolbrow	
4045	1:42:00	1/1/2019 	6113207	24.00	107.00	6.65	19.50	98193.50	99890	1	CharlieHolbrow	
4046	1:42:01	1/1/2019 	6113877	24.00	132.00	6.66	19.50	98193.01	49808	1	CharlieHolbrow	
4047	1:42:02	1/1/2019 	6114937	19.00	8.00	6.86	19.50	98192.26	49807	0	CharlieHolbrow	
4048	1:42:02	1/1/2019 	6115404	25.00	124.00	6.61	19.50	98191.94	1835	0	CharlieHolbrow	
4049	1:42:03	1/1/2019 	6116091	23.00	104.00	6.70	19.50	98191.60	49807	1	CharlieHolbrow	
4050	1:42:07	1/1/2019 	6120376	22.00	76.00	6.74	19.49	98187.96	193723	1	CharlieHolbrow	
4051	1:42:08	1/1/2019 	6121325	25.00	136.00	6.62	19.49	98187.14	52729	0	CharlieHolbrow	
4052	1:42:14	1/1/2019 	6127238	17.00	8.00	6.99	19.49	98182.45	289670	0	CharlieHolbrow	
4053	1:42:15	1/1/2019 	6127941	18.00	9.00	6.93	19.49	98181.63	49807	0	CharlieHolbrow	
4054	1:42:16	1/1/2019 	6128949	17.00	7.00	6.99	19.49	98180.81	49808	1	CharlieHolbrow	
4055	1:42:18	1/1/2019 	6131041	21.00	70.00	6.79	19.48	98179.56	97779	1	CharlieHolbrow	
4056	1:42:18	1/1/2019 	6131096	33.00	316.00	6.34	19.48	98179.56	2582	1	CharlieHolbrow	
4057	1:42:21	1/1/2019 	6133828	18.00	13.00	6.94	19.48	98178.98	147859	0	CharlieHolbrow	
4058	1:42:21	1/1/2019 	6134612	18.00	11.00	6.94	19.48	98179.05	49807	1	CharlieHolbrow	
4059	1:42:23	1/1/2019 	6136437	20.00	32.00	6.83	19.48	98182.02	49807	1	CharlieHolbrow	
4060	1:42:27	1/1/2019 	6139964	20.00	48.00	6.84	19.48	98195.17	193723	0	CharlieHolbrow	
4061	1:42:27	1/1/2019 	6140344	25.00	100.00	6.59	19.48	98195.17	2582	0	CharlieHolbrow	
4062	1:42:31	1/1/2019 	6143775	16.00	8.00	7.06	19.47	98187.92	195833	0	CharlieHolbrow	
4063	1:42:33	1/1/2019 	6145711	18.00	20.00	6.95	19.47	98185.69	97780	0	CharlieHolbrow	
4064	1:42:33	1/1/2019 	6146398	18.00	13.00	6.94	19.47	98185.69	1835	0	CharlieHolbrow	
4065	1:42:36	1/1/2019 	6149156	17.00	8.00	6.99	19.47	98180.50	145749	0	CharlieHolbrow	
4066	1:42:40	1/1/2019 	6152945	17.00	9.00	7.00	19.46	98175.41	193723	0	CharlieHolbrow	
4067	1:42:40	1/1/2019 	6153048	52.00	752.00	6.16	19.46	98175.41	2580	0	CharlieHolbrow	
4068	1:42:40	1/1/2019 	6153443	34.00	316.00	6.31	19.46	98175.41	4000	1	CharlieHolbrow	
4069	1:42:41	1/1/2019 	6153998	17.00	8.00	6.99	19.46	98173.44	49806	1	CharlieHolbrow	
4070	1:42:41	1/1/2019 	6154103	17.00	8.00	6.99	19.46	98173.44	1835	0	CharlieHolbrow	
4071	1:42:42	1/1/2019 	6154773	22.00	90.00	6.75	19.46	98172.61	49805	1	CharlieHolbrow	
4072	1:42:43	1/1/2019 	6155941	19.00	31.00	6.90	19.46	98170.47	49808	0	CharlieHolbrow	
4073	1:42:43	1/1/2019 	6156656	25.00	111.00	6.60	19.46	98167.75	49808	0	CharlieHolbrow	
4074	1:42:50	1/1/2019 	6162956	25.00	140.00	6.62	19.45	98158.27	291635	0	CharlieHolbrow	
4075	1:42:50	1/1/2019 	6163358	45.00	558.00	6.14	19.45	98157.18	2582	1	CharlieHolbrow	
4076	1:42:52	1/1/2019 	6165320	17.00	8.00	6.99	19.45	98154.46	97780	0	CharlieHolbrow	
4077	1:42:57	1/1/2019 	6170099	18.00	13.00	6.94	19.44	98150.03	241699	0	CharlieHolbrow	
4078	1:42:58	1/1/2019 	6171444	17.00	8.00	6.99	19.44	98148.79	50555	0	CharlieHolbrow	
4079	1:42:58	1/1/2019 	6171499	25.00	110.00	6.60	19.44	98148.79	1835	0	CharlieHolbrow	
4080	1:42:58	1/1/2019 	6171668	29.00	191.00	6.45	19.44	98148.62	51921	0	CharlieHolbrow	
4081	1:43:03	1/1/2019 	6175962	21.00	70.00	6.79	19.44	98144.33	193732	0	CharlieHolbrow	
4082	1:43:03	1/1/2019 	6176657	54.00	876.00	6.21	19.43	98143.41	49809	0	CharlieHolbrow	
4083	1:43:07	1/1/2019 	6180005	24.00	117.00	6.65	19.43	98140.77	145754	1	CharlieHolbrow	
4084	1:43:10	1/1/2019 	6183614	17.00	8.00	6.99	19.43	98138.03	194474	1	CharlieHolbrow	
4085	1:43:11	1/1/2019 	6184079	23.00	97.00	6.69	19.43	98137.88	1837	1	CharlieHolbrow	
4086	1:43:11	1/1/2019 	6184171	33.00	289.00	6.33	19.42	98137.28	4005	0	CharlieHolbrow	
4087	1:43:19	1/1/2019 	6191715	25.00	140.00	6.62	19.41	98132.02	385613	1	CharlieHolbrow	
4088	1:43:19	1/1/2019 	6192255	26.00	146.00	6.57	19.41	98131.69	2583	1	CharlieHolbrow	
4089	1:43:20	1/1/2019 	6193188	17.00	9.00	7.00	19.41	98131.03	49806	0	CharlieHolbrow	
4090	1:43:20	1/1/2019 	6193222	23.00	79.00	6.68	19.41	98131.03	1835	1	CharlieHolbrow	
4091	1:43:20	1/1/2019 	6193248	21.00	84.00	6.80	19.41	98131.03	1834	1	CharlieHolbrow	
4092	1:43:21	1/1/2019 	6193892	31.00	257.00	6.39	19.41	98130.28	51918	0	CharlieHolbrow	
4093	1:43:23	1/1/2019 	6196650	18.00	9.00	6.93	19.41	98129.20	145754	0	CharlieHolbrow	
4094	1:43:25	1/1/2019 	6198208	18.00	19.00	6.95	19.41	98128.12	49811	0	CharlieHolbrow	
4095	1:43:25	1/1/2019 	6198471	25.00	125.00	6.61	19.41	98127.80	1840	1	CharlieHolbrow	
4096	1:43:26	1/1/2019 	6199154	22.00	68.00	6.73	19.41	98127.47	49807	0	CharlieHolbrow	
4097	1:43:26	1/1/2019 	6199220	31.00	237.00	6.39	19.40	98126.72	3805	1	CharlieHolbrow	
4098	1:43:32	1/1/2019 	6204746	18.00	12.00	6.94	19.40	98124.48	289668	1	CharlieHolbrow	
4099	1:43:34	1/1/2019 	6207260	17.00	8.00	6.99	19.40	98123.27	98529	1	CharlieHolbrow	
4100	1:43:36	1/1/2019 	6208862	25.00	134.00	6.61	19.40	98123.02	97781	0	CharlieHolbrow	
4101	1:43:37	1/1/2019 	6209808	10.00	8.00	7.53	19.39	98121.94	49808	0	CharlieHolbrow	
4102	1:43:39	1/1/2019 	6212584	19.00	34.00	6.90	19.39	98120.77	146498	0	CharlieHolbrow	
4103	1:43:41	1/1/2019 	6214284	25.00	140.00	6.62	19.39	98120.44	51974	1	CharlieHolbrow	
4104	1:43:42	1/1/2019 	6215012	24.00	106.00	6.65	19.38	98119.53	49809	0	CharlieHolbrow	
4105	1:43:42	1/1/2019 	6215030	26.00	106.00	6.55	19.38	98119.53	1835	0	CharlieHolbrow	
4106	1:43:43	1/1/2019 	6216219	38.00	426.00	6.24	19.38	98118.87	49808	1	CharlieHolbrow	
4107	1:43:44	1/1/2019 	6216754	27.00	180.00	6.54	19.38	98117.95	49808	1	CharlieHolbrow	
4108	1:43:46	1/1/2019 	6219115	30.00	265.00	6.43	19.38	98116.88	97784	1	CharlieHolbrow	
4109	1:43:47	1/1/2019 	6220588	36.00	364.00	6.27	19.38	98116.38	99757	1	CharlieHolbrow	
4110	1:43:48	1/1/2019 	6220977	18.00	18.00	6.95	19.38	98115.63	2582	1	CharlieHolbrow	
4111	1:43:49	1/1/2019 	6222352	18.00	15.00	6.94	19.38	98115.14	49807	0	CharlieHolbrow	
4112	1:43:50	1/1/2019 	6222742	27.00	186.00	6.54	19.38	98114.81	49809	1	CharlieHolbrow	
4113	1:43:50	1/1/2019 	6222753	27.00	157.00	6.53	19.38	98114.81	1835	1	CharlieHolbrow	
4114	1:43:50	1/1/2019 	6222918	23.00	98.00	6.70	19.38	98114.09	1835	1	CharlieHolbrow	
4115	1:43:56	1/1/2019 	6229250	28.00	204.00	6.50	19.37	98116.54	291787	1	CharlieHolbrow	
4116	1:43:57	1/1/2019 	6230355	30.00	250.00	6.43	19.37	98117.20	49810	0	CharlieHolbrow	
4117	1:44:00	1/1/2019 	6233136	33.00	324.00	6.35	19.36	98118.00	146504	1	CharlieHolbrow	
4118	1:44:06	1/1/2019 	6238826	17.00	8.00	6.99	19.36	98116.84	289674	0	CharlieHolbrow	
4119	1:44:06	1/1/2019 	6239133	26.00	138.00	6.57	19.36	98116.58	1836	1	CharlieHolbrow	
4120	1:44:06	1/1/2019 	6239389	17.00	9.00	7.00	19.36	98116.58	1835	0	CharlieHolbrow	
4121	1:44:08	1/1/2019 	6240712	20.00	28.00	6.83	19.36	98116.41	99945	0	CharlieHolbrow	
4122	1:44:08	1/1/2019 	6241568	31.00	252.00	6.39	19.35	98115.50	50553	1	CharlieHolbrow	
4123	1:44:09	1/1/2019 	6241757	32.00	288.00	6.37	19.35	98115.50	1835	1	CharlieHolbrow	
4124	1:44:09	1/1/2019 	6242572	18.00	8.00	6.93	19.35	98114.52	49809	0	CharlieHolbrow	
4125	1:44:11	1/1/2019 	6244549	17.00	8.00	6.99	19.35	98112.97	97779	0	CharlieHolbrow	
4126	1:44:13	1/1/2019 	6246183	41.00	520.00	6.20	19.35	98111.07	51919	1	CharlieHolbrow	
4127	1:44:13	1/1/2019 	6246335	22.00	49.00	6.72	19.35	98111.07	1836	0	CharlieHolbrow	
4128	1:44:14	1/1/2019 	6247395	21.00	53.00	6.78	19.35	98110.25	49808	1	CharlieHolbrow	
4129	1:44:16	1/1/2019 	6248817	17.00	9.00	7.00	19.35	98108.67	97782	0	CharlieHolbrow	
4130	1:44:16	1/1/2019 	6248853	18.00	17.00	6.95	19.35	98108.67	1834	1	CharlieHolbrow	
4131	1:44:20	1/1/2019 	6253149	27.00	198.00	6.55	19.34	98103.85	193724	0	CharlieHolbrow	
4132	1:44:21	1/1/2019 	6253880	23.00	98.00	6.70	19.34	98104.02	52673	0	CharlieHolbrow	
4133	1:44:22	1/1/2019 	6254681	24.00	93.00	6.64	19.34	98104.52	49808	1	CharlieHolbrow	
4134	1:44:24	1/1/2019 	6256690	25.00	133.00	6.61	19.34	98105.97	97780	1	CharlieHolbrow	
4135	1:44:28	1/1/2019 	6261454	17.00	8.00	6.99	19.33	98103.59	193725	0	CharlieHolbrow	
4136	1:44:28	1/1/2019 	6261654	30.00	200.00	6.42	19.33	98103.09	50554	0	CharlieHolbrow	
4137	1:44:32	1/1/2019 	6265450	17.00	8.00	6.99	19.32	98100.45	145754	0	CharlieHolbrow	
4138	1:44:36	1/1/2019 	6268745	20.00	36.00	6.84	19.32	98098.12	195895	1	CharlieHolbrow	
4139	1:44:38	1/1/2019 	6270899	21.00	45.00	6.78	19.32	98097.55	97785	0	CharlieHolbrow	
4140	1:44:40	1/1/2019 	6272975	17.00	9.00	7.00	19.31	98096.30	98526	0	CharlieHolbrow	
4141	1:44:43	1/1/2019 	6275918	36.00	399.00	6.29	19.31	98092.42	145752	1	CharlieHolbrow	
4142	1:44:44	1/1/2019 	6277473	33.00	306.00	6.34	19.31	98090.23	49811	1	CharlieHolbrow	
4143	1:44:45	1/1/2019 	6278036	17.00	9.00	7.00	19.31	98089.91	49807	0	CharlieHolbrow	
4144	1:44:46	1/1/2019 	6279216	27.00	189.00	6.54	19.31	98088.09	51918	1	CharlieHolbrow	
4145	1:44:46	1/1/2019 	6279638	26.00	123.00	6.56	19.31	98088.09	49808	0	CharlieHolbrow	
4146	1:44:49	1/1/2019 	6282162	45.00	586.00	6.16	19.31	98085.53	98527	1	CharlieHolbrow	
4147	1:44:49	1/1/2019 	6282563	17.00	9.00	7.00	19.31	98085.20	49809	0	CharlieHolbrow	
4148	1:44:52	1/1/2019 	6285022	32.00	262.00	6.36	19.30	98083.95	97780	1	CharlieHolbrow	
4149	1:44:57	1/1/2019 	6290488	17.00	8.00	6.99	19.30	98080.48	241700	0	CharlieHolbrow	
4150	1:45:03	1/1/2019 	6296494	29.00	232.00	6.47	19.29	98074.05	292563	1	CharlieHolbrow	
4151	1:45:13	1/1/2019 	6306021	22.00	88.00	6.74	19.28	98073.39	481571	1	CharlieHolbrow	
4152	1:45:14	1/1/2019 	6306871	19.00	35.00	6.90	19.28	98076.75	50556	1	CharlieHolbrow	
4153	1:45:14	1/1/2019 	6307380	26.00	133.00	6.56	19.28	98078.40	1835	1	CharlieHolbrow	
4154	1:45:15	1/1/2019 	6307732	26.00	146.00	6.57	19.28	98078.40	49808	1	CharlieHolbrow	
4155	1:45:16	1/1/2019 	6309349	37.00	419.00	6.26	19.28	98082.52	51921	1	CharlieHolbrow	
4156	1:45:16	1/1/2019 	6309612	18.00	9.00	6.93	19.28	98082.42	49810	0	CharlieHolbrow	
4157	1:45:19	1/1/2019 	6312634	22.00	85.00	6.74	19.28	98082.66	146498	0	CharlieHolbrow	
4158	1:45:20	1/1/2019 	6313045	17.00	9.00	7.00	19.27	98081.41	1835	0	CharlieHolbrow	
4159	1:45:24	1/1/2019 	6317387	30.00	269.00	6.44	19.27	98076.46	193727	1	CharlieHolbrow	
4160	1:45:26	1/1/2019 	6318975	18.00	27.00	6.96	19.27	98073.08	97780	0	CharlieHolbrow	
4161	1:45:29	1/1/2019 	6322077	17.00	8.00	6.99	19.26	98072.20	147863	0	CharlieHolbrow	
4162	1:45:30	1/1/2019 	6323641	21.00	73.00	6.79	19.26	98068.66	98528	0	CharlieHolbrow	
4163	1:45:30	1/1/2019 	6323671	30.00	198.00	6.41	19.26	98068.66	1835	0	CharlieHolbrow	
4164	1:45:32	1/1/2019 	6325151	18.00	13.00	6.94	19.26	98066.59	49808	0	CharlieHolbrow	
4165	1:45:33	1/1/2019 	6326439	19.00	21.00	6.89	19.26	98064.69	49809	1	CharlieHolbrow	
4166	1:45:34	1/1/2019 	6327645	17.00	8.00	6.99	19.26	98064.19	97782	0	CharlieHolbrow	
4167	1:45:34	1/1/2019 	6327659	30.00	216.00	6.42	19.26	98064.19	7314	0	CharlieHolbrow	
4168	1:45:36	1/1/2019 	6329570	20.00	54.00	6.84	19.25	98062.86	97783	1	CharlieHolbrow	
4169	1:45:37	1/1/2019 	6330573	17.00	9.00	7.00	19.25	98062.37	50555	0	CharlieHolbrow	
4170	1:45:38	1/1/2019 	6331431	23.00	89.00	6.69	19.25	98061.78	1834	0	CharlieHolbrow	
4171	1:45:39	1/1/2019 	6332461	24.00	117.00	6.65	19.25	98061.45	49808	1	CharlieHolbrow	
4172	1:45:42	1/1/2019 	6335663	17.00	8.00	6.99	19.24	98062.91	193728	0	CharlieHolbrow	
4173	1:45:47	1/1/2019 	6339493	20.00	41.00	6.84	19.24	98062.60	147865	0	CharlieHolbrow	
4174	1:45:47	1/1/2019 	6339872	49.00	682.00	6.16	19.24	98062.02	49809	1	CharlieHolbrow	
4175	1:45:49	1/1/2019 	6341770	17.00	8.00	6.99	19.23	98062.91	98526	0	CharlieHolbrow	
4176	1:45:50	1/1/2019 	6342963	17.00	9.00	7.00	19.23	98066.86	49807	0	CharlieHolbrow	
4177	1:45:50	1/1/2019 	6343490	19.00	13.00	6.88	19.23	98068.99	1834	0	CharlieHolbrow	
4178	1:45:51	1/1/2019 	6344184	17.00	8.00	6.99	19.23	98074.09	49807	0	CharlieHolbrow	
4179	1:45:52	1/1/2019 	6344766	24.00	110.00	6.65	19.23	98076.47	51919	1	CharlieHolbrow	
4180	1:45:52	1/1/2019 	6344904	36.00	358.00	6.27	19.23	98076.47	1835	1	CharlieHolbrow	
4181	1:45:52	1/1/2019 	6345249	17.00	3.00	6.98	19.23	98079.27	1835	0	CharlieHolbrow	
4182	1:45:52	1/1/2019 	6345384	19.00	21.00	6.89	19.23	98079.27	1834	0	CharlieHolbrow	
4183	1:45:53	1/1/2019 	6346222	18.00	8.00	6.93	19.23	98083.88	49809	0	CharlieHolbrow	
4184	1:45:54	1/1/2019 	6346575	24.00	115.00	6.65	19.23	98083.88	51784	1	CharlieHolbrow	
4185	1:45:54	1/1/2019 	6347222	17.00	8.00	6.99	19.23	98087.72	1841	0	CharlieHolbrow	
4186	1:45:56	1/1/2019 	6349376	22.00	68.00	6.73	19.23	98092.73	97781	0	CharlieHolbrow	
4187	1:45:57	1/1/2019 	6350307	17.00	8.00	6.99	19.23	98094.05	49808	0	CharlieHolbrow	
4188	1:45:58	1/1/2019 	6351444	16.00	9.00	7.07	19.22	98094.28	50555	0	CharlieHolbrow	
4189	1:46:01	1/1/2019 	6354384	17.00	9.00	7.00	19.22	98090.24	145754	0	CharlieHolbrow	
4190	1:46:04	1/1/2019 	6356656	23.00	98.00	6.70	19.22	98086.08	147922	0	CharlieHolbrow	
4191	1:46:04	1/1/2019 	6357169	43.00	517.00	6.16	19.22	98083.28	1836	1	CharlieHolbrow	
4192	1:46:04	1/1/2019 	6357370	21.00	47.00	6.78	19.22	98083.28	1835	0	CharlieHolbrow	
4193	1:46:05	1/1/2019 	6357855	17.00	9.00	7.00	19.22	98081.55	49808	0	CharlieHolbrow	
4194	1:46:06	1/1/2019 	6358709	38.00	434.00	6.24	19.22	98078.25	49808	1	CharlieHolbrow	
4195	1:46:10	1/1/2019 	6362703	17.00	9.00	7.00	19.21	98066.72	193732	0	CharlieHolbrow	
4196	1:46:10	1/1/2019 	6362835	24.00	109.00	6.65	19.21	98066.72	4701	1	CharlieHolbrow	
4197	1:46:10	1/1/2019 	6363136	24.00	86.00	6.63	19.21	98066.72	1835	0	CharlieHolbrow	
4198	1:46:10	1/1/2019 	6363168	37.00	377.00	6.25	19.21	98066.72	1834	0	CharlieHolbrow	
4199	1:46:11	1/1/2019 	6364235	31.00	275.00	6.40	19.21	98062.36	49809	0	CharlieHolbrow	
4200	1:46:12	1/1/2019 	6365378	23.00	90.00	6.69	19.21	98060.38	49809	0	CharlieHolbrow	
4201	1:46:13	1/1/2019 	6365611	17.00	8.00	6.99	19.21	98060.38	49809	0	CharlieHolbrow	
4202	1:46:13	1/1/2019 	6365779	21.00	37.00	6.78	19.21	98059.30	3803	1	CharlieHolbrow	
4203	1:46:13	1/1/2019 	6366093	18.00	9.00	6.93	19.21	98059.30	1833	0	CharlieHolbrow	
4204	1:46:13	1/1/2019 	6366332	17.00	8.00	6.99	19.21	98059.30	1834	0	CharlieHolbrow	
4205	1:46:14	1/1/2019 	6367138	17.00	9.00	7.00	19.21	98058.98	49807	0	CharlieHolbrow	
4206	1:46:15	1/1/2019 	6367632	18.00	15.00	6.94	19.21	98059.63	49809	0	CharlieHolbrow	
4207	1:46:15	1/1/2019 	6368119	19.00	30.00	6.89	19.21	98059.97	1835	0	CharlieHolbrow	
4208	1:46:15	1/1/2019 	6368174	12.00	9.00	7.37	19.21	98059.97	3822	0	CharlieHolbrow	
4209	1:46:15	1/1/2019 	6368274	18.00	8.00	6.93	19.20	98059.38	1836	0	CharlieHolbrow	
4210	1:46:16	1/1/2019 	6368551	19.00	30.00	6.89	19.20	98059.38	49816	0	CharlieHolbrow	
4211	1:46:16	1/1/2019 	6369037	17.00	8.00	6.99	19.20	98059.54	1840	0	CharlieHolbrow	
4212	1:46:16	1/1/2019 	6369137	17.00	8.00	6.99	19.20	98059.54	1833	0	CharlieHolbrow	
4213	1:46:16	1/1/2019 	6369245	17.00	8.00	6.99	19.20	98060.03	1833	0	CharlieHolbrow	
4214	1:46:16	1/1/2019 	6369434	19.00	13.00	6.88	19.20	98060.03	3823	0	CharlieHolbrow	
4215	1:46:18	1/1/2019 	6371097	17.00	8.00	6.99	19.20	98060.77	97782	0	CharlieHolbrow	
4216	1:46:18	1/1/2019 	6371391	25.00	109.00	6.60	19.20	98060.44	2777	0	CharlieHolbrow	
4217	1:46:19	1/1/2019 	6371582	17.00	8.00	6.99	19.20	98060.44	49807	0	CharlieHolbrow	
4218	1:46:19	1/1/2019 	6371956	17.00	8.00	6.99	19.20	98060.11	1835	0	CharlieHolbrow	
4219	1:46:20	1/1/2019 	6372632	14.00	8.00	7.21	19.20	98060.27	49808	0	CharlieHolbrow	
4220	1:46:20	1/1/2019 	6373031	17.00	8.00	6.99	19.20	98059.88	3966	0	CharlieHolbrow	
4221	1:46:21	1/1/2019 	6374154	17.00	8.00	6.99	19.20	98059.23	49806	0	CharlieHolbrow	
4222	1:46:21	1/1/2019 	6374209	17.00	8.00	6.99	19.20	98059.23	1835	1	CharlieHolbrow	
4223	1:46:23	1/1/2019 	6375663	22.00	71.00	6.73	19.20	98056.50	97780	0	CharlieHolbrow	
4224	1:46:23	1/1/2019 	6376442	36.00	360.00	6.27	19.20	98055.69	1836	1	CharlieHolbrow	
4225	1:46:24	1/1/2019 	6377169	17.00	8.00	6.99	19.20	98055.35	49809	0	CharlieHolbrow	
4226	1:46:25	1/1/2019 	6378261	17.00	8.00	6.99	19.19	98053.95	51797	0	CharlieHolbrow	
4227	1:46:25	1/1/2019 	6378314	27.00	153.00	6.53	19.19	98053.45	1835	1	CharlieHolbrow	
4228	1:46:26	1/1/2019 	6378781	18.00	10.00	6.93	19.19	98053.45	49808	0	CharlieHolbrow	
4229	1:46:28	1/1/2019 	6381114	17.00	8.00	6.99	19.19	98053.36	97784	0	CharlieHolbrow	
4230	1:46:29	1/1/2019 	6381914	27.00	190.00	6.54	19.19	98056.06	50750	1	CharlieHolbrow	
4231	1:46:29	1/1/2019 	6382259	17.00	8.00	6.99	19.19	98056.06	3943	0	CharlieHolbrow	
4232	1:46:30	1/1/2019 	6382646	17.00	8.00	6.99	19.19	98057.22	49807	0	CharlieHolbrow	
4233	1:46:30	1/1/2019 	6382782	17.00	8.00	6.99	19.19	98057.22	1835	0	CharlieHolbrow	
4234	1:46:30	1/1/2019 	6383007	51.00	755.00	6.17	19.19	98057.71	1834	1	CharlieHolbrow	
4235	1:46:31	1/1/2019 	6384430	18.00	10.00	6.93	19.19	98061.40	49809	0	CharlieHolbrow	
4236	1:46:33	1/1/2019 	6385595	17.00	8.00	6.99	19.18	98064.27	97783	0	CharlieHolbrow	
4237	1:46:33	1/1/2019 	6385668	54.00	770.00	6.16	19.18	98064.27	3799	0	CharlieHolbrow	
4238	1:46:34	1/1/2019 	6386568	28.00	198.00	6.50	19.18	98065.09	49809	0	CharlieHolbrow	
4239	1:46:35	1/1/2019 	6388364	26.00	150.00	6.57	19.18	98065.33	49809	1	CharlieHolbrow	
4240	1:46:36	1/1/2019 	6388691	19.00	28.00	6.89	19.18	98065.33	49811	0	CharlieHolbrow	
4241	1:46:38	1/1/2019 	6390711	17.00	8.00	6.99	19.18	98066.31	97784	0	CharlieHolbrow	
4242	1:46:39	1/1/2019 	6391570	28.00	204.00	6.50	19.18	98065.56	50750	0	CharlieHolbrow	
4243	1:46:40	1/1/2019 	6392709	22.00	99.00	6.75	19.18	98064.41	51922	1	CharlieHolbrow	
4244	1:46:42	1/1/2019 	6395364	22.00	94.00	6.75	19.17	98059.66	97783	0	CharlieHolbrow	
4245	1:46:43	1/1/2019 	6395886	22.00	87.00	6.74	19.17	98059.66	49810	0	CharlieHolbrow	
4246	1:46:44	1/1/2019 	6396817	18.00	13.00	6.94	19.17	98059.82	49809	0	CharlieHolbrow	
4247	1:46:45	1/1/2019 	6397565	30.00	248.00	6.43	19.17	98059.08	49810	0	CharlieHolbrow	
4248	1:46:45	1/1/2019 	6397937	17.00	8.00	6.99	19.17	98058.41	1836	0	CharlieHolbrow	
4249	1:46:45	1/1/2019 	6398104	33.00	292.00	6.33	19.17	98058.41	3803	1	CharlieHolbrow	
4250	1:46:51	1/1/2019 	6403992	18.00	11.00	6.94	19.16	98045.97	289674	0	CharlieHolbrow	
4251	1:46:52	1/1/2019 	6404606	21.00	53.00	6.78	19.16	98045.06	50750	1	CharlieHolbrow	
4252	1:46:52	1/1/2019 	6404751	25.00	126.00	6.61	19.16	98045.06	1836	1	CharlieHolbrow	
4253	1:46:53	1/1/2019 	6405587	18.00	9.00	6.93	19.16	98044.56	49807	0	CharlieHolbrow	
4254	1:46:53	1/1/2019 	6405726	21.00	38.00	6.78	19.16	98044.56	1835	1	CharlieHolbrow	
4255	1:46:54	1/1/2019 	6406775	18.00	9.00	6.93	19.16	98044.07	51918	0	CharlieHolbrow	
4256	1:46:55	1/1/2019 	6407789	23.00	109.00	6.70	19.16	98042.01	49807	1	CharlieHolbrow	
4257	1:46:55	1/1/2019 	6407855	24.00	111.00	6.65	19.16	98042.01	1836	1	CharlieHolbrow	
4258	1:46:56	1/1/2019 	6408826	34.00	349.00	6.33	19.16	98039.70	49808	1	CharlieHolbrow	
4259	1:46:57	1/1/2019 	6409696	17.00	9.00	7.00	19.16	98037.97	49809	0	CharlieHolbrow	
4260	1:47:01	1/1/2019 	6414309	30.00	259.00	6.43	19.15	98052.62	194669	1	CharlieHolbrow	
4261	1:47:02	1/1/2019 	6414850	11.00	8.00	7.45	19.15	98053.27	55294	0	CharlieHolbrow	
4262	1:47:03	1/1/2019 	6415877	17.00	9.00	7.00	19.15	98053.44	49808	0	CharlieHolbrow	
4263	1:47:06	1/1/2019 	6418652	17.00	8.00	6.99	19.15	98042.66	145752	0	CharlieHolbrow	
4264	1:47:06	1/1/2019 	6418935	22.00	66.00	6.73	19.15	98042.66	1835	1	CharlieHolbrow	
4265	1:47:07	1/1/2019 	6419884	20.00	37.00	6.84	19.15	98037.97	49807	0	CharlieHolbrow	
4266	1:47:08	1/1/2019 	6421201	21.00	61.00	6.79	19.15	98030.56	52860	0	CharlieHolbrow	
4267	1:47:09	1/1/2019 	6421790	30.00	256.00	6.43	19.14	98027.34	49807	1	CharlieHolbrow	
4268	1:47:10	1/1/2019 	6423127	17.00	9.00	7.00	19.14	98020.12	49809	1	CharlieHolbrow	
4269	1:47:11	1/1/2019 	6423710	21.00	7.00	6.74	19.14	98017.56	49809	0	CharlieHolbrow	
4270	1:47:11	1/1/2019 	6424014	17.00	8.00	6.99	19.14	98017.56	1834	0	CharlieHolbrow	
4271	1:47:14	1/1/2019 	6427405	17.00	9.00	7.00	19.14	98004.80	145754	0	CharlieHolbrow	
4272	1:47:14	1/1/2019 	6427489	18.00	9.00	6.93	19.14	98004.80	3804	0	CharlieHolbrow	
4273	1:47:15	1/1/2019 	6427789	19.00	8.00	6.86	19.14	98002.91	49807	0	CharlieHolbrow	
4274	1:47:16	1/1/2019 	6428639	20.00	58.00	6.85	19.14	98000.27	49807	0	CharlieHolbrow	
4275	1:47:19	1/1/2019 	6431630	20.00	46.00	6.84	19.13	97993.38	145757	0	CharlieHolbrow	
4276	1:47:19	1/1/2019 	6431983	17.00	8.00	6.99	19.13	97993.38	2785	0	CharlieHolbrow	
4277	1:47:20	1/1/2019 	6433131	35.00	378.00	6.31	19.13	97991.41	49811	1	CharlieHolbrow	
4278	1:47:21	1/1/2019 	6433678	17.00	8.00	6.99	19.13	97990.92	51920	0	CharlieHolbrow	
4279	1:47:21	1/1/2019 	6434286	23.00	90.00	6.69	19.13	97990.27	1835	1	CharlieHolbrow	
4280	1:47:21	1/1/2019 	6434347	21.00	39.00	6.78	19.13	97990.27	1834	0	CharlieHolbrow	
4281	1:47:23	1/1/2019 	6436142	17.00	8.00	6.99	19.13	97988.03	97779	0	CharlieHolbrow	
4282	1:47:23	1/1/2019 	6436177	17.00	8.00	6.99	19.13	97987.70	1835	0	CharlieHolbrow	
4283	1:47:25	1/1/2019 	6437590	20.00	31.00	6.83	19.13	97987.12	97779	0	CharlieHolbrow	
4284	1:47:26	1/1/2019 	6439301	16.00	8.00	7.06	19.13	97985.30	51778	0	CharlieHolbrow	
4285	1:47:27	1/1/2019 	6439647	29.00	228.00	6.46	19.13	97985.30	49807	0	CharlieHolbrow	
4286	1:47:28	1/1/2019 	6440938	17.00	8.00	6.99	19.12	97983.41	50751	0	CharlieHolbrow	
4287	1:47:29	1/1/2019 	6441747	17.00	9.00	7.00	19.12	97982.75	49807	0	CharlieHolbrow	
4288	1:47:32	1/1/2019 	6445011	17.00	10.00	7.00	19.12	97979.45	145754	0	CharlieHolbrow	
4289	1:47:33	1/1/2019 	6445832	35.00	364.00	6.30	19.12	97978.20	49810	1	CharlieHolbrow	
4290	1:47:36	1/1/2019 	6448897	17.00	8.00	6.99	19.11	97975.64	147867	0	CharlieHolbrow	
4291	1:47:38	1/1/2019 	6450587	18.00	14.00	6.94	19.11	97974.49	97783	0	CharlieHolbrow	
4292	1:47:39	1/1/2019 	6452172	18.00	10.00	6.93	19.11	97973.74	50750	1	CharlieHolbrow	
4293	1:47:39	1/1/2019 	6452318	28.00	164.00	6.49	19.11	97974.23	1836	0	CharlieHolbrow	
4294	1:47:40	1/1/2019 	6452926	21.00	66.00	6.79	19.11	97973.69	49808	0	CharlieHolbrow	
4295	1:47:40	1/1/2019 	6453047	36.00	363.00	6.27	19.11	97973.69	1835	1	CharlieHolbrow	
4296	1:47:41	1/1/2019 	6453726	20.00	29.00	6.83	19.11	97973.69	51919	0	CharlieHolbrow	
4297	1:47:41	1/1/2019 	6454094	24.00	92.00	6.64	19.11	97974.50	1836	0	CharlieHolbrow	
4298	1:47:41	1/1/2019 	6454435	22.00	60.00	6.73	19.11	97975.00	1834	1	CharlieHolbrow	
4299	1:47:42	1/1/2019 	6454580	18.00	16.00	6.94	19.11	97975.00	49807	0	CharlieHolbrow	
4300	1:47:42	1/1/2019 	6455439	18.00	8.00	6.93	19.11	97975.73	1836	0	CharlieHolbrow	
4301	1:47:43	1/1/2019 	6455990	49.00	707.00	6.17	19.11	97976.06	49806	0	CharlieHolbrow	
4302	1:47:44	1/1/2019 	6456714	25.00	139.00	6.62	19.11	97976.22	51777	0	CharlieHolbrow	
4303	1:47:45	1/1/2019 	6458380	33.00	305.00	6.34	19.10	97975.14	49807	1	CharlieHolbrow	
4304	1:47:46	1/1/2019 	6458890	18.00	10.00	6.93	19.10	97974.66	49808	0	CharlieHolbrow	
4305	1:47:48	1/1/2019 	6460831	30.00	259.00	6.43	19.10	97972.92	97780	1	CharlieHolbrow	
4306	1:47:49	1/1/2019 	6461674	17.00	8.00	6.99	19.10	97972.59	50750	0	CharlieHolbrow	
4307	1:47:50	1/1/2019 	6462921	24.00	101.00	6.64	19.10	97971.67	51917	0	CharlieHolbrow	
4308	1:47:52	1/1/2019 	6465227	24.00	107.00	6.65	19.10	97970.27	97780	0	CharlieHolbrow	
4309	1:47:53	1/1/2019 	6465623	25.00	148.00	6.62	19.10	97970.10	49808	1	CharlieHolbrow	
4310	1:47:53	1/1/2019 	6466228	21.00	39.00	6.78	19.10	97969.78	1836	1	CharlieHolbrow	
4311	1:47:55	1/1/2019 	6467684	22.00	86.00	6.74	19.09	97969.03	97778	0	CharlieHolbrow	
4312	1:47:55	1/1/2019 	6467977	19.00	8.00	6.86	19.09	97968.70	1835	0	CharlieHolbrow	
4313	1:47:57	1/1/2019 	6470484	17.00	8.00	6.99	19.09	97965.23	99748	0	CharlieHolbrow	
4314	1:47:58	1/1/2019 	6470661	19.00	28.00	6.89	19.09	97965.23	50750	0	CharlieHolbrow	
4315	1:47:58	1/1/2019 	6470850	17.00	11.00	7.00	19.09	97965.23	1835	0	CharlieHolbrow	
4316	1:47:58	1/1/2019 	6471486	24.00	115.00	6.65	19.09	97964.41	1834	1	CharlieHolbrow	
4317	1:47:59	1/1/2019 	6472063	22.00	83.00	6.74	19.09	97963.36	49806	0	CharlieHolbrow	
4318	1:48:00	1/1/2019 	6473191	27.00	188.00	6.54	19.08	97962.12	49808	1	CharlieHolbrow	
4319	1:48:01	1/1/2019 	6473779	17.00	8.00	6.99	19.08	97961.46	51920	0	CharlieHolbrow	
4320	1:48:01	1/1/2019 	6474089	37.00	350.00	6.24	19.08	97960.97	1835	1	CharlieHolbrow	
4321	1:48:03	1/1/2019 	6475609	17.00	8.00	6.99	19.08	97958.91	97781	0	CharlieHolbrow	
4322	1:48:03	1/1/2019 	6475950	27.00	174.00	6.54	19.08	97958.41	1835	0	CharlieHolbrow	
4323	1:48:03	1/1/2019 	6475969	22.00	56.00	6.73	19.08	97958.41	1835	1	CharlieHolbrow	
4324	1:48:04	1/1/2019 	6476650	22.00	88.00	6.74	19.08	97957.33	49807	0	CharlieHolbrow	
4325	1:48:04	1/1/2019 	6477384	30.00	196.00	6.41	19.08	97957.00	3805	1	CharlieHolbrow	
4326	1:48:07	1/1/2019 	6479748	19.00	26.00	6.89	19.08	97954.45	145756	0	CharlieHolbrow	
4327	1:48:09	1/1/2019 	6481743	26.00	146.00	6.57	19.07	97952.55	98725	1	CharlieHolbrow	
4328	1:48:09	1/1/2019 	6482166	40.00	438.00	6.20	19.07	97952.55	1836	1	CharlieHolbrow	
4329	1:48:10	1/1/2019 	6483037	20.00	60.00	6.85	19.07	97952.30	49810	1	CharlieHolbrow	
4330	1:48:11	1/1/2019 	6483855	24.00	65.00	6.62	19.07	97952.30	49810	0	CharlieHolbrow	
4331	1:48:13	1/1/2019 	6485818	18.00	14.00	6.94	19.07	97951.55	99949	0	CharlieHolbrow	
4332	1:48:15	1/1/2019 	6487716	21.00	62.00	6.79	19.07	97950.98	97782	0	CharlieHolbrow	
4333	1:48:15	1/1/2019 	6488116	21.00	54.00	6.78	19.07	97951.16	1836	0	CharlieHolbrow	
4334	1:48:16	1/1/2019 	6488779	17.00	9.00	7.00	19.07	97951.16	49808	0	CharlieHolbrow	
4335	1:48:16	1/1/2019 	6489158	18.00	8.00	6.93	19.07	97951.16	1834	0	CharlieHolbrow	
4336	1:48:17	1/1/2019 	6489759	18.00	10.00	6.93	19.06	97950.41	51777	0	CharlieHolbrow	
4337	1:48:17	1/1/2019 	6490302	17.00	8.00	6.99	19.06	97950.23	2777	0	CharlieHolbrow	
4338	1:48:18	1/1/2019 	6490721	17.00	9.00	7.00	19.06	97949.75	49807	0	CharlieHolbrow	
4339	1:48:18	1/1/2019 	6491012	35.00	341.00	6.29	19.06	97948.83	1835	0	CharlieHolbrow	
4340	1:48:19	1/1/2019 	6492052	17.00	8.00	6.99	19.06	97947.84	49808	0	CharlieHolbrow	
4341	1:48:20	1/1/2019 	6493231	24.00	128.00	6.66	19.06	97945.78	49809	1	CharlieHolbrow	
4342	1:48:20	1/1/2019 	6493252	32.00	294.00	6.37	19.06	97945.78	3947	1	CharlieHolbrow	
4343	1:48:21	1/1/2019 	6494038	34.00	318.00	6.31	19.06	97945.12	49811	0	CharlieHolbrow	
4344	1:48:21	1/1/2019 	6494041	23.00	78.00	6.68	19.06	97945.12	1843	1	CharlieHolbrow	
4345	1:48:22	1/1/2019 	6495351	17.00	8.00	6.99	19.06	97944.05	49811	0	CharlieHolbrow	
4346	1:48:23	1/1/2019 	6496101	18.00	18.00	6.95	19.06	97943.55	49807	0	CharlieHolbrow	
4347	1:48:25	1/1/2019 	6497703	17.00	9.00	7.00	19.05	97944.78	97780	0	CharlieHolbrow	
4348	1:48:25	1/1/2019 	6497739	21.00	46.00	6.78	19.05	97944.78	3804	1	CharlieHolbrow	
4349	1:48:26	1/1/2019 	6499093	17.00	8.00	6.99	19.05	97948.06	49807	0	CharlieHolbrow	
4350	1:48:27	1/1/2019 	6499968	23.00	102.00	6.70	19.05	97948.80	49808	1	CharlieHolbrow	
4351	1:48:27	1/1/2019 	6500306	17.00	8.00	6.99	19.05	97949.45	2777	0	CharlieHolbrow	
4352	1:48:29	1/1/2019 	6501683	35.00	364.00	6.30	19.05	97954.12	97784	1	CharlieHolbrow	
4353	1:48:31	1/1/2019 	6504075	18.00	9.00	6.93	19.04	97964.06	97788	0	CharlieHolbrow	
4354	1:48:32	1/1/2019 	6505042	23.00	105.00	6.70	19.04	97965.88	57639	1	CharlieHolbrow	
4355	1:48:33	1/1/2019 	6505587	17.00	9.00	7.00	19.04	97967.14	49815	0	CharlieHolbrow	
4356	1:48:33	1/1/2019 	6505655	18.00	10.00	6.93	19.04	97967.14	1834	0	CharlieHolbrow	
4357	1:48:33	1/1/2019 	6505716	24.00	107.00	6.65	19.04	97967.14	1834	0	CharlieHolbrow	
4358	1:48:33	1/1/2019 	6506118	25.00	129.00	6.61	19.04	97967.30	1835	1	CharlieHolbrow	
4359	1:48:33	1/1/2019 	6506328	25.00	124.00	6.61	19.04	97967.30	1836	1	CharlieHolbrow	
4360	1:48:33	1/1/2019 	6506442	39.00	416.00	6.21	19.04	97967.30	3858	1	CharlieHolbrow	
4361	1:48:38	1/1/2019 	6510924	18.00	17.00	6.95	19.03	97959.13	241706	1	CharlieHolbrow	
4362	1:48:40	1/1/2019 	6513025	30.00	259.00	6.43	19.03	97955.84	98725	1	CharlieHolbrow	
4363	1:48:41	1/1/2019 	6513965	18.00	8.00	6.93	19.03	97954.11	49811	0	CharlieHolbrow	
4364	1:48:42	1/1/2019 	6514636	27.00	198.00	6.55	19.03	97951.22	49809	0	CharlieHolbrow	
4365	1:48:44	1/1/2019 	6517096	18.00	9.00	6.93	19.03	97949.16	97786	0	CharlieHolbrow	
4366	1:48:44	1/1/2019 	6517383	25.00	108.00	6.60	19.03	97948.83	3946	1	CharlieHolbrow	
4367	1:48:45	1/1/2019 	6517639	22.00	88.00	6.74	19.03	97948.83	49808	0	CharlieHolbrow	
4368	1:48:46	1/1/2019 	6518494	17.00	8.00	6.99	19.03	97949.00	1836	0	CharlieHolbrow	
4369	1:48:46	1/1/2019 	6518671	17.00	8.00	6.99	19.02	97948.58	49809	0	CharlieHolbrow	
4370	1:48:46	1/1/2019 	6518786	17.00	8.00	6.99	19.02	97948.58	1833	0	CharlieHolbrow	
4371	1:48:49	1/1/2019 	6521725	17.00	8.00	6.99	19.02	97947.50	145755	0	CharlieHolbrow	
4372	1:48:49	1/1/2019 	6521749	19.00	17.00	6.88	19.02	97947.50	4900	0	CharlieHolbrow	
4373	1:48:50	1/1/2019 	6523376	17.00	8.00	6.99	19.02	97945.47	49807	0	CharlieHolbrow	
4374	1:48:51	1/1/2019 	6524323	17.00	8.00	6.99	19.02	97944.16	49808	0	CharlieHolbrow	
4375	1:48:52	1/1/2019 	6524782	17.00	9.00	7.00	19.02	97943.23	49808	0	CharlieHolbrow	
4376	1:48:52	1/1/2019 	6525030	19.00	12.00	6.87	19.02	97943.23	1835	0	CharlieHolbrow	
4377	1:48:52	1/1/2019 	6525345	30.00	225.00	6.42	19.02	97943.56	3803	0	CharlieHolbrow	
4378	1:48:53	1/1/2019 	6526206	17.00	8.00	6.99	19.02	97945.88	49811	0	CharlieHolbrow	
4379	1:48:53	1/1/2019 	6526405	23.00	89.00	6.69	19.02	97945.88	1843	1	CharlieHolbrow	
4380	1:48:54	1/1/2019 	6526747	22.00	90.00	6.75	19.02	97947.19	49813	1	CharlieHolbrow	
4381	1:48:55	1/1/2019 	6527915	18.00	9.00	6.93	19.01	97949.06	49810	0	CharlieHolbrow	
4382	1:48:57	1/1/2019 	6529929	17.00	9.00	7.00	19.01	97949.14	97782	0	CharlieHolbrow	
4383	1:48:57	1/1/2019 	6530185	16.00	8.00	7.06	19.01	97949.14	4889	0	CharlieHolbrow	
4384	1:48:57	1/1/2019 	6530488	17.00	8.00	6.99	19.01	97950.12	1836	0	CharlieHolbrow	
4385	1:48:58	1/1/2019 	6531133	23.00	112.00	6.71	19.01	97950.36	49813	1	CharlieHolbrow	
4386	1:48:59	1/1/2019 	6531730	22.00	68.00	6.73	19.01	97951.19	49809	1	CharlieHolbrow	
4387	1:48:59	1/1/2019 	6532315	18.00	13.00	6.94	19.01	97951.34	1835	0	CharlieHolbrow	
4388	1:49:00	1/1/2019 	6532983	17.00	8.00	6.99	19.01	97950.11	49809	0	CharlieHolbrow	
4389	1:49:00	1/1/2019 	6533302	18.00	9.00	6.93	19.01	97949.45	3805	0	CharlieHolbrow	
4390	1:49:01	1/1/2019 	6533789	17.00	8.00	6.99	19.01	97948.80	49807	0	CharlieHolbrow	
4391	1:49:02	1/1/2019 	6535301	17.00	8.00	6.99	19.00	97949.03	49808	0	CharlieHolbrow	
4392	1:49:04	1/1/2019 	6536738	29.00	371.00	6.53	19.00	97949.69	97783	1	CharlieHolbrow	
4393	1:49:04	1/1/2019 	6536757	21.00	52.00	6.78	19.00	97949.69	1836	0	CharlieHolbrow	
4394	1:49:04	1/1/2019 	6537387	25.00	136.00	6.62	19.00	97951.57	1835	0	CharlieHolbrow	
4395	1:49:04	1/1/2019 	6537462	22.00	65.00	6.73	19.00	97951.57	3749	1	CharlieHolbrow	
4396	1:49:05	1/1/2019 	6537567	27.00	179.00	6.54	19.00	97951.57	49808	0	CharlieHolbrow	
4397	1:49:05	1/1/2019 	6538422	41.00	468.00	6.18	19.00	97954.20	1837	1	CharlieHolbrow	
4398	1:49:09	1/1/2019 	6542424	17.00	8.00	6.99	18.99	97960.70	193729	0	CharlieHolbrow	
4399	1:49:11	1/1/2019 	6544136	23.00	98.00	6.70	18.99	97964.88	98531	1	CharlieHolbrow	
4400	1:49:12	1/1/2019 	6545326	17.00	8.00	6.99	18.99	97966.52	49813	0	CharlieHolbrow	
4401	1:49:13	1/1/2019 	6545574	17.00	8.00	6.99	18.99	97966.52	56484	0	CharlieHolbrow	
4402	1:49:13	1/1/2019 	6546463	17.00	8.00	6.99	18.99	97963.80	1834	0	CharlieHolbrow	
4403	1:49:14	1/1/2019 	6547281	17.00	8.00	6.99	18.99	97962.66	49806	0	CharlieHolbrow	
4404	1:49:16	1/1/2019 	6548943	23.00	98.00	6.70	18.99	97959.60	97781	1	CharlieHolbrow	
4405	1:49:17	1/1/2019 	6549673	24.00	106.00	6.65	18.99	97958.78	49810	0	CharlieHolbrow	
4406	1:49:18	1/1/2019 	6551482	18.00	10.00	6.93	18.98	97954.25	50555	0	CharlieHolbrow	
4407	1:49:20	1/1/2019 	6553002	24.00	99.00	6.64	18.98	97955.31	99892	0	CharlieHolbrow	
4408	1:49:20	1/1/2019 	6553046	24.00	107.00	6.65	18.98	97955.31	1835	0	CharlieHolbrow	
4409	1:49:20	1/1/2019 	6553189	24.00	104.00	6.65	18.98	97955.31	1834	0	CharlieHolbrow	
4410	1:49:23	1/1/2019 	6555682	22.00	84.00	6.74	18.98	97954.23	145756	1	CharlieHolbrow	
4411	1:49:23	1/1/2019 	6555916	24.00	88.00	6.63	18.98	97954.06	1836	1	CharlieHolbrow	
4412	1:49:23	1/1/2019 	6556018	33.00	265.00	6.32	18.98	97954.06	3804	1	CharlieHolbrow	
4413	1:49:24	1/1/2019 	6556710	21.00	66.00	6.79	18.98	97953.91	49808	1	CharlieHolbrow	
4414	1:49:24	1/1/2019 	6557333	17.00	8.00	6.99	18.98	97953.32	1836	0	CharlieHolbrow	
4415	1:49:25	1/1/2019 	6557938	17.00	8.00	6.99	18.98	97953.64	49805	0	CharlieHolbrow	
4416	1:49:26	1/1/2019 	6558708	22.00	86.00	6.74	18.98	97953.48	49806	0	CharlieHolbrow	
4417	1:49:27	1/1/2019 	6560395	17.00	12.00	7.00	18.97	97952.44	49807	0	CharlieHolbrow	
4418	1:49:29	1/1/2019 	6561931	17.00	9.00	7.00	18.97	97950.54	100646	0	CharlieHolbrow	
4419	1:49:29	1/1/2019 	6562190	17.00	8.00	6.99	18.97	97950.54	1834	0	CharlieHolbrow	
4420	1:49:29	1/1/2019 	6562237	18.00	9.00	6.93	18.97	97950.54	1834	0	CharlieHolbrow	
4421	1:49:29	1/1/2019 	6562245	19.00	11.00	6.87	18.97	97950.54	1833	0	CharlieHolbrow	
4422	1:49:30	1/1/2019 	6562847	17.00	8.00	6.99	18.97	97950.05	49807	0	CharlieHolbrow	
4423	1:49:31	1/1/2019 	6564148	23.00	111.00	6.70	18.97	97948.73	49808	1	CharlieHolbrow	
4424	1:49:32	1/1/2019 	6564617	22.00	74.00	6.74	18.97	97947.98	51779	0	CharlieHolbrow	
4425	1:49:32	1/1/2019 	6564968	17.00	8.00	6.99	18.97	97946.83	1835	0	CharlieHolbrow	
4426	1:49:32	1/1/2019 	6565258	23.00	68.00	6.68	18.97	97946.83	1834	0	CharlieHolbrow	
4427	1:49:32	1/1/2019 	6565358	24.00	97.00	6.64	18.97	97946.83	1834	1	CharlieHolbrow	
4428	1:49:33	1/1/2019 	6565655	17.00	9.00	7.00	18.97	97945.84	49807	0	CharlieHolbrow	
4429	1:49:34	1/1/2019 	6566657	19.00	19.00	6.88	18.97	97942.55	49807	0	CharlieHolbrow	
4430	1:49:34	1/1/2019 	6566755	49.00	649.00	6.14	18.97	97942.55	3806	1	CharlieHolbrow	
4431	1:49:34	1/1/2019 	6566942	38.00	377.00	6.22	18.97	97942.55	1835	1	CharlieHolbrow	
4432	1:49:34	1/1/2019 	6566980	17.00	7.00	6.99	18.97	97940.66	1834	0	CharlieHolbrow	
4433	1:49:34	1/1/2019 	6567253	18.00	9.00	6.93	18.97	97940.66	1833	0	CharlieHolbrow	
4434	1:49:35	1/1/2019 	6568201	17.00	8.00	6.99	18.97	97938.19	49806	0	CharlieHolbrow	
4435	1:49:36	1/1/2019 	6569050	17.00	9.00	7.00	18.97	97938.19	49806	0	CharlieHolbrow	
4436	1:49:36	1/1/2019 	6569404	18.00	10.00	6.93	18.97	97938.19	3857	0	CharlieHolbrow	
4437	1:49:37	1/1/2019 	6569769	31.00	267.00	6.40	18.96	97938.10	49806	0	CharlieHolbrow	
4438	1:49:39	1/1/2019 	6572225	18.00	14.00	6.94	18.96	97939.00	98526	0	CharlieHolbrow	
4439	1:49:40	1/1/2019 	6572853	17.00	9.00	7.00	18.96	97939.33	49808	0	CharlieHolbrow	
4440	1:49:40	1/1/2019 	6573430	19.00	9.00	6.87	18.96	97939.66	1834	0	CharlieHolbrow	
4441	1:49:41	1/1/2019 	6574252	18.00	8.00	6.93	18.96	97938.25	49806	0	CharlieHolbrow	
4442	1:49:42	1/1/2019 	6575271	30.00	242.00	6.43	18.96	97937.26	51917	1	CharlieHolbrow	
4443	1:49:45	1/1/2019 	6577764	43.00	534.00	6.16	18.96	97937.00	145750	1	CharlieHolbrow	
4444	1:49:45	1/1/2019 	6578095	20.00	25.00	6.83	18.96	97936.52	1836	0	CharlieHolbrow	
4445	1:49:46	1/1/2019 	6579016	25.00	138.00	6.62	18.95	97935.59	49805	1	CharlieHolbrow	
4446	1:49:48	1/1/2019 	6581133	17.00	8.00	6.99	18.95	97935.05	97778	0	CharlieHolbrow	
4447	1:49:49	1/1/2019 	6582158	25.00	121.00	6.61	18.95	97933.97	50551	0	CharlieHolbrow	
4448	1:49:50	1/1/2019 	6582748	25.00	136.00	6.62	18.95	97933.31	51916	1	CharlieHolbrow	
4449	1:49:53	1/1/2019 	6586211	17.00	9.00	7.00	18.95	97927.63	145749	0	CharlieHolbrow	
4450	1:49:54	1/1/2019 	6586636	38.00	410.00	6.23	18.95	97926.64	49806	0	CharlieHolbrow	
4451	1:49:54	1/1/2019 	6586795	50.00	733.00	6.17	18.95	97926.64	1836	1	CharlieHolbrow	
4452	1:49:54	1/1/2019 	6586808	21.00	50.00	6.78	18.95	97926.64	1835	0	CharlieHolbrow	
4453	1:49:54	1/1/2019 	6587448	30.00	217.00	6.42	18.94	97926.06	3803	0	CharlieHolbrow	
4454	1:49:56	1/1/2019 	6589114	17.00	9.00	7.00	18.94	97926.13	97777	0	CharlieHolbrow	
4455	1:49:56	1/1/2019 	6589456	18.00	8.00	6.93	18.94	97926.13	1835	0	CharlieHolbrow	
4456	1:49:57	1/1/2019 	6590356	21.00	54.00	6.78	18.94	97926.05	49805	0	CharlieHolbrow	
4457	1:49:57	1/1/2019 	6590463	18.00	8.00	6.93	18.94	97926.05	2582	0	CharlieHolbrow	
4458	1:50:01	1/1/2019 	6594292	21.00	56.00	6.78	18.93	97926.45	193718	1	CharlieHolbrow	
4459	1:50:02	1/1/2019 	6594965	20.00	46.00	6.84	18.93	97926.30	51918	1	CharlieHolbrow	
4460	1:50:04	1/1/2019 	6597388	27.00	163.00	6.53	18.93	97924.89	97777	1	CharlieHolbrow	
4461	1:50:05	1/1/2019 	6597596	25.00	140.00	6.62	18.93	97924.89	49807	0	CharlieHolbrow	
4462	1:50:05	1/1/2019 	6598459	33.00	285.00	6.33	18.93	97924.14	1836	1	CharlieHolbrow	
4463	1:50:06	1/1/2019 	6599486	22.00	83.00	6.74	18.93	97923.81	49807	1	CharlieHolbrow	
4464	1:50:07	1/1/2019 	6600219	22.00	76.00	6.74	18.92	97922.90	49809	0	CharlieHolbrow	
4465	1:50:08	1/1/2019 	6601284	19.00	26.00	6.89	18.92	97921.42	52675	0	CharlieHolbrow	
4466	1:50:08	1/1/2019 	6601311	18.00	9.00	6.93	18.92	97921.42	1835	0	CharlieHolbrow	
4467	1:50:09	1/1/2019 	6601634	17.00	8.00	6.99	18.92	97921.42	49807	0	CharlieHolbrow	
4468	1:50:09	1/1/2019 	6601899	24.00	98.00	6.64	18.92	97919.36	1835	0	CharlieHolbrow	
4469	1:50:10	1/1/2019 	6602697	18.00	11.00	6.94	18.92	97915.91	49807	1	CharlieHolbrow	
4470	1:50:11	1/1/2019 	6604036	17.00	9.00	7.00	18.92	97913.19	49809	0	CharlieHolbrow	
4471	1:50:15	1/1/2019 	6607990	19.00	14.00	6.88	18.91	97913.49	195694	0	CharlieHolbrow	
4472	1:50:16	1/1/2019 	6609268	17.00	8.00	6.99	18.91	97912.74	49808	0	CharlieHolbrow	
4473	1:50:19	1/1/2019 	6611813	23.00	105.00	6.70	18.91	97903.23	145751	1	CharlieHolbrow	
4474	1:50:19	1/1/2019 	6612449	18.00	15.00	6.94	18.91	97901.75	2582	0	CharlieHolbrow	
4475	1:50:21	1/1/2019 	6614228	18.00	14.00	6.94	18.90	97896.23	97780	1	CharlieHolbrow	
4476	1:50:24	1/1/2019 	6617052	48.00	667.00	6.16	18.90	97892.59	145751	0	CharlieHolbrow	
4477	1:50:25	1/1/2019 	6617978	17.00	8.00	6.99	18.90	97893.42	51919	0	CharlieHolbrow	
4478	1:50:27	1/1/2019 	6619870	18.00	16.00	6.94	18.90	97896.45	97779	0	CharlieHolbrow	
4479	1:50:29	1/1/2019 	6621906	18.00	9.00	6.93	18.89	97897.84	98526	0	CharlieHolbrow	
4480	1:50:32	1/1/2019 	6624855	24.00	112.00	6.65	18.89	97898.64	145749	1	CharlieHolbrow	
4481	1:50:32	1/1/2019 	6625440	26.00	144.00	6.57	18.89	97899.14	1836	0	CharlieHolbrow	
4482	1:50:33	1/1/2019 	6626357	26.00	136.00	6.57	18.89	97899.73	49808	0	CharlieHolbrow	
4483	1:50:34	1/1/2019 	6627478	20.00	43.00	6.84	18.89	97900.72	51921	0	CharlieHolbrow	
4484	1:50:36	1/1/2019 	6628803	19.00	23.00	6.89	18.89	97901.22	97781	0	CharlieHolbrow	
4485	1:50:39	1/1/2019 	6631720	18.00	9.00	6.93	18.88	97903.17	145753	0	CharlieHolbrow	
4486	1:50:39	1/1/2019 	6632481	17.00	8.00	6.99	18.88	97904.23	2582	0	CharlieHolbrow	
4487	1:50:41	1/1/2019 	6633845	19.00	28.00	6.89	18.88	97904.72	97780	0	CharlieHolbrow	
4488	1:50:43	1/1/2019 	6635667	17.00	8.00	6.99	18.88	97903.48	99892	0	CharlieHolbrow	
4489	1:50:43	1/1/2019 	6635933	17.00	8.00	6.99	18.88	97902.33	1835	0	CharlieHolbrow	
4490	1:50:44	1/1/2019 	6636728	20.00	48.00	6.84	18.87	97900.10	49807	0	CharlieHolbrow	
4491	1:50:44	1/1/2019 	6637024	18.00	9.00	6.93	18.87	97898.12	1838	0	CharlieHolbrow	
4492	1:50:44	1/1/2019 	6637176	23.00	91.00	6.69	18.87	97898.12	1841	1	CharlieHolbrow	
4493	1:50:45	1/1/2019 	6637713	17.00	8.00	6.99	18.87	97896.32	49811	0	CharlieHolbrow	
4494	1:50:46	1/1/2019 	6638553	18.00	9.00	6.93	18.87	97893.11	55147	0	CharlieHolbrow	
4495	1:50:46	1/1/2019 	6638947	24.00	110.00	6.65	18.87	97893.11	1835	0	CharlieHolbrow	
4496	1:50:46	1/1/2019 	6638970	28.00	166.00	6.49	18.87	97893.11	1835	1	CharlieHolbrow	
4497	1:50:46	1/1/2019 	6639137	17.00	6.00	6.99	18.87	97893.11	1835	0	CharlieHolbrow	
4498	1:50:46	1/1/2019 	6639366	17.00	9.00	7.00	18.87	97893.11	1834	0	CharlieHolbrow	
4499	1:50:47	1/1/2019 	6639751	48.00	684.00	6.17	18.87	97893.84	49806	1	CharlieHolbrow	
4500	1:50:47	1/1/2019 	6640048	17.00	8.00	6.99	18.87	97895.31	4701	0	CharlieHolbrow	
4501	1:50:47	1/1/2019 	6640116	17.00	9.00	7.00	18.87	97895.31	1834	0	CharlieHolbrow	
4502	1:50:48	1/1/2019 	6641478	17.00	8.00	6.99	18.87	97898.52	49806	0	CharlieHolbrow	
4503	1:50:52	1/1/2019 	6644931	17.00	8.00	6.99	18.86	97903.55	193723	0	CharlieHolbrow	
4504	1:50:52	1/1/2019 	6645047	18.00	8.00	6.93	18.86	97903.78	1834	0	CharlieHolbrow	
4505	1:50:53	1/1/2019 	6646443	24.00	127.00	6.66	18.86	97908.22	49808	1	CharlieHolbrow	
4506	1:50:53	1/1/2019 	6646496	17.00	8.00	6.99	18.86	97907.80	3805	0	CharlieHolbrow	
4507	1:50:53	1/1/2019 	6646590	22.00	60.00	6.73	18.86	97907.80	49807	0	CharlieHolbrow	
4508	1:50:54	1/1/2019 	6647104	21.00	67.00	6.79	18.86	97909.45	1835	0	CharlieHolbrow	
4509	1:50:54	1/1/2019 	6647714	18.00	9.00	6.93	18.86	97910.10	49807	1	CharlieHolbrow	
4510	1:50:55	1/1/2019 	6648134	23.00	110.00	6.70	18.86	97910.10	1834	1	CharlieHolbrow	
4511	1:50:57	1/1/2019 	6649841	23.00	103.00	6.70	18.86	97909.36	97782	1	CharlieHolbrow	
4512	1:50:57	1/1/2019 	6650024	27.00	173.00	6.54	18.86	97909.69	4702	0	CharlieHolbrow	
4513	1:50:59	1/1/2019 	6651816	30.00	221.00	6.42	18.85	97908.94	97780	1	CharlieHolbrow	
4514	1:50:59	1/1/2019 	6652580	18.00	8.00	6.93	18.85	97908.35	49810	0	CharlieHolbrow	
4515	1:51:00	1/1/2019 	6653641	17.00	8.00	6.99	18.85	97907.86	49808	0	CharlieHolbrow	
4516	1:51:01	1/1/2019 	6653929	50.00	704.00	6.16	18.85	97907.86	1835	1	CharlieHolbrow	
4517	1:51:01	1/1/2019 	6654571	17.00	8.00	6.99	18.85	97907.60	49809	0	CharlieHolbrow	
4518	1:51:02	1/1/2019 	6654870	22.00	57.00	6.73	18.85	97907.60	3803	1	CharlieHolbrow	
4519	1:51:02	1/1/2019 	6655121	17.00	8.00	6.99	18.85	97908.27	1835	0	CharlieHolbrow	
4520	1:51:02	1/1/2019 	6655251	20.00	26.00	6.83	18.85	97908.27	1834	0	CharlieHolbrow	
4521	1:51:04	1/1/2019 	6656764	22.00	87.00	6.74	18.85	97910.64	97783	0	CharlieHolbrow	
4522	1:51:04	1/1/2019 	6656903	17.00	8.00	6.99	18.85	97910.64	1836	0	CharlieHolbrow	
4523	1:51:04	1/1/2019 	6656935	18.00	9.00	6.93	18.85	97910.64	1834	0	CharlieHolbrow	
4524	1:51:05	1/1/2019 	6658402	17.00	8.00	6.99	18.84	97913.83	51776	0	CharlieHolbrow	
4525	1:51:06	1/1/2019 	6659302	18.00	19.00	6.95	18.84	97916.30	49808	0	CharlieHolbrow	
4526	1:51:08	1/1/2019 	6660755	25.00	149.00	6.62	18.84	97916.08	97782	1	CharlieHolbrow	
4527	1:51:08	1/1/2019 	6661571	33.00	258.00	6.32	18.84	97916.14	50555	0	CharlieHolbrow	
4528	1:51:08	1/1/2019 	6661635	18.00	9.00	6.93	18.84	97916.14	1836	0	CharlieHolbrow	
4529	1:51:10	1/1/2019 	6662911	17.00	9.00	7.00	18.84	97915.98	51919	0	CharlieHolbrow	
4530	1:51:15	1/1/2019 	6668599	19.00	29.00	6.89	18.83	97872.89	289668	0	CharlieHolbrow	
4531	1:51:16	1/1/2019 	6669080	21.00	58.00	6.79	18.83	97869.34	1835	0	CharlieHolbrow	
4532	1:51:16	1/1/2019 	6669423	18.00	11.00	6.94	18.83	97869.34	1835	0	CharlieHolbrow	
4533	1:51:17	1/1/2019 	6670394	18.00	17.00	6.95	18.82	97862.75	49806	0	CharlieHolbrow	
4534	1:51:19	1/1/2019 	6672186	17.00	9.00	7.00	18.82	97852.34	98524	0	CharlieHolbrow	
4535	1:51:20	1/1/2019 	6673453	17.00	9.00	7.00	18.82	97847.48	51917	0	CharlieHolbrow	
4536	1:51:22	1/1/2019 	6674770	24.00	93.00	6.64	18.81	97841.97	97776	1	CharlieHolbrow	
4537	1:51:22	1/1/2019 	6675420	17.00	7.00	6.99	18.81	97840.23	1836	0	CharlieHolbrow	
4538	1:51:23	1/1/2019 	6675855	17.00	8.00	6.99	18.81	97838.92	49806	0	CharlieHolbrow	
4539	1:51:23	1/1/2019 	6676488	30.00	229.00	6.42	18.81	97837.77	1834	1	CharlieHolbrow	
4540	1:51:24	1/1/2019 	6676983	17.00	8.00	6.99	18.81	97836.45	49807	0	CharlieHolbrow	
4541	1:51:24	1/1/2019 	6677411	32.00	250.00	6.35	18.81	97835.05	3804	1	CharlieHolbrow	
4542	1:51:26	1/1/2019 	6679591	19.00	10.00	6.87	18.80	97830.59	145751	0	CharlieHolbrow	
4543	1:51:27	1/1/2019 	6680448	21.00	49.00	6.78	18.80	97829.12	2583	0	CharlieHolbrow	
4544	1:51:28	1/1/2019 	6681013	37.00	388.00	6.25	18.80	97827.55	49811	1	CharlieHolbrow	
4545	1:51:29	1/1/2019 	6681791	25.00	149.00	6.62	18.80	97825.84	49808	1	CharlieHolbrow	
4546	1:51:30	1/1/2019 	6683041	19.00	28.00	6.89	18.80	97823.95	49809	0	CharlieHolbrow	
4547	1:51:31	1/1/2019 	6683926	22.00	96.00	6.75	18.80	97822.63	51974	1	CharlieHolbrow	
4548	1:51:32	1/1/2019 	6685131	24.00	123.00	6.66	18.79	97820.90	49807	1	CharlieHolbrow	
4549	1:51:32	1/1/2019 	6685640	17.00	8.00	6.99	18.79	97820.58	49809	0	CharlieHolbrow	
4550	1:51:33	1/1/2019 	6685909	31.00	290.00	6.41	18.79	97820.48	1834	1	CharlieHolbrow	
4551	1:51:33	1/1/2019 	6685980	17.00	8.00	6.99	18.79	97820.48	1836	0	CharlieHolbrow	
4552	1:51:33	1/1/2019 	6686065	38.00	394.00	6.23	18.79	97820.48	1834	0	CharlieHolbrow	
4553	1:51:33	1/1/2019 	6686554	18.00	9.00	6.93	18.79	97821.62	51778	0	CharlieHolbrow	
4554	1:51:34	1/1/2019 	6686845	24.00	114.00	6.65	18.79	97822.94	1839	1	CharlieHolbrow	
4555	1:51:34	1/1/2019 	6687194	17.00	8.00	6.99	18.79	97823.34	1835	0	CharlieHolbrow	
4556	1:51:34	1/1/2019 	6687339	17.00	9.00	7.00	18.79	97823.34	1834	0	CharlieHolbrow	
4557	1:51:36	1/1/2019 	6689482	18.00	11.00	6.94	18.79	97823.91	97779	0	CharlieHolbrow	
4558	1:51:37	1/1/2019 	6690698	18.00	9.00	6.93	18.78	97822.84	97779	0	CharlieHolbrow	
4559	1:51:38	1/1/2019 	6690991	23.00	102.00	6.70	18.78	97822.51	4720	0	CharlieHolbrow	
4560	1:51:38	1/1/2019 	6691738	20.00	18.00	6.82	18.78	97821.20	49808	0	CharlieHolbrow	
4561	1:51:39	1/1/2019 	6691986	20.00	43.00	6.84	18.78	97821.20	1834	1	CharlieHolbrow	
4562	1:51:40	1/1/2019 	6693325	18.00	8.00	6.93	18.78	97818.14	49807	0	CharlieHolbrow	
4563	1:51:41	1/1/2019 	6694473	24.00	113.00	6.65	18.78	97816.83	49808	0	CharlieHolbrow	
4564	1:51:42	1/1/2019 	6695450	18.00	9.00	6.93	18.78	97815.26	49808	0	CharlieHolbrow	
4565	1:51:43	1/1/2019 	6696144	24.00	119.00	6.66	18.78	97814.60	51778	1	CharlieHolbrow	
4566	1:51:44	1/1/2019 	6697068	17.00	9.00	7.00	18.78	97812.58	49808	0	CharlieHolbrow	
4567	1:51:45	1/1/2019 	6698586	19.00	24.00	6.89	18.78	97810.11	97778	0	CharlieHolbrow	
4568	1:51:46	1/1/2019 	6699401	18.00	9.00	6.93	18.77	97808.20	1835	0	CharlieHolbrow	
4569	1:51:47	1/1/2019 	6700400	17.00	9.00	7.00	18.77	97806.89	49807	1	CharlieHolbrow	
4570	1:51:49	1/1/2019 	6702689	19.00	26.00	6.89	18.77	97803.84	148618	0	CharlieHolbrow	
4571	1:51:50	1/1/2019 	6703129	21.00	52.00	6.78	18.77	97803.84	1834	0	CharlieHolbrow	
4572	1:51:51	1/1/2019 	6704254	17.00	8.00	6.99	18.77	97803.09	49808	0	CharlieHolbrow	
4573	1:51:53	1/1/2019 	6706258	26.00	161.00	6.58	18.77	97803.34	97780	0	CharlieHolbrow	
4574	1:51:53	1/1/2019 	6706630	32.00	270.00	6.36	18.77	97803.17	49808	1	CharlieHolbrow	
4575	1:51:56	1/1/2019 	6709332	19.00	26.00	6.89	18.76	97802.59	97780	1	CharlieHolbrow	
4576	1:51:58	1/1/2019 	6711685	27.00	181.00	6.54	18.76	97802.59	147775	1	CharlieHolbrow	
4577	1:51:59	1/1/2019 	6712180	31.00	266.00	6.40	18.76	97802.34	2583	1	CharlieHolbrow	
4578	1:52:00	1/1/2019 	6712838	20.00	44.00	6.84	18.76	97802.17	49809	1	CharlieHolbrow	
4579	1:52:01	1/1/2019 	6713945	17.00	8.00	6.99	18.76	97801.18	49808	0	CharlieHolbrow	
4580	1:52:02	1/1/2019 	6715273	17.00	9.00	7.00	18.76	97800.44	49806	0	CharlieHolbrow	
4581	1:52:03	1/1/2019 	6715753	17.00	8.00	6.99	18.76	97800.11	49807	0	CharlieHolbrow	
4582	1:52:03	1/1/2019 	6716425	24.00	92.00	6.64	18.76	97799.20	3946	0	CharlieHolbrow	
4583	1:52:04	1/1/2019 	6717707	23.00	102.00	6.70	18.76	97798.86	97778	0	CharlieHolbrow	
4584	1:52:05	1/1/2019 	6718688	18.00	11.00	6.94	18.76	97798.86	49809	0	CharlieHolbrow	
4585	1:52:08	1/1/2019 	6721596	18.00	9.00	6.93	18.75	97798.06	145753	0	CharlieHolbrow	
4586	1:52:09	1/1/2019 	6722192	17.00	8.00	6.99	18.75	97798.06	2778	0	CharlieHolbrow	
4587	1:52:10	1/1/2019 	6722870	24.00	106.00	6.65	18.75	97798.22	49808	1	CharlieHolbrow	
4588	1:52:11	1/1/2019 	6724288	17.00	8.00	6.99	18.74	97797.78	55294	0	CharlieHolbrow	
4589	1:52:12	1/1/2019 	6725678	17.00	9.00	7.00	18.74	97798.45	97779	0	CharlieHolbrow	
4590	1:52:13	1/1/2019 	6725920	21.00	59.00	6.79	18.74	97798.45	1834	1	CharlieHolbrow	
4591	1:52:13	1/1/2019 	6726234	24.00	87.00	6.63	18.74	97798.45	1834	0	CharlieHolbrow	
4592	1:52:15	1/1/2019 	6727987	18.00	8.00	6.93	18.74	97798.52	97779	0	CharlieHolbrow	
4593	1:52:18	1/1/2019 	6730808	18.00	9.00	6.93	18.74	97800.00	145751	0	CharlieHolbrow	
4594	1:52:18	1/1/2019 	6731410	24.00	93.00	6.64	18.74	97799.73	4889	0	CharlieHolbrow	
4595	1:52:19	1/1/2019 	6732014	19.00	28.00	6.89	18.74	97799.91	49805	0	CharlieHolbrow	
4596	1:52:19	1/1/2019 	6732052	18.00	9.00	6.93	18.74	97799.91	1834	0	CharlieHolbrow	
4597	1:52:19	1/1/2019 	6732314	19.00	9.00	6.87	18.74	97799.91	1834	0	CharlieHolbrow	
4598	1:52:19	1/1/2019 	6732416	17.00	8.00	6.99	18.74	97799.91	1833	0	CharlieHolbrow	
4599	1:52:19	1/1/2019 	6732491	25.00	114.00	6.60	18.74	97799.73	1834	1	CharlieHolbrow	
4600	1:52:19	1/1/2019 	6732496	18.00	9.00	6.93	18.74	97799.73	3803	0	CharlieHolbrow	
4601	1:52:20	1/1/2019 	6732796	17.00	8.00	6.99	18.74	97799.73	49806	0	CharlieHolbrow	
4602	1:52:21	1/1/2019 	6734231	17.00	8.00	6.99	18.74	97799.32	49806	0	CharlieHolbrow	
4603	1:52:22	1/1/2019 	6735070	19.00	26.00	6.89	18.74	97799.16	49807	0	CharlieHolbrow	
4604	1:52:22	1/1/2019 	6735466	17.00	8.00	6.99	18.74	97799.16	1836	0	CharlieHolbrow	
4605	1:52:23	1/1/2019 	6736045	29.00	230.00	6.47	18.74	97798.83	49805	0	CharlieHolbrow	
4606	1:52:23	1/1/2019 	6736292	17.00	8.00	6.99	18.74	97798.83	3806	0	CharlieHolbrow	
4607	1:52:23	1/1/2019 	6736646	25.00	111.00	6.60	18.74	97798.66	49806	0	CharlieHolbrow	
4608	1:52:24	1/1/2019 	6736752	18.00	8.00	6.93	18.74	97798.66	1835	0	CharlieHolbrow	
4609	1:52:25	1/1/2019 	6738681	25.00	134.00	6.61	18.73	97798.24	97781	1	CharlieHolbrow	
4610	1:52:26	1/1/2019 	6738992	18.00	8.00	6.93	18.73	97798.24	1835	0	CharlieHolbrow	
4611	1:52:26	1/1/2019 	6739312	24.00	88.00	6.63	18.73	97798.24	3803	0	CharlieHolbrow	
4612	1:52:27	1/1/2019 	6739878	22.00	80.00	6.74	18.73	97798.02	49807	0	CharlieHolbrow	
4613	1:52:28	1/1/2019 	6741569	17.00	8.00	6.99	18.73	97797.53	98723	0	CharlieHolbrow	
4614	1:52:28	1/1/2019 	6741591	38.00	396.00	6.23	18.73	97797.53	1834	1	CharlieHolbrow	
4615	1:52:29	1/1/2019 	6742102	22.00	76.00	6.74	18.73	97797.69	1835	1	CharlieHolbrow	
4616	1:52:30	1/1/2019 	6742898	17.00	9.00	7.00	18.73	97797.69	49809	0	CharlieHolbrow	
4617	1:52:31	1/1/2019 	6743754	28.00	200.00	6.50	18.73	97796.78	51920	0	CharlieHolbrow	
4618	1:52:31	1/1/2019 	6744719	17.00	9.00	7.00	18.73	97796.78	49809	0	CharlieHolbrow	
4619	1:52:32	1/1/2019 	6744763	23.00	94.00	6.69	18.73	97796.78	1835	0	CharlieHolbrow	
4620	1:52:33	1/1/2019 	6746186	32.00	281.00	6.36	18.73	97797.02	49808	1	CharlieHolbrow	
4621	1:52:36	1/1/2019 	6748775	17.00	10.00	7.00	18.72	97797.75	145753	0	CharlieHolbrow	
4622	1:52:39	1/1/2019 	6752113	19.00	31.00	6.90	18.72	97799.30	145753	1	CharlieHolbrow	
4623	1:52:39	1/1/2019 	6752133	19.00	14.00	6.88	18.72	97799.30	4889	1	CharlieHolbrow	
4624	1:52:39	1/1/2019 	6752172	26.00	124.00	6.56	18.72	97799.30	1834	0	CharlieHolbrow	
4625	1:52:39	1/1/2019 	6752710	25.00	100.00	6.59	18.72	97798.72	49808	0	CharlieHolbrow	
4626	1:52:40	1/1/2019 	6753721	17.00	8.00	6.99	18.72	97798.55	49808	0	CharlieHolbrow	
4627	1:52:41	1/1/2019 	6754118	21.00	61.00	6.79	18.72	97798.72	1834	0	CharlieHolbrow	
4628	1:52:42	1/1/2019 	6755378	25.00	141.00	6.62	18.72	97798.79	49807	1	CharlieHolbrow	
4629	1:52:43	1/1/2019 	6756159	20.00	48.00	6.84	18.72	97799.45	51779	0	CharlieHolbrow	
4630	1:52:44	1/1/2019 	6757199	31.00	289.00	6.40	18.71	97798.86	49808	0	CharlieHolbrow	
4631	1:52:44	1/1/2019 	6757685	18.00	9.00	6.93	18.71	97799.03	49809	0	CharlieHolbrow	
4632	1:52:53	1/1/2019 	6766229	17.00	9.00	7.00	18.71	97798.62	385624	0	CharlieHolbrow	
4633	1:52:54	1/1/2019 	6767649	20.00	39.00	6.84	18.70	97797.05	98729	0	CharlieHolbrow	
4634	1:52:55	1/1/2019 	6768133	18.00	10.00	6.93	18.70	97796.73	1836	0	CharlieHolbrow	
4635	1:52:58	1/1/2019 	6771558	17.00	8.00	6.99	18.70	97795.56	195843	0	CharlieHolbrow	
4636	1:53:03	1/1/2019 	6776134	19.00	13.00	6.88	18.69	97794.88	194672	0	CharlieHolbrow	
4637	1:53:03	1/1/2019 	6776489	31.00	254.00	6.39	18.69	97794.72	1836	1	CharlieHolbrow	
4638	1:53:04	1/1/2019 	6777654	17.00	8.00	6.99	18.69	97793.97	97783	0	CharlieHolbrow	
4639	1:53:05	1/1/2019 	6777793	17.00	8.00	6.99	18.69	97793.97	1834	0	CharlieHolbrow	
4640	1:53:05	1/1/2019 	6778161	19.00	15.00	6.88	18.69	97793.97	1834	0	CharlieHolbrow	
4641	1:53:05	1/1/2019 	6778334	17.00	8.00	6.99	18.69	97793.97	4000	0	CharlieHolbrow	
4642	1:53:05	1/1/2019 	6778404	23.00	68.00	6.68	18.69	97793.97	1834	1	CharlieHolbrow	
4643	1:53:05	1/1/2019 	6778559	19.00	9.00	6.87	18.69	97793.97	49809	0	CharlieHolbrow	
4644	1:53:06	1/1/2019 	6778873	24.00	109.00	6.65	18.69	97794.30	1834	0	CharlieHolbrow	
4645	1:53:06	1/1/2019 	6779002	18.00	9.00	6.93	18.69	97794.30	1836	1	CharlieHolbrow	
4646	1:53:07	1/1/2019 	6780597	17.00	9.00	7.00	18.69	97795.55	99749	0	CharlieHolbrow	
4647	1:53:08	1/1/2019 	6780768	17.00	8.00	6.99	18.69	97795.55	2777	0	CharlieHolbrow	
4648	1:53:08	1/1/2019 	6780916	22.00	43.00	6.72	18.69	97795.39	1835	0	CharlieHolbrow	
4649	1:53:10	1/1/2019 	6782895	25.00	142.00	6.62	18.69	97796.12	97784	0	CharlieHolbrow	
4650	1:53:10	1/1/2019 	6783097	17.00	8.00	6.99	18.69	97796.12	1842	0	CharlieHolbrow	
4651	1:53:11	1/1/2019 	6784021	31.00	253.00	6.39	18.68	97796.20	49813	1	CharlieHolbrow	
4652	1:53:11	1/1/2019 	6784197	41.00	441.00	6.17	18.68	97796.20	3949	1	CharlieHolbrow	
4653	1:53:11	1/1/2019 	6784499	18.00	8.00	6.93	18.68	97796.20	1834	0	CharlieHolbrow	
4654	1:53:13	1/1/2019 	6786452	25.00	128.00	6.61	18.68	97796.59	97809	0	CharlieHolbrow	
4655	1:53:14	1/1/2019 	6787348	17.00	8.00	6.99	18.68	97797.25	49809	0	CharlieHolbrow	
4656	1:53:14	1/1/2019 	6787692	18.00	8.00	6.93	18.68	97797.25	49809	0	CharlieHolbrow	
4657	1:53:15	1/1/2019 	6787956	18.00	11.00	6.94	18.68	97796.50	1833	0	CharlieHolbrow	
4658	1:53:15	1/1/2019 	6788435	19.00	14.00	6.88	18.68	97796.50	3805	0	CharlieHolbrow	
4659	1:53:15	1/1/2019 	6788480	18.00	9.00	6.93	18.68	97796.50	1833	0	CharlieHolbrow	
4660	1:53:16	1/1/2019 	6789094	17.00	8.00	6.99	18.68	97795.69	49807	0	CharlieHolbrow	
4661	1:53:16	1/1/2019 	6789132	20.00	13.00	6.81	18.68	97795.69	1835	0	CharlieHolbrow	
4662	1:53:16	1/1/2019 	6789453	24.00	110.00	6.65	18.68	97795.19	1834	1	CharlieHolbrow	
4663	1:53:18	1/1/2019 	6791671	23.00	99.00	6.70	18.68	97791.81	145756	0	CharlieHolbrow	
4664	1:53:18	1/1/2019 	6791723	28.00	152.00	6.48	18.68	97791.81	4890	0	CharlieHolbrow	
4665	1:53:19	1/1/2019 	6792336	17.00	9.00	7.00	18.67	97790.73	1835	0	CharlieHolbrow	
4666	1:53:21	1/1/2019 	6793786	17.00	9.00	7.00	18.67	97788.44	97779	0	CharlieHolbrow	
4667	1:53:21	1/1/2019 	6794168	18.00	9.00	6.93	18.67	97787.45	1834	0	CharlieHolbrow	
4668	1:53:23	1/1/2019 	6795842	39.00	452.00	6.22	18.67	97785.39	97780	1	CharlieHolbrow	
4669	1:53:23	1/1/2019 	6796185	18.00	9.00	6.93	18.67	97784.48	1835	0	CharlieHolbrow	
4670	1:53:25	1/1/2019 	6798124	31.00	269.00	6.40	18.67	97782.77	99804	1	CharlieHolbrow	
4671	1:53:25	1/1/2019 	6798706	25.00	116.00	6.60	18.67	97782.61	49809	0	CharlieHolbrow	
4672	1:53:26	1/1/2019 	6799068	17.00	8.00	6.99	18.67	97782.45	1834	0	CharlieHolbrow	
4673	1:53:27	1/1/2019 	6799912	17.00	9.00	7.00	18.66	97781.53	49809	0	CharlieHolbrow	
4674	1:53:28	1/1/2019 	6800988	24.00	132.00	6.66	18.66	97781.04	50752	1	CharlieHolbrow	
4675	1:53:29	1/1/2019 	6801852	17.00	8.00	6.99	18.66	97780.72	49809	0	CharlieHolbrow	
4676	1:53:29	1/1/2019 	6801982	17.00	8.00	6.99	18.66	97780.12	3948	0	CharlieHolbrow	
4677	1:53:30	1/1/2019 	6802782	24.00	116.00	6.65	18.66	97780.12	49815	0	CharlieHolbrow	
4678	1:53:30	1/1/2019 	6803496	44.00	507.00	6.14	18.66	97779.55	1841	1	CharlieHolbrow	
4679	1:53:31	1/1/2019 	6804676	17.00	8.00	6.99	18.66	97779.38	97783	0	CharlieHolbrow	
4680	1:53:33	1/1/2019 	6806036	17.00	9.00	7.00	18.65	97778.80	49809	0	CharlieHolbrow	
4681	1:53:34	1/1/2019 	6807713	18.00	10.00	6.93	18.65	97777.89	97782	0	CharlieHolbrow	
4682	1:53:36	1/1/2019 	6808830	17.00	9.00	7.00	18.65	97777.30	51780	0	CharlieHolbrow	
4683	1:53:39	1/1/2019 	6812440	17.00	8.00	6.99	18.64	97776.30	145755	0	CharlieHolbrow	
4684	1:53:40	1/1/2019 	6812940	17.00	8.00	6.99	18.64	97776.30	50749	0	CharlieHolbrow	
4685	1:53:42	1/1/2019 	6814756	18.00	9.00	6.93	18.64	97776.23	97782	0	CharlieHolbrow	
4686	1:53:42	1/1/2019 	6814879	18.00	8.00	6.93	18.64	97776.23	1834	0	CharlieHolbrow	
4687	1:53:42	1/1/2019 	6815027	25.00	92.00	6.59	18.64	97776.41	3999	1	CharlieHolbrow	
4688	1:53:42	1/1/2019 	6815071	22.00	77.00	6.74	18.64	97776.41	1835	0	CharlieHolbrow	
4689	1:53:43	1/1/2019 	6815751	18.00	9.00	6.93	18.64	97776.57	49806	0	CharlieHolbrow	
4690	1:53:44	1/1/2019 	6816837	29.00	232.00	6.47	18.64	97776.81	49808	1	CharlieHolbrow	
4691	1:53:45	1/1/2019 	6818105	17.00	8.00	6.99	18.64	97778.03	49808	0	CharlieHolbrow	
4692	1:53:46	1/1/2019 	6819467	17.00	8.00	6.99	18.64	97779.67	49808	0	CharlieHolbrow	
4693	1:53:47	1/1/2019 	6819857	17.00	8.00	6.99	18.63	97779.33	51778	0	CharlieHolbrow	
4694	1:53:47	1/1/2019 	6820694	18.00	9.00	6.93	18.63	97780.31	50751	0	CharlieHolbrow	
4695	1:53:48	1/1/2019 	6820793	27.00	170.00	6.54	18.63	97780.31	1834	1	CharlieHolbrow	
4696	1:53:49	1/1/2019 	6821799	27.00	173.00	6.54	18.63	97780.39	49808	1	CharlieHolbrow	
4697	1:53:51	1/1/2019 	6824183	38.00	420.00	6.24	18.63	97781.94	97782	1	CharlieHolbrow	
4698	1:53:52	1/1/2019 	6825478	18.00	9.00	6.93	18.63	97782.92	49809	0	CharlieHolbrow	
4699	1:53:53	1/1/2019 	6826678	26.00	149.00	6.57	18.62	97783.33	99893	0	CharlieHolbrow	
4700	1:53:54	1/1/2019 	6827565	17.00	8.00	6.99	18.62	97783.00	49809	0	CharlieHolbrow	
4701	1:53:57	1/1/2019 	6830173	17.00	9.00	7.00	18.62	97780.94	97781	0	CharlieHolbrow	
4702	1:53:58	1/1/2019 	6831070	25.00	130.00	6.61	18.62	97780.28	50750	1	CharlieHolbrow	
4703	1:54:00	1/1/2019 	6832843	19.00	24.00	6.89	18.62	97781.04	97782	0	CharlieHolbrow	
4704	1:54:01	1/1/2019 	6834126	17.00	5.00	6.99	18.62	97782.69	49809	0	CharlieHolbrow	
4705	1:54:01	1/1/2019 	6834622	20.00	28.00	6.83	18.62	97782.42	51920	0	CharlieHolbrow	
4706	1:54:02	1/1/2019 	6834749	21.00	48.00	6.78	18.62	97782.42	1835	0	CharlieHolbrow	
4707	1:54:03	1/1/2019 	6835934	24.00	117.00	6.65	18.62	97782.76	49808	0	CharlieHolbrow	
4708	1:54:03	1/1/2019 	6836286	21.00	44.00	6.78	18.61	97782.66	1835	0	CharlieHolbrow	
4709	1:54:03	1/1/2019 	6836381	26.00	112.00	6.55	18.61	97782.66	1834	1	CharlieHolbrow	
4710	1:54:04	1/1/2019 	6837493	17.00	9.00	7.00	18.61	97782.66	49809	0	CharlieHolbrow	
4711	1:54:04	1/1/2019 	6837603	25.00	111.00	6.60	18.61	97782.66	51777	1	CharlieHolbrow	
4712	1:54:05	1/1/2019 	6838076	25.00	128.00	6.61	18.61	97782.66	1835	0	CharlieHolbrow	
4713	1:54:06	1/1/2019 	6838976	24.00	117.00	6.65	18.61	97782.41	49810	1	CharlieHolbrow	
4714	1:54:07	1/1/2019 	6839992	24.00	112.00	6.65	18.61	97782.81	49810	1	CharlieHolbrow	
4715	1:54:07	1/1/2019 	6840044	18.00	9.00	6.93	18.61	97782.81	2778	0	CharlieHolbrow	
4716	1:54:08	1/1/2019 	6841356	18.00	8.00	6.93	18.61	97785.02	49808	0	CharlieHolbrow	
4717	1:54:09	1/1/2019 	6842357	17.00	9.00	7.00	18.61	97787.16	51921	0	CharlieHolbrow	
4718	1:54:10	1/1/2019 	6843001	17.00	8.00	6.99	18.60	97788.22	49809	0	CharlieHolbrow	
4719	1:54:12	1/1/2019 	6845195	17.00	8.00	6.99	18.60	97795.43	97781	0	CharlieHolbrow	
4720	1:54:13	1/1/2019 	6846343	17.00	9.00	7.00	18.60	97799.48	49809	0	CharlieHolbrow	
4721	1:54:13	1/1/2019 	6846445	18.00	10.00	6.93	18.60	97799.48	1835	0	CharlieHolbrow	
4722	1:54:14	1/1/2019 	6846875	19.00	22.00	6.89	18.60	97801.45	49808	0	CharlieHolbrow	
4723	1:54:16	1/1/2019 	6849622	24.00	136.00	6.67	18.59	97814.33	147727	1	CharlieHolbrow	
4724	1:54:17	1/1/2019 	6850404	20.00	48.00	6.84	18.59	97819.34	2778	1	CharlieHolbrow	
4725	1:54:17	1/1/2019 	6850673	30.00	234.00	6.42	18.59	97819.34	49810	0	CharlieHolbrow	
4726	1:54:18	1/1/2019 	6851267	17.00	8.00	6.99	18.59	97824.83	1834	0	CharlieHolbrow	
4727	1:54:20	1/1/2019 	6853096	19.00	18.00	6.88	18.59	97833.61	97780	0	CharlieHolbrow	
4728	1:54:21	1/1/2019 	6854004	24.00	109.00	6.65	18.59	97839.85	51920	1	CharlieHolbrow	
4729	1:54:21	1/1/2019 	6854184	19.00	9.00	6.87	18.59	97839.85	1836	0	CharlieHolbrow	
4730	1:54:21	1/1/2019 	6854235	17.00	8.00	6.99	18.58	97842.55	1834	0	CharlieHolbrow	
4731	1:54:22	1/1/2019 	6855034	17.00	5.00	6.99	18.58	97845.84	49806	0	CharlieHolbrow	
4732	1:54:22	1/1/2019 	6855054	18.00	8.00	6.93	18.58	97845.84	1833	0	CharlieHolbrow	
4733	1:54:22	1/1/2019 	6855377	26.00	144.00	6.57	18.58	97848.80	1834	1	CharlieHolbrow	
4734	1:54:23	1/1/2019 	6856284	17.00	8.00	6.99	18.58	97854.95	51777	0	CharlieHolbrow	
4735	1:54:24	1/1/2019 	6856929	17.00	8.00	6.99	18.58	97858.07	49807	0	CharlieHolbrow	
4736	1:54:25	1/1/2019 	6858210	17.00	9.00	7.00	18.58	97864.05	49807	0	CharlieHolbrow	
4737	1:54:25	1/1/2019 	6858346	26.00	110.00	6.55	18.58	97867.34	1835	1	CharlieHolbrow	
4738	1:54:26	1/1/2019 	6858881	17.00	8.00	6.99	18.58	97870.95	49808	0	CharlieHolbrow	
4739	1:54:26	1/1/2019 	6859642	20.00	24.00	6.83	18.58	97874.15	49807	0	CharlieHolbrow	
4740	1:54:27	1/1/2019 	6860567	16.00	9.00	7.07	18.58	97881.38	52862	0	CharlieHolbrow	
4741	1:54:28	1/1/2019 	6861436	21.00	75.00	6.79	18.57	97888.38	1839	1	CharlieHolbrow	
4742	1:54:29	1/1/2019 	6861832	17.00	9.00	7.00	18.57	97891.83	49807	0	CharlieHolbrow	
4743	1:54:29	1/1/2019 	6862331	18.00	9.00	6.93	18.57	97895.45	1835	0	CharlieHolbrow	
4744	1:54:29	1/1/2019 	6862363	25.00	101.00	6.59	18.57	97895.45	1834	1	CharlieHolbrow	
4745	1:54:30	1/1/2019 	6862989	17.00	9.00	7.00	18.57	97898.47	49808	0	CharlieHolbrow	
4746	1:54:30	1/1/2019 	6863666	18.00	8.00	6.93	18.57	97901.92	51775	0	CharlieHolbrow	
4747	1:54:31	1/1/2019 	6863942	17.00	8.00	6.99	18.57	97905.70	1834	0	CharlieHolbrow	
4748	1:54:33	1/1/2019 	6866017	22.00	70.00	6.73	18.57	97920.56	97780	0	CharlieHolbrow	
4749	1:54:33	1/1/2019 	6866726	23.00	59.00	6.67	18.57	97924.50	49809	0	CharlieHolbrow	
4750	1:54:36	1/1/2019 	6869718	17.00	8.00	6.99	18.56	97946.17	145752	0	CharlieHolbrow	
4751	1:54:37	1/1/2019 	6869757	26.00	126.00	6.56	18.56	97946.17	2777	0	CharlieHolbrow	
4752	1:54:37	1/1/2019 	6870656	17.00	8.00	6.99	18.56	97953.89	51921	0	CharlieHolbrow	
4753	1:54:39	1/1/2019 	6872710	24.00	130.00	6.66	18.56	97970.06	97779	0	CharlieHolbrow	
4754	1:54:40	1/1/2019 	6872917	18.00	13.00	6.94	18.56	97973.75	1836	0	CharlieHolbrow	
4755	1:54:40	1/1/2019 	6873028	18.00	8.00	6.93	18.56	97973.75	1834	0	CharlieHolbrow	
4756	1:54:43	1/1/2019 	6876040	13.00	18.00	7.31	18.56	97998.62	145754	0	CharlieHolbrow	
4757	1:54:44	1/1/2019 	6877176	31.00	253.00	6.39	18.56	98007.00	49814	0	CharlieHolbrow	
4758	1:54:45	1/1/2019 	6878563	17.00	9.00	7.00	18.55	98019.59	99751	0	CharlieHolbrow	
4759	1:54:46	1/1/2019 	6878783	22.00	82.00	6.74	18.55	98019.59	1835	1	CharlieHolbrow	
4760	1:54:46	1/1/2019 	6879308	23.00	96.00	6.69	18.55	98023.86	1835	0	CharlieHolbrow	
4761	1:54:46	1/1/2019 	6879415	31.00	270.00	6.40	18.55	98028.14	1834	0	CharlieHolbrow	
4762	1:54:47	1/1/2019 	6879763	17.00	8.00	6.99	18.55	98028.14	49808	0	CharlieHolbrow	
4763	1:54:48	1/1/2019 	6880786	25.00	120.00	6.61	18.55	98035.44	50750	1	CharlieHolbrow	
4764	1:54:48	1/1/2019 	6881138	17.00	9.00	7.00	18.55	98038.39	3948	0	CharlieHolbrow	
4765	1:54:48	1/1/2019 	6881695	17.00	9.00	7.00	18.55	98041.35	49807	0	CharlieHolbrow	
4766	1:54:49	1/1/2019 	6882157	17.00	9.00	7.00	18.55	98044.80	1833	0	CharlieHolbrow	
4767	1:54:50	1/1/2019 	6882926	17.00	9.00	7.00	18.55	98053.84	49808	0	CharlieHolbrow	
4768	1:54:51	1/1/2019 	6884557	18.00	10.00	6.93	18.55	98077.48	97780	0	CharlieHolbrow	
4769	1:54:52	1/1/2019 	6885190	17.00	9.00	7.00	18.55	98088.33	3750	0	CharlieHolbrow	
4770	1:54:52	1/1/2019 	6885466	17.00	8.00	6.99	18.55	98099.74	1833	0	CharlieHolbrow	
4771	1:54:53	1/1/2019 	6885854	42.00	531.00	6.18	18.55	98099.74	49807	1	CharlieHolbrow	
4772	1:54:53	1/1/2019 	6886059	20.00	37.00	6.84	18.55	98113.21	1836	0	CharlieHolbrow	
4773	1:54:57	1/1/2019 	6890415	19.00	7.00	6.86	18.55	98283.24	193729	0	CharlieHolbrow	
4774	1:54:58	1/1/2019 	6891253	21.00	59.00	6.79	18.55	98345.58	50555	1	CharlieHolbrow	
4775	1:54:58	1/1/2019 	6891596	20.00	26.00	6.83	18.55	98379.92	53111	1	CharlieHolbrow	
4776	1:54:59	1/1/2019 	6892045	17.00	8.00	6.99	18.55	98416.23	1834	0	CharlieHolbrow	
4777	1:55:01	1/1/2019 	6893953	22.00	57.00	6.73	18.55	98534.12	97786	0	CharlieHolbrow	
4778	1:55:01	1/1/2019 	6894094	18.00	13.00	6.94	18.55	98576.52	1840	0	CharlieHolbrow	
4779	1:55:01	1/1/2019 	6894683	30.00	237.00	6.43	18.55	98620.22	49809	1	CharlieHolbrow	
4780	1:55:01	1/1/2019 	6894743	26.00	143.00	6.57	18.55	98620.22	1835	1	CharlieHolbrow	
4781	1:55:02	1/1/2019 	6895718	27.00	181.00	6.54	18.55	98711.41	51780	0	CharlieHolbrow	
4782	1:55:03	1/1/2019 	6895883	18.00	8.00	6.93	18.55	98711.41	1835	0	CharlieHolbrow	
4783	1:55:04	1/1/2019 	6897602	17.00	9.00	7.00	18.55	98905.90	97780	0	CharlieHolbrow	
4784	1:55:05	1/1/2019 	6898207	23.00	103.00	6.70	18.55	98958.48	1835	1	CharlieHolbrow	
4785	1:55:05	1/1/2019 	6898321	18.00	9.00	6.93	18.55	98958.48	1836	0	CharlieHolbrow	
4786	1:55:05	1/1/2019 	6898438	17.00	8.00	6.99	18.55	98958.48	1833	0	CharlieHolbrow	
4787	1:55:05	1/1/2019 	6898636	17.00	8.00	6.99	18.55	99012.80	55153	0	CharlieHolbrow	
4788	1:55:08	1/1/2019 	6900801	17.00	8.00	6.99	18.56	99246.06	97783	0	CharlieHolbrow	
4789	1:55:09	1/1/2019 	6902718	18.00	10.00	6.93	18.56	99496.73	98530	0	CharlieHolbrow	
4790	1:55:10	1/1/2019 	6903188	17.00	8.00	6.99	18.56	99559.95	1836	1	CharlieHolbrow	
4791	1:55:10	1/1/2019 	6903286	23.00	82.00	6.68	18.56	99559.95	1834	1	CharlieHolbrow	
4792	1:55:11	1/1/2019 	6903751	29.00	240.00	6.47	18.56	99623.23	49809	0	CharlieHolbrow	
4793	1:55:11	1/1/2019 	6904251	46.00	547.00	6.12	18.57	99686.12	3948	1	CharlieHolbrow	
4794	1:55:11	1/1/2019 	6904639	17.00	9.00	7.00	18.57	99748.09	49809	0	CharlieHolbrow	
4795	1:55:12	1/1/2019 	6904836	24.00	108.00	6.65	18.57	99748.09	1833	0	CharlieHolbrow	
4796	1:55:12	1/1/2019 	6904938	24.00	93.00	6.64	18.57	99748.09	1835	1	CharlieHolbrow	
4797	1:55:13	1/1/2019 	6905964	21.00	45.00	6.78	18.57	99870.75	49808	0	CharlieHolbrow	
4798	1:55:13	1/1/2019 	6906251	28.00	174.00	6.49	18.57	99930.85	1835	1	CharlieHolbrow	
4799	1:55:16	1/1/2019 	6908761	17.00	9.00	7.00	18.58	100216.12	147727	0	CharlieHolbrow	
4800	1:55:16	1/1/2019 	6909072	39.00	394.00	6.20	18.59	100270.15	1840	0	CharlieHolbrow	
4801	1:55:16	1/1/2019 	6909079	26.00	134.00	6.56	18.59	100270.15	1836	0	CharlieHolbrow	
4802	1:55:16	1/1/2019 	6909101	19.00	13.00	6.88	18.59	100270.15	1835	0	CharlieHolbrow	
4803	1:55:16	1/1/2019 	6909583	23.00	72.00	6.68	18.59	100323.03	49809	0	CharlieHolbrow	
4804	1:55:18	1/1/2019 	6910870	27.00	123.00	6.51	18.60	100425.93	52673	1	CharlieHolbrow	
4805	1:55:19	1/1/2019 	6912187	17.00	8.00	6.99	18.60	100572.22	49807	0	CharlieHolbrow	
4806	1:55:21	1/1/2019 	6913870	23.00	87.00	6.69	18.61	100710.81	97780	0	CharlieHolbrow	
4807	1:55:21	1/1/2019 	6914012	23.00	66.00	6.68	18.61	100710.81	1836	1	CharlieHolbrow	
4808	1:55:22	1/1/2019 	6915083	17.00	8.00	6.99	18.62	100798.84	49808	0	CharlieHolbrow	
4809	1:55:22	1/1/2019 	6915242	18.00	9.00	6.93	18.62	100841.53	1835	0	CharlieHolbrow	
4810	1:55:23	1/1/2019 	6916357	17.00	9.00	7.00	18.62	100924.09	51777	0	CharlieHolbrow	
4811	1:55:24	1/1/2019 	6917380	19.00	22.00	6.89	18.63	101003.91	49808	1	CharlieHolbrow	
4812	1:55:24	1/1/2019 	6917551	17.00	9.00	7.00	18.63	101003.91	49809	0	CharlieHolbrow	
4813	1:55:26	1/1/2019 	6919300	17.00	8.00	6.99	18.64	101154.27	49807	0	CharlieHolbrow	
4814	1:55:26	1/1/2019 	6919385	22.00	61.00	6.73	18.64	101154.27	1835	0	CharlieHolbrow	
4815	1:55:27	1/1/2019 	6919874	26.00	150.00	6.57	18.64	101189.53	49808	0	CharlieHolbrow	
4816	1:55:29	1/1/2019 	6922713	18.00	8.00	6.93	18.66	101384.03	148623	0	CharlieHolbrow	
4817	1:55:32	1/1/2019 	6924921	17.00	8.00	6.99	18.68	101487.02	97783	0	CharlieHolbrow	
4818	1:55:32	1/1/2019 	6925621	27.00	151.00	6.53	18.68	101508.61	49809	0	CharlieHolbrow	
4819	1:55:34	1/1/2019 	6927169	17.00	13.00	7.01	18.69	101565.27	49810	0	CharlieHolbrow	
4820	1:55:35	1/1/2019 	6927970	17.00	9.00	7.00	18.70	101597.89	49809	0	CharlieHolbrow	
4821	1:55:36	1/1/2019 	6929327	35.00	355.00	6.30	18.71	101641.91	49809	1	CharlieHolbrow	
4822	1:55:37	1/1/2019 	6929951	17.00	8.00	6.99	18.71	101655.52	51779	0	CharlieHolbrow	
4823	1:55:37	1/1/2019 	6930724	22.00	58.00	6.73	18.72	101682.62	50556	1	CharlieHolbrow	
4824	1:55:38	1/1/2019 	6931106	32.00	297.00	6.37	18.72	101682.62	1835	0	CharlieHolbrow	
4825	1:55:40	1/1/2019 	6933157	17.00	8.00	6.99	18.73	101731.36	97783	0	CharlieHolbrow	
4826	1:55:40	1/1/2019 	6933395	33.00	306.00	6.34	18.73	101744.79	1836	1	CharlieHolbrow	
4827	1:55:40	1/1/2019 	6933453	24.00	106.00	6.65	18.73	101744.79	1835	1	CharlieHolbrow	
4828	1:55:41	1/1/2019 	6933756	20.00	38.00	6.84	18.73	101759.84	51919	0	CharlieHolbrow	
4829	1:55:41	1/1/2019 	6934071	17.00	9.00	7.00	18.73	101759.84	1836	0	CharlieHolbrow	
4830	1:55:41	1/1/2019 	6934235	17.00	8.00	6.99	18.74	101776.34	1834	0	CharlieHolbrow	
4831	1:55:41	1/1/2019 	6934570	33.00	269.00	6.32	18.74	101776.34	49808	1	CharlieHolbrow	
4832	1:55:43	1/1/2019 	6935891	17.00	8.00	6.99	18.75	101827.17	49809	0	CharlieHolbrow	
4833	1:55:43	1/1/2019 	6936201	17.00	9.00	7.00	18.75	101827.17	3804	1	CharlieHolbrow	
4834	1:55:44	1/1/2019 	6937239	17.00	8.00	6.99	18.76	101878.58	49808	0	CharlieHolbrow	
4835	1:55:45	1/1/2019 	6938063	18.00	9.00	6.93	18.76	101895.25	49808	0	CharlieHolbrow	
4836	1:55:45	1/1/2019 	6938220	18.00	9.00	6.93	18.76	101895.25	1834	0	CharlieHolbrow	
4837	1:55:45	1/1/2019 	6938243	18.00	8.00	6.93	18.76	101910.66	1834	0	CharlieHolbrow	
4838	1:55:45	1/1/2019 	6938376	18.00	8.00	6.93	18.76	101910.66	1834	0	CharlieHolbrow	
4839	1:55:46	1/1/2019 	6939650	17.00	9.00	7.00	18.77	101939.78	99751	0	CharlieHolbrow	
4840	1:55:47	1/1/2019 	6939862	17.00	8.00	6.99	18.78	101953.66	2582	0	CharlieHolbrow	
4841	1:55:47	1/1/2019 	6940759	18.00	9.00	6.93	18.78	101979.45	49809	0	CharlieHolbrow	
4842	1:55:50	1/1/2019 	6943402	17.00	8.00	6.99	18.81	102037.99	97781	0	CharlieHolbrow	
4843	1:55:52	1/1/2019 	6944890	17.00	9.00	7.00	18.82	102067.66	97780	0	CharlieHolbrow	
4844	1:55:52	1/1/2019 	6945564	17.00	8.00	6.99	18.82	102076.91	49807	0	CharlieHolbrow	
4845	1:55:53	1/1/2019 	6946122	18.00	17.00	6.95	18.83	102085.84	3944	0	CharlieHolbrow	
4846	1:55:54	1/1/2019 	6947830	17.00	9.00	7.00	18.85	102117.67	97783	0	CharlieHolbrow	
4847	1:55:55	1/1/2019 	6948030	17.00	6.00	6.99	18.85	102117.67	1836	0	CharlieHolbrow	
4848	1:55:55	1/1/2019 	6948136	17.00	8.00	6.99	18.85	102117.67	1835	0	CharlieHolbrow	
4849	1:55:56	1/1/2019 	6949167	24.00	106.00	6.65	18.86	102131.94	49809	0	CharlieHolbrow	
4850	1:55:56	1/1/2019 	6949254	19.00	29.00	6.89	18.86	102131.94	1836	1	CharlieHolbrow	
4851	1:55:57	1/1/2019 	6950369	17.00	9.00	7.00	18.87	102150.98	51778	0	CharlieHolbrow	
4852	1:55:58	1/1/2019 	6951751	17.00	9.00	7.00	18.88	102162.12	98528	0	CharlieHolbrow	
4853	1:55:58	1/1/2019 	6951818	17.00	9.00	7.00	18.88	102162.12	1835	0	CharlieHolbrow	
4854	1:55:59	1/1/2019 	6952017	18.00	12.00	6.94	18.89	102167.67	1834	0	CharlieHolbrow	
4855	1:56:01	1/1/2019 	6954627	17.00	6.00	6.99	18.92	102192.05	145756	0	CharlieHolbrow	
4856	1:56:03	1/1/2019 	6956375	26.00	147.00	6.57	18.94	102208.14	49810	1	CharlieHolbrow	
4857	1:56:05	1/1/2019 	6958655	17.00	9.00	7.00	18.96	102221.93	147865	0	CharlieHolbrow	
4858	1:56:05	1/1/2019 	6958840	25.00	141.00	6.62	18.96	102221.93	1837	1	CharlieHolbrow	
4859	1:56:09	1/1/2019 	6962486	21.00	66.00	6.79	19.01	102245.06	145755	1	CharlieHolbrow	
4860	1:56:11	1/1/2019 	6964782	17.00	8.00	6.99	19.03	102254.34	146501	0	CharlieHolbrow	
4861	1:56:12	1/1/2019 	6965439	18.00	11.00	6.94	19.04	102258.81	1836	0	CharlieHolbrow	
4862	1:56:13	1/1/2019 	6966740	18.00	8.00	6.93	19.06	102262.54	99891	0	CharlieHolbrow	
4863	1:56:13	1/1/2019 	6966773	24.00	80.00	6.63	19.06	102262.54	1834	1	CharlieHolbrow	
4864	1:56:15	1/1/2019 	6968210	18.00	12.00	6.94	19.08	102268.31	49808	1	CharlieHolbrow	
4865	1:56:17	1/1/2019 	6970157	21.00	60.00	6.79	19.10	102274.70	97783	1	CharlieHolbrow	
4866	1:56:17	1/1/2019 	6970594	25.00	109.00	6.60	19.11	102276.51	50555	1	CharlieHolbrow	
4867	1:56:18	1/1/2019 	6971675	20.00	48.00	6.84	19.12	102279.81	49807	0	CharlieHolbrow	
4868	1:56:19	1/1/2019 	6972145	17.00	8.00	6.99	19.12	102281.36	3947	0	CharlieHolbrow	
4869	1:56:19	1/1/2019 	6972165	23.00	102.00	6.70	19.12	102281.36	1835	0	CharlieHolbrow	
4870	1:56:20	1/1/2019 	6973286	20.00	37.00	6.84	19.14	102284.50	49807	1	CharlieHolbrow	
4871	1:56:22	1/1/2019 	6974944	24.00	109.00	6.65	19.16	102288.96	97781	1	CharlieHolbrow	
4872	1:56:22	1/1/2019 	6975141	31.00	261.00	6.39	19.16	102290.17	1836	1	CharlieHolbrow	
4873	1:56:22	1/1/2019 	6975343	25.00	114.00	6.60	19.16	102290.17	1835	1	CharlieHolbrow	
4874	1:56:25	1/1/2019 	6978237	21.00	61.00	6.79	19.20	102298.11	147720	0	CharlieHolbrow	
4875	1:56:25	1/1/2019 	6978354	26.00	138.00	6.57	19.20	102298.11	1836	1	CharlieHolbrow	
4876	1:56:26	1/1/2019 	6978887	17.00	8.00	6.99	19.21	102299.58	49808	0	CharlieHolbrow	
4877	1:56:26	1/1/2019 	6979596	17.00	8.00	6.99	19.22	102301.74	49808	0	CharlieHolbrow	
4878	1:56:26	1/1/2019 	6979604	21.00	45.00	6.78	19.22	102301.74	2580	1	CharlieHolbrow	
4879	1:56:28	1/1/2019 	6980867	17.00	8.00	6.99	19.24	102304.70	49809	0	CharlieHolbrow	
4880	1:56:33	1/1/2019 	6986822	17.00	8.00	6.99	19.32	102317.89	295167	0	CharlieHolbrow	
4881	1:56:34	1/1/2019 	6987230	30.00	268.00	6.44	19.32	102318.44	1837	0	CharlieHolbrow	
4882	1:56:34	1/1/2019 	6987434	19.00	16.00	6.88	19.32	102318.44	1836	0	CharlieHolbrow	
4883	1:56:35	1/1/2019 	6988332	17.00	8.00	6.99	19.34	102320.38	49811	0	CharlieHolbrow	
4884	1:56:37	1/1/2019 	6990155	24.00	125.00	6.66	19.37	102323.55	97788	1	CharlieHolbrow	
4885	1:56:40	1/1/2019 	6993046	32.00	299.00	6.37	19.40	102326.71	146503	1	CharlieHolbrow	
4886	1:56:40	1/1/2019 	6993311	24.00	110.00	6.65	19.41	102327.37	3967	1	CharlieHolbrow	
4887	1:56:41	1/1/2019 	6994436	17.00	10.00	7.00	19.42	102328.81	49809	0	CharlieHolbrow	
4888	1:56:41	1/1/2019 	6994596	17.00	8.00	6.99	19.43	102329.36	49810	0	CharlieHolbrow	
4889	1:56:42	1/1/2019 	6995064	23.00	95.00	6.69	19.43	102329.36	1834	0	CharlieHolbrow	
4890	1:56:43	1/1/2019 	6996095	29.00	226.00	6.46	19.45	102331.62	49813	0	CharlieHolbrow	
4891	1:56:43	1/1/2019 	6996391	17.00	8.00	6.99	19.45	102331.62	3832	0	CharlieHolbrow	
4892	1:56:43	1/1/2019 	6996794	18.00	8.00	6.93	19.46	102331.84	49813	0	CharlieHolbrow	
4893	1:56:44	1/1/2019 	6997205	18.00	8.00	6.93	19.46	102332.66	1835	0	CharlieHolbrow	
4894	1:56:45	1/1/2019 	6998035	16.00	8.00	7.06	19.47	102333.45	49808	0	CharlieHolbrow	
4895	1:56:45	1/1/2019 	6998361	17.00	8.00	6.99	19.48	102334.27	1836	0	CharlieHolbrow	
4896	1:56:47	1/1/2019 	7000171	23.00	100.00	6.70	19.51	102336.86	97782	0	CharlieHolbrow	
4897	1:56:48	1/1/2019 	7000981	23.00	110.00	6.70	19.52	102337.65	52694	0	CharlieHolbrow	
4898	1:56:48	1/1/2019 	7001092	23.00	88.00	6.69	19.52	102337.65	1837	1	CharlieHolbrow	
4899	1:56:48	1/1/2019 	7001309	17.00	9.00	7.00	19.52	102338.14	1835	0	CharlieHolbrow	
4900	1:56:49	1/1/2019 	7002281	17.00	9.00	7.00	19.54	102338.98	49805	0	CharlieHolbrow	
4901	1:56:50	1/1/2019 	7003323	17.00	8.00	6.99	19.55	102339.80	49808	0	CharlieHolbrow	
4902	1:56:52	1/1/2019 	7005105	17.00	8.00	6.99	19.57	102341.41	97781	0	CharlieHolbrow	
4903	1:56:52	1/1/2019 	7005306	18.00	13.00	6.94	19.58	102342.03	3824	0	CharlieHolbrow	
4904	1:56:52	1/1/2019 	7005313	17.00	8.00	6.99	19.58	102342.03	1834	0	CharlieHolbrow	
4905	1:56:57	1/1/2019 	7009996	17.00	8.00	6.99	19.65	102346.73	241698	0	CharlieHolbrow	
4906	1:56:58	1/1/2019 	7011477	17.00	11.00	7.00	19.67	102348.06	50556	0	CharlieHolbrow	
4907	1:56:59	1/1/2019 	7012460	17.00	8.00	6.99	19.68	102349.38	49808	0	CharlieHolbrow	
4908	1:56:59	1/1/2019 	7012489	17.00	8.00	6.99	19.68	102349.38	1836	1	CharlieHolbrow	
4909	1:57:00	1/1/2019 	7013246	19.00	33.00	6.90	19.70	102350.66	51914	1	CharlieHolbrow	
4910	1:57:00	1/1/2019 	7013356	23.00	93.00	6.69	19.70	102350.66	1836	0	CharlieHolbrow	
4911	1:57:02	1/1/2019 	7015213	19.00	30.00	6.89	19.73	102352.75	97782	0	CharlieHolbrow	
4912	1:57:02	1/1/2019 	7015356	45.00	550.00	6.14	19.73	102352.75	1836	1	CharlieHolbrow	
4913	1:57:03	1/1/2019 	7015968	19.00	33.00	6.90	19.73	102353.38	49812	0	CharlieHolbrow	
4914	1:57:04	1/1/2019 	7017009	22.00	80.00	6.74	19.75	102354.52	49815	0	CharlieHolbrow	
4915	1:57:04	1/1/2019 	7017048	25.00	135.00	6.61	19.75	102354.52	3800	0	CharlieHolbrow	
4916	1:57:04	1/1/2019 	7017673	18.00	8.00	6.93	19.75	102354.55	49808	0	CharlieHolbrow	
4917	1:57:06	1/1/2019 	7018934	16.00	8.00	7.06	19.78	102356.14	49808	0	CharlieHolbrow	
4918	1:57:06	1/1/2019 	7019155	18.00	10.00	6.93	19.78	102356.14	1835	0	CharlieHolbrow	
4919	1:57:07	1/1/2019 	7019870	22.00	96.00	6.75	19.79	102357.12	49811	0	CharlieHolbrow	
4920	1:57:09	1/1/2019 	7022347	16.00	8.00	7.06	19.83	102360.12	100652	0	CharlieHolbrow	
4921	1:57:10	1/1/2019 	7023170	17.00	8.00	6.99	19.84	102360.45	49815	0	CharlieHolbrow	
4922	1:57:10	1/1/2019 	7023641	18.00	9.00	6.93	19.85	102360.91	49807	0	CharlieHolbrow	
4923	1:57:11	1/1/2019 	7024425	17.00	9.00	7.00	19.86	102361.72	1834	0	CharlieHolbrow	
4924	1:57:11	1/1/2019 	7024644	31.00	261.00	6.39	19.86	102361.72	49808	0	CharlieHolbrow	
4925	1:57:11	1/1/2019 	7024818	22.00	77.00	6.74	19.87	102362.02	1835	1	CharlieHolbrow	
4926	1:57:12	1/1/2019 	7025143	30.00	277.00	6.44	19.87	102362.02	3803	1	CharlieHolbrow	
4927	1:57:12	1/1/2019 	7025397	21.00	52.00	6.78	19.88	102362.51	1836	1	CharlieHolbrow	
4928	1:57:12	1/1/2019 	7025764	17.00	8.00	6.99	19.89	102362.83	49809	0	CharlieHolbrow	
4929	1:57:13	1/1/2019 	7026075	19.00	40.00	6.90	19.89	102362.83	1834	0	CharlieHolbrow	
4930	1:57:14	1/1/2019 	7026904	16.00	8.00	7.06	19.90	102363.89	49809	0	CharlieHolbrow	
4931	1:57:15	1/1/2019 	7027890	17.00	8.00	6.99	19.92	102364.51	49808	0	CharlieHolbrow	
4932	1:57:16	1/1/2019 	7029033	18.00	14.00	6.94	19.93	102364.80	51777	0	CharlieHolbrow	
4933	1:57:16	1/1/2019 	7029242	16.00	8.00	7.06	19.93	102364.80	1836	0	CharlieHolbrow	
4934	1:57:16	1/1/2019 	7029453	16.00	8.00	7.06	19.94	102365.12	1836	0	CharlieHolbrow	
4935	1:57:17	1/1/2019 	7030156	17.00	11.00	7.00	19.95	102365.45	49813	0	CharlieHolbrow	
4936	1:57:18	1/1/2019 	7031009	22.00	91.00	6.75	19.96	102366.06	50555	0	CharlieHolbrow	
4937	1:57:18	1/1/2019 	7031185	20.00	38.00	6.84	19.96	102366.06	1835	1	CharlieHolbrow	
4938	1:57:19	1/1/2019 	7032598	47.00	672.00	6.17	19.99	102366.84	99889	1	CharlieHolbrow	
4939	1:57:19	1/1/2019 	7032620	26.00	145.00	6.57	19.99	102366.84	1836	0	CharlieHolbrow	
4940	1:57:20	1/1/2019 	7033670	25.00	137.00	6.62	20.00	102367.47	49809	0	CharlieHolbrow	
4941	1:57:21	1/1/2019 	7033919	17.00	9.00	7.00	20.01	102367.62	1838	0	CharlieHolbrow	
4942	1:57:22	1/1/2019 	7035589	19.00	42.00	6.90	20.03	102368.68	97785	0	CharlieHolbrow	
4943	1:57:23	1/1/2019 	7035888	16.00	8.00	7.06	20.04	102368.84	3805	0	CharlieHolbrow	
4944	1:57:23	1/1/2019 	7035999	17.00	8.00	6.99	20.04	102368.84	1834	0	CharlieHolbrow	
4945	1:57:23	1/1/2019 	7036021	16.00	8.00	7.06	20.04	102368.84	1833	0	CharlieHolbrow	
4946	1:57:23	1/1/2019 	7036084	17.00	8.00	6.99	20.04	102368.84	1834	0	CharlieHolbrow	
4947	1:57:27	1/1/2019 	7040221	17.00	9.00	7.00	20.10	102371.45	193725	0	CharlieHolbrow	
4948	1:57:27	1/1/2019 	7040818	21.00	51.00	6.78	20.11	102372.02	50555	0	CharlieHolbrow	
4949	1:57:30	1/1/2019 	7043388	18.00	15.00	6.94	20.16	102372.70	99891	0	CharlieHolbrow	
4950	1:57:34	1/1/2019 	7047263	20.00	66.00	6.85	20.22	102376.53	193727	1	CharlieHolbrow	
4951	1:57:34	1/1/2019 	7047592	17.00	9.00	7.00	20.23	102377.59	49808	0	CharlieHolbrow	
4952	1:57:35	1/1/2019 	7048189	35.00	351.00	6.29	20.24	102378.25	1834	0	CharlieHolbrow	
4953	1:57:35	1/1/2019 	7048341	23.00	110.00	6.70	20.24	102378.25	1836	1	CharlieHolbrow	
4954	1:57:36	1/1/2019 	7049065	16.00	8.00	7.06	20.25	102379.36	49808	0	CharlieHolbrow	
4955	1:57:36	1/1/2019 	7049627	17.00	8.00	6.99	20.26	102379.84	51776	0	CharlieHolbrow	
4956	1:57:36	1/1/2019 	7049758	25.00	137.00	6.62	20.26	102379.84	2776	0	CharlieHolbrow	
4957	1:57:38	1/1/2019 	7051138	19.00	29.00	6.89	20.28	102381.39	49808	0	CharlieHolbrow	
4958	1:57:38	1/1/2019 	7051579	16.00	8.00	7.06	20.29	102382.02	49808	0	CharlieHolbrow	
4959	1:57:39	1/1/2019 	7051864	20.00	61.00	6.85	20.29	102382.02	1834	1	CharlieHolbrow	
4960	1:57:40	1/1/2019 	7052877	17.00	9.00	7.00	20.31	102383.59	49808	0	CharlieHolbrow	
4961	1:57:40	1/1/2019 	7052964	24.00	109.00	6.65	20.32	102384.38	3945	1	CharlieHolbrow	
4962	1:57:42	1/1/2019 	7055448	17.00	12.00	7.00	20.36	102387.98	97781	0	CharlieHolbrow	
4963	1:57:43	1/1/2019 	7056642	34.00	342.00	6.32	20.38	102389.36	97782	0	CharlieHolbrow	
4964	1:57:44	1/1/2019 	7057338	18.00	24.00	6.95	20.38	102389.69	1836	0	CharlieHolbrow	
4965	1:57:44	1/1/2019 	7057687	16.00	8.00	7.06	20.39	102390.17	49808	0	CharlieHolbrow	
4966	1:57:45	1/1/2019 	7058639	17.00	8.00	6.99	20.41	102391.56	49807	0	CharlieHolbrow	
4967	1:57:46	1/1/2019 	7058895	20.00	54.00	6.84	20.41	102391.56	3803	1	CharlieHolbrow	
4968	1:57:46	1/1/2019 	7059225	17.00	8.00	6.99	20.42	102391.72	1835	0	CharlieHolbrow	
4969	1:57:46	1/1/2019 	7059450	16.00	8.00	7.06	20.43	102392.45	1834	0	CharlieHolbrow	
4970	1:57:47	1/1/2019 	7060062	16.00	8.00	7.06	20.44	102393.21	49806	0	CharlieHolbrow	
4971	1:57:48	1/1/2019 	7061733	14.00	8.00	7.21	20.46	102394.76	98721	0	CharlieHolbrow	
4972	1:57:49	1/1/2019 	7062737	20.00	64.00	6.85	20.48	102395.81	51917	1	CharlieHolbrow	
4973	1:57:49	1/1/2019 	7062842	27.00	175.00	6.54	20.48	102395.81	1836	0	CharlieHolbrow	
4974	1:57:49	1/1/2019 	7062847	16.00	8.00	7.06	20.48	102395.81	1835	0	CharlieHolbrow	
4975	1:57:50	1/1/2019 	7063014	22.00	103.00	6.75	20.49	102396.55	1834	0	CharlieHolbrow	
4976	1:57:50	1/1/2019 	7063224	16.00	8.00	7.06	20.49	102396.55	1836	0	CharlieHolbrow	
4977	1:57:52	1/1/2019 	7065271	17.00	10.00	7.00	20.53	102399.12	97778	0	CharlieHolbrow	
4978	1:57:52	1/1/2019 	7065429	17.00	8.00	6.99	20.53	102399.12	3812	0	CharlieHolbrow	
4979	1:57:52	1/1/2019 	7065604	17.00	8.00	6.99	20.54	102399.25	49810	0	CharlieHolbrow	
4980	1:57:56	1/1/2019 	7068994	26.00	165.00	6.58	20.60	102401.89	145749	1	CharlieHolbrow	
4981	1:57:57	1/1/2019 	7069903	28.00	234.00	6.51	20.61	102402.62	49809	0	CharlieHolbrow	
4982	1:57:57	1/1/2019 	7070189	17.00	8.00	6.99	20.62	102403.55	2777	0	CharlieHolbrow	
4983	1:57:57	1/1/2019 	7070822	24.00	95.00	6.64	20.63	102404.00	49807	0	CharlieHolbrow	
4984	1:57:58	1/1/2019 	7071177	22.00	93.00	6.75	20.64	102404.77	3943	0	CharlieHolbrow	
4985	1:57:58	1/1/2019 	7071358	16.00	8.00	7.06	20.64	102404.77	1835	0	CharlieHolbrow	
4986	1:57:59	1/1/2019 	7072159	16.00	8.00	7.06	20.65	102404.83	49807	0	CharlieHolbrow	
4987	1:58:00	1/1/2019 	7072865	17.00	9.00	7.00	20.66	102404.33	49808	0	CharlieHolbrow	
4988	1:58:00	1/1/2019 	7072949	19.00	31.00	6.90	20.66	102404.33	1835	1	CharlieHolbrow	
4989	1:58:01	1/1/2019 	7074209	21.00	77.00	6.80	20.69	102397.69	49807	0	CharlieHolbrow	
4990	1:58:01	1/1/2019 	7074406	18.00	11.00	6.94	20.69	102397.69	3803	0	CharlieHolbrow	
4991	1:58:01	1/1/2019 	7074759	17.00	8.00	6.99	20.70	102392.84	49808	0	CharlieHolbrow	
4992	1:58:03	1/1/2019 	7076255	16.00	8.00	7.06	20.72	102367.31	49808	0	CharlieHolbrow	
4993	1:58:03	1/1/2019 	7076420	17.00	9.00	7.00	20.72	102367.31	1835	0	CharlieHolbrow	
4994	1:58:03	1/1/2019 	7076449	32.00	236.00	6.35	20.72	102367.31	1834	0	CharlieHolbrow	
4995	1:58:04	1/1/2019 	7077080	16.00	8.00	7.06	20.74	102344.20	49808	0	CharlieHolbrow	
4996	1:58:05	1/1/2019 	7078050	17.00	9.00	7.00	20.76	102318.17	51776	0	CharlieHolbrow	
4997	1:58:05	1/1/2019 	7078677	20.00	38.00	6.84	20.77	102304.73	49808	0	CharlieHolbrow	
4998	1:58:05	1/1/2019 	7078759	17.00	11.00	7.00	20.77	102304.73	1836	0	CharlieHolbrow	
4999	1:58:06	1/1/2019 	7078867	18.00	26.00	6.96	20.77	102304.73	1835	1	CharlieHolbrow	
5000	1:58:06	1/1/2019 	7078876	36.00	325.00	6.25	20.77	102304.73	1836	0	CharlieHolbrow	
5001	1:58:06	1/1/2019 	7079034	37.00	408.00	6.26	20.77	102304.73	3802	0	CharlieHolbrow	
5002	1:58:06	1/1/2019 	7079554	17.00	8.00	6.99	20.79	102274.74	49809	0	CharlieHolbrow	
5003	1:58:07	1/1/2019 	7080202	17.00	8.00	6.99	20.80	102257.97	2775	0	CharlieHolbrow	
5004	1:58:08	1/1/2019 	7080861	38.00	414.00	6.24	20.81	102240.30	49808	0	CharlieHolbrow	
5005	1:58:09	1/1/2019 	7082801	17.00	12.00	7.00	20.84	102165.05	97782	0	CharlieHolbrow	
5006	1:58:10	1/1/2019 	7082902	16.00	8.00	7.06	20.84	102165.05	1836	0	CharlieHolbrow	
5007	1:58:10	1/1/2019 	7083113	17.00	8.00	6.99	20.85	102145.89	3943	0	CharlieHolbrow	
5008	1:58:12	1/1/2019 	7085795	15.00	8.00	7.13	20.90	102056.20	145753	0	CharlieHolbrow	
5009	1:58:14	1/1/2019 	7087037	29.00	260.00	6.47	20.92	102022.57	49809	1	CharlieHolbrow	
5010	1:58:15	1/1/2019 	7088767	30.00	253.00	6.43	20.96	101955.56	97782	0	CharlieHolbrow	
5011	1:58:16	1/1/2019 	7088965	17.00	8.00	6.99	20.96	101955.56	1836	0	CharlieHolbrow	
5012	1:58:16	1/1/2019 	7089422	21.00	48.00	6.78	20.96	101938.88	1838	0	CharlieHolbrow	
5013	1:58:17	1/1/2019 	7089880	16.00	8.00	7.06	20.97	101922.78	51780	0	CharlieHolbrow	
5014	1:58:17	1/1/2019 	7089945	28.00	157.00	6.48	20.97	101922.78	2776	0	CharlieHolbrow	
5015	1:58:19	1/1/2019 	7091894	24.00	127.00	6.66	21.01	101860.45	97780	0	CharlieHolbrow	
5016	1:58:20	1/1/2019 	7092943	26.00	182.00	6.59	21.03	101831.43	49809	1	CharlieHolbrow	
5017	1:58:20	1/1/2019 	7093041	24.00	110.00	6.65	21.03	101831.43	1837	1	CharlieHolbrow	
5018	1:58:20	1/1/2019 	7093217	16.00	8.00	7.06	21.04	101817.84	1835	0	CharlieHolbrow	
5019	1:58:20	1/1/2019 	7093674	26.00	167.00	6.58	21.04	101804.42	51916	0	CharlieHolbrow	
5020	1:58:21	1/1/2019 	7094282	16.00	8.00	7.06	21.05	101792.12	1837	0	CharlieHolbrow	
5021	1:58:21	1/1/2019 	7094493	17.00	8.00	6.99	21.05	101792.12	1843	0	CharlieHolbrow	
5022	1:58:22	1/1/2019 	7095760	24.00	138.00	6.67	21.08	101757.31	97783	1	CharlieHolbrow	
5023	1:58:25	1/1/2019 	7098344	16.00	8.00	7.06	21.12	101704.46	97781	0	CharlieHolbrow	
5024	1:58:26	1/1/2019 	7099291	16.00	9.00	7.07	21.14	101682.04	49808	0	CharlieHolbrow	
5025	1:58:27	1/1/2019 	7100445	17.00	9.00	7.00	21.16	101654.39	51775	0	CharlieHolbrow	
5026	1:58:27	1/1/2019 	7100577	25.00	145.00	6.62	21.16	101654.39	50751	0	CharlieHolbrow	
5027	1:58:27	1/1/2019 	7100715	19.00	30.00	6.89	21.17	101639.94	1835	0	CharlieHolbrow	
5028	1:58:29	1/1/2019 	7102175	16.00	8.00	7.06	21.19	101593.38	49810	0	CharlieHolbrow	
5029	1:58:29	1/1/2019 	7102745	19.00	41.00	6.90	21.20	101577.91	49814	0	CharlieHolbrow	
5030	1:58:31	1/1/2019 	7104207	18.00	15.00	6.94	21.23	101531.67	51919	0	CharlieHolbrow	
5031	1:58:31	1/1/2019 	7104475	14.00	7.00	7.21	21.23	101531.67	1836	0	CharlieHolbrow	
5032	1:58:32	1/1/2019 	7105263	19.00	43.00	6.90	21.25	101500.66	49808	0	CharlieHolbrow	
5033	1:58:32	1/1/2019 	7105588	17.00	8.00	6.99	21.25	101500.66	49810	0	CharlieHolbrow	
5034	1:58:32	1/1/2019 	7105806	16.00	8.00	7.06	21.26	101486.53	1835	0	CharlieHolbrow	
5035	1:58:33	1/1/2019 	7106408	25.00	139.00	6.62	21.27	101473.07	1834	1	CharlieHolbrow	
5036	1:58:33	1/1/2019 	7106463	17.00	9.00	7.00	21.27	101473.07	3803	0	CharlieHolbrow	
5037	1:58:35	1/1/2019 	7108199	24.00	142.00	6.67	21.30	101428.09	97780	1	CharlieHolbrow	
5038	1:58:35	1/1/2019 	7108689	18.00	10.00	6.93	21.30	101428.09	49809	0	CharlieHolbrow	
5039	1:58:36	1/1/2019 	7109175	20.00	61.00	6.85	21.31	101418.60	1835	1	CharlieHolbrow	
5040	1:58:36	1/1/2019 	7109221	21.00	57.00	6.78	21.32	101409.30	1835	0	CharlieHolbrow	
5041	1:58:37	1/1/2019 	7110562	17.00	8.00	6.99	21.33	101391.31	97779	0	CharlieHolbrow	
5042	1:58:38	1/1/2019 	7110914	16.00	8.00	7.06	21.34	101383.03	4885	0	CharlieHolbrow	
5043	1:58:38	1/1/2019 	7110923	22.00	94.00	6.75	21.34	101383.03	1835	1	CharlieHolbrow	
5044	1:58:38	1/1/2019 	7111555	22.00	79.00	6.74	21.35	101375.25	49808	0	CharlieHolbrow	
5045	1:58:40	1/1/2019 	7112929	17.00	12.00	7.00	21.37	101353.95	49808	0	CharlieHolbrow	
5046	1:58:40	1/1/2019 	7113046	25.00	143.00	6.62	21.37	101353.95	1835	1	CharlieHolbrow	
5047	1:58:40	1/1/2019 	7113803	49.00	695.00	6.16	21.39	101339.83	49807	1	CharlieHolbrow	
5048	1:58:43	1/1/2019 	7116727	16.00	8.00	7.06	21.43	101306.12	147717	0	CharlieHolbrow	
5049	1:58:46	1/1/2019 	7119329	16.00	8.00	7.06	21.47	101268.41	97779	0	CharlieHolbrow	
5050	1:58:47	1/1/2019 	7120663	17.00	17.00	7.01	21.48	101255.54	97779	0	CharlieHolbrow	
5051	1:58:49	1/1/2019 	7122728	17.00	24.00	7.02	21.51	101230.98	98721	0	CharlieHolbrow	
5052	1:58:51	1/1/2019 	7124278	16.00	8.00	7.06	21.54	101208.52	49809	0	CharlieHolbrow	
5053	1:58:55	1/1/2019 	7128566	22.00	107.00	6.76	21.59	101159.59	241700	0	CharlieHolbrow	
5054	1:58:57	1/1/2019 	7130656	33.00	344.00	6.36	21.61	101140.59	99891	0	CharlieHolbrow	
5055	1:58:58	1/1/2019 	7131054	16.00	8.00	7.06	21.62	101136.60	2777	0	CharlieHolbrow	
5056	1:58:58	1/1/2019 	7131158	49.00	679.00	6.16	21.62	101136.60	1835	1	CharlieHolbrow	
5057	1:59:00	1/1/2019 	7132941	16.00	8.00	7.06	21.64	101120.30	97782	0	CharlieHolbrow	
5058	1:59:00	1/1/2019 	7133140	17.00	8.00	6.99	21.64	101120.30	1836	0	CharlieHolbrow	
5059	1:59:03	1/1/2019 	7136201	19.00	55.00	6.91	21.68	101098.12	147865	1	CharlieHolbrow	
5060	1:59:03	1/1/2019 	7136382	27.00	180.00	6.54	21.69	101094.36	1841	1	CharlieHolbrow	
5061	1:59:04	1/1/2019 	7137729	16.00	8.00	7.06	21.70	101086.30	97781	0	CharlieHolbrow	
5062	1:59:06	1/1/2019 	7139198	16.00	8.00	7.06	21.71	101074.81	49808	0	CharlieHolbrow	
5063	1:59:06	1/1/2019 	7139558	16.00	8.00	7.06	21.72	101070.89	49808	0	CharlieHolbrow	
5064	1:59:06	1/1/2019 	7139818	23.00	106.00	6.70	21.72	101070.89	2775	0	CharlieHolbrow	
5065	1:59:08	1/1/2019 	7141107	16.00	8.00	7.06	21.73	101060.16	51916	0	CharlieHolbrow	
5066	1:59:08	1/1/2019 	7141178	17.00	12.00	7.00	21.73	101060.16	1835	0	CharlieHolbrow	
5067	1:59:10	1/1/2019 	7143177	22.00	10.00	6.69	21.75	101046.09	97781	0	CharlieHolbrow	
5068	1:59:12	1/1/2019 	7144999	16.00	9.00	7.07	21.78	101033.92	97781	0	CharlieHolbrow	
5069	1:59:14	1/1/2019 	7147269	29.00	260.00	6.47	21.80	101023.86	97781	1	CharlieHolbrow	
5070	1:59:15	1/1/2019 	7148639	17.00	9.00	7.00	21.81	101015.70	97783	0	CharlieHolbrow	
5071	1:59:17	1/1/2019 	7149900	18.00	33.00	6.96	21.83	101008.38	51779	1	CharlieHolbrow	
5072	1:59:17	1/1/2019 	7150668	17.00	8.00	6.99	21.83	101005.77	50753	0	CharlieHolbrow	
5073	1:59:18	1/1/2019 	7151660	16.00	8.00	7.06	21.84	101001.34	49806	0	CharlieHolbrow	
5074	1:59:19	1/1/2019 	7152015	17.00	14.00	7.01	21.85	100999.40	1835	0	CharlieHolbrow	
5075	1:59:19	1/1/2019 	7152203	17.00	8.00	6.99	21.85	100999.40	1836	0	CharlieHolbrow	
5076	1:59:19	1/1/2019 	7152500	16.00	8.00	7.06	21.86	100997.89	1833	0	CharlieHolbrow	
5077	1:59:20	1/1/2019 	7153111	16.00	8.00	7.06	21.86	100995.77	55292	0	CharlieHolbrow	
5078	1:59:21	1/1/2019 	7154472	23.00	116.00	6.71	21.88	100988.91	49807	0	CharlieHolbrow	
5079	1:59:22	1/1/2019 	7155002	20.00	70.00	6.85	21.88	100986.14	49809	0	CharlieHolbrow	
5080	1:59:22	1/1/2019 	7155441	16.00	8.00	7.06	21.89	100983.20	1836	0	CharlieHolbrow	
5081	1:59:23	1/1/2019 	7156255	16.00	9.00	7.07	21.89	100980.39	49807	0	CharlieHolbrow	
5082	1:59:23	1/1/2019 	7156689	18.00	18.00	6.95	21.90	100977.62	49807	0	CharlieHolbrow	
5083	1:59:23	1/1/2019 	7156776	26.00	169.00	6.58	21.90	100977.62	3856	0	CharlieHolbrow	
5084	1:59:23	1/1/2019 	7156816	24.00	120.00	6.66	21.90	100977.62	1835	1	CharlieHolbrow	
5085	1:59:24	1/1/2019 	7157854	24.00	134.00	6.67	21.91	100972.73	49808	1	CharlieHolbrow	
5086	1:59:27	1/1/2019 	7159873	16.00	8.00	7.06	21.93	100964.41	97781	0	CharlieHolbrow	
5087	1:59:28	1/1/2019 	7160908	17.00	11.00	7.00	21.94	100960.22	50749	1	CharlieHolbrow	
5088	1:59:28	1/1/2019 	7161625	23.00	111.00	6.70	21.95	100956.82	51919	1	CharlieHolbrow	
5089	1:59:29	1/1/2019 	7161964	17.00	12.00	7.00	21.95	100955.20	1836	0	CharlieHolbrow	
5090	1:59:29	1/1/2019 	7162255	28.00	168.00	6.49	21.95	100955.20	1835	0	CharlieHolbrow	
5091	1:59:29	1/1/2019 	7162397	26.00	175.00	6.59	21.95	100955.20	1835	1	CharlieHolbrow	
5092	1:59:29	1/1/2019 	7162590	52.00	878.00	6.23	21.96	100953.72	49809	1	CharlieHolbrow	
5093	1:59:30	1/1/2019 	7162873	16.00	8.00	7.06	21.96	100953.72	1835	0	CharlieHolbrow	
5094	1:59:30	1/1/2019 	7162948	16.00	8.00	7.06	21.96	100953.72	3802	0	CharlieHolbrow	
5095	1:59:32	1/1/2019 	7165411	17.00	11.00	7.00	21.98	100946.33	97782	0	CharlieHolbrow	
5096	1:59:33	1/1/2019 	7165934	16.00	8.00	7.06	21.98	100944.88	49812	0	CharlieHolbrow	
5097	1:59:33	1/1/2019 	7166183	15.00	8.00	7.13	21.99	100943.59	1840	0	CharlieHolbrow	
5098	1:59:34	1/1/2019 	7167445	17.00	10.00	7.00	22.00	100940.85	49808	0	CharlieHolbrow	
5099	1:59:34	1/1/2019 	7167463	17.00	10.00	7.00	22.00	100940.85	1836	0	CharlieHolbrow	
5100	1:59:34	1/1/2019 	7167805	31.00	253.00	6.39	22.00	100939.53	51775	0	CharlieHolbrow	
5101	1:59:36	1/1/2019 	7169456	16.00	8.00	7.06	22.02	100935.24	49810	0	CharlieHolbrow	
5102	1:59:36	1/1/2019 	7169673	17.00	9.00	7.00	22.02	100934.12	49812	0	CharlieHolbrow	
5103	1:59:37	1/1/2019 	7170000	16.00	8.00	7.06	22.03	100932.96	2780	0	CharlieHolbrow	
5104	1:59:37	1/1/2019 	7170120	16.00	8.00	7.06	22.03	100932.96	1835	0	CharlieHolbrow	
5105	1:59:37	1/1/2019 	7170597	22.00	67.00	6.73	22.03	100931.84	49808	0	CharlieHolbrow	
5106	1:59:39	1/1/2019 	7172619	23.00	122.00	6.71	22.05	100927.22	99890	0	CharlieHolbrow	
5107	1:59:40	1/1/2019 	7173824	16.00	8.00	7.06	22.06	100925.14	49810	0	CharlieHolbrow	
5108	1:59:41	1/1/2019 	7173862	16.00	5.00	7.05	22.06	100925.14	1835	0	CharlieHolbrow	
5109	1:59:41	1/1/2019 	7174109	16.00	8.00	7.06	22.06	100924.19	1835	0	CharlieHolbrow	
5110	1:59:43	1/1/2019 	7175921	15.00	8.00	7.13	22.08	100920.86	97782	0	CharlieHolbrow	
5111	1:59:45	1/1/2019 	7178071	22.00	101.00	6.75	22.10	100916.88	99805	0	CharlieHolbrow	
5112	1:59:45	1/1/2019 	7178214	16.00	8.00	7.06	22.10	100916.88	1843	0	CharlieHolbrow	
5113	1:59:46	1/1/2019 	7179321	17.00	9.00	7.00	22.11	100915.59	49813	0	CharlieHolbrow	
5114	1:59:46	1/1/2019 	7179650	23.00	85.00	6.69	22.12	100915.56	49810	0	CharlieHolbrow	
5115	1:59:48	1/1/2019 	7181034	16.00	8.00	7.06	22.13	100913.88	50751	0	CharlieHolbrow	
5116	1:59:50	1/1/2019 	7183028	16.00	8.00	7.06	22.15	100911.17	97788	0	CharlieHolbrow	
5117	1:59:50	1/1/2019 	7183050	17.00	8.00	6.99	22.15	100911.17	3945	0	CharlieHolbrow	
5118	1:59:50	1/1/2019 	7183118	17.00	9.00	7.00	22.15	100910.38	1833	0	CharlieHolbrow	
5119	1:59:50	1/1/2019 	7183486	16.00	8.00	7.06	22.15	100910.38	1834	0	CharlieHolbrow	
5120	1:59:51	1/1/2019 	7184216	15.00	8.00	7.13	22.16	100908.84	49808	0	CharlieHolbrow	
5121	1:59:52	1/1/2019 	7185136	21.00	78.00	6.80	22.17	100907.42	49809	1	CharlieHolbrow	
5122	1:59:53	1/1/2019 	7186211	24.00	150.00	6.68	22.18	100906.30	49810	1	CharlieHolbrow	
5123	1:59:54	1/1/2019 	7187166	17.00	14.00	7.01	22.19	100904.88	51778	0	CharlieHolbrow	
5124	1:59:55	1/1/2019 	7188435	44.00	619.00	6.19	22.20	100903.59	49815	1	CharlieHolbrow	
5125	1:59:57	1/1/2019 	7190559	16.00	8.00	7.06	22.21	100900.12	145763	0	CharlieHolbrow	
5126	1:59:58	1/1/2019 	7191236	16.00	8.00	7.06	22.22	100899.02	2781	0	CharlieHolbrow	
5127	2:00:00	1/1/2019 	7193058	16.00	9.00	7.07	22.23	100897.36	97784	0	CharlieHolbrow	
5128	2:00:00	1/1/2019 	7193386	26.00	131.00	6.56	22.24	100897.06	1836	1	CharlieHolbrow	
5129	2:00:02	1/1/2019 	7195654	18.00	33.00	6.96	22.27	100895.39	147868	0	CharlieHolbrow	
5130	2:00:03	1/1/2019 	7196112	22.00	87.00	6.74	22.27	100895.39	1837	1	CharlieHolbrow	
5131	2:00:03	1/1/2019 	7196768	16.00	8.00	7.06	22.27	100894.17	49811	0	CharlieHolbrow	
5132	2:00:05	1/1/2019 	7198777	22.00	114.00	6.76	22.29	100892.69	97783	1	CharlieHolbrow	
5133	2:00:06	1/1/2019 	7199610	18.00	17.00	6.95	22.30	100892.23	49810	0	CharlieHolbrow	
5134	2:00:06	1/1/2019 	7199771	23.00	110.00	6.70	22.30	100892.10	2777	1	CharlieHolbrow	
5135	2:00:07	1/1/2019 	7200281	30.00	253.00	6.43	22.31	100891.81	3944	0	CharlieHolbrow	
5136	2:00:08	1/1/2019 	7201165	16.00	8.00	7.06	22.31	100890.75	49812	0	CharlieHolbrow	
5137	2:00:08	1/1/2019 	7201581	16.00	8.00	7.06	22.31	100890.75	49810	0	CharlieHolbrow	
5138	2:00:09	1/1/2019 	7202630	16.00	8.00	7.06	22.32	100890.33	49810	0	CharlieHolbrow	
5139	2:00:10	1/1/2019 	7203037	15.00	8.00	7.13	22.33	100889.59	1835	0	CharlieHolbrow	
5140	2:00:10	1/1/2019 	7203388	16.00	8.00	7.06	22.33	100889.30	3746	0	CharlieHolbrow	
5141	2:00:10	1/1/2019 	7203667	16.00	8.00	7.06	22.34	100889.14	49809	0	CharlieHolbrow	
5142	2:00:11	1/1/2019 	7203965	45.00	633.00	6.18	22.34	100889.14	1835	1	CharlieHolbrow	
5143	2:00:11	1/1/2019 	7204025	18.00	16.00	6.94	22.34	100889.14	1838	0	CharlieHolbrow	
5144	2:00:11	1/1/2019 	7204751	16.00	8.00	7.06	22.34	100888.11	49810	0	CharlieHolbrow	
5145	2:00:12	1/1/2019 	7205311	20.00	60.00	6.85	22.35	100887.82	1834	0	CharlieHolbrow	
5146	2:00:12	1/1/2019 	7205828	19.00	30.00	6.89	22.35	100887.69	52978	0	CharlieHolbrow	
5147	2:00:13	1/1/2019 	7206395	16.00	8.00	7.06	22.36	100886.93	1834	0	CharlieHolbrow	
5148	2:00:13	1/1/2019 	7206437	16.00	8.00	7.06	22.36	100886.93	1833	0	CharlieHolbrow	
5149	2:00:15	1/1/2019 	7207923	16.00	8.00	7.06	22.37	100885.28	97784	0	CharlieHolbrow	
5150	2:00:15	1/1/2019 	7208058	29.00	211.00	6.46	22.37	100885.28	1835	1	CharlieHolbrow	
5151	2:00:15	1/1/2019 	7208195	22.00	84.00	6.74	22.37	100885.16	1835	0	CharlieHolbrow	
5152	2:00:15	1/1/2019 	7208587	16.00	8.00	7.06	22.37	100885.16	51777	0	CharlieHolbrow	
5153	2:00:16	1/1/2019 	7209038	18.00	13.00	6.94	22.38	100884.99	1834	0	CharlieHolbrow	
5154	2:00:16	1/1/2019 	7209657	16.00	8.00	7.06	22.38	100884.86	49811	0	CharlieHolbrow	
5155	2:00:17	1/1/2019 	7210455	23.00	132.00	6.72	22.39	100884.00	2580	1	CharlieHolbrow	
5156	2:00:18	1/1/2019 	7211071	17.00	19.00	7.02	22.40	100883.70	49811	0	CharlieHolbrow	
5157	2:00:18	1/1/2019 	7211172	16.00	8.00	7.06	22.40	100883.70	1836	0	CharlieHolbrow	
5158	2:00:19	1/1/2019 	7211966	16.00	8.00	7.06	22.40	100875.53	51971	0	CharlieHolbrow	
5159	2:00:19	1/1/2019 	7212027	24.00	110.00	6.65	22.40	100875.53	1836	0	CharlieHolbrow	
5160	2:00:19	1/1/2019 	7212671	16.00	8.00	7.06	22.41	100871.93	49810	0	CharlieHolbrow	
5161	2:00:19	1/1/2019 	7212762	16.00	8.00	7.06	22.41	100868.82	1834	0	CharlieHolbrow	
5162	2:00:20	1/1/2019 	7213673	17.00	12.00	7.00	22.42	100865.71	49809	0	CharlieHolbrow	
5163	2:00:21	1/1/2019 	7214350	19.00	41.00	6.90	22.43	100859.70	1836	0	CharlieHolbrow	
5164	2:00:21	1/1/2019 	7214653	19.00	45.00	6.90	22.43	100859.70	51778	0	CharlieHolbrow	
5165	2:00:22	1/1/2019 	7215489	16.00	8.00	7.06	22.44	100854.80	1835	0	CharlieHolbrow	
5166	2:00:22	1/1/2019 	7215626	17.00	9.00	7.00	22.44	100854.80	49810	0	CharlieHolbrow	
5167	2:00:23	1/1/2019 	7215924	16.00	8.00	7.06	22.44	100852.25	1834	0	CharlieHolbrow	
5168	2:00:23	1/1/2019 	7216633	16.00	8.00	7.06	22.44	100850.27	49810	0	CharlieHolbrow	
5169	2:00:23	1/1/2019 	7216725	16.00	4.00	7.05	22.45	100848.16	3801	0	CharlieHolbrow	
5170	2:00:25	1/1/2019 	7218718	16.00	8.00	7.06	22.46	100842.36	97783	0	CharlieHolbrow	
5171	2:00:26	1/1/2019 	7219052	16.00	8.00	7.06	22.47	100840.55	1835	0	CharlieHolbrow	
5172	2:00:26	1/1/2019 	7219087	16.00	8.00	7.06	22.47	100840.55	1835	0	CharlieHolbrow	
5173	2:00:26	1/1/2019 	7219219	16.00	7.00	7.06	22.47	100840.55	1834	0	CharlieHolbrow	
5174	2:00:26	1/1/2019 	7219259	16.00	8.00	7.06	22.47	100838.49	1834	0	CharlieHolbrow	
5175	2:00:27	1/1/2019 	7220576	21.00	84.00	6.80	22.48	100819.04	99751	0	CharlieHolbrow	
5176	2:00:28	1/1/2019 	7221362	48.00	707.00	6.18	22.49	100786.91	2582	1	CharlieHolbrow	
5177	2:00:28	1/1/2019 	7221450	23.00	111.00	6.70	22.49	100786.91	1837	0	CharlieHolbrow	
5178	2:00:29	1/1/2019 	7222809	16.00	8.00	7.06	22.50	100739.81	97785	0	CharlieHolbrow	
5179	2:00:30	1/1/2019 	7223257	30.00	276.00	6.44	22.50	100724.69	1836	1	CharlieHolbrow	
5180	2:00:32	1/1/2019 	7225311	16.00	8.00	7.06	22.52	100673.33	97784	0	CharlieHolbrow	
5181	2:00:32	1/1/2019 	7225389	16.00	8.00	7.06	22.52	100673.33	3944	0	CharlieHolbrow	
5182	2:00:32	1/1/2019 	7225393	16.00	8.00	7.06	22.52	100673.33	1833	0	CharlieHolbrow	
5183	2:00:33	1/1/2019 	7226037	17.00	16.00	7.01	22.53	100661.84	49809	0	CharlieHolbrow	
5184	2:00:34	1/1/2019 	7227485	17.00	9.00	7.00	22.54	100631.45	49810	0	CharlieHolbrow	
5185	2:00:34	1/1/2019 	7227650	16.00	8.00	7.06	22.54	100631.45	49809	0	CharlieHolbrow	
5186	2:00:35	1/1/2019 	7228080	16.00	8.00	7.06	22.54	100622.12	1836	0	CharlieHolbrow	
5187	2:00:35	1/1/2019 	7228471	16.00	8.00	7.06	22.55	100613.55	3806	0	CharlieHolbrow	
5188	2:00:36	1/1/2019 	7228997	16.00	8.00	7.06	22.55	100605.30	49810	0	CharlieHolbrow	
5189	2:00:36	1/1/2019 	7229738	18.00	17.00	6.95	22.56	100597.09	49810	0	CharlieHolbrow	
5190	2:00:38	1/1/2019 	7231596	21.00	97.00	6.81	22.57	100569.49	98529	0	CharlieHolbrow	
5191	2:00:39	1/1/2019 	7232687	16.00	9.00	7.07	22.58	100557.34	49811	0	CharlieHolbrow	
5192	2:00:40	1/1/2019 	7233348	16.00	8.00	7.06	22.59	100546.88	1838	0	CharlieHolbrow	
5193	2:00:40	1/1/2019 	7233760	16.00	8.00	7.06	22.59	100546.88	51926	0	CharlieHolbrow	
5194	2:00:42	1/1/2019 	7235832	17.00	8.00	6.99	22.61	100522.45	97789	1	CharlieHolbrow	
5195	2:00:43	1/1/2019 	7236719	15.00	8.00	7.13	22.62	100518.41	49811	0	CharlieHolbrow	
5196	2:00:46	1/1/2019 	7239422	16.00	8.00	7.06	22.64	100483.45	97785	1	CharlieHolbrow	
5197	2:00:51	1/1/2019 	7243465	26.00	193.00	6.59	22.67	100559.31	193736	1	CharlieHolbrow	
5198	2:00:51	1/1/2019 	7243886	21.00	75.00	6.79	22.68	100569.11	50558	0	CharlieHolbrow	
5199	2:00:52	1/1/2019 	7245054	17.00	11.00	7.00	22.69	100585.95	51919	0	CharlieHolbrow	
5200	2:00:53	1/1/2019 	7245940	16.00	8.00	7.06	22.69	100600.95	49811	0	CharlieHolbrow	
5201	2:00:54	1/1/2019 	7246764	16.00	10.00	7.07	22.70	100607.67	49811	0	CharlieHolbrow	
5202	2:00:55	1/1/2019 	7247627	16.00	13.00	7.08	22.70	100620.05	49811	0	CharlieHolbrow	
5203	2:00:56	1/1/2019 	7249441	16.00	7.00	7.06	22.72	100640.74	49812	0	CharlieHolbrow	
5204	2:00:59	1/1/2019 	7251605	22.00	110.00	6.76	22.74	100656.37	147728	1	CharlieHolbrow	
5205	2:01:00	1/1/2019 	7252789	16.00	8.00	7.06	22.75	100663.05	50557	0	CharlieHolbrow	
5206	2:01:01	1/1/2019 	7253707	29.00	266.00	6.48	22.75	100669.14	49811	1	CharlieHolbrow	
5207	2:01:03	1/1/2019 	7255760	20.00	82.00	6.86	22.77	100679.08	97787	1	CharlieHolbrow	
5208	2:01:03	1/1/2019 	7255767	21.00	68.00	6.79	22.77	100679.08	1836	0	CharlieHolbrow	
5209	2:01:04	1/1/2019 	7256755	24.00	139.00	6.67	22.78	100682.98	49810	0	CharlieHolbrow	
5210	2:01:04	1/1/2019 	7257235	18.00	12.00	6.94	22.78	100684.84	3945	0	CharlieHolbrow	
5211	2:01:04	1/1/2019 	7257407	16.00	8.00	7.06	22.79	100686.43	1835	0	CharlieHolbrow	
5212	2:01:06	1/1/2019 	7258896	16.00	8.00	7.06	22.79	100689.38	97786	0	CharlieHolbrow	
5213	2:01:08	1/1/2019 	7261166	16.00	5.00	7.05	22.82	100696.19	97789	0	CharlieHolbrow	
5214	2:01:09	1/1/2019 	7262139	17.00	16.00	7.01	22.82	100698.11	50555	0	CharlieHolbrow	
5215	2:01:11	1/1/2019 	7263908	16.00	8.00	7.06	22.84	100701.09	97784	0	CharlieHolbrow	
5216	2:01:11	1/1/2019 	7264353	17.00	20.00	7.02	22.84	100701.36	3944	0	CharlieHolbrow	
5217	2:01:12	1/1/2019 	7265033	16.00	8.00	7.06	22.85	100702.61	49809	0	CharlieHolbrow	
5218	2:01:13	1/1/2019 	7265721	19.00	42.00	6.90	22.85	100703.48	49810	1	CharlieHolbrow	
5219	2:01:13	1/1/2019 	7266255	21.00	56.00	6.78	22.85	100703.58	1836	0	CharlieHolbrow	
5220	2:01:18	1/1/2019 	7271201	17.00	28.00	7.03	22.89	100706.82	241703	0	CharlieHolbrow	
5221	2:01:20	1/1/2019 	7272758	17.00	19.00	7.02	22.90	100707.64	98529	0	CharlieHolbrow	
5222	2:01:21	1/1/2019 	7273744	32.00	305.00	6.37	22.91	100707.91	51919	1	CharlieHolbrow	
5223	2:01:21	1/1/2019 	7273867	16.00	8.00	7.06	22.91	100707.91	1837	0	CharlieHolbrow	
5224	2:01:22	1/1/2019 	7274693	16.00	8.00	7.06	22.92	100708.20	49808	0	CharlieHolbrow	
5225	2:01:24	1/1/2019 	7277193	16.00	9.00	7.07	22.94	100708.87	97783	0	CharlieHolbrow	
5226	2:01:25	1/1/2019 	7278084	23.00	120.00	6.71	22.94	100709.33	49809	1	CharlieHolbrow	
5227	2:01:25	1/1/2019 	7278093	19.00	22.00	6.89	22.94	100709.33	3803	0	CharlieHolbrow	
5228	2:01:25	1/1/2019 	7278458	16.00	8.00	7.06	22.94	100709.33	1834	0	CharlieHolbrow	
5229	2:01:26	1/1/2019 	7278650	31.00	317.00	6.42	22.95	100709.86	49809	0	CharlieHolbrow	
5230	2:01:27	1/1/2019 	7280085	16.00	8.00	7.06	22.96	100710.55	49810	0	CharlieHolbrow	
5231	2:01:29	1/1/2019 	7281773	23.00	126.00	6.72	22.97	100711.22	98529	0	CharlieHolbrow	
5232	2:01:30	1/1/2019 	7283031	16.00	8.00	7.06	22.98	100711.84	49810	0	CharlieHolbrow	
5233	2:01:30	1/1/2019 	7283322	36.00	377.00	6.28	22.98	100711.84	3944	1	CharlieHolbrow	
5234	2:01:31	1/1/2019 	7283739	16.00	8.00	7.06	22.99	100711.78	49809	0	CharlieHolbrow	
5235	2:01:31	1/1/2019 	7284434	16.00	8.00	7.06	22.99	100711.98	1836	0	CharlieHolbrow	
5236	2:01:32	1/1/2019 	7285302	17.00	10.00	7.00	23.00	100712.24	49808	0	CharlieHolbrow	
5237	2:01:33	1/1/2019 	7285768	16.00	8.00	7.06	23.00	100712.17	49810	0	CharlieHolbrow	
5238	2:01:34	1/1/2019 	7287279	16.00	8.00	7.06	23.01	100712.23	49810	0	CharlieHolbrow	
5239	2:01:37	1/1/2019 	7289473	15.00	8.00	7.13	23.03	100712.97	99749	0	CharlieHolbrow	
5240	2:01:37	1/1/2019 	7290023	16.00	8.00	7.06	23.03	100712.73	49810	0	CharlieHolbrow	
5241	2:01:37	1/1/2019 	7290089	16.00	9.00	7.07	23.04	100713.09	2580	0	CharlieHolbrow	
5242	2:01:37	1/1/2019 	7290115	16.00	7.00	7.06	23.04	100713.09	1833	0	CharlieHolbrow	
5243	2:01:40	1/1/2019 	7292785	23.00	133.00	6.72	23.05	100713.59	145756	0	CharlieHolbrow	
5244	2:01:42	1/1/2019 	7294722	15.00	8.00	7.13	23.07	100713.42	97784	0	CharlieHolbrow	
5245	2:01:43	1/1/2019 	7295823	29.00	232.00	6.47	23.07	100712.86	51919	0	CharlieHolbrow	
5246	2:01:45	1/1/2019 	7297617	21.00	88.00	6.80	23.09	100712.59	97783	0	CharlieHolbrow	
5247	2:01:46	1/1/2019 	7298488	17.00	19.00	7.02	23.09	100712.62	1839	0	CharlieHolbrow	
5248	2:01:46	1/1/2019 	7298898	17.00	9.00	7.00	23.10	100712.39	49813	0	CharlieHolbrow	
5249	2:01:46	1/1/2019 	7299459	18.00	20.00	6.95	23.10	100712.27	1835	0	CharlieHolbrow	
5250	2:01:48	1/1/2019 	7300567	16.00	9.00	7.07	23.11	100712.30	97782	0	CharlieHolbrow	
5251	2:01:51	1/1/2019 	7304345	17.00	13.00	7.01	23.15	100711.52	148689	0	CharlieHolbrow	
5252	2:01:53	1/1/2019 	7305815	35.00	409.00	6.32	23.17	100710.86	97783	0	CharlieHolbrow	
5253	2:01:53	1/1/2019 	7305934	19.00	47.00	6.90	23.17	100710.86	1836	0	CharlieHolbrow	
5254	2:01:54	1/1/2019 	7306820	32.00	329.00	6.39	23.18	100711.09	49809	0	CharlieHolbrow	
5255	2:01:54	1/1/2019 	7307210	16.00	8.00	7.06	23.19	100710.62	1838	0	CharlieHolbrow	
5256	2:01:54	1/1/2019 	7307220	16.00	8.00	7.06	23.19	100710.62	3807	0	CharlieHolbrow	
5257	2:01:56	1/1/2019 	7309114	16.00	8.00	7.06	23.21	100710.98	97785	0	CharlieHolbrow	
5258	2:01:57	1/1/2019 	7309483	36.00	421.00	6.29	23.22	100711.11	1836	1	CharlieHolbrow	
5259	2:01:57	1/1/2019 	7309656	31.00	272.00	6.40	23.23	100711.05	49811	0	CharlieHolbrow	
5260	2:01:57	1/1/2019 	7310296	16.00	8.00	7.06	23.23	100711.17	2580	0	CharlieHolbrow	
5261	2:01:58	1/1/2019 	7310892	22.00	117.00	6.77	23.24	100710.98	49808	0	CharlieHolbrow	
5262	2:01:58	1/1/2019 	7311279	24.00	128.00	6.66	23.25	100711.08	3944	0	CharlieHolbrow	
5263	2:01:58	1/1/2019 	7311329	16.00	8.00	7.06	23.25	100711.08	1835	0	CharlieHolbrow	
5264	2:01:58	1/1/2019 	7311408	16.00	8.00	7.06	23.25	100711.08	1835	0	CharlieHolbrow	
5265	2:01:59	1/1/2019 	7311472	19.00	58.00	6.91	23.25	100711.08	1834	0	CharlieHolbrow	
5266	2:01:59	1/1/2019 	7311609	28.00	228.00	6.51	23.25	100711.08	49810	1	CharlieHolbrow	
5267	2:01:59	1/1/2019 	7311976	28.00	215.00	6.50	23.26	100711.04	1836	1	CharlieHolbrow	
5268	2:01:59	1/1/2019 	7312228	17.00	8.00	6.99	23.26	100710.84	3802	0	CharlieHolbrow	
5269	2:02:01	1/1/2019 	7313939	17.00	12.00	7.00	23.29	100711.10	97784	0	CharlieHolbrow	
5270	2:02:01	1/1/2019 	7314256	17.00	9.00	7.00	23.30	100711.06	1835	1	CharlieHolbrow	
5271	2:02:02	1/1/2019 	7314761	20.00	50.00	6.84	23.31	100711.30	49808	0	CharlieHolbrow	
5272	2:02:02	1/1/2019 	7314805	18.00	8.00	6.93	23.31	100711.30	1836	0	CharlieHolbrow	
5273	2:02:02	1/1/2019 	7315246	17.00	9.00	7.00	23.31	100711.06	1834	0	CharlieHolbrow	
5274	2:02:03	1/1/2019 	7315639	26.00	168.00	6.58	23.31	100711.06	51774	0	CharlieHolbrow	
5275	2:02:03	1/1/2019 	7316072	16.00	10.00	7.07	23.32	100711.12	1838	0	CharlieHolbrow	
5276	2:02:04	1/1/2019 	7316575	17.00	10.00	7.00	23.33	100710.89	49814	0	CharlieHolbrow	
5277	2:02:05	1/1/2019 	7317681	17.00	21.00	7.02	23.36	100711.15	49809	0	CharlieHolbrow	
5278	2:02:07	1/1/2019 	7319492	33.00	233.00	6.31	23.39	100711.04	49810	0	CharlieHolbrow	
5279	2:02:07	1/1/2019 	7319698	16.00	8.00	7.06	23.40	100711.27	49810	0	CharlieHolbrow	
5280	2:02:07	1/1/2019 	7319858	23.00	103.00	6.70	23.40	100711.27	4769	0	CharlieHolbrow	
5281	2:02:07	1/1/2019 	7320074	22.00	88.00	6.74	23.40	100711.27	1835	0	CharlieHolbrow	
5282	2:02:08	1/1/2019 	7321078	50.00	837.00	6.21	23.42	100711.10	49810	0	CharlieHolbrow	
5283	2:02:08	1/1/2019 	7321152	16.00	8.00	7.06	23.42	100711.10	1836	0	CharlieHolbrow	
5284	2:02:09	1/1/2019 	7321723	16.00	8.00	7.06	23.43	100710.93	49808	0	CharlieHolbrow	
5285	2:02:09	1/1/2019 	7321738	16.00	8.00	7.06	23.43	100710.93	3802	0	CharlieHolbrow	
5286	2:02:09	1/1/2019 	7322004	16.00	8.00	7.06	23.43	100710.93	1834	0	CharlieHolbrow	
5287	2:02:09	1/1/2019 	7322133	21.00	60.00	6.79	23.43	100710.93	1834	0	CharlieHolbrow	
5288	2:02:09	1/1/2019 	7322139	16.00	7.00	7.06	23.43	100710.93	1834	0	CharlieHolbrow	
5289	2:02:10	1/1/2019 	7322844	19.00	56.00	6.91	23.45	100710.59	49810	1	CharlieHolbrow	
5290	2:02:10	1/1/2019 	7323094	16.00	8.00	7.06	23.45	100710.59	1835	0	CharlieHolbrow	
5291	2:02:10	1/1/2019 	7323340	16.00	8.00	7.06	23.46	100710.66	3801	0	CharlieHolbrow	
5292	2:02:11	1/1/2019 	7323695	15.00	8.00	7.13	23.46	100710.66	49808	0	CharlieHolbrow	
5293	2:02:11	1/1/2019 	7323851	17.00	10.00	7.00	23.47	100710.42	1836	0	CharlieHolbrow	
5294	2:02:12	1/1/2019 	7324619	20.00	73.00	6.85	23.48	100710.48	49810	0	CharlieHolbrow	
5295	2:02:12	1/1/2019 	7324885	17.00	15.00	7.01	23.49	100710.52	1835	0	CharlieHolbrow	
5296	2:02:13	1/1/2019 	7325994	27.00	259.00	6.57	23.51	100710.21	49810	0	CharlieHolbrow	
5297	2:02:13	1/1/2019 	7326243	26.00	138.00	6.57	23.51	100709.98	3803	0	CharlieHolbrow	
5298	2:02:14	1/1/2019 	7326675	15.00	8.00	7.13	23.51	100709.98	49810	0	CharlieHolbrow	
5299	2:02:14	1/1/2019 	7326700	16.00	8.00	7.06	23.51	100709.98	1835	0	CharlieHolbrow	
5300	2:02:14	1/1/2019 	7326727	16.00	7.00	7.06	23.52	100710.04	1833	0	CharlieHolbrow	
5301	2:02:14	1/1/2019 	7326775	23.00	109.00	6.70	23.52	100710.04	1834	0	CharlieHolbrow	
5302	2:02:14	1/1/2019 	7327438	22.00	76.00	6.74	23.53	100709.84	1835	0	CharlieHolbrow	
5303	2:02:15	1/1/2019 	7327568	15.00	8.00	7.13	23.53	100709.84	51775	0	CharlieHolbrow	
5304	2:02:15	1/1/2019 	7327828	24.00	134.00	6.67	23.54	100710.03	1836	1	CharlieHolbrow	
5305	2:02:15	1/1/2019 	7328098	23.00	112.00	6.71	23.54	100710.03	1836	0	CharlieHolbrow	
5306	2:02:15	1/1/2019 	7328359	16.00	8.00	7.06	23.55	100709.66	1835	0	CharlieHolbrow	
5307	2:02:15	1/1/2019 	7328392	16.00	9.00	7.07	23.55	100709.66	1834	0	CharlieHolbrow	
5308	2:02:16	1/1/2019 	7329183	16.00	8.00	7.06	23.56	100709.86	49809	0	CharlieHolbrow	
5309	2:02:16	1/1/2019 	7329366	16.00	8.00	7.06	23.56	100709.39	3801	0	CharlieHolbrow	
5310	2:02:17	1/1/2019 	7329945	15.00	8.00	7.13	23.57	100709.03	49809	0	CharlieHolbrow	
5311	2:02:17	1/1/2019 	7330085	16.00	8.00	7.06	23.57	100709.03	2580	0	CharlieHolbrow	
5312	2:02:17	1/1/2019 	7330197	17.00	10.00	7.00	23.57	100709.03	1834	0	CharlieHolbrow	
5313	2:02:18	1/1/2019 	7331275	16.00	8.00	7.06	23.60	100708.33	49809	0	CharlieHolbrow	
5314	2:02:19	1/1/2019 	7332150	16.00	8.00	7.06	23.61	100708.36	51916	0	CharlieHolbrow	
5315	2:02:19	1/1/2019 	7332378	32.00	245.00	6.35	23.61	100708.16	1836	1	CharlieHolbrow	
5316	2:02:20	1/1/2019 	7332567	16.00	8.00	7.06	23.61	100708.16	49810	0	CharlieHolbrow	
5317	2:02:20	1/1/2019 	7332628	16.00	8.00	7.06	23.61	100708.16	1835	0	CharlieHolbrow	
5318	2:02:20	1/1/2019 	7333409	16.00	8.00	7.06	23.63	100708.31	1834	0	CharlieHolbrow	
5319	2:02:22	1/1/2019 	7335111	17.00	9.00	7.00	23.66	100708.03	97782	0	CharlieHolbrow	
5320	2:02:23	1/1/2019 	7336379	19.00	50.00	6.90	23.68	100707.50	51830	0	CharlieHolbrow	
5321	2:02:25	1/1/2019 	7338221	18.00	28.00	6.96	23.71	100707.12	97787	0	CharlieHolbrow	
5322	2:02:25	1/1/2019 	7338290	23.00	126.00	6.72	23.72	100707.31	1840	1	CharlieHolbrow	
5323	2:02:25	1/1/2019 	7338394	16.00	8.00	7.06	23.72	100707.31	1835	0	CharlieHolbrow	
5324	2:02:26	1/1/2019 	7338594	15.00	8.00	7.13	23.72	100707.31	49809	0	CharlieHolbrow	
5325	2:02:28	1/1/2019 	7340898	16.00	8.00	7.06	23.76	100707.77	97786	0	CharlieHolbrow	
5326	2:02:29	1/1/2019 	7342388	16.00	12.00	7.07	23.79	100707.45	52684	0	CharlieHolbrow	
5327	2:02:30	1/1/2019 	7343085	16.00	12.00	7.07	23.79	100707.25	49812	0	CharlieHolbrow	
5328	2:02:31	1/1/2019 	7343825	14.00	7.00	7.21	23.81	100707.58	49811	0	CharlieHolbrow	
5329	2:02:31	1/1/2019 	7344036	17.00	12.00	7.00	23.81	100707.58	1834	0	CharlieHolbrow	
5330	2:02:31	1/1/2019 	7344298	17.00	9.00	7.00	23.82	100707.53	1835	0	CharlieHolbrow	
5331	2:02:32	1/1/2019 	7345007	15.00	7.00	7.13	23.83	100707.47	49808	0	CharlieHolbrow	
5332	2:02:32	1/1/2019 	7345174	16.00	8.00	7.06	23.83	100707.47	3802	0	CharlieHolbrow	
5333	2:02:33	1/1/2019 	7345857	42.00	570.00	6.20	23.84	100707.83	49809	1	CharlieHolbrow	
5334	2:02:34	1/1/2019 	7346747	16.00	11.00	7.07	23.85	100707.75	49812	0	CharlieHolbrow	
5335	2:02:34	1/1/2019 	7346838	24.00	129.00	6.66	23.86	100707.72	1836	0	CharlieHolbrow	
5336	2:02:35	1/1/2019 	7347851	16.00	10.00	7.07	23.87	100707.61	49809	0	CharlieHolbrow	
5337	2:02:36	1/1/2019 	7348637	24.00	135.00	6.67	23.88	100707.58	49811	0	CharlieHolbrow	
5338	2:02:36	1/1/2019 	7348643	16.00	8.00	7.06	23.88	100707.58	3802	0	CharlieHolbrow	
5339	2:02:37	1/1/2019 	7349578	16.00	8.00	7.06	23.90	100707.89	49808	0	CharlieHolbrow	
5340	2:02:37	1/1/2019 	7349594	16.00	8.00	7.06	23.90	100707.89	2775	0	CharlieHolbrow	
5341	2:02:37	1/1/2019 	7349873	24.00	123.00	6.66	23.91	100707.86	1835	1	CharlieHolbrow	
5342	2:02:37	1/1/2019 	7349897	41.00	422.00	6.17	23.91	100707.86	1836	0	CharlieHolbrow	
5343	2:02:37	1/1/2019 	7350051	17.00	8.00	6.99	23.91	100707.86	3942	0	CharlieHolbrow	
5344	2:02:37	1/1/2019 	7350447	16.00	7.00	7.06	23.91	100707.79	1834	0	CharlieHolbrow	
5345	2:02:38	1/1/2019 	7350720	31.00	337.00	6.43	23.91	100707.79	49809	1	CharlieHolbrow	
5346	2:02:38	1/1/2019 	7351437	16.00	8.00	7.06	23.93	100707.28	1837	0	CharlieHolbrow	
5347	2:02:39	1/1/2019 	7351665	20.00	75.00	6.85	23.93	100707.28	49808	0	CharlieHolbrow	
5348	2:02:39	1/1/2019 	7352100	16.00	8.00	7.06	23.93	100707.38	1836	0	CharlieHolbrow	
5349	2:02:40	1/1/2019 	7352926	16.00	8.00	7.06	23.95	100707.30	51775	0	CharlieHolbrow	
5350	2:02:40	1/1/2019 	7353123	23.00	118.00	6.71	23.95	100707.30	1836	0	CharlieHolbrow	
5351	2:02:42	1/1/2019 	7354642	16.00	8.00	7.06	23.97	100707.33	97785	0	CharlieHolbrow	
5352	2:02:42	1/1/2019 	7355133	17.00	9.00	7.00	23.98	100707.26	1835	0	CharlieHolbrow	
5353	2:02:42	1/1/2019 	7355447	23.00	107.00	6.70	23.99	100707.48	1834	0	CharlieHolbrow	
5354	2:02:43	1/1/2019 	7355637	21.00	104.00	6.81	23.99	100707.48	49811	0	CharlieHolbrow	
5355	2:02:43	1/1/2019 	7355831	16.00	7.00	7.06	23.99	100707.02	3803	0	CharlieHolbrow	
5356	2:02:43	1/1/2019 	7356075	16.00	8.00	7.06	23.99	100707.02	1834	0	CharlieHolbrow	
5357	2:02:45	1/1/2019 	7357762	21.00	7.00	6.74	24.02	100707.20	97783	0	CharlieHolbrow	
5358	2:02:45	1/1/2019 	7357974	17.00	12.00	7.00	24.03	100707.73	1836	0	CharlieHolbrow	
5359	2:02:46	1/1/2019 	7359129	17.00	23.00	7.02	24.04	100707.83	49809	0	CharlieHolbrow	
5360	2:02:47	1/1/2019 	7360232	16.00	11.00	7.07	24.06	100708.08	49812	0	CharlieHolbrow	
5361	2:02:47	1/1/2019 	7360398	16.00	8.00	7.06	24.07	100708.38	4887	0	CharlieHolbrow	
5362	2:02:48	1/1/2019 	7361046	16.00	9.00	7.07	24.07	100708.47	49814	1	CharlieHolbrow	
5363	2:02:48	1/1/2019 	7361218	16.00	8.00	7.06	24.07	100708.47	1836	0	CharlieHolbrow	
5364	2:02:48	1/1/2019 	7361269	16.00	8.00	7.06	24.07	100708.47	1833	0	CharlieHolbrow	
5365	2:02:49	1/1/2019 	7361623	17.00	19.00	7.02	24.08	100708.00	49807	0	CharlieHolbrow	
5366	2:02:51	1/1/2019 	7364218	15.00	8.00	7.13	24.11	100708.15	97783	0	CharlieHolbrow	
5367	2:02:52	1/1/2019 	7364666	16.00	10.00	7.07	24.12	100708.44	51774	0	CharlieHolbrow	
5368	2:02:52	1/1/2019 	7365287	17.00	10.00	7.00	24.13	100708.41	1835	0	CharlieHolbrow	
5369	2:02:54	1/1/2019 	7366549	15.00	8.00	7.13	24.15	100708.33	97781	0	CharlieHolbrow	
5370	2:02:54	1/1/2019 	7366912	16.00	8.00	7.06	24.16	100708.42	1835	0	CharlieHolbrow	
5371	2:02:56	1/1/2019 	7368876	16.00	8.00	7.06	24.18	100708.54	97781	0	CharlieHolbrow	
5372	2:02:56	1/1/2019 	7368879	32.00	285.00	6.37	24.18	100708.54	1836	1	CharlieHolbrow	
5373	2:02:56	1/1/2019 	7368946	18.00	29.00	6.96	24.18	100708.38	3803	0	CharlieHolbrow	
5374	2:02:57	1/1/2019 	7369870	16.00	8.00	7.06	24.19	100708.50	49814	0	CharlieHolbrow	
5375	2:02:57	1/1/2019 	7370243	16.00	8.00	7.06	24.19	100708.53	2776	0	CharlieHolbrow	
5376	2:02:57	1/1/2019 	7370312	16.00	8.00	7.06	24.19	100708.53	1834	0	CharlieHolbrow	
5377	2:02:58	1/1/2019 	7370722	24.00	156.00	6.68	24.20	100708.80	49810	1	CharlieHolbrow	
5378	2:02:58	1/1/2019 	7370884	16.00	8.00	7.06	24.20	100708.80	3944	0	CharlieHolbrow	
5379	2:02:59	1/1/2019 	7371634	17.00	8.00	6.99	24.21	100708.78	49807	0	CharlieHolbrow	
5380	2:02:59	1/1/2019 	7371846	17.00	12.00	7.00	24.21	100708.78	1835	0	CharlieHolbrow	
5381	2:02:59	1/1/2019 	7372286	16.00	8.00	7.06	24.22	100708.48	1835	0	CharlieHolbrow	
5382	2:02:59	1/1/2019 	7372431	16.00	7.00	7.06	24.23	100708.75	1834	0	CharlieHolbrow	
5383	2:03:00	1/1/2019 	7372681	20.00	55.00	6.84	24.23	100708.75	49808	0	CharlieHolbrow	
5384	2:03:00	1/1/2019 	7372898	17.00	8.00	6.99	24.23	100708.75	3802	0	CharlieHolbrow	
5385	2:03:00	1/1/2019 	7372971	19.00	46.00	6.90	24.23	100708.27	1834	1	CharlieHolbrow	
5386	2:03:00	1/1/2019 	7372973	16.00	8.00	7.06	24.23	100708.27	1835	0	CharlieHolbrow	
5387	2:03:01	1/1/2019 	7373639	15.00	8.00	7.13	24.24	100708.41	49808	0	CharlieHolbrow	
5388	2:03:02	1/1/2019 	7374611	15.00	8.00	7.13	24.25	100707.77	49810	0	CharlieHolbrow	
5389	2:03:02	1/1/2019 	7374638	16.00	8.00	7.06	24.25	100707.77	1835	0	CharlieHolbrow	
5390	2:03:03	1/1/2019 	7375627	19.00	56.00	6.91	24.26	100707.92	51776	0	CharlieHolbrow	
5391	2:03:03	1/1/2019 	7376285	16.00	8.00	7.06	24.27	100707.75	1837	0	CharlieHolbrow	
5392	2:03:03	1/1/2019 	7376357	15.00	8.00	7.13	24.27	100707.75	1834	0	CharlieHolbrow	
5393	2:03:03	1/1/2019 	7376452	19.00	30.00	6.89	24.27	100708.05	1835	1	CharlieHolbrow	
5394	2:03:04	1/1/2019 	7376769	17.00	21.00	7.02	24.27	100708.05	49809	0	CharlieHolbrow	
5395	2:03:05	1/1/2019 	7378360	18.00	45.00	6.97	24.29	100707.88	49813	0	CharlieHolbrow	
5396	2:03:05	1/1/2019 	7378429	21.00	85.00	6.80	24.30	100707.73	3806	0	CharlieHolbrow	
5397	2:03:06	1/1/2019 	7378689	16.00	8.00	7.06	24.30	100707.73	49809	0	CharlieHolbrow	
5398	2:03:06	1/1/2019 	7379385	16.00	8.00	7.06	24.30	100707.60	1836	0	CharlieHolbrow	
5399	2:03:06	1/1/2019 	7379422	17.00	9.00	7.00	24.30	100707.60	1834	0	CharlieHolbrow	
5400	2:03:08	1/1/2019 	7380813	26.00	209.00	6.60	24.32	100707.75	97783	1	CharlieHolbrow	
5401	2:03:08	1/1/2019 	7381063	18.00	22.00	6.95	24.33	100708.05	2777	0	CharlieHolbrow	
5402	2:03:08	1/1/2019 	7381308	16.00	8.00	7.06	24.33	100708.05	7329	0	CharlieHolbrow	
5403	2:03:08	1/1/2019 	7381310	17.00	12.00	7.00	24.33	100708.05	1834	0	CharlieHolbrow	
5404	2:03:10	1/1/2019 	7383198	15.00	8.00	7.13	24.35	100708.23	97783	0	CharlieHolbrow	
5405	2:03:11	1/1/2019 	7383581	22.00	109.00	6.76	24.35	100708.27	49809	0	CharlieHolbrow	
5406	2:03:11	1/1/2019 	7383689	18.00	18.00	6.95	24.35	100708.27	1836	0	CharlieHolbrow	
5407	2:03:11	1/1/2019 	7384332	16.00	8.00	7.06	24.36	100708.69	1835	0	CharlieHolbrow	
5408	2:03:12	1/1/2019 	7385143	16.00	10.00	7.07	24.37	100708.41	51826	0	CharlieHolbrow	
5409	2:03:13	1/1/2019 	7386371	15.00	8.00	7.13	24.38	100708.27	49809	0	CharlieHolbrow	
5410	2:03:14	1/1/2019 	7387156	15.00	8.00	7.13	24.39	100708.27	49809	0	CharlieHolbrow	
5411	2:03:15	1/1/2019 	7388015	24.00	148.00	6.67	24.40	100708.30	49808	1	CharlieHolbrow	
5412	2:03:15	1/1/2019 	7388401	16.00	8.00	7.06	24.40	100708.30	1837	0	CharlieHolbrow	
5413	2:03:18	1/1/2019 	7390704	23.00	130.00	6.72	24.43	100708.24	147719	0	CharlieHolbrow	
5414	2:03:18	1/1/2019 	7391188	16.00	7.00	7.06	24.44	100708.27	2777	0	CharlieHolbrow	
5415	2:03:20	1/1/2019 	7392463	15.00	7.00	7.13	24.45	100708.47	49807	0	CharlieHolbrow	
5416	2:03:20	1/1/2019 	7392737	31.00	288.00	6.40	24.45	100708.92	49809	0	CharlieHolbrow	
5417	2:03:23	1/1/2019 	7395499	22.00	125.00	6.77	24.48	100708.73	97780	1	CharlieHolbrow	
5418	2:03:24	1/1/2019 	7396562	21.00	97.00	6.81	24.50	100709.19	97810	0	CharlieHolbrow	
5419	2:03:24	1/1/2019 	7397188	21.00	67.00	6.79	24.50	100709.05	3943	0	CharlieHolbrow	
5420	2:03:25	1/1/2019 	7398102	15.00	8.00	7.13	24.51	100708.75	49807	0	CharlieHolbrow	
5421	2:03:26	1/1/2019 	7399434	22.00	134.00	6.78	24.52	100708.98	49808	0	CharlieHolbrow	
