###################################################################################################
### CosmicWatch: The Desktop Muon Detector
### Device ID: StephenHawking
### Launch time: 0:00:05 1/1/2019
### Questions? Email Spencer N. Axani (saxani@mit.edu)
### Event Time Date TimeStamp[ms] ADC1 ADC2 SiPM[mV] Temp[C] Pressure[Pa] DeadTime[us] Coincident ID
###################################################################################################
1	0:00:07	1/1/2019 	1301	976.00	908.00	177.95	10.95	101801.39	95955	0	StephenHawking	
2	0:00:07	1/1/2019 	1773	145.00	9.00	7.88	10.95	101801.99	52036	0	StephenHawking	
3	0:00:07	1/1/2019 	1854	141.00	9.00	7.76	10.95	101801.99	1819	0	StephenHawking	
4	0:00:08	1/1/2019 	2230	947.00	232.00	48.41	10.95	101802.35	1821	0	StephenHawking	
5	0:00:09	1/1/2019 	3864	889.00	89.00	27.94	10.94	101803.97	97775	1	StephenHawking	
6	0:00:10	1/1/2019 	4030	138.00	9.00	7.68	10.94	101803.97	1822	0	StephenHawking	
7	0:00:10	1/1/2019 	4226	944.00	140.00	37.63	10.94	101803.97	1820	1	StephenHawking	
8	0:00:10	1/1/2019 	4315	960.00	382.00	71.48	10.94	101803.97	2786	1	StephenHawking	
9	0:00:10	1/1/2019 	4555	897.00	94.00	28.86	10.93	101804.23	49797	0	StephenHawking	
10	0:00:10	1/1/2019 	4725	950.00	202.00	45.62	10.93	101804.23	1821	1	StephenHawking	
11	0:00:11	1/1/2019 	5794	404.00	10.00	12.28	10.93	101804.97	49797	0	StephenHawking	
12	0:00:12	1/1/2019 	6561	135.00	13.00	7.60	10.93	101805.48	49797	0	StephenHawking	
13	0:00:12	1/1/2019 	6631	320.00	9.00	11.36	10.93	101805.48	1821	0	StephenHawking	
14	0:00:13	1/1/2019 	7049	453.00	9.00	12.58	10.93	101806.00	2794	0	StephenHawking	
15	0:00:14	1/1/2019 	8027	788.00	36.00	21.01	10.93	101805.92	49796	0	StephenHawking	
16	0:00:14	1/1/2019 	8573	735.00	19.00	17.85	10.93	101806.27	49799	0	StephenHawking	
17	0:00:17	1/1/2019 	11001	718.00	14.00	16.35	10.92	101807.23	97776	0	StephenHawking	
18	0:00:17	1/1/2019 	11483	921.00	113.00	32.55	10.92	101806.97	2705	0	StephenHawking	
19	0:00:17	1/1/2019 	11707	529.00	9.00	13.18	10.92	101807.32	49795	0	StephenHawking	
20	0:00:18	1/1/2019 	12669	657.00	11.00	15.14	10.92	101807.23	51314	0	StephenHawking	
21	0:00:19	1/1/2019 	13968	788.00	50.00	22.45	10.91	101807.55	49797	0	StephenHawking	
22	0:00:20	1/1/2019 	14565	194.00	10.00	9.18	10.91	101808.16	49795	0	StephenHawking	
23	0:00:21	1/1/2019 	15013	64.00	9.00	5.92	10.91	101808.60	1820	0	StephenHawking	
24	0:00:21	1/1/2019 	15780	69.00	9.00	5.97	10.90	101808.48	49797	0	StephenHawking	
25	0:00:21	1/1/2019 	15844	388.00	10.00	12.14	10.90	101808.48	1819	0	StephenHawking	
26	0:00:22	1/1/2019 	16128	682.00	12.00	15.60	10.90	101808.74	2811	0	StephenHawking	
27	0:00:24	1/1/2019 	18690	910.00	108.00	31.56	10.88	101809.33	145744	0	StephenHawking	
28	0:00:26	1/1/2019 	20592	881.00	84.00	27.06	10.87	101809.56	97772	0	StephenHawking	
29	0:00:27	1/1/2019 	21199	113.00	9.00	6.95	10.87	101809.66	3298	0	StephenHawking	
30	0:00:27	1/1/2019 	21468	870.00	76.00	25.76	10.87	101810.17	1821	0	StephenHawking	
31	0:00:29	1/1/2019 	23012	112.00	9.00	6.92	10.87	101810.36	97771	0	StephenHawking	
32	0:00:29	1/1/2019 	23155	950.00	232.00	48.41	10.87	101810.36	3362	1	StephenHawking	
33	0:00:29	1/1/2019 	23256	975.00	913.00	181.02	10.86	101810.28	1820	0	StephenHawking	
34	0:00:29	1/1/2019 	23735	951.00	197.00	45.14	10.86	101810.28	49796	1	StephenHawking	
35	0:00:29	1/1/2019 	23884	529.00	10.00	13.29	10.86	101810.23	1820	0	StephenHawking	
36	0:00:30	1/1/2019 	24092	894.00	91.00	28.31	10.86	101810.23	1819	0	StephenHawking	
37	0:00:30	1/1/2019 	24192	177.00	9.00	8.75	10.86	101810.23	1821	0	StephenHawking	
38	0:00:30	1/1/2019 	24319	288.00	9.00	10.92	10.86	101810.23	2833	0	StephenHawking	
39	0:00:30	1/1/2019 	24373	191.00	9.00	9.10	10.86	101810.23	1820	0	StephenHawking	
40	0:00:31	1/1/2019 	25480	574.00	10.00	13.84	10.86	101810.33	49798	0	StephenHawking	
41	0:00:32	1/1/2019 	26146	770.00	30.00	20.16	10.86	101810.33	49797	0	StephenHawking	
42	0:00:32	1/1/2019 	26263	942.00	155.00	40.06	10.86	101810.08	1821	1	StephenHawking	
43	0:00:32	1/1/2019 	26283	920.00	112.00	32.36	10.86	101810.08	1820	0	StephenHawking	
44	0:00:32	1/1/2019 	26592	126.00	9.00	7.33	10.86	101810.08	50813	0	StephenHawking	
45	0:00:33	1/1/2019 	27186	935.00	133.00	36.38	10.86	101810.42	1821	1	StephenHawking	
46	0:00:33	1/1/2019 	27658	732.00	18.00	17.58	10.86	101810.77	49797	0	StephenHawking	
47	0:00:34	1/1/2019 	28206	109.00	9.00	6.84	10.85	101810.69	1821	0	StephenHawking	
48	0:00:34	1/1/2019 	28415	690.00	13.00	15.95	10.85	101810.69	1820	0	StephenHawking	
49	0:00:34	1/1/2019 	28736	106.00	9.00	6.76	10.85	101810.69	49796	0	StephenHawking	
50	0:00:34	1/1/2019 	28810	106.00	8.00	6.75	10.85	101810.69	2844	0	StephenHawking	
51	0:00:36	1/1/2019 	30256	730.00	17.00	17.30	10.85	101810.78	49798	0	StephenHawking	
52	0:00:36	1/1/2019 	30740	970.00	676.00	122.07	10.85	101811.12	50611	1	StephenHawking	
53	0:00:36	1/1/2019 	30886	964.00	463.00	82.48	10.85	101811.12	1830	0	StephenHawking	
54	0:00:36	1/1/2019 	30967	892.00	88.00	27.77	10.85	101811.12	1829	1	StephenHawking	
55	0:00:37	1/1/2019 	31223	782.00	36.00	21.00	10.85	101810.88	1828	0	StephenHawking	
56	0:00:37	1/1/2019 	31355	113.00	9.00	6.95	10.85	101810.88	3300	0	StephenHawking	
57	0:00:37	1/1/2019 	31435	107.00	9.00	6.78	10.85	101810.88	1826	0	StephenHawking	
58	0:00:37	1/1/2019 	31933	162.00	9.00	8.36	10.85	101811.05	49802	0	StephenHawking	
59	0:00:37	1/1/2019 	31991	687.00	12.00	15.62	10.85	101811.05	1820	0	StephenHawking	
60	0:00:38	1/1/2019 	32398	70.00	9.00	5.98	10.85	101810.83	1820	0	StephenHawking	
61	0:00:38	1/1/2019 	32820	132.00	9.00	7.50	10.85	101810.83	49799	0	StephenHawking	
62	0:00:39	1/1/2019 	33211	84.00	9.00	6.22	10.85	101811.00	2765	0	StephenHawking	
63	0:00:40	1/1/2019 	34037	123.00	9.00	7.24	10.85	101811.17	49797	0	StephenHawking	
64	0:00:40	1/1/2019 	34470	955.00	220.00	47.28	10.84	101810.92	1821	0	StephenHawking	
65	0:00:40	1/1/2019 	34494	502.00	9.00	12.94	10.84	101810.92	1822	0	StephenHawking	
66	0:00:40	1/1/2019 	34868	917.00	110.00	31.96	10.84	101810.84	49798	1	StephenHawking	
67	0:00:40	1/1/2019 	34935	786.00	37.00	21.13	10.84	101810.84	1822	0	StephenHawking	
68	0:00:41	1/1/2019 	35146	94.00	9.00	6.44	10.84	101810.84	2773	0	StephenHawking	
69	0:00:42	1/1/2019 	36088	787.00	52.00	22.65	10.84	101811.11	49798	0	StephenHawking	
70	0:00:43	1/1/2019 	37829	89.00	9.00	6.32	10.83	101811.08	97778	0	StephenHawking	
71	0:00:44	1/1/2019 	38097	372.00	10.00	11.98	10.83	101811.08	1821	0	StephenHawking	
72	0:00:44	1/1/2019 	38207	605.00	9.00	14.09	10.83	101811.08	1822	0	StephenHawking	
73	0:00:45	1/1/2019 	39227	113.00	9.00	6.95	10.83	101811.26	49797	0	StephenHawking	
74	0:00:45	1/1/2019 	39252	683.00	10.00	14.94	10.83	101811.26	2779	0	StephenHawking	
75	0:00:45	1/1/2019 	39328	193.00	9.00	9.15	10.83	101811.26	1821	0	StephenHawking	
76	0:00:45	1/1/2019 	39589	674.00	11.00	15.25	10.83	101811.26	49800	0	StephenHawking	
77	0:00:45	1/1/2019 	39882	87.00	9.00	6.28	10.82	101811.35	2683	0	StephenHawking	
78	0:00:45	1/1/2019 	39960	794.00	31.00	20.37	10.82	101811.35	1819	0	StephenHawking	
79	0:00:46	1/1/2019 	40186	850.00	69.00	24.73	10.82	101811.35	1822	0	StephenHawking	
80	0:00:47	1/1/2019 	41177	907.00	112.00	32.33	10.82	101811.57	51305	0	StephenHawking	
81	0:00:47	1/1/2019 	41405	947.00	245.00	49.71	10.82	101811.57	1823	0	StephenHawking	
82	0:00:48	1/1/2019 	42084	829.00	63.00	23.94	10.81	101811.41	49800	0	StephenHawking	
83	0:00:48	1/1/2019 	42718	118.00	9.00	7.09	10.81	101811.50	49799	0	StephenHawking	
84	0:00:48	1/1/2019 	42987	65.00	9.00	5.92	10.81	101811.50	1819	0	StephenHawking	
85	0:00:50	1/1/2019 	44098	84.00	9.00	6.22	10.81	101811.89	49798	0	StephenHawking	
86	0:00:50	1/1/2019 	44416	802.00	55.00	23.00	10.81	101811.89	2899	0	StephenHawking	
87	0:00:51	1/1/2019 	45335	808.00	53.00	22.81	10.80	101812.08	49799	1	StephenHawking	
88	0:00:52	1/1/2019 	46484	932.00	218.00	47.09	10.79	101811.84	49802	1	StephenHawking	
89	0:00:52	1/1/2019 	46772	65.00	9.00	5.92	10.79	101811.84	49800	0	StephenHawking	
90	0:00:52	1/1/2019 	46984	942.00	269.00	52.52	10.79	101811.97	1819	1	StephenHawking	
91	0:00:53	1/1/2019 	47961	788.00	27.00	19.71	10.79	101811.89	49798	0	StephenHawking	
92	0:00:54	1/1/2019 	48692	771.00	32.00	20.45	10.78	101811.73	50784	1	StephenHawking	
93	0:00:56	1/1/2019 	50398	948.00	306.00	58.05	10.77	101811.79	49802	1	StephenHawking	
94	0:00:57	1/1/2019 	51354	838.00	38.00	21.32	10.77	101811.80	50709	0	StephenHawking	
95	0:00:57	1/1/2019 	51397	941.00	156.00	40.21	10.77	101811.80	1822	1	StephenHawking	
96	0:00:59	1/1/2019 	53451	834.00	42.00	21.76	10.76	101812.28	97776	0	StephenHawking	
97	0:01:00	1/1/2019 	54072	77.00	9.00	6.08	10.76	101812.21	49799	0	StephenHawking	
98	0:01:00	1/1/2019 	54974	973.00	768.00	137.10	10.75	101812.22	51328	1	StephenHawking	
99	0:01:01	1/1/2019 	55170	456.00	10.00	12.68	10.75	101812.22	1822	0	StephenHawking	
100	0:01:02	1/1/2019 	56084	357.00	9.00	11.78	10.75	101811.67	49799	0	StephenHawking	
101	0:01:02	1/1/2019 	56186	932.00	130.00	35.83	10.75	101811.67	1821	1	StephenHawking	
102	0:01:03	1/1/2019 	57016	828.00	52.00	22.75	10.74	101811.42	49801	0	StephenHawking	
103	0:01:03	1/1/2019 	57436	974.00	930.00	203.26	10.74	101811.59	2829	0	StephenHawking	
104	0:01:03	1/1/2019 	57442	667.00	10.00	14.91	10.74	101811.59	1823	0	StephenHawking	
105	0:01:04	1/1/2019 	58695	557.00	9.00	13.48	10.74	101811.61	97776	0	StephenHawking	
106	0:01:04	1/1/2019 	58729	78.00	9.00	6.10	10.74	101811.61	1821	0	StephenHawking	
107	0:01:04	1/1/2019 	58746	792.00	20.00	18.19	10.74	101811.61	1819	0	StephenHawking	
108	0:01:04	1/1/2019 	58778	932.00	143.00	38.14	10.74	101811.61	1822	0	StephenHawking	
109	0:01:04	1/1/2019 	58872	957.00	378.00	70.81	10.74	101811.61	2833	0	StephenHawking	
110	0:01:05	1/1/2019 	59256	943.00	255.00	50.81	10.74	101811.55	1823	1	StephenHawking	
111	0:01:05	1/1/2019 	59437	704.00	11.00	15.30	10.74	101811.55	1823	0	StephenHawking	
112	0:01:06	1/1/2019 	60182	942.00	144.00	38.31	10.73	101811.30	49802	1	StephenHawking	
113	0:01:08	1/1/2019 	62375	973.00	874.00	160.93	10.72	101810.67	98731	1	StephenHawking	
114	0:01:08	1/1/2019 	62762	109.00	9.00	6.84	10.72	101811.02	49799	0	StephenHawking	
115	0:01:09	1/1/2019 	63117	215.00	9.00	9.64	10.72	101811.02	3478	0	StephenHawking	
116	0:01:09	1/1/2019 	63262	252.00	9.00	10.35	10.72	101811.02	1820	0	StephenHawking	
117	0:01:09	1/1/2019 	63870	976.00	944.00	235.77	10.72	101810.69	49798	1	StephenHawking	
118	0:01:09	1/1/2019 	63903	920.00	113.00	32.55	10.72	101810.61	1822	0	StephenHawking	
119	0:01:11	1/1/2019 	65222	771.00	27.00	19.68	10.71	101810.05	49799	0	StephenHawking	
120	0:01:12	1/1/2019 	66499	964.00	581.00	100.66	10.70	101809.90	50108	0	StephenHawking	
121	0:01:12	1/1/2019 	66776	543.00	10.00	13.44	10.70	101809.90	50834	0	StephenHawking	
122	0:01:12	1/1/2019 	66801	272.00	9.00	10.68	10.70	101809.90	1821	0	StephenHawking	
123	0:01:12	1/1/2019 	66901	798.00	50.00	22.49	10.70	101809.90	1821	1	StephenHawking	
124	0:01:13	1/1/2019 	67202	774.00	25.00	19.31	10.70	101809.64	1821	0	StephenHawking	
125	0:01:13	1/1/2019 	67448	184.00	9.00	8.93	10.70	101809.64	1822	1	StephenHawking	
126	0:01:14	1/1/2019 	68016	250.00	10.00	10.33	10.70	101809.34	49797	0	StephenHawking	
127	0:01:14	1/1/2019 	68562	551.00	9.00	13.41	10.69	101809.27	53045	0	StephenHawking	
128	0:01:14	1/1/2019 	68645	909.00	102.00	30.39	10.69	101809.27	1821	0	StephenHawking	
129	0:01:14	1/1/2019 	68996	65.00	9.00	5.92	10.69	101809.36	1821	0	StephenHawking	
130	0:01:15	1/1/2019 	69332	794.00	52.00	22.67	10.69	101809.36	1820	0	StephenHawking	
131	0:01:16	1/1/2019 	70011	949.00	249.00	50.14	10.68	101808.78	49800	1	StephenHawking	
132	0:01:16	1/1/2019 	70426	730.00	17.00	17.30	10.68	101808.78	2646	0	StephenHawking	
133	0:01:16	1/1/2019 	70946	736.00	18.00	17.59	10.68	101808.56	51276	0	StephenHawking	
134	0:01:17	1/1/2019 	71349	94.00	9.00	6.44	10.68	101808.31	1821	0	StephenHawking	
135	0:01:17	1/1/2019 	71655	759.00	24.00	19.08	10.68	101808.31	49793	0	StephenHawking	
136	0:01:18	1/1/2019 	72421	851.00	73.00	25.28	10.68	101808.58	1822	0	StephenHawking	
137	0:01:18	1/1/2019 	72607	117.00	9.00	7.07	10.68	101808.58	49798	0	StephenHawking	
138	0:01:19	1/1/2019 	73673	632.00	9.00	14.39	10.67	101808.23	49796	0	StephenHawking	
139	0:01:19	1/1/2019 	73909	888.00	84.00	27.08	10.67	101808.23	2773	1	StephenHawking	
140	0:01:20	1/1/2019 	74172	130.00	9.00	7.44	10.67	101808.23	1821	0	StephenHawking	
141	0:01:20	1/1/2019 	74417	942.00	139.00	37.46	10.67	101808.41	1821	0	StephenHawking	
142	0:01:20	1/1/2019 	74548	228.00	33.00	10.11	10.67	101808.41	49798	0	StephenHawking	
143	0:01:21	1/1/2019 	75934	641.00	11.00	14.97	10.67	101808.36	50033	0	StephenHawking	
144	0:01:22	1/1/2019 	76719	66.00	9.00	5.93	10.67	101808.11	49797	0	StephenHawking	
145	0:01:23	1/1/2019 	77272	962.00	550.00	94.45	10.67	101808.28	2775	1	StephenHawking	
146	0:01:24	1/1/2019 	78040	736.00	19.00	17.86	10.67	101808.28	49798	0	StephenHawking	
147	0:01:24	1/1/2019 	78065	564.00	10.00	13.70	10.67	101808.28	1823	0	StephenHawking	
148	0:01:25	1/1/2019 	79268	951.00	275.00	53.32	10.67	101808.45	49798	1	StephenHawking	
149	0:01:25	1/1/2019 	79591	941.00	144.00	38.31	10.67	101808.45	49800	0	StephenHawking	
150	0:01:25	1/1/2019 	79633	385.00	9.00	12.05	10.67	101808.45	4067	0	StephenHawking	
151	0:01:26	1/1/2019 	80150	192.00	9.00	9.12	10.67	101808.45	1820	0	StephenHawking	
152	0:01:26	1/1/2019 	80313	968.00	555.00	95.42	10.67	101808.45	1821	1	StephenHawking	
153	0:01:26	1/1/2019 	80556	475.00	10.00	12.82	10.67	101808.45	49801	0	StephenHawking	
154	0:01:27	1/1/2019 	81115	867.00	79.00	26.21	10.67	101808.62	1824	1	StephenHawking	
155	0:01:27	1/1/2019 	81283	719.00	14.00	16.35	10.67	101808.62	1829	0	StephenHawking	
156	0:01:28	1/1/2019 	82330	634.00	10.00	14.65	10.67	101808.45	50781	0	StephenHawking	
157	0:01:29	1/1/2019 	83185	886.00	86.00	27.41	10.67	101808.28	49800	1	StephenHawking	
158	0:01:29	1/1/2019 	83723	528.00	9.00	13.17	10.67	101808.45	49799	0	StephenHawking	
159	0:01:30	1/1/2019 	84154	132.00	13.00	7.51	10.67	101808.28	1820	0	StephenHawking	
160	0:01:30	1/1/2019 	84488	892.00	88.00	27.77	10.67	101808.28	1822	0	StephenHawking	
161	0:01:31	1/1/2019 	85200	623.00	10.00	14.52	10.67	101808.28	49798	0	StephenHawking	
162	0:01:31	1/1/2019 	85773	541.00	9.00	13.31	10.67	101808.28	50783	0	StephenHawking	
163	0:01:31	1/1/2019 	85906	322.00	9.00	11.38	10.67	101808.28	1820	0	StephenHawking	
164	0:01:32	1/1/2019 	86671	148.00	9.00	7.97	10.67	101808.11	49799	0	StephenHawking	
165	0:01:36	1/1/2019 	90132	155.00	9.00	8.16	10.67	101808.36	145750	0	StephenHawking	
166	0:01:36	1/1/2019 	90172	112.00	9.00	6.92	10.67	101808.36	2731	0	StephenHawking	
167	0:01:36	1/1/2019 	90411	98.00	9.00	6.54	10.67	101808.36	1819	0	StephenHawking	
168	0:01:36	1/1/2019 	90451	769.00	27.00	19.67	10.67	101808.36	3350	0	StephenHawking	
169	0:01:36	1/1/2019 	90681	79.00	9.00	6.12	10.67	101808.20	49798	0	StephenHawking	
170	0:01:38	1/1/2019 	92364	908.00	106.00	31.17	10.67	101808.28	49798	1	StephenHawking	
171	0:01:38	1/1/2019 	92406	546.00	9.00	13.36	10.67	101808.62	1824	0	StephenHawking	
172	0:01:39	1/1/2019 	93954	897.00	93.00	28.68	10.67	101809.49	97780	0	StephenHawking	
173	0:01:40	1/1/2019 	94169	502.00	10.00	13.03	10.67	101809.49	1821	0	StephenHawking	
174	0:01:40	1/1/2019 	94708	110.00	9.00	6.87	10.67	101809.84	50805	0	StephenHawking	
175	0:01:40	1/1/2019 	94831	962.00	392.00	73.10	10.66	101809.76	1820	1	StephenHawking	
176	0:01:41	1/1/2019 	95886	955.00	260.00	51.40	10.66	101810.11	49799	0	StephenHawking	
177	0:01:42	1/1/2019 	96925	624.00	10.00	14.53	10.66	101810.02	49799	0	StephenHawking	
178	0:01:43	1/1/2019 	97333	936.00	125.00	34.89	10.66	101810.54	1823	1	StephenHawking	
179	0:01:44	1/1/2019 	98781	769.00	29.00	20.01	10.66	101810.63	97779	0	StephenHawking	
180	0:01:44	1/1/2019 	98826	69.00	9.00	5.97	10.66	101810.63	2831	0	StephenHawking	
181	0:01:45	1/1/2019 	99819	581.00	10.00	13.93	10.65	101810.34	49797	0	StephenHawking	
182	0:01:47	1/1/2019 	101837	949.00	225.00	47.75	10.65	101810.17	98728	1	StephenHawking	
183	0:01:49	1/1/2019 	103415	896.00	93.00	28.67	10.64	101810.19	49801	0	StephenHawking	
184	0:01:50	1/1/2019 	104185	135.00	9.00	7.59	10.64	101810.36	49801	1	StephenHawking	
185	0:01:50	1/1/2019 	104610	69.00	9.00	5.97	10.64	101810.14	49797	0	StephenHawking	
186	0:01:51	1/1/2019 	105932	203.00	9.00	9.38	10.64	101810.23	51317	0	StephenHawking	
187	0:01:52	1/1/2019 	106404	806.00	61.00	23.65	10.64	101810.41	1821	0	StephenHawking	
188	0:01:53	1/1/2019 	107367	81.00	9.00	6.16	10.64	101810.16	49800	0	StephenHawking	
189	0:01:54	1/1/2019 	108321	286.00	9.00	10.89	10.63	101810.25	49797	0	StephenHawking	
190	0:01:55	1/1/2019 	109852	93.00	9.00	6.42	10.63	101810.17	97777	0	StephenHawking	
191	0:01:57	1/1/2019 	111869	838.00	69.00	24.70	10.62	101809.97	98578	1	StephenHawking	
192	0:01:57	1/1/2019 	111947	972.00	797.00	142.58	10.62	101809.97	3325	0	StephenHawking	
193	0:01:58	1/1/2019 	112158	412.00	10.00	12.34	10.62	101809.97	1823	0	StephenHawking	
194	0:01:58	1/1/2019 	112401	415.00	9.00	12.30	10.62	101809.97	1823	0	StephenHawking	
195	0:01:59	1/1/2019 	113847	948.00	202.00	45.62	10.62	101810.40	97779	1	StephenHawking	
196	0:02:00	1/1/2019 	114662	907.00	102.00	30.39	10.62	101810.14	49803	0	StephenHawking	
197	0:02:00	1/1/2019 	114773	957.00	315.00	59.59	10.62	101810.14	2763	1	StephenHawking	
198	0:02:01	1/1/2019 	115770	789.00	55.00	22.95	10.62	101810.24	49801	0	StephenHawking	
199	0:02:02	1/1/2019 	116954	716.00	15.00	16.66	10.61	101809.77	49800	0	StephenHawking	
200	0:02:02	1/1/2019 	116992	823.00	64.00	24.04	10.61	101809.77	1822	0	StephenHawking	
201	0:02:03	1/1/2019 	117021	952.00	247.00	49.93	10.61	101809.77	1822	1	StephenHawking	
202	0:02:03	1/1/2019 	117052	266.00	9.00	10.58	10.61	101809.77	1823	0	StephenHawking	
203	0:02:03	1/1/2019 	117333	943.00	135.00	36.75	10.61	101810.11	2769	0	StephenHawking	
204	0:02:03	1/1/2019 	117600	561.00	10.00	13.66	10.61	101810.11	49800	0	StephenHawking	
205	0:02:03	1/1/2019 	117950	842.00	70.00	24.84	10.61	101809.86	1823	0	StephenHawking	
206	0:02:05	1/1/2019 	119394	909.00	105.00	30.97	10.61	101809.44	49799	1	StephenHawking	
207	0:02:05	1/1/2019 	119436	780.00	43.00	21.74	10.61	101809.44	1824	0	StephenHawking	
208	0:02:06	1/1/2019 	120689	133.00	9.00	7.53	10.60	101809.36	97775	0	StephenHawking	
209	0:02:07	1/1/2019 	121287	702.00	14.00	16.31	10.60	101809.11	4036	0	StephenHawking	
210	0:02:08	1/1/2019 	122351	598.00	10.00	14.18	10.60	101808.72	49801	0	StephenHawking	
211	0:02:08	1/1/2019 	122573	902.00	97.00	29.43	10.60	101808.72	49804	0	StephenHawking	
212	0:02:08	1/1/2019 	122931	134.00	9.00	7.56	10.60	101808.72	1822	0	StephenHawking	
213	0:02:10	1/1/2019 	124567	869.00	79.00	26.21	10.60	101808.46	97779	1	StephenHawking	
214	0:02:11	1/1/2019 	125582	712.00	15.00	16.65	10.60	101808.63	49801	0	StephenHawking	
215	0:02:12	1/1/2019 	126062	133.00	9.00	7.53	10.60	101808.46	2791	0	StephenHawking	
216	0:02:12	1/1/2019 	126179	116.00	9.00	7.04	10.60	101808.46	1821	0	StephenHawking	
217	0:02:12	1/1/2019 	126908	134.00	9.00	7.56	10.60	101808.46	49799	0	StephenHawking	
218	0:02:14	1/1/2019 	128278	554.00	10.00	13.57	10.59	101807.86	49800	0	StephenHawking	
219	0:02:15	1/1/2019 	129063	946.00	200.00	45.43	10.59	101807.86	49801	1	StephenHawking	
220	0:02:16	1/1/2019 	130137	914.00	110.00	31.96	10.59	101807.44	49804	1	StephenHawking	
221	0:02:16	1/1/2019 	130797	913.00	105.00	30.98	10.59	101807.44	52080	1	StephenHawking	
222	0:02:16	1/1/2019 	130937	623.00	10.00	14.52	10.59	101807.44	1823	0	StephenHawking	
223	0:02:18	1/1/2019 	132317	957.00	392.00	73.10	10.59	101807.44	49798	1	StephenHawking	
224	0:02:18	1/1/2019 	132578	211.00	9.00	9.55	10.59	101807.27	49798	0	StephenHawking	
225	0:02:19	1/1/2019 	133353	714.00	16.00	16.95	10.59	101807.09	1821	0	StephenHawking	
226	0:02:19	1/1/2019 	133690	382.00	9.00	12.03	10.59	101807.34	50786	0	StephenHawking	
227	0:02:19	1/1/2019 	133761	626.00	10.00	14.56	10.59	101807.34	1821	0	StephenHawking	
228	0:02:20	1/1/2019 	134335	636.00	10.00	14.67	10.59	101807.00	1822	0	StephenHawking	
229	0:02:20	1/1/2019 	134360	752.00	23.00	18.85	10.59	101807.00	1823	0	StephenHawking	
230	0:02:20	1/1/2019 	134571	311.00	14.00	11.39	10.59	101807.00	49798	0	StephenHawking	
231	0:02:20	1/1/2019 	134724	202.00	9.00	9.36	10.59	101807.00	1823	0	StephenHawking	
232	0:02:22	1/1/2019 	136757	913.00	109.00	31.76	10.60	101806.86	98770	0	StephenHawking	
233	0:02:23	1/1/2019 	137322	144.00	9.00	7.85	10.60	101806.52	1822	0	StephenHawking	
234	0:02:23	1/1/2019 	137347	793.00	45.00	21.98	10.60	101806.52	1822	0	StephenHawking	
235	0:02:23	1/1/2019 	137756	266.00	9.00	10.58	10.60	101806.52	49796	0	StephenHawking	
236	0:02:24	1/1/2019 	138253	720.00	16.00	16.98	10.60	101806.42	1821	0	StephenHawking	
237	0:02:26	1/1/2019 	140376	182.00	10.00	8.89	10.61	101806.07	97778	0	StephenHawking	
238	0:02:27	1/1/2019 	141816	884.00	87.00	27.57	10.61	101806.23	100117	0	StephenHawking	
239	0:02:28	1/1/2019 	142651	73.00	9.00	6.02	10.61	101805.71	49798	0	StephenHawking	
240	0:02:29	1/1/2019 	143714	96.00	9.00	6.49	10.62	101806.19	49797	0	StephenHawking	
241	0:02:30	1/1/2019 	144906	145.00	9.00	7.88	10.62	101805.66	49796	1	StephenHawking	
242	0:02:31	1/1/2019 	145233	948.00	178.00	43.12	10.62	101805.74	1823	1	StephenHawking	
243	0:02:31	1/1/2019 	145736	963.00	407.00	75.38	10.62	101805.74	49800	0	StephenHawking	
244	0:02:32	1/1/2019 	146983	793.00	42.00	21.68	10.62	101805.57	50819	0	StephenHawking	
245	0:02:33	1/1/2019 	147243	878.00	84.00	27.05	10.62	101805.39	1823	0	StephenHawking	
246	0:02:34	1/1/2019 	148155	612.00	10.00	14.37	10.62	101805.83	49800	0	StephenHawking	
247	0:02:34	1/1/2019 	148369	841.00	69.00	24.71	10.62	101805.83	1823	0	StephenHawking	
248	0:02:35	1/1/2019 	149058	888.00	88.00	27.76	10.62	101805.83	49799	0	StephenHawking	
249	0:02:35	1/1/2019 	149086	963.00	417.00	76.78	10.62	101805.83	1823	1	StephenHawking	
250	0:02:35	1/1/2019 	149654	196.00	9.00	9.22	10.62	101806.00	50821	0	StephenHawking	
251	0:02:36	1/1/2019 	150573	196.00	9.00	9.22	10.62	101805.83	50767	0	StephenHawking	
252	0:02:36	1/1/2019 	150736	958.00	261.00	51.52	10.62	101805.65	1822	0	StephenHawking	
253	0:02:38	1/1/2019 	152466	74.00	9.00	6.03	10.62	101805.48	49800	0	StephenHawking	
254	0:02:38	1/1/2019 	152553	66.00	7.00	5.93	10.62	101805.05	49799	0	StephenHawking	
255	0:02:38	1/1/2019 	152726	290.00	9.00	10.95	10.62	101805.05	5600	0	StephenHawking	
256	0:02:39	1/1/2019 	153491	112.00	9.00	6.92	10.62	101805.48	1822	0	StephenHawking	
257	0:02:39	1/1/2019 	153992	959.00	282.00	54.30	10.62	101805.48	49800	0	StephenHawking	
258	0:02:40	1/1/2019 	154603	951.00	225.00	47.75	10.62	101805.30	49800	1	StephenHawking	
259	0:02:40	1/1/2019 	154873	165.00	9.00	8.44	10.62	101805.30	1823	0	StephenHawking	
260	0:02:41	1/1/2019 	155421	230.00	9.00	9.94	10.62	101805.13	1820	0	StephenHawking	
261	0:02:43	1/1/2019 	157469	790.00	46.00	22.07	10.62	101804.45	98713	1	StephenHawking	
262	0:02:43	1/1/2019 	157968	957.00	268.00	52.39	10.62	101804.27	49801	0	StephenHawking	
263	0:02:44	1/1/2019 	158175	298.00	9.00	11.06	10.62	101804.27	1822	0	StephenHawking	
264	0:02:44	1/1/2019 	158768	954.00	250.00	50.25	10.62	101804.27	49800	0	StephenHawking	
265	0:02:44	1/1/2019 	158870	615.00	10.00	14.41	10.62	101804.27	1823	0	StephenHawking	
266	0:02:45	1/1/2019 	159083	778.00	39.00	21.32	10.62	101804.27	1822	0	StephenHawking	
267	0:02:45	1/1/2019 	159194	287.00	9.00	10.91	10.62	101804.09	2766	0	StephenHawking	
268	0:02:48	1/1/2019 	162770	442.00	9.00	12.50	10.62	101803.16	193732	0	StephenHawking	
269	0:02:48	1/1/2019 	162774	788.00	44.00	21.87	10.62	101803.16	2661	0	StephenHawking	
270	0:02:49	1/1/2019 	163469	190.00	9.00	9.08	10.62	101802.81	1822	0	StephenHawking	
271	0:02:50	1/1/2019 	164636	359.00	9.00	11.80	10.62	101802.89	97776	0	StephenHawking	
272	0:02:52	1/1/2019 	166314	909.00	107.00	31.36	10.62	101802.38	49802	0	StephenHawking	
273	0:02:53	1/1/2019 	167267	730.00	18.00	17.57	10.62	101801.86	51293	0	StephenHawking	
274	0:02:53	1/1/2019 	167928	393.00	9.00	12.12	10.62	101801.27	49799	0	StephenHawking	
275	0:02:53	1/1/2019 	167962	944.00	167.00	41.76	10.62	101801.27	1822	1	StephenHawking	
276	0:02:55	1/1/2019 	169291	938.00	140.00	37.63	10.62	101801.52	49800	0	StephenHawking	
277	0:02:56	1/1/2019 	170130	951.00	237.00	48.90	10.62	101801.17	49801	1	StephenHawking	
278	0:02:56	1/1/2019 	170784	412.00	9.00	12.28	10.62	101801.00	50665	0	StephenHawking	
279	0:02:56	1/1/2019 	170868	371.00	9.00	11.92	10.62	101801.00	3326	0	StephenHawking	
280	0:02:57	1/1/2019 	171366	686.00	12.00	15.62	10.62	101800.65	1821	0	StephenHawking	
281	0:02:58	1/1/2019 	172493	63.00	9.00	5.91	10.63	101800.73	49799	0	StephenHawking	
282	0:02:59	1/1/2019 	173432	134.00	9.00	7.56	10.63	101800.55	49799	0	StephenHawking	
283	0:03:01	1/1/2019 	175925	941.00	147.00	38.81	10.63	101800.39	145756	0	StephenHawking	
284	0:03:02	1/1/2019 	176783	956.00	329.00	62.07	10.63	101800.39	50780	0	StephenHawking	
285	0:03:02	1/1/2019 	176828	116.00	9.00	7.04	10.63	101800.39	1822	0	StephenHawking	
286	0:03:03	1/1/2019 	177232	123.00	9.00	7.24	10.63	101800.39	1821	0	StephenHawking	
287	0:03:03	1/1/2019 	177237	723.00	16.00	16.99	10.63	101800.39	1822	0	StephenHawking	
288	0:03:04	1/1/2019 	178400	169.00	9.00	8.54	10.63	101800.21	49799	0	StephenHawking	
289	0:03:05	1/1/2019 	179966	258.00	9.00	10.45	10.63	101800.91	97777	0	StephenHawking	
290	0:03:06	1/1/2019 	180349	969.00	864.00	157.27	10.63	101800.91	4222	0	StephenHawking	
291	0:03:07	1/1/2019 	181491	196.00	9.00	9.22	10.62	101800.65	49802	0	StephenHawking	
292	0:03:07	1/1/2019 	181888	144.00	9.00	7.85	10.62	101800.82	49799	0	StephenHawking	
293	0:03:08	1/1/2019 	182405	94.00	9.00	6.44	10.62	101800.40	1820	0	StephenHawking	
294	0:03:08	1/1/2019 	182488	954.00	232.00	48.41	10.62	101800.40	1822	0	StephenHawking	
295	0:03:08	1/1/2019 	182794	233.00	9.00	10.00	10.62	101800.40	49801	0	StephenHawking	
296	0:03:09	1/1/2019 	183329	332.00	9.00	11.50	10.62	101800.40	2821	0	StephenHawking	
297	0:03:09	1/1/2019 	183333	158.00	9.00	8.25	10.62	101800.40	1822	0	StephenHawking	
298	0:03:10	1/1/2019 	184710	563.00	9.00	13.56	10.62	101800.40	97779	0	StephenHawking	
299	0:03:11	1/1/2019 	185408	147.00	9.00	7.94	10.62	101800.74	1822	0	StephenHawking	
300	0:03:12	1/1/2019 	186834	959.00	340.00	64.06	10.62	101800.91	97781	0	StephenHawking	
301	0:03:13	1/1/2019 	187853	146.00	9.00	7.91	10.62	101800.65	49801	0	StephenHawking	
302	0:03:14	1/1/2019 	188071	533.00	9.00	13.22	10.62	101800.65	2824	0	StephenHawking	
303	0:03:14	1/1/2019 	188133	598.00	10.00	14.18	10.62	101800.65	1822	0	StephenHawking	
304	0:03:14	1/1/2019 	188432	785.00	40.00	21.45	10.63	101800.95	1822	0	StephenHawking	
305	0:03:15	1/1/2019 	189064	149.00	9.00	7.99	10.63	101801.28	49801	0	StephenHawking	
306	0:03:15	1/1/2019 	189199	947.00	199.00	45.33	10.63	101801.28	1823	1	StephenHawking	
307	0:03:15	1/1/2019 	189265	788.00	51.00	22.55	10.63	101801.28	1823	0	StephenHawking	
308	0:03:15	1/1/2019 	189558	94.00	9.00	6.44	10.64	101801.61	50812	0	StephenHawking	
309	0:03:15	1/1/2019 	189609	616.00	10.00	14.43	10.64	101801.61	2773	0	StephenHawking	
310	0:03:15	1/1/2019 	189724	405.00	9.00	12.22	10.64	101801.61	1822	0	StephenHawking	
311	0:03:16	1/1/2019 	190442	417.00	9.00	12.32	10.64	101801.52	1822	0	StephenHawking	
312	0:03:17	1/1/2019 	191117	791.00	51.00	22.56	10.64	101801.34	49800	0	StephenHawking	
313	0:03:17	1/1/2019 	191270	320.00	10.00	11.39	10.64	101801.34	1823	0	StephenHawking	
314	0:03:18	1/1/2019 	192095	697.00	13.00	15.98	10.64	101801.39	51357	1	StephenHawking	
315	0:03:18	1/1/2019 	192265	403.00	9.00	12.21	10.64	101801.39	1823	0	StephenHawking	
316	0:03:19	1/1/2019 	193238	332.00	9.00	11.50	10.65	101801.81	49799	0	StephenHawking	
317	0:03:19	1/1/2019 	193554	753.00	25.00	19.26	10.65	101801.81	49799	0	StephenHawking	
318	0:03:20	1/1/2019 	194122	743.00	21.00	18.37	10.65	101801.65	1822	0	StephenHawking	
319	0:03:20	1/1/2019 	194622	210.00	9.00	9.53	10.65	101801.65	50833	0	StephenHawking	
320	0:03:20	1/1/2019 	194692	447.00	9.00	12.54	10.65	101801.65	1820	0	StephenHawking	
321	0:03:20	1/1/2019 	194909	823.00	63.00	23.92	10.65	101801.65	1821	0	StephenHawking	
322	0:03:21	1/1/2019 	195285	788.00	50.00	22.45	10.65	101801.65	1822	0	StephenHawking	
323	0:03:21	1/1/2019 	195731	937.00	129.00	35.64	10.65	101801.65	49802	0	StephenHawking	
324	0:03:23	1/1/2019 	197105	939.00	169.00	42.02	10.64	101801.91	49802	1	StephenHawking	
325	0:03:23	1/1/2019 	197112	137.00	9.00	7.65	10.64	101801.91	5066	0	StephenHawking	
326	0:03:23	1/1/2019 	197169	903.00	99.00	29.81	10.64	101801.91	1821	1	StephenHawking	
327	0:03:23	1/1/2019 	197483	441.00	9.00	12.50	10.64	101802.08	1822	0	StephenHawking	
328	0:03:24	1/1/2019 	198230	556.00	10.00	13.60	10.64	101801.69	49798	0	StephenHawking	
329	0:03:25	1/1/2019 	199905	102.00	9.00	6.65	10.64	101801.86	97782	0	StephenHawking	
330	0:03:26	1/1/2019 	200843	906.00	106.00	31.16	10.64	101801.61	50626	1	StephenHawking	
331	0:03:27	1/1/2019 	201049	549.00	10.00	13.51	10.64	101801.78	3302	0	StephenHawking	
332	0:03:27	1/1/2019 	201361	648.00	10.00	14.79	10.64	101801.78	1823	0	StephenHawking	
333	0:03:29	1/1/2019 	203604	435.00	10.00	12.52	10.64	101801.69	145760	0	StephenHawking	
334	0:03:29	1/1/2019 	203732	673.00	11.00	15.25	10.64	101801.69	1823	0	StephenHawking	
335	0:03:31	1/1/2019 	205050	127.00	9.00	7.36	10.64	101801.44	49800	0	StephenHawking	
336	0:03:31	1/1/2019 	205488	796.00	52.00	22.68	10.64	101801.61	1822	1	StephenHawking	
337	0:03:31	1/1/2019 	205566	820.00	60.00	23.57	10.64	101801.61	50754	0	StephenHawking	
338	0:03:31	1/1/2019 	205609	970.00	604.00	105.68	10.64	101801.61	1823	0	StephenHawking	
339	0:03:32	1/1/2019 	206264	953.00	273.00	53.05	10.64	101801.78	1823	0	StephenHawking	
340	0:03:32	1/1/2019 	206296	450.00	10.00	12.63	10.64	101801.78	1823	0	StephenHawking	
341	0:03:33	1/1/2019 	207293	141.00	9.00	7.76	10.64	101801.44	49801	0	StephenHawking	
342	0:03:33	1/1/2019 	207412	729.00	17.00	17.29	10.64	101801.44	1821	0	StephenHawking	
343	0:03:33	1/1/2019 	207489	88.00	9.00	6.30	10.64	101801.44	2778	0	StephenHawking	
344	0:03:34	1/1/2019 	208674	465.00	9.00	12.67	10.64	101801.02	97779	0	StephenHawking	
345	0:03:35	1/1/2019 	209226	625.00	10.00	14.55	10.64	101801.02	1823	0	StephenHawking	
346	0:03:35	1/1/2019 	209460	722.00	17.00	17.27	10.64	101801.02	1823	0	StephenHawking	
347	0:03:35	1/1/2019 	209486	929.00	119.00	33.73	10.64	101801.02	1822	1	StephenHawking	
348	0:03:35	1/1/2019 	209887	952.00	206.00	45.99	10.64	101800.84	49802	0	StephenHawking	
349	0:03:35	1/1/2019 	209960	66.00	9.00	5.93	10.64	101800.84	4078	0	StephenHawking	
350	0:03:36	1/1/2019 	210412	916.00	114.00	32.74	10.63	101800.42	1821	0	StephenHawking	
351	0:03:37	1/1/2019 	211938	62.00	9.00	5.90	10.63	101800.42	97779	0	StephenHawking	
352	0:03:39	1/1/2019 	213192	941.00	168.00	41.89	10.63	101799.65	49800	0	StephenHawking	
353	0:03:40	1/1/2019 	214633	957.00	277.00	53.59	10.63	101799.30	97781	1	StephenHawking	
354	0:03:40	1/1/2019 	214657	892.00	90.00	28.12	10.63	101799.30	2800	1	StephenHawking	
355	0:03:41	1/1/2019 	215281	427.00	10.00	12.46	10.63	101799.30	1823	0	StephenHawking	
356	0:03:42	1/1/2019 	216331	92.00	9.00	6.39	10.63	101798.70	49801	0	StephenHawking	
357	0:03:42	1/1/2019 	216340	733.00	19.00	17.85	10.63	101798.70	1822	0	StephenHawking	
358	0:03:43	1/1/2019 	217626	88.00	9.00	6.30	10.63	101798.53	97780	0	StephenHawking	
359	0:03:43	1/1/2019 	217764	951.00	209.00	46.27	10.63	101798.53	1822	0	StephenHawking	
360	0:03:43	1/1/2019 	217954	894.00	94.00	28.85	10.63	101798.53	2907	1	StephenHawking	
361	0:03:45	1/1/2019 	219253	938.00	138.00	37.28	10.63	101798.02	49801	0	StephenHawking	
362	0:03:45	1/1/2019 	219655	452.00	9.00	12.57	10.63	101798.02	49801	0	StephenHawking	
363	0:03:45	1/1/2019 	219897	78.00	9.00	6.10	10.63	101797.62	2733	0	StephenHawking	
364	0:03:46	1/1/2019 	220022	947.00	217.00	47.01	10.63	101797.62	1827	1	StephenHawking	
365	0:03:46	1/1/2019 	220203	305.00	9.00	11.16	10.63	101797.62	1830	0	StephenHawking	
366	0:03:46	1/1/2019 	220756	161.00	9.00	8.33	10.63	101797.45	51335	0	StephenHawking	
367	0:03:47	1/1/2019 	221217	641.00	10.00	14.72	10.63	101797.45	1821	0	StephenHawking	
368	0:03:47	1/1/2019 	221615	970.00	596.00	103.94	10.63	101797.45	49800	1	StephenHawking	
369	0:03:47	1/1/2019 	221751	192.00	9.00	9.12	10.63	101797.28	1824	0	StephenHawking	
370	0:03:48	1/1/2019 	222376	66.00	9.00	5.93	10.63	101797.28	1820	0	StephenHawking	
371	0:03:48	1/1/2019 	222763	113.00	9.00	6.95	10.63	101797.28	49797	0	StephenHawking	
372	0:03:49	1/1/2019 	223023	301.00	9.00	11.11	10.63	101797.28	2790	0	StephenHawking	
373	0:03:49	1/1/2019 	223780	280.00	9.00	10.80	10.63	101797.11	49799	0	StephenHawking	
374	0:03:49	1/1/2019 	223882	103.00	9.00	6.67	10.63	101797.11	1821	1	StephenHawking	
375	0:03:50	1/1/2019 	224307	903.00	97.00	29.43	10.63	101796.94	1820	0	StephenHawking	
376	0:03:51	1/1/2019 	225132	966.00	594.00	103.52	10.63	101796.94	49801	1	StephenHawking	
377	0:03:53	1/1/2019 	227939	279.00	9.00	10.79	10.63	101796.98	145759	0	StephenHawking	
378	0:03:54	1/1/2019 	228647	924.00	120.00	33.92	10.63	101797.16	50783	0	StephenHawking	
379	0:03:57	1/1/2019 	231101	527.00	10.00	13.27	10.63	101797.75	97781	0	StephenHawking	
380	0:03:57	1/1/2019 	231141	403.00	9.00	12.21	10.63	101797.75	2774	0	StephenHawking	
381	0:03:57	1/1/2019 	231564	114.00	9.00	6.98	10.63	101797.75	49799	1	StephenHawking	
382	0:03:57	1/1/2019 	231734	295.00	9.00	11.02	10.63	101797.75	1821	0	StephenHawking	
383	0:03:57	1/1/2019 	231794	959.00	246.00	49.82	10.63	101797.75	5591	1	StephenHawking	
384	0:03:58	1/1/2019 	232239	828.00	67.00	24.42	10.63	101797.33	1823	0	StephenHawking	
385	0:03:58	1/1/2019 	232730	893.00	93.00	28.66	10.63	101797.33	49800	0	StephenHawking	
386	0:03:59	1/1/2019 	233067	126.00	9.00	7.33	10.63	101797.33	1822	0	StephenHawking	
387	0:03:59	1/1/2019 	233234	796.00	56.00	23.08	10.63	101797.33	1822	1	StephenHawking	
388	0:03:59	1/1/2019 	233719	732.00	19.00	17.84	10.63	101797.33	49799	0	StephenHawking	
389	0:04:00	1/1/2019 	234264	787.00	50.00	22.45	10.63	101797.33	2759	0	StephenHawking	
390	0:04:01	1/1/2019 	235451	915.00	114.00	32.74	10.63	101797.58	49800	0	StephenHawking	
391	0:04:02	1/1/2019 	236039	307.00	9.00	11.19	10.63	101797.41	49802	0	StephenHawking	
392	0:04:03	1/1/2019 	237074	370.00	9.00	11.91	10.63	101797.06	49798	0	StephenHawking	
393	0:04:03	1/1/2019 	237574	962.00	333.00	62.79	10.63	101797.48	49800	0	StephenHawking	
394	0:04:04	1/1/2019 	238233	955.00	305.00	57.88	10.63	101797.31	1823	1	StephenHawking	
395	0:04:04	1/1/2019 	238779	691.00	12.00	15.64	10.64	101797.91	50744	0	StephenHawking	
396	0:04:05	1/1/2019 	239573	117.00	9.00	7.07	10.64	101797.56	49800	0	StephenHawking	
397	0:04:06	1/1/2019 	240010	299.00	9.00	11.08	10.64	101797.56	2659	0	StephenHawking	
398	0:04:06	1/1/2019 	240555	109.00	9.00	6.84	10.64	101797.99	49798	0	StephenHawking	
399	0:04:08	1/1/2019 	242038	930.00	121.00	34.12	10.64	101798.24	49798	0	StephenHawking	
400	0:04:08	1/1/2019 	242775	792.00	45.00	21.98	10.64	101798.29	49800	0	StephenHawking	
401	0:04:08	1/1/2019 	242922	527.00	9.00	13.16	10.65	101798.38	3312	0	StephenHawking	
402	0:04:11	1/1/2019 	245776	910.00	109.00	31.76	10.66	101798.48	145760	0	StephenHawking	
403	0:04:12	1/1/2019 	246369	492.00	10.00	12.95	10.66	101798.56	1823	0	StephenHawking	
404	0:04:12	1/1/2019 	246619	971.00	454.00	81.43	10.66	101798.47	49802	0	StephenHawking	
405	0:04:12	1/1/2019 	246759	954.00	245.00	49.71	10.66	101798.47	1823	1	StephenHawking	
406	0:04:13	1/1/2019 	247033	314.00	9.00	11.28	10.66	101798.47	1823	0	StephenHawking	
407	0:04:13	1/1/2019 	247726	964.00	332.00	62.61	10.66	101798.38	50763	0	StephenHawking	
408	0:04:14	1/1/2019 	248132	971.00	878.00	161.98	10.67	101798.53	1827	1	StephenHawking	
409	0:04:14	1/1/2019 	248768	789.00	39.00	21.36	10.67	101798.58	49801	0	StephenHawking	
410	0:04:14	1/1/2019 	248821	267.00	9.00	10.60	10.67	101798.58	1822	0	StephenHawking	
411	0:04:15	1/1/2019 	249744	109.00	9.00	6.84	10.68	101798.05	49800	0	StephenHawking	
412	0:04:16	1/1/2019 	250305	788.00	45.00	21.97	10.68	101798.38	4076	0	StephenHawking	
413	0:04:19	1/1/2019 	253592	122.00	9.00	7.21	10.70	101797.80	193731	0	StephenHawking	
414	0:04:20	1/1/2019 	254416	139.00	9.00	7.71	10.70	101797.32	1821	0	StephenHawking	
415	0:04:20	1/1/2019 	254606	74.00	9.00	6.03	10.70	101797.05	49798	0	StephenHawking	
416	0:04:21	1/1/2019 	255916	819.00	65.00	24.15	10.71	101797.30	49798	0	StephenHawking	
417	0:04:22	1/1/2019 	256311	366.00	9.00	11.87	10.71	101797.17	1823	0	StephenHawking	
418	0:04:23	1/1/2019 	257290	109.00	9.00	6.84	10.72	101797.16	50784	0	StephenHawking	
419	0:04:23	1/1/2019 	257602	464.00	9.00	12.66	10.72	101796.89	49798	0	StephenHawking	
420	0:04:23	1/1/2019 	257751	788.00	41.00	21.57	10.72	101796.89	1822	0	StephenHawking	
421	0:04:23	1/1/2019 	257832	258.00	9.00	10.45	10.72	101796.89	1822	0	StephenHawking	
422	0:04:24	1/1/2019 	258292	306.00	9.00	11.17	10.72	101796.62	1824	0	StephenHawking	
423	0:04:24	1/1/2019 	258886	80.00	12.00	6.14	10.72	101796.19	49804	0	StephenHawking	
424	0:04:25	1/1/2019 	259847	547.00	9.00	13.37	10.73	101796.48	50790	0	StephenHawking	
425	0:04:26	1/1/2019 	260393	781.00	37.00	21.11	10.73	101796.22	2738	0	StephenHawking	
426	0:04:26	1/1/2019 	260423	648.00	10.00	14.79	10.73	101796.22	1824	0	StephenHawking	
427	0:04:26	1/1/2019 	260610	122.00	9.00	7.21	10.74	101796.38	49802	0	StephenHawking	
428	0:04:26	1/1/2019 	260811	598.00	9.00	14.00	10.74	101796.38	1828	0	StephenHawking	
429	0:04:26	1/1/2019 	260948	939.00	134.00	36.57	10.74	101796.38	1830	0	StephenHawking	
430	0:04:27	1/1/2019 	261410	660.00	11.00	15.16	10.74	101796.08	3359	0	StephenHawking	
431	0:04:28	1/1/2019 	262176	782.00	33.00	20.62	10.74	101796.24	49801	0	StephenHawking	
432	0:04:28	1/1/2019 	262216	962.00	342.00	64.42	10.74	101796.24	1823	1	StephenHawking	
433	0:04:29	1/1/2019 	263028	396.00	9.00	12.15	10.75	101796.18	49799	0	StephenHawking	
434	0:04:29	1/1/2019 	263698	332.00	9.00	11.50	10.76	101796.16	49800	0	StephenHawking	
435	0:04:30	1/1/2019 	264048	181.00	9.00	8.85	10.76	101796.16	1821	0	StephenHawking	
436	0:04:31	1/1/2019 	265257	697.00	13.00	15.98	10.77	101796.03	50811	0	StephenHawking	
437	0:04:31	1/1/2019 	265486	73.00	9.00	6.02	10.77	101796.02	1822	0	StephenHawking	
438	0:04:33	1/1/2019 	267270	944.00	166.00	41.62	10.78	101795.69	97778	1	StephenHawking	
439	0:04:33	1/1/2019 	267418	428.00	9.00	12.40	10.78	101795.69	1822	0	StephenHawking	
440	0:04:34	1/1/2019 	268029	882.00	87.00	27.57	10.79	101795.67	49800	0	StephenHawking	
441	0:04:34	1/1/2019 	268245	408.00	9.00	12.25	10.79	101795.67	1823	0	StephenHawking	
442	0:04:34	1/1/2019 	268944	977.00	925.00	195.73	10.79	101795.62	50820	1	StephenHawking	
443	0:04:34	1/1/2019 	268979	710.00	14.00	16.34	10.79	101795.62	1830	0	StephenHawking	
444	0:04:35	1/1/2019 	269166	788.00	54.00	22.85	10.80	101795.44	1826	0	StephenHawking	
445	0:04:36	1/1/2019 	270379	372.00	9.00	11.93	10.81	101794.99	49801	0	StephenHawking	
446	0:04:37	1/1/2019 	271604	353.00	10.00	11.79	10.81	101794.67	98735	0	StephenHawking	
447	0:04:37	1/1/2019 	271753	920.00	113.00	32.55	10.81	101794.67	3387	0	StephenHawking	
448	0:04:38	1/1/2019 	272139	943.00	144.00	38.31	10.82	101794.84	1823	1	StephenHawking	
449	0:04:38	1/1/2019 	272218	790.00	54.00	22.85	10.82	101794.84	1823	0	StephenHawking	
450	0:04:39	1/1/2019 	273929	776.00	33.00	20.60	10.83	101794.52	97778	0	StephenHawking	
451	0:04:40	1/1/2019 	274594	102.00	9.00	6.65	10.83	101794.25	49800	0	StephenHawking	
452	0:04:41	1/1/2019 	274999	931.00	122.00	34.31	10.83	101794.25	1822	1	StephenHawking	
453	0:04:44	1/1/2019 	278850	689.00	12.00	15.63	10.86	101794.19	196978	0	StephenHawking	
454	0:04:47	1/1/2019 	281488	821.00	61.00	23.69	10.88	101793.73	97783	0	StephenHawking	
455	0:04:49	1/1/2019 	283759	598.00	10.00	14.18	10.89	101792.75	146580	0	StephenHawking	
456	0:04:49	1/1/2019 	283800	602.00	10.00	14.23	10.89	101792.75	1823	0	StephenHawking	
457	0:04:50	1/1/2019 	284870	77.00	9.00	6.08	10.89	101792.36	49800	0	StephenHawking	
458	0:04:51	1/1/2019 	285733	90.00	9.00	6.35	10.90	101792.27	49797	0	StephenHawking	
459	0:04:51	1/1/2019 	285748	366.00	9.00	11.87	10.90	101792.27	3297	0	StephenHawking	
460	0:04:52	1/1/2019 	286348	572.00	10.00	13.81	10.90	101792.35	1821	0	StephenHawking	
461	0:04:55	1/1/2019 	289612	420.00	11.00	12.47	10.91	101791.68	193736	0	StephenHawking	
462	0:04:56	1/1/2019 	290875	601.00	10.00	14.22	10.92	101791.32	50649	0	StephenHawking	
463	0:04:57	1/1/2019 	291101	941.00	172.00	42.40	10.92	101791.32	1823	1	StephenHawking	
464	0:04:57	1/1/2019 	291226	415.00	9.00	12.30	10.92	101791.32	1823	0	StephenHawking	
465	0:04:57	1/1/2019 	291489	717.00	15.00	16.67	10.92	101791.20	3416	0	StephenHawking	
466	0:04:57	1/1/2019 	291592	587.00	10.00	14.02	10.92	101791.20	49801	0	StephenHawking	
467	0:04:57	1/1/2019 	291701	618.00	10.00	14.46	10.92	101791.20	1823	0	StephenHawking	
468	0:04:59	1/1/2019 	293748	68.00	9.00	5.95	10.93	101791.34	97778	0	StephenHawking	
469	0:05:00	1/1/2019 	294075	967.00	463.00	82.48	10.93	101790.99	1821	0	StephenHawking	
470	0:05:00	1/1/2019 	294379	796.00	53.00	22.78	10.93	101790.99	1823	0	StephenHawking	
471	0:05:02	1/1/2019 	296700	789.00	44.00	21.87	10.94	101790.76	146728	0	StephenHawking	
472	0:05:03	1/1/2019 	297754	747.00	24.00	19.04	10.94	101790.49	49802	0	StephenHawking	
473	0:05:05	1/1/2019 	299359	787.00	49.00	22.35	10.94	101789.71	49802	0	StephenHawking	
474	0:05:05	1/1/2019 	299790	786.00	38.00	21.24	10.94	101789.71	49803	0	StephenHawking	
475	0:05:05	1/1/2019 	300199	290.00	9.00	10.95	10.95	101789.59	2703	0	StephenHawking	
476	0:05:06	1/1/2019 	300820	684.00	12.00	15.61	10.95	101789.41	51314	0	StephenHawking	
477	0:05:06	1/1/2019 	300968	781.00	35.00	20.87	10.95	101789.41	1823	0	StephenHawking	
478	0:05:08	1/1/2019 	302359	156.00	9.00	8.19	10.95	101789.05	49801	0	StephenHawking	
479	0:05:08	1/1/2019 	302862	284.00	9.00	10.86	10.95	101789.05	49801	0	StephenHawking	
480	0:05:10	1/1/2019 	304382	784.00	37.00	21.12	10.96	101788.70	49800	0	StephenHawking	
481	0:05:10	1/1/2019 	304711	63.00	9.00	5.91	10.96	101788.70	49799	0	StephenHawking	
482	0:05:10	1/1/2019 	305245	337.00	9.00	11.56	10.96	101788.52	2807	0	StephenHawking	
483	0:05:10	1/1/2019 	305262	624.00	10.00	14.53	10.96	101788.52	1821	0	StephenHawking	
484	0:05:11	1/1/2019 	306350	764.00	27.00	19.66	10.96	101788.65	49800	0	StephenHawking	
485	0:05:13	1/1/2019 	307593	104.00	9.00	6.70	10.96	101788.38	97780	0	StephenHawking	
486	0:05:13	1/1/2019 	307826	968.00	526.00	90.49	10.97	101788.46	1827	0	StephenHawking	
487	0:05:13	1/1/2019 	308110	568.00	9.00	13.62	10.97	101788.46	1822	0	StephenHawking	
488	0:05:14	1/1/2019 	308846	94.00	9.00	6.44	10.97	101788.55	50793	0	StephenHawking	
489	0:05:15	1/1/2019 	310327	658.00	11.00	15.15	10.97	101788.32	49803	0	StephenHawking	
490	0:05:16	1/1/2019 	311109	700.00	13.00	15.99	10.98	101788.58	50730	0	StephenHawking	
491	0:05:16	1/1/2019 	311251	69.00	9.00	5.97	10.98	101788.58	1822	0	StephenHawking	
492	0:05:17	1/1/2019 	311375	863.00	77.00	25.89	10.98	101788.58	1821	1	StephenHawking	
493	0:05:17	1/1/2019 	311468	642.00	10.00	14.73	10.98	101788.66	1823	0	StephenHawking	
494	0:05:17	1/1/2019 	312106	223.00	9.00	9.80	10.98	101788.31	51440	0	StephenHawking	
495	0:05:18	1/1/2019 	313155	330.00	9.00	11.48	10.98	101788.22	49799	0	StephenHawking	
496	0:05:20	1/1/2019 	314696	936.00	135.00	36.75	10.99	101788.59	97779	1	StephenHawking	
497	0:05:20	1/1/2019 	315048	816.00	62.00	23.79	10.99	101788.59	1823	1	StephenHawking	
498	0:05:21	1/1/2019 	315813	944.00	176.00	42.88	10.99	101788.75	49799	0	StephenHawking	
499	0:05:23	1/1/2019 	317769	962.00	545.00	93.60	11.00	101788.56	97780	1	StephenHawking	
500	0:05:24	1/1/2019 	318387	164.00	9.00	8.41	11.00	101788.44	2839	0	StephenHawking	
501	0:05:24	1/1/2019 	319143	709.00	15.00	16.64	11.00	101788.34	49799	0	StephenHawking	
502	0:05:25	1/1/2019 	319862	958.00	384.00	71.80	11.01	101788.42	49801	0	StephenHawking	
503	0:05:26	1/1/2019 	321126	81.00	9.00	6.16	11.01	101788.97	50760	0	StephenHawking	
504	0:05:27	1/1/2019 	321455	237.00	4.00	9.98	11.02	101789.05	1821	0	StephenHawking	
505	0:05:28	1/1/2019 	322386	195.00	9.00	9.19	11.02	101789.21	49800	0	StephenHawking	
506	0:05:29	1/1/2019 	323431	959.00	356.00	66.96	11.02	101789.30	51364	1	StephenHawking	
507	0:05:29	1/1/2019 	324184	909.00	95.00	29.07	11.03	101789.59	49802	0	StephenHawking	
508	0:05:31	1/1/2019 	325913	186.00	9.00	8.98	11.03	101789.58	97778	0	StephenHawking	
509	0:05:31	1/1/2019 	326227	680.00	11.00	15.27	11.04	101789.48	1822	0	StephenHawking	
510	0:05:33	1/1/2019 	328245	294.00	9.00	11.01	11.04	101789.69	97778	0	StephenHawking	
511	0:05:33	1/1/2019 	328299	61.00	9.00	5.90	11.04	101789.69	5065	0	StephenHawking	
512	0:05:35	1/1/2019 	330264	74.00	9.00	6.03	11.05	101790.09	97778	0	StephenHawking	
513	0:05:38	1/1/2019 	333195	105.00	9.00	6.73	11.06	101790.30	146583	0	StephenHawking	
514	0:05:38	1/1/2019 	333232	722.00	17.00	17.27	11.06	101790.30	1821	0	StephenHawking	
515	0:05:38	1/1/2019 	333294	779.00	44.00	21.84	11.06	101789.95	1822	0	StephenHawking	
516	0:05:39	1/1/2019 	333781	313.00	10.00	11.30	11.06	101789.95	49802	0	StephenHawking	
517	0:05:39	1/1/2019 	334268	886.00	85.00	27.24	11.06	101790.03	3301	1	StephenHawking	
518	0:05:40	1/1/2019 	335356	347.00	10.00	11.72	11.06	101789.94	49801	0	StephenHawking	
519	0:05:41	1/1/2019 	335980	884.00	89.00	27.92	11.06	101789.77	49801	0	StephenHawking	
520	0:05:41	1/1/2019 	336221	101.00	9.00	6.62	11.06	101789.77	1822	0	StephenHawking	
521	0:05:42	1/1/2019 	336672	257.00	9.00	10.43	11.07	101789.84	49799	0	StephenHawking	
522	0:05:43	1/1/2019 	337991	582.00	10.00	13.95	11.07	101790.14	49800	0	StephenHawking	
523	0:05:43	1/1/2019 	338040	940.00	132.00	36.20	11.07	101790.14	2878	1	StephenHawking	
524	0:05:46	1/1/2019 	340904	110.00	9.00	6.87	11.08	101790.81	145757	0	StephenHawking	
525	0:05:46	1/1/2019 	341340	935.00	125.00	34.89	11.08	101790.86	2681	1	StephenHawking	
526	0:05:47	1/1/2019 	341647	369.00	9.00	11.90	11.08	101790.86	49799	0	StephenHawking	
527	0:05:47	1/1/2019 	341699	551.00	10.00	13.54	11.08	101790.86	1822	0	StephenHawking	
528	0:05:48	1/1/2019 	343026	924.00	121.00	34.12	11.09	101791.02	49800	1	StephenHawking	
529	0:05:48	1/1/2019 	343099	940.00	129.00	35.65	11.09	101791.02	3322	0	StephenHawking	
530	0:05:49	1/1/2019 	343723	188.00	9.00	9.03	11.09	101791.09	49801	0	StephenHawking	
531	0:05:49	1/1/2019 	343863	903.00	96.00	29.24	11.09	101791.09	1823	1	StephenHawking	
532	0:05:49	1/1/2019 	343940	940.00	141.00	37.80	11.09	101791.09	1822	1	StephenHawking	
533	0:05:50	1/1/2019 	344723	669.00	11.00	15.22	11.09	101791.34	49800	0	StephenHawking	
534	0:05:52	1/1/2019 	346730	408.00	9.00	12.25	11.10	101792.66	97780	0	StephenHawking	
535	0:05:52	1/1/2019 	346941	908.00	102.00	30.39	11.10	101792.66	2796	0	StephenHawking	
536	0:05:53	1/1/2019 	348185	476.00	10.00	12.83	11.11	101792.83	49801	0	StephenHawking	
537	0:05:54	1/1/2019 	348736	93.00	9.00	6.42	11.11	101793.22	49800	0	StephenHawking	
538	0:05:54	1/1/2019 	348924	108.00	9.00	6.81	11.11	101793.22	1820	0	StephenHawking	
539	0:05:54	1/1/2019 	349341	947.00	182.00	43.58	11.11	101793.64	1821	0	StephenHawking	
540	0:05:55	1/1/2019 	349717	939.00	145.00	38.48	11.12	101793.72	50781	1	StephenHawking	
541	0:05:55	1/1/2019 	349926	66.00	9.00	5.93	11.12	101793.72	2722	0	StephenHawking	
542	0:05:55	1/1/2019 	350342	342.00	9.00	11.62	11.12	101793.80	1820	0	StephenHawking	
543	0:05:56	1/1/2019 	350870	273.00	9.00	10.69	11.12	101793.70	49801	0	StephenHawking	
544	0:05:56	1/1/2019 	351043	668.00	11.00	15.22	11.12	101793.70	1822	0	StephenHawking	
545	0:05:57	1/1/2019 	352017	108.00	9.00	6.81	11.12	101793.75	49799	0	StephenHawking	
546	0:05:57	1/1/2019 	352342	795.00	55.00	22.97	11.13	101793.66	3347	0	StephenHawking	
547	0:05:58	1/1/2019 	352753	904.00	102.00	30.38	11.13	101793.73	49801	1	StephenHawking	
548	0:05:59	1/1/2019 	354004	101.00	9.00	6.62	11.13	101793.89	49801	0	StephenHawking	
549	0:06:00	1/1/2019 	355047	160.00	9.00	8.30	11.14	101793.97	49801	0	StephenHawking	
550	0:06:00	1/1/2019 	355084	86.00	9.00	6.26	11.14	101793.97	1820	0	StephenHawking	
551	0:06:00	1/1/2019 	355176	938.00	128.00	35.46	11.14	101794.02	1821	1	StephenHawking	
552	0:06:01	1/1/2019 	355373	660.00	10.00	14.87	11.14	101794.02	2922	0	StephenHawking	
553	0:06:01	1/1/2019 	355378	374.00	9.00	11.95	11.14	101794.02	1822	0	StephenHawking	
554	0:06:01	1/1/2019 	356116	349.00	9.00	11.70	11.14	101793.92	49800	0	StephenHawking	
555	0:06:02	1/1/2019 	357104	827.00	65.00	24.17	11.15	101794.34	49802	1	StephenHawking	
556	0:06:02	1/1/2019 	357247	945.00	131.00	36.02	11.15	101794.34	1823	0	StephenHawking	
557	0:06:03	1/1/2019 	357749	325.00	9.00	11.42	11.15	101794.21	49801	0	StephenHawking	
558	0:06:04	1/1/2019 	358638	949.00	211.00	46.46	11.15	101794.11	50771	0	StephenHawking	
559	0:06:04	1/1/2019 	358898	962.00	336.00	63.33	11.16	101793.84	1824	1	StephenHawking	
560	0:06:05	1/1/2019 	359392	970.00	633.00	112.50	11.16	101793.58	1822	0	StephenHawking	
561	0:06:05	1/1/2019 	359755	941.00	141.00	37.80	11.16	101793.58	49804	0	StephenHawking	
562	0:06:05	1/1/2019 	360256	643.00	10.00	14.74	11.16	101793.74	2761	0	StephenHawking	
563	0:06:06	1/1/2019 	360430	956.00	249.00	50.14	11.16	101793.74	1822	0	StephenHawking	
564	0:06:07	1/1/2019 	361398	864.00	73.00	25.31	11.17	101793.34	51389	0	StephenHawking	
565	0:06:07	1/1/2019 	361555	808.00	59.00	23.43	11.17	101793.34	49803	0	StephenHawking	
566	0:06:07	1/1/2019 	361635	129.00	9.00	7.41	11.17	101793.34	1822	0	StephenHawking	
567	0:06:07	1/1/2019 	362044	856.00	75.00	25.58	11.17	101793.25	1821	0	StephenHawking	
568	0:06:08	1/1/2019 	363097	964.00	391.00	72.94	11.18	101792.72	49802	1	StephenHawking	
569	0:06:08	1/1/2019 	363223	968.00	403.00	74.78	11.18	101792.72	2851	1	StephenHawking	
570	0:06:09	1/1/2019 	363468	902.00	98.00	29.62	11.18	101792.72	1823	1	StephenHawking	
571	0:06:10	1/1/2019 	365185	556.00	10.00	13.60	11.19	101792.84	97781	0	StephenHawking	
572	0:06:12	1/1/2019 	366421	147.00	9.00	7.94	11.19	101792.64	49801	0	StephenHawking	
573	0:06:12	1/1/2019 	366611	898.00	98.00	29.61	11.19	101792.64	49802	1	StephenHawking	
574	0:06:12	1/1/2019 	367156	514.00	9.00	13.04	11.19	101792.34	1822	0	StephenHawking	
575	0:06:14	1/1/2019 	368382	627.00	10.00	14.57	11.20	101792.59	50835	0	StephenHawking	
576	0:06:15	1/1/2019 	369575	908.00	103.00	30.58	11.21	101792.20	97790	0	StephenHawking	
577	0:06:15	1/1/2019 	369631	952.00	227.00	47.93	11.21	101792.20	2635	1	StephenHawking	
578	0:06:15	1/1/2019 	370078	786.00	49.00	22.35	11.21	101792.09	1823	0	StephenHawking	
579	0:06:15	1/1/2019 	370183	889.00	90.00	28.11	11.21	101792.09	1822	0	StephenHawking	
580	0:06:16	1/1/2019 	370559	83.00	9.00	6.20	11.21	101791.83	49801	0	StephenHawking	
581	0:06:18	1/1/2019 	373161	103.00	9.00	6.67	11.22	101791.42	99353	0	StephenHawking	
582	0:06:19	1/1/2019 	373756	968.00	730.00	131.18	11.22	101791.16	49804	0	StephenHawking	
583	0:06:19	1/1/2019 	373857	962.00	313.00	59.24	11.22	101791.16	1824	0	StephenHawking	
584	0:06:19	1/1/2019 	374107	250.00	9.00	10.31	11.23	101791.32	1821	0	StephenHawking	
585	0:06:19	1/1/2019 	374220	276.00	9.00	10.74	11.23	101791.32	1820	0	StephenHawking	
586	0:06:19	1/1/2019 	374318	699.00	13.00	15.98	11.23	101791.32	1821	0	StephenHawking	
587	0:06:20	1/1/2019 	374900	742.00	21.00	18.37	11.23	101790.88	50752	0	StephenHawking	
588	0:06:20	1/1/2019 	375177	905.00	102.00	30.39	11.23	101790.58	1827	1	StephenHawking	
589	0:06:21	1/1/2019 	375897	940.00	144.00	38.31	11.24	101790.14	49804	0	StephenHawking	
590	0:06:21	1/1/2019 	376287	165.00	9.00	8.44	11.24	101790.14	1822	0	StephenHawking	
591	0:06:21	1/1/2019 	376332	256.00	9.00	10.42	11.24	101789.88	1823	0	StephenHawking	
592	0:06:22	1/1/2019 	376416	743.00	22.00	18.60	11.24	101789.88	1829	0	StephenHawking	
593	0:06:23	1/1/2019 	378045	948.00	199.00	45.33	11.25	101789.94	98740	1	StephenHawking	
594	0:06:23	1/1/2019 	378270	852.00	75.00	25.56	11.25	101789.64	1823	1	StephenHawking	
595	0:06:24	1/1/2019 	378740	962.00	538.00	92.40	11.25	101789.64	49804	1	StephenHawking	
596	0:06:25	1/1/2019 	380348	173.00	9.00	8.65	11.26	101789.02	49805	0	StephenHawking	
597	0:06:26	1/1/2019 	380565	958.00	359.00	67.50	11.26	101789.02	50656	1	StephenHawking	
598	0:06:26	1/1/2019 	381086	710.00	15.00	16.64	11.26	101789.14	3321	0	StephenHawking	
599	0:06:26	1/1/2019 	381262	674.00	11.00	15.25	11.26	101789.05	1822	0	StephenHawking	
600	0:06:27	1/1/2019 	381552	371.00	9.00	11.92	11.26	101789.05	49803	0	StephenHawking	
601	0:06:29	1/1/2019 	383856	513.00	9.00	13.03	11.28	101788.89	97785	0	StephenHawking	
602	0:06:33	1/1/2019 	387461	948.00	209.00	46.27	11.30	101789.14	145766	1	StephenHawking	
603	0:06:33	1/1/2019 	388049	754.00	24.00	19.06	11.30	101788.88	49805	0	StephenHawking	
604	0:06:33	1/1/2019 	388306	704.00	13.00	16.00	11.30	101788.88	2804	0	StephenHawking	
605	0:06:35	1/1/2019 	389733	955.00	323.00	60.99	11.31	101789.16	97791	1	StephenHawking	
606	0:06:37	1/1/2019 	391424	869.00	81.00	26.53	11.31	101789.14	50694	0	StephenHawking	
607	0:06:37	1/1/2019 	391703	513.00	9.00	13.03	11.32	101789.02	49804	0	StephenHawking	
608	0:06:37	1/1/2019 	391799	72.00	9.00	6.01	11.32	101789.02	1821	0	StephenHawking	
609	0:06:37	1/1/2019 	392054	633.00	10.00	14.64	11.32	101789.02	1819	0	StephenHawking	
610	0:06:37	1/1/2019 	392187	911.00	104.00	30.78	11.32	101789.34	3441	0	StephenHawking	
611	0:06:37	1/1/2019 	392295	368.00	9.00	11.89	11.32	101789.34	1822	0	StephenHawking	
612	0:06:40	1/1/2019 	394965	72.00	9.00	6.01	11.33	101790.06	145766	0	StephenHawking	
613	0:06:41	1/1/2019 	395642	444.00	9.00	12.52	11.34	101790.13	49804	0	StephenHawking	
614	0:06:41	1/1/2019 	395743	725.00	17.00	17.28	11.34	101792.11	1823	0	StephenHawking	
615	0:06:41	1/1/2019 	396122	960.00	294.00	56.10	11.34	101792.11	1822	1	StephenHawking	
616	0:06:41	1/1/2019 	396172	916.00	114.00	32.74	11.34	101792.11	2815	1	StephenHawking	
617	0:06:42	1/1/2019 	396628	957.00	294.00	56.10	11.34	101802.38	49803	0	StephenHawking	
618	0:06:42	1/1/2019 	396662	942.00	129.00	35.65	11.34	101802.38	1824	0	StephenHawking	
619	0:06:42	1/1/2019 	396681	220.00	9.00	9.74	11.34	101802.38	1822	0	StephenHawking	
620	0:06:43	1/1/2019 	398182	960.00	353.00	66.42	11.35	101848.77	49800	0	StephenHawking	
621	0:06:43	1/1/2019 	398221	749.00	22.00	18.62	11.35	101848.77	1824	0	StephenHawking	
622	0:06:43	1/1/2019 	398271	967.00	529.00	90.94	11.35	101848.77	2821	0	StephenHawking	
623	0:06:44	1/1/2019 	398717	318.00	10.00	11.37	11.35	101848.77	49803	0	StephenHawking	
624	0:06:45	1/1/2019 	399997	608.00	10.00	14.32	11.36	101887.20	49805	0	StephenHawking	
625	0:06:46	1/1/2019 	400424	781.00	33.00	20.62	11.36	101887.20	2755	0	StephenHawking	
626	0:06:46	1/1/2019 	400644	961.00	309.00	58.56	11.37	101898.93	49805	0	StephenHawking	
627	0:06:46	1/1/2019 	401115	906.00	101.00	30.20	11.37	101898.93	3368	1	StephenHawking	
628	0:06:47	1/1/2019 	402010	328.00	9.00	11.45	11.37	101920.72	49802	0	StephenHawking	
629	0:06:48	1/1/2019 	402574	371.00	9.00	11.92	11.38	101930.30	49800	0	StephenHawking	
630	0:06:48	1/1/2019 	403165	289.00	9.00	10.94	11.38	101940.12	1824	0	StephenHawking	
631	0:06:48	1/1/2019 	403185	456.00	9.00	12.60	11.38	101940.12	1828	0	StephenHawking	
632	0:06:48	1/1/2019 	403355	62.00	9.00	5.90	11.38	101940.12	1827	0	StephenHawking	
633	0:06:49	1/1/2019 	403734	953.00	241.00	49.30	11.38	101949.02	50824	1	StephenHawking	
634	0:06:49	1/1/2019 	404056	224.00	9.00	9.82	11.38	101949.02	1823	0	StephenHawking	
635	0:06:50	1/1/2019 	404682	947.00	189.00	44.33	11.39	101957.94	49801	0	StephenHawking	
636	0:06:51	1/1/2019 	406149	174.00	9.00	8.68	11.40	101982.06	49803	0	StephenHawking	
637	0:06:51	1/1/2019 	406194	921.00	117.00	33.34	11.40	101982.06	1823	1	StephenHawking	
638	0:06:52	1/1/2019 	406830	235.00	9.00	10.04	11.40	102001.38	49803	0	StephenHawking	
639	0:06:53	1/1/2019 	408146	615.00	9.00	14.21	11.41	102040.91	50829	0	StephenHawking	
640	0:06:55	1/1/2019 	409817	89.00	9.00	6.32	11.42	102111.05	97782	0	StephenHawking	
641	0:06:56	1/1/2019 	410575	963.00	373.00	69.96	11.43	102134.49	50606	0	StephenHawking	
642	0:06:56	1/1/2019 	410996	890.00	88.00	27.76	11.43	102155.98	1823	1	StephenHawking	
643	0:06:56	1/1/2019 	411046	590.00	9.00	13.90	11.43	102155.98	1822	0	StephenHawking	
644	0:06:57	1/1/2019 	411406	750.00	25.00	19.24	11.43	102155.98	1822	0	StephenHawking	
645	0:06:57	1/1/2019 	412208	116.00	9.00	7.04	11.44	102195.60	51268	0	StephenHawking	
646	0:06:57	1/1/2019 	412309	945.00	147.00	38.81	11.44	102195.60	1821	1	StephenHawking	
647	0:06:58	1/1/2019 	412951	946.00	200.00	45.43	11.44	102213.47	49803	0	StephenHawking	
648	0:06:58	1/1/2019 	412981	944.00	133.00	36.38	11.44	102213.47	1823	1	StephenHawking	
649	0:06:58	1/1/2019 	413143	241.00	9.00	10.15	11.44	102213.47	1822	0	StephenHawking	
650	0:06:59	1/1/2019 	413600	550.00	9.00	13.40	11.44	102230.52	49802	0	StephenHawking	
651	0:06:59	1/1/2019 	413657	537.00	9.00	13.26	11.44	102230.52	2762	0	StephenHawking	
652	0:06:59	1/1/2019 	414248	829.00	67.00	24.42	11.45	102246.33	1821	0	StephenHawking	
653	0:07:01	1/1/2019 	415847	77.00	9.00	6.08	11.46	102296.27	97782	0	StephenHawking	
654	0:07:01	1/1/2019 	416084	791.00	46.00	22.08	11.46	102296.27	1821	0	StephenHawking	
655	0:07:02	1/1/2019 	416591	340.00	9.00	11.60	11.46	102312.41	49802	0	StephenHawking	
656	0:07:02	1/1/2019 	416692	98.00	9.00	6.54	11.46	102312.41	2767	0	StephenHawking	
657	0:07:02	1/1/2019 	416703	810.00	60.00	23.55	11.46	102312.41	1820	0	StephenHawking	
658	0:07:02	1/1/2019 	416839	406.00	9.00	12.23	11.46	102312.41	1822	0	StephenHawking	
659	0:07:02	1/1/2019 	417084	208.00	9.00	9.49	11.47	102328.45	1821	0	StephenHawking	
660	0:07:03	1/1/2019 	417912	178.00	9.00	8.78	11.47	102348.37	49801	0	StephenHawking	
661	0:07:03	1/1/2019 	418251	304.00	9.00	11.15	11.47	102367.01	1822	0	StephenHawking	
662	0:07:03	1/1/2019 	418293	652.00	10.00	14.82	11.47	102367.01	2773	0	StephenHawking	
663	0:07:05	1/1/2019 	419588	948.00	216.00	46.92	11.48	102403.14	97784	0	StephenHawking	
664	0:07:05	1/1/2019 	419749	362.00	9.00	11.83	11.48	102403.14	2678	0	StephenHawking	
665	0:07:05	1/1/2019 	419811	976.00	828.00	148.58	11.48	102403.14	1823	1	StephenHawking	
666	0:07:05	1/1/2019 	420100	954.00	243.00	49.50	11.48	102419.12	1825	1	StephenHawking	
667	0:07:06	1/1/2019 	420400	165.00	9.00	8.44	11.48	102419.12	1829	0	StephenHawking	
668	0:07:06	1/1/2019 	420443	413.00	9.00	12.29	11.48	102419.12	3327	0	StephenHawking	
669	0:07:06	1/1/2019 	420451	957.00	281.00	54.16	11.48	102419.12	1828	1	StephenHawking	
670	0:07:06	1/1/2019 	420616	109.00	9.00	6.84	11.49	102434.48	49806	0	StephenHawking	
671	0:07:06	1/1/2019 	421001	946.00	173.00	42.52	11.49	102434.48	1822	1	StephenHawking	
672	0:07:06	1/1/2019 	421305	940.00	129.00	35.65	11.49	102448.55	1822	1	StephenHawking	
673	0:07:07	1/1/2019 	421392	916.00	113.00	32.55	11.49	102448.55	1823	1	StephenHawking	
674	0:07:07	1/1/2019 	422045	951.00	172.00	42.40	11.50	102462.33	50777	1	StephenHawking	
675	0:07:07	1/1/2019 	422298	960.00	242.00	49.40	11.50	102462.33	1823	1	StephenHawking	
676	0:07:08	1/1/2019 	422751	554.00	10.00	13.57	11.50	102475.02	49804	0	StephenHawking	
677	0:07:09	1/1/2019 	423673	942.00	170.00	42.14	11.51	102498.41	49804	0	StephenHawking	
678	0:07:09	1/1/2019 	424264	972.00	604.00	105.68	11.51	102509.25	1824	1	StephenHawking	
679	0:07:10	1/1/2019 	424934	942.00	149.00	39.13	11.51	102519.36	49805	1	StephenHawking	
680	0:07:10	1/1/2019 	425149	581.00	10.00	13.93	11.51	102519.36	2903	0	StephenHawking	
681	0:07:10	1/1/2019 	425230	794.00	58.00	23.28	11.51	102519.36	1822	0	StephenHawking	
682	0:07:11	1/1/2019 	425434	112.00	9.00	6.92	11.52	102529.19	1823	0	StephenHawking	
683	0:07:11	1/1/2019 	425450	778.00	40.00	21.43	11.52	102529.19	1821	0	StephenHawking	
684	0:07:11	1/1/2019 	425826	99.00	9.00	6.57	11.52	102529.19	49802	0	StephenHawking	
685	0:07:14	1/1/2019 	429051	944.00	168.00	41.89	11.54	102569.98	145759	1	StephenHawking	
686	0:07:15	1/1/2019 	429838	945.00	163.00	41.22	11.55	102584.44	50788	1	StephenHawking	
687	0:07:15	1/1/2019 	429990	91.00	9.00	6.37	11.55	102584.44	2730	0	StephenHawking	
688	0:07:15	1/1/2019 	430258	166.00	9.00	8.46	11.55	102584.44	1819	0	StephenHawking	
689	0:07:16	1/1/2019 	430806	707.00	15.00	16.63	11.55	102590.39	49801	0	StephenHawking	
690	0:07:17	1/1/2019 	431760	841.00	74.00	25.39	11.56	102601.84	49802	0	StephenHawking	
691	0:07:17	1/1/2019 	432287	970.00	640.00	114.07	11.56	102607.53	3353	0	StephenHawking	
692	0:07:18	1/1/2019 	432563	137.00	9.00	7.65	11.56	102607.53	49803	0	StephenHawking	
693	0:07:18	1/1/2019 	433048	617.00	10.00	14.44	11.56	102612.28	1822	0	StephenHawking	
694	0:07:19	1/1/2019 	433875	910.00	105.00	30.98	11.57	102617.59	49802	1	StephenHawking	
695	0:07:22	1/1/2019 	437238	866.00	80.00	26.36	11.59	102606.81	145761	1	StephenHawking	
696	0:07:22	1/1/2019 	437252	937.00	125.00	34.89	11.59	102606.81	1823	0	StephenHawking	
697	0:07:25	1/1/2019 	439481	157.00	9.00	8.22	11.60	102488.06	98783	1	StephenHawking	
698	0:07:25	1/1/2019 	439643	961.00	258.00	51.16	11.60	102488.06	49801	1	StephenHawking	
699	0:07:28	1/1/2019 	442623	428.00	9.00	12.40	11.62	102297.70	146704	0	StephenHawking	
700	0:07:28	1/1/2019 	443177	771.00	33.00	20.59	11.62	102266.16	1823	0	StephenHawking	
701	0:07:29	1/1/2019 	443661	781.00	40.00	21.44	11.63	102237.30	49801	0	StephenHawking	
702	0:07:31	1/1/2019 	445637	815.00	64.00	24.02	11.64	102160.71	97783	0	StephenHawking	
703	0:07:31	1/1/2019 	445766	782.00	48.00	22.24	11.64	102160.71	3373	0	StephenHawking	
704	0:07:31	1/1/2019 	445822	668.00	10.00	14.91	11.64	102160.71	1822	0	StephenHawking	
705	0:07:32	1/1/2019 	447061	702.00	13.00	15.99	11.65	102117.77	49802	0	StephenHawking	
706	0:07:33	1/1/2019 	447792	595.00	9.00	13.96	11.65	102097.59	49800	0	StephenHawking	
707	0:07:33	1/1/2019 	448276	449.00	9.00	12.55	11.65	102079.27	1823	0	StephenHawking	
708	0:07:34	1/1/2019 	449310	629.00	10.00	14.59	11.66	102045.80	49802	0	StephenHawking	
709	0:07:34	1/1/2019 	449353	948.00	178.00	43.12	11.66	102045.80	2951	1	StephenHawking	
710	0:07:36	1/1/2019 	450578	908.00	109.00	31.75	11.67	102015.97	97783	0	StephenHawking	
711	0:07:36	1/1/2019 	450594	953.00	221.00	47.38	11.67	102015.97	2631	1	StephenHawking	
712	0:07:37	1/1/2019 	451698	103.00	9.00	6.67	11.68	101989.52	49801	0	StephenHawking	
713	0:07:37	1/1/2019 	451797	694.00	13.00	15.97	11.68	101989.52	1823	0	StephenHawking	
714	0:07:37	1/1/2019 	451927	124.00	9.00	7.27	11.68	101989.52	3285	0	StephenHawking	
715	0:07:37	1/1/2019 	452128	958.00	281.00	54.16	11.68	101977.91	1821	0	StephenHawking	
716	0:07:37	1/1/2019 	452240	741.00	21.00	18.37	11.68	101977.91	1821	0	StephenHawking	
717	0:07:38	1/1/2019 	452985	83.00	9.00	6.20	11.68	101966.58	49801	1	StephenHawking	
718	0:07:39	1/1/2019 	453629	116.00	9.00	7.04	11.69	101956.20	49799	0	StephenHawking	
719	0:07:39	1/1/2019 	454221	623.00	9.00	14.30	11.69	101946.05	1821	0	StephenHawking	
720	0:07:40	1/1/2019 	454483	368.00	9.00	11.89	11.69	101946.05	2763	0	StephenHawking	
721	0:07:40	1/1/2019 	454675	962.00	448.00	80.73	11.69	101937.23	49802	0	StephenHawking	
722	0:07:40	1/1/2019 	454983	950.00	220.00	47.28	11.69	101937.23	1822	1	StephenHawking	
723	0:07:40	1/1/2019 	455081	934.00	122.00	34.32	11.69	101937.23	1823	1	StephenHawking	
724	0:07:40	1/1/2019 	455203	454.00	9.00	12.59	11.70	101928.33	1823	0	StephenHawking	
725	0:07:41	1/1/2019 	455839	550.00	10.00	13.52	11.70	101920.20	49801	0	StephenHawking	
726	0:07:41	1/1/2019 	455908	341.00	9.00	11.61	11.70	101920.20	2769	0	StephenHawking	
727	0:07:41	1/1/2019 	456193	955.00	229.00	48.12	11.70	101920.20	1822	0	StephenHawking	
728	0:07:42	1/1/2019 	457014	886.00	89.00	27.93	11.71	101905.72	49800	1	StephenHawking	
729	0:07:42	1/1/2019 	457199	143.00	9.00	7.82	11.71	101905.72	1823	0	StephenHawking	
730	0:07:42	1/1/2019 	457227	585.00	10.00	13.99	11.71	101905.72	1821	0	StephenHawking	
731	0:07:43	1/1/2019 	457729	544.00	9.00	13.34	11.71	101898.88	49803	0	StephenHawking	
732	0:07:43	1/1/2019 	458326	950.00	176.00	42.88	11.72	101892.05	2775	1	StephenHawking	
733	0:07:44	1/1/2019 	458722	68.00	9.00	5.95	11.72	101892.05	49803	0	StephenHawking	
734	0:07:45	1/1/2019 	459715	196.00	9.00	9.22	11.72	101880.51	49802	0	StephenHawking	
735	0:07:46	1/1/2019 	460388	952.00	206.00	45.99	11.73	101875.48	2678	0	StephenHawking	
736	0:07:46	1/1/2019 	460607	961.00	348.00	65.52	11.73	101870.38	49805	1	StephenHawking	
737	0:07:46	1/1/2019 	461234	964.00	377.00	70.63	11.73	101865.66	1827	1	StephenHawking	
738	0:07:46	1/1/2019 	461351	907.00	103.00	30.58	11.73	101865.66	3422	0	StephenHawking	
739	0:07:47	1/1/2019 	462226	125.00	9.00	7.30	11.74	101861.08	49801	0	StephenHawking	
740	0:07:47	1/1/2019 	462351	165.00	9.00	8.44	11.74	101861.08	1822	0	StephenHawking	
741	0:07:48	1/1/2019 	463252	116.00	9.00	7.04	11.74	101853.34	49798	0	StephenHawking	
742	0:07:49	1/1/2019 	463901	66.00	9.00	5.93	11.75	101850.04	49799	0	StephenHawking	
743	0:07:49	1/1/2019 	464274	185.00	9.00	8.95	11.75	101846.66	1821	0	StephenHawking	
744	0:07:50	1/1/2019 	464829	494.00	9.00	12.88	11.76	101843.46	50735	0	StephenHawking	
745	0:07:50	1/1/2019 	464943	703.00	13.00	16.00	11.76	101843.46	1822	0	StephenHawking	
746	0:07:50	1/1/2019 	465179	327.00	9.00	11.44	11.76	101843.46	1821	0	StephenHawking	
747	0:07:50	1/1/2019 	465312	780.00	35.00	20.87	11.76	101843.46	1821	0	StephenHawking	
748	0:07:51	1/1/2019 	465723	118.00	9.00	7.09	11.76	101840.25	49801	0	StephenHawking	
749	0:07:51	1/1/2019 	465860	788.00	54.00	22.85	11.76	101840.25	2771	0	StephenHawking	
750	0:07:51	1/1/2019 	465980	957.00	252.00	50.47	11.76	101840.25	1822	1	StephenHawking	
751	0:07:51	1/1/2019 	466131	967.00	525.00	90.32	11.76	101837.19	1823	1	StephenHawking	
752	0:07:52	1/1/2019 	466386	114.00	9.00	6.98	11.76	101837.19	1822	0	StephenHawking	
753	0:07:53	1/1/2019 	467380	788.00	53.00	22.75	11.77	101832.59	49802	0	StephenHawking	
754	0:07:53	1/1/2019 	468225	972.00	585.00	101.51	11.77	101830.08	49804	1	StephenHawking	
755	0:07:53	1/1/2019 	468231	112.00	9.00	6.92	11.77	101830.08	2807	0	StephenHawking	
756	0:07:54	1/1/2019 	469016	368.00	9.00	11.89	11.77	101828.05	49801	0	StephenHawking	
757	0:07:54	1/1/2019 	469097	290.00	9.00	10.95	11.78	101825.88	1824	0	StephenHawking	
758	0:07:55	1/1/2019 	469712	187.00	9.00	9.00	11.78	101824.31	49806	1	StephenHawking	
759	0:07:55	1/1/2019 	469787	169.00	9.00	8.54	11.78	101824.31	2729	0	StephenHawking	
760	0:07:56	1/1/2019 	471114	975.00	915.00	182.38	11.79	101820.84	49801	0	StephenHawking	
761	0:07:57	1/1/2019 	471466	708.00	14.00	16.33	11.79	101820.84	3357	0	StephenHawking	
762	0:07:57	1/1/2019 	471637	807.00	59.00	23.43	11.79	101819.33	49802	0	StephenHawking	
763	0:07:58	1/1/2019 	473232	954.00	229.00	48.12	11.79	101816.64	49804	1	StephenHawking	
764	0:08:00	1/1/2019 	474957	710.00	14.00	16.34	11.79	101812.75	97784	0	StephenHawking	
765	0:08:00	1/1/2019 	475151	85.00	9.00	6.24	11.80	101811.97	1822	1	StephenHawking	
766	0:08:01	1/1/2019 	475789	85.00	9.00	6.24	11.80	101810.75	49800	0	StephenHawking	
767	0:08:02	1/1/2019 	476829	154.00	9.00	8.13	11.80	101809.72	50910	0	StephenHawking	
768	0:08:03	1/1/2019 	477415	512.00	9.00	13.03	11.80	101808.94	1821	0	StephenHawking	
769	0:08:03	1/1/2019 	477421	905.00	100.00	30.00	11.80	101808.94	1822	1	StephenHawking	
770	0:08:03	1/1/2019 	478206	976.00	698.00	125.88	11.80	101806.52	49802	1	StephenHawking	
771	0:08:04	1/1/2019 	478772	889.00	90.00	28.11	11.80	101805.70	49803	1	StephenHawking	
772	0:08:05	1/1/2019 	479565	615.00	10.00	14.41	11.80	101804.66	49805	0	StephenHawking	
773	0:08:05	1/1/2019 	479885	959.00	288.00	55.18	11.80	101804.66	4205	0	StephenHawking	
774	0:08:06	1/1/2019 	480564	907.00	102.00	30.39	11.81	101803.27	49804	0	StephenHawking	
775	0:08:06	1/1/2019 	481053	530.00	9.00	13.19	11.81	101803.27	1823	0	StephenHawking	
776	0:08:07	1/1/2019 	482054	113.00	9.00	6.95	11.81	101801.61	49801	0	StephenHawking	
777	0:08:07	1/1/2019 	482177	954.00	197.00	45.14	11.81	101801.61	1822	1	StephenHawking	
778	0:08:07	1/1/2019 	482275	800.00	57.00	23.20	11.81	101801.61	5055	0	StephenHawking	
779	0:08:10	1/1/2019 	484457	792.00	56.00	23.07	11.82	101799.40	97782	0	StephenHawking	
780	0:08:11	1/1/2019 	485650	875.00	85.00	27.20	11.82	101798.34	97783	0	StephenHawking	
781	0:08:11	1/1/2019 	485945	960.00	291.00	55.64	11.82	101798.34	1823	1	StephenHawking	
782	0:08:13	1/1/2019 	488093	121.00	9.00	7.18	11.83	101796.03	97784	0	StephenHawking	
783	0:08:14	1/1/2019 	488827	670.00	11.00	15.23	11.83	101795.77	49803	0	StephenHawking	
784	0:08:15	1/1/2019 	489748	307.00	9.00	11.19	11.84	101795.48	50740	1	StephenHawking	
785	0:08:15	1/1/2019 	489919	674.00	11.00	15.25	11.84	101795.48	2649	0	StephenHawking	
786	0:08:15	1/1/2019 	489923	877.00	83.00	26.88	11.84	101795.48	1822	0	StephenHawking	
787	0:08:16	1/1/2019 	490377	103.00	9.00	6.67	11.84	101795.36	1822	0	StephenHawking	
788	0:08:16	1/1/2019 	490775	734.00	19.00	17.85	11.84	101795.36	49801	0	StephenHawking	
789	0:08:16	1/1/2019 	490945	945.00	136.00	36.93	11.85	101795.44	1823	0	StephenHawking	
790	0:08:16	1/1/2019 	491219	149.00	9.00	7.99	11.85	101795.44	3301	1	StephenHawking	
791	0:08:16	1/1/2019 	491223	216.00	9.00	9.66	11.85	101795.44	1821	0	StephenHawking	
792	0:08:17	1/1/2019 	491642	334.00	9.00	11.53	11.85	101795.69	49800	0	StephenHawking	
793	0:08:17	1/1/2019 	492046	794.00	50.00	22.47	11.85	101795.69	1823	0	StephenHawking	
794	0:08:17	1/1/2019 	492230	169.00	9.00	8.54	11.85	101795.94	1822	0	StephenHawking	
795	0:08:18	1/1/2019 	492615	777.00	31.00	20.33	11.85	101795.94	49802	0	StephenHawking	
796	0:08:18	1/1/2019 	492847	784.00	53.00	22.73	11.85	101796.02	2881	1	StephenHawking	
797	0:08:19	1/1/2019 	493703	131.00	9.00	7.47	11.86	101795.89	49802	0	StephenHawking	
798	0:08:20	1/1/2019 	495101	186.00	9.00	8.98	11.86	101795.70	49802	0	StephenHawking	
799	0:08:21	1/1/2019 	495398	944.00	186.00	44.01	11.86	101795.61	1822	1	StephenHawking	
800	0:08:21	1/1/2019 	495415	766.00	28.00	19.83	11.86	101795.61	1824	0	StephenHawking	
801	0:08:21	1/1/2019 	495801	289.00	9.00	10.94	11.87	101795.16	49802	0	StephenHawking	
802	0:08:21	1/1/2019 	496063	900.00	94.00	28.87	11.87	101795.16	2783	1	StephenHawking	
803	0:08:22	1/1/2019 	496360	916.00	116.00	33.13	11.87	101795.47	1822	1	StephenHawking	
804	0:08:22	1/1/2019 	496407	964.00	326.00	61.53	11.87	101795.47	1823	0	StephenHawking	
805	0:08:22	1/1/2019 	496741	910.00	106.00	31.17	11.87	101795.47	49803	0	StephenHawking	
806	0:08:22	1/1/2019 	496964	431.00	9.00	12.42	11.87	101795.37	1821	0	StephenHawking	
807	0:08:23	1/1/2019 	497470	267.00	9.00	10.60	11.87	101795.37	1820	0	StephenHawking	
808	0:08:23	1/1/2019 	497575	948.00	148.00	38.97	11.88	101795.27	50768	1	StephenHawking	
809	0:08:24	1/1/2019 	498387	929.00	122.00	34.31	11.88	101795.43	1823	1	StephenHawking	
810	0:08:25	1/1/2019 	499458	237.00	9.00	10.08	11.89	101795.12	49803	0	StephenHawking	
811	0:08:25	1/1/2019 	500206	68.00	9.00	5.95	11.89	101795.02	49803	0	StephenHawking	
812	0:08:25	1/1/2019 	500263	102.00	9.00	6.65	11.89	101795.02	2701	0	StephenHawking	
813	0:08:25	1/1/2019 	500316	615.00	10.00	14.41	11.89	101795.02	3333	0	StephenHawking	
814	0:08:26	1/1/2019 	500818	948.00	188.00	44.23	11.90	101795.52	49803	1	StephenHawking	
815	0:08:26	1/1/2019 	501313	221.00	9.00	9.76	11.90	101795.74	1823	0	StephenHawking	
816	0:08:27	1/1/2019 	501629	846.00	73.00	25.26	11.90	101795.74	49800	0	StephenHawking	
817	0:08:27	1/1/2019 	502275	768.00	28.00	19.84	11.90	101807.48	1823	0	StephenHawking	
818	0:08:28	1/1/2019 	502467	243.00	9.00	10.19	11.91	101826.73	1821	1	StephenHawking	
819	0:08:28	1/1/2019 	502895	144.00	9.00	7.85	11.91	101826.73	50791	0	StephenHawking	
820	0:08:28	1/1/2019 	502950	721.00	16.00	16.98	11.91	101826.73	1822	0	StephenHawking	
821	0:08:28	1/1/2019 	503078	306.00	9.00	11.17	11.91	101853.65	1822	0	StephenHawking	
822	0:08:29	1/1/2019 	504325	884.00	89.00	27.92	11.92	101908.66	49801	0	StephenHawking	
823	0:08:31	1/1/2019 	505493	833.00	69.00	24.69	11.93	101980.42	49803	0	StephenHawking	
824	0:08:31	1/1/2019 	505575	857.00	76.00	25.72	11.93	101980.42	49803	1	StephenHawking	
825	0:08:31	1/1/2019 	505983	153.00	9.00	8.11	11.93	101980.42	2815	0	StephenHawking	
826	0:08:31	1/1/2019 	506169	953.00	233.00	48.51	11.93	102012.30	1821	1	StephenHawking	
827	0:08:32	1/1/2019 	506918	118.00	9.00	7.09	11.93	102042.53	49802	1	StephenHawking	
828	0:08:32	1/1/2019 	507245	767.00	29.00	20.00	11.94	102070.26	1822	0	StephenHawking	
829	0:08:33	1/1/2019 	507803	615.00	9.00	14.21	11.94	102070.26	49802	0	StephenHawking	
830	0:08:36	1/1/2019 	510695	650.00	11.00	15.07	11.96	102207.03	145764	0	StephenHawking	
831	0:08:36	1/1/2019 	510749	352.00	9.00	11.73	11.96	102207.03	4160	0	StephenHawking	
832	0:08:36	1/1/2019 	511067	90.00	9.00	6.35	11.96	102231.55	1821	1	StephenHawking	
833	0:08:41	1/1/2019 	516190	157.00	9.00	8.22	11.99	102380.77	241722	0	StephenHawking	
834	0:08:41	1/1/2019 	516255	962.00	317.00	59.93	11.99	102380.77	1822	1	StephenHawking	
835	0:08:42	1/1/2019 	517154	654.00	11.00	15.11	12.00	102408.03	49803	0	StephenHawking	
836	0:08:43	1/1/2019 	517472	869.00	81.00	26.53	12.00	102408.03	1823	0	StephenHawking	
837	0:08:43	1/1/2019 	517617	778.00	33.00	20.61	12.00	102420.99	50817	0	StephenHawking	
838	0:08:43	1/1/2019 	518198	153.00	9.00	8.11	12.00	102433.00	1823	0	StephenHawking	
839	0:08:44	1/1/2019 	518600	373.00	9.00	11.94	12.00	102433.00	49801	0	StephenHawking	
840	0:08:45	1/1/2019 	519372	956.00	287.00	55.03	12.01	102455.52	1822	0	StephenHawking	
841	0:08:45	1/1/2019 	519766	960.00	298.00	56.74	12.01	102455.52	49804	1	StephenHawking	
842	0:08:45	1/1/2019 	519882	880.00	83.00	26.89	12.01	102455.52	4213	1	StephenHawking	
843	0:08:45	1/1/2019 	520213	667.00	11.00	15.21	12.01	102466.14	1821	0	StephenHawking	
844	0:08:48	1/1/2019 	522366	905.00	103.00	30.58	12.03	102510.67	97784	1	StephenHawking	
845	0:08:48	1/1/2019 	522678	114.00	9.00	6.98	12.03	102510.67	49804	1	StephenHawking	
846	0:08:50	1/1/2019 	524446	133.00	9.00	7.53	12.04	102539.66	49802	0	StephenHawking	
847	0:08:51	1/1/2019 	525720	78.00	9.00	6.10	12.04	102555.73	97781	0	StephenHawking	
848	0:08:52	1/1/2019 	526692	950.00	204.00	45.81	12.05	102570.47	53041	1	StephenHawking	
849	0:08:53	1/1/2019 	527553	255.00	9.00	10.40	12.05	102577.12	49802	1	StephenHawking	
850	0:08:53	1/1/2019 	527629	577.00	9.00	13.73	12.05	102577.12	1822	0	StephenHawking	
851	0:08:53	1/1/2019 	527654	965.00	394.00	73.41	12.05	102577.12	1822	0	StephenHawking	
852	0:08:53	1/1/2019 	527747	159.00	9.00	8.27	12.05	102577.12	1821	0	StephenHawking	
853	0:08:54	1/1/2019 	528673	342.00	9.00	11.62	12.06	102589.21	49802	0	StephenHawking	
854	0:08:54	1/1/2019 	529029	954.00	241.00	49.30	12.06	102595.22	2758	0	StephenHawking	
855	0:08:54	1/1/2019 	529079	174.00	9.00	8.68	12.06	102595.22	1823	0	StephenHawking	
856	0:08:54	1/1/2019 	529341	101.00	8.00	6.62	12.06	102595.22	1820	0	StephenHawking	
857	0:08:57	1/1/2019 	531726	972.00	644.00	115.02	12.08	102616.52	145763	1	StephenHawking	
858	0:08:58	1/1/2019 	532797	940.00	145.00	38.48	12.08	102624.98	50634	1	StephenHawking	
859	0:08:58	1/1/2019 	533249	137.00	9.00	7.65	12.08	102624.98	1824	0	StephenHawking	
860	0:08:59	1/1/2019 	533782	577.00	10.00	13.88	12.09	102629.29	51284	0	StephenHawking	
861	0:08:59	1/1/2019 	534294	283.00	9.00	10.85	12.09	102633.00	1822	0	StephenHawking	
862	0:09:00	1/1/2019 	534620	102.00	9.00	6.65	12.09	102636.69	49802	0	StephenHawking	
863	0:09:00	1/1/2019 	534916	640.00	10.00	14.71	12.09	102636.69	1822	0	StephenHawking	
864	0:09:00	1/1/2019 	535121	86.00	12.00	6.26	12.10	102640.65	1821	0	StephenHawking	
865	0:09:01	1/1/2019 	535465	88.00	9.00	6.30	12.10	102640.65	1820	0	StephenHawking	
866	0:09:03	1/1/2019 	537983	933.00	127.00	35.27	12.11	102653.83	146722	0	StephenHawking	
867	0:09:04	1/1/2019 	538865	916.00	117.00	33.33	12.11	102659.52	49806	1	StephenHawking	
868	0:09:05	1/1/2019 	539379	975.00	928.00	197.79	12.12	102662.19	1824	1	StephenHawking	
869	0:09:05	1/1/2019 	539910	789.00	41.00	21.57	12.12	102662.19	49806	1	StephenHawking	
870	0:09:06	1/1/2019 	540619	949.00	217.00	47.01	12.12	102667.59	50669	0	StephenHawking	
871	0:09:06	1/1/2019 	541066	247.00	9.00	10.26	12.12	102667.59	1823	0	StephenHawking	
872	0:09:07	1/1/2019 	542022	943.00	161.00	40.94	12.13	102678.88	51307	1	StephenHawking	
873	0:09:08	1/1/2019 	543097	796.00	55.00	22.98	12.14	102692.17	49809	0	StephenHawking	
874	0:09:08	1/1/2019 	543224	136.00	9.00	7.62	12.14	102692.17	1822	0	StephenHawking	
875	0:09:09	1/1/2019 	543978	96.00	9.00	6.49	12.14	102699.44	49800	0	StephenHawking	
876	0:09:10	1/1/2019 	544476	779.00	33.00	20.61	12.14	102708.33	1821	0	StephenHawking	
877	0:09:10	1/1/2019 	544750	345.00	9.00	11.65	12.14	102708.33	50781	1	StephenHawking	
878	0:09:10	1/1/2019 	545003	505.00	9.00	12.97	12.15	102716.16	1821	0	StephenHawking	
879	0:09:10	1/1/2019 	545275	919.00	108.00	31.57	12.15	102716.16	1823	0	StephenHawking	
880	0:09:11	1/1/2019 	545445	962.00	329.00	62.07	12.15	102723.86	1823	0	StephenHawking	
881	0:09:12	1/1/2019 	546699	541.00	10.00	13.42	12.16	102738.62	97787	0	StephenHawking	
882	0:09:12	1/1/2019 	546832	92.00	9.00	6.39	12.16	102738.62	1829	0	StephenHawking	
883	0:09:12	1/1/2019 	546923	619.00	10.00	14.47	12.16	102738.62	2812	0	StephenHawking	
884	0:09:13	1/1/2019 	547686	787.00	46.00	22.06	12.16	102745.08	49806	0	StephenHawking	
885	0:09:14	1/1/2019 	548394	903.00	101.00	30.19	12.16	102771.70	1823	0	StephenHawking	
886	0:09:14	1/1/2019 	548804	669.00	11.00	15.22	12.16	102771.70	49804	0	StephenHawking	
887	0:09:14	1/1/2019 	548810	917.00	111.00	32.16	12.16	102771.70	2180	1	StephenHawking	
888	0:09:15	1/1/2019 	549993	906.00	101.00	30.20	12.17	102804.62	49806	1	StephenHawking	
889	0:09:16	1/1/2019 	550756	238.00	9.00	10.10	12.17	102819.38	52124	0	StephenHawking	
890	0:09:16	1/1/2019 	550918	229.00	9.00	9.92	12.18	102832.95	1826	0	StephenHawking	
891	0:09:17	1/1/2019 	551567	741.00	23.00	18.81	12.18	102846.09	49800	0	StephenHawking	
892	0:09:17	1/1/2019 	551730	978.00	919.00	188.28	12.18	102846.09	1822	1	StephenHawking	
893	0:09:17	1/1/2019 	552014	168.00	9.00	8.52	12.18	102846.09	1822	0	StephenHawking	
894	0:09:17	1/1/2019 	552171	945.00	149.00	39.13	12.18	102858.10	1821	0	StephenHawking	
895	0:09:18	1/1/2019 	552369	175.00	9.00	8.70	12.18	102858.10	2828	0	StephenHawking	
896	0:09:18	1/1/2019 	553111	137.00	9.00	7.65	12.19	102869.56	49800	0	StephenHawking	
897	0:09:18	1/1/2019 	553118	930.00	123.00	34.51	12.19	102869.56	1822	1	StephenHawking	
898	0:09:19	1/1/2019 	553769	437.00	9.00	12.47	12.19	102881.14	49802	0	StephenHawking	
899	0:09:19	1/1/2019 	553790	151.00	9.00	8.05	12.19	102881.14	1823	0	StephenHawking	
900	0:09:19	1/1/2019 	553850	643.00	10.00	14.74	12.19	102896.62	1823	0	StephenHawking	
901	0:09:20	1/1/2019 	554481	126.00	9.00	7.33	12.20	102911.41	2836	0	StephenHawking	
902	0:09:20	1/1/2019 	554846	936.00	126.00	35.08	12.20	102911.41	49800	0	StephenHawking	
903	0:09:20	1/1/2019 	555345	970.00	643.00	114.95	12.20	102925.72	1823	1	StephenHawking	
904	0:09:21	1/1/2019 	555912	514.00	9.00	13.04	12.20	102938.95	49801	0	StephenHawking	
905	0:09:21	1/1/2019 	555993	663.00	11.00	15.19	12.20	102938.95	1822	0	StephenHawking	
906	0:09:22	1/1/2019 	556453	207.00	9.00	9.47	12.21	102951.91	2838	0	StephenHawking	
907	0:09:22	1/1/2019 	556936	823.00	69.00	24.66	12.21	102963.41	49801	1	StephenHawking	
908	0:09:22	1/1/2019 	557094	692.00	12.00	15.64	12.21	102963.41	1823	0	StephenHawking	
909	0:09:22	1/1/2019 	557127	314.00	9.00	11.28	12.21	102963.41	1821	0	StephenHawking	
910	0:09:22	1/1/2019 	557129	360.00	9.00	11.81	12.21	102963.41	1821	0	StephenHawking	
911	0:09:22	1/1/2019 	557146	166.00	9.00	8.46	12.21	102963.41	1820	0	StephenHawking	
912	0:09:23	1/1/2019 	558060	626.00	10.00	14.56	12.21	102974.53	50820	0	StephenHawking	
913	0:09:24	1/1/2019 	558617	262.00	9.00	10.52	12.22	102985.41	49803	0	StephenHawking	
914	0:09:24	1/1/2019 	558756	821.00	67.00	24.40	12.22	102995.53	1823	0	StephenHawking	
915	0:09:25	1/1/2019 	559474	694.00	13.00	15.97	12.23	103005.73	1822	0	StephenHawking	
916	0:09:25	1/1/2019 	559618	776.00	35.00	20.86	12.23	103005.73	49804	1	StephenHawking	
917	0:09:25	1/1/2019 	559741	441.00	9.00	12.50	12.23	103005.73	2792	0	StephenHawking	
918	0:09:25	1/1/2019 	559978	704.00	14.00	16.32	12.23	103014.95	5590	0	StephenHawking	
919	0:09:25	1/1/2019 	560123	914.00	109.00	31.76	12.23	103014.95	1822	0	StephenHawking	
920	0:09:25	1/1/2019 	560327	960.00	293.00	55.95	12.23	103014.95	1822	1	StephenHawking	
921	0:09:26	1/1/2019 	560374	953.00	277.00	53.59	12.23	103014.95	1822	1	StephenHawking	
922	0:09:26	1/1/2019 	560798	500.00	10.00	13.02	12.23	103023.67	49804	0	StephenHawking	
923	0:09:26	1/1/2019 	561116	517.00	9.00	13.07	12.24	103032.49	1821	0	StephenHawking	
924	0:09:27	1/1/2019 	561910	963.00	340.00	64.06	12.24	103040.53	50838	1	StephenHawking	
925	0:09:27	1/1/2019 	562246	857.00	78.00	26.02	12.24	103040.53	1823	0	StephenHawking	
926	0:09:28	1/1/2019 	562469	697.00	13.00	15.98	12.24	103047.67	1822	0	StephenHawking	
927	0:09:28	1/1/2019 	562962	783.00	43.00	21.75	12.25	103054.94	49804	0	StephenHawking	
928	0:09:28	1/1/2019 	562988	586.00	10.00	14.00	12.25	103054.94	1823	1	StephenHawking	
929	0:09:28	1/1/2019 	562999	410.00	9.00	12.26	12.25	103054.94	1822	1	StephenHawking	
930	0:09:28	1/1/2019 	563206	777.00	42.00	21.63	12.25	103054.94	2725	0	StephenHawking	
931	0:09:29	1/1/2019 	563746	181.00	9.00	8.85	12.25	103061.41	49802	0	StephenHawking	
932	0:09:31	1/1/2019 	565903	812.00	63.00	23.89	12.26	103080.13	97783	0	StephenHawking	
933	0:09:31	1/1/2019 	566206	156.00	9.00	8.19	12.26	103086.80	1822	0	StephenHawking	
934	0:09:32	1/1/2019 	567162	133.00	9.00	7.53	12.27	103099.46	49801	0	StephenHawking	
935	0:09:33	1/1/2019 	567498	575.00	10.00	13.85	12.27	103099.46	1821	0	StephenHawking	
936	0:09:34	1/1/2019 	568787	350.00	9.00	11.71	12.28	103109.92	98699	0	StephenHawking	
937	0:09:37	1/1/2019 	571987	115.00	9.00	7.01	12.30	103130.84	145765	0	StephenHawking	
938	0:09:38	1/1/2019 	572941	634.00	10.00	14.65	12.30	103138.02	50646	0	StephenHawking	
939	0:09:39	1/1/2019 	573458	126.00	9.00	7.33	12.31	103141.05	1823	0	StephenHawking	
940	0:09:40	1/1/2019 	575067	909.00	110.00	31.95	12.32	103148.61	97783	1	StephenHawking	
941	0:09:40	1/1/2019 	575282	291.00	9.00	10.97	12.32	103148.61	3314	0	StephenHawking	
942	0:09:41	1/1/2019 	575407	145.00	9.00	7.88	12.32	103148.61	1820	0	StephenHawking	
943	0:09:41	1/1/2019 	576226	559.00	9.00	13.51	12.32	103150.50	49802	0	StephenHawking	
944	0:09:41	1/1/2019 	576320	978.00	692.00	125.05	12.32	103152.46	1821	1	StephenHawking	
945	0:09:42	1/1/2019 	576387	409.00	9.00	12.26	12.32	103152.46	1823	0	StephenHawking	
946	0:09:42	1/1/2019 	576808	924.00	122.00	34.31	12.32	103152.46	49805	0	StephenHawking	
947	0:09:42	1/1/2019 	576915	522.00	9.00	13.12	12.33	103155.31	2791	0	StephenHawking	
948	0:09:42	1/1/2019 	577321	766.00	31.00	20.30	12.33	103155.31	1821	1	StephenHawking	
949	0:09:44	1/1/2019 	578784	764.00	27.00	19.66	12.34	103165.56	97783	0	StephenHawking	
950	0:09:44	1/1/2019 	578949	726.00	17.00	17.28	12.34	103165.56	1823	0	StephenHawking	
951	0:09:47	1/1/2019 	581914	913.00	116.00	33.13	12.36	103177.88	145770	1	StephenHawking	
952	0:09:48	1/1/2019 	582600	162.00	9.00	8.36	12.36	103179.86	50687	0	StephenHawking	
953	0:09:48	1/1/2019 	582623	662.00	11.00	15.18	12.36	103179.86	3439	0	StephenHawking	
954	0:09:49	1/1/2019 	583417	940.00	171.00	42.27	12.36	103181.94	1822	1	StephenHawking	
955	0:09:49	1/1/2019 	583808	937.00	129.00	35.64	12.37	103183.37	49804	0	StephenHawking	
956	0:09:49	1/1/2019 	584026	934.00	127.00	35.27	12.37	103183.37	1823	1	StephenHawking	
957	0:09:49	1/1/2019 	584266	322.00	9.00	11.38	12.37	103185.27	1821	0	StephenHawking	
958	0:09:49	1/1/2019 	584308	944.00	138.00	37.28	12.37	103185.27	1821	1	StephenHawking	
959	0:09:50	1/1/2019 	584695	126.00	9.00	7.33	12.37	103185.27	50792	0	StephenHawking	
960	0:09:50	1/1/2019 	584881	241.00	9.00	10.15	12.37	103187.59	1822	0	StephenHawking	
961	0:09:50	1/1/2019 	585224	347.00	9.00	11.67	12.37	103187.59	1822	0	StephenHawking	
962	0:09:51	1/1/2019 	585737	949.00	224.00	47.65	12.38	103190.11	49803	1	StephenHawking	
963	0:09:51	1/1/2019 	586010	942.00	145.00	38.48	12.38	103192.48	1824	0	StephenHawking	
964	0:09:51	1/1/2019 	586066	134.00	9.00	7.56	12.38	103192.48	1822	0	StephenHawking	
965	0:09:53	1/1/2019 	588028	961.00	312.00	59.07	12.39	103197.84	98779	1	StephenHawking	
966	0:09:53	1/1/2019 	588226	533.00	10.00	13.33	12.39	103197.84	1824	0	StephenHawking	
967	0:09:55	1/1/2019 	589913	158.00	9.00	8.25	12.40	103202.20	97785	0	StephenHawking	
968	0:09:58	1/1/2019 	592492	64.00	9.00	5.92	12.42	103205.88	98707	0	StephenHawking	
969	0:09:59	1/1/2019 	594254	193.00	9.00	9.15	12.43	103208.77	97787	0	StephenHawking	
970	0:09:59	1/1/2019 	594318	643.00	10.00	14.74	12.43	103208.77	3361	1	StephenHawking	
971	0:10:00	1/1/2019 	594654	598.00	10.00	14.18	12.43	103209.98	49805	0	StephenHawking	
972	0:10:00	1/1/2019 	594935	941.00	138.00	37.28	12.43	103209.98	1824	0	StephenHawking	
973	0:10:00	1/1/2019 	595255	746.00	24.00	19.03	12.43	103210.72	1822	0	StephenHawking	
974	0:10:01	1/1/2019 	595378	945.00	173.00	42.52	12.43	103210.72	1822	1	StephenHawking	
975	0:10:01	1/1/2019 	595489	155.00	9.00	8.16	12.43	103210.72	1823	0	StephenHawking	
976	0:10:02	1/1/2019 	596386	522.00	9.00	13.12	12.44	103213.05	50819	0	StephenHawking	
977	0:10:02	1/1/2019 	596452	131.00	9.00	7.47	12.44	103213.05	1822	0	StephenHawking	
978	0:10:02	1/1/2019 	597026	86.00	9.00	6.26	12.44	103213.83	49802	0	StephenHawking	
979	0:10:02	1/1/2019 	597162	853.00	77.00	25.86	12.44	103213.83	1821	1	StephenHawking	
980	0:10:04	1/1/2019 	598560	341.00	10.00	11.65	12.45	103216.12	97786	0	StephenHawking	
981	0:10:04	1/1/2019 	598788	685.00	12.00	15.61	12.45	103217.23	1823	0	StephenHawking	
982	0:10:04	1/1/2019 	599075	948.00	149.00	39.13	12.45	103217.23	2843	0	StephenHawking	
983	0:10:04	1/1/2019 	599253	212.00	9.00	9.58	12.46	103218.44	1823	0	StephenHawking	
984	0:10:04	1/1/2019 	599351	778.00	52.00	22.61	12.46	103218.44	1820	0	StephenHawking	
985	0:10:06	1/1/2019 	599812	107.00	9.00	6.78	12.46	103218.44	49806	0	StephenHawking	
986	0:10:06	1/1/2019 	600095	393.00	9.00	12.12	12.46	103219.53	2788	0	StephenHawking	
987	0:10:06	1/1/2019 	600229	974.00	726.00	130.78	12.46	103219.53	1822	1	StephenHawking	
988	0:10:07	1/1/2019 	601371	65.00	9.00	5.92	12.47	103221.43	53575	0	StephenHawking	
989	0:10:08	1/1/2019 	602611	969.00	544.00	93.40	12.47	103223.41	97784	1	StephenHawking	
990	0:10:09	1/1/2019 	603678	921.00	123.00	34.50	12.48	103226.75	49806	1	StephenHawking	
991	0:10:11	1/1/2019 	605408	90.00	9.00	6.35	12.49	103231.20	49803	0	StephenHawking	
992	0:10:12	1/1/2019 	606172	857.00	80.00	26.33	12.49	103232.33	49803	0	StephenHawking	
993	0:10:12	1/1/2019 	606395	128.00	9.00	7.39	12.49	103232.33	1822	0	StephenHawking	
994	0:10:12	1/1/2019 	606643	357.00	10.00	11.83	12.50	103233.62	50735	1	StephenHawking	
995	0:10:13	1/1/2019 	606937	150.00	9.00	8.02	12.50	103233.62	1821	0	StephenHawking	
996	0:10:13	1/1/2019 	607696	925.00	123.00	34.50	12.50	103234.39	49803	1	StephenHawking	
997	0:10:14	1/1/2019 	608762	782.00	39.00	21.34	12.51	103237.03	49805	0	StephenHawking	
998	0:10:15	1/1/2019 	609498	973.00	657.00	117.82	12.51	103238.41	1823	0	StephenHawking	
999	0:10:15	1/1/2019 	609571	782.00	42.00	21.65	12.51	103239.36	49805	0	StephenHawking	
1000	0:10:16	1/1/2019 	610200	72.00	9.00	6.01	12.52	103240.45	4019	0	StephenHawking	
1001	0:10:16	1/1/2019 	610433	305.00	9.00	11.16	12.52	103240.45	1820	0	StephenHawking	
1002	0:10:16	1/1/2019 	610491	155.00	9.00	8.16	12.52	103240.45	1821	0	StephenHawking	
1003	0:10:17	1/1/2019 	610860	190.00	10.00	9.08	12.52	103241.41	49801	0	StephenHawking	
1004	0:10:17	1/1/2019 	611656	598.00	9.00	14.00	12.52	103242.34	49803	0	StephenHawking	
1005	0:10:17	1/1/2019 	611701	949.00	148.00	38.97	12.52	103242.34	2778	0	StephenHawking	
1006	0:10:18	1/1/2019 	612401	955.00	270.00	52.65	12.53	103243.73	1823	1	StephenHawking	
1007	0:10:18	1/1/2019 	612468	397.00	9.00	12.16	12.53	103243.73	1822	0	StephenHawking	
1008	0:10:19	1/1/2019 	613609	942.00	168.00	41.89	12.53	103245.59	97781	1	StephenHawking	
1009	0:10:20	1/1/2019 	614211	788.00	57.00	23.15	12.54	103246.97	1824	0	StephenHawking	
1010	0:10:20	1/1/2019 	614480	962.00	323.00	60.99	12.54	103247.75	1823	1	StephenHawking	
1011	0:10:21	1/1/2019 	614928	454.00	9.00	12.59	12.54	103247.75	50764	0	StephenHawking	
1012	0:10:21	1/1/2019 	615779	467.00	9.00	12.68	12.55	103249.70	49802	0	StephenHawking	
1013	0:10:23	1/1/2019 	617052	954.00	229.00	48.12	12.55	103251.33	49800	1	StephenHawking	
1014	0:10:23	1/1/2019 	617412	467.00	9.00	12.68	12.56	103251.94	1824	0	StephenHawking	
1015	0:10:23	1/1/2019 	617641	781.00	40.00	21.44	12.56	103251.94	49800	0	StephenHawking	
1016	0:10:24	1/1/2019 	617988	754.00	26.00	19.45	12.56	103253.11	1822	0	StephenHawking	
1017	0:10:24	1/1/2019 	618174	953.00	221.00	47.38	12.56	103253.11	2789	0	StephenHawking	
1018	0:10:24	1/1/2019 	618247	85.00	9.00	6.24	12.56	103253.11	1822	0	StephenHawking	
1019	0:10:24	1/1/2019 	618409	190.00	9.00	9.08	12.56	103253.11	1820	0	StephenHawking	
1020	0:10:24	1/1/2019 	618665	542.00	9.00	13.32	12.56	103253.71	49799	0	StephenHawking	
1021	0:10:24	1/1/2019 	618685	141.00	9.00	7.76	12.56	103253.71	1821	0	StephenHawking	
1022	0:10:25	1/1/2019 	619012	968.00	593.00	103.23	12.56	103253.71	1820	1	StephenHawking	
1023	0:10:25	1/1/2019 	619059	646.00	11.00	15.03	12.56	103253.71	2898	0	StephenHawking	
1024	0:10:25	1/1/2019 	619450	388.00	10.00	12.14	12.57	103254.48	1821	0	StephenHawking	
1025	0:10:27	1/1/2019 	621161	961.00	415.00	76.51	12.58	103256.69	97782	0	StephenHawking	
1026	0:10:28	1/1/2019 	622637	145.00	9.00	7.88	12.58	103258.33	98671	0	StephenHawking	
1027	0:10:29	1/1/2019 	623015	370.00	9.00	11.91	12.59	103259.07	1821	0	StephenHawking	
1028	0:10:29	1/1/2019 	623051	164.00	9.00	8.41	12.59	103259.07	3340	0	StephenHawking	
1029	0:10:29	1/1/2019 	623434	436.00	9.00	12.46	12.59	103260.27	1820	0	StephenHawking	
1030	0:10:29	1/1/2019 	623571	832.00	69.00	24.69	12.59	103260.27	49801	0	StephenHawking	
1031	0:10:30	1/1/2019 	624596	89.00	9.00	6.32	12.59	103260.88	49802	0	StephenHawking	
1032	0:10:31	1/1/2019 	625243	942.00	134.00	36.57	12.60	103262.05	1827	0	StephenHawking	
1033	0:10:33	1/1/2019 	627019	944.00	156.00	40.21	12.61	103264.03	97783	0	StephenHawking	
1034	0:10:33	1/1/2019 	627578	961.00	266.00	52.14	12.61	103264.81	50797	1	StephenHawking	
1035	0:10:34	1/1/2019 	628306	749.00	25.00	19.24	12.62	103266.59	1823	0	StephenHawking	
1036	0:10:35	1/1/2019 	629172	166.00	9.00	8.46	12.62	103267.19	49802	0	StephenHawking	
1037	0:10:36	1/1/2019 	629841	685.00	12.00	15.61	12.62	103267.62	49806	0	StephenHawking	
1038	0:10:36	1/1/2019 	630472	975.00	629.00	111.60	12.63	103268.80	2752	1	StephenHawking	
1039	0:10:36	1/1/2019 	630582	409.00	9.00	12.26	12.63	103268.80	49801	0	StephenHawking	
1040	0:10:37	1/1/2019 	630976	912.00	106.00	31.17	12.63	103269.56	3360	0	StephenHawking	
1041	0:10:37	1/1/2019 	631158	92.00	9.00	6.39	12.63	103269.56	1822	0	StephenHawking	
1042	0:10:38	1/1/2019 	631815	515.00	9.00	13.05	12.63	103270.59	49800	0	StephenHawking	
1043	0:10:38	1/1/2019 	631946	949.00	159.00	40.65	12.64	103271.55	1823	0	StephenHawking	
1044	0:10:38	1/1/2019 	632489	972.00	539.00	92.57	12.64	103271.55	1822	1	StephenHawking	
1045	0:10:39	1/1/2019 	632879	649.00	10.00	14.80	12.64	103272.16	49802	0	StephenHawking	
1046	0:10:41	1/1/2019 	634945	130.00	9.00	7.44	12.65	103275.48	98796	0	StephenHawking	
1047	0:10:41	1/1/2019 	635287	557.00	10.00	13.61	12.65	103275.48	1821	0	StephenHawking	
1048	0:10:41	1/1/2019 	635352	974.00	581.00	100.66	12.65	103275.48	1823	1	StephenHawking	
1049	0:10:41	1/1/2019 	635738	711.00	15.00	16.65	12.65	103276.39	49803	0	StephenHawking	
1050	0:10:42	1/1/2019 	635816	958.00	329.00	62.07	12.65	103276.39	1822	0	StephenHawking	
1051	0:10:42	1/1/2019 	636225	902.00	98.00	29.62	12.66	103277.17	2943	0	StephenHawking	
1052	0:10:43	1/1/2019 	636810	954.00	235.00	48.70	12.66	103277.77	49801	1	StephenHawking	
1053	0:10:43	1/1/2019 	637235	133.00	9.00	7.53	12.66	103277.77	1824	0	StephenHawking	
1054	0:10:43	1/1/2019 	637328	548.00	9.00	13.38	12.66	103277.77	1821	0	StephenHawking	
1055	0:10:44	1/1/2019 	637866	909.00	107.00	31.36	12.66	103278.55	49800	0	StephenHawking	
1056	0:10:44	1/1/2019 	637979	62.00	9.00	5.90	12.67	103279.59	1822	0	StephenHawking	
1057	0:10:45	1/1/2019 	639142	912.00	108.00	31.56	12.67	103280.50	50827	0	StephenHawking	
1058	0:10:45	1/1/2019 	639456	120.00	9.00	7.15	12.67	103281.28	1823	0	StephenHawking	
1059	0:10:45	1/1/2019 	639495	70.00	9.00	5.98	12.67	103281.28	1820	0	StephenHawking	
1060	0:10:45	1/1/2019 	639805	786.00	54.00	22.84	12.67	103282.05	49801	1	StephenHawking	
1061	0:10:46	1/1/2019 	640063	86.00	9.00	6.26	12.67	103282.05	2626	0	StephenHawking	
1062	0:10:46	1/1/2019 	640409	68.00	9.00	5.95	12.68	103282.83	1819	0	StephenHawking	
1063	0:10:46	1/1/2019 	640670	955.00	232.00	48.41	12.68	103282.83	51265	0	StephenHawking	
1064	0:10:46	1/1/2019 	640689	931.00	122.00	34.31	12.68	103282.83	1822	0	StephenHawking	
1065	0:10:48	1/1/2019 	642426	750.00	20.00	18.15	12.69	103285.20	49802	0	StephenHawking	
1066	0:10:48	1/1/2019 	642451	958.00	230.00	48.22	12.69	103285.20	1823	1	StephenHawking	
1067	0:10:49	1/1/2019 	643132	337.00	9.00	11.56	12.69	103285.98	49801	0	StephenHawking	
1068	0:10:49	1/1/2019 	643249	95.00	9.00	6.47	12.69	103285.98	1821	0	StephenHawking	
1069	0:10:51	1/1/2019 	645318	770.00	35.00	20.84	12.70	103288.97	98719	0	StephenHawking	
1070	0:10:52	1/1/2019 	645907	957.00	297.00	56.58	12.70	103289.57	49802	0	StephenHawking	
1071	0:10:53	1/1/2019 	646892	771.00	35.00	20.84	12.71	103290.52	49804	0	StephenHawking	
1072	0:10:53	1/1/2019 	647205	298.00	9.00	11.06	12.71	103291.09	1822	0	StephenHawking	
1073	0:10:53	1/1/2019 	647596	231.00	9.00	9.96	12.71	103291.09	49802	0	StephenHawking	
1074	0:10:53	1/1/2019 	647792	912.00	109.00	31.76	12.71	103291.87	2767	0	StephenHawking	
1075	0:10:54	1/1/2019 	648313	387.00	9.00	12.07	12.71	103292.64	1822	0	StephenHawking	
1076	0:10:55	1/1/2019 	649348	905.00	104.00	30.77	12.72	103293.25	49803	0	StephenHawking	
1077	0:10:56	1/1/2019 	649912	898.00	97.00	29.42	12.72	103293.84	49804	0	StephenHawking	
1078	0:10:56	1/1/2019 	649952	131.00	9.00	7.47	12.72	103293.84	2672	0	StephenHawking	
1079	0:10:56	1/1/2019 	650105	614.00	10.00	14.40	12.72	103295.02	1821	0	StephenHawking	
1080	0:10:57	1/1/2019 	651362	115.00	9.00	7.01	12.73	103296.57	51397	0	StephenHawking	
1081	0:10:57	1/1/2019 	651471	99.00	9.00	6.57	12.73	103296.57	1821	0	StephenHawking	
1082	0:10:57	1/1/2019 	651744	942.00	142.00	37.97	12.73	103296.57	49799	1	StephenHawking	
1083	0:10:58	1/1/2019 	652069	776.00	47.00	22.12	12.73	103297.44	1823	1	StephenHawking	
1084	0:10:58	1/1/2019 	652589	600.00	10.00	14.21	12.74	103298.00	49804	0	StephenHawking	
1085	0:10:58	1/1/2019 	652707	397.00	9.00	12.16	12.74	103298.00	1823	0	StephenHawking	
1086	0:10:59	1/1/2019 	653327	266.00	9.00	10.58	12.74	103298.61	2788	0	StephenHawking	
1087	0:10:59	1/1/2019 	653500	952.00	226.00	47.84	12.74	103298.61	1822	0	StephenHawking	
1088	0:10:59	1/1/2019 	653706	910.00	109.00	31.76	12.74	103299.20	49828	0	StephenHawking	
1089	0:11:00	1/1/2019 	653856	918.00	119.00	33.72	12.74	103299.20	1823	0	StephenHawking	
1090	0:11:00	1/1/2019 	654467	106.00	9.00	6.76	12.75	103300.23	1823	0	StephenHawking	
1091	0:11:01	1/1/2019 	655456	709.00	15.00	16.64	12.75	103300.84	49802	0	StephenHawking	
1092	0:11:02	1/1/2019 	656063	138.00	9.00	7.68	12.75	103301.42	50777	0	StephenHawking	
1093	0:11:02	1/1/2019 	656453	973.00	540.00	92.72	12.75	103302.19	1822	1	StephenHawking	
1094	0:11:02	1/1/2019 	656588	963.00	368.00	69.09	12.75	103302.19	49804	1	StephenHawking	
1095	0:11:04	1/1/2019 	657823	143.00	9.00	7.82	12.76	103303.40	49802	0	StephenHawking	
1096	0:11:04	1/1/2019 	657990	401.00	9.00	12.19	12.76	103304.00	1822	0	StephenHawking	
1097	0:11:04	1/1/2019 	658202	597.00	9.00	13.99	12.76	103304.00	2798	0	StephenHawking	
1098	0:11:04	1/1/2019 	658231	809.00	65.00	24.12	12.76	103304.00	1821	0	StephenHawking	
1099	0:11:04	1/1/2019 	658430	455.00	9.00	12.59	12.76	103304.00	1822	0	StephenHawking	
1100	0:11:04	1/1/2019 	658598	141.00	9.00	7.76	12.77	103305.17	49802	0	StephenHawking	
1101	0:11:05	1/1/2019 	658898	185.00	9.00	8.95	12.77	103305.17	1821	0	StephenHawking	
1102	0:11:05	1/1/2019 	659486	117.00	9.00	7.07	12.77	103306.12	1824	0	StephenHawking	
1103	0:11:06	1/1/2019 	659942	912.00	111.00	32.15	12.77	103306.90	50790	1	StephenHawking	
1104	0:11:07	1/1/2019 	660995	517.00	9.00	13.07	12.78	103308.67	50710	0	StephenHawking	
1105	0:11:08	1/1/2019 	661872	756.00	27.00	19.63	12.78	103309.28	49802	0	StephenHawking	
1106	0:11:08	1/1/2019 	661962	662.00	11.00	15.18	12.78	103309.28	1823	0	StephenHawking	
1107	0:11:08	1/1/2019 	662646	786.00	40.00	21.46	12.78	103310.05	49803	1	StephenHawking	
1108	0:11:09	1/1/2019 	663403	190.00	9.00	9.08	12.79	103311.44	1822	0	StephenHawking	
1109	0:11:10	1/1/2019 	664188	89.00	9.00	6.32	12.79	103312.17	51326	0	StephenHawking	
1110	0:11:11	1/1/2019 	665019	961.00	329.00	62.07	12.79	103312.78	49800	1	StephenHawking	
1111	0:11:11	1/1/2019 	665117	954.00	235.00	48.70	12.79	103312.78	1823	1	StephenHawking	
1112	0:11:11	1/1/2019 	665170	940.00	133.00	36.38	12.79	103312.78	1823	0	StephenHawking	
1113	0:11:11	1/1/2019 	665727	151.00	9.00	8.05	12.80	103313.98	49803	0	StephenHawking	
1114	0:11:12	1/1/2019 	666122	304.00	9.00	11.15	12.80	103314.77	1821	0	StephenHawking	
1115	0:11:13	1/1/2019 	666902	105.00	9.00	6.73	12.80	103315.19	50771	0	StephenHawking	
1116	0:11:13	1/1/2019 	667234	262.00	9.00	10.52	12.81	103315.94	1822	0	StephenHawking	
1117	0:11:13	1/1/2019 	667290	759.00	26.00	19.46	12.81	103315.94	1821	0	StephenHawking	
1118	0:11:13	1/1/2019 	667719	147.00	8.00	7.93	12.81	103316.54	49801	0	StephenHawking	
1119	0:11:14	1/1/2019 	668047	942.00	151.00	39.45	12.81	103316.54	1821	0	StephenHawking	
1120	0:11:15	1/1/2019 	669106	75.00	9.00	6.05	12.82	103318.34	50884	0	StephenHawking	
1121	0:11:15	1/1/2019 	669117	821.00	65.00	24.15	12.82	103318.34	1822	0	StephenHawking	
1122	0:11:16	1/1/2019 	670081	164.00	9.00	8.41	12.82	103319.52	49803	0	StephenHawking	
1123	0:11:16	1/1/2019 	670563	953.00	236.00	48.80	12.82	103319.52	50752	1	StephenHawking	
1124	0:11:17	1/1/2019 	670980	948.00	215.00	46.82	12.82	103320.30	1822	0	StephenHawking	
1125	0:11:19	1/1/2019 	673601	339.00	9.00	11.58	12.84	103323.11	145761	0	StephenHawking	
1126	0:11:20	1/1/2019 	673815	901.00	102.00	30.38	12.83	103323.02	5583	1	StephenHawking	
1127	0:11:20	1/1/2019 	674328	132.00	13.00	7.51	12.84	103323.62	1825	0	StephenHawking	
1128	0:11:21	1/1/2019 	674904	458.00	9.00	12.62	12.84	103324.66	49804	0	StephenHawking	
1129	0:11:21	1/1/2019 	675180	951.00	159.00	40.65	12.84	103324.66	1822	0	StephenHawking	
1130	0:11:22	1/1/2019 	676416	961.00	382.00	71.48	12.85	103326.09	49802	1	StephenHawking	
1131	0:11:24	1/1/2019 	678013	86.00	9.00	6.26	12.86	103328.33	97780	0	StephenHawking	
1132	0:11:24	1/1/2019 	678796	512.00	9.00	13.03	12.86	103328.91	50733	0	StephenHawking	
1133	0:11:25	1/1/2019 	678844	264.00	9.00	10.55	12.86	103328.91	1822	0	StephenHawking	
1134	0:11:25	1/1/2019 	679283	531.00	9.00	13.20	12.86	103329.51	1821	0	StephenHawking	
1135	0:11:27	1/1/2019 	681115	836.00	72.00	25.10	12.87	103331.74	97782	0	StephenHawking	
1136	0:11:27	1/1/2019 	681261	592.00	9.00	13.92	12.87	103331.74	2648	0	StephenHawking	
1137	0:11:28	1/1/2019 	681945	934.00	129.00	35.64	12.88	103332.31	49801	1	StephenHawking	
1138	0:11:28	1/1/2019 	682159	504.00	9.00	12.96	12.88	103333.34	3405	0	StephenHawking	
1139	0:11:28	1/1/2019 	682216	872.00	83.00	26.86	12.88	103333.34	1822	1	StephenHawking	
1140	0:11:28	1/1/2019 	682269	929.00	121.00	34.12	12.88	103333.34	1822	1	StephenHawking	
1141	0:11:28	1/1/2019 	682335	109.00	9.00	6.84	12.88	103333.34	1822	0	StephenHawking	
1142	0:11:29	1/1/2019 	683756	88.00	9.00	6.30	12.89	103334.55	97780	0	StephenHawking	
1143	0:11:30	1/1/2019 	683957	964.00	384.00	71.80	12.89	103335.30	2778	1	StephenHawking	
1144	0:11:30	1/1/2019 	684314	693.00	12.00	15.64	12.89	103335.30	1824	0	StephenHawking	
1145	0:11:30	1/1/2019 	684440	977.00	736.00	132.47	12.89	103335.30	1823	1	StephenHawking	
1146	0:11:30	1/1/2019 	684770	880.00	87.00	27.56	12.89	103335.73	49802	0	StephenHawking	
1147	0:11:31	1/1/2019 	685027	953.00	223.00	47.56	12.89	103335.73	1822	0	StephenHawking	
1148	0:11:31	1/1/2019 	685193	219.00	9.00	9.72	12.89	103336.33	1823	0	StephenHawking	
1149	0:11:31	1/1/2019 	685278	101.00	9.00	6.62	12.89	103336.33	2782	0	StephenHawking	
1150	0:11:32	1/1/2019 	686065	943.00	163.00	41.22	12.90	103337.36	49799	1	StephenHawking	
1151	0:11:32	1/1/2019 	686351	976.00	659.00	118.48	12.90	103337.97	1825	0	StephenHawking	
1152	0:11:33	1/1/2019 	687322	72.00	9.00	6.01	12.90	103338.71	49802	0	StephenHawking	
1153	0:11:34	1/1/2019 	688202	127.00	9.00	7.36	12.91	103340.52	49801	0	StephenHawking	
1154	0:11:34	1/1/2019 	688755	444.00	9.00	12.52	12.91	103341.30	49800	0	StephenHawking	
1155	0:11:37	1/1/2019 	690831	614.00	10.00	14.40	12.92	103343.07	98749	0	StephenHawking	
1156	0:11:37	1/1/2019 	691026	268.00	9.00	10.62	12.92	103343.07	2701	0	StephenHawking	
1157	0:11:37	1/1/2019 	691292	936.00	128.00	35.46	12.93	103343.94	1821	1	StephenHawking	
1158	0:11:37	1/1/2019 	691401	374.00	9.00	11.95	12.93	103343.94	1822	0	StephenHawking	
1159	0:11:38	1/1/2019 	691966	128.00	9.00	7.39	12.93	103344.53	49800	0	StephenHawking	
1160	0:11:38	1/1/2019 	692136	861.00	81.00	26.50	12.93	103344.53	1822	0	StephenHawking	
1161	0:11:38	1/1/2019 	692287	69.00	9.00	5.97	12.93	103344.53	3333	0	StephenHawking	
1162	0:11:38	1/1/2019 	692297	957.00	221.00	47.38	12.93	103344.53	1821	1	StephenHawking	
1163	0:11:38	1/1/2019 	692316	79.00	9.00	6.12	12.93	103344.53	1820	0	StephenHawking	
1164	0:11:38	1/1/2019 	692400	529.00	9.00	13.18	12.93	103345.11	1819	0	StephenHawking	
1165	0:11:39	1/1/2019 	693649	701.00	14.00	16.31	12.94	103346.14	97781	0	StephenHawking	
1166	0:11:39	1/1/2019 	693695	881.00	89.00	27.91	12.94	103346.14	1823	0	StephenHawking	
1167	0:11:40	1/1/2019 	694052	942.00	155.00	40.06	12.94	103346.14	2811	0	StephenHawking	
1168	0:11:40	1/1/2019 	694584	956.00	232.00	48.41	12.94	103346.92	49803	0	StephenHawking	
1169	0:11:41	1/1/2019 	694879	822.00	68.00	24.53	12.94	103347.74	1822	0	StephenHawking	
1170	0:11:41	1/1/2019 	695355	910.00	106.00	31.17	12.94	103347.74	1823	0	StephenHawking	
1171	0:11:43	1/1/2019 	696825	88.00	9.00	6.30	12.95	103349.55	97779	0	StephenHawking	
1172	0:11:44	1/1/2019 	698743	842.00	74.00	25.39	12.96	103351.76	98775	0	StephenHawking	
1173	0:11:45	1/1/2019 	698995	774.00	33.00	20.60	12.96	103351.76	1823	0	StephenHawking	
1174	0:11:45	1/1/2019 	699091	772.00	36.00	20.96	12.96	103352.36	1822	0	StephenHawking	
1175	0:11:45	1/1/2019 	699195	784.00	38.00	21.23	12.96	103352.36	1822	0	StephenHawking	
1176	0:11:45	1/1/2019 	699297	971.00	533.00	91.58	12.96	103352.36	1822	1	StephenHawking	
1177	0:11:46	1/1/2019 	700311	184.00	9.00	8.93	12.97	103353.97	49803	0	StephenHawking	
1178	0:11:46	1/1/2019 	700345	857.00	79.00	26.18	12.97	103353.97	4160	1	StephenHawking	
1179	0:11:48	1/1/2019 	702174	954.00	231.00	48.31	12.98	103355.98	97782	1	StephenHawking	
1180	0:11:49	1/1/2019 	703334	124.00	9.00	7.27	12.99	103357.59	49802	0	StephenHawking	
1181	0:11:49	1/1/2019 	703647	494.00	9.00	12.88	12.99	103357.59	49801	0	StephenHawking	
1182	0:11:50	1/1/2019 	704131	735.00	21.00	18.34	12.99	103358.19	1822	0	StephenHawking	
1183	0:11:50	1/1/2019 	704151	617.00	9.00	14.23	12.99	103358.19	1822	0	StephenHawking	
1184	0:11:50	1/1/2019 	704667	737.00	20.00	18.11	12.99	103358.62	50819	1	StephenHawking	
1185	0:11:51	1/1/2019 	704934	95.00	9.00	6.47	12.99	103358.62	1828	0	StephenHawking	
1186	0:11:51	1/1/2019 	705063	93.00	9.00	6.42	12.99	103358.62	1827	0	StephenHawking	
1187	0:11:52	1/1/2019 	705864	637.00	10.00	14.68	13.00	103359.83	49804	0	StephenHawking	
1188	0:11:52	1/1/2019 	706109	707.00	14.00	16.33	13.00	103359.83	1824	0	StephenHawking	
1189	0:11:52	1/1/2019 	706605	961.00	268.00	52.39	13.00	103360.57	49800	1	StephenHawking	
1190	0:11:53	1/1/2019 	706921	106.00	9.00	6.76	13.00	103361.60	2842	0	StephenHawking	
1191	0:11:54	1/1/2019 	708737	942.00	175.00	42.76	13.01	103363.23	97778	1	StephenHawking	
1192	0:11:55	1/1/2019 	709300	760.00	28.00	19.81	13.01	103363.23	1824	0	StephenHawking	
1193	0:11:55	1/1/2019 	709696	977.00	830.00	149.12	13.01	103363.98	49803	1	StephenHawking	
1194	0:11:56	1/1/2019 	709847	94.00	9.00	6.44	13.01	103363.98	2788	0	StephenHawking	
1195	0:11:56	1/1/2019 	710288	801.00	62.00	23.75	13.02	103364.59	5592	1	StephenHawking	
1196	0:11:57	1/1/2019 	710847	944.00	177.00	43.00	13.02	103365.45	49802	0	StephenHawking	
1197	0:11:58	1/1/2019 	712015	952.00	246.00	49.82	13.03	103366.62	49805	1	StephenHawking	
1198	0:11:58	1/1/2019 	712468	877.00	83.00	26.88	13.03	103367.22	1828	0	StephenHawking	
1199	0:12:00	1/1/2019 	714025	291.00	9.00	10.97	13.03	103368.44	97779	0	StephenHawking	
1200	0:12:00	1/1/2019 	714411	64.00	9.00	5.92	13.04	103369.03	1821	0	StephenHawking	
1201	0:12:01	1/1/2019 	714887	785.00	47.00	22.15	13.04	103369.81	50733	0	StephenHawking	
1202	0:12:01	1/1/2019 	715285	964.00	540.00	92.72	13.04	103369.81	1823	1	StephenHawking	
1203	0:12:01	1/1/2019 	715312	780.00	49.00	22.33	13.04	103369.81	1822	0	StephenHawking	
1204	0:12:02	1/1/2019 	716593	630.00	10.00	14.61	13.05	103371.84	97782	0	StephenHawking	
1205	0:12:03	1/1/2019 	717489	667.00	12.00	15.50	13.05	103372.45	1823	0	StephenHawking	
1206	0:12:04	1/1/2019 	717964	628.00	9.00	14.35	13.05	103373.02	49801	0	StephenHawking	
1207	0:12:04	1/1/2019 	718163	527.00	9.00	13.16	13.05	103373.02	2864	0	StephenHawking	
1208	0:12:05	1/1/2019 	718948	135.00	9.00	7.59	13.06	103373.62	49802	0	StephenHawking	
1209	0:12:07	1/1/2019 	721168	64.00	9.00	5.92	13.07	103375.86	97787	0	StephenHawking	
1210	0:12:08	1/1/2019 	722003	62.00	8.00	5.90	13.07	103377.03	50637	0	StephenHawking	
1211	0:12:08	1/1/2019 	722151	713.00	16.00	16.95	13.07	103377.64	1822	1	StephenHawking	
1212	0:12:08	1/1/2019 	722499	784.00	43.00	21.76	13.07	103377.64	1822	0	StephenHawking	
1213	0:12:10	1/1/2019 	724733	150.00	8.00	8.02	13.08	103380.02	147244	0	StephenHawking	
1214	0:12:12	1/1/2019 	726496	952.00	201.00	45.52	13.09	103382.00	49803	0	StephenHawking	
1215	0:12:13	1/1/2019 	726937	456.00	9.00	12.60	13.10	103383.18	49803	0	StephenHawking	
1216	0:12:14	1/1/2019 	727851	826.00	71.00	24.94	13.10	103383.61	49802	0	StephenHawking	
1217	0:12:14	1/1/2019 	728034	384.00	9.00	12.04	13.10	103383.61	1823	0	StephenHawking	
1218	0:12:14	1/1/2019 	728045	117.00	9.00	7.07	13.10	103383.61	2782	0	StephenHawking	
1219	0:12:14	1/1/2019 	728157	425.00	9.00	12.38	13.10	103384.38	1820	0	StephenHawking	
1220	0:12:14	1/1/2019 	728208	926.00	121.00	34.12	13.10	103384.38	1821	0	StephenHawking	
1221	0:12:14	1/1/2019 	728220	918.00	111.00	32.16	13.10	103384.38	1822	1	StephenHawking	
1222	0:12:14	1/1/2019 	728585	973.00	658.00	118.18	13.10	103384.38	49803	1	StephenHawking	
1223	0:12:15	1/1/2019 	728950	97.00	9.00	6.52	13.10	103384.98	1823	0	StephenHawking	
1224	0:12:15	1/1/2019 	729001	76.00	9.00	6.07	13.10	103384.98	2786	0	StephenHawking	
1225	0:12:15	1/1/2019 	729011	79.00	9.00	6.12	13.10	103384.98	1819	0	StephenHawking	
1226	0:12:15	1/1/2019 	729671	278.00	9.00	10.77	13.11	103385.59	49801	0	StephenHawking	
1227	0:12:15	1/1/2019 	729751	88.00	9.00	6.30	13.11	103385.59	2700	0	StephenHawking	
1228	0:12:16	1/1/2019 	729919	591.00	9.00	13.91	13.11	103386.16	1819	0	StephenHawking	
1229	0:12:16	1/1/2019 	730448	218.00	9.00	9.70	13.11	103386.16	1821	0	StephenHawking	
1230	0:12:18	1/1/2019 	731884	337.00	9.00	11.56	13.12	103388.14	99288	0	StephenHawking	
1231	0:12:18	1/1/2019 	731890	787.00	53.00	22.74	13.12	103388.14	1822	0	StephenHawking	
1232	0:12:18	1/1/2019 	732146	366.00	9.00	11.87	13.12	103388.14	1822	0	StephenHawking	
1233	0:12:18	1/1/2019 	732754	535.00	10.00	13.35	13.12	103388.92	49800	0	StephenHawking	
1234	0:12:19	1/1/2019 	733751	536.00	9.00	13.25	13.13	103390.53	49802	0	StephenHawking	
1235	0:12:20	1/1/2019 	733872	779.00	37.00	21.10	13.13	103390.53	1823	0	StephenHawking	
1236	0:12:20	1/1/2019 	734654	372.00	9.00	11.93	13.13	103391.47	50892	0	StephenHawking	
1237	0:12:20	1/1/2019 	734726	514.00	9.00	13.04	13.13	103392.08	1821	0	StephenHawking	
1238	0:12:21	1/1/2019 	734944	955.00	230.00	48.22	13.13	103392.08	1821	0	StephenHawking	
1239	0:12:21	1/1/2019 	734949	910.00	107.00	31.36	13.13	103392.08	1823	0	StephenHawking	
1240	0:12:21	1/1/2019 	735003	445.00	9.00	12.52	13.13	103392.08	1822	0	StephenHawking	
1241	0:12:22	1/1/2019 	736451	889.00	94.00	28.83	13.14	103393.25	50794	1	StephenHawking	
1242	0:12:23	1/1/2019 	737263	957.00	307.00	58.22	13.14	103394.72	49803	1	StephenHawking	
1243	0:12:23	1/1/2019 	737781	69.00	9.00	5.97	13.15	103395.14	49802	0	StephenHawking	
1244	0:12:24	1/1/2019 	738027	705.00	14.00	16.32	13.15	103395.14	1821	0	StephenHawking	
1245	0:12:24	1/1/2019 	738349	441.00	9.00	12.50	13.15	103395.58	1823	0	StephenHawking	
1246	0:12:24	1/1/2019 	738363	677.00	12.00	15.57	13.15	103395.58	1820	0	StephenHawking	
1247	0:12:24	1/1/2019 	738569	580.00	9.00	13.77	13.15	103395.58	50800	0	StephenHawking	
1248	0:12:25	1/1/2019 	739312	417.00	9.00	12.32	13.15	103396.32	1821	0	StephenHawking	
1249	0:12:25	1/1/2019 	739354	251.00	9.00	10.33	13.15	103396.32	1822	0	StephenHawking	
1250	0:12:25	1/1/2019 	739417	189.00	9.00	9.05	13.15	103396.32	1822	0	StephenHawking	
1251	0:12:26	1/1/2019 	740257	709.00	16.00	16.93	13.16	103397.35	49802	0	StephenHawking	
1252	0:12:26	1/1/2019 	740612	65.00	9.00	5.92	13.16	103397.35	50736	0	StephenHawking	
1253	0:12:27	1/1/2019 	741083	892.00	96.00	29.21	13.16	103397.95	3364	0	StephenHawking	
1254	0:12:27	1/1/2019 	741245	756.00	26.00	19.45	13.16	103397.95	1823	0	StephenHawking	
1255	0:12:28	1/1/2019 	742804	293.00	9.00	10.99	13.17	103399.39	97784	0	StephenHawking	
1256	0:12:29	1/1/2019 	743041	75.00	9.00	6.05	13.17	103399.39	1822	0	StephenHawking	
1257	0:12:29	1/1/2019 	743413	957.00	246.00	49.82	13.17	103399.82	1821	0	StephenHawking	
1258	0:12:30	1/1/2019 	744783	727.00	19.00	17.82	13.17	103401.20	97785	0	StephenHawking	
1259	0:12:31	1/1/2019 	744820	252.00	9.00	10.35	13.17	103401.20	2843	0	StephenHawking	
1260	0:12:31	1/1/2019 	745177	968.00	394.00	73.41	13.18	103401.98	1822	0	StephenHawking	
1261	0:12:32	1/1/2019 	745830	661.00	11.00	15.17	13.18	103402.72	49803	1	StephenHawking	
1262	0:12:32	1/1/2019 	745978	313.00	9.00	11.27	13.18	103402.72	1822	0	StephenHawking	
1263	0:12:32	1/1/2019 	746181	979.00	702.00	127.07	13.18	103402.72	1821	1	StephenHawking	
1264	0:12:33	1/1/2019 	747675	75.00	9.00	6.05	13.19	103404.36	97783	0	StephenHawking	
1265	0:12:34	1/1/2019 	748673	759.00	29.00	19.97	13.19	103405.78	50827	0	StephenHawking	
1266	0:12:36	1/1/2019 	750089	173.00	9.00	8.65	13.20	103406.99	49804	0	StephenHawking	
1267	0:12:37	1/1/2019 	750826	858.00	77.00	25.88	13.20	103407.77	50608	0	StephenHawking	
1268	0:12:37	1/1/2019 	751693	431.00	10.00	12.49	13.21	103408.95	49802	0	StephenHawking	
1269	0:12:38	1/1/2019 	752412	117.00	9.00	7.07	13.21	103410.16	1822	0	StephenHawking	
1270	0:12:40	1/1/2019 	753931	713.00	16.00	16.95	13.22	103410.84	99247	0	StephenHawking	
1271	0:12:40	1/1/2019 	754109	210.00	9.00	9.53	13.22	103411.41	1824	0	StephenHawking	
1272	0:12:40	1/1/2019 	754151	459.00	9.00	12.62	13.22	103411.41	1820	0	StephenHawking	
1273	0:12:40	1/1/2019 	754606	953.00	201.00	45.52	13.22	103411.41	49802	1	StephenHawking	
1274	0:12:41	1/1/2019 	755028	160.00	9.00	8.30	13.22	103412.02	1823	0	StephenHawking	
1275	0:12:43	1/1/2019 	756821	144.00	9.00	7.85	13.23	103414.00	97784	0	StephenHawking	
1276	0:12:44	1/1/2019 	757815	64.00	9.00	5.92	13.23	103415.34	50742	0	StephenHawking	
1277	0:12:45	1/1/2019 	759163	244.00	9.00	10.21	13.24	103417.59	49801	0	StephenHawking	
1278	0:12:45	1/1/2019 	759315	324.00	10.00	11.44	13.24	103417.59	1822	0	StephenHawking	
1279	0:12:45	1/1/2019 	759618	296.00	9.00	11.04	13.24	103417.84	49804	0	StephenHawking	
1280	0:12:46	1/1/2019 	760314	94.00	9.00	6.44	13.24	103418.45	2661	0	StephenHawking	
1281	0:12:46	1/1/2019 	760496	942.00	143.00	38.14	13.24	103418.45	1821	0	StephenHawking	
1282	0:12:46	1/1/2019 	760723	957.00	252.00	50.47	13.25	103419.19	51289	1	StephenHawking	
1283	0:12:47	1/1/2019 	760964	594.00	9.00	13.95	13.25	103419.19	1821	0	StephenHawking	
1284	0:12:48	1/1/2019 	761913	91.00	9.00	6.37	13.25	103422.66	49801	1	StephenHawking	
1285	0:12:48	1/1/2019 	762573	709.00	14.00	16.33	13.25	103423.95	49802	1	StephenHawking	
1286	0:12:49	1/1/2019 	763047	845.00	76.00	25.69	13.25	103423.95	1823	1	StephenHawking	
1287	0:12:49	1/1/2019 	763441	793.00	58.00	23.28	13.26	103424.91	1823	0	StephenHawking	
1288	0:12:50	1/1/2019 	763837	670.00	11.00	15.23	13.26	103425.91	50763	0	StephenHawking	
1289	0:12:50	1/1/2019 	764056	776.00	46.00	22.02	13.26	103425.91	1823	0	StephenHawking	
1290	0:12:50	1/1/2019 	764247	913.00	111.00	32.15	13.26	103425.91	1823	0	StephenHawking	
1291	0:12:50	1/1/2019 	764583	419.00	9.00	12.33	13.26	103425.98	49803	0	StephenHawking	
1292	0:12:50	1/1/2019 	764693	503.00	10.00	13.04	13.26	103425.98	1822	0	StephenHawking	
1293	0:12:51	1/1/2019 	765292	880.00	91.00	28.26	13.27	103425.89	2790	0	StephenHawking	
1294	0:12:51	1/1/2019 	765568	77.00	9.00	6.08	13.27	103425.98	49802	0	StephenHawking	
1295	0:12:52	1/1/2019 	766355	139.00	9.00	7.71	13.27	103426.29	1821	0	StephenHawking	
1296	0:12:52	1/1/2019 	766400	122.00	9.00	7.21	13.27	103426.29	1821	0	StephenHawking	
1297	0:12:53	1/1/2019 	767217	389.00	9.00	12.09	13.28	103426.37	49803	0	StephenHawking	
1298	0:12:53	1/1/2019 	767323	345.00	9.00	11.65	13.28	103426.37	1821	0	StephenHawking	
1299	0:12:54	1/1/2019 	767864	784.00	51.00	22.54	13.28	103427.14	50737	1	StephenHawking	
1300	0:12:54	1/1/2019 	768402	857.00	77.00	25.87	13.28	103428.45	1824	0	StephenHawking	
1301	0:12:54	1/1/2019 	768451	716.00	16.00	16.96	13.28	103428.45	1822	0	StephenHawking	
1302	0:12:55	1/1/2019 	769299	852.00	79.00	26.16	13.29	103430.91	49802	0	StephenHawking	
1303	0:12:56	1/1/2019 	770452	956.00	252.00	50.47	13.29	103432.64	49804	0	StephenHawking	
1304	0:12:57	1/1/2019 	771269	72.00	8.00	6.00	13.30	103434.38	50691	0	StephenHawking	
1305	0:12:57	1/1/2019 	771562	212.00	9.00	9.58	13.30	103434.38	51358	0	StephenHawking	
1306	0:12:58	1/1/2019 	771983	960.00	294.00	56.10	13.30	103435.80	1826	1	StephenHawking	
1307	0:12:58	1/1/2019 	772179	102.00	9.00	6.65	13.31	103437.88	1823	0	StephenHawking	
1308	0:12:58	1/1/2019 	772272	155.00	9.00	8.16	13.31	103437.88	1820	0	StephenHawking	
1309	0:12:58	1/1/2019 	772708	675.00	12.00	15.56	13.31	103437.88	49801	0	StephenHawking	
1310	0:12:59	1/1/2019 	773717	784.00	56.00	23.03	13.31	103440.99	49803	1	StephenHawking	
1311	0:13:00	1/1/2019 	774208	87.00	9.00	6.28	13.32	103442.34	2816	0	StephenHawking	
1312	0:13:00	1/1/2019 	774581	960.00	291.00	55.64	13.32	103442.34	49801	1	StephenHawking	
1313	0:13:01	1/1/2019 	775401	678.00	12.00	15.58	13.33	103443.80	1823	0	StephenHawking	
1314	0:13:01	1/1/2019 	775581	92.00	9.00	6.39	13.33	103443.80	49803	0	StephenHawking	
1315	0:13:02	1/1/2019 	776224	370.00	9.00	11.91	13.33	103444.41	1821	0	StephenHawking	
1316	0:13:02	1/1/2019 	776630	609.00	10.00	14.33	13.33	103444.98	50802	0	StephenHawking	
1317	0:13:03	1/1/2019 	776840	134.00	9.00	7.56	13.33	103444.98	1822	0	StephenHawking	
1318	0:13:03	1/1/2019 	777485	553.00	10.00	13.56	13.33	103445.41	1822	0	StephenHawking	
1319	0:13:03	1/1/2019 	777553	136.00	9.00	7.62	13.33	103445.41	49800	0	StephenHawking	
1320	0:13:03	1/1/2019 	777719	542.00	9.00	13.32	13.34	103446.09	1821	0	StephenHawking	
1321	0:13:04	1/1/2019 	778102	708.00	15.00	16.64	13.34	103446.09	1821	0	StephenHawking	
1322	0:13:04	1/1/2019 	778688	120.00	9.00	7.15	13.34	103446.53	50808	1	StephenHawking	
1323	0:13:05	1/1/2019 	779726	294.00	9.00	11.01	13.35	103447.09	49802	0	StephenHawking	
1324	0:13:06	1/1/2019 	780611	946.00	197.00	45.14	13.35	103447.17	50740	1	StephenHawking	
1325	0:13:07	1/1/2019 	780999	284.00	9.00	10.86	13.35	103447.43	1824	0	StephenHawking	
1326	0:13:07	1/1/2019 	781194	59.00	9.00	5.89	13.35	103447.43	1822	0	StephenHawking	
1327	0:13:07	1/1/2019 	781659	416.00	9.00	12.31	13.36	103447.52	49799	0	StephenHawking	
1328	0:13:08	1/1/2019 	782467	152.00	9.00	8.08	13.36	103448.25	3367	0	StephenHawking	
1329	0:13:08	1/1/2019 	782569	890.00	90.00	28.12	13.36	103448.25	49802	0	StephenHawking	
1330	0:13:09	1/1/2019 	783035	858.00	75.00	25.58	13.36	103448.25	1822	1	StephenHawking	
1331	0:13:10	1/1/2019 	784694	544.00	9.00	13.34	13.37	103448.85	97783	0	StephenHawking	
1332	0:13:11	1/1/2019 	784855	957.00	291.00	55.64	13.37	103448.85	1822	1	StephenHawking	
1333	0:13:11	1/1/2019 	785151	638.00	10.00	14.69	13.37	103448.91	1823	0	StephenHawking	
1334	0:13:11	1/1/2019 	785307	872.00	85.00	27.19	13.37	103448.91	2949	0	StephenHawking	
1335	0:13:11	1/1/2019 	785386	930.00	122.00	34.31	13.37	103448.91	1823	0	StephenHawking	
1336	0:13:12	1/1/2019 	786132	117.00	9.00	7.07	13.38	103449.41	49803	0	StephenHawking	
1337	0:13:12	1/1/2019 	786459	786.00	39.00	21.35	13.38	103449.41	1822	0	StephenHawking	
1338	0:13:13	1/1/2019 	787679	630.00	10.00	14.61	13.38	103450.33	97783	0	StephenHawking	
1339	0:13:14	1/1/2019 	787961	952.00	238.00	49.00	13.39	103450.93	1823	0	StephenHawking	
1340	0:13:14	1/1/2019 	787967	562.00	9.00	13.54	13.39	103450.93	2854	0	StephenHawking	
1341	0:13:14	1/1/2019 	788345	108.00	9.00	6.81	13.39	103450.93	1821	0	StephenHawking	
1342	0:13:14	1/1/2019 	788598	917.00	112.00	32.35	13.39	103451.36	49801	0	StephenHawking	
1343	0:13:15	1/1/2019 	788913	144.00	9.00	7.85	13.39	103451.36	1823	0	StephenHawking	
1344	0:13:15	1/1/2019 	789299	571.00	9.00	13.65	13.39	103451.80	1822	0	StephenHawking	
1345	0:13:15	1/1/2019 	789382	436.00	10.00	12.53	13.39	103451.80	5059	0	StephenHawking	
1346	0:13:15	1/1/2019 	789649	117.00	9.00	7.07	13.39	103451.80	49802	0	StephenHawking	
1347	0:13:16	1/1/2019 	789857	633.00	10.00	14.64	13.40	103452.22	2640	0	StephenHawking	
1348	0:13:16	1/1/2019 	789884	218.00	9.00	9.70	13.40	103452.22	1822	0	StephenHawking	
1349	0:13:17	1/1/2019 	790989	696.00	13.00	15.97	13.40	103452.70	49801	1	StephenHawking	
1350	0:13:17	1/1/2019 	791166	687.00	12.00	15.62	13.40	103452.70	1823	0	StephenHawking	
1351	0:13:19	1/1/2019 	793014	908.00	111.00	32.14	13.41	103453.91	99252	0	StephenHawking	
1352	0:13:19	1/1/2019 	793094	136.00	9.00	7.62	13.41	103453.91	1822	0	StephenHawking	
1353	0:13:19	1/1/2019 	793309	145.00	9.00	7.88	13.41	103453.91	1821	0	StephenHawking	
1354	0:13:20	1/1/2019 	794050	239.00	9.00	10.11	13.42	103454.39	49799	0	StephenHawking	
1355	0:13:20	1/1/2019 	794143	187.00	9.00	9.00	13.42	103454.39	1822	0	StephenHawking	
1356	0:13:20	1/1/2019 	794499	768.00	29.00	20.00	13.42	103454.39	1821	0	StephenHawking	
1357	0:13:21	1/1/2019 	794900	947.00	205.00	45.90	13.42	103454.21	50752	1	StephenHawking	
1358	0:13:21	1/1/2019 	795595	713.00	15.00	16.66	13.42	103454.47	49803	0	StephenHawking	
1359	0:13:22	1/1/2019 	796425	681.00	12.00	15.60	13.42	103455.16	1822	0	StephenHawking	
1360	0:13:23	1/1/2019 	797722	185.00	9.00	8.95	13.43	103455.98	97780	0	StephenHawking	
1361	0:13:24	1/1/2019 	797903	950.00	211.00	46.46	13.43	103455.98	1823	0	StephenHawking	
1362	0:13:24	1/1/2019 	798127	943.00	135.00	36.75	13.43	103455.98	1823	1	StephenHawking	
1363	0:13:24	1/1/2019 	798426	459.00	9.00	12.62	13.43	103456.42	2776	0	StephenHawking	
1364	0:13:25	1/1/2019 	798963	959.00	358.00	67.32	13.43	103456.42	49802	1	StephenHawking	
1365	0:13:25	1/1/2019 	799609	682.00	13.00	15.90	13.43	103456.84	49804	0	StephenHawking	
1366	0:13:26	1/1/2019 	800236	580.00	9.00	13.77	13.44	103457.10	2685	0	StephenHawking	
1367	0:13:26	1/1/2019 	800613	91.00	9.00	6.37	13.44	103457.53	49800	0	StephenHawking	
1368	0:13:27	1/1/2019 	800895	965.00	626.00	110.84	13.44	103457.53	3320	1	StephenHawking	
1369	0:13:27	1/1/2019 	801129	755.00	27.00	19.63	13.44	103457.53	1824	0	StephenHawking	
1370	0:13:29	1/1/2019 	802945	434.00	9.00	12.45	13.45	103458.97	97782	0	StephenHawking	
1371	0:13:29	1/1/2019 	803465	943.00	143.00	38.14	13.45	103459.57	1822	0	StephenHawking	
1372	0:13:29	1/1/2019 	803687	268.00	9.00	10.62	13.45	103460.17	49801	0	StephenHawking	
1373	0:13:29	1/1/2019 	803730	416.00	9.00	12.31	13.45	103460.17	1821	0	StephenHawking	
1374	0:13:30	1/1/2019 	804007	792.00	59.00	23.38	13.45	103460.17	2799	0	StephenHawking	
1375	0:13:30	1/1/2019 	804109	229.00	9.00	9.92	13.45	103460.17	1823	0	StephenHawking	
1376	0:13:30	1/1/2019 	804136	957.00	272.00	52.91	13.45	103460.17	1821	1	StephenHawking	
1377	0:13:31	1/1/2019 	805231	107.00	9.00	6.78	13.46	103461.00	49803	0	StephenHawking	
1378	0:13:31	1/1/2019 	805238	173.00	9.00	8.65	13.46	103461.00	1822	0	StephenHawking	
1379	0:13:31	1/1/2019 	805598	921.00	118.00	33.53	13.46	103461.77	49800	1	StephenHawking	
1380	0:13:32	1/1/2019 	806619	139.00	9.00	7.71	13.46	103462.64	50785	0	StephenHawking	
1381	0:13:32	1/1/2019 	806625	88.00	9.00	6.30	13.47	103463.24	1820	0	StephenHawking	
1382	0:13:32	1/1/2019 	806642	109.00	9.00	6.84	13.47	103463.24	1820	0	StephenHawking	
1383	0:13:32	1/1/2019 	806758	707.00	15.00	16.63	13.47	103463.24	1821	0	StephenHawking	
1384	0:13:33	1/1/2019 	806943	82.00	9.00	6.18	13.47	103463.24	1822	0	StephenHawking	
1385	0:13:33	1/1/2019 	807018	306.00	9.00	11.17	13.47	103463.24	1821	0	StephenHawking	
1386	0:13:33	1/1/2019 	807660	840.00	75.00	25.53	13.47	103463.64	50789	0	StephenHawking	
1387	0:13:34	1/1/2019 	807893	424.00	9.00	12.37	13.47	103463.64	1823	0	StephenHawking	
1388	0:13:34	1/1/2019 	808437	673.00	11.00	15.25	13.47	103464.24	1823	0	StephenHawking	
1389	0:13:34	1/1/2019 	808499	884.00	89.00	27.92	13.47	103464.24	1822	0	StephenHawking	
1390	0:13:34	1/1/2019 	808727	674.00	12.00	15.55	13.47	103464.24	49828	0	StephenHawking	
1391	0:13:35	1/1/2019 	809212	123.00	9.00	7.24	13.47	103464.67	2815	0	StephenHawking	
1392	0:13:35	1/1/2019 	809264	764.00	29.00	19.99	13.47	103464.67	1820	0	StephenHawking	
1393	0:13:35	1/1/2019 	809346	716.00	16.00	16.96	13.47	103464.67	1822	0	StephenHawking	
1394	0:13:36	1/1/2019 	809868	881.00	90.00	28.09	13.48	103465.27	49801	1	StephenHawking	
1395	0:13:36	1/1/2019 	809963	904.00	103.00	30.58	13.48	103465.27	2745	1	StephenHawking	
1396	0:13:36	1/1/2019 	810007	940.00	134.00	36.57	13.48	103465.27	1824	0	StephenHawking	
1397	0:13:36	1/1/2019 	810025	970.00	556.00	95.58	13.48	103465.27	3359	0	StephenHawking	
1398	0:13:36	1/1/2019 	810067	753.00	24.00	19.06	13.48	103465.27	1823	0	StephenHawking	
1399	0:13:36	1/1/2019 	810355	201.00	9.00	9.33	13.48	103465.70	1822	0	StephenHawking	
1400	0:13:37	1/1/2019 	811147	602.00	13.00	14.73	13.48	103466.31	49800	0	StephenHawking	
1401	0:13:37	1/1/2019 	811163	276.00	9.00	10.74	13.48	103466.31	1822	0	StephenHawking	
1402	0:13:37	1/1/2019 	811456	71.00	9.00	5.99	13.48	103466.88	1820	0	StephenHawking	
1403	0:13:38	1/1/2019 	811922	743.00	24.00	19.02	13.48	103466.88	50916	0	StephenHawking	
1404	0:13:39	1/1/2019 	813142	742.00	22.00	18.60	13.49	103467.73	49803	0	StephenHawking	
1405	0:13:41	1/1/2019 	815108	893.00	97.00	29.40	13.50	103470.12	97785	0	StephenHawking	
1406	0:13:41	1/1/2019 	815223	408.00	9.00	12.25	13.50	103470.12	1830	0	StephenHawking	
1407	0:13:42	1/1/2019 	816412	775.00	49.00	22.30	13.50	103471.16	49806	0	StephenHawking	
1408	0:13:42	1/1/2019 	816643	116.00	9.00	7.04	13.50	103471.16	49803	0	StephenHawking	
1409	0:13:43	1/1/2019 	816888	68.00	9.00	5.95	13.50	103471.16	2839	0	StephenHawking	
1410	0:13:43	1/1/2019 	817079	791.00	52.00	22.66	13.51	103471.76	1821	0	StephenHawking	
1411	0:13:43	1/1/2019 	817083	771.00	32.00	20.45	13.51	103471.76	1822	0	StephenHawking	
1412	0:13:44	1/1/2019 	817988	233.00	9.00	10.00	13.51	103472.36	49803	0	StephenHawking	
1413	0:13:44	1/1/2019 	818089	634.00	10.00	14.65	13.51	103472.36	1822	0	StephenHawking	
1414	0:13:44	1/1/2019 	818172	561.00	9.00	13.53	13.51	103472.76	1821	0	StephenHawking	
1415	0:13:44	1/1/2019 	818599	672.00	11.00	15.24	13.51	103472.76	50826	0	StephenHawking	
1416	0:13:45	1/1/2019 	818937	77.00	9.00	6.08	13.51	103473.19	1822	0	StephenHawking	
1417	0:13:47	1/1/2019 	821030	924.00	122.00	34.31	13.52	103474.66	97783	0	StephenHawking	
1418	0:13:47	1/1/2019 	821656	650.00	11.00	15.07	13.52	103475.23	50606	0	StephenHawking	
1419	0:13:47	1/1/2019 	821763	744.00	22.00	18.61	13.53	103475.66	1822	0	StephenHawking	
1420	0:13:48	1/1/2019 	821947	805.00	64.00	23.99	13.53	103475.66	3285	0	StephenHawking	
1421	0:13:48	1/1/2019 	822204	571.00	9.00	13.65	13.53	103475.66	1821	0	StephenHawking	
1422	0:13:48	1/1/2019 	822497	917.00	115.00	32.94	13.53	103476.09	1821	0	StephenHawking	
1423	0:13:48	1/1/2019 	822564	921.00	118.00	33.53	13.53	103476.09	49802	0	StephenHawking	
1424	0:13:49	1/1/2019 	822812	790.00	58.00	23.27	13.53	103476.09	1822	0	StephenHawking	
1425	0:13:49	1/1/2019 	822927	546.00	9.00	13.36	13.53	103476.09	1822	0	StephenHawking	
1426	0:13:49	1/1/2019 	823272	140.00	9.00	7.74	13.53	103476.69	2760	0	StephenHawking	
1427	0:13:49	1/1/2019 	823410	513.00	9.00	13.03	13.53	103476.69	1820	0	StephenHawking	
1428	0:13:50	1/1/2019 	824564	75.00	3.00	6.04	13.54	103477.38	97780	0	StephenHawking	
1429	0:13:50	1/1/2019 	824736	654.00	11.00	15.11	13.54	103477.38	1828	0	StephenHawking	
1430	0:13:51	1/1/2019 	825098	213.00	9.00	9.60	13.54	103477.77	1826	0	StephenHawking	
1431	0:13:51	1/1/2019 	825173	154.00	9.00	8.13	13.54	103477.77	1822	0	StephenHawking	
1432	0:13:52	1/1/2019 	826408	812.00	63.00	23.89	13.54	103478.64	50746	0	StephenHawking	
1433	0:13:52	1/1/2019 	826699	321.00	9.00	11.37	13.55	103478.89	49802	0	StephenHawking	
1434	0:13:54	1/1/2019 	828138	364.00	9.00	11.85	13.55	103479.89	49802	0	StephenHawking	
1435	0:13:55	1/1/2019 	829100	91.00	9.00	6.37	13.56	103480.93	50037	0	StephenHawking	
1436	0:13:55	1/1/2019 	829261	772.00	32.00	20.46	13.56	103480.93	1821	0	StephenHawking	
1437	0:13:55	1/1/2019 	829449	364.00	9.00	11.85	13.56	103480.93	1822	0	StephenHawking	
1438	0:13:55	1/1/2019 	829664	77.00	9.00	6.08	13.56	103481.53	50751	0	StephenHawking	
1439	0:13:56	1/1/2019 	829827	81.00	9.00	6.16	13.56	103481.53	2676	0	StephenHawking	
1440	0:13:56	1/1/2019 	830001	649.00	10.00	14.80	13.56	103481.53	1821	0	StephenHawking	
1441	0:13:56	1/1/2019 	830047	151.00	9.00	8.05	13.56	103481.53	1821	0	StephenHawking	
1442	0:13:56	1/1/2019 	830331	736.00	20.00	18.11	13.56	103481.70	1820	0	StephenHawking	
1443	0:13:56	1/1/2019 	830379	448.00	9.00	12.55	13.56	103481.70	1822	0	StephenHawking	
1444	0:13:57	1/1/2019 	830858	618.00	10.00	14.46	13.56	103482.14	51295	0	StephenHawking	
1445	0:13:59	1/1/2019 	833280	768.00	32.00	20.44	13.57	103484.34	97784	0	StephenHawking	
1446	0:13:59	1/1/2019 	833551	952.00	161.00	40.94	13.57	103484.34	49804	0	StephenHawking	
1447	0:14:00	1/1/2019 	834020	376.00	9.00	11.97	13.57	103484.95	1823	0	StephenHawking	
1448	0:14:00	1/1/2019 	834764	374.00	9.00	11.95	13.58	103485.38	49805	0	StephenHawking	
1449	0:14:01	1/1/2019 	834935	778.00	49.00	22.32	13.58	103485.38	2799	0	StephenHawking	
1450	0:14:01	1/1/2019 	835076	392.00	7.00	11.99	13.58	103485.95	1828	0	StephenHawking	
1451	0:14:01	1/1/2019 	835654	335.00	9.00	11.54	13.58	103486.55	49802	0	StephenHawking	
1452	0:14:02	1/1/2019 	835857	124.00	9.00	7.27	13.58	103486.55	1821	0	StephenHawking	
1453	0:14:02	1/1/2019 	836468	399.00	9.00	12.18	13.58	103487.16	1822	1	StephenHawking	
1454	0:14:02	1/1/2019 	836475	544.00	9.00	13.34	13.58	103487.16	1822	0	StephenHawking	
1455	0:14:02	1/1/2019 	836669	94.00	9.00	6.44	13.58	103487.16	50779	0	StephenHawking	
1456	0:14:02	1/1/2019 	836689	80.00	9.00	6.14	13.58	103487.16	1819	0	StephenHawking	
1457	0:14:02	1/1/2019 	836744	64.00	9.00	5.92	13.58	103487.16	1820	0	StephenHawking	
1458	0:14:03	1/1/2019 	836849	942.00	142.00	37.97	13.59	103487.76	1821	0	StephenHawking	
1459	0:14:03	1/1/2019 	837139	354.00	9.00	11.75	13.59	103487.76	1823	0	StephenHawking	
1460	0:14:03	1/1/2019 	837343	166.00	9.00	8.46	13.59	103487.76	1822	0	StephenHawking	
1461	0:14:03	1/1/2019 	837656	952.00	212.00	46.55	13.59	103488.36	50783	1	StephenHawking	
1462	0:14:04	1/1/2019 	838411	156.00	9.00	8.19	13.59	103489.14	1822	0	StephenHawking	
1463	0:14:05	1/1/2019 	839377	710.00	16.00	16.94	13.59	103489.54	49802	0	StephenHawking	
1464	0:14:05	1/1/2019 	839723	376.00	9.00	11.97	13.59	103489.54	49804	0	StephenHawking	
1465	0:14:05	1/1/2019 	839775	153.00	9.00	8.11	13.59	103489.54	2729	0	StephenHawking	
1466	0:14:06	1/1/2019 	840223	827.00	69.00	24.67	13.60	103489.97	1821	0	StephenHawking	
1467	0:14:06	1/1/2019 	840670	107.00	11.00	6.79	13.60	103490.58	51330	0	StephenHawking	
1468	0:14:06	1/1/2019 	840706	198.00	10.00	9.27	13.60	103490.58	1821	0	StephenHawking	
1469	0:14:07	1/1/2019 	841052	345.00	9.00	11.65	13.60	103490.58	1821	0	StephenHawking	
1470	0:14:07	1/1/2019 	841188	771.00	35.00	20.84	13.60	103491.61	1822	0	StephenHawking	
1471	0:14:07	1/1/2019 	841412	160.00	9.00	8.30	13.60	103491.61	1821	0	StephenHawking	
1472	0:14:07	1/1/2019 	841487	109.00	9.00	6.84	13.60	103491.61	2926	0	StephenHawking	
1473	0:14:08	1/1/2019 	842150	546.00	9.00	13.36	13.60	103491.78	49799	0	StephenHawking	
1474	0:14:08	1/1/2019 	842250	135.00	9.00	7.59	13.60	103491.78	1821	0	StephenHawking	
1475	0:14:10	1/1/2019 	844200	787.00	44.00	21.87	13.61	103493.81	97780	0	StephenHawking	
1476	0:14:10	1/1/2019 	844340	73.00	9.00	6.02	13.61	103493.81	1821	0	StephenHawking	
1477	0:14:10	1/1/2019 	844437	276.00	10.00	10.77	13.61	103493.81	1820	0	StephenHawking	
1478	0:14:11	1/1/2019 	844925	123.00	9.00	7.24	13.62	103494.25	50809	0	StephenHawking	
1479	0:14:11	1/1/2019 	845248	451.00	9.00	12.57	13.62	103494.25	1821	0	StephenHawking	
1480	0:14:12	1/1/2019 	846309	850.00	79.00	26.16	13.62	103495.42	49801	1	StephenHawking	
1481	0:14:12	1/1/2019 	846428	964.00	417.00	76.78	13.62	103495.42	1823	1	StephenHawking	
1482	0:14:12	1/1/2019 	846806	165.00	9.00	8.44	13.62	103495.86	49803	0	StephenHawking	
1483	0:14:13	1/1/2019 	847644	699.00	14.00	16.30	13.63	103496.45	49801	0	StephenHawking	
1484	0:14:14	1/1/2019 	847880	119.00	9.00	7.12	13.63	103497.06	2801	0	StephenHawking	
1485	0:14:14	1/1/2019 	848189	127.00	9.00	7.36	13.63	103497.06	1822	0	StephenHawking	
1486	0:14:14	1/1/2019 	848207	115.00	8.00	7.01	13.63	103497.06	1819	0	StephenHawking	
1487	0:14:14	1/1/2019 	848257	944.00	131.00	36.02	13.63	103497.06	1821	0	StephenHawking	
1488	0:14:14	1/1/2019 	848368	93.00	9.00	6.42	13.63	103497.49	1821	0	StephenHawking	
1489	0:14:14	1/1/2019 	848404	919.00	115.00	32.94	13.63	103497.49	1820	0	StephenHawking	
1490	0:14:15	1/1/2019 	848823	846.00	76.00	25.69	13.63	103497.49	50794	1	StephenHawking	
1491	0:14:15	1/1/2019 	848826	390.00	10.00	12.15	13.63	103497.49	1823	0	StephenHawking	
1492	0:14:15	1/1/2019 	848981	951.00	143.00	38.14	13.63	103497.89	1823	0	StephenHawking	
1493	0:14:15	1/1/2019 	849276	922.00	122.00	34.31	13.63	103497.89	1823	0	StephenHawking	
1494	0:14:15	1/1/2019 	849693	121.00	9.00	7.18	13.64	103498.48	49803	0	StephenHawking	
1495	0:14:16	1/1/2019 	849922	950.00	220.00	47.28	13.64	103498.48	2616	1	StephenHawking	
1496	0:14:16	1/1/2019 	850017	452.00	9.00	12.57	13.64	103498.48	3283	0	StephenHawking	
1497	0:14:16	1/1/2019 	850151	864.00	83.00	26.84	13.64	103498.92	1822	0	StephenHawking	
1498	0:14:16	1/1/2019 	850282	779.00	52.00	22.61	13.64	103498.92	1822	0	StephenHawking	
1499	0:14:17	1/1/2019 	850868	934.00	131.00	36.02	13.64	103499.53	49802	1	StephenHawking	
1500	0:14:17	1/1/2019 	851123	913.00	110.00	31.96	13.64	103499.53	1824	1	StephenHawking	
1501	0:14:17	1/1/2019 	851360	82.00	9.00	6.18	13.64	103500.12	2862	0	StephenHawking	
1502	0:14:17	1/1/2019 	851449	62.00	9.00	5.90	13.64	103500.12	1825	0	StephenHawking	
1503	0:14:17	1/1/2019 	851767	815.00	66.00	24.26	13.64	103500.12	49806	0	StephenHawking	
1504	0:14:18	1/1/2019 	852050	898.00	97.00	29.42	13.65	103500.38	1826	0	StephenHawking	
1505	0:14:18	1/1/2019 	852320	979.00	917.00	187.77	13.65	103500.38	1823	1	StephenHawking	
1506	0:14:18	1/1/2019 	852480	923.00	118.00	33.53	13.65	103500.38	1823	0	StephenHawking	
1507	0:14:19	1/1/2019 	852969	959.00	392.00	73.10	13.65	103500.95	50746	1	StephenHawking	
1508	0:14:19	1/1/2019 	853429	971.00	528.00	90.75	13.65	103501.56	1823	0	StephenHawking	
1509	0:14:19	1/1/2019 	853661	420.00	9.00	12.34	13.65	103501.56	49801	0	StephenHawking	
1510	0:14:20	1/1/2019 	854253	773.00	35.00	20.85	13.65	103501.98	1822	0	StephenHawking	
1511	0:14:21	1/1/2019 	854828	952.00	240.00	49.20	13.66	103502.59	49802	1	StephenHawking	
1512	0:14:21	1/1/2019 	855074	91.00	9.00	6.37	13.66	103503.02	1823	0	StephenHawking	
1513	0:14:21	1/1/2019 	855426	950.00	197.00	45.14	13.66	103503.02	2768	1	StephenHawking	
1514	0:14:21	1/1/2019 	855585	773.00	41.00	21.51	13.66	103503.59	49803	0	StephenHawking	
1515	0:14:23	1/1/2019 	856879	746.00	23.00	18.83	13.67	103504.62	49803	0	StephenHawking	
1516	0:14:23	1/1/2019 	857329	920.00	114.00	32.75	13.67	103504.62	1830	0	StephenHawking	
1517	0:14:24	1/1/2019 	858330	135.00	9.00	7.59	13.67	103505.41	49806	0	StephenHawking	
1518	0:14:24	1/1/2019 	858654	214.00	9.00	9.62	13.67	103505.84	49799	0	StephenHawking	
1519	0:14:24	1/1/2019 	858784	96.00	9.00	6.49	13.67	103505.84	2774	0	StephenHawking	
1520	0:14:25	1/1/2019 	858843	869.00	85.00	27.18	13.67	103505.84	1821	0	StephenHawking	
1521	0:14:25	1/1/2019 	858920	69.00	9.00	5.97	13.67	103505.84	1822	0	StephenHawking	
1522	0:14:25	1/1/2019 	859726	142.00	9.00	7.79	13.67	103506.45	49800	0	StephenHawking	
1523	0:14:27	1/1/2019 	861694	848.00	76.00	25.70	13.68	103508.13	98637	0	StephenHawking	
1524	0:14:27	1/1/2019 	861747	333.00	9.00	11.51	13.68	103508.13	3321	0	StephenHawking	
1525	0:14:28	1/1/2019 	862338	279.00	9.00	10.79	13.69	103508.56	1821	0	StephenHawking	
1526	0:14:28	1/1/2019 	862375	760.00	28.00	19.81	13.69	103508.56	1822	0	StephenHawking	
1527	0:14:29	1/1/2019 	863263	984.00	957.00	279.54	13.69	103508.56	49802	0	StephenHawking	
1528	0:14:30	1/1/2019 	864018	214.00	9.00	9.62	13.69	103509.39	49802	0	StephenHawking	
1529	0:14:30	1/1/2019 	864072	72.00	9.00	6.01	13.69	103509.39	1821	0	StephenHawking	
1530	0:14:31	1/1/2019 	865058	83.00	9.00	6.20	13.69	103510.16	50775	0	StephenHawking	
1531	0:14:31	1/1/2019 	865271	80.00	9.00	6.14	13.70	103510.59	1820	0	StephenHawking	
1532	0:14:31	1/1/2019 	865342	603.00	10.00	14.25	13.70	103510.59	1821	0	StephenHawking	
1533	0:14:32	1/1/2019 	866101	223.00	9.00	9.80	13.70	103511.03	49802	0	StephenHawking	
1534	0:14:33	1/1/2019 	867268	873.00	88.00	27.71	13.70	103512.03	49802	0	StephenHawking	
1535	0:14:33	1/1/2019 	867309	136.00	9.00	7.62	13.70	103512.03	1821	1	StephenHawking	
1536	0:14:33	1/1/2019 	867338	102.00	9.00	6.65	13.70	103512.03	2800	0	StephenHawking	
1537	0:14:33	1/1/2019 	867743	785.00	46.00	22.06	13.71	103512.80	49801	0	StephenHawking	
1538	0:14:34	1/1/2019 	867968	289.00	9.00	10.94	13.71	103512.80	1822	0	StephenHawking	
1539	0:14:34	1/1/2019 	868437	140.00	9.00	7.74	13.71	103513.41	1822	0	StephenHawking	
1540	0:14:34	1/1/2019 	868789	969.00	540.00	92.72	13.71	103513.41	49802	1	StephenHawking	
1541	0:14:35	1/1/2019 	869180	171.00	9.00	8.60	13.71	103513.84	1822	0	StephenHawking	
1542	0:14:35	1/1/2019 	869359	161.00	9.00	8.33	13.71	103513.84	2908	0	StephenHawking	
1543	0:14:35	1/1/2019 	869665	137.00	9.00	7.65	13.71	103514.27	49802	0	StephenHawking	
1544	0:14:36	1/1/2019 	870000	750.00	25.00	19.24	13.71	103514.27	2731	0	StephenHawking	
1545	0:14:36	1/1/2019 	870198	400.00	9.00	12.18	13.72	103514.84	1822	0	StephenHawking	
1546	0:14:37	1/1/2019 	871558	899.00	99.00	29.80	13.72	103515.45	97781	0	StephenHawking	
1547	0:14:37	1/1/2019 	871772	945.00	161.00	40.94	13.72	103515.45	1823	1	StephenHawking	
1548	0:14:38	1/1/2019 	872457	207.00	9.00	9.47	13.72	103516.05	3353	0	StephenHawking	
1549	0:14:39	1/1/2019 	873475	284.00	9.00	10.86	13.73	103516.73	49799	1	StephenHawking	
1550	0:14:39	1/1/2019 	873736	749.00	25.00	19.24	13.73	103517.34	49802	0	StephenHawking	
1551	0:14:41	1/1/2019 	875093	528.00	9.00	13.17	13.73	103518.17	49801	0	StephenHawking	
1552	0:14:41	1/1/2019 	875676	958.00	225.00	47.75	13.73	103518.34	49802	0	StephenHawking	
1553	0:14:41	1/1/2019 	875804	292.00	9.00	10.98	13.73	103518.34	2828	0	StephenHawking	
1554	0:14:42	1/1/2019 	876355	912.00	114.00	32.74	13.74	103519.12	1821	0	StephenHawking	
1555	0:14:42	1/1/2019 	876663	848.00	74.00	25.41	13.74	103519.12	49803	0	StephenHawking	
1556	0:14:42	1/1/2019 	876779	507.00	9.00	12.98	13.74	103519.55	1823	0	StephenHawking	
1557	0:14:43	1/1/2019 	877183	122.00	9.00	7.21	13.74	103519.55	1820	0	StephenHawking	
1558	0:14:43	1/1/2019 	877475	961.00	309.00	58.56	13.74	103519.98	1823	1	StephenHawking	
1559	0:14:43	1/1/2019 	877619	855.00	79.00	26.17	13.74	103519.98	50813	0	StephenHawking	
1560	0:14:44	1/1/2019 	877856	787.00	57.00	23.15	13.74	103519.98	1822	0	StephenHawking	
1561	0:14:44	1/1/2019 	878073	757.00	26.00	19.46	13.74	103520.55	1823	1	StephenHawking	
1562	0:14:44	1/1/2019 	878366	709.00	15.00	16.64	13.74	103520.55	1822	0	StephenHawking	
1563	0:14:44	1/1/2019 	878469	119.00	9.00	7.12	13.74	103520.55	1822	0	StephenHawking	
1564	0:14:44	1/1/2019 	878498	68.00	9.00	5.95	13.74	103520.55	1820	0	StephenHawking	
1565	0:14:45	1/1/2019 	879316	169.00	9.00	8.54	13.75	103521.59	50815	0	StephenHawking	
1566	0:14:46	1/1/2019 	879974	285.00	9.00	10.88	13.75	103522.02	49802	0	StephenHawking	
1567	0:14:47	1/1/2019 	880873	947.00	185.00	43.90	13.75	103522.62	50606	0	StephenHawking	
1568	0:14:47	1/1/2019 	881134	971.00	448.00	80.73	13.76	103523.23	1828	0	StephenHawking	
1569	0:14:47	1/1/2019 	881473	741.00	22.00	18.59	13.76	103523.23	1823	0	StephenHawking	
1570	0:14:48	1/1/2019 	882353	200.00	9.00	9.31	13.76	103523.45	49799	0	StephenHawking	
1571	0:14:49	1/1/2019 	883073	330.00	9.00	11.48	13.76	103523.70	51364	0	StephenHawking	
1572	0:14:49	1/1/2019 	883278	149.00	4.00	7.97	13.76	103523.70	1822	0	StephenHawking	
1573	0:14:50	1/1/2019 	884718	107.00	8.00	6.78	13.77	103525.52	97777	0	StephenHawking	
1574	0:14:50	1/1/2019 	884808	960.00	312.00	59.07	13.77	103525.52	1822	0	StephenHawking	
1575	0:14:51	1/1/2019 	884868	134.00	9.00	7.56	13.77	103525.52	1823	0	StephenHawking	
1576	0:14:51	1/1/2019 	885100	895.00	95.00	29.04	13.77	103525.52	2760	0	StephenHawking	
1577	0:14:51	1/1/2019 	885177	957.00	222.00	47.47	13.77	103525.91	1822	1	StephenHawking	
1578	0:14:51	1/1/2019 	885320	236.00	9.00	10.06	13.77	103525.91	1821	0	StephenHawking	
1579	0:14:51	1/1/2019 	885322	775.00	36.00	20.98	13.77	103525.91	1821	0	StephenHawking	
1580	0:14:52	1/1/2019 	886075	109.00	9.00	6.84	13.77	103526.34	49801	0	StephenHawking	
1581	0:14:53	1/1/2019 	886842	632.00	9.00	14.39	13.78	103526.95	49800	0	StephenHawking	
1582	0:14:53	1/1/2019 	886892	923.00	121.00	34.12	13.78	103526.95	2767	1	StephenHawking	
1583	0:14:53	1/1/2019 	887213	425.00	9.00	12.38	13.78	103527.38	1825	0	StephenHawking	
1584	0:14:53	1/1/2019 	887352	669.00	11.00	15.22	13.78	103527.38	1828	0	StephenHawking	
1585	0:14:54	1/1/2019 	888440	343.00	9.00	11.63	13.78	103527.81	49805	0	StephenHawking	
1586	0:14:55	1/1/2019 	888984	96.00	9.00	6.49	13.78	103528.41	49801	0	StephenHawking	
1587	0:14:55	1/1/2019 	888994	329.00	9.00	11.47	13.78	103528.41	1821	0	StephenHawking	
1588	0:14:55	1/1/2019 	889317	899.00	98.00	29.61	13.78	103528.41	2772	0	StephenHawking	
1589	0:14:55	1/1/2019 	889321	144.00	9.00	7.85	13.78	103528.41	1822	0	StephenHawking	
1590	0:14:55	1/1/2019 	889342	241.00	9.00	10.15	13.78	103528.41	1820	0	StephenHawking	
1591	0:14:55	1/1/2019 	889365	250.00	9.00	10.31	13.78	103528.41	1822	0	StephenHawking	
1592	0:14:56	1/1/2019 	889922	978.00	932.00	208.59	13.79	103528.98	49804	1	StephenHawking	
1593	0:14:57	1/1/2019 	891591	313.00	9.00	11.27	13.79	103530.28	98639	0	StephenHawking	
1594	0:14:57	1/1/2019 	891613	931.00	123.00	34.51	13.79	103530.28	3318	0	StephenHawking	
1595	0:14:58	1/1/2019 	891996	149.00	9.00	7.99	13.80	103530.88	1824	0	StephenHawking	
1596	0:14:58	1/1/2019 	892017	956.00	252.00	50.47	13.80	103530.88	1828	0	StephenHawking	
1597	0:14:58	1/1/2019 	892019	647.00	11.00	15.04	13.80	103530.88	1829	0	StephenHawking	
1598	0:15:00	1/1/2019 	894012	675.00	11.00	15.26	13.80	103531.70	97788	0	StephenHawking	
1599	0:15:00	1/1/2019 	894157	74.00	13.00	6.04	13.80	103531.70	2795	0	StephenHawking	
1600	0:15:00	1/1/2019 	894647	716.00	16.00	16.96	13.80	103532.48	49803	0	StephenHawking	
1601	0:15:02	1/1/2019 	896038	578.00	10.00	13.89	13.81	103533.77	49804	0	StephenHawking	
1602	0:15:03	1/1/2019 	897046	199.00	9.00	9.29	13.81	103534.17	49805	0	StephenHawking	
1603	0:15:03	1/1/2019 	897314	757.00	28.00	19.80	13.82	103534.78	1823	0	StephenHawking	
1604	0:15:03	1/1/2019 	897748	100.00	9.00	6.60	13.82	103534.78	49802	0	StephenHawking	
1605	0:15:04	1/1/2019 	898033	130.00	9.00	7.44	13.82	103535.03	2797	0	StephenHawking	
1606	0:15:04	1/1/2019 	898204	749.00	25.00	19.24	13.82	103535.03	1822	0	StephenHawking	
1607	0:15:04	1/1/2019 	898801	114.00	9.00	6.98	13.82	103535.64	49803	0	StephenHawking	
1608	0:15:05	1/1/2019 	898837	956.00	296.00	56.42	13.82	103535.64	1822	0	StephenHawking	
1609	0:15:05	1/1/2019 	899215	960.00	307.00	58.22	13.82	103535.64	1824	0	StephenHawking	
1610	0:15:05	1/1/2019 	899749	770.00	31.00	20.31	13.82	103536.24	49805	0	StephenHawking	
1611	0:15:07	1/1/2019 	900647	649.00	10.00	14.80	13.83	103536.81	52098	0	StephenHawking	
1612	0:15:08	1/1/2019 	901739	869.00	85.00	27.18	13.83	103537.84	49804	0	StephenHawking	
1613	0:15:08	1/1/2019 	901958	917.00	115.00	32.94	13.83	103537.84	1823	1	StephenHawking	
1614	0:15:08	1/1/2019 	902258	860.00	79.00	26.19	13.83	103538.45	1823	1	StephenHawking	
1615	0:15:08	1/1/2019 	902565	968.00	390.00	72.78	13.83	103538.45	49803	1	StephenHawking	
1616	0:15:08	1/1/2019 	902569	437.00	9.00	12.47	13.83	103538.45	1823	0	StephenHawking	
1617	0:15:08	1/1/2019 	902594	633.00	10.00	14.64	13.83	103538.45	2820	0	StephenHawking	
1618	0:15:09	1/1/2019 	903177	717.00	15.00	16.67	13.84	103538.88	1823	1	StephenHawking	
1619	0:15:09	1/1/2019 	903471	417.00	9.00	12.32	13.84	103539.48	1822	0	StephenHawking	
1620	0:15:10	1/1/2019 	903700	918.00	118.00	33.53	13.84	103539.48	49805	1	StephenHawking	
1621	0:15:11	1/1/2019 	904729	263.00	9.00	10.53	13.84	103540.48	49805	0	StephenHawking	
1622	0:15:11	1/1/2019 	904777	63.00	9.00	5.91	13.84	103540.48	2825	0	StephenHawking	
1623	0:15:11	1/1/2019 	904895	535.00	9.00	13.24	13.84	103540.48	1821	0	StephenHawking	
1624	0:15:12	1/1/2019 	905939	136.00	9.00	7.62	13.85	103541.52	49804	0	StephenHawking	
1625	0:15:12	1/1/2019 	906176	465.00	9.00	12.67	13.85	103541.52	1821	0	StephenHawking	
1626	0:15:12	1/1/2019 	906457	74.00	9.00	6.03	13.85	103542.12	1823	0	StephenHawking	
1627	0:15:13	1/1/2019 	906680	691.00	13.00	15.95	13.85	103542.12	49808	0	StephenHawking	
1628	0:15:13	1/1/2019 	906987	414.00	9.00	12.30	13.85	103542.70	2837	0	StephenHawking	
1629	0:15:13	1/1/2019 	907000	135.00	9.00	7.59	13.85	103542.70	1821	0	StephenHawking	
1630	0:15:13	1/1/2019 	907338	123.00	9.00	7.24	13.85	103542.70	1820	0	StephenHawking	
1631	0:15:13	1/1/2019 	907593	86.00	9.00	6.26	13.85	103542.70	49800	0	StephenHawking	
1632	0:15:14	1/1/2019 	908468	967.00	503.00	87.21	13.86	103543.30	1820	1	StephenHawking	
1633	0:15:14	1/1/2019 	908597	121.00	9.00	7.18	13.86	103543.30	49805	0	StephenHawking	
1634	0:15:15	1/1/2019 	908711	687.00	12.00	15.62	13.86	103543.73	2835	0	StephenHawking	
1635	0:15:15	1/1/2019 	908851	336.00	9.00	11.55	13.86	103543.73	1823	0	StephenHawking	
1636	0:15:15	1/1/2019 	908856	127.00	9.00	7.36	13.86	103543.73	1821	0	StephenHawking	
1637	0:15:15	1/1/2019 	909263	872.00	83.00	26.86	13.86	103543.73	1821	1	StephenHawking	
1638	0:15:16	1/1/2019 	910035	72.00	9.00	6.01	13.86	103544.59	49803	0	StephenHawking	
1639	0:15:17	1/1/2019 	910816	124.00	9.00	7.27	13.87	103545.02	50762	0	StephenHawking	
1640	0:15:17	1/1/2019 	911312	956.00	240.00	49.20	13.87	103545.42	3482	1	StephenHawking	
1641	0:15:17	1/1/2019 	911409	65.00	8.00	5.92	13.87	103545.42	1821	0	StephenHawking	
1642	0:15:17	1/1/2019 	911569	898.00	100.00	29.98	13.87	103545.42	49800	1	StephenHawking	
1643	0:15:17	1/1/2019 	911586	973.00	643.00	114.95	13.87	103545.42	1823	1	StephenHawking	
1644	0:15:18	1/1/2019 	912633	744.00	25.00	19.22	13.87	103546.28	49803	1	StephenHawking	
1645	0:15:20	1/1/2019 	913769	265.00	9.00	10.57	13.88	103546.97	49802	0	StephenHawking	
1646	0:15:20	1/1/2019 	913983	757.00	28.00	19.80	13.88	103546.97	5061	0	StephenHawking	
1647	0:15:20	1/1/2019 	914353	138.00	9.00	7.68	13.88	103547.37	1822	0	StephenHawking	
1648	0:15:21	1/1/2019 	914857	88.00	9.00	6.30	13.88	103547.97	49797	0	StephenHawking	
1649	0:15:21	1/1/2019 	914876	900.00	97.00	29.42	13.88	103547.97	1821	1	StephenHawking	
1650	0:15:21	1/1/2019 	915233	587.00	10.00	14.02	13.88	103547.97	1823	0	StephenHawking	
1651	0:15:22	1/1/2019 	916110	770.00	36.00	20.96	13.89	103548.58	50737	0	StephenHawking	
1652	0:15:22	1/1/2019 	916123	786.00	57.00	23.15	13.89	103548.58	1822	1	StephenHawking	
1653	0:15:22	1/1/2019 	916164	312.00	9.00	11.25	13.89	103548.58	1822	0	StephenHawking	
1654	0:15:22	1/1/2019 	916174	72.00	8.00	6.00	13.89	103548.58	1820	0	StephenHawking	
1655	0:15:22	1/1/2019 	916328	97.00	9.00	6.52	13.89	103548.58	1820	0	StephenHawking	
1656	0:15:23	1/1/2019 	916885	787.00	43.00	21.77	13.89	103549.35	49801	0	StephenHawking	
1657	0:15:23	1/1/2019 	917243	287.00	9.00	10.91	13.89	103549.78	2763	0	StephenHawking	
1658	0:15:24	1/1/2019 	918137	71.00	9.00	5.99	13.89	103550.39	49800	0	StephenHawking	
1659	0:15:24	1/1/2019 	918206	939.00	129.00	35.65	13.89	103550.39	1822	0	StephenHawking	
1660	0:15:24	1/1/2019 	918251	578.00	9.00	13.74	13.89	103550.39	1822	0	StephenHawking	
1661	0:15:25	1/1/2019 	919290	665.00	11.00	15.20	13.90	103550.96	49801	0	StephenHawking	
1662	0:15:26	1/1/2019 	919680	765.00	29.00	19.99	13.90	103551.56	49804	0	StephenHawking	
1663	0:15:26	1/1/2019 	919724	947.00	139.00	37.46	13.90	103551.56	4023	0	StephenHawking	
1664	0:15:26	1/1/2019 	920356	971.00	626.00	110.84	13.90	103551.99	1822	1	StephenHawking	
1665	0:15:26	1/1/2019 	920563	954.00	246.00	49.82	13.90	103551.99	49804	1	StephenHawking	
1666	0:15:27	1/1/2019 	920691	942.00	153.00	39.76	13.90	103551.99	1823	1	StephenHawking	
1667	0:15:27	1/1/2019 	921140	897.00	96.00	29.23	13.90	103552.59	1824	0	StephenHawking	
1668	0:15:27	1/1/2019 	921251	74.00	9.00	6.03	13.90	103552.59	1821	0	StephenHawking	
1669	0:15:27	1/1/2019 	921390	124.00	9.00	7.27	13.90	103552.59	2744	0	StephenHawking	
1670	0:15:28	1/1/2019 	921723	220.00	9.00	9.74	13.90	103552.59	49800	0	StephenHawking	
1671	0:15:28	1/1/2019 	921974	322.00	9.00	11.38	13.90	103552.59	1823	0	StephenHawking	
1672	0:15:28	1/1/2019 	922132	954.00	224.00	47.65	13.91	103553.03	1822	1	StephenHawking	
1673	0:15:28	1/1/2019 	922223	95.00	9.00	6.47	13.91	103553.03	1821	0	StephenHawking	
1674	0:15:28	1/1/2019 	922324	372.00	9.00	11.93	13.91	103553.03	1820	0	StephenHawking	
1675	0:15:29	1/1/2019 	923414	149.00	9.00	7.99	13.91	103553.86	50737	0	StephenHawking	
1676	0:15:30	1/1/2019 	923730	937.00	132.00	36.20	13.91	103553.86	49801	0	StephenHawking	
1677	0:15:30	1/1/2019 	923793	552.00	9.00	13.43	13.91	103554.28	1824	0	StephenHawking	
1678	0:15:30	1/1/2019 	924206	944.00	139.00	37.46	13.91	103554.28	1822	1	StephenHawking	
1679	0:15:30	1/1/2019 	924215	887.00	91.00	28.28	13.91	103554.28	1822	0	StephenHawking	
1680	0:15:31	1/1/2019 	924884	905.00	105.00	30.96	13.92	103555.06	50875	0	StephenHawking	
1681	0:15:31	1/1/2019 	925074	954.00	205.00	45.90	13.92	103555.32	1824	0	StephenHawking	
1682	0:15:31	1/1/2019 	925149	152.00	9.00	8.08	13.92	103555.32	1823	0	StephenHawking	
1683	0:15:32	1/1/2019 	925760	548.00	9.00	13.38	13.92	103555.58	49799	0	StephenHawking	
1684	0:15:32	1/1/2019 	926062	629.00	10.00	14.59	13.92	103555.58	1822	0	StephenHawking	
1685	0:15:33	1/1/2019 	926856	613.00	10.00	14.39	13.92	103555.98	49801	0	StephenHawking	
1686	0:15:33	1/1/2019 	926993	92.00	9.00	6.39	13.92	103555.98	2798	0	StephenHawking	
1687	0:15:34	1/1/2019 	928262	938.00	132.00	36.20	13.93	103558.22	49799	1	StephenHawking	
1688	0:15:34	1/1/2019 	928594	918.00	113.00	32.55	13.93	103558.22	49804	0	StephenHawking	
1689	0:15:36	1/1/2019 	930191	571.00	9.00	13.65	13.93	103559.61	49804	0	StephenHawking	
1690	0:15:37	1/1/2019 	931200	651.00	10.00	14.81	13.94	103560.61	50696	0	StephenHawking	
1691	0:15:39	1/1/2019 	933191	680.00	12.00	15.59	13.94	103561.30	97780	0	StephenHawking	
1692	0:15:39	1/1/2019 	933568	952.00	196.00	45.04	13.95	103561.03	51325	1	StephenHawking	
1693	0:15:40	1/1/2019 	933891	379.00	9.00	12.00	13.95	103561.03	1822	0	StephenHawking	
1694	0:15:40	1/1/2019 	934603	655.00	10.00	14.84	13.95	103561.98	49802	0	StephenHawking	
1695	0:15:41	1/1/2019 	934746	145.00	13.00	7.89	13.95	103563.08	1821	0	StephenHawking	
1696	0:15:41	1/1/2019 	934902	956.00	237.00	48.90	13.95	103563.08	1822	0	StephenHawking	
1697	0:15:41	1/1/2019 	934980	915.00	110.00	31.96	13.95	103563.08	1822	1	StephenHawking	
1698	0:15:42	1/1/2019 	935794	944.00	158.00	40.51	13.95	103564.55	50800	1	StephenHawking	
1699	0:15:42	1/1/2019 	936328	117.00	9.00	7.07	13.96	103566.88	1824	0	StephenHawking	
1700	0:15:43	1/1/2019 	937551	888.00	92.00	28.47	13.96	103570.17	97781	0	StephenHawking	
1701	0:15:44	1/1/2019 	937726	147.00	9.00	7.94	13.96	103570.40	1823	0	StephenHawking	
1702	0:15:44	1/1/2019 	938058	516.00	9.00	13.06	13.96	103570.40	1821	0	StephenHawking	
1703	0:15:45	1/1/2019 	938728	936.00	132.00	36.20	13.97	103570.30	50806	0	StephenHawking	
1704	0:15:45	1/1/2019 	938876	770.00	31.00	20.31	13.97	103570.30	1823	0	StephenHawking	
1705	0:15:45	1/1/2019 	938896	196.00	9.00	9.22	13.97	103571.26	1821	0	StephenHawking	
1706	0:15:45	1/1/2019 	939126	946.00	136.00	36.93	13.97	103571.26	1822	0	StephenHawking	
1707	0:15:45	1/1/2019 	939453	430.00	10.00	12.48	13.97	103571.26	1823	0	StephenHawking	
1708	0:15:46	1/1/2019 	940246	699.00	14.00	16.30	13.97	103574.64	49804	0	StephenHawking	
1709	0:15:48	1/1/2019 	941986	937.00	140.00	37.63	13.98	103576.42	100243	1	StephenHawking	
1710	0:15:50	1/1/2019 	944138	889.00	87.00	27.59	13.99	103576.15	97782	0	StephenHawking	
1711	0:15:50	1/1/2019 	944216	775.00	36.00	20.98	13.99	103576.15	1823	0	StephenHawking	
1712	0:15:52	1/1/2019 	945769	970.00	641.00	114.35	13.99	103574.98	97783	1	StephenHawking	
1713	0:15:52	1/1/2019 	945945	813.00	65.00	24.13	13.99	103574.98	1824	0	StephenHawking	
1714	0:15:53	1/1/2019 	947110	325.00	9.00	11.42	14.00	103574.45	49803	0	StephenHawking	
1715	0:15:53	1/1/2019 	947187	390.00	9.00	12.10	14.00	103574.45	2847	0	StephenHawking	
1716	0:15:54	1/1/2019 	947989	79.00	9.00	6.12	14.00	103574.27	49801	0	StephenHawking	
1717	0:15:54	1/1/2019 	948175	946.00	136.00	36.93	14.00	103574.27	1821	1	StephenHawking	
1718	0:15:54	1/1/2019 	948219	963.00	261.00	51.52	14.00	103574.27	1823	1	StephenHawking	
1719	0:15:55	1/1/2019 	948902	940.00	150.00	39.29	14.01	103573.80	49802	0	StephenHawking	
1720	0:15:55	1/1/2019 	949608	336.00	9.00	11.55	14.01	103573.54	50836	1	StephenHawking	
1721	0:15:57	1/1/2019 	951498	973.00	660.00	118.53	14.01	103573.02	50614	0	StephenHawking	
1722	0:15:58	1/1/2019 	952013	373.00	9.00	11.94	14.02	103573.09	49804	0	StephenHawking	
1723	0:15:59	1/1/2019 	952648	953.00	235.00	48.70	14.02	103572.97	49804	0	StephenHawking	
1724	0:15:59	1/1/2019 	953071	876.00	84.00	27.04	14.02	103572.80	1823	0	StephenHawking	
1725	0:16:00	1/1/2019 	953771	62.00	9.00	5.90	14.02	103572.53	49802	0	StephenHawking	
1726	0:16:00	1/1/2019 	954208	813.00	66.00	24.26	14.02	103572.45	3290	0	StephenHawking	
1727	0:16:00	1/1/2019 	954578	649.00	11.00	15.06	14.02	103572.45	49802	0	StephenHawking	
1728	0:16:02	1/1/2019 	955679	777.00	38.00	21.21	14.03	103572.09	49804	0	StephenHawking	
1729	0:16:03	1/1/2019 	957051	98.00	9.00	6.54	14.03	103572.05	49803	0	StephenHawking	
1730	0:16:03	1/1/2019 	957374	143.00	9.00	7.82	14.03	103572.05	1820	0	StephenHawking	
1731	0:16:04	1/1/2019 	957857	835.00	72.00	25.10	14.04	103572.66	49802	0	StephenHawking	
1732	0:16:04	1/1/2019 	957933	728.00	18.00	17.57	14.04	103572.66	2768	1	StephenHawking	
1733	0:16:05	1/1/2019 	958947	967.00	561.00	96.51	14.04	103572.56	49803	0	StephenHawking	
1734	0:16:06	1/1/2019 	960463	645.00	10.00	14.76	14.04	103573.26	49807	0	StephenHawking	
1735	0:16:06	1/1/2019 	960568	961.00	254.00	50.70	14.04	103573.26	50650	1	StephenHawking	
1736	0:16:07	1/1/2019 	960822	151.00	9.00	8.05	14.04	103573.26	1822	0	StephenHawking	
1737	0:16:07	1/1/2019 	961023	793.00	56.00	23.07	14.04	103573.26	1822	0	StephenHawking	
1738	0:16:07	1/1/2019 	961123	677.00	11.00	15.26	14.04	103573.26	3414	0	StephenHawking	
1739	0:16:08	1/1/2019 	961932	967.00	464.00	82.58	14.05	103575.47	49803	0	StephenHawking	
1740	0:16:08	1/1/2019 	961955	949.00	149.00	39.13	14.05	103575.47	1823	0	StephenHawking	
1741	0:16:10	1/1/2019 	963866	313.00	9.00	11.27	14.06	103578.84	97787	0	StephenHawking	
1742	0:16:10	1/1/2019 	964425	158.00	9.00	8.25	14.06	103579.80	1823	0	StephenHawking	
1743	0:16:11	1/1/2019 	964841	568.00	10.00	13.75	14.06	103579.80	50771	0	StephenHawking	
1744	0:16:11	1/1/2019 	965269	693.00	12.00	15.64	14.06	103580.54	1823	0	StephenHawking	
1745	0:16:12	1/1/2019 	965797	220.00	9.00	9.74	14.06	103581.32	49803	0	StephenHawking	
1746	0:16:12	1/1/2019 	965832	131.00	9.00	7.47	14.06	103581.32	1821	0	StephenHawking	
1747	0:16:13	1/1/2019 	966988	573.00	13.00	14.21	14.07	103582.36	49803	0	StephenHawking	
1748	0:16:14	1/1/2019 	968018	452.00	10.00	12.65	14.07	103583.30	49804	0	StephenHawking	
1749	0:16:15	1/1/2019 	968874	964.00	420.00	77.20	14.07	103583.88	50780	1	StephenHawking	
1750	0:16:16	1/1/2019 	970220	525.00	9.00	13.14	14.08	103584.91	49812	0	StephenHawking	
1751	0:16:17	1/1/2019 	971099	944.00	143.00	38.14	14.08	103586.12	50696	1	StephenHawking	
1752	0:16:18	1/1/2019 	972097	908.00	103.00	30.58	14.09	103586.55	49808	0	StephenHawking	
1753	0:16:18	1/1/2019 	972185	511.00	9.00	13.02	14.09	103586.55	1823	0	StephenHawking	
1754	0:16:19	1/1/2019 	972730	593.00	9.00	13.93	14.09	103586.95	49801	0	StephenHawking	
1755	0:16:19	1/1/2019 	973323	154.00	9.00	8.13	14.09	103587.72	3338	0	StephenHawking	
1756	0:16:20	1/1/2019 	974119	117.00	9.00	7.07	14.09	103588.33	49801	0	StephenHawking	
1757	0:16:20	1/1/2019 	974620	111.00	9.00	6.89	14.10	103588.77	49803	0	StephenHawking	
1758	0:16:21	1/1/2019 	974645	234.00	9.00	10.02	14.10	103588.77	1821	0	StephenHawking	
1759	0:16:21	1/1/2019 	975127	94.00	9.00	6.44	14.10	103588.94	1821	0	StephenHawking	
1760	0:16:21	1/1/2019 	975136	972.00	597.00	104.14	14.10	103588.94	1820	0	StephenHawking	
1761	0:16:22	1/1/2019 	976143	419.00	9.00	12.33	14.10	103589.54	50794	0	StephenHawking	
1762	0:16:22	1/1/2019 	976343	638.00	10.00	14.69	14.10	103590.14	1822	0	StephenHawking	
1763	0:16:22	1/1/2019 	976470	923.00	121.00	34.12	14.10	103590.14	1822	1	StephenHawking	
1764	0:16:23	1/1/2019 	977214	458.00	9.00	12.62	14.10	103590.71	49804	0	StephenHawking	
1765	0:16:23	1/1/2019 	977605	950.00	198.00	45.23	14.10	103590.71	49805	0	StephenHawking	
1766	0:16:24	1/1/2019 	977716	449.00	9.00	12.55	14.10	103590.71	2821	0	StephenHawking	
1767	0:16:24	1/1/2019 	977956	912.00	109.00	31.76	14.10	103590.71	1822	0	StephenHawking	
1768	0:16:25	1/1/2019 	979203	907.00	107.00	31.36	14.11	103591.58	49805	1	StephenHawking	
1769	0:16:25	1/1/2019 	979479	876.00	87.00	27.55	14.11	103592.00	1823	0	StephenHawking	
1770	0:16:27	1/1/2019 	980763	109.00	9.00	6.84	14.11	103592.78	97786	0	StephenHawking	
1771	0:16:29	1/1/2019 	983320	153.00	9.00	8.11	14.12	103594.56	98716	0	StephenHawking	
1772	0:16:30	1/1/2019 	983821	947.00	158.00	40.51	14.12	103595.16	51345	0	StephenHawking	
1773	0:16:30	1/1/2019 	984422	82.00	8.00	6.17	14.12	103595.34	1823	0	StephenHawking	
1774	0:16:31	1/1/2019 	984848	132.00	9.00	7.50	14.13	103595.77	49801	0	StephenHawking	
1775	0:16:31	1/1/2019 	985194	220.00	9.00	9.74	14.13	103595.77	1821	0	StephenHawking	
1776	0:16:32	1/1/2019 	985824	906.00	106.00	31.16	14.13	103596.38	49805	1	StephenHawking	
1777	0:16:32	1/1/2019 	985886	309.00	3.00	10.97	14.13	103596.38	1831	0	StephenHawking	
1778	0:16:32	1/1/2019 	986185	613.00	10.00	14.39	14.13	103596.59	2846	0	StephenHawking	
1779	0:16:33	1/1/2019 	986911	423.00	9.00	12.37	14.13	103597.20	49802	0	StephenHawking	
1780	0:16:34	1/1/2019 	987870	599.00	9.00	14.01	14.14	103597.63	49802	0	StephenHawking	
1781	0:16:34	1/1/2019 	988023	128.00	9.00	7.39	14.14	103597.63	1821	0	StephenHawking	
1782	0:16:34	1/1/2019 	988295	675.00	11.00	15.26	14.14	103597.63	1821	0	StephenHawking	
1783	0:16:35	1/1/2019 	988873	335.00	9.00	11.54	14.14	103598.23	49802	0	StephenHawking	
1784	0:16:36	1/1/2019 	990149	605.00	10.00	14.28	14.14	103599.06	50830	0	StephenHawking	
1785	0:16:37	1/1/2019 	990751	971.00	737.00	131.93	14.14	103599.06	50609	0	StephenHawking	
1786	0:16:38	1/1/2019 	991871	757.00	27.00	19.63	14.15	103600.10	49804	0	StephenHawking	
1787	0:16:39	1/1/2019 	992929	768.00	34.00	20.71	14.15	103600.70	49803	0	StephenHawking	
1788	0:16:39	1/1/2019 	992990	825.00	69.00	24.67	14.15	103600.70	1823	0	StephenHawking	
1789	0:16:41	1/1/2019 	994853	97.00	9.00	6.52	14.16	103601.91	99243	0	StephenHawking	
1790	0:16:42	1/1/2019 	996473	892.00	91.00	28.30	14.16	103603.09	49801	1	StephenHawking	
1791	0:16:45	1/1/2019 	999209	964.00	440.00	79.76	14.17	103604.55	145765	0	StephenHawking	
1792	0:16:46	1/1/2019 	999762	808.00	64.00	24.00	14.17	103605.12	49809	1	StephenHawking	
1793	0:16:46	1/1/2019 	1000354	77.00	9.00	6.08	14.17	103605.73	2657	0	StephenHawking	
1794	0:16:47	1/1/2019 	1001400	951.00	202.00	45.62	14.18	103606.16	49801	1	StephenHawking	
1795	0:16:48	1/1/2019 	1001801	858.00	80.00	26.34	14.18	103606.77	51385	0	StephenHawking	
1796	0:16:48	1/1/2019 	1002556	126.00	9.00	7.33	14.18	103607.37	49802	0	StephenHawking	
1797	0:16:49	1/1/2019 	1002717	776.00	51.00	22.50	14.18	103607.37	1821	0	StephenHawking	
1798	0:16:49	1/1/2019 	1002946	567.00	9.00	13.60	14.18	103607.55	1823	0	StephenHawking	
1799	0:16:51	1/1/2019 	1004696	633.00	10.00	14.64	14.19	103608.72	97781	0	StephenHawking	
1800	0:16:51	1/1/2019 	1005145	958.00	259.00	51.28	14.19	103608.72	1824	1	StephenHawking	
1801	0:16:51	1/1/2019 	1005317	782.00	36.00	21.00	14.19	103609.49	2779	1	StephenHawking	
1802	0:16:52	1/1/2019 	1005804	658.00	11.00	15.15	14.19	103609.49	49803	0	StephenHawking	
1803	0:16:52	1/1/2019 	1006177	520.00	9.00	13.10	14.19	103609.67	1824	0	StephenHawking	
1804	0:16:53	1/1/2019 	1007154	869.00	84.00	27.02	14.19	103611.05	49803	0	StephenHawking	
1805	0:16:53	1/1/2019 	1007304	149.00	9.00	7.99	14.19	103611.05	1823	0	StephenHawking	
1806	0:16:53	1/1/2019 	1007374	971.00	470.00	83.26	14.19	103611.05	2783	1	StephenHawking	
1807	0:16:54	1/1/2019 	1008325	448.00	9.00	12.55	14.20	103611.66	49803	0	StephenHawking	
1808	0:16:54	1/1/2019 	1008373	338.00	9.00	11.57	14.20	103611.66	1822	0	StephenHawking	
1809	0:16:56	1/1/2019 	1009885	721.00	17.00	17.27	14.20	103613.00	97783	0	StephenHawking	
1810	0:16:56	1/1/2019 	1010258	682.00	12.00	15.60	14.20	103613.17	2697	0	StephenHawking	
1811	0:16:57	1/1/2019 	1010817	143.00	9.00	7.82	14.20	103613.61	49803	0	StephenHawking	
1812	0:16:57	1/1/2019 	1010875	876.00	83.00	26.87	14.20	103613.61	3329	0	StephenHawking	
1813	0:16:57	1/1/2019 	1011038	447.00	9.00	12.54	14.20	103613.61	1821	0	StephenHawking	
1814	0:16:57	1/1/2019 	1011381	952.00	160.00	40.80	14.21	103614.21	1821	0	StephenHawking	
1815	0:16:59	1/1/2019 	1012755	394.00	9.00	12.13	14.21	103614.81	97783	0	StephenHawking	
1816	0:16:59	1/1/2019 	1013039	710.00	15.00	16.64	14.21	103614.81	1822	0	StephenHawking	
1817	0:17:02	1/1/2019 	1016239	948.00	219.00	47.19	14.22	103617.06	145765	0	StephenHawking	
1818	0:17:02	1/1/2019 	1016281	648.00	10.00	14.79	14.22	103617.06	2808	0	StephenHawking	
1819	0:17:03	1/1/2019 	1016980	669.00	11.00	15.22	14.22	103617.49	49804	0	StephenHawking	
1820	0:17:06	1/1/2019 	1020201	917.00	118.00	33.53	14.23	103619.27	145767	1	StephenHawking	
1821	0:17:07	1/1/2019 	1021337	126.00	9.00	7.33	14.23	103619.88	50713	0	StephenHawking	
1822	0:17:08	1/1/2019 	1022105	973.00	763.00	136.01	14.23	103620.48	49806	1	StephenHawking	
1823	0:17:08	1/1/2019 	1022386	954.00	209.00	46.27	14.24	103621.08	3451	0	StephenHawking	
1824	0:17:08	1/1/2019 	1022601	128.00	9.00	7.39	14.24	103621.08	49803	0	StephenHawking	
1825	0:17:09	1/1/2019 	1023179	654.00	11.00	15.11	14.24	103621.69	1822	0	StephenHawking	
1826	0:17:09	1/1/2019 	1023348	964.00	320.00	60.46	14.24	103621.69	1823	0	StephenHawking	
1827	0:17:09	1/1/2019 	1023449	597.00	9.00	13.99	14.24	103621.69	1822	0	StephenHawking	
1828	0:17:10	1/1/2019 	1023960	73.00	8.00	6.02	14.24	103621.69	49801	0	StephenHawking	
1829	0:17:11	1/1/2019 	1024979	199.00	9.00	9.29	14.24	103622.43	50805	0	StephenHawking	
1830	0:17:11	1/1/2019 	1025137	964.00	322.00	60.81	14.24	103622.43	1822	1	StephenHawking	
1831	0:17:11	1/1/2019 	1025419	944.00	140.00	37.63	14.24	103622.86	1823	0	StephenHawking	
1832	0:17:12	1/1/2019 	1026284	554.00	9.00	13.45	14.24	103623.03	49803	0	StephenHawking	
1833	0:17:12	1/1/2019 	1026297	120.00	9.00	7.15	14.24	103623.03	1821	0	StephenHawking	
1834	0:17:13	1/1/2019 	1026951	161.00	9.00	8.33	14.25	103623.64	49800	0	StephenHawking	
1835	0:17:14	1/1/2019 	1027831	792.00	58.00	23.27	14.25	103624.24	50810	1	StephenHawking	
1836	0:17:14	1/1/2019 	1028381	942.00	131.00	36.02	14.25	103624.84	1825	0	StephenHawking	
1837	0:17:15	1/1/2019 	1029457	717.00	17.00	17.25	14.26	103626.02	49802	0	StephenHawking	
1838	0:17:16	1/1/2019 	1030327	961.00	336.00	63.33	14.26	103626.62	49808	1	StephenHawking	
1839	0:17:17	1/1/2019 	1030908	861.00	81.00	26.50	14.26	103626.62	50761	0	StephenHawking	
1840	0:17:18	1/1/2019 	1032098	248.00	9.00	10.28	14.26	103627.66	51357	0	StephenHawking	
1841	0:17:18	1/1/2019 	1032298	80.00	9.00	6.14	14.26	103627.66	1823	0	StephenHawking	
1842	0:17:18	1/1/2019 	1032359	185.00	9.00	8.95	14.26	103627.66	1820	0	StephenHawking	
1843	0:17:20	1/1/2019 	1033743	95.00	9.00	6.47	14.27	103628.49	97777	0	StephenHawking	
1844	0:17:20	1/1/2019 	1034616	114.00	9.00	6.98	14.27	103629.09	49799	0	StephenHawking	
1845	0:17:22	1/1/2019 	1035748	280.00	9.00	10.80	14.27	103629.88	49801	0	StephenHawking	
1846	0:17:22	1/1/2019 	1036164	452.00	9.00	12.57	14.27	103630.05	2858	0	StephenHawking	
1847	0:17:22	1/1/2019 	1036224	965.00	289.00	55.33	14.27	103630.05	1822	0	StephenHawking	
1848	0:17:23	1/1/2019 	1037230	214.00	9.00	9.62	14.28	103630.48	49801	0	StephenHawking	
1849	0:17:25	1/1/2019 	1038691	545.00	9.00	13.35	14.28	103631.83	97779	0	StephenHawking	
1850	0:17:26	1/1/2019 	1039645	961.00	244.00	49.61	14.28	103632.26	49804	0	StephenHawking	
1851	0:17:26	1/1/2019 	1039701	676.00	12.00	15.57	14.29	103632.86	2636	0	StephenHawking	
1852	0:17:26	1/1/2019 	1039986	683.00	12.00	15.61	14.29	103632.86	3303	0	StephenHawking	
1853	0:17:26	1/1/2019 	1040202	952.00	215.00	46.82	14.29	103632.86	1822	0	StephenHawking	
1854	0:17:26	1/1/2019 	1040382	286.00	9.00	10.89	14.29	103632.86	1823	0	StephenHawking	
1855	0:17:26	1/1/2019 	1040425	728.00	18.00	17.57	14.29	103632.86	1822	0	StephenHawking	
1856	0:17:27	1/1/2019 	1041282	355.00	9.00	11.76	14.29	103633.30	49803	0	StephenHawking	
1857	0:17:27	1/1/2019 	1041439	839.00	71.00	24.97	14.29	103633.30	1822	0	StephenHawking	
1858	0:17:28	1/1/2019 	1041768	153.00	9.00	8.11	14.29	103633.90	50717	0	StephenHawking	
1859	0:17:28	1/1/2019 	1042119	353.00	9.00	11.74	14.29	103634.07	1822	0	StephenHawking	
1860	0:17:28	1/1/2019 	1042399	785.00	45.00	21.96	14.29	103634.07	1822	0	StephenHawking	
1861	0:17:28	1/1/2019 	1042481	200.00	9.00	9.31	14.29	103634.07	1822	0	StephenHawking	
1862	0:17:29	1/1/2019 	1043568	915.00	117.00	33.33	14.29	103634.50	97780	0	StephenHawking	
1863	0:17:30	1/1/2019 	1043661	96.00	9.00	6.49	14.29	103634.50	2772	0	StephenHawking	
1864	0:17:30	1/1/2019 	1044245	77.00	9.00	6.08	14.30	103635.07	1821	0	StephenHawking	
1865	0:17:30	1/1/2019 	1044463	328.00	7.00	11.37	14.30	103635.07	1820	0	StephenHawking	
1866	0:17:31	1/1/2019 	1044730	247.00	9.00	10.26	14.30	103635.50	49800	0	StephenHawking	
1867	0:17:31	1/1/2019 	1044824	81.00	9.00	6.16	14.30	103635.50	1822	0	StephenHawking	
1868	0:17:31	1/1/2019 	1045442	962.00	310.00	58.73	14.30	103636.28	1822	1	StephenHawking	
1869	0:17:32	1/1/2019 	1045819	461.00	9.00	12.64	14.30	103636.11	50758	0	StephenHawking	
1870	0:17:32	1/1/2019 	1046037	933.00	125.00	34.89	14.30	103636.11	1823	0	StephenHawking	
1871	0:17:32	1/1/2019 	1046453	962.00	248.00	50.03	14.30	103636.54	1824	1	StephenHawking	
1872	0:17:32	1/1/2019 	1046598	675.00	12.00	15.56	14.30	103636.54	49803	0	StephenHawking	
1873	0:17:33	1/1/2019 	1046717	946.00	188.00	44.22	14.30	103636.54	1822	0	StephenHawking	
1874	0:17:33	1/1/2019 	1047368	977.00	556.00	95.58	14.31	103637.14	1824	0	StephenHawking	
1875	0:17:33	1/1/2019 	1047599	425.00	9.00	12.38	14.31	103637.72	50761	0	StephenHawking	
1876	0:17:34	1/1/2019 	1048215	882.00	91.00	28.27	14.31	103637.72	1822	0	StephenHawking	
1877	0:17:35	1/1/2019 	1048681	205.00	9.00	9.42	14.31	103637.72	49802	0	StephenHawking	
1878	0:17:35	1/1/2019 	1049234	797.00	63.00	23.85	14.31	103638.31	1823	0	StephenHawking	
1879	0:17:35	1/1/2019 	1049438	628.00	9.00	14.35	14.31	103638.31	1823	0	StephenHawking	
1880	0:17:37	1/1/2019 	1050670	786.00	48.00	22.25	14.32	103639.18	98746	0	StephenHawking	
1881	0:17:37	1/1/2019 	1051140	973.00	726.00	130.78	14.32	103639.18	2707	1	StephenHawking	
1882	0:17:38	1/1/2019 	1051679	536.00	9.00	13.25	14.32	103639.00	49801	0	StephenHawking	
1883	0:17:39	1/1/2019 	1052724	712.00	16.00	16.95	14.32	103640.22	49803	0	StephenHawking	
1884	0:17:39	1/1/2019 	1052744	348.00	9.00	11.69	14.32	103640.22	1823	0	StephenHawking	
1885	0:17:39	1/1/2019 	1053258	146.00	9.00	7.91	14.32	103640.22	1820	0	StephenHawking	
1886	0:17:41	1/1/2019 	1055401	713.00	15.00	16.66	14.33	103641.99	99294	0	StephenHawking	
1887	0:17:42	1/1/2019 	1055694	724.00	12.00	15.65	14.33	103641.99	49803	0	StephenHawking	
1888	0:17:42	1/1/2019 	1056372	457.00	9.00	12.61	14.33	103642.59	1824	0	StephenHawking	
1889	0:17:43	1/1/2019 	1057362	565.00	9.00	13.58	14.33	103643.20	49801	0	StephenHawking	
1890	0:17:43	1/1/2019 	1057573	127.00	9.00	7.36	14.33	103643.20	49799	0	StephenHawking	
1891	0:17:44	1/1/2019 	1057721	399.00	9.00	12.18	14.33	103643.20	1821	0	StephenHawking	
1892	0:17:44	1/1/2019 	1058134	260.00	9.00	10.48	14.34	103643.95	2813	0	StephenHawking	
1893	0:17:44	1/1/2019 	1058272	530.00	9.00	13.19	14.34	103643.95	1822	0	StephenHawking	
1894	0:17:45	1/1/2019 	1059312	178.00	9.00	8.78	14.34	103644.73	49800	0	StephenHawking	
1895	0:17:45	1/1/2019 	1059342	773.00	32.00	20.46	14.34	103644.73	1823	0	StephenHawking	
1896	0:17:46	1/1/2019 	1059974	680.00	12.00	15.59	14.34	103644.73	49802	0	StephenHawking	
1897	0:17:46	1/1/2019 	1060078	94.00	9.00	6.44	14.34	103644.73	2740	0	StephenHawking	
1898	0:17:46	1/1/2019 	1060385	947.00	169.00	42.02	14.34	103645.16	3358	1	StephenHawking	
1899	0:17:46	1/1/2019 	1060560	583.00	9.00	13.81	14.34	103645.16	49801	0	StephenHawking	
1900	0:17:46	1/1/2019 	1060617	720.00	17.00	17.26	14.34	103645.16	1822	0	StephenHawking	
1901	0:17:47	1/1/2019 	1061606	617.00	10.00	14.44	14.35	103646.19	49800	0	StephenHawking	
1902	0:17:48	1/1/2019 	1062072	671.00	12.00	15.53	14.35	103646.37	1824	0	StephenHawking	
1903	0:17:48	1/1/2019 	1062253	720.00	16.00	16.98	14.35	103646.37	2835	0	StephenHawking	
1904	0:17:48	1/1/2019 	1062645	795.00	59.00	23.39	14.35	103646.80	49803	0	StephenHawking	
1905	0:17:51	1/1/2019 	1064937	441.00	10.00	12.57	14.35	103647.54	97782	0	StephenHawking	
1906	0:17:51	1/1/2019 	1065372	67.00	9.00	5.94	14.35	103647.97	1822	0	StephenHawking	
1907	0:17:51	1/1/2019 	1065493	848.00	72.00	25.13	14.35	103647.97	1821	0	StephenHawking	
1908	0:17:54	1/1/2019 	1068164	700.00	14.00	16.30	14.36	103649.78	145760	0	StephenHawking	
1909	0:17:54	1/1/2019 	1068469	820.00	66.00	24.27	14.36	103649.78	2841	1	StephenHawking	
1910	0:17:55	1/1/2019 	1068878	756.00	28.00	19.80	14.36	103650.36	49803	0	StephenHawking	
1911	0:17:56	1/1/2019 	1070296	878.00	89.00	27.90	14.37	103650.96	49804	1	StephenHawking	
1912	0:17:56	1/1/2019 	1070345	278.00	9.00	10.77	14.37	103650.96	2626	0	StephenHawking	
1913	0:17:56	1/1/2019 	1070393	914.00	112.00	32.35	14.37	103650.96	1822	1	StephenHawking	
1914	0:17:56	1/1/2019 	1070561	958.00	213.00	46.64	14.37	103651.56	49803	1	StephenHawking	
1915	0:17:57	1/1/2019 	1071009	63.00	9.00	5.91	14.37	103651.56	3284	0	StephenHawking	
1916	0:17:58	1/1/2019 	1071899	793.00	60.00	23.49	14.37	103652.34	49801	0	StephenHawking	
1917	0:17:58	1/1/2019 	1072447	210.00	9.00	9.53	14.37	103652.77	1822	0	StephenHawking	
1918	0:18:00	1/1/2019 	1073990	669.00	11.00	15.22	14.38	103653.20	97781	0	StephenHawking	
1919	0:18:00	1/1/2019 	1074387	834.00	73.00	25.23	14.38	103653.77	1825	0	StephenHawking	
1920	0:18:01	1/1/2019 	1074686	734.00	20.00	18.10	14.38	103653.77	50744	0	StephenHawking	
1921	0:18:01	1/1/2019 	1075565	615.00	10.00	14.41	14.38	103654.81	49805	0	StephenHawking	
1922	0:18:02	1/1/2019 	1076359	114.00	9.00	6.98	14.38	103654.98	1822	0	StephenHawking	
1923	0:18:03	1/1/2019 	1076957	293.00	9.00	10.99	14.39	103655.59	49802	0	StephenHawking	
1924	0:18:03	1/1/2019 	1077193	650.00	9.00	14.52	14.39	103656.20	1823	0	StephenHawking	
1925	0:18:04	1/1/2019 	1077939	493.00	9.00	12.87	14.39	103656.37	49803	0	StephenHawking	
1926	0:18:05	1/1/2019 	1078945	953.00	243.00	49.50	14.39	103657.54	50748	0	StephenHawking	
1927	0:18:06	1/1/2019 	1080447	651.00	10.00	14.81	14.40	103658.32	49805	0	StephenHawking	
1928	0:18:08	1/1/2019 	1081979	372.00	9.00	11.93	14.40	103659.36	98626	0	StephenHawking	
1929	0:18:08	1/1/2019 	1082446	840.00	73.00	25.25	14.40	103659.36	1823	0	StephenHawking	
1930	0:18:09	1/1/2019 	1082931	666.00	11.00	15.21	14.40	103659.96	49803	0	StephenHawking	
1931	0:18:09	1/1/2019 	1082983	593.00	10.00	14.10	14.40	103659.96	1825	0	StephenHawking	
1932	0:18:09	1/1/2019 	1083470	624.00	10.00	14.53	14.41	103660.53	3314	0	StephenHawking	
1933	0:18:10	1/1/2019 	1083858	368.00	9.00	11.89	14.41	103660.36	49803	0	StephenHawking	
1934	0:18:10	1/1/2019 	1084042	386.00	9.00	12.06	14.41	103660.36	1822	0	StephenHawking	
1935	0:18:10	1/1/2019 	1084060	647.00	10.00	14.78	14.41	103660.36	1822	0	StephenHawking	
1936	0:18:11	1/1/2019 	1084873	959.00	270.00	52.65	14.41	103660.96	49802	0	StephenHawking	
1937	0:18:11	1/1/2019 	1085017	893.00	95.00	29.03	14.41	103660.96	2790	1	StephenHawking	
1938	0:18:11	1/1/2019 	1085135	66.00	9.00	5.93	14.41	103660.96	1821	0	StephenHawking	
1939	0:18:11	1/1/2019 	1085246	919.00	111.00	32.16	14.41	103660.96	1821	1	StephenHawking	
1940	0:18:11	1/1/2019 	1085316	321.00	9.00	11.37	14.41	103660.96	1823	0	StephenHawking	
1941	0:18:12	1/1/2019 	1085652	333.00	9.00	11.51	14.41	103661.39	49803	0	StephenHawking	
1942	0:18:13	1/1/2019 	1086866	89.00	9.00	6.32	14.41	103662.00	49804	0	StephenHawking	
1943	0:18:14	1/1/2019 	1087767	694.00	12.00	15.64	14.42	103662.42	50774	0	StephenHawking	
1944	0:18:14	1/1/2019 	1087972	953.00	207.00	46.09	14.42	103662.59	1823	1	StephenHawking	
1945	0:18:15	1/1/2019 	1089325	960.00	342.00	64.42	14.42	103662.83	49805	1	StephenHawking	
1946	0:18:16	1/1/2019 	1089851	146.00	9.00	7.91	14.42	103663.43	49804	0	StephenHawking	
1947	0:18:17	1/1/2019 	1090696	111.00	9.00	6.89	14.42	103663.86	50690	0	StephenHawking	
1948	0:18:17	1/1/2019 	1091069	950.00	180.00	43.35	14.43	103664.47	1823	0	StephenHawking	
1949	0:18:18	1/1/2019 	1091720	892.00	94.00	28.84	14.43	103664.64	51318	0	StephenHawking	
1950	0:18:18	1/1/2019 	1091805	404.00	11.00	12.33	14.43	103664.64	1823	0	StephenHawking	
1951	0:18:18	1/1/2019 	1091851	351.00	9.00	11.72	14.43	103664.64	1822	0	StephenHawking	
1952	0:18:18	1/1/2019 	1091858	136.00	9.00	7.62	14.43	103664.64	1822	0	StephenHawking	
1953	0:18:18	1/1/2019 	1092189	391.00	9.00	12.11	14.43	103665.24	1821	0	StephenHawking	
1954	0:18:19	1/1/2019 	1093492	644.00	10.00	14.75	14.43	103665.84	50794	0	StephenHawking	
1955	0:18:21	1/1/2019 	1095404	834.00	76.00	25.66	14.44	103666.50	97782	0	StephenHawking	
1956	0:18:23	1/1/2019 	1096986	598.00	10.00	14.18	14.44	103666.76	97783	0	StephenHawking	
1957	0:18:23	1/1/2019 	1097448	957.00	266.00	52.14	14.44	103667.19	1824	1	StephenHawking	
1958	0:18:24	1/1/2019 	1098576	772.00	37.00	21.08	14.44	103667.80	97781	0	StephenHawking	
1959	0:18:25	1/1/2019 	1098727	940.00	133.00	36.38	14.44	103667.80	1824	0	StephenHawking	
1960	0:18:25	1/1/2019 	1098789	159.00	8.00	8.27	14.44	103667.80	2822	0	StephenHawking	
1961	0:18:25	1/1/2019 	1098916	546.00	9.00	13.36	14.44	103667.97	1821	0	StephenHawking	
1962	0:18:25	1/1/2019 	1099163	165.00	9.00	8.44	14.44	103667.97	1822	0	StephenHawking	
1963	0:18:25	1/1/2019 	1099588	108.00	9.00	6.81	14.45	103668.55	49801	0	StephenHawking	
1964	0:18:26	1/1/2019 	1099918	840.00	74.00	25.39	14.45	103668.55	2753	0	StephenHawking	
1965	0:18:26	1/1/2019 	1099962	666.00	11.00	15.21	14.45	103668.55	1823	0	StephenHawking	
1966	0:18:26	1/1/2019 	1100260	126.00	9.00	7.33	14.45	103669.14	3364	0	StephenHawking	
1967	0:18:26	1/1/2019 	1100435	112.00	9.00	6.92	14.45	103669.14	1820	0	StephenHawking	
1968	0:18:27	1/1/2019 	1101012	968.00	428.00	78.25	14.45	103669.58	49803	1	StephenHawking	
1969	0:18:27	1/1/2019 	1101113	841.00	72.00	25.11	14.45	103669.58	1824	0	StephenHawking	
1970	0:18:27	1/1/2019 	1101597	932.00	125.00	34.89	14.45	103669.58	49803	1	StephenHawking	
1971	0:18:28	1/1/2019 	1101780	294.00	9.00	11.01	14.45	103669.58	2842	0	StephenHawking	
1972	0:18:28	1/1/2019 	1102483	645.00	11.00	15.02	14.45	103670.00	1823	0	StephenHawking	
1973	0:18:29	1/1/2019 	1102771	399.00	9.00	12.18	14.45	103670.00	49804	0	StephenHawking	
1974	0:18:29	1/1/2019 	1103121	106.00	9.00	6.76	14.46	103670.44	1822	0	StephenHawking	
1975	0:18:29	1/1/2019 	1103325	785.00	47.00	22.15	14.46	103670.44	1821	0	StephenHawking	
1976	0:18:29	1/1/2019 	1103635	82.00	9.00	6.18	14.46	103670.44	49801	0	StephenHawking	
1977	0:18:30	1/1/2019 	1103779	972.00	705.00	127.17	14.46	103670.44	2948	1	StephenHawking	
1978	0:18:30	1/1/2019 	1103819	265.00	9.00	10.57	14.46	103670.44	1823	0	StephenHawking	
1979	0:18:30	1/1/2019 	1103977	916.00	111.00	32.16	14.46	103670.44	1821	0	StephenHawking	
1980	0:18:30	1/1/2019 	1104093	640.00	10.00	14.71	14.46	103670.44	1823	0	StephenHawking	
1981	0:18:30	1/1/2019 	1104345	651.00	10.00	14.81	14.46	103670.87	1822	0	StephenHawking	
1982	0:18:31	1/1/2019 	1104840	141.00	9.00	7.76	14.46	103670.87	49801	0	StephenHawking	
1983	0:18:31	1/1/2019 	1104960	785.00	55.00	22.94	14.46	103670.87	2853	0	StephenHawking	
1984	0:18:31	1/1/2019 	1105411	117.00	9.00	7.07	14.46	103670.87	1823	0	StephenHawking	
1985	0:18:32	1/1/2019 	1106144	974.00	689.00	124.36	14.46	103671.70	49801	1	StephenHawking	
1986	0:18:33	1/1/2019 	1106768	383.00	9.00	12.04	14.46	103671.70	49805	0	StephenHawking	
1987	0:18:33	1/1/2019 	1106793	864.00	81.00	26.51	14.46	103671.70	1823	0	StephenHawking	
1988	0:18:33	1/1/2019 	1107121	917.00	115.00	32.94	14.46	103671.70	1824	0	StephenHawking	
1989	0:18:34	1/1/2019 	1107779	507.00	13.00	13.33	14.47	103672.30	53040	0	StephenHawking	
1990	0:18:34	1/1/2019 	1108015	146.00	9.00	7.91	14.47	103672.91	1823	0	StephenHawking	
1991	0:18:35	1/1/2019 	1109286	877.00	88.00	27.72	14.47	103673.68	49801	0	StephenHawking	
1992	0:18:37	1/1/2019 	1111259	958.00	338.00	63.70	14.48	103675.20	97786	1	StephenHawking	
1993	0:18:38	1/1/2019 	1112136	716.00	16.00	16.96	14.48	103675.81	50625	0	StephenHawking	
1994	0:18:39	1/1/2019 	1113059	940.00	141.00	37.80	14.48	103676.41	51277	1	StephenHawking	
1995	0:18:41	1/1/2019 	1115601	109.00	9.00	6.84	14.49	103678.38	145767	0	StephenHawking	
1996	0:18:42	1/1/2019 	1115945	786.00	56.00	23.04	14.49	103678.80	1827	0	StephenHawking	
1997	0:18:42	1/1/2019 	1116332	817.00	66.00	24.27	14.49	103678.97	1823	0	StephenHawking	
1998	0:18:43	1/1/2019 	1116693	121.00	9.00	7.18	14.49	103678.97	49803	0	StephenHawking	
1999	0:18:44	1/1/2019 	1118084	179.00	9.00	8.80	14.50	103680.02	49803	0	StephenHawking	
2000	0:18:44	1/1/2019 	1118273	295.00	9.00	11.02	14.50	103680.02	2772	0	StephenHawking	
2001	0:18:44	1/1/2019 	1118387	879.00	88.00	27.73	14.50	103680.02	1821	0	StephenHawking	
2002	0:18:44	1/1/2019 	1118574	413.00	9.00	12.29	14.50	103680.02	49802	0	StephenHawking	
2003	0:18:45	1/1/2019 	1118973	77.00	9.00	6.08	14.50	103680.61	1821	0	StephenHawking	
2004	0:18:45	1/1/2019 	1119321	969.00	341.00	64.24	14.50	103680.61	1823	0	StephenHawking	
2005	0:18:46	1/1/2019 	1119666	75.00	9.00	6.05	14.50	103681.19	49803	0	StephenHawking	
2006	0:18:46	1/1/2019 	1120633	188.00	9.00	9.03	14.50	103681.44	52140	0	StephenHawking	
2007	0:18:47	1/1/2019 	1121033	940.00	152.00	39.60	14.50	103681.44	1821	1	StephenHawking	
2008	0:18:47	1/1/2019 	1121361	169.00	9.00	8.54	14.51	103681.88	1826	0	StephenHawking	
2009	0:18:47	1/1/2019 	1121444	79.00	9.00	6.12	14.51	103681.88	1828	0	StephenHawking	
2010	0:18:49	1/1/2019 	1122675	813.00	67.00	24.38	14.51	103682.66	97786	0	StephenHawking	
2011	0:18:49	1/1/2019 	1122704	897.00	95.00	29.04	14.51	103682.66	2796	0	StephenHawking	
2012	0:18:49	1/1/2019 	1122913	99.00	9.00	6.57	14.51	103682.66	1822	0	StephenHawking	
2013	0:18:49	1/1/2019 	1123321	118.00	4.00	7.08	14.51	103683.25	1819	0	StephenHawking	
2014	0:18:50	1/1/2019 	1124479	791.00	52.00	22.66	14.51	103683.86	49801	1	StephenHawking	
2015	0:18:50	1/1/2019 	1124492	713.00	15.00	16.66	14.51	103683.86	1824	0	StephenHawking	
2016	0:18:51	1/1/2019 	1125083	529.00	9.00	13.18	14.52	103684.61	49802	0	StephenHawking	
2017	0:18:51	1/1/2019 	1125640	977.00	805.00	143.59	14.52	103685.21	50781	0	StephenHawking	
2018	0:18:53	1/1/2019 	1126854	306.00	9.00	11.17	14.52	103685.98	49802	0	StephenHawking	
2019	0:18:53	1/1/2019 	1126950	784.00	54.00	22.83	14.52	103685.98	1824	0	StephenHawking	
2020	0:18:53	1/1/2019 	1127392	365.00	9.00	11.86	14.52	103686.59	1823	0	StephenHawking	
2021	0:18:54	1/1/2019 	1127737	957.00	269.00	52.52	14.52	103686.59	49802	0	StephenHawking	
2022	0:18:54	1/1/2019 	1128017	677.00	11.00	15.26	14.53	103687.20	1824	0	StephenHawking	
2023	0:18:54	1/1/2019 	1128140	114.00	9.00	6.98	14.53	103687.20	2805	0	StephenHawking	
2024	0:18:55	1/1/2019 	1128884	254.00	9.00	10.38	14.53	103687.20	49802	0	StephenHawking	
2025	0:18:55	1/1/2019 	1128937	121.00	9.00	7.18	14.53	103687.20	1822	0	StephenHawking	
2026	0:18:55	1/1/2019 	1129026	964.00	339.00	63.88	14.53	103687.77	1821	1	StephenHawking	
2027	0:18:55	1/1/2019 	1129280	922.00	122.00	34.31	14.53	103687.77	1823	1	StephenHawking	
2028	0:18:56	1/1/2019 	1129801	754.00	26.00	19.45	14.52	103687.11	50790	0	StephenHawking	
2029	0:18:56	1/1/2019 	1130294	948.00	166.00	41.62	14.53	103687.55	2740	0	StephenHawking	
2030	0:18:57	1/1/2019 	1130788	946.00	201.00	45.52	14.53	103687.55	49804	1	StephenHawking	
2031	0:18:57	1/1/2019 	1131022	236.00	9.00	10.06	14.53	103688.12	1823	0	StephenHawking	
2032	0:18:57	1/1/2019 	1131247	784.00	43.00	21.76	14.53	103688.12	1822	0	StephenHawking	
2033	0:18:58	1/1/2019 	1132589	512.00	9.00	13.03	14.53	103688.80	97782	0	StephenHawking	
2034	0:19:00	1/1/2019 	1133975	701.00	14.00	16.31	14.54	103689.66	51301	0	StephenHawking	
2035	0:19:01	1/1/2019 	1134975	620.00	10.00	14.48	14.54	103690.27	49803	0	StephenHawking	
2036	0:19:02	1/1/2019 	1136246	228.00	9.00	9.90	14.55	103691.45	49804	0	StephenHawking	
2037	0:19:03	1/1/2019 	1136960	830.00	72.00	25.08	14.55	103691.62	49806	0	StephenHawking	
2038	0:19:04	1/1/2019 	1137828	107.00	9.00	6.78	14.55	103692.22	49809	0	StephenHawking	
2039	0:19:04	1/1/2019 	1138141	576.00	10.00	13.86	14.55	103692.66	1823	0	StephenHawking	
2040	0:19:05	1/1/2019 	1139215	136.00	9.00	7.62	14.55	103692.66	50785	0	StephenHawking	
2041	0:19:05	1/1/2019 	1139229	959.00	261.00	51.52	14.55	103692.66	1823	1	StephenHawking	
2042	0:19:05	1/1/2019 	1139584	735.00	21.00	18.34	14.55	103693.27	49805	0	StephenHawking	
2043	0:19:06	1/1/2019 	1139684	963.00	373.00	69.96	14.55	103693.27	2768	0	StephenHawking	
2044	0:19:06	1/1/2019 	1139749	90.00	9.00	6.35	14.55	103693.27	1823	0	StephenHawking	
2045	0:19:07	1/1/2019 	1141248	948.00	211.00	46.46	14.56	103694.09	49802	1	StephenHawking	
2046	0:19:07	1/1/2019 	1141583	739.00	21.00	18.36	14.56	103694.09	51355	0	StephenHawking	
2047	0:19:09	1/1/2019 	1143298	281.00	9.00	10.82	14.56	103695.12	49805	0	StephenHawking	
2048	0:19:09	1/1/2019 	1143484	213.00	9.00	9.60	14.56	103695.12	1829	0	StephenHawking	
2049	0:19:10	1/1/2019 	1143976	419.00	9.00	12.33	14.56	103695.12	49808	0	StephenHawking	
2050	0:19:10	1/1/2019 	1144054	180.00	9.00	8.83	14.56	103695.12	1829	0	StephenHawking	
2051	0:19:13	1/1/2019 	1147408	88.00	9.00	6.30	14.57	103697.34	146794	0	StephenHawking	
2052	0:19:16	1/1/2019 	1149888	925.00	123.00	34.50	14.58	103698.02	145760	1	StephenHawking	
2053	0:19:17	1/1/2019 	1150910	90.00	9.00	6.35	14.58	103698.45	50610	0	StephenHawking	
2054	0:19:17	1/1/2019 	1150941	684.00	12.00	15.61	14.58	103698.45	1822	0	StephenHawking	
2055	0:19:17	1/1/2019 	1150974	366.00	9.00	11.87	14.58	103698.45	1823	0	StephenHawking	
2056	0:19:17	1/1/2019 	1151482	662.00	11.00	15.18	14.58	103698.85	1822	0	StephenHawking	
2057	0:19:18	1/1/2019 	1152199	739.00	21.00	18.36	14.59	103699.11	51268	0	StephenHawking	
2058	0:19:20	1/1/2019 	1153672	128.00	9.00	7.39	14.59	103699.55	97781	0	StephenHawking	
2059	0:19:20	1/1/2019 	1154242	139.00	9.00	7.71	14.59	103699.80	1821	0	StephenHawking	
2060	0:19:21	1/1/2019 	1154741	779.00	49.00	22.32	14.59	103699.80	49799	0	StephenHawking	
2061	0:19:21	1/1/2019 	1154990	963.00	312.00	59.07	14.59	103700.23	1824	1	StephenHawking	
2062	0:19:21	1/1/2019 	1155362	251.00	9.00	10.33	14.59	103700.23	1823	0	StephenHawking	
2063	0:19:22	1/1/2019 	1155981	772.00	33.00	20.59	14.60	103700.66	50745	0	StephenHawking	
2064	0:19:22	1/1/2019 	1156621	70.00	9.00	5.98	14.60	103701.23	49801	0	StephenHawking	
2065	0:19:23	1/1/2019 	1156870	289.00	9.00	10.94	14.60	103701.41	1821	0	StephenHawking	
2066	0:19:23	1/1/2019 	1157424	972.00	424.00	77.73	14.60	103702.01	1823	0	StephenHawking	
2067	0:19:24	1/1/2019 	1157784	123.00	9.00	7.24	14.60	103702.01	49801	0	StephenHawking	
2068	0:19:24	1/1/2019 	1157966	132.00	9.00	7.50	14.60	103702.61	2772	0	StephenHawking	
2069	0:19:25	1/1/2019 	1158941	730.00	19.00	17.84	14.60	103702.44	49801	0	StephenHawking	
2070	0:19:25	1/1/2019 	1159167	957.00	262.00	51.64	14.61	103703.05	1824	1	StephenHawking	
2071	0:19:25	1/1/2019 	1159440	869.00	86.00	27.35	14.61	103703.05	1823	0	StephenHawking	
2072	0:19:26	1/1/2019 	1160485	100.00	9.00	6.60	14.61	103703.82	49802	0	StephenHawking	
2073	0:19:27	1/1/2019 	1161497	129.00	9.00	7.41	14.61	103704.39	50653	0	StephenHawking	
2074	0:19:30	1/1/2019 	1163884	621.00	9.00	14.28	14.62	103705.95	147253	0	StephenHawking	
2075	0:19:31	1/1/2019 	1165497	958.00	312.00	59.07	14.62	103707.33	49803	0	StephenHawking	
2076	0:19:32	1/1/2019 	1166310	687.00	12.00	15.62	14.62	103707.77	49802	0	StephenHawking	
2077	0:19:33	1/1/2019 	1166904	209.00	9.00	9.51	14.63	103708.16	49799	0	StephenHawking	
2078	0:19:33	1/1/2019 	1166964	940.00	128.00	35.46	14.63	103708.16	1823	0	StephenHawking	
2079	0:19:33	1/1/2019 	1167026	189.00	9.00	9.05	14.63	103708.16	1822	0	StephenHawking	
2080	0:19:34	1/1/2019 	1168197	437.00	9.00	12.47	14.63	103709.20	50770	0	StephenHawking	
2081	0:19:35	1/1/2019 	1169293	80.00	9.00	6.14	14.63	103709.02	49801	0	StephenHawking	
2082	0:19:35	1/1/2019 	1169439	936.00	128.00	35.46	14.63	103709.45	1823	1	StephenHawking	
2083	0:19:35	1/1/2019 	1169640	333.00	9.00	11.51	14.63	103709.45	49802	0	StephenHawking	
2084	0:19:36	1/1/2019 	1170014	140.00	9.00	7.74	14.64	103709.89	2709	0	StephenHawking	
2085	0:19:36	1/1/2019 	1170570	577.00	9.00	13.73	14.64	103709.89	51316	0	StephenHawking	
2086	0:19:41	1/1/2019 	1174826	131.00	8.00	7.47	14.65	103712.18	193733	0	StephenHawking	
2087	0:19:41	1/1/2019 	1174845	128.00	9.00	7.39	14.65	103712.18	1823	0	StephenHawking	
2088	0:19:42	1/1/2019 	1176013	205.00	9.00	9.42	14.65	103712.35	49800	0	StephenHawking	
2089	0:19:42	1/1/2019 	1176162	918.00	111.00	32.16	14.65	103712.78	1823	1	StephenHawking	
2090	0:19:42	1/1/2019 	1176618	388.00	9.00	12.08	14.65	103712.78	49799	0	StephenHawking	
2091	0:19:43	1/1/2019 	1177107	786.00	45.00	21.96	14.65	103713.36	2815	0	StephenHawking	
2092	0:19:43	1/1/2019 	1177386	81.00	9.00	6.16	14.65	103713.36	1822	0	StephenHawking	
2093	0:19:44	1/1/2019 	1178158	957.00	335.00	63.15	14.66	103713.96	49799	1	StephenHawking	
2094	0:19:44	1/1/2019 	1178357	526.00	9.00	13.15	14.66	103713.96	1823	0	StephenHawking	
2095	0:19:45	1/1/2019 	1179117	851.00	77.00	25.86	14.66	103714.56	49799	0	StephenHawking	
2096	0:19:45	1/1/2019 	1179636	956.00	243.00	49.50	14.66	103714.56	49802	0	StephenHawking	
2097	0:19:46	1/1/2019 	1179942	939.00	137.00	37.10	14.66	103715.00	4157	0	StephenHawking	
2098	0:19:46	1/1/2019 	1179945	345.00	9.00	11.65	14.66	103715.00	1824	0	StephenHawking	
2099	0:19:47	1/1/2019 	1180679	892.00	95.00	29.03	14.66	103715.00	49799	1	StephenHawking	
2100	0:19:47	1/1/2019 	1180989	146.00	9.00	7.91	14.66	103715.43	1823	0	StephenHawking	
2101	0:19:47	1/1/2019 	1181107	421.00	9.00	12.35	14.66	103715.43	1821	0	StephenHawking	
2102	0:19:48	1/1/2019 	1182308	912.00	113.00	32.54	14.67	103716.17	49799	1	StephenHawking	
2103	0:19:50	1/1/2019 	1184084	977.00	805.00	143.59	14.67	103717.55	98795	1	StephenHawking	
2104	0:19:50	1/1/2019 	1184218	862.00	80.00	26.35	14.67	103717.55	1824	1	StephenHawking	
2105	0:19:51	1/1/2019 	1184979	568.00	10.00	13.75	14.67	103718.16	49801	0	StephenHawking	
2106	0:19:53	1/1/2019 	1186670	900.00	101.00	30.18	14.68	103718.59	97779	0	StephenHawking	
2107	0:19:53	1/1/2019 	1187105	134.00	9.00	7.56	14.68	103719.02	1822	0	StephenHawking	
2108	0:19:54	1/1/2019 	1188308	115.00	9.00	7.01	14.68	103719.59	50817	0	StephenHawking	
2109	0:19:54	1/1/2019 	1188362	962.00	288.00	55.18	14.68	103719.59	1823	1	StephenHawking	
2110	0:19:55	1/1/2019 	1189294	126.00	9.00	7.33	14.68	103720.20	49801	0	StephenHawking	
2111	0:19:55	1/1/2019 	1189401	957.00	231.00	48.31	14.68	103720.20	1822	1	StephenHawking	
2112	0:19:56	1/1/2019 	1189713	84.00	9.00	6.22	14.68	103720.20	49802	0	StephenHawking	
2113	0:19:56	1/1/2019 	1189905	970.00	449.00	80.83	14.69	103720.80	2786	1	StephenHawking	
2114	0:19:56	1/1/2019 	1190026	913.00	110.00	31.96	14.69	103720.80	5587	0	StephenHawking	
2115	0:19:57	1/1/2019 	1190716	574.00	9.00	13.69	14.69	103720.80	49801	0	StephenHawking	
2116	0:19:57	1/1/2019 	1191210	775.00	32.00	20.47	14.69	103721.23	1823	0	StephenHawking	
2117	0:20:00	1/1/2019 	1193724	227.00	9.00	9.88	14.69	103722.76	145758	0	StephenHawking	
2118	0:20:00	1/1/2019 	1194330	98.00	9.00	6.54	14.70	103723.36	1823	0	StephenHawking	
2119	0:20:02	1/1/2019 	1195991	964.00	339.00	63.88	14.70	103724.57	97779	1	StephenHawking	
2120	0:20:02	1/1/2019 	1196314	729.00	19.00	17.83	14.70	103724.57	2759	0	StephenHawking	
2121	0:20:03	1/1/2019 	1196916	960.00	284.00	54.59	14.70	103724.57	49802	0	StephenHawking	
2122	0:20:03	1/1/2019 	1197064	280.00	9.00	10.80	14.70	103724.57	1824	0	StephenHawking	
2123	0:20:03	1/1/2019 	1197183	636.00	10.00	14.67	14.70	103725.00	1822	0	StephenHawking	
2124	0:20:03	1/1/2019 	1197291	177.00	9.00	8.75	14.70	103725.00	1822	0	StephenHawking	
2125	0:20:04	1/1/2019 	1198317	817.00	66.00	24.27	14.70	103725.00	50740	0	StephenHawking	
2126	0:20:04	1/1/2019 	1198564	803.00	63.00	23.87	14.71	103725.61	49803	0	StephenHawking	
2127	0:20:05	1/1/2019 	1198924	143.00	9.00	7.82	14.71	103725.61	1822	0	StephenHawking	
2128	0:20:07	1/1/2019 	1201194	966.00	407.00	75.38	14.71	103726.78	97785	1	StephenHawking	
2129	0:20:07	1/1/2019 	1201297	122.00	9.00	7.21	14.71	103726.78	2660	0	StephenHawking	
2130	0:20:08	1/1/2019 	1202594	664.00	11.00	15.19	14.72	103727.99	97782	0	StephenHawking	
2131	0:20:09	1/1/2019 	1203349	877.00	89.00	27.90	14.72	103728.59	3306	0	StephenHawking	
2132	0:20:10	1/1/2019 	1204609	362.00	9.00	11.83	14.72	103728.99	97785	0	StephenHawking	
2133	0:20:10	1/1/2019 	1205009	168.00	9.00	8.52	14.72	103729.17	1823	0	StephenHawking	
2134	0:20:11	1/1/2019 	1205928	931.00	129.00	35.64	14.72	103729.77	49803	1	StephenHawking	
2135	0:20:11	1/1/2019 	1205962	428.00	9.00	12.40	14.72	103729.77	1824	1	StephenHawking	
2136	0:20:12	1/1/2019 	1206632	885.00	92.00	28.46	14.72	103729.77	49803	0	StephenHawking	
2137	0:20:13	1/1/2019 	1207387	312.00	9.00	11.25	14.73	103730.38	2786	0	StephenHawking	
2138	0:20:13	1/1/2019 	1208119	669.00	12.00	15.52	14.73	103731.33	49809	0	StephenHawking	
2139	0:20:14	1/1/2019 	1208335	888.00	95.00	29.01	14.73	103731.33	1823	0	StephenHawking	
2140	0:20:17	1/1/2019 	1211588	97.00	9.00	6.52	14.74	103733.28	193746	0	StephenHawking	
2141	0:20:18	1/1/2019 	1212376	937.00	132.00	36.20	14.74	103733.72	2693	1	StephenHawking	
2142	0:20:19	1/1/2019 	1213273	902.00	104.00	30.76	14.74	103734.31	51311	0	StephenHawking	
2143	0:20:19	1/1/2019 	1213419	130.00	9.00	7.44	14.74	103734.31	1823	0	StephenHawking	
2144	0:20:20	1/1/2019 	1214876	76.00	9.00	6.07	14.74	103734.75	97783	0	StephenHawking	
2145	0:20:21	1/1/2019 	1215199	930.00	125.00	34.89	14.74	103734.75	1823	0	StephenHawking	
2146	0:20:21	1/1/2019 	1215265	968.00	402.00	74.63	14.75	103735.18	1823	1	StephenHawking	
2147	0:20:22	1/1/2019 	1216427	921.00	123.00	34.50	14.75	103735.18	49804	0	StephenHawking	
2148	0:20:22	1/1/2019 	1216785	531.00	9.00	13.20	14.75	103735.75	50785	0	StephenHawking	
2149	0:20:24	1/1/2019 	1218465	287.00	9.00	10.91	14.75	103736.02	49802	0	StephenHawking	
2150	0:20:24	1/1/2019 	1218868	941.00	136.00	36.93	14.75	103736.62	49805	1	StephenHawking	
2151	0:20:24	1/1/2019 	1219104	627.00	9.00	14.34	14.75	103736.62	1823	0	StephenHawking	
2152	0:20:25	1/1/2019 	1219460	679.00	12.00	15.58	14.75	103736.62	1821	0	StephenHawking	
2153	0:20:26	1/1/2019 	1220200	147.00	9.00	7.94	14.76	103737.22	49802	0	StephenHawking	
2154	0:20:26	1/1/2019 	1220741	313.00	9.00	11.27	14.76	103737.66	52120	0	StephenHawking	
2155	0:20:26	1/1/2019 	1220765	738.00	21.00	18.36	14.76	103737.66	1822	0	StephenHawking	
2156	0:20:26	1/1/2019 	1220917	950.00	150.00	39.29	14.76	103737.66	1823	1	StephenHawking	
2157	0:20:26	1/1/2019 	1220940	104.00	9.00	6.70	14.76	103737.66	1823	0	StephenHawking	
2158	0:20:27	1/1/2019 	1221934	941.00	146.00	38.64	14.76	103738.08	49802	0	StephenHawking	
2159	0:20:27	1/1/2019 	1222012	586.00	9.00	13.84	14.76	103738.08	2826	0	StephenHawking	
2160	0:20:29	1/1/2019 	1223486	958.00	282.00	54.30	14.76	103738.66	49804	0	StephenHawking	
2161	0:20:31	1/1/2019 	1225884	961.00	341.00	64.24	14.77	103739.69	145768	1	StephenHawking	
2162	0:20:33	1/1/2019 	1227623	788.00	56.00	23.05	14.77	103740.72	97786	0	StephenHawking	
2163	0:20:34	1/1/2019 	1228256	965.00	540.00	92.72	14.78	103741.12	1827	1	StephenHawking	
2164	0:20:34	1/1/2019 	1228491	945.00	158.00	40.51	14.78	103741.12	1832	0	StephenHawking	
2165	0:20:35	1/1/2019 	1229387	951.00	211.00	46.46	14.78	103741.55	50816	0	StephenHawking	
2166	0:20:35	1/1/2019 	1229665	665.00	11.00	15.20	14.78	103741.55	49805	0	StephenHawking	
2167	0:20:35	1/1/2019 	1230031	198.00	9.00	9.26	14.78	103742.16	2772	0	StephenHawking	
2168	0:20:37	1/1/2019 	1231205	862.00	79.00	26.19	14.78	103742.77	49802	0	StephenHawking	
2169	0:20:37	1/1/2019 	1231268	65.00	9.00	5.92	14.78	103742.77	1822	0	StephenHawking	
2170	0:20:37	1/1/2019 	1231629	302.00	9.00	11.12	14.79	103743.37	49800	0	StephenHawking	
2171	0:20:37	1/1/2019 	1231962	91.00	9.00	6.37	14.79	103743.37	3374	0	StephenHawking	
2172	0:20:37	1/1/2019 	1232019	283.00	9.00	10.85	14.79	103743.37	1820	0	StephenHawking	
2173	0:20:38	1/1/2019 	1232697	754.00	26.00	19.45	14.79	103743.55	49803	0	StephenHawking	
2174	0:20:38	1/1/2019 	1232725	158.00	9.00	8.25	14.79	103744.14	1823	0	StephenHawking	
2175	0:20:38	1/1/2019 	1233065	670.00	11.00	15.23	14.79	103744.14	1821	0	StephenHawking	
2176	0:20:39	1/1/2019 	1234115	221.00	9.00	9.76	14.79	103744.89	50834	0	StephenHawking	
2177	0:20:40	1/1/2019 	1234269	313.00	9.00	11.27	14.79	103744.89	1821	0	StephenHawking	
2178	0:20:40	1/1/2019 	1234886	147.00	9.00	7.94	14.79	103745.33	49801	0	StephenHawking	
2179	0:20:41	1/1/2019 	1235464	973.00	798.00	142.68	14.79	103745.50	1822	0	StephenHawking	
2180	0:20:41	1/1/2019 	1235884	609.00	10.00	14.33	14.80	103745.93	49806	0	StephenHawking	
2181	0:20:42	1/1/2019 	1236366	850.00	79.00	26.16	14.80	103746.36	1823	1	StephenHawking	
2182	0:20:42	1/1/2019 	1236474	944.00	133.00	36.38	14.80	103746.36	5061	0	StephenHawking	
2183	0:20:42	1/1/2019 	1237074	768.00	32.00	20.44	14.80	103746.36	49803	0	StephenHawking	
2184	0:20:43	1/1/2019 	1238170	958.00	284.00	54.59	14.80	103746.79	49803	1	StephenHawking	
2185	0:20:44	1/1/2019 	1239043	944.00	142.00	37.97	14.80	103747.36	49805	1	StephenHawking	
2186	0:20:45	1/1/2019 	1239658	244.00	9.00	10.21	14.81	103747.79	49806	0	StephenHawking	
2187	0:20:45	1/1/2019 	1239869	129.00	9.00	7.41	14.81	103747.79	2643	0	StephenHawking	
2188	0:20:46	1/1/2019 	1240475	773.00	32.00	20.46	14.81	103748.14	3294	0	StephenHawking	
2189	0:20:48	1/1/2019 	1242783	950.00	213.00	46.64	14.81	103749.61	145764	0	StephenHawking	
2190	0:20:48	1/1/2019 	1242840	143.00	9.00	7.82	14.81	103749.61	1822	0	StephenHawking	
2191	0:20:48	1/1/2019 	1243034	830.00	73.00	25.22	14.81	103749.61	1822	0	StephenHawking	
2192	0:20:49	1/1/2019 	1243703	166.00	9.00	8.46	14.82	103749.86	49803	0	StephenHawking	
2193	0:20:50	1/1/2019 	1244281	914.00	116.00	33.13	14.82	103750.61	2772	1	StephenHawking	
2194	0:20:50	1/1/2019 	1244562	883.00	90.00	28.09	14.82	103750.61	49804	0	StephenHawking	
2195	0:20:50	1/1/2019 	1244862	776.00	38.00	21.21	14.82	103750.61	1822	0	StephenHawking	
2196	0:20:50	1/1/2019 	1245075	975.00	719.00	129.94	14.82	103750.61	1822	0	StephenHawking	
2197	0:20:51	1/1/2019 	1245864	257.00	9.00	10.43	14.82	103751.04	49803	0	StephenHawking	
2198	0:20:52	1/1/2019 	1246454	943.00	153.00	39.76	14.82	103750.87	1823	1	StephenHawking	
2199	0:20:52	1/1/2019 	1246702	122.00	9.00	7.21	14.82	103751.12	50762	0	StephenHawking	
2200	0:20:53	1/1/2019 	1247215	201.00	9.00	9.33	14.83	103751.38	1825	0	StephenHawking	
2201	0:20:53	1/1/2019 	1248042	210.00	9.00	9.53	14.83	103751.20	49802	0	StephenHawking	
2202	0:20:53	1/1/2019 	1248107	135.00	9.00	7.59	14.83	103751.20	1821	0	StephenHawking	
2203	0:20:54	1/1/2019 	1248660	182.00	9.00	8.88	14.83	103751.46	49802	0	StephenHawking	
2204	0:20:55	1/1/2019 	1249305	971.00	657.00	117.82	14.83	103751.29	1822	1	StephenHawking	
2205	0:20:55	1/1/2019 	1249895	207.00	10.00	9.48	14.83	103751.52	50766	0	StephenHawking	
2206	0:20:55	1/1/2019 	1249931	964.00	303.00	57.55	14.83	103751.52	2695	0	StephenHawking	
2207	0:20:56	1/1/2019 	1250608	450.00	9.00	12.56	14.83	103751.34	49805	0	StephenHawking	
2208	0:20:56	1/1/2019 	1250767	401.00	9.00	12.19	14.83	103751.34	1824	0	StephenHawking	
2209	0:20:57	1/1/2019 	1252057	958.00	297.00	56.58	14.84	103751.68	49804	1	StephenHawking	
2210	0:20:58	1/1/2019 	1252731	440.00	9.00	12.49	14.84	103751.94	51309	0	StephenHawking	
2211	0:20:59	1/1/2019 	1253730	748.00	24.00	19.04	14.84	103752.55	49804	0	StephenHawking	
2212	0:20:59	1/1/2019 	1254090	173.00	9.00	8.65	14.84	103752.80	1822	0	StephenHawking	
2213	0:21:00	1/1/2019 	1254896	87.00	9.00	6.28	14.84	103752.80	49801	0	StephenHawking	
2214	0:21:00	1/1/2019 	1255024	150.00	9.00	8.02	14.84	103752.80	1821	0	StephenHawking	
2215	0:21:01	1/1/2019 	1256028	949.00	207.00	46.09	14.85	103753.72	49802	1	StephenHawking	
2216	0:21:03	1/1/2019 	1257248	517.00	9.00	13.07	14.85	103754.33	50802	1	StephenHawking	
2217	0:21:04	1/1/2019 	1259090	332.00	9.00	11.50	14.85	103755.02	97784	0	StephenHawking	
2218	0:21:06	1/1/2019 	1260392	727.00	19.00	17.82	14.86	103756.02	49806	0	StephenHawking	
2219	0:21:07	1/1/2019 	1261436	557.00	9.00	13.48	14.86	103756.62	50711	0	StephenHawking	
2220	0:21:07	1/1/2019 	1261901	149.00	9.00	7.99	14.86	103756.97	49806	0	StephenHawking	
2221	0:21:08	1/1/2019 	1262583	109.00	9.00	6.84	14.86	103757.75	49800	0	StephenHawking	
2222	0:21:12	1/1/2019 	1266249	452.00	9.00	12.57	14.87	103761.30	147325	1	StephenHawking	
2223	0:21:12	1/1/2019 	1267076	842.00	73.00	25.25	14.87	103762.05	49804	0	StephenHawking	
2224	0:21:13	1/1/2019 	1267832	61.00	9.00	5.90	14.88	103762.48	49801	0	StephenHawking	
2225	0:21:13	1/1/2019 	1267990	157.00	9.00	8.22	14.88	103762.48	1821	0	StephenHawking	
2226	0:21:14	1/1/2019 	1268911	948.00	196.00	45.04	14.88	103762.73	49801	0	StephenHawking	
2227	0:21:15	1/1/2019 	1269862	371.00	10.00	11.97	14.88	103762.81	49805	0	StephenHawking	
2228	0:21:17	1/1/2019 	1271660	383.00	9.00	12.04	14.89	103762.95	100141	0	StephenHawking	
2229	0:21:17	1/1/2019 	1272064	830.00	72.00	25.08	14.89	103762.60	1823	1	StephenHawking	
2230	0:21:18	1/1/2019 	1272994	948.00	160.00	40.80	14.89	103762.69	49802	0	StephenHawking	
2231	0:21:19	1/1/2019 	1273957	915.00	116.00	33.13	14.89	103762.77	49803	1	StephenHawking	
2232	0:21:20	1/1/2019 	1274209	623.00	10.00	14.52	14.89	103762.77	1824	0	StephenHawking	
2233	0:21:21	1/1/2019 	1275194	88.00	9.00	6.30	14.89	103763.20	50926	0	StephenHawking	
2234	0:21:21	1/1/2019 	1276045	834.00	70.00	24.82	14.90	103763.46	49801	1	StephenHawking	
2235	0:21:23	1/1/2019 	1277258	118.00	9.00	7.09	14.90	103764.23	49801	0	StephenHawking	
2236	0:21:23	1/1/2019 	1277763	934.00	126.00	35.08	14.90	103764.41	49800	1	StephenHawking	
2237	0:21:26	1/1/2019 	1280235	971.00	474.00	83.74	14.91	103766.71	97783	0	StephenHawking	
2238	0:21:26	1/1/2019 	1280386	885.00	89.00	27.92	14.91	103767.31	2631	1	StephenHawking	
2239	0:21:26	1/1/2019 	1280950	83.00	9.00	6.20	14.91	103767.31	51269	0	StephenHawking	
2240	0:21:28	1/1/2019 	1283018	403.00	9.00	12.21	14.91	103768.50	97779	0	StephenHawking	
2241	0:21:29	1/1/2019 	1283609	522.00	9.00	13.12	14.92	103768.92	49802	0	StephenHawking	
2242	0:21:29	1/1/2019 	1283680	292.00	9.00	10.98	14.92	103768.92	1822	0	StephenHawking	
2243	0:21:29	1/1/2019 	1283966	778.00	35.00	20.87	14.92	103768.92	1822	0	StephenHawking	
2244	0:21:29	1/1/2019 	1283973	765.00	31.00	20.29	14.92	103768.92	1823	0	StephenHawking	
2245	0:21:30	1/1/2019 	1284226	969.00	447.00	80.61	14.92	103769.09	2765	1	StephenHawking	
2246	0:21:30	1/1/2019 	1284950	710.00	15.00	16.64	14.92	103769.53	49803	0	StephenHawking	
2247	0:21:31	1/1/2019 	1285909	779.00	50.00	22.42	14.92	103770.48	49802	0	StephenHawking	
2248	0:21:31	1/1/2019 	1285959	719.00	16.00	16.97	14.92	103770.48	1824	0	StephenHawking	
2249	0:21:32	1/1/2019 	1286374	942.00	146.00	38.64	14.92	103770.48	1823	1	StephenHawking	
2250	0:21:33	1/1/2019 	1287425	117.00	9.00	7.07	14.93	103771.27	50750	0	StephenHawking	
2251	0:21:33	1/1/2019 	1287928	454.00	9.00	12.59	14.93	103771.86	49799	0	StephenHawking	
2252	0:21:34	1/1/2019 	1288719	297.00	9.00	11.05	14.93	103772.04	49800	0	StephenHawking	
2253	0:21:35	1/1/2019 	1289593	78.00	9.00	6.10	14.93	103772.95	49801	0	StephenHawking	
2254	0:21:36	1/1/2019 	1290880	734.00	20.00	18.10	14.93	103773.73	50651	0	StephenHawking	
2255	0:21:37	1/1/2019 	1291249	943.00	173.00	42.52	14.93	103774.34	1824	0	StephenHawking	
2256	0:21:37	1/1/2019 	1291478	866.00	81.00	26.52	14.93	103774.34	3316	1	StephenHawking	
2257	0:21:37	1/1/2019 	1291664	697.00	13.00	15.98	14.93	103774.34	49801	0	StephenHawking	
2258	0:21:38	1/1/2019 	1292646	512.00	9.00	13.03	14.94	103774.95	49801	0	StephenHawking	
2259	0:21:40	1/1/2019 	1295049	629.00	9.00	14.36	14.94	103776.12	97784	0	StephenHawking	
2260	0:21:42	1/1/2019 	1296301	303.00	9.00	11.13	14.94	103776.90	49805	0	StephenHawking	
2261	0:21:42	1/1/2019 	1296379	670.00	11.00	15.23	14.94	103776.90	1823	0	StephenHawking	
2262	0:21:44	1/1/2019 	1299021	954.00	234.00	48.60	14.95	103778.72	146833	1	StephenHawking	
2263	0:21:45	1/1/2019 	1299810	880.00	88.00	27.73	14.96	103779.67	49806	0	StephenHawking	
2264	0:21:45	1/1/2019 	1300086	152.00	9.00	8.08	14.96	103779.67	2710	0	StephenHawking	
2265	0:21:46	1/1/2019 	1300252	913.00	113.00	32.54	14.96	103779.67	1822	1	StephenHawking	
2266	0:21:46	1/1/2019 	1300339	68.00	9.00	5.95	14.96	103780.19	1823	0	StephenHawking	
2267	0:21:46	1/1/2019 	1300356	215.00	9.00	9.64	14.96	103780.19	3333	0	StephenHawking	
2268	0:21:48	1/1/2019 	1302733	139.00	9.00	7.71	14.96	103781.71	145758	0	StephenHawking	
2269	0:21:50	1/1/2019 	1304649	861.00	81.00	26.50	14.96	103782.50	97781	0	StephenHawking	
2270	0:21:50	1/1/2019 	1305055	313.00	9.00	11.27	14.96	103782.50	1823	0	StephenHawking	
2271	0:21:51	1/1/2019 	1305227	110.00	9.00	6.87	14.97	103782.92	1821	0	StephenHawking	
2272	0:21:52	1/1/2019 	1307024	920.00	122.00	34.30	14.97	103784.27	97781	0	StephenHawking	
2273	0:21:53	1/1/2019 	1307550	457.00	9.00	12.61	14.97	103784.45	50794	0	StephenHawking	
2274	0:21:54	1/1/2019 	1309175	782.00	51.00	22.53	14.97	103785.05	49802	1	StephenHawking	
2275	0:21:55	1/1/2019 	1309572	949.00	229.00	48.12	14.98	103785.48	49804	1	StephenHawking	
2276	0:21:55	1/1/2019 	1310000	115.00	9.00	7.01	14.98	103785.66	2744	0	StephenHawking	
2277	0:21:56	1/1/2019 	1310849	704.00	15.00	16.62	14.98	103786.09	49801	0	StephenHawking	
2278	0:21:57	1/1/2019 	1311364	180.00	9.00	8.83	14.98	103786.09	1824	0	StephenHawking	
2279	0:21:57	1/1/2019 	1311920	913.00	110.00	31.96	14.98	103786.52	51336	1	StephenHawking	
2280	0:21:58	1/1/2019 	1312594	113.00	9.00	6.95	14.98	103786.70	49801	0	StephenHawking	
2281	0:21:59	1/1/2019 	1313344	944.00	153.00	39.76	14.98	103787.30	1822	1	StephenHawking	
2282	0:21:59	1/1/2019 	1313651	474.00	9.00	12.73	14.98	103787.47	49804	0	StephenHawking	
2283	0:21:59	1/1/2019 	1314127	974.00	681.00	122.79	14.98	103788.05	1821	1	StephenHawking	
2284	0:22:01	1/1/2019 	1315306	895.00	97.00	29.41	14.98	103788.05	50815	0	StephenHawking	
2285	0:22:05	1/1/2019 	1319266	977.00	727.00	130.68	15.00	103790.29	193743	1	StephenHawking	
2286	0:22:05	1/1/2019 	1319300	969.00	359.00	67.50	15.00	103790.29	1824	1	StephenHawking	
2287	0:22:05	1/1/2019 	1319764	963.00	353.00	66.42	15.00	103790.86	49805	1	StephenHawking	
2288	0:22:06	1/1/2019 	1320601	436.00	9.00	12.46	15.00	103791.03	50759	0	StephenHawking	
2289	0:22:06	1/1/2019 	1321076	346.00	9.00	11.66	15.00	103791.64	1823	0	StephenHawking	
2290	0:22:07	1/1/2019 	1321831	268.00	9.00	10.62	15.00	103792.25	51360	0	StephenHawking	
2291	0:22:08	1/1/2019 	1322840	262.00	9.00	10.52	15.01	103792.67	49805	0	StephenHawking	
2292	0:22:08	1/1/2019 	1322974	963.00	322.00	60.81	15.01	103792.67	1824	1	StephenHawking	
2293	0:22:09	1/1/2019 	1323872	962.00	306.00	58.05	15.01	103793.28	49804	0	StephenHawking	
2294	0:22:10	1/1/2019 	1324329	922.00	122.00	34.31	15.01	103793.28	1824	0	StephenHawking	
2295	0:22:10	1/1/2019 	1324904	899.00	96.00	29.23	15.01	103793.62	49807	1	StephenHawking	
2296	0:22:10	1/1/2019 	1325191	939.00	133.00	36.38	15.01	103794.41	5063	0	StephenHawking	
2297	0:22:13	1/1/2019 	1327721	936.00	131.00	36.02	15.02	103795.23	145765	0	StephenHawking	
2298	0:22:14	1/1/2019 	1328402	93.00	9.00	6.42	15.02	103795.06	1824	0	StephenHawking	
2299	0:22:16	1/1/2019 	1330353	585.00	9.00	13.83	15.02	103795.50	97784	0	StephenHawking	
2300	0:22:16	1/1/2019 	1331095	704.00	14.00	16.32	15.02	103795.75	50622	0	StephenHawking	
2301	0:22:17	1/1/2019 	1331552	684.00	11.00	15.29	15.02	103795.75	51276	0	StephenHawking	
2302	0:22:22	1/1/2019 	1336296	906.00	106.00	31.16	15.03	103797.96	193743	1	StephenHawking	
2303	0:22:22	1/1/2019 	1336903	731.00	17.00	17.30	15.03	103797.96	49806	0	StephenHawking	
2304	0:22:22	1/1/2019 	1337099	981.00	746.00	133.99	15.03	103798.39	1822	0	StephenHawking	
2305	0:22:24	1/1/2019 	1338736	941.00	154.00	39.91	15.04	103798.83	97784	1	StephenHawking	
2306	0:22:24	1/1/2019 	1338981	382.00	9.00	12.03	15.04	103799.26	1824	0	StephenHawking	
2307	0:22:27	1/1/2019 	1341698	871.00	86.00	27.36	15.04	103800.44	146714	1	StephenHawking	
2308	0:22:28	1/1/2019 	1342602	954.00	246.00	49.82	15.05	103801.21	50658	1	StephenHawking	
2309	0:22:28	1/1/2019 	1342792	967.00	305.00	57.88	15.05	103801.21	1824	0	StephenHawking	
2310	0:22:28	1/1/2019 	1343060	234.00	9.00	10.02	15.05	103801.64	1823	0	StephenHawking	
2311	0:22:29	1/1/2019 	1344111	967.00	507.00	87.78	15.05	103801.64	49802	1	StephenHawking	
2312	0:22:30	1/1/2019 	1344417	969.00	462.00	82.34	15.05	103802.25	3318	1	StephenHawking	
2313	0:22:30	1/1/2019 	1345028	920.00	116.00	33.14	15.05	103802.42	49803	1	StephenHawking	
2314	0:22:31	1/1/2019 	1345238	189.00	9.00	9.05	15.05	103802.42	1823	0	StephenHawking	
2315	0:22:31	1/1/2019 	1345246	905.00	102.00	30.39	15.05	103802.42	1822	1	StephenHawking	
2316	0:22:31	1/1/2019 	1345490	911.00	105.00	30.98	15.05	103802.99	1824	0	StephenHawking	
2317	0:22:32	1/1/2019 	1346404	958.00	310.00	58.73	15.05	103803.17	49805	0	StephenHawking	
2318	0:22:32	1/1/2019 	1346638	680.00	12.00	15.59	15.05	103803.17	50776	0	StephenHawking	
2319	0:22:34	1/1/2019 	1348204	921.00	123.00	34.50	15.06	103804.20	49804	1	StephenHawking	
2320	0:22:34	1/1/2019 	1348700	962.00	309.00	58.56	15.06	103804.81	49805	1	StephenHawking	
2321	0:22:35	1/1/2019 	1349749	948.00	168.00	41.89	15.06	103805.41	49804	1	StephenHawking	
2322	0:22:36	1/1/2019 	1350589	960.00	369.00	69.27	15.07	103805.84	50694	1	StephenHawking	
2323	0:22:36	1/1/2019 	1350980	779.00	32.00	20.48	15.07	103805.84	1823	0	StephenHawking	
2324	0:22:37	1/1/2019 	1351592	964.00	422.00	77.47	15.07	103806.41	51319	1	StephenHawking	
2325	0:22:37	1/1/2019 	1351954	254.00	9.00	10.38	15.07	103806.41	1824	0	StephenHawking	
2326	0:22:38	1/1/2019 	1352812	971.00	636.00	113.35	15.07	103806.50	49802	1	StephenHawking	
2327	0:22:40	1/1/2019 	1354781	717.00	16.00	16.97	15.07	103807.11	97785	0	StephenHawking	
2328	0:22:40	1/1/2019 	1354791	963.00	278.00	53.73	15.07	103807.11	1824	0	StephenHawking	
2329	0:22:41	1/1/2019 	1355647	144.00	9.00	7.85	15.07	103807.45	50795	0	StephenHawking	
2330	0:22:43	1/1/2019 	1357436	966.00	446.00	80.49	15.08	103808.14	49804	1	StephenHawking	
2331	0:22:44	1/1/2019 	1359184	933.00	130.00	35.83	15.08	103809.23	97783	1	StephenHawking	
2332	0:22:45	1/1/2019 	1359447	447.00	9.00	12.54	15.08	103809.66	1824	0	StephenHawking	
2333	0:22:47	1/1/2019 	1362171	965.00	456.00	81.66	15.09	103810.88	145766	1	StephenHawking	
2334	0:22:48	1/1/2019 	1362410	966.00	390.00	72.78	15.09	103811.30	2754	0	StephenHawking	
2335	0:22:48	1/1/2019 	1363094	945.00	136.00	36.93	15.09	103811.48	51439	0	StephenHawking	
2336	0:22:52	1/1/2019 	1366439	949.00	229.00	48.12	15.10	103813.09	145762	1	StephenHawking	
2337	0:22:55	1/1/2019 	1369775	86.00	9.00	6.26	15.11	103815.08	193741	0	StephenHawking	
2338	0:23:00	1/1/2019 	1374763	881.00	91.00	28.26	15.12	103818.33	242672	1	StephenHawking	
2339	0:23:01	1/1/2019 	1375653	149.00	9.00	7.99	15.12	103819.29	49804	0	StephenHawking	
2340	0:23:04	1/1/2019 	1378332	917.00	116.00	33.14	15.12	103820.47	97782	1	StephenHawking	
2341	0:23:06	1/1/2019 	1380643	623.00	9.00	14.30	15.13	103822.62	147318	0	StephenHawking	
2342	0:23:07	1/1/2019 	1381889	387.00	9.00	12.07	15.13	103823.58	50609	0	StephenHawking	
2343	0:23:07	1/1/2019 	1382004	980.00	908.00	177.95	15.13	103823.58	1823	0	StephenHawking	
2344	0:23:08	1/1/2019 	1382371	957.00	300.00	57.06	15.13	103823.92	1824	1	StephenHawking	
2345	0:23:08	1/1/2019 	1383183	967.00	335.00	63.15	15.14	103824.50	49804	1	StephenHawking	
2346	0:23:12	1/1/2019 	1387086	640.00	10.00	14.71	15.14	103826.48	195203	1	StephenHawking	
2347	0:23:12	1/1/2019 	1387171	976.00	548.00	94.15	15.14	103826.48	1825	1	StephenHawking	
2348	0:23:15	1/1/2019 	1389952	698.00	14.00	16.29	15.15	103828.27	145762	0	StephenHawking	
2349	0:23:16	1/1/2019 	1391161	911.00	112.00	32.34	15.15	103828.88	50635	1	StephenHawking	
2350	0:23:19	1/1/2019 	1393230	895.00	93.00	28.67	15.16	103829.73	97786	0	StephenHawking	
2351	0:23:19	1/1/2019 	1393663	433.00	9.00	12.44	15.16	103829.73	49803	0	StephenHawking	
2352	0:23:20	1/1/2019 	1394795	161.00	9.00	8.33	15.16	103830.17	51377	0	StephenHawking	
2353	0:23:22	1/1/2019 	1396867	956.00	273.00	53.05	15.17	103831.17	97780	1	StephenHawking	
2354	0:23:24	1/1/2019 	1399126	974.00	694.00	125.54	15.17	103832.03	97781	0	StephenHawking	
2355	0:23:26	1/1/2019 	1400454	873.00	87.00	27.54	15.17	103832.47	49806	1	StephenHawking	
2356	0:23:26	1/1/2019 	1401159	964.00	274.00	53.18	15.18	103833.07	50660	1	StephenHawking	
2357	0:23:28	1/1/2019 	1402421	79.00	9.00	6.12	15.18	103833.81	51295	0	StephenHawking	
2358	0:23:28	1/1/2019 	1402739	695.00	13.00	15.97	15.18	103833.98	49802	0	StephenHawking	
2359	0:23:30	1/1/2019 	1404683	711.00	15.00	16.65	15.18	103834.42	97782	0	StephenHawking	
2360	0:23:32	1/1/2019 	1406805	935.00	129.00	35.64	15.19	103835.80	97785	0	StephenHawking	
2361	0:23:37	1/1/2019 	1411915	867.00	85.00	27.18	15.20	103838.36	241728	1	StephenHawking	
2362	0:23:39	1/1/2019 	1413621	557.00	9.00	13.48	15.20	103839.40	98666	0	StephenHawking	
2363	0:23:44	1/1/2019 	1419079	950.00	230.00	48.22	15.21	103842.14	243232	1	StephenHawking	
2364	0:23:45	1/1/2019 	1420149	602.00	9.00	14.05	15.21	103842.31	49805	0	StephenHawking	
2365	0:23:45	1/1/2019 	1420153	869.00	85.00	27.18	15.21	103842.31	2731	1	StephenHawking	
2366	0:23:47	1/1/2019 	1422144	420.00	9.00	12.34	15.22	103843.69	97783	0	StephenHawking	
2367	0:23:48	1/1/2019 	1423003	974.00	617.00	108.76	15.22	103843.69	49803	1	StephenHawking	
2368	0:23:51	1/1/2019 	1425774	941.00	136.00	36.93	15.22	103845.22	145764	1	StephenHawking	
2369	0:23:51	1/1/2019 	1426162	980.00	770.00	137.49	15.22	103845.22	3452	1	StephenHawking	
2370	0:23:52	1/1/2019 	1427030	876.00	88.00	27.72	15.22	103845.66	49803	1	StephenHawking	
2371	0:23:53	1/1/2019 	1427235	971.00	536.00	92.06	15.22	103845.66	1824	1	StephenHawking	
2372	0:23:54	1/1/2019 	1428815	967.00	434.00	79.02	15.23	103846.51	97784	1	StephenHawking	
2373	0:23:56	1/1/2019 	1430632	955.00	241.00	49.30	15.23	103846.94	97786	1	StephenHawking	
2374	0:24:01	1/1/2019 	1435310	952.00	202.00	45.62	15.24	103849.41	196099	0	StephenHawking	
2375	0:24:02	1/1/2019 	1436485	914.00	116.00	33.13	15.25	103850.51	49804	1	StephenHawking	
2376	0:24:02	1/1/2019 	1436879	904.00	102.00	30.38	15.25	103850.51	49805	1	StephenHawking	
2377	0:24:07	1/1/2019 	1441373	937.00	137.00	37.10	15.25	103852.84	193746	1	StephenHawking	
2378	0:24:07	1/1/2019 	1441572	535.00	9.00	13.24	15.25	103852.84	50764	0	StephenHawking	
2379	0:24:09	1/1/2019 	1443489	779.00	34.00	20.74	15.26	103853.27	49804	0	StephenHawking	
2380	0:24:09	1/1/2019 	1444037	906.00	104.00	30.77	15.26	103853.70	51361	1	StephenHawking	
2381	0:24:10	1/1/2019 	1444658	967.00	414.00	76.38	15.26	103853.53	49803	1	StephenHawking	
2382	0:24:12	1/1/2019 	1446618	717.00	17.00	17.25	15.26	103854.45	97783	0	StephenHawking	
2383	0:24:14	1/1/2019 	1448296	545.00	9.00	13.35	15.26	103855.23	49803	0	StephenHawking	
2384	0:24:16	1/1/2019 	1450426	888.00	94.00	28.83	15.27	103856.09	97784	0	StephenHawking	
2385	0:24:16	1/1/2019 	1451124	825.00	68.00	24.54	15.27	103856.44	52061	1	StephenHawking	
2386	0:24:17	1/1/2019 	1451746	950.00	205.00	45.90	15.27	103856.88	49805	1	StephenHawking	
2387	0:24:20	1/1/2019 	1455067	962.00	378.00	70.81	15.28	103858.57	145768	1	StephenHawking	
2388	0:24:27	1/1/2019 	1461488	957.00	266.00	52.14	15.29	103861.73	289703	0	StephenHawking	
2389	0:24:29	1/1/2019 	1464094	964.00	366.00	68.74	15.29	103862.78	146601	0	StephenHawking	
2390	0:24:31	1/1/2019 	1466017	948.00	161.00	40.94	15.30	103863.55	97784	1	StephenHawking	
2391	0:24:36	1/1/2019 	1470719	161.00	9.00	8.33	15.30	103864.91	243199	0	StephenHawking	
2392	0:24:36	1/1/2019 	1470817	919.00	113.00	32.55	15.30	103864.91	2684	0	StephenHawking	
2393	0:24:38	1/1/2019 	1472619	947.00	208.00	46.18	15.30	103865.86	97779	1	StephenHawking	
2394	0:24:39	1/1/2019 	1473653	786.00	48.00	22.25	15.31	103866.64	49804	0	StephenHawking	
2395	0:24:39	1/1/2019 	1474117	946.00	151.00	39.45	15.31	103866.81	1824	1	StephenHawking	
2396	0:24:40	1/1/2019 	1474440	968.00	461.00	82.24	15.31	103867.41	1824	1	StephenHawking	
2397	0:24:40	1/1/2019 	1474610	536.00	9.00	13.25	15.31	103867.41	51266	0	StephenHawking	
2398	0:24:44	1/1/2019 	1479051	959.00	271.00	52.78	15.32	103869.38	193741	1	StephenHawking	
2399	0:24:46	1/1/2019 	1480802	962.00	305.00	57.88	15.32	103869.98	97788	1	StephenHawking	
2400	0:24:48	1/1/2019 	1482271	952.00	201.00	45.52	15.32	103870.66	50686	1	StephenHawking	
2401	0:24:48	1/1/2019 	1483039	854.00	76.00	25.72	15.32	103870.66	49804	1	StephenHawking	
2402	0:24:49	1/1/2019 	1483850	887.00	94.00	28.83	15.32	103870.66	51453	1	StephenHawking	
2403	0:24:51	1/1/2019 	1485657	146.00	9.00	7.91	15.33	103871.67	97783	0	StephenHawking	
2404	0:24:52	1/1/2019 	1486734	654.00	11.00	15.11	15.33	103872.09	49802	1	StephenHawking	
2405	0:24:52	1/1/2019 	1486758	774.00	33.00	20.60	15.33	103872.09	1823	0	StephenHawking	
2406	0:24:53	1/1/2019 	1488023	956.00	274.00	53.18	15.33	103872.70	49804	0	StephenHawking	
2407	0:24:54	1/1/2019 	1488259	963.00	432.00	78.77	15.33	103872.70	1824	0	StephenHawking	
2408	0:24:55	1/1/2019 	1489730	72.00	8.00	6.00	15.33	103872.36	98779	0	StephenHawking	
2409	0:24:57	1/1/2019 	1492049	735.00	22.00	18.57	15.34	103872.88	98706	0	StephenHawking	
2410	0:24:58	1/1/2019 	1492270	946.00	158.00	40.51	15.34	103872.88	1831	1	StephenHawking	
2411	0:24:58	1/1/2019 	1492340	826.00	71.00	24.94	15.34	103872.88	1831	0	StephenHawking	
2412	0:25:02	1/1/2019 	1496974	969.00	568.00	97.91	15.35	103875.61	241729	1	StephenHawking	
2413	0:25:03	1/1/2019 	1497827	895.00	100.00	29.98	15.35	103875.61	51341	1	StephenHawking	
2414	0:25:04	1/1/2019 	1498847	217.00	9.00	9.68	15.35	103876.21	49804	0	StephenHawking	
2415	0:25:09	1/1/2019 	1502651	942.00	161.00	40.94	15.36	103878.03	193749	1	StephenHawking	
2416	0:25:09	1/1/2019 	1502901	81.00	9.00	6.16	15.36	103878.20	2769	0	StephenHawking	
2417	0:25:10	1/1/2019 	1503854	883.00	92.00	28.45	15.36	103878.63	49803	0	StephenHawking	
2418	0:25:13	1/1/2019 	1506688	942.00	153.00	39.76	15.37	103879.50	145766	0	StephenHawking	
2419	0:25:19	1/1/2019 	1513433	765.00	32.00	20.43	15.38	103881.97	291260	0	StephenHawking	
2420	0:25:19	1/1/2019 	1513456	913.00	108.00	31.57	15.38	103881.97	2625	0	StephenHawking	
2421	0:25:20	1/1/2019 	1514087	902.00	104.00	30.76	15.38	103882.31	49803	1	StephenHawking	
2422	0:25:21	1/1/2019 	1514969	938.00	133.00	36.38	15.38	103883.09	49804	0	StephenHawking	
2423	0:25:22	1/1/2019 	1515959	973.00	777.00	138.80	15.38	103883.36	49805	1	StephenHawking	
2424	0:25:22	1/1/2019 	1516313	92.00	8.00	6.39	15.38	103883.36	1823	0	StephenHawking	
2425	0:25:25	1/1/2019 	1519207	961.00	385.00	71.97	15.39	103884.88	147228	1	StephenHawking	
2426	0:25:26	1/1/2019 	1520111	965.00	417.00	76.78	15.39	103885.31	49810	1	StephenHawking	
2427	0:25:26	1/1/2019 	1520234	954.00	217.00	47.01	15.39	103885.31	2652	1	StephenHawking	
2428	0:25:29	1/1/2019 	1523392	874.00	88.00	27.71	15.40	103886.17	145765	1	StephenHawking	
2429	0:25:33	1/1/2019 	1526761	799.00	60.00	23.51	15.40	103887.61	193920	1	StephenHawking	
2430	0:25:33	1/1/2019 	1527375	898.00	101.00	30.18	15.40	103887.78	3302	0	StephenHawking	
2431	0:25:34	1/1/2019 	1527897	964.00	466.00	82.81	15.40	103887.78	49802	1	StephenHawking	
2432	0:25:35	1/1/2019 	1529069	417.00	9.00	12.32	15.41	103888.39	49805	0	StephenHawking	
2433	0:25:36	1/1/2019 	1529724	976.00	896.00	169.48	15.41	103888.56	49802	0	StephenHawking	
2434	0:25:40	1/1/2019 	1534351	939.00	133.00	36.38	15.41	103890.69	194595	1	StephenHawking	
2435	0:25:41	1/1/2019 	1534963	953.00	227.00	47.93	15.42	103891.30	49807	1	StephenHawking	
2436	0:25:41	1/1/2019 	1535402	658.00	11.00	15.15	15.42	103891.30	3317	0	StephenHawking	
2437	0:25:43	1/1/2019 	1536923	945.00	153.00	39.76	15.42	103891.91	97782	0	StephenHawking	
2438	0:25:43	1/1/2019 	1537078	617.00	10.00	14.44	15.42	103891.91	1825	0	StephenHawking	
2439	0:25:47	1/1/2019 	1540936	939.00	144.00	38.31	15.43	103894.55	193744	0	StephenHawking	
2440	0:25:47	1/1/2019 	1541452	669.00	11.00	15.22	15.43	103894.55	2700	1	StephenHawking	
2441	0:25:49	1/1/2019 	1543596	888.00	94.00	28.83	15.44	103895.58	147273	1	StephenHawking	
2442	0:25:50	1/1/2019 	1543859	646.00	10.00	14.77	15.44	103895.41	1823	0	StephenHawking	
2443	0:25:50	1/1/2019 	1544047	962.00	259.00	51.28	15.44	103895.41	1824	1	StephenHawking	
2444	0:25:51	1/1/2019 	1544743	970.00	547.00	93.88	15.44	103895.41	49802	1	StephenHawking	
2445	0:25:52	1/1/2019 	1546227	340.00	9.00	11.60	15.44	103895.89	49803	0	StephenHawking	
2446	0:25:52	1/1/2019 	1546608	757.00	27.00	19.63	15.44	103895.89	49804	0	StephenHawking	
2447	0:25:53	1/1/2019 	1547348	966.00	389.00	72.61	15.44	103896.33	2810	1	StephenHawking	
2448	0:26:03	1/1/2019 	1556976	461.00	9.00	12.64	15.46	103901.39	481631	0	StephenHawking	
2449	0:26:08	1/1/2019 	1561814	947.00	211.00	46.46	15.47	103904.48	242640	1	StephenHawking	
2450	0:26:13	1/1/2019 	1566882	969.00	634.00	112.65	15.48	103906.47	242661	0	StephenHawking	
2451	0:26:13	1/1/2019 	1566947	962.00	295.00	56.26	15.48	103906.47	1824	1	StephenHawking	
2452	0:26:15	1/1/2019 	1569106	964.00	452.00	81.20	15.48	103907.05	97783	0	StephenHawking	
2453	0:26:16	1/1/2019 	1569707	134.00	9.00	7.56	15.48	103907.47	51343	0	StephenHawking	
2454	0:26:17	1/1/2019 	1570842	104.00	9.00	6.70	15.49	103908.08	50759	0	StephenHawking	
2455	0:26:23	1/1/2019 	1577040	783.00	41.00	21.55	15.50	103909.77	289703	0	StephenHawking	
2456	0:26:25	1/1/2019 	1579376	958.00	289.00	55.33	15.50	103910.81	97783	1	StephenHawking	
2457	0:26:26	1/1/2019 	1579790	975.00	769.00	137.28	15.50	103910.81	49805	1	StephenHawking	
2458	0:26:26	1/1/2019 	1580454	946.00	138.00	37.28	15.50	103911.41	3963	1	StephenHawking	
2459	0:26:27	1/1/2019 	1580995	925.00	126.00	35.07	15.50	103911.23	49804	0	StephenHawking	
2460	0:26:27	1/1/2019 	1581085	396.00	9.00	12.15	15.51	103911.84	1824	0	StephenHawking	
2461	0:26:28	1/1/2019 	1581709	894.00	97.00	29.41	15.51	103911.67	49803	0	StephenHawking	
2462	0:26:30	1/1/2019 	1583928	941.00	144.00	38.31	15.51	103912.07	97787	1	StephenHawking	
2463	0:26:30	1/1/2019 	1584039	938.00	127.00	35.27	15.51	103912.07	1825	1	StephenHawking	
2464	0:26:31	1/1/2019 	1585592	961.00	372.00	69.78	15.51	103913.11	98725	1	StephenHawking	
2465	0:26:32	1/1/2019 	1585768	193.00	9.00	9.15	15.51	103913.11	1822	0	StephenHawking	
2466	0:26:36	1/1/2019 	1589789	967.00	357.00	67.14	15.52	103914.92	193744	1	StephenHawking	
2467	0:26:36	1/1/2019 	1590283	956.00	191.00	44.54	15.52	103914.92	2659	0	StephenHawking	
2468	0:26:37	1/1/2019 	1590874	949.00	194.00	44.84	15.52	103915.49	49805	0	StephenHawking	
2469	0:26:37	1/1/2019 	1591097	985.00	960.00	294.42	15.52	103915.49	1824	1	StephenHawking	
2470	0:26:38	1/1/2019 	1592264	936.00	134.00	36.56	15.53	103915.92	51285	1	StephenHawking	
2471	0:26:38	1/1/2019 	1592567	941.00	132.00	36.20	15.53	103915.92	49805	0	StephenHawking	
2472	0:26:38	1/1/2019 	1592577	88.00	9.00	6.30	15.53	103915.92	1822	0	StephenHawking	
2473	0:26:40	1/1/2019 	1594637	943.00	153.00	39.76	15.53	103916.78	97781	0	StephenHawking	
2474	0:26:43	1/1/2019 	1597255	132.00	9.00	7.50	15.54	103917.62	97785	1	StephenHawking	
2475	0:26:47	1/1/2019 	1601619	949.00	162.00	41.08	15.54	103920.12	242683	0	StephenHawking	
2476	0:26:48	1/1/2019 	1601675	761.00	29.00	19.98	15.54	103920.12	2700	0	StephenHawking	
2477	0:26:48	1/1/2019 	1602419	951.00	175.00	42.76	15.54	103920.12	1831	1	StephenHawking	
2478	0:26:49	1/1/2019 	1602753	694.00	14.00	16.27	15.54	103920.12	49811	0	StephenHawking	
2479	0:26:49	1/1/2019 	1603106	921.00	117.00	33.34	15.55	103920.73	1829	1	StephenHawking	
2480	0:26:52	1/1/2019 	1606114	119.00	9.00	7.12	15.55	103922.26	145761	0	StephenHawking	
2481	0:26:56	1/1/2019 	1610458	929.00	129.00	35.64	15.56	103924.59	195248	1	StephenHawking	
2482	0:26:57	1/1/2019 	1610981	913.00	111.00	32.15	15.56	103924.59	50702	1	StephenHawking	
2483	0:26:58	1/1/2019 	1612452	970.00	621.00	109.75	15.56	103925.95	49804	1	StephenHawking	
2484	0:26:59	1/1/2019 	1612679	949.00	221.00	47.38	15.56	103925.95	49804	0	StephenHawking	
2485	0:27:00	1/1/2019 	1613827	933.00	128.00	35.46	15.56	103926.47	49805	1	StephenHawking	
2486	0:27:05	1/1/2019 	1619238	901.00	101.00	30.18	15.57	103928.89	243241	1	StephenHawking	
2487	0:27:06	1/1/2019 	1620560	960.00	362.00	68.04	15.58	103929.32	97784	1	StephenHawking	
2488	0:27:07	1/1/2019 	1621460	920.00	122.00	34.30	15.58	103929.89	2746	1	StephenHawking	
2489	0:27:10	1/1/2019 	1623872	428.00	9.00	12.40	15.58	103930.85	145764	0	StephenHawking	
2490	0:27:12	1/1/2019 	1625872	718.00	17.00	17.25	15.58	103931.80	97783	1	StephenHawking	
2491	0:27:14	1/1/2019 	1628444	905.00	105.00	30.96	15.59	103932.84	97783	1	StephenHawking	
2492	0:27:15	1/1/2019 	1629087	950.00	172.00	42.40	15.59	103932.84	51342	0	StephenHawking	
2493	0:27:16	1/1/2019 	1629776	947.00	184.00	43.80	15.59	103933.02	49804	1	StephenHawking	
2494	0:27:16	1/1/2019 	1630466	133.00	9.00	7.53	15.59	103933.41	2771	0	StephenHawking	
2495	0:27:17	1/1/2019 	1630695	676.00	12.00	15.57	15.59	103933.41	49801	0	StephenHawking	
2496	0:27:18	1/1/2019 	1631858	946.00	187.00	44.12	15.59	103934.02	49803	1	StephenHawking	
2497	0:27:21	1/1/2019 	1635053	887.00	93.00	28.65	15.60	103935.92	145764	0	StephenHawking	
2498	0:27:21	1/1/2019 	1635217	752.00	27.00	19.61	15.60	103935.92	3377	1	StephenHawking	
2499	0:27:22	1/1/2019 	1635771	907.00	111.00	32.14	15.60	103936.36	49804	1	StephenHawking	
2500	0:27:22	1/1/2019 	1636407	962.00	282.00	54.30	15.60	103936.53	1824	1	StephenHawking	
2501	0:27:27	1/1/2019 	1641237	935.00	129.00	35.64	15.61	103939.61	241723	0	StephenHawking	
2502	0:27:28	1/1/2019 	1641929	915.00	118.00	33.52	15.61	103939.61	50606	1	StephenHawking	
2503	0:27:28	1/1/2019 	1642589	916.00	113.00	32.55	15.61	103940.05	51268	0	StephenHawking	
2504	0:27:29	1/1/2019 	1643053	831.00	73.00	25.22	15.61	103940.05	1823	0	StephenHawking	
2505	0:27:30	1/1/2019 	1643877	957.00	272.00	52.91	15.62	103940.83	49805	1	StephenHawking	
2506	0:27:33	1/1/2019 	1647595	888.00	91.00	28.29	15.62	103942.35	193748	1	StephenHawking	
2507	0:27:34	1/1/2019 	1648460	845.00	76.00	25.69	15.62	103942.78	1824	1	StephenHawking	
2508	0:27:35	1/1/2019 	1649052	861.00	84.00	26.99	15.62	103942.95	49804	1	StephenHawking	
2509	0:27:35	1/1/2019 	1649254	969.00	353.00	66.42	15.62	103942.95	2763	1	StephenHawking	
2510	0:27:36	1/1/2019 	1649730	956.00	267.00	52.26	15.62	103942.95	49804	1	StephenHawking	
2511	0:27:36	1/1/2019 	1650357	828.00	72.00	25.08	15.63	103943.39	2661	1	StephenHawking	
2512	0:27:38	1/1/2019 	1652037	948.00	192.00	44.64	15.63	103943.99	97785	1	StephenHawking	
2513	0:27:43	1/1/2019 	1656730	124.00	9.00	7.27	15.64	103946.12	241726	0	StephenHawking	
2514	0:27:43	1/1/2019 	1656809	837.00	71.00	24.96	15.64	103946.12	3414	1	StephenHawking	
2515	0:27:43	1/1/2019 	1657595	973.00	637.00	113.40	15.64	103946.55	49808	1	StephenHawking	
2516	0:27:45	1/1/2019 	1659195	845.00	73.00	25.26	15.64	103946.98	49804	1	StephenHawking	
2517	0:27:47	1/1/2019 	1660983	909.00	108.00	31.56	15.64	103947.59	97786	1	StephenHawking	
2518	0:27:48	1/1/2019 	1661992	958.00	292.00	55.79	15.64	103947.59	50668	1	StephenHawking	
2519	0:27:49	1/1/2019 	1662675	95.00	9.00	6.47	15.65	103948.16	49803	0	StephenHawking	
2520	0:27:49	1/1/2019 	1663483	669.00	11.00	15.22	15.65	103947.99	3321	0	StephenHawking	
2521	0:27:52	1/1/2019 	1666194	815.00	66.00	24.26	15.65	103949.03	145762	0	StephenHawking	
2522	0:27:53	1/1/2019 	1666766	961.00	389.00	72.61	15.65	103949.38	49806	1	StephenHawking	
2523	0:27:56	1/1/2019 	1669957	905.00	108.00	31.55	15.66	103951.02	145769	0	StephenHawking	
2524	0:27:56	1/1/2019 	1669995	976.00	628.00	111.24	15.66	103951.02	2712	1	StephenHawking	
2525	0:27:56	1/1/2019 	1670586	996.00	771.00	137.84	15.66	103951.19	49804	0	StephenHawking	
2526	0:27:57	1/1/2019 	1670753	364.00	9.00	11.85	15.66	103951.19	3336	0	StephenHawking	
2527	0:27:57	1/1/2019 	1670760	977.00	797.00	142.58	15.66	103951.19	1822	0	StephenHawking	
2528	0:27:59	1/1/2019 	1673048	947.00	158.00	40.51	15.66	103952.89	97783	0	StephenHawking	
2529	0:28:01	1/1/2019 	1675294	949.00	225.00	47.75	15.67	103954.45	97786	1	StephenHawking	
2530	0:28:01	1/1/2019 	1675629	970.00	434.00	79.02	15.67	103954.27	49804	1	StephenHawking	
2531	0:28:04	1/1/2019 	1678152	968.00	588.00	102.10	15.67	103955.28	98777	1	StephenHawking	
2532	0:28:06	1/1/2019 	1679916	958.00	320.00	60.46	15.68	103956.06	97785	1	StephenHawking	
2533	0:28:06	1/1/2019 	1680216	121.00	9.00	7.18	15.68	103956.06	2747	0	StephenHawking	
2534	0:28:08	1/1/2019 	1681755	938.00	136.00	36.93	15.68	103956.75	97783	1	StephenHawking	
2535	0:28:10	1/1/2019 	1683842	881.00	89.00	27.91	15.68	103956.83	97785	1	StephenHawking	
2536	0:28:12	1/1/2019 	1686330	674.00	11.00	15.25	15.69	103957.27	97786	0	StephenHawking	
2537	0:28:14	1/1/2019 	1688141	862.00	84.00	26.99	15.69	103958.19	99320	1	StephenHawking	
2538	0:28:14	1/1/2019 	1688183	960.00	272.00	52.91	15.69	103958.19	1824	1	StephenHawking	
2539	0:28:14	1/1/2019 	1688575	977.00	647.00	115.65	15.69	103958.97	49802	1	StephenHawking	
2540	0:28:15	1/1/2019 	1689289	956.00	258.00	51.16	15.69	103959.14	1823	0	StephenHawking	
2541	0:28:16	1/1/2019 	1690310	944.00	173.00	42.52	15.69	103959.92	49805	1	StephenHawking	
2542	0:28:19	1/1/2019 	1692823	69.00	9.00	5.97	15.70	103960.17	148141	0	StephenHawking	
2543	0:28:21	1/1/2019 	1695338	109.00	9.00	6.84	15.70	103961.00	97781	0	StephenHawking	
2544	0:28:29	1/1/2019 	1703274	155.00	9.00	8.16	15.71	103963.52	385660	0	StephenHawking	
2545	0:28:41	1/1/2019 	1715313	781.00	47.00	22.14	15.73	103969.50	578387	1	StephenHawking	
2546	0:28:44	1/1/2019 	1718071	62.00	8.00	5.90	15.74	103970.55	146586	0	StephenHawking	
2547	0:28:46	1/1/2019 	1719841	665.00	11.00	15.20	15.74	103971.50	97783	0	StephenHawking	
2548	0:28:47	1/1/2019 	1721429	942.00	162.00	41.08	15.74	103972.41	52000	1	StephenHawking	
2549	0:28:47	1/1/2019 	1721576	977.00	572.00	98.69	15.74	103972.41	49805	1	StephenHawking	
2550	0:28:52	1/1/2019 	1726027	786.00	54.00	22.84	15.75	103974.41	193744	0	StephenHawking	
2551	0:28:56	1/1/2019 	1730194	203.00	9.00	9.38	15.76	103975.67	193745	0	StephenHawking	
2552	0:28:56	1/1/2019 	1730260	961.00	301.00	57.22	15.76	103975.67	2688	0	StephenHawking	
2553	0:28:58	1/1/2019 	1732589	974.00	800.00	142.66	15.76	103976.27	145765	1	StephenHawking	
2554	0:28:59	1/1/2019 	1733055	917.00	120.00	33.91	15.76	103976.27	3321	1	StephenHawking	
2555	0:28:59	1/1/2019 	1733211	178.00	9.00	8.78	15.76	103976.27	1824	0	StephenHawking	
2556	0:28:59	1/1/2019 	1733572	901.00	103.00	30.57	15.76	103976.88	49803	1	StephenHawking	
2557	0:29:01	1/1/2019 	1735243	938.00	143.00	38.14	15.77	103977.31	49804	1	StephenHawking	
2558	0:29:03	1/1/2019 	1737142	970.00	526.00	90.49	15.77	103977.75	97786	0	StephenHawking	
2559	0:29:03	1/1/2019 	1737336	924.00	125.00	34.88	15.77	103977.75	2800	0	StephenHawking	
2560	0:29:05	1/1/2019 	1739401	898.00	98.00	29.61	15.77	103978.92	97783	0	StephenHawking	
2561	0:29:07	1/1/2019 	1741594	941.00	138.00	37.28	15.78	103979.95	145766	1	StephenHawking	
2562	0:29:08	1/1/2019 	1741910	947.00	208.00	46.18	15.78	103980.39	2722	1	StephenHawking	
2563	0:29:10	1/1/2019 	1744625	644.00	10.00	14.75	15.79	103981.40	145764	1	StephenHawking	
2564	0:29:11	1/1/2019 	1744906	123.00	8.00	7.24	15.79	103981.57	1824	0	StephenHawking	
2565	0:29:11	1/1/2019 	1745038	325.00	9.00	11.42	15.79	103981.57	3441	0	StephenHawking	
2566	0:29:11	1/1/2019 	1745621	783.00	41.00	21.55	15.79	103981.57	49804	0	StephenHawking	
2567	0:29:18	1/1/2019 	1752018	443.00	9.00	12.51	15.80	103984.39	289703	0	StephenHawking	
2568	0:29:20	1/1/2019 	1754482	950.00	238.00	49.00	15.80	103985.77	98708	1	StephenHawking	
2569	0:29:20	1/1/2019 	1754609	952.00	200.00	45.43	15.81	103986.38	49807	1	StephenHawking	
2570	0:29:21	1/1/2019 	1754677	937.00	133.00	36.38	15.81	103986.38	1830	0	StephenHawking	
2571	0:29:21	1/1/2019 	1754736	953.00	208.00	46.18	15.81	103986.38	3363	1	StephenHawking	
2572	0:29:26	1/1/2019 	1759816	935.00	136.00	36.92	15.81	103987.38	241730	1	StephenHawking	
2573	0:29:26	1/1/2019 	1759987	958.00	233.00	48.51	15.81	103987.81	2771	1	StephenHawking	
2574	0:29:29	1/1/2019 	1763017	955.00	256.00	50.93	15.82	103988.94	145769	0	StephenHawking	
2575	0:29:29	1/1/2019 	1763042	899.00	101.00	30.18	15.82	103988.94	1824	1	StephenHawking	
2576	0:29:32	1/1/2019 	1766286	891.00	97.00	29.40	15.82	103990.50	147282	1	StephenHawking	
2577	0:29:33	1/1/2019 	1767394	944.00	168.00	41.89	15.82	103990.77	49806	1	StephenHawking	
2578	0:29:34	1/1/2019 	1767921	780.00	52.00	22.62	15.82	103990.94	49803	0	StephenHawking	
2579	0:29:35	1/1/2019 	1768874	942.00	152.00	39.60	15.83	103991.51	49806	0	StephenHawking	
2580	0:29:37	1/1/2019 	1770722	959.00	328.00	61.89	15.83	103992.11	97785	1	StephenHawking	
2581	0:29:40	1/1/2019 	1774146	126.00	9.00	7.33	15.83	103993.33	146568	0	StephenHawking	
2582	0:29:41	1/1/2019 	1775080	971.00	601.00	105.12	15.84	103994.10	51302	1	StephenHawking	
2583	0:29:41	1/1/2019 	1775286	966.00	358.00	67.32	15.84	103994.10	1825	1	StephenHawking	
2584	0:29:42	1/1/2019 	1775696	818.00	72.00	25.05	15.84	103994.10	49804	0	StephenHawking	
2585	0:29:42	1/1/2019 	1776622	734.00	21.00	18.34	15.84	103994.50	49804	1	StephenHawking	
2586	0:29:43	1/1/2019 	1777139	963.00	405.00	75.08	15.84	103994.67	1824	1	StephenHawking	
2587	0:29:45	1/1/2019 	1779115	958.00	314.00	59.41	15.84	103995.28	98725	0	StephenHawking	
2588	0:29:45	1/1/2019 	1779637	958.00	269.00	52.52	15.84	103995.88	49803	1	StephenHawking	
2589	0:29:50	1/1/2019 	1783741	940.00	140.00	37.63	15.85	103997.62	194579	1	StephenHawking	
2590	0:29:50	1/1/2019 	1784256	120.00	9.00	7.15	15.85	103998.23	1828	0	StephenHawking	
2591	0:29:59	1/1/2019 	1792958	252.00	9.00	10.35	15.86	104001.39	433644	0	StephenHawking	
2592	0:30:08	1/1/2019 	1802267	971.00	746.00	133.99	15.88	104004.65	434506	1	StephenHawking	
2593	0:30:09	1/1/2019 	1803328	896.00	99.00	29.79	15.88	104004.88	52059	1	StephenHawking	
2594	0:30:11	1/1/2019 	1805609	937.00	133.00	36.38	15.88	104005.48	145773	0	StephenHawking	
2595	0:30:11	1/1/2019 	1805704	433.00	9.00	12.44	15.88	104005.66	1824	0	StephenHawking	
2596	0:30:11	1/1/2019 	1806275	908.00	105.00	30.97	15.89	104006.08	1823	1	StephenHawking	
2597	0:30:14	1/1/2019 	1808802	951.00	222.00	47.47	15.89	104007.64	145765	1	StephenHawking	
2598	0:30:15	1/1/2019 	1809562	417.00	9.00	12.32	15.89	104007.81	50790	0	StephenHawking	
2599	0:30:21	1/1/2019 	1816278	948.00	228.00	48.03	15.90	104010.55	289710	1	StephenHawking	
2600	0:30:22	1/1/2019 	1817062	140.00	9.00	7.74	15.90	104010.73	49805	0	StephenHawking	
2601	0:30:22	1/1/2019 	1817250	902.00	101.00	30.19	15.90	104011.16	1823	0	StephenHawking	
2602	0:30:24	1/1/2019 	1819284	834.00	76.00	25.66	15.91	104011.59	97786	1	StephenHawking	
2603	0:30:27	1/1/2019 	1821455	972.00	762.00	135.99	15.91	104012.17	97788	0	StephenHawking	
2604	0:30:31	1/1/2019 	1825701	968.00	568.00	97.91	15.92	104014.16	244054	0	StephenHawking	
2605	0:30:31	1/1/2019 	1825917	790.00	63.00	23.82	15.92	104014.16	1824	1	StephenHawking	
2606	0:30:32	1/1/2019 	1826406	415.00	9.00	12.30	15.92	104014.33	1822	0	StephenHawking	
2607	0:30:34	1/1/2019 	1829235	949.00	193.00	44.74	15.92	104016.03	145765	1	StephenHawking	
2608	0:30:35	1/1/2019 	1829785	848.00	77.00	25.85	15.92	104016.28	49804	1	StephenHawking	
2609	0:30:36	1/1/2019 	1830638	957.00	247.00	49.93	15.92	104016.28	50747	1	StephenHawking	
2610	0:30:36	1/1/2019 	1831102	717.00	15.00	16.67	15.92	104016.28	3475	0	StephenHawking	
2611	0:30:39	1/1/2019 	1833821	950.00	201.00	45.52	15.93	104017.33	145767	1	StephenHawking	
2612	0:30:42	1/1/2019 	1837301	961.00	377.00	70.63	15.94	104018.94	145769	1	StephenHawking	
2613	0:30:43	1/1/2019 	1837752	960.00	275.00	53.32	15.94	104019.11	49804	1	StephenHawking	
2614	0:30:44	1/1/2019 	1838562	973.00	800.00	142.66	15.94	104019.54	49804	1	StephenHawking	
2615	0:30:45	1/1/2019 	1839896	910.00	112.00	32.34	15.94	104019.89	53034	1	StephenHawking	
2616	0:30:45	1/1/2019 	1839936	973.00	574.00	99.11	15.94	104019.89	2642	1	StephenHawking	
2617	0:30:45	1/1/2019 	1840178	969.00	409.00	75.66	15.94	104020.32	1823	1	StephenHawking	
2618	0:30:45	1/1/2019 	1840275	943.00	144.00	38.31	15.94	104020.32	1823	1	StephenHawking	
2619	0:30:47	1/1/2019 	1842014	948.00	185.00	43.90	15.94	104020.92	97784	1	StephenHawking	
2620	0:30:50	1/1/2019 	1844766	173.00	9.00	8.65	15.95	104022.45	145761	1	StephenHawking	
2621	0:30:54	1/1/2019 	1849097	580.00	7.00	13.44	15.96	104024.80	195213	0	StephenHawking	
2622	0:30:56	1/1/2019 	1850575	952.00	217.00	47.01	15.96	104025.40	97786	1	StephenHawking	
2623	0:31:00	1/1/2019 	1854586	968.00	619.00	109.20	15.97	104027.19	194593	1	StephenHawking	
2624	0:31:00	1/1/2019 	1854699	534.00	9.00	13.23	15.97	104027.19	1824	0	StephenHawking	
2625	0:31:02	1/1/2019 	1856424	715.00	17.00	17.24	15.97	104027.96	49804	0	StephenHawking	
2626	0:31:05	1/1/2019 	1859665	807.00	62.00	23.76	15.97	104029.09	195238	0	StephenHawking	
2627	0:31:05	1/1/2019 	1859724	974.00	525.00	90.32	15.97	104029.09	1825	1	StephenHawking	
2628	0:31:06	1/1/2019 	1860602	851.00	80.00	26.32	15.97	104029.52	49804	1	StephenHawking	
2629	0:31:08	1/1/2019 	1862367	915.00	121.00	34.10	15.98	104030.45	49804	1	StephenHawking	
2630	0:31:08	1/1/2019 	1862738	687.00	13.00	15.93	15.98	104030.45	49803	0	StephenHawking	
2631	0:31:10	1/1/2019 	1864666	954.00	271.00	52.78	15.98	104031.39	97781	1	StephenHawking	
2632	0:31:10	1/1/2019 	1865081	948.00	164.00	41.35	15.98	104031.39	2896	1	StephenHawking	
2633	0:31:11	1/1/2019 	1865991	920.00	123.00	34.50	15.98	104032.35	49804	0	StephenHawking	
2634	0:31:12	1/1/2019 	1866879	309.00	9.00	11.21	15.98	104032.35	49803	0	StephenHawking	
2635	0:31:12	1/1/2019 	1867123	916.00	114.00	32.74	15.98	104032.95	1825	1	StephenHawking	
2636	0:31:18	1/1/2019 	1872942	954.00	256.00	50.93	15.99	104035.04	289700	0	StephenHawking	
2637	0:31:20	1/1/2019 	1874739	809.00	65.00	24.12	15.99	104036.39	98670	0	StephenHawking	
2638	0:31:22	1/1/2019 	1876597	958.00	247.00	49.93	16.00	104037.17	99299	1	StephenHawking	
2639	0:31:22	1/1/2019 	1876756	303.00	9.00	11.13	16.00	104037.17	1824	0	StephenHawking	
2640	0:31:24	1/1/2019 	1878593	973.00	590.00	102.53	16.00	104038.12	97782	0	StephenHawking	
2641	0:31:30	1/1/2019 	1884356	91.00	9.00	6.37	16.01	104039.99	241725	0	StephenHawking	
2642	0:31:32	1/1/2019 	1886366	946.00	177.00	43.00	16.01	104040.25	98695	1	StephenHawking	
2643	0:31:32	1/1/2019 	1886470	931.00	126.00	35.08	16.01	104040.25	3353	1	StephenHawking	
2644	0:31:32	1/1/2019 	1887138	954.00	178.00	43.12	16.01	104040.25	49802	1	StephenHawking	
2645	0:31:33	1/1/2019 	1887702	930.00	125.00	34.89	16.01	104040.50	49802	1	StephenHawking	
2646	0:31:34	1/1/2019 	1888495	968.00	463.00	82.48	16.01	104040.50	1824	0	StephenHawking	
2647	0:31:35	1/1/2019 	1890096	970.00	680.00	122.70	16.02	104041.29	97779	1	StephenHawking	
2648	0:31:37	1/1/2019 	1891490	396.00	9.00	12.15	16.02	104041.69	50740	0	StephenHawking	
2649	0:31:37	1/1/2019 	1891839	976.00	666.00	119.96	16.02	104041.69	51451	1	StephenHawking	
2650	0:31:38	1/1/2019 	1892327	980.00	753.00	134.75	16.02	104041.69	1822	1	StephenHawking	
2651	0:31:38	1/1/2019 	1892892	980.00	802.00	142.53	16.02	104042.12	49803	0	StephenHawking	
2652	0:31:41	1/1/2019 	1895793	815.00	66.00	24.26	16.02	104042.89	145757	1	StephenHawking	
2653	0:31:42	1/1/2019 	1897043	967.00	609.00	107.01	16.03	104043.50	49803	1	StephenHawking	
2654	0:31:46	1/1/2019 	1900380	964.00	369.00	69.27	16.03	104043.59	146785	0	StephenHawking	
2655	0:31:46	1/1/2019 	1900553	328.00	9.00	11.45	16.03	104043.59	50603	0	StephenHawking	
2656	0:31:46	1/1/2019 	1901012	835.00	73.00	25.23	16.03	104043.81	1823	1	StephenHawking	
2657	0:31:49	1/1/2019 	1904277	178.00	9.00	8.78	16.04	104044.50	145755	0	StephenHawking	
2658	0:31:53	1/1/2019 	1908062	677.00	12.00	15.57	16.04	104044.66	193734	0	StephenHawking	
2659	0:31:58	1/1/2019 	1912671	952.00	252.00	50.47	16.05	104045.84	241717	1	StephenHawking	
2660	0:32:01	1/1/2019 	1915358	916.00	115.00	32.94	16.05	104047.05	99951	1	StephenHawking	
2661	0:32:02	1/1/2019 	1916634	952.00	225.00	47.75	16.05	104047.49	97784	0	StephenHawking	
2662	0:32:02	1/1/2019 	1916797	956.00	212.00	46.55	16.05	104047.49	1824	0	StephenHawking	
2663	0:32:03	1/1/2019 	1917691	115.00	9.00	7.01	16.05	104047.66	49803	0	StephenHawking	
2664	0:32:04	1/1/2019 	1918633	934.00	132.00	36.20	16.06	104047.92	49802	0	StephenHawking	
2665	0:32:05	1/1/2019 	1919807	948.00	164.00	41.35	16.06	104047.92	49804	0	StephenHawking	
2666	0:32:05	1/1/2019 	1919874	959.00	270.00	52.65	16.06	104047.92	4141	1	StephenHawking	
2667	0:32:06	1/1/2019 	1920555	946.00	180.00	43.35	16.06	104048.31	49805	1	StephenHawking	
2668	0:32:06	1/1/2019 	1920680	866.00	84.00	27.01	16.06	104048.50	1824	0	StephenHawking	
2669	0:32:06	1/1/2019 	1921216	105.00	9.00	6.73	16.06	104048.50	1822	0	StephenHawking	
2670	0:32:07	1/1/2019 	1921418	943.00	152.00	39.60	16.06	104049.10	1821	0	StephenHawking	
2671	0:32:07	1/1/2019 	1921759	945.00	140.00	37.63	16.06	104049.10	50768	1	StephenHawking	
2672	0:32:10	1/1/2019 	1925183	654.00	11.00	15.11	16.07	104050.48	145764	1	StephenHawking	
2673	0:32:11	1/1/2019 	1925383	937.00	136.00	36.92	16.07	104050.48	1824	1	StephenHawking	
2674	0:32:11	1/1/2019 	1926150	798.00	62.00	23.73	16.07	104051.27	49804	1	StephenHawking	
2675	0:32:16	1/1/2019 	1930564	697.00	13.00	15.98	16.07	104053.14	241726	1	StephenHawking	
2676	0:32:16	1/1/2019 	1931316	962.00	296.00	56.42	16.08	104053.57	2703	1	StephenHawking	
2677	0:32:37	1/1/2019 	1952217	907.00	108.00	31.55	16.11	104059.73	1010905	0	StephenHawking	
2678	0:32:40	1/1/2019 	1955281	77.00	8.00	6.08	16.11	104060.47	146668	0	StephenHawking	
2679	0:32:41	1/1/2019 	1955783	963.00	432.00	78.77	16.12	104061.08	49803	1	StephenHawking	
2680	0:32:44	1/1/2019 	1959000	154.00	9.00	8.13	16.12	104061.94	145766	0	StephenHawking	
2681	0:32:44	1/1/2019 	1959190	949.00	176.00	42.88	16.12	104062.12	1822	1	StephenHawking	
2682	0:32:46	1/1/2019 	1961120	946.00	180.00	43.35	16.12	104062.38	97785	0	StephenHawking	
2683	0:32:47	1/1/2019 	1961557	966.00	425.00	77.87	16.12	104062.38	52259	1	StephenHawking	
2684	0:32:47	1/1/2019 	1962267	168.00	9.00	8.52	16.12	104062.55	1829	0	StephenHawking	
2685	0:32:49	1/1/2019 	1963803	959.00	317.00	59.93	16.13	104063.16	97782	1	StephenHawking	
2686	0:32:49	1/1/2019 	1964311	977.00	594.00	103.52	16.13	104063.16	1825	1	StephenHawking	
2687	0:32:50	1/1/2019 	1965104	130.00	9.00	7.44	16.13	104063.55	49803	0	StephenHawking	
2688	0:32:53	1/1/2019 	1967393	463.00	9.00	12.65	16.13	104064.16	98796	0	StephenHawking	
2689	0:32:54	1/1/2019 	1969223	907.00	109.00	31.75	16.13	104064.94	97784	1	StephenHawking	
2690	0:32:55	1/1/2019 	1969623	961.00	295.00	56.26	16.13	104065.11	49805	1	StephenHawking	
2691	0:32:55	1/1/2019 	1970060	920.00	119.00	33.72	16.14	104065.72	2782	1	StephenHawking	
2692	0:32:58	1/1/2019 	1973101	910.00	111.00	32.15	16.14	104067.42	145767	1	StephenHawking	
2693	0:32:59	1/1/2019 	1973608	953.00	237.00	48.90	16.14	104067.59	49804	1	StephenHawking	
2694	0:33:00	1/1/2019 	1974344	942.00	156.00	40.21	16.14	104068.03	3380	1	StephenHawking	
2695	0:33:09	1/1/2019 	1983847	944.00	158.00	40.51	16.16	104072.94	481633	1	StephenHawking	
2696	0:33:09	1/1/2019 	1984271	948.00	142.00	37.97	16.16	104072.94	2636	0	StephenHawking	
2697	0:33:12	1/1/2019 	1986326	141.00	9.00	7.76	16.16	104074.41	97783	0	StephenHawking	
2698	0:33:14	1/1/2019 	1988633	964.00	372.00	69.78	16.16	104075.97	145767	0	StephenHawking	
2699	0:33:15	1/1/2019 	1989652	532.00	9.00	13.21	16.16	104076.33	51273	0	StephenHawking	
2700	0:33:15	1/1/2019 	1989734	974.00	462.00	82.34	16.16	104076.33	2660	1	StephenHawking	
2701	0:33:15	1/1/2019 	1990061	453.00	9.00	12.58	16.16	104076.67	1823	0	StephenHawking	
2702	0:33:15	1/1/2019 	1990211	912.00	111.00	32.15	16.16	104076.67	1822	1	StephenHawking	
2703	0:33:15	1/1/2019 	1990315	947.00	145.00	38.48	16.16	104076.67	1822	0	StephenHawking	
2704	0:33:18	1/1/2019 	1993242	720.00	17.00	17.26	16.17	104078.38	145763	0	StephenHawking	
2705	0:33:20	1/1/2019 	1995193	954.00	277.00	53.59	16.17	104079.50	99269	1	StephenHawking	
2706	0:33:21	1/1/2019 	1995417	940.00	136.00	36.93	16.17	104079.67	1825	1	StephenHawking	
2707	0:33:23	1/1/2019 	1998049	960.00	369.00	69.27	16.17	104080.80	145762	1	StephenHawking	
2708	0:33:24	1/1/2019 	1998365	79.00	9.00	6.12	16.17	104080.97	1824	1	StephenHawking	
2709	0:33:24	1/1/2019 	1999074	785.00	52.00	22.64	16.17	104081.15	49801	0	StephenHawking	
2710	0:33:25	1/1/2019 	1999616	959.00	309.00	58.56	16.17	104081.15	49802	1	StephenHawking	
2711	0:33:26	1/1/2019 	2000701	889.00	95.00	29.02	16.18	104081.93	52047	0	StephenHawking	
2712	0:33:26	1/1/2019 	2001168	435.00	9.00	12.45	16.18	104081.93	1823	0	StephenHawking	
2713	0:33:30	1/1/2019 	2004880	711.00	15.00	16.65	16.18	104083.23	193741	1	StephenHawking	
2714	0:33:31	1/1/2019 	2006286	909.00	112.00	32.34	16.18	104083.84	49804	1	StephenHawking	
2715	0:33:32	1/1/2019 	2007146	878.00	89.00	27.90	16.18	104083.66	49806	1	StephenHawking	
2716	0:33:32	1/1/2019 	2007293	976.00	649.00	116.25	16.18	104083.48	2800	1	StephenHawking	
2717	0:33:33	1/1/2019 	2007782	940.00	148.00	38.97	16.18	104083.48	49803	1	StephenHawking	
2718	0:33:37	1/1/2019 	2011825	952.00	225.00	47.75	16.19	104083.97	193739	1	StephenHawking	
2719	0:33:37	1/1/2019 	2012101	942.00	144.00	38.31	16.19	104083.80	2722	1	StephenHawking	
2720	0:33:37	1/1/2019 	2012185	977.00	599.00	104.70	16.19	104083.80	1823	1	StephenHawking	
2721	0:33:39	1/1/2019 	2013892	862.00	84.00	26.99	16.19	104084.58	97784	1	StephenHawking	
2722	0:33:41	1/1/2019 	2015330	969.00	460.00	82.12	16.19	104085.01	51323	1	StephenHawking	
2723	0:33:44	1/1/2019 	2019301	958.00	245.00	49.71	16.20	104085.67	193745	0	StephenHawking	
2724	0:33:45	1/1/2019 	2019398	96.00	9.00	6.49	16.20	104085.84	1824	0	StephenHawking	
2725	0:33:48	1/1/2019 	2023070	563.00	9.00	13.56	16.20	104086.88	193743	0	StephenHawking	
2726	0:33:50	1/1/2019 	2024487	951.00	204.00	45.81	16.20	104087.31	50732	0	StephenHawking	
2727	0:33:50	1/1/2019 	2024603	544.00	9.00	13.34	16.20	104087.31	51336	0	StephenHawking	
2728	0:33:50	1/1/2019 	2024733	946.00	185.00	43.90	16.20	104087.48	1822	1	StephenHawking	
2729	0:33:51	1/1/2019 	2025688	107.00	9.00	6.78	16.20	104087.83	49802	1	StephenHawking	
2730	0:33:53	1/1/2019 	2028179	526.00	9.00	13.15	16.21	104089.39	97781	1	StephenHawking	
2731	0:33:53	1/1/2019 	2028299	880.00	90.00	28.08	16.21	104089.39	1823	1	StephenHawking	
2732	0:33:58	1/1/2019 	2033177	783.00	46.00	22.05	16.21	104091.44	241721	0	StephenHawking	
2733	0:33:59	1/1/2019 	2034161	972.00	670.00	120.65	16.21	104091.62	52182	1	StephenHawking	
2734	0:34:02	1/1/2019 	2036859	255.00	9.00	10.40	16.22	104093.44	145761	1	StephenHawking	
2735	0:34:03	1/1/2019 	2037398	968.00	559.00	96.14	16.22	104094.05	1823	1	StephenHawking	
2736	0:34:04	1/1/2019 	2038976	950.00	222.00	47.47	16.22	104095.00	97784	1	StephenHawking	
2737	0:34:05	1/1/2019 	2039494	73.00	9.00	6.02	16.22	104095.17	1823	0	StephenHawking	
2738	0:34:05	1/1/2019 	2039895	967.00	307.00	58.22	16.22	104095.34	49801	1	StephenHawking	
2739	0:34:05	1/1/2019 	2040087	548.00	9.00	13.38	16.22	104095.34	3964	0	StephenHawking	
2740	0:34:06	1/1/2019 	2040991	835.00	72.00	25.10	16.22	104095.92	49802	0	StephenHawking	
2741	0:34:09	1/1/2019 	2043861	970.00	589.00	102.36	16.22	104095.75	145761	0	StephenHawking	
2742	0:34:10	1/1/2019 	2044745	945.00	168.00	41.89	16.23	104096.35	49804	1	StephenHawking	
2743	0:34:11	1/1/2019 	2045424	164.00	9.00	8.41	16.23	104096.35	1824	0	StephenHawking	
2744	0:34:11	1/1/2019 	2045690	963.00	289.00	55.33	16.23	104096.35	50843	1	StephenHawking	
2745	0:34:12	1/1/2019 	2046748	125.00	9.00	7.30	16.23	104097.14	49801	0	StephenHawking	
2746	0:34:14	1/1/2019 	2048949	965.00	373.00	69.96	16.23	104097.73	97779	0	StephenHawking	
2747	0:34:16	1/1/2019 	2051116	597.00	9.00	13.99	16.24	104098.26	97781	0	StephenHawking	
2748	0:34:19	1/1/2019 	2053829	958.00	281.00	54.16	16.24	104098.30	146596	1	StephenHawking	
2749	0:34:19	1/1/2019 	2053831	911.00	107.00	31.37	16.24	104098.30	1824	1	StephenHawking	
2750	0:34:20	1/1/2019 	2055313	950.00	221.00	47.38	16.24	104098.39	51285	1	StephenHawking	
2751	0:34:21	1/1/2019 	2056029	846.00	76.00	25.69	16.24	104098.73	49803	1	StephenHawking	
2752	0:34:24	1/1/2019 	2058629	960.00	352.00	66.24	16.25	104099.60	145760	1	StephenHawking	
2753	0:34:28	1/1/2019 	2062922	737.00	21.00	18.35	16.25	104101.12	193743	0	StephenHawking	
2754	0:34:29	1/1/2019 	2064181	60.00	9.00	5.89	16.25	104100.78	50670	0	StephenHawking	
2755	0:34:36	1/1/2019 	2070897	938.00	134.00	36.57	16.26	104102.86	337679	1	StephenHawking	
2756	0:34:39	1/1/2019 	2073962	414.00	10.00	12.36	16.27	104103.86	147999	0	StephenHawking	
2757	0:34:40	1/1/2019 	2074680	958.00	268.00	52.39	16.27	104103.69	49804	1	StephenHawking	
2758	0:34:40	1/1/2019 	2075063	974.00	673.00	121.52	16.27	104103.69	1825	1	StephenHawking	
2759	0:34:40	1/1/2019 	2075205	959.00	271.00	52.78	16.27	104103.69	1822	1	StephenHawking	
2760	0:34:41	1/1/2019 	2075499	928.00	127.00	35.27	16.27	104103.95	1823	0	StephenHawking	
2761	0:34:43	1/1/2019 	2078316	941.00	158.00	40.51	16.27	104104.73	146823	1	StephenHawking	
2762	0:34:45	1/1/2019 	2079838	960.00	287.00	55.03	16.27	104104.90	97783	1	StephenHawking	
2763	0:34:48	1/1/2019 	2082677	970.00	662.00	118.91	16.28	104105.94	146671	1	StephenHawking	
2764	0:34:48	1/1/2019 	2083253	975.00	659.00	118.48	16.28	104106.11	1825	0	StephenHawking	
2765	0:34:49	1/1/2019 	2083867	76.00	10.00	6.07	16.28	104106.46	49802	0	StephenHawking	
2766	0:34:54	1/1/2019 	2088681	685.00	12.00	15.61	16.28	104115.56	241718	0	StephenHawking	
2767	0:34:54	1/1/2019 	2089015	969.00	372.00	69.78	16.28	104115.56	3353	0	StephenHawking	
2768	0:34:54	1/1/2019 	2089238	98.00	9.00	6.54	16.28	104116.25	1822	0	StephenHawking	
2769	0:34:56	1/1/2019 	2090461	961.00	326.00	61.53	16.29	104117.03	49801	1	StephenHawking	
2770	0:34:57	1/1/2019 	2091904	633.00	10.00	14.64	16.29	104115.38	98723	0	StephenHawking	
2771	0:34:59	1/1/2019 	2093393	949.00	185.00	43.90	16.29	104110.23	49812	0	StephenHawking	
2772	0:34:59	1/1/2019 	2093495	884.00	92.00	28.45	16.29	104110.23	3369	0	StephenHawking	
2773	0:34:59	1/1/2019 	2094105	906.00	104.00	30.77	16.29	104108.15	49805	1	StephenHawking	
2774	0:35:02	1/1/2019 	2096407	873.00	89.00	27.88	16.29	104098.97	97783	1	StephenHawking	
2775	0:35:02	1/1/2019 	2097101	886.00	91.00	28.28	16.30	104096.96	49805	1	StephenHawking	
2776	0:35:06	1/1/2019 	2100635	737.00	21.00	18.35	16.30	104084.16	193747	0	StephenHawking	
2777	0:35:07	1/1/2019 	2102085	963.00	383.00	71.64	16.30	104079.80	50767	1	StephenHawking	
2778	0:35:12	1/1/2019 	2106094	958.00	347.00	65.33	16.30	104065.61	197609	0	StephenHawking	
2779	0:35:14	1/1/2019 	2108120	913.00	113.00	32.54	16.30	104060.21	97786	0	StephenHawking	
2780	0:35:14	1/1/2019 	2108274	962.00	265.00	52.01	16.30	104060.21	1824	1	StephenHawking	
2781	0:35:20	1/1/2019 	2114306	919.00	122.00	34.30	16.30	104045.31	289709	1	StephenHawking	
2782	0:35:20	1/1/2019 	2114591	578.00	9.00	13.74	16.30	104043.23	50620	0	StephenHawking	
2783	0:35:26	1/1/2019 	2120801	913.00	115.00	32.93	16.30	104024.86	289702	0	StephenHawking	
2784	0:35:29	1/1/2019 	2123990	957.00	243.00	49.50	16.30	104016.59	147971	0	StephenHawking	
2785	0:35:32	1/1/2019 	2126176	915.00	118.00	33.52	16.30	104012.76	97788	1	StephenHawking	
2786	0:35:32	1/1/2019 	2126634	790.00	48.00	22.27	16.30	104011.72	49806	1	StephenHawking	
2787	0:35:33	1/1/2019 	2127607	954.00	232.00	48.41	16.30	104009.80	49803	0	StephenHawking	
2788	0:35:37	1/1/2019 	2131907	939.00	143.00	38.14	16.29	104004.23	193748	1	StephenHawking	
2789	0:35:43	1/1/2019 	2137576	832.00	74.00	25.37	16.29	103998.00	291940	1	StephenHawking	
2790	0:35:49	1/1/2019 	2143199	964.00	468.00	83.05	16.29	103991.48	241726	1	StephenHawking	
2791	0:35:52	1/1/2019 	2146329	973.00	802.00	142.53	16.29	103987.12	146650	0	StephenHawking	
2792	0:35:52	1/1/2019 	2146914	137.00	5.00	7.63	16.29	103986.61	49807	0	StephenHawking	
2793	0:36:00	1/1/2019 	2154465	535.00	9.00	13.24	16.28	103978.16	337684	0	StephenHawking	
2794	0:36:06	1/1/2019 	2160649	159.00	9.00	8.27	16.28	103974.07	338588	0	StephenHawking	
2795	0:36:08	1/1/2019 	2162918	149.00	9.00	7.99	16.28	103972.51	100120	0	StephenHawking	
2796	0:36:14	1/1/2019 	2168134	947.00	163.00	41.22	16.28	103969.98	241726	0	StephenHawking	
2797	0:36:20	1/1/2019 	2174867	949.00	198.00	45.23	16.28	103966.50	337683	1	StephenHawking	
2798	0:36:24	1/1/2019 	2179074	888.00	89.00	27.93	16.28	103965.11	194691	0	StephenHawking	
2799	0:36:26	1/1/2019 	2180883	980.00	887.00	164.80	16.28	103964.94	97786	1	StephenHawking	
2800	0:36:39	1/1/2019 	2193721	171.00	8.00	8.59	16.28	103960.31	630167	0	StephenHawking	
2801	0:36:39	1/1/2019 	2193829	960.00	228.00	48.03	16.28	103960.14	2641	0	StephenHawking	
2802	0:36:39	1/1/2019 	2194032	161.00	9.00	8.33	16.28	103960.14	1822	0	StephenHawking	
2803	0:36:41	1/1/2019 	2195603	942.00	148.00	38.97	16.28	103959.97	97783	1	StephenHawking	
2804	0:36:45	1/1/2019 	2199673	930.00	127.00	35.27	16.28	103959.97	193747	1	StephenHawking	
2805	0:36:57	1/1/2019 	2211790	945.00	160.00	40.80	16.27	103956.09	578428	1	StephenHawking	
2806	0:36:57	1/1/2019 	2211850	965.00	330.00	62.25	16.27	103956.62	4144	1	StephenHawking	
2807	0:37:01	1/1/2019 	2215188	913.00	112.00	32.35	16.27	103957.23	145767	1	StephenHawking	
2808	0:37:02	1/1/2019 	2216354	962.00	312.00	59.07	16.27	103957.58	49806	1	StephenHawking	
2809	0:37:03	1/1/2019 	2217714	639.00	9.00	14.45	16.27	103957.75	97786	0	StephenHawking	
2810	0:37:06	1/1/2019 	2220123	967.00	418.00	76.93	16.27	103957.15	97785	1	StephenHawking	
2811	0:37:06	1/1/2019 	2220597	930.00	126.00	35.08	16.27	103957.15	52067	1	StephenHawking	
2812	0:37:08	1/1/2019 	2222127	909.00	111.00	32.14	16.27	103957.15	49802	1	StephenHawking	
2813	0:37:11	1/1/2019 	2225282	848.00	76.00	25.70	16.27	103956.62	145767	1	StephenHawking	
2814	0:37:12	1/1/2019 	2226491	898.00	98.00	29.61	16.27	103956.71	49809	0	StephenHawking	
2815	0:37:13	1/1/2019 	2227328	937.00	130.00	35.83	16.27	103956.53	49803	1	StephenHawking	
2816	0:37:13	1/1/2019 	2227935	149.00	9.00	7.99	16.27	103956.36	49803	0	StephenHawking	
2817	0:37:23	1/1/2019 	2237361	908.00	109.00	31.75	16.27	103954.09	434625	1	StephenHawking	
2818	0:37:24	1/1/2019 	2238265	966.00	374.00	70.13	16.27	103953.92	50718	1	StephenHawking	
2819	0:37:25	1/1/2019 	2239439	886.00	91.00	28.28	16.27	103954.00	49805	1	StephenHawking	
2820	0:37:29	1/1/2019 	2243752	101.00	9.00	6.62	16.27	103952.79	241722	0	StephenHawking	
2821	0:37:29	1/1/2019 	2243783	68.00	9.00	5.95	16.27	103952.79	2753	1	StephenHawking	
2822	0:37:36	1/1/2019 	2250295	912.00	113.00	32.54	16.28	103950.95	289704	1	StephenHawking	
2823	0:37:41	1/1/2019 	2255376	205.00	9.00	9.42	16.28	103951.48	244094	0	StephenHawking	
2824	0:37:41	1/1/2019 	2255618	603.00	9.00	14.06	16.28	103951.48	49801	0	StephenHawking	
2825	0:37:42	1/1/2019 	2256892	698.00	14.00	16.29	16.27	103951.57	49802	1	StephenHawking	
2826	0:37:42	1/1/2019 	2256951	94.00	9.00	6.44	16.27	103951.57	1823	0	StephenHawking	
2827	0:37:45	1/1/2019 	2259353	787.00	44.00	21.87	16.27	103952.61	97777	1	StephenHawking	
2828	0:37:45	1/1/2019 	2259675	957.00	217.00	47.01	16.27	103952.79	50832	0	StephenHawking	
2829	0:37:46	1/1/2019 	2260134	962.00	354.00	66.60	16.27	103952.96	2633	1	StephenHawking	
2830	0:37:46	1/1/2019 	2260241	947.00	146.00	38.64	16.27	103952.96	1824	1	StephenHawking	
2831	0:37:48	1/1/2019 	2262378	956.00	286.00	54.88	16.27	103953.13	97782	1	StephenHawking	
2832	0:37:55	1/1/2019 	2269327	947.00	167.00	41.76	16.28	103952.75	337672	1	StephenHawking	
2833	0:37:58	1/1/2019 	2272323	956.00	221.00	47.38	16.28	103952.31	145760	0	StephenHawking	
2834	0:37:59	1/1/2019 	2273440	91.00	9.00	6.37	16.28	103951.95	51981	0	StephenHawking	
2835	0:37:59	1/1/2019 	2274022	101.00	9.00	6.62	16.28	103951.95	49800	0	StephenHawking	
2836	0:38:01	1/1/2019 	2275844	794.00	58.00	23.28	16.28	103951.09	97778	0	StephenHawking	
2837	0:38:03	1/1/2019 	2277234	959.00	351.00	66.06	16.28	103950.73	49804	0	StephenHawking	
2838	0:38:29	1/1/2019 	2303965	699.00	13.00	15.98	16.28	103954.48	1297274	1	StephenHawking	
2839	0:38:30	1/1/2019 	2304608	893.00	98.00	29.59	16.28	103954.12	50659	1	StephenHawking	
2840	0:38:34	1/1/2019 	2308235	428.00	9.00	12.40	16.28	103953.26	147258	1	StephenHawking	
2841	0:38:38	1/1/2019 	2312124	961.00	282.00	54.30	16.28	103951.78	193742	1	StephenHawking	
2842	0:38:46	1/1/2019 	2321011	918.00	118.00	33.53	16.28	103953.70	434519	1	StephenHawking	
2843	0:38:50	1/1/2019 	2324953	958.00	314.00	59.41	16.28	103954.57	194642	0	StephenHawking	
2844	0:38:53	1/1/2019 	2327465	890.00	95.00	29.02	16.28	103955.70	97785	1	StephenHawking	
2845	0:38:53	1/1/2019 	2328079	963.00	340.00	64.06	16.28	103956.05	51323	1	StephenHawking	
2846	0:38:58	1/1/2019 	2332483	938.00	130.00	35.83	16.28	103956.66	193745	0	StephenHawking	
2847	0:38:58	1/1/2019 	2332617	973.00	405.00	75.08	16.28	103956.66	50727	1	StephenHawking	
2848	0:38:58	1/1/2019 	2332705	616.00	9.00	14.22	16.28	103956.66	1822	0	StephenHawking	
2849	0:39:03	1/1/2019 	2337373	949.00	197.00	45.14	16.28	103958.31	193744	0	StephenHawking	
2850	0:39:03	1/1/2019 	2337874	427.00	9.00	12.39	16.28	103958.48	49804	0	StephenHawking	
2851	0:39:06	1/1/2019 	2340881	263.00	9.00	10.53	16.28	103957.97	147301	0	StephenHawking	
2852	0:39:09	1/1/2019 	2343324	959.00	319.00	60.28	16.29	103958.05	98731	1	StephenHawking	
2853	0:39:10	1/1/2019 	2344772	908.00	109.00	31.75	16.29	103957.70	97784	1	StephenHawking	
2854	0:39:18	1/1/2019 	2352165	908.00	110.00	31.95	16.29	103956.64	337686	1	StephenHawking	
2855	0:39:20	1/1/2019 	2354455	903.00	105.00	30.96	16.29	103956.64	98748	1	StephenHawking	
2856	0:39:20	1/1/2019 	2354628	976.00	761.00	136.35	16.29	103956.64	53566	1	StephenHawking	
2857	0:39:23	1/1/2019 	2357657	346.00	9.00	11.66	16.29	103957.09	145761	0	StephenHawking	
2858	0:39:24	1/1/2019 	2358712	935.00	131.00	36.02	16.29	103957.61	49803	1	StephenHawking	
2859	0:39:32	1/1/2019 	2366172	956.00	235.00	48.70	16.29	103960.30	337685	1	StephenHawking	
2860	0:39:39	1/1/2019 	2373757	960.00	289.00	55.33	16.29	103961.75	386486	1	StephenHawking	
2861	0:39:46	1/1/2019 	2380481	778.00	36.00	20.99	16.30	103960.08	290536	0	StephenHawking	
2862	0:39:47	1/1/2019 	2381227	940.00	143.00	38.14	16.30	103960.52	52027	1	StephenHawking	
2863	0:39:50	1/1/2019 	2384210	913.00	112.00	32.35	16.30	103960.17	145763	1	StephenHawking	
2864	0:39:54	1/1/2019 	2388641	530.00	9.00	13.19	16.30	103960.08	241723	1	StephenHawking	
2865	0:39:58	1/1/2019 	2392491	911.00	109.00	31.76	16.30	103960.77	145762	0	StephenHawking	
2866	0:39:59	1/1/2019 	2394076	416.00	9.00	12.31	16.30	103960.95	98662	0	StephenHawking	
2867	0:40:07	1/1/2019 	2401791	929.00	128.00	35.45	16.30	103962.87	387175	1	StephenHawking	
2868	0:40:08	1/1/2019 	2402725	912.00	114.00	32.74	16.30	103963.21	50710	1	StephenHawking	
2869	0:40:16	1/1/2019 	2410203	838.00	70.00	24.83	16.30	103964.78	337692	1	StephenHawking	
2870	0:40:16	1/1/2019 	2410741	432.00	9.00	12.43	16.30	103964.78	50728	0	StephenHawking	
2871	0:40:18	1/1/2019 	2412254	976.00	741.00	132.93	16.30	103964.95	49802	1	StephenHawking	
2872	0:40:18	1/1/2019 	2413011	984.00	867.00	158.35	16.30	103964.95	49804	0	StephenHawking	
2873	0:40:23	1/1/2019 	2417446	968.00	401.00	74.48	16.30	103964.43	195282	1	StephenHawking	
2874	0:40:23	1/1/2019 	2417984	977.00	584.00	101.23	16.30	103964.69	49804	0	StephenHawking	
2875	0:40:24	1/1/2019 	2418487	956.00	245.00	49.71	16.30	103964.52	1823	0	StephenHawking	
2876	0:40:26	1/1/2019 	2420660	842.00	76.00	25.68	16.31	103964.56	145765	0	StephenHawking	
2877	0:40:38	1/1/2019 	2432760	938.00	134.00	36.57	16.31	103963.86	578535	1	StephenHawking	
2878	0:40:38	1/1/2019 	2432979	59.00	8.00	5.89	16.31	103963.86	2791	0	StephenHawking	
2879	0:40:42	1/1/2019 	2436738	784.00	39.00	21.34	16.31	103964.56	197505	0	StephenHawking	
2880	0:40:52	1/1/2019 	2446449	957.00	246.00	49.82	16.31	103966.99	433640	1	StephenHawking	
2881	0:40:53	1/1/2019 	2448114	284.00	9.00	10.86	16.31	103967.42	98601	0	StephenHawking	
2882	0:40:56	1/1/2019 	2451174	789.00	58.00	23.26	16.32	103966.64	145761	1	StephenHawking	
2883	0:40:57	1/1/2019 	2452028	964.00	305.00	57.88	16.32	103965.94	50640	0	StephenHawking	
2884	0:40:58	1/1/2019 	2452422	105.00	9.00	6.73	16.32	103965.94	3305	0	StephenHawking	
2885	0:40:58	1/1/2019 	2452868	973.00	614.00	108.08	16.32	103965.59	49803	1	StephenHawking	
2886	0:41:00	1/1/2019 	2454239	826.00	70.00	24.80	16.32	103965.42	49803	0	StephenHawking	
2887	0:41:00	1/1/2019 	2454743	93.00	9.00	6.42	16.32	103965.42	49803	0	StephenHawking	
2888	0:41:07	1/1/2019 	2461399	205.00	9.00	9.42	16.32	103967.86	289699	0	StephenHawking	
2889	0:41:09	1/1/2019 	2463279	972.00	565.00	97.33	16.32	103968.73	98643	0	StephenHawking	
2890	0:41:14	1/1/2019 	2468592	786.00	52.00	22.64	16.32	103969.59	291196	0	StephenHawking	
2891	0:41:22	1/1/2019 	2476216	658.00	10.00	14.86	16.32	103969.21	337669	0	StephenHawking	
2892	0:41:24	1/1/2019 	2478903	126.00	9.00	7.33	16.32	103969.73	146647	0	StephenHawking	
2893	0:41:29	1/1/2019 	2483550	967.00	598.00	104.34	16.32	103969.33	241718	1	StephenHawking	
2894	0:41:30	1/1/2019 	2484667	957.00	241.00	49.30	16.32	103969.38	50711	1	StephenHawking	
2895	0:41:33	1/1/2019 	2488012	814.00	64.00	24.02	16.32	103969.12	147286	1	StephenHawking	
2896	0:41:34	1/1/2019 	2488769	954.00	225.00	47.75	16.32	103968.95	49803	0	StephenHawking	
2897	0:41:36	1/1/2019 	2491176	606.00	10.00	14.29	16.32	103969.29	97781	1	StephenHawking	
2898	0:41:40	1/1/2019 	2495016	749.00	27.00	19.60	16.32	103970.34	194670	0	StephenHawking	
2899	0:41:40	1/1/2019 	2495150	960.00	239.00	49.10	16.32	103970.34	1824	1	StephenHawking	
2900	0:41:45	1/1/2019 	2499872	152.00	9.00	8.08	16.33	103970.50	241717	0	StephenHawking	
2901	0:41:49	1/1/2019 	2503428	945.00	149.00	39.13	16.33	103969.98	148136	1	StephenHawking	
2902	0:42:05	1/1/2019 	2519499	969.00	463.00	82.48	16.34	103970.62	769471	0	StephenHawking	
2903	0:42:05	1/1/2019 	2519735	976.00	543.00	93.22	16.34	103970.62	50614	1	StephenHawking	
2904	0:42:05	1/1/2019 	2519792	636.00	10.00	14.67	16.34	103970.62	2653	0	StephenHawking	
2905	0:42:06	1/1/2019 	2521075	955.00	268.00	52.39	16.34	103970.71	49808	1	StephenHawking	
2906	0:42:17	1/1/2019 	2531787	852.00	79.00	26.16	16.34	103974.54	529586	1	StephenHawking	
2907	0:42:18	1/1/2019 	2533098	981.00	915.00	182.38	16.34	103974.54	52011	0	StephenHawking	
2908	0:42:19	1/1/2019 	2533629	918.00	120.00	33.92	16.34	103974.54	49803	1	StephenHawking	
2909	0:42:23	1/1/2019 	2537229	902.00	103.00	30.57	16.34	103974.98	145761	1	StephenHawking	
2910	0:42:29	1/1/2019 	2544177	165.00	9.00	8.44	16.34	103974.11	337677	0	StephenHawking	
2911	0:42:33	1/1/2019 	2547661	724.00	17.00	17.28	16.35	103975.58	194605	1	StephenHawking	
2912	0:42:42	1/1/2019 	2556850	949.00	168.00	41.89	16.35	103977.38	435237	1	StephenHawking	
2913	0:42:45	1/1/2019 	2559457	958.00	278.00	53.73	16.35	103978.06	98674	0	StephenHawking	
2914	0:42:59	1/1/2019 	2573625	705.00	15.00	16.62	16.35	103980.62	721504	0	StephenHawking	
2915	0:43:03	1/1/2019 	2577883	182.00	9.00	8.88	16.35	103980.45	194653	0	StephenHawking	
2916	0:43:04	1/1/2019 	2578221	413.00	9.00	12.29	16.35	103980.45	1821	0	StephenHawking	
2917	0:43:06	1/1/2019 	2580436	958.00	306.00	58.05	16.35	103980.45	97783	1	StephenHawking	
2918	0:43:07	1/1/2019 	2581226	962.00	329.00	62.07	16.35	103980.45	52140	1	StephenHawking	
2919	0:43:08	1/1/2019 	2582428	951.00	218.00	47.10	16.35	103980.28	49805	1	StephenHawking	
2920	0:43:12	1/1/2019 	2586968	966.00	433.00	78.89	16.35	103981.03	241724	1	StephenHawking	
2921	0:43:14	1/1/2019 	2589049	561.00	9.00	13.53	16.35	103981.20	97784	1	StephenHawking	
2922	0:43:19	1/1/2019 	2593352	921.00	121.00	34.11	16.35	103980.50	193735	1	StephenHawking	
2923	0:43:24	1/1/2019 	2599092	687.00	12.00	15.62	16.36	103979.09	292073	0	StephenHawking	
2924	0:43:26	1/1/2019 	2601012	958.00	285.00	54.73	16.36	103978.92	97784	1	StephenHawking	
2925	0:43:27	1/1/2019 	2601961	511.00	9.00	13.02	16.36	103978.40	50605	0	StephenHawking	
2926	0:43:28	1/1/2019 	2602652	772.00	32.00	20.46	16.36	103978.40	49802	0	StephenHawking	
2927	0:43:33	1/1/2019 	2607828	850.00	77.00	25.85	16.36	103979.75	241722	1	StephenHawking	
2928	0:43:35	1/1/2019 	2609364	700.00	14.00	16.30	16.36	103979.92	49803	1	StephenHawking	
2929	0:43:37	1/1/2019 	2611980	321.00	9.00	11.37	16.36	103979.75	147222	0	StephenHawking	
2930	0:43:41	1/1/2019 	2615807	113.00	8.00	6.95	16.37	103980.88	194570	0	StephenHawking	
2931	0:43:42	1/1/2019 	2616598	962.00	287.00	55.03	16.37	103981.05	49805	1	StephenHawking	
2932	0:43:42	1/1/2019 	2616907	873.00	86.00	27.37	16.37	103981.41	1824	1	StephenHawking	
2933	0:43:42	1/1/2019 	2616970	961.00	299.00	56.90	16.37	103981.41	1822	1	StephenHawking	
2934	0:43:44	1/1/2019 	2618798	662.00	10.00	14.88	16.37	103981.58	97783	0	StephenHawking	
2935	0:43:51	1/1/2019 	2625979	902.00	105.00	30.96	16.37	103982.44	339118	1	StephenHawking	
2936	0:43:55	1/1/2019 	2629588	854.00	79.00	26.17	16.37	103982.44	194592	1	StephenHawking	
2937	0:44:03	1/1/2019 	2637574	950.00	228.00	48.03	16.37	103982.70	386524	0	StephenHawking	
2938	0:44:04	1/1/2019 	2638967	963.00	359.00	67.50	16.37	103982.52	49803	1	StephenHawking	
2939	0:44:06	1/1/2019 	2640434	955.00	266.00	52.14	16.37	103982.34	49802	1	StephenHawking	
2940	0:44:07	1/1/2019 	2641383	940.00	138.00	37.28	16.37	103982.34	52120	1	StephenHawking	
2941	0:44:08	1/1/2019 	2642316	341.00	9.00	11.61	16.37	103982.17	49803	0	StephenHawking	
2942	0:44:09	1/1/2019 	2643946	911.00	110.00	31.95	16.38	103982.92	97780	0	StephenHawking	
2943	0:44:10	1/1/2019 	2644585	430.00	9.00	12.42	16.38	103982.92	49802	0	StephenHawking	
2944	0:44:10	1/1/2019 	2644931	936.00	130.00	35.83	16.38	103982.92	1823	0	StephenHawking	
2945	0:44:10	1/1/2019 	2644972	631.00	10.00	14.62	16.38	103982.92	1823	0	StephenHawking	
2946	0:44:14	1/1/2019 	2649035	860.00	81.00	26.50	16.38	103983.44	194732	1	StephenHawking	
2947	0:44:16	1/1/2019 	2650780	965.00	382.00	71.48	16.38	103984.48	97781	1	StephenHawking	
2948	0:44:18	1/1/2019 	2652686	645.00	10.00	14.76	16.38	103985.36	98702	1	StephenHawking	
2949	0:44:19	1/1/2019 	2653445	969.00	545.00	93.60	16.38	103985.70	1823	1	StephenHawking	
2950	0:44:23	1/1/2019 	2657812	966.00	410.00	75.81	16.38	103987.53	241715	1	StephenHawking	
2951	0:44:23	1/1/2019 	2657942	964.00	308.00	58.39	16.38	103987.53	3364	1	StephenHawking	
2952	0:44:26	1/1/2019 	2660376	651.00	11.00	15.08	16.38	103987.70	97780	1	StephenHawking	
2953	0:44:30	1/1/2019 	2664801	958.00	266.00	52.14	16.38	103988.74	242667	1	StephenHawking	
2954	0:44:33	1/1/2019 	2667982	122.00	4.00	7.19	16.38	103988.74	145758	0	StephenHawking	
2955	0:44:34	1/1/2019 	2668582	219.00	9.00	9.72	16.38	103988.56	49801	0	StephenHawking	
2956	0:44:34	1/1/2019 	2668755	519.00	9.00	13.09	16.38	103988.56	1823	0	StephenHawking	
2957	0:44:36	1/1/2019 	2670391	763.00	31.00	20.28	16.39	103988.65	53555	0	StephenHawking	
2958	0:44:36	1/1/2019 	2671199	909.00	106.00	31.17	16.39	103988.65	50620	1	StephenHawking	
2959	0:44:39	1/1/2019 	2674062	642.00	10.00	14.73	16.39	103989.00	145759	0	StephenHawking	
2960	0:44:41	1/1/2019 	2676033	788.00	57.00	23.15	16.38	103989.44	97782	1	StephenHawking	
2961	0:44:43	1/1/2019 	2677214	321.00	9.00	11.37	16.38	103989.78	49802	1	StephenHawking	
2962	0:44:49	1/1/2019 	2683774	729.00	20.00	18.08	16.39	103990.91	337671	0	StephenHawking	
2963	0:44:52	1/1/2019 	2686378	803.00	61.00	23.64	16.39	103990.79	99983	0	StephenHawking	
2964	0:44:54	1/1/2019 	2688574	424.00	9.00	12.37	16.39	103991.14	145755	0	StephenHawking	
2965	0:44:56	1/1/2019 	2690490	964.00	362.00	68.04	16.39	103991.75	49801	0	StephenHawking	
2966	0:44:56	1/1/2019 	2691182	960.00	251.00	50.36	16.39	103991.57	50664	0	StephenHawking	
2967	0:45:01	1/1/2019 	2695492	370.00	9.00	11.91	16.39	103991.75	193738	0	StephenHawking	
2968	0:45:01	1/1/2019 	2695631	959.00	250.00	50.25	16.39	103991.92	51301	1	StephenHawking	
2969	0:45:03	1/1/2019 	2697444	959.00	324.00	61.17	16.39	103992.27	49803	1	StephenHawking	
2970	0:45:04	1/1/2019 	2698986	959.00	276.00	53.45	16.39	103992.27	97780	1	StephenHawking	
2971	0:45:06	1/1/2019 	2700374	962.00	356.00	66.96	16.39	103991.92	49802	1	StephenHawking	
2972	0:45:07	1/1/2019 	2701714	117.00	9.00	7.07	16.39	103991.92	98668	0	StephenHawking	
2973	0:45:10	1/1/2019 	2704867	923.00	125.00	34.88	16.39	103992.00	145758	1	StephenHawking	
2974	0:45:11	1/1/2019 	2705803	953.00	196.00	45.04	16.39	103992.00	51316	1	StephenHawking	
2975	0:45:12	1/1/2019 	2706209	694.00	13.00	15.97	16.39	103992.00	1823	0	StephenHawking	
2976	0:45:21	1/1/2019 	2714571	873.00	88.00	27.71	16.40	103992.44	433629	1	StephenHawking	
2977	0:45:26	1/1/2019 	2719973	792.00	60.00	23.49	16.40	103992.86	242622	1	StephenHawking	
2978	0:45:30	1/1/2019 	2723648	904.00	103.00	30.58	16.40	103993.12	194670	0	StephenHawking	
2979	0:45:37	1/1/2019 	2730783	958.00	292.00	55.79	16.40	103993.52	339224	1	StephenHawking	
2980	0:45:43	1/1/2019 	2736757	70.00	8.00	5.98	16.40	103994.73	290649	0	StephenHawking	
2981	0:45:46	1/1/2019 	2739766	617.00	10.00	14.44	16.40	103995.27	145758	0	StephenHawking	
2982	0:45:54	1/1/2019 	2748436	128.00	8.00	7.38	16.40	103996.48	386449	0	StephenHawking	
2983	0:45:57	1/1/2019 	2751104	344.00	9.00	11.64	16.41	103997.95	145757	1	StephenHawking	
2984	0:45:59	1/1/2019 	2753309	889.00	96.00	29.20	16.41	103998.48	98598	1	StephenHawking	
2985	0:46:00	1/1/2019 	2754295	257.00	9.00	10.43	16.41	103998.48	51275	0	StephenHawking	
2986	0:46:01	1/1/2019 	2754573	876.00	86.00	27.38	16.41	103998.48	49802	1	StephenHawking	
2987	0:46:01	1/1/2019 	2755443	968.00	335.00	63.15	16.41	103998.48	1824	0	StephenHawking	
2988	0:46:06	1/1/2019 	2760065	969.00	561.00	96.51	16.41	103998.48	241715	1	StephenHawking	
2989	0:46:07	1/1/2019 	2760929	552.00	9.00	13.43	16.41	103998.31	50646	0	StephenHawking	
2990	0:46:15	1/1/2019 	2769407	916.00	116.00	33.13	16.41	103997.86	385650	0	StephenHawking	
2991	0:46:26	1/1/2019 	2780287	815.00	67.00	24.39	16.42	103998.77	531064	1	StephenHawking	
2992	0:46:27	1/1/2019 	2780709	955.00	238.00	49.00	16.42	103998.94	50672	1	StephenHawking	
2993	0:46:28	1/1/2019 	2782170	909.00	110.00	31.95	16.42	103999.28	49803	1	StephenHawking	
2994	0:46:28	1/1/2019 	2782240	356.00	9.00	11.77	16.42	103999.28	1824	0	StephenHawking	
2995	0:46:28	1/1/2019 	2782421	720.00	17.00	17.26	16.42	103999.28	1823	0	StephenHawking	
2996	0:46:30	1/1/2019 	2783854	778.00	37.00	21.10	16.42	103999.69	99286	1	StephenHawking	
2997	0:46:31	1/1/2019 	2785256	968.00	434.00	79.02	16.42	104000.03	49802	1	StephenHawking	
2998	0:46:32	1/1/2019 	2785786	949.00	201.00	45.52	16.42	104000.03	49805	1	StephenHawking	
2999	0:46:33	1/1/2019 	2786821	913.00	115.00	32.93	16.42	104000.20	49805	1	StephenHawking	
3000	0:46:34	1/1/2019 	2788214	789.00	39.00	21.36	16.42	104000.55	49802	0	StephenHawking	
3001	0:46:34	1/1/2019 	2788289	966.00	323.00	60.99	16.42	104000.55	1824	1	StephenHawking	
3002	0:46:35	1/1/2019 	2789267	948.00	163.00	41.22	16.42	104000.91	50785	1	StephenHawking	
3003	0:46:35	1/1/2019 	2789347	235.00	9.00	10.04	16.42	104000.91	1823	0	StephenHawking	
3004	0:46:38	1/1/2019 	2791951	951.00	215.00	46.82	16.42	104002.03	145761	1	StephenHawking	
3005	0:46:48	1/1/2019 	2801572	189.00	9.00	9.05	16.42	104002.81	482515	0	StephenHawking	
3006	0:46:49	1/1/2019 	2802981	960.00	298.00	56.74	16.42	104003.16	50722	1	StephenHawking	
3007	0:46:50	1/1/2019 	2803836	975.00	884.00	164.86	16.42	104003.68	51339	1	StephenHawking	
3008	0:46:53	1/1/2019 	2807461	576.00	9.00	13.72	16.42	104004.20	145764	0	StephenHawking	
3009	0:46:54	1/1/2019 	2807706	101.00	9.00	6.62	16.42	104004.20	49802	0	StephenHawking	
3010	0:47:00	1/1/2019 	2814365	946.00	146.00	38.64	16.43	104005.15	289702	1	StephenHawking	
3011	0:47:02	1/1/2019 	2815853	939.00	134.00	36.57	16.43	104004.98	98728	0	StephenHawking	
3012	0:47:05	1/1/2019 	2819398	953.00	250.00	50.25	16.43	104005.38	145765	1	StephenHawking	
3013	0:47:10	1/1/2019 	2824035	965.00	323.00	60.99	16.43	104005.89	243274	0	StephenHawking	
3014	0:47:11	1/1/2019 	2824744	700.00	14.00	16.30	16.43	104005.89	50604	0	StephenHawking	
3015	0:47:14	1/1/2019 	2828021	963.00	399.00	74.18	16.43	104006.25	145761	0	StephenHawking	
3016	0:47:17	1/1/2019 	2830888	929.00	126.00	35.08	16.43	104006.50	145759	0	StephenHawking	
3017	0:47:18	1/1/2019 	2832445	198.00	9.00	9.26	16.43	104006.84	50619	0	StephenHawking	
3018	0:47:21	1/1/2019 	2835074	948.00	192.00	44.64	16.43	104007.89	145753	1	StephenHawking	
3019	0:47:23	1/1/2019 	2836987	949.00	172.00	42.40	16.44	104009.38	99254	1	StephenHawking	
3020	0:47:27	1/1/2019 	2840757	964.00	436.00	79.27	16.44	104009.89	193741	1	StephenHawking	
3021	0:47:27	1/1/2019 	2841249	791.00	59.00	23.38	16.44	104009.89	2668	0	StephenHawking	
3022	0:47:30	1/1/2019 	2844168	957.00	275.00	53.32	16.44	104009.80	145757	0	StephenHawking	
3023	0:47:31	1/1/2019 	2844763	938.00	135.00	36.75	16.44	104009.62	49805	1	StephenHawking	
3024	0:47:31	1/1/2019 	2844777	137.00	9.00	7.65	16.44	104009.62	3319	0	StephenHawking	
3025	0:47:35	1/1/2019 	2848569	955.00	223.00	47.56	16.44	104009.94	193740	1	StephenHawking	
3026	0:47:38	1/1/2019 	2852361	902.00	105.00	30.96	16.44	104010.11	145759	0	StephenHawking	
3027	0:47:41	1/1/2019 	2854700	933.00	128.00	35.46	16.44	104009.94	146625	1	StephenHawking	
3028	0:47:41	1/1/2019 	2855003	445.00	9.00	12.52	16.44	104009.94	1823	0	StephenHawking	
3029	0:47:43	1/1/2019 	2857342	965.00	357.00	67.14	16.45	104010.55	97778	1	StephenHawking	
3030	0:47:45	1/1/2019 	2859451	148.00	9.00	7.97	16.45	104011.15	99385	0	StephenHawking	
3031	0:47:47	1/1/2019 	2861187	970.00	556.00	95.58	16.45	104011.32	97778	1	StephenHawking	
3032	0:47:57	1/1/2019 	2870603	738.00	22.00	18.58	16.46	104011.31	482500	0	StephenHawking	
3033	0:47:57	1/1/2019 	2870957	950.00	158.00	40.51	16.46	104011.31	2736	1	StephenHawking	
3034	0:47:58	1/1/2019 	2872426	945.00	145.00	38.48	16.46	104011.40	49803	1	StephenHawking	
3035	0:48:01	1/1/2019 	2875048	957.00	270.00	52.65	16.46	104011.05	147288	1	StephenHawking	
3036	0:48:02	1/1/2019 	2876289	349.00	9.00	11.70	16.46	104011.22	49803	0	StephenHawking	
3037	0:48:04	1/1/2019 	2877942	932.00	127.00	35.27	16.46	104012.14	97781	0	StephenHawking	
3038	0:48:08	1/1/2019 	2882130	950.00	165.00	41.49	16.46	104014.06	193746	1	StephenHawking	
3039	0:48:13	1/1/2019 	2886655	913.00	112.00	32.35	16.46	104015.62	242672	1	StephenHawking	
3040	0:48:17	1/1/2019 	2891560	382.00	9.00	12.03	16.46	104017.19	241735	0	StephenHawking	
3041	0:48:18	1/1/2019 	2891767	816.00	68.00	24.51	16.46	104017.37	4208	0	StephenHawking	
3042	0:48:19	1/1/2019 	2892721	914.00	113.00	32.55	16.46	104017.80	49804	1	StephenHawking	
3043	0:48:25	1/1/2019 	2899485	435.00	9.00	12.45	16.47	104017.79	289711	0	StephenHawking	
3044	0:48:26	1/1/2019 	2899778	957.00	297.00	56.58	16.47	104017.79	49804	1	StephenHawking	
3045	0:48:27	1/1/2019 	2900586	532.00	9.00	13.21	16.47	104017.62	50616	0	StephenHawking	
3046	0:48:28	1/1/2019 	2901653	806.00	61.00	23.65	16.47	104017.27	49805	0	StephenHawking	
3047	0:48:32	1/1/2019 	2906348	959.00	289.00	55.33	16.47	104017.09	195216	1	StephenHawking	
3048	0:48:46	1/1/2019 	2919639	94.00	8.00	6.44	16.47	104018.10	673557	0	StephenHawking	
3049	0:48:46	1/1/2019 	2920300	953.00	177.00	43.00	16.47	104018.10	2660	1	StephenHawking	
3050	0:48:49	1/1/2019 	2923124	847.00	77.00	25.85	16.48	104018.70	145769	0	StephenHawking	
3051	0:48:49	1/1/2019 	2923406	958.00	255.00	50.81	16.48	104018.70	1825	1	StephenHawking	
3052	0:48:50	1/1/2019 	2923661	952.00	220.00	47.28	16.48	104018.70	51287	1	StephenHawking	
3053	0:48:50	1/1/2019 	2924402	760.00	28.00	19.81	16.48	104018.70	1825	0	StephenHawking	
3054	0:48:54	1/1/2019 	2927976	687.00	13.00	15.93	16.48	104018.79	193750	0	StephenHawking	
3055	0:49:00	1/1/2019 	2934454	785.00	54.00	22.84	16.48	104018.61	289718	1	StephenHawking	
3056	0:49:01	1/1/2019 	2935178	916.00	119.00	33.72	16.48	104019.22	50669	1	StephenHawking	
3057	0:49:01	1/1/2019 	2935431	966.00	328.00	61.89	16.48	104019.22	1824	1	StephenHawking	
3058	0:49:02	1/1/2019 	2935906	777.00	39.00	21.32	16.48	104018.79	51304	0	StephenHawking	
3059	0:49:05	1/1/2019 	2938686	946.00	183.00	43.69	16.48	104019.22	145770	1	StephenHawking	
3060	0:49:06	1/1/2019 	2939994	949.00	203.00	45.71	16.48	104019.05	49806	1	StephenHawking	
3061	0:49:07	1/1/2019 	2940686	914.00	112.00	32.35	16.48	104019.05	50696	0	StephenHawking	
3062	0:49:07	1/1/2019 	2941155	628.00	10.00	14.58	16.48	104019.48	1824	0	StephenHawking	
3063	0:49:08	1/1/2019 	2942310	968.00	474.00	83.74	16.48	104019.48	51319	1	StephenHawking	
3064	0:49:13	1/1/2019 	2947568	920.00	120.00	33.92	16.48	104019.66	289715	1	StephenHawking	
3065	0:49:16	1/1/2019 	2949660	195.00	9.00	9.19	16.48	104019.83	97786	0	StephenHawking	
3066	0:49:19	1/1/2019 	2953358	949.00	219.00	47.19	16.49	104020.43	146678	1	StephenHawking	
3067	0:49:25	1/1/2019 	2958574	961.00	345.00	64.97	16.49	104021.00	289711	1	StephenHawking	
3068	0:49:25	1/1/2019 	2958882	68.00	9.00	5.95	16.49	104021.00	1823	0	StephenHawking	
3069	0:49:26	1/1/2019 	2959872	281.00	9.00	10.82	16.48	104020.17	51332	0	StephenHawking	
3070	0:49:37	1/1/2019 	2970996	113.00	8.00	6.95	16.49	104021.78	530565	0	StephenHawking	
3071	0:49:43	1/1/2019 	2976634	597.00	10.00	14.16	16.49	104022.73	290667	0	StephenHawking	
3072	0:49:43	1/1/2019 	2977048	970.00	439.00	79.63	16.49	104022.73	1825	1	StephenHawking	
3073	0:49:43	1/1/2019 	2977390	925.00	121.00	34.12	16.49	104022.73	1822	0	StephenHawking	
3074	0:49:48	1/1/2019 	2981938	845.00	75.00	25.55	16.50	104023.34	241731	1	StephenHawking	
3075	0:49:51	1/1/2019 	2985004	914.00	115.00	32.94	16.50	104024.47	147918	1	StephenHawking	
3076	0:49:52	1/1/2019 	2986083	895.00	100.00	29.98	16.50	104024.65	49805	1	StephenHawking	
3077	0:50:01	1/1/2019 	2995078	843.00	77.00	25.83	16.50	104026.27	433655	0	StephenHawking	
3078	0:50:03	1/1/2019 	2997316	964.00	407.00	75.38	16.50	104027.31	98616	0	StephenHawking	
3079	0:50:04	1/1/2019 	2997933	941.00	141.00	37.80	16.50	104027.31	49803	0	StephenHawking	
3080	0:50:08	1/1/2019 	3002321	974.00	622.00	110.01	16.50	104028.96	195224	1	StephenHawking	
3081	0:50:10	1/1/2019 	3004434	373.00	9.00	11.94	16.50	104029.31	98642	0	StephenHawking	
3082	0:50:12	1/1/2019 	3006023	912.00	116.00	33.13	16.50	104029.13	97786	1	StephenHawking	
3083	0:50:14	1/1/2019 	3008388	161.00	9.00	8.33	16.51	104030.09	97785	0	StephenHawking	
3084	0:50:16	1/1/2019 	3009946	972.00	641.00	114.35	16.51	104030.61	97785	1	StephenHawking	
3085	0:50:18	1/1/2019 	3011633	123.00	9.00	7.24	16.51	104030.52	98656	0	StephenHawking	
3086	0:50:18	1/1/2019 	3011674	153.00	9.00	8.11	16.51	104030.52	3324	0	StephenHawking	
3087	0:50:19	1/1/2019 	3012984	970.00	470.00	83.26	16.51	104030.00	49803	1	StephenHawking	
3088	0:50:26	1/1/2019 	3019995	716.00	16.00	16.96	16.51	104031.21	337683	1	StephenHawking	
3089	0:50:26	1/1/2019 	3020017	953.00	159.00	40.65	16.51	104031.21	2724	1	StephenHawking	
3090	0:50:26	1/1/2019 	3020375	957.00	248.00	50.03	16.51	104031.21	1823	1	StephenHawking	
3091	0:50:27	1/1/2019 	3021988	965.00	466.00	82.81	16.51	104032.08	99304	1	StephenHawking	
3092	0:50:36	1/1/2019 	3030949	572.00	9.00	13.67	16.52	104032.03	433648	0	StephenHawking	
3093	0:50:39	1/1/2019 	3033923	799.00	59.00	23.41	16.52	104031.34	146689	1	StephenHawking	
3094	0:50:49	1/1/2019 	3043877	917.00	119.00	33.72	16.52	104031.34	481636	0	StephenHawking	
3095	0:50:52	1/1/2019 	3046732	912.00	113.00	32.54	16.53	104032.28	146708	1	StephenHawking	
3096	0:50:54	1/1/2019 	3048136	905.00	103.00	30.58	16.53	104032.64	49806	1	StephenHawking	
3097	0:50:55	1/1/2019 	3049861	950.00	213.00	46.64	16.53	104032.11	99331	0	StephenHawking	
3098	0:51:04	1/1/2019 	3058559	959.00	313.00	59.24	16.53	104030.50	434622	1	StephenHawking	
3099	0:51:06	1/1/2019 	3060018	826.00	71.00	24.94	16.53	104029.98	49806	0	StephenHawking	
3100	0:51:14	1/1/2019 	3068828	744.00	24.00	19.02	16.53	104031.11	434463	0	StephenHawking	
3101	0:51:15	1/1/2019 	3069400	978.00	881.00	161.94	16.53	104031.28	1823	1	StephenHawking	
3102	0:51:27	1/1/2019 	3081123	962.00	330.00	62.25	16.54	104032.94	577589	1	StephenHawking	
3103	0:51:28	1/1/2019 	3082828	790.00	60.00	23.48	16.54	104033.11	99977	1	StephenHawking	
3104	0:51:31	1/1/2019 	3085355	897.00	99.00	29.79	16.54	104032.94	97786	1	StephenHawking	
3105	0:51:31	1/1/2019 	3085443	556.00	9.00	13.47	16.54	104032.94	1824	0	StephenHawking	
3106	0:51:31	1/1/2019 	3085840	783.00	48.00	22.24	16.54	104032.94	49803	1	StephenHawking	
3107	0:51:34	1/1/2019 	3088834	958.00	244.00	49.61	16.54	104033.11	145764	0	StephenHawking	
3108	0:51:37	1/1/2019 	3091660	124.00	9.00	7.27	16.54	104033.19	146720	0	StephenHawking	
3109	0:51:39	1/1/2019 	3093165	471.00	9.00	12.71	16.54	104033.02	50665	0	StephenHawking	
3110	0:51:41	1/1/2019 	3095846	945.00	159.00	40.65	16.54	104033.37	145767	1	StephenHawking	
3111	0:51:41	1/1/2019 	3095967	666.00	11.00	15.21	16.54	104033.37	1825	1	StephenHawking	
3112	0:51:42	1/1/2019 	3096625	737.00	21.00	18.35	16.54	104033.37	49803	0	StephenHawking	
3113	0:51:43	1/1/2019 	3097249	83.00	9.00	6.20	16.54	104033.54	1823	0	StephenHawking	
3114	0:51:48	1/1/2019 	3102280	942.00	156.00	40.21	16.54	104033.80	243189	1	StephenHawking	
3115	0:51:51	1/1/2019 	3105284	495.00	10.00	12.98	16.54	104033.33	146647	0	StephenHawking	
3116	0:51:57	1/1/2019 	3111275	838.00	73.00	25.24	16.55	104033.58	289706	0	StephenHawking	
3117	0:52:01	1/1/2019 	3115816	957.00	282.00	54.30	16.55	104034.70	242629	1	StephenHawking	
3118	0:52:03	1/1/2019 	3117642	941.00	151.00	39.45	16.55	104035.23	97785	1	StephenHawking	
3119	0:52:03	1/1/2019 	3117794	973.00	445.00	80.36	16.55	104035.41	3383	1	StephenHawking	
3120	0:52:03	1/1/2019 	3117884	974.00	655.00	117.52	16.55	104035.41	1823	1	StephenHawking	
3121	0:52:05	1/1/2019 	3119074	969.00	560.00	96.36	16.55	104035.23	49803	1	StephenHawking	
3122	0:52:10	1/1/2019 	3124724	954.00	213.00	46.64	16.55	104035.23	289712	0	StephenHawking	
3123	0:52:11	1/1/2019 	3125151	942.00	141.00	37.80	16.55	104034.88	2754	1	StephenHawking	
3124	0:52:15	1/1/2019 	3129193	958.00	303.00	57.55	16.56	104034.58	193753	0	StephenHawking	
3125	0:52:18	1/1/2019 	3132784	704.00	15.00	16.62	16.56	104034.75	195288	0	StephenHawking	
3126	0:52:23	1/1/2019 	3137031	373.00	9.00	11.94	16.56	104036.58	194701	0	StephenHawking	
3127	0:52:25	1/1/2019 	3139469	968.00	621.00	109.75	16.56	104036.14	97783	1	StephenHawking	
3128	0:52:28	1/1/2019 	3142686	359.00	9.00	11.80	16.56	104034.83	193746	0	StephenHawking	
3129	0:52:30	1/1/2019 	3144085	970.00	622.00	110.01	16.56	104034.48	50601	0	StephenHawking	
3130	0:52:35	1/1/2019 	3149564	939.00	142.00	37.97	16.57	104033.95	289704	1	StephenHawking	
3131	0:52:36	1/1/2019 	3150256	938.00	137.00	37.10	16.57	104033.95	3996	1	StephenHawking	
3132	0:52:39	1/1/2019 	3153267	188.00	9.00	9.03	16.57	104034.12	145766	0	StephenHawking	
3133	0:52:39	1/1/2019 	3153930	384.00	9.00	12.04	16.57	104034.30	49807	1	StephenHawking	
3134	0:52:42	1/1/2019 	3156642	752.00	27.00	19.61	16.57	104034.52	145762	1	StephenHawking	
3135	0:52:44	1/1/2019 	3158956	806.00	63.00	23.88	16.57	104034.26	97784	1	StephenHawking	
3136	0:52:54	1/1/2019 	3168906	946.00	166.00	41.62	16.58	104035.30	482569	0	StephenHawking	
3137	0:52:57	1/1/2019 	3171863	853.00	78.00	26.01	16.58	104036.07	146615	1	StephenHawking	
3138	0:52:58	1/1/2019 	3172279	966.00	460.00	82.12	16.58	104036.07	2694	1	StephenHawking	
3139	0:53:00	1/1/2019 	3174885	967.00	414.00	76.38	16.58	104037.00	145762	1	StephenHawking	
3140	0:53:02	1/1/2019 	3176864	870.00	85.00	27.19	16.58	104036.82	97785	1	StephenHawking	
3141	0:53:09	1/1/2019 	3182996	872.00	85.00	27.19	16.59	104036.91	289707	0	StephenHawking	
3142	0:53:10	1/1/2019 	3184280	869.00	86.00	27.35	16.59	104036.91	52089	0	StephenHawking	
3143	0:53:13	1/1/2019 	3187056	949.00	220.00	47.28	16.59	104037.86	145766	1	StephenHawking	
3144	0:53:16	1/1/2019 	3190593	946.00	148.00	38.97	16.59	104037.94	193749	1	StephenHawking	
3145	0:53:17	1/1/2019 	3191197	944.00	160.00	40.80	16.59	104037.77	2736	1	StephenHawking	
3146	0:53:20	1/1/2019 	3194378	816.00	65.00	24.14	16.59	104037.50	145763	0	StephenHawking	
3147	0:53:22	1/1/2019 	3196057	428.00	9.00	12.40	16.60	104037.58	99315	0	StephenHawking	
3148	0:53:22	1/1/2019 	3196372	929.00	125.00	34.89	16.60	104037.58	1823	0	StephenHawking	
3149	0:53:36	1/1/2019 	3210384	941.00	135.00	36.75	16.60	104039.11	673562	1	StephenHawking	
3150	0:53:37	1/1/2019 	3211224	891.00	94.00	28.84	16.60	104039.11	50743	1	StephenHawking	
3151	0:53:37	1/1/2019 	3211360	952.00	168.00	41.89	16.60	104039.11	1825	0	StephenHawking	
3152	0:53:38	1/1/2019 	3212500	94.00	9.00	6.44	16.60	104039.11	49804	0	StephenHawking	
3153	0:53:39	1/1/2019 	3213643	955.00	248.00	50.03	16.60	104038.94	99330	1	StephenHawking	
3154	0:53:42	1/1/2019 	3216563	966.00	397.00	73.88	16.60	104039.72	145769	1	StephenHawking	
3155	0:53:43	1/1/2019 	3217207	452.00	9.00	12.57	16.60	104039.72	1824	0	StephenHawking	
3156	0:53:45	1/1/2019 	3219003	948.00	188.00	44.23	16.61	104039.80	97786	1	StephenHawking	
3157	0:53:48	1/1/2019 	3222686	913.00	116.00	33.13	16.61	104039.62	193748	1	StephenHawking	
3158	0:53:50	1/1/2019 	3224047	782.00	43.00	21.75	16.61	104039.28	54404	1	StephenHawking	
3159	0:53:50	1/1/2019 	3224138	745.00	23.00	18.82	16.61	104039.28	1824	0	StephenHawking	
3160	0:53:55	1/1/2019 	3229126	967.00	529.00	90.94	16.61	104040.05	241728	1	StephenHawking	
3161	0:54:00	1/1/2019 	3234299	941.00	136.00	36.93	16.61	104040.45	241734	0	StephenHawking	
3162	0:54:02	1/1/2019 	3236813	521.00	12.00	13.39	16.61	104041.16	146587	0	StephenHawking	
3163	0:54:04	1/1/2019 	3238167	651.00	10.00	14.81	16.61	104041.16	49806	1	StephenHawking	
3164	0:54:05	1/1/2019 	3239987	959.00	245.00	49.71	16.61	104041.50	99255	0	StephenHawking	
3165	0:54:07	1/1/2019 	3241246	973.00	749.00	134.03	16.61	104041.33	50650	1	StephenHawking	
3166	0:54:11	1/1/2019 	3245299	905.00	106.00	31.16	16.61	104043.84	193749	1	StephenHawking	
3167	0:54:12	1/1/2019 	3246714	972.00	745.00	133.87	16.61	104044.02	97786	0	StephenHawking	
3168	0:54:13	1/1/2019 	3247075	161.00	9.00	8.33	16.61	104044.20	1824	0	StephenHawking	
3169	0:54:14	1/1/2019 	3248459	958.00	312.00	59.07	16.61	104044.20	49803	1	StephenHawking	
3170	0:54:18	1/1/2019 	3252087	835.00	73.00	25.23	16.61	104043.84	195235	1	StephenHawking	
3171	0:54:18	1/1/2019 	3252597	941.00	133.00	36.38	16.62	104044.11	50676	1	StephenHawking	
3172	0:54:20	1/1/2019 	3254763	563.00	9.00	13.56	16.62	104044.28	97785	0	StephenHawking	
3173	0:54:21	1/1/2019 	3255382	433.00	9.00	12.44	16.62	104044.28	1823	0	StephenHawking	
3174	0:54:25	1/1/2019 	3259706	144.00	9.00	7.85	16.62	104046.11	241726	0	StephenHawking	
3175	0:54:26	1/1/2019 	3260613	886.00	90.00	28.10	16.62	104046.11	52080	1	StephenHawking	
3176	0:54:27	1/1/2019 	3261568	912.00	113.00	32.54	16.62	104046.80	49804	1	StephenHawking	
3177	0:54:29	1/1/2019 	3263169	964.00	338.00	63.70	16.62	104047.06	49807	1	StephenHawking	
3178	0:54:32	1/1/2019 	3266214	451.00	9.00	12.57	16.62	104046.53	145769	0	StephenHawking	
3179	0:54:33	1/1/2019 	3267309	81.00	8.00	6.15	16.62	104046.19	49804	0	StephenHawking	
3180	0:54:39	1/1/2019 	3273920	946.00	192.00	44.64	16.62	104045.58	337690	1	StephenHawking	
3181	0:54:43	1/1/2019 	3277951	954.00	201.00	45.52	16.63	104045.80	196068	1	StephenHawking	
3182	0:54:45	1/1/2019 	3279816	954.00	260.00	51.40	16.63	104046.23	97788	0	StephenHawking	
3183	0:54:52	1/1/2019 	3286422	978.00	803.00	143.54	16.63	104046.84	290642	1	StephenHawking	
3184	0:54:52	1/1/2019 	3286847	950.00	165.00	41.49	16.63	104047.01	49807	1	StephenHawking	
3185	0:54:53	1/1/2019 	3287889	771.00	36.00	20.96	16.63	104047.01	49804	1	StephenHawking	
3186	0:54:54	1/1/2019 	3288401	965.00	333.00	62.79	16.63	104047.01	3469	1	StephenHawking	
3187	0:54:54	1/1/2019 	3288895	230.00	9.00	9.94	16.63	104047.62	49805	0	StephenHawking	
3188	0:54:55	1/1/2019 	3289608	960.00	313.00	59.24	16.63	104047.62	49803	1	StephenHawking	
3189	0:54:57	1/1/2019 	3291765	604.00	10.00	14.26	16.63	104047.27	98750	1	StephenHawking	
3190	0:55:01	1/1/2019 	3295011	895.00	98.00	29.60	16.63	104047.79	145768	0	StephenHawking	
3191	0:55:01	1/1/2019 	3295228	950.00	154.00	39.91	16.63	104047.97	1824	1	StephenHawking	
3192	0:55:01	1/1/2019 	3295624	80.00	9.00	6.14	16.63	104047.97	53562	0	StephenHawking	
3193	0:55:03	1/1/2019 	3297865	951.00	238.00	49.00	16.64	104048.75	97785	1	StephenHawking	
3194	0:55:03	1/1/2019 	3297963	958.00	237.00	48.90	16.64	104048.75	1824	1	StephenHawking	
3195	0:55:10	1/1/2019 	3304015	932.00	130.00	35.83	16.64	104051.76	289708	0	StephenHawking	
3196	0:55:11	1/1/2019 	3305491	917.00	119.00	33.72	16.64	104053.33	50622	0	StephenHawking	
3197	0:55:16	1/1/2019 	3310973	141.00	9.00	7.76	16.64	104054.72	289707	0	StephenHawking	
3198	0:55:19	1/1/2019 	3313287	966.00	425.00	77.87	16.64	104056.02	99983	1	StephenHawking	
3199	0:55:21	1/1/2019 	3315320	844.00	76.00	25.69	16.64	104056.81	97782	0	StephenHawking	
3200	0:55:23	1/1/2019 	3317921	983.00	916.00	185.82	16.64	104058.28	145761	0	StephenHawking	
3201	0:55:31	1/1/2019 	3324844	433.00	9.00	12.44	16.64	104058.98	337679	0	StephenHawking	
3202	0:55:34	1/1/2019 	3328405	827.00	72.00	25.07	16.64	104058.63	146623	0	StephenHawking	
3203	0:55:35	1/1/2019 	3329104	909.00	107.00	31.36	16.64	104058.89	51301	1	StephenHawking	
3204	0:55:36	1/1/2019 	3330195	953.00	222.00	47.47	16.64	104058.37	49803	1	StephenHawking	
3205	0:55:38	1/1/2019 	3332074	435.00	9.00	12.45	16.64	104058.02	98669	0	StephenHawking	
3206	0:55:42	1/1/2019 	3335960	968.00	419.00	77.06	16.65	104060.37	193744	1	StephenHawking	
3207	0:55:42	1/1/2019 	3336412	85.00	9.00	6.24	16.65	104060.72	1823	0	StephenHawking	
3208	0:55:48	1/1/2019 	3342654	435.00	9.00	12.45	16.65	104062.11	337678	0	StephenHawking	
3209	0:55:51	1/1/2019 	3344956	105.00	9.00	6.73	16.65	104061.05	100086	0	StephenHawking	
3210	0:55:51	1/1/2019 	3345036	778.00	34.00	20.74	16.65	104060.71	1824	0	StephenHawking	
3211	0:55:53	1/1/2019 	3347246	974.00	747.00	133.58	16.65	104059.48	97783	1	StephenHawking	
3212	0:55:54	1/1/2019 	3348320	973.00	817.00	145.39	16.65	104059.31	49803	0	StephenHawking	
3213	0:55:56	1/1/2019 	3350125	956.00	242.00	49.40	16.65	104059.66	97785	1	StephenHawking	
3214	0:55:57	1/1/2019 	3350877	952.00	185.00	43.91	16.65	104059.84	50736	1	StephenHawking	
3215	0:55:57	1/1/2019 	3351722	921.00	120.00	33.92	16.65	104059.84	51344	1	StephenHawking	
3216	0:56:05	1/1/2019 	3359470	142.00	9.00	7.79	16.65	104058.66	337694	0	StephenHawking	
3217	0:56:05	1/1/2019 	3359703	910.00	107.00	31.36	16.65	104058.66	49804	1	StephenHawking	
3218	0:56:10	1/1/2019 	3364144	762.00	29.00	19.98	16.65	104059.02	194704	0	StephenHawking	
3219	0:56:13	1/1/2019 	3367347	937.00	132.00	36.20	16.65	104058.66	145768	1	StephenHawking	
3220	0:56:15	1/1/2019 	3369400	914.00	115.00	32.94	16.66	104058.92	99345	0	StephenHawking	
3221	0:56:21	1/1/2019 	3374883	949.00	209.00	46.27	16.66	104058.14	289715	1	StephenHawking	
3222	0:56:22	1/1/2019 	3376452	952.00	199.00	45.33	16.66	104057.44	50616	0	StephenHawking	
3223	0:56:29	1/1/2019 	3382957	90.00	9.00	6.35	16.66	104057.70	337687	0	StephenHawking	
3224	0:56:34	1/1/2019 	3388616	948.00	206.00	45.99	16.66	104057.95	290536	1	StephenHawking	
3225	0:56:37	1/1/2019 	3391240	789.00	52.00	22.65	16.66	104057.95	97788	0	StephenHawking	
3226	0:56:37	1/1/2019 	3391550	969.00	466.00	82.81	16.66	104057.52	52018	0	StephenHawking	
3227	0:56:40	1/1/2019 	3394016	596.00	9.00	13.97	16.66	104058.05	97786	0	StephenHawking	
3228	0:56:44	1/1/2019 	3398493	356.00	9.00	11.77	16.66	104059.09	193750	0	StephenHawking	
3229	0:56:53	1/1/2019 	3406940	896.00	99.00	29.79	16.66	104061.09	433667	1	StephenHawking	
3230	0:56:58	1/1/2019 	3412797	966.00	365.00	68.56	16.67	104062.22	290590	1	StephenHawking	
3231	0:57:00	1/1/2019 	3414108	956.00	255.00	50.81	16.67	104062.39	52086	1	StephenHawking	
3232	0:57:04	1/1/2019 	3418760	550.00	9.00	13.40	16.67	104061.88	241741	1	StephenHawking	
3233	0:57:15	1/1/2019 	3429027	954.00	246.00	49.82	16.67	104064.88	481648	0	StephenHawking	
3234	0:57:19	1/1/2019 	3433792	905.00	107.00	31.35	16.67	104066.88	242642	1	StephenHawking	
3235	0:57:20	1/1/2019 	3434215	784.00	52.00	22.63	16.67	104067.23	2756	0	StephenHawking	
3236	0:57:21	1/1/2019 	3435236	959.00	265.00	52.01	16.67	104068.19	49804	1	StephenHawking	
3237	0:57:22	1/1/2019 	3436089	840.00	74.00	25.39	16.67	104068.36	51345	0	StephenHawking	
3238	0:57:26	1/1/2019 	3440618	949.00	189.00	44.33	16.68	104069.75	241727	0	StephenHawking	
3239	0:57:29	1/1/2019 	3443172	946.00	165.00	41.49	16.68	104069.57	98744	1	StephenHawking	
3240	0:57:30	1/1/2019 	3444263	789.00	39.00	21.36	16.68	104069.80	49806	1	StephenHawking	
3241	0:57:35	1/1/2019 	3449302	901.00	103.00	30.57	16.68	104070.58	241734	1	StephenHawking	
3242	0:57:40	1/1/2019 	3454381	974.00	605.00	105.99	16.69	104069.95	243284	1	StephenHawking	
3243	0:57:50	1/1/2019 	3464345	677.00	12.00	15.57	16.70	104069.30	482448	0	StephenHawking	
3244	0:57:53	1/1/2019 	3467555	788.00	45.00	21.97	16.71	104067.98	194577	0	StephenHawking	
3245	0:57:54	1/1/2019 	3468831	962.00	298.00	56.74	16.71	104067.45	49805	0	StephenHawking	
3246	0:58:00	1/1/2019 	3474605	961.00	361.00	67.86	16.71	104067.68	289716	1	StephenHawking	
3247	0:58:09	1/1/2019 	3483080	135.00	9.00	7.59	16.71	104067.23	386522	0	StephenHawking	
3248	0:58:09	1/1/2019 	3483131	117.00	9.00	7.07	16.71	104067.23	4058	0	StephenHawking	
3249	0:58:14	1/1/2019 	3487902	951.00	212.00	46.55	16.71	104069.16	241732	1	StephenHawking	
3250	0:58:14	1/1/2019 	3488703	92.00	9.00	6.39	16.71	104069.42	49806	0	StephenHawking	
3251	0:58:20	1/1/2019 	3493846	950.00	207.00	46.09	16.71	104071.86	241726	1	StephenHawking	
3252	0:58:20	1/1/2019 	3494045	977.00	701.00	126.78	16.71	104071.86	2713	1	StephenHawking	
3253	0:58:24	1/1/2019 	3497989	948.00	171.00	42.27	16.71	104071.98	193747	1	StephenHawking	
3254	0:58:28	1/1/2019 	3501852	953.00	217.00	47.01	16.71	104071.17	195363	0	StephenHawking	
3255	0:58:30	1/1/2019 	3504338	968.00	525.00	90.32	16.71	104070.73	98701	1	StephenHawking	
3256	0:58:40	1/1/2019 	3514090	779.00	39.00	21.33	16.71	104069.23	481633	1	StephenHawking	
3257	0:58:41	1/1/2019 	3515651	400.00	9.00	12.18	16.71	104069.42	98718	0	StephenHawking	
3258	0:58:45	1/1/2019 	3518960	783.00	44.00	21.85	16.71	104070.11	145766	1	StephenHawking	
3259	0:58:46	1/1/2019 	3520054	891.00	93.00	28.66	16.71	104070.46	51346	1	StephenHawking	
3260	0:58:46	1/1/2019 	3520619	794.00	59.00	23.39	16.71	104070.81	50762	1	StephenHawking	
3261	0:58:50	1/1/2019 	3524174	959.00	308.00	58.39	16.71	104071.33	145765	1	StephenHawking	
3262	0:58:50	1/1/2019 	3524689	449.00	9.00	12.55	16.71	104071.33	49805	0	StephenHawking	
3263	0:58:52	1/1/2019 	3525969	917.00	119.00	33.72	16.71	104071.50	49803	0	StephenHawking	
3264	0:58:59	1/1/2019 	3533266	223.00	9.00	9.80	16.71	104072.03	337686	0	StephenHawking	
3265	0:59:06	1/1/2019 	3540676	592.00	9.00	13.92	16.72	104070.89	387810	0	StephenHawking	
3266	0:59:10	1/1/2019 	3544460	317.00	9.00	11.32	16.72	104070.72	146598	0	StephenHawking	
3267	0:59:11	1/1/2019 	3544953	836.00	73.00	25.24	16.72	104070.89	49804	1	StephenHawking	
3268	0:59:11	1/1/2019 	3545000	947.00	147.00	38.81	16.72	104070.89	1824	1	StephenHawking	
3269	0:59:17	1/1/2019 	3551109	404.00	9.00	12.22	16.72	104073.59	289713	0	StephenHawking	
3270	0:59:28	1/1/2019 	3562003	875.00	88.00	27.71	16.72	104076.34	531822	1	StephenHawking	
3271	0:59:29	1/1/2019 	3563694	900.00	102.00	30.37	16.72	104075.98	98659	1	StephenHawking	
3272	0:59:30	1/1/2019 	3564431	950.00	175.00	42.76	16.72	104076.34	1824	1	StephenHawking	
3273	0:59:43	1/1/2019 	3577123	793.00	58.00	23.28	16.73	104079.38	625585	0	StephenHawking	
3274	0:59:45	1/1/2019 	3578843	1000.00	743.00	133.34	16.73	104079.38	98676	0	StephenHawking	
3275	1:00:03	1/1/2019 	3597749	74.00	9.00	6.03	16.73	104080.25	913467	0	StephenHawking	
3276	1:00:05	1/1/2019 	3599045	551.00	9.00	13.41	16.73	104080.50	52108	0	StephenHawking	
3277	1:00:08	1/1/2019 	3602461	764.00	32.00	20.43	16.74	104079.33	145766	0	StephenHawking	
3278	1:00:28	1/1/2019 	3622624	952.00	214.00	46.73	16.74	104082.02	1010343	1	StephenHawking	
3279	1:00:35	1/1/2019 	3628690	128.00	8.00	7.38	16.75	104079.84	290657	1	StephenHawking	
3280	1:00:38	1/1/2019 	3632243	184.00	9.00	8.93	16.75	104078.53	145766	0	StephenHawking	
3281	1:00:51	1/1/2019 	3645478	950.00	165.00	41.49	16.75	104080.67	626544	0	StephenHawking	
3282	1:00:57	1/1/2019 	3650734	726.00	19.00	17.82	16.75	104080.58	291870	0	StephenHawking	
3283	1:00:57	1/1/2019 	3651157	880.00	85.00	27.22	16.75	104080.41	2661	0	StephenHawking	
3284	1:00:57	1/1/2019 	3651279	123.00	9.00	7.24	16.75	104080.41	1822	0	StephenHawking	
3285	1:01:04	1/1/2019 	3658297	955.00	226.00	47.84	16.76	104080.66	337689	1	StephenHawking	
3286	1:01:05	1/1/2019 	3659006	956.00	222.00	47.47	16.76	104080.84	49806	0	StephenHawking	
3287	1:01:07	1/1/2019 	3661270	890.00	96.00	29.21	16.76	104081.53	99265	1	StephenHawking	
3288	1:01:10	1/1/2019 	3663872	244.00	9.00	10.21	16.76	104082.66	146626	0	StephenHawking	
3289	1:01:11	1/1/2019 	3665647	913.00	114.00	32.74	16.76	104083.36	97784	1	StephenHawking	
3290	1:01:13	1/1/2019 	3666784	955.00	222.00	47.47	16.76	104084.14	49804	1	StephenHawking	
3291	1:01:15	1/1/2019 	3669236	916.00	117.00	33.33	16.76	104083.80	97785	1	StephenHawking	
3292	1:01:16	1/1/2019 	3670053	949.00	205.00	45.90	16.76	104083.80	49804	1	StephenHawking	
3293	1:01:18	1/1/2019 	3671775	965.00	345.00	64.97	16.76	104083.80	100008	1	StephenHawking	
3294	1:01:25	1/1/2019 	3679268	898.00	101.00	30.18	16.76	104082.80	337678	1	StephenHawking	
3295	1:01:25	1/1/2019 	3679684	925.00	123.00	34.50	16.76	104082.80	49805	1	StephenHawking	
3296	1:01:33	1/1/2019 	3687611	950.00	219.00	47.19	16.76	104083.31	386568	1	StephenHawking	
3297	1:01:37	1/1/2019 	3691556	956.00	238.00	49.00	16.77	104084.62	193746	0	StephenHawking	
3298	1:01:38	1/1/2019 	3691981	826.00	70.00	24.80	16.77	104084.62	4195	0	StephenHawking	
3299	1:01:43	1/1/2019 	3697035	755.00	26.00	19.45	16.77	104084.70	241728	0	StephenHawking	
3300	1:01:43	1/1/2019 	3697106	965.00	287.00	55.03	16.77	104084.70	1824	1	StephenHawking	
3301	1:02:01	1/1/2019 	3715087	954.00	248.00	50.03	16.77	104089.84	865458	0	StephenHawking	
3302	1:02:05	1/1/2019 	3718978	970.00	697.00	125.96	16.77	104090.36	194692	1	StephenHawking	
3303	1:02:05	1/1/2019 	3719221	95.00	9.00	6.47	16.77	104090.36	1823	0	StephenHawking	
3304	1:02:15	1/1/2019 	3729487	636.00	10.00	14.67	16.78	104090.36	485381	0	StephenHawking	
3305	1:02:19	1/1/2019 	3733400	913.00	113.00	32.54	16.78	104091.40	194560	1	StephenHawking	
3306	1:02:22	1/1/2019 	3735883	920.00	121.00	34.11	16.78	104091.62	146597	1	StephenHawking	
3307	1:02:25	1/1/2019 	3739447	947.00	189.00	44.33	16.78	104091.10	145767	1	StephenHawking	
3308	1:02:28	1/1/2019 	3742449	804.00	59.00	23.42	16.78	104090.66	145766	0	StephenHawking	
3309	1:02:30	1/1/2019 	3744202	958.00	280.00	54.01	16.78	104090.39	100003	1	StephenHawking	
3310	1:02:31	1/1/2019 	3744802	969.00	424.00	77.73	16.78	104090.22	49807	0	StephenHawking	
3311	1:02:36	1/1/2019 	3750293	895.00	98.00	29.60	16.79	104090.30	241727	1	StephenHawking	
3312	1:02:38	1/1/2019 	3751793	962.00	316.00	59.76	16.79	104090.48	98661	1	StephenHawking	
3313	1:02:38	1/1/2019 	3751850	812.00	65.00	24.13	16.79	104090.48	1824	0	StephenHawking	
3314	1:02:38	1/1/2019 	3752011	922.00	119.00	33.73	16.79	104090.48	1824	1	StephenHawking	
3315	1:02:43	1/1/2019 	3756878	162.00	9.00	8.36	16.79	104091.44	243236	0	StephenHawking	
3316	1:02:51	1/1/2019 	3764951	964.00	401.00	74.48	16.79	104091.27	385665	1	StephenHawking	
3317	1:02:55	1/1/2019 	3769356	951.00	220.00	47.28	16.79	104091.61	194645	1	StephenHawking	
3318	1:02:55	1/1/2019 	3769650	652.00	10.00	14.82	16.79	104091.78	49804	0	StephenHawking	
3319	1:02:57	1/1/2019 	3770710	959.00	265.00	52.01	16.79	104092.48	50723	0	StephenHawking	
3320	1:02:58	1/1/2019 	3771854	945.00	192.00	44.64	16.79	104093.41	49804	1	StephenHawking	
3321	1:02:58	1/1/2019 	3772264	783.00	40.00	21.45	16.79	104093.41	3357	1	StephenHawking	
3322	1:03:02	1/1/2019 	3776649	940.00	145.00	38.48	16.79	104093.58	241723	1	StephenHawking	
3323	1:03:03	1/1/2019 	3777312	957.00	231.00	48.31	16.79	104093.41	1824	1	StephenHawking	
3324	1:03:06	1/1/2019 	3779726	785.00	46.00	22.06	16.79	104093.05	145768	0	StephenHawking	
3325	1:03:14	1/1/2019 	3788556	118.00	9.00	7.09	16.79	104093.66	434590	0	StephenHawking	
3326	1:03:25	1/1/2019 	3798925	940.00	142.00	37.97	16.80	104097.05	483169	0	StephenHawking	
3327	1:03:29	1/1/2019 	3802701	938.00	137.00	37.10	16.80	104096.53	194545	1	StephenHawking	
3328	1:03:31	1/1/2019 	3804976	957.00	250.00	50.25	16.80	104095.48	98601	0	StephenHawking	
3329	1:03:37	1/1/2019 	3811031	892.00	98.00	29.59	16.80	104095.21	289708	0	StephenHawking	
3330	1:03:38	1/1/2019 	3812575	296.00	9.00	11.04	16.80	104094.69	98619	0	StephenHawking	
3331	1:03:41	1/1/2019 	3815488	784.00	41.00	21.55	16.80	104093.30	97785	0	StephenHawking	
3332	1:03:43	1/1/2019 	3817041	846.00	77.00	25.84	16.80	104092.77	99268	0	StephenHawking	
3333	1:03:50	1/1/2019 	3824682	134.00	9.00	7.56	16.81	104092.30	385665	0	StephenHawking	
3334	1:03:52	1/1/2019 	3826114	964.00	305.00	57.88	16.81	104092.91	50662	1	StephenHawking	
3335	1:04:00	1/1/2019 	3834087	78.00	9.00	6.10	16.81	104095.78	385664	0	StephenHawking	
3336	1:04:00	1/1/2019 	3834301	973.00	398.00	74.03	16.81	104096.13	2700	1	StephenHawking	
3337	1:04:03	1/1/2019 	3837404	973.00	598.00	104.34	16.81	104096.83	147274	1	StephenHawking	
3338	1:04:03	1/1/2019 	3837440	745.00	24.00	19.03	16.81	104096.83	1825	1	StephenHawking	
3339	1:04:04	1/1/2019 	3838479	940.00	142.00	37.97	16.81	104097.01	49803	0	StephenHawking	
3340	1:04:07	1/1/2019 	3841665	948.00	202.00	45.62	16.81	104097.35	193749	1	StephenHawking	
3341	1:04:09	1/1/2019 	3842914	960.00	260.00	51.40	16.81	104097.61	50710	1	StephenHawking	
3342	1:04:11	1/1/2019 	3845250	575.00	9.00	13.70	16.81	104097.27	97787	0	StephenHawking	
3343	1:04:15	1/1/2019 	3848720	672.00	11.00	15.24	16.81	104096.05	195268	0	StephenHawking	
3344	1:04:17	1/1/2019 	3851121	953.00	189.00	44.33	16.81	104095.78	97786	1	StephenHawking	
3345	1:04:23	1/1/2019 	3857350	499.00	9.00	12.92	16.81	104094.81	290634	0	StephenHawking	
3346	1:04:27	1/1/2019 	3861122	604.00	9.00	14.07	16.81	104094.64	193744	0	StephenHawking	
3347	1:04:38	1/1/2019 	3872102	791.00	59.00	23.38	16.82	104097.91	530553	0	StephenHawking	
3348	1:04:39	1/1/2019 	3872940	338.00	9.00	11.57	16.82	104098.08	50769	0	StephenHawking	
3349	1:04:40	1/1/2019 	3874104	944.00	137.00	37.10	16.82	104098.08	53566	0	StephenHawking	
3350	1:04:52	1/1/2019 	3886449	931.00	130.00	35.83	16.82	104097.98	577596	1	StephenHawking	
3351	1:04:58	1/1/2019 	3892482	585.00	9.00	13.83	16.82	104099.60	290529	0	StephenHawking	
3352	1:04:59	1/1/2019 	3893053	717.00	17.00	17.25	16.82	104099.78	50640	0	StephenHawking	
3353	1:05:01	1/1/2019 	3895067	113.00	8.00	6.95	16.82	104100.17	97788	0	StephenHawking	
3354	1:05:13	1/1/2019 	3907659	950.00	192.00	44.64	16.82	104096.85	627068	0	StephenHawking	
3355	1:05:19	1/1/2019 	3912974	881.00	91.00	28.26	16.83	104096.77	242595	1	StephenHawking	
3356	1:05:22	1/1/2019 	3915941	953.00	220.00	47.28	16.83	104097.20	146649	1	StephenHawking	
3357	1:05:23	1/1/2019 	3917049	881.00	89.00	27.91	16.83	104097.02	49805	1	StephenHawking	
3358	1:05:44	1/1/2019 	3937779	923.00	126.00	35.07	16.83	104099.29	1009436	1	StephenHawking	
3359	1:05:47	1/1/2019 	3941446	64.00	9.00	5.92	16.83	104100.16	146666	0	StephenHawking	
3360	1:05:50	1/1/2019 	3944570	234.00	8.00	10.00	16.83	104100.50	196063	0	StephenHawking	
3361	1:05:51	1/1/2019 	3945625	706.00	15.00	16.63	16.83	104100.69	49805	0	StephenHawking	
3362	1:05:51	1/1/2019 	3945746	957.00	228.00	48.03	16.83	104100.69	1823	1	StephenHawking	
3363	1:05:53	1/1/2019 	3947694	974.00	575.00	99.36	16.83	104100.86	97786	0	StephenHawking	
3364	1:05:54	1/1/2019 	3948450	944.00	145.00	38.48	16.83	104100.86	1824	1	StephenHawking	
3365	1:06:03	1/1/2019 	3957141	891.00	94.00	28.84	16.83	104099.72	434672	1	StephenHawking	
3366	1:06:04	1/1/2019 	3958642	405.00	9.00	12.22	16.83	104099.72	98733	0	StephenHawking	
3367	1:06:06	1/1/2019 	3959849	949.00	188.00	44.23	16.83	104099.72	49805	0	StephenHawking	
3368	1:06:13	1/1/2019 	3967702	176.00	9.00	8.73	16.83	104102.16	386635	0	StephenHawking	
3369	1:06:18	1/1/2019 	3972560	727.00	18.00	17.56	16.83	104101.81	241726	0	StephenHawking	
3370	1:06:20	1/1/2019 	3974490	774.00	34.00	20.73	16.83	104102.56	50614	0	StephenHawking	
3371	1:06:26	1/1/2019 	3980122	377.00	9.00	11.98	16.84	104103.69	291172	0	StephenHawking	
3372	1:06:28	1/1/2019 	3982724	100.00	9.00	6.60	16.84	104103.95	146600	0	StephenHawking	
3373	1:06:31	1/1/2019 	3985475	953.00	207.00	46.09	16.84	104101.68	97785	0	StephenHawking	
3374	1:06:32	1/1/2019 	3986690	672.00	11.00	15.24	16.84	104101.50	97786	0	StephenHawking	
3375	1:06:34	1/1/2019 	3988472	856.00	80.00	26.33	16.84	104102.02	49806	0	StephenHawking	
3376	1:06:35	1/1/2019 	3989691	900.00	103.00	30.56	16.84	104102.72	97784	0	StephenHawking	
3377	1:06:44	1/1/2019 	3998174	966.00	360.00	67.68	16.84	104104.38	387902	1	StephenHawking	
3378	1:06:51	1/1/2019 	4005455	945.00	146.00	38.64	16.85	104101.55	337700	0	StephenHawking	
3379	1:06:54	1/1/2019 	4008029	968.00	555.00	95.42	16.85	104100.67	146646	1	StephenHawking	
3380	1:06:57	1/1/2019 	4010884	959.00	304.00	57.72	16.85	104100.94	145768	1	StephenHawking	
3381	1:07:01	1/1/2019 	4015132	121.00	9.00	7.18	16.85	104100.94	194643	1	StephenHawking	
3382	1:07:05	1/1/2019 	4019439	948.00	191.00	44.54	16.85	104101.98	195271	1	StephenHawking	
3383	1:07:07	1/1/2019 	4021552	636.00	10.00	14.67	16.85	104102.67	145770	0	StephenHawking	
3384	1:07:11	1/1/2019 	4025121	787.00	57.00	23.15	16.85	104104.94	146690	0	StephenHawking	
3385	1:07:13	1/1/2019 	4027620	957.00	260.00	51.40	16.85	104105.81	145769	0	StephenHawking	
3386	1:07:15	1/1/2019 	4028981	292.00	9.00	10.98	16.85	104106.24	49804	0	StephenHawking	
3387	1:07:17	1/1/2019 	4030951	957.00	261.00	51.52	16.85	104106.06	97786	1	StephenHawking	
3388	1:07:18	1/1/2019 	4032693	946.00	150.00	39.29	16.85	104105.98	100245	0	StephenHawking	
3389	1:07:23	1/1/2019 	4036996	930.00	129.00	35.64	16.85	104105.38	193749	1	StephenHawking	
3390	1:07:26	1/1/2019 	4039844	950.00	177.00	43.00	16.85	104104.67	145774	0	StephenHawking	
3391	1:07:27	1/1/2019 	4041412	464.00	9.00	12.66	16.85	104104.85	50770	0	StephenHawking	
3392	1:07:37	1/1/2019 	4051740	879.00	88.00	27.73	16.85	104104.86	529619	0	StephenHawking	
3393	1:07:49	1/1/2019 	4062887	932.00	130.00	35.83	16.85	104105.29	531769	0	StephenHawking	
3394	1:07:49	1/1/2019 	4063467	888.00	91.00	28.29	16.85	104105.11	2660	1	StephenHawking	
3395	1:07:54	1/1/2019 	4068744	737.00	21.00	18.35	16.85	104103.89	289710	0	StephenHawking	
3396	1:07:55	1/1/2019 	4069225	804.00	63.00	23.87	16.85	104103.89	1824	1	StephenHawking	
3397	1:08:07	1/1/2019 	4081103	897.00	101.00	30.17	16.86	104104.49	577627	0	StephenHawking	
3398	1:08:11	1/1/2019 	4084913	947.00	172.00	42.40	16.86	104106.06	194615	1	StephenHawking	
3399	1:08:16	1/1/2019 	4089858	878.00	89.00	27.90	16.86	104106.66	243236	1	StephenHawking	
3400	1:08:18	1/1/2019 	4091927	892.00	94.00	28.84	16.86	104105.97	98670	1	StephenHawking	
3401	1:08:24	1/1/2019 	4098121	942.00	153.00	39.76	16.86	104105.84	289722	1	StephenHawking	
3402	1:08:38	1/1/2019 	4111864	929.00	128.00	35.45	16.86	104107.59	673586	1	StephenHawking	
3403	1:08:40	1/1/2019 	4113843	962.00	351.00	66.06	16.86	104107.77	98686	1	StephenHawking	
3404	1:08:46	1/1/2019 	4119833	975.00	621.00	109.75	16.86	104108.23	291247	0	StephenHawking	
3405	1:08:46	1/1/2019 	4119856	971.00	384.00	71.80	16.86	104108.23	2748	1	StephenHawking	
3406	1:08:56	1/1/2019 	4130133	942.00	141.00	37.80	16.86	104109.28	481652	0	StephenHawking	
3407	1:09:10	1/1/2019 	4144756	125.00	9.00	7.30	16.86	104107.77	722519	0	StephenHawking	
3408	1:09:13	1/1/2019 	4147383	970.00	445.00	80.36	16.86	104107.41	98749	0	StephenHawking	
3409	1:09:14	1/1/2019 	4148028	938.00	136.00	36.93	16.86	104107.59	49807	0	StephenHawking	
3410	1:09:26	1/1/2019 	4160339	947.00	156.00	40.21	16.86	104125.58	579178	1	StephenHawking	
3411	1:09:26	1/1/2019 	4160638	947.00	151.00	39.45	16.86	104125.58	50620	1	StephenHawking	
3412	1:09:27	1/1/2019 	4160812	587.00	9.00	13.86	16.86	104128.55	1823	0	StephenHawking	
3413	1:09:29	1/1/2019 	4163438	727.00	19.00	17.82	16.86	104132.28	97791	0	StephenHawking	
3414	1:09:30	1/1/2019 	4164400	843.00	78.00	25.98	16.86	104130.20	49810	0	StephenHawking	
3415	1:09:30	1/1/2019 	4164428	983.00	886.00	164.43	16.86	104130.20	1824	0	StephenHawking	
3416	1:09:34	1/1/2019 	4168040	814.00	67.00	24.38	16.87	104124.84	195227	1	StephenHawking	
3417	1:09:34	1/1/2019 	4168437	155.00	9.00	8.16	16.87	104124.84	1825	0	StephenHawking	
3418	1:09:35	1/1/2019 	4169416	173.00	9.00	8.65	16.87	104122.66	49805	0	StephenHawking	
3419	1:09:37	1/1/2019 	4171386	71.00	8.00	5.99	16.87	104118.73	97790	0	StephenHawking	
3420	1:09:40	1/1/2019 	4174062	952.00	233.00	48.51	16.88	104114.16	146611	0	StephenHawking	
3421	1:09:53	1/1/2019 	4186798	956.00	249.00	50.14	16.89	104105.03	627089	1	StephenHawking	
3422	1:09:54	1/1/2019 	4188580	952.00	205.00	45.90	16.89	104104.34	98649	1	StephenHawking	
3423	1:09:57	1/1/2019 	4191649	902.00	103.00	30.57	16.89	104103.81	145774	1	StephenHawking	
3424	1:09:58	1/1/2019 	4192302	958.00	281.00	54.16	16.89	104103.98	2703	1	StephenHawking	
3425	1:10:02	1/1/2019 	4196378	900.00	102.00	30.37	16.89	104103.89	193757	0	StephenHawking	
3426	1:10:06	1/1/2019 	4200142	969.00	462.00	82.34	16.90	104104.50	193755	1	StephenHawking	
3427	1:10:11	1/1/2019 	4205601	816.00	68.00	24.51	16.90	104103.72	292010	1	StephenHawking	
3428	1:10:12	1/1/2019 	4206026	955.00	230.00	48.22	16.90	104103.72	1824	1	StephenHawking	
3429	1:10:13	1/1/2019 	4206860	654.00	11.00	15.11	16.90	104103.72	49807	0	StephenHawking	
3430	1:10:30	1/1/2019 	4224433	231.00	9.00	9.96	16.91	104102.79	817511	0	StephenHawking	
3431	1:10:31	1/1/2019 	4225041	908.00	108.00	31.56	16.91	104102.45	50728	1	StephenHawking	
3432	1:10:31	1/1/2019 	4225347	904.00	103.00	30.58	16.91	104102.45	3358	1	StephenHawking	
3433	1:10:32	1/1/2019 	4226550	78.00	9.00	6.10	16.91	104101.57	97787	0	StephenHawking	
3434	1:10:33	1/1/2019 	4227000	907.00	108.00	31.55	16.91	104101.39	1822	1	StephenHawking	
3435	1:10:41	1/1/2019 	4234917	62.00	9.00	5.90	16.91	104097.20	385689	0	StephenHawking	
3436	1:10:42	1/1/2019 	4235822	976.00	910.00	178.52	16.92	104097.08	50756	0	StephenHawking	
3437	1:10:45	1/1/2019 	4239010	969.00	774.00	138.04	16.92	104095.69	145774	1	StephenHawking	
3438	1:10:56	1/1/2019 	4250823	963.00	374.00	70.13	16.93	104101.47	579167	1	StephenHawking	
3439	1:10:59	1/1/2019 	4253240	976.00	769.00	137.28	16.93	104101.55	98593	1	StephenHawking	
3440	1:11:01	1/1/2019 	4255153	954.00	232.00	48.41	16.93	104101.20	97791	1	StephenHawking	
3441	1:11:04	1/1/2019 	4258804	756.00	26.00	19.45	16.93	104102.86	193757	1	StephenHawking	
3442	1:11:06	1/1/2019 	4260068	943.00	161.00	40.94	16.93	104103.91	49808	1	StephenHawking	
3443	1:11:07	1/1/2019 	4261594	166.00	9.00	8.46	16.93	104104.60	98611	0	StephenHawking	
3444	1:11:11	1/1/2019 	4265763	908.00	108.00	31.56	16.94	104107.12	195229	1	StephenHawking	
3445	1:11:17	1/1/2019 	4271554	886.00	91.00	28.28	16.94	104107.64	289716	1	StephenHawking	
3446	1:11:20	1/1/2019 	4274037	916.00	118.00	33.52	16.94	104107.12	98635	0	StephenHawking	
3447	1:11:20	1/1/2019 	4274948	922.00	122.00	34.31	16.94	104107.34	49806	0	StephenHawking	
3448	1:11:21	1/1/2019 	4275362	956.00	249.00	50.14	16.94	104107.34	1823	1	StephenHawking	
3449	1:11:22	1/1/2019 	4276993	939.00	134.00	36.57	16.94	104107.34	99273	0	StephenHawking	
3450	1:11:27	1/1/2019 	4281950	959.00	267.00	52.26	16.94	104109.78	241734	1	StephenHawking	
3451	1:11:30	1/1/2019 	4284060	960.00	253.00	50.58	16.94	104110.66	98660	0	StephenHawking	
3452	1:11:31	1/1/2019 	4285426	947.00	168.00	41.89	16.94	104111.00	49806	1	StephenHawking	
3453	1:11:32	1/1/2019 	4286059	964.00	369.00	69.27	16.94	104111.17	49806	1	StephenHawking	
3454	1:11:41	1/1/2019 	4295292	940.00	145.00	38.48	16.94	104110.83	433660	1	StephenHawking	
3455	1:11:43	1/1/2019 	4297666	895.00	101.00	30.17	16.94	104110.83	148146	1	StephenHawking	
3456	1:11:44	1/1/2019 	4298347	417.00	9.00	12.32	16.94	104110.83	1823	0	StephenHawking	
3457	1:11:48	1/1/2019 	4302307	137.00	9.00	7.65	16.95	104111.78	193749	0	StephenHawking	
3458	1:11:50	1/1/2019 	4304041	620.00	9.00	14.26	16.94	104111.88	98702	0	StephenHawking	
3459	1:11:56	1/1/2019 	4310558	951.00	201.00	45.52	16.95	104113.53	337698	1	StephenHawking	
3460	1:12:00	1/1/2019 	4314285	981.00	911.00	180.22	16.95	104113.53	148119	1	StephenHawking	
3461	1:12:06	1/1/2019 	4320855	764.00	29.00	19.99	16.95	104114.05	337698	0	StephenHawking	
3462	1:12:12	1/1/2019 	4326871	965.00	411.00	75.95	16.95	104116.66	290678	1	StephenHawking	
3463	1:12:19	1/1/2019 	4333986	867.00	86.00	27.34	16.95	104118.75	337694	1	StephenHawking	
3464	1:12:20	1/1/2019 	4334935	632.00	9.00	14.39	16.95	104118.58	50607	0	StephenHawking	
3465	1:12:22	1/1/2019 	4336680	869.00	86.00	27.35	16.95	104119.02	97786	1	StephenHawking	
3466	1:12:22	1/1/2019 	4336991	785.00	42.00	21.66	16.95	104119.19	3283	0	StephenHawking	
3467	1:12:23	1/1/2019 	4337396	946.00	166.00	41.62	16.95	104119.19	1823	1	StephenHawking	
3468	1:12:27	1/1/2019 	4341186	957.00	300.00	57.06	16.95	104118.48	193753	1	StephenHawking	
3469	1:12:30	1/1/2019 	4344132	921.00	119.00	33.73	16.95	104117.52	146596	1	StephenHawking	
3470	1:12:32	1/1/2019 	4346735	947.00	165.00	41.49	16.95	104116.12	145776	1	StephenHawking	
3471	1:12:33	1/1/2019 	4347948	813.00	63.00	23.90	16.95	104115.61	51253	1	StephenHawking	
3472	1:12:38	1/1/2019 	4352366	957.00	242.00	49.40	16.95	104113.95	193752	1	StephenHawking	
3473	1:12:41	1/1/2019 	4355485	942.00	147.00	38.81	16.95	104114.30	146621	0	StephenHawking	
3474	1:12:58	1/1/2019 	4372999	66.00	8.00	5.93	16.96	104116.00	865503	0	StephenHawking	
3475	1:12:59	1/1/2019 	4373034	915.00	115.00	32.94	16.96	104116.00	2690	1	StephenHawking	
3476	1:13:02	1/1/2019 	4376705	948.00	206.00	45.99	16.96	104116.34	193754	1	StephenHawking	
3477	1:13:03	1/1/2019 	4377351	955.00	235.00	48.70	16.96	104116.17	3463	1	StephenHawking	
3478	1:13:04	1/1/2019 	4378932	566.00	9.00	13.59	16.96	104116.08	97789	0	StephenHawking	
3479	1:13:08	1/1/2019 	4382278	685.00	13.00	15.92	16.96	104115.04	145772	0	StephenHawking	
3480	1:13:09	1/1/2019 	4383909	316.00	9.00	11.31	16.96	104115.30	98681	0	StephenHawking	
3481	1:13:35	1/1/2019 	4409036	501.00	9.00	12.93	16.97	104119.30	1201369	0	StephenHawking	
3482	1:13:39	1/1/2019 	4413450	957.00	302.00	57.39	16.97	104119.99	194667	1	StephenHawking	
3483	1:13:41	1/1/2019 	4415814	632.00	10.00	14.63	16.97	104119.47	148124	0	StephenHawking	
3484	1:13:43	1/1/2019 	4417985	946.00	165.00	41.49	16.97	104118.59	97791	1	StephenHawking	
3485	1:13:44	1/1/2019 	4418131	965.00	393.00	73.25	16.97	104118.59	1823	1	StephenHawking	
3486	1:13:53	1/1/2019 	4427307	970.00	619.00	109.20	16.97	104118.20	433665	1	StephenHawking	
3487	1:13:53	1/1/2019 	4427720	780.00	33.00	20.62	16.97	104118.03	50759	0	StephenHawking	
3488	1:14:01	1/1/2019 	4435681	911.00	113.00	32.54	16.97	104119.42	387241	1	StephenHawking	
3489	1:14:05	1/1/2019 	4439619	966.00	347.00	65.33	16.98	104120.03	194562	1	StephenHawking	
3490	1:14:06	1/1/2019 	4440628	712.00	16.00	16.95	16.98	104120.03	50630	0	StephenHawking	
3491	1:14:07	1/1/2019 	4441681	974.00	596.00	103.94	16.98	104120.03	49805	1	StephenHawking	
3492	1:14:12	1/1/2019 	4446806	144.00	9.00	7.85	16.98	104121.16	241738	0	StephenHawking	
3493	1:14:17	1/1/2019 	4451099	760.00	30.00	20.13	16.98	104120.12	193756	1	StephenHawking	
3494	1:14:23	1/1/2019 	4457458	175.00	9.00	8.70	16.98	104120.81	291921	0	StephenHawking	
3495	1:14:25	1/1/2019 	4459307	138.00	9.00	7.68	16.98	104121.69	97786	0	StephenHawking	
3496	1:14:28	1/1/2019 	4462455	945.00	152.00	39.60	16.98	104122.47	145767	0	StephenHawking	
3497	1:14:30	1/1/2019 	4464101	555.00	13.00	13.92	16.98	104122.29	98658	0	StephenHawking	
3498	1:14:30	1/1/2019 	4464221	781.00	34.00	20.75	16.98	104122.29	1824	1	StephenHawking	
3499	1:14:39	1/1/2019 	4473105	426.00	9.00	12.39	16.98	104121.64	435162	0	StephenHawking	
3500	1:14:39	1/1/2019 	4473620	101.00	8.00	6.62	16.98	104121.47	50698	0	StephenHawking	
3501	1:14:40	1/1/2019 	4474363	942.00	139.00	37.46	16.98	104121.64	1823	1	StephenHawking	
3502	1:14:46	1/1/2019 	4480290	129.00	9.00	7.41	16.98	104121.30	289718	0	StephenHawking	
3503	1:14:49	1/1/2019 	4483759	608.00	9.00	14.12	16.98	104121.64	194662	0	StephenHawking	
3504	1:14:50	1/1/2019 	4484950	783.00	46.00	22.05	16.98	104121.99	49805	1	StephenHawking	
3505	1:14:53	1/1/2019 	4487059	56.00	9.00	5.88	16.98	104122.87	99318	0	StephenHawking	
3506	1:14:56	1/1/2019 	4490335	882.00	89.00	27.91	16.98	104123.91	145768	1	StephenHawking	
3507	1:14:56	1/1/2019 	4490929	127.00	8.00	7.35	16.98	104124.08	50744	0	StephenHawking	
3508	1:15:02	1/1/2019 	4496299	965.00	514.00	88.73	16.98	104123.04	241732	1	StephenHawking	
3509	1:15:06	1/1/2019 	4500328	709.00	14.00	16.33	16.99	104122.08	193750	0	StephenHawking	
3510	1:15:18	1/1/2019 	4512960	935.00	133.00	36.38	16.99	104125.03	626540	1	StephenHawking	
3511	1:15:19	1/1/2019 	4513134	884.00	90.00	28.10	16.99	104125.03	3960	1	StephenHawking	
3512	1:15:19	1/1/2019 	4513885	610.00	9.00	14.15	16.99	104125.55	49805	1	StephenHawking	
3513	1:15:20	1/1/2019 	4514315	939.00	137.00	37.10	16.99	104125.91	1823	1	StephenHawking	
3514	1:15:38	1/1/2019 	4532427	194.00	9.00	9.17	16.99	104131.22	865494	0	StephenHawking	
3515	1:15:43	1/1/2019 	4537896	962.00	387.00	72.30	17.00	104131.12	290542	1	StephenHawking	
3516	1:15:55	1/1/2019 	4548966	902.00	103.00	30.57	17.00	104130.48	531101	0	StephenHawking	
3517	1:16:02	1/1/2019 	4556911	423.00	9.00	12.37	17.00	104131.08	386532	0	StephenHawking	
3518	1:16:03	1/1/2019 	4557754	788.00	52.00	22.65	17.00	104131.26	50674	1	StephenHawking	
3519	1:16:04	1/1/2019 	4558926	709.00	15.00	16.64	17.00	104131.44	49806	0	StephenHawking	
3520	1:16:05	1/1/2019 	4559456	135.00	9.00	7.59	17.00	104131.44	1823	0	StephenHawking	
3521	1:16:06	1/1/2019 	4560248	906.00	106.00	31.16	17.00	104131.61	49804	0	StephenHawking	
3522	1:16:07	1/1/2019 	4561881	77.00	9.00	6.08	17.00	104131.86	100061	0	StephenHawking	
3523	1:16:09	1/1/2019 	4563440	917.00	113.00	32.55	17.00	104132.03	49804	0	StephenHawking	
3524	1:16:13	1/1/2019 	4567002	955.00	235.00	48.70	17.00	104132.03	193751	1	StephenHawking	
3525	1:16:34	1/1/2019 	4588391	647.00	10.00	14.78	17.00	104136.05	1009441	0	StephenHawking	
3526	1:16:38	1/1/2019 	4592824	961.00	368.00	69.09	17.00	104136.48	242650	1	StephenHawking	
3527	1:16:39	1/1/2019 	4593251	975.00	676.00	122.07	17.00	104136.48	2753	1	StephenHawking	
3528	1:16:53	1/1/2019 	4607490	933.00	130.00	35.83	17.00	104136.57	675107	0	StephenHawking	
3529	1:16:55	1/1/2019 	4609833	782.00	52.00	22.63	17.00	104136.92	146725	0	StephenHawking	
3530	1:16:56	1/1/2019 	4610221	901.00	97.00	29.43	17.00	104136.92	2625	0	StephenHawking	
3531	1:16:57	1/1/2019 	4611112	978.00	910.00	178.52	17.00	104136.92	49805	1	StephenHawking	
3532	1:17:08	1/1/2019 	4622054	794.00	60.00	23.50	17.01	104136.66	529614	0	StephenHawking	
3533	1:17:13	1/1/2019 	4627671	314.00	9.00	11.28	17.01	104135.61	291970	0	StephenHawking	
3534	1:17:24	1/1/2019 	4638921	942.00	148.00	38.97	17.01	104135.26	529606	1	StephenHawking	
3535	1:17:30	1/1/2019 	4644292	116.00	9.00	7.04	17.01	104135.34	242570	0	StephenHawking	
3536	1:17:33	1/1/2019 	4647494	919.00	123.00	34.50	17.01	104135.52	146626	0	StephenHawking	
3537	1:17:46	1/1/2019 	4660209	697.00	13.00	15.98	17.01	104138.13	625575	1	StephenHawking	
3538	1:17:54	1/1/2019 	4668925	944.00	145.00	38.48	17.01	104140.66	434526	1	StephenHawking	
3539	1:18:02	1/1/2019 	4676368	944.00	143.00	38.14	17.01	104139.80	339195	0	StephenHawking	
3540	1:18:05	1/1/2019 	4678991	950.00	213.00	46.64	17.01	104139.00	146669	1	StephenHawking	
3541	1:18:10	1/1/2019 	4684935	919.00	117.00	33.33	17.01	104137.53	289712	0	StephenHawking	
3542	1:18:11	1/1/2019 	4685190	152.00	9.00	8.08	17.01	104137.53	2744	0	StephenHawking	
3543	1:18:24	1/1/2019 	4698392	946.00	175.00	42.76	17.01	104136.30	625567	1	StephenHawking	
3544	1:18:26	1/1/2019 	4700676	670.00	11.00	15.23	17.01	104136.13	148124	0	StephenHawking	
3545	1:18:31	1/1/2019 	4705641	940.00	143.00	38.14	17.01	104135.78	242690	1	StephenHawking	
3546	1:18:34	1/1/2019 	4708179	788.00	55.00	22.95	17.01	104135.78	97783	1	StephenHawking	
3547	1:18:37	1/1/2019 	4711448	870.00	86.00	27.36	17.01	104136.56	145766	0	StephenHawking	
3548	1:18:38	1/1/2019 	4712282	425.00	9.00	12.38	17.01	104137.09	50612	0	StephenHawking	
3549	1:18:41	1/1/2019 	4715410	954.00	233.00	48.51	17.01	104137.09	145766	1	StephenHawking	
3550	1:18:53	1/1/2019 	4727352	784.00	56.00	23.03	17.01	104137.27	579059	1	StephenHawking	
3551	1:18:54	1/1/2019 	4728950	962.00	379.00	70.98	17.01	104137.00	98627	0	StephenHawking	
3552	1:18:57	1/1/2019 	4731231	961.00	306.00	58.05	17.01	104137.00	97789	1	StephenHawking	
3553	1:18:59	1/1/2019 	4733242	739.00	23.00	18.80	17.01	104137.17	98641	0	StephenHawking	
3554	1:19:03	1/1/2019 	4737092	919.00	119.00	33.72	17.01	104137.17	193749	1	StephenHawking	
3555	1:19:03	1/1/2019 	4737150	953.00	207.00	46.09	17.01	104137.17	3317	1	StephenHawking	
3556	1:19:05	1/1/2019 	4739877	97.00	8.00	6.52	17.01	104137.53	145768	0	StephenHawking	
3557	1:19:06	1/1/2019 	4740838	757.00	27.00	19.63	17.01	104137.70	50683	0	StephenHawking	
3558	1:19:07	1/1/2019 	4741847	870.00	85.00	27.19	17.01	104137.53	49807	0	StephenHawking	
3559	1:19:13	1/1/2019 	4747901	792.00	58.00	23.27	17.01	104138.23	289715	0	StephenHawking	
3560	1:19:34	1/1/2019 	4768941	776.00	37.00	21.09	17.01	104138.75	1009436	1	StephenHawking	
3561	1:19:35	1/1/2019 	4769239	132.00	9.00	7.50	17.01	104138.75	4115	0	StephenHawking	
3562	1:19:38	1/1/2019 	4772832	922.00	123.00	34.50	17.01	104138.40	193748	0	StephenHawking	
3563	1:19:39	1/1/2019 	4773019	153.00	8.00	8.10	17.01	104138.40	2744	0	StephenHawking	
3564	1:19:43	1/1/2019 	4777563	461.00	9.00	12.64	17.01	104138.66	241731	0	StephenHawking	
3565	1:19:44	1/1/2019 	4778217	956.00	272.00	52.91	17.01	104138.48	1823	1	StephenHawking	
3566	1:19:50	1/1/2019 	4784232	794.00	56.00	23.07	17.01	104139.17	289714	1	StephenHawking	
3567	1:19:53	1/1/2019 	4787674	786.00	55.00	22.94	17.01	104140.22	196118	1	StephenHawking	
3568	1:19:53	1/1/2019 	4787954	932.00	127.00	35.27	17.01	104140.22	1824	0	StephenHawking	
3569	1:19:55	1/1/2019 	4788990	784.00	52.00	22.63	17.01	104140.57	49804	1	StephenHawking	
3570	1:19:55	1/1/2019 	4789886	741.00	23.00	18.81	17.01	104140.57	49806	0	StephenHawking	
3571	1:19:58	1/1/2019 	4791984	712.00	16.00	16.95	17.01	104140.40	98751	1	StephenHawking	
3572	1:20:00	1/1/2019 	4794104	965.00	393.00	73.25	17.01	104140.22	101551	1	StephenHawking	
3573	1:20:00	1/1/2019 	4794819	894.00	98.00	29.59	17.01	104140.22	49806	0	StephenHawking	
3574	1:20:03	1/1/2019 	4797461	947.00	146.00	38.64	17.01	104140.45	97788	0	StephenHawking	
3575	1:20:11	1/1/2019 	4805190	948.00	211.00	46.46	17.01	104139.14	385684	0	StephenHawking	
3576	1:20:20	1/1/2019 	4814292	239.00	9.00	10.11	17.01	104138.79	434486	0	StephenHawking	
3577	1:20:22	1/1/2019 	4816113	905.00	105.00	30.96	17.01	104139.14	98624	1	StephenHawking	
3578	1:20:22	1/1/2019 	4816449	905.00	99.00	29.81	17.01	104139.14	3306	0	StephenHawking	
3579	1:20:33	1/1/2019 	4827710	877.00	91.00	28.25	17.02	104141.22	577605	0	StephenHawking	
3580	1:20:33	1/1/2019 	4827721	975.00	652.00	116.92	17.02	104141.22	2689	1	StephenHawking	
3581	1:20:35	1/1/2019 	4829033	933.00	131.00	36.01	17.02	104140.88	49808	0	StephenHawking	
3582	1:20:35	1/1/2019 	4829660	844.00	78.00	25.99	17.02	104140.88	49813	0	StephenHawking	
3583	1:20:36	1/1/2019 	4830036	963.00	365.00	68.56	17.02	104140.88	4095	0	StephenHawking	
3584	1:20:43	1/1/2019 	4837277	911.00	115.00	32.93	17.02	104140.88	337710	1	StephenHawking	
3585	1:20:43	1/1/2019 	4837430	964.00	248.00	50.03	17.02	104140.88	1832	0	StephenHawking	
3586	1:20:44	1/1/2019 	4838854	906.00	107.00	31.36	17.02	104141.48	97793	1	StephenHawking	
3587	1:20:44	1/1/2019 	4838896	922.00	122.00	34.31	17.02	104141.48	1824	1	StephenHawking	
3588	1:20:48	1/1/2019 	4842492	853.00	78.00	26.01	17.02	104142.00	145773	0	StephenHawking	
3589	1:20:49	1/1/2019 	4842976	705.00	14.00	16.32	17.02	104141.83	52219	0	StephenHawking	
3590	1:20:51	1/1/2019 	4845005	633.00	10.00	14.64	17.02	104141.83	97788	0	StephenHawking	
3591	1:20:59	1/1/2019 	4853349	115.00	9.00	7.01	17.02	104142.34	385679	0	StephenHawking	
3592	1:21:00	1/1/2019 	4854910	590.00	9.00	13.90	17.02	104142.61	98721	0	StephenHawking	
3593	1:21:02	1/1/2019 	4856846	420.00	9.00	12.34	17.02	104142.78	97788	0	StephenHawking	
3594	1:21:02	1/1/2019 	4857306	955.00	241.00	49.30	17.02	104142.95	1824	1	StephenHawking	
3595	1:21:08	1/1/2019 	4862815	895.00	95.00	29.04	17.03	104142.66	291255	0	StephenHawking	
3596	1:21:10	1/1/2019 	4865094	971.00	473.00	83.61	17.03	104142.83	98743	1	StephenHawking	
3597	1:21:17	1/1/2019 	4871876	932.00	130.00	35.83	17.03	104143.44	337683	0	StephenHawking	
3598	1:21:18	1/1/2019 	4873312	781.00	49.00	22.33	17.03	104143.09	50607	0	StephenHawking	
3599	1:21:19	1/1/2019 	4873628	563.00	9.00	13.56	17.03	104143.09	49803	0	StephenHawking	
3600	1:21:23	1/1/2019 	4878214	745.00	23.00	18.82	17.03	104143.00	195201	1	StephenHawking	
3601	1:21:24	1/1/2019 	4879327	966.00	516.00	89.03	17.03	104142.83	49805	1	StephenHawking	
3602	1:21:26	1/1/2019 	4881092	960.00	301.00	57.22	17.03	104142.83	97785	1	StephenHawking	
3603	1:21:27	1/1/2019 	4881944	950.00	211.00	46.46	17.03	104142.83	50634	1	StephenHawking	
3604	1:21:29	1/1/2019 	4884301	747.00	25.00	19.23	17.03	104142.91	97785	1	StephenHawking	
3605	1:21:31	1/1/2019 	4885853	116.00	9.00	7.04	17.03	104142.91	97783	0	StephenHawking	
3606	1:21:32	1/1/2019 	4886873	158.00	9.00	8.25	17.03	104143.08	51281	0	StephenHawking	
3607	1:21:34	1/1/2019 	4889277	729.00	18.00	17.57	17.03	104143.25	97782	0	StephenHawking	
3608	1:21:39	1/1/2019 	4893378	946.00	178.00	43.12	17.03	104143.08	193744	0	StephenHawking	
3609	1:21:46	1/1/2019 	4900443	958.00	307.00	58.22	17.04	104142.47	338541	0	StephenHawking	
3610	1:21:48	1/1/2019 	4902550	788.00	50.00	22.45	17.04	104142.30	146637	1	StephenHawking	
3611	1:21:56	1/1/2019 	4911261	978.00	951.00	255.15	17.04	104141.77	387168	1	StephenHawking	
3612	1:21:57	1/1/2019 	4911779	184.00	9.00	8.93	17.04	104141.94	49803	0	StephenHawking	
3613	1:22:00	1/1/2019 	4914850	963.00	316.00	59.76	17.04	104143.56	145762	1	StephenHawking	
3614	1:22:01	1/1/2019 	4915606	966.00	402.00	74.63	17.04	104144.09	49805	1	StephenHawking	
3615	1:22:09	1/1/2019 	4923692	785.00	40.00	21.45	17.04	104143.56	385670	0	StephenHawking	
3616	1:22:15	1/1/2019 	4930333	820.00	69.00	24.65	17.04	104143.04	290622	0	StephenHawking	
3617	1:22:18	1/1/2019 	4932633	870.00	84.00	27.02	17.04	104143.16	148101	1	StephenHawking	
3618	1:22:18	1/1/2019 	4932910	125.00	9.00	7.30	17.04	104143.16	1824	0	StephenHawking	
3619	1:22:20	1/1/2019 	4934563	912.00	114.00	32.74	17.04	104143.91	97780	1	StephenHawking	
3620	1:22:26	1/1/2019 	4940613	548.00	9.00	13.38	17.04	104144.52	289704	0	StephenHawking	
3621	1:22:26	1/1/2019 	4940685	955.00	172.00	42.40	17.04	104144.52	2775	1	StephenHawking	
3622	1:22:31	1/1/2019 	4946334	963.00	315.00	59.59	17.04	104145.05	241728	1	StephenHawking	
3623	1:22:37	1/1/2019 	4951574	964.00	401.00	74.48	17.04	104145.30	291260	0	StephenHawking	
3624	1:22:40	1/1/2019 	4954655	934.00	130.00	35.83	17.04	104144.78	146575	0	StephenHawking	
3625	1:22:44	1/1/2019 	4958722	900.00	103.00	30.56	17.04	104144.42	193749	0	StephenHawking	
3626	1:22:44	1/1/2019 	4959082	866.00	83.00	26.84	17.04	104144.42	1824	0	StephenHawking	
3627	1:23:00	1/1/2019 	4974379	954.00	251.00	50.36	17.05	104142.50	721536	1	StephenHawking	
3628	1:23:02	1/1/2019 	4977203	888.00	97.00	29.39	17.05	104142.67	147935	1	StephenHawking	
3629	1:23:17	1/1/2019 	4991352	105.00	9.00	6.73	17.06	104143.59	673557	0	StephenHawking	
3630	1:23:19	1/1/2019 	4994163	956.00	276.00	53.45	17.06	104143.23	146610	1	StephenHawking	
3631	1:23:24	1/1/2019 	4998414	955.00	261.00	51.52	17.06	104143.41	193744	1	StephenHawking	
3632	1:23:24	1/1/2019 	4998491	395.00	9.00	12.14	17.06	104143.41	1824	0	StephenHawking	
3633	1:23:26	1/1/2019 	5001337	639.00	9.00	14.45	17.06	104143.76	145761	0	StephenHawking	
3634	1:23:36	1/1/2019 	5010738	133.00	9.00	7.53	17.06	104143.76	483862	1	StephenHawking	
3635	1:23:42	1/1/2019 	5016426	950.00	187.00	44.12	17.06	104145.23	242616	1	StephenHawking	
3636	1:23:45	1/1/2019 	5020170	709.00	15.00	16.64	17.06	104145.50	193747	0	StephenHawking	
3637	1:23:52	1/1/2019 	5026802	517.00	9.00	13.07	17.06	104145.33	338592	0	StephenHawking	
3638	1:23:57	1/1/2019 	5031848	409.00	9.00	12.26	17.06	104153.34	241724	0	StephenHawking	
3639	1:23:57	1/1/2019 	5032055	962.00	267.00	52.26	17.06	104154.56	4160	0	StephenHawking	
3640	1:23:58	1/1/2019 	5033169	553.00	9.00	13.44	17.06	104156.40	49802	0	StephenHawking	
3641	1:24:05	1/1/2019 	5040122	882.00	93.00	28.63	17.05	104162.51	337688	1	StephenHawking	
3642	1:24:07	1/1/2019 	5041965	258.00	9.00	10.45	17.05	104162.63	98735	0	StephenHawking	
3643	1:24:09	1/1/2019 	5043561	116.00	9.00	7.04	17.05	104161.68	97786	0	StephenHawking	
3644	1:24:10	1/1/2019 	5045043	773.00	39.00	21.30	17.05	104161.16	49803	0	StephenHawking	
3645	1:24:12	1/1/2019 	5046770	560.00	9.00	13.52	17.05	104159.94	99439	0	StephenHawking	
3646	1:24:13	1/1/2019 	5047428	81.00	9.00	6.16	17.05	104160.11	1823	0	StephenHawking	
3647	1:24:14	1/1/2019 	5048966	359.00	9.00	11.80	17.05	104163.34	97782	0	StephenHawking	
3648	1:24:20	1/1/2019 	5054821	549.00	9.00	13.39	17.05	104165.26	289703	0	StephenHawking	
3649	1:24:25	1/1/2019 	5059604	947.00	196.00	45.04	17.04	104168.58	242525	1	StephenHawking	
3650	1:24:26	1/1/2019 	5060921	757.00	28.00	19.80	17.04	104168.67	50627	0	StephenHawking	
3651	1:24:29	1/1/2019 	5063367	729.00	20.00	18.08	17.04	104169.49	99223	0	StephenHawking	
3652	1:24:30	1/1/2019 	5064876	69.00	8.00	5.97	17.03	104169.41	97786	0	StephenHawking	
3653	1:24:37	1/1/2019 	5071681	121.00	9.00	7.18	17.02	104169.28	337686	0	StephenHawking	
3654	1:24:39	1/1/2019 	5073689	632.00	10.00	14.63	17.02	104169.45	98630	0	StephenHawking	
3655	1:24:45	1/1/2019 	5080082	222.00	9.00	9.78	17.02	104166.16	289706	1	StephenHawking	
3656	1:24:48	1/1/2019 	5082663	693.00	13.00	15.96	17.02	104166.16	148039	0	StephenHawking	
3657	1:24:49	1/1/2019 	5083871	689.00	13.00	15.94	17.02	104165.89	49803	0	StephenHawking	
3658	1:24:53	1/1/2019 	5087805	970.00	617.00	108.76	17.02	104167.46	193744	1	StephenHawking	
3659	1:24:57	1/1/2019 	5091951	95.00	4.00	6.46	17.01	104167.91	193747	0	StephenHawking	
3660	1:24:58	1/1/2019 	5092467	355.00	9.00	11.76	17.01	104168.08	2713	0	StephenHawking	
3661	1:25:01	1/1/2019 	5096016	783.00	58.00	23.24	17.01	104169.16	193747	0	StephenHawking	
3662	1:25:05	1/1/2019 	5099602	950.00	217.00	47.01	17.00	104169.70	195268	0	StephenHawking	
3663	1:25:08	1/1/2019 	5102480	956.00	261.00	51.52	17.00	104169.53	98704	0	StephenHawking	
3664	1:25:08	1/1/2019 	5102830	738.00	22.00	18.58	17.00	104169.53	49806	0	StephenHawking	
3665	1:25:09	1/1/2019 	5103454	656.00	11.00	15.13	17.00	104169.53	1823	0	StephenHawking	
3666	1:25:17	1/1/2019 	5112250	940.00	153.00	39.76	16.98	104165.05	433653	1	StephenHawking	
3667	1:25:24	1/1/2019 	5118670	680.00	12.00	15.59	16.98	104158.47	338618	0	StephenHawking	
3668	1:25:27	1/1/2019 	5121463	138.00	9.00	7.68	16.98	104154.55	99331	0	StephenHawking	
3669	1:25:27	1/1/2019 	5121921	581.00	9.00	13.78	16.98	104154.55	50602	0	StephenHawking	
3670	1:25:30	1/1/2019 	5125009	76.00	9.00	6.07	16.97	104150.98	145766	0	StephenHawking	
3671	1:25:31	1/1/2019 	5125423	942.00	142.00	37.97	16.98	104150.54	1823	1	StephenHawking	
3672	1:25:31	1/1/2019 	5126309	969.00	328.00	61.89	16.98	104148.97	49805	1	StephenHawking	
3673	1:25:33	1/1/2019 	5127891	921.00	119.00	33.73	16.97	104147.14	99247	1	StephenHawking	
3674	1:25:34	1/1/2019 	5129169	93.00	9.00	6.42	16.97	104145.92	49804	0	StephenHawking	
3675	1:25:38	1/1/2019 	5133267	321.00	9.00	11.37	16.97	104140.88	193750	0	StephenHawking	
3676	1:25:41	1/1/2019 	5135650	81.00	9.00	6.16	16.97	104138.61	146599	0	StephenHawking	
3677	1:25:43	1/1/2019 	5138073	950.00	193.00	44.74	16.97	104136.69	97786	1	StephenHawking	
3678	1:25:51	1/1/2019 	5145712	960.00	369.00	69.27	16.98	104142.95	385680	1	StephenHawking	
3679	1:25:57	1/1/2019 	5151831	518.00	9.00	13.08	16.99	104147.78	291921	0	StephenHawking	
3680	1:26:12	1/1/2019 	5165753	958.00	336.00	63.33	17.01	104148.99	674437	1	StephenHawking	
3681	1:26:18	1/1/2019 	5172107	940.00	141.00	37.80	17.02	104148.80	290598	1	StephenHawking	
3682	1:26:21	1/1/2019 	5174832	882.00	91.00	28.27	17.02	104147.84	146673	1	StephenHawking	
3683	1:26:22	1/1/2019 	5176027	827.00	70.00	24.80	17.03	104147.53	49805	1	StephenHawking	
3684	1:26:26	1/1/2019 	5179784	934.00	131.00	36.02	17.03	104146.48	193747	1	StephenHawking	
3685	1:26:26	1/1/2019 	5179985	95.00	9.00	6.47	17.03	104146.48	4169	0	StephenHawking	
3686	1:26:26	1/1/2019 	5180106	747.00	25.00	19.23	17.03	104146.48	1821	0	StephenHawking	
3687	1:26:31	1/1/2019 	5185650	959.00	273.00	53.05	17.03	104146.05	289708	1	StephenHawking	
3688	1:26:44	1/1/2019 	5198341	958.00	303.00	57.55	17.05	104143.46	577597	1	StephenHawking	
3689	1:26:48	1/1/2019 	5202373	789.00	57.00	23.16	17.05	104142.76	194695	1	StephenHawking	
3690	1:26:51	1/1/2019 	5205243	969.00	478.00	84.20	17.05	104141.77	150364	1	StephenHawking	
3691	1:26:55	1/1/2019 	5209276	191.00	8.00	9.09	17.05	104140.71	193751	0	StephenHawking	
3692	1:26:57	1/1/2019 	5210971	978.00	948.00	244.81	17.06	104141.15	97787	0	StephenHawking	
3693	1:26:59	1/1/2019 	5212898	617.00	10.00	14.44	17.06	104141.50	98603	0	StephenHawking	
3694	1:26:59	1/1/2019 	5213171	926.00	122.00	34.31	17.06	104141.50	1825	1	StephenHawking	
3695	1:27:02	1/1/2019 	5216469	971.00	558.00	95.93	17.06	104142.28	145768	0	StephenHawking	
3696	1:27:06	1/1/2019 	5220441	862.00	83.00	26.83	17.06	104142.45	195323	0	StephenHawking	
3697	1:27:13	1/1/2019 	5226981	947.00	184.00	43.80	17.07	104142.48	338538	0	StephenHawking	
3698	1:27:28	1/1/2019 	5242315	791.00	60.00	23.49	17.08	104141.52	721529	0	StephenHawking	
3699	1:27:33	1/1/2019 	5246888	962.00	282.00	54.30	17.08	104141.91	242592	1	StephenHawking	
3700	1:27:39	1/1/2019 	5253020	972.00	577.00	99.82	17.09	104143.47	289702	0	StephenHawking	
3701	1:27:57	1/1/2019 	5271575	609.00	10.00	14.33	17.09	104145.61	915706	0	StephenHawking	
3702	1:28:03	1/1/2019 	5276825	958.00	280.00	54.01	17.10	104144.91	242629	1	StephenHawking	
3703	1:28:12	1/1/2019 	5286242	924.00	125.00	34.88	17.10	104143.49	433653	1	StephenHawking	
3704	1:28:12	1/1/2019 	5286343	872.00	86.00	27.36	17.10	104143.49	2747	1	StephenHawking	
3705	1:28:16	1/1/2019 	5290482	112.00	9.00	6.92	17.11	104143.41	193744	0	StephenHawking	
3706	1:28:19	1/1/2019 	5293140	920.00	119.00	33.72	17.11	104143.62	146705	0	StephenHawking	
3707	1:28:20	1/1/2019 	5293861	946.00	143.00	38.14	17.11	104143.45	51353	1	StephenHawking	
3708	1:28:20	1/1/2019 	5294612	846.00	79.00	26.15	17.11	104143.45	49804	1	StephenHawking	
3709	1:28:24	1/1/2019 	5298239	142.00	8.00	7.79	17.11	104142.67	145763	0	StephenHawking	
3710	1:28:28	1/1/2019 	5302073	963.00	371.00	69.61	17.11	104142.22	193745	1	StephenHawking	
3711	1:28:32	1/1/2019 	5305775	881.00	92.00	28.44	17.12	104142.31	194713	1	StephenHawking	
3712	1:28:36	1/1/2019 	5310615	973.00	809.00	144.79	17.12	104143.35	245487	1	StephenHawking	
3713	1:28:38	1/1/2019 	5312184	774.00	35.00	20.85	17.12	104143.88	50627	0	StephenHawking	
3714	1:28:42	1/1/2019 	5316469	617.00	9.00	14.23	17.12	104144.13	193753	0	StephenHawking	
3715	1:28:43	1/1/2019 	5316843	615.00	9.00	14.21	17.12	104144.13	49804	0	StephenHawking	
3716	1:28:44	1/1/2019 	5318475	975.00	708.00	127.73	17.12	104144.13	49804	0	StephenHawking	
3717	1:28:45	1/1/2019 	5319614	433.00	9.00	12.44	17.12	104144.13	97788	0	StephenHawking	
3718	1:28:50	1/1/2019 	5324047	418.00	9.00	12.33	17.12	104143.96	195945	0	StephenHawking	
3719	1:28:52	1/1/2019 	5326276	683.00	12.00	15.61	17.12	104144.01	97785	0	StephenHawking	
3720	1:28:57	1/1/2019 	5330867	892.00	98.00	29.59	17.12	104144.19	241731	1	StephenHawking	
3721	1:29:04	1/1/2019 	5337778	962.00	325.00	61.35	17.12	104144.27	338557	1	StephenHawking	
3722	1:29:04	1/1/2019 	5338113	977.00	513.00	88.56	17.12	104144.27	1826	1	StephenHawking	
3723	1:29:05	1/1/2019 	5338786	103.00	9.00	6.67	17.13	104144.88	49807	1	StephenHawking	
3724	1:29:05	1/1/2019 	5339695	859.00	75.00	25.58	17.13	104144.70	51307	1	StephenHawking	
3725	1:29:11	1/1/2019 	5345200	903.00	103.00	30.57	17.13	104148.27	242619	0	StephenHawking	
3726	1:29:13	1/1/2019 	5347665	960.00	273.00	53.05	17.13	104149.84	145770	1	StephenHawking	
3727	1:29:17	1/1/2019 	5351386	822.00	69.00	24.66	17.13	104150.71	145767	1	StephenHawking	
3728	1:29:20	1/1/2019 	5353878	962.00	322.00	60.81	17.13	104151.06	146672	0	StephenHawking	
3729	1:29:35	1/1/2019 	5368783	175.00	9.00	8.70	17.13	104150.80	723066	0	StephenHawking	
3730	1:29:40	1/1/2019 	5374246	888.00	94.00	28.83	17.13	104148.70	242662	1	StephenHawking	
3731	1:29:41	1/1/2019 	5374997	687.00	13.00	15.93	17.13	104148.78	50753	0	StephenHawking	
3732	1:29:44	1/1/2019 	5378678	554.00	9.00	13.45	17.13	104148.44	193750	0	StephenHawking	
3733	1:29:45	1/1/2019 	5378958	961.00	269.00	52.52	17.13	104148.44	1823	1	StephenHawking	
3734	1:29:46	1/1/2019 	5380339	281.00	9.00	10.82	17.13	104148.44	49804	0	StephenHawking	
3735	1:29:47	1/1/2019 	5381295	873.00	88.00	27.71	17.13	104148.09	54406	1	StephenHawking	
3736	1:29:54	1/1/2019 	5388350	952.00	208.00	46.18	17.13	104147.04	337696	1	StephenHawking	
3737	1:29:56	1/1/2019 	5389953	968.00	385.00	71.97	17.13	104147.22	97787	1	StephenHawking	
3738	1:29:56	1/1/2019 	5390467	917.00	114.00	32.75	17.13	104147.04	2644	0	StephenHawking	
3739	1:30:03	1/1/2019 	5397569	67.00	8.00	5.94	17.13	104149.05	385672	0	StephenHawking	
3740	1:30:08	1/1/2019 	5402442	965.00	437.00	79.40	17.13	104148.18	195221	0	StephenHawking	
3741	1:30:11	1/1/2019 	5405565	870.00	86.00	27.36	17.13	104148.00	194596	1	StephenHawking	
3742	1:30:17	1/1/2019 	5411139	958.00	314.00	59.41	17.13	104148.35	241735	1	StephenHawking	
3743	1:30:22	1/1/2019 	5416749	787.00	47.00	22.16	17.13	104149.48	290572	1	StephenHawking	
3744	1:30:24	1/1/2019 	5417781	978.00	873.00	160.30	17.13	104149.23	49806	1	StephenHawking	
3745	1:30:25	1/1/2019 	5419384	240.00	9.00	10.13	17.13	104149.58	49803	0	StephenHawking	
3746	1:30:26	1/1/2019 	5420608	650.00	10.00	14.80	17.13	104149.83	99382	0	StephenHawking	
3747	1:30:28	1/1/2019 	5421921	777.00	37.00	21.10	17.13	104149.48	50692	0	StephenHawking	
3748	1:30:31	1/1/2019 	5424919	372.00	9.00	11.93	17.13	104148.61	145766	0	StephenHawking	
3749	1:30:32	1/1/2019 	5426064	968.00	374.00	70.13	17.13	104148.44	49805	0	StephenHawking	
3750	1:30:36	1/1/2019 	5429914	187.00	9.00	9.00	17.14	104147.44	193745	0	StephenHawking	
3751	1:30:37	1/1/2019 	5431718	414.00	9.00	12.30	17.14	104147.09	98690	0	StephenHawking	
3752	1:30:42	1/1/2019 	5436719	624.00	10.00	14.53	17.14	104147.97	243252	0	StephenHawking	
3753	1:30:46	1/1/2019 	5439954	958.00	242.00	49.40	17.14	104148.48	145767	1	StephenHawking	
3754	1:30:51	1/1/2019 	5444954	933.00	131.00	36.01	17.13	104149.66	242667	1	StephenHawking	
3755	1:30:53	1/1/2019 	5446752	166.00	8.00	8.46	17.13	104150.00	97788	0	StephenHawking	
3756	1:30:53	1/1/2019 	5447054	542.00	9.00	13.32	17.13	104150.17	1824	0	StephenHawking	
3757	1:30:55	1/1/2019 	5449174	930.00	129.00	35.64	17.13	104150.36	99328	1	StephenHawking	
3758	1:30:57	1/1/2019 	5451473	328.00	9.00	11.45	17.13	104150.53	97788	0	StephenHawking	
3759	1:31:03	1/1/2019 	5457241	929.00	133.00	36.38	17.13	104150.80	290672	1	StephenHawking	
3760	1:31:09	1/1/2019 	5462936	765.00	30.00	20.15	17.13	104152.27	289711	0	StephenHawking	
3761	1:31:10	1/1/2019 	5464464	716.00	17.00	17.24	17.13	104152.19	50609	0	StephenHawking	
3762	1:31:11	1/1/2019 	5465616	207.00	9.00	9.47	17.13	104152.36	97785	0	StephenHawking	
3763	1:31:16	1/1/2019 	5470481	953.00	260.00	51.40	17.13	104152.02	195208	0	StephenHawking	
3764	1:31:20	1/1/2019 	5474813	829.00	77.00	25.79	17.13	104151.84	242556	0	StephenHawking	
3765	1:31:27	1/1/2019 	5481580	966.00	407.00	75.38	17.13	104151.66	337684	1	StephenHawking	
3766	1:31:31	1/1/2019 	5486012	847.00	77.00	25.85	17.13	104151.49	194595	1	StephenHawking	
3767	1:31:34	1/1/2019 	5488821	968.00	577.00	99.82	17.13	104151.84	145765	1	StephenHawking	
3768	1:31:34	1/1/2019 	5489215	963.00	281.00	54.16	17.13	104151.66	3414	0	StephenHawking	
3769	1:31:35	1/1/2019 	5490446	766.00	33.00	20.57	17.13	104152.19	49804	0	StephenHawking	
3770	1:31:38	1/1/2019 	5493432	962.00	366.00	68.74	17.13	104152.28	146640	1	StephenHawking	
3771	1:31:45	1/1/2019 	5500478	949.00	201.00	45.52	17.13	104153.25	337688	0	StephenHawking	
3772	1:31:47	1/1/2019 	5501916	857.00	77.00	25.87	17.13	104153.42	98674	0	StephenHawking	
3773	1:31:48	1/1/2019 	5502485	892.00	94.00	28.84	17.13	104153.42	1825	0	StephenHawking	
3774	1:31:51	1/1/2019 	5506194	875.00	91.00	28.24	17.13	104152.89	195259	1	StephenHawking	
3775	1:31:51	1/1/2019 	5506208	967.00	343.00	64.60	17.13	104152.89	1824	1	StephenHawking	
3776	1:31:52	1/1/2019 	5506780	876.00	89.00	27.89	17.13	104152.89	49802	1	StephenHawking	
3777	1:32:01	1/1/2019 	5516044	921.00	124.00	34.69	17.13	104153.59	433645	1	StephenHawking	
3778	1:32:02	1/1/2019 	5516717	758.00	29.00	19.97	17.13	104153.77	50721	1	StephenHawking	
3779	1:32:08	1/1/2019 	5522991	120.00	9.00	7.15	17.13	104154.81	289706	0	StephenHawking	
3780	1:32:13	1/1/2019 	5527716	973.00	741.00	132.93	17.12	104155.42	244085	1	StephenHawking	
3781	1:32:14	1/1/2019 	5529169	950.00	193.00	44.74	17.12	104155.60	49805	1	StephenHawking	
3782	1:32:26	1/1/2019 	5540671	168.00	9.00	8.52	17.12	104155.34	577581	0	StephenHawking	
3783	1:32:27	1/1/2019 	5541497	953.00	241.00	49.30	17.12	104155.60	2781	0	StephenHawking	
3784	1:32:29	1/1/2019 	5543641	587.00	9.00	13.86	17.12	104155.60	145765	0	StephenHawking	
3785	1:32:29	1/1/2019 	5544473	568.00	9.00	13.62	17.12	104155.60	3382	0	StephenHawking	
3786	1:32:31	1/1/2019 	5546186	967.00	550.00	94.45	17.12	104155.60	97783	1	StephenHawking	
3787	1:32:35	1/1/2019 	5549490	959.00	259.00	51.28	17.12	104155.60	145765	0	StephenHawking	
3788	1:32:41	1/1/2019 	5555682	934.00	130.00	35.83	17.13	104155.86	337682	0	StephenHawking	
3789	1:32:41	1/1/2019 	5556083	956.00	202.00	45.62	17.13	104155.86	2638	1	StephenHawking	
3790	1:32:44	1/1/2019 	5559156	974.00	597.00	104.14	17.13	104156.20	145765	1	StephenHawking	
3791	1:32:53	1/1/2019 	5567890	702.00	14.00	16.31	17.13	104156.73	435114	1	StephenHawking	
3792	1:32:55	1/1/2019 	5569760	952.00	216.00	46.92	17.12	104155.64	98627	1	StephenHawking	
3793	1:33:00	1/1/2019 	5574600	69.00	8.00	5.97	17.12	104155.88	242586	0	StephenHawking	
3794	1:33:09	1/1/2019 	5584079	873.00	87.00	27.54	17.12	104158.22	433654	0	StephenHawking	
3795	1:33:34	1/1/2019 	5609262	944.00	164.00	41.35	17.13	104161.70	1202208	1	StephenHawking	
3796	1:33:38	1/1/2019 	5612720	963.00	340.00	64.06	17.13	104161.52	196034	0	StephenHawking	
3797	1:33:40	1/1/2019 	5614775	930.00	129.00	35.64	17.13	104161.52	98705	0	StephenHawking	
3798	1:33:42	1/1/2019 	5616609	961.00	292.00	55.79	17.13	104161.34	97784	1	StephenHawking	
3799	1:33:42	1/1/2019 	5616937	389.00	9.00	12.09	17.13	104161.34	1824	0	StephenHawking	
3800	1:33:55	1/1/2019 	5629609	949.00	192.00	44.64	17.13	104161.52	625569	1	StephenHawking	
3801	1:33:58	1/1/2019 	5632643	87.00	8.00	6.28	17.13	104161.95	146703	0	StephenHawking	
3802	1:34:01	1/1/2019 	5636085	633.00	11.00	14.87	17.13	104161.44	147310	0	StephenHawking	
3803	1:34:04	1/1/2019 	5639335	946.00	187.00	44.12	17.13	104161.44	145767	1	StephenHawking	
3804	1:34:05	1/1/2019 	5639756	964.00	341.00	64.24	17.13	104161.44	49806	1	StephenHawking	
3805	1:34:11	1/1/2019 	5646125	950.00	226.00	47.84	17.13	104159.86	290672	1	StephenHawking	
3806	1:34:18	1/1/2019 	5652795	826.00	72.00	25.07	17.13	104159.77	337685	1	StephenHawking	
3807	1:34:18	1/1/2019 	5653151	948.00	145.00	38.48	17.13	104159.95	3967	0	StephenHawking	
3808	1:34:21	1/1/2019 	5656423	973.00	803.00	143.54	17.13	104160.12	145765	1	StephenHawking	
3809	1:34:29	1/1/2019 	5664112	648.00	10.00	14.79	17.14	104160.52	385666	0	StephenHawking	
3810	1:34:32	1/1/2019 	5667074	962.00	287.00	55.03	17.14	104160.52	146597	1	StephenHawking	
3811	1:34:37	1/1/2019 	5671895	644.00	10.00	14.75	17.14	104160.17	241726	0	StephenHawking	
3812	1:34:38	1/1/2019 	5673422	858.00	81.00	26.49	17.14	104159.99	50654	0	StephenHawking	
3813	1:34:42	1/1/2019 	5676678	683.00	12.00	15.61	17.14	104158.95	195235	0	StephenHawking	
3814	1:34:47	1/1/2019 	5681566	852.00	80.00	26.32	17.14	104158.86	241731	0	StephenHawking	
3815	1:34:50	1/1/2019 	5685176	758.00	29.00	19.97	17.14	104159.73	146644	1	StephenHawking	
3816	1:34:56	1/1/2019 	5690596	936.00	132.00	36.20	17.14	104160.25	289710	1	StephenHawking	
3817	1:34:57	1/1/2019 	5692034	275.00	9.00	10.73	17.14	104160.25	50697	0	StephenHawking	
3818	1:35:12	1/1/2019 	5707162	337.00	13.00	11.71	17.14	104163.56	721551	0	StephenHawking	
3819	1:35:14	1/1/2019 	5708826	960.00	264.00	51.88	17.14	104164.27	100105	1	StephenHawking	
3820	1:35:19	1/1/2019 	5714001	149.00	9.00	7.99	17.14	104165.31	241730	0	StephenHawking	
3821	1:35:23	1/1/2019 	5718029	916.00	118.00	33.52	17.14	104164.52	194680	1	StephenHawking	
3822	1:35:25	1/1/2019 	5719732	955.00	264.00	51.88	17.14	104164.00	97787	1	StephenHawking	
3823	1:35:27	1/1/2019 	5721686	907.00	111.00	32.14	17.14	104163.65	98738	1	StephenHawking	
3824	1:35:44	1/1/2019 	5738979	87.00	9.00	6.28	17.14	104163.38	819059	0	StephenHawking	
3825	1:35:48	1/1/2019 	5743148	909.00	112.00	32.34	17.14	104162.25	194548	0	StephenHawking	
3826	1:35:54	1/1/2019 	5748998	817.00	69.00	24.65	17.14	104161.11	290530	1	StephenHawking	
3827	1:35:56	1/1/2019 	5750896	960.00	312.00	59.07	17.14	104160.77	97785	1	StephenHawking	
3828	1:35:57	1/1/2019 	5751696	955.00	245.00	49.71	17.14	104160.77	50644	0	StephenHawking	
3829	1:36:02	1/1/2019 	5757460	876.00	89.00	27.89	17.14	104159.89	241732	0	StephenHawking	
3830	1:36:20	1/1/2019 	5774047	793.00	57.00	23.17	17.15	104157.67	818952	1	StephenHawking	
3831	1:36:24	1/1/2019 	5778113	946.00	188.00	44.22	17.15	104157.15	194607	1	StephenHawking	
3832	1:36:37	1/1/2019 	5791454	474.00	9.00	12.73	17.15	104160.73	625591	1	StephenHawking	
3833	1:36:40	1/1/2019 	5794687	381.00	9.00	12.02	17.15	104160.73	194626	0	StephenHawking	
3834	1:36:46	1/1/2019 	5800177	248.00	9.00	10.28	17.15	104159.23	241731	0	StephenHawking	
3835	1:36:47	1/1/2019 	5801328	695.00	13.00	15.97	17.15	104159.06	52136	0	StephenHawking	
3836	1:36:53	1/1/2019 	5807977	959.00	248.00	50.03	17.15	104159.41	337692	1	StephenHawking	
3837	1:36:57	1/1/2019 	5811971	977.00	795.00	141.02	17.15	104160.81	193754	1	StephenHawking	
3838	1:37:01	1/1/2019 	5815783	672.00	11.00	15.24	17.15	104160.89	194673	0	StephenHawking	
3839	1:37:03	1/1/2019 	5817617	784.00	49.00	22.34	17.15	104160.02	97788	0	StephenHawking	
3840	1:37:04	1/1/2019 	5818587	953.00	246.00	49.82	17.15	104159.50	49807	1	StephenHawking	
3841	1:37:10	1/1/2019 	5824370	945.00	183.00	43.69	17.15	104159.50	243270	1	StephenHawking	
3842	1:37:18	1/1/2019 	5832868	966.00	421.00	77.33	17.15	104161.06	434604	1	StephenHawking	
3843	1:37:20	1/1/2019 	5834095	958.00	274.00	53.18	17.15	104161.23	50769	1	StephenHawking	
3844	1:37:26	1/1/2019 	5840250	937.00	133.00	36.38	17.16	104159.58	289706	1	StephenHawking	
3845	1:37:34	1/1/2019 	5849033	970.00	664.00	119.39	17.15	104160.55	434464	1	StephenHawking	
3846	1:37:49	1/1/2019 	5863215	193.00	8.00	9.14	17.16	104159.66	675025	0	StephenHawking	
3847	1:37:58	1/1/2019 	5872655	68.00	9.00	5.95	17.16	104160.53	482468	0	StephenHawking	
3848	1:38:01	1/1/2019 	5875183	785.00	42.00	21.66	17.16	104159.74	98636	0	StephenHawking	
3849	1:38:12	1/1/2019 	5886916	865.00	86.00	27.34	17.16	104160.19	577614	1	StephenHawking	
3850	1:38:25	1/1/2019 	5899449	429.00	9.00	12.41	17.16	104158.34	578464	0	StephenHawking	
3851	1:38:29	1/1/2019 	5903238	218.00	9.00	9.70	17.16	104158.53	194636	0	StephenHawking	
3852	1:38:29	1/1/2019 	5904020	350.00	9.00	11.71	17.16	104158.53	52109	0	StephenHawking	
3853	1:38:40	1/1/2019 	5914272	782.00	44.00	21.85	17.16	104158.61	481637	1	StephenHawking	
3854	1:38:47	1/1/2019 	5921333	964.00	448.00	80.73	17.16	104158.44	338622	1	StephenHawking	
3855	1:38:51	1/1/2019 	5925690	864.00	85.00	27.17	17.16	104158.00	242679	0	StephenHawking	
3856	1:38:54	1/1/2019 	5928585	954.00	212.00	46.55	17.16	104157.05	145769	1	StephenHawking	
3857	1:38:56	1/1/2019 	5930257	917.00	122.00	34.30	17.16	104157.13	49805	1	StephenHawking	
3858	1:39:07	1/1/2019 	5941200	237.00	9.00	10.08	17.16	104157.13	534230	1	StephenHawking	
3859	1:39:10	1/1/2019 	5944941	956.00	272.00	52.91	17.16	104158.00	194570	1	StephenHawking	
3860	1:39:14	1/1/2019 	5948858	769.00	34.00	20.71	17.16	104158.00	193751	1	StephenHawking	
3861	1:39:15	1/1/2019 	5949234	257.00	9.00	10.43	17.16	104158.00	1824	0	StephenHawking	
3862	1:39:17	1/1/2019 	5951829	907.00	110.00	31.94	17.16	104157.66	145764	1	StephenHawking	
3863	1:39:19	1/1/2019 	5953840	441.00	9.00	12.50	17.16	104157.30	100080	0	StephenHawking	
3864	1:39:26	1/1/2019 	5960881	959.00	317.00	59.93	17.16	104158.88	337694	1	StephenHawking	
3865	1:39:31	1/1/2019 	5965442	277.00	9.00	10.76	17.16	104159.40	194614	0	StephenHawking	
3866	1:39:31	1/1/2019 	5965820	676.00	12.00	15.57	17.16	104159.05	49805	0	StephenHawking	
3867	1:39:32	1/1/2019 	5966374	546.00	9.00	13.36	17.16	104159.45	1823	0	StephenHawking	
3868	1:39:35	1/1/2019 	5969994	644.00	10.00	14.75	17.16	104158.75	193748	1	StephenHawking	
3869	1:39:39	1/1/2019 	5973174	947.00	178.00	43.12	17.16	104158.41	148033	1	StephenHawking	
3870	1:39:42	1/1/2019 	5976167	822.00	68.00	24.53	17.16	104158.92	145766	1	StephenHawking	
3871	1:39:42	1/1/2019 	5976550	246.00	9.00	10.24	17.16	104159.27	49805	0	StephenHawking	
3872	1:39:57	1/1/2019 	5991758	103.00	9.00	6.67	17.17	104161.09	721546	1	StephenHawking	
3873	1:40:15	1/1/2019 	6009267	180.00	9.00	8.83	17.17	104161.97	818413	0	StephenHawking	
3874	1:40:22	1/1/2019 	6016890	964.00	331.00	62.43	17.17	104161.36	388001	1	StephenHawking	
3875	1:40:25	1/1/2019 	6019996	944.00	153.00	39.76	17.17	104161.70	146713	1	StephenHawking	
3876	1:40:33	1/1/2019 	6027813	947.00	151.00	39.45	17.17	104162.41	386638	1	StephenHawking	
3877	1:40:35	1/1/2019 	6029092	786.00	58.00	23.25	17.17	104162.49	49805	0	StephenHawking	
3878	1:40:40	1/1/2019 	6034128	783.00	51.00	22.53	17.17	104164.77	241731	1	StephenHawking	
3879	1:40:51	1/1/2019 	6045793	969.00	435.00	79.14	17.17	104162.41	578405	1	StephenHawking	
3880	1:40:55	1/1/2019 	6049301	539.00	9.00	13.28	17.17	104160.48	147946	0	StephenHawking	
3881	1:40:56	1/1/2019 	6050724	968.00	424.00	77.73	17.17	104160.31	97787	1	StephenHawking	
3882	1:41:05	1/1/2019 	6059740	747.00	25.00	19.23	17.17	104161.78	434509	0	StephenHawking	
3883	1:41:06	1/1/2019 	6060792	142.00	9.00	7.79	17.17	104162.05	50677	0	StephenHawking	
3884	1:41:10	1/1/2019 	6064718	904.00	109.00	31.74	17.17	104163.80	193743	1	StephenHawking	
3885	1:41:15	1/1/2019 	6069119	783.00	45.00	21.95	17.17	104164.41	193747	1	StephenHawking	
3886	1:41:18	1/1/2019 	6072873	574.00	9.00	13.69	17.17	104164.50	195245	0	StephenHawking	
3887	1:41:19	1/1/2019 	6073931	119.00	9.00	7.12	17.17	104164.33	50701	0	StephenHawking	
3888	1:41:20	1/1/2019 	6074444	938.00	140.00	37.63	17.17	104164.33	1822	0	StephenHawking	
3889	1:41:25	1/1/2019 	6080310	345.00	9.00	11.65	17.17	104164.14	289697	0	StephenHawking	
3890	1:41:29	1/1/2019 	6083729	741.00	23.00	18.81	17.17	104163.45	194658	1	StephenHawking	
3891	1:41:47	1/1/2019 	6102059	647.00	10.00	14.78	17.16	104166.94	866996	0	StephenHawking	
3892	1:41:58	1/1/2019 	6112913	532.00	9.00	13.21	17.17	104165.19	530552	0	StephenHawking	
3893	1:42:17	1/1/2019 	6132188	881.00	89.00	27.91	17.16	104166.25	914425	1	StephenHawking	
3894	1:42:27	1/1/2019 	6141971	961.00	319.00	60.28	17.16	104164.67	482427	0	StephenHawking	
3895	1:42:27	1/1/2019 	6142141	751.00	26.00	19.43	17.16	104164.33	2644	0	StephenHawking	
3896	1:42:35	1/1/2019 	6150349	876.00	90.00	28.07	17.16	104164.33	385668	1	StephenHawking	
3897	1:42:36	1/1/2019 	6150624	951.00	229.00	48.12	17.16	104164.50	52001	1	StephenHawking	
3898	1:42:39	1/1/2019 	6154087	906.00	107.00	31.36	17.16	104166.07	145768	1	StephenHawking	
3899	1:42:46	1/1/2019 	6160492	91.00	9.00	6.37	17.16	104168.52	289709	0	StephenHawking	
3900	1:42:46	1/1/2019 	6160786	957.00	245.00	49.71	17.16	104168.52	50666	1	StephenHawking	
3901	1:42:50	1/1/2019 	6165381	959.00	280.00	54.01	17.16	104168.52	193743	1	StephenHawking	
3902	1:42:51	1/1/2019 	6166121	916.00	116.00	33.13	17.16	104168.52	51304	0	StephenHawking	
3903	1:43:28	1/1/2019 	6202954	826.00	72.00	25.07	17.17	104169.30	1777131	0	StephenHawking	
3904	1:43:28	1/1/2019 	6203089	880.00	90.00	28.08	17.17	104169.30	2711	1	StephenHawking	
3905	1:43:30	1/1/2019 	6205315	126.00	9.00	7.33	17.17	104168.95	97785	0	StephenHawking	
3906	1:43:32	1/1/2019 	6207292	78.00	8.00	6.10	17.17	104168.42	97785	0	StephenHawking	
3907	1:43:36	1/1/2019 	6210616	961.00	333.00	62.79	17.17	104168.33	193751	1	StephenHawking	
3908	1:43:40	1/1/2019 	6214787	968.00	589.00	102.36	17.17	104167.28	196054	1	StephenHawking	
3909	1:43:42	1/1/2019 	6217186	973.00	534.00	91.74	17.17	104166.84	97785	0	StephenHawking	
3910	1:43:49	1/1/2019 	6224348	155.00	9.00	8.16	17.17	104165.10	337684	0	StephenHawking	
3911	1:43:51	1/1/2019 	6226075	438.00	9.00	12.47	17.17	104164.75	98713	1	StephenHawking	
3912	1:43:56	1/1/2019 	6231259	967.00	560.00	96.36	17.17	104164.41	241730	1	StephenHawking	
3913	1:44:03	1/1/2019 	6237881	970.00	509.00	88.04	17.17	104165.98	338648	1	StephenHawking	
3914	1:44:04	1/1/2019 	6238673	948.00	153.00	39.76	17.17	104165.72	51359	0	StephenHawking	
3915	1:44:12	1/1/2019 	6247094	958.00	281.00	54.16	17.17	104166.50	385677	1	StephenHawking	
3916	1:44:14	1/1/2019 	6249000	79.00	8.00	6.12	17.17	104167.11	98590	0	StephenHawking	
3917	1:44:25	1/1/2019 	6259853	956.00	274.00	53.18	17.17	104165.45	529622	1	StephenHawking	
3918	1:44:33	1/1/2019 	6267580	714.00	17.00	17.23	17.17	104165.89	386500	0	StephenHawking	
3919	1:44:37	1/1/2019 	6271666	955.00	267.00	52.26	17.17	104165.63	195224	1	StephenHawking	
3920	1:44:48	1/1/2019 	6282556	898.00	103.00	30.56	17.17	104165.46	530473	1	StephenHawking	
3921	1:44:48	1/1/2019 	6282941	479.00	9.00	12.77	17.17	104165.46	2687	0	StephenHawking	
3922	1:44:50	1/1/2019 	6285147	936.00	133.00	36.38	17.17	104165.28	97789	1	StephenHawking	
3923	1:44:54	1/1/2019 	6288857	659.00	11.00	15.15	17.17	104164.84	193756	0	StephenHawking	
3924	1:44:55	1/1/2019 	6290434	917.00	118.00	33.53	17.17	104164.50	49807	0	StephenHawking	
3925	1:44:56	1/1/2019 	6291362	561.00	9.00	13.53	17.17	104164.33	52081	0	StephenHawking	
3926	1:44:57	1/1/2019 	6291624	973.00	807.00	143.43	17.17	104164.33	49805	1	StephenHawking	
3927	1:45:00	1/1/2019 	6295063	536.00	9.00	13.25	17.17	104163.80	145775	0	StephenHawking	
3928	1:45:01	1/1/2019 	6295567	950.00	190.00	44.43	17.17	104163.80	49808	0	StephenHawking	
3929	1:45:01	1/1/2019 	6296204	693.00	12.00	15.64	17.17	104163.97	1823	1	StephenHawking	
3930	1:45:01	1/1/2019 	6296424	965.00	296.00	56.42	17.17	104163.97	2812	1	StephenHawking	
3931	1:45:13	1/1/2019 	6307682	951.00	233.00	48.51	17.17	104166.77	577629	0	StephenHawking	
3932	1:45:16	1/1/2019 	6311296	975.00	794.00	141.84	17.17	104167.64	146691	1	StephenHawking	
3933	1:45:17	1/1/2019 	6311617	951.00	209.00	46.27	17.17	104167.64	50740	0	StephenHawking	
3934	1:45:24	1/1/2019 	6319136	958.00	309.00	58.56	17.17	104166.77	337705	1	StephenHawking	
3935	1:45:29	1/1/2019 	6323787	747.00	25.00	19.23	17.17	104167.11	241740	1	StephenHawking	
3936	1:45:34	1/1/2019 	6328894	776.00	36.00	20.98	17.17	104168.86	244121	0	StephenHawking	
3937	1:45:35	1/1/2019 	6330158	961.00	296.00	56.42	17.16	104168.16	49808	0	StephenHawking	
3938	1:45:42	1/1/2019 	6336946	682.00	12.00	15.60	17.17	104169.47	338513	0	StephenHawking	
3939	1:45:45	1/1/2019 	6339691	235.00	9.00	10.04	17.17	104168.86	145775	0	StephenHawking	
3940	1:45:49	1/1/2019 	6344407	423.00	9.00	12.37	17.17	104167.38	194580	0	StephenHawking	
3941	1:45:52	1/1/2019 	6347093	971.00	656.00	117.72	17.17	104166.84	147250	1	StephenHawking	
3942	1:45:57	1/1/2019 	6352271	949.00	167.00	41.76	17.17	104166.92	241743	1	StephenHawking	
3943	1:46:04	1/1/2019 	6359261	968.00	584.00	101.23	17.17	104165.88	338555	1	StephenHawking	
3944	1:46:07	1/1/2019 	6362126	134.00	9.00	7.56	17.18	104166.11	145775	0	StephenHawking	
3945	1:46:18	1/1/2019 	6372493	973.00	772.00	137.87	17.17	104169.02	482524	0	StephenHawking	
3946	1:46:18	1/1/2019 	6372959	958.00	264.00	51.88	17.17	104168.59	50690	1	StephenHawking	
3947	1:46:26	1/1/2019 	6379731	146.00	9.00	7.91	17.17	104169.81	339212	0	StephenHawking	
3948	1:46:27	1/1/2019 	6380885	918.00	120.00	33.92	17.17	104169.46	50715	1	StephenHawking	
3949	1:46:34	1/1/2019 	6388649	448.00	9.00	12.55	17.17	104169.46	385692	0	StephenHawking	
3950	1:46:39	1/1/2019 	6393235	165.00	9.00	8.44	17.17	104169.89	193757	0	StephenHawking	
3951	1:46:42	1/1/2019 	6395878	907.00	107.00	31.36	17.17	104168.94	146701	0	StephenHawking	
3952	1:46:50	1/1/2019 	6404579	98.00	9.00	6.54	17.17	104167.11	433671	0	StephenHawking	
3953	1:46:57	1/1/2019 	6411321	81.00	8.00	6.15	17.18	104166.80	292095	0	StephenHawking	
3954	1:47:03	1/1/2019 	6416997	899.00	100.00	29.99	17.18	104167.33	290690	1	StephenHawking	
3955	1:47:07	1/1/2019 	6421402	968.00	557.00	95.78	17.17	104167.62	193756	1	StephenHawking	
3956	1:47:10	1/1/2019 	6424146	510.00	9.00	13.01	17.17	104167.80	146589	0	StephenHawking	
3957	1:47:11	1/1/2019 	6424922	963.00	326.00	61.53	17.17	104167.80	49805	1	StephenHawking	
3958	1:47:14	1/1/2019 	6428332	939.00	142.00	37.97	17.17	104167.28	147239	1	StephenHawking	
3959	1:47:20	1/1/2019 	6434636	105.00	8.00	6.73	17.17	104167.28	337693	0	StephenHawking	
3960	1:47:25	1/1/2019 	6439240	942.00	160.00	40.80	17.18	104167.33	194586	1	StephenHawking	
3961	1:47:34	1/1/2019 	6448550	946.00	156.00	40.21	17.17	104171.11	481649	1	StephenHawking	
3962	1:47:35	1/1/2019 	6448950	979.00	799.00	143.05	17.17	104171.11	2679	0	StephenHawking	
3963	1:47:39	1/1/2019 	6452954	915.00	119.00	33.72	17.17	104170.77	193755	1	StephenHawking	
3964	1:47:51	1/1/2019 	6464911	962.00	405.00	75.08	17.17	104167.45	579863	1	StephenHawking	
3965	1:48:03	1/1/2019 	6476999	967.00	475.00	83.85	17.17	104167.45	578520	0	StephenHawking	
3966	1:48:03	1/1/2019 	6477695	624.00	10.00	14.53	17.17	104167.45	50723	0	StephenHawking	
3967	1:48:06	1/1/2019 	6480677	513.00	9.00	13.03	17.17	104168.15	145773	0	StephenHawking	
3968	1:48:12	1/1/2019 	6486082	975.00	628.00	111.24	17.17	104168.41	242674	0	StephenHawking	
3969	1:48:17	1/1/2019 	6490845	71.00	9.00	5.99	17.17	104167.72	243280	0	StephenHawking	
3970	1:48:18	1/1/2019 	6492720	960.00	288.00	55.18	17.17	104167.80	98748	1	StephenHawking	
3971	1:48:22	1/1/2019 	6496216	180.00	9.00	8.83	17.17	104166.75	145772	0	StephenHawking	
3972	1:48:23	1/1/2019 	6497599	780.00	43.00	21.74	17.17	104166.41	97788	1	StephenHawking	
3973	1:48:25	1/1/2019 	6499116	832.00	74.00	25.37	17.17	104165.88	49806	1	StephenHawking	
3974	1:48:25	1/1/2019 	6499339	921.00	121.00	34.11	17.17	104165.88	1825	1	StephenHawking	
3975	1:48:35	1/1/2019 	6509592	638.00	12.00	15.16	17.18	104165.76	531192	0	StephenHawking	
3976	1:48:37	1/1/2019 	6511216	965.00	334.00	62.97	17.18	104166.11	50622	1	StephenHawking	
3977	1:48:39	1/1/2019 	6513042	920.00	121.00	34.11	17.18	104166.45	97789	1	StephenHawking	
3978	1:48:41	1/1/2019 	6514796	967.00	367.00	68.92	17.17	104166.23	97790	1	StephenHawking	
3979	1:48:44	1/1/2019 	6518315	591.00	9.00	13.91	17.17	104166.23	145772	0	StephenHawking	
3980	1:48:49	1/1/2019 	6523647	77.00	8.00	6.08	17.17	104166.92	289720	0	StephenHawking	
3981	1:48:54	1/1/2019 	6527921	546.00	9.00	13.36	17.17	104167.62	195952	0	StephenHawking	
3982	1:48:58	1/1/2019 	6531921	921.00	126.00	35.07	17.17	104168.32	193758	1	StephenHawking	
3983	1:49:07	1/1/2019 	6541643	869.00	88.00	27.69	17.18	104168.90	482509	1	StephenHawking	
3984	1:49:13	1/1/2019 	6546808	931.00	130.00	35.83	17.18	104168.38	242617	1	StephenHawking	
3985	1:49:17	1/1/2019 	6551024	372.00	9.00	11.93	17.18	104168.55	193762	1	StephenHawking	
3986	1:49:23	1/1/2019 	6556957	148.00	9.00	7.97	17.18	104168.20	292102	0	StephenHawking	
3987	1:49:23	1/1/2019 	6557160	903.00	104.00	30.77	17.18	104168.20	1823	1	StephenHawking	
3988	1:49:31	1/1/2019 	6565233	908.00	110.00	31.95	17.18	104168.20	385691	1	StephenHawking	
3989	1:49:39	1/1/2019 	6572823	720.00	22.00	18.47	17.18	104168.20	386606	0	StephenHawking	
3990	1:49:43	1/1/2019 	6577245	253.00	9.00	10.37	17.18	104167.85	194688	0	StephenHawking	
3991	1:49:48	1/1/2019 	6582121	173.00	9.00	8.65	17.18	104168.38	241740	0	StephenHawking	
3992	1:49:50	1/1/2019 	6583864	847.00	78.00	26.00	17.18	104168.98	100185	1	StephenHawking	
3993	1:49:55	1/1/2019 	6589370	668.00	11.00	15.22	17.18	104169.67	241739	1	StephenHawking	
3994	1:50:00	1/1/2019 	6594052	109.00	8.00	6.84	17.18	104170.03	241738	0	StephenHawking	
3995	1:50:13	1/1/2019 	6606761	70.00	9.00	5.98	17.18	104170.03	626415	0	StephenHawking	
3996	1:50:13	1/1/2019 	6606884	916.00	115.00	32.94	17.18	104170.03	2643	1	StephenHawking	
3997	1:50:28	1/1/2019 	6622713	963.00	377.00	70.63	17.18	104170.90	771028	1	StephenHawking	
3998	1:50:31	1/1/2019 	6625477	613.00	10.00	14.39	17.18	104170.98	98639	0	StephenHawking	
3999	1:50:39	1/1/2019 	6633362	145.00	9.00	7.88	17.18	104170.55	385694	0	StephenHawking	
4000	1:50:47	1/1/2019 	6640849	961.00	371.00	69.61	17.18	104170.11	386557	0	StephenHawking	
4001	1:50:50	1/1/2019 	6644249	163.00	9.00	8.38	17.18	104169.84	146656	0	StephenHawking	
4002	1:50:57	1/1/2019 	6650793	946.00	199.00	45.33	17.18	104168.27	337710	1	StephenHawking	
4003	1:51:12	1/1/2019 	6666612	411.00	9.00	12.27	17.18	104169.32	771856	0	StephenHawking	
4004	1:51:14	1/1/2019 	6667872	949.00	214.00	46.73	17.18	104168.80	50732	1	StephenHawking	
4005	1:51:20	1/1/2019 	6674121	948.00	203.00	45.71	17.18	104168.27	289716	1	StephenHawking	
4006	1:51:30	1/1/2019 	6683495	962.00	295.00	56.26	17.18	104167.84	434607	0	StephenHawking	
4007	1:51:44	1/1/2019 	6698262	775.00	33.00	20.60	17.18	104168.45	722537	1	StephenHawking	
4008	1:51:54	1/1/2019 	6707618	910.00	113.00	32.54	17.18	104168.27	483757	1	StephenHawking	
4009	1:52:13	1/1/2019 	6726799	965.00	482.00	84.65	17.18	104168.10	913515	1	StephenHawking	
4010	1:52:25	1/1/2019 	6739118	195.00	8.00	9.18	17.18	104169.50	578452	0	StephenHawking	
4011	1:52:26	1/1/2019 	6739738	821.00	69.00	24.66	17.18	104169.67	50660	1	StephenHawking	
4012	1:52:30	1/1/2019 	6743960	908.00	106.00	31.17	17.18	104169.32	194633	0	StephenHawking	
4013	1:52:32	1/1/2019 	6745718	924.00	125.00	34.88	17.19	104169.92	97790	1	StephenHawking	
4014	1:52:46	1/1/2019 	6759830	787.00	59.00	23.36	17.19	104170.19	675132	1	StephenHawking	
4015	1:52:49	1/1/2019 	6762581	918.00	118.00	33.53	17.19	104170.36	146670	1	StephenHawking	
4016	1:52:49	1/1/2019 	6762874	865.00	86.00	27.34	17.19	104170.53	1824	0	StephenHawking	
4017	1:52:49	1/1/2019 	6763304	924.00	120.00	33.92	17.19	104170.53	1823	0	StephenHawking	
4018	1:52:54	1/1/2019 	6768467	802.00	63.00	23.86	17.19	104172.33	241737	0	StephenHawking	
4019	1:52:55	1/1/2019 	6769291	899.00	101.00	30.18	17.19	104172.33	49808	1	StephenHawking	
4020	1:53:00	1/1/2019 	6773850	623.00	9.00	14.30	17.19	104172.67	243262	0	StephenHawking	
4021	1:53:01	1/1/2019 	6774794	778.00	41.00	21.53	17.19	104172.50	50730	0	StephenHawking	
4022	1:53:11	1/1/2019 	6785296	953.00	241.00	49.30	17.19	104172.67	481654	1	StephenHawking	
4023	1:53:11	1/1/2019 	6785339	786.00	53.00	22.74	17.19	104172.67	2765	1	StephenHawking	
4024	1:53:14	1/1/2019 	6787809	958.00	288.00	55.18	17.19	104172.84	145772	0	StephenHawking	
4025	1:53:14	1/1/2019 	6788432	964.00	283.00	54.44	17.19	104173.11	3373	1	StephenHawking	
4026	1:53:18	1/1/2019 	6791585	923.00	125.00	34.88	17.19	104173.11	193756	0	StephenHawking	
4027	1:53:23	1/1/2019 	6796888	416.00	9.00	12.31	17.19	104173.28	242545	0	StephenHawking	
4028	1:53:42	1/1/2019 	6815865	924.00	126.00	35.07	17.19	104172.75	913498	1	StephenHawking	
4029	1:53:45	1/1/2019 	6818496	742.00	24.00	19.01	17.19	104173.11	98615	0	StephenHawking	
4030	1:53:57	1/1/2019 	6830825	920.00	124.00	34.69	17.20	104171.45	625614	0	StephenHawking	
4031	1:53:59	1/1/2019 	6833482	950.00	199.00	45.33	17.20	104171.62	99998	0	StephenHawking	
4032	1:54:01	1/1/2019 	6835088	769.00	34.00	20.71	17.20	104171.45	97793	1	StephenHawking	
4033	1:54:18	1/1/2019 	6851600	754.00	29.00	19.95	17.20	104171.80	817542	0	StephenHawking	
4034	1:54:29	1/1/2019 	6863202	179.00	9.00	8.80	17.20	104171.97	530494	0	StephenHawking	
4035	1:54:29	1/1/2019 	6863445	298.00	9.00	11.06	17.20	104171.97	2710	0	StephenHawking	
4036	1:54:30	1/1/2019 	6864046	109.00	9.00	6.84	17.20	104171.97	51319	0	StephenHawking	
4037	1:54:34	1/1/2019 	6867823	918.00	117.00	33.33	17.20	104172.41	193749	0	StephenHawking	
4038	1:54:35	1/1/2019 	6868807	941.00	138.00	37.28	17.20	104172.75	49805	0	StephenHawking	
4039	1:54:36	1/1/2019 	6869750	189.00	10.00	9.06	17.20	104173.27	49806	0	StephenHawking	
4040	1:54:39	1/1/2019 	6872551	897.00	101.00	30.17	17.20	104175.11	146681	1	StephenHawking	
4041	1:54:39	1/1/2019 	6872742	368.00	9.00	11.89	17.20	104175.81	1824	0	StephenHawking	
4042	1:54:39	1/1/2019 	6873365	958.00	233.00	48.51	17.20	104176.33	3453	0	StephenHawking	
4043	1:54:40	1/1/2019 	6873727	109.00	9.00	6.84	17.20	104176.33	49805	0	StephenHawking	
4044	1:54:42	1/1/2019 	6876296	960.00	261.00	51.52	17.20	104178.25	97787	1	StephenHawking	
4045	1:54:44	1/1/2019 	6877882	950.00	198.00	45.23	17.19	104179.21	97789	1	StephenHawking	
4046	1:54:45	1/1/2019 	6879100	949.00	210.00	46.36	17.19	104179.39	49807	1	StephenHawking	
4047	1:54:46	1/1/2019 	6880459	769.00	36.00	20.95	17.19	104179.56	49808	0	StephenHawking	
4048	1:54:48	1/1/2019 	6881821	907.00	105.00	30.97	17.20	104179.30	100159	1	StephenHawking	
4049	1:54:49	1/1/2019 	6882618	967.00	353.00	66.42	17.20	104178.77	49807	0	StephenHawking	
4050	1:54:50	1/1/2019 	6883876	786.00	44.00	21.86	17.20	104177.90	49807	0	StephenHawking	
4051	1:54:53	1/1/2019 	6886881	937.00	132.00	36.20	17.20	104175.02	145773	1	StephenHawking	
4052	1:54:54	1/1/2019 	6888466	967.00	414.00	76.38	17.20	104173.53	49807	0	StephenHawking	
4053	1:55:03	1/1/2019 	6897131	225.00	9.00	9.84	17.21	104167.99	434689	0	StephenHawking	
4054	1:55:04	1/1/2019 	6897952	918.00	121.00	34.11	17.21	104167.47	50606	1	StephenHawking	
4055	1:55:04	1/1/2019 	6898218	969.00	514.00	88.73	17.21	104167.47	1824	1	StephenHawking	
4056	1:55:06	1/1/2019 	6900473	124.00	9.00	7.27	17.21	104167.12	97793	0	StephenHawking	
4057	1:55:07	1/1/2019 	6901295	640.00	10.00	14.71	17.21	104167.47	50632	0	StephenHawking	
4058	1:55:11	1/1/2019 	6904700	304.00	9.00	11.15	17.21	104177.76	193754	0	StephenHawking	
4059	1:55:12	1/1/2019 	6906360	395.00	9.00	12.14	17.21	104181.69	51380	0	StephenHawking	
4060	1:55:22	1/1/2019 	6915803	921.00	124.00	34.69	17.20	104191.59	481646	0	StephenHawking	
4061	1:55:23	1/1/2019 	6916592	965.00	329.00	62.07	17.20	104191.33	50652	1	StephenHawking	
4062	1:55:27	1/1/2019 	6921193	67.00	9.00	5.94	17.19	104185.84	193747	0	StephenHawking	
4063	1:55:27	1/1/2019 	6921288	925.00	123.00	34.50	17.19	104185.84	2686	0	StephenHawking	
4064	1:55:31	1/1/2019 	6925210	420.00	9.00	12.34	17.19	104179.48	193748	0	StephenHawking	
4065	1:55:31	1/1/2019 	6925246	822.00	68.00	24.53	17.19	104179.48	3322	0	StephenHawking	
4066	1:55:33	1/1/2019 	6927158	707.00	15.00	16.63	17.19	104177.16	97786	0	StephenHawking	
4067	1:55:36	1/1/2019 	6929890	946.00	152.00	39.60	17.19	104173.50	145768	1	StephenHawking	
4068	1:55:42	1/1/2019 	6935550	193.00	9.00	9.15	17.19	104169.58	290598	0	StephenHawking	
4069	1:55:43	1/1/2019 	6937323	904.00	106.00	31.16	17.19	104169.05	49804	1	StephenHawking	
4070	1:55:44	1/1/2019 	6937668	960.00	334.00	62.97	17.19	104168.88	51320	1	StephenHawking	
4071	1:55:52	1/1/2019 	6946041	112.00	8.00	6.92	17.18	104167.75	385673	0	StephenHawking	
4072	1:55:57	1/1/2019 	6950716	124.00	9.00	7.27	17.18	104176.04	242646	1	StephenHawking	
4073	1:56:11	1/1/2019 	6965317	965.00	406.00	75.23	17.19	104179.42	674499	1	StephenHawking	
4074	1:56:14	1/1/2019 	6967722	862.00	83.00	26.83	17.19	104176.59	146720	1	StephenHawking	
4075	1:56:15	1/1/2019 	6968897	969.00	514.00	88.73	17.19	104175.20	49807	0	StephenHawking	
4076	1:56:19	1/1/2019 	6973122	317.00	9.00	11.32	17.19	104172.06	195300	0	StephenHawking	
4077	1:56:40	1/1/2019 	6993765	965.00	416.00	76.66	17.20	104168.83	1010232	0	StephenHawking	
4078	1:56:41	1/1/2019 	6995733	713.00	16.00	16.95	17.20	104169.27	98608	0	StephenHawking	
4079	1:56:43	1/1/2019 	6997665	959.00	241.00	49.30	17.20	104169.27	97787	1	StephenHawking	
4080	1:56:45	1/1/2019 	6999494	308.00	9.00	11.20	17.20	104168.65	49805	0	StephenHawking	
4081	1:56:49	1/1/2019 	7002767	615.00	9.00	14.21	17.20	104167.77	195219	1	StephenHawking	
4082	1:56:50	1/1/2019 	7004389	332.00	8.00	11.46	17.20	104167.77	50650	0	StephenHawking	
4083	1:56:53	1/1/2019 	7007120	766.00	33.00	20.57	17.20	104168.48	145769	0	StephenHawking	
4084	1:56:55	1/1/2019 	7008918	939.00	136.00	36.93	17.20	104168.48	97786	1	StephenHawking	
4085	1:56:55	1/1/2019 	7009410	902.00	100.00	30.00	17.20	104168.12	1827	0	StephenHawking	
4086	1:56:56	1/1/2019 	7010687	960.00	308.00	58.39	17.20	104167.77	97792	1	StephenHawking	
4087	1:56:57	1/1/2019 	7010994	960.00	303.00	57.55	17.20	104167.60	4061	1	StephenHawking	
4088	1:56:58	1/1/2019 	7012016	406.00	9.00	12.23	17.20	104167.83	49806	1	StephenHawking	
4089	1:57:07	1/1/2019 	7021347	303.00	9.00	11.13	17.21	104165.99	433668	0	StephenHawking	
4090	1:57:12	1/1/2019 	7026193	909.00	109.00	31.75	17.21	104165.90	242621	1	StephenHawking	
4091	1:57:24	1/1/2019 	7038340	917.00	119.00	33.72	17.21	104165.54	577600	1	StephenHawking	
4092	1:57:36	1/1/2019 	7050352	705.00	15.00	16.62	17.22	104166.20	578503	0	StephenHawking	
4093	1:57:36	1/1/2019 	7050612	793.00	59.00	23.38	17.22	104166.45	52151	1	StephenHawking	
4094	1:57:39	1/1/2019 	7053188	945.00	153.00	39.76	17.22	104165.93	97786	1	StephenHawking	
4095	1:57:40	1/1/2019 	7054230	155.00	8.00	8.16	17.22	104166.02	49806	0	StephenHawking	
4096	1:57:42	1/1/2019 	7056567	123.00	9.00	7.24	17.22	104165.66	145766	0	StephenHawking	
4097	1:57:46	1/1/2019 	7060148	755.00	25.00	19.26	17.22	104165.93	145769	0	StephenHawking	
4098	1:57:50	1/1/2019 	7064130	690.00	12.00	15.63	17.22	104165.93	196124	0	StephenHawking	
4099	1:57:52	1/1/2019 	7065892	103.00	9.00	6.67	17.22	104166.02	97786	0	StephenHawking	
4100	1:57:56	1/1/2019 	7070410	974.00	796.00	141.32	17.23	104165.40	193747	1	StephenHawking	
4101	1:57:57	1/1/2019 	7071740	844.00	79.00	26.14	17.23	104165.40	98589	1	StephenHawking	
4102	1:58:07	1/1/2019 	7081136	915.00	117.00	33.33	17.23	104168.37	433665	0	StephenHawking	
4103	1:58:07	1/1/2019 	7081385	779.00	37.00	21.10	17.23	104168.19	2644	0	StephenHawking	
4104	1:58:11	1/1/2019 	7085424	140.00	9.00	7.74	17.23	104169.06	195224	0	StephenHawking	
4105	1:58:12	1/1/2019 	7085834	783.00	53.00	22.73	17.23	104169.06	49805	0	StephenHawking	
4106	1:58:14	1/1/2019 	7088686	241.00	9.00	10.15	17.23	104169.58	145772	0	StephenHawking	
4107	1:58:24	1/1/2019 	7098274	918.00	117.00	33.33	17.23	104168.10	433668	0	StephenHawking	
4108	1:58:25	1/1/2019 	7099745	453.00	9.00	12.58	17.23	104168.62	98637	0	StephenHawking	
4109	1:58:34	1/1/2019 	7108741	734.00	21.00	18.34	17.23	104169.20	436019	0	StephenHawking	
4110	1:58:44	1/1/2019 	7118146	921.00	121.00	34.11	17.24	104169.70	433676	1	StephenHawking	
4111	1:58:48	1/1/2019 	7122687	262.00	9.00	10.52	17.24	104169.27	242630	0	StephenHawking	
4112	1:58:52	1/1/2019 	7125881	582.00	10.00	13.95	17.24	104169.36	146680	0	StephenHawking	
4113	1:59:05	1/1/2019 	7139171	75.00	9.00	6.05	17.24	104167.44	625610	0	StephenHawking	
4114	1:59:12	1/1/2019 	7146652	728.00	19.00	17.83	17.24	104168.57	386619	0	StephenHawking	
4115	1:59:20	1/1/2019 	7154175	965.00	423.00	77.60	17.24	104168.13	340170	1	StephenHawking	
4116	1:59:23	1/1/2019 	7157491	748.00	25.00	19.24	17.24	104167.61	146744	0	StephenHawking	
4117	1:59:24	1/1/2019 	7157939	905.00	103.00	30.58	17.24	104167.78	49806	1	StephenHawking	
4118	1:59:30	1/1/2019 	7164210	124.00	9.00	7.27	17.24	104167.52	289719	0	StephenHawking	
4119	1:59:34	1/1/2019 	7168675	947.00	175.00	42.76	17.25	104166.88	242554	1	StephenHawking	
4120	1:59:35	1/1/2019 	7169067	890.00	96.00	29.21	17.25	104166.69	1829	0	StephenHawking	
4121	1:59:36	1/1/2019 	7170351	959.00	309.00	58.56	17.25	104166.69	51274	1	StephenHawking	
4122	1:59:42	1/1/2019 	7176052	287.00	9.00	10.91	17.24	104166.81	290562	0	StephenHawking	
4123	1:59:44	1/1/2019 	7178735	940.00	140.00	37.63	17.24	104167.00	145775	0	StephenHawking	
4124	1:59:48	1/1/2019 	7181876	428.00	9.00	12.40	17.24	104167.17	145771	0	StephenHawking	
4125	1:59:50	1/1/2019 	7184018	921.00	123.00	34.50	17.24	104167.61	98646	1	StephenHawking	
4126	2:00:14	1/1/2019 	7208591	973.00	714.00	128.72	17.24	104167.69	1202920	1	StephenHawking	
4127	2:00:15	1/1/2019 	7209041	199.00	9.00	9.29	17.24	104167.69	2706	0	StephenHawking	
4128	2:00:28	1/1/2019 	7222296	946.00	165.00	41.49	17.25	104169.39	625615	1	StephenHawking	
4129	2:00:29	1/1/2019 	7222768	946.00	181.00	43.46	17.25	104169.66	50709	0	StephenHawking	
4130	2:00:36	1/1/2019 	7229986	944.00	170.00	42.14	17.25	104165.38	337710	1	StephenHawking	
4131	2:00:37	1/1/2019 	7231185	66.00	9.00	5.93	17.25	104164.16	50723	0	StephenHawking	
4132	2:00:42	1/1/2019 	7236761	874.00	88.00	27.71	17.25	104155.70	291254	0	StephenHawking	
4133	2:00:43	1/1/2019 	7237336	169.00	9.00	8.54	17.25	104154.83	1825	0	StephenHawking	
4134	2:00:43	1/1/2019 	7237422	286.00	9.00	10.89	17.25	104154.83	1821	0	StephenHawking	
4135	2:00:49	1/1/2019 	7243693	950.00	214.00	46.73	17.24	104139.62	337709	1	StephenHawking	
4136	2:00:53	1/1/2019 	7247238	695.00	12.00	15.65	17.23	104130.73	146727	1	StephenHawking	
4137	2:00:59	1/1/2019 	7253226	970.00	536.00	92.06	17.23	104110.98	291278	1	StephenHawking	
4138	2:01:02	1/1/2019 	7255939	281.00	9.00	10.82	17.22	104102.88	146749	0	StephenHawking	
4139	2:01:07	1/1/2019 	7261290	129.00	9.00	7.41	17.22	104084.14	241751	0	StephenHawking	
4140	2:01:10	1/1/2019 	7264264	778.00	53.00	22.70	17.22	104072.02	146587	0	StephenHawking	
4141	2:01:15	1/1/2019 	7269301	83.00	9.00	6.20	17.21	104053.49	241741	0	StephenHawking	
4142	2:01:23	1/1/2019 	7277250	709.00	16.00	16.93	17.19	104032.02	385687	0	StephenHawking	
4143	2:01:36	1/1/2019 	7290435	802.00	64.00	23.98	17.16	104006.55	627897	1	StephenHawking	
4144	2:01:39	1/1/2019 	7292765	369.00	9.00	11.90	17.15	104005.44	146631	0	StephenHawking	
4145	2:01:46	1/1/2019 	7300046	324.00	9.00	11.41	17.14	103996.78	337699	0	StephenHawking	
4146	2:01:52	1/1/2019 	7306247	125.00	9.00	7.30	17.13	103985.50	290591	0	StephenHawking	
4147	2:01:53	1/1/2019 	7307562	961.00	365.00	68.56	17.13	103983.93	97787	0	StephenHawking	
4148	2:01:55	1/1/2019 	7309768	975.00	761.00	136.35	17.12	103979.05	97788	1	StephenHawking	
4149	2:02:01	1/1/2019 	7315381	903.00	105.00	30.96	17.11	103969.08	244034	1	StephenHawking	
4150	2:02:14	1/1/2019 	7328997	952.00	225.00	47.75	17.09	103953.33	673599	1	StephenHawking	
4151	2:02:16	1/1/2019 	7330109	695.00	13.00	15.97	17.09	103952.80	50726	1	StephenHawking	
4152	2:02:32	1/1/2019 	7346664	794.00	62.00	23.72	17.06	103943.95	818484	0	StephenHawking	
4153	2:02:35	1/1/2019 	7349212	173.00	9.00	8.65	17.05	103940.56	98743	0	StephenHawking	
4154	2:02:35	1/1/2019 	7349609	103.00	9.00	6.67	17.05	103940.56	51357	0	StephenHawking	
4155	2:02:51	1/1/2019 	7365260	945.00	172.00	42.40	17.04	103918.95	722388	1	StephenHawking	
4156	2:02:51	1/1/2019 	7365469	142.00	9.00	7.79	17.04	103918.08	2649	0	StephenHawking	
4157	2:02:52	1/1/2019 	7366264	152.00	3.00	8.04	17.04	103917.39	49806	0	StephenHawking	
4158	2:02:56	1/1/2019 	7370305	796.00	62.00	23.73	17.03	103911.91	193759	0	StephenHawking	
4159	2:03:01	1/1/2019 	7375346	410.00	13.00	12.49	17.02	103905.67	242588	0	StephenHawking	
4160	2:03:10	1/1/2019 	7384657	945.00	152.00	39.60	17.01	103902.52	483153	1	StephenHawking	
4161	2:03:10	1/1/2019 	7384690	956.00	209.00	46.27	17.01	103902.52	2691	0	StephenHawking	
4162	2:03:17	1/1/2019 	7391988	844.00	83.00	26.77	17.00	103903.80	337707	0	StephenHawking	
4163	2:03:21	1/1/2019 	7395691	144.00	9.00	7.85	16.99	103903.11	194640	0	StephenHawking	
4164	2:03:22	1/1/2019 	7396373	706.00	14.00	16.32	16.99	103902.50	1822	0	StephenHawking	
4165	2:03:26	1/1/2019 	7400583	716.00	16.00	16.96	16.99	103899.28	243248	0	StephenHawking	
4166	2:03:27	1/1/2019 	7401225	72.00	9.00	6.01	16.99	103898.41	2731	0	StephenHawking	
4167	2:03:29	1/1/2019 	7403128	960.00	301.00	57.22	16.98	103896.06	97787	1	StephenHawking	
4168	2:03:30	1/1/2019 	7404765	877.00	89.00	27.90	16.98	103892.18	97791	0	StephenHawking	
4169	2:03:33	1/1/2019 	7407649	945.00	155.00	40.06	16.98	103886.27	145775	1	StephenHawking	
4170	2:03:33	1/1/2019 	7408020	957.00	246.00	49.82	16.98	103886.27	1824	1	StephenHawking	
4171	2:03:45	1/1/2019 	7419702	124.00	8.00	7.27	16.95	103878.72	579154	0	StephenHawking	
4172	2:03:48	1/1/2019 	7422282	437.00	9.00	12.47	16.94	103880.16	98723	0	StephenHawking	
4173	2:03:51	1/1/2019 	7425344	946.00	150.00	39.29	16.93	103879.21	145772	1	StephenHawking	
4174	2:04:00	1/1/2019 	7434118	297.00	9.00	11.05	16.92	103869.67	433670	0	StephenHawking	
4175	2:04:10	1/1/2019 	7445006	944.00	150.00	39.29	16.91	103854.48	530596	1	StephenHawking	
4176	2:04:12	1/1/2019 	7446444	170.00	9.00	8.57	16.91	103854.05	50776	0	StephenHawking	
4177	2:04:21	1/1/2019 	7455607	451.00	9.00	12.57	16.89	103840.00	485521	0	StephenHawking	
4178	2:04:23	1/1/2019 	7457341	547.00	9.00	13.37	16.89	103839.05	50628	0	StephenHawking	
4179	2:04:38	1/1/2019 	7472978	940.00	142.00	37.97	16.87	103842.99	769569	1	StephenHawking	
4180	2:04:40	1/1/2019 	7474767	669.00	12.00	15.52	16.87	103844.83	98633	0	StephenHawking	
4181	2:04:43	1/1/2019 	7477167	104.00	9.00	6.70	16.87	103847.70	97793	0	StephenHawking	
4182	2:04:47	1/1/2019 	7481403	283.00	9.00	10.85	16.86	103849.02	195243	0	StephenHawking	
4183	2:04:51	1/1/2019 	7485289	85.00	8.00	6.24	16.86	103847.02	194624	1	StephenHawking	
4184	2:04:58	1/1/2019 	7492132	328.00	9.00	11.45	16.85	103832.53	337711	0	StephenHawking	
4185	2:05:00	1/1/2019 	7494367	965.00	433.00	78.89	16.84	103826.73	98674	1	StephenHawking	
4186	2:05:01	1/1/2019 	7495135	769.00	33.00	20.58	16.84	103825.69	49808	0	StephenHawking	
4187	2:05:04	1/1/2019 	7498767	625.00	10.00	14.55	16.83	103822.26	193763	0	StephenHawking	
4188	2:05:05	1/1/2019 	7499493	128.00	9.00	7.39	16.83	103821.83	3297	0	StephenHawking	
4189	2:05:09	1/1/2019 	7503488	164.00	9.00	8.41	16.82	103822.55	193760	0	StephenHawking	
4190	2:05:13	1/1/2019 	7507951	956.00	253.00	50.58	16.81	103825.66	242650	1	StephenHawking	
4191	2:05:28	1/1/2019 	7522141	952.00	185.00	43.91	16.78	103833.27	673602	1	StephenHawking	
4192	2:05:31	1/1/2019 	7525946	896.00	101.00	30.17	16.78	103827.16	194685	1	StephenHawking	
4193	2:05:36	1/1/2019 	7530641	759.00	29.00	19.97	16.78	103820.72	241748	0	StephenHawking	
4194	2:05:38	1/1/2019 	7532200	105.00	8.00	6.73	16.78	103818.88	52219	0	StephenHawking	
4195	2:05:40	1/1/2019 	7534892	165.00	8.00	8.43	16.78	103816.09	145776	0	StephenHawking	
4196	2:05:43	1/1/2019 	7537338	766.00	34.00	20.70	16.78	103814.70	97793	1	StephenHawking	
4197	2:05:49	1/1/2019 	7543048	946.00	148.00	38.97	16.78	103814.62	289733	1	StephenHawking	
4198	2:05:49	1/1/2019 	7543435	922.00	121.00	34.11	16.78	103814.62	2788	1	StephenHawking	
4199	2:05:53	1/1/2019 	7547708	952.00	234.00	48.60	16.78	103816.70	245504	1	StephenHawking	
4200	2:05:53	1/1/2019 	7547973	173.00	9.00	8.65	16.78	103816.70	1825	0	StephenHawking	
4201	2:05:54	1/1/2019 	7548177	941.00	143.00	38.14	16.78	103816.80	1822	1	StephenHawking	
4202	2:05:59	1/1/2019 	7553900	130.00	8.00	7.44	16.77	103821.20	289732	0	StephenHawking	
4203	2:06:09	1/1/2019 	7563242	792.00	59.00	23.38	16.77	103827.58	434505	1	StephenHawking	
4204	2:06:09	1/1/2019 	7563815	958.00	229.00	48.12	16.77	103827.92	50644	1	StephenHawking	
4205	2:06:10	1/1/2019 	7564120	946.00	177.00	43.00	16.77	103827.92	3308	1	StephenHawking	
4206	2:06:12	1/1/2019 	7566120	285.00	9.00	10.88	16.77	103828.80	97794	0	StephenHawking	
4207	2:06:12	1/1/2019 	7566247	581.00	10.00	13.93	16.77	103828.97	1823	0	StephenHawking	
4208	2:06:19	1/1/2019 	7573087	945.00	189.00	44.33	16.76	103824.67	337713	1	StephenHawking	
4209	2:06:22	1/1/2019 	7576377	430.00	9.00	12.42	16.75	103821.80	146635	0	StephenHawking	
4210	2:06:23	1/1/2019 	7577617	951.00	231.00	48.31	16.75	103820.50	99291	0	StephenHawking	
4211	2:06:27	1/1/2019 	7582009	547.00	9.00	13.37	16.74	103818.19	193759	0	StephenHawking	
4212	2:06:34	1/1/2019 	7588634	712.00	16.00	16.95	16.73	103817.81	338599	0	StephenHawking	
4213	2:06:37	1/1/2019 	7592043	594.00	9.00	13.95	16.73	103818.17	145774	0	StephenHawking	
4214	2:06:43	1/1/2019 	7597690	137.00	9.00	7.65	16.72	103818.48	290633	0	StephenHawking	
4215	2:06:45	1/1/2019 	7599749	874.00	88.00	27.71	16.71	103818.32	97792	0	StephenHawking	
4216	2:06:47	1/1/2019 	7600906	948.00	177.00	43.00	16.71	103818.49	52141	0	StephenHawking	
4217	2:06:47	1/1/2019 	7601316	922.00	123.00	34.50	16.71	103818.49	1825	0	StephenHawking	
4218	2:06:47	1/1/2019 	7601834	758.00	27.00	19.64	16.71	103818.84	49806	0	StephenHawking	
4219	2:06:49	1/1/2019 	7603194	127.00	9.00	7.36	16.71	103818.23	49806	0	StephenHawking	
4220	2:06:52	1/1/2019 	7606725	855.00	81.00	26.49	16.71	103818.11	193758	0	StephenHawking	
4221	2:06:53	1/1/2019 	7607064	974.00	584.00	101.23	16.71	103818.11	1824	1	StephenHawking	
4222	2:06:56	1/1/2019 	7610580	390.00	9.00	12.10	16.70	103816.98	194878	0	StephenHawking	
4223	2:07:09	1/1/2019 	7623462	628.00	10.00	14.58	16.70	103811.77	578594	0	StephenHawking	
4224	2:07:12	1/1/2019 	7626885	150.00	9.00	8.02	16.70	103809.41	194560	0	StephenHawking	
4225	2:07:13	1/1/2019 	7627100	964.00	482.00	84.65	16.70	103809.06	1823	1	StephenHawking	
4226	2:07:17	1/1/2019 	7631484	570.00	9.00	13.64	16.69	103813.02	193761	0	StephenHawking	
4227	2:07:22	1/1/2019 	7636858	63.00	8.00	5.91	16.69	103808.94	291889	0	StephenHawking	
4228	2:07:27	1/1/2019 	7641464	929.00	128.00	35.45	16.69	103809.90	193759	0	StephenHawking	
4229	2:07:31	1/1/2019 	7645452	909.00	112.00	32.34	16.69	103807.46	194604	0	StephenHawking	
4230	2:07:32	1/1/2019 	7646168	120.00	8.00	7.15	16.69	103807.03	49808	0	StephenHawking	
4231	2:07:32	1/1/2019 	7646438	967.00	299.00	56.90	16.69	103807.03	1823	1	StephenHawking	
4232	2:07:51	1/1/2019 	7665326	512.00	9.00	13.03	16.67	103793.33	913504	1	StephenHawking	
4233	2:07:51	1/1/2019 	7665489	249.00	9.00	10.30	16.67	103792.55	4061	0	StephenHawking	
4234	2:07:53	1/1/2019 	7667099	784.00	46.00	22.05	16.67	103791.85	97786	0	StephenHawking	
4235	2:08:12	1/1/2019 	7686017	569.00	9.00	13.63	16.64	103794.42	913502	0	StephenHawking	
4236	2:08:20	1/1/2019 	7694600	123.00	9.00	7.24	16.63	103788.80	434554	0	StephenHawking	
4237	2:08:25	1/1/2019 	7699286	888.00	97.00	29.39	16.63	103788.81	194655	0	StephenHawking	
4238	2:08:25	1/1/2019 	7699392	183.00	9.00	8.90	16.63	103788.81	1822	0	StephenHawking	
4239	2:08:28	1/1/2019 	7702462	914.00	115.00	32.94	16.63	103790.73	147295	0	StephenHawking	
4240	2:08:29	1/1/2019 	7703291	537.00	9.00	13.26	16.62	103791.03	50739	1	StephenHawking	
4241	2:08:32	1/1/2019 	7706069	949.00	160.00	40.80	16.62	103791.99	145773	0	StephenHawking	
4242	2:08:35	1/1/2019 	7709061	293.00	9.00	10.99	16.62	103792.27	145773	0	StephenHawking	
4243	2:08:35	1/1/2019 	7709102	85.00	9.00	6.24	16.62	103792.27	1823	0	StephenHawking	
4244	2:08:37	1/1/2019 	7711028	725.00	17.00	17.28	16.62	103791.91	99331	0	StephenHawking	
4245	2:08:44	1/1/2019 	7718199	143.00	13.00	7.84	16.62	103787.83	338660	0	StephenHawking	
4246	2:08:47	1/1/2019 	7721728	831.00	70.00	24.81	16.61	103786.52	193755	1	StephenHawking	
4247	2:08:50	1/1/2019 	7724866	326.00	9.00	11.43	16.61	103784.52	146577	0	StephenHawking	
4248	2:08:53	1/1/2019 	7727865	678.00	12.00	15.58	16.61	103782.78	145771	1	StephenHawking	
4249	2:08:59	1/1/2019 	7733345	952.00	230.00	48.22	16.61	103777.33	241738	1	StephenHawking	
4250	2:09:05	1/1/2019 	7739410	975.00	746.00	133.99	16.61	103773.84	291993	1	StephenHawking	
4251	2:09:17	1/1/2019 	7751613	974.00	716.00	129.30	16.61	103768.67	625599	1	StephenHawking	
4252	2:09:29	1/1/2019 	7763315	970.00	600.00	104.86	16.61	103768.62	530473	1	StephenHawking	
4253	2:09:30	1/1/2019 	7764789	910.00	114.00	32.73	16.61	103768.19	98659	1	StephenHawking	
4254	2:09:33	1/1/2019 	7767331	905.00	106.00	31.16	16.60	103767.77	97790	1	StephenHawking	
4255	2:09:37	1/1/2019 	7770980	62.00	9.00	5.90	16.60	103765.94	195260	0	StephenHawking	
4256	2:09:45	1/1/2019 	7778964	669.00	11.00	15.22	16.59	103762.33	386578	0	StephenHawking	
4257	2:09:51	1/1/2019 	7785869	792.00	57.00	23.17	16.58	103759.77	337711	1	StephenHawking	
4258	2:09:52	1/1/2019 	7786476	942.00	151.00	39.45	16.58	103759.59	2732	0	StephenHawking	
4259	2:09:56	1/1/2019 	7790109	293.00	9.00	10.99	16.58	103757.69	193755	0	StephenHawking	
4260	2:09:58	1/1/2019 	7792586	976.00	873.00	160.30	16.57	103757.09	146696	1	StephenHawking	
4261	2:10:02	1/1/2019 	7796778	727.00	18.00	17.56	16.57	103756.35	195299	0	StephenHawking	
4262	2:10:04	1/1/2019 	7798363	746.00	24.00	19.03	16.56	103756.45	49809	0	StephenHawking	
4263	2:10:05	1/1/2019 	7799810	174.00	9.00	8.68	16.56	103756.54	97792	0	StephenHawking	
4264	2:10:07	1/1/2019 	7801866	879.00	87.00	27.56	16.56	103756.80	98738	1	StephenHawking	
4265	2:10:11	1/1/2019 	7804950	298.00	9.00	11.06	16.55	103757.11	145775	0	StephenHawking	
4266	2:10:12	1/1/2019 	7806438	121.00	8.00	7.18	16.55	103757.46	49807	0	StephenHawking	
4267	2:10:13	1/1/2019 	7807120	961.00	344.00	64.79	16.55	103757.20	51360	0	StephenHawking	
4268	2:10:19	1/1/2019 	7813165	746.00	24.00	19.03	16.54	103755.82	289721	0	StephenHawking	
4269	2:10:21	1/1/2019 	7814915	824.00	70.00	24.80	16.54	103755.25	98592	1	StephenHawking	
4270	2:10:25	1/1/2019 	7819717	962.00	332.00	62.61	16.53	103753.95	241737	0	StephenHawking	
4271	2:10:36	1/1/2019 	7829940	968.00	398.00	74.03	16.52	103751.31	482473	1	StephenHawking	
4272	2:10:37	1/1/2019 	7831887	875.00	89.00	27.89	16.52	103750.97	99987	0	StephenHawking	
4273	2:10:38	1/1/2019 	7832836	931.00	127.00	35.27	16.52	103750.37	49806	1	StephenHawking	
4274	2:10:50	1/1/2019 	7844117	101.00	9.00	6.62	16.51	103747.72	529641	0	StephenHawking	
4275	2:10:59	1/1/2019 	7852967	910.00	110.00	31.95	16.50	103745.42	434535	1	StephenHawking	
4276	2:11:08	1/1/2019 	7862807	809.00	64.00	24.00	16.49	103742.31	482532	0	StephenHawking	
4277	2:11:10	1/1/2019 	7864785	946.00	173.00	42.52	16.49	103742.31	98687	1	StephenHawking	
4278	2:11:13	1/1/2019 	7867011	85.00	8.00	6.24	16.49	103741.56	99312	0	StephenHawking	
4279	2:11:17	1/1/2019 	7871832	749.00	24.00	19.05	16.48	103741.40	241735	0	StephenHawking	
4280	2:11:22	1/1/2019 	7876392	917.00	123.00	34.49	16.48	103741.31	194675	1	StephenHawking	
4281	2:11:35	1/1/2019 	7889468	251.00	9.00	10.33	16.47	103738.02	625587	0	StephenHawking	
4282	2:11:49	1/1/2019 	7902827	966.00	516.00	89.03	16.47	103731.70	674520	1	StephenHawking	
4283	2:11:54	1/1/2019 	7907979	191.00	9.00	9.10	16.47	103729.62	244231	0	StephenHawking	
4284	2:11:54	1/1/2019 	7908191	898.00	98.00	29.61	16.47	103729.62	1822	1	StephenHawking	
4285	2:11:58	1/1/2019 	7911864	866.00	82.00	26.68	16.46	103728.48	193750	0	StephenHawking	
4286	2:11:59	1/1/2019 	7913735	127.00	8.00	7.35	16.46	103728.14	98600	0	StephenHawking	
4287	2:12:08	1/1/2019 	7922289	968.00	439.00	79.63	16.46	103728.01	385683	1	StephenHawking	
4288	2:12:09	1/1/2019 	7923572	584.00	9.00	13.82	16.46	103728.10	98620	0	StephenHawking	
4289	2:12:20	1/1/2019 	7934359	788.00	51.00	22.55	16.45	103726.47	483135	0	StephenHawking	
4290	2:12:20	1/1/2019 	7934615	695.00	13.00	15.97	16.45	103726.47	50661	0	StephenHawking	
4291	2:12:23	1/1/2019 	7937377	716.00	16.00	16.96	16.45	103725.94	97788	1	StephenHawking	
4292	2:12:30	1/1/2019 	7944594	911.00	109.00	31.76	16.44	103725.11	385688	1	StephenHawking	
4293	2:12:30	1/1/2019 	7944778	455.00	9.00	12.59	16.44	103725.11	2694	0	StephenHawking	
4294	2:12:32	1/1/2019 	7946744	969.00	437.00	79.40	16.44	103724.86	97789	1	StephenHawking	
4295	2:12:40	1/1/2019 	7954672	725.00	18.00	17.56	16.43	103723.30	387197	0	StephenHawking	
4296	2:12:43	1/1/2019 	7956947	954.00	236.00	48.80	16.43	103723.12	98693	1	StephenHawking	
4297	2:12:45	1/1/2019 	7959617	962.00	299.00	56.90	16.43	103722.00	145778	1	StephenHawking	
4298	2:12:48	1/1/2019 	7961843	64.00	9.00	5.92	16.43	103722.00	98704	0	StephenHawking	
4299	2:12:50	1/1/2019 	7964075	960.00	323.00	60.99	16.43	103721.00	97787	1	StephenHawking	
4300	2:12:54	1/1/2019 	7968585	150.00	8.00	8.02	16.43	103719.35	243273	0	StephenHawking	
4301	2:13:05	1/1/2019 	7979189	866.00	83.00	26.84	16.42	103717.45	481654	1	StephenHawking	
4302	2:13:08	1/1/2019 	7981954	173.00	9.00	8.65	16.42	103717.02	146714	0	StephenHawking	
4303	2:13:08	1/1/2019 	7982711	206.00	8.00	9.43	16.42	103716.66	50763	0	StephenHawking	
4304	2:13:10	1/1/2019 	7984072	722.00	17.00	17.27	16.42	103716.31	49805	0	StephenHawking	
4305	2:13:19	1/1/2019 	7993164	942.00	160.00	40.80	16.41	103712.49	433668	0	StephenHawking	
4306	2:13:22	1/1/2019 	7996268	966.00	518.00	89.29	16.41	103711.72	147915	1	StephenHawking	
4307	2:13:23	1/1/2019 	7996855	734.00	20.00	18.10	16.41	103711.29	49807	0	StephenHawking	
4308	2:13:36	1/1/2019 	8010136	946.00	168.00	41.89	16.40	103713.25	625611	1	StephenHawking	
4309	2:13:37	1/1/2019 	8010979	948.00	173.00	42.52	16.40	103713.43	50637	1	StephenHawking	
4310	2:13:48	1/1/2019 	8022746	896.00	98.00	29.60	16.38	103710.27	577627	1	StephenHawking	
4311	2:13:53	1/1/2019 	8027429	604.00	9.00	14.07	16.38	103709.48	196067	0	StephenHawking	
4312	2:13:58	1/1/2019 	8031877	165.00	8.00	8.43	16.38	103710.45	241738	0	StephenHawking	
4313	2:14:04	1/1/2019 	8038652	961.00	306.00	58.05	16.37	103711.19	338581	1	StephenHawking	
4314	2:14:14	1/1/2019 	8048708	976.00	658.00	118.18	16.37	103707.64	481653	0	StephenHawking	
4315	2:14:17	1/1/2019 	8050952	439.00	9.00	12.48	16.36	103707.20	98681	0	StephenHawking	
4316	2:14:17	1/1/2019 	8051787	885.00	93.00	28.64	16.36	103706.95	50712	0	StephenHawking	
4317	2:14:24	1/1/2019 	8057943	960.00	274.00	53.18	16.36	103706.38	291245	1	StephenHawking	
4318	2:14:40	1/1/2019 	8074673	653.00	11.00	15.10	16.35	103702.57	817549	0	StephenHawking	
4319	2:14:46	1/1/2019 	8080461	628.00	10.00	14.58	16.35	103700.08	242673	0	StephenHawking	
4320	2:14:54	1/1/2019 	8087990	77.00	9.00	6.08	16.34	103700.09	386637	0	StephenHawking	
4321	2:14:56	1/1/2019 	8090676	74.00	9.00	6.03	16.34	103700.88	145775	0	StephenHawking	
4322	2:15:00	1/1/2019 	8094088	966.00	349.00	65.70	16.34	103699.93	146744	0	StephenHawking	
4323	2:15:05	1/1/2019 	8099021	590.00	9.00	13.90	16.33	103698.62	245503	0	StephenHawking	
4324	2:15:10	1/1/2019 	8104557	918.00	121.00	34.11	16.33	103697.80	289728	1	StephenHawking	
4325	2:15:29	1/1/2019 	8122912	957.00	269.00	52.52	16.32	103696.46	866346	1	StephenHawking	
4326	2:15:39	1/1/2019 	8132948	937.00	139.00	37.45	16.31	103693.78	482502	1	StephenHawking	
4327	2:15:42	1/1/2019 	8136572	945.00	146.00	38.64	16.31	103693.88	194620	0	StephenHawking	
4328	2:15:44	1/1/2019 	8138581	373.00	9.00	11.94	16.31	103693.44	99291	0	StephenHawking	
4329	2:15:44	1/1/2019 	8138711	416.00	9.00	12.31	16.31	103693.44	1822	0	StephenHawking	
4330	2:15:44	1/1/2019 	8138723	892.00	94.00	28.84	16.31	103693.44	1822	1	StephenHawking	
4331	2:15:48	1/1/2019 	8142480	961.00	343.00	64.60	16.31	103693.44	145772	0	StephenHawking	
4332	2:15:51	1/1/2019 	8145434	802.00	64.00	23.98	16.30	103691.82	146659	1	StephenHawking	
4333	2:15:52	1/1/2019 	8146641	747.00	24.00	19.04	16.30	103691.65	97790	0	StephenHawking	
4334	2:15:53	1/1/2019 	8147783	949.00	195.00	44.94	16.30	103691.22	51317	1	StephenHawking	
4335	2:15:55	1/1/2019 	8149121	462.00	9.00	12.64	16.30	103691.39	49807	1	StephenHawking	
4336	2:15:59	1/1/2019 	8153245	974.00	777.00	138.80	16.30	103690.27	193756	1	StephenHawking	
4337	2:16:01	1/1/2019 	8155362	361.00	9.00	11.82	16.30	103690.09	98700	0	StephenHawking	
4338	2:16:04	1/1/2019 	8157952	968.00	453.00	81.31	16.30	103690.02	145772	1	StephenHawking	
4339	2:16:06	1/1/2019 	8160630	844.00	77.00	25.84	16.30	103691.05	147402	1	StephenHawking	
4340	2:16:08	1/1/2019 	8162262	956.00	264.00	51.88	16.29	103691.50	50742	0	StephenHawking	
4341	2:16:10	1/1/2019 	8163935	962.00	399.00	74.18	16.29	103692.37	97792	1	StephenHawking	
4342	2:16:10	1/1/2019 	8164409	970.00	348.00	65.52	16.29	103692.54	1826	0	StephenHawking	
4343	2:16:13	1/1/2019 	8167316	959.00	273.00	53.05	16.29	103691.97	145774	1	StephenHawking	
4344	2:16:15	1/1/2019 	8169672	124.00	9.00	7.27	16.29	103691.02	145771	0	StephenHawking	
4345	2:16:30	1/1/2019 	8184255	957.00	258.00	51.16	16.28	103687.38	675954	0	StephenHawking	
4346	2:16:31	1/1/2019 	8185593	947.00	201.00	45.52	16.28	103687.38	98604	1	StephenHawking	
4347	2:16:32	1/1/2019 	8186234	931.00	129.00	35.64	16.28	103687.55	1829	1	StephenHawking	
4348	2:16:33	1/1/2019 	8187183	221.00	9.00	9.76	16.28	103687.38	49810	0	StephenHawking	
4349	2:16:41	1/1/2019 	8194950	939.00	132.00	36.20	16.28	103685.64	385690	0	StephenHawking	
4350	2:16:43	1/1/2019 	8197375	98.00	9.00	6.54	16.28	103685.07	99962	0	StephenHawking	
4351	2:16:50	1/1/2019 	8203921	951.00	223.00	47.56	16.28	103685.41	337703	0	StephenHawking	
4352	2:16:56	1/1/2019 	8210639	397.00	9.00	12.16	16.27	103688.56	338553	0	StephenHawking	
4353	2:17:12	1/1/2019 	8226008	386.00	9.00	12.06	16.27	103686.39	722426	0	StephenHawking	
4354	2:17:19	1/1/2019 	8233253	397.00	9.00	12.16	16.28	103682.98	338576	0	StephenHawking	
4355	2:17:25	1/1/2019 	8238947	283.00	9.00	10.85	16.28	103679.84	290610	0	StephenHawking	
4356	2:17:27	1/1/2019 	8241690	948.00	215.00	46.82	16.28	103678.62	147292	1	StephenHawking	
4357	2:17:31	1/1/2019 	8244919	816.00	69.00	24.64	16.27	103678.55	146703	1	StephenHawking	
4358	2:17:31	1/1/2019 	8244973	208.00	9.00	9.49	16.27	103678.55	1825	0	StephenHawking	
4359	2:17:36	1/1/2019 	8249993	151.00	9.00	8.05	16.27	103680.91	241731	0	StephenHawking	
4360	2:17:39	1/1/2019 	8253863	975.00	726.00	130.78	16.27	103681.78	194693	0	StephenHawking	
4361	2:17:51	1/1/2019 	8265286	65.00	9.00	5.92	16.25	103685.23	529623	0	StephenHawking	
4362	2:17:54	1/1/2019 	8268713	956.00	268.00	52.39	16.25	103685.33	196146	1	StephenHawking	
4363	2:17:58	1/1/2019 	8272447	99.00	9.00	6.57	16.25	103684.93	145772	0	StephenHawking	
4364	2:18:04	1/1/2019 	8278561	734.00	20.00	18.10	16.25	103681.88	338513	0	StephenHawking	
4365	2:18:06	1/1/2019 	8280195	399.00	9.00	12.18	16.25	103681.02	49805	0	StephenHawking	
4366	2:18:23	1/1/2019 	8297111	114.00	9.00	6.98	16.24	103676.06	818372	0	StephenHawking	
4367	2:18:24	1/1/2019 	8298065	417.00	9.00	12.32	16.24	103676.42	51983	0	StephenHawking	
4368	2:18:30	1/1/2019 	8304403	137.00	8.00	7.64	16.23	103679.07	289726	0	StephenHawking	
4369	2:18:30	1/1/2019 	8304714	952.00	193.00	44.74	16.23	103679.07	50680	1	StephenHawking	
4370	2:18:31	1/1/2019 	8305077	963.00	326.00	61.53	16.23	103679.25	1823	1	StephenHawking	
4371	2:18:35	1/1/2019 	8309372	955.00	207.00	46.09	16.23	103679.77	193758	1	StephenHawking	
4372	2:18:35	1/1/2019 	8309400	570.00	10.00	13.78	16.23	103679.77	1825	0	StephenHawking	
4373	2:18:38	1/1/2019 	8311960	784.00	42.00	21.66	16.23	103679.34	147318	0	StephenHawking	
4374	2:18:38	1/1/2019 	8312176	970.00	334.00	62.97	16.23	103679.34	2721	1	StephenHawking	
4375	2:18:39	1/1/2019 	8313567	783.00	45.00	21.95	16.23	103678.98	97791	0	StephenHawking	
4376	2:18:45	1/1/2019 	8319888	937.00	131.00	36.02	16.23	103676.98	289727	0	StephenHawking	
4377	2:18:51	1/1/2019 	8325127	575.00	9.00	13.70	16.24	103676.19	242657	0	StephenHawking	
4378	2:18:56	1/1/2019 	8330369	949.00	173.00	42.52	16.24	103677.46	241742	1	StephenHawking	
4379	2:19:00	1/1/2019 	8334757	786.00	55.00	22.94	16.24	103678.51	244210	0	StephenHawking	
4380	2:19:17	1/1/2019 	8351360	74.00	9.00	6.03	16.23	103682.82	769563	0	StephenHawking	
4381	2:19:18	1/1/2019 	8352074	866.00	83.00	26.84	16.23	103682.99	50606	0	StephenHawking	
4382	2:19:20	1/1/2019 	8354603	946.00	151.00	39.45	16.23	103683.69	145771	1	StephenHawking	
4383	2:19:33	1/1/2019 	8367341	973.00	559.00	96.14	16.23	103676.81	577618	0	StephenHawking	
4384	2:19:33	1/1/2019 	8367396	137.00	8.00	7.64	16.23	103676.81	3992	0	StephenHawking	
4385	2:19:35	1/1/2019 	8369598	814.00	68.00	24.51	16.23	103675.25	145767	1	StephenHawking	
4386	2:19:39	1/1/2019 	8373273	137.00	8.00	7.64	16.23	103671.52	146617	0	StephenHawking	
4387	2:19:42	1/1/2019 	8376719	661.00	11.00	15.17	16.23	103671.16	193753	1	StephenHawking	
4388	2:19:52	1/1/2019 	8386258	642.00	10.00	14.73	16.22	103670.16	433670	0	StephenHawking	
4389	2:19:54	1/1/2019 	8388695	948.00	198.00	45.23	16.22	103672.34	146636	1	StephenHawking	
4390	2:19:55	1/1/2019 	8389836	100.00	9.00	6.60	16.22	103674.09	51309	0	StephenHawking	
4391	2:19:59	1/1/2019 	8393437	554.00	9.00	13.45	16.22	103675.92	146657	0	StephenHawking	
4392	2:20:04	1/1/2019 	8398674	948.00	198.00	45.23	16.22	103678.02	289720	0	StephenHawking	
4393	2:20:14	1/1/2019 	8408389	289.00	9.00	10.94	16.21	103675.06	433675	0	StephenHawking	
4394	2:20:16	1/1/2019 	8410818	783.00	47.00	22.15	16.21	103673.49	146677	1	StephenHawking	
4395	2:20:29	1/1/2019 	8423645	189.00	9.00	9.05	16.22	103662.42	627940	0	StephenHawking	
4396	2:20:42	1/1/2019 	8436397	794.00	61.00	23.61	16.22	103660.60	578572	0	StephenHawking	
4397	2:20:46	1/1/2019 	8440462	67.00	8.00	5.94	16.21	103662.00	194723	0	StephenHawking	
4398	2:20:48	1/1/2019 	8442772	638.00	9.00	14.44	16.21	103664.27	146584	0	StephenHawking	
4399	2:20:50	1/1/2019 	8444917	784.00	43.00	21.76	16.21	103665.44	97790	0	StephenHawking	
4400	2:20:54	1/1/2019 	8448879	892.00	99.00	29.78	16.21	103669.36	193758	0	StephenHawking	
4401	2:20:56	1/1/2019 	8450915	354.00	9.00	11.75	16.20	103671.02	99259	1	StephenHawking	
4402	2:21:09	1/1/2019 	8462973	459.00	9.00	12.62	16.20	103676.87	578454	0	StephenHawking	
4403	2:21:10	1/1/2019 	8464490	920.00	123.00	34.50	16.19	103676.64	50658	0	StephenHawking	
4404	2:21:19	1/1/2019 	8473860	784.00	44.00	21.86	16.19	103674.12	481647	0	StephenHawking	
4405	2:21:23	1/1/2019 	8477022	942.00	145.00	38.48	16.19	103671.86	146646	1	StephenHawking	
4406	2:21:24	1/1/2019 	8478345	920.00	115.00	32.95	16.19	103670.64	49804	0	StephenHawking	
4407	2:21:30	1/1/2019 	8484406	970.00	752.00	134.39	16.19	103667.77	291221	1	StephenHawking	
4408	2:21:30	1/1/2019 	8484626	785.00	46.00	22.06	16.19	103667.77	50704	0	StephenHawking	
4409	2:21:32	1/1/2019 	8486773	323.00	9.00	11.39	16.19	103668.22	97788	0	StephenHawking	
4410	2:21:33	1/1/2019 	8487632	869.00	85.00	27.18	16.19	103668.56	49806	0	StephenHawking	
4411	2:21:34	1/1/2019 	8488402	550.00	9.00	13.40	16.19	103669.95	1823	0	StephenHawking	
4412	2:21:37	1/1/2019 	8490946	231.00	9.00	9.96	16.18	103672.31	147291	0	StephenHawking	
4413	2:21:43	1/1/2019 	8497357	103.00	9.00	6.67	16.18	103677.92	290640	0	StephenHawking	
4414	2:21:44	1/1/2019 	8498810	608.00	9.00	14.12	16.18	103678.27	97788	0	StephenHawking	
4415	2:21:46	1/1/2019 	8500837	978.00	935.00	213.47	16.18	103677.84	97789	1	StephenHawking	
4416	2:21:47	1/1/2019 	8501792	268.00	9.00	10.62	16.18	103677.84	50746	0	StephenHawking	
4417	2:21:48	1/1/2019 	8502060	95.00	9.00	6.47	16.18	103677.84	1821	0	StephenHawking	
4418	2:21:52	1/1/2019 	8505881	314.00	9.00	11.28	16.18	103676.10	195301	0	StephenHawking	
4419	2:21:52	1/1/2019 	8506476	920.00	112.00	32.36	16.18	103675.92	1823	0	StephenHawking	
4420	2:22:02	1/1/2019 	8516199	70.00	9.00	5.98	16.18	103673.31	481642	0	StephenHawking	
4421	2:22:03	1/1/2019 	8517390	224.00	9.00	9.82	16.18	103673.14	50770	0	StephenHawking	
4422	2:22:04	1/1/2019 	8518118	708.00	14.00	16.33	16.18	103673.31	49804	0	StephenHawking	
4423	2:22:06	1/1/2019 	8520620	710.00	15.00	16.64	16.18	103673.14	145771	0	StephenHawking	
4424	2:22:08	1/1/2019 	8522834	894.00	100.00	29.97	16.18	103673.22	99954	1	StephenHawking	
4425	2:22:10	1/1/2019 	8524457	942.00	140.00	37.63	16.18	103672.88	49810	0	StephenHawking	
4426	2:22:12	1/1/2019 	8526483	958.00	276.00	53.45	16.18	103672.53	97794	0	StephenHawking	
4427	2:22:12	1/1/2019 	8526500	140.00	9.00	7.74	16.18	103672.53	1824	0	StephenHawking	
4428	2:22:19	1/1/2019 	8532905	918.00	116.00	33.14	16.18	103671.13	337720	0	StephenHawking	
4429	2:22:19	1/1/2019 	8533324	856.00	80.00	26.33	16.18	103671.13	4022	0	StephenHawking	
4430	2:22:19	1/1/2019 	8533586	884.00	92.00	28.45	16.18	103670.96	49804	0	StephenHawking	
4431	2:22:22	1/1/2019 	8536363	798.00	64.00	23.97	16.18	103670.78	97787	1	StephenHawking	
4432	2:22:25	1/1/2019 	8539298	943.00	164.00	41.35	16.18	103670.44	145770	1	StephenHawking	
4433	2:22:25	1/1/2019 	8539415	375.00	9.00	11.96	16.18	103670.61	1824	0	StephenHawking	
4434	2:22:29	1/1/2019 	8543563	860.00	81.00	26.50	16.18	103670.78	241735	1	StephenHawking	
4435	2:22:33	1/1/2019 	8547693	964.00	356.00	66.96	16.18	103670.70	195998	1	StephenHawking	
4436	2:22:42	1/1/2019 	8556585	968.00	571.00	98.49	16.17	103670.97	433663	1	StephenHawking	
4437	2:22:54	1/1/2019 	8568246	780.00	37.00	21.11	16.18	103667.22	530520	0	StephenHawking	
4438	2:22:58	1/1/2019 	8572440	947.00	186.00	44.01	16.18	103662.34	194660	1	StephenHawking	
4439	2:23:01	1/1/2019 	8575575	696.00	14.00	16.28	16.18	103659.04	194679	0	StephenHawking	
4440	2:23:02	1/1/2019 	8576382	942.00	155.00	40.06	16.18	103658.69	3363	1	StephenHawking	
4441	2:23:05	1/1/2019 	8579072	86.00	8.00	6.26	16.17	103656.70	145770	0	StephenHawking	
4442	2:23:09	1/1/2019 	8583396	784.00	45.00	21.96	16.17	103655.66	193752	1	StephenHawking	
4443	2:23:15	1/1/2019 	8589872	123.00	9.00	7.24	16.16	103656.05	338651	1	StephenHawking	
4444	2:23:22	1/1/2019 	8596572	948.00	157.00	40.36	16.15	103658.55	338662	0	StephenHawking	
4445	2:23:33	1/1/2019 	8607205	892.00	94.00	28.84	16.15	103669.61	481646	0	StephenHawking	
4446	2:23:35	1/1/2019 	8609078	945.00	167.00	41.76	16.15	103670.13	99946	1	StephenHawking	
4447	2:23:37	1/1/2019 	8611636	537.00	9.00	13.26	16.15	103669.78	145769	0	StephenHawking	
4448	2:23:40	1/1/2019 	8614497	964.00	364.00	68.39	16.14	103668.66	98626	0	StephenHawking	
4449	2:23:45	1/1/2019 	8619006	866.00	84.00	27.01	16.15	103669.27	241732	0	StephenHawking	
4450	2:23:48	1/1/2019 	8622150	916.00	117.00	33.33	16.14	103668.84	145769	0	StephenHawking	
4451	2:23:50	1/1/2019 	8624282	920.00	122.00	34.30	16.15	103669.44	98645	1	StephenHawking	
4452	2:23:52	1/1/2019 	8625954	719.00	17.00	17.26	16.15	103669.78	99284	0	StephenHawking	
4453	2:23:55	1/1/2019 	8628976	784.00	43.00	21.76	16.15	103669.78	145772	1	StephenHawking	
4454	2:23:57	1/1/2019 	8631583	787.00	53.00	22.74	16.15	103669.96	145772	1	StephenHawking	
4455	2:24:06	1/1/2019 	8640396	108.00	9.00	6.81	16.15	103671.70	386571	0	StephenHawking	
4456	2:24:13	1/1/2019 	8647745	216.00	9.00	9.66	16.15	103673.09	386590	0	StephenHawking	
4457	2:24:15	1/1/2019 	8649756	669.00	11.00	15.22	16.15	103673.88	99313	0	StephenHawking	
4458	2:24:33	1/1/2019 	8667400	96.00	9.00	6.49	16.15	103671.53	818458	0	StephenHawking	
4459	2:24:41	1/1/2019 	8675721	482.00	9.00	12.79	16.15	103662.55	434609	0	StephenHawking	
4460	2:25:06	1/1/2019 	8700865	457.00	9.00	12.61	16.15	103653.49	1202371	1	StephenHawking	
4461	2:25:17	1/1/2019 	8711469	953.00	229.00	48.12	16.15	103651.16	482459	0	StephenHawking	
4462	2:25:26	1/1/2019 	8720384	939.00	134.00	36.57	16.15	103648.97	434489	1	StephenHawking	
4463	2:25:26	1/1/2019 	8720407	536.00	9.00	13.25	16.15	103648.97	4022	0	StephenHawking	
4464	2:25:27	1/1/2019 	8721491	897.00	101.00	30.17	16.15	103648.97	49807	1	StephenHawking	
4465	2:25:28	1/1/2019 	8722171	964.00	310.00	58.73	16.15	103648.80	49808	1	StephenHawking	
4466	2:25:32	1/1/2019 	8726475	978.00	802.00	142.53	16.15	103649.31	193761	0	StephenHawking	
4467	2:25:35	1/1/2019 	8729595	492.00	9.00	12.86	16.15	103651.58	193758	0	StephenHawking	
4468	2:25:41	1/1/2019 	8735876	472.00	9.00	12.71	16.14	103659.26	292065	0	StephenHawking	
4469	2:25:43	1/1/2019 	8737475	784.00	48.00	22.25	16.14	103662.14	49808	0	StephenHawking	
4470	2:25:46	1/1/2019 	8740068	297.00	9.00	11.05	16.14	103665.05	145774	0	StephenHawking	
4471	2:25:46	1/1/2019 	8740158	933.00	127.00	35.27	16.14	103665.05	2713	1	StephenHawking	
4472	2:25:49	1/1/2019 	8743345	374.00	9.00	11.95	16.14	103665.57	145774	0	StephenHawking	
4473	2:25:49	1/1/2019 	8743567	116.00	9.00	7.04	16.14	103665.22	49806	0	StephenHawking	
4474	2:25:53	1/1/2019 	8747650	797.00	58.00	23.29	16.14	103661.22	195272	0	StephenHawking	
4475	2:25:57	1/1/2019 	8750923	964.00	389.00	72.61	16.14	103657.27	145778	1	StephenHawking	
4476	2:25:57	1/1/2019 	8751594	962.00	252.00	50.47	16.14	103656.74	50723	1	StephenHawking	
4477	2:26:04	1/1/2019 	8758726	791.00	55.00	22.96	16.15	103650.02	337707	1	StephenHawking	
4478	2:26:05	1/1/2019 	8759019	887.00	93.00	28.65	16.15	103650.02	1824	1	StephenHawking	
4479	2:26:07	1/1/2019 	8761115	966.00	463.00	82.48	16.15	103648.45	97791	1	StephenHawking	
4480	2:26:07	1/1/2019 	8761707	943.00	138.00	37.28	16.15	103648.11	52171	1	StephenHawking	
4481	2:26:09	1/1/2019 	8763705	883.00	93.00	28.63	16.15	103646.89	97790	0	StephenHawking	
4482	2:26:13	1/1/2019 	8767328	116.00	9.00	7.04	16.15	103644.20	145773	0	StephenHawking	
4483	2:26:17	1/1/2019 	8771568	384.00	9.00	12.04	16.14	103641.33	241736	0	StephenHawking	
4484	2:26:23	1/1/2019 	8777435	764.00	30.00	20.14	16.14	103640.16	242694	0	StephenHawking	
4485	2:26:32	1/1/2019 	8786278	457.00	9.00	12.61	16.13	103641.48	435223	0	StephenHawking	
4486	2:26:32	1/1/2019 	8786348	955.00	238.00	49.00	16.13	103641.48	2637	1	StephenHawking	
4487	2:26:37	1/1/2019 	8791801	790.00	66.00	24.17	16.12	103648.75	289722	1	StephenHawking	
4488	2:26:42	1/1/2019 	8795973	149.00	9.00	7.99	16.12	103651.28	194587	0	StephenHawking	
4489	2:26:44	1/1/2019 	8798188	328.00	9.00	11.45	16.12	103651.10	97789	0	StephenHawking	
4490	2:26:53	1/1/2019 	8807264	605.00	9.00	14.09	16.12	103648.06	433673	1	StephenHawking	
4491	2:26:53	1/1/2019 	8807769	919.00	119.00	33.72	16.12	103647.89	52122	0	StephenHawking	
4492	2:26:56	1/1/2019 	8810701	941.00	137.00	37.10	16.12	103647.80	145774	0	StephenHawking	
4493	2:27:02	1/1/2019 	8816612	782.00	39.00	21.34	16.11	103647.90	290599	0	StephenHawking	
4494	2:27:10	1/1/2019 	8824847	714.00	16.00	16.95	16.11	103644.19	385688	0	StephenHawking	
4495	2:27:10	1/1/2019 	8824953	106.00	9.00	6.76	16.11	103644.19	2714	0	StephenHawking	
4496	2:27:17	1/1/2019 	8832010	617.00	9.00	14.23	16.11	103644.28	339214	0	StephenHawking	
4497	2:27:21	1/1/2019 	8835900	958.00	276.00	53.45	16.11	103644.20	194669	1	StephenHawking	
4498	2:27:24	1/1/2019 	8839109	955.00	241.00	49.30	16.11	103644.03	145772	1	StephenHawking	
4499	2:27:26	1/1/2019 	8840435	774.00	34.00	20.73	16.10	103643.25	49807	1	StephenHawking	
4500	2:27:32	1/1/2019 	8846806	331.00	9.00	11.49	16.11	103641.07	338634	0	StephenHawking	
4501	2:27:35	1/1/2019 	8849492	939.00	134.00	36.57	16.11	103638.98	97787	1	StephenHawking	
4502	2:27:41	1/1/2019 	8855394	157.00	9.00	8.22	16.10	103637.69	291262	0	StephenHawking	
4503	2:27:42	1/1/2019 	8856807	948.00	176.00	42.88	16.10	103637.42	98750	0	StephenHawking	
4504	2:27:48	1/1/2019 	8862568	881.00	91.00	28.26	16.10	103636.73	289720	1	StephenHawking	
4505	2:27:49	1/1/2019 	8863299	911.00	113.00	32.54	16.10	103636.38	2634	1	StephenHawking	
4506	2:27:54	1/1/2019 	8869008	963.00	425.00	77.87	16.10	103635.16	289721	1	StephenHawking	
4507	2:28:04	1/1/2019 	8878346	98.00	8.00	6.54	16.10	103632.94	433656	0	StephenHawking	
4508	2:28:17	1/1/2019 	8891380	238.00	9.00	10.10	16.09	103630.77	627773	1	StephenHawking	
4509	2:28:26	1/1/2019 	8900296	865.00	84.00	27.00	16.09	103629.73	434513	0	StephenHawking	
4510	2:28:26	1/1/2019 	8901064	974.00	544.00	93.40	16.09	103629.56	50674	1	StephenHawking	
4511	2:28:34	1/1/2019 	8908950	79.00	9.00	6.12	16.08	103629.61	385685	0	StephenHawking	
4512	2:28:42	1/1/2019 	8916659	122.00	9.00	7.21	16.08	103630.57	385684	0	StephenHawking	
4513	2:28:43	1/1/2019 	8918203	382.00	9.00	12.03	16.08	103630.31	52076	0	StephenHawking	
4514	2:28:44	1/1/2019 	8918272	734.00	23.00	18.77	16.08	103630.31	1823	0	StephenHawking	
4515	2:28:46	1/1/2019 	8921114	411.00	9.00	12.27	16.08	103630.75	145772	0	StephenHawking	
4516	2:28:57	1/1/2019 	8931319	704.00	14.00	16.32	16.07	103631.02	482561	0	StephenHawking	
4517	2:28:58	1/1/2019 	8932779	265.00	9.00	10.57	16.07	103631.38	98718	0	StephenHawking	
4518	2:29:07	1/1/2019 	8942131	916.00	119.00	33.72	16.07	103628.98	433672	1	StephenHawking	
4519	2:29:08	1/1/2019 	8943105	131.00	8.00	7.47	16.07	103628.98	52170	0	StephenHawking	
4520	2:29:14	1/1/2019 	8948291	898.00	103.00	30.56	16.07	103626.89	241734	1	StephenHawking	
4521	2:29:34	1/1/2019 	8968408	947.00	205.00	45.90	16.06	103625.68	961474	0	StephenHawking	
4522	2:29:38	1/1/2019 	8972861	785.00	45.00	21.96	16.06	103625.95	242710	0	StephenHawking	
4523	2:29:43	1/1/2019 	8977685	713.00	18.00	17.49	16.06	103625.34	242554	1	StephenHawking	
4524	2:29:45	1/1/2019 	8979474	418.00	9.00	12.33	16.06	103625.16	51378	0	StephenHawking	
4525	2:29:45	1/1/2019 	8979867	961.00	265.00	52.01	16.06	103625.16	49806	1	StephenHawking	
4526	2:29:47	1/1/2019 	8981488	140.00	9.00	7.74	16.06	103624.90	50647	0	StephenHawking	
4527	2:29:52	1/1/2019 	8986992	930.00	128.00	35.45	16.06	103623.25	289715	1	StephenHawking	
4528	2:29:59	1/1/2019 	8993876	288.00	9.00	10.92	16.06	103622.86	337703	0	StephenHawking	
4529	2:30:01	1/1/2019 	8996234	941.00	145.00	38.48	16.06	103622.16	98648	0	StephenHawking	
4530	2:30:06	1/1/2019 	9000733	969.00	621.00	109.75	16.06	103621.63	243236	0	StephenHawking	
4531	2:30:16	1/1/2019 	9010568	389.00	9.00	12.09	16.05	103621.03	482537	0	StephenHawking	
4532	2:30:16	1/1/2019 	9011111	188.00	9.00	9.03	16.05	103621.20	2723	0	StephenHawking	
4533	2:30:23	1/1/2019 	9018068	74.00	9.00	6.03	16.05	103619.03	337697	0	StephenHawking	
4534	2:30:27	1/1/2019 	9022173	719.00	17.00	17.26	16.05	103618.69	193754	0	StephenHawking	
4535	2:30:31	1/1/2019 	9025286	965.00	399.00	74.18	16.05	103617.99	146691	1	StephenHawking	
4536	2:31:03	1/1/2019 	9057276	312.00	9.00	11.25	16.06	103649.66	1538800	0	StephenHawking	
4537	2:31:05	1/1/2019 	9059688	142.00	9.00	7.79	16.06	103660.23	146713	0	StephenHawking	
4538	2:31:09	1/1/2019 	9063676	168.00	9.00	8.52	16.07	103678.67	194708	1	StephenHawking	
4539	2:31:11	1/1/2019 	9065865	963.00	382.00	71.48	16.07	103686.94	97789	0	StephenHawking	
4540	2:31:34	1/1/2019 	9088663	948.00	165.00	41.49	16.12	103779.31	1105418	1	StephenHawking	
4541	2:31:37	1/1/2019 	9091684	136.00	9.00	7.62	16.13	103788.44	147911	0	StephenHawking	
4542	2:31:38	1/1/2019 	9092643	955.00	252.00	50.47	16.13	103791.45	50634	1	StephenHawking	
4543	2:31:39	1/1/2019 	9093713	782.00	42.00	21.65	16.13	103794.49	49807	0	StephenHawking	
4544	2:31:51	1/1/2019 	9105305	931.00	129.00	35.64	16.16	103819.97	529626	1	StephenHawking	
4545	2:31:55	1/1/2019 	9108963	760.00	29.00	19.97	16.16	103827.70	194599	0	StephenHawking	
4546	2:31:56	1/1/2019 	9110883	315.00	9.00	11.29	16.17	103830.92	97788	0	StephenHawking	
4547	2:31:59	1/1/2019 	9113551	972.00	685.00	123.60	16.17	103834.88	147979	1	StephenHawking	
4548	2:32:07	1/1/2019 	9121699	100.00	9.00	6.60	16.19	103834.47	385679	0	StephenHawking	
4549	2:32:10	1/1/2019 	9124619	914.00	114.00	32.74	16.19	103831.16	146657	1	StephenHawking	
4550	2:32:13	1/1/2019 	9127339	949.00	216.00	46.92	16.20	103827.11	97790	1	StephenHawking	
4551	2:32:35	1/1/2019 	9149853	63.00	8.00	5.91	16.20	103782.62	1105415	0	StephenHawking	
4552	2:32:45	1/1/2019 	9159075	966.00	400.00	74.33	16.20	103765.30	436011	1	StephenHawking	
4553	2:32:59	1/1/2019 	9173791	965.00	369.00	69.27	16.20	103751.20	721559	1	StephenHawking	
4554	2:33:00	1/1/2019 	9174260	958.00	287.00	55.03	16.20	103750.33	2753	1	StephenHawking	
4555	2:33:00	1/1/2019 	9174627	952.00	195.00	44.94	16.20	103750.33	49807	0	StephenHawking	
4556	2:33:03	1/1/2019 	9177292	968.00	447.00	80.61	16.20	103747.20	97789	1	StephenHawking	
4557	2:33:05	1/1/2019 	9178972	741.00	21.00	18.37	16.20	103745.98	97790	0	StephenHawking	
4558	2:33:06	1/1/2019 	9180271	743.00	24.00	19.02	16.20	103744.59	51350	0	StephenHawking	
4559	2:33:06	1/1/2019 	9180348	981.00	872.00	161.35	16.20	103744.59	2779	1	StephenHawking	
4560	2:33:07	1/1/2019 	9181286	773.00	33.00	20.60	16.20	103744.06	49806	0	StephenHawking	
4561	2:33:12	1/1/2019 	9186899	976.00	780.00	139.05	16.19	103741.23	289716	0	StephenHawking	
4562	2:33:13	1/1/2019 	9186965	948.00	173.00	42.52	16.19	103741.23	1825	1	StephenHawking	
4563	2:33:17	1/1/2019 	9191256	547.00	9.00	13.37	16.19	103738.02	193753	0	StephenHawking	
4564	2:33:17	1/1/2019 	9191316	321.00	9.00	11.37	16.19	103738.02	3972	0	StephenHawking	
4565	2:33:20	1/1/2019 	9194672	882.00	90.00	28.09	16.19	103732.88	193749	0	StephenHawking	
4566	2:33:43	1/1/2019 	9217409	967.00	380.00	71.14	16.18	103715.09	1057444	1	StephenHawking	
4567	2:33:49	1/1/2019 	9223313	953.00	248.00	50.03	16.18	103708.39	290545	1	StephenHawking	
4568	2:33:52	1/1/2019 	9226553	66.00	9.00	5.93	16.18	103704.48	194709	0	StephenHawking	
4569	2:34:02	1/1/2019 	9236623	970.00	526.00	90.49	16.18	103693.86	483146	1	StephenHawking	
4570	2:34:04	1/1/2019 	9237993	969.00	633.00	112.50	16.18	103693.16	50678	1	StephenHawking	
4571	2:34:05	1/1/2019 	9239655	286.00	9.00	10.89	16.17	103691.69	97792	0	StephenHawking	
4572	2:34:10	1/1/2019 	9244038	150.00	9.00	8.02	16.17	103688.30	194647	0	StephenHawking	
4573	2:34:12	1/1/2019 	9246830	64.00	9.00	5.92	16.17	103687.25	145773	0	StephenHawking	
4574	2:34:13	1/1/2019 	9247485	783.00	45.00	21.95	16.17	103686.73	1823	0	StephenHawking	
4575	2:34:21	1/1/2019 	9255707	777.00	40.00	21.43	16.17	103680.81	435188	0	StephenHawking	
4576	2:34:23	1/1/2019 	9257109	957.00	242.00	49.40	16.17	103679.69	50719	1	StephenHawking	
4577	2:34:25	1/1/2019 	9259862	894.00	97.00	29.41	16.17	103680.38	145770	1	StephenHawking	
4578	2:34:29	1/1/2019 	9263689	970.00	615.00	108.23	16.17	103678.30	194690	1	StephenHawking	
4579	2:34:29	1/1/2019 	9263946	967.00	389.00	72.61	16.17	103677.42	1824	0	StephenHawking	
4580	2:34:32	1/1/2019 	9266349	277.00	9.00	10.76	16.17	103676.16	99435	0	StephenHawking	
4581	2:34:35	1/1/2019 	9269485	908.00	111.00	32.14	16.16	103674.59	145775	0	StephenHawking	
4582	2:34:49	1/1/2019 	9283755	958.00	272.00	52.91	16.14	103672.41	721565	1	StephenHawking	
4583	2:35:01	1/1/2019 	9295931	834.00	70.00	24.82	16.13	103665.06	578581	1	StephenHawking	
4584	2:35:02	1/1/2019 	9296159	82.00	9.00	6.18	16.13	103665.06	2626	0	StephenHawking	
4585	2:35:06	1/1/2019 	9300015	776.00	36.00	20.98	16.13	103664.19	193753	0	StephenHawking	
4586	2:35:06	1/1/2019 	9300306	799.00	63.00	23.85	16.13	103664.19	3992	1	StephenHawking	
4587	2:35:07	1/1/2019 	9301157	805.00	67.00	24.35	16.13	103663.23	49807	0	StephenHawking	
4588	2:35:16	1/1/2019 	9310170	632.00	10.00	14.63	16.13	103660.14	433677	1	StephenHawking	
4589	2:35:17	1/1/2019 	9311384	189.00	9.00	9.05	16.13	103660.31	50652	0	StephenHawking	
4590	2:35:19	1/1/2019 	9313228	972.00	711.00	128.35	16.13	103660.67	97789	1	StephenHawking	
4591	2:35:27	1/1/2019 	9321499	848.00	79.00	26.15	16.12	103660.33	385687	1	StephenHawking	
4592	2:35:33	1/1/2019 	9327695	949.00	209.00	46.27	16.12	103658.33	339957	1	StephenHawking	
4593	2:35:33	1/1/2019 	9327711	723.00	17.00	17.27	16.12	103658.33	1825	0	StephenHawking	
4594	2:35:40	1/1/2019 	9334395	952.00	231.00	48.31	16.12	103653.03	289724	1	StephenHawking	
4595	2:35:43	1/1/2019 	9337004	673.00	11.00	15.25	16.11	103651.73	146660	0	StephenHawking	
4596	2:35:45	1/1/2019 	9339823	960.00	277.00	53.59	16.11	103651.16	145771	1	StephenHawking	
4597	2:35:54	1/1/2019 	9348467	782.00	39.00	21.34	16.11	103650.64	387995	0	StephenHawking	
4598	2:35:57	1/1/2019 	9351098	913.00	113.00	32.54	16.11	103650.47	145773	1	StephenHawking	
4599	2:35:57	1/1/2019 	9351838	953.00	189.00	44.33	16.11	103650.64	50738	1	StephenHawking	
4600	2:35:59	1/1/2019 	9353636	958.00	238.00	49.00	16.10	103650.39	97788	1	StephenHawking	
4601	2:36:00	1/1/2019 	9354380	974.00	629.00	111.60	16.10	103650.39	1824	1	StephenHawking	
4602	2:36:01	1/1/2019 	9355858	123.00	9.00	7.24	16.10	103650.22	97788	0	StephenHawking	
4603	2:36:03	1/1/2019 	9357056	381.00	9.00	12.02	16.10	103649.86	51348	1	StephenHawking	
4604	2:36:05	1/1/2019 	9359225	404.00	9.00	12.22	16.10	103649.52	97789	0	StephenHawking	
4605	2:36:11	1/1/2019 	9365229	950.00	216.00	46.92	16.10	103648.22	289716	1	StephenHawking	
4606	2:36:16	1/1/2019 	9370578	378.00	9.00	11.99	16.10	103648.00	290673	0	StephenHawking	
4607	2:36:21	1/1/2019 	9375672	971.00	485.00	85.03	16.10	103646.34	242532	1	StephenHawking	
4608	2:36:22	1/1/2019 	9376356	909.00	106.00	31.17	16.10	103646.17	3287	1	StephenHawking	
4609	2:36:24	1/1/2019 	9378476	711.00	16.00	16.94	16.10	103645.12	97790	0	StephenHawking	
4610	2:36:27	1/1/2019 	9381001	956.00	260.00	51.40	16.10	103643.91	145775	1	StephenHawking	
4611	2:36:29	1/1/2019 	9383220	896.00	99.00	29.79	16.09	103642.44	98617	1	StephenHawking	
4612	2:36:43	1/1/2019 	9397063	78.00	9.00	6.10	16.08	103641.79	673578	0	StephenHawking	
4613	2:36:45	1/1/2019 	9399719	960.00	325.00	61.35	16.08	103641.62	146617	1	StephenHawking	
4614	2:36:46	1/1/2019 	9400070	866.00	86.00	27.34	16.08	103641.62	4066	1	StephenHawking	
4615	2:36:47	1/1/2019 	9401780	84.00	9.00	6.22	16.08	103640.84	97790	1	StephenHawking	
4616	2:36:48	1/1/2019 	9402891	194.00	9.00	9.17	16.08	103640.66	49804	0	StephenHawking	
4617	2:36:56	1/1/2019 	9409802	453.00	9.00	12.58	16.08	103638.58	337697	0	StephenHawking	
4618	2:36:59	1/1/2019 	9413031	974.00	689.00	124.36	16.08	103636.93	146660	1	StephenHawking	
4619	2:37:23	1/1/2019 	9436849	233.00	9.00	10.00	16.07	103634.11	1153410	0	StephenHawking	
4620	2:37:23	1/1/2019 	9437238	931.00	127.00	35.27	16.07	103634.11	4138	1	StephenHawking	
4621	2:37:25	1/1/2019 	9438852	722.00	17.00	17.27	16.07	103634.11	97788	0	StephenHawking	
4622	2:37:39	1/1/2019 	9452977	652.00	10.00	14.82	16.06	103630.04	673579	0	StephenHawking	
4623	2:37:42	1/1/2019 	9456061	219.00	9.00	9.72	16.06	103629.34	146702	0	StephenHawking	
4624	2:37:42	1/1/2019 	9456772	646.00	10.00	14.77	16.06	103629.34	49805	0	StephenHawking	
4625	2:37:44	1/1/2019 	9457904	891.00	93.00	28.66	16.06	103628.77	51350	0	StephenHawking	
4626	2:37:44	1/1/2019 	9458486	861.00	83.00	26.83	16.06	103628.60	1824	0	StephenHawking	
4627	2:37:48	1/1/2019 	9462451	912.00	108.00	31.56	16.06	103628.25	193753	0	StephenHawking	
4628	2:38:04	1/1/2019 	9478122	181.00	9.00	8.85	16.05	103626.34	770500	0	StephenHawking	
4629	2:38:42	1/1/2019 	9516777	578.00	9.00	13.74	16.03	103620.94	1873974	0	StephenHawking	
4630	2:38:48	1/1/2019 	9522601	930.00	129.00	35.64	16.03	103620.94	290541	1	StephenHawking	
4631	2:38:58	1/1/2019 	9532618	321.00	9.00	11.37	16.03	103620.33	483845	0	StephenHawking	
4632	2:38:59	1/1/2019 	9533240	318.00	9.00	11.33	16.03	103619.98	2686	0	StephenHawking	
4633	2:38:59	1/1/2019 	9533463	671.00	11.00	15.24	16.03	103619.98	1823	0	StephenHawking	
4634	2:39:00	1/1/2019 	9534183	812.00	66.00	24.25	16.03	103618.89	49805	0	StephenHawking	
4635	2:39:00	1/1/2019 	9534236	628.00	9.00	14.35	16.03	103618.89	1824	0	StephenHawking	
4636	2:39:02	1/1/2019 	9536273	949.00	191.00	44.54	16.03	103617.67	97788	1	StephenHawking	
4637	2:39:03	1/1/2019 	9537726	964.00	454.00	81.43	16.03	103616.97	99292	1	StephenHawking	
4638	2:39:06	1/1/2019 	9539998	918.00	121.00	34.11	16.03	103616.67	97792	1	StephenHawking	
4639	2:39:10	1/1/2019 	9543879	961.00	331.00	62.43	16.03	103615.58	194644	1	StephenHawking	
4640	2:39:18	1/1/2019 	9552681	222.00	9.00	9.78	16.03	103615.06	433666	0	StephenHawking	
4641	2:39:25	1/1/2019 	9559094	788.00	44.00	21.87	16.03	103614.98	290620	0	StephenHawking	
4642	2:39:28	1/1/2019 	9562695	95.00	9.00	6.47	16.02	103614.55	195283	0	StephenHawking	
4643	2:39:35	1/1/2019 	9569408	968.00	404.00	74.93	16.02	103614.12	290653	0	StephenHawking	
4644	2:39:38	1/1/2019 	9571932	926.00	126.00	35.08	16.02	103612.90	145775	0	StephenHawking	
4645	2:39:50	1/1/2019 	9584783	76.00	9.00	6.07	16.02	103608.72	626552	0	StephenHawking	
4646	2:39:51	1/1/2019 	9585132	968.00	396.00	73.72	16.02	103608.72	2788	1	StephenHawking	
4647	2:39:57	1/1/2019 	9590823	956.00	235.00	48.70	16.02	103610.03	289724	1	StephenHawking	
4648	2:40:00	1/1/2019 	9593881	890.00	96.00	29.21	16.02	103611.42	147934	1	StephenHawking	
4649	2:40:04	1/1/2019 	9598680	960.00	296.00	56.42	16.02	103619.43	241741	1	StephenHawking	
4650	2:40:05	1/1/2019 	9599253	923.00	123.00	34.50	16.02	103620.82	1824	1	StephenHawking	
4651	2:40:07	1/1/2019 	9601689	826.00	72.00	25.07	16.02	103626.73	145776	1	StephenHawking	
4652	2:40:17	1/1/2019 	9611071	956.00	266.00	52.14	16.02	103662.06	434517	1	StephenHawking	
4653	2:40:18	1/1/2019 	9612612	967.00	554.00	95.21	16.03	103671.02	100019	0	StephenHawking	
4654	2:40:20	1/1/2019 	9614138	942.00	137.00	37.10	16.03	103677.80	49807	1	StephenHawking	
4655	2:40:25	1/1/2019 	9619622	942.00	147.00	38.81	16.03	103715.27	289723	0	StephenHawking	
4656	2:40:26	1/1/2019 	9620788	913.00	115.00	32.93	16.04	103722.83	50689	1	StephenHawking	
4657	2:40:27	1/1/2019 	9620953	969.00	633.00	112.50	16.04	103722.83	1824	0	StephenHawking	
4658	2:40:29	1/1/2019 	9623127	684.00	12.00	15.61	16.04	103733.19	97792	0	StephenHawking	
4659	2:40:30	1/1/2019 	9623947	964.00	412.00	76.09	16.04	103739.28	51318	1	StephenHawking	
4660	2:40:31	1/1/2019 	9625561	965.00	353.00	66.42	16.04	103745.80	97792	0	StephenHawking	
4661	2:40:33	1/1/2019 	9627269	947.00	147.00	38.81	16.04	103755.45	49808	1	StephenHawking	
4662	2:40:33	1/1/2019 	9627490	922.00	122.00	34.31	16.04	103758.23	1824	1	StephenHawking	
4663	2:40:40	1/1/2019 	9633889	424.00	9.00	12.37	16.05	103782.20	337710	0	StephenHawking	
4664	2:40:42	1/1/2019 	9636319	894.00	97.00	29.41	16.06	103789.83	100103	1	StephenHawking	
4665	2:40:43	1/1/2019 	9637251	953.00	214.00	46.73	16.06	103792.87	49806	1	StephenHawking	
4666	2:40:43	1/1/2019 	9637420	923.00	121.00	34.12	16.06	103792.87	1824	0	StephenHawking	
4667	2:40:45	1/1/2019 	9639255	967.00	458.00	81.91	16.07	103796.69	97789	1	StephenHawking	
4668	2:40:51	1/1/2019 	9644929	919.00	121.00	34.11	16.07	103809.61	289725	1	StephenHawking	
4669	2:40:53	1/1/2019 	9647566	928.00	127.00	35.27	16.08	103815.27	146708	1	StephenHawking	
4670	2:40:57	1/1/2019 	9650899	861.00	79.00	26.19	16.08	103824.39	147319	0	StephenHawking	
4671	2:41:01	1/1/2019 	9655142	955.00	289.00	55.33	16.09	103834.78	194718	1	StephenHawking	
4672	2:41:05	1/1/2019 	9659635	963.00	370.00	69.44	16.10	103840.74	241743	0	StephenHawking	
4673	2:41:10	1/1/2019 	9664211	574.00	9.00	13.69	16.12	103829.28	194559	0	StephenHawking	
4674	2:41:11	1/1/2019 	9665114	945.00	177.00	43.00	16.12	103826.92	49807	1	StephenHawking	
4675	2:41:12	1/1/2019 	9666738	966.00	353.00	66.42	16.13	103822.08	97789	1	StephenHawking	
4676	2:41:14	1/1/2019 	9668579	882.00	91.00	28.27	16.15	103820.72	99255	1	StephenHawking	
4677	2:41:19	1/1/2019 	9672885	949.00	169.00	42.02	16.17	103830.27	193754	1	StephenHawking	
4678	2:41:20	1/1/2019 	9674292	84.00	9.00	6.22	16.18	103833.66	50637	0	StephenHawking	
4679	2:41:20	1/1/2019 	9674307	962.00	255.00	50.81	16.18	103833.66	1822	0	StephenHawking	
4680	2:41:22	1/1/2019 	9676600	594.00	10.00	14.12	16.19	103839.88	145774	0	StephenHawking	
4681	2:41:24	1/1/2019 	9678560	560.00	9.00	13.52	16.19	103845.52	99272	1	StephenHawking	
4682	2:41:24	1/1/2019 	9678574	645.00	10.00	14.76	16.19	103845.52	1823	0	StephenHawking	
4683	2:41:25	1/1/2019 	9679496	87.00	9.00	6.28	16.20	103846.78	1823	0	StephenHawking	
4684	2:41:29	1/1/2019 	9683165	134.00	9.00	7.56	16.20	103853.48	193752	0	StephenHawking	
4685	2:41:31	1/1/2019 	9685130	962.00	666.00	119.96	16.21	103857.12	98647	1	StephenHawking	
4686	2:41:32	1/1/2019 	9686762	313.00	9.00	11.27	16.21	103859.61	97795	0	StephenHawking	
4687	2:41:36	1/1/2019 	9690239	957.00	249.00	50.14	16.21	103863.70	147266	0	StephenHawking	
4688	2:41:36	1/1/2019 	9690251	945.00	148.00	38.97	16.21	103863.70	2707	1	StephenHawking	
4689	2:41:36	1/1/2019 	9690725	962.00	271.00	52.78	16.21	103864.22	49806	1	StephenHawking	
4690	2:41:38	1/1/2019 	9692735	514.00	9.00	13.04	16.22	103866.05	97788	1	StephenHawking	
4691	2:41:38	1/1/2019 	9692780	942.00	135.00	36.75	16.22	103866.05	1824	1	StephenHawking	
4692	2:41:39	1/1/2019 	9693746	636.00	9.00	14.42	16.22	103867.09	51316	0	StephenHawking	
4693	2:41:41	1/1/2019 	9694940	939.00	134.00	36.57	16.22	103868.04	49807	1	StephenHawking	
4694	2:41:41	1/1/2019 	9695084	957.00	247.00	49.93	16.22	103868.04	1823	1	StephenHawking	
4695	2:41:42	1/1/2019 	9696135	785.00	45.00	21.96	16.22	103868.56	49806	0	StephenHawking	
4696	2:41:43	1/1/2019 	9697786	952.00	221.00	47.38	16.22	103869.87	97790	1	StephenHawking	
4697	2:41:46	1/1/2019 	9700013	962.00	320.00	60.46	16.22	103872.00	97789	1	StephenHawking	
4698	2:41:46	1/1/2019 	9700384	183.00	9.00	8.90	16.22	103872.35	4136	0	StephenHawking	
4699	2:41:47	1/1/2019 	9701717	120.00	9.00	7.15	16.22	103873.22	97785	0	StephenHawking	
4700	2:41:48	1/1/2019 	9702295	194.00	9.00	9.17	16.22	103873.22	1821	0	StephenHawking	
4701	2:41:48	1/1/2019 	9702560	334.00	9.00	11.53	16.22	103873.22	49805	0	StephenHawking	
4702	2:41:53	1/1/2019 	9706963	894.00	94.00	28.85	16.23	103875.92	193754	1	StephenHawking	
4703	2:41:54	1/1/2019 	9707917	940.00	137.00	37.10	16.23	103876.27	49806	0	StephenHawking	
4704	2:41:54	1/1/2019 	9708582	946.00	155.00	40.06	16.23	103876.61	50814	1	StephenHawking	
4705	2:41:55	1/1/2019 	9709039	940.00	141.00	37.80	16.23	103876.96	1823	1	StephenHawking	
4706	2:41:57	1/1/2019 	9710666	918.00	120.00	33.92	16.23	103878.61	97789	1	StephenHawking	
4707	2:41:58	1/1/2019 	9711901	957.00	275.00	53.32	16.23	103879.83	50749	1	StephenHawking	
4708	2:42:00	1/1/2019 	9713873	921.00	121.00	34.11	16.23	103880.88	97793	1	StephenHawking	
4709	2:42:00	1/1/2019 	9713949	938.00	130.00	35.83	16.23	103880.88	3379	1	StephenHawking	
4710	2:42:01	1/1/2019 	9715016	948.00	161.00	40.94	16.23	103882.52	49811	0	StephenHawking	
4711	2:42:03	1/1/2019 	9716948	923.00	122.00	34.31	16.23	103883.92	97788	1	StephenHawking	
4712	2:42:03	1/1/2019 	9717476	897.00	99.00	29.79	16.23	103884.27	1824	0	StephenHawking	
4713	2:42:04	1/1/2019 	9718652	921.00	124.00	34.69	16.23	103884.97	97787	1	StephenHawking	
4714	2:42:06	1/1/2019 	9720101	962.00	321.00	60.64	16.23	103886.09	49806	1	StephenHawking	
4715	2:42:06	1/1/2019 	9720374	545.00	10.00	13.47	16.23	103886.09	6436	0	StephenHawking	
4716	2:42:10	1/1/2019 	9724127	912.00	109.00	31.76	16.23	103887.31	193752	1	StephenHawking	
4717	2:42:11	1/1/2019 	9725466	826.00	70.00	24.80	16.24	103888.09	49807	0	StephenHawking	
4718	2:42:12	1/1/2019 	9726137	890.00	97.00	29.39	16.24	103888.61	49806	1	StephenHawking	
4719	2:42:18	1/1/2019 	9731674	129.00	9.00	7.41	16.24	103890.73	289716	0	StephenHawking	
4720	2:42:23	1/1/2019 	9737477	955.00	238.00	49.00	16.25	103891.95	242555	0	StephenHawking	
4721	2:42:24	1/1/2019 	9737757	945.00	179.00	43.23	16.25	103891.95	51279	1	StephenHawking	
4722	2:42:27	1/1/2019 	9741396	895.00	99.00	29.79	16.25	103892.95	145770	0	StephenHawking	
4723	2:42:28	1/1/2019 	9742463	953.00	209.00	46.27	16.26	103893.91	50653	0	StephenHawking	
4724	2:42:29	1/1/2019 	9743208	469.00	9.00	12.69	16.26	103894.08	49806	0	StephenHawking	
4725	2:42:30	1/1/2019 	9743938	978.00	838.00	151.23	16.26	103894.25	49804	0	StephenHawking	
4726	2:42:35	1/1/2019 	9749407	949.00	200.00	45.43	16.26	103897.55	243189	0	StephenHawking	
4727	2:42:37	1/1/2019 	9751440	884.00	93.00	28.63	16.26	103899.55	97789	0	StephenHawking	
4728	2:42:40	1/1/2019 	9753820	342.00	9.00	11.62	16.27	103904.21	146642	0	StephenHawking	
4729	2:42:41	1/1/2019 	9755058	625.00	9.00	14.32	16.27	103908.12	49808	0	StephenHawking	
4730	2:42:41	1/1/2019 	9755168	884.00	92.00	28.45	16.27	103908.12	1830	1	StephenHawking	
4731	2:42:44	1/1/2019 	9757902	780.00	42.00	21.64	16.27	103915.17	145773	0	StephenHawking	
4732	2:42:44	1/1/2019 	9758026	968.00	427.00	78.12	16.27	103916.22	3371	0	StephenHawking	
4733	2:42:45	1/1/2019 	9758911	161.00	3.00	8.29	16.27	103917.27	49804	0	StephenHawking	
4734	2:42:50	1/1/2019 	9764040	958.00	263.00	51.76	16.28	103921.48	241731	1	StephenHawking	
4735	2:42:52	1/1/2019 	9766169	951.00	203.00	45.71	16.29	103923.05	98688	1	StephenHawking	
4736	2:42:54	1/1/2019 	9767845	953.00	226.00	47.84	16.29	103923.83	97787	1	StephenHawking	
4737	2:42:57	1/1/2019 	9770927	748.00	25.00	19.24	16.29	103924.30	147292	0	StephenHawking	
4738	2:43:01	1/1/2019 	9775450	780.00	49.00	22.33	16.30	103927.16	194675	0	StephenHawking	
4739	2:43:09	1/1/2019 	9783201	897.00	101.00	30.17	16.31	103930.16	385681	1	StephenHawking	
4740	2:43:17	1/1/2019 	9791307	853.00	81.00	26.48	16.32	103933.45	386630	1	StephenHawking	
4741	2:43:21	1/1/2019 	9795263	893.00	98.00	29.59	16.32	103935.50	194552	1	StephenHawking	
4742	2:43:22	1/1/2019 	9795693	964.00	521.00	89.72	16.32	103935.50	49807	1	StephenHawking	
4743	2:43:32	1/1/2019 	9805964	897.00	102.00	30.36	16.34	103940.41	483112	1	StephenHawking	
4744	2:43:35	1/1/2019 	9809628	877.00	88.00	27.72	16.34	103942.84	194584	1	StephenHawking	
4745	2:43:38	1/1/2019 	9812566	943.00	146.00	38.64	16.35	103944.92	146617	0	StephenHawking	
4746	2:43:45	1/1/2019 	9819071	848.00	76.00	25.70	16.36	103948.62	289726	1	StephenHawking	
4747	2:43:49	1/1/2019 	9823487	971.00	528.00	90.75	16.36	103948.75	193760	1	StephenHawking	
4748	2:43:51	1/1/2019 	9824757	940.00	142.00	37.97	16.37	103948.48	100030	1	StephenHawking	
4749	2:43:51	1/1/2019 	9824978	611.00	9.00	14.16	16.37	103948.48	1824	0	StephenHawking	
4750	2:43:51	1/1/2019 	9825137	652.00	11.00	15.09	16.37	103948.48	1823	0	StephenHawking	
4751	2:43:59	1/1/2019 	9833110	968.00	433.00	78.89	16.38	103950.35	385690	1	StephenHawking	
4752	2:44:03	1/1/2019 	9837461	780.00	63.00	23.77	16.38	103951.83	194644	0	StephenHawking	
4753	2:44:04	1/1/2019 	9838042	920.00	121.00	34.11	16.38	103951.83	49806	1	StephenHawking	
4754	2:44:07	1/1/2019 	9840834	893.00	97.00	29.40	16.38	103953.12	147398	1	StephenHawking	
4755	2:44:08	1/1/2019 	9841928	968.00	552.00	94.78	16.38	103953.65	50727	1	StephenHawking	
4756	2:44:08	1/1/2019 	9842199	782.00	51.00	22.53	16.38	103954.08	1825	1	StephenHawking	
4757	2:44:11	1/1/2019 	9845001	961.00	322.00	60.81	16.39	103954.34	145772	0	StephenHawking	
4758	2:44:13	1/1/2019 	9846677	956.00	261.00	51.52	16.39	103953.87	97789	0	StephenHawking	
4759	2:44:14	1/1/2019 	9847827	280.00	9.00	10.80	16.39	103953.52	49806	0	StephenHawking	
4760	2:44:17	1/1/2019 	9851221	425.00	9.00	12.38	16.39	103953.25	147302	0	StephenHawking	
4761	2:44:22	1/1/2019 	9856180	912.00	110.00	31.95	16.39	103954.91	242671	0	StephenHawking	
4762	2:44:27	1/1/2019 	9861619	927.00	127.00	35.26	16.40	103957.16	289715	1	StephenHawking	
4763	2:44:28	1/1/2019 	9862159	226.00	9.00	9.86	16.40	103957.16	2779	0	StephenHawking	
4764	2:44:30	1/1/2019 	9863757	875.00	90.00	28.06	16.40	103957.51	97788	1	StephenHawking	
4765	2:44:33	1/1/2019 	9867390	757.00	28.00	19.80	16.40	103960.42	147333	0	StephenHawking	
4766	2:44:35	1/1/2019 	9869436	932.00	133.00	36.38	16.40	103961.12	97794	0	StephenHawking	
4767	2:44:40	1/1/2019 	9873899	920.00	122.00	34.30	16.41	103962.52	241743	1	StephenHawking	
4768	2:44:54	1/1/2019 	9887671	924.00	125.00	34.88	16.43	103963.96	674384	0	StephenHawking	
4769	2:44:58	1/1/2019 	9891773	944.00	149.00	39.13	16.43	103965.44	194581	1	StephenHawking	
4770	2:44:58	1/1/2019 	9892630	809.00	65.00	24.12	16.43	103965.96	50650	1	StephenHawking	
4771	2:45:02	1/1/2019 	9895865	961.00	350.00	65.88	16.43	103968.70	147261	1	StephenHawking	
4772	2:45:03	1/1/2019 	9897296	971.00	524.00	90.20	16.43	103968.88	49809	0	StephenHawking	
4773	2:45:12	1/1/2019 	9906645	912.00	111.00	32.15	16.44	103972.14	481654	1	StephenHawking	
4774	2:45:22	1/1/2019 	9916473	676.00	11.00	15.26	16.45	103974.66	434543	0	StephenHawking	
4775	2:45:33	1/1/2019 	9926775	960.00	382.00	71.48	16.46	103976.00	530531	1	StephenHawking	
4776	2:45:33	1/1/2019 	9927433	692.00	13.00	15.96	16.46	103976.00	4132	0	StephenHawking	
4777	2:45:36	1/1/2019 	9929667	840.00	70.00	24.84	16.47	103977.30	145774	0	StephenHawking	
4778	2:45:46	1/1/2019 	9939929	786.00	45.00	21.96	16.47	103981.99	482591	0	StephenHawking	
4779	2:45:49	1/1/2019 	9942959	957.00	290.00	55.49	16.47	103982.39	146723	1	StephenHawking	
4780	2:45:58	1/1/2019 	9951870	413.00	9.00	12.29	16.48	103986.91	433679	0	StephenHawking	
4781	2:46:05	1/1/2019 	9958860	753.00	25.00	19.26	16.48	103988.22	338678	0	StephenHawking	
4782	2:46:05	1/1/2019 	9959237	763.00	29.00	19.99	16.48	103988.39	5588	0	StephenHawking	
4783	2:46:19	1/1/2019 	9972746	967.00	531.00	91.25	16.47	103989.88	673597	1	StephenHawking	
4784	2:46:25	1/1/2019 	9979560	950.00	273.00	53.05	16.48	103992.83	338520	1	StephenHawking	
4785	2:46:28	1/1/2019 	9981710	945.00	151.00	39.45	16.48	103993.36	98629	1	StephenHawking	
4786	2:46:36	1/1/2019 	9990352	71.00	9.00	5.99	16.49	103994.00	385692	0	StephenHawking	
4787	2:46:37	1/1/2019 	9991236	958.00	253.00	50.58	16.49	103993.83	50662	1	StephenHawking	
4788	2:46:41	1/1/2019 	9995469	957.00	296.00	56.42	16.49	103994.95	195354	0	StephenHawking	
4789	2:46:43	1/1/2019 	9997086	191.00	9.00	9.10	16.49	103995.39	97790	0	StephenHawking	
4790	2:46:51	1/1/2019 	10004902	533.00	9.00	13.22	16.50	103998.17	385687	0	StephenHawking	
4791	2:46:51	1/1/2019 	10005437	963.00	273.00	53.05	16.50	103998.56	2704	0	StephenHawking	
4792	2:46:57	1/1/2019 	10010965	712.00	15.00	16.65	16.50	103998.05	289721	0	StephenHawking	
4793	2:47:00	1/1/2019 	10014213	964.00	313.00	59.24	16.50	103998.05	148071	1	StephenHawking	
4794	2:47:15	1/1/2019 	10029314	105.00	9.00	6.73	16.52	104005.83	721579	0	StephenHawking	
4795	2:47:25	1/1/2019 	10039678	972.00	712.00	128.33	16.53	104005.98	530557	1	StephenHawking	
4796	2:47:37	1/1/2019 	10051840	797.00	59.00	23.40	16.53	104012.64	578567	0	StephenHawking	
4797	2:47:38	1/1/2019 	10052672	90.00	9.00	6.35	16.54	104013.59	50763	0	StephenHawking	
4798	2:47:44	1/1/2019 	10058325	113.00	9.00	6.95	16.54	104018.12	241739	0	StephenHawking	
4799	2:47:47	1/1/2019 	10061734	417.00	9.00	12.32	16.54	104020.27	195320	0	StephenHawking	
4800	2:47:50	1/1/2019 	10064218	887.00	94.00	28.83	16.55	104020.95	98601	0	StephenHawking	
4801	2:47:55	1/1/2019 	10069604	849.00	77.00	25.85	16.56	104020.64	289720	1	StephenHawking	
4802	2:47:56	1/1/2019 	10070118	68.00	9.00	5.95	16.56	104020.64	2651	0	StephenHawking	
4803	2:48:14	1/1/2019 	10088900	947.00	186.00	44.01	16.57	104023.32	913488	1	StephenHawking	
4804	2:48:19	1/1/2019 	10092994	963.00	347.00	65.33	16.57	104024.06	195969	0	StephenHawking	
4805	2:48:38	1/1/2019 	10112254	684.00	12.00	15.61	16.59	104024.79	914381	0	StephenHawking	
4806	2:48:39	1/1/2019 	10113855	606.00	9.00	14.10	16.59	104023.66	98681	0	StephenHawking	
4807	2:48:42	1/1/2019 	10116168	133.00	9.00	7.53	16.59	104022.61	97790	0	StephenHawking	
4808	2:48:44	1/1/2019 	10118626	966.00	520.00	89.58	16.59	104023.21	145773	1	StephenHawking	
4809	2:48:47	1/1/2019 	10121701	177.00	9.00	8.75	16.59	104024.95	145774	0	StephenHawking	
4810	2:48:52	1/1/2019 	10125982	954.00	259.00	51.28	16.60	104027.48	196061	0	StephenHawking	
4811	2:49:00	1/1/2019 	10134665	907.00	108.00	31.55	16.61	104025.86	433669	1	StephenHawking	
4812	2:49:00	1/1/2019 	10134920	163.00	9.00	8.38	16.61	104025.86	2756	0	StephenHawking	
4813	2:49:02	1/1/2019 	10135965	957.00	267.00	52.26	16.61	104027.69	49804	1	StephenHawking	
4814	2:49:04	1/1/2019 	10138868	952.00	238.00	49.00	16.61	104030.78	145768	1	StephenHawking	
4815	2:49:06	1/1/2019 	10140481	905.00	107.00	31.35	16.62	104032.09	51351	0	StephenHawking	
4816	2:49:07	1/1/2019 	10141003	968.00	653.00	117.06	16.62	104032.43	50764	1	StephenHawking	
4817	2:49:07	1/1/2019 	10141137	444.00	9.00	12.52	16.62	104033.39	1824	0	StephenHawking	
4818	2:49:07	1/1/2019 	10141727	620.00	10.00	14.48	16.62	104033.39	49804	0	StephenHawking	
4819	2:49:09	1/1/2019 	10143795	783.00	49.00	22.34	16.62	104034.43	97788	0	StephenHawking	
4820	2:49:11	1/1/2019 	10145959	956.00	265.00	52.01	16.62	104034.86	97788	1	StephenHawking	
4821	2:49:12	1/1/2019 	10146892	765.00	32.00	20.43	16.62	104035.12	51369	0	StephenHawking	
4822	2:49:14	1/1/2019 	10147982	591.00	9.00	13.91	16.62	104035.12	49813	0	StephenHawking	
4823	2:49:15	1/1/2019 	10149144	971.00	505.00	87.53	16.62	104034.95	49810	1	StephenHawking	
4824	2:49:22	1/1/2019 	10156347	427.00	9.00	12.39	16.63	104033.25	337695	0	StephenHawking	
4825	2:49:28	1/1/2019 	10162678	623.00	9.00	14.30	16.64	104045.95	338504	0	StephenHawking	
4826	2:49:28	1/1/2019 	10162695	388.00	8.00	12.02	16.64	104045.95	4008	0	StephenHawking	
4827	2:49:35	1/1/2019 	10169668	831.00	75.00	25.51	16.65	104050.00	337694	0	StephenHawking	
4828	2:49:36	1/1/2019 	10169984	896.00	101.00	30.17	16.65	104050.00	2678	0	StephenHawking	
4829	2:49:36	1/1/2019 	10170732	680.00	11.00	15.27	16.65	104047.98	49806	0	StephenHawking	
4830	2:49:39	1/1/2019 	10173832	784.00	51.00	22.54	16.65	104042.64	145768	0	StephenHawking	
4831	2:49:41	1/1/2019 	10175786	794.00	63.00	23.83	16.66	104039.94	97788	1	StephenHawking	
4832	2:49:45	1/1/2019 	10179866	70.00	9.00	5.98	16.66	104035.75	195248	0	StephenHawking	
4833	2:49:46	1/1/2019 	10180189	59.00	8.00	5.89	16.66	104035.75	2702	0	StephenHawking	
4834	2:49:51	1/1/2019 	10185622	965.00	337.00	63.52	16.66	104032.43	289710	0	StephenHawking	
4835	2:49:58	1/1/2019 	10192315	960.00	294.00	56.10	16.67	104031.20	289713	1	StephenHawking	
4836	2:49:59	1/1/2019 	10193169	564.00	9.00	13.57	16.67	104031.20	50704	1	StephenHawking	
4837	2:50:06	1/1/2019 	10200950	949.00	217.00	47.01	16.67	104033.08	385681	1	StephenHawking	
4838	2:50:17	1/1/2019 	10211382	431.00	9.00	12.42	16.68	104031.50	483986	0	StephenHawking	
4839	2:50:27	1/1/2019 	10221173	834.00	73.00	25.23	16.67	104028.98	482586	0	StephenHawking	
4840	2:50:31	1/1/2019 	10225120	830.00	73.00	25.22	16.67	104028.81	194714	0	StephenHawking	
4841	2:50:35	1/1/2019 	10229215	948.00	184.00	43.80	16.68	104029.59	193756	0	StephenHawking	
4842	2:50:36	1/1/2019 	10230369	226.00	9.00	9.86	16.68	104029.76	49807	0	StephenHawking	
4843	2:50:36	1/1/2019 	10230405	980.00	724.00	130.52	16.68	104029.76	4067	1	StephenHawking	
4844	2:50:52	1/1/2019 	10246476	765.00	32.00	20.43	16.68	104031.98	769556	0	StephenHawking	
4845	2:50:53	1/1/2019 	10247421	136.00	9.00	7.62	16.68	104031.98	50638	0	StephenHawking	
4846	2:51:04	1/1/2019 	10258763	879.00	93.00	28.62	16.68	104032.24	577621	1	StephenHawking	
4847	2:51:31	1/1/2019 	10285025	892.00	98.00	29.59	16.69	104039.98	1250197	1	StephenHawking	
4848	2:51:35	1/1/2019 	10289311	769.00	35.00	20.83	16.69	104039.11	194620	1	StephenHawking	
4849	2:51:48	1/1/2019 	10302193	204.00	9.00	9.40	16.70	104038.89	627100	0	StephenHawking	
4850	2:51:49	1/1/2019 	10303603	937.00	138.00	37.28	16.70	104039.23	98679	1	StephenHawking	
4851	2:51:52	1/1/2019 	10306882	83.00	9.00	6.20	16.70	104040.54	145769	0	StephenHawking	
4852	2:52:00	1/1/2019 	10314129	614.00	9.00	14.20	16.71	104042.36	337699	0	StephenHawking	
4853	2:52:05	1/1/2019 	10319206	86.00	8.00	6.26	16.71	104042.72	242645	0	StephenHawking	
4854	2:52:08	1/1/2019 	10322805	923.00	125.00	34.88	16.71	104042.41	195281	1	StephenHawking	
4855	2:52:09	1/1/2019 	10323139	668.00	11.00	15.22	16.71	104042.41	2758	1	StephenHawking	
4856	2:52:11	1/1/2019 	10325382	898.00	101.00	30.18	16.71	104042.33	97792	1	StephenHawking	
4857	2:52:33	1/1/2019 	10347921	954.00	263.00	51.76	16.72	104043.79	1105417	1	StephenHawking	
4858	2:52:44	1/1/2019 	10358128	826.00	71.00	24.94	16.72	104043.40	482608	1	StephenHawking	
4859	2:52:45	1/1/2019 	10359153	975.00	797.00	142.58	16.73	104043.66	50777	1	StephenHawking	
4860	2:52:48	1/1/2019 	10362930	974.00	624.00	110.38	16.73	104043.66	197517	1	StephenHawking	
4861	2:52:51	1/1/2019 	10365600	956.00	273.00	53.05	16.73	104044.96	146596	1	StephenHawking	
4862	2:52:52	1/1/2019 	10366378	313.00	9.00	11.27	16.73	104044.96	1824	0	StephenHawking	
4863	2:53:07	1/1/2019 	10381199	70.00	8.00	5.98	16.74	104045.78	721569	0	StephenHawking	
4864	2:53:07	1/1/2019 	10381622	981.00	810.00	144.84	16.74	104045.78	50646	1	StephenHawking	
4865	2:53:07	1/1/2019 	10381730	717.00	16.00	16.97	16.74	104045.78	3308	0	StephenHawking	
4866	2:53:10	1/1/2019 	10384494	737.00	21.00	18.35	16.74	104045.09	97790	1	StephenHawking	
4867	2:53:11	1/1/2019 	10385488	958.00	244.00	49.61	16.74	104045.17	49808	0	StephenHawking	
4868	2:53:16	1/1/2019 	10390332	826.00	72.00	25.07	16.74	104044.82	241739	0	StephenHawking	
4869	2:53:19	1/1/2019 	10393810	806.00	65.00	24.11	16.74	104046.30	194620	0	StephenHawking	
4870	2:53:27	1/1/2019 	10401845	972.00	615.00	108.23	16.75	104048.47	385683	1	StephenHawking	
4871	2:53:31	1/1/2019 	10406004	126.00	8.00	7.32	16.75	104048.47	196022	0	StephenHawking	
4872	2:53:33	1/1/2019 	10407299	149.00	9.00	7.99	16.75	104048.91	49806	0	StephenHawking	
4873	2:53:36	1/1/2019 	10411117	969.00	495.00	86.24	16.75	104048.38	193760	1	StephenHawking	
4874	2:53:42	1/1/2019 	10416252	742.00	22.00	18.60	16.75	104048.08	242653	0	StephenHawking	
4875	2:53:46	1/1/2019 	10420189	186.00	9.00	8.98	16.75	104049.48	193756	0	StephenHawking	
4876	2:53:52	1/1/2019 	10426220	816.00	64.00	24.02	16.75	104050.88	292062	0	StephenHawking	
4877	2:54:02	1/1/2019 	10436283	526.00	9.00	13.15	16.76	104052.78	481657	0	StephenHawking	
4878	2:54:03	1/1/2019 	10437407	845.00	78.00	25.99	16.76	104053.47	50760	0	StephenHawking	
4879	2:54:07	1/1/2019 	10442032	604.00	9.00	14.07	16.76	104054.78	241736	0	StephenHawking	
4880	2:54:10	1/1/2019 	10444462	940.00	147.00	38.81	16.76	104054.78	98759	0	StephenHawking	
4881	2:54:15	1/1/2019 	10449671	964.00	309.00	58.56	16.76	104054.78	289721	1	StephenHawking	
4882	2:54:16	1/1/2019 	10450338	69.00	8.00	5.97	16.76	104054.60	3983	0	StephenHawking	
4883	2:54:16	1/1/2019 	10450681	945.00	139.00	37.46	16.76	104054.60	49806	1	StephenHawking	
4884	2:54:16	1/1/2019 	10450782	63.00	8.00	5.91	16.76	104054.60	1822	0	StephenHawking	
4885	2:54:25	1/1/2019 	10459920	943.00	137.00	37.10	16.76	104054.69	433658	0	StephenHawking	
4886	2:54:28	1/1/2019 	10462969	569.00	9.00	13.63	16.76	104054.34	146611	0	StephenHawking	
4887	2:54:30	1/1/2019 	10464493	954.00	218.00	47.10	16.76	104054.16	51291	1	StephenHawking	
4888	2:54:32	1/1/2019 	10466573	981.00	959.00	289.76	16.76	104053.81	145771	0	StephenHawking	
4889	2:54:34	1/1/2019 	10468969	286.00	9.00	10.89	16.76	104053.64	97790	0	StephenHawking	
4890	2:54:42	1/1/2019 	10476378	890.00	98.00	29.58	16.76	104052.99	337702	0	StephenHawking	
4891	2:54:47	1/1/2019 	10481821	825.00	71.00	24.93	16.77	104052.38	290582	0	StephenHawking	
4892	2:54:56	1/1/2019 	10490608	514.00	9.00	13.04	16.77	104052.98	434550	0	StephenHawking	
4893	2:54:58	1/1/2019 	10492940	62.00	9.00	5.90	16.77	104053.42	100083	0	StephenHawking	
4894	2:55:01	1/1/2019 	10496118	426.00	9.00	12.39	16.77	104053.94	145771	0	StephenHawking	
4895	2:55:09	1/1/2019 	10504094	68.00	8.00	5.95	16.77	104056.29	385690	0	StephenHawking	
4896	2:55:13	1/1/2019 	10507337	432.00	9.00	12.43	16.78	104057.94	146699	0	StephenHawking	
4897	2:55:27	1/1/2019 	10521247	675.00	12.00	15.56	16.78	104060.69	673581	0	StephenHawking	
4898	2:55:28	1/1/2019 	10522155	875.00	89.00	27.89	16.78	104060.52	50748	0	StephenHawking	
4899	2:55:36	1/1/2019 	10530568	73.00	8.00	6.02	16.78	104061.55	435219	0	StephenHawking	
4900	2:55:40	1/1/2019 	10534288	614.00	9.00	14.20	16.78	104061.81	146739	0	StephenHawking	
4901	2:55:42	1/1/2019 	10536886	765.00	33.00	20.57	16.79	104062.07	145774	0	StephenHawking	
4902	2:55:43	1/1/2019 	10537805	974.00	692.00	125.05	16.79	104062.07	49807	1	StephenHawking	
4903	2:55:46	1/1/2019 	10540731	970.00	559.00	96.14	16.79	104061.80	145773	1	StephenHawking	
4904	2:55:47	1/1/2019 	10541366	893.00	103.00	30.54	16.79	104062.03	3944	0	StephenHawking	
4905	2:55:52	1/1/2019 	10546893	98.00	8.00	6.54	16.79	104060.64	289713	0	StephenHawking	
4906	2:55:57	1/1/2019 	10551187	906.00	108.00	31.55	16.79	104061.24	193752	0	StephenHawking	
4907	2:56:00	1/1/2019 	10555076	582.00	9.00	13.79	16.79	104061.41	194587	0	StephenHawking	
4908	2:56:02	1/1/2019 	10556203	922.00	125.00	34.88	16.79	104061.41	49808	1	StephenHawking	
4909	2:56:03	1/1/2019 	10558083	909.00	111.00	32.14	16.80	104062.20	97789	1	StephenHawking	
4910	2:56:11	1/1/2019 	10565493	839.00	77.00	25.82	16.80	104064.55	339225	1	StephenHawking	
4911	2:56:13	1/1/2019 	10567642	907.00	111.00	32.14	16.80	104065.25	146631	0	StephenHawking	
4912	2:56:20	1/1/2019 	10574777	623.00	10.00	14.52	16.80	104067.59	337700	0	StephenHawking	
4913	2:56:25	1/1/2019 	10579306	652.00	10.00	14.82	16.80	104068.64	194628	0	StephenHawking	
4914	2:56:31	1/1/2019 	10585374	910.00	111.00	32.15	16.80	104071.69	289720	0	StephenHawking	
4915	2:56:37	1/1/2019 	10591928	855.00	80.00	26.33	16.81	104074.17	339997	0	StephenHawking	
4916	2:56:40	1/1/2019 	10594475	942.00	149.00	39.13	16.81	104074.17	98710	0	StephenHawking	
4917	2:56:41	1/1/2019 	10595141	182.00	9.00	8.88	16.81	104074.61	49806	0	StephenHawking	
4918	2:56:51	1/1/2019 	10605203	276.00	9.00	10.74	16.82	104072.47	481648	0	StephenHawking	
4919	2:57:02	1/1/2019 	10615460	145.00	8.00	7.87	16.82	104070.54	482584	0	StephenHawking	
4920	2:57:06	1/1/2019 	10620144	950.00	210.00	46.37	16.83	104071.14	242692	0	StephenHawking	
4921	2:57:07	1/1/2019 	10621254	244.00	9.00	10.21	16.83	104071.49	51953	0	StephenHawking	
4922	2:57:12	1/1/2019 	10625646	73.00	8.00	6.02	16.83	104072.45	241733	0	StephenHawking	
4923	2:57:13	1/1/2019 	10626576	356.00	9.00	11.77	16.83	104072.80	49804	0	StephenHawking	
4924	2:57:17	1/1/2019 	10631372	949.00	221.00	47.38	16.83	104072.97	193749	1	StephenHawking	
4925	2:57:22	1/1/2019 	10635892	874.00	89.00	27.89	16.83	104074.02	242557	1	StephenHawking	
4926	2:57:24	1/1/2019 	10638168	881.00	93.00	28.62	16.83	104074.89	99267	1	StephenHawking	
4927	2:57:28	1/1/2019 	10642387	960.00	269.00	52.52	16.83	104076.11	193750	1	StephenHawking	
4928	2:57:32	1/1/2019 	10645625	968.00	563.00	96.92	16.83	104077.59	194604	0	StephenHawking	
4929	2:57:35	1/1/2019 	10648693	129.00	9.00	7.41	16.83	104078.62	145772	0	StephenHawking	
4930	2:57:37	1/1/2019 	10651094	87.00	9.00	6.28	16.83	104079.85	97792	0	StephenHawking	
4931	2:57:38	1/1/2019 	10652033	589.00	9.00	13.88	16.83	104080.02	50674	0	StephenHawking	
4932	2:57:43	1/1/2019 	10657096	156.00	9.00	8.19	16.83	104082.46	243238	0	StephenHawking	
4933	2:57:59	1/1/2019 	10672484	699.00	14.00	16.30	16.84	104080.05	721562	0	StephenHawking	
4934	2:58:00	1/1/2019 	10673606	435.00	9.00	12.45	16.85	104079.94	98687	0	StephenHawking	
4935	2:58:00	1/1/2019 	10674004	960.00	242.00	49.40	16.85	104079.58	1824	1	StephenHawking	
4936	2:58:02	1/1/2019 	10675583	68.00	9.00	5.95	16.85	104079.06	97788	0	StephenHawking	
4937	2:58:08	1/1/2019 	10682192	142.00	9.00	7.79	16.85	104077.58	291241	0	StephenHawking	
4938	2:58:10	1/1/2019 	10683917	782.00	47.00	22.14	16.85	104077.84	98711	1	StephenHawking	
4939	2:58:22	1/1/2019 	10695839	786.00	59.00	23.36	16.86	104078.43	577626	0	StephenHawking	
4940	2:58:22	1/1/2019 	10696237	354.00	9.00	11.75	16.86	104078.43	2762	0	StephenHawking	
4941	2:58:25	1/1/2019 	10699206	909.00	110.00	31.95	16.86	104079.17	145771	0	StephenHawking	
4942	2:58:31	1/1/2019 	10704680	884.00	91.00	28.27	16.86	104080.05	289726	0	StephenHawking	
4943	2:58:31	1/1/2019 	10704816	966.00	357.00	67.14	16.86	104080.05	4215	1	StephenHawking	
4944	2:58:32	1/1/2019 	10705466	835.00	73.00	25.23	16.86	104080.05	1822	0	StephenHawking	
4945	2:58:32	1/1/2019 	10705919	790.00	54.00	22.85	16.86	104080.22	49806	0	StephenHawking	
4946	2:58:33	1/1/2019 	10706578	614.00	10.00	14.40	16.86	104080.40	49806	0	StephenHawking	
4947	2:58:34	1/1/2019 	10708119	946.00	190.00	44.43	16.86	104080.83	49807	1	StephenHawking	
4948	2:58:35	1/1/2019 	10708952	716.00	16.00	16.96	16.86	104080.40	49808	0	StephenHawking	
4949	2:58:36	1/1/2019 	10710399	108.00	9.00	6.81	16.86	104081.00	53142	0	StephenHawking	
4950	2:58:41	1/1/2019 	10714554	120.00	8.00	7.15	16.86	104081.35	242559	0	StephenHawking	
4951	2:58:45	1/1/2019 	10718772	65.00	9.00	5.92	16.87	104081.95	193755	0	StephenHawking	
4952	2:58:46	1/1/2019 	10719785	913.00	110.00	31.96	16.87	104081.61	49807	0	StephenHawking	
4953	2:58:53	1/1/2019 	10726833	709.00	15.00	16.64	16.87	104080.73	338543	0	StephenHawking	
4954	2:58:57	1/1/2019 	10730860	370.00	9.00	11.91	16.87	104080.65	195242	1	StephenHawking	
4955	2:58:57	1/1/2019 	10731030	77.00	9.00	6.08	16.87	104080.65	2686	0	StephenHawking	
4956	2:58:58	1/1/2019 	10731891	957.00	235.00	48.70	16.87	104080.82	49806	1	StephenHawking	
4957	2:58:59	1/1/2019 	10732629	960.00	312.00	59.07	16.87	104080.65	49809	1	StephenHawking	
4958	2:59:00	1/1/2019 	10733761	147.00	9.00	7.94	16.87	104080.65	49808	0	StephenHawking	
4959	2:59:02	1/1/2019 	10735810	600.00	9.00	14.02	16.87	104080.82	97791	0	StephenHawking	
4960	2:59:19	1/1/2019 	10752657	442.00	9.00	12.50	16.87	104083.05	819044	0	StephenHawking	
4961	2:59:20	1/1/2019 	10754435	782.00	39.00	21.34	16.87	104083.22	50695	0	StephenHawking	
4962	2:59:21	1/1/2019 	10754636	161.00	9.00	8.33	16.87	104083.22	49807	0	StephenHawking	
4963	2:59:23	1/1/2019 	10757415	973.00	583.00	101.06	16.88	104084.52	97789	1	StephenHawking	
4964	2:59:31	1/1/2019 	10764674	961.00	308.00	58.39	16.88	104086.34	385690	0	StephenHawking	
4965	2:59:31	1/1/2019 	10764935	910.00	109.00	31.76	16.88	104086.34	4132	1	StephenHawking	
4966	2:59:32	1/1/2019 	10766352	930.00	127.00	35.27	16.88	104086.70	49808	1	StephenHawking	
4967	2:59:36	1/1/2019 	10769649	941.00	144.00	38.31	16.88	104087.05	193758	1	StephenHawking	
4968	2:59:36	1/1/2019 	10770344	692.00	13.00	15.96	16.88	104087.22	2755	0	StephenHawking	
4969	2:59:45	1/1/2019 	10779148	415.00	9.00	12.30	16.88	104087.48	433673	0	StephenHawking	
4970	2:59:55	1/1/2019 	10789445	921.00	125.00	34.88	16.89	104088.52	481653	0	StephenHawking	
4971	3:00:02	1/1/2019 	10795615	948.00	204.00	45.81	16.89	104088.56	340186	1	StephenHawking	
4972	3:00:11	1/1/2019 	10804795	93.00	9.00	6.42	16.89	104088.03	434478	0	StephenHawking	
4973	3:00:15	1/1/2019 	10809012	899.00	105.00	30.95	16.90	104087.77	194576	0	StephenHawking	
4974	3:00:16	1/1/2019 	10809487	137.00	9.00	7.65	16.90	104087.94	1823	0	StephenHawking	
4975	3:00:16	1/1/2019 	10810188	418.00	9.00	12.33	16.90	104088.38	49807	0	StephenHawking	
4976	3:00:18	1/1/2019 	10811953	948.00	201.00	45.52	16.90	104088.55	99987	1	StephenHawking	
4977	3:00:20	1/1/2019 	10813479	751.00	27.00	19.61	16.90	104089.12	49809	0	StephenHawking	
4978	3:00:35	1/1/2019 	10828848	68.00	9.00	5.95	16.91	104093.64	769536	0	StephenHawking	
4979	3:00:44	1/1/2019 	10837953	950.00	228.00	48.03	16.91	104097.03	434522	1	StephenHawking	
4980	3:00:47	1/1/2019 	10841222	967.00	444.00	80.25	16.91	104097.55	146653	1	StephenHawking	
4981	3:00:59	1/1/2019 	10852807	109.00	9.00	6.84	16.92	104098.20	578511	0	StephenHawking	
4982	3:01:00	1/1/2019 	10854168	378.00	9.00	11.99	16.92	104097.86	52127	0	StephenHawking	
4983	3:01:06	1/1/2019 	10860147	662.00	11.00	15.18	16.92	104097.25	289722	1	StephenHawking	
4984	3:01:09	1/1/2019 	10862459	441.00	9.00	12.50	16.92	104097.33	98727	0	StephenHawking	
4985	3:01:09	1/1/2019 	10862972	675.00	12.00	15.56	16.92	104097.33	49808	0	StephenHawking	
4986	3:01:10	1/1/2019 	10863785	725.00	20.00	18.06	16.92	104097.33	49806	0	StephenHawking	
4987	3:01:21	1/1/2019 	10875342	154.00	8.00	8.13	16.93	104097.64	529620	1	StephenHawking	
4988	3:01:27	1/1/2019 	10880974	124.00	9.00	7.27	16.93	104097.55	292113	1	StephenHawking	
4989	3:01:28	1/1/2019 	10881918	286.00	9.00	10.89	16.93	104097.55	50615	0	StephenHawking	
4990	3:01:30	1/1/2019 	10884365	117.00	9.00	7.07	16.93	104097.89	97788	0	StephenHawking	
4991	3:01:31	1/1/2019 	10884573	174.00	9.00	8.68	16.93	104097.89	49805	0	StephenHawking	
4992	3:01:33	1/1/2019 	10886638	149.00	9.00	7.99	16.93	104098.50	97786	0	StephenHawking	
4993	3:01:39	1/1/2019 	10892613	916.00	120.00	33.91	16.93	104099.55	291181	1	StephenHawking	
4994	3:01:41	1/1/2019 	10895073	65.00	9.00	5.92	16.93	104100.77	98621	0	StephenHawking	
4995	3:01:43	1/1/2019 	10896573	902.00	104.00	30.76	16.93	104100.94	97785	1	StephenHawking	
4996	3:01:47	1/1/2019 	10900943	145.00	9.00	7.88	16.94	104102.77	193753	0	StephenHawking	
4997	3:01:57	1/1/2019 	10910720	782.00	40.00	21.44	16.94	104105.81	482496	0	StephenHawking	
4998	3:02:03	1/1/2019 	10916891	906.00	111.00	32.14	16.94	104106.77	290585	0	StephenHawking	
4999	3:02:06	1/1/2019 	10919990	706.00	15.00	16.63	16.94	104106.59	147274	0	StephenHawking	
5000	3:02:09	1/1/2019 	10923076	892.00	97.00	29.40	16.94	104106.77	146667	0	StephenHawking	
5001	3:02:12	1/1/2019 	10926018	914.00	120.00	33.91	16.94	104106.94	145770	1	StephenHawking	
5002	3:02:16	1/1/2019 	10930005	93.00	9.00	6.42	16.94	104107.12	193752	0	StephenHawking	
5003	3:02:29	1/1/2019 	10943273	955.00	252.00	50.47	16.95	104109.25	626503	1	StephenHawking	
5004	3:02:30	1/1/2019 	10944127	958.00	263.00	51.76	16.95	104108.64	52158	1	StephenHawking	
5005	3:02:30	1/1/2019 	10944692	768.00	30.00	20.16	16.95	104109.08	49805	0	StephenHawking	
5006	3:02:34	1/1/2019 	10948622	904.00	108.00	31.55	16.95	104108.98	193747	0	StephenHawking	
5007	3:02:36	1/1/2019 	10950284	977.00	918.00	187.54	16.95	104108.55	49807	1	StephenHawking	
5008	3:03:10	1/1/2019 	10984872	971.00	539.00	92.57	16.95	104118.06	1682182	1	StephenHawking	
5009	3:03:17	1/1/2019 	10991871	101.00	9.00	6.62	16.94	104115.58	338502	0	StephenHawking	
5010	3:03:23	1/1/2019 	10996929	958.00	248.00	50.03	16.94	104112.53	244002	1	StephenHawking	
5011	3:03:25	1/1/2019 	10999448	916.00	115.00	32.94	16.94	104111.14	97788	0	StephenHawking	
5012	3:03:34	1/1/2019 	11008635	761.00	29.00	19.98	16.93	104103.91	481645	0	StephenHawking	
5013	3:03:35	1/1/2019 	11009121	790.00	59.00	23.37	16.93	104103.91	2670	0	StephenHawking	
5014	3:03:38	1/1/2019 	11011996	669.00	11.00	15.22	16.93	104102.86	145769	0	StephenHawking	
5015	3:03:43	1/1/2019 	11017452	581.00	9.00	13.78	16.93	104101.47	243972	0	StephenHawking	
5016	3:03:43	1/1/2019 	11017557	459.00	9.00	12.62	16.93	104101.47	49807	0	StephenHawking	
5017	3:03:47	1/1/2019 	11021395	968.00	588.00	102.10	16.94	104101.38	145771	0	StephenHawking	
5018	3:03:49	1/1/2019 	11023554	127.00	8.00	7.35	16.94	104101.38	146666	0	StephenHawking	
5019	3:03:50	1/1/2019 	11024472	969.00	570.00	98.29	16.94	104101.72	1828	0	StephenHawking	
5020	3:04:00	1/1/2019 	11034647	315.00	9.00	11.29	16.94	104108.95	529627	0	StephenHawking	
5021	3:04:04	1/1/2019 	11037939	590.00	9.00	13.90	16.94	104113.14	148077	0	StephenHawking	
5022	3:04:05	1/1/2019 	11039752	954.00	249.00	50.14	16.94	104115.49	97788	1	StephenHawking	
5023	3:04:12	1/1/2019 	11046492	924.00	126.00	35.07	16.93	104121.69	290654	1	StephenHawking	
5024	3:04:12	1/1/2019 	11046591	965.00	357.00	67.14	16.93	104121.69	49806	1	StephenHawking	
5025	3:04:15	1/1/2019 	11049653	880.00	91.00	28.26	16.93	104122.38	145769	0	StephenHawking	
5026	3:04:17	1/1/2019 	11051208	942.00	143.00	38.14	16.93	104122.03	52183	1	StephenHawking	
5027	3:04:18	1/1/2019 	11052613	727.00	18.00	17.56	16.93	104121.52	97789	0	StephenHawking	
5028	3:04:21	1/1/2019 	11054958	956.00	236.00	48.80	16.93	104120.03	97789	1	StephenHawking	
5029	3:04:23	1/1/2019 	11057849	762.00	32.00	20.42	16.93	104119.16	145770	0	StephenHawking	
5030	3:04:27	1/1/2019 	11061647	963.00	424.00	77.73	16.93	104117.15	193753	1	StephenHawking	
5031	3:04:28	1/1/2019 	11062312	966.00	517.00	89.16	16.93	104116.62	2632	1	StephenHawking	
5032	3:04:32	1/1/2019 	11065950	597.00	10.00	14.16	16.94	104115.49	195322	0	StephenHawking	
5033	3:04:36	1/1/2019 	11069922	938.00	138.00	37.28	16.94	104113.22	193751	0	StephenHawking	
5034	3:04:36	1/1/2019 	11070140	640.00	11.00	14.96	16.94	104113.22	2655	0	StephenHawking	
5035	3:04:38	1/1/2019 	11072274	894.00	101.00	30.16	16.94	104112.27	97789	0	StephenHawking	
5036	3:04:42	1/1/2019 	11076386	329.00	9.00	11.47	16.94	104110.43	193753	0	StephenHawking	
5037	3:04:45	1/1/2019 	11079200	941.00	136.00	36.93	16.94	104109.61	147248	1	StephenHawking	
5038	3:04:45	1/1/2019 	11079873	88.00	9.00	6.30	16.94	104109.43	49807	0	StephenHawking	
5039	3:04:54	1/1/2019 	11087915	267.00	9.00	10.60	16.95	104107.34	386539	0	StephenHawking	
5040	3:04:57	1/1/2019 	11091826	483.00	9.00	12.79	16.95	104106.38	193758	0	StephenHawking	
5041	3:05:03	1/1/2019 	11097712	946.00	150.00	39.29	16.96	104105.54	290600	0	StephenHawking	
5042	3:05:05	1/1/2019 	11099168	949.00	232.00	48.41	16.96	104105.02	49807	1	StephenHawking	
5043	3:05:05	1/1/2019 	11099608	946.00	145.00	38.48	16.96	104104.84	51312	1	StephenHawking	
5044	3:05:10	1/1/2019 	11104409	733.00	21.00	18.33	16.96	104104.92	194656	1	StephenHawking	
5045	3:05:12	1/1/2019 	11106252	93.00	9.00	6.42	16.96	104104.84	97792	0	StephenHawking	
5046	3:05:19	1/1/2019 	11113393	658.00	10.00	14.86	16.97	104106.31	337701	0	StephenHawking	
5047	3:05:19	1/1/2019 	11113741	77.00	9.00	6.08	16.97	104106.31	50722	0	StephenHawking	
5048	3:05:19	1/1/2019 	11113768	921.00	120.00	33.92	16.97	104106.31	1822	0	StephenHawking	
5049	3:05:24	1/1/2019 	11118588	74.00	8.00	6.03	16.97	104108.36	243265	0	StephenHawking	
5050	3:05:36	1/1/2019 	11130137	458.00	9.00	12.62	16.98	104111.49	529633	0	StephenHawking	
5051	3:05:38	1/1/2019 	11132152	908.00	111.00	32.14	16.98	104112.02	98732	0	StephenHawking	
5052	3:05:38	1/1/2019 	11132494	471.00	9.00	12.71	16.98	104112.62	1824	0	StephenHawking	
5053	3:05:39	1/1/2019 	11132955	464.00	9.00	12.66	16.98	104112.62	49806	0	StephenHawking	
5054	3:05:46	1/1/2019 	11140108	178.00	9.00	8.78	16.98	104114.36	339248	0	StephenHawking	
5055	3:05:50	1/1/2019 	11144702	970.00	465.00	82.69	16.98	104116.54	242703	1	StephenHawking	
5056	3:05:57	1/1/2019 	11151642	715.00	17.00	17.24	16.99	104121.20	337699	0	StephenHawking	
5057	3:06:03	1/1/2019 	11157580	675.00	12.00	15.56	16.99	104126.34	290535	0	StephenHawking	
5058	3:06:06	1/1/2019 	11160637	650.00	10.00	14.80	16.99	104128.34	145773	0	StephenHawking	
5059	3:06:19	1/1/2019 	11173808	265.00	9.00	10.57	17.00	104134.84	626429	0	StephenHawking	
5060	3:06:24	1/1/2019 	11178677	602.00	9.00	14.05	17.00	104135.09	243956	0	StephenHawking	
5061	3:06:26	1/1/2019 	11180835	607.00	9.00	14.11	17.00	104134.05	97789	0	StephenHawking	
5062	3:06:36	1/1/2019 	11190041	362.00	9.00	11.83	17.00	104132.22	434542	0	StephenHawking	
5063	3:06:38	1/1/2019 	11192692	718.00	20.00	18.01	17.00	104131.52	146665	1	StephenHawking	
5064	3:06:41	1/1/2019 	11194997	925.00	127.00	35.26	17.00	104131.17	97789	1	StephenHawking	
5065	3:06:48	1/1/2019 	11202065	577.00	9.00	13.73	17.00	104130.99	339220	0	StephenHawking	
5066	3:06:58	1/1/2019 	11212679	73.00	9.00	6.02	17.00	104133.61	530555	0	StephenHawking	
5067	3:07:07	1/1/2019 	11221012	967.00	547.00	93.88	17.00	104138.27	386622	0	StephenHawking	
5068	3:07:08	1/1/2019 	11222242	752.00	26.00	19.44	16.99	104138.37	50758	0	StephenHawking	
5069	3:07:11	1/1/2019 	11225900	156.00	9.00	8.19	16.99	104139.16	193757	0	StephenHawking	
5070	3:07:13	1/1/2019 	11227498	159.00	9.00	8.27	16.99	104139.67	49805	0	StephenHawking	
5071	3:07:22	1/1/2019 	11236250	379.00	8.00	11.94	16.99	104138.11	435217	0	StephenHawking	
5072	3:07:22	1/1/2019 	11236828	77.00	8.00	6.08	16.99	104137.76	50608	0	StephenHawking	
5073	3:07:27	1/1/2019 	11241654	208.00	8.00	9.48	16.99	104135.75	241731	0	StephenHawking	
5074	3:07:30	1/1/2019 	11244575	958.00	252.00	50.47	16.99	104134.17	146590	0	StephenHawking	
5075	3:07:37	1/1/2019 	11251076	896.00	100.00	29.98	16.99	104132.44	289718	0	StephenHawking	
5076	3:07:37	1/1/2019 	11251604	312.00	9.00	11.25	16.99	104132.44	52002	0	StephenHawking	
5077	3:07:39	1/1/2019 	11253347	856.00	81.00	26.49	17.00	104132.70	49805	0	StephenHawking	
5078	3:07:40	1/1/2019 	11254173	785.00	41.00	21.56	17.00	104132.52	49806	0	StephenHawking	
5079	3:07:45	1/1/2019 	11259998	110.00	8.00	6.86	17.00	104131.64	289717	0	StephenHawking	
5080	3:07:46	1/1/2019 	11260352	908.00	107.00	31.36	17.00	104131.64	2688	0	StephenHawking	
5081	3:07:48	1/1/2019 	11262114	943.00	143.00	38.14	17.00	104132.05	97789	0	StephenHawking	
5082	3:07:49	1/1/2019 	11263023	922.00	126.00	35.07	17.00	104132.05	51272	1	StephenHawking	
5083	3:07:55	1/1/2019 	11269755	440.00	9.00	12.49	17.00	104133.09	337699	0	StephenHawking	
5084	3:07:56	1/1/2019 	11270992	758.00	29.00	19.97	17.00	104133.09	50697	0	StephenHawking	
5085	3:08:00	1/1/2019 	11274036	578.00	9.00	13.74	17.00	104133.70	145771	0	StephenHawking	
5086	3:08:15	1/1/2019 	11289252	93.00	9.00	6.42	17.01	104130.69	721554	0	StephenHawking	
5087	3:08:17	1/1/2019 	11291832	978.00	800.00	142.66	17.01	104129.47	146675	1	StephenHawking	
5088	3:08:26	1/1/2019 	11300280	969.00	432.00	78.77	17.01	104127.80	388065	1	StephenHawking	
5089	3:08:27	1/1/2019 	11301108	949.00	200.00	45.43	17.01	104127.63	50756	1	StephenHawking	
5090	3:08:31	1/1/2019 	11305150	149.00	8.00	7.99	17.02	104127.19	193752	0	StephenHawking	
5091	3:08:40	1/1/2019 	11314033	915.00	117.00	33.33	17.02	104125.88	433665	1	StephenHawking	
5092	3:08:41	1/1/2019 	11315296	741.00	22.00	18.59	17.02	104125.35	50620	0	StephenHawking	
5093	3:08:41	1/1/2019 	11315479	923.00	120.00	33.92	17.02	104125.35	3293	0	StephenHawking	
5094	3:08:47	1/1/2019 	11321098	157.00	9.00	8.22	17.02	104125.70	289717	0	StephenHawking	
5095	3:08:49	1/1/2019 	11323852	946.00	168.00	41.89	17.03	104126.27	146605	0	StephenHawking	
5096	3:09:01	1/1/2019 	11335306	755.00	29.00	19.95	17.03	104127.13	529626	0	StephenHawking	
5097	3:09:06	1/1/2019 	11340708	962.00	329.00	62.07	17.03	104127.73	290569	1	StephenHawking	
5098	3:09:11	1/1/2019 	11345353	61.00	9.00	5.90	17.04	104128.69	194620	0	StephenHawking	
5099	3:09:11	1/1/2019 	11345721	181.00	9.00	8.85	17.04	104128.69	51309	0	StephenHawking	
5100	3:09:12	1/1/2019 	11346437	872.00	89.00	27.88	17.04	104128.69	1822	0	StephenHawking	
5101	3:09:24	1/1/2019 	11358950	120.00	9.00	7.15	17.04	104128.56	625583	0	StephenHawking	
5102	3:09:29	1/1/2019 	11363969	416.00	9.00	12.31	17.04	104128.12	242630	0	StephenHawking	
5103	3:09:34	1/1/2019 	11368702	145.00	9.00	7.88	17.04	104128.21	242651	0	StephenHawking	
5104	3:09:35	1/1/2019 	11369190	488.00	9.00	12.83	17.04	104128.21	3354	0	StephenHawking	
5105	3:09:35	1/1/2019 	11369422	390.00	9.00	12.10	17.04	104128.21	1824	0	StephenHawking	
5106	3:09:36	1/1/2019 	11370596	753.00	27.00	19.62	17.05	104128.47	97787	1	StephenHawking	
5107	3:09:37	1/1/2019 	11371649	524.00	9.00	13.13	17.05	104128.81	50745	0	StephenHawking	
5108	3:09:38	1/1/2019 	11372155	564.00	9.00	13.57	17.05	104128.81	1823	0	StephenHawking	
5109	3:09:40	1/1/2019 	11374230	110.00	9.00	6.87	17.05	104129.25	97787	0	StephenHawking	
5110	3:09:43	1/1/2019 	11377392	134.00	9.00	7.56	17.05	104129.86	147316	0	StephenHawking	
5111	3:09:48	1/1/2019 	11382291	966.00	382.00	71.48	17.05	104130.55	241734	1	StephenHawking	
5112	3:09:49	1/1/2019 	11383578	700.00	14.00	16.30	17.05	104131.12	98756	0	StephenHawking	
5113	3:09:51	1/1/2019 	11385285	918.00	121.00	34.11	17.05	104131.12	49814	1	StephenHawking	
5114	3:09:53	1/1/2019 	11387783	961.00	354.00	66.60	17.05	104131.30	145775	1	StephenHawking	
5115	3:09:54	1/1/2019 	11388371	894.00	96.00	29.22	17.05	104131.47	5584	0	StephenHawking	
5116	3:10:03	1/1/2019 	11397612	953.00	262.00	51.64	17.06	104132.69	481647	1	StephenHawking	
5117	3:10:10	1/1/2019 	11404192	393.00	9.00	12.12	17.06	104132.77	290536	0	StephenHawking	
5118	3:10:12	1/1/2019 	11406755	147.00	9.00	7.94	17.06	104132.50	146604	0	StephenHawking	
5119	3:10:15	1/1/2019 	11409350	742.00	24.00	19.01	17.07	104132.38	97788	0	StephenHawking	
5120	3:10:16	1/1/2019 	11410974	577.00	9.00	13.73	17.07	104132.20	97792	0	StephenHawking	
5121	3:10:21	1/1/2019 	11415422	106.00	9.00	6.76	17.07	104132.63	195969	0	StephenHawking	
5122	3:10:25	1/1/2019 	11419082	973.00	778.00	138.70	17.07	104132.89	193750	1	StephenHawking	
5123	3:10:25	1/1/2019 	11419240	953.00	193.00	44.74	17.07	104132.89	1824	0	StephenHawking	
5124	3:10:28	1/1/2019 	11422360	908.00	111.00	32.14	17.07	104132.72	145768	1	StephenHawking	
5125	3:10:31	1/1/2019 	11425840	137.00	8.00	7.64	17.07	104132.98	194623	0	StephenHawking	
5126	3:10:35	1/1/2019 	11429776	295.00	9.00	11.02	17.08	104133.58	195256	0	StephenHawking	
5127	3:10:39	1/1/2019 	11433730	971.00	600.00	104.86	17.08	104133.84	193749	1	StephenHawking	
5128	3:10:44	1/1/2019 	11438289	946.00	194.00	44.84	17.08	104133.49	193749	1	StephenHawking	
5129	3:10:46	1/1/2019 	11440152	921.00	124.00	34.69	17.08	104133.49	97786	0	StephenHawking	
5130	3:10:50	1/1/2019 	11444460	959.00	310.00	58.73	17.08	104133.19	194662	0	StephenHawking	
5131	3:10:50	1/1/2019 	11444550	161.00	9.00	8.33	17.08	104133.19	49805	0	StephenHawking	
5132	3:10:52	1/1/2019 	11446720	981.00	961.00	296.21	17.08	104133.02	99318	1	StephenHawking	
5133	3:10:59	1/1/2019 	11453121	525.00	9.00	13.14	17.09	104133.88	289712	0	StephenHawking	
5134	3:11:06	1/1/2019 	11460572	517.00	9.00	13.07	17.09	104135.44	386618	0	StephenHawking	
5135	3:11:07	1/1/2019 	11461017	363.00	9.00	11.84	17.09	104135.44	2781	0	StephenHawking	
5136	3:11:09	1/1/2019 	11463738	607.00	10.00	14.30	17.09	104136.36	145766	0	StephenHawking	
5137	3:11:09	1/1/2019 	11463877	498.00	9.00	12.91	17.09	104136.36	1824	0	StephenHawking	
5138	3:11:12	1/1/2019 	11466673	66.00	9.00	5.93	17.09	104136.53	147326	0	StephenHawking	
5139	3:11:21	1/1/2019 	11475553	783.00	49.00	22.34	17.10	104137.49	433641	0	StephenHawking	
5140	3:11:26	1/1/2019 	11480437	144.00	8.00	7.85	17.10	104136.70	194554	0	StephenHawking	
5141	3:11:29	1/1/2019 	11483673	696.00	13.00	15.97	17.10	104136.88	194577	0	StephenHawking	
5142	3:11:32	1/1/2019 	11486121	96.00	9.00	6.49	17.10	104137.31	97788	0	StephenHawking	
5143	3:11:37	1/1/2019 	11491675	632.00	10.00	14.63	17.10	104138.18	291181	0	StephenHawking	
5144	3:11:42	1/1/2019 	11496033	941.00	146.00	38.64	17.10	104140.36	194601	1	StephenHawking	
5145	3:11:44	1/1/2019 	11498762	93.00	9.00	6.42	17.10	104141.75	145767	0	StephenHawking	
5146	3:11:53	1/1/2019 	11507907	622.00	9.00	14.29	17.10	104144.37	433651	0	StephenHawking	
5147	3:11:55	1/1/2019 	11509839	884.00	93.00	28.63	17.10	104144.37	98658	0	StephenHawking	
5148	3:11:56	1/1/2019 	11510476	726.00	19.00	17.82	17.10	104144.37	2713	0	StephenHawking	
5149	3:12:01	1/1/2019 	11515650	97.00	9.00	6.52	17.11	104144.10	291230	0	StephenHawking	
5150	3:12:16	1/1/2019 	11529442	518.00	9.00	13.08	17.11	104142.48	625586	0	StephenHawking	
5151	3:12:16	1/1/2019 	11529788	188.00	9.00	9.03	17.11	104142.48	50718	0	StephenHawking	
5152	3:12:16	1/1/2019 	11530012	658.00	11.00	15.15	17.11	104142.48	2752	1	StephenHawking	
5153	3:12:21	1/1/2019 	11534597	966.00	365.00	68.56	17.11	104141.88	241733	1	StephenHawking	
5154	3:12:26	1/1/2019 	11539894	775.00	41.00	21.52	17.12	104140.74	243275	1	StephenHawking	
5155	3:12:29	1/1/2019 	11542751	678.00	12.00	15.58	17.12	104140.39	146727	0	StephenHawking	
5156	3:12:30	1/1/2019 	11544088	839.00	77.00	25.82	17.12	104140.47	49807	1	StephenHawking	
5157	3:12:33	1/1/2019 	11547080	131.00	8.00	7.47	17.12	104141.00	145769	0	StephenHawking	
5158	3:12:34	1/1/2019 	11548212	111.00	9.00	6.89	17.12	104141.17	49805	0	StephenHawking	
5159	3:12:36	1/1/2019 	11549495	174.00	9.00	8.68	17.12	104141.17	49805	0	StephenHawking	
5160	3:12:37	1/1/2019 	11551330	421.00	9.00	12.35	17.12	104141.56	99344	0	StephenHawking	
5161	3:12:40	1/1/2019 	11553598	341.00	9.00	11.61	17.12	104141.39	146582	0	StephenHawking	
5162	3:12:44	1/1/2019 	11558394	969.00	547.00	93.88	17.12	104141.48	193752	1	StephenHawking	
5163	3:12:46	1/1/2019 	11559855	195.00	8.00	9.18	17.13	104141.91	97787	1	StephenHawking	
5164	3:12:48	1/1/2019 	11562417	950.00	225.00	47.75	17.13	104142.08	98611	0	StephenHawking	
5165	3:12:58	1/1/2019 	11572024	537.00	9.00	13.26	17.13	104143.12	481631	0	StephenHawking	
5166	3:13:00	1/1/2019 	11573553	482.00	9.00	12.79	17.13	104143.47	100013	0	StephenHawking	
5167	3:13:03	1/1/2019 	11576878	917.00	117.00	33.33	17.13	104144.69	145768	0	StephenHawking	
5168	3:13:16	1/1/2019 	11589985	961.00	387.00	72.30	17.13	104156.38	625578	1	StephenHawking	
5169	3:13:22	1/1/2019 	11595460	704.00	15.00	16.62	17.13	104157.16	242603	0	StephenHawking	
5170	3:13:24	1/1/2019 	11597727	882.00	91.00	28.27	17.13	104156.81	145766	1	StephenHawking	
5171	3:13:33	1/1/2019 	11606979	831.00	74.00	25.36	17.13	104152.20	435161	1	StephenHawking	
5172	3:13:33	1/1/2019 	11607246	412.00	9.00	12.28	17.13	104152.02	2721	0	StephenHawking	
5173	3:13:38	1/1/2019 	11611439	971.00	728.00	130.55	17.13	104150.28	193748	0	StephenHawking	
5174	3:13:38	1/1/2019 	11612399	107.00	8.00	6.78	17.13	104150.28	50720	0	StephenHawking	
5175	3:13:41	1/1/2019 	11614903	729.00	19.00	17.83	17.13	104149.58	145767	0	StephenHawking	
5176	3:13:45	1/1/2019 	11618903	546.00	9.00	13.36	17.13	104149.49	193749	0	StephenHawking	
5177	3:13:46	1/1/2019 	11620208	94.00	9.00	6.44	17.13	104148.97	51336	0	StephenHawking	
5178	3:13:52	1/1/2019 	11625471	677.00	12.00	15.57	17.13	104148.27	242669	0	StephenHawking	
5179	3:13:52	1/1/2019 	11625495	137.00	9.00	7.65	17.13	104148.27	1823	1	StephenHawking	
5180	3:13:59	1/1/2019 	11632649	127.00	8.00	7.35	17.13	104147.22	385674	0	StephenHawking	
5181	3:14:10	1/1/2019 	11643623	477.00	9.00	12.75	17.13	104146.70	530580	0	StephenHawking	
5182	3:14:11	1/1/2019 	11645330	785.00	52.00	22.64	17.13	104146.52	51948	0	StephenHawking	
5183	3:14:12	1/1/2019 	11645762	738.00	22.00	18.58	17.13	104146.70	49806	0	StephenHawking	
5184	3:14:20	1/1/2019 	11654051	255.00	9.00	10.40	17.13	104147.22	385675	0	StephenHawking	
5185	3:14:21	1/1/2019 	11654731	909.00	111.00	32.14	17.13	104147.22	50634	0	StephenHawking	
5186	3:14:24	1/1/2019 	11658169	959.00	347.00	65.33	17.13	104147.39	145768	1	StephenHawking	
5187	3:14:35	1/1/2019 	11668861	264.00	8.00	10.53	17.13	104153.49	529620	0	StephenHawking	
5188	3:14:36	1/1/2019 	11669822	358.00	9.00	11.79	17.13	104154.19	52023	0	StephenHawking	
5189	3:14:36	1/1/2019 	11670347	568.00	9.00	13.62	17.13	104154.37	2695	0	StephenHawking	
5190	3:14:40	1/1/2019 	11673468	973.00	765.00	136.47	17.13	104155.77	145766	0	StephenHawking	
5191	3:14:41	1/1/2019 	11675329	901.00	106.00	31.15	17.13	104156.45	97786	1	StephenHawking	
5192	3:14:43	1/1/2019 	11676974	812.00	69.00	24.63	17.13	104156.55	97787	1	StephenHawking	
5193	3:14:43	1/1/2019 	11677248	430.00	9.00	12.42	17.13	104156.55	3329	0	StephenHawking	
5194	3:14:47	1/1/2019 	11681065	865.00	85.00	27.17	17.13	104156.38	193753	0	StephenHawking	
5195	3:14:48	1/1/2019 	11681656	121.00	9.00	7.18	17.13	104156.38	50710	0	StephenHawking	
5196	3:14:48	1/1/2019 	11682148	876.00	88.00	27.72	17.13	104156.38	1830	1	StephenHawking	
5197	3:14:50	1/1/2019 	11683598	69.00	8.00	5.97	17.13	104156.03	97792	0	StephenHawking	
5198	3:14:50	1/1/2019 	11683655	761.00	29.00	19.98	17.13	104156.03	1824	0	StephenHawking	
5199	3:14:50	1/1/2019 	11683868	911.00	111.00	32.15	17.13	104156.03	3345	0	StephenHawking	
5200	3:14:50	1/1/2019 	11684439	980.00	686.00	124.01	17.13	104155.84	1824	0	StephenHawking	
5201	3:14:52	1/1/2019 	11686266	305.00	9.00	11.16	17.13	104155.16	97787	0	StephenHawking	
5202	3:14:55	1/1/2019 	11688845	61.00	9.00	5.90	17.13	104154.45	145767	0	StephenHawking	
5203	3:15:01	1/1/2019 	11695153	735.00	21.00	18.34	17.14	104153.89	289713	0	StephenHawking	
5204	3:15:03	1/1/2019 	11697382	768.00	31.00	20.30	17.14	104153.19	98713	0	StephenHawking	
5205	3:15:04	1/1/2019 	11698416	131.00	9.00	7.47	17.14	104153.02	51345	0	StephenHawking	
5206	3:15:07	1/1/2019 	11700560	944.00	157.00	40.36	17.14	104152.67	145769	1	StephenHawking	
5207	3:15:07	1/1/2019 	11701409	154.00	8.00	8.13	17.14	104152.50	2774	1	StephenHawking	
5208	3:15:08	1/1/2019 	11701974	153.00	8.00	8.10	17.14	104152.50	49803	0	StephenHawking	
5209	3:15:13	1/1/2019 	11706478	910.00	112.00	32.34	17.14	104151.27	193752	0	StephenHawking	
5210	3:15:20	1/1/2019 	11714010	79.00	8.00	6.12	17.14	104150.66	387232	0	StephenHawking	
5211	3:15:21	1/1/2019 	11714937	696.00	13.00	15.97	17.14	104150.66	50607	0	StephenHawking	
5212	3:15:24	1/1/2019 	11717786	232.00	9.00	9.98	17.14	104151.27	145767	0	StephenHawking	
5213	3:15:26	1/1/2019 	11720229	950.00	217.00	47.01	17.14	104151.44	97785	1	StephenHawking	
5214	3:15:27	1/1/2019 	11721257	905.00	109.00	31.74	17.14	104151.62	50629	0	StephenHawking	
5215	3:15:29	1/1/2019 	11723332	697.00	13.00	15.98	17.14	104151.44	97788	0	StephenHawking	
5216	3:15:31	1/1/2019 	11725224	108.00	9.00	6.81	17.14	104151.52	99361	0	StephenHawking	
5217	3:15:31	1/1/2019 	11725247	120.00	9.00	7.15	17.14	104151.52	1823	0	StephenHawking	
5218	3:15:39	1/1/2019 	11732445	253.00	9.00	10.37	17.14	104151.17	337698	0	StephenHawking	
5219	3:15:40	1/1/2019 	11734242	325.00	9.00	11.42	17.15	104151.61	98637	0	StephenHawking	
5220	3:15:46	1/1/2019 	11739594	533.00	9.00	13.22	17.15	104152.18	289716	0	StephenHawking	
5221	3:15:46	1/1/2019 	11740393	909.00	105.00	30.97	17.15	104152.18	4065	1	StephenHawking	
5222	3:15:50	1/1/2019 	11743912	951.00	195.00	44.94	17.15	104152.01	193750	1	StephenHawking	
5223	3:15:50	1/1/2019 	11744349	953.00	187.00	44.12	17.15	104151.66	1824	1	StephenHawking	
5224	3:15:54	1/1/2019 	11747443	908.00	111.00	32.14	17.15	104151.56	145771	0	StephenHawking	
5225	3:15:54	1/1/2019 	11747846	74.00	9.00	6.03	17.15	104151.39	49805	0	StephenHawking	
5226	3:15:56	1/1/2019 	11750216	954.00	252.00	50.47	17.15	104151.39	97788	1	StephenHawking	
5227	3:15:59	1/1/2019 	11752984	121.00	9.00	7.18	17.15	104151.39	148053	0	StephenHawking	
5228	3:15:59	1/1/2019 	11752996	778.00	38.00	21.21	17.15	104151.39	1823	1	StephenHawking	
5229	3:15:59	1/1/2019 	11753111	388.00	9.00	12.08	17.15	104151.39	1823	0	StephenHawking	
5230	3:16:01	1/1/2019 	11755166	913.00	117.00	33.32	17.15	104151.22	97788	0	StephenHawking	
5231	3:16:03	1/1/2019 	11756979	729.00	20.00	18.08	17.15	104151.56	97788	0	StephenHawking	
5232	3:16:04	1/1/2019 	11758060	736.00	21.00	18.35	17.15	104151.74	50900	0	StephenHawking	
5233	3:16:04	1/1/2019 	11758274	530.00	9.00	13.19	17.15	104151.74	1824	0	StephenHawking	
5234	3:16:06	1/1/2019 	11759591	163.00	9.00	8.38	17.15	104152.09	97787	0	StephenHawking	
5235	3:16:15	1/1/2019 	11768602	912.00	113.00	32.54	17.15	104152.70	434587	0	StephenHawking	
5236	3:16:16	1/1/2019 	11769781	593.00	10.00	14.10	17.15	104152.88	49809	0	StephenHawking	
5237	3:16:16	1/1/2019 	11770078	920.00	122.00	34.30	17.15	104152.88	2775	1	StephenHawking	
5238	3:16:17	1/1/2019 	11771213	725.00	18.00	17.56	17.15	104153.05	51357	0	StephenHawking	
5239	3:16:20	1/1/2019 	11773575	875.00	91.00	28.24	17.15	104153.39	145770	1	StephenHawking	
5240	3:16:27	1/1/2019 	11781022	139.00	9.00	7.71	17.15	104154.96	337698	0	StephenHawking	
5241	3:16:29	1/1/2019 	11782815	899.00	100.00	29.99	17.16	104155.56	98756	1	StephenHawking	
5242	3:16:34	1/1/2019 	11787904	130.00	8.00	7.44	17.16	104156.27	241738	0	StephenHawking	
5243	3:16:37	1/1/2019 	11791179	215.00	9.00	9.64	17.16	104156.44	145772	0	StephenHawking	
5244	3:16:39	1/1/2019 	11793037	885.00	96.00	29.19	17.16	104156.44	99954	1	StephenHawking	
5245	3:16:39	1/1/2019 	11793128	803.00	62.00	23.75	17.16	104156.44	1824	0	StephenHawking	
5246	3:16:40	1/1/2019 	11793840	317.00	9.00	11.32	17.16	104156.44	49805	0	StephenHawking	
5247	3:16:43	1/1/2019 	11797310	662.00	11.00	15.18	17.16	104156.70	145768	0	StephenHawking	
5248	3:16:45	1/1/2019 	11799083	966.00	448.00	80.73	17.16	104156.34	97788	1	StephenHawking	
5249	3:16:46	1/1/2019 	11799464	935.00	132.00	36.20	17.16	104156.34	2768	0	StephenHawking	
5250	3:17:06	1/1/2019 	11819763	178.00	9.00	8.78	17.16	104154.91	1009441	0	StephenHawking	
5251	3:17:07	1/1/2019 	11820823	942.00	137.00	37.10	17.16	104154.91	50652	0	StephenHawking	
5252	3:17:25	1/1/2019 	11839009	453.00	9.00	12.58	17.17	104155.95	865484	0	StephenHawking	
5253	3:17:29	1/1/2019 	11843933	557.00	9.00	13.48	17.17	104156.20	242597	0	StephenHawking	
5254	3:17:33	1/1/2019 	11847853	298.00	8.00	11.03	17.17	104155.86	194633	0	StephenHawking	
5255	3:17:34	1/1/2019 	11848115	949.00	193.00	44.74	17.17	104155.86	3433	1	StephenHawking	
5256	3:17:34	1/1/2019 	11848968	602.00	9.00	14.05	17.17	104156.29	49806	0	StephenHawking	
5257	3:17:37	1/1/2019 	11851591	952.00	184.00	43.80	17.17	104156.11	145769	0	StephenHawking	
5258	3:17:38	1/1/2019 	11852883	969.00	601.00	105.12	17.17	104156.11	50711	1	StephenHawking	
5259	3:17:39	1/1/2019 	11853641	975.00	663.00	118.96	17.17	104156.11	49806	1	StephenHawking	
5260	3:17:39	1/1/2019 	11853686	651.00	10.00	14.81	17.17	104156.11	3315	0	StephenHawking	
5261	3:17:43	1/1/2019 	11857490	616.00	9.00	14.22	17.18	104156.86	145768	0	StephenHawking	
5262	3:17:43	1/1/2019 	11857572	93.00	8.00	6.42	17.18	104156.86	49804	0	StephenHawking	
5263	3:18:00	1/1/2019 	11874586	413.00	9.00	12.29	17.18	104157.38	817512	0	StephenHawking	
5264	3:18:01	1/1/2019 	11875072	633.00	10.00	14.64	17.18	104157.38	2759	0	StephenHawking	
5265	3:18:02	1/1/2019 	11876258	144.00	9.00	7.85	17.18	104157.38	49812	0	StephenHawking	
5266	3:18:07	1/1/2019 	11881848	602.00	9.00	14.05	17.18	104156.77	291297	0	StephenHawking	
5267	3:18:10	1/1/2019 	11884403	711.00	16.00	16.94	17.19	104157.20	98745	0	StephenHawking	
5268	3:18:21	1/1/2019 	11895773	719.00	15.00	16.67	17.19	104161.30	577611	0	StephenHawking	
5269	3:18:21	1/1/2019 	11895923	751.00	25.00	19.25	17.19	104161.30	2624	1	StephenHawking	
5270	3:18:22	1/1/2019 	11896560	944.00	161.00	40.94	17.19	104161.11	49806	1	StephenHawking	
5271	3:18:26	1/1/2019 	11900499	917.00	121.00	34.11	17.19	104159.59	147229	1	StephenHawking	
5272	3:18:40	1/1/2019 	11914280	67.00	8.00	5.94	17.19	104147.39	674406	0	StephenHawking	
5273	3:18:45	1/1/2019 	11919573	962.00	280.00	54.01	17.19	104144.42	290560	1	StephenHawking	
5274	3:18:46	1/1/2019 	11920562	735.00	21.00	18.34	17.19	104143.33	50667	1	StephenHawking	
5275	3:18:53	1/1/2019 	11927081	929.00	129.00	35.64	17.19	104140.53	289719	0	StephenHawking	
5276	3:18:54	1/1/2019 	11928235	718.00	17.00	17.25	17.19	104139.84	49807	0	StephenHawking	
5277	3:18:55	1/1/2019 	11929892	916.00	118.00	33.52	17.19	104138.97	99387	1	StephenHawking	
5278	3:19:00	1/1/2019 	11934251	333.00	9.00	11.51	17.19	104137.05	194638	0	StephenHawking	
5279	3:19:00	1/1/2019 	11934674	149.00	9.00	7.99	17.19	104136.88	49808	0	StephenHawking	
5280	3:19:01	1/1/2019 	11935807	978.00	889.00	166.67	17.19	104136.44	49808	1	StephenHawking	
5281	3:19:06	1/1/2019 	11940758	878.00	91.00	28.25	17.19	104135.05	241738	1	StephenHawking	
5282	3:19:07	1/1/2019 	11941829	826.00	72.00	25.07	17.19	104134.70	50709	0	StephenHawking	
5283	3:19:08	1/1/2019 	11942024	935.00	130.00	35.83	17.19	104134.70	3349	1	StephenHawking	
5284	3:19:18	1/1/2019 	11952415	714.00	16.00	16.95	17.19	104130.42	481643	0	StephenHawking	
5285	3:19:20	1/1/2019 	11954357	699.00	14.00	16.30	17.19	104128.91	98717	0	StephenHawking	
5286	3:19:27	1/1/2019 	11961932	961.00	346.00	65.15	17.20	104124.36	385676	0	StephenHawking	
5287	3:19:28	1/1/2019 	11962187	973.00	564.00	97.14	17.20	104124.36	2771	1	StephenHawking	
5288	3:19:30	1/1/2019 	11964701	940.00	145.00	38.48	17.20	104124.53	147323	0	StephenHawking	
5289	3:19:31	1/1/2019 	11965401	350.00	9.00	11.71	17.20	104125.23	1824	0	StephenHawking	
5290	3:19:35	1/1/2019 	11969276	572.00	9.00	13.67	17.20	104124.79	193755	0	StephenHawking	
5291	3:19:37	1/1/2019 	11971439	811.00	67.00	24.37	17.20	104114.16	97790	0	StephenHawking	
5292	3:19:37	1/1/2019 	11971737	855.00	81.00	26.49	17.20	104114.16	50607	0	StephenHawking	
5293	3:19:38	1/1/2019 	11972452	650.00	10.00	14.80	17.20	104111.89	1823	0	StephenHawking	
5294	3:19:41	1/1/2019 	11975462	428.00	9.00	12.40	17.20	104111.98	147233	0	StephenHawking	
5295	3:19:44	1/1/2019 	11978940	943.00	165.00	41.49	17.19	104116.25	193751	1	StephenHawking	
5296	3:19:50	1/1/2019 	11984846	971.00	597.00	104.14	17.19	104113.55	289716	0	StephenHawking	
5297	3:19:52	1/1/2019 	11986618	914.00	116.00	33.13	17.19	104112.16	98616	1	StephenHawking	
5298	3:19:53	1/1/2019 	11987670	972.00	681.00	122.79	17.19	104111.64	49807	0	StephenHawking	
5299	3:19:54	1/1/2019 	11988596	932.00	132.00	36.20	17.19	104111.29	51282	1	StephenHawking	
5300	3:19:58	1/1/2019 	11992852	242.00	9.00	10.17	17.19	104111.55	193753	0	StephenHawking	
5301	3:19:58	1/1/2019 	11992924	111.00	9.00	6.89	17.19	104111.72	2676	0	StephenHawking	
5302	3:19:58	1/1/2019 	11992930	942.00	137.00	37.10	17.19	104111.72	1821	0	StephenHawking	
5303	3:19:58	1/1/2019 	11992967	718.00	17.00	17.25	17.19	104111.72	1823	0	StephenHawking	
5304	3:20:00	1/1/2019 	11994209	854.00	83.00	26.80	17.19	104111.81	49807	1	StephenHawking	
5305	3:20:00	1/1/2019 	11994390	425.00	9.00	12.38	17.19	104111.81	3319	0	StephenHawking	
5306	3:20:01	1/1/2019 	11995753	968.00	400.00	74.33	17.19	104112.69	97789	1	StephenHawking	
5307	3:20:03	1/1/2019 	11997085	726.00	19.00	17.82	17.19	104113.38	49810	0	StephenHawking	
5308	3:20:06	1/1/2019 	12000010	937.00	136.00	36.92	17.19	104114.60	145777	0	StephenHawking	
5309	3:20:09	1/1/2019 	12003012	940.00	137.00	37.10	17.19	104115.12	146659	1	StephenHawking	
5310	3:20:10	1/1/2019 	12004105	891.00	98.00	29.58	17.19	104115.12	51323	1	StephenHawking	
5311	3:20:14	1/1/2019 	12008218	940.00	152.00	39.60	17.19	104115.30	193765	1	StephenHawking	
5312	3:20:15	1/1/2019 	12009677	942.00	140.00	37.63	17.19	104115.12	97794	1	StephenHawking	
5313	3:20:16	1/1/2019 	12010328	370.00	9.00	11.91	17.19	104114.95	2735	0	StephenHawking	
5314	3:20:19	1/1/2019 	12013430	914.00	113.00	32.55	17.19	104114.08	145770	0	StephenHawking	
5315	3:20:24	1/1/2019 	12018220	965.00	449.00	80.83	17.19	104113.55	241738	1	StephenHawking	
5316	3:20:24	1/1/2019 	12018948	915.00	113.00	32.55	17.19	104113.73	51332	0	StephenHawking	
5317	3:20:29	1/1/2019 	12023882	933.00	129.00	35.64	17.19	104115.25	241743	0	StephenHawking	
5318	3:20:30	1/1/2019 	12024698	913.00	115.00	32.93	17.19	104115.59	50738	1	StephenHawking	
5319	3:20:31	1/1/2019 	12025372	591.00	10.00	14.08	17.19	104115.77	1825	0	StephenHawking	
5320	3:20:31	1/1/2019 	12025796	974.00	596.00	103.94	17.19	104115.77	49808	1	StephenHawking	
5321	3:20:35	1/1/2019 	12029724	851.00	81.00	26.47	17.19	104116.47	195294	1	StephenHawking	
5322	3:20:36	1/1/2019 	12030364	974.00	625.00	110.76	17.19	104116.64	2780	1	StephenHawking	
5323	3:20:37	1/1/2019 	12031191	891.00	98.00	29.58	17.19	104116.82	49809	0	StephenHawking	
5324	3:20:38	1/1/2019 	12032978	954.00	240.00	49.20	17.19	104117.86	97790	1	StephenHawking	
5325	3:20:42	1/1/2019 	12036151	371.00	9.00	11.92	17.19	104120.18	145774	0	StephenHawking	
5326	3:20:49	1/1/2019 	12043970	148.00	9.00	7.97	17.19	104122.10	385690	0	StephenHawking	
5327	3:20:50	1/1/2019 	12044473	348.00	9.00	11.69	17.19	104122.10	3963	0	StephenHawking	
5328	3:20:52	1/1/2019 	12046054	891.00	97.00	29.40	17.19	104122.10	97790	0	StephenHawking	
5329	3:20:53	1/1/2019 	12047440	969.00	537.00	92.19	17.19	104121.92	49806	0	StephenHawking	
5330	3:20:53	1/1/2019 	12047563	965.00	337.00	63.52	17.19	104121.92	49807	1	StephenHawking	
5331	3:20:54	1/1/2019 	12048412	966.00	384.00	71.80	17.19	104122.19	1825	1	StephenHawking	
5332	3:20:54	1/1/2019 	12048813	966.00	332.00	62.61	17.19	104122.01	50746	0	StephenHawking	
5333	3:20:55	1/1/2019 	12049964	896.00	101.00	30.17	17.19	104121.84	49807	0	StephenHawking	
5334	3:20:56	1/1/2019 	12050370	953.00	215.00	46.82	17.19	104122.01	2660	1	StephenHawking	
5335	3:20:59	1/1/2019 	12053803	615.00	10.00	14.41	17.20	104122.44	193757	0	StephenHawking	
5336	3:20:59	1/1/2019 	12053813	892.00	96.00	29.21	17.20	104122.44	1823	0	StephenHawking	
5337	3:21:02	1/1/2019 	12056203	569.00	9.00	13.63	17.20	104123.66	97791	0	StephenHawking	
5338	3:21:05	1/1/2019 	12059216	263.00	9.00	10.53	17.20	104125.14	147255	0	StephenHawking	
5339	3:21:05	1/1/2019 	12059269	951.00	165.00	41.49	17.20	104125.14	1824	1	StephenHawking	
5340	3:21:06	1/1/2019 	12060273	517.00	9.00	13.07	17.20	104125.48	49806	0	StephenHawking	
5341	3:21:07	1/1/2019 	12061365	89.00	9.00	6.32	17.20	104125.66	50669	0	StephenHawking	
5342	3:21:08	1/1/2019 	12062079	934.00	132.00	36.20	17.20	104126.02	49805	0	StephenHawking	
5343	3:21:08	1/1/2019 	12062807	84.00	9.00	6.22	17.20	104126.02	49806	0	StephenHawking	
5344	3:21:09	1/1/2019 	12063465	95.00	9.00	6.47	17.20	104126.19	3319	0	StephenHawking	
5345	3:21:10	1/1/2019 	12064037	669.00	11.00	15.22	17.20	104126.19	49805	0	StephenHawking	
5346	3:21:10	1/1/2019 	12064051	934.00	129.00	35.64	17.20	104126.19	1825	1	StephenHawking	
5347	3:21:10	1/1/2019 	12064702	647.00	10.00	14.78	17.20	104126.80	49805	0	StephenHawking	
5348	3:21:11	1/1/2019 	12065162	795.00	45.00	21.99	17.20	104126.80	1823	0	StephenHawking	
5349	3:21:11	1/1/2019 	12065642	88.00	9.00	6.30	17.20	104126.80	50783	0	StephenHawking	
5350	3:21:14	1/1/2019 	12068888	954.00	225.00	47.75	17.20	104126.27	145771	1	StephenHawking	
5351	3:21:15	1/1/2019 	12069400	845.00	73.00	25.26	17.20	104126.09	1824	0	StephenHawking	
5352	3:21:15	1/1/2019 	12069917	150.00	9.00	8.02	17.20	104126.09	49806	0	StephenHawking	
5353	3:21:17	1/1/2019 	12071854	143.00	9.00	7.82	17.20	104126.61	98683	0	StephenHawking	
5354	3:21:21	1/1/2019 	12075476	955.00	220.00	47.28	17.20	104125.75	145770	1	StephenHawking	
5355	3:21:21	1/1/2019 	12075496	120.00	8.00	7.15	17.20	104125.75	3344	0	StephenHawking	
5356	3:21:21	1/1/2019 	12075603	966.00	341.00	64.24	17.20	104125.75	49803	1	StephenHawking	
5357	3:21:22	1/1/2019 	12076653	109.00	8.00	6.84	17.20	104125.22	49804	0	StephenHawking	
5358	3:21:23	1/1/2019 	12077214	432.00	9.00	12.43	17.20	104125.22	1823	0	StephenHawking	
5359	3:21:23	1/1/2019 	12077647	673.00	12.00	15.55	17.20	104125.05	49806	0	StephenHawking	
5360	3:21:23	1/1/2019 	12077939	945.00	136.00	36.93	17.20	104125.05	2923	0	StephenHawking	
5361	3:21:24	1/1/2019 	12078345	780.00	42.00	21.64	17.20	104124.88	1827	0	StephenHawking	
5362	3:21:25	1/1/2019 	12079475	969.00	589.00	102.36	17.20	104124.70	49809	1	StephenHawking	
5363	3:21:31	1/1/2019 	12085156	198.00	9.00	9.26	17.21	104122.56	289714	0	StephenHawking	
5364	3:21:31	1/1/2019 	12085411	958.00	234.00	48.60	17.21	104122.56	2755	1	StephenHawking	
5365	3:21:32	1/1/2019 	12086224	970.00	471.00	83.40	17.21	104122.12	49809	1	StephenHawking	
5366	3:21:34	1/1/2019 	12088410	306.00	9.00	11.17	17.21	104121.86	99329	0	StephenHawking	
5367	3:21:35	1/1/2019 	12089495	909.00	112.00	32.34	17.21	104121.86	49805	0	StephenHawking	
5368	3:21:36	1/1/2019 	12090834	901.00	104.00	30.76	17.21	104122.12	97786	0	StephenHawking	
5369	3:21:38	1/1/2019 	12092312	939.00	137.00	37.10	17.22	104122.72	50760	0	StephenHawking	
5370	3:21:38	1/1/2019 	12092837	840.00	75.00	25.53	17.22	104122.89	49805	0	StephenHawking	
5371	3:21:39	1/1/2019 	12093764	94.00	13.00	6.45	17.22	104123.64	51359	0	StephenHawking	
5372	3:21:40	1/1/2019 	12094271	135.00	9.00	7.59	17.22	104123.81	1823	0	StephenHawking	
5373	3:21:40	1/1/2019 	12094398	983.00	802.00	142.53	17.22	104123.81	1822	0	StephenHawking	
5374	3:21:41	1/1/2019 	12095138	928.00	127.00	35.27	17.22	104124.77	49804	1	StephenHawking	
5375	3:21:42	1/1/2019 	12096969	960.00	309.00	58.56	17.22	104125.30	97787	1	StephenHawking	
5376	3:21:43	1/1/2019 	12097259	920.00	123.00	34.50	17.22	104125.30	1824	0	StephenHawking	
5377	3:21:43	1/1/2019 	12097477	126.00	9.00	7.33	17.22	104125.91	5054	0	StephenHawking	
5378	3:21:45	1/1/2019 	12099135	565.00	9.00	13.58	17.22	104126.25	97784	0	StephenHawking	
5379	3:21:45	1/1/2019 	12099184	549.00	9.00	13.39	17.22	104126.25	1823	0	StephenHawking	
5380	3:21:45	1/1/2019 	12099445	407.00	9.00	12.24	17.23	104126.33	1822	0	StephenHawking	
5381	3:21:45	1/1/2019 	12099952	746.00	24.00	19.03	17.23	104126.16	49804	0	StephenHawking	
5382	3:21:46	1/1/2019 	12100631	422.00	9.00	12.36	17.23	104125.98	50626	0	StephenHawking	
5383	3:21:46	1/1/2019 	12100787	786.00	44.00	21.86	17.23	104125.98	3296	0	StephenHawking	
5384	3:21:47	1/1/2019 	12101229	965.00	405.00	75.08	17.23	104125.98	1824	1	StephenHawking	
5385	3:21:48	1/1/2019 	12102202	286.00	9.00	10.89	17.23	104125.81	49805	0	StephenHawking	
5386	3:21:48	1/1/2019 	12102583	959.00	232.00	48.41	17.23	104125.64	49804	1	StephenHawking	
5387	3:21:50	1/1/2019 	12104196	963.00	379.00	70.98	17.23	104125.64	49805	1	StephenHawking	
5388	3:21:50	1/1/2019 	12104925	539.00	9.00	13.28	17.23	104125.81	50755	0	StephenHawking	
5389	3:21:51	1/1/2019 	12105866	585.00	9.00	13.83	17.23	104125.81	49804	0	StephenHawking	
5390	3:21:54	1/1/2019 	12108218	724.00	19.00	17.81	17.23	104126.24	97786	0	StephenHawking	
5391	3:21:55	1/1/2019 	12109805	114.00	9.00	6.98	17.23	104125.98	97787	1	StephenHawking	
5392	3:21:55	1/1/2019 	12109834	952.00	161.00	40.94	17.23	104125.98	2678	1	StephenHawking	
5393	3:21:55	1/1/2019 	12109943	138.00	9.00	7.68	17.23	104125.98	1822	0	StephenHawking	
5394	3:21:56	1/1/2019 	12110612	371.00	12.00	12.07	17.23	104126.16	51296	1	StephenHawking	
5395	3:21:56	1/1/2019 	12110825	695.00	13.00	15.97	17.23	104125.98	1824	0	StephenHawking	
5396	3:21:57	1/1/2019 	12111821	937.00	137.00	37.10	17.23	104126.16	49805	1	StephenHawking	
5397	3:21:58	1/1/2019 	12112248	144.00	8.00	7.85	17.23	104126.33	1823	0	StephenHawking	
5398	3:21:58	1/1/2019 	12112844	901.00	103.00	30.57	17.23	104126.33	49806	0	StephenHawking	
5399	3:22:00	1/1/2019 	12114698	945.00	176.00	42.88	17.22	104126.59	97789	1	StephenHawking	
5400	3:22:01	1/1/2019 	12115061	144.00	9.00	7.85	17.22	104126.95	2793	0	StephenHawking	
5401	3:22:01	1/1/2019 	12115274	583.00	10.00	13.96	17.22	104126.95	1823	0	StephenHawking	
5402	3:22:01	1/1/2019 	12115362	721.00	18.00	17.54	17.22	104126.95	1824	1	StephenHawking	
5403	3:22:02	1/1/2019 	12116714	125.00	9.00	7.30	17.22	104127.65	97789	0	StephenHawking	
5404	3:22:02	1/1/2019 	12116929	975.00	746.00	133.99	17.22	104127.65	1824	1	StephenHawking	
5405	3:22:03	1/1/2019 	12117583	778.00	51.00	22.51	17.22	104127.82	50781	0	StephenHawking	
5406	3:22:03	1/1/2019 	12117923	949.00	148.00	38.97	17.22	104127.73	1825	1	StephenHawking	
5407	3:22:03	1/1/2019 	12118002	826.00	73.00	25.21	17.22	104127.73	1824	0	StephenHawking	
5408	3:22:05	1/1/2019 	12119596	979.00	865.00	158.35	17.22	104128.27	97789	0	StephenHawking	
5409	3:22:05	1/1/2019 	12119804	107.00	9.00	6.78	17.22	104128.27	2723	0	StephenHawking	
5410	3:22:05	1/1/2019 	12119923	264.00	9.00	10.55	17.22	104128.27	1822	0	StephenHawking	
5411	3:22:07	1/1/2019 	12121173	564.00	9.00	13.57	17.22	104128.95	51325	0	StephenHawking	
5412	3:22:07	1/1/2019 	12121729	672.00	11.00	15.24	17.22	104129.31	49807	0	StephenHawking	
5413	3:22:07	1/1/2019 	12121900	955.00	237.00	48.90	17.22	104129.31	1823	1	StephenHawking	
5414	3:22:07	1/1/2019 	12121918	701.00	13.00	15.99	17.22	104129.31	1823	0	StephenHawking	
5415	3:22:08	1/1/2019 	12122146	653.00	10.00	14.83	17.22	104129.48	1824	0	StephenHawking	
5416	3:22:08	1/1/2019 	12122296	432.00	10.00	12.50	17.22	104129.48	2821	0	StephenHawking	
5417	3:22:10	1/1/2019 	12124175	634.00	10.00	14.65	17.22	104130.35	97791	1	StephenHawking	
5418	3:22:10	1/1/2019 	12124631	726.00	18.00	17.56	17.22	104130.70	49806	0	StephenHawking	
5419	3:22:11	1/1/2019 	12125096	70.00	8.00	5.98	17.22	104131.05	1823	0	StephenHawking	
5420	3:22:11	1/1/2019 	12125730	373.00	9.00	11.94	17.22	104130.80	49805	0	StephenHawking	
5421	3:22:11	1/1/2019 	12125790	912.00	107.00	31.37	17.22	104130.80	2102	0	StephenHawking	
5422	3:22:11	1/1/2019 	12125959	787.00	44.00	21.87	17.22	104130.80	2827	1	StephenHawking	
5423	3:22:12	1/1/2019 	12126632	604.00	9.00	14.07	17.22	104130.97	49806	0	StephenHawking	
5424	3:22:12	1/1/2019 	12126980	756.00	28.00	19.80	17.22	104131.14	1823	0	StephenHawking	
5425	3:22:13	1/1/2019 	12127080	757.00	29.00	19.96	17.22	104131.14	1822	0	StephenHawking	
5426	3:22:13	1/1/2019 	12127300	390.00	9.00	12.10	17.22	104131.14	1824	0	StephenHawking	
5427	3:22:13	1/1/2019 	12127304	188.00	8.00	9.02	17.22	104131.14	1823	0	StephenHawking	
5428	3:22:13	1/1/2019 	12127434	153.00	8.00	8.10	17.22	104131.14	2830	0	StephenHawking	
5429	3:22:13	1/1/2019 	12127640	408.00	9.00	12.25	17.22	104131.31	49804	1	StephenHawking	
5430	3:22:14	1/1/2019 	12128228	576.00	9.00	13.72	17.22	104131.48	1823	0	StephenHawking	
5431	3:22:14	1/1/2019 	12128462	973.00	526.00	90.49	17.22	104131.48	1823	0	StephenHawking	
5432	3:22:15	1/1/2019 	12129965	830.00	74.00	25.36	17.22	104132.02	97789	1	StephenHawking	
5433	3:22:16	1/1/2019 	12130278	838.00	75.00	25.53	17.22	104132.02	4201	0	StephenHawking	
5434	3:22:16	1/1/2019 	12130355	142.00	9.00	7.79	17.22	104132.02	1824	0	StephenHawking	
5435	3:22:16	1/1/2019 	12130896	171.00	9.00	8.60	17.22	104132.02	49803	0	StephenHawking	
5436	3:22:17	1/1/2019 	12131415	231.00	9.00	9.96	17.22	104132.02	1820	0	StephenHawking	
5437	3:22:17	1/1/2019 	12131467	211.00	9.00	9.55	17.22	104132.02	1821	0	StephenHawking	
5438	3:22:18	1/1/2019 	12132895	638.00	10.00	14.69	17.22	104131.80	97784	0	StephenHawking	
5439	3:22:19	1/1/2019 	12133262	126.00	9.00	7.33	17.22	104131.80	4407	0	StephenHawking	
5440	3:22:19	1/1/2019 	12133469	898.00	100.00	29.98	17.22	104131.80	1822	0	StephenHawking	
5441	3:22:19	1/1/2019 	12133743	973.00	440.00	79.76	17.22	104131.80	49805	1	StephenHawking	
5442	3:22:21	1/1/2019 	12135199	86.00	8.00	6.26	17.22	104131.61	49804	0	StephenHawking	
5443	3:22:21	1/1/2019 	12135214	918.00	116.00	33.14	17.22	104131.61	1822	1	StephenHawking	
5444	3:22:26	1/1/2019 	12139475	401.00	9.00	12.19	17.21	104131.70	193749	0	StephenHawking	
5445	3:22:27	1/1/2019 	12140626	787.00	47.00	22.16	17.21	104132.06	98784	0	StephenHawking	
5446	3:22:27	1/1/2019 	12140758	135.00	8.00	7.59	17.21	104132.06	2644	0	StephenHawking	
5447	3:22:28	1/1/2019 	12141478	958.00	319.00	60.28	17.21	104132.23	1822	1	StephenHawking	
5448	3:22:28	1/1/2019 	12141713	588.00	9.00	13.87	17.21	104132.23	49806	0	StephenHawking	
5449	3:22:29	1/1/2019 	12142996	515.00	9.00	13.05	17.21	104132.23	49805	0	StephenHawking	
5450	3:22:30	1/1/2019 	12143963	728.00	20.00	18.07	17.21	104132.41	51280	0	StephenHawking	
5451	3:22:31	1/1/2019 	12144842	914.00	117.00	33.33	17.21	104132.58	49808	1	StephenHawking	
5452	3:22:33	1/1/2019 	12146994	333.00	9.00	11.51	17.21	104133.10	97791	0	StephenHawking	
5453	3:22:33	1/1/2019 	12147027	897.00	100.00	29.98	17.21	104133.10	1823	1	StephenHawking	
5454	3:22:33	1/1/2019 	12147271	730.00	20.00	18.08	17.21	104133.10	1823	0	StephenHawking	
5455	3:22:33	1/1/2019 	12147421	345.00	9.00	11.65	17.21	104133.27	1823	0	StephenHawking	
5456	3:22:34	1/1/2019 	12147700	269.00	9.00	10.63	17.21	104133.27	50759	1	StephenHawking	
5457	3:22:34	1/1/2019 	12147819	106.00	8.00	6.75	17.21	104133.27	1823	0	StephenHawking	
5458	3:22:34	1/1/2019 	12147839	420.00	9.00	12.34	17.21	104133.27	1822	0	StephenHawking	
5459	3:22:35	1/1/2019 	12149018	568.00	9.00	13.62	17.21	104133.80	49805	0	StephenHawking	
5460	3:22:36	1/1/2019 	12150403	470.00	4.00	12.23	17.21	104134.33	49808	0	StephenHawking	
5461	3:22:38	1/1/2019 	12152362	965.00	390.00	72.78	17.21	104134.67	100113	1	StephenHawking	
5462	3:22:39	1/1/2019 	12152942	534.00	9.00	13.23	17.21	104134.84	49807	0	StephenHawking	
5463	3:22:39	1/1/2019 	12153349	354.00	9.00	11.75	17.21	104135.20	1823	0	StephenHawking	
5464	3:22:40	1/1/2019 	12153986	308.00	9.00	11.20	17.21	104135.38	49807	0	StephenHawking	
5465	3:22:41	1/1/2019 	12154899	79.00	9.00	6.12	17.21	104135.38	49813	0	StephenHawking	
5466	3:22:43	1/1/2019 	12157067	765.00	32.00	20.43	17.21	104135.72	97792	0	StephenHawking	
5467	3:22:43	1/1/2019 	12157101	955.00	183.00	43.69	17.21	104135.72	2798	0	StephenHawking	
5468	3:22:43	1/1/2019 	12157434	209.00	9.00	9.51	17.21	104135.72	1822	0	StephenHawking	
5469	3:22:44	1/1/2019 	12157589	305.00	9.00	11.16	17.21	104136.06	49804	0	StephenHawking	
5470	3:22:45	1/1/2019 	12158907	103.00	9.00	6.67	17.21	104136.06	49806	0	StephenHawking	
5471	3:22:45	1/1/2019 	12158937	76.00	8.00	6.07	17.21	104136.06	1823	0	StephenHawking	
5472	3:22:46	1/1/2019 	12160261	127.00	9.00	7.36	17.21	104136.24	49803	0	StephenHawking	
5473	3:22:46	1/1/2019 	12160393	912.00	113.00	32.54	17.21	104136.24	4106	0	StephenHawking	
5474	3:22:47	1/1/2019 	12161049	623.00	9.00	14.30	17.21	104136.41	49807	0	StephenHawking	
5475	3:22:47	1/1/2019 	12161434	272.00	9.00	10.68	17.21	104136.59	1823	0	StephenHawking	
5476	3:22:48	1/1/2019 	12161900	964.00	337.00	63.52	17.21	104136.41	49805	1	StephenHawking	
5477	3:22:48	1/1/2019 	12162422	596.00	9.00	13.97	17.21	104136.59	1824	0	StephenHawking	
5478	3:22:50	1/1/2019 	12164069	782.00	55.00	22.92	17.21	104137.11	98781	1	StephenHawking	
5479	3:22:50	1/1/2019 	12164162	104.00	12.00	6.71	17.21	104137.11	1824	0	StephenHawking	
5480	3:22:51	1/1/2019 	12164687	970.00	665.00	119.69	17.21	104137.11	49804	1	StephenHawking	
5481	3:22:52	1/1/2019 	12165737	780.00	52.00	22.62	17.21	104137.29	49808	0	StephenHawking	
5482	3:22:52	1/1/2019 	12165880	573.00	9.00	13.68	17.21	104137.29	1823	0	StephenHawking	
5483	3:22:53	1/1/2019 	12166494	951.00	184.00	43.80	17.21	104137.47	1822	1	StephenHawking	
5484	3:22:53	1/1/2019 	12167044	108.00	9.00	6.81	17.21	104137.64	50808	0	StephenHawking	
5485	3:22:54	1/1/2019 	12167870	716.00	16.00	16.96	17.21	104137.29	49805	0	StephenHawking	
5486	3:22:54	1/1/2019 	12167966	208.00	9.00	9.49	17.21	104137.29	1822	0	StephenHawking	
5487	3:22:54	1/1/2019 	12167996	950.00	163.00	41.22	17.21	104137.29	1822	1	StephenHawking	
5488	3:22:55	1/1/2019 	12168589	239.00	9.00	10.11	17.21	104137.29	49806	0	StephenHawking	
5489	3:22:56	1/1/2019 	12169489	927.00	127.00	35.26	17.21	104137.47	1824	1	StephenHawking	
5490	3:22:56	1/1/2019 	12169638	252.00	9.00	10.35	17.21	104137.64	50813	0	StephenHawking	
5491	3:22:57	1/1/2019 	12170956	546.00	9.00	13.36	17.22	104138.24	50749	0	StephenHawking	
5492	3:22:57	1/1/2019 	12171073	86.00	9.00	6.26	17.22	104138.24	1824	0	StephenHawking	
5493	3:22:57	1/1/2019 	12171249	97.00	9.00	6.52	17.22	104138.24	1821	0	StephenHawking	
5494	3:22:58	1/1/2019 	12172122	909.00	110.00	31.95	17.22	104138.77	49804	1	StephenHawking	
5495	3:22:58	1/1/2019 	12172382	789.00	56.00	23.05	17.22	104138.77	3374	0	StephenHawking	
5496	3:22:59	1/1/2019 	12172775	856.00	83.00	26.81	17.22	104138.94	49806	1	StephenHawking	
5497	3:23:02	1/1/2019 	12176375	809.00	65.00	24.12	17.22	104139.64	145774	0	StephenHawking	
5498	3:23:03	1/1/2019 	12176643	106.00	9.00	6.76	17.22	104139.64	49808	0	StephenHawking	
5499	3:23:03	1/1/2019 	12176857	133.00	9.00	7.53	17.22	104139.81	1822	0	StephenHawking	
5500	3:23:03	1/1/2019 	12177361	957.00	224.00	47.65	17.22	104140.56	1822	1	StephenHawking	
5501	3:23:03	1/1/2019 	12177433	165.00	9.00	8.44	17.22	104140.56	5047	0	StephenHawking	
5502	3:23:04	1/1/2019 	12177644	593.00	9.00	13.93	17.22	104140.56	49805	0	StephenHawking	
5503	3:23:04	1/1/2019 	12178327	958.00	268.00	52.39	17.22	104140.73	1823	1	StephenHawking	
5504	3:23:05	1/1/2019 	12179417	958.00	251.00	50.36	17.22	104141.08	49807	1	StephenHawking	
5505	3:23:06	1/1/2019 	12179755	942.00	147.00	38.81	17.22	104141.43	49808	1	StephenHawking	
5506	3:23:06	1/1/2019 	12179850	774.00	40.00	21.41	17.22	104141.43	3989	1	StephenHawking	
5507	3:23:07	1/1/2019 	12180489	186.00	9.00	8.98	17.22	104141.43	1822	0	StephenHawking	
5508	3:23:07	1/1/2019 	12180663	145.00	9.00	7.88	17.22	104141.43	49807	0	StephenHawking	
5509	3:23:07	1/1/2019 	12181433	675.00	11.00	15.26	17.22	104141.61	1823	0	StephenHawking	
5510	3:23:10	1/1/2019 	12183810	361.00	9.00	11.82	17.22	104141.78	145774	0	StephenHawking	
5511	3:23:10	1/1/2019 	12183835	983.00	924.00	194.54	17.22	104141.78	1824	1	StephenHawking	
5512	3:23:10	1/1/2019 	12183872	683.00	12.00	15.61	17.22	104141.78	2773	0	StephenHawking	
5513	3:23:10	1/1/2019 	12183976	958.00	236.00	48.80	17.22	104141.78	1823	1	StephenHawking	
5514	3:23:10	1/1/2019 	12184147	175.00	8.00	8.69	17.22	104141.78	1823	1	StephenHawking	
5515	3:23:11	1/1/2019 	12184678	797.00	58.00	23.29	17.22	104142.39	49805	0	StephenHawking	
5516	3:23:11	1/1/2019 	12184912	352.00	9.00	11.73	17.22	104142.39	1824	0	StephenHawking	
5517	3:23:11	1/1/2019 	12185439	681.00	12.00	15.60	17.22	104142.39	1822	0	StephenHawking	
5518	3:23:13	1/1/2019 	12186696	97.00	9.00	6.52	17.22	104142.30	98745	0	StephenHawking	
5519	3:23:13	1/1/2019 	12187202	781.00	48.00	22.23	17.22	104142.30	1822	0	StephenHawking	
5520	3:23:15	1/1/2019 	12189062	907.00	108.00	31.55	17.22	104142.30	97787	0	StephenHawking	
5521	3:23:16	1/1/2019 	12189603	781.00	53.00	22.72	17.22	104142.48	49807	1	StephenHawking	
5522	3:23:16	1/1/2019 	12189642	770.00	35.00	20.84	17.22	104142.48	2688	0	StephenHawking	
5523	3:23:16	1/1/2019 	12190445	687.00	13.00	15.93	17.22	104142.66	3322	0	StephenHawking	
5524	3:23:17	1/1/2019 	12190707	942.00	156.00	40.21	17.22	104143.26	49806	1	StephenHawking	
5525	3:23:17	1/1/2019 	12190995	776.00	50.00	22.40	17.22	104143.26	1824	1	StephenHawking	
5526	3:23:17	1/1/2019 	12191059	145.00	9.00	7.88	17.22	104143.26	1823	0	StephenHawking	
5527	3:23:18	1/1/2019 	12191564	724.00	19.00	17.81	17.22	104143.44	49803	0	StephenHawking	
5528	3:23:18	1/1/2019 	12191584	789.00	61.00	23.59	17.22	104143.44	1823	0	StephenHawking	
5529	3:23:18	1/1/2019 	12191791	139.00	9.00	7.71	17.22	104143.44	2799	0	StephenHawking	
5530	3:23:18	1/1/2019 	12192405	630.00	9.00	14.37	17.22	104143.44	1822	0	StephenHawking	
5531	3:23:19	1/1/2019 	12193082	876.00	88.00	27.72	17.22	104143.61	49803	1	StephenHawking	
5532	3:23:20	1/1/2019 	12193491	356.00	9.00	11.77	17.22	104143.61	1824	0	StephenHawking	
5533	3:23:22	1/1/2019 	12196094	948.00	186.00	44.01	17.22	104144.12	145769	0	StephenHawking	
5534	3:23:23	1/1/2019 	12197154	329.00	9.00	11.47	17.22	104144.30	49810	0	StephenHawking	
5535	3:23:23	1/1/2019 	12197324	973.00	395.00	73.57	17.22	104144.48	2805	1	StephenHawking	
5536	3:23:23	1/1/2019 	12197339	194.00	9.00	9.17	17.22	104144.48	1822	0	StephenHawking	
5537	3:23:24	1/1/2019 	12197723	66.00	9.00	5.93	17.22	104144.48	49801	0	StephenHawking	
5538	3:23:24	1/1/2019 	12197820	84.00	9.00	6.22	17.22	104144.66	1823	0	StephenHawking	
5539	3:23:24	1/1/2019 	12198326	946.00	158.00	40.51	17.22	104144.66	1823	1	StephenHawking	
5540	3:23:25	1/1/2019 	12198819	385.00	9.00	12.05	17.22	104145.00	50791	0	StephenHawking	
5541	3:23:25	1/1/2019 	12199048	109.00	8.00	6.84	17.22	104146.48	1823	0	StephenHawking	
5542	3:23:25	1/1/2019 	12199277	443.00	9.00	12.51	17.22	104146.48	1822	0	StephenHawking	
5543	3:23:28	1/1/2019 	12201656	323.00	9.00	11.39	17.22	104155.90	145767	0	StephenHawking	
5544	3:23:29	1/1/2019 	12202675	940.00	133.00	36.38	17.22	104163.40	50718	0	StephenHawking	
5545	3:23:31	1/1/2019 	12204876	888.00	96.00	29.20	17.23	104174.99	97790	0	StephenHawking	
5546	3:23:31	1/1/2019 	12205019	670.00	10.00	14.92	17.23	104177.44	3353	0	StephenHawking	
5547	3:23:31	1/1/2019 	12205421	932.00	127.00	35.27	17.23	104177.44	1823	0	StephenHawking	
5548	3:23:33	1/1/2019 	12206714	963.00	444.00	80.25	17.23	104179.17	97788	1	StephenHawking	
5549	3:23:33	1/1/2019 	12206881	652.00	10.00	14.82	17.23	104179.88	1827	0	StephenHawking	
5550	3:23:33	1/1/2019 	12207270	91.00	9.00	6.37	17.23	104179.88	1830	0	StephenHawking	
5551	3:23:34	1/1/2019 	12207880	335.00	9.00	11.54	17.23	104180.40	49808	1	StephenHawking	
5552	3:23:38	1/1/2019 	12212345	961.00	358.00	67.32	17.23	104178.17	194764	1	StephenHawking	
5553	3:23:40	1/1/2019 	12213921	951.00	185.00	43.90	17.24	104178.16	98739	1	StephenHawking	
5554	3:23:40	1/1/2019 	12214382	527.00	9.00	13.16	17.24	104178.16	1824	0	StephenHawking	
5555	3:23:41	1/1/2019 	12214700	556.00	9.00	13.47	17.24	104177.98	49805	0	StephenHawking	
5556	3:23:42	1/1/2019 	12215553	455.00	13.00	12.87	17.24	104178.25	49807	0	StephenHawking	
5557	3:23:42	1/1/2019 	12215607	594.00	9.00	13.95	17.24	104178.25	3374	0	StephenHawking	
5558	3:23:42	1/1/2019 	12215952	423.00	9.00	12.37	17.24	104178.08	1822	0	StephenHawking	
5559	3:23:44	1/1/2019 	12217932	982.00	926.00	198.22	17.24	104177.63	97789	1	StephenHawking	
5560	3:23:45	1/1/2019 	12218687	284.00	8.00	10.83	17.25	104177.86	49808	0	StephenHawking	
5561	3:23:45	1/1/2019 	12218889	160.00	9.00	8.30	17.25	104178.11	1822	0	StephenHawking	
5562	3:23:46	1/1/2019 	12220452	572.00	9.00	13.67	17.25	104177.59	49805	0	StephenHawking	
5563	3:23:47	1/1/2019 	12220646	908.00	105.00	30.97	17.25	104177.84	51946	0	StephenHawking	
5564	3:23:47	1/1/2019 	12220951	921.00	121.00	34.11	17.25	104177.84	1824	0	StephenHawking	
5565	3:23:48	1/1/2019 	12221723	329.00	9.00	11.47	17.25	104177.67	49805	0	StephenHawking	
5566	3:23:48	1/1/2019 	12222183	949.00	143.00	38.14	17.25	104177.33	1825	0	StephenHawking	
5567	3:23:49	1/1/2019 	12222966	807.00	62.00	23.76	17.25	104177.58	49806	0	StephenHawking	
5568	3:23:49	1/1/2019 	12223312	78.00	9.00	6.10	17.25	104177.41	2763	0	StephenHawking	
5569	3:23:50	1/1/2019 	12224001	953.00	221.00	47.38	17.25	104177.23	49804	0	StephenHawking	
5570	3:23:50	1/1/2019 	12224350	496.00	9.00	12.89	17.26	104177.66	1824	0	StephenHawking	
5571	3:23:50	1/1/2019 	12224404	652.00	10.00	14.82	17.26	104177.66	1824	0	StephenHawking	
5572	3:23:50	1/1/2019 	12224444	536.00	10.00	13.36	17.26	104177.66	1824	0	StephenHawking	
5573	3:23:51	1/1/2019 	12225020	938.00	137.00	37.10	17.26	104177.31	49805	0	StephenHawking	
5574	3:23:51	1/1/2019 	12225141	71.00	8.00	5.99	17.26	104177.31	2768	1	StephenHawking	
5575	3:23:52	1/1/2019 	12226237	109.00	9.00	6.84	17.26	104176.97	49804	0	StephenHawking	
5576	3:23:53	1/1/2019 	12226805	710.00	16.00	16.94	17.26	104176.97	49804	0	StephenHawking	
5577	3:23:53	1/1/2019 	12227273	953.00	196.00	45.04	17.26	104176.97	1825	1	StephenHawking	
5578	3:23:54	1/1/2019 	12227617	118.00	8.00	7.09	17.26	104176.97	49805	0	StephenHawking	
5579	3:23:54	1/1/2019 	12227947	974.00	492.00	85.86	17.26	104176.62	1824	1	StephenHawking	
5580	3:23:54	1/1/2019 	12228071	557.00	9.00	13.48	17.26	104176.62	2773	0	StephenHawking	
5581	3:23:54	1/1/2019 	12228370	435.00	9.00	12.45	17.26	104176.62	1823	0	StephenHawking	
5582	3:23:55	1/1/2019 	12229326	160.00	9.00	8.30	17.26	104176.62	49805	0	StephenHawking	
5583	3:23:56	1/1/2019 	12230021	738.00	22.00	18.58	17.26	104176.62	49806	0	StephenHawking	
5584	3:23:58	1/1/2019 	12231990	83.00	9.00	6.20	17.26	104176.62	98647	0	StephenHawking	
5585	3:23:58	1/1/2019 	12232331	89.00	9.00	6.32	17.26	104176.62	3315	0	StephenHawking	
5586	3:23:59	1/1/2019 	12232700	894.00	101.00	30.16	17.26	104176.62	49806	1	StephenHawking	
5587	3:23:59	1/1/2019 	12233387	106.00	9.00	6.76	17.26	104176.62	1824	0	StephenHawking	
5588	3:24:00	1/1/2019 	12233692	175.00	9.00	8.70	17.26	104176.62	49804	0	StephenHawking	
5589	3:24:00	1/1/2019 	12233784	516.00	9.00	13.06	17.26	104176.62	1823	0	StephenHawking	
5590	3:24:00	1/1/2019 	12233964	341.00	9.00	11.61	17.26	104176.62	1823	0	StephenHawking	
5591	3:24:01	1/1/2019 	12234625	141.00	8.00	7.76	17.26	104176.62	50777	0	StephenHawking	
5592	3:24:01	1/1/2019 	12235046	971.00	377.00	70.63	17.26	104176.80	1824	1	StephenHawking	
5593	3:24:01	1/1/2019 	12235349	189.00	9.00	9.05	17.26	104176.80	1822	0	StephenHawking	
5594	3:24:02	1/1/2019 	12236046	90.00	9.00	6.35	17.26	104176.97	49806	0	StephenHawking	
5595	3:24:02	1/1/2019 	12236157	778.00	37.00	21.10	17.26	104176.97	1824	1	StephenHawking	
5596	3:24:03	1/1/2019 	12236749	872.00	86.00	27.36	17.26	104177.14	49807	0	StephenHawking	
5597	3:24:04	1/1/2019 	12237558	902.00	106.00	31.15	17.26	104177.14	50784	0	StephenHawking	
5598	3:24:04	1/1/2019 	12237716	682.00	12.00	15.60	17.26	104177.14	1824	0	StephenHawking	
5599	3:24:04	1/1/2019 	12238398	309.00	9.00	11.21	17.26	104177.31	1823	0	StephenHawking	
5600	3:24:05	1/1/2019 	12238694	284.00	9.00	10.86	17.26	104177.31	49807	0	StephenHawking	
5601	3:24:05	1/1/2019 	12239321	967.00	387.00	72.30	17.26	104177.49	1824	1	StephenHawking	
5602	3:24:05	1/1/2019 	12239411	339.00	9.00	11.58	17.26	104177.49	2805	0	StephenHawking	
5603	3:24:06	1/1/2019 	12239496	515.00	9.00	13.05	17.26	104177.49	1823	0	StephenHawking	
5604	3:24:06	1/1/2019 	12239836	836.00	75.00	25.52	17.26	104177.49	49807	0	StephenHawking	
5605	3:24:06	1/1/2019 	12240303	982.00	908.00	177.95	17.26	104177.49	2731	0	StephenHawking	
5606	3:24:06	1/1/2019 	12240410	189.00	9.00	9.05	17.26	104177.49	1823	0	StephenHawking	
5607	3:24:07	1/1/2019 	12240750	169.00	9.00	8.54	17.26	104177.66	49805	1	StephenHawking	
5608	3:24:07	1/1/2019 	12240908	684.00	13.00	15.92	17.26	104177.66	3349	0	StephenHawking	
5609	3:24:07	1/1/2019 	12240945	964.00	310.00	58.73	17.26	104177.66	1823	0	StephenHawking	
5610	3:24:07	1/1/2019 	12241312	974.00	573.00	98.92	17.26	104177.66	1824	0	StephenHawking	
5611	3:24:08	1/1/2019 	12241913	566.00	9.00	13.59	17.26	104177.84	49805	0	StephenHawking	
5612	3:24:09	1/1/2019 	12242499	967.00	680.00	122.70	17.26	104177.84	1825	0	StephenHawking	
5613	3:24:09	1/1/2019 	12242878	875.00	89.00	27.89	17.26	104178.02	50911	0	StephenHawking	
5614	3:24:09	1/1/2019 	12242973	962.00	264.00	51.88	17.26	104178.02	1824	1	StephenHawking	
5615	3:24:09	1/1/2019 	12243331	89.00	9.00	6.32	17.26	104178.02	1823	0	StephenHawking	
5616	3:24:10	1/1/2019 	12244056	123.00	9.00	7.24	17.26	104178.02	49804	0	StephenHawking	
5617	3:24:11	1/1/2019 	12244868	972.00	542.00	93.05	17.26	104178.02	49806	1	StephenHawking	
5618	3:24:12	1/1/2019 	12245820	737.00	21.00	18.35	17.26	104178.19	49808	0	StephenHawking	
5619	3:24:12	1/1/2019 	12246063	977.00	610.00	107.07	17.26	104178.19	2798	1	StephenHawking	
5620	3:24:13	1/1/2019 	12246846	944.00	149.00	39.13	17.26	104178.19	49807	0	StephenHawking	
5621	3:24:13	1/1/2019 	12247434	73.00	9.00	6.02	17.26	104178.19	1823	0	StephenHawking	
5622	3:24:16	1/1/2019 	12249599	579.00	9.00	13.75	17.26	104177.84	145771	0	StephenHawking	
5623	3:24:16	1/1/2019 	12250327	695.00	12.00	15.65	17.26	104178.02	2769	0	StephenHawking	
5624	3:24:17	1/1/2019 	12250998	818.00	69.00	24.65	17.26	104178.19	49805	0	StephenHawking	
5625	3:24:18	1/1/2019 	12251935	348.00	9.00	11.69	17.26	104178.36	51394	0	StephenHawking	
5626	3:24:19	1/1/2019 	12253153	784.00	53.00	22.73	17.26	104178.53	49805	0	StephenHawking	
5627	3:24:20	1/1/2019 	12254401	313.00	9.00	11.27	17.26	104179.28	49806	0	StephenHawking	
5628	3:24:21	1/1/2019 	12255128	684.00	12.00	15.61	17.26	104179.46	49806	0	StephenHawking	
5629	3:24:22	1/1/2019 	12256031	79.00	8.00	6.12	17.26	104179.63	49805	0	StephenHawking	
5630	3:24:22	1/1/2019 	12256065	93.00	9.00	6.42	17.26	104179.80	2851	0	StephenHawking	
5631	3:24:22	1/1/2019 	12256193	365.00	9.00	11.86	17.26	104179.80	1821	0	StephenHawking	
5632	3:24:23	1/1/2019 	12256688	87.00	9.00	6.28	17.26	104179.98	49804	0	StephenHawking	
5633	3:24:23	1/1/2019 	12256863	371.00	9.00	11.92	17.26	104179.98	1823	0	StephenHawking	
5634	3:24:24	1/1/2019 	12258103	231.00	9.00	9.96	17.26	104180.50	49804	0	StephenHawking	
5635	3:24:25	1/1/2019 	12258679	774.00	43.00	21.72	17.26	104180.68	49805	0	StephenHawking	
5636	3:24:27	1/1/2019 	12260753	586.00	9.00	13.84	17.26	104181.20	101021	0	StephenHawking	
5637	3:24:27	1/1/2019 	12261213	543.00	9.00	13.33	17.26	104181.38	2643	0	StephenHawking	
5638	3:24:27	1/1/2019 	12261430	302.00	9.00	11.12	17.26	104181.38	1828	0	StephenHawking	
5639	3:24:28	1/1/2019 	12261988	822.00	68.00	24.53	17.26	104181.38	49813	0	StephenHawking	
5640	3:24:29	1/1/2019 	12263224	600.00	9.00	14.02	17.26	104181.16	49812	0	StephenHawking	
5641	3:24:30	1/1/2019 	12263587	936.00	132.00	36.20	17.26	104181.33	49808	0	StephenHawking	
5642	3:24:30	1/1/2019 	12264071	721.00	17.00	17.27	17.26	104181.50	3395	0	StephenHawking	
5643	3:24:31	1/1/2019 	12264865	107.00	9.00	6.78	17.26	104181.91	49804	0	StephenHawking	
5644	3:24:31	1/1/2019 	12265235	884.00	93.00	28.63	17.26	104182.25	1823	1	StephenHawking	
5645	3:24:32	1/1/2019 	12266133	142.00	9.00	7.79	17.26	104182.42	49806	0	StephenHawking	
5646	3:24:32	1/1/2019 	12266426	262.00	9.00	10.52	17.26	104182.42	1823	0	StephenHawking	
5647	3:24:33	1/1/2019 	12267182	972.00	553.00	95.03	17.26	104182.60	50757	0	StephenHawking	
5648	3:24:34	1/1/2019 	12267981	415.00	9.00	12.30	17.26	104182.77	49806	0	StephenHawking	
5649	3:24:35	1/1/2019 	12268977	125.00	9.00	7.30	17.26	104182.95	49805	0	StephenHawking	
5650	3:24:35	1/1/2019 	12269155	401.00	9.00	12.19	17.26	104182.95	1823	0	StephenHawking	
5651	3:24:36	1/1/2019 	12269620	780.00	41.00	21.54	17.26	104183.12	49808	0	StephenHawking	
5652	3:24:37	1/1/2019 	12270494	438.00	9.00	12.47	17.26	104183.30	2682	0	StephenHawking	
5653	3:24:38	1/1/2019 	12272299	82.00	8.00	6.17	17.26	104183.64	99279	0	StephenHawking	
5654	3:24:39	1/1/2019 	12272736	91.00	9.00	6.37	17.26	104183.64	49805	0	StephenHawking	
5655	3:24:39	1/1/2019 	12272825	626.00	10.00	14.56	17.26	104183.64	1824	0	StephenHawking	
5656	3:24:39	1/1/2019 	12273205	133.00	9.00	7.53	17.26	104183.64	1823	0	StephenHawking	
5657	3:24:39	1/1/2019 	12273358	945.00	138.00	37.28	17.26	104183.64	1822	1	StephenHawking	
5658	3:24:40	1/1/2019 	12273585	957.00	253.00	50.58	17.26	104183.82	49807	0	StephenHawking	
5659	3:24:41	1/1/2019 	12274937	482.00	9.00	12.79	17.26	104184.17	50778	0	StephenHawking	
5660	3:24:41	1/1/2019 	12275312	117.00	9.00	7.07	17.26	104184.34	1823	0	StephenHawking	
5661	3:24:42	1/1/2019 	12275605	976.00	887.00	164.80	17.26	104184.34	49806	1	StephenHawking	
5662	3:24:42	1/1/2019 	12275642	757.00	28.00	19.80	17.26	104184.34	1825	0	StephenHawking	
5663	3:24:42	1/1/2019 	12275679	367.00	9.00	11.88	17.26	104184.34	1823	0	StephenHawking	
5664	3:24:42	1/1/2019 	12275938	954.00	209.00	46.27	17.26	104184.52	2798	1	StephenHawking	
5665	3:24:43	1/1/2019 	12277370	837.00	77.00	25.82	17.26	104184.69	49807	0	StephenHawking	
5666	3:24:44	1/1/2019 	12277958	429.00	9.00	12.41	17.26	104184.87	49807	0	StephenHawking	
5667	3:24:44	1/1/2019 	12278092	93.00	9.00	6.42	17.26	104184.87	1822	0	StephenHawking	
5668	3:24:44	1/1/2019 	12278163	904.00	104.00	30.77	17.26	104184.87	1822	0	StephenHawking	
5669	3:24:44	1/1/2019 	12278312	963.00	298.00	56.74	17.26	104185.04	1823	0	StephenHawking	
5670	3:24:49	1/1/2019 	12283139	553.00	9.00	13.44	17.26	104185.39	242720	0	StephenHawking	
5671	3:24:49	1/1/2019 	12283420	69.00	9.00	5.97	17.26	104185.39	2728	0	StephenHawking	
5672	3:24:50	1/1/2019 	12283803	83.00	9.00	6.20	17.26	104185.56	49804	0	StephenHawking	
5673	3:24:52	1/1/2019 	12285814	601.00	9.00	14.04	17.26	104185.56	97788	0	StephenHawking	
5674	3:24:52	1/1/2019 	12285829	181.00	9.00	8.85	17.26	104185.56	1824	0	StephenHawking	
5675	3:24:52	1/1/2019 	12285931	436.00	9.00	12.46	17.26	104185.56	3348	0	StephenHawking	
5676	3:24:53	1/1/2019 	12286633	948.00	203.00	45.71	17.26	104185.56	49805	1	StephenHawking	
5677	3:24:53	1/1/2019 	12286705	687.00	12.00	15.62	17.26	104185.56	1824	0	StephenHawking	
5678	3:24:54	1/1/2019 	12287621	952.00	233.00	48.51	17.26	104185.56	49806	1	StephenHawking	
5679	3:24:54	1/1/2019 	12287973	968.00	429.00	78.38	17.26	104185.56	1825	1	StephenHawking	
5680	3:24:55	1/1/2019 	12288565	867.00	88.00	27.69	17.26	104185.73	49806	0	StephenHawking	
5681	3:24:55	1/1/2019 	12289183	965.00	353.00	66.42	17.26	104185.91	2829	1	StephenHawking	
5682	3:24:56	1/1/2019 	12289626	609.00	9.00	14.14	17.26	104185.91	49806	0	StephenHawking	
5683	3:24:56	1/1/2019 	12289673	864.00	85.00	27.17	17.26	104185.91	2764	0	StephenHawking	
5684	3:24:56	1/1/2019 	12290014	336.00	9.00	11.55	17.26	104185.91	1823	0	StephenHawking	
5685	3:24:57	1/1/2019 	12290765	898.00	101.00	30.18	17.26	104186.09	49806	0	StephenHawking	
5686	3:24:57	1/1/2019 	12290838	762.00	30.00	20.13	17.26	104186.09	1824	0	StephenHawking	
5687	3:24:57	1/1/2019 	12291243	542.00	9.00	13.32	17.26	104186.09	3368	0	StephenHawking	
5688	3:24:57	1/1/2019 	12291442	971.00	562.00	96.71	17.26	104186.09	1823	0	StephenHawking	
5689	3:24:58	1/1/2019 	12291858	206.00	9.00	9.44	17.26	104185.91	49806	0	StephenHawking	
5690	3:24:58	1/1/2019 	12292327	805.00	65.00	24.11	17.26	104186.09	1823	1	StephenHawking	
5691	3:24:59	1/1/2019 	12293032	620.00	10.00	14.48	17.26	104186.27	49806	0	StephenHawking	
5692	3:25:00	1/1/2019 	12293490	954.00	241.00	49.30	17.26	104186.44	2849	1	StephenHawking	
5693	3:25:00	1/1/2019 	12293661	134.00	9.00	7.56	17.26	104186.44	49807	0	StephenHawking	
5694	3:25:00	1/1/2019 	12294011	365.00	9.00	11.86	17.26	104186.61	1821	0	StephenHawking	
5695	3:25:00	1/1/2019 	12294285	68.00	9.00	5.95	17.26	104186.61	1821	0	StephenHawking	
5696	3:25:01	1/1/2019 	12295200	903.00	108.00	31.54	17.26	104186.95	49804	1	StephenHawking	
5697	3:25:02	1/1/2019 	12295474	753.00	25.00	19.26	17.26	104186.95	1824	0	StephenHawking	
5698	3:25:02	1/1/2019 	12295694	941.00	135.00	36.75	17.26	104186.95	50838	0	StephenHawking	
5699	3:25:02	1/1/2019 	12296166	129.00	9.00	7.41	17.26	104186.95	1823	0	StephenHawking	
5700	3:25:03	1/1/2019 	12297060	557.00	9.00	13.48	17.26	104187.31	49808	0	StephenHawking	
5701	3:25:04	1/1/2019 	12298315	171.00	9.00	8.60	17.26	104187.48	49806	0	StephenHawking	
5702	3:25:05	1/1/2019 	12298809	646.00	10.00	14.77	17.26	104187.48	49806	0	StephenHawking	
5703	3:25:06	1/1/2019 	12300373	930.00	131.00	36.01	17.26	104187.66	49808	0	StephenHawking	
5704	3:25:06	1/1/2019 	12300451	148.00	9.00	7.97	17.26	104187.66	3988	0	StephenHawking	
5705	3:25:07	1/1/2019 	12300573	163.00	9.00	8.38	17.26	104188.00	49807	0	StephenHawking	
5706	3:25:07	1/1/2019 	12300987	974.00	585.00	101.51	17.26	104188.00	1824	0	StephenHawking	
5707	3:25:08	1/1/2019 	12301657	587.00	9.00	13.86	17.26	104188.00	49809	1	StephenHawking	
5708	3:25:08	1/1/2019 	12302141	86.00	9.00	6.26	17.26	104188.18	1822	0	StephenHawking	
5709	3:25:09	1/1/2019 	12302886	675.00	12.00	15.56	17.26	104188.35	50750	0	StephenHawking	
5710	3:25:09	1/1/2019 	12303010	88.00	9.00	6.30	17.26	104188.53	1824	0	StephenHawking	
5711	3:25:10	1/1/2019 	12303473	617.00	9.00	14.23	17.26	104188.53	1822	0	StephenHawking	
5712	3:25:10	1/1/2019 	12304261	901.00	102.00	30.38	17.26	104189.13	49808	1	StephenHawking	
5713	3:25:11	1/1/2019 	12304978	422.00	9.00	12.36	17.26	104189.31	49806	0	StephenHawking	
5714	3:25:11	1/1/2019 	12305344	953.00	189.00	44.33	17.26	104189.48	1823	1	StephenHawking	
5715	3:25:12	1/1/2019 	12306194	125.00	8.00	7.29	17.26	104189.66	50758	0	StephenHawking	
5716	3:25:12	1/1/2019 	12306200	435.00	9.00	12.45	17.26	104189.66	1823	0	StephenHawking	
5717	3:25:12	1/1/2019 	12306415	770.00	33.00	20.58	17.26	104189.66	1822	1	StephenHawking	
5718	3:25:13	1/1/2019 	12307238	700.00	14.00	16.30	17.26	104189.83	49807	0	StephenHawking	
5719	3:25:14	1/1/2019 	12308217	84.00	8.00	6.21	17.26	104189.83	49808	0	StephenHawking	
5720	3:25:15	1/1/2019 	12308838	457.00	9.00	12.61	17.26	104190.00	50762	0	StephenHawking	
5721	3:25:15	1/1/2019 	12309419	343.00	9.00	11.63	17.26	104190.00	1823	0	StephenHawking	
5722	3:25:16	1/1/2019 	12309752	945.00	171.00	42.27	17.26	104190.00	49807	1	StephenHawking	
5723	3:25:17	1/1/2019 	12310585	942.00	144.00	38.31	17.26	104190.44	50670	0	StephenHawking	
5724	3:25:17	1/1/2019 	12310741	319.00	9.00	11.34	17.26	104190.00	1824	0	StephenHawking	
5725	3:25:17	1/1/2019 	12310843	981.00	559.00	96.14	17.26	104190.00	1824	1	StephenHawking	
5726	3:25:19	1/1/2019 	12312707	210.00	9.00	9.53	17.26	104190.96	99286	0	StephenHawking	
5727	3:25:19	1/1/2019 	12312739	388.00	9.00	12.08	17.26	104190.96	1823	0	StephenHawking	
5728	3:25:19	1/1/2019 	12313079	602.00	9.00	14.05	17.26	104190.96	1823	0	StephenHawking	
5729	3:25:20	1/1/2019 	12314318	919.00	121.00	34.11	17.26	104191.14	49805	0	StephenHawking	
5730	3:25:20	1/1/2019 	12314357	99.00	8.00	6.57	17.26	104191.14	1824	0	StephenHawking	
5731	3:25:22	1/1/2019 	12315833	308.00	9.00	11.20	17.26	104191.48	97787	0	StephenHawking	
5732	3:25:23	1/1/2019 	12316641	940.00	139.00	37.46	17.26	104191.31	50785	0	StephenHawking	
5733	3:25:23	1/1/2019 	12317379	783.00	51.00	22.53	17.26	104191.31	1824	0	StephenHawking	
5734	3:25:24	1/1/2019 	12317977	117.00	9.00	7.07	17.26	104191.48	49805	0	StephenHawking	
5735	3:25:24	1/1/2019 	12318316	892.00	97.00	29.40	17.26	104191.48	1823	1	StephenHawking	
5736	3:25:25	1/1/2019 	12318824	288.00	9.00	10.92	17.26	104191.66	49807	0	StephenHawking	
5737	3:25:25	1/1/2019 	12318927	147.00	9.00	7.94	17.26	104191.66	2906	0	StephenHawking	
5738	3:25:25	1/1/2019 	12319364	665.00	11.00	15.20	17.26	104191.84	1822	0	StephenHawking	
5739	3:25:25	1/1/2019 	12319399	734.00	20.00	18.10	17.26	104191.84	1823	0	StephenHawking	
5740	3:25:28	1/1/2019 	12321556	76.00	9.00	6.07	17.26	104192.19	145775	0	StephenHawking	
5741	3:25:29	1/1/2019 	12322736	278.00	9.00	10.77	17.26	104192.36	50715	0	StephenHawking	
5742	3:25:29	1/1/2019 	12323298	960.00	267.00	52.26	17.26	104192.36	1823	0	StephenHawking	
5743	3:25:30	1/1/2019 	12323670	950.00	170.00	42.14	17.26	104192.53	51331	1	StephenHawking	
5744	3:25:30	1/1/2019 	12323933	100.00	9.00	6.60	17.26	104192.53	1824	0	StephenHawking	
5745	3:25:30	1/1/2019 	12324219	284.00	9.00	10.86	17.26	104192.70	1822	1	StephenHawking	
5746	3:25:30	1/1/2019 	12324326	224.00	9.00	9.82	17.26	104192.70	1821	0	StephenHawking	
5747	3:25:31	1/1/2019 	12324942	952.00	229.00	48.12	17.26	104192.70	49806	1	StephenHawking	
5748	3:25:33	1/1/2019 	12326931	670.00	11.00	15.23	17.27	104193.31	97795	0	StephenHawking	
5749	3:25:33	1/1/2019 	12326969	706.00	13.00	16.00	17.27	104193.48	2828	0	StephenHawking	
5750	3:25:33	1/1/2019 	12327162	689.00	12.00	15.63	17.27	104193.48	1822	0	StephenHawking	
5751	3:25:33	1/1/2019 	12327381	675.00	11.00	15.26	17.27	104193.48	1823	0	StephenHawking	
5752	3:25:34	1/1/2019 	12327557	842.00	77.00	25.83	17.27	104193.66	49805	1	StephenHawking	
5753	3:25:35	1/1/2019 	12329089	780.00	49.00	22.33	17.27	104193.66	49809	0	StephenHawking	
5754	3:25:36	1/1/2019 	12329725	145.00	7.00	7.87	17.27	104193.66	50815	0	StephenHawking	
5755	3:25:37	1/1/2019 	12330733	942.00	134.00	36.57	17.26	104193.58	50759	0	StephenHawking	
5756	3:25:37	1/1/2019 	12331395	76.00	9.00	6.07	17.27	104194.02	1824	0	StephenHawking	
5757	3:25:39	1/1/2019 	12332821	99.00	9.00	6.57	17.26	104193.92	97786	0	StephenHawking	
5758	3:25:39	1/1/2019 	12332861	271.00	9.00	10.66	17.26	104193.92	1822	0	StephenHawking	
5759	3:25:39	1/1/2019 	12333209	353.00	9.00	11.74	17.26	104194.10	1823	0	StephenHawking	
5760	3:25:39	1/1/2019 	12333329	168.00	9.00	8.52	17.26	104194.10	3376	0	StephenHawking	
5761	3:25:40	1/1/2019 	12333562	954.00	230.00	48.22	17.26	104194.27	49805	1	StephenHawking	
5762	3:25:40	1/1/2019 	12333736	916.00	116.00	33.13	17.26	104194.27	1824	1	StephenHawking	
5763	3:25:40	1/1/2019 	12333835	180.00	9.00	8.83	17.26	104194.27	1823	0	StephenHawking	
5764	3:25:40	1/1/2019 	12333881	199.00	8.00	9.28	17.26	104194.27	1821	0	StephenHawking	
5765	3:25:40	1/1/2019 	12333930	750.00	23.00	18.84	17.26	104194.27	1822	0	StephenHawking	
5766	3:25:40	1/1/2019 	12333955	726.00	18.00	17.56	17.26	104194.27	2954	0	StephenHawking	
5767	3:25:40	1/1/2019 	12334389	423.00	9.00	12.37	17.26	104194.62	1826	1	StephenHawking	
5768	3:25:41	1/1/2019 	12335315	782.00	41.00	21.55	17.26	104195.15	49812	1	StephenHawking	
5769	3:25:42	1/1/2019 	12335969	654.00	10.00	14.83	17.27	104195.92	49809	0	StephenHawking	
5770	3:25:43	1/1/2019 	12336614	121.00	8.00	7.18	17.27	104195.05	49807	0	StephenHawking	
5771	3:25:43	1/1/2019 	12336629	666.00	11.00	15.21	17.27	104195.05	5057	0	StephenHawking	
5772	3:25:43	1/1/2019 	12336816	740.00	21.00	18.36	17.27	104195.05	1822	0	StephenHawking	
5773	3:25:44	1/1/2019 	12338182	935.00	132.00	36.20	17.27	104196.11	49807	1	StephenHawking	
5774	3:25:45	1/1/2019 	12338492	206.00	9.00	9.44	17.27	104196.80	1823	0	StephenHawking	
5775	3:25:46	1/1/2019 	12339482	720.00	18.00	17.53	17.27	104197.50	49807	0	StephenHawking	
5776	3:25:48	1/1/2019 	12341943	973.00	595.00	103.67	17.27	104199.16	145773	1	StephenHawking	
5777	3:25:49	1/1/2019 	12342831	167.00	9.00	8.49	17.27	104199.76	51976	0	StephenHawking	
5778	3:25:49	1/1/2019 	12343251	903.00	103.00	30.57	17.27	104199.41	1823	1	StephenHawking	
5779	3:25:49	1/1/2019 	12343359	604.00	10.00	14.26	17.27	104199.41	1824	0	StephenHawking	
5780	3:25:51	1/1/2019 	12344608	448.00	9.00	12.55	17.27	104199.28	97789	0	StephenHawking	
5781	3:25:51	1/1/2019 	12344972	965.00	275.00	53.32	17.27	104199.11	1825	1	StephenHawking	
5782	3:25:52	1/1/2019 	12346190	956.00	286.00	54.88	17.28	104199.55	50756	0	StephenHawking	
5783	3:25:53	1/1/2019 	12346670	258.00	9.00	10.45	17.28	104199.55	49807	0	StephenHawking	
5784	3:25:53	1/1/2019 	12346867	928.00	125.00	34.89	17.28	104199.55	1825	1	StephenHawking	
5785	3:25:53	1/1/2019 	12347219	141.00	9.00	7.76	17.28	104199.55	1823	0	StephenHawking	
5786	3:25:54	1/1/2019 	12347704	736.00	21.00	18.35	17.28	104199.38	49808	0	StephenHawking	
5787	3:25:55	1/1/2019 	12348626	685.00	13.00	15.92	17.28	104199.45	49812	0	StephenHawking	
5788	3:25:55	1/1/2019 	12348766	863.00	76.00	25.74	17.28	104199.45	2780	0	StephenHawking	
5789	3:25:55	1/1/2019 	12349181	975.00	671.00	120.85	17.28	104199.28	1823	1	StephenHawking	
5790	3:25:56	1/1/2019 	12349673	428.00	9.00	12.40	17.28	104199.28	49807	0	StephenHawking	
5791	3:25:57	1/1/2019 	12350910	138.00	8.00	7.67	17.28	104199.10	50672	0	StephenHawking	
5792	3:25:58	1/1/2019 	12351641	706.00	15.00	16.63	17.28	104199.36	49805	0	StephenHawking	
5793	3:25:58	1/1/2019 	12352085	289.00	9.00	10.94	17.28	104199.36	1824	0	StephenHawking	
5794	3:25:59	1/1/2019 	12352840	785.00	49.00	22.35	17.28	104198.84	51404	0	StephenHawking	
5795	3:25:59	1/1/2019 	12353188	956.00	194.00	44.84	17.28	104198.84	1825	0	StephenHawking	
5796	3:26:00	1/1/2019 	12354014	612.00	9.00	14.17	17.28	104198.48	49807	0	StephenHawking	
5797	3:26:00	1/1/2019 	12354127	970.00	466.00	82.81	17.28	104198.48	1825	1	StephenHawking	
5798	3:26:01	1/1/2019 	12354646	618.00	9.00	14.24	17.28	104198.75	49806	0	StephenHawking	
5799	3:26:03	1/1/2019 	12356724	194.00	8.00	9.16	17.28	104198.57	98734	0	StephenHawking	
5800	3:26:04	1/1/2019 	12358340	842.00	76.00	25.68	17.29	104198.97	49807	0	StephenHawking	
5801	3:26:07	1/1/2019 	12360602	368.00	9.00	11.89	17.29	104199.14	145775	0	StephenHawking	
5802	3:26:07	1/1/2019 	12361297	545.00	9.00	13.35	17.29	104199.31	2722	1	StephenHawking	
5803	3:26:08	1/1/2019 	12362276	165.00	9.00	8.44	17.29	104199.50	49806	0	StephenHawking	
5804	3:26:08	1/1/2019 	12362399	174.00	9.00	8.68	17.29	104199.50	1823	0	StephenHawking	
5805	3:26:09	1/1/2019 	12362888	120.00	9.00	7.15	17.29	104199.50	51363	0	StephenHawking	
5806	3:26:09	1/1/2019 	12362942	663.00	11.00	15.19	17.29	104199.50	1824	0	StephenHawking	
5807	3:26:09	1/1/2019 	12363036	938.00	131.00	36.02	17.29	104199.31	1822	0	StephenHawking	
5808	3:26:10	1/1/2019 	12364000	126.00	9.00	7.33	17.29	104199.75	49806	0	StephenHawking	
5809	3:26:11	1/1/2019 	12364575	960.00	297.00	56.58	17.29	104199.50	49808	1	StephenHawking	
5810	3:26:11	1/1/2019 	12365056	421.00	9.00	12.35	17.29	104199.31	2824	0	StephenHawking	
5811	3:26:12	1/1/2019 	12365633	102.00	8.00	6.65	17.29	104199.58	49807	0	StephenHawking	
5812	3:26:12	1/1/2019 	12365870	110.00	8.00	6.86	17.29	104199.58	1822	0	StephenHawking	
5813	3:26:13	1/1/2019 	12367304	440.00	9.00	12.49	17.29	104199.75	49806	0	StephenHawking	
5814	3:26:14	1/1/2019 	12367892	360.00	9.00	11.81	17.29	104199.75	49806	1	StephenHawking	
5815	3:26:14	1/1/2019 	12368276	370.00	9.00	11.91	17.29	104199.75	1823	0	StephenHawking	
5816	3:26:15	1/1/2019 	12369207	188.00	9.00	9.03	17.29	104199.75	50812	0	StephenHawking	
5817	3:26:16	1/1/2019 	12369668	662.00	11.00	15.18	17.29	104199.75	49807	0	StephenHawking	
5818	3:26:16	1/1/2019 	12370244	783.00	38.00	21.23	17.29	104200.18	2766	0	StephenHawking	
5819	3:26:17	1/1/2019 	12371240	289.00	9.00	10.94	17.29	104200.18	49806	0	StephenHawking	
5820	3:26:19	1/1/2019 	12372802	175.00	9.00	8.70	17.29	104200.53	97789	0	StephenHawking	
5821	3:26:20	1/1/2019 	12373976	77.00	9.00	6.08	17.29	104200.53	49804	0	StephenHawking	
5822	3:26:20	1/1/2019 	12374281	110.00	8.00	6.86	17.29	104200.53	3372	0	StephenHawking	
5823	3:26:21	1/1/2019 	12374791	582.00	9.00	13.79	17.29	104200.53	49805	0	StephenHawking	
5824	3:26:21	1/1/2019 	12374846	145.00	8.00	7.87	17.29	104200.53	1823	0	StephenHawking	
5825	3:26:21	1/1/2019 	12375287	891.00	96.00	29.21	17.29	104200.53	1823	1	StephenHawking	
5826	3:26:21	1/1/2019 	12375375	117.00	9.00	7.07	17.29	104200.53	1823	0	StephenHawking	
5827	3:26:21	1/1/2019 	12375451	744.00	24.00	19.02	17.29	104200.53	1823	0	StephenHawking	
5828	3:26:23	1/1/2019 	12376651	184.00	9.00	8.93	17.29	104200.70	101011	0	StephenHawking	
5829	3:26:24	1/1/2019 	12377488	961.00	286.00	54.88	17.29	104200.70	1823	0	StephenHawking	
5830	3:26:24	1/1/2019 	12377838	925.00	122.00	34.31	17.29	104200.70	49806	0	StephenHawking	
5831	3:26:27	1/1/2019 	12381160	115.00	9.00	7.01	17.29	104201.23	145770	0	StephenHawking	
5832	3:26:27	1/1/2019 	12381166	534.00	9.00	13.23	17.29	104201.23	2641	0	StephenHawking	
5833	3:26:27	1/1/2019 	12381430	605.00	9.00	14.09	17.29	104201.23	3293	0	StephenHawking	
5834	3:26:28	1/1/2019 	12381686	745.00	23.00	18.82	17.29	104201.23	49804	0	StephenHawking	
5835	3:26:28	1/1/2019 	12382070	952.00	155.00	40.06	17.29	104201.23	1825	0	StephenHawking	
5836	3:26:28	1/1/2019 	12382098	257.00	9.00	10.43	17.29	104201.23	1824	0	StephenHawking	
5837	3:26:29	1/1/2019 	12383307	307.00	9.00	11.19	17.29	104201.58	49805	0	StephenHawking	
5838	3:26:30	1/1/2019 	12383802	951.00	186.00	44.01	17.29	104201.58	49806	1	StephenHawking	
5839	3:26:31	1/1/2019 	12384475	642.00	10.00	14.73	17.29	104202.02	2774	0	StephenHawking	
5840	3:26:31	1/1/2019 	12384694	306.00	9.00	11.17	17.29	104202.19	49807	0	StephenHawking	
5841	3:26:31	1/1/2019 	12385065	149.00	9.00	7.99	17.29	104202.19	1822	0	StephenHawking	
5842	3:26:31	1/1/2019 	12385298	784.00	50.00	22.44	17.29	104202.19	1822	0	StephenHawking	
5843	3:26:35	1/1/2019 	12388599	68.00	9.00	5.95	17.29	104202.02	193755	0	StephenHawking	
5844	3:26:35	1/1/2019 	12388940	969.00	329.00	62.07	17.29	104202.02	2779	1	StephenHawking	
5845	3:26:35	1/1/2019 	12389051	586.00	9.00	13.84	17.29	104202.02	1823	0	StephenHawking	
5846	3:26:35	1/1/2019 	12389434	763.00	30.00	20.14	17.29	104202.02	1822	0	StephenHawking	
5847	3:26:36	1/1/2019 	12389483	887.00	97.00	29.38	17.29	104202.02	1823	0	StephenHawking	
5848	3:26:36	1/1/2019 	12389557	77.00	12.00	6.09	17.29	104202.02	49807	0	StephenHawking	
5849	3:26:36	1/1/2019 	12390138	900.00	102.00	30.37	17.29	104201.83	2685	0	StephenHawking	
5850	3:26:36	1/1/2019 	12390213	964.00	263.00	51.76	17.29	104201.83	3322	1	StephenHawking	
5851	3:26:36	1/1/2019 	12390283	131.00	9.00	7.47	17.29	104201.83	1824	0	StephenHawking	
5852	3:26:37	1/1/2019 	12390912	837.00	75.00	25.52	17.30	104202.27	49804	0	StephenHawking	
5853	3:26:37	1/1/2019 	12391359	957.00	193.00	44.74	17.30	104202.09	1825	0	StephenHawking	
5854	3:26:38	1/1/2019 	12392212	967.00	347.00	65.33	17.30	104202.09	49805	1	StephenHawking	
5855	3:26:39	1/1/2019 	12392491	373.00	9.00	11.94	17.30	104202.09	1824	0	StephenHawking	
5856	3:26:39	1/1/2019 	12392731	920.00	118.00	33.53	17.30	104202.09	50782	1	StephenHawking	
5857	3:26:41	1/1/2019 	12394751	910.00	113.00	32.54	17.30	104202.44	97789	0	StephenHawking	
5858	3:26:42	1/1/2019 	12395747	672.00	11.00	15.24	17.30	104202.61	49807	0	StephenHawking	
5859	3:26:42	1/1/2019 	12396120	393.00	9.00	12.12	17.30	104202.44	1824	1	StephenHawking	
5860	3:26:42	1/1/2019 	12396208	788.00	57.00	23.15	17.30	104202.44	1823	0	StephenHawking	
5861	3:26:43	1/1/2019 	12396588	767.00	32.00	20.44	17.30	104202.44	50788	0	StephenHawking	
5862	3:26:43	1/1/2019 	12397433	273.00	9.00	10.69	17.30	104202.61	1823	0	StephenHawking	
5863	3:26:45	1/1/2019 	12399213	974.00	846.00	152.53	17.30	104202.88	97790	1	StephenHawking	
5864	3:26:46	1/1/2019 	12399616	97.00	9.00	6.52	17.30	104202.88	49813	0	StephenHawking	
5865	3:26:46	1/1/2019 	12400176	122.00	9.00	7.21	17.30	104202.70	2732	1	StephenHawking	
5866	3:26:46	1/1/2019 	12400397	693.00	13.00	15.96	17.30	104202.88	1824	0	StephenHawking	
5867	3:26:47	1/1/2019 	12401103	127.00	9.00	7.36	17.30	104202.88	51337	0	StephenHawking	
5868	3:26:48	1/1/2019 	12401567	166.00	9.00	8.46	17.30	104202.88	49811	0	StephenHawking	
5869	3:26:48	1/1/2019 	12402114	87.00	9.00	6.28	17.30	104202.88	1829	0	StephenHawking	
5870	3:26:48	1/1/2019 	12402168	966.00	372.00	69.78	17.30	104202.88	1828	1	StephenHawking	
5871	3:26:50	1/1/2019 	12403967	845.00	78.00	25.99	17.30	104202.88	97798	0	StephenHawking	
5872	3:26:50	1/1/2019 	12404432	435.00	9.00	12.45	17.30	104202.88	2835	0	StephenHawking	
5873	3:26:51	1/1/2019 	12404649	760.00	31.00	20.27	17.30	104203.27	49811	1	StephenHawking	
5874	3:26:51	1/1/2019 	12404704	335.00	9.00	11.54	17.30	104203.27	1824	0	StephenHawking	
5875	3:26:52	1/1/2019 	12405558	139.00	9.00	7.71	17.30	104203.45	49804	0	StephenHawking	
5876	3:26:52	1/1/2019 	12405653	296.00	9.00	11.04	17.30	104203.80	1823	0	StephenHawking	
5877	3:26:52	1/1/2019 	12405699	955.00	204.00	45.81	17.30	104203.80	1822	1	StephenHawking	
5878	3:26:52	1/1/2019 	12406064	670.00	11.00	15.23	17.30	104203.80	2933	0	StephenHawking	
5879	3:26:52	1/1/2019 	12406179	130.00	8.00	7.44	17.30	104203.80	1823	0	StephenHawking	
5880	3:26:53	1/1/2019 	12406881	933.00	134.00	36.56	17.30	104203.62	49807	1	StephenHawking	
5881	3:26:53	1/1/2019 	12407299	94.00	9.00	6.44	17.30	104203.62	1824	0	StephenHawking	
5882	3:26:53	1/1/2019 	12407340	574.00	9.00	13.69	17.30	104203.62	1821	0	StephenHawking	
5883	3:26:54	1/1/2019 	12408041	884.00	93.00	28.63	17.30	104203.80	49806	0	StephenHawking	
5884	3:26:54	1/1/2019 	12408112	732.00	18.00	17.58	17.30	104203.80	2838	0	StephenHawking	
5885	3:26:56	1/1/2019 	12409631	921.00	123.00	34.50	17.30	104203.97	97789	1	StephenHawking	
5886	3:26:57	1/1/2019 	12410850	746.00	25.00	19.23	17.30	104203.80	50764	0	StephenHawking	
5887	3:26:58	1/1/2019 	12411910	928.00	128.00	35.45	17.30	104203.97	49805	1	StephenHawking	
5888	3:26:58	1/1/2019 	12411971	619.00	9.00	14.25	17.30	104203.97	1825	0	StephenHawking	
5889	3:26:59	1/1/2019 	12412707	965.00	482.00	84.65	17.30	104203.97	51360	0	StephenHawking	
5890	3:26:59	1/1/2019 	12413023	971.00	447.00	80.61	17.30	104203.97	1824	0	StephenHawking	
5891	3:26:59	1/1/2019 	12413355	952.00	175.00	42.76	17.30	104203.97	1823	0	StephenHawking	
5892	3:27:03	1/1/2019 	12417013	946.00	177.00	43.00	17.30	104205.27	193758	1	StephenHawking	
5893	3:27:03	1/1/2019 	12417349	135.00	9.00	7.59	17.30	104205.62	1828	0	StephenHawking	
5894	3:27:05	1/1/2019 	12418711	960.00	325.00	61.35	17.30	104205.80	97792	1	StephenHawking	
5895	3:27:05	1/1/2019 	12418849	736.00	20.00	18.11	17.30	104205.80	5056	0	StephenHawking	
5896	3:27:05	1/1/2019 	12419069	961.00	252.00	50.47	17.30	104205.80	1823	1	StephenHawking	
5897	3:27:06	1/1/2019 	12419733	782.00	50.00	22.43	17.30	104205.97	49808	0	StephenHawking	
5898	3:27:07	1/1/2019 	12420763	438.00	9.00	12.47	17.30	104205.97	50627	0	StephenHawking	
5899	3:27:07	1/1/2019 	12420802	102.00	9.00	6.65	17.30	104205.97	1824	0	StephenHawking	
5900	3:27:07	1/1/2019 	12421129	953.00	222.00	47.47	17.30	104205.97	1822	1	StephenHawking	
5901	3:27:07	1/1/2019 	12421195	774.00	47.00	22.11	17.30	104205.97	3295	0	StephenHawking	
5902	3:27:09	1/1/2019 	12422594	130.00	8.00	7.44	17.31	104206.41	97790	0	StephenHawking	
5903	3:27:09	1/1/2019 	12423111	893.00	96.00	29.22	17.31	104206.41	1822	0	StephenHawking	
5904	3:27:09	1/1/2019 	12423254	787.00	51.00	22.55	17.31	104206.41	1823	0	StephenHawking	
5905	3:27:10	1/1/2019 	12423942	134.00	8.00	7.56	17.31	104206.41	49806	0	StephenHawking	
5906	3:27:10	1/1/2019 	12424215	518.00	9.00	13.08	17.31	104206.41	2874	0	StephenHawking	
5907	3:27:10	1/1/2019 	12424322	513.00	9.00	13.03	17.31	104206.41	1823	0	StephenHawking	
5908	3:27:11	1/1/2019 	12425231	137.00	9.00	7.65	17.31	104206.41	49805	0	StephenHawking	
5909	3:27:12	1/1/2019 	12425873	901.00	105.00	30.95	17.31	104206.58	49808	0	StephenHawking	
5910	3:27:16	1/1/2019 	12429684	792.00	53.00	22.76	17.31	104206.75	193759	0	StephenHawking	
5911	3:27:16	1/1/2019 	12430104	958.00	226.00	47.84	17.31	104206.75	2678	1	StephenHawking	
5912	3:27:17	1/1/2019 	12430952	781.00	39.00	21.33	17.31	104207.36	51299	0	StephenHawking	
5913	3:27:17	1/1/2019 	12431293	118.00	9.00	7.09	17.31	104207.36	1822	0	StephenHawking	
5914	3:27:17	1/1/2019 	12431347	613.00	10.00	14.39	17.31	104207.36	1822	0	StephenHawking	
5915	3:27:17	1/1/2019 	12431450	965.00	306.00	58.05	17.31	104207.36	1823	0	StephenHawking	
5916	3:27:18	1/1/2019 	12431814	223.00	9.00	9.80	17.31	104207.36	49805	0	StephenHawking	
5917	3:27:18	1/1/2019 	12431871	952.00	190.00	44.43	17.31	104207.36	2795	1	StephenHawking	
5918	3:27:19	1/1/2019 	12432956	893.00	99.00	29.78	17.31	104207.36	49807	1	StephenHawking	
5919	3:27:19	1/1/2019 	12433229	780.00	40.00	21.44	17.31	104207.36	1823	0	StephenHawking	
5920	3:27:19	1/1/2019 	12433337	737.00	21.00	18.35	17.31	104207.53	1824	1	StephenHawking	
5921	3:27:21	1/1/2019 	12434715	146.00	9.00	7.91	17.31	104207.53	97785	0	StephenHawking	
5922	3:27:22	1/1/2019 	12435661	956.00	257.00	51.04	17.31	104207.70	49806	1	StephenHawking	
5923	3:27:22	1/1/2019 	12436061	205.00	9.00	9.42	17.31	104207.70	2802	0	StephenHawking	
5924	3:27:22	1/1/2019 	12436465	957.00	230.00	48.22	17.31	104207.70	1822	0	StephenHawking	
5925	3:27:23	1/1/2019 	12436868	144.00	9.00	7.85	17.31	104207.70	49805	0	StephenHawking	
5926	3:27:24	1/1/2019 	12437620	673.00	11.00	15.25	17.31	104208.14	49805	0	StephenHawking	
5927	3:27:24	1/1/2019 	12438080	647.00	10.00	14.78	17.31	104208.14	1824	0	StephenHawking	
5928	3:27:24	1/1/2019 	12438276	97.00	13.00	6.52	17.31	104208.14	1823	0	StephenHawking	
5929	3:27:25	1/1/2019 	12438567	440.00	9.00	12.49	17.31	104208.14	50785	0	StephenHawking	
5930	3:27:26	1/1/2019 	12439940	110.00	9.00	6.87	17.31	104207.97	49806	0	StephenHawking	
5931	3:27:26	1/1/2019 	12440095	879.00	89.00	27.90	17.31	104207.97	2730	0	StephenHawking	
5932	3:27:26	1/1/2019 	12440841	68.00	8.00	5.95	17.31	104208.36	49805	0	StephenHawking	
5933	3:27:26	1/1/2019 	12440848	78.00	9.00	6.10	17.31	104208.36	1821	0	StephenHawking	
5934	3:27:28	1/1/2019 	12441971	949.00	211.00	46.46	17.31	104208.36	51429	0	StephenHawking	
5935	3:27:30	1/1/2019 	12444381	624.00	10.00	14.53	17.31	104208.53	97791	0	StephenHawking	
5936	3:27:30	1/1/2019 	12444697	892.00	96.00	29.21	17.32	104209.14	49806	0	StephenHawking	
5937	3:27:31	1/1/2019 	12445626	892.00	96.00	29.21	17.32	104209.14	49808	0	StephenHawking	
5938	3:27:33	1/1/2019 	12446986	405.00	9.00	12.22	17.32	104208.97	49806	0	StephenHawking	
5939	3:27:33	1/1/2019 	12447053	537.00	9.00	13.26	17.32	104208.97	1823	0	StephenHawking	
5940	3:27:33	1/1/2019 	12447815	631.00	9.00	14.38	17.31	104208.53	50809	0	StephenHawking	
5941	3:27:35	1/1/2019 	12449885	953.00	231.00	48.31	17.32	104208.97	97788	1	StephenHawking	
5942	3:27:36	1/1/2019 	12450296	640.00	9.00	14.45	17.32	104209.14	2766	0	StephenHawking	
5943	3:27:36	1/1/2019 	12450330	106.00	9.00	6.76	17.32	104209.14	1823	0	StephenHawking	
5944	3:27:36	1/1/2019 	12450583	979.00	723.00	130.09	17.32	104209.14	49806	1	StephenHawking	
5945	3:27:37	1/1/2019 	12450958	235.00	9.00	10.04	17.32	104209.14	1823	0	StephenHawking	
5946	3:27:37	1/1/2019 	12451448	157.00	9.00	8.22	17.32	104209.31	3369	0	StephenHawking	
5947	3:27:38	1/1/2019 	12452092	846.00	78.00	25.99	17.32	104209.31	49805	0	StephenHawking	
5948	3:27:38	1/1/2019 	12452586	362.00	9.00	11.83	17.32	104209.75	49807	0	StephenHawking	
5949	3:27:38	1/1/2019 	12452615	394.00	9.00	12.13	17.32	104209.75	1822	0	StephenHawking	
5950	3:27:39	1/1/2019 	12452973	131.00	9.00	7.47	17.32	104209.75	1822	0	StephenHawking	
5951	3:27:39	1/1/2019 	12453221	532.00	9.00	13.21	17.32	104209.58	2847	0	StephenHawking	
5952	3:27:41	1/1/2019 	12455322	346.00	9.00	11.66	17.32	104210.10	97788	0	StephenHawking	
5953	3:27:41	1/1/2019 	12455420	975.00	641.00	114.35	17.32	104210.10	1825	0	StephenHawking	
5954	3:27:41	1/1/2019 	12455712	906.00	106.00	31.16	17.32	104210.27	49808	1	StephenHawking	
5955	3:27:43	1/1/2019 	12457249	552.00	9.00	13.43	17.32	104210.10	49807	0	StephenHawking	
5956	3:27:43	1/1/2019 	12457429	410.00	9.00	12.26	17.32	104210.27	1823	0	StephenHawking	
5957	3:27:44	1/1/2019 	12458915	945.00	152.00	39.60	17.32	104210.27	98819	0	StephenHawking	
5958	3:27:47	1/1/2019 	12461497	111.00	9.00	6.89	17.32	104210.45	97790	0	StephenHawking	
5959	3:27:47	1/1/2019 	12461830	115.00	9.00	7.01	17.32	104210.88	50620	0	StephenHawking	
5960	3:27:47	1/1/2019 	12461855	124.00	9.00	7.27	17.32	104210.88	1828	0	StephenHawking	
5961	3:27:49	1/1/2019 	12463748	706.00	15.00	16.63	17.32	104211.05	97793	0	StephenHawking	
5962	3:27:50	1/1/2019 	12464215	106.00	9.00	6.76	17.32	104211.05	3390	0	StephenHawking	
5963	3:27:50	1/1/2019 	12464236	907.00	105.00	30.97	17.32	104211.05	1822	1	StephenHawking	
5964	3:27:51	1/1/2019 	12465312	972.00	732.00	131.39	17.32	104211.58	49806	1	StephenHawking	
5965	3:27:51	1/1/2019 	12465464	813.00	67.00	24.38	17.32	104211.58	1824	0	StephenHawking	
5966	3:27:52	1/1/2019 	12466090	143.00	9.00	7.82	17.32	104211.41	49806	0	StephenHawking	
5967	3:27:53	1/1/2019 	12467367	357.00	9.00	11.78	17.32	104212.02	49806	0	StephenHawking	
5968	3:27:53	1/1/2019 	12467677	739.00	21.00	18.36	17.32	104212.19	50751	0	StephenHawking	
5969	3:27:54	1/1/2019 	12468413	938.00	133.00	36.38	17.32	104212.19	1822	0	StephenHawking	
5970	3:27:55	1/1/2019 	12469054	967.00	577.00	99.82	17.32	104212.19	49808	1	StephenHawking	
5971	3:27:55	1/1/2019 	12469389	945.00	146.00	38.64	17.32	104212.02	1825	0	StephenHawking	
5972	3:27:55	1/1/2019 	12469812	915.00	115.00	32.94	17.32	104212.02	49806	1	StephenHawking	
5973	3:27:55	1/1/2019 	12469906	822.00	70.00	24.79	17.32	104212.02	2669	1	StephenHawking	
5974	3:27:56	1/1/2019 	12470007	624.00	10.00	14.53	17.32	104212.02	3311	1	StephenHawking	
5975	3:27:57	1/1/2019 	12471032	882.00	92.00	28.45	17.32	104212.02	49809	0	StephenHawking	
5976	3:27:57	1/1/2019 	12471267	101.00	9.00	6.62	17.32	104212.02	1823	0	StephenHawking	
5977	3:27:57	1/1/2019 	12471274	732.00	24.00	18.96	17.32	104212.02	1822	0	StephenHawking	
5978	3:27:57	1/1/2019 	12471490	969.00	524.00	90.20	17.32	104212.02	1822	1	StephenHawking	
5979	3:27:57	1/1/2019 	12471595	306.00	9.00	11.17	17.32	104212.02	50737	0	StephenHawking	
5980	3:27:57	1/1/2019 	12471817	141.00	9.00	7.76	17.32	104212.02	1823	0	StephenHawking	
5981	3:27:58	1/1/2019 	12471975	779.00	47.00	22.13	17.32	104212.02	1822	0	StephenHawking	
5982	3:27:58	1/1/2019 	12472599	821.00	71.00	24.92	17.32	104212.02	49807	1	StephenHawking	
5983	3:27:59	1/1/2019 	12473415	596.00	9.00	13.97	17.32	104212.02	1823	0	StephenHawking	
5984	3:27:59	1/1/2019 	12473594	105.00	9.00	6.73	17.32	104212.02	49806	0	StephenHawking	
5985	3:27:59	1/1/2019 	12473614	439.00	9.00	12.48	17.32	104212.02	2763	0	StephenHawking	
5986	3:28:00	1/1/2019 	12473966	141.00	9.00	7.76	17.32	104212.02	1821	0	StephenHawking	
5987	3:28:00	1/1/2019 	12473987	111.00	8.00	6.89	17.32	104212.02	1823	0	StephenHawking	
5988	3:28:00	1/1/2019 	12474361	97.00	8.00	6.52	17.32	104212.36	1820	0	StephenHawking	
5989	3:28:00	1/1/2019 	12474402	71.00	9.00	5.99	17.32	104212.36	1821	0	StephenHawking	
5990	3:28:00	1/1/2019 	12474463	772.00	35.00	20.85	17.32	104212.36	1823	0	StephenHawking	
5991	3:28:00	1/1/2019 	12474753	405.00	9.00	12.22	17.32	104212.36	50781	0	StephenHawking	
5992	3:28:01	1/1/2019 	12474995	768.00	35.00	20.83	17.32	104212.36	1823	1	StephenHawking	
5993	3:28:01	1/1/2019 	12475266	137.00	9.00	7.65	17.32	104212.36	1824	0	StephenHawking	
5994	3:28:01	1/1/2019 	12475886	978.00	821.00	147.19	17.32	104212.53	49805	1	StephenHawking	
5995	3:28:01	1/1/2019 	12475915	113.00	9.00	6.95	17.32	104212.53	1822	0	StephenHawking	
5996	3:28:02	1/1/2019 	12476888	541.00	9.00	13.31	17.33	104213.31	50788	0	StephenHawking	
5997	3:28:03	1/1/2019 	12477126	145.00	9.00	7.88	17.33	104213.14	1823	0	StephenHawking	
5998	3:28:03	1/1/2019 	12477134	653.00	10.00	14.83	17.33	104213.14	1823	0	StephenHawking	
5999	3:28:05	1/1/2019 	12478989	122.00	9.00	7.21	17.33	104213.66	97789	0	StephenHawking	
6000	3:28:05	1/1/2019 	12479162	102.00	9.00	6.65	17.33	104213.66	1823	0	StephenHawking	
6001	3:28:05	1/1/2019 	12479609	946.00	145.00	38.48	17.33	104213.66	49805	0	StephenHawking	
6002	3:28:06	1/1/2019 	12479945	106.00	8.00	6.75	17.33	104213.66	4124	0	StephenHawking	
6003	3:28:07	1/1/2019 	12481793	784.00	52.00	22.63	17.33	104214.23	97789	0	StephenHawking	
6004	3:28:09	1/1/2019 	12483000	903.00	108.00	31.54	17.33	104214.23	49806	1	StephenHawking	
6005	3:28:10	1/1/2019 	12484049	167.00	9.00	8.49	17.33	104214.41	49807	0	StephenHawking	
6006	3:28:10	1/1/2019 	12484315	101.00	8.00	6.62	17.33	104214.41	1822	0	StephenHawking	
6007	3:28:10	1/1/2019 	12484492	189.00	9.00	9.05	17.33	104214.58	1822	0	StephenHawking	
6008	3:28:10	1/1/2019 	12484684	923.00	123.00	34.50	17.33	104214.58	50807	0	StephenHawking	
6009	3:28:10	1/1/2019 	12484839	896.00	99.00	29.79	17.33	104214.58	1823	1	StephenHawking	
6010	3:28:11	1/1/2019 	12485772	964.00	370.00	69.44	17.33	104214.94	49808	1	StephenHawking	
6011	3:28:11	1/1/2019 	12485915	68.00	8.00	5.95	17.33	104214.94	1824	0	StephenHawking	
6012	3:28:12	1/1/2019 	12486245	839.00	73.00	25.24	17.33	104215.11	1821	0	StephenHawking	
6013	3:28:14	1/1/2019 	12488151	130.00	9.00	7.44	17.33	104214.77	98797	0	StephenHawking	
6014	3:28:15	1/1/2019 	12489217	522.00	9.00	13.12	17.33	104215.28	49806	0	StephenHawking	
6015	3:28:19	1/1/2019 	12493150	619.00	10.00	14.47	17.33	104216.49	193752	0	StephenHawking	
6016	3:28:20	1/1/2019 	12494834	903.00	105.00	30.96	17.33	104216.49	98733	0	StephenHawking	
6017	3:28:21	1/1/2019 	12495364	955.00	270.00	52.65	17.33	104216.32	1824	1	StephenHawking	
6018	3:28:21	1/1/2019 	12495478	440.00	9.00	12.49	17.33	104216.32	1824	1	StephenHawking	
6019	3:28:23	1/1/2019 	12497154	917.00	120.00	33.91	17.34	104215.36	99337	0	StephenHawking	
6020	3:28:23	1/1/2019 	12497695	636.00	10.00	14.67	17.34	104215.19	49804	0	StephenHawking	
6021	3:28:23	1/1/2019 	12497756	409.00	8.00	12.19	17.34	104215.19	1823	0	StephenHawking	
6022	3:28:25	1/1/2019 	12499429	409.00	9.00	12.26	17.34	104215.96	49803	0	StephenHawking	
6023	3:28:25	1/1/2019 	12499668	699.00	13.00	15.98	17.34	104215.96	49805	0	StephenHawking	
6024	3:28:26	1/1/2019 	12500139	763.00	31.00	20.28	17.34	104216.14	3957	1	StephenHawking	
6025	3:28:26	1/1/2019 	12500423	625.00	10.00	14.55	17.34	104216.14	1824	0	StephenHawking	
6026	3:28:26	1/1/2019 	12500487	657.00	10.00	14.85	17.34	104216.14	1822	0	StephenHawking	
6027	3:28:26	1/1/2019 	12500641	927.00	125.00	34.89	17.34	104216.31	49806	1	StephenHawking	
6028	3:28:26	1/1/2019 	12500836	503.00	9.00	12.95	17.34	104216.31	1823	0	StephenHawking	
6029	3:28:27	1/1/2019 	12500949	953.00	192.00	44.64	17.34	104216.31	1823	1	StephenHawking	
6030	3:28:27	1/1/2019 	12501135	270.00	9.00	10.65	17.34	104216.31	2763	0	StephenHawking	
6031	3:28:28	1/1/2019 	12502052	409.00	10.00	12.32	17.34	104216.71	49805	0	StephenHawking	
6032	3:28:28	1/1/2019 	12502797	621.00	9.00	14.28	17.34	104217.14	49805	0	StephenHawking	
6033	3:28:30	1/1/2019 	12503986	138.00	9.00	7.68	17.35	104217.41	49804	0	StephenHawking	
6034	3:28:30	1/1/2019 	12504239	606.00	9.00	14.10	17.35	104217.05	1823	0	StephenHawking	
6035	3:28:30	1/1/2019 	12504277	272.00	9.00	10.68	17.35	104217.05	1822	0	StephenHawking	
6036	3:28:30	1/1/2019 	12504873	579.00	10.00	13.91	17.35	104217.13	50750	0	StephenHawking	
6037	3:28:31	1/1/2019 	12505747	241.00	9.00	10.15	17.35	104216.61	49806	0	StephenHawking	
6038	3:28:32	1/1/2019 	12506191	78.00	9.00	6.10	17.35	104215.91	1823	0	StephenHawking	
6039	3:28:32	1/1/2019 	12506480	360.00	9.00	11.81	17.35	104215.91	1821	0	StephenHawking	
6040	3:28:37	1/1/2019 	12510951	951.00	232.00	48.41	17.36	104216.83	241736	0	StephenHawking	
6041	3:28:37	1/1/2019 	12511324	394.00	5.00	11.87	17.36	104216.83	4031	0	StephenHawking	
6042	3:28:37	1/1/2019 	12511875	151.00	9.00	8.05	17.36	104217.00	49804	0	StephenHawking	
6043	3:28:38	1/1/2019 	12512058	122.00	9.00	7.21	17.36	104217.17	1823	0	StephenHawking	
6044	3:28:38	1/1/2019 	12512902	964.00	296.00	56.42	17.36	104217.70	49805	1	StephenHawking	
6045	3:28:39	1/1/2019 	12513868	716.00	17.00	17.24	17.36	104218.48	49806	0	StephenHawking	
6046	3:28:40	1/1/2019 	12514248	975.00	825.00	147.20	17.36	104218.48	1824	0	StephenHawking	
6047	3:28:40	1/1/2019 	12514351	458.00	9.00	12.62	17.36	104218.48	2790	0	StephenHawking	
6048	3:28:40	1/1/2019 	12514822	89.00	9.00	6.32	17.36	104218.12	49808	0	StephenHawking	
6049	3:28:41	1/1/2019 	12515681	91.00	8.00	6.37	17.36	104218.66	49808	0	StephenHawking	
6050	3:28:41	1/1/2019 	12515750	534.00	9.00	13.23	17.36	104218.66	1822	0	StephenHawking	
6051	3:28:42	1/1/2019 	12516229	893.00	98.00	29.59	17.36	104219.00	1822	1	StephenHawking	
6052	3:28:43	1/1/2019 	12517392	410.00	9.00	12.26	17.36	104219.18	49806	1	StephenHawking	
6053	3:28:44	1/1/2019 	12517988	684.00	12.00	15.61	17.36	104219.78	50775	0	StephenHawking	
6054	3:28:44	1/1/2019 	12518278	978.00	645.00	115.28	17.36	104219.78	1825	1	StephenHawking	
6055	3:28:45	1/1/2019 	12519306	108.00	8.00	6.81	17.36	104220.31	49806	0	StephenHawking	
6056	3:28:46	1/1/2019 	12520330	119.00	9.00	7.12	17.36	104221.19	49804	0	StephenHawking	
6057	3:28:46	1/1/2019 	12520717	79.00	8.00	6.12	17.36	104221.00	50691	1	StephenHawking	
6058	3:28:46	1/1/2019 	12520865	214.00	9.00	9.62	17.36	104221.00	3335	0	StephenHawking	
6059	3:28:47	1/1/2019 	12521006	968.00	387.00	72.30	17.36	104221.61	1823	0	StephenHawking	
6060	3:28:47	1/1/2019 	12521404	332.00	9.00	11.50	17.36	104221.61	1823	0	StephenHawking	
6061	3:28:47	1/1/2019 	12521686	605.00	9.00	14.09	17.36	104221.44	49804	0	StephenHawking	
6062	3:28:47	1/1/2019 	12521713	339.00	9.00	11.58	17.36	104221.44	1823	0	StephenHawking	
6063	3:28:48	1/1/2019 	12521948	262.00	9.00	10.52	17.36	104221.44	1822	0	StephenHawking	
6064	3:28:48	1/1/2019 	12522135	413.00	9.00	12.29	17.36	104221.44	2815	0	StephenHawking	
6065	3:28:48	1/1/2019 	12522233	328.00	9.00	11.45	17.36	104221.61	1822	0	StephenHawking	
6066	3:28:48	1/1/2019 	12522415	631.00	10.00	14.62	17.36	104221.61	1822	0	StephenHawking	
6067	3:28:48	1/1/2019 	12522417	505.00	9.00	12.97	17.36	104221.61	1823	0	StephenHawking	
6068	3:28:48	1/1/2019 	12522651	400.00	9.00	12.18	17.36	104221.61	49805	0	StephenHawking	
6069	3:28:48	1/1/2019 	12522669	107.00	9.00	6.78	17.36	104221.61	1822	0	StephenHawking	
6070	3:28:49	1/1/2019 	12523214	800.00	62.00	23.74	17.36	104221.96	2819	1	StephenHawking	
6071	3:28:49	1/1/2019 	12523624	136.00	9.00	7.62	17.36	104221.53	49805	0	StephenHawking	
6072	3:28:50	1/1/2019 	12524879	147.00	9.00	7.94	17.36	104221.88	49804	0	StephenHawking	
6073	3:28:51	1/1/2019 	12525404	299.00	9.00	11.08	17.36	104221.70	1827	0	StephenHawking	
6074	3:28:51	1/1/2019 	12525578	978.00	670.00	120.65	17.36	104221.70	49806	0	StephenHawking	
6075	3:28:52	1/1/2019 	12526285	130.00	8.00	7.44	17.36	104221.70	2826	0	StephenHawking	
6076	3:28:52	1/1/2019 	12526419	965.00	268.00	52.39	17.36	104221.88	1825	0	StephenHawking	
6077	3:28:52	1/1/2019 	12526842	82.00	8.00	6.17	17.36	104221.88	49812	0	StephenHawking	
6078	3:28:53	1/1/2019 	12527370	73.00	9.00	6.02	17.36	104222.66	1826	0	StephenHawking	
6079	3:28:53	1/1/2019 	12527613	708.00	15.00	16.64	17.36	104222.66	49803	0	StephenHawking	
6080	3:28:53	1/1/2019 	12527909	277.00	9.00	10.76	17.36	104222.66	1823	0	StephenHawking	
6081	3:28:54	1/1/2019 	12528172	316.00	9.00	11.31	17.36	104222.66	2831	0	StephenHawking	
6082	3:28:54	1/1/2019 	12528593	708.00	15.00	16.64	17.36	104222.75	49806	0	StephenHawking	
6083	3:28:54	1/1/2019 	12528706	437.00	9.00	12.47	17.36	104222.75	1822	0	StephenHawking	
6084	3:28:55	1/1/2019 	12529040	689.00	13.00	15.94	17.36	104222.92	1822	0	StephenHawking	
6085	3:28:55	1/1/2019 	12529047	477.00	9.00	12.75	17.36	104222.92	1824	0	StephenHawking	
6086	3:28:55	1/1/2019 	12529078	324.00	9.00	11.41	17.36	104222.92	1822	0	StephenHawking	
6087	3:28:55	1/1/2019 	12529177	644.00	10.00	14.75	17.36	104222.92	2836	0	StephenHawking	
6088	3:28:56	1/1/2019 	12530223	603.00	9.00	14.06	17.36	104224.23	49805	0	StephenHawking	
6089	3:28:56	1/1/2019 	12530435	125.00	9.00	7.30	17.36	104224.23	2780	0	StephenHawking	
6090	3:28:56	1/1/2019 	12530715	161.00	9.00	8.33	17.36	104224.23	49802	0	StephenHawking	
6091	3:28:57	1/1/2019 	12531775	81.00	9.00	6.16	17.36	104224.05	49802	0	StephenHawking	
6092	3:28:58	1/1/2019 	12531976	784.00	41.00	21.55	17.36	104223.70	3380	0	StephenHawking	
6093	3:28:58	1/1/2019 	12532343	147.00	9.00	7.94	17.36	104223.70	1823	0	StephenHawking	
6094	3:28:58	1/1/2019 	12532449	968.00	403.00	74.78	17.36	104223.36	1821	0	StephenHawking	
6095	3:28:59	1/1/2019 	12533287	90.00	9.00	6.35	17.37	104223.27	49803	0	StephenHawking	
6096	3:28:59	1/1/2019 	12533649	122.00	9.00	7.21	17.37	104222.74	49803	0	StephenHawking	
6097	3:28:59	1/1/2019 	12533817	594.00	9.00	13.95	17.37	104222.74	1822	0	StephenHawking	
6098	3:29:00	1/1/2019 	12534334	70.00	8.00	5.98	17.37	104222.39	5054	0	StephenHawking	
6099	3:29:00	1/1/2019 	12534556	925.00	126.00	35.07	17.37	104222.39	49805	0	StephenHawking	
6100	3:29:00	1/1/2019 	12534695	772.00	34.00	20.72	17.37	104222.39	1823	0	StephenHawking	
6101	3:29:01	1/1/2019 	12535721	104.00	9.00	6.70	17.37	104221.75	49805	0	StephenHawking	
6102	3:29:01	1/1/2019 	12535877	897.00	96.00	29.23	17.37	104221.75	1823	0	StephenHawking	
6103	3:29:02	1/1/2019 	12536597	150.00	9.00	8.02	17.37	104220.34	49804	0	StephenHawking	
6104	3:29:03	1/1/2019 	12536977	961.00	305.00	57.88	17.37	104220.34	2756	1	StephenHawking	
6105	3:29:03	1/1/2019 	12537246	202.00	9.00	9.36	17.37	104220.26	1823	0	StephenHawking	
6106	3:29:03	1/1/2019 	12537864	671.00	11.00	15.24	17.37	104219.56	49804	0	StephenHawking	
6107	3:29:04	1/1/2019 	12538122	622.00	9.00	14.29	17.37	104219.56	1823	0	StephenHawking	
6108	3:29:04	1/1/2019 	12538212	952.00	205.00	45.90	17.37	104219.56	1823	0	StephenHawking	
6109	3:29:04	1/1/2019 	12538452	222.00	9.00	9.78	17.37	104218.86	2762	0	StephenHawking	
6110	3:29:05	1/1/2019 	12538999	984.00	951.00	255.15	17.37	104218.17	49805	1	StephenHawking	
6111	3:29:06	1/1/2019 	12540293	158.00	9.00	8.25	17.37	104217.38	49809	0	StephenHawking	
6112	3:29:08	1/1/2019 	12541983	953.00	236.00	48.80	17.37	104216.07	98631	1	StephenHawking	
6113	3:29:08	1/1/2019 	12542203	139.00	9.00	7.71	17.37	104215.90	1825	0	StephenHawking	
6114	3:29:08	1/1/2019 	12542256	976.00	624.00	110.38	17.37	104215.90	1823	1	StephenHawking	
6115	3:29:08	1/1/2019 	12542441	62.00	9.00	5.90	17.37	104215.90	3305	0	StephenHawking	
6116	3:29:08	1/1/2019 	12542473	646.00	10.00	14.77	17.37	104215.90	1823	0	StephenHawking	
6117	3:29:08	1/1/2019 	12542497	281.00	9.00	10.82	17.37	104215.90	1823	0	StephenHawking	
6118	3:29:09	1/1/2019 	12543136	784.00	43.00	21.76	17.37	104215.38	49807	1	StephenHawking	
6119	3:29:09	1/1/2019 	12543190	65.00	9.00	5.92	17.37	104215.38	1831	0	StephenHawking	
6120	3:29:09	1/1/2019 	12543354	133.00	9.00	7.53	17.37	104215.63	1825	0	StephenHawking	
6121	3:29:10	1/1/2019 	12543976	199.00	9.00	9.29	17.37	104215.45	50765	0	StephenHawking	
6122	3:29:10	1/1/2019 	12544147	389.00	9.00	12.09	17.37	104215.45	1823	0	StephenHawking	
6123	3:29:10	1/1/2019 	12544311	953.00	209.00	46.27	17.37	104215.45	1822	1	StephenHawking	
6124	3:29:10	1/1/2019 	12544619	273.00	9.00	10.69	17.37	104214.67	49806	0	StephenHawking	
6125	3:29:11	1/1/2019 	12545350	782.00	54.00	22.82	17.37	104214.50	1822	0	StephenHawking	
6126	3:29:12	1/1/2019 	12546215	668.00	11.00	15.22	17.37	104213.98	50874	0	StephenHawking	
6127	3:29:12	1/1/2019 	12546374	789.00	44.00	21.87	17.37	104213.98	1823	0	StephenHawking	
6128	3:29:12	1/1/2019 	12546451	746.00	24.00	19.03	17.37	104213.98	1822	0	StephenHawking	
6129	3:29:12	1/1/2019 	12546590	963.00	271.00	52.78	17.37	104213.98	49804	0	StephenHawking	
6130	3:29:12	1/1/2019 	12546598	774.00	34.00	20.73	17.37	104213.98	1823	0	StephenHawking	
6131	3:29:12	1/1/2019 	12546654	763.00	32.00	20.42	17.37	104213.98	1823	0	StephenHawking	
6132	3:29:13	1/1/2019 	12547255	111.00	9.00	6.89	17.37	104213.80	2794	0	StephenHawking	
6133	3:29:13	1/1/2019 	12547710	729.00	20.00	18.08	17.37	104213.62	49808	0	StephenHawking	
6134	3:29:14	1/1/2019 	12547998	126.00	8.00	7.32	17.37	104213.62	1830	0	StephenHawking	
6135	3:29:14	1/1/2019 	12548087	836.00	73.00	25.24	17.37	104213.45	1827	0	StephenHawking	
6136	3:29:14	1/1/2019 	12548157	929.00	126.00	35.08	17.37	104213.45	1823	1	StephenHawking	
6137	3:29:14	1/1/2019 	12548163	384.00	9.00	12.04	17.37	104213.45	2800	0	StephenHawking	
6138	3:29:14	1/1/2019 	12548298	860.00	83.00	26.82	17.37	104213.45	1823	1	StephenHawking	
6139	3:29:14	1/1/2019 	12548474	169.00	9.00	8.54	17.37	104213.45	1822	0	StephenHawking	
6140	3:29:15	1/1/2019 	12549295	974.00	628.00	111.24	17.37	104213.11	49805	0	StephenHawking	
6141	3:29:15	1/1/2019 	12549602	149.00	9.00	7.99	17.37	104213.11	49807	0	StephenHawking	
6142	3:29:15	1/1/2019 	12549623	971.00	419.00	77.06	17.37	104213.11	2721	1	StephenHawking	
6143	3:29:15	1/1/2019 	12549705	725.00	19.00	17.81	17.37	104213.11	3342	0	StephenHawking	
6144	3:29:16	1/1/2019 	12550144	727.00	19.00	17.82	17.37	104213.11	1823	0	StephenHawking	
6145	3:29:16	1/1/2019 	12550451	203.00	9.00	9.38	17.37	104212.93	1823	0	StephenHawking	
6146	3:29:16	1/1/2019 	12550602	952.00	165.00	41.49	17.37	104212.93	49804	0	StephenHawking	
6147	3:29:17	1/1/2019 	12551061	730.00	19.00	17.84	17.37	104212.76	1823	0	StephenHawking	
6148	3:29:17	1/1/2019 	12551109	944.00	147.00	38.81	17.37	104212.76	1823	0	StephenHawking	
6149	3:29:17	1/1/2019 	12551753	784.00	52.00	22.63	17.37	104212.50	50803	1	StephenHawking	
6150	3:29:17	1/1/2019 	12551766	307.00	9.00	11.19	17.37	104212.50	1823	0	StephenHawking	
6151	3:29:18	1/1/2019 	12552011	410.00	9.00	12.26	17.37	104212.50	1822	0	StephenHawking	
6152	3:29:18	1/1/2019 	12552037	564.00	9.00	13.57	17.37	104212.50	1823	0	StephenHawking	
6153	3:29:18	1/1/2019 	12552797	270.00	9.00	10.65	17.37	104212.76	49803	0	StephenHawking	
6154	3:29:18	1/1/2019 	12552865	924.00	124.00	34.69	17.37	104212.15	2827	1	StephenHawking	
6155	3:29:19	1/1/2019 	12553560	370.00	9.00	11.91	17.37	104212.15	49806	1	StephenHawking	
6156	3:29:19	1/1/2019 	12553590	647.00	10.00	14.78	17.37	104212.15	1824	0	StephenHawking	
6157	3:29:21	1/1/2019 	12555559	297.00	9.00	11.05	17.37	104211.80	97786	0	StephenHawking	
6158	3:29:22	1/1/2019 	12556226	370.00	9.00	11.91	17.37	104211.80	1823	0	StephenHawking	
6159	3:29:23	1/1/2019 	12557764	184.00	9.00	8.93	17.37	104211.80	97786	0	StephenHawking	
6160	3:29:23	1/1/2019 	12557895	972.00	370.00	69.44	17.37	104211.80	2796	0	StephenHawking	
6161	3:29:25	1/1/2019 	12559446	159.00	9.00	8.27	17.37	104211.62	49807	0	StephenHawking	
6162	3:29:25	1/1/2019 	12559582	363.00	8.00	11.79	17.37	104211.62	49811	0	StephenHawking	
6163	3:29:25	1/1/2019 	12559932	981.00	786.00	140.23	17.37	104211.62	2780	1	StephenHawking	
6164	3:29:27	1/1/2019 	12561563	970.00	554.00	95.21	17.37	104211.92	97794	0	StephenHawking	
6165	3:29:27	1/1/2019 	12561915	659.00	11.00	15.15	17.37	104213.32	1824	0	StephenHawking	
6166	3:29:28	1/1/2019 	12561965	931.00	127.00	35.27	17.37	104213.32	5609	1	StephenHawking	
6167	3:29:28	1/1/2019 	12562000	605.00	9.00	14.09	17.37	104213.32	1824	0	StephenHawking	
6168	3:29:28	1/1/2019 	12562139	93.00	9.00	6.42	17.37	104213.32	1822	0	StephenHawking	
6169	3:29:28	1/1/2019 	12562612	528.00	9.00	13.17	17.37	104216.29	49805	0	StephenHawking	
6170	3:29:29	1/1/2019 	12562973	790.00	61.00	23.59	17.37	104216.29	1822	0	StephenHawking	
6171	3:29:29	1/1/2019 	12563228	133.00	8.00	7.53	17.37	104220.83	2758	0	StephenHawking	
6172	3:29:29	1/1/2019 	12563472	924.00	124.00	34.69	17.37	104220.83	1822	1	StephenHawking	
6173	3:29:29	1/1/2019 	12563784	367.00	8.00	11.83	17.37	104224.31	49806	0	StephenHawking	
6174	3:29:30	1/1/2019 	12564103	784.00	52.00	22.63	17.37	104224.31	1822	0	StephenHawking	
6175	3:29:30	1/1/2019 	12564233	666.00	15.00	16.26	17.37	104227.80	1824	0	StephenHawking	
6176	3:29:30	1/1/2019 	12564383	158.00	9.00	8.25	17.37	104227.80	1823	0	StephenHawking	
6177	3:29:31	1/1/2019 	12565307	367.00	9.00	11.88	17.36	104231.20	50744	0	StephenHawking	
6178	3:29:31	1/1/2019 	12565563	122.00	9.00	7.21	17.36	104234.00	49805	0	StephenHawking	
6179	3:29:31	1/1/2019 	12565703	952.00	161.00	40.94	17.36	104234.00	1823	0	StephenHawking	
6180	3:29:32	1/1/2019 	12565960	71.00	8.00	5.99	17.36	104234.00	1822	0	StephenHawking	
6181	3:29:32	1/1/2019 	12566882	958.00	203.00	45.71	17.36	104237.31	49804	0	StephenHawking	
6182	3:29:33	1/1/2019 	12567752	924.00	121.00	34.12	17.36	104238.53	49805	0	StephenHawking	
6183	3:29:33	1/1/2019 	12567925	785.00	47.00	22.15	17.36	104238.88	2768	0	StephenHawking	
6184	3:29:34	1/1/2019 	12568822	713.00	17.00	17.23	17.37	104239.66	49805	0	StephenHawking	
6185	3:29:35	1/1/2019 	12569478	828.00	74.00	25.36	17.37	104240.02	1824	0	StephenHawking	
6186	3:29:35	1/1/2019 	12569575	233.00	9.00	10.00	17.37	104240.02	49805	0	StephenHawking	
6187	3:29:36	1/1/2019 	12570443	332.00	9.00	11.50	17.37	104240.53	2667	0	StephenHawking	
6188	3:29:36	1/1/2019 	12570550	638.00	10.00	14.69	17.37	104240.53	51292	0	StephenHawking	
6189	3:29:37	1/1/2019 	12571164	335.00	9.00	11.54	17.37	104240.70	1823	0	StephenHawking	
6190	3:29:37	1/1/2019 	12571247	673.00	11.00	15.25	17.37	104240.70	1823	0	StephenHawking	
6191	3:29:37	1/1/2019 	12571844	813.00	70.00	24.76	17.37	104240.89	49805	0	StephenHawking	
6192	3:29:38	1/1/2019 	12572721	449.00	9.00	12.55	17.37	104241.80	49806	0	StephenHawking	
6193	3:29:40	1/1/2019 	12574009	159.00	9.00	8.27	17.37	104241.80	49806	0	StephenHawking	
6194	3:29:40	1/1/2019 	12574203	786.00	44.00	21.86	17.37	104241.80	2788	0	StephenHawking	
6195	3:29:40	1/1/2019 	12574279	580.00	10.00	13.92	17.37	104241.80	1823	0	StephenHawking	
6196	3:29:40	1/1/2019 	12574299	828.00	74.00	25.36	17.37	104241.80	1823	1	StephenHawking	
6197	3:29:40	1/1/2019 	12574442	366.00	9.00	11.87	17.37	104241.98	1823	0	StephenHawking	
6198	3:29:40	1/1/2019 	12574867	476.00	9.00	12.74	17.37	104241.98	49805	0	StephenHawking	
6199	3:29:41	1/1/2019 	12575438	257.00	9.00	10.43	17.37	104241.98	2793	0	StephenHawking	
6200	3:29:41	1/1/2019 	12575800	780.00	52.00	22.62	17.37	104241.98	49806	0	StephenHawking	
6201	3:29:42	1/1/2019 	12576228	950.00	183.00	43.69	17.37	104241.98	1824	0	StephenHawking	
6202	3:29:42	1/1/2019 	12576277	395.00	9.00	12.14	17.37	104241.98	1824	0	StephenHawking	
6203	3:29:42	1/1/2019 	12576361	941.00	133.00	36.38	17.37	104241.98	1823	1	StephenHawking	
6204	3:29:42	1/1/2019 	12576421	965.00	284.00	54.59	17.37	104241.98	1823	0	StephenHawking	
6205	3:29:42	1/1/2019 	12576666	810.00	63.00	23.89	17.37	104241.98	50783	0	StephenHawking	
6206	3:29:43	1/1/2019 	12577872	585.00	9.00	13.83	17.37	104241.98	49804	0	StephenHawking	
6207	3:29:44	1/1/2019 	12578441	956.00	225.00	47.75	17.37	104242.16	1824	0	StephenHawking	
6208	3:29:44	1/1/2019 	12578698	783.00	53.00	22.73	17.37	104242.16	49806	0	StephenHawking	
6209	3:29:44	1/1/2019 	12578708	264.00	9.00	10.55	17.37	104242.16	1823	0	StephenHawking	
6210	3:29:44	1/1/2019 	12578715	915.00	109.00	31.76	17.37	104242.16	1823	0	StephenHawking	
6211	3:29:46	1/1/2019 	12580009	143.00	9.00	7.82	17.37	104242.16	50787	0	StephenHawking	
6212	3:29:46	1/1/2019 	12580192	700.00	14.00	16.30	17.37	104242.16	2728	0	StephenHawking	
6213	3:29:46	1/1/2019 	12580276	757.00	29.00	19.96	17.37	104242.16	1822	0	StephenHawking	
6214	3:29:47	1/1/2019 	12581818	335.00	9.00	11.54	17.37	104242.68	97788	0	StephenHawking	
6215	3:29:48	1/1/2019 	12582455	134.00	9.00	7.56	17.37	104243.03	1822	0	StephenHawking	
6216	3:29:49	1/1/2019 	12583318	750.00	27.00	19.60	17.37	104242.80	51330	0	StephenHawking	
6217	3:29:49	1/1/2019 	12583696	584.00	9.00	13.82	17.37	104242.80	49805	0	StephenHawking	
6218	3:29:50	1/1/2019 	12584057	148.00	8.00	7.96	17.37	104242.98	1823	0	StephenHawking	
6219	3:29:51	1/1/2019 	12585392	957.00	282.00	54.30	17.37	104243.33	49806	1	StephenHawking	
6220	3:29:54	1/1/2019 	12587945	401.00	9.00	12.19	17.36	104243.59	145774	0	StephenHawking	
6221	3:29:54	1/1/2019 	12588313	687.00	13.00	15.93	17.36	104243.77	1824	0	StephenHawking	
6222	3:29:56	1/1/2019 	12590190	425.00	10.00	12.45	17.36	104244.29	98892	0	StephenHawking	
6223	3:29:57	1/1/2019 	12591056	752.00	27.00	19.61	17.36	104244.29	50747	0	StephenHawking	
6224	3:29:57	1/1/2019 	12591426	365.00	9.00	11.86	17.36	104244.03	1824	0	StephenHawking	
6225	3:29:58	1/1/2019 	12591956	206.00	9.00	9.44	17.36	104244.20	49805	0	StephenHawking	
6226	3:29:58	1/1/2019 	12592047	620.00	10.00	14.48	17.36	104244.20	1823	0	StephenHawking	
6227	3:29:58	1/1/2019 	12592086	287.00	9.00	10.91	17.36	104244.20	3366	0	StephenHawking	
6228	3:29:58	1/1/2019 	12592340	960.00	229.00	48.12	17.36	104244.20	1822	0	StephenHawking	
6229	3:29:58	1/1/2019 	12592452	954.00	202.00	45.62	17.36	104244.20	1824	0	StephenHawking	
6230	3:29:58	1/1/2019 	12592663	776.00	50.00	22.40	17.36	104244.38	49806	0	StephenHawking	
6231	3:29:59	1/1/2019 	12593479	898.00	101.00	30.18	17.36	104244.20	1824	1	StephenHawking	
6232	3:30:00	1/1/2019 	12594303	728.00	21.00	18.31	17.36	104244.38	49807	0	StephenHawking	
6233	3:30:01	1/1/2019 	12594978	111.00	8.00	6.89	17.36	104244.73	50830	0	StephenHawking	
6234	3:30:01	1/1/2019 	12595294	125.00	8.00	7.29	17.36	104244.73	1822	0	StephenHawking	
6235	3:30:01	1/1/2019 	12595568	133.00	9.00	7.53	17.36	104245.08	49806	0	StephenHawking	
6236	3:30:01	1/1/2019 	12595629	708.00	15.00	16.64	17.36	104245.08	1822	0	StephenHawking	
6237	3:30:02	1/1/2019 	12596311	104.00	9.00	6.70	17.36	104244.65	1822	0	StephenHawking	
6238	3:30:02	1/1/2019 	12596472	741.00	23.00	18.81	17.36	104244.65	1824	0	StephenHawking	
6239	3:30:03	1/1/2019 	12597611	131.00	9.00	7.47	17.36	104245.17	98816	0	StephenHawking	
6240	3:30:04	1/1/2019 	12598084	72.00	9.00	6.01	17.36	104245.34	1822	0	StephenHawking	
6241	3:30:04	1/1/2019 	12598224	773.00	33.00	20.60	17.36	104245.34	1822	0	StephenHawking	
6242	3:30:05	1/1/2019 	12599212	717.00	17.00	17.25	17.36	104245.87	49806	0	StephenHawking	
6243	3:30:05	1/1/2019 	12599477	947.00	152.00	39.60	17.36	104245.87	1824	1	StephenHawking	
6244	3:30:05	1/1/2019 	12599773	897.00	97.00	29.42	17.36	104245.87	53033	0	StephenHawking	
6245	3:30:05	1/1/2019 	12599921	795.00	61.00	23.61	17.36	104245.87	2643	0	StephenHawking	
6246	3:30:06	1/1/2019 	12600059	118.00	9.00	7.09	17.36	104245.87	1822	0	StephenHawking	
6247	3:30:07	1/1/2019 	12601605	137.00	8.00	7.64	17.36	104245.95	97786	0	StephenHawking	
6248	3:30:07	1/1/2019 	12601923	460.00	9.00	12.63	17.36	104245.95	1823	0	StephenHawking	
6249	3:30:08	1/1/2019 	12602039	630.00	10.00	14.61	17.36	104245.95	1823	0	StephenHawking	
6250	3:30:08	1/1/2019 	12602054	113.00	9.00	6.95	17.36	104245.95	3396	0	StephenHawking	
6251	3:30:09	1/1/2019 	12603420	65.00	8.00	5.92	17.36	104246.14	49805	0	StephenHawking	
6252	3:30:09	1/1/2019 	12603569	64.00	9.00	5.92	17.36	104246.14	49805	0	StephenHawking	
6253	3:30:09	1/1/2019 	12603708	956.00	239.00	49.10	17.36	104246.14	1822	1	StephenHawking	
6254	3:30:10	1/1/2019 	12604839	668.00	11.00	15.22	17.35	104245.91	49807	0	StephenHawking	
6255	3:30:12	1/1/2019 	12606413	331.00	9.00	11.49	17.35	104246.08	49807	0	StephenHawking	
6256	3:30:13	1/1/2019 	12607776	613.00	10.00	14.39	17.35	104246.44	98741	0	StephenHawking	
6257	3:30:15	1/1/2019 	12609164	183.00	9.00	8.90	17.35	104246.17	49807	0	StephenHawking	
6258	3:30:16	1/1/2019 	12610110	558.00	9.00	13.50	17.35	104246.34	49806	0	StephenHawking	
6259	3:30:16	1/1/2019 	12610152	93.00	9.00	6.42	17.35	104246.34	2676	0	StephenHawking	
6260	3:30:16	1/1/2019 	12610468	676.00	12.00	15.57	17.35	104246.34	1822	0	StephenHawking	
6261	3:30:17	1/1/2019 	12611266	257.00	9.00	10.43	17.35	104246.34	51299	0	StephenHawking	
6262	3:30:17	1/1/2019 	12611728	951.00	155.00	40.06	17.35	104246.53	49805	0	StephenHawking	
6263	3:30:18	1/1/2019 	12612748	771.00	37.00	21.08	17.35	104246.53	49807	0	StephenHawking	
6264	3:30:19	1/1/2019 	12613007	665.00	11.00	15.20	17.35	104246.70	1824	0	StephenHawking	
6265	3:30:19	1/1/2019 	12613101	682.00	15.00	16.46	17.35	104246.70	1823	0	StephenHawking	
6266	3:30:19	1/1/2019 	12613213	239.00	9.00	10.11	17.35	104246.70	1823	0	StephenHawking	
6267	3:30:19	1/1/2019 	12613701	325.00	4.00	11.19	17.35	104246.88	50881	0	StephenHawking	
6268	3:30:19	1/1/2019 	12613799	740.00	21.00	18.36	17.35	104246.88	1830	0	StephenHawking	
6269	3:30:21	1/1/2019 	12615473	747.00	25.00	19.23	17.35	104247.05	49811	0	StephenHawking	
6270	3:30:21	1/1/2019 	12615565	884.00	93.00	28.63	17.35	104247.05	49807	1	StephenHawking	
6271	3:30:21	1/1/2019 	12615632	140.00	8.00	7.73	17.35	104247.05	1822	0	StephenHawking	
6272	3:30:21	1/1/2019 	12615680	973.00	514.00	88.73	17.35	104247.05	1822	0	StephenHawking	
6273	3:30:22	1/1/2019 	12616198	761.00	28.00	19.82	17.35	104246.80	2802	0	StephenHawking	
6274	3:30:22	1/1/2019 	12616819	224.00	9.00	9.82	17.35	104246.80	49805	0	StephenHawking	
6275	3:30:22	1/1/2019 	12616887	786.00	54.00	22.84	17.35	104246.80	1822	0	StephenHawking	
6276	3:30:23	1/1/2019 	12617323	951.00	208.00	46.18	17.35	104246.97	1822	1	StephenHawking	
6277	3:30:23	1/1/2019 	12617929	122.00	9.00	7.21	17.35	104247.14	49805	0	StephenHawking	
6278	3:30:24	1/1/2019 	12618564	260.00	9.00	10.48	17.35	104247.57	50788	0	StephenHawking	
6279	3:30:25	1/1/2019 	12619020	403.00	9.00	12.21	17.35	104247.57	1823	0	StephenHawking	
6280	3:30:25	1/1/2019 	12619125	453.00	9.00	12.58	17.35	104247.57	1823	0	StephenHawking	
6281	3:30:25	1/1/2019 	12619206	511.00	9.00	13.02	17.35	104247.57	1823	0	StephenHawking	
6282	3:30:26	1/1/2019 	12620248	84.00	9.00	6.22	17.35	104247.31	49804	0	StephenHawking	
6283	3:30:27	1/1/2019 	12621815	791.00	60.00	23.49	17.35	104247.48	98697	0	StephenHawking	
6284	3:30:29	1/1/2019 	12623633	918.00	121.00	34.11	17.35	104247.66	99316	1	StephenHawking	
6285	3:30:29	1/1/2019 	12623723	642.00	10.00	14.73	17.35	104247.66	1824	0	StephenHawking	
6286	3:30:31	1/1/2019 	12625006	537.00	9.00	13.26	17.35	104247.84	49806	0	StephenHawking	
6287	3:30:31	1/1/2019 	12625367	633.00	10.00	14.64	17.35	104247.84	1824	0	StephenHawking	
6288	3:30:32	1/1/2019 	12626484	297.00	9.00	11.05	17.35	104248.01	49805	0	StephenHawking	
6289	3:30:32	1/1/2019 	12626749	436.00	9.00	12.46	17.35	104248.19	49807	0	StephenHawking	
6290	3:30:33	1/1/2019 	12627458	66.00	9.00	5.93	17.35	104248.19	2827	0	StephenHawking	
6291	3:30:35	1/1/2019 	12629760	953.00	204.00	45.81	17.35	104248.28	145773	1	StephenHawking	
6292	3:30:36	1/1/2019 	12630681	69.00	8.00	5.97	17.35	104248.28	50750	0	StephenHawking	
6293	3:30:38	1/1/2019 	12632253	956.00	241.00	49.30	17.35	104248.97	49807	1	StephenHawking	
6294	3:30:38	1/1/2019 	12632608	920.00	120.00	33.92	17.35	104248.97	49808	1	StephenHawking	
6295	3:30:39	1/1/2019 	12633339	387.00	9.00	12.07	17.35	104249.15	3473	0	StephenHawking	
6296	3:30:39	1/1/2019 	12633648	964.00	326.00	61.53	17.35	104249.15	49807	1	StephenHawking	
6297	3:30:39	1/1/2019 	12633702	912.00	111.00	32.15	17.35	104249.15	1824	0	StephenHawking	
6298	3:30:39	1/1/2019 	12633805	946.00	158.00	40.51	17.35	104249.15	1823	1	StephenHawking	
6299	3:30:40	1/1/2019 	12634576	637.00	10.00	14.68	17.35	104249.33	49807	0	StephenHawking	
6300	3:30:41	1/1/2019 	12635051	156.00	8.00	8.19	17.35	104249.33	1823	0	StephenHawking	
6301	3:30:41	1/1/2019 	12635318	408.00	8.00	12.18	17.35	104249.15	2848	0	StephenHawking	
6302	3:30:41	1/1/2019 	12635346	199.00	9.00	9.29	17.35	104249.15	1822	0	StephenHawking	
6303	3:30:41	1/1/2019 	12635640	278.00	9.00	10.77	17.35	104249.15	49805	0	StephenHawking	
6304	3:30:41	1/1/2019 	12635877	970.00	400.00	74.33	17.35	104249.33	1823	0	StephenHawking	
6305	3:30:42	1/1/2019 	12636214	718.00	17.00	17.25	17.35	104249.33	1823	0	StephenHawking	
6306	3:30:42	1/1/2019 	12636325	783.00	53.00	22.73	17.35	104249.50	2856	0	StephenHawking	
6307	3:30:42	1/1/2019 	12636351	914.00	111.00	32.15	17.35	104249.50	1823	1	StephenHawking	
6308	3:30:43	1/1/2019 	12637118	756.00	29.00	19.96	17.35	104249.67	49806	0	StephenHawking	
6309	3:30:43	1/1/2019 	12637494	922.00	119.00	33.73	17.35	104249.67	1824	0	StephenHawking	
6310	3:30:43	1/1/2019 	12637670	750.00	26.00	19.43	17.35	104249.67	49807	0	StephenHawking	
6311	3:30:43	1/1/2019 	12637728	709.00	16.00	16.93	17.35	104249.67	1824	0	StephenHawking	
6312	3:30:44	1/1/2019 	12638598	398.00	9.00	12.17	17.35	104249.67	53037	0	StephenHawking	
6313	3:30:46	1/1/2019 	12640415	614.00	9.00	14.20	17.35	104249.84	49807	0	StephenHawking	
6314	3:30:46	1/1/2019 	12640576	218.00	9.00	9.70	17.35	104249.84	50630	1	StephenHawking	
6315	3:30:47	1/1/2019 	12641416	141.00	9.00	7.76	17.35	104249.84	1821	0	StephenHawking	
6316	3:30:47	1/1/2019 	12641627	950.00	156.00	40.21	17.35	104249.84	49807	0	StephenHawking	
6317	3:30:48	1/1/2019 	12642458	768.00	34.00	20.71	17.35	104250.02	1824	0	StephenHawking	
6318	3:30:52	1/1/2019 	12646293	84.00	9.00	6.22	17.34	104249.94	195227	0	StephenHawking	
6319	3:30:53	1/1/2019 	12647103	654.00	11.00	15.11	17.34	104250.11	49806	0	StephenHawking	
6320	3:30:53	1/1/2019 	12647592	949.00	149.00	39.13	17.34	104250.11	49806	0	StephenHawking	
6321	3:30:53	1/1/2019 	12647784	779.00	55.00	22.91	17.34	104250.11	1823	1	StephenHawking	
6322	3:30:53	1/1/2019 	12647790	367.00	8.00	11.83	17.34	104250.11	1824	0	StephenHawking	
6323	3:30:56	1/1/2019 	12650316	233.00	9.00	10.00	17.35	104250.89	98741	0	StephenHawking	
6324	3:30:56	1/1/2019 	12650855	384.00	9.00	12.04	17.35	104250.89	50665	0	StephenHawking	
6325	3:30:57	1/1/2019 	12651723	785.00	53.00	22.74	17.35	104251.07	49806	0	StephenHawking	
6326	3:30:58	1/1/2019 	12652189	276.00	9.00	10.74	17.34	104250.63	1824	0	StephenHawking	
6327	3:30:58	1/1/2019 	12652284	456.00	9.00	12.60	17.34	104250.63	1823	0	StephenHawking	
6328	3:30:59	1/1/2019 	12652944	713.00	16.00	16.95	17.34	104250.81	49807	0	StephenHawking	
6329	3:30:59	1/1/2019 	12653024	105.00	8.00	6.73	17.34	104250.81	3319	0	StephenHawking	
6330	3:31:00	1/1/2019 	12654137	143.00	9.00	7.82	17.34	104250.98	49806	0	StephenHawking	
6331	3:31:01	1/1/2019 	12655007	189.00	9.00	9.05	17.34	104251.51	49806	0	StephenHawking	
6332	3:31:01	1/1/2019 	12655155	625.00	9.00	14.32	17.34	104251.51	1823	0	StephenHawking	
6333	3:31:01	1/1/2019 	12655855	459.00	9.00	12.62	17.34	104251.51	49807	0	StephenHawking	
6334	3:31:01	1/1/2019 	12655901	147.00	9.00	7.94	17.34	104251.51	1821	0	StephenHawking	
6335	3:31:02	1/1/2019 	12656218	428.00	9.00	12.40	17.34	104251.51	2795	0	StephenHawking	
6336	3:31:02	1/1/2019 	12656597	126.00	8.00	7.32	17.34	104251.51	49807	0	StephenHawking	
6337	3:31:02	1/1/2019 	12656650	64.00	9.00	5.92	17.34	104251.51	1822	0	StephenHawking	
6338	3:31:02	1/1/2019 	12656915	972.00	344.00	64.79	17.34	104251.51	1822	1	StephenHawking	
6339	3:31:03	1/1/2019 	12657568	99.00	9.00	6.57	17.34	104251.69	49805	0	StephenHawking	
6340	3:31:04	1/1/2019 	12658813	958.00	307.00	58.22	17.34	104251.69	50747	1	StephenHawking	
6341	3:31:05	1/1/2019 	12658958	947.00	170.00	42.14	17.34	104251.69	1824	1	StephenHawking	
6342	3:31:05	1/1/2019 	12659112	952.00	200.00	45.43	17.34	104251.69	1824	0	StephenHawking	
6343	3:31:05	1/1/2019 	12659174	74.00	9.00	6.03	17.34	104251.86	1823	0	StephenHawking	
6344	3:31:05	1/1/2019 	12659777	599.00	9.00	14.01	17.34	104252.03	49806	1	StephenHawking	
6345	3:31:05	1/1/2019 	12659904	949.00	181.00	43.46	17.34	104252.03	2719	0	StephenHawking	
6346	3:31:08	1/1/2019 	12662275	74.00	9.00	6.03	17.34	104251.86	99345	0	StephenHawking	
6347	3:31:10	1/1/2019 	12664324	745.00	25.00	19.22	17.34	104252.20	97787	1	StephenHawking	
6348	3:31:10	1/1/2019 	12664651	736.00	21.00	18.35	17.34	104252.20	49806	0	StephenHawking	
6349	3:31:11	1/1/2019 	12665054	928.00	128.00	35.45	17.34	104252.20	1823	0	StephenHawking	
6350	3:31:11	1/1/2019 	12665103	582.00	9.00	13.79	17.34	104252.20	1824	0	StephenHawking	
6351	3:31:12	1/1/2019 	12665945	968.00	607.00	106.47	17.34	104252.73	50805	1	StephenHawking	
6352	3:31:12	1/1/2019 	12666423	645.00	10.00	14.76	17.34	104252.73	1824	0	StephenHawking	
6353	3:31:12	1/1/2019 	12666672	600.00	9.00	14.02	17.34	104252.73	49805	0	StephenHawking	
6354	3:31:12	1/1/2019 	12666716	95.00	9.00	6.47	17.34	104252.73	1822	0	StephenHawking	
6355	3:31:13	1/1/2019 	12667499	110.00	8.00	6.86	17.34	104252.73	1821	0	StephenHawking	
6356	3:31:13	1/1/2019 	12667629	345.00	9.00	11.65	17.34	104252.73	49830	0	StephenHawking	
6357	3:31:14	1/1/2019 	12667978	672.00	11.00	15.24	17.34	104252.73	2828	0	StephenHawking	
6358	3:31:14	1/1/2019 	12668831	903.00	106.00	31.15	17.34	104252.73	49807	0	StephenHawking	
6359	3:31:15	1/1/2019 	12669223	958.00	282.00	54.30	17.34	104252.73	1824	1	StephenHawking	
6360	3:31:15	1/1/2019 	12669698	666.00	11.00	15.21	17.34	104252.73	49808	1	StephenHawking	
6361	3:31:15	1/1/2019 	12669803	436.00	9.00	12.46	17.34	104252.73	2763	0	StephenHawking	
6362	3:31:16	1/1/2019 	12670017	246.00	9.00	10.24	17.34	104253.08	1823	0	StephenHawking	
6363	3:31:16	1/1/2019 	12670057	912.00	112.00	32.35	17.34	104253.08	3370	0	StephenHawking	
6364	3:31:16	1/1/2019 	12670313	211.00	9.00	9.55	17.34	104253.08	1823	0	StephenHawking	
6365	3:31:17	1/1/2019 	12671107	778.00	39.00	21.32	17.34	104253.08	49803	0	StephenHawking	
6366	3:31:17	1/1/2019 	12671742	960.00	249.00	50.14	17.34	104253.25	49806	1	StephenHawking	
6367	3:31:19	1/1/2019 	12673204	108.00	9.00	6.81	17.34	104252.64	49804	0	StephenHawking	
6368	3:31:20	1/1/2019 	12674864	103.00	8.00	6.67	17.34	104253.25	98813	0	StephenHawking	
6369	3:31:21	1/1/2019 	12675156	970.00	677.00	122.38	17.34	104253.25	1823	0	StephenHawking	
6370	3:31:21	1/1/2019 	12675725	68.00	9.00	5.95	17.34	104252.82	49805	0	StephenHawking	
6371	3:31:21	1/1/2019 	12675813	417.00	9.00	12.32	17.34	104252.82	1822	1	StephenHawking	
6372	3:31:22	1/1/2019 	12676710	781.00	47.00	22.14	17.34	104253.77	49804	0	StephenHawking	
6373	3:31:22	1/1/2019 	12676735	115.00	9.00	7.01	17.34	104253.77	1824	0	StephenHawking	
6374	3:31:23	1/1/2019 	12677415	928.00	127.00	35.27	17.34	104253.95	2854	0	StephenHawking	
6375	3:31:23	1/1/2019 	12677857	172.00	9.00	8.62	17.34	104254.12	49807	0	StephenHawking	
6376	3:31:24	1/1/2019 	12678840	592.00	9.00	13.92	17.34	104254.30	49810	0	StephenHawking	
6377	3:31:25	1/1/2019 	12679676	279.00	9.00	10.79	17.34	104254.65	49807	0	StephenHawking	
6378	3:31:25	1/1/2019 	12679757	950.00	161.00	40.94	17.34	104254.65	2635	0	StephenHawking	
6379	3:31:26	1/1/2019 	12680306	948.00	165.00	41.49	17.34	104254.82	1823	0	StephenHawking	
6380	3:31:26	1/1/2019 	12680370	227.00	9.00	9.88	17.34	104254.82	3291	1	StephenHawking	
6381	3:31:27	1/1/2019 	12681574	601.00	9.00	14.04	17.34	104254.22	97787	1	StephenHawking	
6382	3:31:27	1/1/2019 	12681901	603.00	9.00	14.06	17.34	104254.22	1823	0	StephenHawking	
6383	3:31:28	1/1/2019 	12681952	965.00	370.00	69.44	17.34	104254.22	1823	1	StephenHawking	
6384	3:31:28	1/1/2019 	12682117	759.00	30.00	20.12	17.34	104254.82	1823	0	StephenHawking	
6385	3:31:30	1/1/2019 	12684015	966.00	413.00	76.23	17.34	104254.39	98735	0	StephenHawking	
6386	3:31:30	1/1/2019 	12684467	849.00	79.00	26.15	17.34	104254.56	1825	0	StephenHawking	
6387	3:31:31	1/1/2019 	12685500	188.00	9.00	9.03	17.34	104255.00	49805	0	StephenHawking	
6388	3:31:32	1/1/2019 	12685947	387.00	9.00	12.07	17.34	104254.73	49830	0	StephenHawking	
6389	3:31:32	1/1/2019 	12686202	718.00	17.00	17.25	17.34	104255.34	1823	0	StephenHawking	
6390	3:31:32	1/1/2019 	12686486	972.00	460.00	82.12	17.34	104255.34	1823	0	StephenHawking	
6391	3:31:32	1/1/2019 	12686887	596.00	9.00	13.97	17.34	104255.34	50859	0	StephenHawking	
6392	3:31:33	1/1/2019 	12687291	463.00	9.00	12.65	17.34	104255.34	1823	0	StephenHawking	
6393	3:31:34	1/1/2019 	12688699	974.00	633.00	112.50	17.34	104255.34	97788	1	StephenHawking	
6394	3:31:34	1/1/2019 	12688875	897.00	99.00	29.79	17.34	104255.34	1824	0	StephenHawking	
6395	3:31:36	1/1/2019 	12689938	956.00	267.00	52.26	17.34	104255.52	49805	1	StephenHawking	
6396	3:31:36	1/1/2019 	12690352	177.00	9.00	8.75	17.34	104255.52	4050	0	StephenHawking	
6397	3:31:36	1/1/2019 	12690746	688.00	13.00	15.94	17.34	104255.69	49804	0	StephenHawking	
6398	3:31:37	1/1/2019 	12691134	141.00	9.00	7.76	17.34	104255.52	1823	1	StephenHawking	
6399	3:31:38	1/1/2019 	12692108	288.00	9.00	10.92	17.34	104255.52	49805	0	StephenHawking	
6400	3:31:38	1/1/2019 	12692674	962.00	308.00	58.39	17.34	104255.69	49806	0	StephenHawking	
6401	3:31:39	1/1/2019 	12692945	93.00	9.00	6.42	17.34	104255.88	1824	0	StephenHawking	
6402	3:31:39	1/1/2019 	12693031	783.00	41.00	21.55	17.34	104255.88	2801	0	StephenHawking	
6403	3:31:39	1/1/2019 	12693581	887.00	93.00	28.65	17.34	104255.88	49812	0	StephenHawking	
6404	3:31:40	1/1/2019 	12693946	234.00	9.00	10.02	17.34	104255.88	1829	0	StephenHawking	
6405	3:31:40	1/1/2019 	12694219	112.00	9.00	6.92	17.34	104256.05	1828	0	StephenHawking	
6406	3:31:40	1/1/2019 	12694445	963.00	318.00	60.11	17.34	104256.05	1822	0	StephenHawking	
6407	3:31:40	1/1/2019 	12694799	685.00	12.00	15.61	17.34	104256.22	49805	0	StephenHawking	
6408	3:31:41	1/1/2019 	12695411	729.00	20.00	18.08	17.34	104256.39	2801	0	StephenHawking	
6409	3:31:41	1/1/2019 	12695586	950.00	148.00	38.97	17.34	104256.39	49806	1	StephenHawking	
6410	3:31:42	1/1/2019 	12696202	330.00	9.00	11.48	17.34	104256.56	1823	0	StephenHawking	
6411	3:31:42	1/1/2019 	12696210	705.00	15.00	16.62	17.34	104256.56	1823	0	StephenHawking	
6412	3:31:42	1/1/2019 	12696906	84.00	12.00	6.22	17.34	104256.56	49804	0	StephenHawking	
6413	3:31:43	1/1/2019 	12697404	86.00	9.00	6.26	17.34	104256.74	2804	0	StephenHawking	
6414	3:31:43	1/1/2019 	12697576	72.00	9.00	6.01	17.34	104256.74	49804	0	StephenHawking	
6415	3:31:44	1/1/2019 	12698427	954.00	216.00	46.92	17.34	104256.91	1821	0	StephenHawking	
6416	3:31:45	1/1/2019 	12699588	161.00	9.00	8.33	17.34	104257.27	97786	0	StephenHawking	
6417	3:31:46	1/1/2019 	12700693	771.00	40.00	21.40	17.34	104257.27	50713	0	StephenHawking	
6418	3:31:47	1/1/2019 	12701350	135.00	9.00	7.59	17.34	104257.44	1824	0	StephenHawking	
6419	3:31:47	1/1/2019 	12701663	644.00	10.00	14.75	17.34	104257.44	51430	0	StephenHawking	
6420	3:31:47	1/1/2019 	12701687	922.00	121.00	34.11	17.34	104257.44	1823	1	StephenHawking	
6421	3:31:47	1/1/2019 	12701772	909.00	106.00	31.17	17.34	104257.44	1823	1	StephenHawking	
6422	3:31:47	1/1/2019 	12701906	133.00	9.00	7.53	17.34	104257.44	1823	0	StephenHawking	
6423	3:31:48	1/1/2019 	12702138	840.00	76.00	25.68	17.34	104257.44	1823	0	StephenHawking	
6424	3:31:48	1/1/2019 	12702256	975.00	494.00	86.10	17.34	104257.44	1823	1	StephenHawking	
6425	3:31:48	1/1/2019 	12702466	766.00	33.00	20.57	17.34	104257.62	2828	0	StephenHawking	
6426	3:31:49	1/1/2019 	12703048	62.00	8.00	5.90	17.34	104257.62	49804	0	StephenHawking	
6427	3:31:49	1/1/2019 	12703902	903.00	106.00	31.15	17.34	104257.62	49805	0	StephenHawking	
6428	3:31:50	1/1/2019 	12704156	262.00	9.00	10.52	17.34	104257.62	1824	0	StephenHawking	
6429	3:31:50	1/1/2019 	12704876	454.00	9.00	12.59	17.34	104257.62	49806	0	StephenHawking	
6430	3:31:51	1/1/2019 	12705549	259.00	9.00	10.47	17.34	104257.62	50815	0	StephenHawking	
6431	3:31:51	1/1/2019 	12705727	95.00	9.00	6.47	17.34	104257.62	1824	0	StephenHawking	
6432	3:31:52	1/1/2019 	12706046	675.00	12.00	15.56	17.34	104257.44	1821	0	StephenHawking	
6433	3:31:52	1/1/2019 	12706232	67.00	9.00	5.94	17.34	104257.44	1823	0	StephenHawking	
6434	3:31:52	1/1/2019 	12706285	527.00	9.00	13.16	17.34	104257.44	1821	0	StephenHawking	
6435	3:31:52	1/1/2019 	12706306	968.00	304.00	57.72	17.34	104257.44	1822	1	StephenHawking	
6436	3:31:53	1/1/2019 	12707453	863.00	84.00	27.00	17.34	104257.62	50820	0	StephenHawking	
6437	3:31:53	1/1/2019 	12707457	681.00	12.00	15.60	17.34	104257.62	1824	0	StephenHawking	
6438	3:31:54	1/1/2019 	12708467	792.00	58.00	23.27	17.34	104257.96	49804	0	StephenHawking	
6439	3:31:55	1/1/2019 	12709108	900.00	99.00	29.80	17.34	104258.14	49807	0	StephenHawking	
6440	3:31:55	1/1/2019 	12709597	109.00	12.00	6.85	17.34	104258.14	49805	0	StephenHawking	
6441	3:31:55	1/1/2019 	12709668	561.00	9.00	13.53	17.34	104258.14	2781	0	StephenHawking	
6442	3:31:55	1/1/2019 	12709828	765.00	30.00	20.15	17.34	104258.14	3380	0	StephenHawking	
6443	3:31:56	1/1/2019 	12709945	557.00	9.00	13.48	17.34	104258.14	1822	1	StephenHawking	
6444	3:31:57	1/1/2019 	12711713	137.00	9.00	7.65	17.34	104258.14	97788	0	StephenHawking	
6445	3:31:57	1/1/2019 	12711725	846.00	75.00	25.55	17.34	104258.14	1824	0	StephenHawking	
6446	3:31:58	1/1/2019 	12712419	534.00	9.00	13.23	17.34	104258.31	1822	0	StephenHawking	
6447	3:31:58	1/1/2019 	12712640	627.00	9.00	14.34	17.34	104258.31	53037	0	StephenHawking	
6448	3:31:58	1/1/2019 	12712876	545.00	9.00	13.35	17.34	104258.31	1823	0	StephenHawking	
6449	3:31:58	1/1/2019 	12712902	970.00	528.00	90.75	17.34	104258.31	1822	0	StephenHawking	
6450	3:31:59	1/1/2019 	12713261	966.00	416.00	76.66	17.34	104258.31	1823	1	StephenHawking	
6451	3:31:59	1/1/2019 	12713383	957.00	257.00	51.04	17.34	104258.31	1825	1	StephenHawking	
6452	3:32:00	1/1/2019 	12714079	321.00	9.00	11.37	17.34	104258.48	49804	1	StephenHawking	
6453	3:32:00	1/1/2019 	12714455	430.00	9.00	12.42	17.34	104258.48	2760	0	StephenHawking	
6454	3:32:00	1/1/2019 	12714816	601.00	10.00	14.22	17.34	104258.48	49804	0	StephenHawking	
6455	3:32:01	1/1/2019 	12715433	753.00	26.00	19.44	17.34	104258.48	1823	0	StephenHawking	
6456	3:32:02	1/1/2019 	12716455	689.00	13.00	15.94	17.34	104258.48	49807	0	StephenHawking	
6457	3:32:02	1/1/2019 	12716567	878.00	90.00	28.08	17.34	104258.48	49806	0	StephenHawking	
6458	3:32:02	1/1/2019 	12716593	81.00	9.00	6.16	17.34	104258.48	2863	0	StephenHawking	
6459	3:32:02	1/1/2019 	12716843	958.00	249.00	50.14	17.34	104258.48	1822	0	StephenHawking	
6460	3:32:04	1/1/2019 	12718188	706.00	14.00	16.32	17.34	104258.66	49806	0	StephenHawking	
6461	3:32:05	1/1/2019 	12719490	628.00	10.00	14.58	17.34	104258.83	49807	0	StephenHawking	
6462	3:32:05	1/1/2019 	12719926	165.00	9.00	8.44	17.34	104258.83	49805	0	StephenHawking	
6463	3:32:06	1/1/2019 	12719979	71.00	9.00	5.99	17.34	104258.83	2661	0	StephenHawking	
6464	3:32:06	1/1/2019 	12720145	889.00	96.00	29.20	17.34	104258.83	3306	0	StephenHawking	
6465	3:32:06	1/1/2019 	12720573	950.00	181.00	43.46	17.34	104258.41	49807	1	StephenHawking	
6466	3:32:06	1/1/2019 	12720729	250.00	9.00	10.31	17.34	104258.41	1825	0	StephenHawking	
6467	3:32:06	1/1/2019 	12720756	961.00	252.00	50.47	17.34	104258.41	1823	0	StephenHawking	
6468	3:32:07	1/1/2019 	12721142	949.00	201.00	45.52	17.34	104259.02	1823	1	StephenHawking	
6469	3:32:07	1/1/2019 	12721206	135.00	8.00	7.59	17.34	104259.02	1823	0	StephenHawking	
6470	3:32:07	1/1/2019 	12721286	982.00	872.00	161.35	17.34	104259.02	2785	1	StephenHawking	
6471	3:32:07	1/1/2019 	12721605	137.00	9.00	7.65	17.34	104259.02	49804	0	StephenHawking	
6472	3:32:08	1/1/2019 	12722005	726.00	20.00	18.06	17.34	104259.19	1823	0	StephenHawking	
6473	3:32:08	1/1/2019 	12722934	417.00	9.00	12.32	17.34	104259.19	49806	0	StephenHawking	
6474	3:32:09	1/1/2019 	12723034	169.00	9.00	8.54	17.34	104259.19	1822	0	StephenHawking	
6475	3:32:09	1/1/2019 	12723122	180.00	9.00	8.83	17.34	104259.19	2790	0	StephenHawking	
6476	3:32:10	1/1/2019 	12724149	118.00	9.00	7.09	17.34	104259.36	49803	0	StephenHawking	
6477	3:32:10	1/1/2019 	12724579	121.00	9.00	7.18	17.34	104259.36	49805	0	StephenHawking	
6478	3:32:12	1/1/2019 	12726343	949.00	224.00	47.65	17.34	104259.70	49805	1	StephenHawking	
6479	3:32:13	1/1/2019 	12727680	686.00	13.00	15.93	17.34	104260.41	97791	1	StephenHawking	
6480	3:32:14	1/1/2019 	12728408	529.00	9.00	13.18	17.34	104260.41	1823	0	StephenHawking	
6481	3:32:15	1/1/2019 	12729090	968.00	388.00	72.47	17.34	104260.58	50780	1	StephenHawking	
6482	3:32:15	1/1/2019 	12729111	559.00	9.00	13.51	17.34	104260.58	1824	0	StephenHawking	
6483	3:32:15	1/1/2019 	12729433	71.00	9.00	5.99	17.34	104260.41	1821	0	StephenHawking	
6484	3:32:15	1/1/2019 	12729722	571.00	9.00	13.65	17.34	104260.41	49804	0	StephenHawking	
6485	3:32:16	1/1/2019 	12730081	785.00	45.00	21.96	17.34	104260.41	2715	0	StephenHawking	
6486	3:32:16	1/1/2019 	12730223	923.00	123.00	34.50	17.34	104260.41	1825	0	StephenHawking	
6487	3:32:16	1/1/2019 	12730568	973.00	502.00	87.12	17.34	104260.41	51423	0	StephenHawking	
6488	3:32:17	1/1/2019 	12730993	527.00	9.00	13.16	17.34	104260.41	1823	0	StephenHawking	
6489	3:32:17	1/1/2019 	12731122	125.00	9.00	7.30	17.34	104260.41	1823	0	StephenHawking	
6490	3:32:17	1/1/2019 	12731133	634.00	10.00	14.65	17.34	104260.41	1822	0	StephenHawking	
6491	3:32:17	1/1/2019 	12731349	805.00	65.00	24.11	17.34	104260.58	1823	0	StephenHawking	
6492	3:32:17	1/1/2019 	12731892	804.00	65.00	24.11	17.34	104260.75	50800	0	StephenHawking	
6493	3:32:17	1/1/2019 	12731906	656.00	10.00	14.85	17.34	104260.75	1822	0	StephenHawking	
6494	3:32:19	1/1/2019 	12733390	696.00	13.00	15.97	17.34	104260.58	49805	0	StephenHawking	
6495	3:32:19	1/1/2019 	12733847	431.00	9.00	12.42	17.34	104260.75	49806	0	StephenHawking	
6496	3:32:20	1/1/2019 	12734739	273.00	9.00	10.69	17.35	104261.36	49804	0	StephenHawking	
6497	3:32:21	1/1/2019 	12734954	132.00	9.00	7.50	17.35	104261.53	1824	0	StephenHawking	
6498	3:32:21	1/1/2019 	12735122	642.00	10.00	14.73	17.35	104261.53	2823	0	StephenHawking	
6499	3:32:21	1/1/2019 	12735826	946.00	153.00	39.76	17.34	104261.10	49805	0	StephenHawking	
6500	3:32:22	1/1/2019 	12736497	963.00	353.00	66.42	17.34	104261.10	1824	1	StephenHawking	
6501	3:32:23	1/1/2019 	12737436	355.00	9.00	11.76	17.35	104261.70	49805	0	StephenHawking	
6502	3:32:24	1/1/2019 	12737980	262.00	9.00	10.52	17.35	104261.88	49804	0	StephenHawking	
6503	3:32:25	1/1/2019 	12739037	78.00	9.00	6.10	17.35	104261.88	49806	0	StephenHawking	
6504	3:32:25	1/1/2019 	12739597	775.00	29.00	20.02	17.34	104261.62	50811	0	StephenHawking	
6505	3:32:25	1/1/2019 	12739739	112.00	9.00	6.92	17.34	104261.62	2774	0	StephenHawking	
6506	3:32:25	1/1/2019 	12739860	119.00	9.00	7.12	17.34	104261.62	1829	1	StephenHawking	
6507	3:32:26	1/1/2019 	12740131	725.00	19.00	17.81	17.34	104261.62	1829	0	StephenHawking	
6508	3:32:26	1/1/2019 	12740251	906.00	106.00	31.16	17.34	104261.62	1831	0	StephenHawking	
6509	3:32:26	1/1/2019 	12740562	162.00	9.00	8.36	17.34	104261.62	51360	0	StephenHawking	
6510	3:32:26	1/1/2019 	12741075	157.00	9.00	8.22	17.35	104262.06	1827	0	StephenHawking	
6511	3:32:28	1/1/2019 	12742476	945.00	164.00	41.35	17.35	104262.06	49803	1	StephenHawking	
6512	3:32:28	1/1/2019 	12742711	738.00	22.00	18.58	17.35	104261.88	49806	0	StephenHawking	
6513	3:32:28	1/1/2019 	12742723	675.00	11.00	15.26	17.35	104261.88	1823	0	StephenHawking	
6514	3:32:29	1/1/2019 	12743315	120.00	9.00	7.15	17.35	104261.88	1822	0	StephenHawking	
6515	3:32:30	1/1/2019 	12744277	71.00	7.00	5.99	17.35	104262.06	50832	0	StephenHawking	
6516	3:32:30	1/1/2019 	12744941	730.00	21.00	18.32	17.35	104262.06	49804	0	StephenHawking	
6517	3:32:31	1/1/2019 	12745681	932.00	129.00	35.64	17.35	104262.41	49807	0	StephenHawking	
6518	3:32:31	1/1/2019 	12745837	201.00	9.00	9.33	17.35	104262.41	1824	0	StephenHawking	
6519	3:32:33	1/1/2019 	12747368	794.00	60.00	23.50	17.35	104262.41	49805	0	StephenHawking	
6520	3:32:33	1/1/2019 	12747449	588.00	9.00	13.87	17.35	104262.41	4412	0	StephenHawking	
6521	3:32:34	1/1/2019 	12748404	664.00	11.00	15.19	17.35	104262.58	49806	0	StephenHawking	
6522	3:32:34	1/1/2019 	12749018	364.00	8.00	11.80	17.35	104262.75	49806	0	StephenHawking	
6523	3:32:35	1/1/2019 	12749312	348.00	9.00	11.69	17.35	104262.75	1823	0	StephenHawking	
6524	3:32:35	1/1/2019 	12749744	157.00	9.00	8.22	17.35	104262.75	49805	0	StephenHawking	
6525	3:32:35	1/1/2019 	12750017	949.00	158.00	40.51	17.35	104262.93	2637	1	StephenHawking	
6526	3:32:36	1/1/2019 	12750741	341.00	9.00	11.61	17.35	104262.93	51318	0	StephenHawking	
6527	3:32:36	1/1/2019 	12750798	170.00	9.00	8.57	17.35	104262.93	1823	0	StephenHawking	
6528	3:32:37	1/1/2019 	12751789	971.00	533.00	91.58	17.35	104262.93	49805	0	StephenHawking	
6529	3:32:38	1/1/2019 	12752624	554.00	9.00	13.45	17.35	104262.75	49807	0	StephenHawking	
6530	3:32:38	1/1/2019 	12752992	265.00	9.00	10.57	17.35	104263.11	1824	0	StephenHawking	
6531	3:32:39	1/1/2019 	12753380	808.00	65.00	24.12	17.35	104263.11	1822	0	StephenHawking	
6532	3:32:40	1/1/2019 	12754760	149.00	9.00	7.99	17.35	104263.11	98738	0	StephenHawking	
6533	3:32:42	1/1/2019 	12756568	947.00	176.00	42.88	17.35	104262.93	97790	0	StephenHawking	
6534	3:32:42	1/1/2019 	12756739	592.00	9.00	13.92	17.35	104262.93	1824	1	StephenHawking	
6535	3:32:42	1/1/2019 	12757122	124.00	9.00	7.27	17.35	104262.93	1823	0	StephenHawking	
6536	3:32:43	1/1/2019 	12757205	964.00	440.00	79.76	17.35	104262.93	1822	1	StephenHawking	
6537	3:32:43	1/1/2019 	12757962	917.00	114.00	32.75	17.35	104262.93	50762	1	StephenHawking	
6538	3:32:43	1/1/2019 	12758037	983.00	940.00	225.67	17.35	104262.93	1824	1	StephenHawking	
6539	3:32:43	1/1/2019 	12758119	770.00	36.00	20.96	17.35	104262.93	1824	0	StephenHawking	
6540	3:32:44	1/1/2019 	12758329	405.00	9.00	12.22	17.35	104262.75	1823	1	StephenHawking	
6541	3:32:44	1/1/2019 	12758725	412.00	9.00	12.28	17.35	104262.75	49806	1	StephenHawking	
6542	3:32:44	1/1/2019 	12758766	615.00	9.00	14.21	17.35	104262.75	1822	0	StephenHawking	
6543	3:32:44	1/1/2019 	12758809	241.00	9.00	10.15	17.35	104262.75	2783	0	StephenHawking	
6544	3:32:45	1/1/2019 	12759826	884.00	91.00	28.27	17.35	104262.75	49805	1	StephenHawking	
6545	3:32:46	1/1/2019 	12760756	67.00	9.00	5.94	17.35	104262.58	50671	0	StephenHawking	
6546	3:32:46	1/1/2019 	12760939	957.00	251.00	50.36	17.35	104262.58	1823	1	StephenHawking	
6547	3:32:47	1/1/2019 	12761833	948.00	159.00	40.65	17.35	104262.58	49806	1	StephenHawking	
6548	3:32:48	1/1/2019 	12762814	944.00	162.00	41.08	17.35	104262.75	49808	1	StephenHawking	
6549	3:32:49	1/1/2019 	12763148	699.00	14.00	16.30	17.35	104262.75	3326	0	StephenHawking	
6550	3:32:49	1/1/2019 	12763224	777.00	40.00	21.43	17.35	104262.75	1824	0	StephenHawking	
6551	3:32:49	1/1/2019 	12763564	93.00	9.00	6.42	17.35	104262.75	49805	0	StephenHawking	
6552	3:32:50	1/1/2019 	12764631	152.00	9.00	8.08	17.35	104262.93	49804	0	StephenHawking	
6553	3:32:50	1/1/2019 	12764825	323.00	9.00	11.39	17.35	104262.93	1823	0	StephenHawking	
6554	3:32:50	1/1/2019 	12764997	155.00	9.00	8.16	17.35	104262.93	2803	0	StephenHawking	
6555	3:32:51	1/1/2019 	12765321	949.00	223.00	47.56	17.35	104262.93	1822	0	StephenHawking	
6556	3:32:52	1/1/2019 	12766418	943.00	145.00	38.48	17.35	104263.11	49808	0	StephenHawking	
6557	3:32:52	1/1/2019 	12766652	780.00	46.00	22.04	17.35	104263.11	49806	0	StephenHawking	
6558	3:32:54	1/1/2019 	12768562	124.00	9.00	7.27	17.35	104263.45	97789	0	StephenHawking	
6559	3:32:54	1/1/2019 	12768950	973.00	690.00	124.84	17.35	104263.45	1823	1	StephenHawking	
6560	3:32:55	1/1/2019 	12769570	806.00	67.00	24.36	17.35	104263.45	50793	0	StephenHawking	
6561	3:32:55	1/1/2019 	12769634	576.00	9.00	13.72	17.35	104263.45	2732	0	StephenHawking	
6562	3:32:56	1/1/2019 	12770939	927.00	127.00	35.26	17.35	104263.62	49810	0	StephenHawking	
6563	3:32:56	1/1/2019 	12771054	386.00	9.00	12.06	17.35	104263.62	1831	0	StephenHawking	
6564	3:32:57	1/1/2019 	12771587	77.00	8.00	6.08	17.35	104263.80	49809	0	StephenHawking	
6565	3:32:58	1/1/2019 	12772298	780.00	39.00	21.33	17.35	104263.98	3351	0	StephenHawking	
6566	3:32:58	1/1/2019 	12772714	242.00	9.00	10.17	17.35	104264.15	49807	0	StephenHawking	
6567	3:33:00	1/1/2019 	12774326	967.00	456.00	81.66	17.35	104264.50	49806	1	StephenHawking	
6568	3:33:00	1/1/2019 	12774394	921.00	119.00	33.73	17.35	104264.50	1825	0	StephenHawking	
6569	3:33:00	1/1/2019 	12774849	92.00	9.00	6.39	17.35	104264.67	49806	0	StephenHawking	
6570	3:33:01	1/1/2019 	12775277	687.00	17.00	17.01	17.35	104264.67	1822	0	StephenHawking	
6571	3:33:01	1/1/2019 	12775470	103.00	9.00	6.67	17.35	104264.67	2832	0	StephenHawking	
6572	3:33:01	1/1/2019 	12775931	62.00	8.00	5.90	17.35	104264.67	49806	0	StephenHawking	
6573	3:33:02	1/1/2019 	12776306	612.00	10.00	14.37	17.35	104264.67	1821	0	StephenHawking	
6574	3:33:03	1/1/2019 	12777592	350.00	9.00	11.71	17.35	104264.84	97792	0	StephenHawking	
6575	3:33:03	1/1/2019 	12778107	962.00	269.00	52.52	17.35	104265.02	1823	1	StephenHawking	
6576	3:33:04	1/1/2019 	12778373	715.00	16.00	16.96	17.35	104265.02	1824	0	StephenHawking	
6577	3:33:05	1/1/2019 	12779562	963.00	343.00	64.60	17.35	104265.02	98804	0	StephenHawking	
6578	3:33:05	1/1/2019 	12779762	95.00	9.00	6.47	17.35	104265.02	2779	0	StephenHawking	
6579	3:33:06	1/1/2019 	12780284	77.00	9.00	6.08	17.35	104264.84	1822	0	StephenHawking	
6580	3:33:06	1/1/2019 	12781014	959.00	260.00	51.40	17.35	104264.84	49806	0	StephenHawking	
6581	3:33:06	1/1/2019 	12781079	584.00	9.00	13.82	17.35	104264.84	1823	0	StephenHawking	
6582	3:33:07	1/1/2019 	12781958	440.00	8.00	12.41	17.35	104265.28	53558	0	StephenHawking	
6583	3:33:08	1/1/2019 	12782659	622.00	9.00	14.29	17.35	104265.45	49808	0	StephenHawking	
6584	3:33:08	1/1/2019 	12783020	538.00	9.00	13.27	17.35	104265.45	1824	0	StephenHawking	
6585	3:33:09	1/1/2019 	12783694	463.00	9.00	12.65	17.35	104265.28	49807	0	StephenHawking	
6586	3:33:10	1/1/2019 	12784439	723.00	19.00	17.80	17.35	104265.45	1823	0	StephenHawking	
6587	3:33:10	1/1/2019 	12784639	107.00	9.00	6.78	17.35	104265.45	49806	0	StephenHawking	
6588	3:33:10	1/1/2019 	12785039	740.00	21.00	18.36	17.35	104265.45	2758	0	StephenHawking	
6589	3:33:12	1/1/2019 	12786192	117.00	8.00	7.06	17.35	104265.28	49807	0	StephenHawking	
6590	3:33:12	1/1/2019 	12787020	441.00	9.00	12.50	17.35	104265.45	49807	0	StephenHawking	
6591	3:33:13	1/1/2019 	12787152	116.00	9.00	7.04	17.35	104265.62	1825	0	StephenHawking	
6592	3:33:13	1/1/2019 	12787372	353.00	8.00	11.69	17.35	104265.62	1829	0	StephenHawking	
6593	3:33:13	1/1/2019 	12787466	874.00	87.00	27.54	17.35	104265.62	1830	0	StephenHawking	
6594	3:33:13	1/1/2019 	12787674	869.00	85.00	27.18	17.35	104265.62	50753	0	StephenHawking	
6595	3:33:14	1/1/2019 	12788548	565.00	33.00	15.40	17.35	104265.98	49811	0	StephenHawking	
6596	3:33:14	1/1/2019 	12789122	913.00	110.00	31.96	17.35	104266.16	2059	0	StephenHawking	
6597	3:33:15	1/1/2019 	12789333	687.00	13.00	15.93	17.35	104266.16	1823	0	StephenHawking	
6598	3:33:16	1/1/2019 	12790690	611.00	9.00	14.16	17.35	104266.67	97791	0	StephenHawking	
6599	3:33:16	1/1/2019 	12791012	649.00	11.00	15.06	17.35	104266.85	4021	1	StephenHawking	
6600	3:33:16	1/1/2019 	12791123	914.00	111.00	32.15	17.35	104266.85	1824	1	StephenHawking	
6601	3:33:19	1/1/2019 	12793778	512.00	9.00	13.03	17.35	104265.28	145771	0	StephenHawking	
6602	3:33:20	1/1/2019 	12794835	389.00	9.00	12.09	17.35	104265.11	49806	0	StephenHawking	
6603	3:33:21	1/1/2019 	12795328	762.00	32.00	20.42	17.35	104264.94	1823	0	StephenHawking	
6604	3:33:21	1/1/2019 	12795596	269.00	9.00	10.63	17.35	104264.41	49808	0	StephenHawking	
6605	3:33:21	1/1/2019 	12795906	100.00	9.00	6.60	17.35	104264.41	2784	0	StephenHawking	
6606	3:33:21	1/1/2019 	12796006	952.00	205.00	45.90	17.35	104264.41	1822	1	StephenHawking	
6607	3:33:22	1/1/2019 	12796201	918.00	120.00	33.92	17.35	104264.41	1824	0	StephenHawking	
6608	3:33:22	1/1/2019 	12796410	907.00	108.00	31.55	17.35	104264.41	1824	0	StephenHawking	
6609	3:33:22	1/1/2019 	12796984	945.00	154.00	39.91	17.35	104264.23	49807	1	StephenHawking	
6610	3:33:23	1/1/2019 	12797703	580.00	9.00	13.77	17.35	104264.23	49806	0	StephenHawking	
6611	3:33:23	1/1/2019 	12797739	427.00	9.00	12.39	17.35	104264.23	2891	0	StephenHawking	
6612	3:33:23	1/1/2019 	12797975	606.00	10.00	14.29	17.35	104264.06	1823	0	StephenHawking	
6613	3:33:23	1/1/2019 	12798004	576.00	9.00	13.72	17.35	104264.06	1823	0	StephenHawking	
6614	3:33:24	1/1/2019 	12798881	788.00	54.00	22.85	17.35	104263.88	49806	0	StephenHawking	
6615	3:33:25	1/1/2019 	12799483	105.00	9.00	6.73	17.35	104263.97	1824	0	StephenHawking	
6616	3:33:26	1/1/2019 	12800569	766.00	34.00	20.70	17.35	104263.80	98765	0	StephenHawking	
6617	3:33:26	1/1/2019 	12800973	882.00	93.00	28.63	17.35	104263.62	2713	0	StephenHawking	
6618	3:33:26	1/1/2019 	12801028	979.00	643.00	114.95	17.35	104263.62	1823	1	StephenHawking	
6619	3:33:27	1/1/2019 	12801342	338.00	9.00	11.57	17.35	104263.62	1823	0	StephenHawking	
6620	3:33:27	1/1/2019 	12801668	356.00	9.00	11.77	17.35	104263.62	49807	0	StephenHawking	
6621	3:33:29	1/1/2019 	12803373	182.00	9.00	8.88	17.35	104263.70	49807	0	StephenHawking	
6622	3:33:29	1/1/2019 	12803558	920.00	120.00	33.92	17.35	104263.70	51321	0	StephenHawking	
6623	3:33:30	1/1/2019 	12804342	376.00	9.00	11.97	17.35	104263.53	1823	0	StephenHawking	
6624	3:33:30	1/1/2019 	12804738	421.00	9.00	12.35	17.35	104263.53	49807	0	StephenHawking	
6625	3:33:33	1/1/2019 	12807155	903.00	106.00	31.15	17.36	104263.23	97791	0	StephenHawking	
6626	3:33:33	1/1/2019 	12807852	514.00	9.00	13.04	17.36	104263.41	49808	0	StephenHawking	
6627	3:33:33	1/1/2019 	12808114	440.00	9.00	12.49	17.36	104263.41	2816	0	StephenHawking	
6628	3:33:34	1/1/2019 	12808261	777.00	36.00	20.98	17.36	104264.01	1823	0	StephenHawking	
6629	3:33:34	1/1/2019 	12808418	68.00	9.00	5.95	17.36	104264.01	1822	0	StephenHawking	
6630	3:33:34	1/1/2019 	12808947	914.00	111.00	32.15	17.36	104264.19	49805	0	StephenHawking	
6631	3:33:34	1/1/2019 	12809049	605.00	9.00	14.09	17.36	104264.19	1823	0	StephenHawking	
6632	3:33:35	1/1/2019 	12809829	165.00	9.00	8.44	17.36	104264.53	49806	1	StephenHawking	
6633	3:33:35	1/1/2019 	12809968	133.00	9.00	7.53	17.36	104264.36	4159	0	StephenHawking	
6634	3:33:35	1/1/2019 	12810006	952.00	185.00	43.91	17.36	104264.36	1822	1	StephenHawking	
6635	3:33:36	1/1/2019 	12810231	575.00	9.00	13.70	17.36	104264.36	1824	0	StephenHawking	
6636	3:33:36	1/1/2019 	12810658	64.00	8.00	5.92	17.36	104264.36	49807	0	StephenHawking	
6637	3:33:36	1/1/2019 	12810667	892.00	99.00	29.78	17.36	104264.36	1821	1	StephenHawking	
6638	3:33:38	1/1/2019 	12812705	970.00	415.00	76.51	17.36	104262.80	97791	0	StephenHawking	
6639	3:33:40	1/1/2019 	12814163	913.00	111.00	32.15	17.36	104262.80	50924	0	StephenHawking	
6640	3:33:40	1/1/2019 	12814465	167.00	9.00	8.49	17.36	104262.80	1823	0	StephenHawking	
6641	3:33:40	1/1/2019 	12814587	86.00	8.00	6.26	17.36	104262.80	49804	0	StephenHawking	
6642	3:33:41	1/1/2019 	12815146	785.00	53.00	22.74	17.36	104263.14	1821	0	StephenHawking	
6643	3:33:42	1/1/2019 	12816174	958.00	272.00	52.91	17.36	104263.66	49810	1	StephenHawking	
6644	3:33:42	1/1/2019 	12816351	959.00	219.00	47.19	17.36	104263.66	2844	1	StephenHawking	
6645	3:33:42	1/1/2019 	12816461	957.00	191.00	44.54	17.36	104263.66	1823	0	StephenHawking	
6646	3:33:43	1/1/2019 	12817335	83.00	8.00	6.19	17.36	104264.36	49806	0	StephenHawking	
6647	3:33:43	1/1/2019 	12817997	570.00	9.00	13.64	17.36	104264.71	49806	0	StephenHawking	
6648	3:33:44	1/1/2019 	12818177	956.00	235.00	48.70	17.36	104264.71	1823	0	StephenHawking	
6649	3:33:44	1/1/2019 	12818659	321.00	9.00	11.37	17.36	104265.06	49807	0	StephenHawking	
6650	3:33:45	1/1/2019 	12819134	269.00	9.00	10.63	17.36	104265.41	2848	0	StephenHawking	
6651	3:33:45	1/1/2019 	12819348	366.00	9.00	11.87	17.36	104265.41	1823	0	StephenHawking	
6652	3:33:46	1/1/2019 	12820275	910.00	110.00	31.95	17.36	104266.88	49807	0	StephenHawking	
6653	3:33:47	1/1/2019 	12822113	170.00	9.00	8.57	17.36	104268.11	98593	0	StephenHawking	
6654	3:33:48	1/1/2019 	12822292	134.00	8.00	7.56	17.36	104268.11	1822	0	StephenHawking	
6655	3:33:48	1/1/2019 	12822311	150.00	9.00	8.02	17.36	104268.11	1821	0	StephenHawking	
6656	3:33:49	1/1/2019 	12823661	327.00	9.00	11.44	17.36	104268.62	99252	0	StephenHawking	
6657	3:33:50	1/1/2019 	12824134	697.00	14.00	16.29	17.36	104268.98	1828	0	StephenHawking	
6658	3:33:50	1/1/2019 	12824168	918.00	117.00	33.33	17.36	104268.98	1825	1	StephenHawking	
6659	3:33:50	1/1/2019 	12824223	776.00	44.00	21.83	17.36	104268.98	1823	0	StephenHawking	
6660	3:33:50	1/1/2019 	12824306	93.00	9.00	6.42	17.36	104268.98	1821	0	StephenHawking	
6661	3:33:50	1/1/2019 	12824355	157.00	9.00	8.22	17.36	104269.33	2760	0	StephenHawking	
6662	3:33:50	1/1/2019 	12824751	378.00	9.00	11.99	17.36	104269.33	49805	0	StephenHawking	
6663	3:33:51	1/1/2019 	12825313	115.00	9.00	7.01	17.36	104269.67	1823	0	StephenHawking	
6664	3:33:51	1/1/2019 	12825952	894.00	97.00	29.41	17.36	104270.02	49808	0	StephenHawking	
6665	3:33:51	1/1/2019 	12826024	690.00	13.00	15.95	17.36	104270.02	1822	0	StephenHawking	
6666	3:33:53	1/1/2019 	12827243	260.00	9.00	10.48	17.36	104270.55	49806	0	StephenHawking	
6667	3:33:53	1/1/2019 	12827278	233.00	9.00	10.00	17.36	104270.55	2769	0	StephenHawking	
6668	3:33:53	1/1/2019 	12827875	914.00	110.00	31.96	17.36	104270.47	49804	1	StephenHawking	
6669	3:33:53	1/1/2019 	12828007	205.00	9.00	9.42	17.36	104270.64	1823	0	StephenHawking	
6670	3:33:54	1/1/2019 	12828233	157.00	9.00	8.22	17.36	104270.64	1821	0	StephenHawking	
6671	3:33:54	1/1/2019 	12828652	702.00	14.00	16.31	17.36	104270.98	49805	0	StephenHawking	
6672	3:33:55	1/1/2019 	12829611	780.00	40.00	21.44	17.36	104271.34	49806	0	StephenHawking	
6673	3:33:56	1/1/2019 	12830677	323.00	9.00	11.39	17.36	104271.86	52033	0	StephenHawking	
6674	3:33:56	1/1/2019 	12830893	975.00	521.00	89.72	17.36	104271.86	1823	1	StephenHawking	
6675	3:33:57	1/1/2019 	12831918	477.00	9.00	12.75	17.36	104271.78	49805	0	StephenHawking	
6676	3:33:59	1/1/2019 	12833642	383.00	9.00	12.04	17.36	104271.95	97790	0	StephenHawking	
6677	3:34:00	1/1/2019 	12834463	882.00	91.00	28.27	17.36	104271.95	1823	0	StephenHawking	
6678	3:34:00	1/1/2019 	12834568	157.00	8.00	8.21	17.36	104271.95	50773	0	StephenHawking	
6679	3:34:01	1/1/2019 	12835668	935.00	133.00	36.38	17.36	104271.95	49806	1	StephenHawking	
6680	3:34:02	1/1/2019 	12836280	117.00	9.00	7.07	17.35	104271.38	1826	0	StephenHawking	
6681	3:34:02	1/1/2019 	12836872	621.00	10.00	14.49	17.35	104271.55	49811	0	StephenHawking	
6682	3:34:02	1/1/2019 	12836899	113.00	9.00	6.95	17.35	104271.55	1822	0	StephenHawking	
6683	3:34:02	1/1/2019 	12836942	304.00	9.00	11.15	17.35	104271.55	1822	0	StephenHawking	
6684	3:34:03	1/1/2019 	12837602	114.00	9.00	6.98	17.35	104271.20	50779	0	StephenHawking	
6685	3:34:03	1/1/2019 	12837686	955.00	214.00	46.73	17.35	104271.20	1824	0	StephenHawking	
6686	3:34:04	1/1/2019 	12838266	483.00	9.00	12.79	17.35	104271.03	1823	0	StephenHawking	
6687	3:34:04	1/1/2019 	12838470	568.00	9.00	13.62	17.35	104271.03	1824	0	StephenHawking	
6688	3:34:04	1/1/2019 	12838674	963.00	309.00	58.56	17.35	104271.03	49808	1	StephenHawking	
6689	3:34:06	1/1/2019 	12840618	598.00	9.00	14.00	17.35	104269.28	98768	0	StephenHawking	
6690	3:34:06	1/1/2019 	12840737	697.00	13.00	15.98	17.35	104269.28	2724	0	StephenHawking	
6691	3:34:06	1/1/2019 	12840937	918.00	117.00	33.33	17.35	104269.28	1824	1	StephenHawking	
6692	3:34:07	1/1/2019 	12841351	581.00	9.00	13.78	17.35	104269.11	1823	0	StephenHawking	
6693	3:34:07	1/1/2019 	12841419	915.00	112.00	32.35	17.35	104269.11	1823	0	StephenHawking	
6694	3:34:07	1/1/2019 	12841665	683.00	12.00	15.61	17.35	104269.11	49806	0	StephenHawking	
6695	3:34:08	1/1/2019 	12842686	417.00	9.00	12.32	17.35	104268.41	51328	0	StephenHawking	
6696	3:34:08	1/1/2019 	12842902	629.00	10.00	14.59	17.35	104268.41	1825	0	StephenHawking	
6697	3:34:09	1/1/2019 	12843455	565.00	9.00	13.58	17.35	104267.89	1823	0	StephenHawking	
6698	3:34:09	1/1/2019 	12843722	650.00	10.00	14.80	17.35	104267.89	49807	0	StephenHawking	
6699	3:34:09	1/1/2019 	12843977	243.00	9.00	10.19	17.35	104267.89	1823	0	StephenHawking	
6700	3:34:10	1/1/2019 	12844614	418.00	9.00	12.33	17.35	104268.41	49806	0	StephenHawking	
6701	3:34:10	1/1/2019 	12845050	469.00	9.00	12.69	17.35	104269.11	2787	0	StephenHawking	
6702	3:34:11	1/1/2019 	12845138	139.00	9.00	7.71	17.35	104269.11	1823	0	StephenHawking	
6703	3:34:11	1/1/2019 	12845447	584.00	9.00	13.82	17.35	104270.16	1822	0	StephenHawking	
6704	3:34:11	1/1/2019 	12845574	813.00	67.00	24.38	17.35	104270.16	49805	0	StephenHawking	
6705	3:34:11	1/1/2019 	12846012	122.00	8.00	7.21	17.35	104270.51	1823	0	StephenHawking	
6706	3:34:12	1/1/2019 	12846198	693.00	13.00	15.96	17.35	104270.51	2895	0	StephenHawking	
6707	3:34:12	1/1/2019 	12846325	801.00	62.00	23.75	17.35	104270.51	1825	0	StephenHawking	
6708	3:34:12	1/1/2019 	12846761	635.00	10.00	14.66	17.35	104271.03	49805	0	StephenHawking	
6709	3:34:12	1/1/2019 	12846856	948.00	146.00	38.64	17.35	104271.03	1823	1	StephenHawking	
6710	3:34:12	1/1/2019 	12847119	910.00	111.00	32.15	17.35	104271.03	1823	0	StephenHawking	
6711	3:34:13	1/1/2019 	12847320	123.00	9.00	7.24	17.36	104272.66	1823	0	StephenHawking	
6712	3:34:13	1/1/2019 	12847369	904.00	101.00	30.19	17.36	104272.66	2832	0	StephenHawking	
6713	3:34:13	1/1/2019 	12847930	965.00	371.00	69.61	17.36	104274.57	49807	1	StephenHawking	
6714	3:34:14	1/1/2019 	12848459	909.00	108.00	31.56	17.36	104276.14	1823	0	StephenHawking	
6715	3:34:14	1/1/2019 	12848872	727.00	20.00	18.07	17.36	104276.14	49808	0	StephenHawking	
6716	3:34:14	1/1/2019 	12848967	958.00	249.00	50.14	17.36	104276.14	1823	1	StephenHawking	
6717	3:34:15	1/1/2019 	12849497	688.00	13.00	15.94	17.36	104277.70	1823	0	StephenHawking	
6718	3:34:15	1/1/2019 	12849981	216.00	9.00	9.66	17.36	104279.19	50824	0	StephenHawking	
6719	3:34:16	1/1/2019 	12850287	153.00	8.00	8.10	17.36	104279.71	2777	0	StephenHawking	
6720	3:34:16	1/1/2019 	12850840	454.00	9.00	12.59	17.36	104279.88	49807	0	StephenHawking	
6721	3:34:17	1/1/2019 	12851411	96.00	8.00	6.49	17.36	104280.06	1822	0	StephenHawking	
6722	3:34:18	1/1/2019 	12852138	889.00	93.00	28.65	17.36	104280.32	49804	0	StephenHawking	
6723	3:34:18	1/1/2019 	12852342	96.00	8.00	6.49	17.36	104280.32	3380	0	StephenHawking	
6724	3:34:18	1/1/2019 	12852834	954.00	221.00	47.38	17.36	104279.80	49806	0	StephenHawking	
6725	3:34:18	1/1/2019 	12853021	974.00	655.00	117.52	17.36	104279.80	1825	0	StephenHawking	
6726	3:34:19	1/1/2019 	12853725	104.00	9.00	6.70	17.36	104279.00	49807	0	StephenHawking	
6727	3:34:20	1/1/2019 	12854300	568.00	9.00	13.62	17.36	104277.26	1822	0	StephenHawking	
6728	3:34:20	1/1/2019 	12854373	833.00	70.00	24.82	17.36	104277.26	1823	0	StephenHawking	
6729	3:34:21	1/1/2019 	12855146	276.00	9.00	10.74	17.37	104273.85	53035	0	StephenHawking	
6730	3:34:21	1/1/2019 	12856108	372.00	9.00	11.93	17.37	104272.33	49808	0	StephenHawking	
6731	3:34:22	1/1/2019 	12856735	952.00	235.00	48.70	17.37	104270.50	49806	1	StephenHawking	
6732	3:34:22	1/1/2019 	12856739	109.00	9.00	6.84	17.37	104270.50	1823	0	StephenHawking	
6733	3:34:22	1/1/2019 	12856788	288.00	9.00	10.92	17.37	104270.50	1822	0	StephenHawking	
6734	3:34:23	1/1/2019 	12857681	944.00	153.00	39.76	17.37	104266.92	49804	0	StephenHawking	
6735	3:34:23	1/1/2019 	12857821	537.00	9.00	13.26	17.37	104266.92	2758	0	StephenHawking	
6736	3:34:23	1/1/2019 	12858058	747.00	27.00	19.59	17.38	104265.61	1823	0	StephenHawking	
6737	3:34:24	1/1/2019 	12858486	70.00	9.00	5.98	17.38	104265.61	1821	0	StephenHawking	
6738	3:34:25	1/1/2019 	12859173	169.00	8.00	8.54	17.38	104263.52	49805	0	StephenHawking	
6739	3:34:25	1/1/2019 	12859358	749.00	27.00	19.60	17.38	104258.89	1823	0	StephenHawking	
6740	3:34:26	1/1/2019 	12860212	73.00	9.00	6.02	17.38	104254.35	50745	0	StephenHawking	
6741	3:34:26	1/1/2019 	12860985	909.00	109.00	31.75	17.38	104250.59	50641	1	StephenHawking	
6742	3:34:27	1/1/2019 	12861160	143.00	9.00	7.82	17.38	104246.75	1823	0	StephenHawking	
6743	3:34:27	1/1/2019 	12861624	940.00	137.00	37.10	17.38	104243.14	49805	1	StephenHawking	
6744	3:34:28	1/1/2019 	12862581	254.00	9.00	10.38	17.39	104239.56	49808	0	StephenHawking	
6745	3:34:28	1/1/2019 	12862678	138.00	9.00	7.68	17.39	104239.56	1823	0	StephenHawking	
6746	3:34:28	1/1/2019 	12862702	153.00	9.00	8.11	17.39	104239.56	3303	0	StephenHawking	
6747	3:34:28	1/1/2019 	12862995	994.00	978.00	416.46	17.39	104235.73	1822	0	StephenHawking	
6748	3:34:29	1/1/2019 	12863210	950.00	208.00	46.18	17.39	104235.73	1824	1	StephenHawking	
6749	3:34:29	1/1/2019 	12863217	763.00	32.00	20.42	17.39	104235.73	1823	0	StephenHawking	
6750	3:34:29	1/1/2019 	12863234	733.00	19.00	17.85	17.39	104235.73	1823	0	StephenHawking	
6751	3:34:29	1/1/2019 	12863710	881.00	92.00	28.44	17.39	104232.84	50768	1	StephenHawking	
6752	3:34:29	1/1/2019 	12863754	957.00	251.00	50.36	17.39	104232.84	1823	1	StephenHawking	
6753	3:34:29	1/1/2019 	12863850	76.00	9.00	6.07	17.39	104232.84	1822	0	StephenHawking	
6754	3:34:30	1/1/2019 	12864252	253.00	9.00	10.37	17.39	104230.31	1821	0	StephenHawking	
6755	3:34:31	1/1/2019 	12865488	648.00	10.00	14.79	17.39	104225.68	49806	0	StephenHawking	
6756	3:34:31	1/1/2019 	12865621	905.00	103.00	30.58	17.39	104225.68	49808	0	StephenHawking	
6757	3:34:32	1/1/2019 	12866558	68.00	9.00	5.95	17.40	104220.84	50773	0	StephenHawking	
6758	3:34:32	1/1/2019 	12867127	117.00	9.00	7.07	17.40	104215.61	1822	0	StephenHawking	
6759	3:34:33	1/1/2019 	12867302	642.00	10.00	14.73	17.40	104215.61	1822	0	StephenHawking	
6760	3:34:33	1/1/2019 	12867631	916.00	117.00	33.33	17.40	104211.33	49809	0	StephenHawking	
6761	3:34:33	1/1/2019 	12867733	89.00	9.00	6.32	17.40	104211.33	1821	0	StephenHawking	
6762	3:34:34	1/1/2019 	12868285	645.00	10.00	14.76	17.40	104207.41	1821	0	StephenHawking	
6763	3:34:34	1/1/2019 	12868821	71.00	9.00	5.99	17.40	104203.39	50780	0	StephenHawking	
6764	3:34:34	1/1/2019 	12869007	973.00	599.00	104.70	17.40	104203.39	1822	1	StephenHawking	
6765	3:34:34	1/1/2019 	12869123	659.00	11.00	15.15	17.40	104203.39	1823	0	StephenHawking	
6766	3:34:35	1/1/2019 	12869243	190.00	9.00	9.08	17.40	104203.39	1822	0	StephenHawking	
6767	3:34:35	1/1/2019 	12870095	112.00	8.00	6.92	17.40	104198.42	49806	0	StephenHawking	
6768	3:34:36	1/1/2019 	12870231	80.00	9.00	6.14	17.40	104198.42	4101	0	StephenHawking	
6769	3:34:37	1/1/2019 	12871598	440.00	9.00	12.49	17.41	104196.93	97788	0	StephenHawking	
6770	3:34:38	1/1/2019 	12872225	400.00	9.00	12.18	17.41	104196.49	1823	0	StephenHawking	
6771	3:34:38	1/1/2019 	12872840	665.00	11.00	15.20	17.41	104196.05	49806	0	StephenHawking	
6772	3:34:38	1/1/2019 	12873103	789.00	61.00	23.59	17.41	104195.00	1823	0	StephenHawking	
6773	3:34:39	1/1/2019 	12873214	125.00	9.00	7.30	17.41	104195.00	1823	0	StephenHawking	
6774	3:34:39	1/1/2019 	12873251	95.00	9.00	6.47	17.41	104195.00	2916	0	StephenHawking	
6775	3:34:39	1/1/2019 	12873439	950.00	161.00	40.94	17.41	104195.00	1821	0	StephenHawking	
6776	3:34:39	1/1/2019 	12873575	268.00	9.00	10.62	17.41	104195.00	49806	0	StephenHawking	
6777	3:34:39	1/1/2019 	12873888	193.00	9.00	9.15	17.41	104194.12	1825	0	StephenHawking	
6778	3:34:40	1/1/2019 	12874329	120.00	9.00	7.15	17.41	104194.22	1826	0	StephenHawking	
6779	3:34:40	1/1/2019 	12874802	885.00	93.00	28.64	17.41	104194.22	49805	0	StephenHawking	
6780	3:34:40	1/1/2019 	12874930	644.00	10.00	14.75	17.41	104194.22	2821	0	StephenHawking	
6781	3:34:40	1/1/2019 	12875017	916.00	113.00	32.55	17.41	104194.22	1823	0	StephenHawking	
6782	3:34:42	1/1/2019 	12876316	960.00	332.00	62.61	17.42	104185.57	49808	1	StephenHawking	
6783	3:34:42	1/1/2019 	12876843	184.00	9.00	8.93	17.42	104176.85	49809	0	StephenHawking	
6784	3:34:42	1/1/2019 	12876927	189.00	9.00	9.05	17.42	104176.85	1821	0	StephenHawking	
6785	3:34:42	1/1/2019 	12876973	356.00	9.00	11.77	17.42	104176.85	2825	1	StephenHawking	
6786	3:34:43	1/1/2019 	12877236	128.00	9.00	7.39	17.42	104168.66	1823	0	StephenHawking	
6787	3:34:43	1/1/2019 	12877821	926.00	125.00	34.89	17.42	104162.38	49808	0	StephenHawking	
6788	3:34:43	1/1/2019 	12877850	690.00	12.00	15.63	17.42	104162.38	1829	0	StephenHawking	
6789	3:34:43	1/1/2019 	12877967	464.00	9.00	12.66	17.42	104162.38	1830	0	StephenHawking	
6790	3:34:44	1/1/2019 	12878476	388.00	9.00	12.08	17.42	104155.83	1827	0	StephenHawking	
6791	3:34:44	1/1/2019 	12879001	602.00	10.00	14.23	17.42	104155.83	50817	0	StephenHawking	
6792	3:34:46	1/1/2019 	12880498	895.00	101.00	30.17	17.42	104138.98	49807	0	StephenHawking	
6793	3:34:46	1/1/2019 	12880675	297.00	9.00	11.05	17.42	104138.98	50759	0	StephenHawking	
6794	3:34:46	1/1/2019 	12880839	98.00	9.00	6.54	17.42	104133.05	1821	0	StephenHawking	
6795	3:34:46	1/1/2019 	12880935	794.00	49.00	22.38	17.42	104133.05	1821	0	StephenHawking	
6796	3:34:47	1/1/2019 	12881997	965.00	414.00	76.38	17.42	104128.17	49806	1	StephenHawking	
6797	3:34:48	1/1/2019 	12882430	899.00	104.00	30.75	17.42	104123.45	3374	0	StephenHawking	
6798	3:34:48	1/1/2019 	12882629	941.00	136.00	36.93	17.42	104108.86	49808	0	StephenHawking	
6799	3:34:48	1/1/2019 	12883107	977.00	649.00	116.25	17.42	104108.86	1823	1	StephenHawking	
6800	3:34:49	1/1/2019 	12883475	536.00	9.00	13.25	17.42	104088.97	1825	0	StephenHawking	
6801	3:34:49	1/1/2019 	12884031	494.00	8.00	12.78	17.43	104070.20	49806	0	StephenHawking	
6802	3:34:50	1/1/2019 	12884204	726.00	20.00	18.06	17.43	104070.20	2852	0	StephenHawking	
6803	3:34:50	1/1/2019 	12884245	718.00	16.00	16.97	17.43	104070.20	1825	0	StephenHawking	
6804	3:34:50	1/1/2019 	12884304	957.00	228.00	48.03	17.43	104070.20	1822	1	StephenHawking	
6805	3:34:50	1/1/2019 	12884359	964.00	314.00	59.41	17.43	104070.20	1825	0	StephenHawking	
6806	3:34:51	1/1/2019 	12885276	947.00	165.00	41.49	17.43	104034.62	49807	1	StephenHawking	
6807	3:34:51	1/1/2019 	12885438	138.00	9.00	7.68	17.43	104034.62	1823	0	StephenHawking	
6808	3:34:51	1/1/2019 	12885606	606.00	10.00	14.29	17.43	104034.62	53036	0	StephenHawking	
6809	3:34:52	1/1/2019 	12886731	305.00	9.00	11.16	17.43	104002.69	49807	0	StephenHawking	
6810	3:34:52	1/1/2019 	12887008	916.00	118.00	33.52	17.43	103986.99	1824	0	StephenHawking	
6811	3:34:52	1/1/2019 	12887102	104.00	9.00	6.70	17.43	103986.99	1823	1	StephenHawking	
6812	3:34:53	1/1/2019 	12887171	423.00	9.00	12.37	17.43	103986.99	1822	0	StephenHawking	
6813	3:34:53	1/1/2019 	12887700	958.00	234.00	48.60	17.43	103972.59	50843	0	StephenHawking	
6814	3:34:53	1/1/2019 	12887888	863.00	82.00	26.67	17.43	103972.59	1823	1	StephenHawking	
6815	3:34:53	1/1/2019 	12887903	145.00	9.00	7.88	17.43	103972.59	1822	0	StephenHawking	
6816	3:34:53	1/1/2019 	12888016	945.00	138.00	37.28	17.43	103972.59	1821	0	StephenHawking	
6817	3:34:54	1/1/2019 	12888795	966.00	538.00	92.40	17.43	103944.51	49807	1	StephenHawking	
6818	3:34:55	1/1/2019 	12889167	70.00	8.00	5.98	17.43	103944.51	1824	0	StephenHawking	
6819	3:34:55	1/1/2019 	12889175	258.00	9.00	10.45	17.43	103944.51	2762	0	StephenHawking	
6820	3:34:55	1/1/2019 	12889495	864.00	85.00	27.17	17.43	103931.25	1822	1	StephenHawking	
6821	3:34:55	1/1/2019 	12889581	397.00	9.00	12.16	17.43	103931.25	49807	0	StephenHawking	
6822	3:34:55	1/1/2019 	12889678	780.00	41.00	21.54	17.43	103931.25	2663	0	StephenHawking	
6823	3:34:55	1/1/2019 	12889778	971.00	481.00	84.55	17.43	103931.25	1822	0	StephenHawking	
6824	3:34:55	1/1/2019 	12889900	762.00	31.00	20.28	17.43	103919.12	1826	1	StephenHawking	
6825	3:34:55	1/1/2019 	12889996	974.00	619.00	109.20	17.43	103919.12	3313	0	StephenHawking	
6826	3:34:56	1/1/2019 	12890137	547.00	9.00	13.37	17.43	103919.12	1830	0	StephenHawking	
6827	3:34:56	1/1/2019 	12890156	800.00	60.00	23.52	17.43	103919.12	1831	0	StephenHawking	
6828	3:34:56	1/1/2019 	12890863	961.00	271.00	52.78	17.43	103907.78	49813	1	StephenHawking	
6829	3:34:57	1/1/2019 	12891157	657.00	10.00	14.85	17.43	103896.97	1825	0	StephenHawking	
6830	3:34:57	1/1/2019 	12891715	952.00	164.00	41.35	17.43	103876.20	50769	1	StephenHawking	
6831	3:34:57	1/1/2019 	12891927	154.00	9.00	8.13	17.43	103876.20	1823	0	StephenHawking	
6832	3:35:00	1/1/2019 	12894163	886.00	101.00	30.13	17.43	103352.65	97791	0	StephenHawking	
6833	3:35:00	1/1/2019 	12894385	906.00	105.00	30.97	17.43	103352.65	1824	0	StephenHawking	
6834	3:35:01	1/1/2019 	12895227	961.00	342.00	64.42	17.43	103241.55	49808	1	StephenHawking	
6835	3:35:01	1/1/2019 	12895278	980.00	722.00	130.25	17.43	103137.26	1825	1	StephenHawking	
6836	3:35:01	1/1/2019 	12895464	136.00	8.00	7.62	17.43	103137.26	2791	0	StephenHawking	
6837	3:35:01	1/1/2019 	12895629	235.00	9.00	10.04	17.43	103137.26	49805	0	StephenHawking	
6838	3:35:01	1/1/2019 	12895743	919.00	119.00	33.72	17.43	103137.26	1823	0	StephenHawking	
6839	3:35:02	1/1/2019 	12896133	155.00	9.00	8.16	17.43	103039.59	1822	0	StephenHawking	
6840	3:35:02	1/1/2019 	12896147	125.00	9.00	7.30	17.43	103039.59	1822	0	StephenHawking	
6841	3:35:02	1/1/2019 	12896241	165.00	9.00	8.44	17.43	103039.59	1822	0	StephenHawking	
6842	3:35:02	1/1/2019 	12896555	777.00	48.00	22.22	17.43	102947.86	50778	1	StephenHawking	
6843	3:35:02	1/1/2019 	12896839	324.00	9.00	11.41	17.43	102947.86	1824	0	StephenHawking	
6844	3:35:04	1/1/2019 	12898950	133.00	9.00	7.53	17.44	102635.97	97787	0	StephenHawking	
6845	3:35:05	1/1/2019 	12899274	657.00	11.00	15.14	17.44	102635.97	1824	0	StephenHawking	
6846	3:35:05	1/1/2019 	12899666	699.00	14.00	16.30	17.44	102569.72	49807	0	StephenHawking	
6847	3:35:05	1/1/2019 	12899710	734.00	20.00	18.10	17.44	102569.72	4106	0	StephenHawking	
6848	3:35:06	1/1/2019 	12900670	735.00	19.00	17.85	17.44	102449.23	49807	0	StephenHawking	
6849	3:35:06	1/1/2019 	12900968	450.00	7.00	12.40	17.44	102449.23	1825	0	StephenHawking	
6850	3:35:09	1/1/2019 	12903632	339.00	9.00	11.58	17.44	102248.89	145774	0	StephenHawking	
6851	3:35:10	1/1/2019 	12904302	561.00	9.00	13.53	17.44	102168.00	1824	0	StephenHawking	
6852	3:35:10	1/1/2019 	12904945	957.00	204.00	45.81	17.44	102130.86	49807	1	StephenHawking	
6853	3:35:10	1/1/2019 	12905032	780.00	41.00	21.54	17.44	102130.86	2816	0	StephenHawking	
6854	3:35:11	1/1/2019 	12905781	761.00	31.00	20.28	17.44	102096.00	49806	0	StephenHawking	
6855	3:35:11	1/1/2019 	12905835	386.00	9.00	12.06	17.44	102096.00	1824	0	StephenHawking	
6856	3:35:12	1/1/2019 	12907102	836.00	74.00	25.38	17.44	102032.36	49805	0	StephenHawking	
6857	3:35:13	1/1/2019 	12907403	116.00	9.00	7.04	17.44	102003.42	1824	0	StephenHawking	
6858	3:35:13	1/1/2019 	12907690	666.00	11.00	15.21	17.44	102003.42	50805	0	StephenHawking	
6859	3:35:13	1/1/2019 	12908058	943.00	143.00	38.14	17.44	101976.75	1823	0	StephenHawking	
6860	3:35:15	1/1/2019 	12909351	140.00	9.00	7.74	17.44	101928.11	49807	0	StephenHawking	
6861	3:35:15	1/1/2019 	12909359	542.00	10.00	13.43	17.44	101928.11	1823	0	StephenHawking	
6862	3:35:16	1/1/2019 	12910216	730.00	20.00	18.08	17.44	101905.80	49808	0	StephenHawking	
6863	3:35:16	1/1/2019 	12910406	79.00	9.00	6.12	17.44	101884.88	2761	0	StephenHawking	
6864	3:35:16	1/1/2019 	12911083	908.00	104.00	30.78	17.44	101865.53	51352	0	StephenHawking	
6865	3:35:16	1/1/2019 	12911093	933.00	131.00	36.01	17.44	101865.53	1825	1	StephenHawking	
6866	3:35:17	1/1/2019 	12911628	153.00	9.00	8.11	17.44	101847.05	49804	0	StephenHawking	
6867	3:35:18	1/1/2019 	12912727	602.00	9.00	14.05	17.44	101814.14	49807	0	StephenHawking	
6868	3:35:18	1/1/2019 	12912886	185.00	9.00	8.95	17.44	101814.14	1823	0	StephenHawking	
6869	3:35:19	1/1/2019 	12913593	854.00	79.00	26.17	17.44	101799.16	49805	0	StephenHawking	
6870	3:35:19	1/1/2019 	12914038	147.00	9.00	7.94	17.44	101784.86	2843	0	StephenHawking	
6871	3:35:19	1/1/2019 	12914112	950.00	145.00	38.48	17.44	101784.86	1821	1	StephenHawking	
6872	3:35:20	1/1/2019 	12914184	960.00	262.00	51.64	17.44	101784.86	1823	1	StephenHawking	
6873	3:35:21	1/1/2019 	12915584	952.00	233.00	48.51	17.44	101759.54	97792	1	StephenHawking	
6874	3:35:21	1/1/2019 	12915641	623.00	8.00	14.06	17.44	101759.54	1825	0	StephenHawking	
6875	3:35:21	1/1/2019 	12915648	130.00	9.00	7.44	17.44	101759.54	2846	0	StephenHawking	
6876	3:35:22	1/1/2019 	12916934	73.00	8.00	6.02	17.43	101726.97	49805	0	StephenHawking	
6877	3:35:22	1/1/2019 	12916946	973.00	425.00	77.87	17.43	101726.97	1822	0	StephenHawking	
6878	3:35:23	1/1/2019 	12917369	781.00	54.00	22.82	17.43	101726.97	1823	1	StephenHawking	
6879	3:35:23	1/1/2019 	12917996	172.00	9.00	8.62	17.43	101717.56	49807	0	StephenHawking	
6880	3:35:24	1/1/2019 	12918403	698.00	15.00	16.59	17.43	101708.59	1822	0	StephenHawking	
6881	3:35:25	1/1/2019 	12919167	223.00	7.00	9.77	17.43	101699.98	52393	0	StephenHawking	
6882	3:35:25	1/1/2019 	12919181	425.00	9.00	12.38	17.43	101699.98	1823	0	StephenHawking	
6883	3:35:25	1/1/2019 	12919418	966.00	360.00	67.68	17.43	101692.31	1822	0	StephenHawking	
6884	3:35:26	1/1/2019 	12920463	888.00	95.00	29.01	17.42	101677.95	49806	0	StephenHawking	
6885	3:35:27	1/1/2019 	12921252	905.00	109.00	31.74	17.42	101671.45	50622	1	StephenHawking	
6886	3:35:27	1/1/2019 	12921701	928.00	126.00	35.08	17.42	101665.36	49808	1	StephenHawking	
6887	3:35:27	1/1/2019 	12921886	91.00	9.00	6.37	17.42	101665.36	3330	0	StephenHawking	
6888	3:35:27	1/1/2019 	12922104	89.00	9.00	6.32	17.42	101665.36	1820	0	StephenHawking	
6889	3:35:28	1/1/2019 	12922169	578.00	9.00	13.74	17.42	101665.36	1821	0	StephenHawking	
6890	3:35:28	1/1/2019 	12922858	965.00	367.00	68.92	17.42	101659.36	49806	1	StephenHawking	
6891	3:35:28	1/1/2019 	12923084	648.00	10.00	14.79	17.42	101653.95	1823	0	StephenHawking	
6892	3:35:29	1/1/2019 	12923382	973.00	799.00	143.05	17.42	101653.95	2773	1	StephenHawking	
6893	3:35:29	1/1/2019 	12923414	200.00	9.00	9.31	17.42	101653.95	1825	0	StephenHawking	
6894	3:35:29	1/1/2019 	12923682	198.00	8.00	9.25	17.42	101649.25	49805	0	StephenHawking	
6895	3:35:29	1/1/2019 	12923809	144.00	9.00	7.85	17.42	101649.25	1821	0	StephenHawking	
6896	3:35:29	1/1/2019 	12923866	218.00	9.00	9.70	17.42	101649.25	1822	0	StephenHawking	
6897	3:35:30	1/1/2019 	12924719	65.00	9.00	5.92	17.42	101639.23	49803	0	StephenHawking	
6898	3:35:30	1/1/2019 	12925041	354.00	9.00	11.75	17.42	101639.23	2776	0	StephenHawking	
6899	3:35:31	1/1/2019 	12925170	731.00	20.00	18.09	17.42	101639.23	1823	0	StephenHawking	
6900	3:35:31	1/1/2019 	12925414	440.00	9.00	12.49	17.42	101635.23	1824	0	StephenHawking	
6901	3:35:32	1/1/2019 	12926631	501.00	9.00	12.93	17.41	101626.89	97788	0	StephenHawking	
6902	3:35:32	1/1/2019 	12926981	971.00	354.00	66.60	17.41	101626.89	1823	1	StephenHawking	
6903	3:35:32	1/1/2019 	12927108	171.00	9.00	8.60	17.41	101622.73	1822	0	StephenHawking	
6904	3:35:33	1/1/2019 	12927649	319.00	9.00	11.34	17.41	101622.73	50763	0	StephenHawking	
6905	3:35:33	1/1/2019 	12927897	751.00	25.00	19.25	17.40	101619.35	1823	0	StephenHawking	
6906	3:35:34	1/1/2019 	12928357	545.00	9.00	13.35	17.40	101615.72	1823	0	StephenHawking	
6907	3:35:34	1/1/2019 	12928866	871.00	87.00	27.53	17.40	101615.72	49807	0	StephenHawking	
6908	3:35:34	1/1/2019 	12929021	692.00	13.00	15.96	17.39	101612.47	1823	0	StephenHawking	
6909	3:35:35	1/1/2019 	12929390	863.00	81.00	26.51	17.39	101612.47	2888	1	StephenHawking	
6910	3:35:37	1/1/2019 	12931380	314.00	9.00	11.28	17.37	101601.92	97791	0	StephenHawking	
6911	3:35:37	1/1/2019 	12931629	611.00	10.00	14.36	17.37	101601.92	50680	0	StephenHawking	
6912	3:35:37	1/1/2019 	12931955	962.00	292.00	55.79	17.37	101600.06	1824	0	StephenHawking	
6913	3:35:38	1/1/2019 	12932141	102.00	9.00	6.65	17.37	101600.06	1823	0	StephenHawking	
6914	3:35:38	1/1/2019 	12932296	808.00	61.00	23.65	17.37	101600.06	1823	0	StephenHawking	
6915	3:35:38	1/1/2019 	12932357	307.00	10.00	11.22	17.37	101600.06	3331	0	StephenHawking	
6916	3:35:38	1/1/2019 	12932394	676.00	11.00	15.26	17.37	101600.06	1823	0	StephenHawking	
6917	3:35:39	1/1/2019 	12933229	445.00	9.00	12.52	17.35	101596.17	49806	0	StephenHawking	
6918	3:35:40	1/1/2019 	12934261	721.00	17.00	17.27	17.34	101593.97	49807	0	StephenHawking	
6919	3:35:40	1/1/2019 	12934410	109.00	9.00	6.84	17.33	101592.73	1824	0	StephenHawking	
6920	3:35:40	1/1/2019 	12934453	103.00	9.00	6.67	17.33	101592.73	1821	0	StephenHawking	
6921	3:35:41	1/1/2019 	12936024	785.00	40.00	21.45	17.31	101589.19	98778	0	StephenHawking	
6922	3:35:42	1/1/2019 	12936170	150.00	9.00	8.02	17.30	101587.81	1823	0	StephenHawking	
6923	3:35:42	1/1/2019 	12936411	976.00	770.00	137.49	17.30	101587.81	1823	0	StephenHawking	
6924	3:35:42	1/1/2019 	12936692	361.00	9.00	11.82	17.29	101586.75	49807	0	StephenHawking	
6925	3:35:42	1/1/2019 	12937080	397.00	9.00	12.16	17.29	101586.75	1823	1	StephenHawking	
6926	3:35:44	1/1/2019 	12938129	862.00	81.00	26.51	17.26	101584.62	50801	0	StephenHawking	
6927	3:35:44	1/1/2019 	12938271	818.00	67.00	24.39	17.26	101584.62	1832	0	StephenHawking	
6928	3:35:44	1/1/2019 	12938667	953.00	217.00	47.01	17.24	101583.55	49811	1	StephenHawking	
6929	3:35:45	1/1/2019 	12939482	920.00	123.00	34.50	17.23	101582.67	1823	1	StephenHawking	
6930	3:35:46	1/1/2019 	12940281	194.00	9.00	9.17	17.22	101581.81	49807	0	StephenHawking	
6931	3:35:46	1/1/2019 	12940425	513.00	9.00	13.03	17.21	101581.13	2741	0	StephenHawking	
6932	3:35:46	1/1/2019 	12940852	233.00	9.00	10.00	17.21	101581.13	51341	0	StephenHawking	
6933	3:35:46	1/1/2019 	12940983	791.00	44.00	21.88	17.19	101579.86	1824	0	StephenHawking	
6934	3:35:47	1/1/2019 	12941249	70.00	9.00	5.98	17.19	101579.86	1822	0	StephenHawking	
6935	3:35:47	1/1/2019 	12941289	706.00	14.00	16.32	17.19	101579.86	1822	0	StephenHawking	
6936	3:35:47	1/1/2019 	12941590	797.00	57.00	23.19	17.18	101579.36	49806	0	StephenHawking	
6937	3:35:47	1/1/2019 	12941703	246.00	9.00	10.24	17.18	101579.36	2937	0	StephenHawking	
6938	3:35:48	1/1/2019 	12942666	115.00	9.00	7.01	17.17	101579.02	49806	0	StephenHawking	
6939	3:35:48	1/1/2019 	12942771	699.00	13.00	15.98	17.15	101578.87	1822	0	StephenHawking	
6940	3:35:48	1/1/2019 	12942896	82.00	9.00	6.18	17.15	101578.87	1823	0	StephenHawking	
6941	3:35:48	1/1/2019 	12943003	180.00	9.00	8.83	17.15	101578.87	1822	0	StephenHawking	
6942	3:35:49	1/1/2019 	12943240	686.00	13.00	15.93	17.15	101578.87	1822	0	StephenHawking	
6943	3:35:49	1/1/2019 	12943301	84.00	9.00	6.22	17.14	101578.12	2842	0	StephenHawking	
6944	3:35:49	1/1/2019 	12943349	642.00	10.00	14.73	17.14	101578.12	1821	0	StephenHawking	
6945	3:35:49	1/1/2019 	12943643	721.00	18.00	17.54	17.14	101578.12	49808	0	StephenHawking	
6946	3:35:49	1/1/2019 	12944021	232.00	9.00	9.98	17.13	101578.31	1822	0	StephenHawking	
6947	3:35:49	1/1/2019 	12944066	104.00	9.00	6.70	17.13	101578.31	1821	0	StephenHawking	
6948	3:35:50	1/1/2019 	12944389	785.00	52.00	22.64	17.13	101578.31	1822	0	StephenHawking	
6949	3:35:51	1/1/2019 	12945598	280.00	9.00	10.80	17.10	101577.15	98816	0	StephenHawking	
6950	3:35:51	1/1/2019 	12946065	797.00	55.00	22.98	17.08	101576.75	1823	0	StephenHawking	
6951	3:35:52	1/1/2019 	12946578	76.00	8.00	6.07	17.07	101576.17	49805	0	StephenHawking	
6952	3:35:52	1/1/2019 	12947096	129.00	9.00	7.41	17.05	101575.84	1822	0	StephenHawking	
6953	3:35:53	1/1/2019 	12947300	620.00	10.00	14.48	17.05	101575.84	1821	0	StephenHawking	
6954	3:35:54	1/1/2019 	12948304	921.00	120.00	33.92	17.03	101575.45	53038	1	StephenHawking	
6955	3:35:54	1/1/2019 	12948488	579.00	9.00	13.75	17.03	101575.45	1824	0	StephenHawking	
6956	3:35:54	1/1/2019 	12948796	515.00	9.00	13.05	17.01	101575.22	49806	0	StephenHawking	
6957	3:35:55	1/1/2019 	12949322	786.00	38.00	21.24	16.99	101574.95	1934	0	StephenHawking	
6958	3:35:57	1/1/2019 	12951658	105.00	9.00	6.73	16.93	101574.75	145776	0	StephenHawking	
6959	3:35:57	1/1/2019 	12951899	766.00	32.00	20.44	16.91	101574.86	2646	0	StephenHawking	
6960	3:35:58	1/1/2019 	12952150	656.00	11.00	15.13	16.91	101574.86	3299	0	StephenHawking	
6961	3:36:00	1/1/2019 	12954906	238.00	9.00	10.10	16.78	101574.05	145776	0	StephenHawking	
6962	3:36:01	1/1/2019 	12955223	99.00	9.00	6.57	16.78	101574.05	1823	0	StephenHawking	
6963	3:36:01	1/1/2019 	12955348	735.00	20.00	18.11	16.75	101574.18	1822	0	StephenHawking	
6964	3:36:01	1/1/2019 	12955462	85.00	9.00	6.24	16.75	101574.18	1823	0	StephenHawking	
6965	3:36:01	1/1/2019 	12955489	117.00	9.00	7.07	16.75	101574.18	1821	0	StephenHawking	
6966	3:36:01	1/1/2019 	12955702	905.00	102.00	30.39	16.75	101574.18	50758	1	StephenHawking	
6967	3:36:01	1/1/2019 	12955936	607.00	9.00	14.11	16.72	101573.92	1824	0	StephenHawking	
6968	3:36:02	1/1/2019 	12957052	181.00	9.00	8.85	16.69	101573.81	49805	0	StephenHawking	
6969	3:36:03	1/1/2019 	12957640	893.00	98.00	29.59	16.66	101574.05	49807	1	StephenHawking	
6970	3:36:03	1/1/2019 	12957972	785.00	47.00	22.15	16.63	101573.78	1824	0	StephenHawking	
6971	3:36:04	1/1/2019 	12958425	757.00	29.00	19.96	16.59	101573.72	2781	0	StephenHawking	
6972	3:36:05	1/1/2019 	12959690	739.00	22.00	18.58	16.52	101573.50	97790	0	StephenHawking	
6973	3:36:06	1/1/2019 	12960572	531.00	9.00	13.20	16.48	101573.47	50674	0	StephenHawking	
6974	3:36:06	1/1/2019 	12960639	946.00	149.00	39.13	16.48	101573.47	1824	1	StephenHawking	
6975	3:36:06	1/1/2019 	12960877	320.00	9.00	11.36	16.44	101573.79	1823	0	StephenHawking	
6976	3:36:07	1/1/2019 	12961712	821.00	69.00	24.66	16.39	101573.66	49806	0	StephenHawking	
6977	3:36:08	1/1/2019 	12962190	255.00	9.00	10.40	16.35	101573.72	3325	0	StephenHawking	
6978	3:36:09	1/1/2019 	12963160	155.00	9.00	8.16	16.27	101573.69	49807	0	StephenHawking	
6979	3:36:09	1/1/2019 	12963393	325.00	9.00	11.42	16.27	101573.69	1823	0	StephenHawking	
6980	3:36:09	1/1/2019 	12963872	549.00	9.00	13.39	16.22	101574.27	49806	1	StephenHawking	
6981	3:36:10	1/1/2019 	12964775	611.00	10.00	14.36	16.18	101574.72	49808	0	StephenHawking	
6982	3:36:11	1/1/2019 	12965130	233.00	9.00	10.00	16.14	101575.05	1823	0	StephenHawking	
6983	3:36:11	1/1/2019 	12965185	707.00	14.00	16.33	16.14	101575.05	2803	0	StephenHawking	
6984	3:36:11	1/1/2019 	12966050	373.00	9.00	11.94	16.09	101575.22	49807	0	StephenHawking	
6985	3:36:12	1/1/2019 	12966793	528.00	9.00	13.17	16.00	101575.97	49807	0	StephenHawking	
6986	3:36:12	1/1/2019 	12966839	771.00	32.00	20.45	16.00	101575.97	1824	0	StephenHawking	
6987	3:36:12	1/1/2019 	12966924	73.00	9.00	6.02	16.00	101575.97	1821	0	StephenHawking	
6988	3:36:13	1/1/2019 	12967159	84.00	9.00	6.22	16.00	101575.97	2807	0	StephenHawking	
6989	3:36:13	1/1/2019 	12967255	671.00	11.00	15.24	16.00	101575.97	1823	0	StephenHawking	
6990	3:36:13	1/1/2019 	12967407	633.00	10.00	14.64	15.96	101576.58	1823	0	StephenHawking	
6991	3:36:13	1/1/2019 	12968071	965.00	300.00	57.06	15.92	101576.39	49805	0	StephenHawking	
6992	3:36:14	1/1/2019 	12968587	766.00	31.00	20.30	15.87	101576.20	49807	0	StephenHawking	
6993	3:36:14	1/1/2019 	12969061	764.00	27.00	19.66	15.87	101576.20	1824	0	StephenHawking	
6994	3:36:15	1/1/2019 	12970073	149.00	9.00	7.99	15.78	101576.08	50796	0	StephenHawking	
6995	3:36:15	1/1/2019 	12970090	889.00	88.00	27.76	15.78	101576.08	2743	1	StephenHawking	
6996	3:36:16	1/1/2019 	12970431	855.00	79.00	26.17	15.74	101576.34	1824	0	StephenHawking	
6997	3:36:16	1/1/2019 	12970878	912.00	104.00	30.79	15.74	101576.34	49807	0	StephenHawking	
6998	3:36:16	1/1/2019 	12971068	688.00	12.00	15.63	15.70	101575.88	1825	0	StephenHawking	
6999	3:36:17	1/1/2019 	12971153	124.00	9.00	7.27	15.70	101575.88	1830	0	StephenHawking	
7000	3:36:17	1/1/2019 	12971566	918.00	115.00	32.94	15.70	101575.88	51348	1	StephenHawking	
7001	3:36:17	1/1/2019 	12971645	760.00	28.00	19.81	15.66	101575.66	1828	0	StephenHawking	
7002	3:36:17	1/1/2019 	12971803	621.00	9.00	14.28	15.66	101575.66	1823	0	StephenHawking	
7003	3:36:18	1/1/2019 	12972268	781.00	41.00	21.54	15.62	101575.48	1822	0	StephenHawking	
7004	3:36:19	1/1/2019 	12973315	953.00	256.00	50.93	15.59	101575.58	49809	1	StephenHawking	
7005	3:36:19	1/1/2019 	12973606	758.00	26.00	19.46	15.55	101575.48	50922	1	StephenHawking	
7006	3:36:19	1/1/2019 	12973827	686.00	12.00	15.62	15.55	101575.48	1824	0	StephenHawking	
7007	3:36:19	1/1/2019 	12974105	876.00	85.00	27.21	15.52	101575.31	1822	1	StephenHawking	
7008	3:36:20	1/1/2019 	12974280	177.00	13.00	8.78	15.52	101575.31	1822	0	StephenHawking	
7009	3:36:20	1/1/2019 	12974453	451.00	9.00	12.57	15.52	101575.31	1824	0	StephenHawking	
7010	3:36:20	1/1/2019 	12974937	221.00	9.00	9.76	15.49	101575.10	49806	0	StephenHawking	
7011	3:36:20	1/1/2019 	12974945	950.00	185.00	43.90	15.49	101575.10	2840	1	StephenHawking	
7012	3:36:21	1/1/2019 	12975262	120.00	9.00	7.15	15.45	101574.72	1823	1	StephenHawking	
7013	3:36:21	1/1/2019 	12975331	325.00	9.00	11.42	15.45	101574.72	1823	0	StephenHawking	
7014	3:36:21	1/1/2019 	12975647	287.00	9.00	10.91	15.45	101574.72	49806	1	StephenHawking	
7015	3:36:21	1/1/2019 	12976112	300.00	9.00	11.09	15.43	101575.02	1823	0	StephenHawking	
7016	3:36:22	1/1/2019 	12976324	290.00	9.00	10.95	15.43	101575.02	1822	0	StephenHawking	
7017	3:36:22	1/1/2019 	12977119	203.00	9.00	9.38	15.37	101575.08	50828	0	StephenHawking	
7018	3:36:23	1/1/2019 	12977388	605.00	12.00	14.62	15.37	101575.08	1823	0	StephenHawking	
7019	3:36:24	1/1/2019 	12978461	86.00	9.00	6.26	15.32	101574.73	49806	0	StephenHawking	
7020	3:36:24	1/1/2019 	12978669	114.00	9.00	6.98	15.32	101574.73	49804	0	StephenHawking	
7021	3:36:26	1/1/2019 	12981118	640.00	10.00	14.71	15.25	101574.40	97788	0	StephenHawking	
7022	3:36:27	1/1/2019 	12981689	101.00	9.00	6.62	15.23	101574.19	54421	0	StephenHawking	
7023	3:36:27	1/1/2019 	12982004	982.00	916.00	185.82	15.22	101573.78	1824	1	StephenHawking	
7024	3:36:28	1/1/2019 	12982625	106.00	9.00	6.76	15.20	101573.78	49807	0	StephenHawking	
7025	3:36:28	1/1/2019 	12983006	171.00	9.00	8.60	15.20	101573.78	1823	0	StephenHawking	
7026	3:36:29	1/1/2019 	12983307	962.00	345.00	64.97	15.19	101573.41	1821	1	StephenHawking	
7027	3:36:29	1/1/2019 	12983587	428.00	9.00	12.40	15.19	101573.41	49808	0	StephenHawking	
7028	3:36:30	1/1/2019 	12984804	98.00	9.00	6.54	15.17	101572.98	50743	1	StephenHawking	
7029	3:36:31	1/1/2019 	12985315	67.00	9.00	5.94	15.16	101573.06	1822	0	StephenHawking	
7030	3:36:31	1/1/2019 	12985492	781.00	35.00	20.87	15.15	101573.14	1822	0	StephenHawking	
7031	3:36:32	1/1/2019 	12987103	168.00	9.00	8.52	15.13	101572.68	97791	0	StephenHawking	
7032	3:36:33	1/1/2019 	12987425	424.00	9.00	12.37	15.12	101573.19	1822	0	StephenHawking	
7033	3:36:33	1/1/2019 	12987793	586.00	10.00	14.00	15.12	101573.19	49807	0	StephenHawking	
7034	3:36:33	1/1/2019 	12987861	582.00	10.00	13.95	15.11	101572.71	2766	0	StephenHawking	
7035	3:36:34	1/1/2019 	12988178	238.00	9.00	10.10	15.11	101572.71	1823	0	StephenHawking	
7036	3:36:34	1/1/2019 	12988565	789.00	41.00	21.57	15.10	101573.21	49807	1	StephenHawking	
7037	3:36:34	1/1/2019 	12988691	755.00	25.00	19.26	15.10	101573.21	1823	0	StephenHawking	
7038	3:36:35	1/1/2019 	12989222	576.00	9.00	13.72	15.09	101573.02	1822	0	StephenHawking	
7039	3:36:35	1/1/2019 	12989780	782.00	43.00	21.75	15.09	101573.15	50756	1	StephenHawking	
7040	3:36:35	1/1/2019 	12989787	310.00	9.00	11.23	15.09	101573.15	2674	0	StephenHawking	
7041	3:36:36	1/1/2019 	12990161	444.00	9.00	12.52	15.09	101573.15	1822	0	StephenHawking	
7042	3:36:36	1/1/2019 	12990446	677.00	11.00	15.26	15.08	101572.95	1824	0	StephenHawking	
7043	3:36:36	1/1/2019 	12990567	350.00	9.00	11.71	15.08	101572.95	49807	0	StephenHawking	
7044	3:36:37	1/1/2019 	12991263	130.00	9.00	7.44	15.07	101572.91	1822	0	StephenHawking	
7045	3:36:38	1/1/2019 	12992147	888.00	89.00	27.93	15.06	101573.27	51298	0	StephenHawking	
7046	3:36:38	1/1/2019 	12992299	120.00	9.00	7.15	15.06	101573.27	1823	0	StephenHawking	
7047	3:36:38	1/1/2019 	12992580	951.00	175.00	42.76	15.06	101573.27	49804	0	StephenHawking	
7048	3:36:38	1/1/2019 	12992583	968.00	396.00	73.72	15.06	101573.27	1824	0	StephenHawking	
7049	3:36:38	1/1/2019 	12992768	663.00	11.00	15.19	15.05	101572.72	1823	0	StephenHawking	
7050	3:36:40	1/1/2019 	12994132	728.00	19.00	17.83	15.04	101572.59	50775	0	StephenHawking	
7051	3:36:40	1/1/2019 	12994939	964.00	317.00	59.93	15.03	101572.06	49807	1	StephenHawking	
7052	3:36:41	1/1/2019 	12995134	307.00	9.00	11.19	15.03	101572.43	1823	0	StephenHawking	
7053	3:36:41	1/1/2019 	12995655	632.00	10.00	14.63	15.03	101572.43	49805	0	StephenHawking	
7054	3:36:41	1/1/2019 	12995780	879.00	86.00	27.39	15.02	101572.34	1823	1	StephenHawking	
7055	3:36:41	1/1/2019 	12995825	628.00	10.00	14.58	15.02	101572.34	1823	0	StephenHawking	
7056	3:36:42	1/1/2019 	12996282	652.00	10.00	14.82	15.02	101572.34	2798	0	StephenHawking	
7057	3:36:43	1/1/2019 	12997302	972.00	661.00	118.77	15.00	101572.81	49806	1	StephenHawking	
7058	3:36:44	1/1/2019 	12998213	103.00	9.00	6.67	14.98	101573.08	49806	0	StephenHawking	
7059	3:36:44	1/1/2019 	12998263	641.00	10.00	14.72	14.98	101573.08	1822	0	StephenHawking	
7060	3:36:44	1/1/2019 	12998366	580.00	9.00	13.77	14.98	101573.08	1823	0	StephenHawking	
7061	3:36:44	1/1/2019 	12998485	283.00	9.00	10.85	14.98	101573.08	1822	0	StephenHawking	
7062	3:36:46	1/1/2019 	13000644	146.00	9.00	7.91	14.92	101572.88	146717	0	StephenHawking	
7063	3:36:46	1/1/2019 	13000800	77.00	9.00	6.08	14.92	101572.88	2727	0	StephenHawking	
7064	3:36:46	1/1/2019 	13001037	952.00	215.00	46.82	14.92	101572.88	1829	1	StephenHawking	
7065	3:36:47	1/1/2019 	13001314	774.00	54.00	22.78	14.90	101572.98	1828	0	StephenHawking	
7066	3:36:47	1/1/2019 	13001370	922.00	117.00	33.34	14.90	101572.98	1824	0	StephenHawking	
7067	3:36:48	1/1/2019 	13002302	937.00	137.00	37.10	14.89	101573.27	51370	0	StephenHawking	
7068	3:36:48	1/1/2019 	13002323	126.00	9.00	7.33	14.89	101573.27	1825	0	StephenHawking	
7069	3:36:48	1/1/2019 	13002327	100.00	9.00	6.60	14.87	101573.15	1822	0	StephenHawking	
7070	3:36:48	1/1/2019 	13002396	102.00	9.00	6.65	14.87	101573.15	1821	0	StephenHawking	
7071	3:36:49	1/1/2019 	13003149	875.00	87.00	27.54	14.85	101573.53	49806	0	StephenHawking	
7072	3:36:49	1/1/2019 	13003289	732.00	19.00	17.84	14.85	101573.53	1823	0	StephenHawking	
7073	3:36:49	1/1/2019 	13003319	117.00	9.00	7.07	14.85	101573.53	2926	0	StephenHawking	
7074	3:36:49	1/1/2019 	13003488	970.00	401.00	74.48	14.85	101573.53	1821	0	StephenHawking	
7075	3:36:49	1/1/2019 	13003629	966.00	391.00	72.94	14.83	101573.48	49808	0	StephenHawking	
7076	3:36:50	1/1/2019 	13005009	323.00	9.00	11.39	14.79	101574.02	49806	0	StephenHawking	
7077	3:36:51	1/1/2019 	13005815	731.00	20.00	18.09	14.77	101574.18	49808	0	StephenHawking	
7078	3:36:51	1/1/2019 	13005887	969.00	579.00	100.18	14.77	101574.18	1825	1	StephenHawking	
7079	3:36:52	1/1/2019 	13006293	426.00	9.00	12.39	14.75	101573.89	2830	0	StephenHawking	
7080	3:36:52	1/1/2019 	13006704	131.00	9.00	7.47	14.73	101574.22	49806	0	StephenHawking	
7081	3:36:53	1/1/2019 	13007272	361.00	9.00	11.82	14.71	101574.27	1822	0	StephenHawking	
7082	3:36:53	1/1/2019 	13007482	88.00	9.00	6.30	14.71	101574.27	1823	0	StephenHawking	
7083	3:36:53	1/1/2019 	13008068	936.00	127.00	35.27	14.69	101574.53	49804	1	StephenHawking	
7084	3:36:53	1/1/2019 	13008113	643.00	10.00	14.74	14.69	101574.53	2835	0	StephenHawking	
7085	3:36:54	1/1/2019 	13008634	160.00	9.00	8.30	14.66	101574.54	49805	0	StephenHawking	
7086	3:36:54	1/1/2019 	13008909	119.00	9.00	7.12	14.66	101574.54	1823	0	StephenHawking	
7087	3:36:54	1/1/2019 	13008978	402.00	9.00	12.20	14.64	101574.38	1824	0	StephenHawking	
7088	3:36:54	1/1/2019 	13008997	139.00	9.00	7.71	14.64	101574.38	1829	0	StephenHawking	
7089	3:36:54	1/1/2019 	13009094	728.00	18.00	17.57	14.64	101574.38	1829	0	StephenHawking	
7090	3:36:55	1/1/2019 	13009385	681.00	12.00	15.60	14.64	101574.38	2848	1	StephenHawking	
7091	3:36:56	1/1/2019 	13010900	136.00	9.00	7.62	14.57	101575.05	97794	0	StephenHawking	
7092	3:36:57	1/1/2019 	13011842	580.00	9.00	13.77	14.54	101575.09	50764	0	StephenHawking	
7093	3:36:57	1/1/2019 	13011970	335.00	9.00	11.54	14.54	101575.09	1823	0	StephenHawking	
7094	3:36:57	1/1/2019 	13012025	507.00	9.00	12.98	14.52	101574.83	1822	0	StephenHawking	
7095	3:36:57	1/1/2019 	13012061	849.00	74.00	25.41	14.52	101574.83	1822	0	StephenHawking	
7096	3:36:57	1/1/2019 	13012109	64.00	9.00	5.92	14.52	101574.83	3386	0	StephenHawking	
7097	3:36:58	1/1/2019 	13012168	143.00	9.00	7.82	14.52	101574.83	1821	0	StephenHawking	
7098	3:36:58	1/1/2019 	13012437	157.00	9.00	8.22	14.52	101574.83	1822	0	StephenHawking	
7099	3:36:58	1/1/2019 	13012621	948.00	162.00	41.08	14.50	101574.95	49806	1	StephenHawking	
7100	3:36:58	1/1/2019 	13012985	264.00	10.00	10.57	14.50	101574.95	1825	0	StephenHawking	
7101	3:36:59	1/1/2019 	13013918	852.00	78.00	26.01	14.46	101574.72	53046	1	StephenHawking	
7102	3:36:59	1/1/2019 	13013984	758.00	26.00	19.46	14.46	101574.72	1824	1	StephenHawking	
7103	3:37:01	1/1/2019 	13015833	814.00	66.00	24.26	14.41	101574.73	97791	0	StephenHawking	
7104	3:37:02	1/1/2019 	13016192	537.00	9.00	13.26	14.41	101574.73	1823	0	StephenHawking	
7105	3:37:02	1/1/2019 	13016669	963.00	290.00	55.49	14.40	101575.25	49807	1	StephenHawking	
7106	3:37:02	1/1/2019 	13016787	173.00	9.00	8.65	14.40	101575.25	1823	0	StephenHawking	
7107	3:37:04	1/1/2019 	13018220	789.00	46.00	22.07	14.35	101575.31	50743	0	StephenHawking	
7108	3:37:04	1/1/2019 	13018579	174.00	9.00	8.68	14.35	101575.31	49807	0	StephenHawking	
7109	3:37:04	1/1/2019 	13018992	920.00	118.00	33.53	14.33	101575.02	1822	0	StephenHawking	
7110	3:37:04	1/1/2019 	13019081	965.00	378.00	70.81	14.33	101575.02	1823	1	StephenHawking	
7111	3:37:06	1/1/2019 	13020842	245.00	9.00	10.22	14.28	101575.17	97791	0	StephenHawking	
7112	3:37:06	1/1/2019 	13021051	227.00	9.00	9.88	14.27	101575.06	4011	0	StephenHawking	
7113	3:37:08	1/1/2019 	13022256	121.00	9.00	7.18	14.23	101575.28	49804	0	StephenHawking	
7114	3:37:09	1/1/2019 	13024075	717.00	16.00	16.97	14.17	101575.38	97792	0	StephenHawking	
7115	3:37:10	1/1/2019 	13024208	968.00	653.00	117.06	14.17	101575.38	1832	1	StephenHawking	
7116	3:37:10	1/1/2019 	13024271	942.00	143.00	38.14	14.17	101575.38	1832	0	StephenHawking	
7117	3:37:10	1/1/2019 	13024631	906.00	99.00	29.82	14.17	101575.38	49814	0	StephenHawking	
7118	3:37:10	1/1/2019 	13025037	909.00	105.00	30.97	14.16	101575.79	2788	0	StephenHawking	
7119	3:37:12	1/1/2019 	13026698	333.00	9.00	11.51	14.10	101576.53	97789	0	StephenHawking	
7120	3:37:12	1/1/2019 	13026862	283.00	9.00	10.85	14.10	101576.53	1824	0	StephenHawking	
7121	3:37:13	1/1/2019 	13027742	894.00	97.00	29.41	14.06	101576.46	49805	0	StephenHawking	
7122	3:37:14	1/1/2019 	13028396	203.00	9.00	9.38	14.04	101576.23	1824	0	StephenHawking	
7123	3:37:14	1/1/2019 	13028874	945.00	163.00	41.22	14.04	101576.23	49807	0	StephenHawking	
7124	3:37:15	1/1/2019 	13029586	590.00	10.00	14.06	14.00	101576.91	50771	0	StephenHawking	
7125	3:37:16	1/1/2019 	13030359	649.00	10.00	14.80	13.99	101576.94	2700	0	StephenHawking	
7126	3:37:16	1/1/2019 	13031090	654.00	10.00	14.83	13.97	101577.20	49808	0	StephenHawking	
7127	3:37:17	1/1/2019 	13031364	958.00	388.00	72.47	13.95	101577.23	1824	0	StephenHawking	
7128	3:37:17	1/1/2019 	13031582	445.00	9.00	12.52	13.95	101577.23	49807	0	StephenHawking	
7129	3:37:17	1/1/2019 	13031794	783.00	38.00	21.23	13.95	101577.23	3332	0	StephenHawking	
7130	3:37:17	1/1/2019 	13031829	875.00	82.00	26.71	13.95	101577.23	1823	0	StephenHawking	
7131	3:37:17	1/1/2019 	13032011	250.00	9.00	10.31	13.94	101577.60	1824	0	StephenHawking	
7132	3:37:17	1/1/2019 	13032116	317.00	9.00	11.32	13.94	101577.60	1823	0	StephenHawking	
7133	3:37:18	1/1/2019 	13033032	640.00	11.00	14.96	13.92	101577.58	49805	0	StephenHawking	
7134	3:37:19	1/1/2019 	13033719	72.00	9.00	6.01	13.90	101577.94	49806	0	StephenHawking	
7135	3:37:20	1/1/2019 	13034147	769.00	32.00	20.45	13.88	101577.94	2809	0	StephenHawking	
7136	3:37:20	1/1/2019 	13034705	425.00	9.00	12.38	13.86	101577.88	49808	0	StephenHawking	
7137	3:37:20	1/1/2019 	13034951	764.00	27.00	19.66	13.84	101578.42	1827	0	StephenHawking	
7138	3:37:21	1/1/2019 	13035419	657.00	11.00	15.14	13.84	101578.42	1823	0	StephenHawking	
7139	3:37:21	1/1/2019 	13035574	83.00	9.00	6.20	13.82	101578.23	49807	0	StephenHawking	
7140	3:37:21	1/1/2019 	13035678	138.00	9.00	7.68	13.82	101578.23	1821	0	StephenHawking	
7141	3:37:21	1/1/2019 	13036087	278.00	9.00	10.77	13.82	101578.23	2913	0	StephenHawking	
7142	3:37:22	1/1/2019 	13036142	706.00	15.00	16.63	13.80	101578.00	1822	0	StephenHawking	
7143	3:37:22	1/1/2019 	13036161	74.00	9.00	6.03	13.80	101578.00	1823	0	StephenHawking	
7144	3:37:22	1/1/2019 	13036583	293.00	9.00	10.99	13.80	101578.00	49804	0	StephenHawking	
7145	3:37:24	1/1/2019 	13038434	657.00	11.00	15.14	13.74	101578.29	49804	0	StephenHawking	
7146	3:37:24	1/1/2019 	13039118	90.00	9.00	6.35	13.72	101578.45	50804	0	StephenHawking	
7147	3:37:25	1/1/2019 	13039139	770.00	34.00	20.71	13.72	101578.45	1822	0	StephenHawking	
7148	3:37:25	1/1/2019 	13039220	858.00	79.00	26.18	13.70	101578.56	1824	0	StephenHawking	
7149	3:37:25	1/1/2019 	13039282	152.00	9.00	8.08	13.70	101578.56	1823	0	StephenHawking	
